version 1
nodes
0 "ValveBiped.Bip01_Spine4" -1
1 "ValveBiped.Bip01_L_Clavicle" 0
2 "ValveBiped.Bip01_L_UpperArm" 1
3 "ValveBiped.Bip01_L_Forearm" 2
4 "ValveBiped.Bip01_L_Hand" 3
5 "ValveBiped.Bip01_L_Finger4" 4
6 "ValveBiped.Bip01_L_Finger41" 5
7 "ValveBiped.Bip01_L_Finger42" 6
8 "ValveBiped.Bip01_L_Finger3" 4
9 "ValveBiped.Bip01_L_Finger31" 8
10 "ValveBiped.Bip01_L_Finger32" 9
11 "ValveBiped.Bip01_L_Finger2" 4
12 "ValveBiped.Bip01_L_Finger21" 11
13 "ValveBiped.Bip01_L_Finger22" 12
14 "ValveBiped.Bip01_L_Finger1" 4
15 "ValveBiped.Bip01_L_Finger11" 14
16 "ValveBiped.Bip01_L_Finger12" 15
17 "ValveBiped.Bip01_L_Finger0" 4
18 "ValveBiped.Bip01_L_Finger01" 17
19 "ValveBiped.Bip01_L_Finger02" 18
20 "ValveBiped.Bip01_L_Ulna" 3
21 "ValveBiped.Bip01_L_Wrist" 3
22 "rig_l_upperarm" 1
23 "rig_l_forearm" 22
24 "rig_d_l_forearm" 23
25 "rig_d_l_upperarm" 22
26 "ValveBiped.Bip01_R_Clavicle" 0
27 "ValveBiped.Bip01_R_UpperArm" 26
28 "ValveBiped.Bip01_R_Forearm" 27
29 "ValveBiped.Bip01_R_Hand" 28
30 "ValveBiped.Bip01_R_Finger4" 29
31 "ValveBiped.Bip01_R_Finger41" 30
32 "ValveBiped.Bip01_R_Finger42" 31
33 "ValveBiped.Bip01_R_Finger3" 29
34 "ValveBiped.Bip01_R_Finger31" 33
35 "ValveBiped.Bip01_R_Finger32" 34
36 "ValveBiped.Bip01_R_Finger2" 29
37 "ValveBiped.Bip01_R_Finger21" 36
38 "ValveBiped.Bip01_R_Finger22" 37
39 "ValveBiped.Bip01_R_Finger1" 29
40 "ValveBiped.Bip01_R_Finger11" 39
41 "ValveBiped.Bip01_R_Finger12" 40
42 "ValveBiped.Bip01_R_Finger0" 29
43 "ValveBiped.Bip01_R_Finger01" 42
44 "ValveBiped.Bip01_R_Finger02" 43
45 "ValveBiped.Bip01_R_Ulna" 28
46 "ValveBiped.Bip01_R_Wrist" 28
47 "rig_r_upperarm" 26
48 "rig_r_forearm" 47
49 "rig_d_r_forearm" 48
50 "rig_d_r_upperarm" 47
51 "rig_r_hand" -1
52 "rig_d_r_hand" 51
53 "rig_d_r_wrist" 52
54 "rig_l_hand" -1
55 "rig_d_l_hand" 54
56 "rig_d_l_wrist" 54
57 "rig_l_pole" -1
58 "rig_r_pole" -1
59 "rig_l_clavicle" -1
60 "rig_d_l_clavicle" 59
61 "rig_r_clavicle" -1
62 "rig_d_r_clavicle" 61
63 "Camera" -1
64 "body" -1
65 "trigger" 64
66 "barrel" 64
67 "bulletdoor" 64
68 "pump" 64
69 "bolt" 68
70 "bullet2" 64
71 "bullet1" -1
end
skeleton
time 0
0  0.000006 0.000000 0.000000  -1.570800 -1.391899 -1.570792
1  -4.849906 3.337897 2.232070  -1.544956 -1.855077 -0.198630
2  6.027515 -0.000322 0.000204  -1.250053 0.141358 -0.648117
3  11.692105 0.000645 -0.000740  -1.384602 -0.000057 -2.012891
4  11.480577 0.000683 -0.000335  1.269776 -0.891700 -1.153101
5  3.859508 -0.142879 -1.192049  -0.550886 -0.255832 -1.866282
6  1.312588 0.000013 0.000008  -0.134281 -0.007565 -0.192402
7  0.729354 0.000053 0.000050  -0.007819 -0.009377 -0.049784
8  3.942142 0.046273 -0.431512  -0.484645 0.035664 -1.413041
9  1.539109 0.000082 0.000006  -0.033414 -0.056767 -0.605686
10  1.196333 0.000144 0.000027  0.006943 0.002367 -0.289526
11  3.883504 -0.047267 0.431383  -0.270346 0.409995 -0.746893
12  1.719571 -0.000025 0.000015  0.028923 -0.121328 -1.267494
13  1.209180 0.000093 0.000013  -0.006830 -0.001496 -0.302684
14  4.085222 -0.082715 1.151040  0.033977 0.537783 -0.030448
15  1.719448 -0.000012 0.000022  0.011888 -0.076325 -0.864457
16  1.099674 0.000046 0.000005  -0.070447 0.038185 -1.423970
17  0.971586 -1.283500 0.847609  -0.978328 -0.625347 -0.310208
18  1.789820 -0.000005 -0.000016  0.000998 -0.014468 0.721478
19  1.207015 -0.000012 -0.000043  0.001593 -0.000026 -0.111145
20  5.740637 0.000411 -0.000703  -0.163042 0.000003 0.000070
21  11.481123 0.000349 -0.000724  -0.118854 -0.127086 -0.248817
22  6.027524 -0.000329 0.000203  -2.874903 -1.006438 0.695778
23  0.000002 11.692100 -0.000009  -1.333108 -0.780998 -0.964147
24  0.000004 0.000009 -0.000002  -0.515490 -0.000031 1.570739
25  0.000000 -0.000011 -0.000001  0.868957 0.000002 1.570712
26  -6.617934 -9.178503 0.826812  1.473120 1.855075 -0.198639
27  6.027512 -0.000261 -0.000226  1.107122 1.171039 -0.764159
28  11.691991 0.000244 0.000856  0.141426 0.000018 -1.038302
29  11.480360 -0.000138 0.000851  -1.654436 -0.649244 0.235560
30  3.859435 -0.132788 1.193062  0.466149 -0.051826 -1.783918
31  1.312558 0.000026 -0.000000  -0.013965 -0.041044 -0.156447
32  0.729346 0.000065 -0.000027  -0.128320 -0.117290 -0.954857
33  3.942045 0.050109 0.430997  0.211501 -0.107596 -1.469120
34  1.539096 0.000010 -0.000000  0.040712 -0.054386 -1.030469
35  1.196300 0.000075 -0.000005  -0.249391 -0.043040 -0.795120
36  3.883411 -0.050501 -0.431087  0.186407 -0.271796 -1.212184
37  1.719564 -0.000078 -0.000003  0.020974 -0.107650 -1.483528
38  1.209197 0.000035 0.000010  -0.324719 0.069674 -0.493483
39  3.806436 -0.112147 -1.295329  -0.028805 0.243340 -0.117787
40  1.719412 -0.000098 -0.000034  0.356276 -0.218063 -1.380320
41  1.099673 0.000026 0.000006  0.059920 -0.008679 -0.824866
42  0.805978 -0.359854 -1.318338  0.991670 0.166767 -0.799535
43  1.789778 -0.000008 -0.000043  0.000057 -0.002451 0.133097
44  1.206995 -0.000006 0.000005  0.000372 -0.000070 1.058781
45  5.740572 0.000055 0.000723  -0.007654 -0.000014 0.000021
46  11.481017 0.000008 0.000920  0.001298 -0.152318 0.030055
47  6.027514 -0.000273 -0.000238  -1.405756 -0.365837 -1.200040
48  -0.000002 11.691973 -0.000006  -0.745340 0.245200 0.610606
49  0.000004 -0.000001 -0.000001  2.413975 -0.000041 1.570856
50  -0.000007 -0.000017 0.000005  2.272644 -0.000030 1.570865
51  0.071941 -9.143335 -9.066610  2.375136 0.410388 -0.573594
52  -0.000000 0.000000 -0.000001  0.008153 -0.000259 0.000009
53  -0.000000 -0.000000 0.000000  1.565115 0.043565 -0.106862
54  10.153676 -11.221105 -15.555727  -1.655808 0.166318 -0.703809
55  0.000000 0.000001 0.000000  0.000000 -0.000000 -0.000002
56  0.000030 0.000030 0.000001  -1.571901 -0.044449 -0.106509
57  15.415813 -12.846511 -24.329403  1.570796 -0.000000 0.000000
58  -16.922342 4.543208 -16.901630  1.570796 -0.000000 0.000000
59  2.236387 -2.421983 -5.367696  1.570796 -0.000000 0.000000
60  -0.004311 0.001230 -0.000371  0.006898 -0.005534 -0.284229
61  0.826810 10.209643 -4.879054  1.570796 -0.000000 0.000000
62  0.000000 0.000000 0.000000  -0.078727 -3.136056 0.284226
63  0.000000 0.000000 0.000000  1.570796 -0.000000 0.000000
64  6.300438 -9.141844 -9.689764  2.120021 0.552157 1.436257
65  -0.219073 -1.337187 -0.135916  0.000000 0.000000 0.000000
66  -0.219077 0.187971 19.478251  0.000000 0.000000 0.000000
67  -0.245097 -1.134825 1.111317  0.000000 0.000000 0.000000
68  -0.104048 -4.495924 7.879277  0.000000 0.000000 0.000000
69  -0.195264 4.332631 -6.347186  0.000000 0.000000 0.000000
70  -0.212395 -1.160697 7.360728  0.000000 0.000000 0.000000
71  9.659052 -11.678184 -12.640989  2.120021 0.552157 1.436257
time 1
0  0.000006 0.000000 0.000000  -1.570800 -1.391899 -1.570792
1  -4.848067 3.323163 2.221832  -1.544956 -1.855077 -0.198630
2  6.027514 -0.000324 0.000204  -1.255501 0.116752 -0.659790
3  11.692105 0.000647 -0.000742  -1.384521 -0.000057 -2.007865
4  11.480585 0.000683 -0.000330  1.284981 -0.896190 -1.134537
5  3.859509 -0.142881 -1.192050  -0.550885 -0.255832 -1.866282
6  1.312590 0.000013 0.000008  -0.134281 -0.007565 -0.192402
7  0.729355 0.000053 0.000050  -0.007819 -0.009377 -0.049784
8  3.942143 0.046271 -0.431512  -0.484645 0.035664 -1.413041
9  1.539110 0.000085 0.000005  -0.033414 -0.056767 -0.605686
10  1.196332 0.000147 0.000027  0.006942 0.002367 -0.289526
11  3.883504 -0.047270 0.431380  -0.270346 0.409995 -0.746893
12  1.719572 -0.000025 0.000016  0.028923 -0.121328 -1.267494
13  1.209179 0.000092 0.000011  -0.006830 -0.001496 -0.302684
14  4.085222 -0.082716 1.151039  0.033977 0.537783 -0.030448
15  1.719448 -0.000013 0.000023  0.011888 -0.076325 -0.864457
16  1.099678 0.000051 0.000007  -0.070447 0.038185 -1.423970
17  0.971588 -1.283501 0.847609  -0.978328 -0.625347 -0.310208
18  1.789818 -0.000002 -0.000016  0.000998 -0.014468 0.721478
19  1.207016 -0.000011 -0.000043  0.001593 -0.000026 -0.111145
20  5.740636 0.000410 -0.000704  -0.164415 0.000003 0.000071
21  11.481125 0.000348 -0.000726  -0.115380 -0.129806 -0.244037
22  6.027524 -0.000330 0.000203  -2.921995 -1.006199 0.724595
23  0.000001 11.692101 -0.000007  -1.330029 -0.777846 -0.963066
24  0.000003 0.000009 0.000001  -0.515409 -0.000031 1.570739
25  0.000000 -0.000010 -0.000000  0.868957 0.000002 1.570712
26  -6.612123 -9.180617 0.831204  1.473120 1.855075 -0.198639
27  6.027512 -0.000261 -0.000227  1.131766 1.170002 -0.744088
28  11.691992 0.000245 0.000856  0.142214 0.000017 -1.041896
29  11.480347 -0.000147 0.000853  -1.648210 -0.644425 0.251000
30  3.859437 -0.132789 1.193062  0.465863 -0.051753 -1.783792
31  1.312558 0.000024 -0.000001  -0.013951 -0.041013 -0.159183
32  0.729346 0.000067 -0.000027  -0.128596 -0.116733 -0.954493
33  3.942047 0.050107 0.430997  0.212060 -0.107565 -1.469433
34  1.539096 0.000009 0.000000  0.040527 -0.054281 -1.030827
35  1.196300 0.000074 -0.000004  -0.248501 -0.042986 -0.795835
36  3.883412 -0.050503 -0.431087  0.186821 -0.271649 -1.212812
37  1.719563 -0.000078 -0.000003  0.020758 -0.107165 -1.483439
38  1.209198 0.000036 0.000012  -0.323631 0.069262 -0.494415
39  3.806438 -0.112150 -1.295329  -0.028805 0.243340 -0.117787
40  1.719412 -0.000100 -0.000034  0.356276 -0.218063 -1.380320
41  1.099674 0.000025 0.000007  0.059920 -0.008679 -0.824866
42  0.806275 -0.359703 -1.317659  0.991347 0.166986 -0.799330
43  1.789780 -0.000008 -0.000042  0.000165 -0.002294 0.132586
44  1.206996 -0.000007 0.000006  0.000391 -0.000606 1.059918
45  5.740572 0.000055 0.000723  -0.005472 -0.000014 0.000021
46  11.481013 0.000006 0.000920  0.003323 -0.151242 0.033257
47  6.027514 -0.000273 -0.000240  -1.396016 -0.362603 -1.206135
48  -0.000001 11.691975 -0.000006  -0.747658 0.246776 0.612361
49  0.000004 -0.000001 -0.000001  2.414762 -0.000041 1.570856
50  -0.000006 -0.000016 0.000005  2.272644 -0.000030 1.570865
51  -0.069088 -9.171953 -8.950377  2.382834 0.411020 -0.593211
52  -0.000001 -0.000001 0.000000  0.008153 -0.000259 0.000009
53  0.000001 -0.000001 0.000000  1.565115 0.043565 -0.106862
54  9.985136 -11.437761 -15.419210  -1.648795 0.167868 -0.725334
55  0.000001 -0.000001 -0.000000  0.000000 -0.000000 -0.000002
56  0.000031 0.000028 0.000002  -1.571902 -0.044449 -0.106509
57  15.323189 -12.918836 -24.256340  1.570796 -0.000000 0.000000
58  -16.922342 4.543208 -16.901630  1.570796 -0.000000 0.000000
59  2.226149 -2.407811 -5.363265  1.570796 -0.000000 0.000000
60  -0.004311 0.001230 -0.000371  0.006898 -0.005534 -0.284229
61  0.831202 10.210690 -4.872958  1.570796 -0.000000 0.000000
62  0.000000 0.000000 0.000000  -0.078727 -3.136056 0.284226
63  0.000000 0.000000 0.000000  1.570744 -0.000444 -0.000064
64  6.159942 -9.307983 -9.553018  2.117193 0.545494 1.412090
65  -0.219071 -1.337189 -0.135916  0.000000 0.000000 -0.000000
66  -0.219076 0.187972 19.478252  0.000000 0.000000 -0.000000
67  -0.245096 -1.134827 1.111318  0.000000 0.000000 -0.000000
68  -0.104047 -4.495924 7.879278  0.000000 0.000000 -0.000000
69  -0.195277 4.332587 -6.347187  0.000000 0.000000 -0.000000
70  -0.212429 -1.159369 7.349129  0.000000 0.000000 -0.000000
71  9.475313 -11.900103 -12.505310  2.117193 0.545494 1.412090
time 2
0  0.000006 0.000000 0.000000  -1.570800 -1.391899 -1.570792
1  -4.842513 3.278655 2.190907  -1.544956 -1.855077 -0.198630
2  6.027515 -0.000323 0.000203  -1.268454 0.046674 -0.690909
3  11.692103 0.000645 -0.000741  -1.384276 -0.000056 -1.989666
4  11.478207 0.000428 -0.001684  1.321950 -0.909531 -1.080230
5  3.859509 -0.142879 -1.192050  -0.550885 -0.255832 -1.866282
6  1.312589 0.000011 0.000007  -0.134281 -0.007565 -0.192402
7  0.729354 0.000053 0.000049  -0.007819 -0.009377 -0.049784
8  3.942144 0.046273 -0.431511  -0.484645 0.035664 -1.413041
9  1.539111 0.000086 0.000006  -0.033414 -0.056767 -0.605686
10  1.196334 0.000147 0.000030  0.006943 0.002367 -0.289526
11  3.883505 -0.047269 0.431381  -0.270346 0.409995 -0.746893
12  1.719574 -0.000025 0.000016  0.028923 -0.121328 -1.267494
13  1.209180 0.000093 0.000013  -0.006830 -0.001497 -0.302684
14  4.085223 -0.082716 1.151042  0.033977 0.537783 -0.030448
15  1.719449 -0.000009 0.000024  0.011888 -0.076325 -0.864457
16  1.099674 0.000049 0.000006  -0.070447 0.038185 -1.423970
17  0.971587 -1.283500 0.847608  -0.978328 -0.625347 -0.310208
18  1.789819 -0.000003 -0.000017  0.000998 -0.014468 0.721478
19  1.207011 -0.000013 -0.000043  0.001593 -0.000026 -0.111145
20  5.740636 0.000411 -0.000702  -0.167808 0.000003 0.000071
21  11.480649 0.000295 -0.000994  -0.106463 -0.136966 -0.230632
22  6.027525 -0.000330 0.000203  0.086931 -2.139128 -2.335067
23  0.000002 11.692098 -0.000007  -1.318921 -0.766452 -0.959068
24  0.000002 0.000008 0.000000  -0.515165 -0.000030 1.570739
25  0.000000 -0.000012 -0.000001  0.868957 0.000002 1.570712
26  -6.594569 -9.187002 0.844471  1.473120 1.855075 -0.198639
27  6.027512 -0.000261 -0.000226  1.197011 1.167014 -0.691521
28  11.691992 0.000245 0.000857  0.144610 0.000018 -1.050262
29  11.480310 -0.000158 0.000856  -1.630429 -0.629642 0.292643
30  3.859436 -0.132786 1.193063  0.464998 -0.051533 -1.783409
31  1.312558 0.000025 0.000000  -0.013910 -0.040920 -0.167455
32  0.729345 0.000065 -0.000027  -0.129427 -0.115049 -0.953396
33  3.942046 0.050110 0.430999  0.213751 -0.107470 -1.470379
34  1.539097 0.000010 0.000000  0.039968 -0.053963 -1.031908
35  1.196300 0.000076 -0.000003  -0.245813 -0.042819 -0.797993
36  3.883411 -0.050501 -0.431085  0.188072 -0.271202 -1.214707
37  1.719562 -0.000078 -0.000003  0.020107 -0.105698 -1.483171
38  1.209197 0.000036 0.000010  -0.320342 0.068024 -0.497234
39  3.806438 -0.112146 -1.295327  -0.028805 0.243340 -0.117786
40  1.719412 -0.000100 -0.000033  0.356276 -0.218063 -1.380320
41  1.099672 0.000026 0.000007  0.059920 -0.008679 -0.824866
42  0.807164 -0.359247 -1.315607  0.990374 0.167646 -0.798712
43  1.789781 -0.000009 -0.000042  0.000488 -0.001822 0.131044
44  1.206996 -0.000006 0.000005  0.000443 -0.002224 1.063353
45  5.740571 0.000056 0.000724  0.000683 -0.000014 0.000021
46  11.481005 0.000004 0.000921  0.008862 -0.147873 0.041962
47  6.027514 -0.000273 -0.000239  -1.370521 -0.353061 -1.222538
48  -0.000000 11.691976 -0.000006  -0.753044 0.250459 0.616437
49  0.000003 -0.000001 0.000000  2.417157 -0.000041 1.570856
50  -0.000006 -0.000015 0.000005  2.272644 -0.000030 1.570865
51  -0.446548 -9.247594 -8.633451  2.404679 0.411662 -0.647729
52  0.000000 0.000000 -0.000001  0.008153 -0.000259 0.000009
53  0.000000 0.000001 0.000001  1.565115 0.043565 -0.106862
54  9.519245 -12.039494 -15.033087  -1.628753 0.171195 -0.785205
55  0.000000 -0.000000 0.000000  0.000000 -0.000000 -0.000002
56  0.000031 0.000028 0.000002  -1.571901 -0.044449 -0.106509
57  15.043249 -13.137420 -24.034590  1.570796 -0.000000 0.000000
58  -16.922342 4.543208 -16.901630  1.570796 -0.000000 0.000000
59  2.195224 -2.365002 -5.349879  1.570796 -0.000000 0.000000
60  -0.004311 0.001230 -0.000371  0.006898 -0.005534 -0.284229
61  0.844469 10.213849 -4.854548  1.570796 -0.000000 0.000000
62  0.000000 0.000000 0.000000  -0.078727 -3.136056 0.284226
63  0.000000 0.000000 0.000000  1.570604 -0.001589 -0.000240
64  5.768070 -9.767783 -9.172344  2.108209 0.527010 1.344247
65  -0.219072 -1.337188 -0.135916  -0.000000 0.000000 0.000000
66  -0.219079 0.187970 19.478251  -0.000000 0.000000 0.000000
67  -0.245097 -1.134827 1.111318  -0.000000 0.000000 0.000000
68  -0.104048 -4.495924 7.879277  -0.000000 0.000000 0.000000
69  -0.195315 4.332460 -6.347179  -0.000000 0.000000 0.000000
70  -0.212530 -1.155529 7.315594  -0.000000 0.000000 0.000000
71  8.962050 -12.512978 -12.122021  2.108209 0.527009 1.344247
time 3
0  0.000006 0.000000 0.000000  -1.570800 -1.391899 -1.570792
1  -4.833214 3.204140 2.139132  -1.544956 -1.855077 -0.198630
2  6.027515 -0.000323 0.000202  -1.280737 -0.061008 -0.733460
3  11.692108 0.000645 -0.000740  -1.383867 -0.000053 -1.953353
4  11.478534 0.000455 -0.001543  1.361708 -0.931452 -0.990847
5  3.859508 -0.142880 -1.192049  -0.550885 -0.255832 -1.866282
6  1.312590 0.000013 0.000007  -0.134281 -0.007565 -0.192402
7  0.729355 0.000052 0.000049  -0.007819 -0.009377 -0.049784
8  3.942142 0.046273 -0.431513  -0.484645 0.035664 -1.413041
9  1.539111 0.000081 0.000005  -0.033414 -0.056767 -0.605686
10  1.196331 0.000145 0.000029  0.006943 0.002367 -0.289526
11  3.883504 -0.047270 0.431382  -0.270346 0.409995 -0.746893
12  1.719573 -0.000028 0.000015  0.028923 -0.121328 -1.267494
13  1.209180 0.000092 0.000011  -0.006830 -0.001497 -0.302684
14  4.085222 -0.082716 1.151040  0.033977 0.537783 -0.030448
15  1.719449 -0.000013 0.000022  0.011888 -0.076325 -0.864457
16  1.099675 0.000049 0.000005  -0.070447 0.038185 -1.423970
17  0.971588 -1.283499 0.847609  -0.978328 -0.625347 -0.310208
18  1.789819 -0.000002 -0.000017  0.000998 -0.014468 0.721478
19  1.207015 -0.000012 -0.000044  0.001593 -0.000026 -0.111145
20  5.740637 0.000410 -0.000702  -0.171675 0.000003 0.000070
21  11.480715 0.000303 -0.000966  -0.095183 -0.146604 -0.210295
22  6.027524 -0.000330 0.000203  -0.111060 -2.152525 -2.211393
23  0.000002 11.692101 -0.000007  -1.296920 -0.743816 -0.950702
24  0.000001 0.000009 -0.000001  -0.514755 -0.000031 1.570739
25  -0.000001 -0.000010 -0.000001  0.868957 0.000002 1.570712
26  -6.565178 -9.197693 0.866682  1.473120 1.855075 -0.198639
27  6.027512 -0.000262 -0.000225  1.288348 1.161427 -0.619094
28  11.691990 0.000243 0.000855  0.148676 0.000018 -1.062034
29  11.480032 -0.000282 0.000875  -1.602365 -0.603323 0.355091
30  3.859435 -0.132789 1.193063  0.463551 -0.051164 -1.782768
31  1.312559 0.000026 0.000000  -0.013844 -0.040764 -0.181333
32  0.729347 0.000064 -0.000028  -0.130813 -0.112228 -0.951562
33  3.942045 0.050108 0.430997  0.216581 -0.107307 -1.471962
34  1.539096 0.000008 -0.000000  0.039030 -0.053431 -1.033717
35  1.196299 0.000076 -0.000004  -0.241312 -0.042527 -0.801605
36  3.883410 -0.050502 -0.431086  0.190164 -0.270450 -1.217880
37  1.719563 -0.000079 -0.000004  0.019017 -0.103243 -1.482723
38  1.209197 0.000035 0.000010  -0.314824 0.065970 -0.501966
39  3.806437 -0.112148 -1.295328  -0.028805 0.243340 -0.117787
40  1.719412 -0.000099 -0.000035  0.356276 -0.218063 -1.380320
41  1.099673 0.000027 0.000006  0.059920 -0.008679 -0.824866
42  0.808655 -0.358487 -1.312173  0.988745 0.168752 -0.797677
43  1.789779 -0.000008 -0.000042  0.001028 -0.001029 0.128463
44  1.206997 -0.000008 0.000006  0.000517 -0.004934 1.069106
45  5.740571 0.000055 0.000724  0.010392 -0.000014 0.000021
46  11.480950 -0.000021 0.000924  0.017103 -0.141712 0.055134
47  6.027514 -0.000273 -0.000238  -1.335152 -0.337973 -1.245992
48  -0.000002 11.691974 -0.000006  -0.760605 0.255677 0.622144
49  0.000003 -0.000001 0.000001  2.421223 -0.000041 1.570856
50  -0.000006 -0.000016 0.000005  2.272644 -0.000030 1.570865
51  -0.976939 -9.333234 -8.163116  2.438816 0.410446 -0.730599
52  -0.000000 -0.000000 -0.000000  0.008153 -0.000259 0.000009
53  -0.000001 -0.000000 0.000001  1.565115 0.043565 -0.106862
54  8.812431 -12.930914 -14.431452  -1.597131 0.174408 -0.876279
55  -0.000000 0.000001 0.000001  0.000000 -0.000001 -0.000002
56  0.000029 0.000029 0.000002  -1.571901 -0.044449 -0.106509
57  14.578439 -13.500360 -23.664368  1.570796 -0.000000 0.000000
58  -16.922342 4.543208 -16.901630  1.570796 -0.000000 0.000000
59  2.143450 -2.293331 -5.327469  1.570796 -0.000000 0.000000
60  -0.004311 0.001230 -0.000371  0.006898 -0.005534 -0.284229
61  0.866681 10.219138 -4.823726  1.570796 -0.000000 0.000000
62  0.000000 0.000000 0.000000  -0.078727 -3.136056 0.284226
63  0.000000 0.000000 0.000000  1.570401 -0.003154 -0.000507
64  5.169251 -10.439041 -8.592095  2.092596 0.498801 1.240074
65  -0.219071 -1.337187 -0.135918  0.000000 -0.000000 0.000000
66  -0.219076 0.187972 19.478252  0.000000 -0.000000 0.000000
67  -0.245097 -1.134826 1.111315  0.000000 -0.000000 0.000000
68  -0.104047 -4.495923 7.879275  0.000000 -0.000000 0.000000
69  -0.195376 4.332259 -6.347166  0.000000 -0.000000 0.000000
70  -0.212690 -1.149394 7.262036  0.000000 -0.000000 0.000000
71  8.171995 -13.411015 -11.526154  2.092596 0.498801 1.240074
time 4
0  0.000006 0.000000 0.000000  -1.570800 -1.391899 -1.570792
1  -4.820186 3.099739 2.066593  -1.544956 -1.855077 -0.198630
2  6.027516 -0.000323 0.000200  -1.285691 -0.195658 -0.781906
3  11.692104 0.000646 -0.000740  -1.383291 -0.000050 -1.894944
4  11.479060 0.000502 -0.001292  1.382435 -0.956825 -0.863437
5  3.859508 -0.142880 -1.192047  -0.550885 -0.255832 -1.866282
6  1.312590 0.000013 0.000007  -0.134281 -0.007565 -0.192402
7  0.729355 0.000051 0.000049  -0.007819 -0.009377 -0.049784
8  3.942142 0.046274 -0.431511  -0.484645 0.035664 -1.413041
9  1.539112 0.000085 0.000005  -0.033414 -0.056767 -0.605686
10  1.196333 0.000146 0.000028  0.006943 0.002367 -0.289525
11  3.883503 -0.047268 0.431381  -0.270346 0.409995 -0.746893
12  1.719573 -0.000025 0.000015  0.028923 -0.121328 -1.267494
13  1.209179 0.000091 0.000013  -0.006830 -0.001496 -0.302684
14  4.085221 -0.082714 1.151041  0.033977 0.537783 -0.030448
15  1.719452 -0.000012 0.000023  0.011888 -0.076325 -0.864457
16  1.099676 0.000049 0.000006  -0.070447 0.038185 -1.423971
17  0.971587 -1.283499 0.847610  -0.978328 -0.625347 -0.310208
18  1.789820 -0.000003 -0.000017  0.000998 -0.014468 0.721478
19  1.207015 -0.000012 -0.000042  0.001593 -0.000026 -0.111145
20  5.740635 0.000411 -0.000701  -0.173937 0.000003 0.000070
21  11.480818 0.000312 -0.000915  -0.084379 -0.156132 -0.184627
22  6.027524 -0.000331 0.000203  -0.345033 -2.182897 -2.066660
23  0.000003 11.692101 -0.000006  -1.261917 -0.707701 -0.936225
24  0.000004 0.000009 -0.000000  -0.514182 -0.000031 1.570739
25  0.000000 -0.000012 -0.000001  0.868957 0.000002 1.570712
26  -6.524003 -9.212670 0.897802  1.473120 1.855075 -0.198639
27  6.027512 -0.000262 -0.000226  1.391148 1.152086 -0.539168
28  11.691990 0.000246 0.000855  0.154493 0.000020 -1.079001
29  11.479412 -0.000566 0.000922  -1.564513 -0.562954 0.434108
30  3.859436 -0.132787 1.193063  0.461524 -0.050645 -1.781872
31  1.312558 0.000026 -0.000001  -0.013753 -0.040542 -0.200839
32  0.729344 0.000066 -0.000027  -0.132747 -0.108271 -0.948999
33  3.942045 0.050110 0.430997  0.220546 -0.107072 -1.474179
34  1.539096 0.000010 0.000000  0.037715 -0.052690 -1.036253
35  1.196300 0.000077 -0.000003  -0.235004 -0.042090 -0.806667
36  3.883411 -0.050501 -0.431087  0.193090 -0.269385 -1.222321
37  1.719563 -0.000077 -0.000004  0.017493 -0.099802 -1.482101
38  1.209196 0.000035 0.000012  -0.307071 0.063134 -0.508619
39  3.806437 -0.112147 -1.295329  -0.028805 0.243340 -0.117787
40  1.719411 -0.000099 -0.000035  0.356276 -0.218063 -1.380320
41  1.099672 0.000024 0.000006  0.059920 -0.008679 -0.824866
42  0.810745 -0.357420 -1.307362  0.986464 0.170305 -0.796231
43  1.789779 -0.000009 -0.000042  0.001781 0.000085 0.124846
44  1.206997 -0.000006 0.000006  0.000595 -0.008735 1.077171
45  5.740571 0.000055 0.000725  0.023444 -0.000014 0.000021
46  11.480826 -0.000078 0.000934  0.027311 -0.131999 0.071960
47  6.027514 -0.000273 -0.000239  -1.294999 -0.319212 -1.273154
48  -0.000001 11.691976 -0.000006  -0.771466 0.263271 0.630312
49  0.000003 -0.000001 -0.000001  2.427039 -0.000041 1.570856
50  -0.000006 -0.000015 0.000005  2.272644 -0.000030 1.570865
51  -1.569232 -9.376395 -7.586611  2.483418 0.405509 -0.835244
52  -0.000001 0.000000 -0.000001  0.008153 -0.000259 0.000009
53  -0.000000 0.000000 0.000001  1.565115 0.043565 -0.106862
54  7.916782 -13.996899 -13.647432  -1.555274 0.175681 -0.991331
55  -0.000001 -0.000000 -0.000000  0.000000 -0.000000 -0.000002
56  0.000030 0.000028 0.000001  -1.571901 -0.044449 -0.106509
57  13.941043 -13.998059 -23.153208  1.570796 -0.000000 0.000000
58  -16.922342 4.543208 -16.901630  1.570796 -0.000000 0.000000
59  2.070910 -2.192915 -5.296071  1.570796 -0.000000 0.000000
60  -0.004311 0.001230 -0.000371  0.006898 -0.005534 -0.284229
61  0.897800 10.226550 -4.780541  1.570796 -0.000000 0.000000
62  0.000000 0.000000 0.000000  -0.078727 -3.136056 0.284226
63  0.000000 0.000000 0.000000  1.570162 -0.004860 -0.000840
64  4.407909 -11.215785 -7.856621  2.070063 0.462727 1.107308
65  -0.219072 -1.337187 -0.135917  -0.000000 0.000000 0.000000
66  -0.219080 0.187970 19.478252  -0.000000 0.000000 0.000000
67  -0.245097 -1.134825 1.111317  -0.000000 0.000000 0.000000
68  -0.104047 -4.495922 7.879276  -0.000000 0.000000 0.000000
69  -0.195458 4.331989 -6.347152  -0.000000 0.000000 0.000000
70  -0.212904 -1.141184 7.190363  -0.000000 0.000000 0.000000
71  7.155328 -14.464535 -10.752151  2.070063 0.462727 1.107308
time 5
0  0.000006 0.000000 0.000000  -1.570800 -1.391899 -1.570792
1  -4.803498 2.966019 1.973682  -1.544956 -1.855077 -0.198630
2  6.027516 -0.000322 0.000199  -1.279672 -0.345005 -0.834345
3  11.692107 0.000644 -0.000739  -1.382556 -0.000043 -1.814611
4  11.479781 0.000577 -0.000885  1.369651 -0.974827 -0.697181
5  3.859508 -0.142881 -1.192051  -0.550885 -0.255832 -1.866282
6  1.312589 0.000012 0.000007  -0.134281 -0.007565 -0.192402
7  0.729352 0.000054 0.000048  -0.007819 -0.009377 -0.049784
8  3.942142 0.046272 -0.431513  -0.484645 0.035664 -1.413040
9  1.539112 0.000083 0.000004  -0.033414 -0.056767 -0.605686
10  1.196333 0.000145 0.000030  0.006943 0.002367 -0.289526
11  3.883505 -0.047270 0.431380  -0.270346 0.409995 -0.746893
12  1.719574 -0.000025 0.000015  0.028923 -0.121328 -1.267494
13  1.209180 0.000092 0.000012  -0.006830 -0.001497 -0.302684
14  4.085223 -0.082716 1.151039  0.033977 0.537783 -0.030448
15  1.719445 -0.000014 0.000022  0.011888 -0.076325 -0.864457
16  1.099675 0.000049 0.000007  -0.070447 0.038185 -1.423970
17  0.971587 -1.283500 0.847608  -0.978328 -0.625347 -0.310208
18  1.789820 -0.000002 -0.000017  0.000998 -0.014468 0.721478
19  1.207015 -0.000012 -0.000044  0.001593 -0.000026 -0.111145
20  5.740636 0.000409 -0.000703  -0.172502 0.000003 0.000071
21  11.480964 0.000325 -0.000835  -0.075597 -0.162961 -0.155244
22  6.027524 -0.000330 0.000202  2.559742 -0.908069 1.214797
23  0.000002 11.692100 -0.000007  -1.214341 -0.658690 -0.914392
24  0.000001 0.000009 0.000000  -0.513447 -0.000031 1.570739
25  -0.000000 -0.000012 -0.000001  0.868957 0.000002 1.570712
26  -6.471262 -9.231853 0.937661  1.473120 1.855075 -0.198639
27  6.027511 -0.000262 -0.000226  1.492339 1.138046 -0.462471
28  11.691990 0.000245 0.000855  0.162157 0.000022 -1.104679
29  11.480653 -0.000024 0.000841  -1.516364 -0.506101 0.525192
30  3.859435 -0.132786 1.193061  0.458928 -0.049978 -1.780725
31  1.312559 0.000026 -0.000000  -0.013644 -0.040255 -0.225922
32  0.729344 0.000067 -0.000027  -0.135208 -0.103194 -0.945729
33  3.942046 0.050111 0.430997  0.225625 -0.106758 -1.477018
34  1.539096 0.000010 -0.000000  0.036027 -0.051745 -1.039503
35  1.196301 0.000076 -0.000004  -0.226924 -0.041483 -0.813150
36  3.883411 -0.050501 -0.431087  0.196831 -0.268002 -1.228005
37  1.719564 -0.000079 -0.000004  0.015544 -0.095392 -1.481312
38  1.209196 0.000035 0.000012  -0.297103 0.059572 -0.517181
39  3.806437 -0.112148 -1.295329  -0.028805 0.243340 -0.117786
40  1.719411 -0.000099 -0.000035  0.356276 -0.218063 -1.380320
41  1.099673 0.000026 0.000007  0.059920 -0.008679 -0.824866
42  0.813421 -0.356053 -1.301201  0.983545 0.172300 -0.794383
43  1.789779 -0.000009 -0.000042  0.002739 0.001515 0.120215
44  1.206996 -0.000007 0.000005  0.000650 -0.013608 1.087510
45  5.740573 0.000054 0.000724  0.039781 -0.000014 0.000021
46  11.481075 0.000030 0.000918  0.038810 -0.117940 0.091517
47  6.027514 -0.000273 -0.000240  -1.253597 -0.299546 -1.301239
48  -0.000003 11.691974 -0.000005  -0.787825 0.274926 0.642542
49  0.000004 -0.000001 -0.000001  2.434701 -0.000041 1.570856
50  -0.000007 -0.000015 0.000005  2.272644 -0.000030 1.570865
51  -2.139542 -9.330342 -6.951498  2.536658 0.394975 -0.955092
52  0.000000 -0.000000 -0.000000  0.008153 -0.000259 0.000009
53  -0.000000 0.000001 -0.000000  1.565115 0.043565 -0.106862
54  6.879203 -15.120809 -12.713428  -1.504413 0.173198 -1.123100
55  0.000000 0.000000 0.000000  0.000000 -0.000000 -0.000002
56  0.000031 0.000029 0.000001  -1.571901 -0.044449 -0.106509
57  13.155912 -14.611114 -22.518171  1.570796 -0.000000 0.000000
58  -16.922342 4.543208 -16.901630  1.570796 -0.000000 0.000000
59  1.977999 -2.064298 -5.255855  1.570796 -0.000000 0.000000
60  -0.004311 0.001230 -0.000371  0.006898 -0.005534 -0.284229
61  0.937660 10.236042 -4.725229  1.570796 -0.000000 0.000000
62  0.000000 0.000000 0.000000  -0.078727 -3.136056 0.284226
63  0.000000 0.000000 0.000000  1.569910 -0.006425 -0.001219
64  3.528472 -11.986026 -7.010270  2.040291 0.420409 0.953983
65  -0.219071 -1.337187 -0.135918  0.000000 -0.000000 -0.000000
66  -0.219077 0.187970 19.478252  0.000000 -0.000000 -0.000000
67  -0.245096 -1.134826 1.111317  0.000000 -0.000000 -0.000000
68  -0.104046 -4.495924 7.879276  0.000000 -0.000000 -0.000000
69  -0.195559 4.331658 -6.347135  0.000000 -0.000000 -0.000000
70  -0.213166 -1.131119 7.102478  0.000000 -0.000000 -0.000000
71  5.962202 -15.539931 -9.833986  2.040291 0.420409 0.953983
time 6
0  0.000006 0.000000 0.000000  -1.570800 -1.391899 -1.570792
1  -4.783289 2.804076 1.861161  -1.544956 -1.855077 -0.198630
2  6.027518 -0.000323 0.000197  -1.260520 -0.498628 -0.891542
3  11.692106 0.000644 -0.000741  -1.381661 -0.000037 -1.715942
4  11.480692 0.000690 -0.000287  1.326650 -0.972789 -0.503587
5  3.859506 -0.142881 -1.192048  -0.550885 -0.255832 -1.866282
6  1.312591 0.000010 0.000006  -0.134281 -0.007565 -0.192402
7  0.729356 0.000052 0.000050  -0.007819 -0.009377 -0.049784
8  3.942142 0.046271 -0.431511  -0.484645 0.035664 -1.413041
9  1.539109 0.000083 0.000006  -0.033414 -0.056767 -0.605686
10  1.196332 0.000142 0.000029  0.006943 0.002367 -0.289526
11  3.883502 -0.047270 0.431382  -0.270346 0.409995 -0.746893
12  1.719574 -0.000028 0.000015  0.028923 -0.121328 -1.267494
13  1.209180 0.000088 0.000010  -0.006830 -0.001497 -0.302684
14  4.085223 -0.082717 1.151042  0.033977 0.537783 -0.030448
15  1.719449 -0.000011 0.000021  0.011888 -0.076325 -0.864457
16  1.099674 0.000048 0.000007  -0.070447 0.038185 -1.423970
17  0.971584 -1.283499 0.847611  -0.978328 -0.625347 -0.310208
18  1.789818 -0.000003 -0.000017  0.000998 -0.014468 0.721478
19  1.207016 -0.000012 -0.000044  0.001593 -0.000026 -0.111145
20  5.740638 0.000410 -0.000702  -0.166044 0.000003 0.000071
21  11.481146 0.000349 -0.000714  -0.068947 -0.165202 -0.124012
22  6.027524 -0.000331 0.000203  2.342812 -0.840157 1.332208
23  0.000002 11.692100 -0.000008  -1.156391 -0.599675 -0.884785
24  0.000004 0.000008 0.000000  -0.512556 -0.000031 1.570739
25  -0.000000 -0.000011 -0.000001  0.868957 0.000002 1.570712
26  -6.407390 -9.255086 0.985933  1.473120 1.855075 -0.198639
27  6.027510 -0.000263 -0.000225  1.581753 1.119988 -0.397094
28  11.691991 0.000245 0.000856  0.171773 0.000023 -1.140306
29  11.480431 -0.000122 0.000857  -1.457255 -0.431574 0.621955
30  3.859437 -0.132788 1.193062  0.455785 -0.049166 -1.779339
31  1.312558 0.000026 -0.000000  -0.013521 -0.039902 -0.256438
32  0.729345 0.000066 -0.000027  -0.138166 -0.097032 -0.941786
33  3.942046 0.050108 0.430998  0.231775 -0.106358 -1.480455
34  1.539097 0.000009 0.000000  0.033980 -0.050608 -1.043442
35  1.196300 0.000077 -0.000004  -0.217136 -0.040677 -0.821000
36  3.883413 -0.050502 -0.431087  0.201350 -0.266300 -1.234880
37  1.719564 -0.000079 -0.000004  0.013190 -0.090048 -1.480368
38  1.209197 0.000036 0.000011  -0.284976 0.055367 -0.527609
39  3.806438 -0.112148 -1.295329  -0.028805 0.243340 -0.117787
40  1.719412 -0.000099 -0.000034  0.356276 -0.218063 -1.380320
41  1.099674 0.000025 0.000006  0.059920 -0.008679 -0.824866
42  0.816663 -0.354399 -1.293736  0.980012 0.174722 -0.792151
43  1.789779 -0.000009 -0.000042  0.003891 0.003254 0.114606
44  1.206997 -0.000008 0.000006  0.000650 -0.019514 1.100043
45  5.740572 0.000056 0.000724  0.059189 -0.000014 0.000021
46  11.481030 0.000012 0.000921  0.050843 -0.099017 0.112335
47  6.027514 -0.000273 -0.000239  -1.213761 -0.281395 -1.328116
48  -0.000001 11.691974 -0.000006  -0.810367 0.291410 0.659244
49  0.000003 -0.000001 0.000001  2.444315 -0.000041 1.570856
50  -0.000006 -0.000016 0.000005  2.272644 -0.000030 1.570865
51  -2.623855 -9.171304 -6.305852  2.596688 0.376949 -1.083630
52  0.000000 0.000000 0.000001  0.008153 -0.000259 0.000009
53  0.000000 -0.000000 0.000001  1.565115 0.043565 -0.106862
54  5.740980 -16.201094 -11.661102  -1.445679 0.165097 -1.264352
55  0.000001 -0.000000 0.000000  0.000000 -0.000000 -0.000002
56  0.000031 0.000029 0.000001  -1.571901 -0.044449 -0.106509
57  12.261703 -15.309340 -21.787020  1.570796 -0.000000 0.000000
58  -16.922342 4.543208 -16.901630  1.570796 -0.000000 0.000000
59  1.865477 -1.908536 -5.207151  1.570796 -0.000000 0.000000
60  -0.004311 0.001230 -0.000371  0.006898 -0.005534 -0.284229
61  0.985932 10.247539 -4.658242  1.570796 -0.000000 0.000000
62  0.000000 0.000000 0.000000  -0.078727 -3.136056 0.284226
63  0.000000 0.000000 0.000000  1.569672 -0.007570 -0.001620
64  2.575365 -12.650837 -6.097394  2.002794 0.373272 0.788343
65  -0.219072 -1.337187 -0.135916  0.000000 0.000000 0.000000
66  -0.219077 0.187972 19.478249  0.000000 0.000000 0.000000
67  -0.245096 -1.134826 1.111316  0.000000 0.000000 0.000000
68  -0.104048 -4.495923 7.879277  0.000000 0.000000 0.000000
69  -0.195676 4.331274 -6.347109  0.000000 0.000000 0.000000
70  -0.213474 -1.119415 7.000290  0.000000 0.000000 0.000000
71  4.644199 -16.519567 -8.805130  2.002794 0.373272 0.788343
time 7
0  0.000006 0.000000 0.000000  -1.570800 -1.391899 -1.570792
1  -4.759771 2.615621 1.730218  -1.544956 -1.855077 -0.198630
2  6.027519 -0.000323 0.000196  -1.226010 -0.649401 -0.956028
3  11.692107 0.000646 -0.000740  -1.380621 -0.000029 -1.604049
4  11.479655 0.000574 -0.000898  1.275389 -0.942328 -0.309304
5  3.859508 -0.142879 -1.192049  -0.550885 -0.255832 -1.866282
6  1.312590 0.000011 0.000006  -0.134281 -0.007565 -0.192402
7  0.729355 0.000053 0.000049  -0.007819 -0.009377 -0.049784
8  3.942141 0.046273 -0.431512  -0.484645 0.035664 -1.413041
9  1.539110 0.000083 0.000004  -0.033414 -0.056767 -0.605686
10  1.196333 0.000148 0.000031  0.006943 0.002367 -0.289526
11  3.883504 -0.047269 0.431381  -0.270346 0.409995 -0.746893
12  1.719576 -0.000029 0.000015  0.028923 -0.121328 -1.267494
13  1.209179 0.000091 0.000012  -0.006830 -0.001496 -0.302684
14  4.085220 -0.082715 1.151040  0.033977 0.537783 -0.030448
15  1.719451 -0.000012 0.000023  0.011888 -0.076325 -0.864457
16  1.099677 0.000045 0.000007  -0.070447 0.038185 -1.423970
17  0.971586 -1.283498 0.847609  -0.978328 -0.625347 -0.310208
18  1.789819 -0.000003 -0.000019  0.000998 -0.014468 0.721478
19  1.207016 -0.000012 -0.000044  0.001593 -0.000026 -0.111145
20  5.740637 0.000410 -0.000704  -0.154467 0.000003 0.000071
21  11.480938 0.000327 -0.000838  -0.063642 -0.161956 -0.093024
22  6.027524 -0.000330 0.000203  2.153651 -0.760889 1.422584
23  0.000001 11.692099 -0.000007  -1.090800 -0.534555 -0.847766
24  0.000003 0.000009 -0.000002  -0.511518 -0.000030 1.570739
25  -0.000001 -0.000013 -0.000001  0.868957 0.000002 1.570712
26  -6.333061 -9.282122 1.042109  1.473120 1.855075 -0.198639
27  6.027511 -0.000263 -0.000224  1.653398 1.098990 -0.347315
28  11.691991 0.000243 0.000857  0.183451 0.000025 -1.185428
29  11.480188 -0.000229 0.000881  -1.387618 -0.339802 0.717075
30  3.859436 -0.132788 1.193063  0.452129 -0.048216 -1.777729
31  1.312558 0.000026 -0.000000  -0.013390 -0.039484 -0.292126
32  0.729345 0.000065 -0.000028  -0.141576 -0.089846 -0.937223
33  3.942045 0.050109 0.430997  0.238932 -0.105867 -1.484452
34  1.539096 0.000011 0.000001  0.031591 -0.049294 -1.048028
35  1.196301 0.000076 -0.000005  -0.205747 -0.039643 -0.830131
36  3.883410 -0.050501 -0.431086  0.206591 -0.264281 -1.242868
37  1.719564 -0.000078 -0.000002  0.010457 -0.083826 -1.479286
38  1.209196 0.000036 0.000012  -0.270792 0.050626 -0.539824
39  3.806437 -0.112148 -1.295328  -0.028805 0.243340 -0.117787
40  1.719412 -0.000098 -0.000034  0.356276 -0.218063 -1.380320
41  1.099673 0.000025 0.000007  0.059920 -0.008679 -0.824866
42  0.820434 -0.352473 -1.285051  0.975906 0.177552 -0.789564
43  1.789779 -0.000010 -0.000042  0.005220 0.005285 0.108081
44  1.206995 -0.000006 0.000006  0.000555 -0.026394 1.114645
45  5.740573 0.000056 0.000723  0.081035 -0.000014 0.000021
46  11.480982 -0.000009 0.000925  0.062532 -0.075207 0.132463
47  6.027514 -0.000273 -0.000238  -1.177025 -0.267022 -1.352452
48  -0.000001 11.691974 -0.000006  -0.838665 0.312799 0.679959
49  0.000003 -0.000001 -0.000000  2.455991 -0.000041 1.570856
50  -0.000006 -0.000016 0.000006  2.272644 -0.000030 1.570865
51  -2.986731 -8.903296 -5.698191  2.661591 0.349506 -1.214443
52  -0.000000 0.000000 0.000000  0.008153 -0.000259 0.000009
53  -0.000000 -0.000000 0.000001  1.565115 0.043565 -0.106862
54  4.539657 -17.159180 -10.521152  -1.380157 0.149424 -1.407969
55  0.000000 -0.000001 -0.000000  0.000000 -0.000000 -0.000002
56  0.000030 0.000028 0.000000  -1.571902 -0.044449 -0.106509
57  11.309301 -16.053005 -20.997280  1.570796 -0.000000 0.000000
58  -16.922342 4.543208 -16.901630  1.570796 -0.000000 0.000000
59  1.734535 -1.727273 -5.150474  1.570796 -0.000000 0.000000
60  -0.004311 0.001230 -0.000371  0.006898 -0.005534 -0.284229
61  1.042107 10.260917 -4.580289  1.570796 -0.000000 0.000000
62  0.000000 0.000000 0.000000  -0.078727 -3.136056 0.284226
63  0.000000 0.000000 0.000000  1.569471 -0.008015 -0.002021
64  1.593014 -13.136650 -5.162343  1.956820 0.322616 0.618778
65  -0.219072 -1.337187 -0.135916  0.000000 0.000000 -0.000000
66  -0.219077 0.187972 19.478252  0.000000 0.000000 -0.000000
67  -0.245097 -1.134826 1.111318  0.000000 0.000000 -0.000000
68  -0.104048 -4.495923 7.879277  0.000000 0.000000 -0.000000
69  -0.195805 4.330841 -6.347085  0.000000 0.000000 -0.000000
70  -0.213817 -1.106291 6.885708  0.000000 0.000000 -0.000000
71  3.255614 -17.313877 -7.698452  1.956820 0.322616 0.618778
time 8
0  0.000006 0.000000 0.000000  -1.570800 -1.391899 -1.570792
1  -4.733243 2.403038 1.582511  -1.544956 -1.855077 -0.198630
2  6.027521 -0.000324 0.000194  -1.173261 -0.792009 -1.031482
3  11.692109 0.000644 -0.000740  -1.379445 -0.000022 -1.485745
4  11.480584 0.000679 -0.000344  1.241673 -0.883930 -0.143146
5  3.859510 -0.142880 -1.192049  -0.550885 -0.255832 -1.866282
6  1.312589 0.000015 0.000009  -0.134281 -0.007565 -0.192402
7  0.729354 0.000054 0.000050  -0.007819 -0.009377 -0.049784
8  3.942143 0.046274 -0.431512  -0.484645 0.035664 -1.413041
9  1.539110 0.000083 0.000005  -0.033414 -0.056767 -0.605686
10  1.196332 0.000145 0.000028  0.006942 0.002367 -0.289526
11  3.883504 -0.047268 0.431381  -0.270346 0.409995 -0.746893
12  1.719574 -0.000025 0.000014  0.028923 -0.121328 -1.267494
13  1.209180 0.000093 0.000012  -0.006830 -0.001497 -0.302684
14  4.085223 -0.082716 1.151041  0.033977 0.537783 -0.030448
15  1.719450 -0.000012 0.000023  0.011888 -0.076325 -0.864457
16  1.099672 0.000047 0.000005  -0.070447 0.038185 -1.423970
17  0.971588 -1.283499 0.847609  -0.978328 -0.625347 -0.310208
18  1.789821 -0.000004 -0.000019  0.000998 -0.014468 0.721478
19  1.207016 -0.000012 -0.000044  0.001593 -0.000026 -0.111145
20  5.740639 0.000410 -0.000703  -0.138847 0.000003 0.000070
21  11.481124 0.000348 -0.000725  -0.058580 -0.153338 -0.064377
22  6.027525 -0.000330 0.000203  1.992173 -0.676233 1.488561
23  0.000000 11.692100 -0.000007  -1.021020 -0.468096 -0.804902
24  0.000003 0.000009 -0.000002  -0.510346 -0.000031 1.570739
25  -0.000001 -0.000011 -0.000000  0.868957 0.000002 1.570712
26  -6.249217 -9.312620 1.105476  1.473120 1.855075 -0.198639
27  6.027511 -0.000264 -0.000225  1.704703 1.076075 -0.314398
28  11.691990 0.000245 0.000857  0.197299 0.000029 -1.237466
29  11.479495 -0.000572 0.000956  -1.309988 -0.232706 0.802523
30  3.859435 -0.132788 1.193062  0.448007 -0.047136 -1.775916
31  1.312558 0.000025 -0.000001  -0.013261 -0.039006 -0.332584
32  0.729346 0.000066 -0.000027  -0.145382 -0.081718 -0.932106
33  3.942046 0.050109 0.430997  0.247004 -0.105278 -1.488958
34  1.539096 0.000008 -0.000000  0.028889 -0.047826 -1.053206
35  1.196299 0.000075 -0.000003  -0.192901 -0.038350 -0.840425
36  3.883411 -0.050502 -0.431087  0.212482 -0.261954 -1.251863
37  1.719564 -0.000080 -0.000003  0.007383 -0.076802 -1.478087
38  1.209197 0.000035 0.000011  -0.254703 0.045480 -0.553699
39  3.806438 -0.112148 -1.295329  -0.028805 0.243340 -0.117787
40  1.719411 -0.000098 -0.000034  0.356276 -0.218063 -1.380320
41  1.099674 0.000026 0.000007  0.059920 -0.008679 -0.824866
42  0.824687 -0.350302 -1.275254  0.971280 0.180757 -0.786657
43  1.789779 -0.000008 -0.000043  0.006703 0.007587 0.100722
44  1.206996 -0.000006 0.000005  0.000328 -0.034160 1.131137
45  5.740573 0.000055 0.000724  0.103915 -0.000014 0.000021
46  11.480843 -0.000079 0.000941  0.072852 -0.047164 0.149552
47  6.027514 -0.000274 -0.000239  -1.144000 -0.258310 -1.373544
48  -0.000001 11.691974 -0.000005  -0.870966 0.338144 0.703230
49  0.000004 -0.000001 -0.000000  2.469837 -0.000041 1.570856
50  -0.000007 -0.000016 0.000005  2.272644 -0.000030 1.570865
51  -3.223703 -8.550046 -5.177113  2.729364 0.310693 -1.341265
52  -0.000000 0.000000 -0.000000  0.008153 -0.000259 0.000009
53  -0.000000 -0.000000 -0.000000  1.565115 0.043565 -0.106862
54  3.314119 -17.938070 -9.323078  -1.308956 0.124102 -1.547058
55  -0.000003 0.000000 -0.000000  0.000000 -0.000000 -0.000002
56  0.000028 0.000030 0.000001  -1.571902 -0.044449 -0.106509
57  10.356902 -16.796669 -20.192719  1.570796 -0.000000 0.000000
58  -16.922342 4.543208 -16.901630  1.570796 -0.000000 0.000000
59  1.586828 -1.522803 -5.086541  1.570796 -0.000000 0.000000
60  -0.004311 0.001230 -0.000371  0.006898 -0.005534 -0.284229
61  1.105474 10.276009 -4.492355  1.570796 -0.000000 0.000000
62  0.000000 0.000000 0.000000  -0.078727 -3.136056 0.284226
63  0.000000 0.000000 0.000000  1.569331 -0.007105 -0.002400
64  0.625846 -13.398029 -4.249468  1.901306 0.269721 0.453765
65  -0.219072 -1.337187 -0.135919  0.000000 -0.000000 -0.000000
66  -0.219077 0.187972 19.478247  0.000000 -0.000000 -0.000000
67  -0.245097 -1.134826 1.111315  0.000000 -0.000000 -0.000000
68  -0.104048 -4.495923 7.879276  0.000000 -0.000000 -0.000000
69  -0.195948 4.330370 -6.347060  0.000000 -0.000000 -0.000000
70  -0.214192 -1.091966 6.760633  0.000000 -0.000000 -0.000000
71  1.855231 -17.863556 -6.546121  1.901306 0.269721 0.453765
time 9
0  0.000006 0.000000 0.000000  -1.570800 -1.391899 -1.570792
1  -4.704090 2.169420 1.420189  -1.544956 -1.855077 -0.198630
2  6.027521 -0.000324 0.000193  -1.098549 -0.922078 -1.122602
3  11.692109 0.000646 -0.000739  -1.378151 -0.000015 -1.368471
4  11.480053 0.000630 -0.000593  1.237944 -0.805771 -0.020424
5  3.859509 -0.142879 -1.192049  -0.550885 -0.255832 -1.866282
6  1.312590 0.000011 0.000009  -0.134281 -0.007565 -0.192402
7  0.729354 0.000054 0.000049  -0.007819 -0.009377 -0.049784
8  3.942145 0.046273 -0.431512  -0.484645 0.035664 -1.413040
9  1.539111 0.000082 0.000005  -0.033415 -0.056767 -0.605686
10  1.196334 0.000145 0.000028  0.006943 0.002367 -0.289526
11  3.883505 -0.047269 0.431381  -0.270346 0.409995 -0.746893
12  1.719573 -0.000028 0.000015  0.028923 -0.121328 -1.267494
13  1.209179 0.000092 0.000011  -0.006830 -0.001497 -0.302684
14  4.085224 -0.082715 1.151041  0.033977 0.537783 -0.030448
15  1.719450 -0.000010 0.000022  0.011888 -0.076325 -0.864457
16  1.099677 0.000049 0.000007  -0.070447 0.038185 -1.423970
17  0.971589 -1.283499 0.847610  -0.978328 -0.625347 -0.310208
18  1.789818 -0.000003 -0.000017  0.000998 -0.014468 0.721478
19  1.207016 -0.000012 -0.000045  0.001593 -0.000026 -0.111145
20  5.740638 0.000410 -0.000702  -0.120933 0.000003 0.000071
21  11.481017 0.000337 -0.000774  -0.052887 -0.140348 -0.039915
22  6.027524 -0.000330 0.000203  1.855792 -0.591144 1.534957
23  0.000002 11.692099 -0.000006  -0.950916 -0.404979 -0.758805
24  0.000002 0.000009 -0.000002  -0.509058 -0.000030 1.570739
25  -0.000000 -0.000011 -0.000000  0.868957 0.000002 1.570712
26  -6.157076 -9.346135 1.175112  1.473120 1.855075 -0.198639
27  6.027511 -0.000264 -0.000223  1.735357 1.050798 -0.297849
28  11.691989 0.000245 0.000857  0.213410 0.000033 -1.294313
29  11.480418 -0.000136 0.000875  -1.229412 -0.113674 0.871318
30  3.859436 -0.132788 1.193062  0.443479 -0.045942 -1.773930
31  1.312558 0.000024 -0.000000  -0.013140 -0.038472 -0.377256
32  0.729346 0.000065 -0.000026  -0.149515 -0.072761 -0.926521
33  3.942046 0.050109 0.430997  0.255874 -0.104589 -1.493904
34  1.539096 0.000011 0.000000  0.025911 -0.046228 -1.058900
35  1.196299 0.000076 -0.000004  -0.178790 -0.036776 -0.851724
36  3.883410 -0.050501 -0.431087  0.218928 -0.259337 -1.261728
37  1.719564 -0.000078 -0.000004  0.004016 -0.069078 -1.476794
38  1.209197 0.000036 0.000011  -0.236921 0.040075 -0.569059
39  3.806438 -0.112148 -1.295329  -0.028805 0.243340 -0.117787
40  1.719411 -0.000099 -0.000034  0.356276 -0.218063 -1.380320
41  1.099673 0.000025 0.000006  0.059920 -0.008679 -0.824866
42  0.829365 -0.347913 -1.264488  0.966203 0.184294 -0.783478
43  1.789780 -0.000009 -0.000043  0.008314 0.010130 0.092637
44  1.206997 -0.000007 0.000005  -0.000070 -0.042698 1.149286
45  5.740572 0.000056 0.000725  0.125711 -0.000014 0.000021
46  11.481028 0.000009 0.000925  0.080776 -0.016328 0.161422
47  6.027515 -0.000274 -0.000237  -1.113684 -0.257192 -1.391519
48  -0.000002 11.691972 -0.000006  -0.905872 0.366626 0.727887
49  0.000003 -0.000002 0.000001  2.485947 -0.000041 1.570856
50  -0.000007 -0.000015 0.000005  2.272644 -0.000030 1.570865
51  -3.356684 -8.139620 -4.786020  2.797799 0.259302 -1.458030
52  0.000000 0.000000 -0.000000  0.008153 -0.000259 0.000009
53  -0.000000 0.000000 -0.000000  1.565115 0.043565 -0.106862
54  2.111279 -18.492907 -8.099315  -1.233538 0.087643 -1.675102
55  0.000000 -0.000001 0.000000  0.000000 -0.000000 -0.000002
56  0.000031 0.000029 0.000001  -1.571902 -0.044449 -0.106509
57  9.462692 -17.494896 -19.417885  1.570796 -0.000000 0.000000
58  -16.922342 4.543208 -16.901630  1.570796 -0.000000 0.000000
59  1.424505 -1.298102 -5.016282  1.570796 -0.000000 0.000000
60  -0.004311 0.001230 -0.000371  0.006898 -0.005534 -0.284229
61  1.175111 10.292593 -4.395721  1.570796 -0.000000 0.000000
62  0.000000 0.000000 0.000000  -0.078727 -3.136056 0.284226
63  0.000000 0.000000 0.000000  1.569277 -0.004935 -0.002736
64  -0.281712 -13.413575 -3.403117  1.835630 0.215961 0.301942
65  -0.219072 -1.337187 -0.135917  0.000000 -0.000000 -0.000000
66  -0.219078 0.187971 19.478254  0.000000 -0.000000 -0.000000
67  -0.245097 -1.134825 1.111317  0.000000 -0.000000 -0.000000
68  -0.104047 -4.495924 7.879278  0.000000 -0.000000 -0.000000
69  -0.196100 4.329867 -6.347030  0.000000 -0.000000 -0.000000
70  -0.214591 -1.076659 6.626981  0.000000 -0.000000 -0.000000
71  0.508237 -18.133682 -5.383366  1.835630 0.215961 0.301942
time 10
0  0.000006 0.000000 0.000000  -1.570800 -1.391899 -1.570792
1  -4.672782 1.918553 1.245882  -1.544956 -1.855077 -0.198630
2  6.027522 -0.000324 0.000193  -1.001985 -1.029413 -1.227186
3  11.692109 0.000643 -0.000738  -1.376761 -0.000010 -1.272357
4  11.480722 0.000701 -0.000228  1.257604 -0.727791 0.060675
5  3.859508 -0.142880 -1.192049  -0.550885 -0.255832 -1.866282
6  1.312589 0.000013 0.000008  -0.134281 -0.007565 -0.192402
7  0.729354 0.000054 0.000049  -0.007819 -0.009377 -0.049784
8  3.942142 0.046272 -0.431512  -0.484645 0.035664 -1.413041
9  1.539111 0.000085 0.000006  -0.033414 -0.056767 -0.605686
10  1.196332 0.000145 0.000027  0.006942 0.002367 -0.289526
11  3.883505 -0.047270 0.431381  -0.270346 0.409995 -0.746893
12  1.719572 -0.000028 0.000013  0.028923 -0.121328 -1.267494
13  1.209179 0.000091 0.000011  -0.006830 -0.001497 -0.302684
14  4.085221 -0.082716 1.151041  0.033977 0.537783 -0.030448
15  1.719450 -0.000012 0.000024  0.011888 -0.076325 -0.864457
16  1.099675 0.000049 0.000005  -0.070446 0.038185 -1.423970
17  0.971587 -1.283500 0.847609  -0.978328 -0.625347 -0.310208
18  1.789820 -0.000003 -0.000017  0.000999 -0.014468 0.721478
19  1.207015 -0.000012 -0.000044  0.001593 -0.000026 -0.111145
20  5.740635 0.000411 -0.000704  -0.104213 0.000003 0.000071
21  11.481151 0.000352 -0.000704  -0.046589 -0.126463 -0.021022
22  6.027524 -0.000329 0.000203  1.746752 -0.514795 1.567826
23  0.000004 11.692097 -0.000008  -0.892484 -0.355555 -0.718427
24  0.000003 0.000007 -0.000001  -0.507672 -0.000031 1.570739
25  -0.000000 -0.000011 -0.000001  0.868957 0.000002 1.570712
26  -6.058132 -9.382125 1.249891  1.473120 1.855075 -0.198639
27  6.027510 -0.000263 -0.000226  1.747652 1.019073 -0.295814
28  11.691992 0.000245 0.000856  0.231849 0.000036 -1.361706
29  11.479976 -0.000359 0.000931  -1.153021 0.009724 0.925474
30  3.859436 -0.132789 1.193062  0.438619 -0.044649 -1.771803
31  1.312558 0.000025 -0.000000  -0.013037 -0.037891 -0.425421
32  0.729345 0.000065 -0.000027  -0.153895 -0.063116 -0.920568
33  3.942047 0.050108 0.430996  0.265395 -0.103801 -1.499209
34  1.539096 0.000010 0.000000  0.022703 -0.044531 -1.065021
35  1.196299 0.000076 -0.000004  -0.163650 -0.034907 -0.863839
36  3.883411 -0.050502 -0.431087  0.225816 -0.256459 -1.272296
37  1.719563 -0.000079 -0.000003  0.000414 -0.060778 -1.475435
38  1.209196 0.000035 0.000012  -0.217715 0.034571 -0.585675
39  3.806438 -0.112148 -1.295330  -0.028805 0.243340 -0.117787
40  1.719411 -0.000099 -0.000034  0.356276 -0.218063 -1.380320
41  1.099673 0.000026 0.000007  0.059920 -0.008679 -0.824866
42  0.834386 -0.345350 -1.252927  0.960759 0.188111 -0.780082
43  1.789779 -0.000009 -0.000042  0.010021 0.012876 0.083959
44  1.206997 -0.000006 0.000005  -0.000670 -0.051863 1.168803
45  5.740573 0.000054 0.000723  0.145106 -0.000014 0.000021
46  11.480940 -0.000036 0.000936  0.085689 0.014893 0.168115
47  6.027514 -0.000273 -0.000239  -1.081439 -0.265890 -1.408395
48  -0.000002 11.691975 -0.000006  -0.946786 0.401406 0.756074
49  0.000003 -0.000001 -0.000000  2.504383 -0.000041 1.570856
50  -0.000008 -0.000016 0.000005  2.272644 -0.000030 1.570865
51  -3.424038 -7.635965 -4.536061  2.863932 0.199397 -1.558965
52  -0.000000 0.000001 -0.000000  0.008153 -0.000259 0.000009
53  0.000001 -0.000000 -0.000001  1.565115 0.043565 -0.106862
54  0.993193 -18.722164 -6.913331  -1.157363 0.043399 -1.786093
55  -0.000001 -0.000000 0.000000  0.000000 -0.000000 -0.000002
56  0.000028 0.000029 0.000001  -1.571901 -0.044449 -0.106509
57  8.677561 -18.107952 -18.712488  1.570796 -0.000000 0.000000
58  -16.922342 4.543208 -16.901630  1.570796 -0.000000 0.000000
59  1.250198 -1.056810 -4.940834  1.570796 -0.000000 0.000000
60  -0.004311 0.001230 -0.000371  0.006898 -0.005534 -0.284229
61  1.249890 10.310402 -4.291952  1.570796 -0.000000 0.000000
62  0.000000 0.000000 0.000000  -0.078727 -3.136056 0.284226
63  0.000000 0.000000 0.000000  1.569669 -0.002344 -0.003006
64  -1.085235 -13.133375 -2.667642  1.764182 0.162932 0.172494
65  -0.219072 -1.337187 -0.135916  0.000000 0.000000 0.000000
66  -0.219078 0.187971 19.478252  0.000000 0.000000 0.000000
67  -0.245097 -1.134826 1.111317  0.000000 0.000000 0.000000
68  -0.104048 -4.495923 7.879279  0.000000 0.000000 0.000000
69  -0.196260 4.329339 -6.347001  0.000000 0.000000 0.000000
70  -0.215011 -1.060586 6.486652  0.000000 0.000000 0.000000
71  -0.711755 -18.055370 -4.271971  1.764182 0.162932 0.172494
time 11
0  0.000006 0.000000 0.000000  -1.570800 -1.391899 -1.570792
1  -4.639875 1.654852 1.062657  -1.544956 -1.855077 -0.198630
2  6.027523 -0.000326 0.000192  -0.902088 -1.103288 -1.325481
3  11.692110 0.000645 -0.000741  -1.375300 -0.000007 -1.223893
4  11.480090 0.000646 -0.000511  1.287271 -0.673176 0.110363
5  3.859510 -0.142879 -1.192049  -0.550885 -0.255832 -1.866282
6  1.312590 0.000010 0.000006  -0.134281 -0.007565 -0.192402
7  0.729355 0.000053 0.000049  -0.007819 -0.009377 -0.049784
8  3.942145 0.046273 -0.431511  -0.484645 0.035664 -1.413041
9  1.539112 0.000083 0.000004  -0.033414 -0.056767 -0.605686
10  1.196331 0.000144 0.000030  0.006943 0.002367 -0.289526
11  3.883507 -0.047269 0.431382  -0.270346 0.409995 -0.746893
12  1.719574 -0.000026 0.000014  0.028923 -0.121328 -1.267494
13  1.209178 0.000091 0.000012  -0.006830 -0.001497 -0.302684
14  4.085224 -0.082715 1.151042  0.033977 0.537783 -0.030448
15  1.719449 -0.000012 0.000022  0.011888 -0.076325 -0.864457
16  1.099675 0.000047 0.000004  -0.070446 0.038185 -1.423970
17  0.971588 -1.283499 0.847609  -0.978328 -0.625347 -0.310208
18  1.789820 -0.000003 -0.000018  0.000998 -0.014468 0.721478
19  1.207015 -0.000012 -0.000043  0.001593 -0.000026 -0.111145
20  5.740638 0.000410 -0.000703  -0.092297 0.000003 0.000071
21  11.481026 0.000341 -0.000761  -0.040082 -0.116326 -0.008021
22  6.027524 -0.000331 0.000203  1.670886 -0.457530 1.592537
23  0.000000 11.692099 -0.000007  -0.862620 -0.331490 -0.697195
24  0.000003 0.000008 -0.000002  -0.506214 -0.000030 1.570738
25  -0.000001 -0.000011 -0.000000  0.868957 0.000002 1.570712
26  -5.954125 -9.419956 1.328495  1.473120 1.855075 -0.198639
27  6.027510 -0.000263 -0.000224  1.744371 0.974997 -0.306319
28  11.691990 0.000243 0.000854  0.252630 0.000043 -1.449207
29  11.480702 0.000031 0.000848  -1.086581 0.128455 0.969822
30  3.859436 -0.132788 1.193062  0.433514 -0.043279 -1.769574
31  1.312558 0.000024 0.000000  -0.012958 -0.037273 -0.476212
32  0.729345 0.000065 -0.000027  -0.158436 -0.052947 -0.914357
33  3.942046 0.050109 0.430996  0.275399 -0.102918 -1.504777
34  1.539097 0.000011 0.000000  0.019320 -0.042768 -1.071460
35  1.196299 0.000076 -0.000005  -0.147754 -0.032744 -0.876547
36  3.883411 -0.050501 -0.431088  0.233018 -0.253357 -1.283376
37  1.719564 -0.000077 -0.000003  -0.003360 -0.052047 -1.474040
38  1.209196 0.000036 0.000012  -0.197415 0.029125 -0.603265
39  3.806437 -0.112148 -1.295329  -0.028805 0.243340 -0.117787
40  1.719411 -0.000099 -0.000034  0.356276 -0.218063 -1.380320
41  1.099673 0.000025 0.000007  0.059920 -0.008679 -0.824866
42  0.839663 -0.342655 -1.240774  0.955047 0.192143 -0.776532
43  1.789779 -0.000009 -0.000042  0.011790 0.015778 0.074840
44  1.206997 -0.000006 0.000005  -0.001496 -0.061488 1.189349
45  5.740571 0.000055 0.000724  0.161849 -0.000014 0.000021
46  11.481085 0.000042 0.000919  0.087540 0.044054 0.170981
47  6.027514 -0.000273 -0.000238  -1.041080 -0.286827 -1.427158
48  -0.000003 11.691973 -0.000006  -0.999244 0.448096 0.790960
49  0.000003 -0.000002 -0.000000  2.525162 -0.000041 1.570856
50  -0.000006 -0.000015 0.000005  2.272644 -0.000030 1.570865
51  -3.462351 -6.966671 -4.428351  2.924632 0.136930 -1.638269
52  0.000001 0.000000 0.000000  0.008153 -0.000259 0.000009
53  -0.000000 0.000000 -0.000000  1.565115 0.043565 -0.106862
54  0.051435 -18.529766 -5.847913  -1.084770 -0.003672 -1.874122
55  0.000003 -0.000001 -0.000000  0.000000 -0.000000 -0.000002
56  0.000032 0.000028 0.000001  -1.571901 -0.044449 -0.106509
57  8.040164 -18.605648 -18.107441  1.570796 -0.000000 0.000000
58  -16.922342 4.543208 -16.901630  1.570796 -0.000000 0.000000
59  1.066973 -0.803173 -4.861527  1.570796 -0.000000 0.000000
60  -0.004311 0.001230 -0.000371  0.006898 -0.005534 -0.284229
61  1.328494 10.329122 -4.182874  1.570796 -0.000000 0.000000
62  0.000000 0.000000 0.000000  -0.078727 -3.136056 0.284226
63  0.000000 0.000000 0.000000  1.570536 -0.000172 -0.003184
64  -1.740296 -12.510760 -2.087393  1.692785 0.113108 0.073193
65  -0.219072 -1.337187 -0.135916  -0.000000 0.000000 0.000000
66  -0.219078 0.187971 19.478249  -0.000000 0.000000 0.000000
67  -0.245097 -1.134826 1.111318  -0.000000 0.000000 0.000000
68  -0.104047 -4.495923 7.879276  -0.000000 0.000000 0.000000
69  -0.196426 4.328794 -6.346970  -0.000000 0.000000 0.000000
70  -0.215446 -1.043968 6.341555  -0.000000 0.000000 0.000000
71  -1.718338 -17.573364 -3.287472  1.692785 0.113108 0.073193
time 12
0  0.000006 0.000000 0.000000  -1.570800 -1.391899 -1.570792
1  -4.605979 1.383232 0.873931  -1.544956 -1.855077 -0.198630
2  6.027523 -0.000326 0.000192  -0.839569 -1.140112 -1.378786
3  11.692110 0.000645 -0.000740  -1.373797 -0.000008 -1.239098
4  11.480022 0.000637 -0.000541  1.318051 -0.657091 0.137854
5  3.859512 -0.142880 -1.192049  -0.550885 -0.255832 -1.866282
6  1.312590 0.000013 0.000007  -0.134281 -0.007565 -0.192402
7  0.729356 0.000054 0.000048  -0.007819 -0.009377 -0.049784
8  3.942145 0.046272 -0.431512  -0.484645 0.035664 -1.413041
9  1.539111 0.000085 0.000005  -0.033414 -0.056767 -0.605686
10  1.196333 0.000144 0.000029  0.006943 0.002367 -0.289526
11  3.883506 -0.047269 0.431380  -0.270346 0.409995 -0.746893
12  1.719573 -0.000029 0.000014  0.028923 -0.121328 -1.267494
13  1.209179 0.000092 0.000011  -0.006830 -0.001497 -0.302684
14  4.085226 -0.082715 1.151041  0.033977 0.537783 -0.030448
15  1.719449 -0.000012 0.000020  0.011888 -0.076325 -0.864457
16  1.099675 0.000048 0.000006  -0.070447 0.038185 -1.423970
17  0.971589 -1.283499 0.847608  -0.978328 -0.625347 -0.310208
18  1.789817 -0.000004 -0.000019  0.000998 -0.014468 0.721478
19  1.207015 -0.000012 -0.000044  0.001594 -0.000026 -0.111145
20  5.740638 0.000411 -0.000702  -0.087257 0.000003 0.000071
21  11.481013 0.000339 -0.000764  -0.033575 -0.113228 -0.000304
22  6.027524 -0.000330 0.000203  1.633797 -0.426422 1.611432
23  0.000002 11.692101 -0.000008  -0.872020 -0.338976 -0.703918
24  0.000003 0.000009 -0.000002  -0.504711 -0.000031 1.570739
25  0.000000 -0.000011 -0.000001  0.868957 0.000002 1.570712
26  -5.846996 -9.458923 1.409460  1.473120 1.855075 -0.198639
27  6.027509 -0.000262 -0.000225  1.728640 0.917518 -0.325990
28  11.691993 0.000242 0.000853  0.275703 0.000050 -1.556084
29  11.479847 -0.000460 0.000986  -1.034454 0.233421 1.003070
30  3.859437 -0.132788 1.193062  0.428259 -0.041855 -1.767286
31  1.312558 0.000026 0.000000  -0.012910 -0.036632 -0.528633
32  0.729345 0.000065 -0.000027  -0.163045 -0.042442 -0.908011
33  3.942046 0.050108 0.430996  0.285699 -0.101950 -1.510503
34  1.539097 0.000010 0.000000  0.015823 -0.040975 -1.078099
35  1.196300 0.000075 -0.000004  -0.131407 -0.030305 -0.889602
36  3.883411 -0.050502 -0.431087  0.240393 -0.250081 -1.294756
37  1.719564 -0.000077 -0.000003  -0.007233 -0.043047 -1.472637
38  1.209198 0.000036 0.000011  -0.176399 0.023888 -0.621503
39  3.806438 -0.112148 -1.295330  -0.028805 0.243340 -0.117787
40  1.719412 -0.000099 -0.000034  0.356276 -0.218063 -1.380320
41  1.099674 0.000027 0.000007  0.059920 -0.008679 -0.824866
42  0.845099 -0.339880 -1.228256  0.949174 0.196316 -0.772897
43  1.789779 -0.000009 -0.000042  0.013584 0.018785 0.065451
44  1.206997 -0.000006 0.000006  -0.002554 -0.071387 1.210542
45  5.740571 0.000055 0.000723  0.175094 -0.000014 0.000021
46  11.480913 -0.000056 0.000947  0.086796 0.068809 0.170819
47  6.027514 -0.000273 -0.000238  -0.991001 -0.320064 -1.449032
48  -0.000004 11.691976 -0.000006  -1.062533 0.507273 0.830882
49  0.000003 -0.000001 -0.000000  2.548231 -0.000041 1.570856
50  -0.000008 -0.000015 0.000005  2.272644 -0.000030 1.570865
51  -3.490787 -6.115670 -4.467995  -0.164699 3.063717 1.451613
52  -0.000000 0.000000 0.000000  0.008153 -0.000259 0.000009
53  0.000000 -0.000000 -0.000001  1.565115 0.043565 -0.106862
54  -0.601920 -17.924295 -4.995172  -1.020265 -0.048716 -1.933128
55  0.000001 -0.000000 0.000001  0.000000 -0.000000 -0.000002
56  0.000031 0.000029 0.000001  -1.571901 -0.044449 -0.106509
57  7.575355 -18.968590 -17.623390  1.570796 -0.000000 0.000000
58  -16.922342 4.543208 -16.901630  1.570796 -0.000000 0.000000
59  0.878246 -0.541920 -4.779839  1.570796 -0.000000 0.000000
60  -0.004311 0.001230 -0.000371  0.006898 -0.005534 -0.284229
61  1.409459 10.348404 -4.070520  1.570796 -0.000000 0.000000
62  0.000000 0.000000 0.000000  -0.078727 -3.136056 0.284226
63  0.000000 0.000000 0.000000  1.571404 0.000740 -0.003247
64  -2.202469 -11.583584 -1.706721  1.627025 0.069536 0.009876
65  -0.219072 -1.337187 -0.135915  0.000000 -0.000000 0.000000
66  -0.219078 0.187971 19.478251  0.000000 -0.000000 0.000000
67  -0.245097 -1.134826 1.111317  0.000000 -0.000000 0.000000
68  -0.104048 -4.495923 7.879279  0.000000 -0.000000 0.000000
69  -0.196595 4.328236 -6.346933  0.000000 -0.000000 0.000000
70  -0.215889 -1.027022 6.193596  0.000000 -0.000000 0.000000
71  -2.419030 -16.733917 -2.509826  1.627025 0.069536 0.009876
time 13
0  0.000006 0.000000 0.000000  -1.570800 -1.391899 -1.570792
1  -4.571749 1.108935 0.683344  -1.544956 -1.855077 -0.198630
2  6.027523 -0.000325 0.000192  -0.851481 -1.141566 -1.354595
3  11.692110 0.000645 -0.000740  -1.372280 -0.000013 -1.315423
4  11.480404 0.000666 -0.000404  1.348672 -0.681926 0.147824
5  3.859510 -0.142879 -1.192048  -0.550885 -0.255832 -1.866282
6  1.312590 0.000012 0.000006  -0.134281 -0.007565 -0.192402
7  0.729354 0.000053 0.000048  -0.007819 -0.009377 -0.049784
8  3.942143 0.046273 -0.431511  -0.484645 0.035664 -1.413041
9  1.539110 0.000086 0.000005  -0.033414 -0.056767 -0.605686
10  1.196331 0.000144 0.000028  0.006943 0.002367 -0.289526
11  3.883506 -0.047269 0.431383  -0.270346 0.409995 -0.746893
12  1.719572 -0.000026 0.000015  0.028923 -0.121328 -1.267494
13  1.209180 0.000092 0.000011  -0.006830 -0.001497 -0.302684
14  4.085223 -0.082715 1.151041  0.033977 0.537783 -0.030448
15  1.719450 -0.000012 0.000022  0.011888 -0.076325 -0.864457
16  1.099676 0.000048 0.000006  -0.070447 0.038185 -1.423970
17  0.971588 -1.283499 0.847610  -0.978328 -0.625346 -0.310208
18  1.789820 -0.000003 -0.000019  0.000998 -0.014468 0.721478
19  1.207016 -0.000012 -0.000044  0.001593 -0.000026 -0.111145
20  5.740637 0.000410 -0.000700  -0.089498 0.000003 0.000070
21  11.481088 0.000344 -0.000735  -0.026827 -0.117861 0.003059
22  6.027524 -0.000329 0.000203  1.638929 -0.424205 1.622677
23  0.000001 11.692099 -0.000007  -0.918788 -0.377429 -0.736806
24  0.000004 0.000009 0.000000  -0.503190 -0.000031 1.570738
25  -0.000000 -0.000011 -0.000000  0.868957 0.000002 1.570712
26  -5.738810 -9.498274 1.491223  1.473120 1.855075 -0.198639
27  6.027508 -0.000263 -0.000224  1.702009 0.849500 -0.351268
28  11.691993 0.000241 0.000857  0.300921 0.000060 -1.672962
29  11.479041 -0.000851 0.001127  -1.000036 0.316236 1.018584
30  3.859437 -0.132789 1.193062  0.422955 -0.040406 -1.764983
31  1.312559 0.000026 -0.000000  -0.012896 -0.035983 -0.581606
32  0.729344 0.000065 -0.000028  -0.167630 -0.031804 -0.901654
33  3.942046 0.050109 0.430996  0.296093 -0.100914 -1.516275
34  1.539097 0.000012 0.000001  0.012280 -0.039188 -1.084809
35  1.196298 0.000076 -0.000005  -0.114932 -0.027626 -0.902744
36  3.883411 -0.050502 -0.431087  0.247796 -0.246690 -1.306213
37  1.719564 -0.000077 -0.000003  -0.011129 -0.033953 -1.471257
38  1.209198 0.000035 0.000012  -0.155080 0.018989 -0.640031
39  3.806437 -0.112148 -1.295329  -0.028805 0.243340 -0.117787
40  1.719413 -0.000099 -0.000034  0.356276 -0.218063 -1.380320
41  1.099673 0.000027 0.000007  0.059920 -0.008679 -0.824866
42  0.850589 -0.337077 -1.215615  0.943253 0.200553 -0.769248
43  1.789778 -0.000010 -0.000042  0.015368 0.021838 0.055974
44  1.206996 -0.000006 0.000006  -0.003837 -0.081359 1.231973
45  5.740573 0.000055 0.000724  0.183029 -0.000014 0.000021
46  11.480754 -0.000134 0.000975  0.084506 0.087074 0.167804
47  6.027514 -0.000274 -0.000236  -0.933717 -0.364792 -1.472956
48  -0.000002 11.691975 -0.000008  -1.131145 0.574399 0.871036
49  0.000003 -0.000002 0.000000  2.573447 -0.000041 1.570856
50  -0.000007 -0.000016 0.000005  2.272644 -0.000030 1.570865
51  -3.506595 -5.140795 -4.665840  -0.123798 3.113354 1.433609
52  0.000000 -0.000000 -0.000001  0.008153 -0.000259 0.000009
53  -0.000000 -0.000000 -0.000001  1.565115 0.043565 -0.106862
54  -0.851238 -17.013916 -4.453327  -0.968444 -0.086914 -1.956816
55  0.000000 0.000000 0.000000  0.000000 -0.000000 -0.000002
56  0.000030 0.000030 0.000001  -1.571901 -0.044449 -0.106509
57  7.295415 -19.187176 -17.271454  1.570796 -0.000000 0.000000
58  -16.922342 4.543208 -16.901630  1.570796 -0.000000 0.000000
59  0.687659 -0.278091 -4.697345  1.570796 -0.000000 0.000000
60  -0.004311 0.001230 -0.000371  0.006898 -0.005534 -0.284229
61  1.491222 10.367876 -3.957059  1.570796 -0.000000 0.000000
62  0.000000 0.000000 0.000000  -0.078727 -3.136056 0.284226
63  0.000000 0.000000 0.000000  1.571808 -0.012466 -0.001090
64  -2.427328 -10.473083 -1.569975  1.572563 0.035270 -0.013152
65  -0.219072 -1.337187 -0.135916  0.000000 -0.000000 0.000000
66  -0.219078 0.187972 19.478251  0.000000 -0.000000 0.000000
67  -0.245097 -1.134826 1.111317  0.000000 -0.000000 0.000000
68  -0.104047 -4.495924 7.879278  0.000000 -0.000000 0.000000
69  -0.196764 4.327676 -6.346906  0.000000 -0.000000 0.000000
70  -0.216334 -1.009967 6.044687  0.000000 -0.000000 0.000000
71  -2.723159 -15.677731 -2.021242  1.572563 0.035270 -0.013152
time 14
0  0.000006 0.000000 0.000000  -1.570800 -1.391899 -1.570792
1  -4.537852 0.837315 0.494616  -1.544956 -1.855077 -0.198630
2  6.027523 -0.000325 0.000192  -0.905072 -1.119100 -1.280764
3  11.692108 0.000643 -0.000739  -1.370778 -0.000018 -1.413385
4  11.479788 0.000600 -0.000741  1.368776 -0.721572 0.144285
5  3.859510 -0.142880 -1.192050  -0.550885 -0.255832 -1.866282
6  1.312590 0.000012 0.000008  -0.134281 -0.007565 -0.192402
7  0.729355 0.000053 0.000049  -0.007819 -0.009377 -0.049784
8  3.942145 0.046273 -0.431512  -0.484645 0.035664 -1.413041
9  1.539111 0.000084 0.000007  -0.033414 -0.056767 -0.605686
10  1.196333 0.000146 0.000029  0.006943 0.002367 -0.289526
11  3.883504 -0.047269 0.431381  -0.270346 0.409995 -0.746893
12  1.719573 -0.000026 0.000017  0.028923 -0.121328 -1.267494
13  1.209179 0.000091 0.000011  -0.006830 -0.001497 -0.302684
14  4.085223 -0.082716 1.151040  0.033977 0.537783 -0.030448
15  1.719450 -0.000010 0.000023  0.011888 -0.076325 -0.864457
16  1.099675 0.000049 0.000006  -0.070447 0.038185 -1.423970
17  0.971588 -1.283499 0.847609  -0.978328 -0.625347 -0.310208
18  1.789819 -0.000002 -0.000017  0.000998 -0.014468 0.721478
19  1.207016 -0.000012 -0.000044  0.001593 -0.000026 -0.111145
20  5.740637 0.000410 -0.000701  -0.097055 0.000003 0.000071
21  11.480966 0.000331 -0.000806  -0.022290 -0.125385 0.002905
22  6.027524 -0.000330 0.000203  1.668412 -0.441819 1.635655
23  0.000003 11.692099 -0.000008  -0.977901 -0.428805 -0.776877
24  0.000003 0.000007 -0.000002  -0.501683 -0.000031 1.570739
25  -0.000001 -0.000011 -0.000000  0.868957 0.000002 1.570712
26  -5.631681 -9.537242 1.572187  1.473120 1.855075 -0.198639
27  6.027509 -0.000261 -0.000226  1.667088 0.777462 -0.377435
28  11.691993 0.000242 0.000855  0.328029 0.000068 -1.781955
29  11.479845 -0.000466 0.001032  -0.983245 0.382448 1.018392
30  3.859435 -0.132789 1.193062  0.417708 -0.038959 -1.762709
31  1.312558 0.000026 -0.000000  -0.012916 -0.035341 -0.634024
32  0.729345 0.000066 -0.000027  -0.172101 -0.021241 -0.895409
33  3.942044 0.050108 0.430997  0.306378 -0.099828 -1.521978
34  1.539096 0.000010 -0.000001  0.008761 -0.037442 -1.091459
35  1.196299 0.000075 -0.000005  -0.098656 -0.024760 -0.915710
36  3.883410 -0.050502 -0.431087  0.255080 -0.243252 -1.317522
37  1.719563 -0.000077 -0.000003  -0.014975 -0.024943 -1.469926
38  1.209198 0.000035 0.000012  -0.133890 0.014530 -0.658471
39  3.806437 -0.112148 -1.295329  -0.028805 0.243340 -0.117787
40  1.719412 -0.000099 -0.000034  0.356276 -0.218063 -1.380320
41  1.099673 0.000026 0.000006  0.059920 -0.008679 -0.824866
42  0.856025 -0.334301 -1.203097  0.937400 0.204768 -0.765657
43  1.789779 -0.000009 -0.000042  0.017105 0.024878 0.046595
44  1.206996 -0.000006 0.000006  -0.005320 -0.091204 1.253224
45  5.740571 0.000055 0.000724  0.183845 -0.000014 0.000021
46  11.480912 -0.000058 0.000956  0.080812 0.100080 0.162915
47  6.027515 -0.000273 -0.000237  -0.874886 -0.417776 -1.496180
48  -0.000002 11.691975 -0.000006  -1.195050 0.638986 0.904981
49  0.000003 -0.000001 0.000000  2.600555 -0.000041 1.570856
50  -0.000006 -0.000015 0.000005  2.272644 -0.000030 1.570865
51  -3.515671 -4.187370 -5.009525  -0.097135 -3.135632 1.435507
52  0.000000 0.000000 -0.000000  0.008153 -0.000259 0.000009
53  -0.000000 -0.000000 0.000000  1.565115 0.043565 -0.106862
54  -0.851429 -16.038834 -4.294174  -0.933960 -0.113430 -1.958664
55  -0.000002 0.000000 0.000000  0.000000 -0.000000 -0.000002
56  0.000028 0.000029 0.000001  -1.571901 -0.044449 -0.106509
57  7.202790 -19.259499 -17.055128  1.570796 -0.000000 0.000000
58  -16.922342 4.543208 -16.901630  1.570796 -0.000000 0.000000
59  0.498931 -0.016838 -4.615657  1.570796 -0.000000 0.000000
60  -0.004311 0.001230 -0.000371  0.006898 -0.005534 -0.284229
61  1.572187 10.387158 -3.844706  1.570796 -0.000000 0.000000
62  0.000000 0.000000 0.000000  -0.078727 -3.136056 0.284226
63  0.000000 0.000000 0.000000  1.571547 -0.002409 0.001079
64  -2.497777 -9.397726 -1.693115  1.535334 0.013018 -0.012450
65  -0.219072 -1.337187 -0.135917  0.000000 -0.000000 0.000000
66  -0.219078 0.187971 19.478251  0.000000 -0.000000 0.000000
67  -0.245097 -1.134826 1.111317  0.000000 -0.000000 0.000000
68  -0.104048 -4.495923 7.879279  0.000000 -0.000000 0.000000
69  -0.196932 4.327118 -6.346870  0.000000 -0.000000 0.000000
70  -0.216777 -0.993021 5.896728  0.000000 -0.000000 0.000000
71  -2.777044 -14.636279 -1.875584  1.535334 0.013018 -0.012450
time 15
0  0.000006 0.000000 0.000000  -1.570800 -1.391899 -1.570792
1  -4.504945 0.573614 0.311392  -1.544956 -1.855077 -0.198630
2  6.027522 -0.000325 0.000193  -0.950178 -1.090512 -1.204352
3  11.692108 0.000643 -0.000738  -1.369317 -0.000021 -1.485717
4  11.480587 0.000677 -0.000348  1.364152 -0.746979 0.133761
5  3.859511 -0.142880 -1.192049  -0.550885 -0.255832 -1.866282
6  1.312588 0.000011 0.000007  -0.134281 -0.007565 -0.192402
7  0.729355 0.000054 0.000051  -0.007819 -0.009377 -0.049784
8  3.942142 0.046272 -0.431512  -0.484645 0.035664 -1.413041
9  1.539111 0.000086 0.000007  -0.033414 -0.056767 -0.605686
10  1.196332 0.000147 0.000031  0.006943 0.002367 -0.289526
11  3.883504 -0.047270 0.431381  -0.270346 0.409995 -0.746893
12  1.719573 -0.000028 0.000014  0.028923 -0.121328 -1.267494
13  1.209180 0.000091 0.000014  -0.006830 -0.001497 -0.302684
14  4.085225 -0.082716 1.151041  0.033977 0.537783 -0.030448
15  1.719451 -0.000012 0.000022  0.011888 -0.076325 -0.864457
16  1.099674 0.000048 0.000005  -0.070447 0.038185 -1.423970
17  0.971588 -1.283499 0.847610  -0.978328 -0.625347 -0.310208
18  1.789821 -0.000002 -0.000018  0.000998 -0.014468 0.721478
19  1.207016 -0.000012 -0.000043  0.001593 -0.000026 -0.111145
20  5.740638 0.000410 -0.000703  -0.105322 0.000003 0.000070
21  11.481126 0.000346 -0.000727  -0.023012 -0.130356 0.000030
22  6.027524 -0.000329 0.000203  1.698162 -0.464451 1.658739
23  0.000003 11.692099 -0.000007  -1.021003 -0.468081 -0.804892
24  0.000005 0.000009 -0.000001  -0.500218 -0.000031 1.570739
25  -0.000000 -0.000011 -0.000001  0.868957 0.000002 1.570712
26  -5.527675 -9.575072 1.650792  1.473120 1.855075 -0.198639
27  6.027508 -0.000260 -0.000225  1.635760 0.715120 -0.396887
28  11.691992 0.000243 0.000853  0.356639 0.000074 -1.860922
29  11.479146 -0.000821 0.001188  -0.984925 0.433594 1.012348
30  3.859436 -0.132788 1.193062  0.412616 -0.037542 -1.760510
31  1.312559 0.000027 0.000000  -0.012967 -0.034721 -0.684810
32  0.729345 0.000065 -0.000028  -0.176379 -0.010962 -0.889394
33  3.942045 0.050109 0.430997  0.316356 -0.098719 -1.527503
34  1.539097 0.000012 -0.000000  0.005333 -0.035769 -1.097921
35  1.196299 0.000075 -0.000004  -0.082898 -0.021778 -0.928247
36  3.883411 -0.050502 -0.431086  0.262106 -0.239839 -1.328467
37  1.719565 -0.000077 -0.000003  -0.018695 -0.016192 -1.468666
38  1.209198 0.000035 0.000011  -0.113256 0.010578 -0.676449
39  3.806437 -0.112148 -1.295329  -0.028805 0.243340 -0.117787
40  1.719411 -0.000099 -0.000034  0.356276 -0.218063 -1.380320
41  1.099673 0.000025 0.000006  0.059920 -0.008679 -0.824866
42  0.861302 -0.331607 -1.190943  0.931728 0.208880 -0.762192
43  1.789779 -0.000009 -0.000043  0.018765 0.027844 0.037495
44  1.206996 -0.000006 0.000006  -0.006961 -0.100726 1.273880
45  5.740571 0.000055 0.000724  0.178197 -0.000014 0.000021
46  11.480773 -0.000129 0.000987  0.075481 0.108614 0.158587
47  6.027516 -0.000272 -0.000235  -0.823963 -0.465698 -1.516131
48  -0.000000 11.691974 -0.000005  -1.241627 0.686828 0.927304
49  0.000003 -0.000001 -0.000000  2.629165 -0.000041 1.570856
50  -0.000005 -0.000015 0.000005  2.272644 -0.000030 1.570865
51  -3.545172 -3.458809 -5.360335  -0.087600 -3.122895 1.439122
52  0.000000 -0.000000 0.000000  0.008153 -0.000259 0.000009
53  0.000000 0.000000 0.000000  1.565115 0.043565 -0.106862
54  -0.842999 -15.289034 -4.459677  -0.921450 -0.123371 -1.956409
55  -0.000001 -0.000000 -0.000000  0.000000 -0.000000 -0.000002
56  0.000030 0.000029 0.000001  -1.571901 -0.044449 -0.106509
57  7.230103 -19.202423 -16.913216  1.570796 -0.000000 0.000000
58  -16.922342 4.543208 -16.901630  1.570796 -0.000000 0.000000
59  0.315706 0.236799 -4.536350  1.570796 -0.000000 0.000000
60  -0.004311 0.001230 -0.000371  0.006898 -0.005534 -0.284229
61  1.650791 10.405878 -3.735628  1.570796 -0.000000 0.000000
62  0.000000 0.000000 0.000000  -0.078727 -3.136056 0.284226
63  0.000000 0.000000 0.000000  1.570994 0.007649 0.000403
64  -2.533953 -8.618752 -1.964022  1.521524 0.005116 -0.008843
65  -0.219072 -1.337187 -0.135918  -0.000000 0.000000 0.000000
66  -0.219078 0.187972 19.478247  -0.000000 0.000000 0.000000
67  -0.245097 -1.134826 1.111315  -0.000000 0.000000 0.000000
68  -0.104047 -4.495923 7.879275  -0.000000 0.000000 0.000000
69  -0.197098 4.326571 -6.346840  -0.000000 0.000000 0.000000
70  -0.217211 -0.976402 5.751630  -0.000000 0.000000 0.000000
71  -2.792607 -13.878943 -1.997460  1.521524 0.005116 -0.008843
time 16
0  0.000006 0.000000 0.000000  -1.570800 -1.391899 -1.570792
1  -4.473639 0.322747 0.137085  -1.544956 -1.855077 -0.198630
2  6.027522 -0.000326 0.000193  -0.970737 -1.072125 -1.149500
3  11.692108 0.000644 -0.000739  -1.367922 -0.000022 -1.502119
4  11.480447 0.000660 -0.000434  1.327035 -0.736957 0.100531
5  3.859509 -0.142880 -1.192049  -0.550885 -0.255832 -1.866282
6  1.312591 0.000011 0.000008  -0.134281 -0.007565 -0.192402
7  0.729355 0.000053 0.000049  -0.007819 -0.009376 -0.049784
8  3.942142 0.046273 -0.431512  -0.484645 0.035664 -1.413041
9  1.539112 0.000083 0.000005  -0.033414 -0.056767 -0.605686
10  1.196332 0.000145 0.000030  0.006943 0.002367 -0.289526
11  3.883507 -0.047269 0.431382  -0.270346 0.409995 -0.746893
12  1.719573 -0.000028 0.000014  0.028923 -0.121328 -1.267494
13  1.209180 0.000091 0.000012  -0.006830 -0.001497 -0.302684
14  4.085222 -0.082716 1.151041  0.033977 0.537783 -0.030448
15  1.719449 -0.000012 0.000024  0.011888 -0.076325 -0.864457
16  1.099675 0.000051 0.000006  -0.070447 0.038185 -1.423970
17  0.971587 -1.283499 0.847609  -0.978328 -0.625347 -0.310208
18  1.789819 -0.000005 -0.000018  0.000998 -0.014468 0.721478
19  1.207016 -0.000012 -0.000044  0.001593 -0.000026 -0.111145
20  5.740637 0.000410 -0.000704  -0.113649 0.000003 0.000071
21  11.481096 0.000343 -0.000745  -0.031714 -0.128366 -0.008734
22  6.027525 -0.000330 0.000203  1.714485 -0.479287 1.688024
23  0.000002 11.692099 -0.000006  -1.030724 -0.477136 -0.811056
24  0.000005 0.000009 -0.000001  -0.498822 -0.000031 1.570739
25  -0.000000 -0.000012 -0.000001  0.868957 0.000002 1.570712
26  -5.428730 -9.611063 1.725570  1.473120 1.855075 -0.198639
27  6.027507 -0.000261 -0.000227  1.623310 0.674043 -0.405381
28  11.691990 0.000243 0.000854  0.386222 0.000075 -1.890493
29  11.478889 -0.000914 0.001261  -1.039475 0.461701 0.986508
30  3.859436 -0.132788 1.193062  0.407776 -0.036184 -1.758425
31  1.312559 0.000026 -0.000000  -0.013045 -0.034136 -0.732970
32  0.729346 0.000065 -0.000027  -0.180389 -0.001161 -0.883713
33  3.942046 0.050108 0.430997  0.325839 -0.097614 -1.532747
34  1.539096 0.000011 -0.000001  0.002062 -0.034198 -1.104072
35  1.196299 0.000074 -0.000004  -0.067951 -0.018760 -0.940122
36  3.883412 -0.050502 -0.431087  0.268747 -0.236523 -1.338845
37  1.719564 -0.000077 -0.000003  -0.022224 -0.007863 -1.467499
38  1.209198 0.000035 0.000011  -0.093582 0.007168 -0.693607
39  3.806438 -0.112148 -1.295330  -0.028805 0.243340 -0.117787
40  1.719411 -0.000099 -0.000033  0.356276 -0.218063 -1.380320
41  1.099673 0.000025 0.000007  0.059920 -0.008679 -0.824866
42  0.866324 -0.329043 -1.179383  0.926342 0.212810 -0.758916
43  1.789779 -0.000009 -0.000042  0.020318 0.030680 0.028842
44  1.206996 -0.000006 0.000006  -0.008706 -0.109745 1.293552
45  5.740573 0.000054 0.000723  0.161131 -0.000014 0.000021
46  11.480722 -0.000148 0.001002  0.063982 0.108324 0.155046
47  6.027515 -0.000273 -0.000237  -0.786888 -0.492083 -1.533742
48  -0.000003 11.691973 -0.000006  -1.259190 0.704947 0.935135
49  0.000003 -0.000001 0.000000  2.658747 -0.000041 1.570856
50  -0.000007 -0.000016 0.000005  2.272644 -0.000030 1.570865
51  -3.684358 -3.169568 -5.582338  -0.119913 -3.121473 1.443082
52  0.000000 0.000000 -0.000001  0.008153 -0.000259 0.000009
53  0.000000 -0.000000 0.000000  1.565115 0.043565 -0.106862
54  -0.915688 -14.992998 -4.802562  -0.952635 -0.132812 -1.949092
55  -0.000000 -0.000001 -0.000000  0.000000 -0.000000 -0.000002
56  0.000030 0.000028 0.000001  -1.571901 -0.044449 -0.106509
57  7.312463 -19.030323 -16.786798  1.570796 -0.000000 0.000000
58  -16.922342 4.543208 -16.901630  1.570796 -0.000000 0.000000
59  0.141399 0.478091 -4.460903  1.570796 -0.000000 0.000000
60  -0.004311 0.001230 -0.000371  0.006898 -0.005534 -0.284229
61  1.725570 10.423687 -3.631858  1.570796 -0.000000 0.000000
62  0.000000 0.000000 0.000000  -0.078727 -3.136056 0.284226
63  0.000000 0.000000 0.000000  1.570436 0.002329 -0.000856
64  -2.547281 -8.335262 -2.234930  1.524063 0.037354 -0.005455
65  -0.219072 -1.337187 -0.135918  0.000000 -0.000000 0.000000
66  -0.219078 0.187971 19.478249  0.000000 -0.000000 0.000000
67  -0.245097 -1.134826 1.111317  0.000000 -0.000000 0.000000
68  -0.104048 -4.495923 7.879276  0.000000 -0.000000 0.000000
69  -0.197258 4.326043 -6.346810  0.000000 -0.000000 0.000000
70  -0.217631 -0.960331 5.611301  0.000000 -0.000000 0.000000
71  -2.787168 -13.614374 -2.199202  1.524063 0.037354 -0.005455
time 17
0  0.000006 0.000000 0.000000  -1.570800 -1.391899 -1.570792
1  -4.444485 0.089130 -0.025237  -1.544956 -1.855077 -0.198630
2  6.027521 -0.000325 0.000193  -0.983393 -1.068718 -1.118826
3  11.692106 0.000644 -0.000740  -1.366619 -0.000022 -1.482435
4  11.480614 0.000680 -0.000331  1.290585 -0.711167 0.077086
5  3.859507 -0.142881 -1.192049  -0.550885 -0.255832 -1.866282
6  1.312591 0.000013 0.000008  -0.134281 -0.007565 -0.192402
7  0.729355 0.000053 0.000048  -0.007819 -0.009377 -0.049784
8  3.942143 0.046273 -0.431512  -0.484645 0.035664 -1.413041
9  1.539111 0.000083 0.000005  -0.033414 -0.056767 -0.605686
10  1.196333 0.000145 0.000031  0.006942 0.002367 -0.289526
11  3.883503 -0.047270 0.431382  -0.270346 0.409995 -0.746893
12  1.719573 -0.000027 0.000016  0.028924 -0.121328 -1.267494
13  1.209179 0.000091 0.000011  -0.006830 -0.001496 -0.302684
14  4.085220 -0.082716 1.151040  0.033977 0.537783 -0.030448
15  1.719449 -0.000011 0.000021  0.011888 -0.076325 -0.864457
16  1.099674 0.000050 0.000007  -0.070447 0.038185 -1.423970
17  0.971587 -1.283499 0.847609  -0.978328 -0.625347 -0.310208
18  1.789821 -0.000003 -0.000018  0.000998 -0.014468 0.721478
19  1.207016 -0.000011 -0.000043  0.001593 -0.000026 -0.111145
20  5.740637 0.000410 -0.000703  -0.117520 0.000003 0.000071
21  11.481131 0.000347 -0.000723  -0.040154 -0.123225 -0.015138
22  6.027524 -0.000330 0.000203  1.722178 -0.480670 1.704043
23  0.000002 11.692098 -0.000008  -1.019055 -0.466275 -0.803651
24  0.000001 0.000009 -0.000002  -0.497521 -0.000031 1.570739
25  -0.000000 -0.000011 -0.000001  0.868957 0.000002 1.570712
26  -5.336589 -9.644577 1.795207  1.473120 1.855075 -0.198639
27  6.027507 -0.000262 -0.000227  1.624637 0.657731 -0.407329
28  11.691992 0.000242 0.000856  0.416103 0.000074 -1.886768
29  11.478918 -0.000861 0.001281  -1.100881 0.475288 0.955340
30  3.859435 -0.132789 1.193062  0.403272 -0.034911 -1.756489
31  1.312558 0.000026 -0.000000  -0.013142 -0.033597 -0.777633
32  0.729345 0.000065 -0.000026  -0.184073 0.007984 -0.878460
33  3.942045 0.050108 0.430997  0.334662 -0.096539 -1.537620
34  1.539097 0.000011 -0.000000  -0.000991 -0.032754 -1.109804
35  1.196300 0.000075 -0.000005  -0.054075 -0.015792 -0.951132
36  3.883410 -0.050502 -0.431086  0.274894 -0.233376 -1.348480
37  1.719564 -0.000077 -0.000003  -0.025501 -0.000104 -1.466439
38  1.209198 0.000035 0.000011  -0.075234 0.004300 -0.709622
39  3.806437 -0.112148 -1.295329  -0.028805 0.243340 -0.117787
40  1.719412 -0.000099 -0.000035  0.356276 -0.218063 -1.380320
41  1.099673 0.000026 0.000007  0.059920 -0.008679 -0.824866
42  0.870999 -0.326656 -1.168616  0.921334 0.216484 -0.755882
43  1.789779 -0.000009 -0.000043  0.021743 0.033332 0.020788
44  1.206996 -0.000007 0.000006  -0.010491 -0.118105 1.311889
45  5.740571 0.000056 0.000725  0.144158 -0.000014 0.000021
46  11.480727 -0.000136 0.001006  0.052971 0.105110 0.151871
47  6.027515 -0.000274 -0.000237  -0.769597 -0.498056 -1.544725
48  -0.000001 11.691975 -0.000006  -1.256973 0.702659 0.934165
49  0.000004 -0.000003 -0.000000  2.688627 -0.000041 1.570856
50  -0.000006 -0.000015 0.000005  2.272644 -0.000030 1.570865
51  -3.813897 -3.188415 -5.633350  2.988884 -0.017744 -1.693854
52  0.000000 -0.000000 -0.000000  0.008153 -0.000259 0.000009
53  -0.000000 -0.000000 -0.000000  1.565115 0.043565 -0.106862
54  -0.975073 -15.005029 -5.020296  -0.985301 -0.138581 -1.940637
55  0.000000 -0.000000 0.000000  0.000000 -0.000000 -0.000002
56  0.000031 0.000029 0.000001  -1.571901 -0.044449 -0.106509
57  7.447494 -18.748161 -16.678362  1.570796 -0.000000 0.000000
58  -16.922342 4.543208 -16.901630  1.570796 -0.000000 0.000000
59  -0.020923 0.702792 -4.390644  1.570796 -0.000000 0.000000
60  -0.004311 0.001230 -0.000371  0.006898 -0.005534 -0.284229
61  1.795207 10.440271 -3.535224  1.570796 -0.000000 0.000000
62  0.000000 0.000000 0.000000  -0.078727 -3.136056 0.284226
63  0.000000 0.000000 0.000000  1.570187 -0.002991 -0.001533
64  -2.549185 -8.370647 -2.358070  1.530423 0.069611 -0.001079
65  -0.219072 -1.337187 -0.135918  0.000000 0.000000 0.000000
66  -0.219077 0.187971 19.478249  0.000000 0.000000 0.000000
67  -0.245097 -1.134826 1.111315  0.000000 0.000000 0.000000
68  -0.104047 -4.495924 7.879276  0.000000 0.000000 0.000000
69  -0.197410 4.325540 -6.346783  0.000000 0.000000 0.000000
70  -0.218031 -0.945023 5.477647  0.000000 0.000000 0.000000
71  -2.762353 -13.668600 -2.277223  1.530423 0.069611 -0.001079
time 18
0  0.000006 0.000000 0.000000  -1.570800 -1.391899 -1.570792
1  -4.417956 -0.123454 -0.172944  -1.544956 -1.855077 -0.198630
2  6.027522 -0.000326 0.000193  -1.005095 -1.074812 -1.103133
3  11.692107 0.000645 -0.000740  -1.365433 -0.000021 -1.460775
4  11.479112 0.000512 -0.001135  1.276139 -0.697713 0.092018
5  3.859507 -0.142881 -1.192050  -0.550885 -0.255832 -1.866282
6  1.312591 0.000012 0.000007  -0.134281 -0.007565 -0.192402
7  0.729354 0.000054 0.000048  -0.007819 -0.009377 -0.049784
8  3.942141 0.046273 -0.431512  -0.484645 0.035664 -1.413041
9  1.539110 0.000087 0.000005  -0.033414 -0.056767 -0.605686
10  1.196332 0.000144 0.000029  0.006943 0.002367 -0.289526
11  3.883504 -0.047269 0.431381  -0.270346 0.409995 -0.746893
12  1.719573 -0.000027 0.000014  0.028923 -0.121328 -1.267494
13  1.209179 0.000091 0.000010  -0.006830 -0.001496 -0.302684
14  4.085222 -0.082716 1.151041  0.033977 0.537783 -0.030448
15  1.719449 -0.000011 0.000021  0.011888 -0.076325 -0.864457
16  1.099676 0.000048 0.000006  -0.070447 0.038185 -1.423970
17  0.971587 -1.283499 0.847609  -0.978328 -0.625347 -0.310208
18  1.789821 -0.000004 -0.000018  0.000998 -0.014468 0.721478
19  1.207014 -0.000012 -0.000044  0.001593 -0.000026 -0.111145
20  5.740635 0.000411 -0.000701  -0.116209 0.000003 0.000071
21  11.480828 0.000314 -0.000885  -0.042374 -0.120959 -0.012938
22  6.027524 -0.000330 0.000203  1.731008 -0.471537 1.696633
23  -0.000000 11.692097 -0.000007  -1.006185 -0.454415 -0.795385
24  0.000003 0.000009 -0.000002  -0.496336 -0.000031 1.570739
25  -0.000001 -0.000011 -0.000000  0.868957 0.000002 1.570712
26  -5.252745 -9.675075 1.858574  1.473120 1.855075 -0.198639
27  6.027507 -0.000260 -0.000227  1.636015 0.660995 -0.404807
28  11.691991 0.000241 0.000854  0.445481 0.000075 -1.878694
29  11.478988 -0.000788 0.001291  -1.124149 0.480602 0.947659
30  3.859435 -0.132789 1.193062  0.399175 -0.033745 -1.754733
31  1.312558 0.000026 -0.000001  -0.013251 -0.033113 -0.818083
32  0.729343 0.000066 -0.000027  -0.187383 0.016319 -0.873709
33  3.942045 0.050108 0.430997  0.342684 -0.095525 -1.542044
34  1.539097 0.000012 -0.000000  -0.003777 -0.031455 -1.115024
35  1.196300 0.000075 -0.000005  -0.041487 -0.012961 -0.961105
36  3.883411 -0.050503 -0.431087  0.280454 -0.230463 -1.357220
37  1.719564 -0.000076 -0.000003  -0.028475 0.006958 -1.465496
38  1.209198 0.000035 0.000012  -0.058525 0.001949 -0.724218
39  3.806437 -0.112148 -1.295330  -0.028805 0.243340 -0.117787
40  1.719413 -0.000099 -0.000034  0.356276 -0.218063 -1.380320
41  1.099673 0.000025 0.000007  0.059920 -0.008679 -0.824866
42  0.875254 -0.324483 -1.158820  0.916785 0.219839 -0.753136
43  1.789779 -0.000009 -0.000043  0.023021 0.035755 0.013464
44  1.206996 -0.000007 0.000006  -0.012249 -0.125676 1.328588
45  5.740572 0.000054 0.000724  0.138831 -0.000014 0.000021
46  11.480742 -0.000122 0.001008  0.048619 0.104115 0.151468
47  6.027514 -0.000272 -0.000236  -0.768711 -0.488521 -1.549592
48  -0.000004 11.691975 -0.000008  -1.252171 0.697705 0.932047
49  0.000002 -0.000002 -0.000000  2.718006 -0.000041 1.570856
50  -0.000007 -0.000015 0.000004  2.272644 -0.000030 1.570865
51  -3.836455 -3.252125 -5.461180  2.988719 -0.009346 -1.688738
52  0.000000 0.000000 0.000001  0.008153 -0.000259 0.000009
53  0.000000 -0.000000 -0.000001  1.565115 0.043565 -0.106862
54  -0.937717 -15.058789 -4.944407  -0.987531 -0.130477 -1.935225
55  -0.000001 -0.000000 0.000000  0.000000 -0.000000 -0.000002
56  0.000030 0.000029 0.000001  -1.571901 -0.044449 -0.106509
57  7.627417 -18.372192 -16.589878  1.570796 -0.000000 0.000000
58  -16.922342 4.543208 -16.901630  1.570796 -0.000000 0.000000
59  -0.168630 0.907262 -4.326710  1.570796 -0.000000 0.000000
60  -0.004311 0.001230 -0.000371  0.006898 -0.005534 -0.284229
61  1.858574 10.455362 -3.447291  1.570796 -0.000000 0.000000
62  0.000000 0.000000 0.000000  -0.078727 -3.136056 0.284226
63  0.000000 0.000000 0.000000  1.570344 -0.002216 -0.001136
64  -2.547948 -8.455027 -2.228213  1.538799 0.068750 0.004612
65  -0.219072 -1.337187 -0.135918  -0.000000 -0.000000 -0.000000
66  -0.219078 0.187971 19.478251  -0.000000 -0.000000 -0.000000
67  -0.245097 -1.134826 1.111315  -0.000000 -0.000000 -0.000000
68  -0.104047 -4.495924 7.879276  -0.000000 -0.000000 -0.000000
69  -0.197553 4.325069 -6.346756  -0.000000 -0.000000 -0.000000
70  -0.218406 -0.930698 5.352574  -0.000000 -0.000000 -0.000000
71  -2.729655 -13.771658 -2.124734  1.538799 0.068750 0.004612
time 19
0  0.000006 0.000000 0.000000  -1.570800 -1.391899 -1.570792
1  -4.394438 -0.311910 -0.303887  -1.544956 -1.855077 -0.198630
2  6.027522 -0.000325 0.000193  -1.024626 -1.082955 -1.091240
3  11.692110 0.000644 -0.000739  -1.364381 -0.000020 -1.438218
4  11.479651 0.000579 -0.000815  1.263503 -0.685338 0.108977
5  3.859510 -0.142879 -1.192049  -0.550885 -0.255832 -1.866282
6  1.312590 0.000012 0.000008  -0.134281 -0.007565 -0.192402
7  0.729355 0.000052 0.000049  -0.007819 -0.009377 -0.049784
8  3.942145 0.046273 -0.431511  -0.484645 0.035664 -1.413041
9  1.539110 0.000085 0.000005  -0.033415 -0.056767 -0.605686
10  1.196332 0.000145 0.000028  0.006943 0.002367 -0.289526
11  3.883504 -0.047269 0.431382  -0.270346 0.409995 -0.746893
12  1.719574 -0.000027 0.000016  0.028923 -0.121328 -1.267494
13  1.209179 0.000090 0.000013  -0.006830 -0.001496 -0.302684
14  4.085222 -0.082716 1.151041  0.033977 0.537783 -0.030448
15  1.719449 -0.000012 0.000024  0.011888 -0.076325 -0.864457
16  1.099675 0.000048 0.000006  -0.070447 0.038185 -1.423970
17  0.971586 -1.283499 0.847609  -0.978328 -0.625347 -0.310208
18  1.789820 -0.000003 -0.000018  0.000998 -0.014468 0.721478
19  1.207014 -0.000012 -0.000044  0.001593 -0.000026 -0.111145
20  5.740636 0.000410 -0.000703  -0.114772 0.000003 0.000071
21  11.480937 0.000327 -0.000821  -0.044179 -0.118961 -0.010220
22  6.027525 -0.000329 0.000203  1.737560 -0.460714 1.688365
23  0.000002 11.692099 -0.000008  -0.992745 -0.442166 -0.786647
24  0.000004 0.000010 -0.000001  -0.495285 -0.000031 1.570739
25  -0.000001 -0.000011 -0.000000  0.868957 0.000002 1.570712
26  -5.178416 -9.702111 1.914749  1.473120 1.855075 -0.198639
27  6.027507 -0.000260 -0.000228  1.648864 0.667895 -0.401248
28  11.691994 0.000243 0.000855  0.473466 0.000073 -1.869074
29  11.479072 -0.000712 0.001293  -1.144078 0.485184 0.944120
30  3.859435 -0.132788 1.193063  0.395546 -0.032705 -1.753180
31  1.312559 0.000025 0.000000  -0.013363 -0.032690 -0.853761
32  0.729345 0.000065 -0.000027  -0.190283 0.023720 -0.869522
33  3.942045 0.050109 0.430998  0.349789 -0.094597 -1.545957
34  1.539097 0.000013 -0.000001  -0.006252 -0.030315 -1.119653
35  1.196300 0.000075 -0.000004  -0.030361 -0.010349 -0.969909
36  3.883410 -0.050502 -0.431086  0.285356 -0.227842 -1.364948
37  1.719565 -0.000075 -0.000003  -0.031106 0.013220 -1.464677
38  1.209197 0.000036 0.000012  -0.043707 0.000072 -0.737169
39  3.806437 -0.112148 -1.295329  -0.028805 0.243340 -0.117787
40  1.719411 -0.000099 -0.000033  0.356276 -0.218063 -1.380320
41  1.099673 0.000026 0.000006  0.059920 -0.008679 -0.824866
42  0.879025 -0.322558 -1.150133  0.912757 0.222824 -0.750713
43  1.789779 -0.000009 -0.000042  0.024138 0.037910 0.006974
44  1.206995 -0.000006 0.000006  -0.013914 -0.132356 1.343402
45  5.740571 0.000056 0.000724  0.134659 -0.000014 0.000021
46  11.480758 -0.000107 0.001008  0.044771 0.103370 0.151716
47  6.027514 -0.000273 -0.000237  -0.771132 -0.476465 -1.552833
48  -0.000003 11.691974 -0.000006  -1.246462 0.691812 0.929490
49  0.000002 -0.000001 -0.000000  2.745990 -0.000041 1.570856
50  -0.000007 -0.000015 0.000004  2.272644 -0.000030 1.570865
51  -3.845912 -3.331247 -5.261891  2.989938 -0.000774 -1.684647
52  -0.000000 -0.000000 0.000000  0.008153 -0.000259 0.000009
53  0.000000 0.000000 -0.000000  1.565115 0.043565 -0.106862
54  -0.899843 -15.129879 -4.837514  -0.988448 -0.121868 -1.931011
55  0.000001 0.000001 -0.000000  0.000000 -0.000000 -0.000002
56  0.000030 0.000029 0.000001  -1.571901 -0.044449 -0.106509
57  7.838026 -17.932098 -16.522182  1.570796 -0.000000 0.000000
58  -16.922342 4.543208 -16.901630  1.570796 -0.000000 0.000000
59  -0.299573 1.088526 -4.270032  1.570796 -0.000000 0.000000
60  -0.004311 0.001230 -0.000371  0.006898 -0.005534 -0.284229
61  1.914749 10.468740 -3.369337  1.570796 -0.000000 0.000000
62  0.000000 0.000000 0.000000  -0.078727 -3.136056 0.284226
63  0.000000 0.000000 0.000000  1.570638 -0.000775 -0.000398
64  -2.543112 -8.555738 -2.069729  1.547176 0.066490 0.009276
65  -0.219072 -1.337187 -0.135917  0.000000 -0.000000 0.000000
66  -0.219078 0.187972 19.478251  0.000000 -0.000000 0.000000
67  -0.245097 -1.134826 1.111317  0.000000 -0.000000 0.000000
68  -0.104047 -4.495923 7.879278  0.000000 -0.000000 0.000000
69  -0.197683 4.324638 -6.346733  0.000000 -0.000000 0.000000
70  -0.218749 -0.917574 5.237991  0.000000 -0.000000 0.000000
71  -2.699228 -13.889977 -1.949816  1.547176 0.066490 0.009276
time 20
0  0.000006 0.000000 0.000000  -1.570800 -1.391899 -1.570792
1  -4.374229 -0.473852 -0.416408  -1.544956 -1.855077 -0.198630
2  6.027522 -0.000326 0.000193  -1.040164 -1.086636 -1.075868
3  11.692110 0.000643 -0.000739  -1.363476 -0.000017 -1.418697
4  11.479756 0.000589 -0.000762  1.253179 -0.670707 0.117960
5  3.859509 -0.142879 -1.192049  -0.550886 -0.255832 -1.866282
6  1.312591 0.000012 0.000009  -0.134281 -0.007565 -0.192402
7  0.729356 0.000054 0.000049  -0.007819 -0.009377 -0.049784
8  3.942143 0.046273 -0.431512  -0.484645 0.035664 -1.413041
9  1.539110 0.000085 0.000006  -0.033414 -0.056767 -0.605686
10  1.196330 0.000146 0.000030  0.006943 0.002367 -0.289526
11  3.883505 -0.047269 0.431382  -0.270346 0.409995 -0.746893
12  1.719573 -0.000025 0.000016  0.028923 -0.121328 -1.267494
13  1.209178 0.000093 0.000011  -0.006830 -0.001497 -0.302684
14  4.085222 -0.082715 1.151041  0.033977 0.537783 -0.030448
15  1.719451 -0.000012 0.000023  0.011888 -0.076325 -0.864457
16  1.099675 0.000049 0.000007  -0.070447 0.038185 -1.423970
17  0.971588 -1.283499 0.847609  -0.978328 -0.625347 -0.310208
18  1.789820 -0.000003 -0.000017  0.000998 -0.014468 0.721478
19  1.207013 -0.000011 -0.000044  0.001593 -0.000026 -0.111145
20  5.740636 0.000409 -0.000704  -0.112919 0.000003 0.000070
21  11.480958 0.000329 -0.000810  -0.046043 -0.116365 -0.008772
22  6.027525 -0.000330 0.000203  1.743618 -0.454656 1.687323
23  0.000004 11.692100 -0.000008  -0.981082 -0.431651 -0.778979
24  0.000003 0.000010 0.000000  -0.494381 -0.000030 1.570739
25  -0.000000 -0.000011 -0.000001  0.868957 0.000002 1.570712
26  -5.114544 -9.725344 1.963022  1.473120 1.855075 -0.198639
27  6.027507 -0.000260 -0.000227  1.651927 0.669377 -0.401097
28  11.691990 0.000242 0.000855  0.499115 0.000074 -1.860609
29  11.479147 -0.000646 0.001291  -1.161373 0.495926 0.933859
30  3.859435 -0.132788 1.193063  0.392429 -0.031807 -1.751849
31  1.312558 0.000026 -0.000000  -0.013471 -0.032332 -0.884269
32  0.729345 0.000066 -0.000027  -0.192751 0.030087 -0.865941
33  3.942045 0.050109 0.430998  0.355890 -0.093777 -1.549314
34  1.539097 0.000013 -0.000001  -0.008382 -0.029345 -1.123632
35  1.196300 0.000075 -0.000005  -0.020827 -0.008028 -0.977445
36  3.883411 -0.050502 -0.431086  0.289549 -0.225562 -1.371572
37  1.719565 -0.000076 -0.000003  -0.033362 0.018601 -1.463988
38  1.209199 0.000035 0.000011  -0.030974 -0.001385 -0.748302
39  3.806437 -0.112148 -1.295329  -0.028805 0.243340 -0.117787
40  1.719412 -0.000099 -0.000034  0.356276 -0.218063 -1.380320
41  1.099673 0.000026 0.000006  0.059920 -0.008679 -0.824866
42  0.882267 -0.320903 -1.142670  0.909300 0.225396 -0.748640
43  1.789778 -0.000009 -0.000042  0.025087 0.039767 0.001400
44  1.206996 -0.000006 0.000006  -0.015424 -0.138070 1.356138
45  5.740573 0.000055 0.000724  0.128961 -0.000014 0.000021
46  11.480773 -0.000093 0.001007  0.041081 0.103787 0.150200
47  6.027515 -0.000273 -0.000237  -0.771557 -0.473667 -1.554386
48  -0.000002 11.691974 -0.000007  -1.241441 0.686637 0.927219
49  0.000004 -0.000001 -0.000000  2.771641 -0.000041 1.570856
50  -0.000007 -0.000015 0.000004  2.272644 -0.000030 1.570865
51  -3.846489 -3.398562 -5.196178  2.992226 0.005988 -1.681982
52  -0.000000 -0.000000 0.000000  0.008153 -0.000259 0.000009
53  -0.000000 0.000000 0.000000  1.565115 0.043565 -0.106862
54  -0.870247 -15.191846 -4.839057  -0.987874 -0.114751 -1.928421
55  -0.000001 -0.000000 0.000000  0.000000 -0.000000 -0.000002
56  0.000029 0.000029 0.000001  -1.571901 -0.044449 -0.106509
57  8.059601 -17.469090 -16.474419  1.570796 -0.000000 0.000000
58  -16.922342 4.543208 -16.901630  1.570796 -0.000000 0.000000
59  -0.412094 1.244287 -4.221329  1.570796 -0.000000 0.000000
60  -0.004311 0.001230 -0.000371  0.006898 -0.005534 -0.284229
61  1.963022 10.480237 -3.302351  1.570796 -0.000000 0.000000
62  0.000000 0.000000 0.000000  -0.078727 -3.136056 0.284226
63  0.000000 0.000000 0.000000  1.570796 -0.000000 0.000000
64  -2.539414 -8.640119 -2.033879  1.553619 0.063387 0.012353
65  -0.219072 -1.337187 -0.135916  0.000000 0.000000 -0.000000
66  -0.219078 0.187971 19.478251  0.000000 0.000000 -0.000000
67  -0.245097 -1.134826 1.111317  0.000000 0.000000 -0.000000
68  -0.104048 -4.495923 7.879276  0.000000 0.000000 -0.000000
69  -0.197800 4.324254 -6.346708  0.000000 0.000000 -0.000000
70  -0.219055 -0.905870 5.135804  0.000000 0.000000 -0.000000
71  -2.678239 -13.990232 -1.894283  1.553619 0.063387 0.012353
time 21
0  0.000006 0.000000 0.000000  -1.570800 -1.391899 -1.570792
1  -4.357542 -0.607573 -0.509319  -1.544956 -1.855077 -0.198630
2  6.027522 -0.000325 0.000193  -1.052506 -1.089055 -1.061983
3  11.692108 0.000643 -0.000740  -1.362728 -0.000018 -1.404998
4  11.479836 0.000597 -0.000722  1.246529 -0.658040 0.123390
5  3.859508 -0.142879 -1.192050  -0.550885 -0.255832 -1.866282
6  1.312589 0.000012 0.000008  -0.134281 -0.007565 -0.192402
7  0.729356 0.000053 0.000051  -0.007819 -0.009377 -0.049784
8  3.942142 0.046273 -0.431512  -0.484645 0.035664 -1.413041
9  1.539109 0.000085 0.000006  -0.033415 -0.056767 -0.605686
10  1.196332 0.000146 0.000029  0.006943 0.002367 -0.289526
11  3.883504 -0.047269 0.431381  -0.270346 0.409995 -0.746893
12  1.719573 -0.000027 0.000016  0.028923 -0.121328 -1.267494
13  1.209179 0.000091 0.000011  -0.006830 -0.001496 -0.302684
14  4.085222 -0.082715 1.151041  0.033977 0.537783 -0.030448
15  1.719451 -0.000011 0.000023  0.011888 -0.076325 -0.864457
16  1.099675 0.000048 0.000006  -0.070447 0.038185 -1.423970
17  0.971587 -1.283498 0.847609  -0.978328 -0.625347 -0.310208
18  1.789821 -0.000004 -0.000019  0.000998 -0.014468 0.721478
19  1.207014 -0.000012 -0.000044  0.001593 -0.000026 -0.111145
20  5.740636 0.000409 -0.000704  -0.111369 0.000003 0.000071
21  11.480974 0.000331 -0.000803  -0.047368 -0.114056 -0.007794
22  6.027524 -0.000329 0.000203  1.748514 -0.450262 1.688137
23  0.000002 11.692099 -0.000007  -0.972876 -0.424322 -0.773541
24  0.000003 0.000008 -0.000000  -0.493633 -0.000031 1.570739
25  -0.000001 -0.000012 -0.000000  0.868957 0.000002 1.570712
26  -5.061804 -9.744527 2.002881  1.473120 1.855075 -0.198639
27  6.027507 -0.000261 -0.000227  1.651166 0.667827 -0.402289
28  11.691991 0.000243 0.000855  0.521513 0.000072 -1.856441
29  11.479184 -0.000599 0.001295  -1.175848 0.510215 0.922206
30  3.859435 -0.132789 1.193062  0.389856 -0.031062 -1.750752
31  1.312558 0.000025 -0.000001  -0.013567 -0.032041 -0.909345
32  0.729345 0.000066 -0.000026  -0.194771 0.035349 -0.862997
33  3.942045 0.050108 0.430997  0.360924 -0.093085 -1.552081
34  1.539096 0.000012 -0.000000  -0.010144 -0.028551 -1.126920
35  1.196301 0.000075 -0.000005  -0.012974 -0.006059 -0.983645
36  3.883410 -0.050502 -0.431087  0.292997 -0.223658 -1.377031
37  1.719566 -0.000076 -0.000003  -0.035222 0.023045 -1.463427
38  1.209198 0.000035 0.000012  -0.020463 -0.002480 -0.757496
39  3.806437 -0.112148 -1.295329  -0.028805 0.243340 -0.117787
40  1.719411 -0.000099 -0.000034  0.356276 -0.218063 -1.380320
41  1.099673 0.000026 0.000006  0.059920 -0.008679 -0.824866
42  0.884942 -0.319536 -1.136508  0.906448 0.227525 -0.746934
43  1.789778 -0.000009 -0.000042  0.025863 0.041305 -0.003201
44  1.206996 -0.000008 0.000006  -0.016726 -0.142769 1.366660
45  5.740572 0.000055 0.000724  0.123655 -0.000014 0.000021
46  11.480782 -0.000084 0.001009  0.037637 0.105058 0.148089
47  6.027515 -0.000273 -0.000236  -0.770236 -0.474842 -1.555710
48  -0.000002 11.691975 -0.000007  -1.238974 0.684091 0.926089
49  0.000004 -0.000001 -0.000000  2.794037 -0.000041 1.570856
50  -0.000007 -0.000015 0.000004  2.272644 -0.000030 1.570865
51  -3.839557 -3.427064 -5.180663  2.995271 0.008960 -1.680900
52  0.000000 0.000000 -0.000000  0.008153 -0.000259 0.000009
53  -0.000000 -0.000000 -0.000001  1.565115 0.043565 -0.106862
54  -0.851987 -15.218097 -4.844403  -0.985633 -0.111126 -1.927614
55  -0.000001 0.000000 0.000000  0.000000 -0.000000 -0.000002
56  0.000029 0.000030 0.000002  -1.571901 -0.044449 -0.106509
57  8.270210 -17.028999 -16.443943  1.570796 -0.000000 0.000000
58  -16.922342 4.543208 -16.901630  1.570796 -0.000000 0.000000
59  -0.505006 1.372905 -4.181113  1.570796 -0.000000 0.000000
60  -0.004311 0.001230 -0.000371  0.006898 -0.005534 -0.284229
61  2.002881 10.489730 -3.247038  1.570796 -0.000000 0.000000
62  0.000000 0.000000 0.000000  -0.078727 -3.136056 0.284226
63  0.000000 0.000000 0.000000  1.570796 -0.000000 0.000000
64  -2.537518 -8.675504 -2.027716  1.556198 0.059999 0.013571
65  -0.219072 -1.337187 -0.135917  0.000000 -0.000000 -0.000000
66  -0.219078 0.187971 19.478249  0.000000 -0.000000 -0.000000
67  -0.245097 -1.134826 1.111316  0.000000 -0.000000 -0.000000
68  -0.104048 -4.495924 7.879276  0.000000 -0.000000 -0.000000
69  -0.197900 4.323922 -6.346691  0.000000 -0.000000 -0.000000
70  -0.219318 -0.895805 5.047919  0.000000 -0.000000 -0.000000
71  -2.668320 -14.038971 -1.855635  1.556198 0.059999 0.013571
time 22
0  0.000006 0.000000 0.000000  -1.570800 -1.391899 -1.570792
1  -4.344513 -0.711974 -0.581859  -1.544956 -1.855077 -0.198630
2  6.027521 -0.000325 0.000193  -1.064357 -1.088594 -1.048151
3  11.692110 0.000643 -0.000739  -1.362145 -0.000017 -1.405231
4  11.479836 0.000596 -0.000722  1.243667 -0.653762 0.126675
5  3.859507 -0.142880 -1.192049  -0.550885 -0.255832 -1.866282
6  1.312590 0.000012 0.000008  -0.134281 -0.007565 -0.192402
7  0.729355 0.000054 0.000050  -0.007819 -0.009377 -0.049784
8  3.942140 0.046273 -0.431511  -0.484645 0.035664 -1.413041
9  1.539111 0.000086 0.000003  -0.033414 -0.056767 -0.605686
10  1.196332 0.000145 0.000029  0.006942 0.002367 -0.289526
11  3.883505 -0.047269 0.431382  -0.270346 0.409995 -0.746893
12  1.719573 -0.000027 0.000014  0.028923 -0.121328 -1.267494
13  1.209177 0.000092 0.000013  -0.006830 -0.001496 -0.302684
14  4.085222 -0.082715 1.151041  0.033977 0.537783 -0.030448
15  1.719450 -0.000012 0.000025  0.011888 -0.076325 -0.864457
16  1.099675 0.000049 0.000005  -0.070446 0.038185 -1.423970
17  0.971587 -1.283499 0.847610  -0.978328 -0.625347 -0.310208
18  1.789818 -0.000003 -0.000018  0.000998 -0.014468 0.721478
19  1.207013 -0.000012 -0.000043  0.001593 -0.000026 -0.111145
20  5.740636 0.000411 -0.000702  -0.111161 0.000003 0.000070
21  11.480975 0.000332 -0.000801  -0.047866 -0.113315 -0.007223
22  6.027524 -0.000329 0.000203  1.754335 -0.448558 1.688938
23  0.000002 11.692099 -0.000006  -0.973017 -0.424446 -0.773633
24  0.000001 0.000008 -0.000001  -0.493050 -0.000030 1.570739
25  -0.000000 -0.000011 -0.000001  0.868957 0.000002 1.570712
26  -5.020627 -9.759504 2.034000  1.473120 1.855075 -0.198639
27  6.027507 -0.000261 -0.000227  1.648891 0.661195 -0.404203
28  11.691991 0.000243 0.000855  0.539820 0.000073 -1.862850
29  11.479126 -0.000598 0.001321  -1.186639 0.526257 0.913211
30  3.859435 -0.132789 1.193062  0.387848 -0.030479 -1.749897
31  1.312558 0.000025 -0.000000  -0.013648 -0.031815 -0.928844
32  0.729345 0.000066 -0.000027  -0.196337 0.039461 -0.860706
33  3.942045 0.050108 0.430997  0.364852 -0.092535 -1.554238
34  1.539097 0.000013 -0.000000  -0.011521 -0.027935 -1.129487
35  1.196299 0.000075 -0.000004  -0.006855 -0.004489 -0.988472
36  3.883411 -0.050502 -0.431087  0.295679 -0.222160 -1.381285
37  1.719566 -0.000076 -0.000002  -0.036672 0.026515 -1.462995
38  1.209198 0.000035 0.000011  -0.012260 -0.003266 -0.764673
39  3.806437 -0.112148 -1.295330  -0.028805 0.243340 -0.117787
40  1.719412 -0.000099 -0.000034  0.356276 -0.218063 -1.380320
41  1.099674 0.000026 0.000006  0.059920 -0.008679 -0.824866
42  0.887032 -0.318470 -1.131697  0.904224 0.229190 -0.745607
43  1.789779 -0.000009 -0.000042  0.026464 0.042507 -0.006792
44  1.206995 -0.000006 0.000006  -0.017777 -0.146426 1.374877
45  5.740571 0.000057 0.000723  0.119939 -0.000014 0.000021
46  11.480768 -0.000083 0.001014  0.034606 0.107001 0.146203
47  6.027514 -0.000273 -0.000237  -0.764226 -0.479163 -1.558981
48  -0.000002 11.691974 -0.000005  -1.242771 0.688006 0.927822
49  0.000003 -0.000001 -0.000001  2.812344 -0.000041 1.570856
50  -0.000006 -0.000015 0.000006  2.272644 -0.000030 1.570865
51  -3.831631 -3.359042 -5.184895  2.998587 0.007518 -1.680303
52  0.000000 0.000000 -0.000000  0.008153 -0.000259 0.000009
53  -0.000000 -0.000000 -0.000000  1.565115 0.043565 -0.106862
54  -0.838438 -15.147736 -4.818070  -0.982042 -0.111713 -1.927443
55  0.000001 0.000001 -0.000000  0.000000 -0.000000 -0.000002
56  0.000030 0.000030 0.000001  -1.571901 -0.044449 -0.106509
57  8.450133 -16.653027 -16.426880  1.570796 -0.000000 0.000000
58  -16.922342 4.543208 -16.901630  1.570796 -0.000000 0.000000
59  -0.577546 1.473321 -4.149715  1.570796 -0.000000 0.000000
60  -0.004311 0.001230 -0.000371  0.006898 -0.005534 -0.284229
61  2.034000 10.497141 -3.203853  1.570796 -0.000000 0.000000
62  0.000000 0.000000 0.000000  -0.078727 -3.136056 0.284226
63  0.000000 0.000000 0.000000  1.570796 -0.000000 0.000000
64  -2.536516 -8.601064 -2.018449  1.554355 0.056886 0.014034
65  -0.219072 -1.337187 -0.135917  0.000000 -0.000000 0.000000
66  -0.219078 0.187972 19.478252  0.000000 -0.000000 0.000000
67  -0.245097 -1.134826 1.111318  0.000000 -0.000000 0.000000
68  -0.104047 -4.495923 7.879275  0.000000 -0.000000 0.000000
69  -0.197982 4.323653 -6.346674  0.000000 -0.000000 0.000000
70  -0.219532 -0.887595 4.976246  0.000000 -0.000000 0.000000
71  -2.662646 -13.974705 -1.798827  1.554355 0.056886 0.014034
time 23
0  0.000006 0.000000 0.000000  -1.570800 -1.391899 -1.570792
1  -4.335215 -0.786488 -0.633633  -1.544956 -1.855077 -0.198630
2  6.027521 -0.000326 0.000193  -1.072500 -1.090285 -1.040375
3  11.692110 0.000644 -0.000740  -1.361727 -0.000018 -1.401516
4  11.479856 0.000600 -0.000712  1.244132 -0.647718 0.127904
5  3.859509 -0.142880 -1.192049  -0.550885 -0.255832 -1.866282
6  1.312589 0.000012 0.000009  -0.134281 -0.007565 -0.192402
7  0.729356 0.000054 0.000050  -0.007819 -0.009377 -0.049784
8  3.942146 0.046273 -0.431512  -0.484645 0.035664 -1.413041
9  1.539109 0.000086 0.000006  -0.033414 -0.056767 -0.605686
10  1.196332 0.000146 0.000029  0.006943 0.002367 -0.289526
11  3.883505 -0.047269 0.431382  -0.270346 0.409995 -0.746893
12  1.719573 -0.000028 0.000015  0.028923 -0.121328 -1.267494
13  1.209179 0.000090 0.000013  -0.006830 -0.001496 -0.302684
14  4.085223 -0.082715 1.151041  0.033977 0.537783 -0.030448
15  1.719449 -0.000011 0.000023  0.011888 -0.076325 -0.864457
16  1.099675 0.000048 0.000005  -0.070447 0.038185 -1.423970
17  0.971589 -1.283499 0.847609  -0.978328 -0.625347 -0.310208
18  1.789819 -0.000004 -0.000018  0.000998 -0.014468 0.721478
19  1.207014 -0.000011 -0.000043  0.001593 -0.000026 -0.111145
20  5.740636 0.000411 -0.000703  -0.110308 0.000003 0.000071
21  11.480978 0.000332 -0.000800  -0.047898 -0.112145 -0.006773
22  6.027524 -0.000330 0.000203  1.757426 -0.445508 1.688159
23  0.000001 11.692100 -0.000006  -0.970788 -0.422466 -0.772151
24  0.000003 0.000008 -0.000000  -0.492633 -0.000031 1.570738
25  -0.000000 -0.000012 -0.000000  0.868957 0.000002 1.570712
26  -4.991238 -9.770195 2.056212  1.473120 1.855075 -0.198639
27  6.027507 -0.000260 -0.000227  1.647032 0.657805 -0.405523
28  11.691991 0.000242 0.000855  0.553352 0.000073 -1.864037
29  11.479118 -0.000586 0.001330  -1.196619 0.538440 0.901849
30  3.859436 -0.132789 1.193063  0.386416 -0.030062 -1.749288
31  1.312558 0.000025 -0.000000  -0.013707 -0.031656 -0.942718
32  0.729344 0.000066 -0.000027  -0.197449 0.042397 -0.859074
33  3.942045 0.050108 0.430997  0.367654 -0.092138 -1.555776
34  1.539096 0.000013 -0.000000  -0.012505 -0.027498 -1.131319
35  1.196299 0.000075 -0.000005  -0.002494 -0.003351 -0.991910
36  3.883411 -0.050502 -0.431086  0.297589 -0.221084 -1.384318
37  1.719565 -0.000075 -0.000002  -0.037707 0.028992 -1.462690
38  1.209198 0.000035 0.000011  -0.006407 -0.003791 -0.769794
39  3.806438 -0.112148 -1.295329  -0.028805 0.243340 -0.117787
40  1.719412 -0.000099 -0.000033  0.356276 -0.218063 -1.380320
41  1.099674 0.000027 0.000006  0.059920 -0.008679 -0.824866
42  0.888524 -0.317708 -1.128262  0.902637 0.230380 -0.744661
43  1.789778 -0.000009 -0.000042  0.026890 0.043367 -0.009354
44  1.206996 -0.000006 0.000006  -0.018546 -0.149028 1.380743
45  5.740573 0.000054 0.000724  0.116564 -0.000014 0.000021
46  11.480768 -0.000083 0.001015  0.032193 0.108282 0.144022
47  6.027515 -0.000273 -0.000237  -0.761398 -0.481877 -1.560469
48  -0.000001 11.691974 -0.000007  -1.243475 0.688732 0.928141
49  0.000003 -0.000002 0.000001  2.825876 -0.000041 1.570856
50  -0.000007 -0.000015 0.000005  2.272644 -0.000030 1.570865
51  -3.826773 -3.341698 -5.193944  3.001270 0.004406 -1.679710
52  0.000000 0.000000 -0.000000  0.008153 -0.000259 0.000009
53  0.000000 -0.000000 0.000000  1.565115 0.043565 -0.106862
54  -0.827699 -15.127344 -4.780228  -0.978658 -0.114074 -1.927248
55  0.000000 0.000000 -0.000000  0.000000 -0.000000 -0.000002
56  0.000030 0.000030 0.000001  -1.571901 -0.044449 -0.106509
57  8.585165 -16.370865 -16.418974  1.570796 -0.000000 0.000000
58  -16.922342 4.543208 -16.901630  1.570796 -0.000000 0.000000
59  -0.629320 1.544991 -4.127306  1.570796 -0.000000 0.000000
60  -0.004311 0.001230 -0.000371  0.006898 -0.005534 -0.284229
61  2.056212 10.502431 -3.173031  1.570796 -0.000000 0.000000
62  0.000000 0.000000 0.000000  -0.078727 -3.136056 0.284226
63  0.000000 0.000000 0.000000  1.570796 -0.000000 0.000000
64  -2.536036 -8.572216 -2.006757  1.550930 0.054607 0.014419
65  -0.219072 -1.337186 -0.135916  0.000000 -0.000000 0.000000
66  -0.219078 0.187972 19.478252  0.000000 -0.000000 0.000000
67  -0.245097 -1.134826 1.111318  0.000000 -0.000000 0.000000
68  -0.104047 -4.495922 7.879278  0.000000 -0.000000 0.000000
69  -0.198043 4.323451 -6.346663  0.000000 -0.000000 0.000000
70  -0.219693 -0.881461 4.922689  0.000000 -0.000000 0.000000
71  -2.658044 -13.952843 -1.740571  1.550930 0.054607 0.014419
time 24
0  0.000006 0.000000 0.000000  -1.570800 -1.391899 -1.570792
1  -4.329660 -0.830996 -0.664557  -1.544956 -1.855077 -0.198630
2  6.027522 -0.000326 0.000193  -1.076769 -1.091870 -1.036393
3  11.692108 0.000643 -0.000740  -1.361479 -0.000016 -1.397686
4  11.479879 0.000601 -0.000698  1.243966 -0.643104 0.128440
5  3.859509 -0.142879 -1.192049  -0.550885 -0.255832 -1.866282
6  1.312589 0.000013 0.000009  -0.134281 -0.007565 -0.192402
7  0.729355 0.000053 0.000049  -0.007819 -0.009377 -0.049784
8  3.942142 0.046273 -0.431512  -0.484645 0.035664 -1.413041
9  1.539109 0.000083 0.000005  -0.033415 -0.056767 -0.605686
10  1.196331 0.000147 0.000030  0.006943 0.002367 -0.289526
11  3.883504 -0.047270 0.431381  -0.270346 0.409995 -0.746893
12  1.719573 -0.000024 0.000016  0.028923 -0.121328 -1.267494
13  1.209180 0.000092 0.000011  -0.006830 -0.001497 -0.302684
14  4.085222 -0.082715 1.151040  0.033977 0.537783 -0.030448
15  1.719450 -0.000010 0.000025  0.011889 -0.076325 -0.864457
16  1.099675 0.000049 0.000004  -0.070447 0.038185 -1.423970
17  0.971586 -1.283499 0.847609  -0.978328 -0.625347 -0.310208
18  1.789819 -0.000005 -0.000019  0.000998 -0.014468 0.721478
19  1.207015 -0.000012 -0.000044  0.001593 -0.000026 -0.111145
20  5.740637 0.000409 -0.000702  -0.109737 0.000003 0.000070
21  11.480984 0.000331 -0.000796  -0.048037 -0.111249 -0.006541
22  6.027524 -0.000330 0.000203  1.758714 -0.443263 1.687801
23  0.000001 11.692099 -0.000007  -0.968491 -0.420426 -0.770617
24  0.000001 0.000009 -0.000001  -0.492384 -0.000030 1.570738
25  -0.000000 -0.000012 -0.000001  0.868957 0.000002 1.570712
26  -4.973684 -9.776580 2.069479  1.473120 1.855075 -0.198639
27  6.027507 -0.000260 -0.000225  1.646206 0.656465 -0.406160
28  11.691991 0.000242 0.000854  0.561628 0.000073 -1.863549
29  11.479120 -0.000572 0.001336  -1.203525 0.545541 0.894617
30  3.859436 -0.132789 1.193063  0.385560 -0.029812 -1.748924
31  1.312558 0.000026 -0.000000  -0.013744 -0.031562 -0.950987
32  0.729344 0.000065 -0.000027  -0.198111 0.044151 -0.858101
33  3.942045 0.050108 0.430998  0.369327 -0.091898 -1.556694
34  1.539097 0.000012 -0.000001  -0.013093 -0.027237 -1.132414
35  1.196300 0.000075 -0.000004  0.000107 -0.002664 -0.993960
36  3.883410 -0.050502 -0.431087  0.298728 -0.220439 -1.386127
37  1.719565 -0.000075 -0.000002  -0.038324 0.030471 -1.462509
38  1.209198 0.000035 0.000011  -0.002913 -0.004090 -0.772852
39  3.806437 -0.112148 -1.295329  -0.028805 0.243340 -0.117787
40  1.719411 -0.000099 -0.000033  0.356276 -0.218063 -1.380320
41  1.099673 0.000025 0.000006  0.059920 -0.008679 -0.824866
42  0.889414 -0.317253 -1.126211  0.901690 0.231092 -0.744097
43  1.789778 -0.000008 -0.000042  0.027143 0.043881 -0.010885
44  1.206996 -0.000007 0.000006  -0.019012 -0.150580 1.384248
45  5.740572 0.000055 0.000723  0.114349 -0.000014 0.000021
46  11.480768 -0.000079 0.001017  0.030627 0.108955 0.142709
47  6.027514 -0.000273 -0.000235  -0.760312 -0.483017 -1.561105
48  -0.000003 11.691973 -0.000006  -1.243185 0.688433 0.928009
49  0.000003 -0.000002 0.000000  2.834152 -0.000041 1.570856
50  -0.000007 -0.000016 0.000005  2.272644 -0.000030 1.570865
51  -3.824576 -3.342480 -5.196640  3.002374 0.002687 -1.679545
52  0.000000 0.000000 0.000001  0.008153 -0.000259 0.000009
53  0.000000 0.000000 -0.000000  1.565115 0.043565 -0.106862
54  -0.823981 -15.126862 -4.758644  -0.977156 -0.115470 -1.927258
55  -0.000000 0.000000 0.000000  -0.000000 -0.000000 -0.000002
56  0.000029 0.000029 0.000001  -1.571902 -0.044449 -0.106509
57  8.667524 -16.198765 -16.416382  1.570796 -0.000000 0.000000
58  -16.922342 4.543208 -16.901630  1.570796 -0.000000 0.000000
59  -0.660244 1.587801 -4.113920  1.570796 -0.000000 0.000000
60  -0.004311 0.001230 -0.000371  0.006898 -0.005534 -0.284229
61  2.069479 10.505590 -3.154621  1.570796 -0.000000 0.000000
62  0.000000 0.000000 0.000000  -0.078727 -3.136056 0.284226
63  0.000000 0.000000 0.000000  1.570796 -0.000000 0.000000
64  -2.535900 -8.566952 -1.998720  1.549086 0.053723 0.014481
65  -0.219072 -1.337187 -0.135917  -0.000000 0.000000 0.000000
66  -0.219077 0.187971 19.478251  -0.000000 0.000000 0.000000
67  -0.245097 -1.134826 1.111317  -0.000000 0.000000 0.000000
68  -0.104047 -4.495923 7.879277  -0.000000 0.000000 0.000000
69  -0.198081 4.323325 -6.346655  -0.000000 0.000000 0.000000
70  -0.219792 -0.877621 4.889155  -0.000000 0.000000 0.000000
71  -2.656324 -13.951883 -1.704854  1.549086 0.053723 0.014481
time 25
0  0.000006 0.000000 0.000000  -1.570800 -1.391899 -1.570792
1  -4.327822 -0.845730 -0.674796  -1.544956 -1.855077 -0.198630
2  6.027522 -0.000325 0.000193  -1.077969 -1.092223 -1.034963
3  11.692108 0.000644 -0.000740  -1.361396 -0.000016 -1.396426
4  11.479885 0.000601 -0.000694  1.243137 -0.641762 0.128734
5  3.859508 -0.142880 -1.192050  -0.550885 -0.255832 -1.866282
6  1.312589 0.000013 0.000009  -0.134281 -0.007565 -0.192402
7  0.729355 0.000054 0.000049  -0.007819 -0.009377 -0.049784
8  3.942141 0.046273 -0.431512  -0.484645 0.035664 -1.413041
9  1.539110 0.000083 0.000004  -0.033415 -0.056767 -0.605686
10  1.196331 0.000147 0.000030  0.006943 0.002367 -0.289526
11  3.883503 -0.047269 0.431381  -0.270346 0.409995 -0.746893
12  1.719572 -0.000023 0.000015  0.028923 -0.121328 -1.267494
13  1.209178 0.000092 0.000011  -0.006830 -0.001497 -0.302684
14  4.085221 -0.082715 1.151040  0.033977 0.537783 -0.030448
15  1.719448 -0.000011 0.000024  0.011889 -0.076325 -0.864457
16  1.099676 0.000049 0.000004  -0.070447 0.038185 -1.423970
17  0.971586 -1.283499 0.847609  -0.978328 -0.625347 -0.310208
18  1.789819 -0.000004 -0.000018  0.000998 -0.014468 0.721478
19  1.207015 -0.000012 -0.000044  0.001593 -0.000026 -0.111145
20  5.740637 0.000410 -0.000704  -0.109676 0.000003 0.000071
21  11.480985 0.000332 -0.000797  -0.048216 -0.111001 -0.006497
22  6.027525 -0.000329 0.000203  1.759115 -0.442716 1.687994
23  0.000002 11.692101 -0.000007  -0.967735 -0.419756 -0.770112
24  0.000002 0.000008 -0.000001  -0.492302 -0.000030 1.570739
25  -0.000000 -0.000011 -0.000000  0.868957 0.000002 1.570712
26  -4.967872 -9.778694 2.073871  1.473120 1.855075 -0.198639
27  6.027506 -0.000260 -0.000228  1.646195 0.656093 -0.406281
28  11.691991 0.000243 0.000854  0.564399 0.000074 -1.863466
29  11.479124 -0.000570 0.001339  -1.205878 0.547540 0.893047
30  3.859436 -0.132789 1.193063  0.385277 -0.029729 -1.748803
31  1.312559 0.000025 -0.000000  -0.013756 -0.031530 -0.953722
32  0.729344 0.000066 -0.000027  -0.198329 0.044732 -0.857780
33  3.942045 0.050109 0.430998  0.369881 -0.091819 -1.556998
34  1.539097 0.000013 -0.000000  -0.013288 -0.027151 -1.132777
35  1.196298 0.000075 -0.000005  0.000968 -0.002436 -0.994639
36  3.883410 -0.050502 -0.431086  0.299105 -0.220225 -1.386726
37  1.719565 -0.000076 -0.000003  -0.038529 0.030961 -1.462450
38  1.209198 0.000035 0.000011  -0.001756 -0.004187 -0.773865
39  3.806437 -0.112148 -1.295329  -0.028805 0.243340 -0.117787
40  1.719410 -0.000099 -0.000034  0.356276 -0.218063 -1.380320
41  1.099673 0.000026 0.000007  0.059920 -0.008679 -0.824866
42  0.889710 -0.317103 -1.125532  0.901376 0.231327 -0.743910
43  1.789779 -0.000009 -0.000042  0.027227 0.044051 -0.011391
44  1.206996 -0.000007 0.000006  -0.019167 -0.151093 1.385408
45  5.740572 0.000056 0.000724  0.113654 -0.000014 0.000021
46  11.480768 -0.000078 0.001017  0.030096 0.109127 0.142456
47  6.027514 -0.000272 -0.000237  -0.759932 -0.483175 -1.561396
48  -0.000002 11.691976 -0.000006  -1.243134 0.688383 0.927989
49  0.000004 -0.000002 -0.000000  2.836924 -0.000041 1.570856
50  -0.000007 -0.000016 0.000005  2.272644 -0.000030 1.570865
51  -3.824576 -3.342074 -5.194341  3.002374 0.002687 -1.679545
52  0.000000 0.000000 0.000000  0.008153 -0.000259 0.000009
53  0.000000 0.000000 0.000000  1.565115 0.043565 -0.106862
54  -0.823980 -15.126455 -4.756344  -0.977156 -0.115470 -1.927258
55  -0.000001 -0.000000 -0.000000  -0.000000 -0.000000 -0.000002
56  0.000030 0.000029 0.000001  -1.571902 -0.044449 -0.106509
57  8.694838 -16.141689 -16.416052  1.570796 -0.000000 0.000000
58  -16.922342 4.543208 -16.901630  1.570796 -0.000000 0.000000
59  -0.670483 1.601972 -4.109488  1.570796 -0.000000 0.000000
60  -0.004311 0.001230 -0.000371  0.006898 -0.005534 -0.284229
61  2.073871 10.506637 -3.148526  1.570796 -0.000000 0.000000
62  0.000000 0.000000 0.000000  -0.078727 -3.136056 0.284226
63  0.000000 0.000000 0.000000  1.570796 -0.000000 0.000000
64  -2.535900 -8.566546 -1.996421  1.549086 0.053723 0.014481
65  -0.219072 -1.337187 -0.135917  -0.000000 0.000000 0.000000
66  -0.219078 0.187971 19.478249  -0.000000 0.000000 0.000000
67  -0.245097 -1.134826 1.111317  -0.000000 0.000000 0.000000
68  -0.104047 -4.495923 7.879276  -0.000000 0.000000 0.000000
69  -0.198094 4.323282 -6.346650  -0.000000 0.000000 0.000000
70  -0.219828 -0.876292 4.877554  -0.000000 0.000000 0.000000
71  -2.655992 -13.953131 -1.696344  1.549086 0.053723 0.014481
end
