version 1
nodes
0 "ValveBiped.Bip01_R_Hand" -1
end
skeleton
time 0
0  -0.678304 13.183071 4.586786  -0.000000 2.967059 1.570796
end
triangles
lowpoly_metal.053
0  -0.418303 2.631709 8.459515  -0.709862 0.620028 -0.334158  0.039282 0.590557 1 0 1.000000
0  -0.403510 2.334377 8.514297  -0.405175 0.071029 -0.911476  0.039282 0.590557 1 0 1.000000
0  -0.229945 2.631708 8.613634  -0.166169 0.646731 0.744397  0.039282 0.590557 1 0 1.000000
lowpoly_plastic.050
0  0.240174 -3.367689 5.423774  0.351249 0.007662 -0.936251  0.064370 0.664198 1 0 1.000000
0  0.197508 -3.120668 5.433388  0.016220 0.023266 -0.999598  0.064370 0.664198 1 0 1.000000
0  0.349574 -3.120667 5.438799  0.013267 0.019924 -0.999713  0.064370 0.664198 1 0 1.000000
lowpoly_metal.053
0  -0.054609 9.413300 8.764918  0.000062 -0.000299 -1.000000  0.030078 0.588281 1 0 1.000000
0  -0.136484 9.662973 8.764758  0.000063 -0.000309 -1.000000  0.030078 0.588281 1 0 1.000000
0  0.233586 9.621077 8.764748  -0.000118 -0.000357 -1.000000  0.030078 0.588281 1 0 1.000000
lowpoly_plastic.050
0  -0.306824 -4.790576 5.443034  -0.498286 0.043904 -0.865900  0.064370 0.664198 1 0 1.000000
0  -0.191135 -4.543547 5.423773  -0.354224 -0.006823 -0.935136  0.064370 0.664198 1 0 1.000000
0  -0.148470 -4.790574 5.430362  -0.041431 -0.019426 -0.998953  0.064370 0.664198 1 0 1.000000
lowpoly_metal.053
0  -0.252853 9.718605 9.247574  -0.608864 0.625674 0.487664  0.030078 0.588281 1 0 1.000000
0  -0.279442 9.663702 8.930970  -0.814611 0.000111 -0.580008  0.030078 0.588281 1 0 1.000000
0  -0.246300 9.608796 9.241853  -0.735313 -0.078945 0.673114  0.030078 0.588281 1 0 1.000000
lowpoly_metal.053
0  -0.444076 9.579007 8.722655  -0.058886 -0.995386 -0.075762  0.043544 0.609912 1 0 1.000000
0  0.548206 9.510942 8.845675  0.592366 -0.805414 0.020297  0.043544 0.609912 1 0 1.000000
0  -0.444077 9.599300 8.974554  -0.056253 -0.970951 0.232574  0.043544 0.609912 1 0 1.000000
lowpoly_metal.053
0  -0.537366 -8.318642 7.445716  -0.572883 0.584376 -0.574726  0.060711 0.469699 1 0 1.000000
0  0.586403 -9.028829 7.439453  0.570536 -0.579513 -0.581940  0.060711 0.469699 1 0 1.000000
0  -0.542724 -9.029489 7.455227  -0.584389 -0.572317 -0.575277  0.060711 0.469699 1 0 1.000000
lowpoly_plastic.050
0  0.024528 20.382408 7.137254  -0.382687 -0.000002 0.923878  0.005518 0.736972 1 0 1.000000
0  -0.459887 21.288465 6.936602  -0.382687 -0.000002 0.923878  0.005518 0.736972 1 0 1.000000
0  -0.459885 20.382404 6.936601  -0.382687 -0.000002 0.923878  0.005518 0.736972 1 0 1.000000
lowpoly_metal.053
0  0.591758 -9.029955 7.685086  0.579147 -0.574143 0.578747  0.060711 0.469699 1 0 1.000000
0  -0.542719 -8.319438 7.685575  -0.578898 0.570609 0.582480  0.060711 0.469699 1 0 1.000000
0  -0.537370 -9.029570 7.679605  -0.575170 -0.583382 0.573450  0.060711 0.469699 1 0 1.000000
lowpoly_plastic.050
0  -0.300544 -2.893402 5.438817  -0.482148 0.042212 -0.875073  0.064370 0.664198 1 0 1.000000
0  -0.191183 -2.646373 5.423998  -0.353230 -0.005623 -0.935520  0.064370 0.664198 1 0 1.000000
0  -0.148468 -2.893401 5.432481  -0.022335 -0.019998 -0.999551  0.064370 0.664198 1 0 1.000000
lowpoly_metal.053
0  -0.406835 1.900401 5.768030  -0.715976 0.586683 0.378393  0.039282 0.590557 1 0 1.000000
0  0.528314 1.900403 5.852871  -0.747406 0.517634 -0.416460  0.039282 0.590557 1 0 1.000000
0  0.484468 1.900406 5.731354  0.419377 0.581523 -0.697104  0.039282 0.590557 1 0 1.000000
lowpoly_metal.053
0  0.324924 7.546602 5.555482  -0.042743 -0.564531 -0.824304  0.074523 0.389844 1 0 1.000000
0  -0.275876 7.405002 5.619652  0.010167 -0.336968 -0.941461  0.074523 0.389844 1 0 1.000000
0  -0.275875 7.715334 5.310111  0.041500 -0.931006 -0.362636  0.074523 0.389844 1 0 1.000000
lowpoly_metal.053
0  -0.275876 5.717926 4.746368  0.015805 -0.733785 -0.679197  0.074523 0.389844 1 0 1.000000
0  0.324925 6.074442 4.375178  0.045685 -0.441362 -0.896166  0.074523 0.389844 1 0 1.000000
0  0.324928 5.736318 4.900053  0.162092 -0.829546 -0.534396  0.074523 0.389844 1 0 1.000000
lowpoly_metal.053
0  0.452550 3.172863 8.514297  0.964532 0.262116 -0.031206  0.039282 0.590557 1 0 1.000000
0  -0.418305 3.172859 8.459515  -0.704924 0.628522 -0.328697  0.039282 0.590557 1 0 1.000000
0  -0.229947 3.172864 8.613634  -0.166170 0.646748 0.744382  0.039282 0.590557 1 0 1.000000
lowpoly_metal.053
0  -0.275876 7.489913 4.375232  -0.622328 0.273719 -0.733339  0.074523 0.389844 1 0 1.000000
0  -0.275893 7.446129 4.482029  -1.000000 0.000048 -0.000127  0.074523 0.389844 1 0 1.000000
0  -0.275876 7.682158 4.571293  -0.356240 0.667176 -0.654194  0.074523 0.389844 1 0 1.000000
lowpoly_metal.053
0  0.384380 12.190787 7.420599  0.326490 0.126633 0.936679  0.039282 0.590557 1 0 1.000000
0  0.744241 12.080218 7.310114  0.326490 0.126633 0.936679  0.039282 0.590557 1 0 1.000000
0  0.744244 13.240620 7.153235  0.326490 0.126633 0.936679  0.039282 0.590557 1 0 1.000000
lowpoly_metal.053
0  0.384386 11.734806 7.823080  0.196213 0.818480 0.539992  0.039282 0.590557 1 0 1.000000
0  0.446562 11.392319 8.312672  0.121009 0.825340 0.551517  0.039282 0.590557 1 0 1.000000
0  0.744241 11.624236 7.712593  0.390375 0.776945 0.493927  0.039282 0.590557 1 0 1.000000
lowpoly_metal.053
0  0.024528 13.351192 5.841840  -0.248865 0.966062 0.069216  0.039282 0.590557 1 0 1.000000
0  -0.435421 13.240622 5.731353  -0.248865 0.966062 0.069216  0.039282 0.590557 1 0 1.000000
0  0.024531 13.257547 7.148829  -0.248865 0.966062 0.069216  0.039282 0.590557 1 0 1.000000
lowpoly_metal.053
0  -0.695192 10.823604 7.755477  -0.000087 -1.000000 0.000002  0.039282 0.590557 1 0 1.000000
0  -0.695193 10.823604 6.738296  -0.000087 -1.000000 0.000002  0.039282 0.590557 1 0 1.000000
0  -0.640175 10.823599 6.738296  -0.000087 -1.000000 0.000002  0.039282 0.590557 1 0 1.000000
lowpoly_metal.053
0  0.024528 13.351192 5.841840  0.248870 0.966060 0.069218  0.039282 0.590557 1 0 1.000000
0  0.024531 13.257547 7.148829  0.248870 0.966060 0.069218  0.039282 0.590557 1 0 1.000000
0  0.484473 13.240620 5.731353  0.248870 0.966060 0.069218  0.039282 0.590557 1 0 1.000000
lowpoly_metal.053
0  0.744237 10.823601 7.755476  -0.000035 -1.000000 0.000002  0.039282 0.590557 1 0 1.000000
0  0.689226 10.823603 6.738295  -0.000035 -1.000000 0.000002  0.039282 0.590557 1 0 1.000000
0  0.744237 10.823601 6.738295  -0.000035 -1.000000 0.000002  0.039282 0.590557 1 0 1.000000
lowpoly_metal.053
0  0.734993 10.823603 6.232130  0.846721 0.005577 0.532007  0.039282 0.590557 1 0 1.000000
0  0.708840 13.240623 6.228858  0.464247 0.860494 -0.209821  0.039282 0.590557 1 0 1.000000
0  0.689226 10.823604 6.232130  0.000000 0.001353 0.999999  0.039282 0.590557 1 0 1.000000
lowpoly_metal.053
0  -0.409622 7.745868 8.496845  -0.933718 -0.350440 -0.073228  0.039282 0.590557 1 0 1.000000
0  0.464264 7.745865 8.471775  0.748390 -0.597014 -0.288941  0.039282 0.590557 1 0 1.000000
0  0.278991 7.745865 8.613634  0.156014 -0.642915 0.749880  0.039282 0.590557 1 0 1.000000
lowpoly_metal.053
0  0.458671 7.502048 8.496845  0.946962 0.313618 -0.070049  0.039282 0.590557 1 0 1.000000
0  -0.412974 7.502050 8.460896  -0.730654 0.601779 -0.322502  0.039282 0.590557 1 0 1.000000
0  -0.229945 7.502047 8.613634  -0.165580 0.643030 0.747727  0.039282 0.590557 1 0 1.000000
lowpoly_metal.053
0  0.166294 9.679741 8.907164  0.530844 0.841654 -0.099109  0.030078 0.588281 1 0 1.000000
0  -0.136484 9.662973 8.764758  -0.099950 0.990360 0.095900  0.030078 0.588281 1 0 1.000000
0  -0.184537 9.621084 8.907164  -0.160550 0.960264 0.228292  0.030078 0.588281 1 0 1.000000
lowpoly_metal.053
0  -0.403511 2.875525 8.514297  -0.000016 -0.208430 0.978037  0.039282 0.590557 1 0 1.000000
0  0.463489 2.875525 8.450146  0.694081 -0.621385 -0.363500  0.039282 0.590557 1 0 1.000000
0  0.278991 2.875525 8.613634  0.175310 -0.646804 0.742234  0.039282 0.590557 1 0 1.000000
lowpoly_plastic.050
0  0.352797 -6.915016 5.443046  0.492505 -0.041705 -0.869310  0.064370 0.664198 1 0 1.000000
0  0.788379 -7.162048 6.011525  0.760148 -0.057266 -0.647221  0.064370 0.664198 1 0 1.000000
0  0.240112 -7.162047 5.423498  0.362819 -0.016952 -0.931705  0.064370 0.664198 1 0 1.000000
lowpoly_metal.053
0  0.166294 9.679741 8.907164  0.530844 0.841654 -0.099109  0.030078 0.588281 1 0 1.000000
0  0.233586 9.621077 8.764748  0.866190 0.498955 -0.027553  0.030078 0.588281 1 0 1.000000
0  -0.136484 9.662973 8.764758  -0.099950 0.990360 0.095900  0.030078 0.588281 1 0 1.000000
lowpoly_metal.053
0  -0.783803 11.544645 7.115975  -0.619469 0.399505 0.675762  0.043544 0.609912 1 0 1.000000
0  0.832853 11.446931 7.144182  0.544706 0.083160 0.834493  0.043544 0.609912 1 0 1.000000
0  0.832851 11.605714 6.967890  0.032302 0.996847 -0.072476  0.043544 0.609912 1 0 1.000000
lowpoly_metal.053
0  0.256411 4.765885 5.896126  -0.000002 0.000000 -1.000000  0.026458 0.410980 1 0 1.000000
0  -0.207365 4.765883 5.896126  0.000000 0.000000 -1.000000  0.026458 0.410980 1 0 1.000000
0  -0.401474 5.669234 5.896126  0.000000 0.000000 -1.000000  0.026458 0.410980 1 0 1.000000
lowpoly_plastic.050
0  0.576708 21.927034 4.274865  0.977634 0.199885 -0.065410  0.005204 0.735637 1 0 1.000000
0  0.576707 21.565083 2.534606  0.997304 0.071838 -0.014942  0.005204 0.735637 1 0 1.000000
0  0.555667 21.963110 2.561593  0.996433 0.083121 -0.014541  0.005204 0.735637 1 0 1.000000
lowpoly_plastic.050
0  -0.157612 20.382410 6.099998  0.459366 0.003595 0.888240  0.005518 0.736972 1 0 1.000000
0  -0.353298 20.640898 6.331941  0.800216 -0.542950 0.254675  0.005518 0.736972 1 0 1.000000
0  -0.327661 20.382410 6.634329  0.888241 0.003593 -0.459363  0.005518 0.736972 1 0 1.000000
lowpoly_metal.053
0  0.788902 9.743126 6.202094  0.562651 -0.509767 -0.650816  0.028340 0.414408 1 0 1.000000
0  0.695926 9.691236 6.625926  -0.149069 -0.894567 0.421342  0.028340 0.414408 1 0 1.000000
0  0.649437 9.755779 6.208804  -0.643481 -0.477114 -0.598576  0.028340 0.414408 1 0 1.000000
lowpoly_metal.053
0  -0.161782 2.098024 5.850106  0.695293 0.704911 0.140245  0.026458 0.410980 1 0 1.000000
0  0.192556 2.132670 5.678441  -0.646559 0.746429 0.157496  0.026458 0.410980 1 0 1.000000
0  -0.151644 2.149512 5.681482  0.711976 0.688640 0.137351  0.026458 0.410980 1 0 1.000000
lowpoly_metal.053
0  0.278993 2.090558 8.613634  0.175311 0.646786 0.742249  0.039282 0.590557 1 0 1.000000
0  0.452553 1.793227 8.514297  0.972251 -0.232414 -0.026677  0.039282 0.590557 1 0 1.000000
0  0.463486 2.090564 8.450146  0.689540 0.629536 -0.358077  0.039282 0.590557 1 0 1.000000
lowpoly_metal.053
0  0.448579 1.319366 7.318455  -0.998980 0.006287 0.044721  0.060711 0.469699 1 0 1.000000
0  0.369663 -14.446374 7.772451  -0.999921 -0.012526 0.000998  0.060711 0.469699 1 0 1.000000
0  0.508488 1.319507 7.865761  -0.998978 0.006289 0.044748  0.060711 0.469699 1 0 1.000000
lowpoly_metal.053
0  -0.065862 9.663700 9.266517  0.274862 -0.956862 0.094165  0.030078 0.588281 1 0 1.000000
0  0.024522 9.608802 9.128689  0.000035 -0.685829 0.727763  0.030078 0.588281 1 0 1.000000
0  0.024523 9.718608 9.134824  -0.000012 -0.055784 0.998443  0.030078 0.588281 1 0 1.000000
lowpoly_metal.053
0  0.324925 7.757613 5.055322  -0.042441 -0.997969 -0.047505  0.074523 0.389844 1 0 1.000000
0  -0.275875 7.715334 5.310111  0.041500 -0.931006 -0.362636  0.074523 0.389844 1 0 1.000000
0  -0.275876 7.682158 4.571293  -0.006828 -0.986719 0.162294  0.074523 0.389844 1 0 1.000000
lowpoly_plastic.050
0  0.024523 -1.409106 7.328566  -0.000001 0.000000 1.000000  0.075349 0.627009 1 0 1.000000
0  -0.751760 -8.358702 7.328566  0.000132 -0.000318 1.000000  0.075349 0.627009 1 0 1.000000
0  0.800800 -8.358706 7.328566  0.000078 -0.000329 1.000000  0.075349 0.627009 1 0 1.000000
lowpoly_metal.053
0  -0.239926 -14.638988 6.886992  -0.597985 -0.344772 -0.723565  0.043544 0.609912 1 0 1.000000
0  0.288959 -14.544007 6.888722  0.597865 0.418073 -0.683939  0.043544 0.609912 1 0 1.000000
0  0.288965 -14.699544 6.983961  0.096123 -0.519776 -0.848878  0.043544 0.609912 1 0 1.000000
lowpoly_metal.053
0  0.467351 3.957824 8.459513  0.709869 -0.620017 -0.334162  0.039282 0.590557 1 0 1.000000
0  0.452551 4.255160 8.514296  0.405137 -0.071005 -0.911494  0.039282 0.590557 1 0 1.000000
0  0.278991 3.957824 8.613634  0.166173 -0.646735 0.744393  0.039282 0.590557 1 0 1.000000
lowpoly_metal.053
0  0.324924 7.546602 5.555482  -0.042743 -0.564531 -0.824304  0.074523 0.389844 1 0 1.000000
0  -0.275875 7.715334 5.310111  0.041500 -0.931006 -0.362636  0.074523 0.389844 1 0 1.000000
0  0.324925 7.757613 5.055322  -0.042441 -0.997969 -0.047505  0.074523 0.389844 1 0 1.000000
lowpoly_plastic.050
0  -0.683332 21.927036 4.850057  -0.892964 0.436365 -0.110457  0.005204 0.735637 1 0 1.000000
0  -0.653952 21.993494 6.732942  -0.998962 -0.043111 0.014714  0.005204 0.735637 1 0 1.000000
0  -0.499126 22.020525 4.425128  -0.897817 0.298829 -0.323458  0.005204 0.735637 1 0 1.000000
lowpoly_metal.053
0  -0.727883 2.713045 7.525729  0.094999 -0.074670 0.992673  0.060711 0.469699 1 0 1.000000
0  -0.446896 2.643521 7.545799  0.594928 0.068063 0.800892  0.060711 0.469699 1 0 1.000000
0  -0.446894 2.782571 7.405304  0.838557 0.387219 0.383254  0.060711 0.469699 1 0 1.000000
lowpoly_plastic.050
0  0.522078 9.562292 5.128387  0.999996 0.002725 -0.000139  0.034333 0.623884 1 0 1.000000
0  0.522076 10.014790 5.649189  0.958347 0.027982 -0.284232  0.034333 0.623884 1 0 1.000000
0  0.522080 8.258101 5.755444  0.999996 0.002715 -0.000125  0.034333 0.623884 1 0 1.000000
lowpoly_metal.053
0  -0.418304 3.714006 8.459513  -0.709868 0.620016 -0.334168  0.039282 0.590557 1 0 1.000000
0  -0.403508 3.416675 8.514295  -0.405182 0.071027 -0.911473  0.039282 0.590557 1 0 1.000000
0  -0.229944 3.714006 8.613634  -0.166173 0.646731 0.744396  0.039282 0.590557 1 0 1.000000
lowpoly_metal.053
0  -0.418305 3.172859 8.459515  -0.704924 0.628522 -0.328697  0.039282 0.590557 1 0 1.000000
0  -0.403511 2.875525 8.514297  -0.411460 0.092545 -0.906717  0.039282 0.590557 1 0 1.000000
0  -0.229947 3.172864 8.613634  -0.166170 0.646748 0.744382  0.039282 0.590557 1 0 1.000000
lowpoly_metal.053
0  0.832853 11.446931 7.144182  0.544706 0.083160 0.834493  0.043544 0.609912 1 0 1.000000
0  -0.783798 11.278991 6.989045  -0.489420 -0.871925 0.014675  0.043544 0.609912 1 0 1.000000
0  0.832850 11.293389 6.989045  0.644267 -0.764691 0.012932  0.043544 0.609912 1 0 1.000000
lowpoly_metal.053
0  0.024525 9.083881 8.835956  0.092327 -0.732368 -0.674621  0.030078 0.588281 1 0 1.000000
0  0.218158 9.178476 8.764766  0.670613 -0.499219 -0.548688  0.030078 0.588281 1 0 1.000000
0  0.233533 9.205245 8.907164  0.918650 -0.357419 0.168326  0.030078 0.588281 1 0 1.000000
lowpoly_metal.053
0  0.458667 5.040121 8.496846  0.377377 -0.125431 -0.917526  0.039282 0.590557 1 0 1.000000
0  -0.229945 5.040123 8.613636  -0.165568 -0.643032 0.747727  0.039282 0.590557 1 0 1.000000
0  -0.412976 5.040123 8.460898  -0.736872 -0.590926 -0.328370  0.039282 0.590557 1 0 1.000000
lowpoly_metal.053
0  0.452553 6.960907 8.514297  0.964532 0.262116 -0.031204  0.039282 0.590557 1 0 1.000000
0  -0.418301 6.960901 8.459514  -0.704924 0.628521 -0.328699  0.039282 0.590557 1 0 1.000000
0  -0.229945 6.960900 8.613634  -0.166174 0.646727 0.744399  0.039282 0.590557 1 0 1.000000
lowpoly_metal.053
0  -0.403507 6.122421 8.514297  -0.964534 -0.262108 -0.031205  0.039282 0.590557 1 0 1.000000
0  0.467351 6.122419 8.459514  0.704924 -0.628522 -0.328698  0.039282 0.590557 1 0 1.000000
0  0.278991 6.122418 8.613634  0.166167 -0.646737 0.744392  0.039282 0.590557 1 0 1.000000
lowpoly_metal.053
0  0.467351 6.122419 8.459514  0.704924 -0.628522 -0.328698  0.039282 0.590557 1 0 1.000000
0  0.452554 6.419751 8.514297  0.411467 -0.092536 -0.906715  0.039282 0.590557 1 0 1.000000
0  0.278991 6.122418 8.613634  0.166167 -0.646737 0.744392  0.039282 0.590557 1 0 1.000000
lowpoly_metal.053
0  0.452553 1.252078 8.514297  0.403731 -0.109944 -0.908247  0.039282 0.590557 1 0 1.000000
0  -0.229948 1.252078 8.613634  -0.238061 -0.926655 0.290924  0.039282 0.590557 1 0 1.000000
0  -0.418306 1.252082 8.459514  -0.709870 -0.620014 -0.334166  0.039282 0.590557 1 0 1.000000
lowpoly_metal.053
0  -0.341527 -9.062817 7.000884  -0.811757 -0.108736 -0.573784  0.043544 0.609912 1 0 1.000000
0  0.390560 -9.104070 7.024706  0.811729 -0.442567 -0.381092  0.043544 0.609912 1 0 1.000000
0  -0.341524 -9.035313 7.143804  -0.811711 0.108743 0.573846  0.043544 0.609912 1 0 1.000000
lowpoly_metal.053
0  -0.739855 9.743126 6.750535  -0.562377 -0.538526 0.627472  0.028340 0.414408 1 0 1.000000
0  -0.693365 9.691232 6.326702  -0.988791 -0.148817 0.012112  0.028340 0.414408 1 0 1.000000
0  -0.600387 9.755778 6.743824  0.096865 -0.597290 0.796154  0.028340 0.414408 1 0 1.000000
lowpoly_metal.053
0  0.402124 21.279266 6.243047  0.033603 -0.001720 -0.999434  0.028340 0.414408 1 0 1.000000
0  0.193830 20.444090 6.237481  -0.251495 -0.536901 -0.805287  0.028340 0.414408 1 0 1.000000
0  0.193831 21.387911 6.237482  0.033633 -0.001728 -0.999433  0.028340 0.414408 1 0 1.000000
lowpoly_metal.053
0  -0.444077 10.087942 9.084833  -0.000006 0.499998 0.866026  0.043544 0.609912 1 0 1.000000
0  -0.635217 9.673708 9.323988  0.000004 0.499994 0.866029  0.043544 0.609912 1 0 1.000000
0  -0.444076 9.673706 9.323988  0.000008 0.499992 0.866030  0.043544 0.609912 1 0 1.000000
lowpoly_metal.053
0  0.263033 -8.738985 9.458919  -0.543704 -0.693406 -0.472836  0.060711 0.469699 1 0 1.000000
0  0.345523 -8.317308 9.198885  -0.844863 -0.151183 -0.513176  0.060711 0.469699 1 0 1.000000
0  0.395952 -8.738939 9.198885  0.898719 -0.157010 -0.409453  0.060711 0.469699 1 0 1.000000
lowpoly_metal.053
0  -0.727882 2.643522 7.646164  0.719666 -0.425060 0.549004  0.060711 0.469699 1 0 1.000000
0  -0.727883 2.463904 7.475551  0.336043 -0.576581 0.744734  0.060711 0.469699 1 0 1.000000
0  -0.727883 2.713045 7.525729  1.000000 -0.000010 -0.000009  0.060711 0.469699 1 0 1.000000
lowpoly_metal.053
0  0.407749 1.340595 7.318059  -0.665048 0.228611 0.710949  0.060711 0.469699 1 0 1.000000
0  0.338663 1.166541 7.271239  -0.471676 0.162135 0.866738  0.060711 0.469699 1 0 1.000000
0  0.430533 1.166541 7.736506  -0.929603 0.319603 0.183555  0.060711 0.469699 1 0 1.000000
lowpoly_metal.053
0  -0.329831 8.027843 5.513714  -0.599202 0.800469 0.014375  0.013952 0.490792 1 0 1.000000
0  -0.329830 7.784531 5.345831  -0.599883 -0.340565 -0.723986  0.013952 0.490792 1 0 1.000000
0  -0.329830 7.758569 5.678603  -0.601215 -0.419737 0.679971  0.013952 0.490792 1 0 1.000000
lowpoly_metal.053
0  -0.341524 -9.035313 7.143804  -0.811711 0.108743 0.573846  0.043544 0.609912 1 0 1.000000
0  0.390560 -8.994053 7.119985  0.811750 0.442546 0.381070  0.043544 0.609912 1 0 1.000000
0  -0.341527 -9.062817 7.000884  -0.811757 -0.108736 -0.573784  0.043544 0.609912 1 0 1.000000
lowpoly_plastic.050
0  0.352797 -6.915016 5.443046  0.492505 -0.041705 -0.869310  0.064370 0.664198 1 0 1.000000
0  0.240112 -7.162047 5.423498  0.362819 -0.016952 -0.931705  0.064370 0.664198 1 0 1.000000
0  0.197509 -6.915019 5.430364  0.039140 0.021615 -0.999000  0.064370 0.664198 1 0 1.000000
lowpoly_metal.053
0  0.324926 8.457675 4.562638  -0.064048 0.728412 -0.682139  0.074523 0.389844 1 0 1.000000
0  -0.275876 8.457678 4.562636  -0.598522 0.584747 -0.547578  0.074523 0.389844 1 0 1.000000
0  -0.275876 8.457675 5.759264  0.000001 1.000000 0.000001  0.074523 0.389844 1 0 1.000000
lowpoly_metal.053
0  -0.418301 6.960901 8.459514  -0.704924 0.628521 -0.328699  0.039282 0.590557 1 0 1.000000
0  -0.403507 6.663568 8.514297  -0.411470 0.092541 -0.906713  0.039282 0.590557 1 0 1.000000
0  -0.229945 6.960900 8.613634  -0.166174 0.646727 0.744399  0.039282 0.590557 1 0 1.000000
lowpoly_metal.053
0  -0.350334 -8.443369 7.196707  -0.623737 0.402023 0.670321  0.043544 0.609912 1 0 1.000000
0  0.399374 -8.539097 7.224344  0.553263 0.042455 0.831924  0.043544 0.609912 1 0 1.000000
0  0.399371 -8.388667 7.072344  0.037786 0.810622 0.584349  0.043544 0.609912 1 0 1.000000
lowpoly_metal.053
0  -0.444074 9.836473 8.845675  -0.129296 0.991291 -0.024983  0.043544 0.609912 1 0 1.000000
0  0.548208 9.748114 8.716796  0.592726 0.382956 -0.708534  0.043544 0.609912 1 0 1.000000
0  -0.444076 9.579007 8.722655  -0.078558 0.429793 -0.899504  0.043544 0.609912 1 0 1.000000
lowpoly_plastic.050
0  0.024531 21.927032 7.183162  0.044642 0.897298 0.439163  0.005204 0.735637 1 0 1.000000
0  -0.257407 22.044914 6.966867  -0.093255 0.946956 0.307536  0.005204 0.735637 1 0 1.000000
0  -0.476007 21.927034 7.063821  -0.146293 0.775954 0.613590  0.005204 0.735637 1 0 1.000000
lowpoly_metal.053
0  -0.824503 2.022615 6.812401  -0.113108 -0.028414 0.993176  0.054113 0.558901 1 0 1.000000
0  -0.541999 2.151637 6.775156  -0.136751 0.089345 0.986568  0.054113 0.558901 1 0 1.000000
0  -0.824508 2.280666 6.551681  -0.225864 0.692367 0.685283  0.054113 0.558901 1 0 1.000000
lowpoly_metal.053
0  -0.319898 -8.290525 7.278664  0.291427 0.000000 0.956593  0.060711 0.469699 1 0 1.000000
0  0.024521 -9.164660 7.173737  0.291427 0.000000 0.956593  0.060711 0.469699 1 0 1.000000
0  0.024519 -8.290522 7.173737  0.291428 0.000001 0.956593  0.060711 0.469699 1 0 1.000000
lowpoly_metal.053
0  -0.739855 9.743126 6.750535  -0.562377 -0.538526 0.627472  0.028340 0.414408 1 0 1.000000
0  -0.600381 20.339096 6.812087  0.136758 0.008696 0.990566  0.028340 0.414408 1 0 1.000000
0  -0.728695 21.282917 6.826127  0.264720 0.032559 0.963776  0.028340 0.414408 1 0 1.000000
lowpoly_plastic.050
0  -0.620242 21.217340 4.572544  -0.992108 -0.036986 -0.119807  0.005204 0.735637 1 0 1.000000
0  -0.683332 21.927036 4.850057  -0.892964 0.436365 -0.110457  0.005204 0.735637 1 0 1.000000
0  -0.499126 22.020525 4.425128  -0.897817 0.298829 -0.323458  0.005204 0.735637 1 0 1.000000
lowpoly_metal.053
0  -0.444077 10.087942 8.606518  1.000000 0.000010 -0.000005  0.043544 0.609912 1 0 1.000000
0  -0.444077 10.087942 9.084833  1.000000 0.000006 0.000004  0.043544 0.609912 1 0 1.000000
0  -0.444074 9.836473 8.845675  1.000000 0.000003 0.000004  0.043544 0.609912 1 0 1.000000
lowpoly_metal.053
0  -0.444077 9.599300 8.974554  -0.056253 -0.970951 0.232574  0.043544 0.609912 1 0 1.000000
0  0.548206 9.510942 8.845675  0.592366 -0.805414 0.020297  0.043544 0.609912 1 0 1.000000
0  0.548208 9.768406 8.968697  0.078556 -0.429802 0.899500  0.043544 0.609912 1 0 1.000000
lowpoly_metal.053
0  -0.824503 2.022615 6.290957  -0.613471 0.022585 -0.789394  0.054113 0.558901 1 0 1.000000
0  -0.542002 1.893591 6.328204  0.597345 -0.072342 -0.798715  0.054113 0.558901 1 0 1.000000
0  -0.824506 1.764571 6.551681  -0.904345 -0.303352 -0.300230  0.054113 0.558901 1 0 1.000000
lowpoly_plastic.050
0  -0.300544 -2.893402 5.438817  -0.482148 0.042212 -0.875073  0.064370 0.664198 1 0 1.000000
0  -0.742442 -2.646370 6.015606  -0.761764 -0.005819 -0.647829  0.064370 0.664198 1 0 1.000000
0  -0.191183 -2.646373 5.423998  -0.353230 -0.005623 -0.935520  0.064370 0.664198 1 0 1.000000
lowpoly_metal.053
0  0.695926 9.691236 6.625926  -0.149069 -0.894567 0.421342  0.028340 0.414408 1 0 1.000000
0  0.788902 9.838312 6.783607  0.640693 -0.251662 0.725382  0.028340 0.414408 1 0 1.000000
0  0.649438 9.835551 6.774317  -0.075994 -0.375762 0.923595  0.028340 0.414408 1 0 1.000000
lowpoly_plastic.050
0  -0.303604 -4.316287 5.438807  -0.490534 -0.056121 -0.869613  0.064370 0.664198 1 0 1.000000
0  -0.745536 -4.069252 6.024901  -0.779582 0.082411 -0.620854  0.064370 0.664198 1 0 1.000000
0  -0.303453 -4.069255 5.434574  -0.488681 0.055575 -0.870691  0.064370 0.664198 1 0 1.000000
lowpoly_plastic.050
0  -0.300377 -6.213461 5.434562  -0.482964 -0.054341 -0.873952  0.064370 0.664198 1 0 1.000000
0  -0.742458 -5.966435 6.020848  -0.797033 -0.000842 -0.603935  0.064370 0.664198 1 0 1.000000
0  -0.306687 -5.966426 5.438816  -0.797025 -0.000806 -0.603946  0.064370 0.664198 1 0 1.000000
lowpoly_metal.053
0  0.139508 9.264512 8.907164  -0.909604 0.415475 0.000068  0.030078 0.588281 1 0 1.000000
0  0.008951 9.184655 8.764902  0.185384 0.953469 0.237761  0.030078 0.588281 1 0 1.000000
0  -0.020564 9.203287 8.907164  0.512276 0.855464 0.075853  0.030078 0.588281 1 0 1.000000
lowpoly_glow
0  0.144652 9.702340 9.209757  0.000000 1.000000 0.000000  0.306346 0.451235 1 0 1.000000
0  0.237450 9.704327 9.209759  0.000000 0.000000 0.000000  0.306346 0.451235 1 0 1.000000
0  0.191053 9.706874 9.129388  0.000000 1.000000 0.000000  0.306346 0.451235 1 0 1.000000
lowpoly_metal.053
0  -0.403507 1.549412 8.514297  -0.403722 0.109891 -0.908258  0.039282 0.590557 1 0 1.000000
0  -0.418306 1.252082 8.459514  -0.709870 -0.620014 -0.334166  0.039282 0.590557 1 0 1.000000
0  -0.229948 1.252078 8.613634  -0.238061 -0.926655 0.290924  0.039282 0.590557 1 0 1.000000
lowpoly_metal.053
0  -0.452066 1.283830 5.867020  0.044486 0.088621 0.995072  0.039282 0.590557 1 0 1.000000
0  -0.406835 1.900401 5.768030  -0.715976 0.586683 0.378393  0.039282 0.590557 1 0 1.000000
0  -0.481668 1.900404 5.852069  0.998611 0.032309 0.041616  0.039282 0.590557 1 0 1.000000
lowpoly_metal.053
0  -0.606146 9.798695 8.917833  -0.999616 -0.026906 0.006615  0.043544 0.609912 1 0 1.000000
0  -0.611422 9.988711 9.027541  -0.991481 -0.115679 -0.059860  0.043544 0.609912 1 0 1.000000
0  -0.619354 10.013519 8.649488  -0.859907 0.509675 -0.028135  0.043544 0.609912 1 0 1.000000
lowpoly_metal.053
0  0.301901 9.718607 9.247575  0.608850 0.625683 0.487671  0.030078 0.588281 1 0 1.000000
0  0.114912 9.663704 9.266517  0.035377 0.978058 0.205306  0.030078 0.588281 1 0 1.000000
0  0.295352 9.608799 9.241852  0.735328 -0.078930 0.673099  0.030078 0.588281 1 0 1.000000
lowpoly_metal.053
0  -0.475852 4.689076 8.193929  -0.117275 -0.725642 -0.678005  0.039282 0.590557 1 0 1.000000
0  -0.333979 4.772388 8.080224  -0.037646 -0.783103 -0.620751  0.039282 0.590557 1 0 1.000000
0  -0.275107 4.497057 8.195831  -0.400002 -0.426215 -0.811381  0.039282 0.590557 1 0 1.000000
lowpoly_metal.053
0  -0.967175 2.487803 7.405304  -0.636109 0.771502 -0.012198  0.060711 0.469699 1 0 1.000000
0  -1.660776 2.471100 7.305758  -0.711078 -0.702720 0.023511  0.060711 0.469699 1 0 1.000000
0  -1.660776 2.471100 7.504853  -0.141909 -0.642351 -0.753158  0.060711 0.469699 1 0 1.000000
lowpoly_metal.053
0  0.461592 7.948964 5.678604  0.601213 0.419741 0.679971  0.013952 0.490792 1 0 1.000000
0  -0.329830 7.758569 5.678603  -0.601215 -0.419737 0.679971  0.013952 0.490792 1 0 1.000000
0  0.461593 7.679688 5.513716  0.624430 -0.549342 0.555257  0.013952 0.490792 1 0 1.000000
lowpoly_metal.053
0  -0.229945 5.878601 8.613636  -0.165576 0.643030 0.747728  0.039282 0.590557 1 0 1.000000
0  0.278992 5.581270 8.613636  0.156014 -0.642911 0.749883  0.039282 0.590557 1 0 1.000000
0  0.458670 5.878601 8.496844  0.000028 0.203952 0.978981  0.039282 0.590557 1 0 1.000000
lowpoly_metal.053
0  -0.329830 7.784531 5.345831  -0.599883 -0.340565 -0.723986  0.013952 0.490792 1 0 1.000000
0  0.461592 7.923002 5.345831  0.065955 -0.376963 -0.923877  0.013952 0.490792 1 0 1.000000
0  0.461593 7.679688 5.513716  0.098878 -0.565135 -0.819051  0.013952 0.490792 1 0 1.000000
lowpoly_metal.053
0  0.068436 -8.696760 9.009204  0.772222 -0.634526 0.032417  0.060711 0.469699 1 0 1.000000
0  0.016297 -8.685626 9.225954  -0.028689 -0.452023 0.891545  0.060711 0.469699 1 0 1.000000
0  -0.019400 -8.696756 9.009203  -0.000044 -0.998641 0.052115  0.060711 0.469699 1 0 1.000000
lowpoly_plastic.050
0  -0.747092 -1.693157 6.035406  -0.799951 -0.017841 -0.599799  0.075349 0.627009 1 0 1.000000
0  -0.303153 -1.409101 5.365410  -0.799041 -0.133845 -0.586190  0.075349 0.627009 1 0 1.000000
0  -0.305023 -1.698303 5.433993  -0.800901 -0.066142 -0.595133  0.075349 0.627009 1 0 1.000000
lowpoly_metal.053
0  0.721274 2.727629 6.225271  0.893449 0.000043 -0.449165  0.039282 0.590557 1 0 1.000000
0  0.734993 10.823603 6.232130  0.851691 -0.000766 0.524044  0.039282 0.590557 1 0 1.000000
0  0.689226 10.823604 6.232130  -0.000011 -0.000847 1.000000  0.039282 0.590557 1 0 1.000000
lowpoly_metal.053
0  0.458667 5.040121 8.496846  0.377377 -0.125431 -0.917526  0.039282 0.590557 1 0 1.000000
0  0.464263 5.337460 8.471774  0.748385 0.597019 -0.288944  0.039282 0.590557 1 0 1.000000
0  0.278991 5.337458 8.613636  0.225355 0.928755 0.294327  0.039282 0.590557 1 0 1.000000
lowpoly_metal.053
0  -0.275875 6.234291 4.355703  -0.009385 -0.248336 -0.968629  0.074523 0.389844 1 0 1.000000
0  0.324925 6.074442 4.375178  0.045685 -0.441362 -0.896166  0.074523 0.389844 1 0 1.000000
0  -0.275876 5.717926 4.746368  0.015805 -0.733785 -0.679197  0.074523 0.389844 1 0 1.000000
lowpoly_metal.053
0  0.324927 7.620498 4.454632  0.049312 0.215653 -0.975224  0.074523 0.389844 1 0 1.000000
0  -0.275876 7.489913 4.375232  -0.622328 0.273719 -0.733339  0.074523 0.389844 1 0 1.000000
0  -0.275876 7.682158 4.571293  -0.356240 0.667176 -0.654194  0.074523 0.389844 1 0 1.000000
lowpoly_metal.053
0  -0.239926 -14.638988 6.886992  -0.597985 -0.344772 -0.723565  0.043544 0.609912 1 0 1.000000
0  -0.239926 -14.653983 7.079195  -0.597871 -0.418055 0.683944  0.043544 0.609912 1 0 1.000000
0  -0.239933 -14.498452 6.983958  -0.597153 0.801805 0.022752  0.043544 0.609912 1 0 1.000000
lowpoly_plastic.050
0  0.024523 -1.409106 7.328566  -0.325603 0.677762 0.659258  0.075349 0.627009 1 0 1.000000
0  0.608290 -1.128659 7.328566  -0.325603 0.677762 0.659258  0.075349 0.627009 1 0 1.000000
0  0.024523 -1.128661 7.040249  -0.325603 0.677762 0.659258  0.075349 0.627009 1 0 1.000000
lowpoly_plastic.050
0  -0.690727 -6.343766 7.566576  -0.990295 -0.026614 0.136411  0.064370 0.664198 1 0 1.000000
0  -0.675754 -6.477297 7.381500  -0.999467 -0.009253 -0.031319  0.064370 0.664198 1 0 1.000000
0  -0.684653 -6.609385 7.556599  -0.991435 0.012008 0.130044  0.064370 0.664198 1 0 1.000000
lowpoly_plastic.050
0  -0.086280 -4.930902 8.347420  -0.015228 -0.002772 0.999880  0.064370 0.664198 1 0 1.000000
0  -0.399788 -5.177925 8.336308  -0.015377 -0.002794 0.999878  0.064370 0.664198 1 0 1.000000
0  -0.086361 -5.177925 8.349024  -0.015245 -0.002788 0.999880  0.064370 0.664198 1 0 1.000000
lowpoly_plastic.050
0  -0.391900 -3.755044 8.340598  -0.907983 -0.063691 0.414139  0.064370 0.664198 1 0 1.000000
0  -0.668275 -3.508014 7.769075  -0.964645 0.056664 0.257389  0.064370 0.664198 1 0 1.000000
0  -0.672356 -3.755049 7.773396  -0.963802 -0.047425 0.262367  0.064370 0.664198 1 0 1.000000
lowpoly_metal.053
0  0.452553 1.252078 8.514297  0.403731 -0.109944 -0.908247  0.039282 0.590557 1 0 1.000000
0  0.467348 1.549415 8.459514  0.709859 0.620023 -0.334173  0.039282 0.590557 1 0 1.000000
0  0.278989 1.549415 8.613634  0.238054 0.926651 0.290944  0.039282 0.590557 1 0 1.000000
lowpoly_plastic.050
0  -0.686780 -2.551029 7.555111  -0.991415 -0.015358 0.129850  0.064370 0.664198 1 0 1.000000
0  -0.675183 -2.682943 7.381550  -0.999514 0.000385 -0.031173  0.064370 0.664198 1 0 1.000000
0  -0.687432 -2.816812 7.569413  -0.990271 0.022868 0.137261  0.064370 0.664198 1 0 1.000000
lowpoly_metal.053
0  0.458670 0.710930 8.496845  0.377374 -0.125420 -0.917528  0.039282 0.590557 1 0 1.000000
0  0.464262 1.008266 8.471775  0.748388 0.597014 -0.288946  0.039282 0.590557 1 0 1.000000
0  0.278989 1.008267 8.613634  0.225354 0.928761 0.294309  0.039282 0.590557 1 0 1.000000
lowpoly_metal.053
0  -0.403508 2.090561 8.514297  -0.972250 0.232418 -0.026675  0.039282 0.590557 1 0 1.000000
0  0.278993 2.090558 8.613634  0.175311 0.646786 0.742249  0.039282 0.590557 1 0 1.000000
0  0.463486 2.090564 8.450146  0.689540 0.629536 -0.358077  0.039282 0.590557 1 0 1.000000
lowpoly_metal.053
0  -0.409621 1.008264 8.496845  -0.933714 0.350458 -0.073196  0.039282 0.590557 1 0 1.000000
0  0.278989 1.008267 8.613634  0.225354 0.928761 0.294309  0.039282 0.590557 1 0 1.000000
0  0.464262 1.008266 8.471775  0.748388 0.597014 -0.288946  0.039282 0.590557 1 0 1.000000
lowpoly_metal.053
0  -0.418303 4.255157 8.459516  -0.709864 0.620022 -0.334165  0.039282 0.590557 1 0 1.000000
0  -0.403508 3.957823 8.514297  -0.405177 0.071034 -0.911474  0.039282 0.590557 1 0 1.000000
0  -0.229946 4.255155 8.613636  -0.166173 0.646726 0.744401  0.039282 0.590557 1 0 1.000000
lowpoly_metal.053
0  -0.041076 1.340594 7.505612  0.764961 0.026728 0.643522  0.060711 0.469699 1 0 1.000000
0  0.090129 2.832551 7.505611  -0.606007 -0.610618 0.509804  0.060711 0.469699 1 0 1.000000
0  -0.062469 2.832548 7.544469  0.768939 -0.530615 0.356625  0.060711 0.469699 1 0 1.000000
lowpoly_metal.053
0  -0.727883 2.492878 7.318330  0.052150 -0.887518 -0.457813  0.060711 0.469699 1 0 1.000000
0  -0.446895 2.504470 7.405303  0.064971 -0.627402 -0.775981  0.060711 0.469699 1 0 1.000000
0  -0.727883 2.463904 7.475551  0.047245 -0.990904 -0.126006  0.060711 0.469699 1 0 1.000000
lowpoly_glow
0  -0.095601 9.702340 9.209756  0.000000 0.000000 0.000000  0.306346 0.451235 1 0 1.000000
0  -0.142000 9.704324 9.129390  0.000000 0.000000 0.000000  0.306346 0.451235 1 0 1.000000
0  -0.188398 9.706308 9.209757  0.000000 0.000000 0.000000  0.306346 0.451235 1 0 1.000000
lowpoly_plastic.050
0  0.135321 -4.703634 8.347421  0.016628 0.001886 0.999860  0.064370 0.664198 1 0 1.000000
0  0.445791 -4.456606 8.336319  0.016618 0.001897 0.999860  0.064370 0.664198 1 0 1.000000
0  0.135395 -4.456605 8.349648  0.016635 0.001879 0.999860  0.064370 0.664198 1 0 1.000000
lowpoly_plastic.050
0  0.739763 -4.239354 7.566586  0.989242 0.026469 0.143876  0.064370 0.664198 1 0 1.000000
0  0.724789 -4.105828 7.381498  0.999655 0.010167 -0.024210  0.064370 0.664198 1 0 1.000000
0  0.733693 -3.973740 7.556591  0.990736 -0.010690 0.135382  0.064370 0.664198 1 0 1.000000
lowpoly_plastic.050
0  0.738798 -3.290871 7.567419  0.989379 0.026280 0.142967  0.064370 0.664198 1 0 1.000000
0  0.724240 -3.157238 7.381555  0.999671 0.008230 -0.024291  0.064370 0.664198 1 0 1.000000
0  0.733691 -3.025144 7.556598  0.990882 -0.011723 0.134221  0.064370 0.664198 1 0 1.000000
lowpoly_plastic.050
0  0.570352 22.041712 6.791909  0.559794 0.802860 0.205053  0.005204 0.735637 1 0 1.000000
0  0.732388 21.927034 4.850059  0.559949 0.827742 -0.036058  0.005204 0.735637 1 0 1.000000
0  0.533067 22.041945 4.604128  0.619785 0.773784 -0.130865  0.005204 0.735637 1 0 1.000000
lowpoly_plastic.050
0  0.533067 22.041945 4.604128  0.619785 0.773784 -0.130865  0.005204 0.735637 1 0 1.000000
0  0.732388 21.927034 4.850059  0.559949 0.827742 -0.036058  0.005204 0.735637 1 0 1.000000
0  0.576708 21.927034 4.274865  0.644422 0.744514 -0.174410  0.005204 0.735637 1 0 1.000000
lowpoly_metal.053
0  -0.350334 -8.443369 7.196707  -0.623737 0.402023 0.670321  0.043544 0.609912 1 0 1.000000
0  0.399371 -8.388667 7.072344  0.037786 0.810622 0.584349  0.043544 0.609912 1 0 1.000000
0  -0.350336 -8.463882 6.942057  -0.676104 0.734427 -0.059162  0.043544 0.609912 1 0 1.000000
lowpoly_metal.053
0  -0.600387 9.824278 6.180260  0.667539 -0.288501 -0.686410  0.028340 0.414408 1 0 1.000000
0  -0.693365 9.691232 6.326702  0.951413 -0.221445 -0.213952  0.028340 0.414408 1 0 1.000000
0  -0.739855 9.853170 6.167055  0.022312 -0.307180 -0.951390  0.028340 0.414408 1 0 1.000000
lowpoly_plastic.050
0  -0.690727 -6.343766 7.566576  -0.990295 -0.026614 0.136411  0.064370 0.664198 1 0 1.000000
0  -0.392840 -6.600809 8.344714  -0.928635 0.061163 0.365919  0.064370 0.664198 1 0 1.000000
0  -0.397708 -6.353780 8.340463  -0.925747 -0.077249 0.370168  0.064370 0.664198 1 0 1.000000
lowpoly_plastic.050
0  -0.148470 -6.213454 5.434598  -0.011701 0.002796 -0.999928  0.064370 0.664198 1 0 1.000000
0  -0.306687 -5.966426 5.438816  -0.011700 0.002790 -0.999928  0.064370 0.664198 1 0 1.000000
0  -0.148468 -5.966430 5.432480  -0.011705 0.002785 -0.999928  0.064370 0.664198 1 0 1.000000
lowpoly_metal.053
0  -0.335678 10.618719 8.444057  -0.130371 0.931396 0.339860  0.039282 0.590557 1 0 1.000000
0  -0.466783 9.998713 9.331595  -0.702361 0.337223 0.626873  0.039282 0.590557 1 0 1.000000
0  -0.335677 9.985701 9.323285  0.541263 0.374233 0.752984  0.039282 0.590557 1 0 1.000000
lowpoly_plastic.050
0  -0.327661 20.382410 6.634329  0.888241 0.003593 -0.459363  0.005518 0.736972 1 0 1.000000
0  -0.095720 20.640902 6.830016  0.254678 -0.542937 -0.800224  0.005518 0.736972 1 0 1.000000
0  0.206665 20.382410 6.804379  -0.459363 0.003594 -0.888241  0.005518 0.736972 1 0 1.000000
lowpoly_metal.053
0  0.139642 9.348771 8.764894  -0.986188 0.142915 0.083717  0.030078 0.588281 1 0 1.000000
0  0.139508 9.264512 8.907164  -0.909604 0.415475 0.000068  0.030078 0.588281 1 0 1.000000
0  0.069608 9.420995 8.907164  -0.887347 -0.396376 -0.235587  0.030078 0.588281 1 0 1.000000
lowpoly_plastic.050
0  0.376718 20.382408 6.270051  -0.888241 0.003604 0.459364  0.005518 0.736972 1 0 1.000000
0  0.144774 20.640902 6.074361  -0.254674 -0.542934 0.800228  0.005518 0.736972 1 0 1.000000
0  -0.157612 20.382410 6.099998  0.459366 0.003595 0.888240  0.005518 0.736972 1 0 1.000000
lowpoly_plastic.050
0  0.206665 20.382410 6.804379  -0.459363 0.003594 -0.888241  0.005518 0.736972 1 0 1.000000
0  -0.095720 20.640902 6.830016  0.254678 -0.542937 -0.800224  0.005518 0.736972 1 0 1.000000
0  0.402356 20.640900 6.572435  -0.800216 -0.542951 -0.254672  0.005518 0.736972 1 0 1.000000
lowpoly_plastic.050
0  -0.327661 20.382410 6.634329  0.888241 0.003593 -0.459363  0.005518 0.736972 1 0 1.000000
0  -0.353298 20.640898 6.331941  0.800216 -0.542950 0.254675  0.005518 0.736972 1 0 1.000000
0  -0.095720 20.640902 6.830016  0.254678 -0.542937 -0.800224  0.005518 0.736972 1 0 1.000000
lowpoly_metal.053
0  -0.695193 10.823604 6.738296  -0.702776 0.002329 -0.711407  0.039282 0.590557 1 0 1.000000
0  -0.695192 11.624237 7.712593  -0.999809 0.003310 -0.019274  0.039282 0.590557 1 0 1.000000
0  -0.695193 12.080220 7.310114  -0.999808 0.003345 -0.019316  0.039282 0.590557 1 0 1.000000
lowpoly_metal.053
0  -0.559368 5.389444 7.481591  -0.930851 -0.000000 -0.365399  0.060711 0.469699 1 0 1.000000
0  -0.422753 1.166537 7.133566  -0.930850 0.000000 -0.365402  0.060711 0.469699 1 0 1.000000
0  -0.559369 1.166537 7.481590  -0.930850 0.000000 -0.365402  0.060711 0.469699 1 0 1.000000
lowpoly_metal.053
0  0.090129 2.832551 7.505611  -0.606007 -0.610618 0.509804  0.060711 0.469699 1 0 1.000000
0  -0.041076 1.340594 7.505612  0.764961 0.026728 0.643522  0.060711 0.469699 1 0 1.000000
0  0.111506 1.340595 7.544467  -0.907087 0.012954 0.420744  0.060711 0.469699 1 0 1.000000
lowpoly_plastic.050
0  0.024523 -1.409106 7.328566  0.325595 0.677764 0.659260  0.075349 0.627009 1 0 1.000000
0  0.024523 -1.128661 7.040249  0.325595 0.677764 0.659260  0.075349 0.627009 1 0 1.000000
0  -0.559246 -1.128663 7.328563  0.325595 0.677764 0.659260  0.075349 0.627009 1 0 1.000000
lowpoly_plastic.050
0  0.349419 -5.966423 5.434562  0.774427 -0.083999 -0.627062  0.064370 0.664198 1 0 1.000000
0  0.788382 -6.213458 6.011527  0.764211 0.006481 -0.644933  0.064370 0.664198 1 0 1.000000
0  0.240173 -6.213459 5.423773  0.764184 0.002301 -0.644994  0.064370 0.664198 1 0 1.000000
lowpoly_metal.053
0  -0.320632 -14.446390 7.762558  0.508323 -0.011532 -0.861089  0.060711 0.469699 1 0 1.000000
0  0.024519 1.319526 8.099063  -0.895147 0.386198 -0.222627  0.060711 0.469699 1 0 1.000000
0  0.015947 -14.446399 7.976669  0.508329 -0.011546 -0.861086  0.060711 0.469699 1 0 1.000000
lowpoly_metal.053
0  -0.090457 9.359769 8.907164  0.965401 -0.252891 0.063621  0.030078 0.588281 1 0 1.000000
0  -0.054609 9.413300 8.764918  0.676202 -0.712900 0.185807  0.030078 0.588281 1 0 1.000000
0  0.069608 9.420995 8.907164  -0.026410 -0.996682 0.076984  0.030078 0.588281 1 0 1.000000
lowpoly_plastic.050
0  0.790208 -2.646376 7.036397  0.999995 -0.000999 -0.003026  0.075349 0.627009 1 0 1.000000
0  0.790206 -2.419112 7.036394  0.999995 -0.001243 -0.002945  0.075349 0.627009 1 0 1.000000
0  0.795742 -2.295597 7.150066  0.999995 -0.001250 -0.002946  0.075349 0.627009 1 0 1.000000
lowpoly_metal.053
0  -0.335332 12.190789 7.420599  -0.326487 0.126635 0.936680  0.039282 0.590557 1 0 1.000000
0  -0.695188 13.240623 7.153235  -0.326487 0.126635 0.936680  0.039282 0.590557 1 0 1.000000
0  -0.695193 12.080220 7.310114  -0.326487 0.126635 0.936680  0.039282 0.590557 1 0 1.000000
lowpoly_metal.053
0  0.193831 21.387911 6.237482  -0.531238 0.831675 0.161564  0.028340 0.414408 1 0 1.000000
0  0.276201 21.300842 6.701533  -0.570116 0.807029 0.153856  0.028340 0.414408 1 0 1.000000
0  0.402124 21.279266 6.243047  0.190464 0.981438 0.022415  0.028340 0.414408 1 0 1.000000
lowpoly_plastic.050
0  0.206665 20.382410 6.804379  -0.459363 0.003594 -0.888241  0.005518 0.736972 1 0 1.000000
0  0.402356 20.640900 6.572435  -0.800216 -0.542951 -0.254672  0.005518 0.736972 1 0 1.000000
0  0.376718 20.382408 6.270051  -0.888241 0.003604 0.459364  0.005518 0.736972 1 0 1.000000
lowpoly_plastic.050
0  -0.620242 21.217340 4.572544  -0.992108 -0.036986 -0.119807  0.005204 0.735637 1 0 1.000000
0  -0.653952 21.993494 6.732942  -0.998962 -0.043111 0.014714  0.005204 0.735637 1 0 1.000000
0  -0.683332 21.927036 4.850057  -0.892964 0.436365 -0.110457  0.005204 0.735637 1 0 1.000000
lowpoly_metal.053
0  -0.409621 7.204719 8.496845  -0.946963 -0.313614 -0.070052  0.039282 0.590557 1 0 1.000000
0  0.462023 7.204716 8.460897  0.730657 -0.601777 -0.322498  0.039282 0.590557 1 0 1.000000
0  0.278991 7.204718 8.613634  0.165575 -0.643041 0.747719  0.039282 0.590557 1 0 1.000000
lowpoly_metal.053
0  0.458670 5.878601 8.496844  0.000028 0.203952 0.978981  0.039282 0.590557 1 0 1.000000
0  -0.412974 5.878604 8.460896  -0.736861 0.590930 -0.328386  0.039282 0.590557 1 0 1.000000
0  -0.229945 5.878601 8.613636  -0.165576 0.643030 0.747728  0.039282 0.590557 1 0 1.000000
lowpoly_metal.053
0  0.733236 2.727630 6.738296  0.999935 0.002733 -0.011063  0.039282 0.590557 1 0 1.000000
0  0.689226 10.823603 6.738295  0.704163 0.003311 -0.710030  0.039282 0.590557 1 0 1.000000
0  0.744237 10.823601 6.738295  0.000006 -0.000000 -1.000000  0.039282 0.590557 1 0 1.000000
lowpoly_metal.053
0  -0.202468 -8.739050 8.971899  0.441841 -0.780682 0.441941  0.060711 0.469699 1 0 1.000000
0  -0.255956 -8.738876 8.918409  -0.001599 -0.999997 -0.001666  0.060711 0.469699 1 0 1.000000
0  0.039733 -8.738950 8.833754  0.378128 -0.159095 0.911980  0.060711 0.469699 1 0 1.000000
lowpoly_plastic.050
0  0.739763 -4.239354 7.566586  0.989242 0.026469 0.143876  0.064370 0.664198 1 0 1.000000
0  0.445854 -3.982312 8.336401  0.928760 -0.060978 0.365631  0.064370 0.664198 1 0 1.000000
0  0.444797 -4.229341 8.344643  0.927009 0.072996 0.367866  0.064370 0.664198 1 0 1.000000
lowpoly_metal.053
0  -0.275893 7.446129 4.482029  -0.024299 -0.151118 0.988217  0.074523 0.389844 1 0 1.000000
0  0.325281 7.597723 4.541291  -0.030778 -0.085908 0.995827  0.074523 0.389844 1 0 1.000000
0  -0.275876 7.682158 4.571293  -0.003003 -0.353736 0.935341  0.074523 0.389844 1 0 1.000000
lowpoly_plastic.050
0  0.732389 21.927032 6.775702  0.556706 0.816897 0.150853  0.005204 0.735637 1 0 1.000000
0  0.570352 22.041712 6.791909  0.559794 0.802860 0.205053  0.005204 0.735637 1 0 1.000000
0  0.525060 21.927034 7.063821  0.555795 0.728794 0.399939  0.005204 0.735637 1 0 1.000000
lowpoly_plastic.050
0  -0.191134 -6.440728 5.423774  -0.352295 -0.005569 -0.935873  0.064370 0.664198 1 0 1.000000
0  -0.148468 -6.687749 5.434598  -0.001463 -0.021109 -0.999776  0.064370 0.664198 1 0 1.000000
0  -0.297325 -6.687757 5.434574  -0.001771 -0.017503 -0.999845  0.064370 0.664198 1 0 1.000000
lowpoly_metal.053
0  -0.640176 10.823599 6.232129  -0.710026 -0.006751 0.704144  0.039282 0.590557 1 0 1.000000
0  -0.666962 13.240623 6.227662  -0.999874 -0.011188 0.011262  0.039282 0.590557 1 0 1.000000
0  -0.685944 10.823597 6.232129  0.000000 0.001848 0.999998  0.039282 0.590557 1 0 1.000000
lowpoly_plastic.050
0  0.494545 10.821341 5.693752  0.826655 0.052265 -0.560277  0.034333 0.623884 1 0 1.000000
0  0.522076 10.014790 5.649189  0.958347 0.027982 -0.284232  0.034333 0.623884 1 0 1.000000
0  0.348633 10.034693 5.463179  0.733278 0.062438 -0.677056  0.034333 0.623884 1 0 1.000000
lowpoly_plastic.050
0  -0.450956 8.693931 3.608320  -0.944573 -0.310633 -0.106250  0.034333 0.623884 1 0 1.000000
0  -0.458365 9.834223 4.338900  -0.944398 0.291632 0.151870  0.034333 0.623884 1 0 1.000000
0  -0.451066 10.111112 3.875776  -0.940854 0.290909 0.173680  0.034333 0.623884 1 0 1.000000
lowpoly_metal.053
0  -1.660777 2.631470 7.213170  -0.570625 0.679831 0.460669  0.060711 0.469699 1 0 1.000000
0  -0.967176 2.705456 7.255124  -0.590008 0.336253 0.734046  0.060711 0.469699 1 0 1.000000
0  -1.660776 2.815943 7.291837  -0.749988 0.659893 0.045374  0.060711 0.469699 1 0 1.000000
lowpoly_plastic.050
0  -0.473027 10.014786 5.649189  -0.999947 -0.006437 0.008086  0.034333 0.623884 1 0 1.000000
0  -0.473028 9.562299 5.128387  -0.999947 -0.006437 0.008078  0.034333 0.623884 1 0 1.000000
0  -0.438734 8.152330 5.755660  -0.991199 -0.132330 -0.003754  0.034333 0.623884 1 0 1.000000
lowpoly_plastic.050
0  0.507417 9.834221 4.338900  0.944138 0.293587 0.149702  0.034333 0.623884 1 0 1.000000
0  0.500005 8.693931 3.608320  0.944125 -0.311821 -0.106750  0.034333 0.623884 1 0 1.000000
0  0.500172 10.111890 3.875935  0.940873 0.290909 0.173578  0.034333 0.623884 1 0 1.000000
lowpoly_metal.053
0  -0.783802 11.523707 6.856070  -0.611378 0.331424 -0.718592  0.043544 0.609912 1 0 1.000000
0  0.832851 11.605714 6.967890  0.032302 0.996847 -0.072476  0.043544 0.609912 1 0 1.000000
0  0.832853 11.446931 6.833908  0.020147 0.644769 -0.764112  0.043544 0.609912 1 0 1.000000
lowpoly_plastic.050
0  0.500005 10.370767 3.412144  0.942633 0.285926 0.172305  0.034333 0.623884 1 0 1.000000
0  0.500193 8.989904 2.638886  0.943760 -0.312977 -0.106592  0.034333 0.623884 1 0 1.000000
0  0.500198 10.661115 2.954294  0.941119 0.290817 0.172396  0.034333 0.623884 1 0 1.000000
lowpoly_metal.053
0  0.689226 10.823603 6.738295  0.706870 -0.006901 -0.707310  0.039282 0.590557 1 0 1.000000
0  0.716736 13.240620 6.738297  0.999704 -0.009743 -0.022292  0.039282 0.590557 1 0 1.000000
0  0.744237 10.823601 6.738295  -0.000029 0.000001 -1.000000  0.039282 0.590557 1 0 1.000000
lowpoly_plastic.050
0  0.514138 10.989615 2.457020  0.927128 0.313680 0.205031  0.034333 0.623884 1 0 1.000000
0  0.500195 9.128832 2.152453  0.944691 -0.312129 -0.100669  0.034333 0.623884 1 0 1.000000
0  0.522247 9.236613 1.765233  0.929535 -0.364302 0.057008  0.034333 0.623884 1 0 1.000000
lowpoly_metal.053
0  -0.329831 8.027843 5.513714  -0.599202 0.800469 0.014375  0.013952 0.490792 1 0 1.000000
0  0.461592 7.948964 5.678604  0.601213 0.419741 0.679971  0.013952 0.490792 1 0 1.000000
0  0.461592 7.923002 5.345831  0.665775 0.743892 -0.058036  0.013952 0.490792 1 0 1.000000
lowpoly_metal.053
0  -0.239926 -14.653983 7.079195  -0.597871 -0.418055 0.683944  0.043544 0.609912 1 0 1.000000
0  0.288959 -14.559004 7.080928  0.597977 0.344778 0.723569  0.043544 0.609912 1 0 1.000000
0  -0.239933 -14.498452 6.983958  -0.597153 0.801805 0.022752  0.043544 0.609912 1 0 1.000000
lowpoly_metal.053
0  0.024518 -14.247867 7.118530  -0.249767 0.773217 0.582883  0.060711 0.469699 1 0 1.000000
0  0.293189 -14.231162 7.199754  0.083405 0.130018 0.987997  0.060711 0.469699 1 0 1.000000
0  -0.201890 -14.247867 7.019898  -0.008007 0.999799 0.018375  0.060711 0.469699 1 0 1.000000
lowpoly_metal.053
0  -0.389479 11.410300 8.313465  -0.104774 0.829845 0.548069  0.039282 0.590557 1 0 1.000000
0  -0.335332 11.734806 7.823080  -0.187455 0.825137 0.532925  0.039282 0.590557 1 0 1.000000
0  -0.695192 11.624237 7.712593  -0.388787 0.787512 0.478195  0.039282 0.590557 1 0 1.000000
lowpoly_plastic.050
0  0.240173 -6.213459 5.423773  -0.001236 0.008170 -0.999966  0.064370 0.664198 1 0 1.000000
0  0.197505 -5.966428 5.433388  0.002306 0.020855 -0.999780  0.064370 0.664198 1 0 1.000000
0  0.349419 -5.966423 5.434562  0.001458 0.017820 -0.999840  0.064370 0.664198 1 0 1.000000
lowpoly_metal.053
0  0.024521 -1.073688 8.191292  -0.514179 -0.049922 0.856229  0.060711 0.469699 1 0 1.000000
0  -0.469116 -1.383702 7.836461  -0.510868 -0.086378 0.855309  0.060711 0.469699 1 0 1.000000
0  0.024518 -1.834394 8.034447  -0.499891 -0.174892 0.848246  0.060711 0.469699 1 0 1.000000
lowpoly_plastic.050
0  0.197507 -3.594962 5.434598  0.010795 -0.000180 -0.999942  0.064370 0.664198 1 0 1.000000
0  0.349591 -3.841991 5.438816  0.010669 -0.000168 -0.999943  0.064370 0.664198 1 0 1.000000
0  0.197506 -3.841989 5.431209  0.010779 -0.000188 -0.999942  0.064370 0.664198 1 0 1.000000
lowpoly_metal.053
0  0.293189 -14.231162 7.199754  0.083405 0.130018 0.987997  0.060711 0.469699 1 0 1.000000
0  0.351327 -14.859981 7.288012  0.614039 0.118346 0.780353  0.060711 0.469699 1 0 1.000000
0  0.255411 -14.859983 6.742576  0.982701 0.066601 -0.172810  0.060711 0.469699 1 0 1.000000
lowpoly_plastic.050
0  0.500195 9.128832 2.152453  0.944691 -0.312129 -0.100669  0.020572 0.715833 1 0 1.000000
0  0.514138 10.989615 2.457020  0.927128 0.313680 0.205031  0.020572 0.715833 1 0 1.000000
0  0.492853 10.937518 2.530440  0.932160 0.261366 0.250530  0.020572 0.715833 1 0 1.000000
lowpoly_metal.053
0  -0.598432 9.548731 8.773516  -0.999957 -0.008338 -0.003934  0.043544 0.609912 1 0 1.000000
0  -0.606146 9.798695 8.917833  -0.999616 -0.026906 0.006615  0.043544 0.609912 1 0 1.000000
0  -0.599779 9.748698 8.715789  -0.999957 -0.008354 -0.003949  0.043544 0.609912 1 0 1.000000
lowpoly_metal.053
0  0.218158 9.178476 8.764766  0.670613 -0.499219 -0.548688  0.030078 0.588281 1 0 1.000000
0  0.008951 9.184655 8.764902  -0.026408 -0.365586 -0.930403  0.030078 0.588281 1 0 1.000000
0  0.139642 9.348771 8.764894  -0.000206 -0.000055 -1.000000  0.030078 0.588281 1 0 1.000000
lowpoly_metal.053
0  -0.229948 1.252078 8.613634  -0.000001 0.000020 1.000000  0.039282 0.590557 1 0 1.000000
0  0.278989 1.549415 8.613634  -0.000000 -0.000018 1.000000  0.039282 0.590557 1 0 1.000000
0  -0.403507 1.549412 8.514297  -0.000108 -0.000022 1.000000  0.039282 0.590557 1 0 1.000000
lowpoly_plastic.050
0  0.448829 -5.879486 8.336308  0.927404 -0.071204 0.367222  0.075349 0.627009 1 0 1.000000
0  0.717316 -5.652225 7.769073  0.964498 -0.046222 0.260014  0.075349 0.627009 1 0 1.000000
0  0.441821 -5.652223 8.344635  0.910646 -0.062415 0.408446  0.075349 0.627009 1 0 1.000000
lowpoly_metal.053
0  -0.339050 -12.515281 6.514019  0.500004 0.003040 -0.866018  0.060711 0.469699 1 0 1.000000
0  0.024522 1.784145 6.774121  -0.160728 0.946867 0.278584  0.060711 0.469699 1 0 1.000000
0  0.024519 -12.515281 6.723928  0.500004 0.003040 -0.866018  0.060711 0.469699 1 0 1.000000
lowpoly_metal.053
0  -0.090457 9.359769 8.907164  0.965401 -0.252891 0.063621  0.030078 0.588281 1 0 1.000000
0  0.008951 9.184655 8.764902  0.185384 0.953469 0.237761  0.030078 0.588281 1 0 1.000000
0  -0.054609 9.413300 8.764918  0.676202 -0.712900 0.185807  0.030078 0.588281 1 0 1.000000
lowpoly_metal.053
0  0.832850 11.293389 6.989045  0.644267 -0.764691 0.012932  0.043544 0.609912 1 0 1.000000
0  0.832851 11.605714 6.967890  1.000000 -0.000002 0.000001  0.043544 0.609912 1 0 1.000000
0  0.832853 11.446931 7.144182  0.544706 0.083160 0.834493  0.043544 0.609912 1 0 1.000000
lowpoly_plastic.050
0  0.494545 10.821341 5.693752  0.021453 0.149477 0.988532  0.034333 0.623884 1 0 1.000000
0  -0.299584 10.775881 5.564582  -0.005267 0.952972 -0.303012  0.034333 0.623884 1 0 1.000000
0  -0.473026 10.830040 5.737930  0.019317 0.494252 0.869104  0.034333 0.623884 1 0 1.000000
lowpoly_metal.053
0  0.534010 -9.239595 6.009955  -0.000007 -1.000000 -0.000002  0.060711 0.469699 1 0 1.000000
0  0.024520 -9.239586 6.892418  -0.000004 -1.000000 0.000004  0.060711 0.469699 1 0 1.000000
0  -0.484972 -9.239592 6.009955  0.000000 -1.000000 -0.000002  0.060711 0.469699 1 0 1.000000
lowpoly_plastic.050
0  0.791533 -3.120671 7.036520  0.999995 -0.001276 -0.002906  0.064370 0.664198 1 0 1.000000
0  0.790207 -3.367694 7.036394  0.999995 -0.001282 -0.002925  0.064370 0.664198 1 0 1.000000
0  0.791438 -3.367700 6.015544  0.999995 -0.001304 -0.002898  0.064370 0.664198 1 0 1.000000
lowpoly_metal.053
0  -0.409623 5.581272 8.496845  -0.933717 -0.350443 -0.073231  0.039282 0.590557 1 0 1.000000
0  0.464266 5.581269 8.471775  0.748387 -0.597017 -0.288944  0.039282 0.590557 1 0 1.000000
0  0.278992 5.581270 8.613636  0.156014 -0.642911 0.749883  0.039282 0.590557 1 0 1.000000
lowpoly_metal.053
0  0.402351 10.373627 8.336334  0.002322 -0.022091 -0.999753  0.030078 0.588281 1 0 1.000000
0  -0.353301 8.815893 8.368999  -0.546536 -0.758052 -0.355889  0.030078 0.588281 1 0 1.000000
0  -0.353300 10.373629 8.336334  0.002288 -0.022073 -0.999754  0.030078 0.588281 1 0 1.000000
lowpoly_metal.053
0  0.395952 -8.738939 9.198885  0.898719 -0.157010 -0.409453  0.060711 0.469699 1 0 1.000000
0  0.287166 -8.317309 8.936239  0.961654 0.094163 -0.257595  0.060711 0.469699 1 0 1.000000
0  0.392823 -8.317308 9.389365  0.678408 0.734679 -0.003077  0.060711 0.469699 1 0 1.000000
lowpoly_metal.053
0  0.461593 7.679688 5.513716  0.624430 -0.549342 0.555257  0.013952 0.490792 1 0 1.000000
0  0.461592 7.923002 5.345831  0.665775 0.743892 -0.058036  0.013952 0.490792 1 0 1.000000
0  0.461592 7.948964 5.678604  0.601213 0.419741 0.679971  0.013952 0.490792 1 0 1.000000
lowpoly_metal.053
0  -0.090587 5.412175 8.068998  0.000011 -0.999993 0.003837  0.034375 0.595312 1 0 1.000000
0  0.139632 5.408539 7.120965  0.000002 -0.999993 0.003836  0.034375 0.595312 1 0 1.000000
0  0.139636 5.412178 8.068998  0.000012 -0.999993 0.003837  0.034375 0.595312 1 0 1.000000
lowpoly_metal.053
0  0.139636 5.881637 7.308424  1.000000 -0.000006 -0.000004  0.034375 0.595312 1 0 1.000000
0  0.139638 6.099610 7.634862  1.000000 -0.000004 -0.000001  0.034375 0.595312 1 0 1.000000
0  0.139636 5.412178 8.068998  1.000000 -0.000004 -0.000001  0.034375 0.595312 1 0 1.000000
lowpoly_metal.053
0  -0.255956 -8.738876 9.479361  -0.382659 -0.000016 0.923890  0.060711 0.469699 1 0 1.000000
0  0.024517 -8.317308 9.595535  -0.382670 -0.000008 0.923885  0.060711 0.469699 1 0 1.000000
0  -0.229211 -8.317307 9.452616  -0.382687 0.000013 0.923878  0.060711 0.469699 1 0 1.000000
lowpoly_plastic.050
0  -0.300377 -6.213461 5.434562  -0.482964 -0.054341 -0.873952  0.075349 0.627009 1 0 1.000000
0  -0.745519 -6.440714 6.019646  -0.761934 -0.007368 -0.647613  0.075349 0.627009 1 0 1.000000
0  -0.742445 -6.213453 6.015605  -0.778400 -0.082935 -0.622266  0.075349 0.627009 1 0 1.000000
lowpoly_plastic.050
0  -0.559246 -1.128663 7.328563  0.180729 0.006038 0.983514  0.075349 0.627009 1 0 1.000000
0  0.024523 0.974635 7.040248  0.402145 0.013876 0.915471  0.075349 0.627009 1 0 1.000000
0  -0.749302 0.977668 7.348302  0.380751 0.013107 0.924585  0.075349 0.627009 1 0 1.000000
lowpoly_plastic.050
0  0.732388 21.226692 6.775702  0.997920 -0.060577 -0.022033  0.005204 0.735637 1 0 1.000000
0  0.732388 21.927034 4.850059  0.997918 -0.060615 -0.022041  0.005204 0.735637 1 0 1.000000
0  0.732389 21.927032 6.775702  0.997919 -0.060598 -0.022038  0.005204 0.735637 1 0 1.000000
lowpoly_plastic.050
0  0.721400 -4.930893 7.773394  0.963283 0.051371 0.263529  0.075349 0.627009 1 0 1.000000
0  0.443847 -4.703633 8.340653  0.921879 0.012045 0.387290  0.075349 0.627009 1 0 1.000000
0  0.438980 -4.930902 8.344680  0.908020 0.073107 0.412497  0.075349 0.627009 1 0 1.000000
lowpoly_plastic.050
0  -0.745538 -5.492138 6.024904  -0.999996 0.000594 -0.002819  0.064370 0.664198 1 0 1.000000
0  -0.739360 -5.739163 6.006367  -0.999996 0.000603 -0.002877  0.064370 0.664198 1 0 1.000000
0  -0.745577 -5.739166 7.036811  -0.999996 0.000621 -0.002893  0.064370 0.664198 1 0 1.000000
lowpoly_plastic.050
0  0.791471 -1.944818 6.010393  0.797199 0.003957 -0.603703  0.075349 0.627009 1 0 1.000000
0  0.358951 -2.172079 5.443047  0.797005 -0.000820 -0.603972  0.075349 0.627009 1 0 1.000000
0  0.346369 -1.944810 5.434575  0.797192 0.004150 -0.603712  0.075349 0.627009 1 0 1.000000
lowpoly_metal.053
0  0.229439 -8.945938 8.008210  0.551738 -0.726448 -0.409705  0.060711 0.469699 1 0 1.000000
0  -0.180402 -8.717613 8.413326  -0.006666 -0.874014 0.485855  0.060711 0.469699 1 0 1.000000
0  -0.180403 -8.938080 8.010983  -0.562184 -0.719832 -0.407176  0.060711 0.469699 1 0 1.000000
lowpoly_plastic.050
0  -0.744340 -4.316287 7.036693  -0.999996 -0.000695 -0.002862  0.064370 0.664198 1 0 1.000000
0  -0.739400 -4.069256 7.036229  -0.999996 -0.000711 -0.002850  0.064370 0.664198 1 0 1.000000
0  -0.745536 -4.069252 6.024901  -0.999996 -0.000717 -0.002838  0.064370 0.664198 1 0 1.000000
lowpoly_metal.053
0  0.689226 10.823604 6.232130  0.000021 1.000000 0.000021  0.039282 0.590557 1 0 1.000000
0  0.734993 10.823603 6.232130  0.000021 1.000000 0.000021  0.039282 0.590557 1 0 1.000000
0  0.484472 10.823603 5.731352  0.000021 1.000000 0.000021  0.039282 0.590557 1 0 1.000000
lowpoly_metal.053
0  -0.435424 10.823606 5.731353  -0.000042 1.000000 -0.000003  0.039282 0.590557 1 0 1.000000
0  -0.685944 10.823597 6.232129  -0.000042 1.000000 -0.000003  0.039282 0.590557 1 0 1.000000
0  -0.640176 10.823599 6.232129  -0.000042 1.000000 -0.000003  0.039282 0.590557 1 0 1.000000
lowpoly_metal.053
0  -0.640176 10.823599 6.232129  -0.000004 1.000000 0.000006  0.039282 0.590557 1 0 1.000000
0  -0.640175 10.823599 6.738296  -0.000003 1.000000 -0.000000  0.039282 0.590557 1 0 1.000000
0  0.689226 10.823604 6.232130  -0.000001 1.000000 0.000002  0.039282 0.590557 1 0 1.000000
lowpoly_metal.053
0  -0.675512 2.727632 6.226912  -0.891186 0.000510 -0.453637  0.039282 0.590557 1 0 1.000000
0  -0.640176 10.823599 6.232129  -0.000018 -0.000644 1.000000  0.039282 0.590557 1 0 1.000000
0  -0.685944 10.823597 6.232129  -0.852990 -0.000119 0.521928  0.039282 0.590557 1 0 1.000000
lowpoly_metal.053
0  0.346806 1.340594 7.861102  0.000001 -1.000000 -0.000001  0.060711 0.469699 1 0 1.000000
0  0.012859 1.340594 7.692912  -0.000006 -1.000000 -0.000000  0.060711 0.469699 1 0 1.000000
0  0.111506 1.340595 7.544467  0.000003 -1.000000 0.000001  0.060711 0.469699 1 0 1.000000
lowpoly_plastic.050
0  0.521333 13.324677 5.971948  0.000001 -0.000001 -1.000000  0.069489 0.560212 1 0 1.000000
0  -0.472280 12.331061 5.971948  0.000001 -0.000001 -1.000000  0.069489 0.560212 1 0 1.000000
0  -0.472283 13.324679 5.971948  0.000001 0.000000 -1.000000  0.069489 0.560212 1 0 1.000000
lowpoly_plastic.050
0  0.349585 -4.790571 5.438816  0.482136 0.043300 -0.875025  0.064370 0.664198 1 0 1.000000
0  0.197507 -4.790576 5.431209  0.023428 -0.018607 -0.999552  0.064370 0.664198 1 0 1.000000
0  0.240174 -4.543544 5.423773  0.351016 -0.005068 -0.936356  0.064370 0.664198 1 0 1.000000
lowpoly_metal.053
0  -0.409621 1.008264 8.496845  -0.933714 0.350458 -0.073196  0.039282 0.590557 1 0 1.000000
0  0.458670 0.710930 8.496845  0.377374 -0.125420 -0.917528  0.039282 0.590557 1 0 1.000000
0  -0.412979 0.710929 8.460897  -0.736875 -0.590924 -0.328366  0.039282 0.590557 1 0 1.000000
lowpoly_metal.053
0  -0.275876 7.682158 4.571293  -0.006828 -0.986719 0.162294  0.074523 0.389844 1 0 1.000000
0  0.325281 7.597723 4.541291  -0.118460 -0.948173 0.294848  0.074523 0.389844 1 0 1.000000
0  0.324925 7.757613 5.055322  -0.042441 -0.997969 -0.047505  0.074523 0.389844 1 0 1.000000
lowpoly_metal.053
0  -0.054609 9.413300 8.764918  0.676202 -0.712900 0.185807  0.030078 0.588281 1 0 1.000000
0  0.139642 9.348771 8.764894  -0.299642 -0.902125 0.310461  0.030078 0.588281 1 0 1.000000
0  0.069608 9.420995 8.907164  -0.026410 -0.996682 0.076984  0.030078 0.588281 1 0 1.000000
lowpoly_metal.053
0  0.452553 2.631713 8.514297  0.405171 -0.071020 -0.911478  0.039282 0.590557 1 0 1.000000
0  0.278991 2.334376 8.613634  0.166169 -0.646737 0.744392  0.039282 0.590557 1 0 1.000000
0  0.467352 2.334376 8.459514  0.709868 -0.620020 -0.334162  0.039282 0.590557 1 0 1.000000
lowpoly_metal.053
0  0.324926 8.457675 4.562638  -0.064048 0.728412 -0.682139  0.074523 0.389844 1 0 1.000000
0  -0.275876 7.682158 4.571293  -0.713640 0.043066 -0.699188  0.074523 0.389844 1 0 1.000000
0  -0.275876 8.457678 4.562636  -0.598522 0.584747 -0.547578  0.074523 0.389844 1 0 1.000000
lowpoly_metal.053
0  0.393901 1.930833 5.813227  0.680842 -0.713345 -0.166111  0.026458 0.410980 1 0 1.000000
0  -0.314264 1.968958 5.648888  -0.613119 -0.766354 -0.191799  0.026458 0.410980 1 0 1.000000
0  0.379970 1.996306 5.653899  0.727612 -0.667882 -0.156574  0.026458 0.410980 1 0 1.000000
lowpoly_metal.053
0  -0.358265 1.961251 5.819886  -0.000212 -0.216265 0.976335  0.026458 0.410980 1 0 1.000000
0  0.393901 1.930833 5.813227  -0.000170 -0.216125 0.976366  0.026458 0.410980 1 0 1.000000
0  -0.161782 2.098024 5.850106  0.000124 -0.215934 0.976408  0.026458 0.410980 1 0 1.000000
lowpoly_metal.053
0  -0.275876 8.457675 5.759264  -1.000000 -0.000000 -0.000000  0.074523 0.389844 1 0 1.000000
0  -0.275876 7.682158 4.571293  -0.713640 0.043066 -0.699188  0.074523 0.389844 1 0 1.000000
0  -0.275875 7.715334 5.310111  -1.000000 -0.000001 -0.000000  0.074523 0.389844 1 0 1.000000
lowpoly_metal.053
0  -0.353300 10.373629 8.336334  0.000003 1.000000 0.000000  0.030078 0.588281 1 0 1.000000
0  0.402351 10.373627 8.698236  0.000003 1.000000 0.000000  0.030078 0.588281 1 0 1.000000
0  0.402351 10.373627 8.336334  0.000003 1.000000 0.000000  0.030078 0.588281 1 0 1.000000
lowpoly_metal.053
0  0.114912 9.663704 9.266517  -0.274910 -0.956847 0.094167  0.030078 0.588281 1 0 1.000000
0  0.024523 9.718608 9.134824  -0.000012 -0.055784 0.998443  0.030078 0.588281 1 0 1.000000
0  0.024522 9.608802 9.128689  0.000035 -0.685829 0.727763  0.030078 0.588281 1 0 1.000000
lowpoly_metal.053
0  0.139508 9.264512 8.907164  0.003395 -0.051024 0.998692  0.030078 0.588281 1 0 1.000000
0  0.166294 9.679741 8.907164  0.004953 -0.074406 0.997216  0.030078 0.588281 1 0 1.000000
0  0.069608 9.420995 8.907164  0.003591 -0.054072 0.998531  0.030078 0.588281 1 0 1.000000
lowpoly_plastic.050
0  0.717682 -1.857871 7.754842  0.903476 -0.001990 0.428633  0.064370 0.664198 1 0 1.000000
0  0.442893 -1.610844 8.336385  0.899143 -0.008466 0.437574  0.064370 0.664198 1 0 1.000000
0  0.446817 -1.857870 8.340545  0.903479 -0.002553 0.428625  0.064370 0.664198 1 0 1.000000
lowpoly_plastic.050
0  0.582778 -8.359459 7.322385  -0.000000 -0.000000 -1.000000  0.075349 0.627009 1 0 1.000000
0  0.729796 0.690608 7.322383  -0.000004 -0.000000 -1.000000  0.075349 0.627009 1 0 1.000000
0  0.729791 -8.359457 7.322385  0.000000 -0.000000 -1.000000  0.075349 0.627009 1 0 1.000000
lowpoly_metal.053
0  -0.353297 9.079804 8.698236  0.000000 0.000000 1.000000  0.030078 0.588281 1 0 1.000000
0  0.402351 10.373627 8.698236  0.000001 0.000000 1.000000  0.030078 0.588281 1 0 1.000000
0  -0.353300 10.373629 8.698236  0.000001 0.000000 1.000000  0.030078 0.588281 1 0 1.000000
lowpoly_metal.053
0  0.788902 9.743126 6.202094  0.562651 -0.509767 -0.650816  0.028340 0.414408 1 0 1.000000
0  0.649442 20.339096 6.140539  -0.183290 -0.002000 -0.983057  0.028340 0.414408 1 0 1.000000
0  0.757700 21.282917 6.120905  -0.341060 0.005659 -0.940025  0.028340 0.414408 1 0 1.000000
lowpoly_metal.053
0  0.446562 11.392319 8.312672  0.892745 0.026613 0.449776  0.039282 0.590557 1 0 1.000000
0  0.744237 10.823601 7.755476  0.892784 0.026716 0.449692  0.039282 0.590557 1 0 1.000000
0  0.744241 11.624236 7.712593  0.892663 0.026400 0.449951  0.039282 0.590557 1 0 1.000000
lowpoly_metal.053
0  -0.114758 7.059441 5.043811  -0.652005 -0.758209 0.002943  0.074523 0.389844 1 0 1.000000
0  0.163805 6.830441 5.751916  -0.017418 -0.953322 -0.301453  0.074523 0.389844 1 0 1.000000
0  -0.114759 6.830440 5.751916  -0.017412 -0.953322 -0.301454  0.074523 0.389844 1 0 1.000000
lowpoly_plastic.050
0  -0.586266 21.226692 6.992979  -0.308892 -0.727325 0.612849  0.005204 0.735637 1 0 1.000000
0  0.024531 21.927032 7.183162  -0.268189 -0.027603 0.962971  0.005204 0.735637 1 0 1.000000
0  -0.476007 21.927034 7.063821  -0.601524 0.029657 0.798304  0.005204 0.735637 1 0 1.000000
lowpoly_plastic.050
0  0.024528 20.382408 5.767122  -0.382685 0.000000 -0.923879  0.005518 0.736972 1 0 1.000000
0  -0.459887 21.288465 5.967774  -0.382685 0.000000 -0.923879  0.005518 0.736972 1 0 1.000000
0  0.024526 21.288471 5.767123  -0.382685 0.000000 -0.923879  0.005518 0.736972 1 0 1.000000
lowpoly_plastic.050
0  0.402356 20.640900 6.572435  -0.800216 -0.542951 -0.254672  0.005518 0.736972 1 0 1.000000
0  0.144774 20.640902 6.074361  -0.254674 -0.542934 0.800228  0.005518 0.736972 1 0 1.000000
0  0.376718 20.382408 6.270051  -0.888241 0.003604 0.459364  0.005518 0.736972 1 0 1.000000
lowpoly_metal.053
0  0.233586 9.621077 8.764748  0.866190 0.498955 -0.027553  0.030078 0.588281 1 0 1.000000
0  0.233533 9.205245 8.907164  0.918650 -0.357419 0.168326  0.030078 0.588281 1 0 1.000000
0  0.218158 9.178476 8.764766  0.670613 -0.499219 -0.548688  0.030078 0.588281 1 0 1.000000
lowpoly_metal.053
0  -0.640176 10.823599 6.232129  0.126817 -0.991669 -0.022606  0.039282 0.590557 1 0 1.000000
0  -0.435424 10.823606 5.731353  0.126839 -0.991666 -0.022570  0.039282 0.590557 1 0 1.000000
0  0.024526 10.934168 5.841840  0.126808 -0.991670 -0.022599  0.039282 0.590557 1 0 1.000000
lowpoly_metal.053
0  -0.435424 10.823606 5.731353  -0.900303 0.003131 -0.435251  0.039282 0.590557 1 0 1.000000
0  -0.666962 13.240623 6.227662  -0.465644 0.857209 -0.219927  0.039282 0.590557 1 0 1.000000
0  -0.435421 13.240622 5.731353  -0.813820 0.430019 -0.390871  0.039282 0.590557 1 0 1.000000
lowpoly_metal.053
0  -0.667681 13.240621 6.738295  -0.467735 0.883677 -0.018423  0.039282 0.590557 1 0 1.000000
0  -0.640175 10.823599 6.738296  0.000004 -0.000000 -1.000000  0.039282 0.590557 1 0 1.000000
0  -0.695193 10.823604 6.738296  -0.702776 0.002329 -0.711407  0.039282 0.590557 1 0 1.000000
lowpoly_metal.053
0  0.448618 -14.244353 7.318425  0.999996 0.001202 -0.002444  0.060711 0.469699 1 0 1.000000
0  0.432558 -1.834394 7.798865  0.999999 0.001294 -0.000000  0.060711 0.469699 1 0 1.000000
0  0.448618 -14.244351 7.814320  0.999996 0.001204 -0.002435  0.060711 0.469699 1 0 1.000000
lowpoly_metal.053
0  -1.660777 2.631469 7.597441  -0.587035 0.657385 -0.472477  0.060711 0.469699 1 0 1.000000
0  -1.660776 2.815943 7.518774  -0.004178 0.998914 0.046408  0.060711 0.469699 1 0 1.000000
0  -0.967177 2.728680 7.552804  -0.565903 0.320080 -0.759804  0.060711 0.469699 1 0 1.000000
lowpoly_metal.053
0  0.744241 12.080218 7.310114  0.999808 0.003341 -0.019317  0.039282 0.590557 1 0 1.000000
0  0.744241 11.624236 7.712593  0.999809 0.003306 -0.019277  0.039282 0.590557 1 0 1.000000
0  0.744237 10.823601 6.738295  0.999808 0.003309 -0.019297  0.039282 0.590557 1 0 1.000000
lowpoly_metal.053
0  0.278991 6.122418 8.613634  0.166167 -0.646737 0.744392  0.039282 0.590557 1 0 1.000000
0  -0.229944 6.419752 8.613634  -0.175297 0.646797 0.742243  0.039282 0.590557 1 0 1.000000
0  -0.403507 6.122421 8.514297  -0.964534 -0.262108 -0.031205  0.039282 0.590557 1 0 1.000000
lowpoly_plastic.050
0  -0.438734 8.152330 5.755660  -0.031943 -0.609925 0.791815  0.034333 0.623884 1 0 1.000000
0  0.522080 8.258101 5.755444  0.021522 0.014900 0.999657  0.034333 0.623884 1 0 1.000000
0  -0.473026 10.830040 5.737930  0.019317 0.494252 0.869104  0.034333 0.623884 1 0 1.000000
lowpoly_metal.053
0  0.024531 13.257547 7.148829  0.020013 0.999793 -0.003671  0.039282 0.590557 1 0 1.000000
0  0.744244 13.240620 7.153235  0.755456 0.654985 -0.016741  0.039282 0.590557 1 0 1.000000
0  0.716736 13.240620 6.738297  0.466259 0.884568 -0.011900  0.039282 0.590557 1 0 1.000000
lowpoly_metal.053
0  0.384386 11.734806 7.823080  0.196213 0.818480 0.539992  0.039282 0.590557 1 0 1.000000
0  -0.389479 11.410300 8.313465  -0.104774 0.829845 0.548069  0.039282 0.590557 1 0 1.000000
0  0.446562 11.392319 8.312672  0.121009 0.825340 0.551517  0.039282 0.590557 1 0 1.000000
lowpoly_metal.053
0  0.689226 10.823603 6.738295  -0.126782 -0.991672 -0.022635  0.039282 0.590557 1 0 1.000000
0  0.024526 10.934168 5.841840  -0.126813 -0.991669 -0.022596  0.039282 0.590557 1 0 1.000000
0  0.689226 10.823604 6.232130  -0.126807 -0.991670 -0.022594  0.039282 0.590557 1 0 1.000000
lowpoly_metal.053
0  0.324924 6.104177 5.619651  -0.050553 -0.023347 -0.998448  0.074523 0.389844 1 0 1.000000
0  -0.275876 7.405002 5.619652  0.010167 -0.336968 -0.941461  0.074523 0.389844 1 0 1.000000
0  0.324924 7.546602 5.555482  -0.042743 -0.564531 -0.824304  0.074523 0.389844 1 0 1.000000
lowpoly_metal.053
0  0.024522 1.166545 8.001436  0.399232 -0.000000 -0.916850  0.060711 0.469699 1 0 1.000000
0  -0.297762 1.340598 7.861102  0.399230 -0.000004 -0.916851  0.060711 0.469699 1 0 1.000000
0  0.024521 1.340594 8.001436  0.399233 0.000002 -0.916849  0.060711 0.469699 1 0 1.000000
lowpoly_metal.053
0  -0.446896 2.643522 7.264812  0.112421 0.084089 -0.990096  0.060711 0.469699 1 0 1.000000
0  -0.727883 2.492878 7.318330  0.052150 -0.887518 -0.457813  0.060711 0.469699 1 0 1.000000
0  -0.727883 2.732008 7.290356  -0.046373 0.588923 -0.806858  0.060711 0.469699 1 0 1.000000
lowpoly_plastic.050
0  0.197506 -2.419106 5.433388  0.020533 0.005864 -0.999772  0.064370 0.664198 1 0 1.000000
0  0.358951 -2.172079 5.443047  0.020697 0.005867 -0.999769  0.064370 0.664198 1 0 1.000000
0  0.349417 -2.419114 5.434563  0.485208 -0.052489 -0.872822  0.064370 0.664198 1 0 1.000000
lowpoly_plastic.050
0  0.522076 10.014790 5.649189  0.619907 0.592334 -0.514642  0.034333 0.623884 1 0 1.000000
0  0.348637 9.756498 5.142990  0.619911 0.592329 -0.514642  0.034333 0.623884 1 0 1.000000
0  0.348633 10.034693 5.463179  0.619904 0.592337 -0.514641  0.034333 0.623884 1 0 1.000000
lowpoly_metal.053
0  -0.090457 9.359769 8.907164  0.007287 -0.109650 0.993944  0.030078 0.588281 1 0 1.000000
0  -0.184537 9.621084 8.907164  0.007289 -0.109650 0.993944  0.030078 0.588281 1 0 1.000000
0  -0.169108 9.178477 8.907164  -0.673570 -0.472885 0.568052  0.030078 0.588281 1 0 1.000000
lowpoly_plastic.050
0  0.500172 10.111890 3.875935  0.940873 0.290909 0.173578  0.034333 0.623884 1 0 1.000000
0  0.500090 8.844888 3.124170  0.943659 -0.313819 -0.105003  0.034333 0.623884 1 0 1.000000
0  0.500005 10.370767 3.412144  0.942633 0.285926 0.172305  0.034333 0.623884 1 0 1.000000
lowpoly_metal.053
0  -0.695196 1.378268 7.282770  0.107749 0.775789 0.621725  0.039282 0.590557 1 0 1.000000
0  -0.515067 7.800862 7.212188  0.190629 -0.588896 0.785406  0.039282 0.590557 1 0 1.000000
0  -0.695190 7.838203 7.264364  0.090111 -0.803124 0.588958  0.039282 0.590557 1 0 1.000000
lowpoly_plastic.050
0  -0.299584 10.775881 5.564582  -0.712809 0.085048 -0.696183  0.034333 0.623884 1 0 1.000000
0  -0.473027 10.014786 5.649189  -0.712829 0.085053 -0.696161  0.034333 0.623884 1 0 1.000000
0  -0.473026 10.830040 5.737930  -0.712816 0.085048 -0.696175  0.034333 0.623884 1 0 1.000000
lowpoly_metal.053
0  -1.660776 2.471100 7.305758  -0.711078 -0.702720 0.023511  0.060711 0.469699 1 0 1.000000
0  -0.727883 2.463904 7.475551  0.047245 -0.990904 -0.126006  0.060711 0.469699 1 0 1.000000
0  -1.660776 2.471100 7.504853  -0.141909 -0.642351 -0.753158  0.060711 0.469699 1 0 1.000000
lowpoly_metal.053
0  -0.403507 6.663568 8.514297  -0.000023 -0.208434 0.978037  0.039282 0.590557 1 0 1.000000
0  0.463488 6.663568 8.450146  0.694074 -0.621398 -0.363491  0.039282 0.590557 1 0 1.000000
0  0.278993 6.663568 8.613634  0.175310 -0.646796 0.742241  0.039282 0.590557 1 0 1.000000
lowpoly_metal.053
0  0.324926 5.657600 5.316037  0.677169 -0.694050 -0.244411  0.074523 0.389844 1 0 1.000000
0  -0.275876 5.717926 4.746368  0.039936 -0.988363 -0.146781  0.074523 0.389844 1 0 1.000000
0  0.324928 5.736318 4.900053  0.244480 -0.959139 -0.142413  0.074523 0.389844 1 0 1.000000
lowpoly_metal.053
0  -0.459445 1.319506 7.865760  -0.865715 0.393638 -0.309171  0.060711 0.469699 1 0 1.000000
0  0.024521 -1.073688 8.191292  -0.514179 -0.049922 0.856229  0.060711 0.469699 1 0 1.000000
0  0.024519 1.319526 8.099063  -0.895147 0.386198 -0.222627  0.060711 0.469699 1 0 1.000000
lowpoly_plastic.050
0  0.352799 -5.739163 5.443046  0.026206 -0.001520 -0.999655  0.064370 0.664198 1 0 1.000000
0  0.197508 -5.492133 5.433388  0.025912 -0.001504 -0.999663  0.064370 0.664198 1 0 1.000000
0  0.355714 -5.492136 5.438798  0.026081 -0.001522 -0.999659  0.064370 0.664198 1 0 1.000000
lowpoly_metal.053
0  -0.394234 -14.244354 7.811230  -0.467541 -0.000081 0.883971  0.060711 0.469699 1 0 1.000000
0  0.024518 -1.834394 8.034447  -0.434380 -0.001545 0.900728  0.060711 0.469699 1 0 1.000000
0  -0.469116 -1.383702 7.836461  -0.434386 -0.001547 0.900725  0.060711 0.469699 1 0 1.000000
lowpoly_metal.053
0  0.024518 -12.515281 5.884295  0.500002 0.003040 0.866019  0.060711 0.469699 1 0 1.000000
0  -0.397010 1.784146 6.077470  -0.189738 0.925007 -0.329182  0.060711 0.469699 1 0 1.000000
0  -0.339050 -12.515281 6.094203  0.500002 0.003040 0.866019  0.060711 0.469699 1 0 1.000000
lowpoly_plastic.050
0  0.352195 -1.409101 5.365410  0.709038 -0.384256 -0.591281  0.075349 0.627009 1 0 1.000000
0  0.800799 -1.128663 5.721642  0.709385 -0.384014 -0.591021  0.075349 0.627009 1 0 1.000000
0  0.793357 -1.693540 6.032045  0.709381 -0.383992 -0.591040  0.075349 0.627009 1 0 1.000000
lowpoly_plastic.050
0  0.181185 13.608008 6.740097  -0.000001 0.000000 1.000000  0.069489 0.560212 1 0 1.000000
0  -0.132133 12.981377 6.740097  -0.000002 0.000000 1.000000  0.069489 0.560212 1 0 1.000000
0  0.181185 12.981380 6.740097  -0.000002 0.000000 1.000000  0.069489 0.560212 1 0 1.000000
lowpoly_metal.053
0  0.458670 5.878601 8.496844  0.379707 -0.059475 -0.923193  0.039282 0.590557 1 0 1.000000
0  -0.409623 5.581272 8.496845  -0.933717 -0.350443 -0.073231  0.039282 0.590557 1 0 1.000000
0  -0.412974 5.878604 8.460896  -0.736861 0.590930 -0.328386  0.039282 0.590557 1 0 1.000000
lowpoly_metal.053
0  0.278991 3.957824 8.613634  0.166173 -0.646735 0.744393  0.039282 0.590557 1 0 1.000000
0  -0.229946 4.255155 8.613636  -0.166173 0.646726 0.744401  0.039282 0.590557 1 0 1.000000
0  -0.403508 3.957823 8.514297  -0.000023 -0.198337 0.980134  0.039282 0.590557 1 0 1.000000
lowpoly_metal.053
0  0.448579 1.319366 7.318455  0.000027 1.000000 0.000020  0.060711 0.469699 1 0 1.000000
0  0.508488 1.319507 7.865761  0.988714 0.142056 0.047598  0.060711 0.469699 1 0 1.000000
0  0.568394 1.319364 7.249279  0.699610 0.593953 -0.397196  0.060711 0.469699 1 0 1.000000
lowpoly_metal.053
0  -0.519350 1.319362 7.249279  -0.715856 0.570218 -0.402992  0.060711 0.469699 1 0 1.000000
0  -0.459445 1.319506 7.865760  -0.992812 0.117551 0.022512  0.060711 0.469699 1 0 1.000000
0  -0.399537 1.319369 7.318455  -0.000059 1.000000 -0.000009  0.060711 0.469699 1 0 1.000000
lowpoly_metal.053
0  0.064457 1.319527 7.004447  0.465091 0.152813 -0.871974  0.060711 0.469699 1 0 1.000000
0  0.448579 1.319366 7.318455  0.000027 1.000000 0.000020  0.060711 0.469699 1 0 1.000000
0  0.568394 1.319364 7.249279  0.699610 0.593953 -0.397196  0.060711 0.469699 1 0 1.000000
lowpoly_metal.053
0  -0.519350 1.319362 7.249279  -0.715856 0.570218 -0.402992  0.060711 0.469699 1 0 1.000000
0  -0.399537 1.319369 7.318455  -0.000059 1.000000 -0.000009  0.060711 0.469699 1 0 1.000000
0  0.064457 1.319527 7.004447  -0.493075 0.126181 -0.860787  0.060711 0.469699 1 0 1.000000
lowpoly_plastic.050
0  -0.472279 12.331061 6.965564  -0.000001 0.000001 1.000000  0.069489 0.560212 1 0 1.000000
0  0.521333 13.324677 6.965564  -0.000001 0.000001 1.000000  0.069489 0.560212 1 0 1.000000
0  -0.472283 13.324679 6.965564  0.000000 0.000000 1.000000  0.069489 0.560212 1 0 1.000000
lowpoly_metal.053
0  0.832851 11.605714 6.967890  0.032302 0.996847 -0.072476  0.043544 0.609912 1 0 1.000000
0  -0.783802 11.523707 6.856070  -0.611378 0.331424 -0.718592  0.043544 0.609912 1 0 1.000000
0  -0.783803 11.544645 7.115975  -0.619469 0.399505 0.675762  0.043544 0.609912 1 0 1.000000
lowpoly_metal.053
0  -0.537366 -8.318642 7.445716  -0.572883 0.584376 -0.574726  0.060711 0.469699 1 0 1.000000
0  -0.537370 -9.029570 7.679605  -0.575170 -0.583382 0.573450  0.060711 0.469699 1 0 1.000000
0  -0.542719 -8.319438 7.685575  -0.578898 0.570609 0.582480  0.060711 0.469699 1 0 1.000000
lowpoly_metal.053
0  -0.229944 3.714006 8.613634  -0.166173 0.646731 0.744396  0.039282 0.590557 1 0 1.000000
0  0.278993 3.416674 8.613634  0.166168 -0.646734 0.744395  0.039282 0.590557 1 0 1.000000
0  0.452554 3.714011 8.514297  0.000018 0.198332 0.980135  0.039282 0.590557 1 0 1.000000
lowpoly_plastic.050
0  0.794577 -5.264866 6.014469  0.795852 -0.000081 -0.605492  0.075349 0.627009 1 0 1.000000
0  0.355714 -5.492136 5.438798  0.795857 -0.000162 -0.605485  0.075349 0.627009 1 0 1.000000
0  0.349589 -5.264873 5.438816  0.795850 -0.000081 -0.605494  0.075349 0.627009 1 0 1.000000
lowpoly_plastic.050
0  0.352193 0.974641 5.135504  0.000000 0.000000 -1.000000  0.075349 0.627009 1 0 1.000000
0  -0.303148 -1.128663 5.135503  0.000001 0.000000 -1.000000  0.075349 0.627009 1 0 1.000000
0  -0.303150 0.974641 5.135504  0.000000 0.000000 -1.000000  0.075349 0.627009 1 0 1.000000
lowpoly_metal.053
0  -0.418303 2.631709 8.459515  -0.709862 0.620028 -0.334158  0.039282 0.590557 1 0 1.000000
0  0.467352 2.334376 8.459514  0.709868 -0.620020 -0.334162  0.039282 0.590557 1 0 1.000000
0  -0.403510 2.334377 8.514297  -0.405175 0.071029 -0.911476  0.039282 0.590557 1 0 1.000000
lowpoly_metal.053
0  0.458669 4.796303 8.496845  0.946963 0.313615 -0.070052  0.039282 0.590557 1 0 1.000000
0  -0.412975 4.796306 8.460898  -0.730656 0.601782 -0.322492  0.039282 0.590557 1 0 1.000000
0  -0.229944 4.796304 8.613636  -0.165574 0.643036 0.747723  0.039282 0.590557 1 0 1.000000
lowpoly_metal.053
0  0.452553 1.793227 8.514297  0.972251 -0.232414 -0.026677  0.039282 0.590557 1 0 1.000000
0  -0.229946 1.793229 8.613634  -0.175308 -0.646798 0.742239  0.039282 0.590557 1 0 1.000000
0  -0.414445 1.793229 8.450146  -0.689548 -0.629525 -0.358082  0.039282 0.590557 1 0 1.000000
lowpoly_plastic.050
0  -0.672212 -5.652224 7.761147  -0.966857 -0.045236 0.251279  0.064370 0.664198 1 0 1.000000
0  -0.389939 -5.405192 8.344680  -0.908316 0.062443 0.413597  0.064370 0.664198 1 0 1.000000
0  -0.663834 -5.405193 7.790999  -0.909318 0.073267 0.409601  0.064370 0.664198 1 0 1.000000
lowpoly_metal.053
0  -0.229948 0.710931 8.613634  -0.165579 -0.643037 0.747721  0.039282 0.590557 1 0 1.000000
0  0.278989 1.008267 8.613634  0.000016 -0.000020 1.000000  0.039282 0.590557 1 0 1.000000
0  -0.409621 1.008264 8.496845  -0.933714 0.350458 -0.073196  0.039282 0.590557 1 0 1.000000
lowpoly_metal.053
0  -0.403508 2.090561 8.514297  -0.972250 0.232418 -0.026675  0.039282 0.590557 1 0 1.000000
0  -0.414445 1.793229 8.450146  -0.689548 -0.629525 -0.358082  0.039282 0.590557 1 0 1.000000
0  -0.229946 1.793229 8.613634  -0.175308 -0.646798 0.742239  0.039282 0.590557 1 0 1.000000
lowpoly_plastic.050
0  -0.086280 -2.559433 8.347421  -0.015762 -0.002159 0.999874  0.064370 0.664198 1 0 1.000000
0  -0.399788 -2.806459 8.336308  -0.015805 -0.002161 0.999873  0.064370 0.664198 1 0 1.000000
0  -0.086353 -2.806461 8.349647  -0.015736 -0.002146 0.999874  0.064370 0.664198 1 0 1.000000
lowpoly_metal.053
0  -0.161782 2.098024 5.850106  0.695293 0.704911 0.140245  0.026458 0.410980 1 0 1.000000
0  -0.151644 2.149512 5.681482  0.711976 0.688640 0.137351  0.026458 0.410980 1 0 1.000000
0  -0.207366 3.336070 5.896126  0.999798 0.015372 0.012975  0.026458 0.410980 1 0 1.000000
lowpoly_metal.053
0  -0.255956 -8.738876 8.918409  -0.923890 -0.000018 -0.382659  0.060711 0.469699 1 0 1.000000
0  -0.372132 -8.317312 9.198885  -0.800070 0.599906 0.000003  0.060711 0.469699 1 0 1.000000
0  -0.229212 -8.317307 8.945154  -0.912389 0.157154 -0.377954  0.060711 0.469699 1 0 1.000000
lowpoly_metal.053
0  0.458670 0.710930 8.496845  0.377374 -0.125420 -0.917528  0.039282 0.590557 1 0 1.000000
0  -0.229948 0.710931 8.613634  -0.165579 -0.643037 0.747721  0.039282 0.590557 1 0 1.000000
0  -0.412979 0.710929 8.460897  -0.736875 -0.590924 -0.328366  0.039282 0.590557 1 0 1.000000
lowpoly_metal.053
0  0.452551 4.255160 8.514296  0.000022 0.198333 0.980135  0.039282 0.590557 1 0 1.000000
0  -0.418303 4.255157 8.459516  -0.709864 0.620022 -0.334165  0.039282 0.590557 1 0 1.000000
0  -0.229946 4.255155 8.613636  -0.166173 0.646726 0.744401  0.039282 0.590557 1 0 1.000000
lowpoly_metal.053
0  0.586403 -9.028829 7.439453  0.570536 -0.579513 -0.581940  0.060711 0.469699 1 0 1.000000
0  0.586404 -8.321905 7.681238  0.576439 0.577980 0.577630  0.060711 0.469699 1 0 1.000000
0  0.591758 -9.029955 7.685086  0.579147 -0.574143 0.578747  0.060711 0.469699 1 0 1.000000
lowpoly_metal.053
0  0.256411 4.765885 6.124466  0.000004 -1.000000 0.000000  0.026458 0.410980 1 0 1.000000
0  -0.207365 4.765883 5.896126  0.000004 -1.000000 0.000000  0.026458 0.410980 1 0 1.000000
0  0.256411 4.765885 5.896126  0.000004 -1.000000 0.000000  0.026458 0.410980 1 0 1.000000
lowpoly_metal.053
0  0.126286 -8.317310 9.518648  0.045112 0.917206 -0.395852  0.060711 0.469699 1 0 1.000000
0  0.263033 -8.738985 9.458919  0.560533 -0.086466 0.823606  0.060711 0.469699 1 0 1.000000
0  0.024515 -8.738968 9.557713  0.465149 -0.226204 -0.855844  0.060711 0.469699 1 0 1.000000
lowpoly_plastic.050
0  -0.086294 -3.982311 8.346530  -0.011874 -0.005412 0.999915  0.064370 0.664198 1 0 1.000000
0  -0.393854 -4.229338 8.336385  -0.011847 -0.005401 0.999915  0.064370 0.664198 1 0 1.000000
0  -0.086356 -4.229341 8.349647  -0.011867 -0.005395 0.999915  0.064370 0.664198 1 0 1.000000
lowpoly_metal.053
0  -0.180404 -8.335999 7.989821  -0.577944 0.568750 -0.585239  0.060711 0.469699 1 0 1.000000
0  -0.180403 -8.938080 8.010983  -0.562184 -0.719832 -0.407176  0.060711 0.469699 1 0 1.000000
0  -0.180402 -8.717613 8.413326  -0.862162 -0.506593 0.006386  0.060711 0.469699 1 0 1.000000
lowpoly_plastic.050
0  -0.086270 -3.755045 8.348088  -0.015970 0.003026 0.999868  0.064370 0.664198 1 0 1.000000
0  -0.396752 -3.508016 8.336320  -0.015922 0.003030 0.999869  0.064370 0.664198 1 0 1.000000
0  -0.391900 -3.755044 8.340598  -0.016001 0.003081 0.999867  0.064370 0.664198 1 0 1.000000
lowpoly_metal.053
0  0.229439 -8.335995 8.890734  1.000000 0.000002 -0.000001  0.060711 0.469699 1 0 1.000000
0  0.229440 -8.717609 8.890734  1.000000 0.000003 -0.000001  0.060711 0.469699 1 0 1.000000
0  0.229440 -8.717609 8.413326  1.000000 0.000001 -0.000001  0.060711 0.469699 1 0 1.000000
lowpoly_metal.053
0  0.324928 5.736318 4.900053  0.174623 0.746575 0.641976  0.074523 0.389844 1 0 1.000000
0  0.324925 6.074442 4.375178  0.999999 -0.000647 -0.001294  0.074523 0.389844 1 0 1.000000
0  0.325103 6.107079 4.504025  0.817902 0.239838 0.522986  0.074523 0.389844 1 0 1.000000
lowpoly_metal.053
0  0.324925 6.074442 4.375178  0.999999 -0.000647 -0.001294  0.074523 0.389844 1 0 1.000000
0  0.325281 7.597723 4.541291  0.999999 0.000353 -0.000972  0.074523 0.389844 1 0 1.000000
0  0.325103 6.107079 4.504025  0.817902 0.239838 0.522986  0.074523 0.389844 1 0 1.000000
lowpoly_metal.053
0  -0.542002 1.796822 6.682042  0.113090 -0.845913 0.521193  0.054113 0.558901 1 0 1.000000
0  -0.824503 2.022615 6.812401  -0.113108 -0.028414 0.993176  0.054113 0.558901 1 0 1.000000
0  -0.824506 1.764571 6.551681  0.136737 -0.899073 0.415897  0.054113 0.558901 1 0 1.000000
lowpoly_metal.053
0  0.324924 8.457675 5.759263  1.000000 -0.000000 0.000001  0.074523 0.389844 1 0 1.000000
0  0.324925 5.395587 5.750451  1.000000 0.000002 0.000002  0.074523 0.389844 1 0 1.000000
0  0.324924 6.104177 5.619651  1.000000 0.000000 -0.000001  0.074523 0.389844 1 0 1.000000
lowpoly_metal.053
0  -0.435426 0.695186 5.731354  -0.424370 -0.602672 -0.675793  0.039282 0.590557 1 0 1.000000
0  0.484468 0.695193 5.731354  0.000008 -1.000000 -0.000019  0.039282 0.590557 1 0 1.000000
0  0.744238 0.695186 6.250615  0.000001 -1.000000 -0.000003  0.039282 0.590557 1 0 1.000000
lowpoly_plastic.050
0  0.249579 21.354803 4.371658  0.542842 0.218160 -0.811005  0.005518 0.736972 1 0 1.000000
0  -0.200519 20.664778 5.384243  -0.852597 -0.429386 -0.297836  0.005518 0.736972 1 0 1.000000
0  -0.200518 21.379002 4.372634  -0.542781 0.268761 -0.795711  0.005518 0.736972 1 0 1.000000
lowpoly_metal.053
0  -0.341527 -9.062817 7.000884  -0.811757 -0.108736 -0.573784  0.043544 0.609912 1 0 1.000000
0  0.390560 -8.994053 7.119985  0.811750 0.442546 0.381070  0.043544 0.609912 1 0 1.000000
0  0.390560 -9.104070 7.024706  0.811729 -0.442567 -0.381092  0.043544 0.609912 1 0 1.000000
lowpoly_metal.053
0  -0.824506 1.764571 6.551681  0.136737 -0.899073 0.415897  0.054113 0.558901 1 0 1.000000
0  -0.542002 1.893591 6.328204  0.225854 -0.939655 -0.256980  0.054113 0.558901 1 0 1.000000
0  -0.542002 1.796822 6.682042  0.113090 -0.845913 0.521193  0.054113 0.558901 1 0 1.000000
lowpoly_metal.053
0  0.024515 -9.240917 8.119318  -0.359554 -0.784651 0.505019  0.060711 0.469699 1 0 1.000000
0  -0.457019 -8.317265 7.841300  -0.578982 -0.057031 0.813343  0.060711 0.469699 1 0 1.000000
0  -0.356520 -9.240918 7.783278  -0.570557 -0.179430 0.801417  0.060711 0.469699 1 0 1.000000
lowpoly_metal.053
0  -0.824508 2.280666 6.551681  -1.000000 -0.000005 0.000001  0.054113 0.558901 1 0 1.000000
0  -0.824506 1.764571 6.551681  -0.904345 -0.303352 -0.300230  0.054113 0.558901 1 0 1.000000
0  -0.824503 2.022615 6.812401  -1.000000 -0.000005 0.000015  0.054113 0.558901 1 0 1.000000
lowpoly_metal.053
0  0.139642 9.348771 8.764894  -0.986188 0.142915 0.083717  0.030078 0.588281 1 0 1.000000
0  0.008951 9.184655 8.764902  0.185384 0.953469 0.237761  0.030078 0.588281 1 0 1.000000
0  0.139508 9.264512 8.907164  -0.909604 0.415475 0.000068  0.030078 0.588281 1 0 1.000000
lowpoly_metal.053
0  -0.824508 2.280666 6.551681  0.136768 0.899064 -0.415907  0.054113 0.558901 1 0 1.000000
0  -0.541999 2.151637 6.775156  0.904336 0.411703 0.112593  0.054113 0.558901 1 0 1.000000
0  -0.541999 2.248404 6.421319  0.613473 0.672342 -0.414256  0.054113 0.558901 1 0 1.000000
lowpoly_metal.053
0  -0.368702 21.276976 6.707904  0.126448 0.012761 0.991891  0.028340 0.414408 1 0 1.000000
0  -0.600381 20.339096 6.812087  0.136758 0.008696 0.990566  0.028340 0.414408 1 0 1.000000
0  -0.197983 20.363537 6.703481  0.241907 0.029935 0.969838  0.028340 0.414408 1 0 1.000000
lowpoly_metal.053
0  0.139636 5.760224 6.089050  -0.000020 -0.946538 -0.322592  0.034375 0.595312 1 0 1.000000
0  -0.090587 5.408539 7.120965  -0.000003 -0.946539 -0.322588  0.034375 0.595312 1 0 1.000000
0  -0.090587 5.760230 6.089050  -0.000023 -0.946538 -0.322592  0.034375 0.595312 1 0 1.000000
lowpoly_metal.053
0  -0.484973 -8.062975 6.598264  -0.000004 1.000000 -0.000004  0.060711 0.469699 1 0 1.000000
0  0.024520 -8.062967 6.892418  -0.000004 1.000000 -0.000016  0.060711 0.469699 1 0 1.000000
0  0.534008 -8.062971 6.598264  -0.000004 1.000000 -0.000004  0.060711 0.469699 1 0 1.000000
lowpoly_plastic.050
0  -0.132130 13.608008 6.197416  -0.866022 -0.000003 -0.500007  0.069489 0.560212 1 0 1.000000
0  -0.288789 12.981378 6.468756  -0.866025 0.000000 -0.500000  0.069489 0.560212 1 0 1.000000
0  -0.288793 13.608013 6.468756  -0.866019 -0.000006 -0.500011  0.069489 0.560212 1 0 1.000000
lowpoly_metal.053
0  -0.356520 -9.240918 7.783278  -0.570557 -0.179430 0.801417  0.060711 0.469699 1 0 1.000000
0  0.024515 -9.240917 8.002111  0.000006 -1.000000 0.000000  0.060711 0.469699 1 0 1.000000
0  0.024515 -9.240917 8.119318  -0.359554 -0.784651 0.505019  0.060711 0.469699 1 0 1.000000
lowpoly_metal.053
0  -0.355515 -9.240917 7.343867  -0.000014 -1.000000 -0.000010  0.060711 0.469699 1 0 1.000000
0  -0.457027 -9.240915 7.285264  -0.000014 -1.000000 -0.000012  0.060711 0.469699 1 0 1.000000
0  0.024515 -9.240917 7.007246  0.000003 -1.000000 -0.000002  0.060711 0.469699 1 0 1.000000
lowpoly_plastic.050
0  0.525060 21.927034 7.063821  0.811690 -0.000001 0.584089  0.005204 0.735637 1 0 1.000000
0  0.732388 21.226692 6.775702  0.811690 -0.000001 0.584088  0.005204 0.735637 1 0 1.000000
0  0.732389 21.927032 6.775702  0.811690 -0.000002 0.584089  0.005204 0.735637 1 0 1.000000
lowpoly_metal.053
0  -1.660776 2.815943 7.291837  -0.749988 0.659893 0.045374  0.060711 0.469699 1 0 1.000000
0  -1.660776 2.815943 7.518774  -0.888566 -0.417281 0.190597  0.060711 0.469699 1 0 1.000000
0  -0.727882 2.881906 7.405306  -0.008448 0.694727 -0.719224  0.060711 0.469699 1 0 1.000000
lowpoly_plastic.050
0  0.024531 21.927032 7.183162  0.231929 -0.000001 0.972733  0.005204 0.735637 1 0 1.000000
0  0.525060 21.226692 7.063820  0.231929 -0.000001 0.972733  0.005204 0.735637 1 0 1.000000
0  0.525060 21.927034 7.063821  0.231928 -0.000001 0.972733  0.005204 0.735637 1 0 1.000000
lowpoly_plastic.050
0  0.024528 20.382408 5.767122  0.382682 0.000001 -0.923880  0.005518 0.736972 1 0 1.000000
0  0.508941 21.288465 5.967773  0.382683 0.000002 -0.923880  0.005518 0.736972 1 0 1.000000
0  0.508943 20.382410 5.967773  0.382682 0.000001 -0.923880  0.005518 0.736972 1 0 1.000000
lowpoly_metal.053
0  -0.184482 9.205244 8.764773  -0.920753 -0.369067 -0.126504  0.030078 0.588281 1 0 1.000000
0  -0.184537 9.621084 8.907164  -0.993783 0.035960 -0.105372  0.030078 0.588281 1 0 1.000000
0  -0.136484 9.662973 8.764758  -0.993781 0.035948 -0.105387  0.030078 0.588281 1 0 1.000000
lowpoly_metal.053
0  -0.667681 13.240621 6.738295  -0.999937 -0.011221 -0.000755  0.039282 0.590557 1 0 1.000000
0  -0.640176 10.823599 6.232129  -0.710026 -0.006751 0.704144  0.039282 0.590557 1 0 1.000000
0  -0.640175 10.823599 6.738296  -0.999937 -0.011242 -0.000656  0.039282 0.590557 1 0 1.000000
lowpoly_metal.053
0  0.256411 4.765885 6.124466  0.000005 0.000001 1.000000  0.026458 0.410980 1 0 1.000000
0  0.450525 5.669231 6.124465  0.000001 0.000002 1.000000  0.026458 0.410980 1 0 1.000000
0  -0.401474 5.669234 6.124465  -0.000001 0.000002 1.000000  0.026458 0.410980 1 0 1.000000
lowpoly_metal.053
0  -0.422753 5.389446 7.133564  -0.281900 0.000781 -0.959444  0.060711 0.469699 1 0 1.000000
0  0.024522 1.166544 6.998708  -0.000001 0.000580 -1.000000  0.060711 0.469699 1 0 1.000000
0  -0.422753 1.166537 7.133566  -0.281961 0.000774 -0.959425  0.060711 0.469699 1 0 1.000000
lowpoly_plastic.050
0  0.438979 -2.806457 8.344680  0.908387 -0.072936 0.411720  0.064370 0.664198 1 0 1.000000
0  0.721252 -2.559425 7.761149  0.900614 0.003288 0.434607  0.064370 0.664198 1 0 1.000000
0  0.445792 -2.559430 8.336320  0.900586 0.003331 0.434664  0.064370 0.664198 1 0 1.000000
lowpoly_plastic.050
0  -0.148471 -2.419113 5.434598  -0.020345 -0.002733 -0.999789  0.064370 0.664198 1 0 1.000000
0  -0.306685 -2.172078 5.438816  -0.020428 -0.002777 -0.999788  0.064370 0.664198 1 0 1.000000
0  -0.148467 -2.172077 5.431210  -0.020432 -0.002754 -0.999787  0.064370 0.664198 1 0 1.000000
lowpoly_metal.053
0  -0.727882 2.643523 7.164445  0.712727 -0.435660 -0.549746  0.060711 0.469699 1 0 1.000000
0  -1.660776 2.471100 7.305758  -0.711078 -0.702720 0.023511  0.060711 0.469699 1 0 1.000000
0  -1.660777 2.631470 7.213170  -0.570625 0.679831 0.460669  0.060711 0.469699 1 0 1.000000
lowpoly_metal.053
0  -0.667681 13.240621 6.738295  -0.467735 0.883677 -0.018423  0.039282 0.590557 1 0 1.000000
0  -0.695188 13.240623 7.153235  -0.755412 0.655038 -0.016690  0.039282 0.590557 1 0 1.000000
0  0.024531 13.257547 7.148829  -0.019956 0.999794 -0.003605  0.039282 0.590557 1 0 1.000000
lowpoly_metal.053
0  -0.402728 1.340598 7.522301  0.957170 0.226716 -0.180070  0.060711 0.469699 1 0 1.000000
0  -0.297765 1.166543 7.861102  0.957177 0.226677 -0.180082  0.060711 0.469699 1 0 1.000000
0  -0.358707 1.166539 7.318059  0.957166 0.226717 -0.180088  0.060711 0.469699 1 0 1.000000
lowpoly_metal.053
0  -0.335678 10.618719 8.444057  -0.130371 0.931396 0.339860  0.039282 0.590557 1 0 1.000000
0  0.515834 10.634505 8.279696  0.604322 0.756553 0.249845  0.039282 0.590557 1 0 1.000000
0  -0.466786 10.641052 8.260865  -0.609888 0.753833 0.244485  0.039282 0.590557 1 0 1.000000
lowpoly_metal.053
0  0.384727 9.985700 9.323283  -0.546620 0.372498 0.749968  0.039282 0.590557 1 0 1.000000
0  0.480233 8.695834 8.442001  -0.997882 -0.037636 -0.053054  0.039282 0.590557 1 0 1.000000
0  0.384728 9.358259 9.338818  -0.647205 -0.287316 0.706099  0.039282 0.590557 1 0 1.000000
lowpoly_metal.053
0  -1.660776 2.815943 7.291837  -0.749988 0.659893 0.045374  0.060711 0.469699 1 0 1.000000
0  -0.727882 2.643523 7.164445  0.002476 0.602887 -0.797823  0.060711 0.469699 1 0 1.000000
0  -1.660777 2.631470 7.213170  -0.570625 0.679831 0.460669  0.060711 0.469699 1 0 1.000000
lowpoly_metal.053
0  0.515836 9.310616 9.311299  0.582656 -0.458182 0.671254  0.039282 0.590557 1 0 1.000000
0  0.384728 9.358259 9.338818  -0.647205 -0.287316 0.706099  0.039282 0.590557 1 0 1.000000
0  0.480233 8.695834 8.442001  0.999307 -0.035456 0.011316  0.039282 0.590557 1 0 1.000000
lowpoly_metal.053
0  0.466132 0.695189 8.311394  -0.000000 0.000000 1.000000  0.039282 0.590557 1 0 1.000000
0  0.466135 10.823601 8.311394  -0.000000 0.000000 1.000000  0.039282 0.590557 1 0 1.000000
0  0.024525 10.823603 8.311394  -0.000002 0.000000 1.000000  0.039282 0.590557 1 0 1.000000
lowpoly_plastic.050
0  -0.394790 -3.280750 8.340531  -0.923274 0.005579 0.384101  0.075349 0.627009 1 0 1.000000
0  -0.668275 -3.508014 7.769075  -0.964645 0.056664 0.257389  0.075349 0.627009 1 0 1.000000
0  -0.396752 -3.508016 8.336320  -0.909097 0.076452 0.409510  0.075349 0.627009 1 0 1.000000
lowpoly_metal.053
0  0.716736 13.240620 6.738297  0.999704 -0.009743 -0.022292  0.039282 0.590557 1 0 1.000000
0  0.689226 10.823604 6.232130  0.999922 -0.009752 -0.007778  0.039282 0.590557 1 0 1.000000
0  0.708840 13.240623 6.228858  0.999922 -0.009757 -0.007756  0.039282 0.590557 1 0 1.000000
lowpoly_metal.053
0  0.437395 1.166543 8.033587  0.955207 -0.000000 0.295940  0.060711 0.469699 1 0 1.000000
0  0.608413 5.389448 7.481591  0.955207 0.000000 0.295940  0.060711 0.469699 1 0 1.000000
0  0.437395 5.389449 8.033587  0.955207 0.000000 0.295940  0.060711 0.469699 1 0 1.000000
lowpoly_metal.053
0  0.478535 5.401713 6.405802  -0.997397 0.004107 -0.071984  0.039282 0.590557 1 0 1.000000
0  0.516672 5.401713 5.814786  0.376828 -0.004572 -0.926272  0.039282 0.590557 1 0 1.000000
0  0.528314 1.900403 5.852871  -0.747406 0.517634 -0.416460  0.039282 0.590557 1 0 1.000000
lowpoly_metal.053
0  -0.513787 4.827313 7.714895  -0.079257 -0.959337 -0.270907  0.039282 0.590557 1 0 1.000000
0  -0.333979 4.772388 8.080224  -0.139193 -0.987038 -0.079889  0.039282 0.590557 1 0 1.000000
0  -0.713476 4.860159 7.657002  -0.028193 -0.908038 -0.417938  0.039282 0.590557 1 0 1.000000
lowpoly_metal.053
0  -0.409619 5.337453 8.496845  -0.933716 0.350453 -0.073198  0.039282 0.590557 1 0 1.000000
0  -0.412976 5.040123 8.460898  -0.736872 -0.590926 -0.328370  0.039282 0.590557 1 0 1.000000
0  -0.229945 5.040123 8.613636  -0.165568 -0.643032 0.747727  0.039282 0.590557 1 0 1.000000
lowpoly_plastic.050
0  -0.306824 -7.162046 5.443036  -0.796582 0.004202 -0.604516  0.075349 0.627009 1 0 1.000000
0  -0.751761 -8.358702 6.012269  -0.794937 0.006995 -0.606651  0.075349 0.627009 1 0 1.000000
0  -0.742442 -7.162045 6.015603  -0.796585 0.004189 -0.604512  0.075349 0.627009 1 0 1.000000
lowpoly_plastic.050
0  -0.443852 10.938087 2.530534  -0.931897 0.261312 0.251563  0.020572 0.715833 1 0 1.000000
0  -0.465411 10.989903 2.456993  -0.927573 0.311926 0.205697  0.020572 0.715833 1 0 1.000000
0  -0.451030 9.130513 2.152811  -0.945446 -0.310062 -0.099963  0.020572 0.715833 1 0 1.000000
lowpoly_plastic.050
0  -0.154209 8.909995 1.679599  -0.696458 -0.679137 0.231773  0.034333 0.623884 1 0 1.000000
0  -0.473026 8.968909 1.421993  -0.543573 -0.656901 0.522503  0.034333 0.623884 1 0 1.000000
0  -0.173569 8.680771 1.377716  -0.543477 -0.657113 0.522335  0.034333 0.623884 1 0 1.000000
lowpoly_plastic.050
0  0.507417 9.834221 4.338900  0.944138 0.293587 0.149702  0.034333 0.623884 1 0 1.000000
0  0.348637 9.756498 5.142990  0.687891 0.696792 0.203190  0.034333 0.623884 1 0 1.000000
0  0.522078 9.562292 5.128387  0.687901 0.696785 0.203184  0.034333 0.623884 1 0 1.000000
lowpoly_plastic.050
0  0.240115 -2.646378 5.423498  0.349595 -0.005935 -0.936882  0.064370 0.664198 1 0 1.000000
0  0.349418 -2.893415 5.434563  0.001476 -0.016634 -0.999861  0.064370 0.664198 1 0 1.000000
0  0.197512 -2.893403 5.433388  0.002365 -0.019929 -0.999799  0.064370 0.664198 1 0 1.000000
lowpoly_metal.053
0  -0.484532 1.464458 8.176578  -0.173855 0.787996 -0.590624  0.039282 0.590557 1 0 1.000000
0  -0.275108 1.671420 8.195831  -0.336579 0.419028 -0.843285  0.039282 0.590557 1 0 1.000000
0  -0.325737 1.427060 8.094616  -0.184813 0.770766 -0.609725  0.039282 0.590557 1 0 1.000000
lowpoly_metal.053
0  0.346806 1.340594 7.861102  -0.699903 0.022511 -0.713883  0.060711 0.469699 1 0 1.000000
0  0.407749 1.340595 7.318059  -0.923255 -0.369953 -0.103613  0.060711 0.469699 1 0 1.000000
0  0.430533 1.166541 7.736506  -0.885563 -0.202969 -0.417830  0.060711 0.469699 1 0 1.000000
lowpoly_metal.053
0  0.744238 0.695186 6.250615  0.999982 0.000760 -0.005990  0.039282 0.590557 1 0 1.000000
0  0.721274 2.727629 6.225271  0.999957 0.002735 -0.008891  0.039282 0.590557 1 0 1.000000
0  0.733236 2.727630 6.738296  0.999935 0.002733 -0.011063  0.039282 0.590557 1 0 1.000000
lowpoly_plastic.050
0  -0.132130 13.608008 6.197416  -0.000000 -0.000003 -1.000000  0.069489 0.560212 1 0 1.000000
0  0.181185 12.981380 6.197418  -0.000001 -0.000003 -1.000000  0.069489 0.560212 1 0 1.000000
0  -0.132133 12.981378 6.197418  -0.000001 -0.000003 -1.000000  0.069489 0.560212 1 0 1.000000
lowpoly_plastic.050
0  0.794559 -2.646373 6.019647  0.763181 -0.007293 -0.646144  0.064370 0.664198 1 0 1.000000
0  0.349418 -2.893415 5.434563  0.774537 0.084450 -0.626865  0.064370 0.664198 1 0 1.000000
0  0.240115 -2.646378 5.423498  0.349595 -0.005935 -0.936882  0.064370 0.664198 1 0 1.000000
lowpoly_metal.053
0  -0.399537 1.319369 7.318455  0.998937 0.006283 0.045671  0.060711 0.469699 1 0 1.000000
0  -0.320632 -14.446390 7.762558  0.999922 -0.012517 0.000390  0.060711 0.469699 1 0 1.000000
0  -0.337767 -14.446389 7.373905  0.999921 -0.012543 0.000374  0.060711 0.469699 1 0 1.000000
lowpoly_metal.053
0  -0.229943 8.043198 8.613634  -0.165575 0.643035 0.747724  0.039282 0.590557 1 0 1.000000
0  -0.412974 8.043199 8.460896  -0.736866 0.590924 -0.328385  0.039282 0.590557 1 0 1.000000
0  -0.409622 7.745868 8.496845  -0.933718 -0.350440 -0.073228  0.039282 0.590557 1 0 1.000000
lowpoly_metal.053
0  0.024519 -16.011209 6.851856  -0.499973 0.010593 0.865976  0.060711 0.469699 1 0 1.000000
0  -0.433945 -14.885754 6.573394  -0.499986 0.006973 0.866006  0.060711 0.469699 1 0 1.000000
0  -0.449843 -16.011209 6.577982  -0.499974 0.010593 0.865976  0.060711 0.469699 1 0 1.000000
lowpoly_metal.053
0  0.064457 1.319527 7.004447  0.549630 0.005555 0.835390  0.060711 0.469699 1 0 1.000000
0  -0.337767 -14.446389 7.373905  0.542474 -0.012923 0.839973  0.060711 0.469699 1 0 1.000000
0  0.015947 -14.446374 7.149900  0.542448 -0.012888 0.839990  0.060711 0.469699 1 0 1.000000
lowpoly_metal.053
0  -0.433761 -1.524373 7.286874  -0.469021 -0.098238 -0.877706  0.060711 0.469699 1 0 1.000000
0  0.024521 -1.073688 6.935271  -0.483819 -0.176728 -0.857138  0.060711 0.469699 1 0 1.000000
0  0.024517 -1.834394 7.092118  -0.461036 -0.061285 -0.885263  0.060711 0.469699 1 0 1.000000
lowpoly_metal.053
0  0.448618 -14.244353 7.318425  0.999996 0.001202 -0.002444  0.060711 0.469699 1 0 1.000000
0  0.452522 -15.606483 7.808052  0.999917 -0.011695 0.005451  0.060711 0.469699 1 0 1.000000
0  0.447661 -15.606486 7.315705  0.999918 -0.011632 0.005415  0.060711 0.469699 1 0 1.000000
lowpoly_metal.053
0  0.288965 -14.699544 6.983961  0.616882 -0.563371 0.549609  0.043544 0.609912 1 0 1.000000
0  0.288959 -14.544007 6.888722  0.597865 0.418073 -0.683939  0.043544 0.609912 1 0 1.000000
0  0.288959 -14.559004 7.080928  0.597977 0.344778 0.723569  0.043544 0.609912 1 0 1.000000
lowpoly_plastic.050
0  0.181185 13.608008 6.740097  0.866025 0.000000 0.500000  0.069489 0.560212 1 0 1.000000
0  0.337844 12.981380 6.468756  0.866026 0.000000 0.500000  0.069489 0.560212 1 0 1.000000
0  0.337844 13.608008 6.468756  0.866025 0.000000 0.500001  0.069489 0.560212 1 0 1.000000
lowpoly_metal.053
0  -0.275877 5.644310 5.356429  0.013024 -0.937074 -0.348888  0.074523 0.389844 1 0 1.000000
0  0.324925 5.395587 5.750451  -0.007242 -0.875158 0.483783  0.074523 0.389844 1 0 1.000000
0  -0.275875 5.397542 5.756480  -0.007115 -0.869558 0.493780  0.074523 0.389844 1 0 1.000000
lowpoly_metal.053
0  -0.229945 7.502047 8.613634  -0.165580 0.643030 0.747727  0.039282 0.590557 1 0 1.000000
0  -0.412974 7.502050 8.460896  -0.730654 0.601779 -0.322502  0.039282 0.590557 1 0 1.000000
0  -0.409621 7.204719 8.496845  -0.946963 -0.313614 -0.070052  0.039282 0.590557 1 0 1.000000
lowpoly_metal.053
0  -0.239926 -14.653983 7.079195  -0.597871 -0.418055 0.683944  0.043544 0.609912 1 0 1.000000
0  -0.239926 -14.638988 6.886992  -0.597985 -0.344772 -0.723565  0.043544 0.609912 1 0 1.000000
0  0.288965 -14.699544 6.983961  0.616882 -0.563371 0.549609  0.043544 0.609912 1 0 1.000000
lowpoly_plastic.050
0  0.521333 13.324677 5.971948  0.000002 1.000000 -0.000000  0.069489 0.560212 1 0 1.000000
0  -0.472283 13.324679 6.965564  0.000002 1.000000 -0.000000  0.069489 0.560212 1 0 1.000000
0  0.521333 13.324677 6.965564  0.000002 1.000000 -0.000002  0.069489 0.560212 1 0 1.000000
lowpoly_metal.053
0  0.832853 11.446931 6.833908  -0.016854 -0.586095 -0.810067  0.043544 0.609912 1 0 1.000000
0  -0.783798 11.278991 6.989045  -0.489420 -0.871925 0.014675  0.043544 0.609912 1 0 1.000000
0  -0.783802 11.523707 6.856070  -0.611378 0.331424 -0.718592  0.043544 0.609912 1 0 1.000000
lowpoly_metal.053
0  0.301901 9.718607 9.247575  0.608850 0.625683 0.487671  0.030078 0.588281 1 0 1.000000
0  0.295352 9.608799 9.241852  0.735328 -0.078930 0.673099  0.030078 0.588281 1 0 1.000000
0  0.328492 9.663701 8.930970  0.814617 0.000112 -0.579999  0.030078 0.588281 1 0 1.000000
lowpoly_metal.053
0  0.295352 9.608799 9.241852  -0.000006 -0.995495 -0.094813  0.030078 0.588281 1 0 1.000000
0  0.114912 9.663704 9.266517  -0.274910 -0.956847 0.094167  0.030078 0.588281 1 0 1.000000
0  0.024522 9.608802 9.128689  0.000035 -0.685829 0.727763  0.030078 0.588281 1 0 1.000000
lowpoly_plastic.050
0  -0.472283 13.324679 5.971948  -1.000000 -0.000003 0.000000  0.069489 0.560212 1 0 1.000000
0  -0.472279 12.331061 6.965564  -1.000000 -0.000003 0.000000  0.069489 0.560212 1 0 1.000000
0  -0.472283 13.324679 6.965564  -1.000000 -0.000003 0.000000  0.069489 0.560212 1 0 1.000000
lowpoly_metal.053
0  -0.541999 2.248404 6.421319  0.613473 0.672342 -0.414256  0.054113 0.558901 1 0 1.000000
0  -0.542002 1.796822 6.682042  1.000000 -0.000008 -0.000002  0.054113 0.558901 1 0 1.000000
0  -0.542002 1.893591 6.328204  0.597345 -0.072342 -0.798715  0.054113 0.558901 1 0 1.000000
lowpoly_plastic.050
0  -0.086284 -5.405190 8.347421  -0.012621 -0.006187 0.999901  0.064370 0.664198 1 0 1.000000
0  -0.396753 -5.652219 8.336320  -0.012541 -0.006133 0.999903  0.064370 0.664198 1 0 1.000000
0  -0.086356 -5.652224 8.349647  -0.012665 -0.006198 0.999901  0.064370 0.664198 1 0 1.000000
lowpoly_plastic.050
0  -0.533737 0.690612 7.322383  -0.000011 -0.000000 -1.000000  0.075349 0.627009 1 0 1.000000
0  -0.680753 -8.359455 7.322385  0.000006 -0.000000 -1.000000  0.075349 0.627009 1 0 1.000000
0  -0.680751 0.690608 7.322383  -0.000011 -0.000000 -1.000000  0.075349 0.627009 1 0 1.000000
lowpoly_metal.053
0  0.591758 -9.029955 7.685086  0.579147 -0.574143 0.578747  0.060711 0.469699 1 0 1.000000
0  -0.542724 -9.029489 7.455227  -0.584389 -0.572317 -0.575277  0.060711 0.469699 1 0 1.000000
0  0.586403 -9.028829 7.439453  0.570536 -0.579513 -0.581940  0.060711 0.469699 1 0 1.000000
lowpoly_metal.053
0  -0.446896 2.643521 7.545799  0.594928 0.068063 0.800892  0.060711 0.469699 1 0 1.000000
0  -0.446896 2.643522 7.264812  1.000000 -0.000006 -0.000000  0.060711 0.469699 1 0 1.000000
0  -0.446894 2.782571 7.405304  0.838557 0.387219 0.383254  0.060711 0.469699 1 0 1.000000
lowpoly_plastic.050
0  0.445854 -5.405194 8.336401  0.012143 0.005525 0.999911  0.064370 0.664198 1 0 1.000000
0  0.135332 -5.652218 8.346530  0.012167 0.005543 0.999911  0.064370 0.664198 1 0 1.000000
0  0.441821 -5.652223 8.344635  0.012159 0.005532 0.999911  0.064370 0.664198 1 0 1.000000
lowpoly_plastic.050
0  -0.086295 -6.600807 8.346529  -0.007989 0.001543 0.999967  0.064370 0.664198 1 0 1.000000
0  -0.397708 -6.353780 8.340463  -0.008030 0.001526 0.999967  0.064370 0.664198 1 0 1.000000
0  -0.392840 -6.600809 8.344714  -0.008007 0.001519 0.999967  0.064370 0.664198 1 0 1.000000
lowpoly_metal.053
0  -0.695192 0.695189 6.250615  -0.447564 -0.864523 -0.228662  0.039282 0.590557 1 0 1.000000
0  -0.675512 2.727632 6.226912  -0.891186 0.000510 -0.453637  0.039282 0.590557 1 0 1.000000
0  -0.481668 1.900404 5.852069  0.998611 0.032309 0.041616  0.039282 0.590557 1 0 1.000000
lowpoly_metal.053
0  0.608413 5.389448 7.481591  -0.000003 1.000000 -0.000000  0.060711 0.469699 1 0 1.000000
0  0.471802 5.389448 7.133564  -0.000001 1.000000 0.000000  0.060711 0.469699 1 0 1.000000
0  0.024524 5.389447 7.005562  -0.000003 1.000000 0.000002  0.060711 0.469699 1 0 1.000000
lowpoly_metal.053
0  0.278993 6.663568 8.613634  0.175310 -0.646796 0.742241  0.039282 0.590557 1 0 1.000000
0  -0.229945 6.960900 8.613634  -0.166174 0.646727 0.744399  0.039282 0.590557 1 0 1.000000
0  -0.403507 6.663568 8.514297  -0.000023 -0.208434 0.978037  0.039282 0.590557 1 0 1.000000
lowpoly_plastic.050
0  -0.132133 12.981378 6.197418  0.000004 -1.000000 -0.000001  0.069489 0.560212 1 0 1.000000
0  0.181185 12.981380 6.197418  0.000006 -1.000000 -0.000006  0.069489 0.560212 1 0 1.000000
0  0.337844 12.981380 6.468756  0.000005 -1.000000 0.000001  0.069489 0.560212 1 0 1.000000
lowpoly_plastic.050
0  -0.132130 13.608008 6.197416  0.000008 1.000000 -0.000006  0.069489 0.560212 1 0 1.000000
0  -0.288793 13.608013 6.468756  0.000016 1.000000 -0.000008  0.069489 0.560212 1 0 1.000000
0  0.181185 13.608008 6.740097  0.000008 1.000000 -0.000003  0.069489 0.560212 1 0 1.000000
lowpoly_metal.053
0  0.463486 2.090564 8.450146  0.689540 0.629536 -0.358077  0.039282 0.590557 1 0 1.000000
0  -0.414445 1.793229 8.450146  -0.689548 -0.629525 -0.358082  0.039282 0.590557 1 0 1.000000
0  -0.403508 2.090561 8.514297  -0.972250 0.232418 -0.026675  0.039282 0.590557 1 0 1.000000
lowpoly_metal.053
0  -0.403508 3.957823 8.514297  -0.000023 -0.198337 0.980134  0.039282 0.590557 1 0 1.000000
0  0.467351 3.957824 8.459513  0.709869 -0.620017 -0.334162  0.039282 0.590557 1 0 1.000000
0  0.278991 3.957824 8.613634  0.166173 -0.646735 0.744393  0.039282 0.590557 1 0 1.000000
lowpoly_metal.053
0  -0.537366 -8.318642 7.445716  -0.572883 0.584376 -0.574726  0.060711 0.469699 1 0 1.000000
0  0.586404 -8.321905 7.681238  0.576439 0.577980 0.577630  0.060711 0.469699 1 0 1.000000
0  0.591756 -8.318642 7.451156  0.581106 0.576411 -0.574515  0.060711 0.469699 1 0 1.000000
lowpoly_metal.053
0  0.003461 -8.707890 8.799088  -0.098790 -0.578424 -0.809732  0.060711 0.469699 1 0 1.000000
0  0.015758 -8.389278 9.060235  -0.073401 0.963658 0.256856  0.060711 0.469699 1 0 1.000000
0  0.045575 -8.368608 8.799088  0.046398 0.632220 -0.773399  0.060711 0.469699 1 0 1.000000
lowpoly_metal.053
0  0.393901 1.930833 5.813227  0.680842 -0.713345 -0.166111  0.026458 0.410980 1 0 1.000000
0  0.379970 1.996306 5.653899  0.727612 -0.667882 -0.156574  0.026458 0.410980 1 0 1.000000
0  0.450520 3.336070 5.896126  0.999813 -0.012860 -0.014427  0.026458 0.410980 1 0 1.000000
lowpoly_metal.053
0  0.024518 -14.247867 7.118530  -0.249767 0.773217 0.582883  0.060711 0.469699 1 0 1.000000
0  0.351327 -14.859981 7.288012  0.614039 0.118346 0.780353  0.060711 0.469699 1 0 1.000000
0  0.293189 -14.231162 7.199754  0.083405 0.130018 0.987997  0.060711 0.469699 1 0 1.000000
lowpoly_metal.053
0  -0.201971 -14.859984 6.771047  -0.194274 -0.761710 -0.618107  0.060711 0.469699 1 0 1.000000
0  -0.201890 -14.247867 7.019898  -0.990241 -0.052374 0.129150  0.060711 0.469699 1 0 1.000000
0  -0.236283 -14.336234 6.720360  -0.640244 0.458118 -0.616616  0.060711 0.469699 1 0 1.000000
lowpoly_metal.053
0  0.024519 1.319526 8.099063  0.349461 0.916892 0.192840  0.060711 0.469699 1 0 1.000000
0  0.369663 -14.446374 7.772451  -0.481644 -0.011559 -0.876291  0.060711 0.469699 1 0 1.000000
0  0.015947 -14.446399 7.976669  -0.481660 -0.011580 -0.876282  0.060711 0.469699 1 0 1.000000
lowpoly_metal.053
0  -0.255956 -8.738876 9.479361  -0.923890 -0.000015 0.382659  0.060711 0.469699 1 0 1.000000
0  -0.372132 -8.317312 9.198885  -0.800070 0.599906 0.000003  0.060711 0.469699 1 0 1.000000
0  -0.334309 -8.738966 9.198886  -0.923892 -0.000015 0.382653  0.060711 0.469699 1 0 1.000000
lowpoly_metal.053
0  0.345523 -8.317308 9.198885  0.000108 1.000000 0.000036  0.060711 0.469699 1 0 1.000000
0  0.126286 -8.317310 9.518648  0.045112 0.917206 -0.395852  0.060711 0.469699 1 0 1.000000
0  0.392823 -8.317308 9.389365  0.678408 0.734679 -0.003077  0.060711 0.469699 1 0 1.000000
lowpoly_metal.053
0  0.287166 -8.317309 8.936239  0.961654 0.094163 -0.257595  0.060711 0.469699 1 0 1.000000
0  0.345523 -8.317308 9.198885  0.000108 1.000000 0.000036  0.060711 0.469699 1 0 1.000000
0  0.392823 -8.317308 9.389365  0.678408 0.734679 -0.003077  0.060711 0.469699 1 0 1.000000
lowpoly_metal.053
0  0.024516 -8.317308 8.802235  0.000006 1.000000 0.000000  0.060711 0.469699 1 0 1.000000
0  -0.229212 -8.317307 8.945154  0.377487 0.164050 0.911368  0.060711 0.469699 1 0 1.000000
0  0.024516 -8.317308 8.877880  0.006058 0.775383 0.631463  0.060711 0.469699 1 0 1.000000
lowpoly_metal.053
0  0.024516 -8.317308 8.802235  0.000006 1.000000 0.000000  0.060711 0.469699 1 0 1.000000
0  0.024516 -8.317308 8.877880  0.006058 0.775383 0.631463  0.060711 0.469699 1 0 1.000000
0  0.287166 -8.317309 8.936239  -0.377347 0.165638 0.911138  0.060711 0.469699 1 0 1.000000
lowpoly_metal.053
0  -0.255956 -8.738876 8.918409  -0.382680 -0.000001 -0.923881  0.060711 0.469699 1 0 1.000000
0  0.024516 -8.317308 8.802235  -0.382705 0.000019 -0.923870  0.060711 0.469699 1 0 1.000000
0  0.039733 -8.738950 8.833754  -0.382655 -0.000019 -0.923892  0.060711 0.469699 1 0 1.000000
lowpoly_metal.053
0  -0.275876 8.457675 5.759264  0.000001 1.000000 0.000001  0.074523 0.389844 1 0 1.000000
0  0.324924 8.457675 5.759263  0.000000 1.000000 -0.000001  0.074523 0.389844 1 0 1.000000
0  0.324926 8.457675 4.562638  -0.064048 0.728412 -0.682139  0.074523 0.389844 1 0 1.000000
lowpoly_metal.053
0  0.452554 3.714011 8.514297  0.000018 0.198332 0.980135  0.039282 0.590557 1 0 1.000000
0  -0.418304 3.714006 8.459513  -0.709868 0.620016 -0.334168  0.039282 0.590557 1 0 1.000000
0  -0.229944 3.714006 8.613634  -0.166173 0.646731 0.744396  0.039282 0.590557 1 0 1.000000
lowpoly_metal.053
0  -0.409621 1.008264 8.496845  -0.933714 0.350458 -0.073196  0.039282 0.590557 1 0 1.000000
0  -0.412979 0.710929 8.460897  -0.736875 -0.590924 -0.328366  0.039282 0.590557 1 0 1.000000
0  -0.229948 0.710931 8.613634  -0.165579 -0.643037 0.747721  0.039282 0.590557 1 0 1.000000
lowpoly_metal.053
0  -0.350336 -8.463882 6.942057  -0.676104 0.734427 -0.059162  0.043544 0.609912 1 0 1.000000
0  -0.350336 -8.703648 7.072343  -0.515742 -0.856627 0.014134  0.043544 0.609912 1 0 1.000000
0  -0.350334 -8.443369 7.196707  -0.623737 0.402023 0.670321  0.043544 0.609912 1 0 1.000000
lowpoly_metal.053
0  -0.611421 9.358709 9.027540  -0.996234 0.057951 -0.064503  0.043544 0.609912 1 0 1.000000
0  -0.635215 9.259472 9.084833  -0.984118 0.100524 -0.146309  0.043544 0.609912 1 0 1.000000
0  -0.635217 9.673708 9.323988  -0.985286 0.076124 -0.153023  0.043544 0.609912 1 0 1.000000
lowpoly_plastic.050
0  0.500005 10.370767 3.412144  0.942633 0.285926 0.172305  0.034333 0.623884 1 0 1.000000
0  0.500198 10.661115 2.954294  0.941119 0.290817 0.172396  0.034333 0.623884 1 0 1.000000
0  0.348635 11.284918 2.259545  0.811141 0.569661 0.132426  0.034333 0.623884 1 0 1.000000
lowpoly_plastic.050
0  0.024528 20.382408 7.137254  0.382687 -0.000001 0.923878  0.005518 0.736972 1 0 1.000000
0  0.508941 21.288465 6.936603  0.382686 -0.000000 0.923878  0.005518 0.736972 1 0 1.000000
0  0.024526 21.288469 7.137255  0.382685 -0.000000 0.923879  0.005518 0.736972 1 0 1.000000
lowpoly_metal.053
0  0.139637 6.169709 6.089050  -0.000009 0.862801 -0.505543  0.034375 0.595312 1 0 1.000000
0  -0.090588 6.349775 6.396369  -0.000010 0.862801 -0.505544  0.034375 0.595312 1 0 1.000000
0  0.139634 6.349778 6.396369  -0.000010 0.862800 -0.505545  0.034375 0.595312 1 0 1.000000
lowpoly_metal.053
0  -0.611422 9.988711 9.027541  -0.991481 -0.115679 -0.059860  0.043544 0.609912 1 0 1.000000
0  -0.635217 9.673708 9.323988  -0.985286 0.076124 -0.153023  0.043544 0.609912 1 0 1.000000
0  -0.635217 10.087940 9.084831  -0.876916 0.461678 -0.133688  0.043544 0.609912 1 0 1.000000
lowpoly_metal.053
0  -0.616180 9.358709 8.663812  -0.995832 0.039363 0.082279  0.043544 0.609912 1 0 1.000000
0  -0.608022 9.673706 8.481945  -0.995832 0.039318 0.082296  0.043544 0.609912 1 0 1.000000
0  -0.635217 9.673708 8.367361  -0.984262 0.069674 0.162402  0.043544 0.609912 1 0 1.000000
lowpoly_metal.053
0  -0.611422 9.988711 9.027541  -0.991481 -0.115679 -0.059860  0.043544 0.609912 1 0 1.000000
0  -0.635217 10.087940 9.084831  -0.876916 0.461678 -0.133688  0.043544 0.609912 1 0 1.000000
0  -0.619354 10.013519 8.649488  -0.859907 0.509675 -0.028135  0.043544 0.609912 1 0 1.000000
lowpoly_metal.053
0  -0.727883 2.713045 7.525729  1.000000 -0.000010 -0.000009  0.060711 0.469699 1 0 1.000000
0  -0.727882 2.881906 7.405306  1.000000 -0.000004 0.000001  0.060711 0.469699 1 0 1.000000
0  -0.727882 2.643522 7.646164  0.719666 -0.425060 0.549004  0.060711 0.469699 1 0 1.000000
lowpoly_metal.053
0  -0.466784 9.310617 9.311302  -0.580685 -0.454997 0.675116  0.039282 0.590557 1 0 1.000000
0  -0.466783 9.998713 9.331595  -0.702361 0.337223 0.626873  0.039282 0.590557 1 0 1.000000
0  -0.466786 10.641052 8.260865  -0.609888 0.753833 0.244485  0.039282 0.590557 1 0 1.000000
lowpoly_metal.053
0  -0.180404 -8.335999 7.989821  -0.577944 0.568750 -0.585239  0.060711 0.469699 1 0 1.000000
0  0.229439 -8.945938 8.008210  0.551738 -0.726448 -0.409705  0.060711 0.469699 1 0 1.000000
0  -0.180403 -8.938080 8.010983  -0.562184 -0.719832 -0.407176  0.060711 0.469699 1 0 1.000000
lowpoly_metal.053
0  0.484429 8.603699 8.239586  -0.042747 -0.001858 -0.999084  0.039282 0.590557 1 0 1.000000
0  -0.451081 8.656481 8.239586  -0.042747 -0.001862 -0.999084  0.039282 0.590557 1 0 1.000000
0  0.515834 10.634505 8.279696  -0.042765 -0.001865 -0.999083  0.039282 0.590557 1 0 1.000000
lowpoly_plastic.050
0  0.709595 20.382408 6.452189  0.923879 0.000002 -0.382684  0.005518 0.736972 1 0 1.000000
0  0.508941 21.288465 5.967773  0.923880 0.000002 -0.382684  0.005518 0.736972 1 0 1.000000
0  0.709593 21.288469 6.452189  0.923880 0.000002 -0.382683  0.005518 0.736972 1 0 1.000000
lowpoly_metal.053
0  0.384728 10.618719 8.444057  -0.047237 -0.005203 0.998870  0.039282 0.590557 1 0 1.000000
0  -0.335678 10.618719 8.444057  -0.047203 -0.005196 0.998872  0.039282 0.590557 1 0 1.000000
0  -0.426994 8.694516 8.442215  -0.782742 -0.030008 0.621622  0.039282 0.590557 1 0 1.000000
lowpoly_metal.053
0  0.453012 0.709889 8.239586  -0.031439 -0.678643 -0.733795  0.039282 0.590557 1 0 1.000000
0  0.453013 0.709889 8.444059  0.000004 -1.000000 0.000000  0.039282 0.590557 1 0 1.000000
0  -0.403972 0.709886 8.341823  -0.042298 -0.150853 -0.987651  0.039282 0.590557 1 0 1.000000
lowpoly_metal.053
0  0.480233 8.695834 8.442001  0.999307 -0.035456 0.011316  0.039282 0.590557 1 0 1.000000
0  0.484429 8.603699 8.239586  0.999967 -0.007678 0.002736  0.039282 0.590557 1 0 1.000000
0  0.515834 10.634505 8.279696  0.604322 0.756553 0.249845  0.039282 0.590557 1 0 1.000000
lowpoly_metal.053
0  -0.681441 2.727631 6.738296  -0.999936 0.003257 -0.010840  0.039282 0.590557 1 0 1.000000
0  -0.695193 10.823604 6.738296  0.000007 0.000000 -1.000000  0.039282 0.590557 1 0 1.000000
0  -0.640175 10.823599 6.738296  -0.706159 0.003342 -0.708046  0.039282 0.590557 1 0 1.000000
lowpoly_plastic.050
0  -0.306676 -6.915014 5.438798  -0.797000 -0.000817 -0.603978  0.075349 0.627009 1 0 1.000000
0  -0.739361 -6.687747 6.006368  -0.776422 0.076361 -0.625570  0.075349 0.627009 1 0 1.000000
0  -0.297325 -6.687757 5.434574  -0.774293 0.083850 -0.627248  0.075349 0.627009 1 0 1.000000
lowpoly_metal.053
0  -0.469767 0.695191 7.845522  0.000006 -1.000000 -0.000002  0.039282 0.590557 1 0 1.000000
0  0.024525 0.695188 8.125095  -0.000000 -1.000000 0.000004  0.039282 0.590557 1 0 1.000000
0  -0.417089 0.695189 8.311394  -0.000002 -1.000000 -0.000001  0.039282 0.590557 1 0 1.000000
lowpoly_metal.053
0  -0.296488 -8.317310 9.198885  0.923888 0.000013 -0.382663  0.060711 0.469699 1 0 1.000000
0  -0.202467 -8.739050 9.425871  0.419619 -0.789672 -0.447592  0.060711 0.469699 1 0 1.000000
0  -0.334309 -8.738966 9.198886  0.911345 -0.164087 -0.377525  0.060711 0.469699 1 0 1.000000
lowpoly_metal.053
0  -0.446896 2.643521 7.545799  0.594928 0.068063 0.800892  0.060711 0.469699 1 0 1.000000
0  -0.727883 2.463904 7.475551  0.057319 -0.440131 0.896102  0.060711 0.469699 1 0 1.000000
0  -0.446895 2.504470 7.405303  0.057346 -0.440167 0.896083  0.060711 0.469699 1 0 1.000000
lowpoly_metal.053
0  -0.695190 7.838203 7.264364  -0.999932 0.001775 -0.011484  0.039282 0.590557 1 0 1.000000
0  -0.695193 10.823604 6.738296  -0.999932 0.001781 -0.011485  0.039282 0.590557 1 0 1.000000
0  -0.681441 2.727631 6.738296  -0.999936 0.003257 -0.010840  0.039282 0.590557 1 0 1.000000
lowpoly_metal.053
0  -0.275108 1.671420 8.195831  0.051423 0.002792 -0.998673  0.039282 0.590557 1 0 1.000000
0  -0.475852 4.689076 8.193929  0.051382 0.002788 -0.998675  0.039282 0.590557 1 0 1.000000
0  -0.275107 4.497057 8.195831  0.051409 0.002790 -0.998674  0.039282 0.590557 1 0 1.000000
lowpoly_metal.053
0  -0.475852 4.689076 8.193929  -0.901699 -0.001591 0.432361  0.039282 0.590557 1 0 1.000000
0  -0.484532 1.464458 8.176578  -0.901707 -0.001616 0.432345  0.039282 0.590557 1 0 1.000000
0  -0.417089 0.695189 8.311394  -0.901708 -0.001620 0.432343  0.039282 0.590557 1 0 1.000000
lowpoly_metal.053
0  0.458667 8.043201 8.496845  0.379699 -0.059472 -0.923196  0.039282 0.590557 1 0 1.000000
0  -0.409622 7.745868 8.496845  -0.933718 -0.350440 -0.073228  0.039282 0.590557 1 0 1.000000
0  -0.412974 8.043199 8.460896  -0.736866 0.590924 -0.328385  0.039282 0.590557 1 0 1.000000
lowpoly_metal.053
0  -0.114758 7.059441 5.043811  -0.652005 -0.758209 0.002943  0.074523 0.389844 1 0 1.000000
0  -0.114759 6.830440 5.751916  -1.000000 0.000000 0.000003  0.074523 0.389844 1 0 1.000000
0  -0.114760 7.276593 5.372906  -1.000000 0.000000 0.000001  0.074523 0.389844 1 0 1.000000
lowpoly_metal.053
0  -0.114756 7.212472 4.846313  -0.002007 0.679880 -0.733320  0.074523 0.389844 1 0 1.000000
0  0.163804 6.890593 4.547127  0.528158 -0.459162 -0.714296  0.074523 0.389844 1 0 1.000000
0  -0.114756 6.892954 4.550827  -0.553797 -0.450293 -0.700390  0.074523 0.389844 1 0 1.000000
lowpoly_metal.053
0  -0.275875 5.397542 5.756480  -0.007115 -0.869558 0.493780  0.074523 0.389844 1 0 1.000000
0  0.324924 8.457675 5.759263  0.005003 -0.001891 0.999986  0.074523 0.389844 1 0 1.000000
0  -0.275876 8.457675 5.759264  0.005033 -0.001898 0.999986  0.074523 0.389844 1 0 1.000000
lowpoly_metal.053
0  0.024522 1.784145 6.774121  -0.160728 0.946867 0.278584  0.060711 0.469699 1 0 1.000000
0  -0.433945 -14.885754 6.573394  -0.499986 0.006973 0.866006  0.060711 0.469699 1 0 1.000000
0  0.020541 -14.885753 6.835791  -0.499985 0.006973 0.866006  0.060711 0.469699 1 0 1.000000
lowpoly_metal.053
0  0.515836 9.998716 9.331593  0.700980 0.340754 0.626510  0.039282 0.590557 1 0 1.000000
0  0.384728 10.618719 8.444057  0.121599 0.933818 0.336447  0.039282 0.590557 1 0 1.000000
0  0.384727 9.985700 9.323283  -0.546620 0.372498 0.749968  0.039282 0.590557 1 0 1.000000
lowpoly_metal.053
0  -0.239926 -14.653983 7.079195  -0.597871 -0.418055 0.683944  0.043544 0.609912 1 0 1.000000
0  0.288965 -14.699544 6.983961  0.616882 -0.563371 0.549609  0.043544 0.609912 1 0 1.000000
0  0.288959 -14.559004 7.080928  0.597977 0.344778 0.723569  0.043544 0.609912 1 0 1.000000
lowpoly_metal.053
0  0.024525 10.823603 8.311394  0.000004 1.000000 0.000001  0.039282 0.590557 1 0 1.000000
0  0.744237 10.823601 7.755476  0.000004 1.000000 0.000002  0.039282 0.590557 1 0 1.000000
0  0.689226 10.823603 6.738295  0.000004 1.000000 0.000002  0.039282 0.590557 1 0 1.000000
lowpoly_metal.053
0  -0.229944 4.796304 8.613636  -0.165574 0.643036 0.747723  0.039282 0.590557 1 0 1.000000
0  -0.412975 4.796306 8.460898  -0.730656 0.601782 -0.322492  0.039282 0.590557 1 0 1.000000
0  -0.409622 4.498974 8.496846  -0.946963 -0.313616 -0.070047  0.039282 0.590557 1 0 1.000000
lowpoly_metal.053
0  -0.403507 1.549412 8.514297  -0.403722 0.109891 -0.908258  0.039282 0.590557 1 0 1.000000
0  0.278989 1.549415 8.613634  0.238054 0.926651 0.290944  0.039282 0.590557 1 0 1.000000
0  0.467348 1.549415 8.459514  0.709859 0.620023 -0.334173  0.039282 0.590557 1 0 1.000000
lowpoly_plastic.050
0  0.521333 12.331058 5.971950  -0.000001 -1.000000 0.000003  0.069489 0.560212 1 0 1.000000
0  -0.472279 12.331061 6.965564  -0.000001 -1.000000 0.000003  0.069489 0.560212 1 0 1.000000
0  -0.472280 12.331061 5.971948  -0.000004 -1.000000 0.000000  0.069489 0.560212 1 0 1.000000
lowpoly_metal.053
0  0.431563 1.784141 6.539116  0.367211 0.930138 -0.000001  0.060711 0.469699 1 0 1.000000
0  0.388087 -12.515279 6.094203  -0.999995 0.003040 -0.000000  0.060711 0.469699 1 0 1.000000
0  0.388087 -12.515279 6.514019  -0.999995 0.003040 0.000000  0.060711 0.469699 1 0 1.000000
lowpoly_metal.053
0  0.324925 5.818852 5.313623  0.027233 0.901793 -0.431310  0.074523 0.389844 1 0 1.000000
0  -0.275876 6.104172 5.619651  0.006317 0.737561 -0.675251  0.074523 0.389844 1 0 1.000000
0  0.324924 6.104177 5.619651  0.006322 0.737566 -0.675246  0.074523 0.389844 1 0 1.000000
lowpoly_metal.053
0  -0.341524 -9.035313 7.143804  -0.811711 0.108743 0.573846  0.043544 0.609912 1 0 1.000000
0  0.390560 -9.104070 7.024706  0.811729 -0.442567 -0.381092  0.043544 0.609912 1 0 1.000000
0  0.390560 -8.994053 7.119985  0.811750 0.442546 0.381070  0.043544 0.609912 1 0 1.000000
lowpoly_plastic.050
0  -0.299584 11.284920 2.259545  -0.815299 0.563274 0.134204  0.034333 0.623884 1 0 1.000000
0  -0.465411 10.989903 2.456993  -0.927573 0.311926 0.205697  0.034333 0.623884 1 0 1.000000
0  -0.443852 10.938087 2.530534  -0.931897 0.261312 0.251563  0.034333 0.623884 1 0 1.000000
lowpoly_metal.053
0  0.024515 -9.240917 7.007246  0.579004 -0.057054 -0.813326  0.060711 0.469699 1 0 1.000000
0  0.506061 -8.317268 7.285264  0.578974 -0.057034 -0.813348  0.060711 0.469699 1 0 1.000000
0  0.405559 -9.240913 7.343287  0.579011 -0.057061 -0.813321  0.060711 0.469699 1 0 1.000000
lowpoly_metal.053
0  -0.600381 20.339096 6.140539  0.161077 0.008686 -0.986904  0.028340 0.414408 1 0 1.000000
0  -0.739855 9.853170 6.167055  0.022312 -0.307180 -0.951390  0.028340 0.414408 1 0 1.000000
0  -0.719191 21.282919 6.127542  0.276806 0.028285 -0.960510  0.028340 0.414408 1 0 1.000000
lowpoly_metal.053
0  -0.728695 21.282917 6.826127  -0.779768 0.626041 -0.005962  0.028340 0.414408 1 0 1.000000
0  -0.719191 21.282919 6.127542  -0.773046 0.634323 -0.005915  0.028340 0.414408 1 0 1.000000
0  -0.739855 9.853170 6.167055  -0.999971 -0.000468 -0.007599  0.028340 0.414408 1 0 1.000000
lowpoly_metal.053
0  0.368934 -8.290522 6.495452  1.000000 0.000003 -0.000001  0.060711 0.469699 1 0 1.000000
0  0.368937 -9.164658 7.278664  1.000000 0.000003 -0.000001  0.060711 0.469699 1 0 1.000000
0  0.368937 -9.164658 6.495452  1.000000 0.000003 -0.000001  0.060711 0.469699 1 0 1.000000
lowpoly_metal.053
0  -0.600387 9.755778 6.743824  0.999992 -0.004052 -0.000495  0.028340 0.414408 1 0 1.000000
0  -0.600387 9.824278 6.180260  0.667539 -0.288501 -0.686410  0.028340 0.414408 1 0 1.000000
0  -0.600381 20.339096 6.812087  0.999992 -0.003998 -0.000486  0.028340 0.414408 1 0 1.000000
lowpoly_metal.053
0  -0.484973 -8.062975 6.009955  -1.000000 -0.000002 0.000000  0.060711 0.469699 1 0 1.000000
0  -0.484971 -9.239592 6.598264  -1.000000 -0.000002 0.000000  0.060711 0.469699 1 0 1.000000
0  -0.484973 -8.062975 6.598264  -1.000000 -0.000002 0.000000  0.060711 0.469699 1 0 1.000000
lowpoly_metal.053
0  -0.144771 21.387913 6.237482  0.997198 -0.066972 -0.033350  0.028340 0.414408 1 0 1.000000
0  -0.197983 20.363537 6.703481  0.671133 -0.741157 -0.016350  0.028340 0.414408 1 0 1.000000
0  -0.229841 20.353983 6.247453  0.631243 -0.775446 -0.014662  0.028340 0.414408 1 0 1.000000
lowpoly_metal.053
0  -0.484973 -8.062975 6.598264  -0.499999 -0.000000 0.866026  0.060711 0.469699 1 0 1.000000
0  0.024520 -9.239586 6.892418  -0.499999 -0.000001 0.866026  0.060711 0.469699 1 0 1.000000
0  0.024520 -8.062967 6.892418  -0.499998 0.000000 0.866026  0.060711 0.469699 1 0 1.000000
lowpoly_metal.053
0  -0.967176 2.705456 7.255124  -0.590008 0.336253 0.734046  0.060711 0.469699 1 0 1.000000
0  -1.660776 2.471100 7.305758  -0.711078 -0.702720 0.023511  0.060711 0.469699 1 0 1.000000
0  -0.967175 2.487803 7.405304  -0.636109 0.771502 -0.012198  0.060711 0.469699 1 0 1.000000
lowpoly_metal.053
0  0.402349 9.079802 8.698236  0.818615 -0.450570 0.356169  0.030078 0.588281 1 0 1.000000
0  -0.353301 8.815893 8.368999  -0.546536 -0.758052 -0.355889  0.030078 0.588281 1 0 1.000000
0  0.402352 8.825694 8.372266  0.555055 -0.752274 -0.354960  0.030078 0.588281 1 0 1.000000
lowpoly_metal.053
0  0.024515 -9.240917 8.119318  -0.359554 -0.784651 0.505019  0.060711 0.469699 1 0 1.000000
0  0.024515 -9.240917 8.002111  0.000006 -1.000000 0.000000  0.060711 0.469699 1 0 1.000000
0  0.404554 -9.240913 7.782698  -0.000041 -1.000000 -0.000018  0.060711 0.469699 1 0 1.000000
lowpoly_metal.053
0  0.193831 21.387911 6.237482  -0.531238 0.831675 0.161564  0.028340 0.414408 1 0 1.000000
0  0.193830 20.444090 6.715146  -0.655373 -0.388469 0.647748  0.028340 0.414408 1 0 1.000000
0  0.276201 21.300842 6.701533  -0.570116 0.807029 0.153856  0.028340 0.414408 1 0 1.000000
lowpoly_metal.053
0  0.345523 -8.317308 9.198885  -0.923898 0.000016 0.382639  0.060711 0.469699 1 0 1.000000
0  0.251506 -8.739050 8.971899  -0.449781 -0.771725 0.449597  0.060711 0.469699 1 0 1.000000
0  0.395952 -8.738939 9.198885  -0.910930 -0.165872 0.377748  0.060711 0.469699 1 0 1.000000
lowpoly_plastic.050
0  0.249579 20.664776 5.384243  0.847527 -0.436083 -0.302537  0.005518 0.736972 1 0 1.000000
0  0.249581 21.398695 6.118168  1.000000 -0.000001 -0.000000  0.005518 0.736972 1 0 1.000000
0  0.249579 20.664776 6.118167  1.000000 -0.000002 0.000000  0.005518 0.736972 1 0 1.000000
lowpoly_plastic.050
0  -0.200520 21.398695 6.118168  -1.000000 -0.000001 -0.000000  0.005518 0.736972 1 0 1.000000
0  -0.200519 20.664778 5.384243  -0.852597 -0.429386 -0.297836  0.005518 0.736972 1 0 1.000000
0  -0.200519 20.664776 6.118167  -1.000000 -0.000002 0.000000  0.005518 0.736972 1 0 1.000000
lowpoly_metal.053
0  -0.635215 9.259472 9.084833  0.000002 -0.499995 0.866028  0.043544 0.609912 1 0 1.000000
0  -0.444076 9.673706 9.323988  -0.000005 -0.499994 0.866029  0.043544 0.609912 1 0 1.000000
0  -0.635217 9.673708 9.323988  -0.000008 -0.499993 0.866029  0.043544 0.609912 1 0 1.000000
lowpoly_plastic.050
0  -0.200519 20.664776 6.118167  0.000000 -0.000001 1.000000  0.005518 0.736972 1 0 1.000000
0  0.249581 21.398695 6.118168  0.000000 -0.000001 1.000000  0.005518 0.736972 1 0 1.000000
0  -0.200520 21.398695 6.118168  0.000000 -0.000001 1.000000  0.005518 0.736972 1 0 1.000000
lowpoly_plastic.050
0  0.576707 21.565083 2.534606  0.002277 0.061471 -0.998106  0.005204 0.735637 1 0 1.000000
0  -0.498070 21.977737 2.557568  -0.552259 0.621025 -0.556182  0.005204 0.735637 1 0 1.000000
0  0.555667 21.963110 2.561593  -0.010388 0.708218 -0.705917  0.005204 0.735637 1 0 1.000000
lowpoly_plastic.050
0  0.637968 21.215155 4.457375  -0.004995 -0.996095 -0.088143  0.005204 0.735637 1 0 1.000000
0  -0.527653 21.565079 2.534606  -0.009371 -0.984782 -0.173540  0.005204 0.735637 1 0 1.000000
0  0.576707 21.565083 2.534606  -0.009342 -0.984780 -0.173556  0.005204 0.735637 1 0 1.000000
lowpoly_plastic.050
0  0.788379 -7.162048 6.011525  0.760148 -0.057266 -0.647221  0.075349 0.627009 1 0 1.000000
0  0.352188 -8.358700 5.426126  0.438825 0.023167 -0.898274  0.075349 0.627009 1 0 1.000000
0  0.240112 -7.162047 5.423498  0.362819 -0.016952 -0.931705  0.075349 0.627009 1 0 1.000000
lowpoly_metal.053
0  0.608413 1.166541 7.481591  0.000001 -1.000000 0.000003  0.060711 0.469699 1 0 1.000000
0  0.430533 1.166541 7.736506  0.000003 -1.000000 0.000005  0.060711 0.469699 1 0 1.000000
0  0.338663 1.166541 7.271239  -0.000005 -1.000000 0.000000  0.060711 0.469699 1 0 1.000000
lowpoly_metal.053
0  -0.252853 9.718605 9.247574  -0.608864 0.625674 0.487664  0.030078 0.588281 1 0 1.000000
0  -0.246300 9.608796 9.241853  -0.735313 -0.078945 0.673114  0.030078 0.588281 1 0 1.000000
0  -0.065862 9.663700 9.266517  -0.035381 0.978065 0.205271  0.030078 0.588281 1 0 1.000000
lowpoly_metal.053
0  0.139637 6.169709 6.089050  -0.000002 0.000000 -1.000000  0.034375 0.595312 1 0 1.000000
0  -0.090587 5.760230 6.089050  0.000001 0.000000 -1.000000  0.034375 0.595312 1 0 1.000000
0  -0.090587 6.169707 6.089050  -0.000005 0.000000 -1.000000  0.034375 0.595312 1 0 1.000000
lowpoly_metal.053
0  0.548208 9.768406 8.968697  0.584976 0.808710 0.061571  0.043544 0.609912 1 0 1.000000
0  0.548206 9.510942 8.845675  0.592366 -0.805414 0.020297  0.043544 0.609912 1 0 1.000000
0  0.548208 9.748114 8.716796  0.592726 0.382956 -0.708534  0.043544 0.609912 1 0 1.000000
lowpoly_metal.053
0  -0.727883 2.732008 7.290356  -0.046373 0.588923 -0.806858  0.060711 0.469699 1 0 1.000000
0  -0.446894 2.782571 7.405304  0.013874 0.902325 -0.430833  0.060711 0.469699 1 0 1.000000
0  -0.446896 2.643522 7.264812  0.112421 0.084089 -0.990096  0.060711 0.469699 1 0 1.000000
lowpoly_metal.053
0  -0.728695 21.282917 6.826127  -0.779768 0.626041 -0.005962  0.028340 0.414408 1 0 1.000000
0  -0.352153 21.276548 6.247187  -0.212967 0.977051 -0.004101  0.028340 0.414408 1 0 1.000000
0  -0.719191 21.282919 6.127542  -0.773046 0.634323 -0.005915  0.028340 0.414408 1 0 1.000000
lowpoly_metal.053
0  -0.352153 21.276548 6.247187  0.116428 0.011566 -0.993132  0.028340 0.414408 1 0 1.000000
0  -0.144771 21.387913 6.237482  -0.043504 -0.006055 -0.999035  0.028340 0.414408 1 0 1.000000
0  -0.229841 20.353983 6.247453  0.252325 0.026566 -0.967278  0.028340 0.414408 1 0 1.000000
lowpoly_metal.053
0  0.757700 21.282917 6.120905  0.783571 0.621035 -0.018215  0.028340 0.414408 1 0 1.000000
0  0.771337 21.282917 6.834195  0.776737 0.629561 -0.018272  0.028340 0.414408 1 0 1.000000
0  0.788902 9.838312 6.783607  0.640693 -0.251662 0.725382  0.028340 0.414408 1 0 1.000000
lowpoly_plastic.050
0  0.443834 -2.332164 8.340531  0.901937 -0.000058 0.431867  0.075349 0.627009 1 0 1.000000
0  0.721252 -2.559425 7.761149  0.900614 0.003288 0.434607  0.075349 0.627009 1 0 1.000000
0  0.713225 -2.332165 7.777311  0.902119 -0.000059 0.431487  0.075349 0.627009 1 0 1.000000
lowpoly_plastic.050
0  -0.200518 21.379002 4.372634  -0.542781 0.268761 -0.795711  0.005518 0.736972 1 0 1.000000
0  0.249581 21.398695 6.118168  0.026849 0.999474 -0.018200  0.005518 0.736972 1 0 1.000000
0  0.249579 21.354803 4.371658  0.542842 0.218160 -0.811005  0.005518 0.736972 1 0 1.000000
lowpoly_plastic.050
0  -0.620242 21.217340 4.572544  -0.004522 -0.996869 -0.078949  0.005204 0.735637 1 0 1.000000
0  0.637968 21.215155 4.457375  -0.004995 -0.996095 -0.088143  0.005204 0.735637 1 0 1.000000
0  0.732388 21.226692 6.775702  -0.000247 -0.999992 0.004036  0.005204 0.735637 1 0 1.000000
lowpoly_metal.053
0  -0.444077 9.599300 8.974554  1.000000 0.000001 0.000002  0.043544 0.609912 1 0 1.000000
0  -0.444076 9.259474 9.084833  1.000000 0.000002 -0.000001  0.043544 0.609912 1 0 1.000000
0  -0.444076 9.579007 8.722655  1.000000 -0.000002 -0.000000  0.043544 0.609912 1 0 1.000000
lowpoly_metal.053
0  0.019162 -14.244355 8.049903  0.490410 0.001327 0.871491  0.060711 0.469699 1 0 1.000000
0  0.432558 -1.834394 7.798865  0.490329 0.001297 0.871537  0.060711 0.469699 1 0 1.000000
0  0.024518 -1.834394 8.034447  0.490345 0.001295 0.871528  0.060711 0.469699 1 0 1.000000
lowpoly_plastic.050
0  -0.739337 -3.841992 6.011526  -0.764158 0.007841 -0.644981  0.075349 0.627009 1 0 1.000000
0  -0.303453 -4.069255 5.434574  -0.488681 0.055575 -0.870691  0.075349 0.627009 1 0 1.000000
0  -0.745536 -4.069252 6.024901  -0.779582 0.082411 -0.620854  0.075349 0.627009 1 0 1.000000
lowpoly_metal.053
0  -0.695193 12.080220 7.310114  -0.397743 0.607155 0.687868  0.039282 0.590557 1 0 1.000000
0  -0.335332 11.734806 7.823080  -0.397745 0.607155 0.687867  0.039282 0.590557 1 0 1.000000
0  -0.335332 12.190789 7.420599  -0.397741 0.607155 0.687869  0.039282 0.590557 1 0 1.000000
lowpoly_plastic.050
0  -0.742442 -4.543549 6.015605  -0.762855 -0.005939 -0.646542  0.075349 0.627009 1 0 1.000000
0  -0.303604 -4.316287 5.438807  -0.490534 -0.056121 -0.869613  0.075349 0.627009 1 0 1.000000
0  -0.191135 -4.543547 5.423773  -0.354224 -0.006823 -0.935136  0.075349 0.627009 1 0 1.000000
lowpoly_plastic.050
0  -0.739358 -2.172082 6.016765  -0.999992 0.000884 -0.003767  0.064370 0.664198 1 0 1.000000
0  -0.742439 -2.419100 6.015604  -0.999992 0.000941 -0.003800  0.064370 0.664198 1 0 1.000000
0  -0.742487 -2.419112 7.036520  -0.999992 0.000926 -0.003836  0.064370 0.664198 1 0 1.000000
lowpoly_metal.053
0  -0.444074 9.836473 8.845675  -0.129296 0.991291 -0.024983  0.043544 0.609912 1 0 1.000000
0  -0.444077 9.599300 8.974554  -0.075963 0.476079 0.876116  0.043544 0.609912 1 0 1.000000
0  0.548208 9.768406 8.968697  0.584976 0.808710 0.061571  0.043544 0.609912 1 0 1.000000
lowpoly_plastic.050
0  -0.148467 -3.120670 5.433388  -0.030375 -0.000651 -0.999538  0.064370 0.664198 1 0 1.000000
0  -0.303762 -3.367693 5.443047  -0.030472 -0.000662 -0.999535  0.064370 0.664198 1 0 1.000000
0  -0.306674 -3.120673 5.438799  -0.030507 -0.000655 -0.999534  0.064370 0.664198 1 0 1.000000
lowpoly_plastic.050
0  -0.742442 -4.543549 6.015605  -0.999994 -0.002019 -0.002953  0.064370 0.664198 1 0 1.000000
0  -0.742444 -4.790575 6.015606  -0.999994 -0.002010 -0.002943  0.064370 0.664198 1 0 1.000000
0  -0.742489 -4.790575 7.036520  -0.999994 -0.002024 -0.002959  0.064370 0.664198 1 0 1.000000
lowpoly_plastic.050
0  0.709595 20.382408 6.452189  0.923878 0.000002 0.382688  0.005518 0.736972 1 0 1.000000
0  0.508941 21.288465 6.936603  0.923878 0.000002 0.382687  0.005518 0.736972 1 0 1.000000
0  0.508943 20.382410 6.936601  0.923877 0.000002 0.382689  0.005518 0.736972 1 0 1.000000
lowpoly_plastic.050
0  0.555667 21.963110 2.561593  0.996433 0.083121 -0.014541  0.005204 0.735637 1 0 1.000000
0  0.533067 22.041945 4.604128  0.931218 0.364444 -0.003763  0.005204 0.735637 1 0 1.000000
0  0.576708 21.927034 4.274865  0.977634 0.199885 -0.065410  0.005204 0.735637 1 0 1.000000
lowpoly_plastic.050
0  -0.392840 -6.600809 8.344714  -0.928635 0.061163 0.365919  0.075349 0.627009 1 0 1.000000
0  -0.668378 -6.828069 7.768962  -0.958838 0.015598 0.283525  0.075349 0.627009 1 0 1.000000
0  -0.396753 -6.828078 8.336318  -0.923347 0.009585 0.383846  0.075349 0.627009 1 0 1.000000
lowpoly_plastic.050
0  -0.306824 -4.790576 5.443034  -0.498286 0.043904 -0.865900  0.064370 0.664198 1 0 1.000000
0  -0.742442 -4.543549 6.015605  -0.762855 -0.005939 -0.646542  0.064370 0.664198 1 0 1.000000
0  -0.191135 -4.543547 5.423773  -0.354224 -0.006823 -0.935136  0.064370 0.664198 1 0 1.000000
lowpoly_plastic.050
0  -0.745538 -5.017840 6.014471  -0.999996 0.000579 -0.002858  0.064370 0.664198 1 0 1.000000
0  -0.739339 -5.264870 6.011526  -0.999996 0.000594 -0.002863  0.064370 0.664198 1 0 1.000000
0  -0.745580 -5.264872 7.036810  -0.999996 0.000584 -0.002883  0.064370 0.664198 1 0 1.000000
lowpoly_metal.053
0  -0.967177 2.728680 7.552804  -0.565903 0.320080 -0.759804  0.060711 0.469699 1 0 1.000000
0  -1.660776 2.471100 7.504853  -0.756355 -0.511434 -0.407874  0.060711 0.469699 1 0 1.000000
0  -1.660777 2.631469 7.597441  -0.587035 0.657385 -0.472477  0.060711 0.469699 1 0 1.000000
lowpoly_metal.053
0  -0.967177 2.728680 7.552804  -0.140915 -0.989052 0.043804  0.060711 0.469699 1 0 1.000000
0  -1.660776 2.815943 7.291837  -0.749988 0.659893 0.045374  0.060711 0.469699 1 0 1.000000
0  -0.967176 2.705456 7.255124  -0.140912 -0.989053 0.043795  0.060711 0.469699 1 0 1.000000
lowpoly_plastic.050
0  -0.300549 -5.017844 5.438816  -0.481617 -0.042156 -0.875367  0.064370 0.664198 1 0 1.000000
0  -0.739339 -5.264870 6.011526  -0.762981 0.006853 -0.646384  0.064370 0.664198 1 0 1.000000
0  -0.745538 -5.017840 6.014471  -0.775301 -0.075199 -0.627099  0.064370 0.664198 1 0 1.000000
lowpoly_plastic.050
0  -0.742458 -5.966435 6.020848  -0.999995 -0.001462 -0.002852  0.064370 0.664198 1 0 1.000000
0  -0.742445 -6.213453 6.015605  -0.999995 -0.001474 -0.002839  0.064370 0.664198 1 0 1.000000
0  -0.741167 -6.213456 7.036397  -0.999995 -0.001473 -0.002837  0.064370 0.664198 1 0 1.000000
lowpoly_plastic.050
0  -0.303760 -5.739166 5.443046  -0.795857 -0.000096 -0.605485  0.064370 0.664198 1 0 1.000000
0  -0.745538 -5.492138 6.024904  -0.778187 0.083306 -0.622483  0.064370 0.664198 1 0 1.000000
0  -0.306675 -5.492132 5.438798  -0.776277 0.090687 -0.623835  0.064370 0.664198 1 0 1.000000
lowpoly_metal.053
0  0.453013 0.709889 8.444059  0.999931 -0.003692 0.011147  0.039282 0.590557 1 0 1.000000
0  0.484429 8.603699 8.239586  0.999967 -0.007678 0.002736  0.039282 0.590557 1 0 1.000000
0  0.480233 8.695834 8.442001  0.999307 -0.035456 0.011316  0.039282 0.590557 1 0 1.000000
lowpoly_metal.053
0  0.379970 1.996306 5.653899  0.000120 0.177843 -0.984059  0.026458 0.410980 1 0 1.000000
0  -0.314264 1.968958 5.648888  -0.000142 0.177733 -0.984079  0.026458 0.410980 1 0 1.000000
0  0.192556 2.132670 5.678441  0.000092 0.177855 -0.984057  0.026458 0.410980 1 0 1.000000
lowpoly_metal.053
0  0.734993 10.823603 6.232130  0.846721 0.005577 0.532007  0.039282 0.590557 1 0 1.000000
0  0.484473 13.240620 5.731353  0.818313 0.425138 -0.386810  0.039282 0.590557 1 0 1.000000
0  0.708840 13.240623 6.228858  0.464247 0.860494 -0.209821  0.039282 0.590557 1 0 1.000000
lowpoly_plastic.050
0  -0.306824 -7.162046 5.443036  -0.028762 -0.001319 -0.999585  0.064370 0.664198 1 0 1.000000
0  -0.148471 -6.915015 5.433389  -0.028744 -0.001319 -0.999586  0.064370 0.664198 1 0 1.000000
0  -0.148469 -7.162050 5.431211  -0.028752 -0.001310 -0.999586  0.064370 0.664198 1 0 1.000000
lowpoly_glow
0  -0.188398 9.706308 9.209757  0.000000 0.000000 0.000000  0.306346 0.451235 1 0 1.000000
0  -0.142000 9.704324 9.129390  0.000000 0.000000 0.000000  0.306346 0.451235 1 0 1.000000
0  -0.095601 9.702340 9.209756  0.000000 0.000000 0.000000  0.306346 0.451235 1 0 1.000000
lowpoly_metal.053
0  -0.289620 1.340597 7.271239  0.400936 -0.110520 0.909415  0.060711 0.469699 1 0 1.000000
0  -0.402728 1.340598 7.522301  0.884231 -0.243811 0.398362  0.060711 0.469699 1 0 1.000000
0  -0.358707 1.166539 7.318059  0.537224 -0.148091 0.830337  0.060711 0.469699 1 0 1.000000
lowpoly_metal.053
0  -0.727883 2.732008 7.290356  -0.046373 0.588923 -0.806858  0.060711 0.469699 1 0 1.000000
0  -0.727883 2.713045 7.525729  -0.207595 0.975056 0.078553  0.060711 0.469699 1 0 1.000000
0  -0.446894 2.782571 7.405304  0.013874 0.902325 -0.430833  0.060711 0.469699 1 0 1.000000
lowpoly_metal.053
0  0.024525 10.823603 8.311394  -0.000003 1.000000 0.000004  0.039282 0.590557 1 0 1.000000
0  -0.695192 10.823604 7.755477  0.000002 1.000000 -0.000001  0.039282 0.590557 1 0 1.000000
0  -0.417086 10.823599 8.311392  -0.000009 1.000000 0.000010  0.039282 0.590557 1 0 1.000000
lowpoly_plastic.050
0  -0.305023 -1.698303 5.433993  -0.029164 -0.012418 -0.999498  0.075349 0.627009 1 0 1.000000
0  0.353372 -1.698216 5.433679  0.002395 -0.011994 -0.999925  0.075349 0.627009 1 0 1.000000
0  0.197512 -1.697787 5.431210  -0.000392 -0.005314 -0.999986  0.075349 0.627009 1 0 1.000000
lowpoly_plastic.050
0  -0.397772 -1.610841 8.340545  -0.918064 0.049880 0.393283  0.075349 0.627009 1 0 1.000000
0  -0.680751 0.690608 7.781299  -0.976824 -0.008492 0.213875  0.075349 0.627009 1 0 1.000000
0  -0.690834 -1.600771 7.566983  -0.988753 -0.007075 0.149386  0.075349 0.627009 1 0 1.000000
lowpoly_plastic.050
0  -0.758656 1.372314 6.012840  -0.692024 0.721380 -0.026706  0.075349 0.627009 1 0 1.000000
0  -0.749302 0.977668 7.348302  -0.837072 0.518907 0.173338  0.075349 0.627009 1 0 1.000000
0  0.024523 0.974635 7.040248  -0.000539 0.946648 0.322268  0.075349 0.627009 1 0 1.000000
lowpoly_metal.053
0  -0.202468 -8.739050 8.971899  0.441841 -0.780682 0.441941  0.060711 0.469699 1 0 1.000000
0  -0.296488 -8.317310 9.198885  0.923888 0.000015 0.382662  0.060711 0.469699 1 0 1.000000
0  -0.334309 -8.738966 9.198886  0.911345 -0.164087 0.377525  0.060711 0.469699 1 0 1.000000
lowpoly_plastic.050
0  0.352195 -1.409101 5.365410  0.798753 -0.135187 -0.586275  0.075349 0.627009 1 0 1.000000
0  0.793357 -1.693540 6.032045  0.799858 -0.017020 -0.599948  0.075349 0.627009 1 0 1.000000
0  0.353372 -1.698216 5.433679  0.800783 -0.065916 -0.595317  0.075349 0.627009 1 0 1.000000
lowpoly_plastic.050
0  0.555667 21.963110 2.561593  -0.010388 0.708218 -0.705917  0.004465 0.740067 1 0 1.000000
0  -0.498070 21.977737 2.557568  -0.552259 0.621025 -0.556182  0.004465 0.740067 1 0 1.000000
0  -0.499126 22.020525 4.425128  -0.475283 0.879623 -0.019217  0.004465 0.740067 1 0 1.000000
lowpoly_metal.053
0  -0.406835 1.900401 5.768030  -0.715976 0.586683 0.378393  0.039282 0.590557 1 0 1.000000
0  0.508711 1.283830 5.862030  -0.041914 0.089472 0.995107  0.039282 0.590557 1 0 1.000000
0  0.528314 1.900403 5.852871  -0.041928 0.089460 0.995107  0.039282 0.590557 1 0 1.000000
lowpoly_metal.053
0  0.534008 -8.062971 6.598264  1.000000 0.000002 -0.000000  0.060711 0.469699 1 0 1.000000
0  0.534010 -9.239595 6.009955  1.000000 0.000002 -0.000000  0.060711 0.469699 1 0 1.000000
0  0.534008 -8.062971 6.009955  1.000000 0.000002 -0.000000  0.060711 0.469699 1 0 1.000000
lowpoly_metal.053
0  0.384386 11.734806 7.823080  0.397748 0.607156 0.687864  0.039282 0.590557 1 0 1.000000
0  0.744241 12.080218 7.310114  0.397746 0.607158 0.687864  0.039282 0.590557 1 0 1.000000
0  0.384380 12.190787 7.420599  0.397743 0.607161 0.687864  0.039282 0.590557 1 0 1.000000
lowpoly_plastic.050
0  0.794559 -2.646373 6.019647  0.763181 -0.007293 -0.646144  0.075349 0.627009 1 0 1.000000
0  0.349417 -2.419114 5.434563  0.485208 -0.052489 -0.872822  0.075349 0.627009 1 0 1.000000
0  0.791484 -2.419103 6.015606  0.778444 -0.082805 -0.622228  0.075349 0.627009 1 0 1.000000
lowpoly_metal.053
0  -0.389479 11.410300 8.313465  0.000413 -0.002847 0.999996  0.039282 0.590557 1 0 1.000000
0  -0.417086 10.823599 8.311392  0.000487 -0.002823 0.999996  0.039282 0.590557 1 0 1.000000
0  0.024525 10.823603 8.311394  0.000352 -0.002901 0.999996  0.039282 0.590557 1 0 1.000000
lowpoly_plastic.050
0  0.402356 20.640900 6.572435  -0.800216 -0.542951 -0.254672  0.005518 0.736972 1 0 1.000000
0  -0.353298 20.640898 6.331941  0.800216 -0.542950 0.254675  0.005518 0.736972 1 0 1.000000
0  0.144774 20.640902 6.074361  -0.254674 -0.542934 0.800228  0.005518 0.736972 1 0 1.000000
lowpoly_plastic.050
0  0.729791 -8.359457 7.781300  0.000001 -1.000000 0.000006  0.075349 0.627009 1 0 1.000000
0  0.446819 -8.359453 8.352764  0.000000 -1.000000 0.000004  0.075349 0.627009 1 0 1.000000
0  -0.680753 -8.359455 7.781298  -0.000004 -1.000000 0.000006  0.075349 0.627009 1 0 1.000000
lowpoly_metal.053
0  -0.606146 9.798695 8.917833  -0.999616 -0.026906 0.006615  0.043544 0.609912 1 0 1.000000
0  -0.598431 9.598722 8.975560  -0.999955 -0.009366 -0.001628  0.043544 0.609912 1 0 1.000000
0  -0.611422 9.988711 9.027541  -0.991481 -0.115679 -0.059860  0.043544 0.609912 1 0 1.000000
lowpoly_metal.053
0  0.721274 2.727629 6.225271  0.999957 0.002735 -0.008891  0.039282 0.590557 1 0 1.000000
0  0.689226 10.823603 6.738295  0.704163 0.003311 -0.710030  0.039282 0.590557 1 0 1.000000
0  0.733236 2.727630 6.738296  0.999935 0.002733 -0.011063  0.039282 0.590557 1 0 1.000000
lowpoly_metal.053
0  -0.514237 7.819195 7.529552  -0.314514 -0.715599 -0.623698  0.039282 0.590557 1 0 1.000000
0  -0.695190 7.838203 7.264364  0.090111 -0.803124 0.588958  0.039282 0.590557 1 0 1.000000
0  -0.515067 7.800862 7.212188  0.190629 -0.588896 0.785406  0.039282 0.590557 1 0 1.000000
lowpoly_plastic.050
0  0.448827 -6.828074 8.336307  0.920168 -0.007700 0.391448  0.075349 0.627009 1 0 1.000000
0  0.721399 -6.600808 7.773392  0.963932 -0.047835 0.261814  0.075349 0.627009 1 0 1.000000
0  0.440873 -6.600808 8.340518  0.908056 -0.063992 0.413931  0.075349 0.627009 1 0 1.000000
lowpoly_metal.053
0  0.036183 2.832553 7.692914  -0.007591 -0.555448 -0.831517  0.060711 0.469699 1 0 1.000000
0  -0.062469 2.832548 7.544469  0.768939 -0.530615 0.356625  0.060711 0.469699 1 0 1.000000
0  0.090129 2.832551 7.505611  -0.606007 -0.610618 0.509804  0.060711 0.469699 1 0 1.000000
lowpoly_metal.053
0  0.024526 10.934168 5.841840  0.233572 -0.000000 -0.972340  0.039282 0.590557 1 0 1.000000
0  -0.435421 13.240622 5.731353  0.233572 -0.000000 -0.972339  0.039282 0.590557 1 0 1.000000
0  0.024528 13.351192 5.841840  0.233573 -0.000000 -0.972339  0.039282 0.590557 1 0 1.000000
lowpoly_metal.053
0  -0.713476 4.860159 7.657002  -0.987931 -0.012071 -0.154426  0.039282 0.590557 1 0 1.000000
0  -0.514237 7.819195 7.529552  -0.314514 -0.715599 -0.623698  0.039282 0.590557 1 0 1.000000
0  -0.514677 4.945932 7.555318  -0.321859 -0.019105 -0.946595  0.039282 0.590557 1 0 1.000000
lowpoly_plastic.050
0  -0.473026 8.968909 1.421993  -0.633393 -0.579460 -0.512874  0.034333 0.623884 1 0 1.000000
0  -0.173569 8.865357 1.169165  -0.633393 -0.579461 -0.512873  0.034333 0.623884 1 0 1.000000
0  -0.173569 8.680771 1.377716  -0.633393 -0.579461 -0.512872  0.034333 0.623884 1 0 1.000000
lowpoly_plastic.050
0  -0.451030 9.130513 2.152811  -0.945446 -0.310062 -0.099963  0.034333 0.623884 1 0 1.000000
0  -0.451144 10.661118 2.954295  -0.941164 0.290710 0.172333  0.034333 0.623884 1 0 1.000000
0  -0.443852 10.938087 2.530534  -0.931897 0.261312 0.251563  0.034333 0.623884 1 0 1.000000
lowpoly_plastic.050
0  -0.306685 -2.172078 5.438816  -0.797011 -0.000777 -0.603965  0.075349 0.627009 1 0 1.000000
0  -0.742458 -1.944812 6.010431  -0.797261 0.003452 -0.603625  0.075349 0.627009 1 0 1.000000
0  -0.300534 -1.944816 5.438798  -0.797237 0.003350 -0.603657  0.075349 0.627009 1 0 1.000000
lowpoly_plastic.050
0  0.522075 11.133687 1.530329  0.727990 0.327840 -0.602123  0.034333 0.623884 1 0 1.000000
0  0.522077 9.153323 1.213642  0.001553 0.171048 -0.985261  0.034333 0.623884 1 0 1.000000
0  -0.473020 11.132565 1.524876  -0.721590 0.317290 -0.615334  0.034333 0.623884 1 0 1.000000
lowpoly_metal.053
0  0.068436 -8.696760 9.009204  0.772222 -0.634526 0.032417  0.060711 0.469699 1 0 1.000000
0  0.032738 -8.390870 9.225954  0.022225 0.488136 0.872484  0.060711 0.469699 1 0 1.000000
0  0.016297 -8.685626 9.225954  -0.028689 -0.452023 0.891545  0.060711 0.469699 1 0 1.000000
lowpoly_metal.053
0  0.163805 7.595501 5.726740  0.000007 0.742815 -0.669497  0.074523 0.389844 1 0 1.000000
0  -0.114760 7.276593 5.372906  0.000011 0.742813 -0.669499  0.074523 0.389844 1 0 1.000000
0  -0.114756 7.595502 5.726740  0.000004 0.742816 -0.669496  0.074523 0.389844 1 0 1.000000
lowpoly_metal.053
0  0.458667 8.043201 8.496845  0.379699 -0.059472 -0.923196  0.039282 0.590557 1 0 1.000000
0  0.278991 7.745865 8.613634  0.156014 -0.642915 0.749880  0.039282 0.590557 1 0 1.000000
0  0.464264 7.745865 8.471775  0.748390 -0.597014 -0.288941  0.039282 0.590557 1 0 1.000000
lowpoly_plastic.050
0  0.794618 -4.069257 7.036811  0.999993 -0.000148 -0.003879  0.064370 0.664198 1 0 1.000000
0  0.794617 -4.192770 7.149960  0.999992 -0.000147 -0.003915  0.064370 0.664198 1 0 1.000000
0  0.791530 -4.316287 7.036518  0.999992 -0.000151 -0.003904  0.064370 0.664198 1 0 1.000000
lowpoly_plastic.050
0  0.791498 -3.594957 6.020849  0.778297 0.083675 -0.622295  0.064370 0.664198 1 0 1.000000
0  0.349591 -3.841991 5.438816  0.795847 -0.000004 -0.605498  0.064370 0.664198 1 0 1.000000
0  0.352494 -3.594961 5.434574  0.488263 0.056361 -0.870875  0.064370 0.664198 1 0 1.000000
lowpoly_metal.053
0  0.452522 -15.606483 7.808052  0.495203 -0.011890 0.868696  0.060711 0.469699 1 0 1.000000
0  0.014394 -16.243765 8.042315  0.086782 -0.984777 0.150609  0.060711 0.469699 1 0 1.000000
0  0.424183 -16.243855 7.805720  0.258064 -0.856286 0.447412  0.060711 0.469699 1 0 1.000000
lowpoly_metal.053
0  0.014394 -16.243765 8.042315  0.065734 -0.847502 0.526706  0.060711 0.469699 1 0 1.000000
0  -0.403491 -15.606485 7.808053  -0.509016 -0.011913 0.860675  0.060711 0.469699 1 0 1.000000
0  -0.375153 -16.243917 7.794031  0.072895 -0.851973 0.518486  0.060711 0.469699 1 0 1.000000
lowpoly_metal.053
0  -0.403491 -15.606485 7.808053  -0.999871 -0.011653 0.011083  0.060711 0.469699 1 0 1.000000
0  -0.395399 -16.243835 7.344224  -0.549178 -0.751822 -0.364921  0.060711 0.469699 1 0 1.000000
0  -0.375153 -16.243917 7.794031  -0.359648 -0.836560 -0.413305  0.060711 0.469699 1 0 1.000000
lowpoly_metal.053
0  0.015947 -14.446374 7.149900  0.542448 -0.012888 0.839990  0.060711 0.469699 1 0 1.000000
0  -0.395399 -16.243835 7.344224  0.299111 -0.938919 -0.170185  0.060711 0.469699 1 0 1.000000
0  0.014393 -16.243719 7.084251  0.045869 -0.852863 -0.520116  0.060711 0.469699 1 0 1.000000
lowpoly_metal.053
0  0.024515 -15.606486 7.071401  0.499964 -0.012028 -0.865963  0.060711 0.469699 1 0 1.000000
0  0.444431 -16.243916 7.332534  0.058650 -0.993049 -0.102050  0.060711 0.469699 1 0 1.000000
0  0.014393 -16.243719 7.084251  0.086834 -0.984790 -0.150493  0.060711 0.469699 1 0 1.000000
lowpoly_metal.053
0  0.461592 7.948964 5.678604  0.601213 0.419741 0.679971  0.013952 0.490792 1 0 1.000000
0  -0.329831 8.027843 5.513714  -0.599202 0.800469 0.014375  0.013952 0.490792 1 0 1.000000
0  -0.329830 7.758569 5.678603  -0.601215 -0.419737 0.679971  0.013952 0.490792 1 0 1.000000
lowpoly_metal.053
0  -0.397010 1.784146 6.077470  -0.189738 0.925007 -0.329182  0.060711 0.469699 1 0 1.000000
0  0.020541 -14.885753 5.772429  -0.499988 0.006974 -0.866004  0.060711 0.469699 1 0 1.000000
0  -0.441898 -14.885755 6.039419  -0.499988 0.006963 -0.866004  0.060711 0.469699 1 0 1.000000
lowpoly_metal.053
0  -0.239933 -14.498452 6.983958  -0.597153 0.801805 0.022752  0.043544 0.609912 1 0 1.000000
0  0.288959 -14.559004 7.080928  0.597977 0.344778 0.723569  0.043544 0.609912 1 0 1.000000
0  0.288959 -14.544007 6.888722  0.597865 0.418073 -0.683939  0.043544 0.609912 1 0 1.000000
lowpoly_metal.053
0  -0.229944 6.419752 8.613634  -0.175297 0.646797 0.742243  0.039282 0.590557 1 0 1.000000
0  -0.414442 6.419751 8.450146  -0.694079 0.621388 -0.363500  0.039282 0.590557 1 0 1.000000
0  -0.403507 6.122421 8.514297  -0.964534 -0.262108 -0.031205  0.039282 0.590557 1 0 1.000000
lowpoly_metal.053
0  0.431563 1.784141 6.539116  -0.553701 0.611558 0.565166  0.060711 0.469699 1 0 1.000000
0  0.020541 -14.885753 6.835791  0.493356 0.006961 0.869800  0.060711 0.469699 1 0 1.000000
0  0.486953 -14.885759 6.575687  0.493356 0.006966 0.869800  0.060711 0.469699 1 0 1.000000
lowpoly_metal.053
0  0.533519 -14.860381 6.010239  1.000000 0.000009 -0.000000  0.060711 0.469699 1 0 1.000000
0  0.533515 -14.318912 6.597980  1.000000 0.000009 -0.000000  0.060711 0.469699 1 0 1.000000
0  0.533520 -14.860381 6.597980  1.000000 0.000009 -0.000000  0.060711 0.469699 1 0 1.000000
lowpoly_plastic.050
0  0.790206 -6.440729 7.036400  0.999995 -0.001017 -0.003021  0.064370 0.664198 1 0 1.000000
0  0.794619 -6.687753 7.036812  0.999995 -0.001009 -0.002975  0.064370 0.664198 1 0 1.000000
0  0.794576 -6.440714 6.024899  0.999995 -0.000996 -0.003024  0.064370 0.664198 1 0 1.000000
lowpoly_metal.053
0  0.024519 -12.515281 6.723928  -0.500002 0.003040 -0.866019  0.060711 0.469699 1 0 1.000000
0  0.431563 1.784141 6.539116  -0.553701 0.611558 0.565166  0.060711 0.469699 1 0 1.000000
0  0.388087 -12.515279 6.514019  -0.500002 0.003040 -0.866019  0.060711 0.469699 1 0 1.000000
lowpoly_metal.053
0  0.388087 -12.515279 6.094203  -0.471554 0.003055 0.881832  0.060711 0.469699 1 0 1.000000
0  0.010031 1.784143 5.842463  -0.334891 0.800383 -0.497228  0.060711 0.469699 1 0 1.000000
0  0.024518 -12.515281 5.884295  -0.471569 0.003057 0.881824  0.060711 0.469699 1 0 1.000000
lowpoly_metal.053
0  0.432558 -1.834394 7.327700  0.492218 -0.175782 -0.852539  0.060711 0.469699 1 0 1.000000
0  0.024521 -1.073688 6.935271  0.492219 -0.175781 -0.852538  0.060711 0.469699 1 0 1.000000
0  0.568390 -1.073686 7.249279  0.492221 -0.175779 -0.852538  0.060711 0.469699 1 0 1.000000
lowpoly_metal.053
0  0.568390 -1.073686 7.877287  0.998764 0.012615 0.048076  0.060711 0.469699 1 0 1.000000
0  0.568394 1.319364 7.249279  0.699610 0.593953 -0.397196  0.060711 0.469699 1 0 1.000000
0  0.508488 1.319507 7.865761  0.988714 0.142056 0.047598  0.060711 0.469699 1 0 1.000000
lowpoly_metal.053
0  -0.394234 -14.244354 7.811230  -0.999962 -0.001502 -0.008606  0.060711 0.469699 1 0 1.000000
0  -0.433761 -1.524373 7.286874  -0.999960 -0.008120 -0.003763  0.060711 0.469699 1 0 1.000000
0  -0.404943 -14.244356 7.321518  -0.999962 -0.001496 -0.008564  0.060711 0.469699 1 0 1.000000
lowpoly_metal.053
0  0.448579 1.319366 7.318455  -0.573207 0.006970 0.819381  0.060711 0.469699 1 0 1.000000
0  0.015947 -14.446374 7.149900  -0.536875 -0.012222 0.843573  0.060711 0.469699 1 0 1.000000
0  0.386798 -14.446402 7.364012  -0.536868 -0.012225 0.843578  0.060711 0.469699 1 0 1.000000
lowpoly_plastic.050
0  -0.132134 13.608014 6.740097  -0.866026 -0.000004 0.499999  0.069489 0.560212 1 0 1.000000
0  -0.288789 12.981378 6.468756  -0.866028 -0.000002 0.499996  0.069489 0.560212 1 0 1.000000
0  -0.132133 12.981377 6.740097  -0.866029 -0.000001 0.499993  0.069489 0.560212 1 0 1.000000
lowpoly_metal.053
0  -0.275876 7.489913 4.375232  -0.622328 0.273719 -0.733339  0.074523 0.389844 1 0 1.000000
0  0.324925 6.074442 4.375178  0.045685 -0.441362 -0.896166  0.074523 0.389844 1 0 1.000000
0  -0.275875 6.234291 4.355703  -0.009385 -0.248336 -0.968629  0.074523 0.389844 1 0 1.000000
lowpoly_plastic.050
0  -0.303153 -1.409101 5.365410  -0.000001 -0.633995 -0.773337  0.075349 0.627009 1 0 1.000000
0  0.352189 -1.128665 5.135503  -0.000001 -0.633996 -0.773336  0.075349 0.627009 1 0 1.000000
0  0.352195 -1.409101 5.365410  0.000000 -0.633997 -0.773336  0.075349 0.627009 1 0 1.000000
lowpoly_metal.053
0  -0.229945 5.040123 8.613636  -0.165568 -0.643032 0.747727  0.039282 0.590557 1 0 1.000000
0  0.278991 5.337458 8.613636  0.000018 -0.000022 1.000000  0.039282 0.590557 1 0 1.000000
0  -0.409619 5.337453 8.496845  -0.933716 0.350453 -0.073198  0.039282 0.590557 1 0 1.000000
lowpoly_plastic.050
0  -0.394809 -4.930900 8.340652  -0.909238 -0.057790 0.412246  0.075349 0.627009 1 0 1.000000
0  -0.672480 -4.703630 7.773314  -0.900697 0.003224 0.434436  0.075349 0.627009 1 0 1.000000
0  -0.664351 -4.930895 7.777096  -0.966312 -0.034752 0.255017  0.075349 0.627009 1 0 1.000000
lowpoly_metal.053
0  -0.229944 4.796304 8.613636  -0.165574 0.643036 0.747723  0.039282 0.590557 1 0 1.000000
0  0.278991 4.498973 8.613634  0.165572 -0.643036 0.747724  0.039282 0.590557 1 0 1.000000
0  0.458669 4.796303 8.496845  0.946963 0.313615 -0.070052  0.039282 0.590557 1 0 1.000000
lowpoly_plastic.050
0  0.521333 13.324677 5.971948  1.000000 -0.000001 0.000001  0.069489 0.560212 1 0 1.000000
0  0.521331 12.331062 6.965566  1.000000 -0.000001 0.000001  0.069489 0.560212 1 0 1.000000
0  0.521333 12.331058 5.971950  1.000000 0.000000 0.000003  0.069489 0.560212 1 0 1.000000
lowpoly_metal.053
0  0.346806 1.340594 7.861102  -0.699903 0.022511 -0.713883  0.060711 0.469699 1 0 1.000000
0  0.024522 1.166545 8.001436  -0.477179 0.192139 -0.857545  0.060711 0.469699 1 0 1.000000
0  0.024521 1.340594 8.001436  -0.477163 0.192120 -0.857558  0.060711 0.469699 1 0 1.000000
lowpoly_metal.053
0  -0.275877 5.788221 4.930964  0.045705 0.987506 -0.150809  0.074523 0.389844 1 0 1.000000
0  0.324925 5.818852 5.313623  0.027233 0.901793 -0.431310  0.074523 0.389844 1 0 1.000000
0  0.324928 5.736318 4.900053  0.045720 0.987502 -0.150829  0.074523 0.389844 1 0 1.000000
lowpoly_metal.053
0  0.278991 4.498973 8.613634  0.165572 -0.643036 0.747724  0.039282 0.590557 1 0 1.000000
0  0.462022 4.498972 8.460896  0.730658 -0.601775 -0.322501  0.039282 0.590557 1 0 1.000000
0  0.458669 4.796303 8.496845  0.946963 0.313615 -0.070052  0.039282 0.590557 1 0 1.000000
lowpoly_metal.053
0  0.325103 6.107079 4.504025  0.817902 0.239838 0.522986  0.074523 0.389844 1 0 1.000000
0  -0.275877 5.788221 4.930964  0.060732 0.756861 0.650748  0.074523 0.389844 1 0 1.000000
0  0.324928 5.736318 4.900053  0.174623 0.746575 0.641976  0.074523 0.389844 1 0 1.000000
lowpoly_metal.053
0  -0.475852 4.689076 8.193929  -0.117275 -0.725642 -0.678005  0.039282 0.590557 1 0 1.000000
0  -0.713476 4.860159 7.657002  0.219777 -0.897167 -0.383132  0.039282 0.590557 1 0 1.000000
0  -0.333979 4.772388 8.080224  -0.037646 -0.783103 -0.620751  0.039282 0.590557 1 0 1.000000
lowpoly_metal.053
0  -0.418303 4.255157 8.459516  -0.709864 0.620022 -0.334165  0.039282 0.590557 1 0 1.000000
0  0.467351 3.957824 8.459513  0.709869 -0.620017 -0.334162  0.039282 0.590557 1 0 1.000000
0  -0.403508 3.957823 8.514297  -0.405177 0.071034 -0.911474  0.039282 0.590557 1 0 1.000000
lowpoly_metal.053
0  -0.418305 3.172859 8.459515  -0.704924 0.628522 -0.328697  0.039282 0.590557 1 0 1.000000
0  0.463489 2.875525 8.450146  0.694081 -0.621385 -0.363500  0.039282 0.590557 1 0 1.000000
0  -0.403511 2.875525 8.514297  -0.411460 0.092545 -0.906717  0.039282 0.590557 1 0 1.000000
lowpoly_metal.053
0  -0.329830 7.784531 5.345831  -0.599883 -0.340565 -0.723986  0.013952 0.490792 1 0 1.000000
0  -0.329831 8.027843 5.513714  -0.599202 0.800469 0.014375  0.013952 0.490792 1 0 1.000000
0  0.461592 7.923002 5.345831  0.065955 -0.376963 -0.923877  0.013952 0.490792 1 0 1.000000
lowpoly_metal.053
0  -0.418304 3.714006 8.459513  -0.709868 0.620016 -0.334168  0.039282 0.590557 1 0 1.000000
0  0.467350 3.416673 8.459515  0.709866 -0.620025 -0.334155  0.039282 0.590557 1 0 1.000000
0  -0.403508 3.416675 8.514295  -0.405182 0.071027 -0.911473  0.039282 0.590557 1 0 1.000000
lowpoly_plastic.050
0  0.352648 -6.687753 5.438807  0.795842 0.001402 -0.605502  0.075349 0.627009 1 0 1.000000
0  0.794576 -6.915022 6.014470  0.775136 -0.075372 -0.627283  0.075349 0.627009 1 0 1.000000
0  0.352797 -6.915016 5.443046  0.492505 -0.041705 -0.869310  0.075349 0.627009 1 0 1.000000
lowpoly_metal.053
0  0.278991 2.334376 8.613634  0.166169 -0.646737 0.744392  0.039282 0.590557 1 0 1.000000
0  -0.229945 2.631708 8.613634  -0.166169 0.646731 0.744397  0.039282 0.590557 1 0 1.000000
0  -0.403510 2.334377 8.514297  -0.000026 -0.198332 0.980135  0.039282 0.590557 1 0 1.000000
lowpoly_metal.053
0  0.771337 21.282917 6.834195  -0.292457 -0.009945 0.956227  0.028340 0.414408 1 0 1.000000
0  0.398850 20.333063 6.702886  -0.308655 -0.010439 0.951117  0.028340 0.414408 1 0 1.000000
0  0.649443 20.339096 6.812089  -0.179738 -0.006431 0.983694  0.028340 0.414408 1 0 1.000000
lowpoly_metal.053
0  0.015758 -8.389278 9.060235  -0.073401 0.963658 0.256856  0.060711 0.469699 1 0 1.000000
0  0.016297 -8.685626 9.225954  -0.028689 -0.452023 0.891545  0.060711 0.469699 1 0 1.000000
0  0.032738 -8.390870 9.225954  0.022225 0.488136 0.872484  0.060711 0.469699 1 0 1.000000
lowpoly_metal.053
0  -0.229947 3.172864 8.613634  -0.166170 0.646748 0.744382  0.039282 0.590557 1 0 1.000000
0  0.278991 2.875525 8.613634  0.175310 -0.646804 0.742234  0.039282 0.590557 1 0 1.000000
0  0.452550 3.172863 8.514297  0.964532 0.262116 -0.031206  0.039282 0.590557 1 0 1.000000
lowpoly_plastic.050
0  -0.086285 -7.075104 8.347420  -0.015268 0.002514 0.999880  0.064370 0.664198 1 0 1.000000
0  -0.396753 -6.828078 8.336318  -0.015382 0.002518 0.999878  0.064370 0.664198 1 0 1.000000
0  -0.394809 -7.075104 8.340652  -0.015352 0.002539 0.999879  0.064370 0.664198 1 0 1.000000
lowpoly_plastic.050
0  -0.672132 -6.828167 7.494714  -0.999651 0.026327 0.002159  0.064370 0.664198 1 0 1.000000
0  -0.685073 -7.083714 7.556819  -0.989307 0.003105 0.145814  0.064370 0.664198 1 0 1.000000
0  -0.668378 -6.828069 7.768962  -0.958838 0.015598 0.283525  0.064370 0.664198 1 0 1.000000
lowpoly_plastic.050
0  0.024523 0.974635 7.040248  -0.401955 0.013942 0.915553  0.075349 0.627009 1 0 1.000000
0  0.608290 -1.128659 7.328566  -0.180530 0.006064 0.983551  0.075349 0.627009 1 0 1.000000
0  0.798256 0.969179 7.348047  -0.380621 0.013175 0.924637  0.075349 0.627009 1 0 1.000000
lowpoly_plastic.050
0  -0.397713 -5.879484 8.340463  -0.011980 -0.001793 0.999927  0.064370 0.664198 1 0 1.000000
0  -0.086278 -6.126516 8.347421  -0.012048 -0.001804 0.999926  0.064370 0.664198 1 0 1.000000
0  -0.086359 -5.879484 8.349024  -0.012040 -0.001812 0.999926  0.064370 0.664198 1 0 1.000000
lowpoly_plastic.050
0  -0.670761 -6.126368 7.494664  -0.999339 -0.035868 -0.005938  0.064370 0.664198 1 0 1.000000
0  -0.690829 -5.869419 7.566973  -0.993731 -0.018955 0.110176  0.064370 0.664198 1 0 1.000000
0  -0.675572 -6.003002 7.381539  -0.999339 -0.035867 -0.005907  0.064370 0.664198 1 0 1.000000
lowpoly_metal.053
0  0.467348 1.549415 8.459514  0.709859 0.620023 -0.334173  0.039282 0.590557 1 0 1.000000
0  -0.418306 1.252082 8.459514  -0.709870 -0.620014 -0.334166  0.039282 0.590557 1 0 1.000000
0  -0.403507 1.549412 8.514297  -0.403722 0.109891 -0.908258  0.039282 0.590557 1 0 1.000000
lowpoly_plastic.050
0  -0.673734 -5.405395 7.494208  -0.999936 0.004139 0.010572  0.064370 0.664198 1 0 1.000000
0  -0.670810 -5.651997 7.494413  -0.999935 0.004182 0.010571  0.064370 0.664198 1 0 1.000000
0  -0.672212 -5.652224 7.761147  -0.966857 -0.045236 0.251279  0.064370 0.664198 1 0 1.000000
lowpoly_plastic.050
0  -0.677115 -4.955673 7.426922  -0.999693 0.024469 0.003848  0.064370 0.664198 1 0 1.000000
0  -0.687472 -5.188356 7.569901  -0.993785 0.014710 0.110339  0.064370 0.664198 1 0 1.000000
0  -0.664351 -4.930895 7.777096  -0.966312 -0.034752 0.255017  0.064370 0.664198 1 0 1.000000
lowpoly_plastic.050
0  -0.687472 -5.188356 7.569901  -0.993785 0.014710 0.110339  0.064370 0.664198 1 0 1.000000
0  -0.394809 -4.930900 8.340652  -0.909238 -0.057790 0.412246  0.064370 0.664198 1 0 1.000000
0  -0.664351 -4.930895 7.777096  -0.966312 -0.034752 0.255017  0.064370 0.664198 1 0 1.000000
lowpoly_plastic.050
0  -0.669528 -4.483408 7.430299  -0.999965 0.005563 0.006323  0.064370 0.664198 1 0 1.000000
0  -0.669093 -4.703516 7.494928  -0.999965 0.005557 0.006278  0.064370 0.664198 1 0 1.000000
0  -0.668721 -4.456605 7.754809  -0.999967 0.005312 0.006090  0.064370 0.664198 1 0 1.000000
lowpoly_plastic.050
0  -0.690727 -3.972300 7.566582  -0.993661 -0.019723 0.110679  0.064370 0.664198 1 0 1.000000
0  -0.672055 -4.229078 7.494177  -0.999388 -0.034986 0.000382  0.064370 0.664198 1 0 1.000000
0  -0.667926 -4.229336 7.782749  -0.999666 -0.025812 0.001175  0.064370 0.664198 1 0 1.000000
lowpoly_metal.053
0  -0.783798 11.278991 6.989045  -0.489420 -0.871925 0.014675  0.043544 0.609912 1 0 1.000000
0  -0.783803 11.544645 7.115975  -0.619469 0.399505 0.675762  0.043544 0.609912 1 0 1.000000
0  -0.783802 11.523707 6.856070  -0.611378 0.331424 -0.718592  0.043544 0.609912 1 0 1.000000
lowpoly_plastic.050
0  -0.393854 -4.229338 8.336385  -0.909644 0.052028 0.412119  0.064370 0.664198 1 0 1.000000
0  -0.690727 -3.972300 7.566582  -0.993661 -0.019723 0.110679  0.064370 0.664198 1 0 1.000000
0  -0.667926 -4.229336 7.782749  -0.910328 0.060668 0.409416  0.064370 0.664198 1 0 1.000000
lowpoly_plastic.050
0  -0.394791 -2.085137 8.340531  -0.900596 -0.003045 0.434647  0.075349 0.627009 1 0 1.000000
0  -0.672479 -1.857876 7.773314  -0.909132 0.065949 0.411254  0.075349 0.627009 1 0 1.000000
0  -0.664349 -2.085134 7.777098  -0.900600 -0.003039 0.434637  0.075349 0.627009 1 0 1.000000
lowpoly_plastic.050
0  -0.673730 -3.508217 7.494210  -0.999973 0.000901 0.007261  0.064370 0.664198 1 0 1.000000
0  -0.675735 -3.631530 7.381495  -0.999973 0.000924 0.007284  0.064370 0.664198 1 0 1.000000
0  -0.670805 -3.754822 7.494414  -0.999973 0.000927 0.007256  0.064370 0.664198 1 0 1.000000
lowpoly_plastic.050
0  -0.672134 -3.033817 7.494716  -0.999640 0.026624 0.003424  0.064370 0.664198 1 0 1.000000
0  -0.685068 -3.289364 7.556825  -0.993881 0.015373 0.109384  0.064370 0.664198 1 0 1.000000
0  -0.668375 -3.033720 7.768964  -0.958869 0.007076 0.283761  0.064370 0.664198 1 0 1.000000
lowpoly_plastic.050
0  -0.394790 -3.280750 8.340531  -0.923274 0.005579 0.384101  0.064370 0.664198 1 0 1.000000
0  -0.668375 -3.033720 7.768964  -0.958869 0.007076 0.283761  0.064370 0.664198 1 0 1.000000
0  -0.685068 -3.289364 7.556825  -0.993881 0.015373 0.109384  0.064370 0.664198 1 0 1.000000
lowpoly_plastic.050
0  -0.394810 -2.559430 8.340653  -0.928180 -0.064875 0.366434  0.064370 0.664198 1 0 1.000000
0  -0.687432 -2.816812 7.569413  -0.990271 0.022868 0.137261  0.064370 0.664198 1 0 1.000000
0  -0.399788 -2.806459 8.336308  -0.927506 0.071367 0.366933  0.064370 0.664198 1 0 1.000000
lowpoly_plastic.050
0  -0.677060 -2.103990 7.443088  -0.999961 -0.000638 0.008782  0.064370 0.664198 1 0 1.000000
0  -0.669092 -2.332046 7.494926  -0.999961 -0.000623 0.008779  0.064370 0.664198 1 0 1.000000
0  -0.664349 -2.085134 7.777098  -0.999964 -0.000496 0.008472  0.064370 0.664198 1 0 1.000000
lowpoly_plastic.050
0  -0.669095 -1.857756 7.494927  -0.999224 -0.038661 -0.007544  0.064370 0.664198 1 0 1.000000
0  -0.690834 -1.600771 7.566983  -0.988753 -0.007075 0.149386  0.064370 0.664198 1 0 1.000000
0  -0.674996 -1.734353 7.381596  -0.999224 -0.038663 -0.007551  0.064370 0.664198 1 0 1.000000
lowpoly_plastic.050
0  -0.393852 -1.857867 8.336385  -0.907981 0.054991 0.415387  0.064370 0.664198 1 0 1.000000
0  -0.690834 -1.600771 7.566983  -0.988753 -0.007075 0.149386  0.064370 0.664198 1 0 1.000000
0  -0.672479 -1.857876 7.773314  -0.909132 0.065949 0.411254  0.064370 0.664198 1 0 1.000000
lowpoly_metal.053
0  0.534008 -8.062971 6.598264  0.500001 0.000000 0.866025  0.060711 0.469699 1 0 1.000000
0  0.024520 -9.239586 6.892418  0.500000 0.000001 0.866026  0.060711 0.469699 1 0 1.000000
0  0.534011 -9.239595 6.598264  0.499999 0.000001 0.866026  0.060711 0.469699 1 0 1.000000
lowpoly_metal.053
0  -0.403510 2.334377 8.514297  -0.000026 -0.198332 0.980135  0.039282 0.590557 1 0 1.000000
0  0.467352 2.334376 8.459514  0.709868 -0.620020 -0.334162  0.039282 0.590557 1 0 1.000000
0  0.278991 2.334376 8.613634  0.166169 -0.646737 0.744392  0.039282 0.590557 1 0 1.000000
lowpoly_metal.053
0  0.392823 -8.317308 9.389365  0.678408 0.734679 -0.003077  0.060711 0.469699 1 0 1.000000
0  0.263033 -8.738985 9.458919  -0.543704 -0.693406 -0.472836  0.060711 0.469699 1 0 1.000000
0  0.395952 -8.738939 9.198885  0.898719 -0.157010 -0.409453  0.060711 0.469699 1 0 1.000000
lowpoly_plastic.050
0  0.222621 8.865354 1.169165  0.633392 -0.579458 -0.512878  0.034333 0.623884 1 0 1.000000
0  0.522079 8.968904 1.421995  0.633394 -0.579452 -0.512881  0.034333 0.623884 1 0 1.000000
0  0.222619 8.680766 1.377718  0.633389 -0.579465 -0.512874  0.034333 0.623884 1 0 1.000000
lowpoly_metal.053
0  0.163804 6.890593 4.547127  0.528158 -0.459162 -0.714296  0.074523 0.389844 1 0 1.000000
0  -0.114758 7.059441 5.043811  -0.652005 -0.758209 0.002943  0.074523 0.389844 1 0 1.000000
0  -0.114756 6.892954 4.550827  -0.553797 -0.450293 -0.700390  0.074523 0.389844 1 0 1.000000
lowpoly_metal.053
0  0.039733 -8.738950 8.833754  0.382659 0.000007 -0.923890  0.060711 0.469699 1 0 1.000000
0  0.287166 -8.317309 8.936239  0.382672 -0.000001 -0.923884  0.060711 0.469699 1 0 1.000000
0  0.304996 -8.738882 8.918409  0.382657 0.000008 -0.923891  0.060711 0.469699 1 0 1.000000
lowpoly_metal.053
0  0.251506 -8.739050 8.971899  -0.449781 -0.771725 0.449597  0.060711 0.469699 1 0 1.000000
0  0.024516 -8.317308 8.877880  0.006058 0.775383 0.631463  0.060711 0.469699 1 0 1.000000
0  0.039733 -8.738950 8.833754  -0.377168 -0.171992 0.910034  0.060711 0.469699 1 0 1.000000
lowpoly_metal.053
0  0.721274 2.727629 6.225271  0.893449 0.000043 -0.449165  0.039282 0.590557 1 0 1.000000
0  0.528314 1.900403 5.852871  -0.747406 0.517634 -0.416460  0.039282 0.590557 1 0 1.000000
0  0.516672 5.401713 5.814786  0.376828 -0.004572 -0.926272  0.039282 0.590557 1 0 1.000000
lowpoly_metal.053
0  0.452553 2.631713 8.514297  0.000018 0.198331 0.980135  0.039282 0.590557 1 0 1.000000
0  -0.418303 2.631709 8.459515  -0.709862 0.620028 -0.334158  0.039282 0.590557 1 0 1.000000
0  -0.229945 2.631708 8.613634  -0.166169 0.646731 0.744397  0.039282 0.590557 1 0 1.000000
lowpoly_metal.053
0  0.402349 9.079802 8.698236  0.818615 -0.450570 0.356169  0.030078 0.588281 1 0 1.000000
0  0.402351 10.373627 8.336334  1.000000 -0.000001 0.000001  0.030078 0.588281 1 0 1.000000
0  0.402351 10.373627 8.698236  1.000000 -0.000001 0.000000  0.030078 0.588281 1 0 1.000000
lowpoly_metal.053
0  0.024516 -8.317308 8.877880  0.006058 0.775383 0.631463  0.060711 0.469699 1 0 1.000000
0  -0.202468 -8.739050 8.971899  0.441841 -0.780682 0.441941  0.060711 0.469699 1 0 1.000000
0  0.039733 -8.738950 8.833754  0.378128 -0.159095 0.911980  0.060711 0.469699 1 0 1.000000
lowpoly_metal.053
0  -0.202467 -8.739050 9.425871  0.419619 -0.789672 -0.447592  0.060711 0.469699 1 0 1.000000
0  0.126286 -8.317310 9.518648  0.045112 0.917206 -0.395852  0.060711 0.469699 1 0 1.000000
0  0.024515 -8.738968 9.557713  0.465149 -0.226204 -0.855844  0.060711 0.469699 1 0 1.000000
lowpoly_plastic.050
0  -0.397713 -5.879484 8.340463  -0.920410 -0.001974 0.390950  0.075349 0.627009 1 0 1.000000
0  -0.672212 -5.652224 7.761147  -0.966857 -0.045236 0.251279  0.075349 0.627009 1 0 1.000000
0  -0.690829 -5.869419 7.566973  -0.993731 -0.018955 0.110176  0.075349 0.627009 1 0 1.000000
lowpoly_plastic.050
0  -0.667926 -4.229336 7.782749  -0.910328 0.060668 0.409416  0.075349 0.627009 1 0 1.000000
0  -0.397711 -4.456606 8.340462  -0.902071 -0.000282 0.431588  0.075349 0.627009 1 0 1.000000
0  -0.393854 -4.229338 8.336385  -0.909644 0.052028 0.412119  0.075349 0.627009 1 0 1.000000
lowpoly_plastic.050
0  -0.399788 -2.806459 8.336308  -0.927506 0.071367 0.366933  0.075349 0.627009 1 0 1.000000
0  -0.668375 -3.033720 7.768964  -0.958869 0.007076 0.283761  0.075349 0.627009 1 0 1.000000
0  -0.392780 -3.033724 8.344635  -0.922695 -0.003505 0.385514  0.075349 0.627009 1 0 1.000000
lowpoly_metal.053
0  0.256411 4.765885 6.124466  -0.999531 0.012448 0.027983  0.026458 0.410980 1 0 1.000000
0  0.256411 4.765885 5.896126  -0.999531 0.012450 0.027983  0.026458 0.410980 1 0 1.000000
0  0.256413 3.336067 5.896126  -0.999531 0.012449 0.027973  0.026458 0.410980 1 0 1.000000
lowpoly_metal.053
0  0.229439 -8.335995 7.989821  -0.000012 1.000000 0.000003  0.060711 0.469699 1 0 1.000000
0  -0.175246 -8.336002 8.873532  -0.585975 0.583626 0.562151  0.060711 0.469699 1 0 1.000000
0  0.229439 -8.335995 8.890734  -0.000019 1.000000 -0.000001  0.060711 0.469699 1 0 1.000000
lowpoly_plastic.050
0  0.352195 -1.409101 5.365410  -0.000177 -0.230362 -0.973105  0.075349 0.627009 1 0 1.000000
0  -0.305023 -1.698303 5.433993  -0.000117 -0.230493 -0.973074  0.075349 0.627009 1 0 1.000000
0  -0.303153 -1.409101 5.365410  0.000000 -0.230746 -0.973014  0.075349 0.627009 1 0 1.000000
lowpoly_plastic.050
0  0.722771 -7.074900 7.494208  0.999520 -0.027934 0.013410  0.064370 0.664198 1 0 1.000000
0  0.736470 -6.817714 7.569420  0.992691 -0.017159 0.119458  0.064370 0.664198 1 0 1.000000
0  0.712869 -7.075104 7.791002  0.963954 0.037223 0.263453  0.064370 0.664198 1 0 1.000000
lowpoly_plastic.050
0  0.440938 -7.075102 8.340598  0.906528 0.062290 0.417525  0.064370 0.664198 1 0 1.000000
0  0.736470 -6.817714 7.569420  0.992691 -0.017159 0.119458  0.064370 0.664198 1 0 1.000000
0  0.448827 -6.828074 8.336307  0.920168 -0.007700 0.391448  0.064370 0.664198 1 0 1.000000
lowpoly_plastic.050
0  0.718214 -6.600696 7.494926  0.999854 0.001476 0.016999  0.064370 0.664198 1 0 1.000000
0  0.722801 -6.353869 7.494564  0.999854 0.001452 0.016996  0.064370 0.664198 1 0 1.000000
0  0.721399 -6.600808 7.773392  0.963932 -0.047835 0.261814  0.064370 0.664198 1 0 1.000000
lowpoly_metal.053
0  0.466132 0.695189 8.311394  0.894332 0.000000 0.447404  0.039282 0.590557 1 0 1.000000
0  0.744237 10.823601 7.755476  0.894335 -0.000000 0.447398  0.039282 0.590557 1 0 1.000000
0  0.466135 10.823601 8.311394  0.894335 -0.000000 0.447398  0.039282 0.590557 1 0 1.000000
lowpoly_plastic.050
0  0.717316 -5.652225 7.769073  0.964498 -0.046222 0.260014  0.064370 0.664198 1 0 1.000000
0  0.723001 -5.437527 7.423083  0.999851 0.000297 0.017240  0.064370 0.664198 1 0 1.000000
0  0.717316 -5.405195 7.769074  0.999851 0.000290 0.017246  0.064370 0.664198 1 0 1.000000
lowpoly_glow
0  0.191053 9.706874 9.129388  0.000000 1.000000 0.000000  0.306346 0.451235 1 0 1.000000
0  0.237450 9.704327 9.209759  0.000000 0.000000 0.000000  0.306346 0.451235 1 0 1.000000
0  0.144652 9.702340 9.209757  0.000000 1.000000 0.000000  0.306346 0.451235 1 0 1.000000
lowpoly_plastic.050
0  0.735976 -6.134954 7.555384  0.990759 0.014431 0.134867  0.064370 0.664198 1 0 1.000000
0  0.724833 -6.003001 7.381465  0.999726 -0.000385 -0.023411  0.064370 0.664198 1 0 1.000000
0  0.737050 -5.869194 7.568905  0.989332 -0.022377 0.143949  0.064370 0.664198 1 0 1.000000
lowpoly_plastic.050
0  0.717316 -5.177928 7.769075  0.999872 -0.008896 0.013336  0.064370 0.664198 1 0 1.000000
0  0.724090 -4.983974 7.399893  0.999871 -0.009219 0.013161  0.064370 0.664198 1 0 1.000000
0  0.721400 -4.930893 7.773394  0.963283 0.051371 0.263529  0.064370 0.664198 1 0 1.000000
lowpoly_plastic.050
0  0.717316 -5.177928 7.769075  0.900588 -0.003043 0.434664  0.064370 0.664198 1 0 1.000000
0  0.438980 -4.930902 8.344680  0.908020 0.073107 0.412497  0.064370 0.664198 1 0 1.000000
0  0.443707 -5.177928 8.340471  0.900578 -0.003020 0.434683  0.064370 0.664198 1 0 1.000000
lowpoly_plastic.050
0  0.441886 -6.126518 8.344715  0.928328 0.062882 0.366406  0.064370 0.664198 1 0 1.000000
0  0.737050 -5.869194 7.568905  0.989332 -0.022377 0.143949  0.064370 0.664198 1 0 1.000000
0  0.448829 -5.879486 8.336308  0.927404 -0.071204 0.367222  0.064370 0.664198 1 0 1.000000
lowpoly_plastic.050
0  0.719845 -4.456827 7.494414  0.999550 0.029841 0.003031  0.064370 0.664198 1 0 1.000000
0  0.735819 -4.712033 7.555110  0.993392 0.016668 0.113554  0.064370 0.664198 1 0 1.000000
0  0.724229 -4.580119 7.381552  0.999549 0.029857 0.003071  0.064370 0.664198 1 0 1.000000
lowpoly_metal.053
0  0.458670 5.878601 8.496844  0.379707 -0.059475 -0.923193  0.039282 0.590557 1 0 1.000000
0  0.278992 5.581270 8.613636  0.156014 -0.642911 0.749883  0.039282 0.590557 1 0 1.000000
0  0.464266 5.581269 8.471775  0.748387 -0.597017 -0.288944  0.039282 0.590557 1 0 1.000000
lowpoly_plastic.050
0  0.135334 -4.229337 8.346530  0.012592 0.004999 0.999908  0.064370 0.664198 1 0 1.000000
0  0.445854 -3.982312 8.336401  0.012634 0.004990 0.999908  0.064370 0.664198 1 0 1.000000
0  0.135395 -3.982307 8.349647  0.012616 0.004975 0.999908  0.064370 0.664198 1 0 1.000000
lowpoly_plastic.050
0  0.722895 -3.754936 7.494493  0.999844 -0.001462 0.017629  0.064370 0.664198 1 0 1.000000
0  0.718065 -3.508195 7.494735  0.999844 -0.001475 0.017627  0.064370 0.664198 1 0 1.000000
0  0.721400 -3.508014 7.773395  0.963735 0.046966 0.262697  0.064370 0.664198 1 0 1.000000
lowpoly_plastic.050
0  0.712834 -3.755046 7.778746  0.910514 -0.088122 0.403979  0.064370 0.664198 1 0 1.000000
0  0.438979 -3.508017 8.344680  0.907940 0.062960 0.414345  0.064370 0.664198 1 0 1.000000
0  0.443707 -3.755043 8.340471  0.909141 -0.074673 0.409739  0.064370 0.664198 1 0 1.000000
lowpoly_plastic.050
0  0.738798 -3.290871 7.567419  0.989379 0.026280 0.142967  0.064370 0.664198 1 0 1.000000
0  0.445855 -3.033726 8.336401  0.927577 -0.065748 0.367802  0.064370 0.664198 1 0 1.000000
0  0.446814 -3.280751 8.340545  0.925850 0.077081 0.369946  0.064370 0.664198 1 0 1.000000
lowpoly_plastic.050
0  0.722900 -2.806346 7.494493  0.999839 -0.002973 0.017719  0.064370 0.664198 1 0 1.000000
0  0.719749 -2.559656 7.494414  0.999839 -0.002960 0.017721  0.064370 0.664198 1 0 1.000000
0  0.721252 -2.559425 7.761149  0.999839 -0.003004 0.017716  0.064370 0.664198 1 0 1.000000
lowpoly_plastic.050
0  -0.653952 21.993494 6.732942  -0.090000 0.993431 0.070678  0.005204 0.735637 1 0 1.000000
0  -0.476007 21.927034 7.063821  -0.320117 0.880731 0.349052  0.005204 0.735637 1 0 1.000000
0  -0.257407 22.044914 6.966867  -0.093255 0.946956 0.307536  0.005204 0.735637 1 0 1.000000
lowpoly_plastic.050
0  0.720179 -2.305333 7.430080  0.999760 -0.005284 0.021243  0.064370 0.664198 1 0 1.000000
0  0.727987 -2.192953 7.383915  0.999762 -0.005299 0.021182  0.064370 0.664198 1 0 1.000000
0  0.719745 -2.085362 7.494414  0.999761 -0.005287 0.021233  0.064370 0.664198 1 0 1.000000
lowpoly_metal.053
0  -0.090587 6.024569 8.061749  -0.000001 0.011838 0.999930  0.034375 0.595312 1 0 1.000000
0  0.139636 5.412178 8.068998  -0.000002 0.011838 0.999930  0.034375 0.595312 1 0 1.000000
0  0.139637 6.024570 8.061749  0.000000 0.011838 0.999930  0.034375 0.595312 1 0 1.000000
lowpoly_plastic.050
0  0.717682 -1.857871 7.754842  0.999867 0.002029 0.016158  0.064370 0.664198 1 0 1.000000
0  0.721574 -1.643181 7.423206  0.999868 0.002118 0.016105  0.064370 0.664198 1 0 1.000000
0  0.716967 -1.610842 7.782747  0.999866 0.001912 0.016229  0.064370 0.664198 1 0 1.000000
lowpoly_plastic.050
0  0.135322 -1.857868 8.347421  0.015444 0.003503 0.999875  0.064370 0.664198 1 0 1.000000
0  0.442893 -1.610844 8.336385  0.015517 0.003486 0.999874  0.064370 0.664198 1 0 1.000000
0  0.135408 -1.610841 8.348088  0.015420 0.003452 0.999875  0.064370 0.664198 1 0 1.000000
lowpoly_metal.053
0  -0.727882 2.643522 7.646164  0.002490 0.602877 0.797830  0.060711 0.469699 1 0 1.000000
0  -1.660776 2.815943 7.518774  -0.004178 0.998914 0.046408  0.060711 0.469699 1 0 1.000000
0  -1.660777 2.631469 7.597441  -0.587035 0.657385 -0.472477  0.060711 0.469699 1 0 1.000000
lowpoly_metal.053
0  -0.541999 2.248404 6.421319  0.613473 0.672342 -0.414256  0.054113 0.558901 1 0 1.000000
0  -0.824503 2.022615 6.290957  -0.613471 0.022585 -0.789394  0.054113 0.558901 1 0 1.000000
0  -0.824508 2.280666 6.551681  0.136768 0.899064 -0.415907  0.054113 0.558901 1 0 1.000000
lowpoly_plastic.050
0  0.446819 -8.359453 8.352764  0.896159 0.008412 0.443653  0.075349 0.627009 1 0 1.000000
0  0.712869 -7.075104 7.791002  0.963954 0.037223 0.263453  0.075349 0.627009 1 0 1.000000
0  0.440938 -7.075102 8.340598  0.906528 0.062290 0.417525  0.075349 0.627009 1 0 1.000000
lowpoly_metal.053
0  0.229440 -8.717609 8.413326  0.000013 -1.000000 -0.000005  0.060711 0.469699 1 0 1.000000
0  -0.173996 -8.717616 8.879716  -0.582220 -0.577290 0.572500  0.060711 0.469699 1 0 1.000000
0  -0.180402 -8.717613 8.413326  -0.862162 -0.506593 0.006386  0.060711 0.469699 1 0 1.000000
lowpoly_metal.053
0  -0.319898 -8.290525 6.495452  -1.000000 0.000000 0.000000  0.060711 0.469699 1 0 1.000000
0  -0.319898 -9.164660 7.278664  -1.000000 0.000000 0.000000  0.060711 0.469699 1 0 1.000000
0  -0.319898 -8.290525 7.278664  -1.000000 0.000000 0.000000  0.060711 0.469699 1 0 1.000000
lowpoly_metal.053
0  -0.600381 20.339096 6.812087  0.050838 -0.998682 0.007035  0.028340 0.414408 1 0 1.000000
0  -0.229841 20.353983 6.247453  0.631243 -0.775446 -0.014662  0.028340 0.414408 1 0 1.000000
0  -0.197983 20.363537 6.703481  0.671133 -0.741157 -0.016350  0.028340 0.414408 1 0 1.000000
lowpoly_metal.053
0  0.534008 -8.062971 6.009955  0.500004 -0.000001 -0.866023  0.060711 0.469699 1 0 1.000000
0  0.024519 -9.239586 5.715799  0.500003 0.000000 -0.866024  0.060711 0.469699 1 0 1.000000
0  0.024523 -8.062973 5.715799  0.500006 -0.000002 -0.866022  0.060711 0.469699 1 0 1.000000
lowpoly_metal.053
0  -0.319898 -8.290525 6.495452  -0.000007 1.000000 -0.000001  0.060711 0.469699 1 0 1.000000
0  -0.319898 -8.290525 7.278664  -0.000011 1.000000 0.000000  0.060711 0.469699 1 0 1.000000
0  0.024519 -8.290522 7.173737  -0.000006 1.000000 -0.000001  0.060711 0.469699 1 0 1.000000
lowpoly_metal.053
0  0.368937 -9.164658 6.495452  0.000004 -1.000000 -0.000001  0.060711 0.469699 1 0 1.000000
0  0.368937 -9.164658 7.278664  0.000006 -1.000000 0.000000  0.060711 0.469699 1 0 1.000000
0  0.024521 -9.164660 7.173737  0.000003 -1.000000 -0.000000  0.060711 0.469699 1 0 1.000000
lowpoly_metal.053
0  -0.484973 -8.062975 6.009955  -0.499997 0.000001 -0.866027  0.060711 0.469699 1 0 1.000000
0  0.024519 -9.239586 5.715799  -0.500000 -0.000000 -0.866026  0.060711 0.469699 1 0 1.000000
0  -0.484972 -9.239592 6.009955  -0.500002 -0.000001 -0.866024  0.060711 0.469699 1 0 1.000000
lowpoly_metal.053
0  -0.352153 21.276548 6.247187  -0.212967 0.977051 -0.004101  0.028340 0.414408 1 0 1.000000
0  -0.144771 21.387913 6.715147  -0.458127 0.888846 -0.008497  0.028340 0.414408 1 0 1.000000
0  -0.144771 21.387913 6.237482  -0.458152 0.888833 -0.008481  0.028340 0.414408 1 0 1.000000
lowpoly_metal.053
0  -0.727882 2.643523 7.164445  0.712727 -0.435660 -0.549746  0.060711 0.469699 1 0 1.000000
0  -0.727882 2.881906 7.405306  1.000000 -0.000004 0.000001  0.060711 0.469699 1 0 1.000000
0  -0.727883 2.732008 7.290356  1.000000 -0.000004 0.000004  0.060711 0.469699 1 0 1.000000
lowpoly_metal.053
0  -0.457019 -8.317265 7.841300  -0.993867 -0.057025 0.094743  0.060711 0.469699 1 0 1.000000
0  -0.457027 -9.240915 7.285264  -0.993862 -0.057049 0.094785  0.060711 0.469699 1 0 1.000000
0  -0.356520 -9.240918 7.783278  -0.993860 -0.057055 0.094802  0.060711 0.469699 1 0 1.000000
lowpoly_metal.053
0  -0.090589 5.883302 7.343672  -1.000000 -0.000002 -0.000000  0.034375 0.595312 1 0 1.000000
0  -0.090588 6.349775 6.396369  -1.000000 -0.000001 -0.000002  0.034375 0.595312 1 0 1.000000
0  -0.090587 5.408539 7.120965  -1.000000 -0.000003 -0.000001  0.034375 0.595312 1 0 1.000000
lowpoly_plastic.050
0  0.445854 -3.982312 8.336401  0.928760 -0.060978 0.365631  0.075349 0.627009 1 0 1.000000
0  0.712834 -3.755046 7.778746  0.910514 -0.088122 0.403979  0.075349 0.627009 1 0 1.000000
0  0.443707 -3.755043 8.340471  0.909141 -0.074673 0.409739  0.075349 0.627009 1 0 1.000000
lowpoly_metal.053
0  -0.426994 8.694516 8.442215  -0.782742 -0.030008 0.621622  0.039282 0.590557 1 0 1.000000
0  -0.451081 8.656481 8.239586  -0.997789 -0.009244 0.065811  0.039282 0.590557 1 0 1.000000
0  -0.403972 0.709886 8.341823  -0.063256 -0.005265 0.997983  0.039282 0.590557 1 0 1.000000
lowpoly_metal.053
0  -0.457019 -8.317265 7.285264  -0.500001 0.000002 -0.866025  0.060711 0.469699 1 0 1.000000
0  0.024515 -9.240917 7.007246  -0.500000 0.000003 -0.866025  0.060711 0.469699 1 0 1.000000
0  -0.457027 -9.240915 7.285264  -0.499998 0.000005 -0.866026  0.060711 0.469699 1 0 1.000000
lowpoly_plastic.050
0  0.576708 21.927034 4.274865  0.977634 0.199885 -0.065410  0.005204 0.735637 1 0 1.000000
0  0.732388 21.927034 4.850059  0.965144 0.016082 -0.261224  0.005204 0.735637 1 0 1.000000
0  0.637968 21.215155 4.457375  0.992020 0.049565 -0.115932  0.005204 0.735637 1 0 1.000000
lowpoly_metal.053
0  0.757700 21.282917 6.120905  -0.341060 0.005659 -0.940025  0.028340 0.414408 1 0 1.000000
0  0.415315 20.333391 6.246755  -0.361188 0.006650 -0.932469  0.028340 0.414408 1 0 1.000000
0  0.402124 21.279266 6.243047  -0.361191 0.006646 -0.932468  0.028340 0.414408 1 0 1.000000
lowpoly_metal.053
0  0.649437 9.755779 6.208804  -0.643481 -0.477114 -0.598576  0.028340 0.414408 1 0 1.000000
0  0.695926 9.691236 6.625926  -0.149069 -0.894567 0.421342  0.028340 0.414408 1 0 1.000000
0  0.649438 9.835551 6.774317  -0.999998 -0.002006 0.000291  0.028340 0.414408 1 0 1.000000
lowpoly_metal.053
0  -0.350336 -8.463882 6.942057  -0.024897 -0.432308 -0.901382  0.043544 0.609912 1 0 1.000000
0  0.399371 -8.388667 7.072344  0.050869 0.709850 -0.702513  0.043544 0.609912 1 0 1.000000
0  0.399374 -8.539097 6.920344  0.007492 0.043042 -0.999045  0.043544 0.609912 1 0 1.000000
lowpoly_plastic.050
0  0.445855 -3.033726 8.336401  0.927577 -0.065748 0.367802  0.075349 0.627009 1 0 1.000000
0  0.712873 -2.806458 7.791001  0.909266 -0.085440 0.407351  0.075349 0.627009 1 0 1.000000
0  0.438979 -2.806457 8.344680  0.908387 -0.072936 0.411720  0.075349 0.627009 1 0 1.000000
lowpoly_plastic.050
0  0.716739 -2.085137 7.770728  0.903439 0.003299 0.428705  0.075349 0.627009 1 0 1.000000
0  0.446817 -1.857870 8.340545  0.903479 -0.002553 0.428625  0.075349 0.627009 1 0 1.000000
0  0.441823 -2.085135 8.344635  0.903383 0.003116 0.428823  0.075349 0.627009 1 0 1.000000
lowpoly_metal.053
0  -0.600381 20.339096 6.140539  0.161077 0.008686 -0.986904  0.028340 0.414408 1 0 1.000000
0  -0.352153 21.276548 6.247187  0.116428 0.011566 -0.993132  0.028340 0.414408 1 0 1.000000
0  -0.229841 20.353983 6.247453  0.252325 0.026566 -0.967278  0.028340 0.414408 1 0 1.000000
lowpoly_metal.053
0  0.506061 -8.317268 7.841300  0.499997 -0.000001 0.866027  0.060711 0.469699 1 0 1.000000
0  0.024515 -9.240917 8.119318  0.499997 -0.000000 0.866027  0.060711 0.469699 1 0 1.000000
0  0.506061 -9.240919 7.841300  0.499998 0.000000 0.866027  0.060711 0.469699 1 0 1.000000
lowpoly_metal.053
0  0.398850 20.333063 6.702886  -0.182346 -0.948215 0.260072  0.028340 0.414408 1 0 1.000000
0  0.193830 20.444090 6.237481  -0.251495 -0.536901 -0.805287  0.028340 0.414408 1 0 1.000000
0  0.415315 20.333391 6.246755  -0.175016 -0.937109 -0.301986  0.028340 0.414408 1 0 1.000000
lowpoly_metal.053
0  0.771337 21.282917 6.834195  0.776737 0.629561 -0.018272  0.028340 0.414408 1 0 1.000000
0  0.402124 21.279266 6.243047  0.190464 0.981438 0.022415  0.028340 0.414408 1 0 1.000000
0  0.276201 21.300842 6.701533  -0.570116 0.807029 0.153856  0.028340 0.414408 1 0 1.000000
lowpoly_plastic.050
0  0.249579 20.664776 5.384243  -0.000003 -1.000000 0.000001  0.005518 0.736972 1 0 1.000000
0  -0.200519 20.664776 6.118167  -0.000001 -1.000000 0.000000  0.005518 0.736972 1 0 1.000000
0  -0.200519 20.664778 5.384243  -0.000004 -1.000000 0.000001  0.005518 0.736972 1 0 1.000000
lowpoly_metal.053
0  0.278991 2.875525 8.613634  0.175310 -0.646804 0.742234  0.039282 0.590557 1 0 1.000000
0  0.463489 2.875525 8.450146  0.694081 -0.621385 -0.363500  0.039282 0.590557 1 0 1.000000
0  0.452550 3.172863 8.514297  0.964532 0.262116 -0.031206  0.039282 0.590557 1 0 1.000000
lowpoly_metal.053
0  -0.444076 9.673706 8.367361  -0.000003 -0.499996 -0.866028  0.043544 0.609912 1 0 1.000000
0  -0.635215 9.259472 8.606518  0.000002 -0.499998 -0.866026  0.043544 0.609912 1 0 1.000000
0  -0.635217 9.673708 8.367361  -0.000005 -0.499995 -0.866028  0.043544 0.609912 1 0 1.000000
lowpoly_metal.053
0  -0.444076 9.259474 9.084833  0.000010 -1.000000 0.000000  0.043544 0.609912 1 0 1.000000
0  -0.635215 9.259472 8.606518  0.000010 -1.000000 0.000000  0.043544 0.609912 1 0 1.000000
0  -0.444076 9.259474 8.606518  0.000010 -1.000000 0.000000  0.043544 0.609912 1 0 1.000000
lowpoly_metal.053
0  -0.090589 5.883302 7.343672  -0.005798 0.992440 -0.122594  0.034375 0.595312 1 0 1.000000
0  0.139638 6.099610 7.634862  -0.041015 0.817326 -0.574714  0.034375 0.595312 1 0 1.000000
0  0.139636 5.881637 7.308424  0.001789 0.999719 -0.023635  0.034375 0.595312 1 0 1.000000
lowpoly_plastic.050
0  -0.300534 -1.944816 5.438798  -0.797237 0.003350 -0.603657  0.064370 0.664198 1 0 1.000000
0  -0.747092 -1.693157 6.035406  -0.799951 -0.017841 -0.599799  0.064370 0.664198 1 0 1.000000
0  -0.305023 -1.698303 5.433993  -0.800901 -0.066142 -0.595133  0.064370 0.664198 1 0 1.000000
lowpoly_plastic.050
0  -0.527653 21.565079 2.534606  -0.992481 0.121557 -0.014310  0.005204 0.735637 1 0 1.000000
0  -0.499126 22.020525 4.425128  -0.475283 0.879623 -0.019217  0.005204 0.735637 1 0 1.000000
0  -0.498070 21.977737 2.557568  -0.552259 0.621025 -0.556182  0.005204 0.735637 1 0 1.000000
lowpoly_plastic.050
0  -0.303584 -2.419113 5.438780  -0.776139 -0.090204 -0.624076  0.064370 0.664198 1 0 1.000000
0  -0.739358 -2.172082 6.016765  -0.797038 -0.000870 -0.603929  0.064370 0.664198 1 0 1.000000
0  -0.306685 -2.172078 5.438816  -0.797011 -0.000777 -0.603965  0.064370 0.664198 1 0 1.000000
lowpoly_metal.053
0  -0.444077 10.087942 8.606518  -0.207746 0.559212 -0.802573  0.043544 0.609912 1 0 1.000000
0  -0.635217 9.673708 8.367361  -0.207681 0.559207 -0.802594  0.043544 0.609912 1 0 1.000000
0  -0.619354 10.013519 8.649488  -0.207761 0.559217 -0.802566  0.043544 0.609912 1 0 1.000000
lowpoly_metal.053
0  -0.319898 -8.290525 6.495452  -0.000000 0.000000 -1.000000  0.060711 0.469699 1 0 1.000000
0  0.368937 -9.164658 6.495452  -0.000000 0.000000 -1.000000  0.060711 0.469699 1 0 1.000000
0  -0.319898 -9.164660 6.495452  -0.000000 0.000000 -1.000000  0.060711 0.469699 1 0 1.000000
lowpoly_metal.053
0  0.024521 -9.164660 7.173737  -0.291428 -0.000001 0.956593  0.060711 0.469699 1 0 1.000000
0  0.368935 -8.290522 7.278664  -0.291427 -0.000001 0.956593  0.060711 0.469699 1 0 1.000000
0  0.024519 -8.290522 7.173737  -0.291427 -0.000001 0.956593  0.060711 0.469699 1 0 1.000000
lowpoly_plastic.050
0  -0.300549 -5.017844 5.438816  -0.481617 -0.042156 -0.875367  0.064370 0.664198 1 0 1.000000
0  -0.148466 -5.017841 5.431209  -0.026529 0.020102 -0.999446  0.064370 0.664198 1 0 1.000000
0  -0.191133 -5.264872 5.423773  -0.354610 0.006268 -0.934994  0.064370 0.664198 1 0 1.000000
lowpoly_plastic.050
0  -0.742442 -2.646370 6.015606  -0.999998 -0.000375 -0.001913  0.064370 0.664198 1 0 1.000000
0  -0.745537 -2.893399 6.014472  -0.999998 -0.000377 -0.001899  0.064370 0.664198 1 0 1.000000
0  -0.739400 -2.893400 7.036228  -0.999998 -0.000375 -0.001926  0.064370 0.664198 1 0 1.000000
lowpoly_plastic.050
0  -0.660536 20.382406 6.452188  -0.923880 -0.000002 -0.382683  0.005518 0.736972 1 0 1.000000
0  -0.459887 21.288465 5.967774  -0.923879 -0.000002 -0.382684  0.005518 0.736972 1 0 1.000000
0  -0.459885 20.382404 5.967773  -0.923880 -0.000002 -0.382683  0.005518 0.736972 1 0 1.000000
lowpoly_plastic.050
0  -0.742459 -6.915021 6.020848  -0.999991 -0.003378 -0.002628  0.064370 0.664198 1 0 1.000000
0  -0.742442 -7.162045 6.015603  -0.999991 -0.003396 -0.002607  0.064370 0.664198 1 0 1.000000
0  -0.741164 -7.162046 7.036398  -0.999991 -0.003449 -0.002629  0.064370 0.664198 1 0 1.000000
lowpoly_plastic.050
0  -0.660536 20.382406 6.452188  -0.923879 -0.000002 0.382686  0.005518 0.736972 1 0 1.000000
0  -0.459887 21.288465 6.936602  -0.923879 -0.000002 0.382685  0.005518 0.736972 1 0 1.000000
0  -0.660538 21.288469 6.452188  -0.923879 -0.000002 0.382685  0.005518 0.736972 1 0 1.000000
lowpoly_plastic.050
0  -0.746196 -5.141356 7.150017  -0.999996 0.000582 -0.002869  0.075349 0.627009 1 0 1.000000
0  -0.745580 -5.264872 7.036810  -0.999996 0.000584 -0.002883  0.075349 0.627009 1 0 1.000000
0  -0.746200 -5.615652 7.150015  -0.999996 0.000609 -0.002894  0.075349 0.627009 1 0 1.000000
lowpoly_plastic.050
0  0.709595 20.382408 6.452189  -0.000000 -1.000000 -0.000001  0.005518 0.736972 1 0 1.000000
0  0.376718 20.382408 6.270051  0.000001 -1.000000 0.000001  0.005518 0.736972 1 0 1.000000
0  0.508943 20.382410 5.967773  0.000005 -1.000000 -0.000001  0.005518 0.736972 1 0 1.000000
lowpoly_metal.053
0  0.548208 9.768406 8.968697  0.584976 0.808710 0.061571  0.043544 0.609912 1 0 1.000000
0  0.548208 9.748114 8.716796  0.592726 0.382956 -0.708534  0.043544 0.609912 1 0 1.000000
0  -0.444074 9.836473 8.845675  -0.129296 0.991291 -0.024983  0.043544 0.609912 1 0 1.000000
lowpoly_metal.053
0  0.384380 12.190787 7.420599  0.000001 0.661754 0.749721  0.039282 0.590557 1 0 1.000000
0  -0.335332 11.734806 7.823080  0.000001 0.661754 0.749721  0.039282 0.590557 1 0 1.000000
0  0.384386 11.734806 7.823080  0.000000 0.661754 0.749721  0.039282 0.590557 1 0 1.000000
lowpoly_plastic.050
0  0.144774 20.640902 6.074361  -0.254674 -0.542934 0.800228  0.005518 0.736972 1 0 1.000000
0  -0.353298 20.640898 6.331941  0.800216 -0.542950 0.254675  0.005518 0.736972 1 0 1.000000
0  -0.157612 20.382410 6.099998  0.459366 0.003595 0.888240  0.005518 0.736972 1 0 1.000000
lowpoly_metal.053
0  -0.444076 9.579007 8.722655  -0.058886 -0.995386 -0.075762  0.043544 0.609912 1 0 1.000000
0  0.548208 9.748114 8.716796  0.592726 0.382956 -0.708534  0.043544 0.609912 1 0 1.000000
0  0.548206 9.510942 8.845675  0.592366 -0.805414 0.020297  0.043544 0.609912 1 0 1.000000
lowpoly_metal.053
0  -0.388354 1.166541 8.033587  -0.955208 0.000000 0.295935  0.060711 0.469699 1 0 1.000000
0  -0.559368 5.389444 7.481591  -0.955208 0.000000 0.295935  0.060711 0.469699 1 0 1.000000
0  -0.559369 1.166537 7.481590  -0.955208 0.000000 0.295935  0.060711 0.469699 1 0 1.000000
lowpoly_metal.053
0  -0.466783 9.998713 9.331595  -0.702361 0.337223 0.626873  0.039282 0.590557 1 0 1.000000
0  -0.335679 9.358260 9.338820  0.646402 -0.286246 0.707268  0.039282 0.590557 1 0 1.000000
0  -0.335677 9.985701 9.323285  0.541263 0.374233 0.752984  0.039282 0.590557 1 0 1.000000
lowpoly_plastic.050
0  0.352196 1.357495 5.356516  0.437063 0.833582 -0.337813  0.075349 0.627009 1 0 1.000000
0  -0.758656 1.372314 6.012840  -0.692024 0.721380 -0.026706  0.075349 0.627009 1 0 1.000000
0  0.808508 1.378179 6.020504  0.689241 0.724131 -0.024121  0.075349 0.627009 1 0 1.000000
lowpoly_metal.053
0  0.024523 1.166545 8.262230  -0.484456 0.000000 0.874816  0.060711 0.469699 1 0 1.000000
0  -0.388352 5.389449 8.033587  -0.484456 0.000000 0.874815  0.060711 0.469699 1 0 1.000000
0  -0.388354 1.166541 8.033587  -0.484456 0.000000 0.874816  0.060711 0.469699 1 0 1.000000
lowpoly_metal.053
0  0.024522 1.166545 8.001436  0.000002 -1.000000 0.000000  0.060711 0.469699 1 0 1.000000
0  0.024523 1.166545 8.262230  0.000002 -1.000000 0.000000  0.060711 0.469699 1 0 1.000000
0  -0.388354 1.166541 8.033587  0.000013 -1.000000 -0.000003  0.060711 0.469699 1 0 1.000000
lowpoly_metal.053
0  -0.335678 10.618719 8.444057  0.998064 -0.036001 -0.050714  0.039282 0.590557 1 0 1.000000
0  -0.335679 9.358260 9.338820  0.646402 -0.286246 0.707268  0.039282 0.590557 1 0 1.000000
0  -0.426994 8.694516 8.442215  0.998065 -0.035999 -0.050708  0.039282 0.590557 1 0 1.000000
lowpoly_metal.053
0  -0.197983 20.363537 6.703481  0.241907 0.029935 0.969838  0.028340 0.414408 1 0 1.000000
0  -0.144771 21.387913 6.715147  -0.027402 -0.009960 0.999575  0.028340 0.414408 1 0 1.000000
0  -0.368702 21.276976 6.707904  0.126448 0.012761 0.991891  0.028340 0.414408 1 0 1.000000
lowpoly_metal.053
0  -1.660776 2.471100 7.504853  -0.756355 -0.511434 -0.407874  0.060711 0.469699 1 0 1.000000
0  -0.727882 2.643522 7.646164  0.719666 -0.425060 0.549004  0.060711 0.469699 1 0 1.000000
0  -1.660777 2.631469 7.597441  -0.587035 0.657385 -0.472477  0.060711 0.469699 1 0 1.000000
lowpoly_plastic.050
0  -0.303607 -3.594954 5.438808  -0.486354 -0.043090 -0.872698  0.064370 0.664198 1 0 1.000000
0  -0.148466 -3.594957 5.431210  -0.026007 0.020010 -0.999461  0.064370 0.664198 1 0 1.000000
0  -0.191132 -3.841984 5.423773  -0.354859 0.007418 -0.934891  0.064370 0.664198 1 0 1.000000
lowpoly_plastic.050
0  -0.303148 1.357497 5.356516  0.000001 0.499950 -0.866054  0.075349 0.627009 1 0 1.000000
0  0.352193 0.974641 5.135504  0.000001 0.499950 -0.866054  0.075349 0.627009 1 0 1.000000
0  -0.303150 0.974641 5.135504  0.000000 0.499949 -0.866055  0.075349 0.627009 1 0 1.000000
lowpoly_plastic.050
0  -0.148467 -1.944814 5.432481  -0.016261 -0.005516 -0.999852  0.064370 0.664198 1 0 1.000000
0  -0.305023 -1.698303 5.433993  -0.029164 -0.012418 -0.999498  0.064370 0.664198 1 0 1.000000
0  -0.148468 -1.697783 5.431210  -0.006805 -0.005574 -0.999961  0.064370 0.664198 1 0 1.000000
lowpoly_metal.053
0  -0.640175 10.823599 6.738296  -0.706159 0.003342 -0.708046  0.039282 0.590557 1 0 1.000000
0  -0.675512 2.727632 6.226912  -0.999957 0.003263 -0.008652  0.039282 0.590557 1 0 1.000000
0  -0.681441 2.727631 6.738296  -0.999936 0.003257 -0.010840  0.039282 0.590557 1 0 1.000000
lowpoly_metal.053
0  -0.599779 9.748698 8.715789  -0.999957 -0.008354 -0.003949  0.043544 0.609912 1 0 1.000000
0  -0.606146 9.798695 8.917833  -0.999616 -0.026906 0.006615  0.043544 0.609912 1 0 1.000000
0  -0.619354 10.013519 8.649488  -0.859907 0.509675 -0.028135  0.043544 0.609912 1 0 1.000000
lowpoly_metal.053
0  0.471802 5.389448 7.133564  0.930855 -0.000000 -0.365389  0.060711 0.469699 1 0 1.000000
0  0.608413 1.166541 7.481591  0.930852 -0.000001 -0.365396  0.060711 0.469699 1 0 1.000000
0  0.471799 1.166539 7.133566  0.930852 -0.000001 -0.365396  0.060711 0.469699 1 0 1.000000
lowpoly_plastic.050
0  -0.747092 -1.693157 6.035406  -0.999996 -0.002267 -0.001937  0.064370 0.664198 1 0 1.000000
0  -0.742458 -1.944812 6.010431  -0.999995 -0.002497 -0.001739  0.064370 0.664198 1 0 1.000000
0  -0.744341 -1.944815 7.036696  -0.999995 -0.002528 -0.001686  0.064370 0.664198 1 0 1.000000
lowpoly_metal.053
0  0.024522 1.166544 6.998708  -0.000001 0.000580 -1.000000  0.060711 0.469699 1 0 1.000000
0  0.471802 5.389448 7.133564  0.281900 0.000782 -0.959444  0.060711 0.469699 1 0 1.000000
0  0.471799 1.166539 7.133566  0.281959 0.000774 -0.959426  0.060711 0.469699 1 0 1.000000
lowpoly_metal.053
0  -0.513965 1.308586 7.716512  -0.056780 0.998001 -0.027750  0.039282 0.590557 1 0 1.000000
0  -0.484532 1.464458 8.176578  -0.173855 0.787996 -0.590624  0.039282 0.590557 1 0 1.000000
0  -0.325737 1.427060 8.094616  -0.184813 0.770766 -0.609725  0.039282 0.590557 1 0 1.000000
lowpoly_plastic.050
0  -0.303607 -3.594954 5.438808  -0.486354 -0.043090 -0.872698  0.075349 0.627009 1 0 1.000000
0  -0.742458 -3.367693 6.010430  -0.794679 0.000695 -0.607029  0.075349 0.627009 1 0 1.000000
0  -0.303762 -3.367693 5.443047  -0.794838 0.000330 -0.606822  0.075349 0.627009 1 0 1.000000
lowpoly_metal.053
0  0.068436 -8.696760 9.009204  0.772222 -0.634526 0.032417  0.060711 0.469699 1 0 1.000000
0  -0.019400 -8.696756 9.009203  -0.000044 -0.998641 0.052115  0.060711 0.469699 1 0 1.000000
0  0.003461 -8.707890 8.799088  -0.098790 -0.578424 -0.809732  0.060711 0.469699 1 0 1.000000
lowpoly_plastic.050
0  -0.306687 -5.966426 5.438816  -0.797025 -0.000806 -0.603946  0.075349 0.627009 1 0 1.000000
0  -0.739360 -5.739163 6.006367  -0.795852 -0.000070 -0.605491  0.075349 0.627009 1 0 1.000000
0  -0.303760 -5.739166 5.443046  -0.795857 -0.000096 -0.605485  0.075349 0.627009 1 0 1.000000
lowpoly_plastic.050
0  -0.299587 9.756499 5.142990  -0.687880 0.696805 0.203183  0.034333 0.623884 1 0 1.000000
0  -0.458365 9.834223 4.338900  -0.944398 0.291632 0.151870  0.034333 0.623884 1 0 1.000000
0  -0.473028 9.562299 5.128387  -0.687889 0.696795 0.203187  0.034333 0.623884 1 0 1.000000
lowpoly_plastic.050
0  -0.306824 -4.790576 5.443034  -0.498286 0.043904 -0.865900  0.075349 0.627009 1 0 1.000000
0  -0.745538 -5.017840 6.014471  -0.775301 -0.075199 -0.627099  0.075349 0.627009 1 0 1.000000
0  -0.742444 -4.790575 6.015606  -0.776226 0.076768 -0.625763  0.075349 0.627009 1 0 1.000000
lowpoly_metal.053
0  0.325281 7.597723 4.541291  0.999999 0.000353 -0.000972  0.074523 0.389844 1 0 1.000000
0  0.324927 7.620498 4.454632  1.000000 0.000372 -0.000919  0.074523 0.389844 1 0 1.000000
0  0.324926 8.457675 4.562638  1.000000 0.000164 -0.000362  0.074523 0.389844 1 0 1.000000
lowpoly_plastic.050
0  -0.451038 8.844888 3.124169  -0.944263 -0.312202 -0.104395  0.034333 0.623884 1 0 1.000000
0  -0.451066 10.111112 3.875776  -0.940854 0.290909 0.173680  0.034333 0.623884 1 0 1.000000
0  -0.451012 10.371259 3.412242  -0.942480 0.286276 0.172562  0.034333 0.623884 1 0 1.000000
lowpoly_metal.053
0  -0.229943 8.043198 8.613634  -0.165575 0.643035 0.747724  0.039282 0.590557 1 0 1.000000
0  0.278991 7.745865 8.613634  0.156014 -0.642915 0.749880  0.039282 0.590557 1 0 1.000000
0  0.458667 8.043201 8.496845  0.000019 0.203945 0.978982  0.039282 0.590557 1 0 1.000000
lowpoly_metal.053
0  -0.090588 6.349775 6.396369  0.037578 0.892845 0.448794  0.034375 0.595312 1 0 1.000000
0  0.139636 5.881637 7.308424  0.001789 0.999719 -0.023635  0.034375 0.595312 1 0 1.000000
0  0.139634 6.349778 6.396369  0.037587 0.892845 0.448794  0.034375 0.595312 1 0 1.000000
lowpoly_plastic.050
0  0.349574 -3.120667 5.438799  0.773395 -0.082655 -0.628513  0.064370 0.664198 1 0 1.000000
0  0.791438 -3.367700 6.015544  0.763029 0.007000 -0.646326  0.064370 0.664198 1 0 1.000000
0  0.240174 -3.367689 5.423774  0.351249 0.007662 -0.936251  0.064370 0.664198 1 0 1.000000
lowpoly_plastic.050
0  0.793383 -3.594959 7.036694  0.999995 -0.002137 -0.002216  0.064370 0.664198 1 0 1.000000
0  0.795743 -3.718475 7.150064  0.999995 -0.002140 -0.002217  0.064370 0.664198 1 0 1.000000
0  0.788441 -3.841990 7.036227  0.999995 -0.002131 -0.002222  0.064370 0.664198 1 0 1.000000
lowpoly_plastic.050
0  0.358953 -4.069251 5.443046  0.027148 0.001636 -0.999630  0.064370 0.664198 1 0 1.000000
0  0.197510 -4.316282 5.433388  0.026963 0.001639 -0.999635  0.064370 0.664198 1 0 1.000000
0  0.197508 -4.069251 5.430362  0.026970 0.001628 -0.999635  0.064370 0.664198 1 0 1.000000
lowpoly_plastic.050
0  0.349585 -4.790571 5.438816  0.482136 0.043300 -0.875025  0.064370 0.664198 1 0 1.000000
0  0.794557 -4.543553 6.019646  0.761826 -0.007347 -0.647739  0.064370 0.664198 1 0 1.000000
0  0.788400 -4.790579 6.006368  0.776379 0.076061 -0.625660  0.064370 0.664198 1 0 1.000000
lowpoly_plastic.050
0  0.337844 13.608008 6.468756  0.866024 -0.000001 -0.500002  0.069489 0.560212 1 0 1.000000
0  0.181185 12.981380 6.197418  0.866024 -0.000000 -0.500003  0.069489 0.560212 1 0 1.000000
0  0.181185 13.608008 6.197416  0.866025 -0.000001 -0.500001  0.069489 0.560212 1 0 1.000000
lowpoly_metal.053
0  -0.329830 7.758569 5.678603  -0.601215 -0.419737 0.679971  0.013952 0.490792 1 0 1.000000
0  -0.329830 7.784531 5.345831  -0.599883 -0.340565 -0.723986  0.013952 0.490792 1 0 1.000000
0  0.461593 7.679688 5.513716  0.624430 -0.549342 0.555257  0.013952 0.490792 1 0 1.000000
lowpoly_plastic.050
0  0.349589 -5.264873 5.438816  0.019389 0.002677 -0.999808  0.064370 0.664198 1 0 1.000000
0  0.197505 -5.017847 5.433388  0.019451 0.002648 -0.999807  0.064370 0.664198 1 0 1.000000
0  0.355715 -5.017854 5.438798  0.019453 0.002676 -0.999807  0.064370 0.664198 1 0 1.000000
lowpoly_metal.053
0  -0.398630 -15.606485 7.315703  -0.508881 -0.011762 -0.860756  0.060711 0.469699 1 0 1.000000
0  0.014393 -16.243719 7.084251  0.045869 -0.852863 -0.520116  0.060711 0.469699 1 0 1.000000
0  -0.395399 -16.243835 7.344224  0.299111 -0.938919 -0.170185  0.060711 0.469699 1 0 1.000000
lowpoly_metal.053
0  0.278523 -14.339593 6.743030  0.603901 0.466460 -0.646312  0.060711 0.469699 1 0 1.000000
0  0.293189 -14.231162 7.199754  0.998784 -0.044341 -0.021545  0.060711 0.469699 1 0 1.000000
0  0.255411 -14.859983 6.742576  0.247049 -0.716824 -0.652020  0.060711 0.469699 1 0 1.000000
lowpoly_plastic.050
0  0.788441 -5.966431 7.036228  0.999996 -0.000508 -0.002925  0.064370 0.664198 1 0 1.000000
0  0.793383 -6.213463 7.036695  0.999996 -0.000509 -0.002924  0.064370 0.664198 1 0 1.000000
0  0.794590 -5.966436 6.019686  0.999996 -0.000523 -0.002923  0.064370 0.664198 1 0 1.000000
lowpoly_plastic.050
0  0.352648 -6.687753 5.438807  0.795842 0.001402 -0.605502  0.064370 0.664198 1 0 1.000000
0  0.794576 -6.440714 6.024899  0.779553 0.082099 -0.620932  0.064370 0.664198 1 0 1.000000
0  0.788409 -6.687751 6.011564  0.795868 0.001396 -0.605469  0.064370 0.664198 1 0 1.000000
lowpoly_plastic.050
0  0.788440 -6.915019 7.036226  0.999996 -0.000495 -0.002668  0.064370 0.664198 1 0 1.000000
0  0.793382 -7.162046 7.036695  0.999996 -0.000510 -0.002662  0.064370 0.664198 1 0 1.000000
0  0.794576 -6.915022 6.014470  0.999996 -0.000478 -0.002687  0.064370 0.664198 1 0 1.000000
lowpoly_metal.053
0  -0.444077 10.087942 8.606518  -0.207741 0.974656 -0.083002  0.043544 0.609912 1 0 1.000000
0  -0.635217 10.087940 9.084831  -0.876916 0.461678 -0.133688  0.043544 0.609912 1 0 1.000000
0  -0.444077 10.087942 9.084833  -0.207638 0.974680 -0.082979  0.043544 0.609912 1 0 1.000000
lowpoly_metal.053
0  0.218158 9.178476 8.764766  0.670613 -0.499219 -0.548688  0.030078 0.588281 1 0 1.000000
0  0.024525 9.083881 8.835956  0.092327 -0.732368 -0.674621  0.030078 0.588281 1 0 1.000000
0  0.008951 9.184655 8.764902  -0.026408 -0.365586 -0.930403  0.030078 0.588281 1 0 1.000000
lowpoly_metal.053
0  0.024525 9.083881 8.835956  0.092327 -0.732368 -0.674621  0.030078 0.588281 1 0 1.000000
0  -0.184482 9.205244 8.764773  -0.015312 -0.146320 -0.989119  0.030078 0.588281 1 0 1.000000
0  0.008951 9.184655 8.764902  -0.026408 -0.365586 -0.930403  0.030078 0.588281 1 0 1.000000
lowpoly_plastic.050
0  -0.742427 -3.120662 6.020809  -0.999994 0.001971 -0.002943  0.064370 0.664198 1 0 1.000000
0  -0.742458 -3.367693 6.010430  -0.999994 0.001951 -0.002955  0.064370 0.664198 1 0 1.000000
0  -0.744342 -3.367694 7.036697  -0.999994 0.001955 -0.002963  0.064370 0.664198 1 0 1.000000
lowpoly_plastic.050
0  -0.303762 -3.367693 5.443047  -0.794838 0.000330 -0.606822  0.064370 0.664198 1 0 1.000000
0  -0.742427 -3.120662 6.020809  -0.795863 -0.000177 -0.605477  0.064370 0.664198 1 0 1.000000
0  -0.306674 -3.120673 5.438799  -0.795863 -0.000173 -0.605476  0.064370 0.664198 1 0 1.000000
lowpoly_metal.053
0  -0.426994 8.694516 8.442215  -0.782742 -0.030008 0.621622  0.039282 0.590557 1 0 1.000000
0  -0.335679 9.358260 9.338820  0.646402 -0.286246 0.707268  0.039282 0.590557 1 0 1.000000
0  -0.466784 9.310617 9.311302  -0.580685 -0.454997 0.675116  0.039282 0.590557 1 0 1.000000
lowpoly_plastic.050
0  -0.303607 -3.594954 5.438808  -0.486354 -0.043090 -0.872698  0.064370 0.664198 1 0 1.000000
0  -0.739337 -3.841992 6.011526  -0.764158 0.007841 -0.644981  0.064370 0.664198 1 0 1.000000
0  -0.742445 -3.594965 6.015607  -0.776221 -0.076754 -0.625771  0.064370 0.664198 1 0 1.000000
lowpoly_plastic.050
0  0.709593 21.288469 6.452189  0.000000 1.000000 0.000002  0.005518 0.736972 1 0 1.000000
0  0.508941 21.288465 5.967773  0.000018 1.000000 -0.000029  0.005518 0.736972 1 0 1.000000
0  0.024526 21.288471 5.767123  -0.000000 1.000000 -0.000006  0.005518 0.736972 1 0 1.000000
lowpoly_plastic.050
0  -0.476007 21.927034 7.063821  -0.601524 0.029657 0.798304  0.005204 0.735637 1 0 1.000000
0  -0.653952 21.993494 6.732942  -0.869844 0.087842 0.485444  0.005204 0.735637 1 0 1.000000
0  -0.586266 21.226692 6.992979  -0.308892 -0.727325 0.612849  0.005204 0.735637 1 0 1.000000
lowpoly_plastic.050
0  -0.742445 -3.594965 6.015607  -0.999991 0.001672 -0.003913  0.064370 0.664198 1 0 1.000000
0  -0.739337 -3.841992 6.011526  -0.999991 0.001719 -0.003920  0.064370 0.664198 1 0 1.000000
0  -0.745578 -3.841992 7.036811  -0.999991 0.001677 -0.003910  0.064370 0.664198 1 0 1.000000
lowpoly_metal.053
0  -0.401474 5.669234 6.124465  -0.999255 -0.008593 -0.037611  0.026458 0.410980 1 0 1.000000
0  -0.401474 5.669234 5.896126  -0.999255 -0.008595 -0.037611  0.026458 0.410980 1 0 1.000000
0  -0.401476 3.336065 5.896126  -0.999256 -0.008610 -0.037600  0.026458 0.410980 1 0 1.000000
lowpoly_plastic.050
0  -0.327661 20.382410 6.634329  0.000012 -1.000000 -0.000007  0.005518 0.736972 1 0 1.000000
0  0.206665 20.382410 6.804379  0.000001 -1.000000 -0.000002  0.005518 0.736972 1 0 1.000000
0  0.024528 20.382408 7.137254  0.000005 -1.000000 -0.000009  0.005518 0.736972 1 0 1.000000
lowpoly_plastic.050
0  -0.157612 20.382410 6.099998  0.000008 -1.000000 0.000007  0.005518 0.736972 1 0 1.000000
0  0.024528 20.382408 5.767122  0.000003 -1.000000 0.000002  0.005518 0.736972 1 0 1.000000
0  0.376718 20.382408 6.270051  0.000001 -1.000000 0.000001  0.005518 0.736972 1 0 1.000000
lowpoly_metal.053
0  0.506061 -8.317268 7.841300  0.000005 1.000000 -0.000002  0.060711 0.469699 1 0 1.000000
0  0.506061 -8.317268 7.285264  0.000004 1.000000 0.000001  0.060711 0.469699 1 0 1.000000
0  -0.457019 -8.317265 7.285264  0.000003 1.000000 0.000000  0.060711 0.469699 1 0 1.000000
lowpoly_metal.053
0  0.024526 10.934168 5.841840  -0.233575 0.000000 -0.972339  0.039282 0.590557 1 0 1.000000
0  0.484473 13.240620 5.731353  -0.233574 0.000000 -0.972339  0.039282 0.590557 1 0 1.000000
0  0.484472 10.823603 5.731352  -0.233575 0.000000 -0.972339  0.039282 0.590557 1 0 1.000000
lowpoly_plastic.050
0  0.209108 8.916268 1.701589  0.003946 -0.988267 0.152683  0.034333 0.623884 1 0 1.000000
0  -0.197022 8.052303 4.440020  -0.033610 -0.991670 -0.124339  0.034333 0.623884 1 0 1.000000
0  -0.154209 8.909995 1.679599  0.002786 -0.981776 0.190022  0.034333 0.623884 1 0 1.000000
lowpoly_plastic.050
0  0.443847 -4.703633 8.340653  0.921879 0.012045 0.387290  0.064370 0.664198 1 0 1.000000
0  0.721249 -4.456601 7.761149  0.959190 0.007976 0.282649  0.064370 0.664198 1 0 1.000000
0  0.445791 -4.456606 8.336319  0.922243 -0.002087 0.386606  0.064370 0.664198 1 0 1.000000
lowpoly_plastic.050
0  0.349418 -2.893415 5.434563  0.774537 0.084450 -0.626865  0.075349 0.627009 1 0 1.000000
0  0.791499 -3.120666 6.010432  0.774999 -0.076797 -0.627279  0.075349 0.627009 1 0 1.000000
0  0.349574 -3.120667 5.438799  0.773395 -0.082655 -0.628513  0.075349 0.627009 1 0 1.000000
lowpoly_plastic.050
0  0.794580 -3.841987 6.014470  0.795851 -0.000062 -0.605492  0.075349 0.627009 1 0 1.000000
0  0.358953 -4.069251 5.443046  0.797021 -0.000835 -0.603951  0.075349 0.627009 1 0 1.000000
0  0.349591 -3.841991 5.438816  0.795847 -0.000004 -0.605498  0.075349 0.627009 1 0 1.000000
lowpoly_plastic.050
0  0.352627 -4.316285 5.438780  0.776036 -0.091055 -0.624081  0.075349 0.627009 1 0 1.000000
0  0.794557 -4.543553 6.019646  0.761826 -0.007347 -0.647739  0.075349 0.627009 1 0 1.000000
0  0.240174 -4.543544 5.423773  0.351016 -0.005068 -0.936356  0.075349 0.627009 1 0 1.000000
lowpoly_plastic.050
0  0.788400 -4.790579 6.006368  0.776379 0.076061 -0.625660  0.075349 0.627009 1 0 1.000000
0  0.355715 -5.017854 5.438798  0.795865 -0.000132 -0.605475  0.075349 0.627009 1 0 1.000000
0  0.349585 -4.790571 5.438816  0.482136 0.043300 -0.875025  0.075349 0.627009 1 0 1.000000
lowpoly_metal.053
0  -0.389479 11.410300 8.313465  -0.890007 0.031139 0.454881  0.039282 0.590557 1 0 1.000000
0  -0.695192 10.823604 7.755477  -0.889978 0.031064 0.454945  0.039282 0.590557 1 0 1.000000
0  -0.417086 10.823599 8.311392  -0.889994 0.031105 0.454911  0.039282 0.590557 1 0 1.000000
lowpoly_plastic.050
0  0.791467 -5.739166 6.010390  0.794668 0.000674 -0.607043  0.075349 0.627009 1 0 1.000000
0  0.349419 -5.966423 5.434562  0.774427 -0.083999 -0.627062  0.075349 0.627009 1 0 1.000000
0  0.352799 -5.739163 5.443046  0.794814 0.000517 -0.606852  0.075349 0.627009 1 0 1.000000
lowpoly_plastic.050
0  -0.451012 10.371259 3.412242  -0.942480 0.286276 0.172562  0.034333 0.623884 1 0 1.000000
0  -0.451141 8.989904 2.638887  -0.944230 -0.311712 -0.106142  0.034333 0.623884 1 0 1.000000
0  -0.451038 8.844888 3.124169  -0.944263 -0.312202 -0.104395  0.034333 0.623884 1 0 1.000000
lowpoly_plastic.050
0  0.788382 -6.213458 6.011527  0.764211 0.006481 -0.644933  0.075349 0.627009 1 0 1.000000
0  0.355716 -6.440732 5.438799  0.777511 0.089655 -0.622446  0.075349 0.627009 1 0 1.000000
0  0.240173 -6.213459 5.423773  0.764184 0.002301 -0.644994  0.075349 0.627009 1 0 1.000000
lowpoly_metal.053
0  0.399374 -8.539097 6.920344  0.007492 0.043042 -0.999045  0.043544 0.609912 1 0 1.000000
0  -0.350336 -8.703648 7.072343  -0.515742 -0.856627 0.014134  0.043544 0.609912 1 0 1.000000
0  -0.350336 -8.463882 6.942057  -0.024897 -0.432308 -0.901382  0.043544 0.609912 1 0 1.000000
lowpoly_metal.053
0  0.458669 4.796303 8.496845  0.946963 0.313615 -0.070052  0.039282 0.590557 1 0 1.000000
0  -0.409622 4.498974 8.496846  -0.946963 -0.313616 -0.070047  0.039282 0.590557 1 0 1.000000
0  -0.412975 4.796306 8.460898  -0.730656 0.601782 -0.322492  0.039282 0.590557 1 0 1.000000
lowpoly_metal.053
0  0.452554 3.714011 8.514297  0.405175 -0.071028 -0.911476  0.039282 0.590557 1 0 1.000000
0  0.278993 3.416674 8.613634  0.166168 -0.646734 0.744395  0.039282 0.590557 1 0 1.000000
0  0.467350 3.416673 8.459515  0.709866 -0.620025 -0.334155  0.039282 0.590557 1 0 1.000000
lowpoly_plastic.050
0  -0.668378 -6.828069 7.768962  -0.958838 0.015598 0.283525  0.064370 0.664198 1 0 1.000000
0  -0.394809 -7.075104 8.340652  -0.921016 -0.047659 0.386599  0.064370 0.664198 1 0 1.000000
0  -0.396753 -6.828078 8.336318  -0.923347 0.009585 0.383846  0.064370 0.664198 1 0 1.000000
lowpoly_plastic.050
0  -0.303604 -4.316287 5.438807  -0.490534 -0.056121 -0.869613  0.064370 0.664198 1 0 1.000000
0  -0.148467 -4.069255 5.434598  -0.013752 -0.000106 -0.999905  0.064370 0.664198 1 0 1.000000
0  -0.148470 -4.316281 5.431209  -0.013761 -0.000083 -0.999905  0.064370 0.664198 1 0 1.000000
lowpoly_plastic.050
0  0.135334 -2.085140 8.346530  0.008804 -0.001628 0.999960  0.064370 0.664198 1 0 1.000000
0  0.443834 -2.332164 8.340531  0.008801 -0.001755 0.999960  0.064370 0.664198 1 0 1.000000
0  0.441823 -2.085135 8.344635  0.008848 -0.001786 0.999959  0.064370 0.664198 1 0 1.000000
lowpoly_metal.053
0  -0.296488 -8.317310 9.198885  -0.000025 1.000000 0.000006  0.060711 0.469699 1 0 1.000000
0  -0.229212 -8.317307 8.945154  -0.912389 0.157154 -0.377954  0.060711 0.469699 1 0 1.000000
0  -0.372132 -8.317312 9.198885  -0.800070 0.599906 0.000003  0.060711 0.469699 1 0 1.000000
lowpoly_metal.053
0  0.024517 -8.317308 9.595535  0.000008 1.000000 -0.000017  0.060711 0.469699 1 0 1.000000
0  0.392823 -8.317308 9.389365  0.678408 0.734679 -0.003077  0.060711 0.469699 1 0 1.000000
0  0.126286 -8.317310 9.518648  0.045112 0.917206 -0.395852  0.060711 0.469699 1 0 1.000000
lowpoly_metal.053
0  -0.296488 -8.317310 9.198885  -0.000025 1.000000 0.000006  0.060711 0.469699 1 0 1.000000
0  -0.372132 -8.317312 9.198885  -0.800070 0.599906 0.000003  0.060711 0.469699 1 0 1.000000
0  -0.229211 -8.317307 9.452616  -0.912388 0.157153 0.377956  0.060711 0.469699 1 0 1.000000
lowpoly_metal.053
0  0.024517 -8.317308 9.595535  0.000008 1.000000 -0.000017  0.060711 0.469699 1 0 1.000000
0  0.126286 -8.317310 9.518648  0.045112 0.917206 -0.395852  0.060711 0.469699 1 0 1.000000
0  -0.229211 -8.317307 9.452616  0.316844 0.171780 -0.932792  0.060711 0.469699 1 0 1.000000
lowpoly_plastic.050
0  0.791438 -3.367700 6.015544  0.763029 0.007000 -0.646326  0.075349 0.627009 1 0 1.000000
0  0.352494 -3.594961 5.434574  0.488263 0.056361 -0.870875  0.075349 0.627009 1 0 1.000000
0  0.240174 -3.367689 5.423774  0.351249 0.007662 -0.936251  0.075349 0.627009 1 0 1.000000
lowpoly_plastic.050
0  -0.389938 -4.703634 8.344681  -0.900719 0.003003 0.434391  0.064370 0.664198 1 0 1.000000
0  -0.668721 -4.456605 7.754809  -0.902071 -0.000212 0.431589  0.064370 0.664198 1 0 1.000000
0  -0.672480 -4.703630 7.773314  -0.900697 0.003224 0.434436  0.064370 0.664198 1 0 1.000000
lowpoly_plastic.050
0  -0.086291 -4.703629 8.346529  -0.008052 0.001417 0.999967  0.064370 0.664198 1 0 1.000000
0  -0.397711 -4.456606 8.340462  -0.008024 0.001439 0.999967  0.064370 0.664198 1 0 1.000000
0  -0.389938 -4.703634 8.344681  -0.008085 0.001448 0.999966  0.064370 0.664198 1 0 1.000000
lowpoly_metal.053
0  -0.229946 1.793229 8.613634  -0.175308 -0.646798 0.742239  0.039282 0.590557 1 0 1.000000
0  0.278993 2.090558 8.613634  0.175311 0.646786 0.742249  0.039282 0.590557 1 0 1.000000
0  -0.403508 2.090561 8.514297  -0.972250 0.232418 -0.026675  0.039282 0.590557 1 0 1.000000
lowpoly_plastic.050
0  0.713162 -6.353777 7.778123  0.910276 0.087136 0.404728  0.064370 0.664198 1 0 1.000000
0  0.440873 -6.600808 8.340518  0.908056 -0.063992 0.413931  0.064370 0.664198 1 0 1.000000
0  0.721399 -6.600808 7.773392  0.963932 -0.047835 0.261814  0.064370 0.664198 1 0 1.000000
lowpoly_metal.053
0  0.437395 5.389449 8.033587  0.484461 -0.000000 0.874813  0.060711 0.469699 1 0 1.000000
0  0.024523 1.166545 8.262230  0.484460 0.000000 0.874813  0.060711 0.469699 1 0 1.000000
0  0.437395 1.166543 8.033587  0.484460 0.000000 0.874814  0.060711 0.469699 1 0 1.000000
lowpoly_plastic.050
0  -0.086289 -2.332163 8.346530  -0.008030 0.001415 0.999967  0.064370 0.664198 1 0 1.000000
0  -0.394791 -2.085137 8.340531  -0.008025 0.001420 0.999967  0.064370 0.664198 1 0 1.000000
0  -0.392780 -2.332164 8.344635  -0.008045 0.001429 0.999967  0.064370 0.664198 1 0 1.000000
lowpoly_plastic.050
0  -0.086295 -3.033727 8.346530  -0.008004 -0.001837 0.999966  0.064370 0.664198 1 0 1.000000
0  -0.394790 -3.280750 8.340531  -0.007982 -0.001759 0.999967  0.064370 0.664198 1 0 1.000000
0  -0.086357 -3.280749 8.349024  -0.008028 -0.001780 0.999966  0.064370 0.664198 1 0 1.000000
lowpoly_plastic.050
0  -0.394791 -2.085137 8.340531  -0.900596 -0.003045 0.434647  0.064370 0.664198 1 0 1.000000
0  -0.672311 -2.332163 7.761062  -0.966096 -0.054551 0.252353  0.064370 0.664198 1 0 1.000000
0  -0.392780 -2.332164 8.344635  -0.910397 -0.072543 0.407327  0.064370 0.664198 1 0 1.000000
lowpoly_plastic.050
0  -0.086283 -1.610841 8.347421  -0.015837 -0.002255 0.999872  0.064370 0.664198 1 0 1.000000
0  -0.393852 -1.857867 8.336385  -0.015896 -0.002268 0.999871  0.064370 0.664198 1 0 1.000000
0  -0.086356 -1.857870 8.349647  -0.015850 -0.002245 0.999872  0.064370 0.664198 1 0 1.000000
lowpoly_metal.053
0  0.384728 9.358259 9.338818  -0.647205 -0.287316 0.706099  0.039282 0.590557 1 0 1.000000
0  0.515836 9.998716 9.331593  0.700980 0.340754 0.626510  0.039282 0.590557 1 0 1.000000
0  0.384727 9.985700 9.323283  -0.546620 0.372498 0.749968  0.039282 0.590557 1 0 1.000000
lowpoly_metal.053
0  -0.403508 3.416675 8.514295  -0.000026 -0.198336 0.980134  0.039282 0.590557 1 0 1.000000
0  0.467350 3.416673 8.459515  0.709866 -0.620025 -0.334155  0.039282 0.590557 1 0 1.000000
0  0.278993 3.416674 8.613634  0.166168 -0.646734 0.744395  0.039282 0.590557 1 0 1.000000
lowpoly_plastic.050
0  -0.745519 -6.440714 6.019646  -0.999992 -0.002607 -0.002910  0.064370 0.664198 1 0 1.000000
0  -0.739361 -6.687747 6.006368  -0.999992 -0.002637 -0.002968  0.064370 0.664198 1 0 1.000000
0  -0.744342 -6.687752 7.036695  -0.999992 -0.002554 -0.002952  0.064370 0.664198 1 0 1.000000
lowpoly_plastic.050
0  -0.297325 -6.687757 5.434574  -0.774293 0.083850 -0.627248  0.064370 0.664198 1 0 1.000000
0  -0.745519 -6.440714 6.019646  -0.761934 -0.007368 -0.647613  0.064370 0.664198 1 0 1.000000
0  -0.191134 -6.440728 5.423774  -0.352295 -0.005569 -0.935873  0.064370 0.664198 1 0 1.000000
lowpoly_metal.053
0  -0.041076 1.340594 7.505612  -0.000006 -1.000000 -0.000002  0.060711 0.469699 1 0 1.000000
0  0.012859 1.340594 7.692912  -0.000006 -1.000000 -0.000000  0.060711 0.469699 1 0 1.000000
0  -0.297762 1.340598 7.861102  -0.000012 -1.000000 0.000003  0.060711 0.469699 1 0 1.000000
lowpoly_plastic.050
0  0.443834 -2.332164 8.340531  0.901937 -0.000058 0.431867  0.064370 0.664198 1 0 1.000000
0  0.716739 -2.085137 7.770728  0.903439 0.003299 0.428705  0.064370 0.664198 1 0 1.000000
0  0.441823 -2.085135 8.344635  0.903383 0.003116 0.428823  0.064370 0.664198 1 0 1.000000
lowpoly_plastic.050
0  -0.306824 -7.162046 5.443036  -0.796582 0.004202 -0.604516  0.064370 0.664198 1 0 1.000000
0  -0.742459 -6.915021 6.020848  -0.797042 -0.000792 -0.603924  0.064370 0.664198 1 0 1.000000
0  -0.306676 -6.915014 5.438798  -0.797000 -0.000817 -0.603978  0.064370 0.664198 1 0 1.000000
lowpoly_metal.053
0  -0.461204 5.401711 5.798742  -0.368546 -0.004613 -0.929598  0.039282 0.590557 1 0 1.000000
0  0.484472 10.823603 5.731352  0.524031 -0.008170 -0.851660  0.039282 0.590557 1 0 1.000000
0  0.516672 5.401713 5.814786  0.376828 -0.004572 -0.926272  0.039282 0.590557 1 0 1.000000
lowpoly_metal.053
0  -0.255956 -8.738876 9.479361  -0.001838 -0.999997 0.001366  0.060711 0.469699 1 0 1.000000
0  -0.334309 -8.738966 9.198886  0.911345 -0.164087 -0.377525  0.060711 0.469699 1 0 1.000000
0  -0.202467 -8.739050 9.425871  0.419619 -0.789672 -0.447592  0.060711 0.469699 1 0 1.000000
lowpoly_metal.053
0  0.251506 -8.739050 8.971899  -0.449781 -0.771725 0.449597  0.060711 0.469699 1 0 1.000000
0  0.304996 -8.738882 8.918409  0.001585 -0.999998 -0.001556  0.060711 0.469699 1 0 1.000000
0  0.395952 -8.738939 9.198885  -0.910930 -0.165872 0.377748  0.060711 0.469699 1 0 1.000000
lowpoly_metal.053
0  0.024515 -8.738968 9.557713  0.465149 -0.226204 -0.855844  0.060711 0.469699 1 0 1.000000
0  -0.255956 -8.738876 9.479361  -0.001838 -0.999997 0.001366  0.060711 0.469699 1 0 1.000000
0  -0.202467 -8.739050 9.425871  0.419619 -0.789672 -0.447592  0.060711 0.469699 1 0 1.000000
lowpoly_metal.053
0  0.039733 -8.738950 8.833754  -0.377168 -0.171992 0.910034  0.060711 0.469699 1 0 1.000000
0  0.304996 -8.738882 8.918409  0.001585 -0.999998 -0.001556  0.060711 0.469699 1 0 1.000000
0  0.251506 -8.739050 8.971899  -0.449781 -0.771725 0.449597  0.060711 0.469699 1 0 1.000000
lowpoly_metal.053
0  -0.334309 -8.738966 9.198886  0.911345 -0.164087 0.377525  0.060711 0.469699 1 0 1.000000
0  -0.255956 -8.738876 8.918409  -0.001599 -0.999997 -0.001666  0.060711 0.469699 1 0 1.000000
0  -0.202468 -8.739050 8.971899  0.441841 -0.780682 0.441941  0.060711 0.469699 1 0 1.000000
lowpoly_metal.053
0  -0.401474 5.669234 6.124465  0.000003 1.000000 0.000000  0.026458 0.410980 1 0 1.000000
0  0.450525 5.669231 5.896126  0.000003 1.000000 0.000000  0.026458 0.410980 1 0 1.000000
0  -0.401474 5.669234 5.896126  0.000003 1.000000 0.000000  0.026458 0.410980 1 0 1.000000
lowpoly_plastic.050
0  -0.669528 -4.483408 7.430299  -0.999965 0.005563 0.006323  0.075349 0.627009 1 0 1.000000
0  -0.672055 -4.229078 7.494177  -0.999388 -0.034986 0.000382  0.075349 0.627009 1 0 1.000000
0  -0.675735 -4.105824 7.381494  -0.999388 -0.034976 0.000382  0.075349 0.627009 1 0 1.000000
lowpoly_plastic.050
0  -0.751752 -1.128663 5.721642  -0.709397 -0.384149 -0.590919  0.075349 0.627009 1 0 1.000000
0  -0.303153 -1.409101 5.365410  -0.709398 -0.384153 -0.590915  0.075349 0.627009 1 0 1.000000
0  -0.747092 -1.693157 6.035406  -0.709393 -0.384136 -0.590933  0.075349 0.627009 1 0 1.000000
lowpoly_plastic.050
0  -0.680753 -8.359455 7.781298  -0.975036 0.020845 0.221066  0.075349 0.627009 1 0 1.000000
0  -0.394809 -7.075104 8.340652  -0.921016 -0.047659 0.386599  0.075349 0.627009 1 0 1.000000
0  -0.685073 -7.083714 7.556819  -0.989307 0.003105 0.145814  0.075349 0.627009 1 0 1.000000
lowpoly_plastic.050
0  -0.751755 0.974639 5.721643  -0.947845 0.171515 -0.268648  0.075349 0.627009 1 0 1.000000
0  -0.303148 1.357497 5.356516  -0.438273 0.833234 -0.337103  0.075349 0.627009 1 0 1.000000
0  -0.303150 0.974641 5.135504  -0.753589 0.355982 -0.552613  0.075349 0.627009 1 0 1.000000
lowpoly_plastic.050
0  -0.672477 -6.126513 7.773316  -0.957788 -0.017787 0.286924  0.075349 0.627009 1 0 1.000000
0  -0.397708 -6.353780 8.340463  -0.925747 -0.077249 0.370168  0.075349 0.627009 1 0 1.000000
0  -0.391901 -6.126515 8.340598  -0.919398 -0.007564 0.393255  0.075349 0.627009 1 0 1.000000
lowpoly_metal.053
0  -0.409619 5.337453 8.496845  -0.933716 0.350453 -0.073198  0.039282 0.590557 1 0 1.000000
0  0.278991 5.337458 8.613636  0.225355 0.928755 0.294327  0.039282 0.590557 1 0 1.000000
0  0.464263 5.337460 8.471774  0.748385 0.597019 -0.288944  0.039282 0.590557 1 0 1.000000
lowpoly_metal.053
0  -0.429495 1.283834 6.405801  0.997649 0.003145 -0.068461  0.039282 0.590557 1 0 1.000000
0  -0.429491 1.283828 5.848956  0.997650 0.003158 -0.068443  0.039282 0.590557 1 0 1.000000
0  -0.481668 1.900404 5.852069  0.998611 0.032309 0.041616  0.039282 0.590557 1 0 1.000000
lowpoly_plastic.050
0  -0.751755 0.974639 5.721643  -0.794109 -0.000000 -0.607775  0.075349 0.627009 1 0 1.000000
0  -0.303148 -1.128663 5.135503  -0.794110 -0.000001 -0.607774  0.075349 0.627009 1 0 1.000000
0  -0.751752 -1.128663 5.721642  -0.794110 -0.000001 -0.607774  0.075349 0.627009 1 0 1.000000
lowpoly_plastic.050
0  -0.672311 -2.332163 7.761062  -0.966096 -0.054551 0.252353  0.075349 0.627009 1 0 1.000000
0  -0.394810 -2.559430 8.340653  -0.928180 -0.064875 0.366434  0.075349 0.627009 1 0 1.000000
0  -0.392780 -2.332164 8.344635  -0.910397 -0.072543 0.407327  0.075349 0.627009 1 0 1.000000
lowpoly_plastic.050
0  -0.395758 -3.982308 8.344644  -0.919488 -0.007492 0.393047  0.075349 0.627009 1 0 1.000000
0  -0.672356 -3.755049 7.773396  -0.963802 -0.047425 0.262367  0.075349 0.627009 1 0 1.000000
0  -0.690727 -3.972300 7.566582  -0.993661 -0.019723 0.110679  0.075349 0.627009 1 0 1.000000
lowpoly_plastic.050
0  -0.663834 -5.405193 7.790999  -0.909318 0.073267 0.409601  0.075349 0.627009 1 0 1.000000
0  -0.399788 -5.177925 8.336308  -0.921241 0.010584 0.388848  0.075349 0.627009 1 0 1.000000
0  -0.687472 -5.188356 7.569901  -0.993785 0.014710 0.110339  0.075349 0.627009 1 0 1.000000
lowpoly_plastic.050
0  0.448827 -6.828074 8.336307  0.015369 -0.000947 0.999881  0.064370 0.664198 1 0 1.000000
0  0.135348 -7.075100 8.345282  0.015287 -0.000920 0.999883  0.064370 0.664198 1 0 1.000000
0  0.440938 -7.075102 8.340598  0.015448 -0.000921 0.999880  0.064370 0.664198 1 0 1.000000
lowpoly_plastic.050
0  0.135323 -6.353781 8.347420  0.012984 0.001378 0.999915  0.064370 0.664198 1 0 1.000000
0  0.440873 -6.600808 8.340518  0.012843 0.001352 0.999917  0.064370 0.664198 1 0 1.000000
0  0.443830 -6.353783 8.340530  0.012937 0.001355 0.999915  0.064370 0.664198 1 0 1.000000
lowpoly_plastic.050
0  0.448829 -5.879486 8.336308  0.012640 0.005007 0.999908  0.064370 0.664198 1 0 1.000000
0  0.135331 -6.126516 8.346529  0.012632 0.005013 0.999908  0.064370 0.664198 1 0 1.000000
0  0.441886 -6.126518 8.344715  0.012694 0.005061 0.999907  0.064370 0.664198 1 0 1.000000
lowpoly_plastic.050
0  0.445854 -5.405194 8.336401  0.901983 0.000176 0.431771  0.064370 0.664198 1 0 1.000000
0  0.717316 -5.652225 7.769073  0.964498 -0.046222 0.260014  0.064370 0.664198 1 0 1.000000
0  0.717316 -5.405195 7.769074  0.902052 -0.000000 0.431627  0.064370 0.664198 1 0 1.000000
lowpoly_plastic.050
0  0.443707 -5.177928 8.340471  0.009361 -0.001190 0.999955  0.064370 0.664198 1 0 1.000000
0  0.135330 -4.930900 8.346530  0.009407 -0.001165 0.999955  0.064370 0.664198 1 0 1.000000
0  0.135393 -5.177930 8.349648  0.009446 -0.001164 0.999955  0.064370 0.664198 1 0 1.000000
lowpoly_metal.053
0  0.139638 6.099610 7.634862  0.000008 0.984897 0.173139  0.034375 0.595312 1 0 1.000000
0  -0.090587 6.024569 8.061749  -0.000001 0.984898 0.173133  0.034375 0.595312 1 0 1.000000
0  0.139637 6.024570 8.061749  -0.000008 0.984899 0.173128  0.034375 0.595312 1 0 1.000000
lowpoly_metal.053
0  0.229440 -8.717609 8.890734  -0.034844 0.008097 0.999360  0.060711 0.469699 1 0 1.000000
0  -0.175246 -8.336002 8.873532  -0.585975 0.583626 0.562151  0.060711 0.469699 1 0 1.000000
0  -0.173996 -8.717616 8.879716  -0.582220 -0.577290 0.572500  0.060711 0.469699 1 0 1.000000
lowpoly_plastic.050
0  0.135320 -3.508022 8.347421  0.008888 -0.003632 0.999954  0.064370 0.664198 1 0 1.000000
0  0.443707 -3.755043 8.340471  0.008791 -0.003641 0.999955  0.064370 0.664198 1 0 1.000000
0  0.438979 -3.508017 8.344680  0.008842 -0.003659 0.999954  0.064370 0.664198 1 0 1.000000
lowpoly_metal.053
0  0.338663 1.166541 7.271239  -0.471676 0.162135 0.866738  0.060711 0.469699 1 0 1.000000
0  -0.289620 1.340597 7.271239  0.400936 -0.110520 0.909415  0.060711 0.469699 1 0 1.000000
0  -0.358707 1.166539 7.318059  0.537224 -0.148091 0.830337  0.060711 0.469699 1 0 1.000000
lowpoly_plastic.050
0  0.135319 -3.280746 8.347421  0.016556 0.001801 0.999861  0.064370 0.664198 1 0 1.000000
0  0.445855 -3.033726 8.336401  0.016779 0.001801 0.999857  0.064370 0.664198 1 0 1.000000
0  0.135396 -3.033724 8.349647  0.016574 0.001791 0.999861  0.064370 0.664198 1 0 1.000000
lowpoly_metal.053
0  -0.353300 10.373629 8.336334  -1.000000 -0.000002 0.000002  0.030078 0.588281 1 0 1.000000
0  -0.353297 9.079804 8.698236  -0.818824 -0.450299 0.356032  0.030078 0.588281 1 0 1.000000
0  -0.353300 10.373629 8.698236  -1.000000 -0.000002 0.000000  0.030078 0.588281 1 0 1.000000
lowpoly_plastic.050
0  0.445792 -2.559430 8.336320  0.012681 0.004930 0.999907  0.064370 0.664198 1 0 1.000000
0  0.135336 -2.806457 8.346530  0.012670 0.004957 0.999907  0.064370 0.664198 1 0 1.000000
0  0.438979 -2.806457 8.344680  0.012755 0.004956 0.999906  0.064370 0.664198 1 0 1.000000
lowpoly_metal.053
0  0.399374 -8.539097 7.224344  0.553263 0.042455 0.831924  0.043544 0.609912 1 0 1.000000
0  -0.350336 -8.703648 7.072343  -0.515742 -0.856627 0.014134  0.043544 0.609912 1 0 1.000000
0  0.399375 -8.689543 7.072343  0.625530 -0.780092 0.013024  0.043544 0.609912 1 0 1.000000
lowpoly_metal.053
0  0.012859 1.340594 7.692912  0.009118 0.000063 -0.999958  0.060711 0.469699 1 0 1.000000
0  -0.062469 2.832548 7.544469  0.768939 -0.530615 0.356625  0.060711 0.469699 1 0 1.000000
0  0.036183 2.832553 7.692914  -0.007591 -0.555448 -0.831517  0.060711 0.469699 1 0 1.000000
lowpoly_metal.053
0  -0.169108 9.178477 8.907164  -0.673570 -0.472885 0.568052  0.030078 0.588281 1 0 1.000000
0  -0.184482 9.205244 8.764773  -0.920753 -0.369067 -0.126504  0.030078 0.588281 1 0 1.000000
0  0.024525 9.083881 8.835956  -0.130523 -0.362075 0.922966  0.030078 0.588281 1 0 1.000000
lowpoly_plastic.050
0  -0.303584 -2.419113 5.438780  -0.776139 -0.090204 -0.624076  0.075349 0.627009 1 0 1.000000
0  -0.742442 -2.646370 6.015606  -0.761764 -0.005819 -0.647829  0.075349 0.627009 1 0 1.000000
0  -0.742439 -2.419100 6.015604  -0.778321 -0.082348 -0.622443  0.075349 0.627009 1 0 1.000000
lowpoly_metal.053
0  -0.435426 0.695186 5.731354  -0.424370 -0.602672 -0.675793  0.039282 0.590557 1 0 1.000000
0  0.484468 1.900406 5.731354  0.419377 0.581523 -0.697104  0.039282 0.590557 1 0 1.000000
0  0.484468 0.695193 5.731354  -0.020232 0.015443 -0.999676  0.039282 0.590557 1 0 1.000000
lowpoly_metal.053
0  0.024515 -8.738968 9.557713  0.465149 -0.226204 -0.855844  0.060711 0.469699 1 0 1.000000
0  0.392823 -8.317308 9.389365  0.448783 -0.035494 0.892936  0.060711 0.469699 1 0 1.000000
0  0.024517 -8.317308 9.595535  0.448768 -0.035481 0.892944  0.060711 0.469699 1 0 1.000000
lowpoly_plastic.050
0  0.446819 -8.359453 8.352764  0.000827 -0.000342 1.000000  0.075349 0.627009 1 0 1.000000
0  0.135348 -7.075100 8.345282  0.015287 -0.000920 0.999883  0.075349 0.627009 1 0 1.000000
0  -0.086285 -7.075104 8.347420  -0.015268 0.002514 0.999880  0.075349 0.627009 1 0 1.000000
lowpoly_plastic.050
0  0.788396 -5.492135 6.016763  0.795865 -0.000212 -0.605473  0.064370 0.664198 1 0 1.000000
0  0.352799 -5.739163 5.443046  0.794814 0.000517 -0.606852  0.064370 0.664198 1 0 1.000000
0  0.355714 -5.492136 5.438798  0.795857 -0.000162 -0.605485  0.064370 0.664198 1 0 1.000000
lowpoly_metal.053
0  -0.967177 2.728680 7.552804  -0.565903 0.320080 -0.759804  0.060711 0.469699 1 0 1.000000
0  -0.967176 2.705456 7.255124  -0.590008 0.336253 0.734046  0.060711 0.469699 1 0 1.000000
0  -0.967175 2.487803 7.405304  -0.636109 0.771502 -0.012198  0.060711 0.469699 1 0 1.000000
lowpoly_plastic.050
0  0.724090 -4.983974 7.399893  0.999871 -0.009219 0.013161  0.075349 0.627009 1 0 1.000000
0  0.723001 -5.437527 7.423083  0.999851 0.000297 0.017240  0.075349 0.627009 1 0 1.000000
0  0.724833 -6.003001 7.381465  0.999726 -0.000385 -0.023411  0.075349 0.627009 1 0 1.000000
lowpoly_metal.053
0  0.431563 1.784142 6.052372  -0.319564 0.793965 -0.517203  0.060711 0.469699 1 0 1.000000
0  0.020541 -14.885753 5.772429  0.480794 0.006953 -0.876806  0.060711 0.469699 1 0 1.000000
0  0.010031 1.784143 5.842463  -0.334891 0.800383 -0.497228  0.060711 0.469699 1 0 1.000000
lowpoly_metal.053
0  0.399375 -8.689543 7.072343  0.625530 -0.780092 0.013024  0.043544 0.609912 1 0 1.000000
0  0.399371 -8.388667 7.072344  1.000000 0.000015 -0.000001  0.043544 0.609912 1 0 1.000000
0  0.399374 -8.539097 7.224344  0.553263 0.042455 0.831924  0.043544 0.609912 1 0 1.000000
lowpoly_plastic.050
0  0.197510 -6.440727 5.433388  0.019186 0.002790 -0.999812  0.064370 0.664198 1 0 1.000000
0  0.352648 -6.687753 5.438807  0.019299 0.002823 -0.999810  0.064370 0.664198 1 0 1.000000
0  0.197507 -6.687746 5.431209  0.019200 0.002869 -0.999812  0.064370 0.664198 1 0 1.000000
lowpoly_metal.053
0  0.024517 -14.244351 7.073570  0.500000 0.001336 -0.866024  0.060711 0.469699 1 0 1.000000
0  0.432558 -1.834394 7.327700  0.499998 0.001294 -0.866026  0.060711 0.469699 1 0 1.000000
0  0.448618 -14.244353 7.318425  0.500000 0.001336 -0.866024  0.060711 0.469699 1 0 1.000000
lowpoly_plastic.050
0  -0.745537 -2.893399 6.014472  -0.776572 0.074898 -0.625561  0.075349 0.627009 1 0 1.000000
0  -0.306674 -3.120673 5.438799  -0.795863 -0.000173 -0.605476  0.075349 0.627009 1 0 1.000000
0  -0.742427 -3.120662 6.020809  -0.795863 -0.000177 -0.605477  0.075349 0.627009 1 0 1.000000
lowpoly_metal.053
0  0.788902 9.838312 6.783607  0.640693 -0.251662 0.725382  0.028340 0.414408 1 0 1.000000
0  0.649443 20.339096 6.812089  -0.179738 -0.006431 0.983694  0.028340 0.414408 1 0 1.000000
0  0.649438 9.835551 6.774317  -0.075994 -0.375762 0.923595  0.028340 0.414408 1 0 1.000000
lowpoly_plastic.050
0  0.441886 -6.126518 8.344715  0.928328 0.062882 0.366406  0.075349 0.627009 1 0 1.000000
0  0.713162 -6.353777 7.778123  0.910276 0.087136 0.404728  0.075349 0.627009 1 0 1.000000
0  0.735976 -6.134954 7.555384  0.990759 0.014431 0.134867  0.075349 0.627009 1 0 1.000000
lowpoly_metal.053
0  0.506061 -8.317268 7.285264  0.993867 -0.057032 -0.094739  0.060711 0.469699 1 0 1.000000
0  0.506061 -9.240919 7.841300  0.617119 -0.784664 -0.058866  0.060711 0.469699 1 0 1.000000
0  0.405559 -9.240913 7.343287  0.979326 -0.179431 -0.093406  0.060711 0.469699 1 0 1.000000
lowpoly_plastic.050
0  0.717316 -5.177928 7.769075  0.900588 -0.003043 0.434664  0.075349 0.627009 1 0 1.000000
0  0.445854 -5.405194 8.336401  0.901983 0.000176 0.431771  0.075349 0.627009 1 0 1.000000
0  0.717316 -5.405195 7.769074  0.902052 -0.000000 0.431627  0.075349 0.627009 1 0 1.000000
lowpoly_metal.053
0  0.649442 20.339096 6.140539  0.024299 -0.999705 0.000102  0.028340 0.414408 1 0 1.000000
0  0.398850 20.333063 6.702886  -0.182346 -0.948215 0.260072  0.028340 0.414408 1 0 1.000000
0  0.415315 20.333391 6.246755  -0.175016 -0.937109 -0.301986  0.028340 0.414408 1 0 1.000000
lowpoly_plastic.050
0  0.721249 -4.456601 7.761149  0.959190 0.007976 0.282649  0.075349 0.627009 1 0 1.000000
0  0.444797 -4.229341 8.344643  0.927009 0.072996 0.367866  0.075349 0.627009 1 0 1.000000
0  0.445791 -4.456606 8.336319  0.922243 -0.002087 0.386606  0.075349 0.627009 1 0 1.000000
lowpoly_plastic.050
0  0.716967 -1.610842 7.782747  0.899225 -0.008610 0.437403  0.075349 0.627009 1 0 1.000000
0  0.446823 0.690610 8.352764  0.896149 -0.004711 0.443728  0.075349 0.627009 1 0 1.000000
0  0.442893 -1.610844 8.336385  0.899143 -0.008466 0.437574  0.075349 0.627009 1 0 1.000000
lowpoly_metal.053
0  0.398850 20.333063 6.702886  -0.182346 -0.948215 0.260072  0.028340 0.414408 1 0 1.000000
0  0.276201 21.300842 6.701533  -0.570116 0.807029 0.153856  0.028340 0.414408 1 0 1.000000
0  0.193830 20.444090 6.715146  -0.655373 -0.388469 0.647748  0.028340 0.414408 1 0 1.000000
lowpoly_plastic.050
0  0.721400 -3.508014 7.773395  0.963735 0.046966 0.262697  0.075349 0.627009 1 0 1.000000
0  0.446814 -3.280751 8.340545  0.925850 0.077081 0.369946  0.075349 0.627009 1 0 1.000000
0  0.438979 -3.508017 8.344680  0.907940 0.062960 0.414345  0.075349 0.627009 1 0 1.000000
lowpoly_plastic.050
0  -0.310760 11.331577 1.611409  -0.395623 0.773488 -0.495176  0.034333 0.623884 1 0 1.000000
0  -0.465411 10.989903 2.456993  -0.927573 0.311926 0.205697  0.034333 0.623884 1 0 1.000000
0  -0.299584 11.284920 2.259545  -0.815299 0.563274 0.134204  0.034333 0.623884 1 0 1.000000
lowpoly_plastic.050
0  0.348633 10.034693 5.463179  0.080938 0.204255 -0.975566  0.034333 0.623884 1 0 1.000000
0  -0.299584 10.775881 5.564582  0.080922 0.204241 -0.975570  0.034333 0.623884 1 0 1.000000
0  0.494545 10.821341 5.693752  0.080953 0.204272 -0.975561  0.034333 0.623884 1 0 1.000000
lowpoly_metal.053
0  0.045575 -8.368608 8.799088  0.046398 0.632220 -0.773399  0.060711 0.469699 1 0 1.000000
0  0.068436 -8.696760 9.009204  0.772222 -0.634526 0.032417  0.060711 0.469699 1 0 1.000000
0  0.003461 -8.707890 8.799088  -0.098790 -0.578424 -0.809732  0.060711 0.469699 1 0 1.000000
lowpoly_plastic.050
0  -0.473027 9.153320 1.213642  -0.999889 -0.002808 0.014660  0.034333 0.623884 1 0 1.000000
0  -0.473026 8.968909 1.421993  -0.999889 -0.002804 0.014631  0.034333 0.623884 1 0 1.000000
0  -0.473195 9.236617 1.765248  -0.929789 -0.364064 0.054307  0.034333 0.623884 1 0 1.000000
lowpoly_metal.053
0  -0.302294 -14.859981 7.288012  0.460372 -0.000001 0.887726  0.060711 0.469699 1 0 1.000000
0  0.024518 -14.247867 7.118530  0.460372 -0.000002 0.887726  0.060711 0.469699 1 0 1.000000
0  -0.302292 -14.247863 7.288013  0.460373 -0.000003 0.887725  0.060711 0.469699 1 0 1.000000
lowpoly_plastic.050
0  0.348637 9.756498 5.142990  -0.000002 0.754876 -0.655868  0.034333 0.623884 1 0 1.000000
0  -0.299583 10.034689 5.463179  -0.000001 0.754877 -0.655866  0.034333 0.623884 1 0 1.000000
0  0.348633 10.034693 5.463179  -0.000004 0.754874 -0.655870  0.034333 0.623884 1 0 1.000000
lowpoly_plastic.050
0  0.446823 0.690610 8.352764  0.000005 1.000000 0.000007  0.075349 0.627009 1 0 1.000000
0  0.485838 0.690614 7.816396  0.000018 1.000000 0.000006  0.075349 0.627009 1 0 1.000000
0  0.024522 0.690612 8.093842  0.000000 1.000000 0.000002  0.075349 0.627009 1 0 1.000000
lowpoly_metal.053
0  -0.713476 4.860159 7.657002  -0.028193 -0.908038 -0.417938  0.039282 0.590557 1 0 1.000000
0  -0.514677 4.945932 7.555318  0.040972 -0.801775 -0.596221  0.039282 0.590557 1 0 1.000000
0  -0.513787 4.827313 7.714895  -0.079257 -0.959337 -0.270907  0.039282 0.590557 1 0 1.000000
lowpoly_plastic.050
0  0.794617 -1.697784 7.036812  0.999985 -0.004856 -0.002573  0.064370 0.664198 1 0 1.000000
0  0.793847 -1.821298 7.149887  0.999985 -0.004860 -0.002574  0.064370 0.664198 1 0 1.000000
0  0.791529 -1.944816 7.036521  0.999985 -0.004854 -0.002581  0.064370 0.664198 1 0 1.000000
lowpoly_plastic.050
0  0.222619 8.680766 1.377718  -0.010522 -0.802656 0.596350  0.034333 0.623884 1 0 1.000000
0  -0.154209 8.909995 1.679599  0.002786 -0.981776 0.190022  0.034333 0.623884 1 0 1.000000
0  -0.173569 8.680771 1.377716  -0.010653 -0.802733 0.596243  0.034333 0.623884 1 0 1.000000
lowpoly_plastic.050
0  0.209108 8.916268 1.701589  0.706337 -0.675561 0.211438  0.034333 0.623884 1 0 1.000000
0  0.522247 9.236613 1.765233  0.929535 -0.364302 0.057008  0.034333 0.623884 1 0 1.000000
0  0.500195 9.128832 2.152453  0.944691 -0.312129 -0.100669  0.034333 0.623884 1 0 1.000000
lowpoly_plastic.050
0  -0.299587 9.756499 5.142990  -0.619904 0.592339 -0.514639  0.034333 0.623884 1 0 1.000000
0  -0.473027 10.014786 5.649189  -0.619902 0.592342 -0.514638  0.034333 0.623884 1 0 1.000000
0  -0.299583 10.034689 5.463179  -0.619900 0.592345 -0.514637  0.034333 0.623884 1 0 1.000000
lowpoly_plastic.050
0  0.793357 -1.693540 6.032045  0.799858 -0.017020 -0.599948  0.064370 0.664198 1 0 1.000000
0  0.346369 -1.944810 5.434575  0.797192 0.004150 -0.603712  0.064370 0.664198 1 0 1.000000
0  0.353372 -1.698216 5.433679  0.800783 -0.065916 -0.595317  0.064370 0.664198 1 0 1.000000
lowpoly_metal.053
0  -0.513965 1.308586 7.716512  -0.056780 0.998001 -0.027750  0.039282 0.590557 1 0 1.000000
0  -0.695196 1.378268 7.282770  0.107749 0.775789 0.621725  0.039282 0.590557 1 0 1.000000
0  -0.674937 1.319732 7.807410  -0.048686 0.991896 -0.117354  0.039282 0.590557 1 0 1.000000
lowpoly_plastic.050
0  0.348634 9.874224 4.645876  -0.000003 0.973087 0.230439  0.034333 0.623884 1 0 1.000000
0  -0.299587 9.756499 5.142990  -0.000005 0.973087 0.230436  0.034333 0.623884 1 0 1.000000
0  0.348637 9.756498 5.142990  0.000002 0.973085 0.230446  0.034333 0.623884 1 0 1.000000
lowpoly_plastic.050
0  -0.299584 11.284920 2.259545  -0.008691 0.996704 0.080652  0.034333 0.623884 1 0 1.000000
0  0.345848 11.344227 1.596163  0.372404 0.772481 -0.514381  0.034333 0.623884 1 0 1.000000
0  -0.310760 11.331577 1.611409  -0.395623 0.773488 -0.495176  0.034333 0.623884 1 0 1.000000
lowpoly_plastic.050
0  -0.472897 8.285586 4.549574  -0.912569 -0.402674 -0.071222  0.034333 0.623884 1 0 1.000000
0  -0.197022 8.052303 4.440020  -0.738428 -0.658293 -0.146200  0.034333 0.623884 1 0 1.000000
0  -0.438734 8.152330 5.755660  -0.991199 -0.132330 -0.003754  0.034333 0.623884 1 0 1.000000
lowpoly_metal.053
0  0.278991 7.204718 8.613634  0.165575 -0.643041 0.747719  0.039282 0.590557 1 0 1.000000
0  0.462023 7.204716 8.460897  0.730657 -0.601777 -0.322498  0.039282 0.590557 1 0 1.000000
0  0.458671 7.502048 8.496845  0.946962 0.313618 -0.070049  0.039282 0.590557 1 0 1.000000
lowpoly_plastic.050
0  0.791529 -2.172082 7.036520  0.999995 -0.001242 -0.002938  0.064370 0.664198 1 0 1.000000
0  0.795742 -2.295597 7.150066  0.999995 -0.001250 -0.002946  0.064370 0.664198 1 0 1.000000
0  0.790206 -2.419112 7.036394  0.999995 -0.001243 -0.002945  0.064370 0.664198 1 0 1.000000
lowpoly_plastic.050
0  0.791500 -2.172080 6.020849  0.797035 -0.000908 -0.603933  0.064370 0.664198 1 0 1.000000
0  0.349417 -2.419114 5.434563  0.485208 -0.052489 -0.872822  0.064370 0.664198 1 0 1.000000
0  0.358951 -2.172079 5.443047  0.797005 -0.000820 -0.603972  0.064370 0.664198 1 0 1.000000
lowpoly_plastic.050
0  0.024531 21.927032 7.183162  0.044642 0.897298 0.439163  0.005204 0.735637 1 0 1.000000
0  0.570352 22.041712 6.791909  0.026601 0.987416 0.155891  0.005204 0.735637 1 0 1.000000
0  -0.257407 22.044914 6.966867  -0.093255 0.946956 0.307536  0.005204 0.735637 1 0 1.000000
lowpoly_plastic.050
0  0.348634 9.874224 4.645876  -0.000007 0.860832 0.508889  0.034333 0.623884 1 0 1.000000
0  -0.299584 11.284920 2.259545  0.000001 0.860833 0.508887  0.034333 0.623884 1 0 1.000000
0  -0.299586 9.874217 4.645876  -0.000008 0.860832 0.508889  0.034333 0.623884 1 0 1.000000
lowpoly_plastic.050
0  0.514138 10.989615 2.457020  0.927128 0.313680 0.205031  0.034333 0.623884 1 0 1.000000
0  0.345848 11.344227 1.596163  0.372404 0.772481 -0.514381  0.034333 0.623884 1 0 1.000000
0  0.348635 11.284918 2.259545  0.811141 0.569661 0.132426  0.034333 0.623884 1 0 1.000000
lowpoly_plastic.050
0  0.790208 -2.646376 7.036397  0.999995 -0.000999 -0.003026  0.064370 0.664198 1 0 1.000000
0  0.794622 -2.893405 7.036811  0.999995 -0.000985 -0.003041  0.064370 0.664198 1 0 1.000000
0  0.794559 -2.646373 6.019647  0.999995 -0.001032 -0.002997  0.064370 0.664198 1 0 1.000000
lowpoly_metal.053
0  0.458671 7.502048 8.496845  0.946962 0.313618 -0.070049  0.039282 0.590557 1 0 1.000000
0  -0.409621 7.204719 8.496845  -0.946963 -0.313614 -0.070052  0.039282 0.590557 1 0 1.000000
0  -0.412974 7.502050 8.460896  -0.730654 0.601779 -0.322502  0.039282 0.590557 1 0 1.000000
lowpoly_plastic.050
0  0.500198 10.661115 2.954294  0.941119 0.290817 0.172396  0.034333 0.623884 1 0 1.000000
0  0.500195 9.128832 2.152453  0.944691 -0.312129 -0.100669  0.034333 0.623884 1 0 1.000000
0  0.492853 10.937518 2.530440  0.932160 0.261366 0.250530  0.034333 0.623884 1 0 1.000000
lowpoly_metal.053
0  0.384380 12.190787 7.420599  -0.000043 0.246864 0.969050  0.039282 0.590557 1 0 1.000000
0  0.744244 13.240620 7.153235  -0.000128 0.246837 0.969057  0.039282 0.590557 1 0 1.000000
0  0.024531 13.257547 7.148829  0.000001 0.246845 0.969055  0.039282 0.590557 1 0 1.000000
lowpoly_plastic.050
0  0.335574 8.056945 5.755444  -0.025995 -0.546272 0.837205  0.034333 0.623884 1 0 1.000000
0  -0.197022 8.052303 4.440020  -0.033610 -0.991670 -0.124339  0.034333 0.623884 1 0 1.000000
0  0.247228 8.052661 4.442492  -0.032287 -0.991118 -0.129009  0.034333 0.623884 1 0 1.000000
lowpoly_metal.053
0  -0.114756 7.212472 4.846313  -0.000001 0.992669 -0.120861  0.074523 0.389844 1 0 1.000000
0  0.163809 7.276587 5.372906  0.000011 0.992669 -0.120868  0.074523 0.389844 1 0 1.000000
0  0.163807 7.212475 4.846313  -0.000010 0.992670 -0.120855  0.074523 0.389844 1 0 1.000000
lowpoly_metal.053
0  0.325103 6.107079 4.504025  0.817902 0.239838 0.522986  0.074523 0.389844 1 0 1.000000
0  -0.275893 7.446129 4.482029  -0.024299 -0.151118 0.988217  0.074523 0.389844 1 0 1.000000
0  -0.275876 6.114514 4.516308  0.011974 0.415961 0.909304  0.074523 0.389844 1 0 1.000000
lowpoly_metal.053
0  0.458667 8.043201 8.496845  0.000019 0.203945 0.978982  0.039282 0.590557 1 0 1.000000
0  -0.412974 8.043199 8.460896  -0.736866 0.590924 -0.328385  0.039282 0.590557 1 0 1.000000
0  -0.229943 8.043198 8.613634  -0.165575 0.643035 0.747724  0.039282 0.590557 1 0 1.000000
lowpoly_metal.053
0  -0.409622 4.498974 8.496846  -0.946963 -0.313616 -0.070047  0.039282 0.590557 1 0 1.000000
0  0.462022 4.498972 8.460896  0.730658 -0.601775 -0.322501  0.039282 0.590557 1 0 1.000000
0  0.278991 4.498973 8.613634  0.165572 -0.643036 0.747724  0.039282 0.590557 1 0 1.000000
lowpoly_plastic.050
0  -0.303760 -5.739166 5.443046  -0.031314 -0.000043 -0.999510  0.064370 0.664198 1 0 1.000000
0  -0.148469 -5.492136 5.433388  -0.031333 -0.000046 -0.999509  0.064370 0.664198 1 0 1.000000
0  -0.148467 -5.739168 5.429757  -0.031317 -0.000047 -0.999510  0.064370 0.664198 1 0 1.000000
lowpoly_metal.053
0  0.278991 7.204718 8.613634  0.165575 -0.643041 0.747719  0.039282 0.590557 1 0 1.000000
0  -0.229945 7.502047 8.613634  -0.165580 0.643030 0.747727  0.039282 0.590557 1 0 1.000000
0  -0.409621 7.204719 8.496845  -0.946963 -0.313614 -0.070052  0.039282 0.590557 1 0 1.000000
lowpoly_metal.053
0  0.163805 6.830441 5.751916  1.000000 -0.000004 0.000006  0.074523 0.389844 1 0 1.000000
0  0.163806 7.050551 5.039714  0.635877 -0.771754 0.007517  0.074523 0.389844 1 0 1.000000
0  0.163809 7.276587 5.372906  1.000000 -0.000005 0.000005  0.074523 0.389844 1 0 1.000000
lowpoly_metal.053
0  -0.337767 -14.446389 7.373905  0.999921 -0.012543 0.000374  0.060711 0.469699 1 0 1.000000
0  -0.375153 -16.243917 7.794031  -0.359648 -0.836560 -0.413305  0.060711 0.469699 1 0 1.000000
0  -0.395399 -16.243835 7.344224  -0.549178 -0.751822 -0.364921  0.060711 0.469699 1 0 1.000000
lowpoly_plastic.050
0  -0.690829 -5.869419 7.566973  -0.993731 -0.018955 0.110176  0.064370 0.664198 1 0 1.000000
0  -0.391901 -6.126515 8.340598  -0.919398 -0.007564 0.393255  0.064370 0.664198 1 0 1.000000
0  -0.397713 -5.879484 8.340463  -0.920410 -0.001974 0.390950  0.064370 0.664198 1 0 1.000000
lowpoly_plastic.050
0  0.335574 8.056945 5.755444  0.696694 -0.716576 -0.033713  0.034333 0.623884 1 0 1.000000
0  0.521176 8.294527 4.541164  0.916294 -0.394882 -0.066887  0.034333 0.623884 1 0 1.000000
0  0.522080 8.258101 5.755444  0.696706 -0.716564 -0.033707  0.034333 0.623884 1 0 1.000000
lowpoly_plastic.050
0  0.353372 -1.698216 5.433679  0.002395 -0.011994 -0.999925  0.064370 0.664198 1 0 1.000000
0  0.197509 -1.944808 5.436292  -0.000327 -0.005310 -0.999986  0.064370 0.664198 1 0 1.000000
0  0.197512 -1.697787 5.431210  -0.000392 -0.005314 -0.999986  0.064370 0.664198 1 0 1.000000
lowpoly_plastic.050
0  0.222621 8.865354 1.169165  -0.000006 -0.748822 -0.662772  0.034333 0.623884 1 0 1.000000
0  -0.173569 8.680771 1.377716  -0.000007 -0.748821 -0.662773  0.034333 0.623884 1 0 1.000000
0  -0.173569 8.865357 1.169165  -0.000007 -0.748819 -0.662775  0.034333 0.623884 1 0 1.000000
lowpoly_metal.053
0  0.444431 -16.243916 7.332534  0.437044 -0.817317 -0.375480  0.060711 0.469699 1 0 1.000000
0  0.452522 -15.606483 7.808052  0.999917 -0.011695 0.005451  0.060711 0.469699 1 0 1.000000
0  0.424183 -16.243855 7.805720  0.207489 -0.886110 -0.414437  0.060711 0.469699 1 0 1.000000
lowpoly_plastic.050
0  -0.451141 8.989904 2.638887  -0.944230 -0.311712 -0.106142  0.034333 0.623884 1 0 1.000000
0  -0.451030 9.130513 2.152811  -0.945446 -0.310062 -0.099963  0.034333 0.623884 1 0 1.000000
0  -0.154209 8.909995 1.679599  -0.696458 -0.679137 0.231773  0.034333 0.623884 1 0 1.000000
lowpoly_metal.053
0  0.424183 -16.243855 7.805720  0.207489 -0.886110 -0.414437  0.060711 0.469699 1 0 1.000000
0  0.386798 -14.446402 7.364012  -0.999921 -0.012553 0.000962  0.060711 0.469699 1 0 1.000000
0  0.444431 -16.243916 7.332534  0.437044 -0.817317 -0.375480  0.060711 0.469699 1 0 1.000000
lowpoly_metal.053
0  0.014394 -16.243765 8.042315  0.086782 -0.984777 0.150609  0.060711 0.469699 1 0 1.000000
0  0.369663 -14.446374 7.772451  -0.481644 -0.011559 -0.876291  0.060711 0.469699 1 0 1.000000
0  0.424183 -16.243855 7.805720  0.258064 -0.856286 0.447412  0.060711 0.469699 1 0 1.000000
lowpoly_metal.053
0  -0.375153 -16.243917 7.794031  0.072895 -0.851973 0.518486  0.060711 0.469699 1 0 1.000000
0  0.015947 -14.446399 7.976669  0.508329 -0.011546 -0.861086  0.060711 0.469699 1 0 1.000000
0  0.014394 -16.243765 8.042315  0.065734 -0.847502 0.526706  0.060711 0.469699 1 0 1.000000
lowpoly_plastic.050
0  0.788398 -4.069259 6.016764  0.797032 -0.000889 -0.603937  0.064370 0.664198 1 0 1.000000
0  0.352627 -4.316285 5.438780  0.776036 -0.091055 -0.624081  0.064370 0.664198 1 0 1.000000
0  0.358953 -4.069251 5.443046  0.797021 -0.000835 -0.603951  0.064370 0.664198 1 0 1.000000
lowpoly_metal.053
0  0.448618 -14.244351 7.814320  0.490444 0.001319 0.871471  0.060711 0.469699 1 0 1.000000
0  0.024515 -15.606488 8.055162  0.495241 -0.012032 0.868672  0.060711 0.469699 1 0 1.000000
0  0.452522 -15.606483 7.808052  0.495203 -0.011890 0.868696  0.060711 0.469699 1 0 1.000000
lowpoly_metal.053
0  0.278993 6.663568 8.613634  0.175310 -0.646796 0.742241  0.039282 0.590557 1 0 1.000000
0  0.463488 6.663568 8.450146  0.694074 -0.621398 -0.363491  0.039282 0.590557 1 0 1.000000
0  0.452553 6.960907 8.514297  0.964532 0.262116 -0.031204  0.039282 0.590557 1 0 1.000000
lowpoly_metal.053
0  0.024515 -15.606488 8.055162  -0.509053 -0.011949 0.860652  0.060711 0.469699 1 0 1.000000
0  -0.394234 -14.244354 7.811230  -0.467541 -0.000081 0.883971  0.060711 0.469699 1 0 1.000000
0  -0.403491 -15.606485 7.808053  -0.509016 -0.011913 0.860675  0.060711 0.469699 1 0 1.000000
lowpoly_metal.053
0  -0.403491 -15.606485 7.808053  -0.999871 -0.011653 0.011083  0.060711 0.469699 1 0 1.000000
0  -0.404943 -14.244356 7.321518  -0.999962 -0.001496 -0.008564  0.060711 0.469699 1 0 1.000000
0  -0.398630 -15.606485 7.315703  -0.999872 -0.011581 0.011042  0.060711 0.469699 1 0 1.000000
lowpoly_metal.053
0  0.444431 -16.243916 7.332534  0.058650 -0.993049 -0.102050  0.060711 0.469699 1 0 1.000000
0  0.015947 -14.446374 7.149900  -0.536875 -0.012222 0.843573  0.060711 0.469699 1 0 1.000000
0  0.014393 -16.243719 7.084251  0.086834 -0.984790 -0.150493  0.060711 0.469699 1 0 1.000000
lowpoly_plastic.050
0  0.791533 -5.017849 7.036522  0.999998 -0.000180 -0.001996  0.064370 0.664198 1 0 1.000000
0  0.795741 -5.141354 7.150066  0.999998 -0.000179 -0.001997  0.064370 0.664198 1 0 1.000000
0  0.788439 -5.264868 7.036230  0.999998 -0.000180 -0.001999  0.064370 0.664198 1 0 1.000000
lowpoly_metal.053
0  -0.418301 6.960901 8.459514  -0.704924 0.628521 -0.328699  0.039282 0.590557 1 0 1.000000
0  0.463488 6.663568 8.450146  0.694074 -0.621398 -0.363491  0.039282 0.590557 1 0 1.000000
0  -0.403507 6.663568 8.514297  -0.411470 0.092541 -0.906713  0.039282 0.590557 1 0 1.000000
lowpoly_metal.053
0  -0.239926 -14.638988 6.886992  -0.597985 -0.344772 -0.723565  0.043544 0.609912 1 0 1.000000
0  -0.239933 -14.498452 6.983958  -0.597153 0.801805 0.022752  0.043544 0.609912 1 0 1.000000
0  0.288959 -14.544007 6.888722  0.597865 0.418073 -0.683939  0.043544 0.609912 1 0 1.000000
lowpoly_plastic.050
0  0.522079 8.968904 1.421995  0.561656 -0.655079 0.505384  0.034333 0.623884 1 0 1.000000
0  0.209108 8.916268 1.701589  0.706337 -0.675561 0.211438  0.034333 0.623884 1 0 1.000000
0  0.222619 8.680766 1.377718  0.561650 -0.655088 0.505380  0.034333 0.623884 1 0 1.000000
lowpoly_plastic.050
0  0.794615 -5.492136 7.036814  0.999992 -0.000135 -0.003893  0.064370 0.664198 1 0 1.000000
0  0.794619 -5.615652 7.149962  0.999992 -0.000138 -0.003901  0.064370 0.664198 1 0 1.000000
0  0.791529 -5.739168 7.036520  0.999992 -0.000131 -0.003875  0.064370 0.664198 1 0 1.000000
lowpoly_metal.053
0  0.486953 -14.885759 6.575687  0.493356 0.006966 0.869800  0.060711 0.469699 1 0 1.000000
0  0.024519 -16.011209 6.851856  0.493582 0.010588 0.869635  0.060711 0.469699 1 0 1.000000
0  0.498879 -16.011206 6.577982  0.493595 0.010581 0.869627  0.060711 0.469699 1 0 1.000000
lowpoly_metal.053
0  -0.201890 -14.247867 7.019898  -0.008007 0.999799 0.018375  0.060711 0.469699 1 0 1.000000
0  -0.302292 -14.247863 7.288013  0.000005 1.000000 -0.000014  0.060711 0.469699 1 0 1.000000
0  0.024518 -14.247867 7.118530  -0.249767 0.773217 0.582883  0.060711 0.469699 1 0 1.000000
lowpoly_metal.053
0  0.278523 -14.339593 6.743030  0.603901 0.466460 -0.646312  0.060711 0.469699 1 0 1.000000
0  -0.201890 -14.247867 7.019898  0.038172 0.966463 -0.253954  0.060711 0.469699 1 0 1.000000
0  0.293189 -14.231162 7.199754  0.038169 0.966461 -0.253962  0.060711 0.469699 1 0 1.000000
lowpoly_metal.053
0  -0.275877 5.788221 4.930964  -1.000000 -0.000011 -0.000004  0.074523 0.389844 1 0 1.000000
0  -0.275876 5.717926 4.746368  -1.000000 -0.000006 -0.000006  0.074523 0.389844 1 0 1.000000
0  -0.275877 5.644310 5.356429  -1.000000 -0.000007 0.000004  0.074523 0.389844 1 0 1.000000
lowpoly_metal.053
0  0.431563 1.784141 6.539116  0.367211 0.930138 -0.000001  0.060711 0.469699 1 0 1.000000
0  0.486953 -14.885759 6.032534  0.999976 0.006963 -0.000000  0.060711 0.469699 1 0 1.000000
0  0.431563 1.784142 6.052372  0.380366 0.924836 0.000000  0.060711 0.469699 1 0 1.000000
lowpoly_metal.053
0  -0.236283 -14.336234 6.720360  -0.640244 0.458118 -0.616616  0.060711 0.469699 1 0 1.000000
0  0.255411 -14.859983 6.742576  0.247049 -0.716824 -0.652020  0.060711 0.469699 1 0 1.000000
0  -0.201971 -14.859984 6.771047  -0.194274 -0.761710 -0.618107  0.060711 0.469699 1 0 1.000000
lowpoly_metal.053
0  0.255411 -14.859983 6.742576  0.247049 -0.716824 -0.652020  0.060711 0.469699 1 0 1.000000
0  0.351327 -14.859981 7.288012  0.000010 -1.000000 0.000000  0.060711 0.469699 1 0 1.000000
0  0.024519 -14.859984 7.118530  0.000001 -1.000000 0.000003  0.060711 0.469699 1 0 1.000000
lowpoly_metal.053
0  0.024517 -14.860385 5.716368  0.500001 0.000001 -0.866025  0.060711 0.469699 1 0 1.000000
0  0.533514 -14.318912 6.010239  0.500001 0.000001 -0.866025  0.060711 0.469699 1 0 1.000000
0  0.533519 -14.860381 6.010239  0.500000 0.000004 -0.866025  0.060711 0.469699 1 0 1.000000
lowpoly_metal.053
0  -0.484480 -14.860385 6.597980  -1.000000 -0.000011 0.000000  0.060711 0.469699 1 0 1.000000
0  -0.484486 -14.318912 6.010238  -1.000000 -0.000011 0.000000  0.060711 0.469699 1 0 1.000000
0  -0.484480 -14.860385 6.010239  -1.000000 -0.000011 0.000000  0.060711 0.469699 1 0 1.000000
lowpoly_metal.053
0  0.024518 -14.318908 6.891851  0.000000 1.000000 0.000001  0.060711 0.469699 1 0 1.000000
0  0.533515 -14.318912 6.597980  0.000007 1.000000 0.000000  0.060711 0.469699 1 0 1.000000
0  0.024518 -14.318908 5.716367  0.000000 1.000000 -0.000000  0.060711 0.469699 1 0 1.000000
lowpoly_metal.053
0  -0.414442 6.419751 8.450146  -0.694079 0.621388 -0.363500  0.039282 0.590557 1 0 1.000000
0  0.467351 6.122419 8.459514  0.704924 -0.628522 -0.328698  0.039282 0.590557 1 0 1.000000
0  -0.403507 6.122421 8.514297  -0.964534 -0.262108 -0.031205  0.039282 0.590557 1 0 1.000000
lowpoly_metal.053
0  0.024517 -14.860385 5.716368  0.000004 -1.000000 0.000000  0.060711 0.469699 1 0 1.000000
0  0.533519 -14.860381 6.010239  0.000007 -1.000000 0.000000  0.060711 0.469699 1 0 1.000000
0  0.024517 -14.860385 6.891851  0.000004 -1.000000 -0.000000  0.060711 0.469699 1 0 1.000000
lowpoly_metal.053
0  0.486953 -14.885759 6.032534  0.999976 0.006963 -0.000000  0.060711 0.469699 1 0 1.000000
0  0.498879 -16.011206 6.577982  0.999944 0.010596 -0.000000  0.060711 0.469699 1 0 1.000000
0  0.498879 -16.011206 6.030236  0.999944 0.010596 -0.000000  0.060711 0.469699 1 0 1.000000
lowpoly_metal.053
0  -0.449843 -16.011209 6.577982  -0.999917 0.010563 0.007324  0.060711 0.469699 1 0 1.000000
0  -0.441898 -14.885755 6.039419  -0.999733 0.006955 0.022019  0.060711 0.469699 1 0 1.000000
0  -0.449843 -16.011209 6.030236  -0.999917 0.010576 0.007352  0.060711 0.469699 1 0 1.000000
lowpoly_metal.053
0  0.024521 -1.073688 8.191292  0.469840 0.025012 0.882397  0.060711 0.469699 1 0 1.000000
0  0.508488 1.319507 7.865761  0.383791 0.880997 0.276673  0.060711 0.469699 1 0 1.000000
0  0.024519 1.319526 8.099063  0.349461 0.916892 0.192840  0.060711 0.469699 1 0 1.000000
lowpoly_metal.053
0  0.388087 -12.515279 6.094203  -0.000003 1.000000 -0.000002  0.060711 0.469699 1 0 1.000000
0  0.024518 -12.515281 5.884295  -0.000003 1.000000 -0.000002  0.060711 0.469699 1 0 1.000000
0  -0.339050 -12.515281 6.514019  -0.000002 1.000000 0.000001  0.060711 0.469699 1 0 1.000000
lowpoly_plastic.050
0  -0.739339 -5.264870 6.011526  -0.762981 0.006853 -0.646384  0.075349 0.627009 1 0 1.000000
0  -0.306675 -5.492132 5.438798  -0.776277 0.090687 -0.623835  0.075349 0.627009 1 0 1.000000
0  -0.745538 -5.492138 6.024904  -0.778187 0.083306 -0.622483  0.075349 0.627009 1 0 1.000000
lowpoly_metal.053
0  0.432558 -1.834394 7.798865  0.984429 -0.175780 0.000000  0.060711 0.469699 1 0 1.000000
0  0.568390 -1.073686 7.249279  0.984429 -0.175780 0.000000  0.060711 0.469699 1 0 1.000000
0  0.568390 -1.073686 7.877287  0.984429 -0.175780 0.000000  0.060711 0.469699 1 0 1.000000
lowpoly_metal.053
0  0.568390 -1.073686 7.249279  0.470563 0.008822 -0.882322  0.060711 0.469699 1 0 1.000000
0  0.064457 1.319527 7.004447  0.465091 0.152813 -0.871974  0.060711 0.469699 1 0 1.000000
0  0.568394 1.319364 7.249279  0.699610 0.593953 -0.397196  0.060711 0.469699 1 0 1.000000
lowpoly_metal.053
0  -0.519350 1.319362 7.249279  -0.715856 0.570218 -0.402992  0.060711 0.469699 1 0 1.000000
0  -0.469116 -1.383702 7.836461  -0.999947 -0.009647 0.003468  0.060711 0.469699 1 0 1.000000
0  -0.459445 1.319506 7.865760  -0.992812 0.117551 0.022512  0.060711 0.469699 1 0 1.000000
lowpoly_metal.053
0  -0.229945 5.878601 8.613636  -0.165576 0.643030 0.747728  0.039282 0.590557 1 0 1.000000
0  -0.412974 5.878604 8.460896  -0.736861 0.590930 -0.328386  0.039282 0.590557 1 0 1.000000
0  -0.409623 5.581272 8.496845  -0.933717 -0.350443 -0.073231  0.039282 0.590557 1 0 1.000000
lowpoly_metal.053
0  -0.404943 -14.244356 7.321518  -0.473460 0.000146 -0.880815  0.060711 0.469699 1 0 1.000000
0  0.024517 -1.834394 7.092118  -0.461036 -0.061285 -0.885263  0.060711 0.469699 1 0 1.000000
0  0.024517 -14.244351 7.073570  -0.473515 0.000149 -0.880786  0.060711 0.469699 1 0 1.000000
lowpoly_metal.053
0  -0.409619 5.337453 8.496845  -0.933716 0.350453 -0.073198  0.039282 0.590557 1 0 1.000000
0  0.458667 5.040121 8.496846  0.377377 -0.125431 -0.917526  0.039282 0.590557 1 0 1.000000
0  -0.412976 5.040123 8.460898  -0.736872 -0.590926 -0.328370  0.039282 0.590557 1 0 1.000000
lowpoly_metal.053
0  0.024521 -1.073688 8.191292  0.492215 -0.175781 0.852541  0.060711 0.469699 1 0 1.000000
0  0.432558 -1.834394 7.798865  0.492215 -0.175781 0.852541  0.060711 0.469699 1 0 1.000000
0  0.568390 -1.073686 7.877287  0.492215 -0.175780 0.852540  0.060711 0.469699 1 0 1.000000
lowpoly_metal.053
0  0.024521 -1.073688 6.935271  -0.497035 0.000897 -0.867730  0.060711 0.469699 1 0 1.000000
0  -0.519350 1.319362 7.249279  -0.715856 0.570218 -0.402992  0.060711 0.469699 1 0 1.000000
0  0.064457 1.319527 7.004447  -0.493075 0.126181 -0.860787  0.060711 0.469699 1 0 1.000000
lowpoly_metal.053
0  -0.252853 9.718605 9.247574  -0.608864 0.625674 0.487664  0.030078 0.588281 1 0 1.000000
0  -0.065862 9.663700 9.266517  -0.035381 0.978065 0.205271  0.030078 0.588281 1 0 1.000000
0  0.024523 9.718608 9.134824  0.000004 0.995687 -0.092772  0.030078 0.588281 1 0 1.000000
lowpoly_metal.053
0  -0.201890 -14.247867 7.019898  -0.967602 0.050345 -0.247409  0.060711 0.469699 1 0 1.000000
0  -0.302294 -14.859981 7.288012  -0.967603 0.050347 -0.247405  0.060711 0.469699 1 0 1.000000
0  -0.302292 -14.247863 7.288013  -0.967598 0.050329 -0.247428  0.060711 0.469699 1 0 1.000000
lowpoly_metal.053
0  -0.449843 -16.011209 6.577982  0.000003 -1.000000 -0.000002  0.060711 0.469699 1 0 1.000000
0  -0.449843 -16.011209 6.030236  0.000004 -1.000000 0.000002  0.060711 0.469699 1 0 1.000000
0  0.498879 -16.011206 6.030236  0.000005 -1.000000 0.000001  0.060711 0.469699 1 0 1.000000
lowpoly_plastic.050
0  -0.751761 -8.358702 6.012269  -0.000002 -1.000000 0.000001  0.075349 0.627009 1 0 1.000000
0  -0.303149 -8.358704 5.426126  -0.000001 -1.000000 -0.000003  0.075349 0.627009 1 0 1.000000
0  0.800800 -8.358706 6.012269  -0.000001 -1.000000 -0.000002  0.075349 0.627009 1 0 1.000000
lowpoly_plastic.050
0  0.789677 -4.543550 7.036344  0.999993 -0.002338 -0.002896  0.064370 0.664198 1 0 1.000000
0  0.792852 -4.790576 7.036644  0.999993 -0.002328 -0.002920  0.064370 0.664198 1 0 1.000000
0  0.794557 -4.543553 6.019646  0.999993 -0.002373 -0.002877  0.064370 0.664198 1 0 1.000000
lowpoly_metal.053
0  0.024517 -14.244351 7.073570  0.500000 0.001336 -0.866024  0.060711 0.469699 1 0 1.000000
0  0.447661 -15.606486 7.315705  0.499966 -0.012038 -0.865961  0.060711 0.469699 1 0 1.000000
0  0.024515 -15.606486 7.071401  0.499964 -0.012028 -0.865963  0.060711 0.469699 1 0 1.000000
lowpoly_metal.053
0  -0.404943 -14.244356 7.321518  -0.473460 0.000146 -0.880815  0.060711 0.469699 1 0 1.000000
0  0.024515 -15.606486 7.071401  -0.508860 -0.011681 -0.860770  0.060711 0.469699 1 0 1.000000
0  -0.398630 -15.606485 7.315703  -0.508881 -0.011762 -0.860756  0.060711 0.469699 1 0 1.000000
lowpoly_plastic.050
0  0.791499 -5.017834 6.020847  0.795858 -0.000056 -0.605484  0.064370 0.664198 1 0 1.000000
0  0.349589 -5.264873 5.438816  0.795850 -0.000081 -0.605494  0.064370 0.664198 1 0 1.000000
0  0.355715 -5.017854 5.438798  0.795865 -0.000132 -0.605475  0.064370 0.664198 1 0 1.000000
lowpoly_metal.053
0  0.163805 6.830441 5.751916  -0.000000 0.032889 0.999459  0.074523 0.389844 1 0 1.000000
0  -0.114756 7.595502 5.726740  -0.000002 0.032890 0.999459  0.074523 0.389844 1 0 1.000000
0  -0.114759 6.830440 5.751916  0.000000 0.032889 0.999459  0.074523 0.389844 1 0 1.000000
lowpoly_plastic.050
0  0.800797 0.974637 5.721643  0.947542 0.172798 -0.268896  0.075349 0.627009 1 0 1.000000
0  0.352196 1.357495 5.356516  0.437063 0.833582 -0.337813  0.075349 0.627009 1 0 1.000000
0  0.808508 1.378179 6.020504  0.689241 0.724131 -0.024121  0.075349 0.627009 1 0 1.000000
lowpoly_plastic.050
0  0.352189 -1.128665 5.135503  0.794107 0.000001 -0.607779  0.075349 0.627009 1 0 1.000000
0  0.800797 0.974637 5.721643  0.794109 -0.000001 -0.607776  0.075349 0.627009 1 0 1.000000
0  0.800799 -1.128663 5.721642  0.794106 0.000001 -0.607780  0.075349 0.627009 1 0 1.000000
lowpoly_metal.053
0  0.024517 -14.860385 6.891851  -0.499999 -0.000003 0.866026  0.060711 0.469699 1 0 1.000000
0  -0.484486 -14.318912 6.597981  -0.499999 -0.000003 0.866026  0.060711 0.469699 1 0 1.000000
0  -0.484480 -14.860385 6.597980  -0.500002 -0.000007 0.866024  0.060711 0.469699 1 0 1.000000
lowpoly_metal.053
0  0.111506 1.340595 7.544467  -0.907087 0.012954 0.420744  0.060711 0.469699 1 0 1.000000
0  0.036183 2.832553 7.692914  -0.007591 -0.555448 -0.831517  0.060711 0.469699 1 0 1.000000
0  0.090129 2.832551 7.505611  -0.606007 -0.610618 0.509804  0.060711 0.469699 1 0 1.000000
lowpoly_metal.053
0  0.024517 -14.860385 6.891851  0.500000 0.000002 0.866026  0.060711 0.469699 1 0 1.000000
0  0.533515 -14.318912 6.597980  0.500000 0.000002 0.866026  0.060711 0.469699 1 0 1.000000
0  0.024518 -14.318908 6.891851  0.500001 -0.000001 0.866025  0.060711 0.469699 1 0 1.000000
lowpoly_metal.053
0  0.452554 6.419751 8.514297  0.000023 0.208433 0.978037  0.039282 0.590557 1 0 1.000000
0  -0.414442 6.419751 8.450146  -0.694079 0.621388 -0.363500  0.039282 0.590557 1 0 1.000000
0  -0.229944 6.419752 8.613634  -0.175297 0.646797 0.742243  0.039282 0.590557 1 0 1.000000
lowpoly_metal.053
0  -0.484480 -14.860385 6.010239  -0.500000 -0.000004 -0.866026  0.060711 0.469699 1 0 1.000000
0  0.024518 -14.318908 5.716367  -0.500000 -0.000004 -0.866025  0.060711 0.469699 1 0 1.000000
0  0.024517 -14.860385 5.716368  -0.500003 -0.000001 -0.866024  0.060711 0.469699 1 0 1.000000
lowpoly_metal.053
0  -0.397010 1.784146 6.077470  -0.287642 0.793860 0.535769  0.060711 0.469699 1 0 1.000000
0  -0.433945 -14.885754 6.573394  -0.999734 0.006960 0.021986  0.060711 0.469699 1 0 1.000000
0  -0.368029 1.784144 6.547481  -0.262720 0.800259 0.539039  0.060711 0.469699 1 0 1.000000
lowpoly_metal.053
0  0.024518 -16.011209 5.756362  0.493582 0.010590 -0.869635  0.060711 0.469699 1 0 1.000000
0  0.486953 -14.885759 6.032534  0.480805 0.006957 -0.876800  0.060711 0.469699 1 0 1.000000
0  0.498879 -16.011206 6.030236  0.493593 0.010583 -0.869628  0.060711 0.469699 1 0 1.000000
lowpoly_metal.053
0  -0.339050 -12.515281 6.094203  0.999466 0.003055 -0.032545  0.060711 0.469699 1 0 1.000000
0  -0.368029 1.784144 6.547481  -0.262720 0.800259 0.539039  0.060711 0.469699 1 0 1.000000
0  -0.339050 -12.515281 6.514019  0.999466 0.003057 -0.032529  0.060711 0.469699 1 0 1.000000
lowpoly_metal.053
0  -0.449843 -16.011209 6.030236  -0.499972 0.010595 -0.865976  0.060711 0.469699 1 0 1.000000
0  0.020541 -14.885753 5.772429  -0.499988 0.006974 -0.866004  0.060711 0.469699 1 0 1.000000
0  0.024518 -16.011209 5.756362  -0.499972 0.010595 -0.865977  0.060711 0.469699 1 0 1.000000
lowpoly_metal.053
0  -0.054609 9.413300 8.764918  0.000062 -0.000299 -1.000000  0.030078 0.588281 1 0 1.000000
0  0.008951 9.184655 8.764902  -0.026408 -0.365586 -0.930403  0.030078 0.588281 1 0 1.000000
0  -0.184482 9.205244 8.764773  -0.015312 -0.146320 -0.989119  0.030078 0.588281 1 0 1.000000
lowpoly_metal.053
0  0.233586 9.621077 8.764748  -0.000118 -0.000357 -1.000000  0.030078 0.588281 1 0 1.000000
0  0.218158 9.178476 8.764766  0.670613 -0.499219 -0.548688  0.030078 0.588281 1 0 1.000000
0  0.139642 9.348771 8.764894  -0.000206 -0.000055 -1.000000  0.030078 0.588281 1 0 1.000000
lowpoly_metal.053
0  -0.054609 9.413300 8.764918  0.000062 -0.000299 -1.000000  0.030078 0.588281 1 0 1.000000
0  -0.184482 9.205244 8.764773  -0.015312 -0.146320 -0.989119  0.030078 0.588281 1 0 1.000000
0  -0.136484 9.662973 8.764758  0.000063 -0.000309 -1.000000  0.030078 0.588281 1 0 1.000000
lowpoly_metal.053
0  0.233586 9.621077 8.764748  -0.000118 -0.000357 -1.000000  0.030078 0.588281 1 0 1.000000
0  0.139642 9.348771 8.764894  -0.000206 -0.000055 -1.000000  0.030078 0.588281 1 0 1.000000
0  -0.054609 9.413300 8.764918  0.000062 -0.000299 -1.000000  0.030078 0.588281 1 0 1.000000
lowpoly_metal.053
0  -0.537366 -8.318642 7.445716  -0.572883 0.584376 -0.574726  0.060711 0.469699 1 0 1.000000
0  0.591756 -8.318642 7.451156  0.581106 0.576411 -0.574515  0.060711 0.469699 1 0 1.000000
0  0.586403 -9.028829 7.439453  0.570536 -0.579513 -0.581940  0.060711 0.469699 1 0 1.000000
lowpoly_plastic.050
0  0.024528 20.382408 7.137254  -0.382687 -0.000002 0.923878  0.005518 0.736972 1 0 1.000000
0  0.024526 21.288469 7.137255  -0.382687 -0.000002 0.923878  0.005518 0.736972 1 0 1.000000
0  -0.459887 21.288465 6.936602  -0.382687 -0.000002 0.923878  0.005518 0.736972 1 0 1.000000
lowpoly_metal.053
0  0.591758 -9.029955 7.685086  0.579147 -0.574143 0.578747  0.060711 0.469699 1 0 1.000000
0  0.586404 -8.321905 7.681238  0.576439 0.577980 0.577630  0.060711 0.469699 1 0 1.000000
0  -0.542719 -8.319438 7.685575  -0.578898 0.570609 0.582480  0.060711 0.469699 1 0 1.000000
lowpoly_plastic.050
0  0.352797 -6.915016 5.443046  0.492505 -0.041705 -0.869310  0.064370 0.664198 1 0 1.000000
0  0.794576 -6.915022 6.014470  0.775136 -0.075372 -0.627283  0.064370 0.664198 1 0 1.000000
0  0.788379 -7.162048 6.011525  0.760148 -0.057266 -0.647221  0.064370 0.664198 1 0 1.000000
lowpoly_metal.053
0  -0.207366 3.336070 5.896126  0.000000 0.000000 -1.000000  0.026458 0.410980 1 0 1.000000
0  -0.401476 3.336065 5.896126  0.000000 0.000000 -1.000000  0.026458 0.410980 1 0 1.000000
0  -0.207365 4.765883 5.896126  0.000000 0.000000 -1.000000  0.026458 0.410980 1 0 1.000000
lowpoly_metal.053
0  -0.401476 3.336065 5.896126  0.000000 0.000000 -1.000000  0.026458 0.410980 1 0 1.000000
0  -0.401474 5.669234 5.896126  0.000000 0.000000 -1.000000  0.026458 0.410980 1 0 1.000000
0  -0.207365 4.765883 5.896126  0.000000 0.000000 -1.000000  0.026458 0.410980 1 0 1.000000
lowpoly_metal.053
0  0.450525 5.669231 5.896126  -0.000001 0.000000 -1.000000  0.026458 0.410980 1 0 1.000000
0  0.450520 3.336070 5.896126  0.000006 0.000000 -1.000000  0.026458 0.410980 1 0 1.000000
0  0.256411 4.765885 5.896126  -0.000002 0.000000 -1.000000  0.026458 0.410980 1 0 1.000000
lowpoly_metal.053
0  0.450520 3.336070 5.896126  0.000006 0.000000 -1.000000  0.026458 0.410980 1 0 1.000000
0  0.256413 3.336067 5.896126  0.000007 0.000000 -1.000000  0.026458 0.410980 1 0 1.000000
0  0.256411 4.765885 5.896126  -0.000002 0.000000 -1.000000  0.026458 0.410980 1 0 1.000000
lowpoly_metal.053
0  0.450525 5.669231 5.896126  -0.000001 0.000000 -1.000000  0.026458 0.410980 1 0 1.000000
0  0.256411 4.765885 5.896126  -0.000002 0.000000 -1.000000  0.026458 0.410980 1 0 1.000000
0  -0.401474 5.669234 5.896126  0.000000 0.000000 -1.000000  0.026458 0.410980 1 0 1.000000
lowpoly_plastic.050
0  0.576708 21.927034 4.274865  0.977634 0.199885 -0.065410  0.005204 0.735637 1 0 1.000000
0  0.637968 21.215155 4.457375  0.992020 0.049565 -0.115932  0.005204 0.735637 1 0 1.000000
0  0.576707 21.565083 2.534606  0.997304 0.071838 -0.014942  0.005204 0.735637 1 0 1.000000
lowpoly_metal.053
0  -0.161782 2.098024 5.850106  0.695293 0.704911 0.140245  0.026458 0.410980 1 0 1.000000
0  0.218493 2.119089 5.854778  -0.765525 0.628381 0.138233  0.026458 0.410980 1 0 1.000000
0  0.192556 2.132670 5.678441  -0.646559 0.746429 0.157496  0.026458 0.410980 1 0 1.000000
lowpoly_metal.053
0  0.448579 1.319366 7.318455  -0.998980 0.006287 0.044721  0.060711 0.469699 1 0 1.000000
0  0.386798 -14.446402 7.364012  -0.999921 -0.012553 0.000962  0.060711 0.469699 1 0 1.000000
0  0.369663 -14.446374 7.772451  -0.999921 -0.012526 0.000998  0.060711 0.469699 1 0 1.000000
lowpoly_plastic.050
0  -0.559246 -1.128663 7.328563  0.180729 0.006038 0.983514  0.075349 0.627009 1 0 1.000000
0  -0.749302 0.977668 7.348302  0.380751 0.013107 0.924585  0.075349 0.627009 1 0 1.000000
0  -0.751760 -8.358702 7.328566  0.000132 -0.000318 1.000000  0.075349 0.627009 1 0 1.000000
lowpoly_plastic.050
0  0.800800 -8.358706 7.328566  0.000078 -0.000329 1.000000  0.075349 0.627009 1 0 1.000000
0  0.798256 0.969179 7.348047  -0.380621 0.013175 0.924637  0.075349 0.627009 1 0 1.000000
0  0.608290 -1.128659 7.328566  -0.180530 0.006064 0.983551  0.075349 0.627009 1 0 1.000000
lowpoly_plastic.050
0  0.024523 -1.409106 7.328566  -0.000001 0.000000 1.000000  0.075349 0.627009 1 0 1.000000
0  -0.559246 -1.128663 7.328563  0.180729 0.006038 0.983514  0.075349 0.627009 1 0 1.000000
0  -0.751760 -8.358702 7.328566  0.000132 -0.000318 1.000000  0.075349 0.627009 1 0 1.000000
lowpoly_plastic.050
0  0.800800 -8.358706 7.328566  0.000078 -0.000329 1.000000  0.075349 0.627009 1 0 1.000000
0  0.608290 -1.128659 7.328566  -0.180530 0.006064 0.983551  0.075349 0.627009 1 0 1.000000
0  0.024523 -1.409106 7.328566  -0.000001 0.000000 1.000000  0.075349 0.627009 1 0 1.000000
lowpoly_plastic.050
0  0.522076 10.014790 5.649189  0.958347 0.027982 -0.284232  0.034333 0.623884 1 0 1.000000
0  0.494545 10.821341 5.693752  0.826655 0.052265 -0.560277  0.034333 0.623884 1 0 1.000000
0  0.522080 8.258101 5.755444  0.999996 0.002715 -0.000125  0.034333 0.623884 1 0 1.000000
lowpoly_plastic.050
0  0.522080 8.258101 5.755444  0.999996 0.002715 -0.000125  0.034333 0.623884 1 0 1.000000
0  0.521176 8.294527 4.541164  0.916294 -0.394882 -0.066887  0.034333 0.623884 1 0 1.000000
0  0.522078 9.562292 5.128387  0.999996 0.002725 -0.000139  0.034333 0.623884 1 0 1.000000
lowpoly_plastic.050
0  0.521176 8.294527 4.541164  0.916294 -0.394882 -0.066887  0.034333 0.623884 1 0 1.000000
0  0.500264 8.526054 4.089299  0.948295 -0.300271 -0.102832  0.034333 0.623884 1 0 1.000000
0  0.522078 9.562292 5.128387  0.999996 0.002725 -0.000139  0.034333 0.623884 1 0 1.000000
lowpoly_plastic.050
0  0.500264 8.526054 4.089299  0.948295 -0.300271 -0.102832  0.034333 0.623884 1 0 1.000000
0  0.507417 9.834221 4.338900  0.944138 0.293587 0.149702  0.034333 0.623884 1 0 1.000000
0  0.522078 9.562292 5.128387  0.999996 0.002725 -0.000139  0.034333 0.623884 1 0 1.000000
lowpoly_metal.053
0  0.832853 11.446931 7.144182  0.544706 0.083160 0.834493  0.043544 0.609912 1 0 1.000000
0  -0.783803 11.544645 7.115975  -0.619469 0.399505 0.675762  0.043544 0.609912 1 0 1.000000
0  -0.783798 11.278991 6.989045  -0.489420 -0.871925 0.014675  0.043544 0.609912 1 0 1.000000
lowpoly_metal.053
0  0.402124 21.279266 6.243047  0.033603 -0.001720 -0.999434  0.028340 0.414408 1 0 1.000000
0  0.415315 20.333391 6.246755  -0.175016 -0.937109 -0.301986  0.028340 0.414408 1 0 1.000000
0  0.193830 20.444090 6.237481  -0.251495 -0.536901 -0.805287  0.028340 0.414408 1 0 1.000000
lowpoly_metal.053
0  -0.444077 10.087942 9.084833  -0.000006 0.499998 0.866026  0.043544 0.609912 1 0 1.000000
0  -0.635217 10.087940 9.084831  -0.000010 0.500000 0.866025  0.043544 0.609912 1 0 1.000000
0  -0.635217 9.673708 9.323988  0.000004 0.499994 0.866029  0.043544 0.609912 1 0 1.000000
lowpoly_metal.053
0  0.263033 -8.738985 9.458919  -0.543704 -0.693406 -0.472836  0.060711 0.469699 1 0 1.000000
0  0.126286 -8.317310 9.518648  -0.844866 -0.151177 -0.513173  0.060711 0.469699 1 0 1.000000
0  0.345523 -8.317308 9.198885  -0.844863 -0.151183 -0.513176  0.060711 0.469699 1 0 1.000000
lowpoly_metal.053
0  -0.319898 -8.290525 7.278664  0.291427 0.000000 0.956593  0.060711 0.469699 1 0 1.000000
0  -0.319898 -9.164660 7.278664  0.291427 0.000000 0.956593  0.060711 0.469699 1 0 1.000000
0  0.024521 -9.164660 7.173737  0.291427 0.000000 0.956593  0.060711 0.469699 1 0 1.000000
lowpoly_metal.053
0  -0.739855 9.743126 6.750535  -0.562377 -0.538526 0.627472  0.028340 0.414408 1 0 1.000000
0  -0.600387 9.755778 6.743824  0.096865 -0.597290 0.796154  0.028340 0.414408 1 0 1.000000
0  -0.600381 20.339096 6.812087  0.136758 0.008696 0.990566  0.028340 0.414408 1 0 1.000000
lowpoly_metal.053
0  -0.444076 9.259474 8.606518  1.000000 0.000001 0.000000  0.043544 0.609912 1 0 1.000000
0  -0.444076 9.673706 8.367361  1.000000 0.000000 -0.000003  0.043544 0.609912 1 0 1.000000
0  -0.444076 9.579007 8.722655  1.000000 -0.000002 -0.000000  0.043544 0.609912 1 0 1.000000
lowpoly_metal.053
0  -0.444076 9.673706 8.367361  1.000000 0.000000 -0.000003  0.043544 0.609912 1 0 1.000000
0  -0.444077 10.087942 8.606518  1.000000 0.000010 -0.000005  0.043544 0.609912 1 0 1.000000
0  -0.444074 9.836473 8.845675  1.000000 0.000003 0.000004  0.043544 0.609912 1 0 1.000000
lowpoly_metal.053
0  -0.444076 9.579007 8.722655  1.000000 -0.000002 -0.000000  0.043544 0.609912 1 0 1.000000
0  -0.444076 9.673706 8.367361  1.000000 0.000000 -0.000003  0.043544 0.609912 1 0 1.000000
0  -0.444074 9.836473 8.845675  1.000000 0.000003 0.000004  0.043544 0.609912 1 0 1.000000
lowpoly_plastic.050
0  -0.300544 -2.893402 5.438817  -0.482148 0.042212 -0.875073  0.064370 0.664198 1 0 1.000000
0  -0.745537 -2.893399 6.014472  -0.776572 0.074898 -0.625561  0.064370 0.664198 1 0 1.000000
0  -0.742442 -2.646370 6.015606  -0.761764 -0.005819 -0.647829  0.064370 0.664198 1 0 1.000000
lowpoly_plastic.050
0  -0.303604 -4.316287 5.438807  -0.490534 -0.056121 -0.869613  0.064370 0.664198 1 0 1.000000
0  -0.739371 -4.316277 6.011566  -0.778557 -0.081487 -0.622261  0.064370 0.664198 1 0 1.000000
0  -0.745536 -4.069252 6.024901  -0.779582 0.082411 -0.620854  0.064370 0.664198 1 0 1.000000
lowpoly_plastic.050
0  -0.300377 -6.213461 5.434562  -0.482964 -0.054341 -0.873952  0.064370 0.664198 1 0 1.000000
0  -0.742445 -6.213453 6.015605  -0.778400 -0.082935 -0.622266  0.064370 0.664198 1 0 1.000000
0  -0.742458 -5.966435 6.020848  -0.797033 -0.000842 -0.603935  0.064370 0.664198 1 0 1.000000
lowpoly_metal.053
0  -0.229945 5.878601 8.613636  -0.165576 0.643030 0.747728  0.039282 0.590557 1 0 1.000000
0  -0.409623 5.581272 8.496845  -0.933717 -0.350443 -0.073231  0.039282 0.590557 1 0 1.000000
0  0.278992 5.581270 8.613636  0.156014 -0.642911 0.749883  0.039282 0.590557 1 0 1.000000
lowpoly_plastic.050
0  -0.086280 -4.930902 8.347420  -0.015228 -0.002772 0.999880  0.064370 0.664198 1 0 1.000000
0  -0.394809 -4.930900 8.340652  -0.015458 -0.002813 0.999877  0.064370 0.664198 1 0 1.000000
0  -0.399788 -5.177925 8.336308  -0.015377 -0.002794 0.999878  0.064370 0.664198 1 0 1.000000
lowpoly_plastic.050
0  -0.391900 -3.755044 8.340598  -0.907983 -0.063691 0.414139  0.064370 0.664198 1 0 1.000000
0  -0.396752 -3.508016 8.336320  -0.909097 0.076452 0.409510  0.064370 0.664198 1 0 1.000000
0  -0.668275 -3.508014 7.769075  -0.964645 0.056664 0.257389  0.064370 0.664198 1 0 1.000000
lowpoly_plastic.050
0  0.135321 -4.703634 8.347421  0.016628 0.001886 0.999860  0.064370 0.664198 1 0 1.000000
0  0.443847 -4.703633 8.340653  0.016801 0.001935 0.999857  0.064370 0.664198 1 0 1.000000
0  0.445791 -4.456606 8.336319  0.016618 0.001897 0.999860  0.064370 0.664198 1 0 1.000000
lowpoly_plastic.050
0  0.570352 22.041712 6.791909  0.559794 0.802860 0.205053  0.005204 0.735637 1 0 1.000000
0  0.732389 21.927032 6.775702  0.556706 0.816897 0.150853  0.005204 0.735637 1 0 1.000000
0  0.732388 21.927034 4.850059  0.559949 0.827742 -0.036058  0.005204 0.735637 1 0 1.000000
lowpoly_plastic.050
0  -0.690727 -6.343766 7.566576  -0.990295 -0.026614 0.136411  0.064370 0.664198 1 0 1.000000
0  -0.684653 -6.609385 7.556599  -0.991435 0.012008 0.130044  0.064370 0.664198 1 0 1.000000
0  -0.392840 -6.600809 8.344714  -0.928635 0.061163 0.365919  0.064370 0.664198 1 0 1.000000
lowpoly_plastic.050
0  -0.148470 -6.213454 5.434598  -0.011701 0.002796 -0.999928  0.064370 0.664198 1 0 1.000000
0  -0.300377 -6.213461 5.434562  -0.482964 -0.054341 -0.873952  0.064370 0.664198 1 0 1.000000
0  -0.306687 -5.966426 5.438816  -0.011700 0.002790 -0.999928  0.064370 0.664198 1 0 1.000000
lowpoly_metal.053
0  -0.335678 10.618719 8.444057  -0.130371 0.931396 0.339860  0.039282 0.590557 1 0 1.000000
0  -0.466786 10.641052 8.260865  -0.609888 0.753833 0.244485  0.039282 0.590557 1 0 1.000000
0  -0.466783 9.998713 9.331595  -0.702361 0.337223 0.626873  0.039282 0.590557 1 0 1.000000
lowpoly_metal.053
0  -0.695188 13.240623 7.153235  -0.755412 0.655038 -0.016690  0.039282 0.590557 1 0 1.000000
0  -0.667681 13.240621 6.738295  -0.467735 0.883677 -0.018423  0.039282 0.590557 1 0 1.000000
0  -0.695193 12.080220 7.310114  -0.999808 0.003345 -0.019316  0.039282 0.590557 1 0 1.000000
lowpoly_metal.053
0  -0.667681 13.240621 6.738295  -0.467735 0.883677 -0.018423  0.039282 0.590557 1 0 1.000000
0  -0.695193 10.823604 6.738296  -0.702776 0.002329 -0.711407  0.039282 0.590557 1 0 1.000000
0  -0.695193 12.080220 7.310114  -0.999808 0.003345 -0.019316  0.039282 0.590557 1 0 1.000000
lowpoly_metal.053
0  -0.695193 10.823604 6.738296  -0.702776 0.002329 -0.711407  0.039282 0.590557 1 0 1.000000
0  -0.695192 10.823604 7.755477  -0.999809 0.003310 -0.019275  0.039282 0.590557 1 0 1.000000
0  -0.695192 11.624237 7.712593  -0.999809 0.003310 -0.019274  0.039282 0.590557 1 0 1.000000
lowpoly_metal.053
0  -0.559368 5.389444 7.481591  -0.930851 -0.000000 -0.365399  0.060711 0.469699 1 0 1.000000
0  -0.422753 5.389446 7.133564  -0.930851 -0.000000 -0.365399  0.060711 0.469699 1 0 1.000000
0  -0.422753 1.166537 7.133566  -0.930850 0.000000 -0.365402  0.060711 0.469699 1 0 1.000000
lowpoly_plastic.050
0  0.349419 -5.966423 5.434562  0.774427 -0.083999 -0.627062  0.064370 0.664198 1 0 1.000000
0  0.794590 -5.966436 6.019686  0.776319 -0.076860 -0.625637  0.064370 0.664198 1 0 1.000000
0  0.788382 -6.213458 6.011527  0.764211 0.006481 -0.644933  0.064370 0.664198 1 0 1.000000
lowpoly_metal.053
0  -0.320632 -14.446390 7.762558  0.508323 -0.011532 -0.861089  0.060711 0.469699 1 0 1.000000
0  -0.459445 1.319506 7.865760  -0.865715 0.393638 -0.309171  0.060711 0.469699 1 0 1.000000
0  0.024519 1.319526 8.099063  -0.895147 0.386198 -0.222627  0.060711 0.469699 1 0 1.000000
lowpoly_plastic.050
0  0.793383 -3.594959 7.036694  0.999995 -0.002137 -0.002216  0.075349 0.627009 1 0 1.000000
0  0.791498 -3.594957 6.020849  0.999995 -0.002153 -0.002215  0.075349 0.627009 1 0 1.000000
0  0.790207 -3.367694 7.036394  0.999995 -0.001282 -0.002925  0.075349 0.627009 1 0 1.000000
lowpoly_plastic.050
0  0.791498 -3.594957 6.020849  0.999995 -0.002153 -0.002215  0.075349 0.627009 1 0 1.000000
0  0.791438 -3.367700 6.015544  0.999995 -0.001304 -0.002898  0.075349 0.627009 1 0 1.000000
0  0.790207 -3.367694 7.036394  0.999995 -0.001282 -0.002925  0.075349 0.627009 1 0 1.000000
lowpoly_plastic.050
0  0.795743 -3.718475 7.150064  0.999995 -0.002140 -0.002217  0.075349 0.627009 1 0 1.000000
0  0.793383 -3.594959 7.036694  0.999995 -0.002137 -0.002216  0.075349 0.627009 1 0 1.000000
0  0.795741 -3.244181 7.150063  0.999995 -0.001283 -0.002939  0.075349 0.627009 1 0 1.000000
lowpoly_plastic.050
0  0.793383 -3.594959 7.036694  0.999995 -0.002137 -0.002216  0.075349 0.627009 1 0 1.000000
0  0.790207 -3.367694 7.036394  0.999995 -0.001282 -0.002925  0.075349 0.627009 1 0 1.000000
0  0.795741 -3.244181 7.150063  0.999995 -0.001283 -0.002939  0.075349 0.627009 1 0 1.000000
lowpoly_plastic.050
0  0.788398 -4.069259 6.016764  0.999992 -0.000141 -0.003890  0.075349 0.627009 1 0 1.000000
0  0.794580 -3.841987 6.014470  0.999995 -0.002135 -0.002204  0.075349 0.627009 1 0 1.000000
0  0.788441 -3.841990 7.036227  0.999995 -0.002131 -0.002222  0.075349 0.627009 1 0 1.000000
lowpoly_plastic.050
0  0.794618 -4.069257 7.036811  0.999993 -0.000148 -0.003879  0.075349 0.627009 1 0 1.000000
0  0.788398 -4.069259 6.016764  0.999992 -0.000141 -0.003890  0.075349 0.627009 1 0 1.000000
0  0.788441 -3.841990 7.036227  0.999995 -0.002131 -0.002222  0.075349 0.627009 1 0 1.000000
lowpoly_plastic.050
0  0.794617 -4.192770 7.149960  0.999992 -0.000147 -0.003915  0.075349 0.627009 1 0 1.000000
0  0.794618 -4.069257 7.036811  0.999993 -0.000148 -0.003879  0.075349 0.627009 1 0 1.000000
0  0.795743 -3.718475 7.150064  0.999995 -0.002140 -0.002217  0.075349 0.627009 1 0 1.000000
lowpoly_plastic.050
0  0.794618 -4.069257 7.036811  0.999993 -0.000148 -0.003879  0.075349 0.627009 1 0 1.000000
0  0.788441 -3.841990 7.036227  0.999995 -0.002131 -0.002222  0.075349 0.627009 1 0 1.000000
0  0.795743 -3.718475 7.150064  0.999995 -0.002140 -0.002217  0.075349 0.627009 1 0 1.000000
lowpoly_plastic.050
0  0.794557 -4.543553 6.019646  0.999993 -0.002373 -0.002877  0.075349 0.627009 1 0 1.000000
0  0.791481 -4.316278 6.015605  0.999992 -0.000155 -0.003888  0.075349 0.627009 1 0 1.000000
0  0.791530 -4.316287 7.036518  0.999992 -0.000151 -0.003904  0.075349 0.627009 1 0 1.000000
lowpoly_plastic.050
0  0.789677 -4.543550 7.036344  0.999993 -0.002338 -0.002896  0.075349 0.627009 1 0 1.000000
0  0.794557 -4.543553 6.019646  0.999993 -0.002373 -0.002877  0.075349 0.627009 1 0 1.000000
0  0.791530 -4.316287 7.036518  0.999992 -0.000151 -0.003904  0.075349 0.627009 1 0 1.000000
lowpoly_plastic.050
0  0.795237 -4.667069 7.150018  0.999993 -0.002341 -0.002896  0.075349 0.627009 1 0 1.000000
0  0.789677 -4.543550 7.036344  0.999993 -0.002338 -0.002896  0.075349 0.627009 1 0 1.000000
0  0.791530 -4.316287 7.036518  0.999992 -0.000151 -0.003904  0.075349 0.627009 1 0 1.000000
lowpoly_plastic.050
0  0.795237 -4.667069 7.150018  0.999993 -0.002341 -0.002896  0.075349 0.627009 1 0 1.000000
0  0.791530 -4.316287 7.036518  0.999992 -0.000151 -0.003904  0.075349 0.627009 1 0 1.000000
0  0.794617 -4.192770 7.149960  0.999992 -0.000147 -0.003915  0.075349 0.627009 1 0 1.000000
lowpoly_plastic.050
0  0.791499 -5.017834 6.020847  0.999998 -0.000164 -0.002015  0.075349 0.627009 1 0 1.000000
0  0.788400 -4.790579 6.006368  0.999993 -0.002353 -0.002892  0.075349 0.627009 1 0 1.000000
0  0.792852 -4.790576 7.036644  0.999993 -0.002328 -0.002920  0.075349 0.627009 1 0 1.000000
lowpoly_plastic.050
0  0.795237 -4.667069 7.150018  0.999993 -0.002341 -0.002896  0.075349 0.627009 1 0 1.000000
0  0.794617 -4.192770 7.149960  0.999992 -0.000147 -0.003915  0.075349 0.627009 1 0 1.000000
0  0.800800 -8.358706 7.328566  0.999991 0.000368 -0.004148  0.075349 0.627009 1 0 1.000000
lowpoly_plastic.050
0  0.794617 -4.192770 7.149960  0.999992 -0.000147 -0.003915  0.075349 0.627009 1 0 1.000000
0  0.795743 -3.718475 7.150064  0.999995 -0.002140 -0.002217  0.075349 0.627009 1 0 1.000000
0  0.800800 -8.358706 7.328566  0.999991 0.000368 -0.004148  0.075349 0.627009 1 0 1.000000
lowpoly_plastic.050
0  0.791533 -5.017849 7.036522  0.999998 -0.000180 -0.001996  0.075349 0.627009 1 0 1.000000
0  0.791499 -5.017834 6.020847  0.999998 -0.000164 -0.002015  0.075349 0.627009 1 0 1.000000
0  0.792852 -4.790576 7.036644  0.999993 -0.002328 -0.002920  0.075349 0.627009 1 0 1.000000
lowpoly_plastic.050
0  0.791533 -5.017849 7.036522  0.999998 -0.000180 -0.001996  0.075349 0.627009 1 0 1.000000
0  0.792852 -4.790576 7.036644  0.999993 -0.002328 -0.002920  0.075349 0.627009 1 0 1.000000
0  0.795741 -5.141354 7.150066  0.999998 -0.000179 -0.001997  0.075349 0.627009 1 0 1.000000
lowpoly_plastic.050
0  0.792852 -4.790576 7.036644  0.999993 -0.002328 -0.002920  0.075349 0.627009 1 0 1.000000
0  0.795237 -4.667069 7.150018  0.999993 -0.002341 -0.002896  0.075349 0.627009 1 0 1.000000
0  0.795741 -5.141354 7.150066  0.999998 -0.000179 -0.001997  0.075349 0.627009 1 0 1.000000
lowpoly_plastic.050
0  0.795741 -5.141354 7.150066  0.999998 -0.000179 -0.001997  0.075349 0.627009 1 0 1.000000
0  0.795237 -4.667069 7.150018  0.999993 -0.002341 -0.002896  0.075349 0.627009 1 0 1.000000
0  0.800800 -8.358706 7.328566  0.999991 0.000368 -0.004148  0.075349 0.627009 1 0 1.000000
lowpoly_plastic.050
0  0.788396 -5.492135 6.016763  0.999992 -0.000147 -0.003877  0.075349 0.627009 1 0 1.000000
0  0.794577 -5.264866 6.014469  0.999998 -0.000167 -0.002013  0.075349 0.627009 1 0 1.000000
0  0.788439 -5.264868 7.036230  0.999998 -0.000180 -0.001999  0.075349 0.627009 1 0 1.000000
lowpoly_plastic.050
0  0.794615 -5.492136 7.036814  0.999992 -0.000135 -0.003893  0.075349 0.627009 1 0 1.000000
0  0.788396 -5.492135 6.016763  0.999992 -0.000147 -0.003877  0.075349 0.627009 1 0 1.000000
0  0.788439 -5.264868 7.036230  0.999998 -0.000180 -0.001999  0.075349 0.627009 1 0 1.000000
lowpoly_plastic.050
0  0.794619 -5.615652 7.149962  0.999992 -0.000138 -0.003901  0.075349 0.627009 1 0 1.000000
0  0.794615 -5.492136 7.036814  0.999992 -0.000135 -0.003893  0.075349 0.627009 1 0 1.000000
0  0.795741 -5.141354 7.150066  0.999998 -0.000179 -0.001997  0.075349 0.627009 1 0 1.000000
lowpoly_plastic.050
0  0.794615 -5.492136 7.036814  0.999992 -0.000135 -0.003893  0.075349 0.627009 1 0 1.000000
0  0.788439 -5.264868 7.036230  0.999998 -0.000180 -0.001999  0.075349 0.627009 1 0 1.000000
0  0.795741 -5.141354 7.150066  0.999998 -0.000179 -0.001997  0.075349 0.627009 1 0 1.000000
lowpoly_plastic.050
0  0.794590 -5.966436 6.019686  0.999996 -0.000523 -0.002923  0.075349 0.627009 1 0 1.000000
0  0.791467 -5.739166 6.010390  0.999992 -0.000130 -0.003882  0.075349 0.627009 1 0 1.000000
0  0.791529 -5.739168 7.036520  0.999992 -0.000131 -0.003875  0.075349 0.627009 1 0 1.000000
lowpoly_plastic.050
0  0.788441 -5.966431 7.036228  0.999996 -0.000508 -0.002925  0.075349 0.627009 1 0 1.000000
0  0.794590 -5.966436 6.019686  0.999996 -0.000523 -0.002923  0.075349 0.627009 1 0 1.000000
0  0.791529 -5.739168 7.036520  0.999992 -0.000131 -0.003875  0.075349 0.627009 1 0 1.000000
lowpoly_plastic.050
0  0.795743 -6.089948 7.150065  0.999996 -0.000507 -0.002935  0.075349 0.627009 1 0 1.000000
0  0.788441 -5.966431 7.036228  0.999996 -0.000508 -0.002925  0.075349 0.627009 1 0 1.000000
0  0.791529 -5.739168 7.036520  0.999992 -0.000131 -0.003875  0.075349 0.627009 1 0 1.000000
lowpoly_plastic.050
0  0.795743 -6.089948 7.150065  0.999996 -0.000507 -0.002935  0.075349 0.627009 1 0 1.000000
0  0.791529 -5.739168 7.036520  0.999992 -0.000131 -0.003875  0.075349 0.627009 1 0 1.000000
0  0.794619 -5.615652 7.149962  0.999992 -0.000138 -0.003901  0.075349 0.627009 1 0 1.000000
lowpoly_plastic.050
0  0.794576 -6.440714 6.024899  0.999995 -0.000996 -0.003024  0.075349 0.627009 1 0 1.000000
0  0.788382 -6.213458 6.011527  0.999996 -0.000501 -0.002939  0.075349 0.627009 1 0 1.000000
0  0.793383 -6.213463 7.036695  0.999996 -0.000509 -0.002924  0.075349 0.627009 1 0 1.000000
lowpoly_plastic.050
0  0.795743 -6.089948 7.150065  0.999996 -0.000507 -0.002935  0.075349 0.627009 1 0 1.000000
0  0.794619 -5.615652 7.149962  0.999992 -0.000138 -0.003901  0.075349 0.627009 1 0 1.000000
0  0.800800 -8.358706 7.328566  0.999991 0.000368 -0.004148  0.075349 0.627009 1 0 1.000000
lowpoly_plastic.050
0  0.794619 -5.615652 7.149962  0.999992 -0.000138 -0.003901  0.075349 0.627009 1 0 1.000000
0  0.795741 -5.141354 7.150066  0.999998 -0.000179 -0.001997  0.075349 0.627009 1 0 1.000000
0  0.800800 -8.358706 7.328566  0.999991 0.000368 -0.004148  0.075349 0.627009 1 0 1.000000
lowpoly_plastic.050
0  0.790206 -6.440729 7.036400  0.999995 -0.001017 -0.003021  0.075349 0.627009 1 0 1.000000
0  0.794576 -6.440714 6.024899  0.999995 -0.000996 -0.003024  0.075349 0.627009 1 0 1.000000
0  0.793383 -6.213463 7.036695  0.999996 -0.000509 -0.002924  0.075349 0.627009 1 0 1.000000
lowpoly_plastic.050
0  0.790206 -6.440729 7.036400  0.999995 -0.001017 -0.003021  0.075349 0.627009 1 0 1.000000
0  0.793383 -6.213463 7.036695  0.999996 -0.000509 -0.002924  0.075349 0.627009 1 0 1.000000
0  0.794620 -6.564237 7.149958  0.999995 -0.001012 -0.003018  0.075349 0.627009 1 0 1.000000
lowpoly_plastic.050
0  0.793383 -6.213463 7.036695  0.999996 -0.000509 -0.002924  0.075349 0.627009 1 0 1.000000
0  0.795743 -6.089948 7.150065  0.999996 -0.000507 -0.002935  0.075349 0.627009 1 0 1.000000
0  0.794620 -6.564237 7.149958  0.999995 -0.001012 -0.003018  0.075349 0.627009 1 0 1.000000
lowpoly_plastic.050
0  0.794576 -6.915022 6.014470  0.999996 -0.000478 -0.002687  0.075349 0.627009 1 0 1.000000
0  0.788409 -6.687751 6.011564  0.999995 -0.000982 -0.003049  0.075349 0.627009 1 0 1.000000
0  0.794619 -6.687753 7.036812  0.999995 -0.001009 -0.002975  0.075349 0.627009 1 0 1.000000
lowpoly_plastic.050
0  0.788440 -6.915019 7.036226  0.999996 -0.000495 -0.002668  0.075349 0.627009 1 0 1.000000
0  0.794576 -6.915022 6.014470  0.999996 -0.000478 -0.002687  0.075349 0.627009 1 0 1.000000
0  0.794619 -6.687753 7.036812  0.999995 -0.001009 -0.002975  0.075349 0.627009 1 0 1.000000
lowpoly_plastic.050
0  0.788440 -6.915019 7.036226  0.999996 -0.000495 -0.002668  0.075349 0.627009 1 0 1.000000
0  0.794619 -6.687753 7.036812  0.999995 -0.001009 -0.002975  0.075349 0.627009 1 0 1.000000
0  0.794619 -7.038532 7.149959  0.999996 -0.000494 -0.002683  0.075349 0.627009 1 0 1.000000
lowpoly_plastic.050
0  0.794619 -6.687753 7.036812  0.999995 -0.001009 -0.002975  0.075349 0.627009 1 0 1.000000
0  0.794620 -6.564237 7.149958  0.999995 -0.001012 -0.003018  0.075349 0.627009 1 0 1.000000
0  0.794619 -7.038532 7.149959  0.999996 -0.000494 -0.002683  0.075349 0.627009 1 0 1.000000
lowpoly_plastic.050
0  0.794619 -7.038532 7.149959  0.999996 -0.000494 -0.002683  0.075349 0.627009 1 0 1.000000
0  0.794620 -6.564237 7.149958  0.999995 -0.001012 -0.003018  0.075349 0.627009 1 0 1.000000
0  0.800800 -8.358706 7.328566  0.999991 0.000368 -0.004148  0.075349 0.627009 1 0 1.000000
lowpoly_plastic.050
0  0.794620 -6.564237 7.149958  0.999995 -0.001012 -0.003018  0.075349 0.627009 1 0 1.000000
0  0.795743 -6.089948 7.150065  0.999996 -0.000507 -0.002935  0.075349 0.627009 1 0 1.000000
0  0.800800 -8.358706 7.328566  0.999991 0.000368 -0.004148  0.075349 0.627009 1 0 1.000000
lowpoly_plastic.050
0  0.800800 -8.358706 6.012269  0.999991 0.000406 -0.004138  0.075349 0.627009 1 0 1.000000
0  0.788379 -7.162048 6.011525  0.999996 -0.000518 -0.002684  0.075349 0.627009 1 0 1.000000
0  0.793382 -7.162046 7.036695  0.999996 -0.000510 -0.002662  0.075349 0.627009 1 0 1.000000
lowpoly_plastic.050
0  0.800800 -8.358706 6.012269  0.999991 0.000406 -0.004138  0.075349 0.627009 1 0 1.000000
0  0.793382 -7.162046 7.036695  0.999996 -0.000510 -0.002662  0.075349 0.627009 1 0 1.000000
0  0.800800 -8.358706 7.328566  0.999991 0.000368 -0.004148  0.075349 0.627009 1 0 1.000000
lowpoly_plastic.050
0  0.793382 -7.162046 7.036695  0.999996 -0.000510 -0.002662  0.075349 0.627009 1 0 1.000000
0  0.794619 -7.038532 7.149959  0.999996 -0.000494 -0.002683  0.075349 0.627009 1 0 1.000000
0  0.800800 -8.358706 7.328566  0.999991 0.000368 -0.004148  0.075349 0.627009 1 0 1.000000
lowpoly_plastic.050
0  0.800797 0.974637 5.721643  0.947542 0.172798 -0.268896  0.075349 0.627009 1 0 1.000000
0  0.808508 1.378179 6.020504  0.689241 0.724131 -0.024121  0.075349 0.627009 1 0 1.000000
0  0.798256 0.969179 7.348047  0.838473 0.516921 0.172496  0.075349 0.627009 1 0 1.000000
lowpoly_plastic.050
0  0.793357 -1.693540 6.032045  0.999987 -0.004263 -0.002750  0.075349 0.627009 1 0 1.000000
0  0.800799 -1.128663 5.721642  0.999991 0.000369 -0.004146  0.075349 0.627009 1 0 1.000000
0  0.794617 -1.697784 7.036812  0.999985 -0.004856 -0.002573  0.075349 0.627009 1 0 1.000000
lowpoly_plastic.050
0  0.800799 -1.128663 5.721642  0.999991 0.000369 -0.004146  0.075349 0.627009 1 0 1.000000
0  0.800797 0.974637 5.721643  0.947542 0.172798 -0.268896  0.075349 0.627009 1 0 1.000000
0  0.798256 0.969179 7.348047  0.838473 0.516921 0.172496  0.075349 0.627009 1 0 1.000000
lowpoly_plastic.050
0  0.794617 -1.697784 7.036812  0.999985 -0.004856 -0.002573  0.075349 0.627009 1 0 1.000000
0  0.800799 -1.128663 5.721642  0.999991 0.000369 -0.004146  0.075349 0.627009 1 0 1.000000
0  0.798256 0.969179 7.348047  0.838473 0.516921 0.172496  0.075349 0.627009 1 0 1.000000
lowpoly_plastic.050
0  0.793847 -1.821298 7.149887  0.999985 -0.004860 -0.002574  0.075349 0.627009 1 0 1.000000
0  0.794617 -1.697784 7.036812  0.999985 -0.004856 -0.002573  0.075349 0.627009 1 0 1.000000
0  0.798256 0.969179 7.348047  0.838473 0.516921 0.172496  0.075349 0.627009 1 0 1.000000
lowpoly_plastic.050
0  0.798256 0.969179 7.348047  0.838473 0.516921 0.172496  0.075349 0.627009 1 0 1.000000
0  0.800800 -8.358706 7.328566  0.999991 0.000368 -0.004148  0.075349 0.627009 1 0 1.000000
0  0.795743 -3.718475 7.150064  0.999995 -0.002140 -0.002217  0.075349 0.627009 1 0 1.000000
lowpoly_plastic.050
0  0.798256 0.969179 7.348047  0.838473 0.516921 0.172496  0.075349 0.627009 1 0 1.000000
0  0.795743 -3.718475 7.150064  0.999995 -0.002140 -0.002217  0.075349 0.627009 1 0 1.000000
0  0.795741 -3.244181 7.150063  0.999995 -0.001283 -0.002939  0.075349 0.627009 1 0 1.000000
lowpoly_plastic.050
0  0.791533 -3.120671 7.036520  0.999995 -0.001276 -0.002906  0.075349 0.627009 1 0 1.000000
0  0.791499 -3.120666 6.010432  0.999995 -0.001248 -0.002920  0.075349 0.627009 1 0 1.000000
0  0.788410 -2.893392 6.011567  0.999995 -0.000996 -0.003031  0.075349 0.627009 1 0 1.000000
lowpoly_plastic.050
0  0.791533 -3.120671 7.036520  0.999995 -0.001276 -0.002906  0.075349 0.627009 1 0 1.000000
0  0.788410 -2.893392 6.011567  0.999995 -0.000996 -0.003031  0.075349 0.627009 1 0 1.000000
0  0.794622 -2.893405 7.036811  0.999995 -0.000985 -0.003041  0.075349 0.627009 1 0 1.000000
lowpoly_plastic.050
0  0.791500 -2.172080 6.020849  0.999995 -0.001224 -0.002897  0.075349 0.627009 1 0 1.000000
0  0.791471 -1.944818 6.010393  0.999985 -0.004804 -0.002627  0.075349 0.627009 1 0 1.000000
0  0.791529 -1.944816 7.036521  0.999985 -0.004854 -0.002581  0.075349 0.627009 1 0 1.000000
lowpoly_plastic.050
0  0.791529 -2.172082 7.036520  0.999995 -0.001242 -0.002938  0.075349 0.627009 1 0 1.000000
0  0.791500 -2.172080 6.020849  0.999995 -0.001224 -0.002897  0.075349 0.627009 1 0 1.000000
0  0.791529 -1.944816 7.036521  0.999985 -0.004854 -0.002581  0.075349 0.627009 1 0 1.000000
lowpoly_plastic.050
0  0.791529 -2.172082 7.036520  0.999995 -0.001242 -0.002938  0.075349 0.627009 1 0 1.000000
0  0.791529 -1.944816 7.036521  0.999985 -0.004854 -0.002581  0.075349 0.627009 1 0 1.000000
0  0.795742 -2.295597 7.150066  0.999995 -0.001250 -0.002946  0.075349 0.627009 1 0 1.000000
lowpoly_plastic.050
0  0.791529 -1.944816 7.036521  0.999985 -0.004854 -0.002581  0.075349 0.627009 1 0 1.000000
0  0.793847 -1.821298 7.149887  0.999985 -0.004860 -0.002574  0.075349 0.627009 1 0 1.000000
0  0.795742 -2.295597 7.150066  0.999995 -0.001250 -0.002946  0.075349 0.627009 1 0 1.000000
lowpoly_plastic.050
0  0.795741 -3.244181 7.150063  0.999995 -0.001283 -0.002939  0.075349 0.627009 1 0 1.000000
0  0.791533 -3.120671 7.036520  0.999995 -0.001276 -0.002906  0.075349 0.627009 1 0 1.000000
0  0.794622 -2.893405 7.036811  0.999995 -0.000985 -0.003041  0.075349 0.627009 1 0 1.000000
lowpoly_plastic.050
0  0.795741 -3.244181 7.150063  0.999995 -0.001283 -0.002939  0.075349 0.627009 1 0 1.000000
0  0.794622 -2.893405 7.036811  0.999995 -0.000985 -0.003041  0.075349 0.627009 1 0 1.000000
0  0.794620 -2.769890 7.149960  0.999995 -0.001005 -0.003011  0.075349 0.627009 1 0 1.000000
lowpoly_plastic.050
0  0.795742 -2.295597 7.150066  0.999995 -0.001250 -0.002946  0.075349 0.627009 1 0 1.000000
0  0.793847 -1.821298 7.149887  0.999985 -0.004860 -0.002574  0.075349 0.627009 1 0 1.000000
0  0.798256 0.969179 7.348047  0.838473 0.516921 0.172496  0.075349 0.627009 1 0 1.000000
lowpoly_plastic.050
0  0.794559 -2.646373 6.019647  0.999995 -0.001032 -0.002997  0.075349 0.627009 1 0 1.000000
0  0.791484 -2.419103 6.015606  0.999995 -0.001228 -0.002911  0.075349 0.627009 1 0 1.000000
0  0.790206 -2.419112 7.036394  0.999995 -0.001243 -0.002945  0.075349 0.627009 1 0 1.000000
lowpoly_plastic.050
0  0.795742 -2.295597 7.150066  0.999995 -0.001250 -0.002946  0.075349 0.627009 1 0 1.000000
0  0.798256 0.969179 7.348047  0.838473 0.516921 0.172496  0.075349 0.627009 1 0 1.000000
0  0.794620 -2.769890 7.149960  0.999995 -0.001005 -0.003011  0.075349 0.627009 1 0 1.000000
lowpoly_plastic.050
0  0.798256 0.969179 7.348047  0.838473 0.516921 0.172496  0.075349 0.627009 1 0 1.000000
0  0.795741 -3.244181 7.150063  0.999995 -0.001283 -0.002939  0.075349 0.627009 1 0 1.000000
0  0.794620 -2.769890 7.149960  0.999995 -0.001005 -0.003011  0.075349 0.627009 1 0 1.000000
lowpoly_plastic.050
0  0.790208 -2.646376 7.036397  0.999995 -0.000999 -0.003026  0.075349 0.627009 1 0 1.000000
0  0.794559 -2.646373 6.019647  0.999995 -0.001032 -0.002997  0.075349 0.627009 1 0 1.000000
0  0.790206 -2.419112 7.036394  0.999995 -0.001243 -0.002945  0.075349 0.627009 1 0 1.000000
lowpoly_plastic.050
0  0.794620 -2.769890 7.149960  0.999995 -0.001005 -0.003011  0.075349 0.627009 1 0 1.000000
0  0.790208 -2.646376 7.036397  0.999995 -0.000999 -0.003026  0.075349 0.627009 1 0 1.000000
0  0.795742 -2.295597 7.150066  0.999995 -0.001250 -0.002946  0.075349 0.627009 1 0 1.000000
lowpoly_plastic.050
0  -0.620242 21.217340 4.572544  -0.992108 -0.036986 -0.119807  0.005204 0.735637 1 0 1.000000
0  -0.586266 21.226692 6.992979  -0.995953 -0.088405 0.016221  0.005204 0.735637 1 0 1.000000
0  -0.653952 21.993494 6.732942  -0.998962 -0.043111 0.014714  0.005204 0.735637 1 0 1.000000
lowpoly_plastic.050
0  0.739763 -4.239354 7.566586  0.989242 0.026469 0.143876  0.064370 0.664198 1 0 1.000000
0  0.733693 -3.973740 7.556591  0.990736 -0.010690 0.135382  0.064370 0.664198 1 0 1.000000
0  0.445854 -3.982312 8.336401  0.928760 -0.060978 0.365631  0.064370 0.664198 1 0 1.000000
lowpoly_plastic.050
0  -0.450956 8.693931 3.608320  -0.944573 -0.310633 -0.106250  0.034333 0.623884 1 0 1.000000
0  -0.451079 8.528038 4.089576  -0.948811 -0.299908 -0.099059  0.034333 0.623884 1 0 1.000000
0  -0.458365 9.834223 4.338900  -0.944398 0.291632 0.151870  0.034333 0.623884 1 0 1.000000
lowpoly_plastic.050
0  -0.473028 9.562299 5.128387  -0.999947 -0.006437 0.008078  0.034333 0.623884 1 0 1.000000
0  -0.458365 9.834223 4.338900  -0.944398 0.291632 0.151870  0.034333 0.623884 1 0 1.000000
0  -0.451079 8.528038 4.089576  -0.948811 -0.299908 -0.099059  0.034333 0.623884 1 0 1.000000
lowpoly_plastic.050
0  -0.451079 8.528038 4.089576  -0.948811 -0.299908 -0.099059  0.034333 0.623884 1 0 1.000000
0  -0.472897 8.285586 4.549574  -0.912569 -0.402674 -0.071222  0.034333 0.623884 1 0 1.000000
0  -0.473028 9.562299 5.128387  -0.999947 -0.006437 0.008078  0.034333 0.623884 1 0 1.000000
lowpoly_plastic.050
0  -0.472897 8.285586 4.549574  -0.912569 -0.402674 -0.071222  0.034333 0.623884 1 0 1.000000
0  -0.438734 8.152330 5.755660  -0.991199 -0.132330 -0.003754  0.034333 0.623884 1 0 1.000000
0  -0.473028 9.562299 5.128387  -0.999947 -0.006437 0.008078  0.034333 0.623884 1 0 1.000000
lowpoly_plastic.050
0  -0.438734 8.152330 5.755660  -0.991199 -0.132330 -0.003754  0.034333 0.623884 1 0 1.000000
0  -0.473026 10.830040 5.737930  -0.999946 -0.006448 0.008111  0.034333 0.623884 1 0 1.000000
0  -0.473027 10.014786 5.649189  -0.999947 -0.006437 0.008086  0.034333 0.623884 1 0 1.000000
lowpoly_plastic.050
0  0.507417 9.834221 4.338900  0.944138 0.293587 0.149702  0.034333 0.623884 1 0 1.000000
0  0.500264 8.526054 4.089299  0.948295 -0.300271 -0.102832  0.034333 0.623884 1 0 1.000000
0  0.500005 8.693931 3.608320  0.944125 -0.311821 -0.106750  0.034333 0.623884 1 0 1.000000
lowpoly_plastic.050
0  0.500005 10.370767 3.412144  0.942633 0.285926 0.172305  0.034333 0.623884 1 0 1.000000
0  0.500090 8.844888 3.124170  0.943659 -0.313819 -0.105003  0.034333 0.623884 1 0 1.000000
0  0.500193 8.989904 2.638886  0.943760 -0.312977 -0.106592  0.034333 0.623884 1 0 1.000000
lowpoly_plastic.050
0  0.522079 8.968904 1.421995  0.999887 -0.002744 0.014781  0.034333 0.623884 1 0 1.000000
0  0.522077 9.153323 1.213642  0.999886 -0.002749 0.014814  0.034333 0.623884 1 0 1.000000
0  0.522247 9.236613 1.765233  0.929535 -0.364302 0.057008  0.034333 0.623884 1 0 1.000000
lowpoly_plastic.050
0  0.522077 9.153323 1.213642  0.999886 -0.002749 0.014814  0.034333 0.623884 1 0 1.000000
0  0.522075 11.133687 1.530329  0.727990 0.327840 -0.602123  0.034333 0.623884 1 0 1.000000
0  0.522247 9.236613 1.765233  0.929535 -0.364302 0.057008  0.034333 0.623884 1 0 1.000000
lowpoly_plastic.050
0  0.522075 11.133687 1.530329  0.727990 0.327840 -0.602123  0.034333 0.623884 1 0 1.000000
0  0.514138 10.989615 2.457020  0.927128 0.313680 0.205031  0.034333 0.623884 1 0 1.000000
0  0.522247 9.236613 1.765233  0.929535 -0.364302 0.057008  0.034333 0.623884 1 0 1.000000
lowpoly_plastic.050
0  0.197507 -3.594962 5.434598  0.010795 -0.000180 -0.999942  0.064370 0.664198 1 0 1.000000
0  0.352494 -3.594961 5.434574  0.488263 0.056361 -0.870875  0.064370 0.664198 1 0 1.000000
0  0.349591 -3.841991 5.438816  0.010669 -0.000168 -0.999943  0.064370 0.664198 1 0 1.000000
lowpoly_metal.053
0  -0.598432 9.548731 8.773516  -0.999957 -0.008338 -0.003934  0.043544 0.609912 1 0 1.000000
0  -0.598431 9.598722 8.975560  -0.999955 -0.009366 -0.001628  0.043544 0.609912 1 0 1.000000
0  -0.606146 9.798695 8.917833  -0.999616 -0.026906 0.006615  0.043544 0.609912 1 0 1.000000
lowpoly_metal.053
0  -0.229948 1.252078 8.613634  -0.000001 0.000020 1.000000  0.039282 0.590557 1 0 1.000000
0  0.452553 1.252078 8.514297  0.000104 0.000024 1.000000  0.039282 0.590557 1 0 1.000000
0  0.278989 1.549415 8.613634  -0.000000 -0.000018 1.000000  0.039282 0.590557 1 0 1.000000
lowpoly_plastic.050
0  0.448829 -5.879486 8.336308  0.927404 -0.071204 0.367222  0.075349 0.627009 1 0 1.000000
0  0.737050 -5.869194 7.568905  0.989332 -0.022377 0.143949  0.075349 0.627009 1 0 1.000000
0  0.717316 -5.652225 7.769073  0.964498 -0.046222 0.260014  0.075349 0.627009 1 0 1.000000
lowpoly_metal.053
0  -0.339050 -12.515281 6.514019  0.500004 0.003040 -0.866018  0.060711 0.469699 1 0 1.000000
0  -0.368029 1.784144 6.547481  -0.153343 0.951706 0.265974  0.060711 0.469699 1 0 1.000000
0  0.024522 1.784145 6.774121  -0.160728 0.946867 0.278584  0.060711 0.469699 1 0 1.000000
lowpoly_metal.053
0  -0.090457 9.359769 8.907164  0.965401 -0.252891 0.063621  0.030078 0.588281 1 0 1.000000
0  -0.020564 9.203287 8.907164  0.512276 0.855464 0.075853  0.030078 0.588281 1 0 1.000000
0  0.008951 9.184655 8.764902  0.185384 0.953469 0.237761  0.030078 0.588281 1 0 1.000000
lowpoly_metal.053
0  0.832850 11.293389 6.989045  0.644267 -0.764691 0.012932  0.043544 0.609912 1 0 1.000000
0  0.832853 11.446931 6.833908  1.000000 -0.000000 0.000017  0.043544 0.609912 1 0 1.000000
0  0.832851 11.605714 6.967890  1.000000 -0.000002 0.000001  0.043544 0.609912 1 0 1.000000
lowpoly_metal.053
0  -0.484972 -9.239592 6.009955  0.000000 -1.000000 -0.000002  0.060711 0.469699 1 0 1.000000
0  0.024519 -9.239586 5.715799  -0.000004 -1.000000 -0.000025  0.060711 0.469699 1 0 1.000000
0  0.534010 -9.239595 6.009955  -0.000007 -1.000000 -0.000002  0.060711 0.469699 1 0 1.000000
lowpoly_metal.053
0  0.534010 -9.239595 6.009955  -0.000007 -1.000000 -0.000002  0.060711 0.469699 1 0 1.000000
0  0.534011 -9.239595 6.598264  -0.000019 -1.000000 0.000000  0.060711 0.469699 1 0 1.000000
0  0.024520 -9.239586 6.892418  -0.000004 -1.000000 0.000004  0.060711 0.469699 1 0 1.000000
lowpoly_metal.053
0  0.024520 -9.239586 6.892418  -0.000004 -1.000000 0.000004  0.060711 0.469699 1 0 1.000000
0  -0.484971 -9.239592 6.598264  0.000011 -1.000000 -0.000002  0.060711 0.469699 1 0 1.000000
0  -0.484972 -9.239592 6.009955  0.000000 -1.000000 -0.000002  0.060711 0.469699 1 0 1.000000
lowpoly_plastic.050
0  0.791438 -3.367700 6.015544  0.999995 -0.001304 -0.002898  0.064370 0.664198 1 0 1.000000
0  0.791499 -3.120666 6.010432  0.999995 -0.001248 -0.002920  0.064370 0.664198 1 0 1.000000
0  0.791533 -3.120671 7.036520  0.999995 -0.001276 -0.002906  0.064370 0.664198 1 0 1.000000
lowpoly_plastic.050
0  0.791533 -3.120671 7.036520  0.999995 -0.001276 -0.002906  0.064370 0.664198 1 0 1.000000
0  0.795741 -3.244181 7.150063  0.999995 -0.001283 -0.002939  0.064370 0.664198 1 0 1.000000
0  0.790207 -3.367694 7.036394  0.999995 -0.001282 -0.002925  0.064370 0.664198 1 0 1.000000
lowpoly_metal.053
0  0.402351 10.373627 8.336334  0.002322 -0.022091 -0.999753  0.030078 0.588281 1 0 1.000000
0  0.402352 8.825694 8.372266  0.555055 -0.752274 -0.354960  0.030078 0.588281 1 0 1.000000
0  -0.353301 8.815893 8.368999  -0.546536 -0.758052 -0.355889  0.030078 0.588281 1 0 1.000000
lowpoly_metal.053
0  0.395952 -8.738939 9.198885  0.898719 -0.157010 -0.409453  0.060711 0.469699 1 0 1.000000
0  0.304996 -8.738882 8.918409  0.962199 0.087625 -0.257868  0.060711 0.469699 1 0 1.000000
0  0.287166 -8.317309 8.936239  0.961654 0.094163 -0.257595  0.060711 0.469699 1 0 1.000000
lowpoly_metal.053
0  -0.090587 5.412175 8.068998  0.000011 -0.999993 0.003837  0.034375 0.595312 1 0 1.000000
0  -0.090587 5.408539 7.120965  0.000000 -0.999993 0.003835  0.034375 0.595312 1 0 1.000000
0  0.139632 5.408539 7.120965  0.000002 -0.999993 0.003836  0.034375 0.595312 1 0 1.000000
lowpoly_metal.053
0  0.139637 6.024570 8.061749  1.000000 -0.000002 0.000003  0.034375 0.595312 1 0 1.000000
0  0.139636 5.412178 8.068998  1.000000 -0.000004 -0.000001  0.034375 0.595312 1 0 1.000000
0  0.139638 6.099610 7.634862  1.000000 -0.000004 -0.000001  0.034375 0.595312 1 0 1.000000
lowpoly_metal.053
0  0.139636 5.412178 8.068998  1.000000 -0.000004 -0.000001  0.034375 0.595312 1 0 1.000000
0  0.139632 5.408539 7.120965  1.000000 -0.000005 -0.000003  0.034375 0.595312 1 0 1.000000
0  0.139636 5.881637 7.308424  1.000000 -0.000006 -0.000004  0.034375 0.595312 1 0 1.000000
lowpoly_metal.053
0  0.139632 5.408539 7.120965  1.000000 -0.000005 -0.000003  0.034375 0.595312 1 0 1.000000
0  0.139636 5.760224 6.089050  1.000000 -0.000000 0.000005  0.034375 0.595312 1 0 1.000000
0  0.139634 6.349778 6.396369  1.000000 -0.000002 0.000003  0.034375 0.595312 1 0 1.000000
lowpoly_metal.053
0  0.139636 5.760224 6.089050  1.000000 -0.000000 0.000005  0.034375 0.595312 1 0 1.000000
0  0.139637 6.169709 6.089050  1.000000 -0.000002 0.000009  0.034375 0.595312 1 0 1.000000
0  0.139634 6.349778 6.396369  1.000000 -0.000002 0.000003  0.034375 0.595312 1 0 1.000000
lowpoly_metal.053
0  0.139634 6.349778 6.396369  1.000000 -0.000002 0.000003  0.034375 0.595312 1 0 1.000000
0  0.139636 5.881637 7.308424  1.000000 -0.000006 -0.000004  0.034375 0.595312 1 0 1.000000
0  0.139632 5.408539 7.120965  1.000000 -0.000005 -0.000003  0.034375 0.595312 1 0 1.000000
lowpoly_metal.053
0  -0.255956 -8.738876 9.479361  -0.382659 -0.000016 0.923890  0.060711 0.469699 1 0 1.000000
0  0.024515 -8.738968 9.557713  -0.382656 -0.000016 0.923891  0.060711 0.469699 1 0 1.000000
0  0.024517 -8.317308 9.595535  -0.382670 -0.000008 0.923885  0.060711 0.469699 1 0 1.000000
lowpoly_plastic.050
0  -0.300377 -6.213461 5.434562  -0.482964 -0.054341 -0.873952  0.075349 0.627009 1 0 1.000000
0  -0.191134 -6.440728 5.423774  -0.352295 -0.005569 -0.935873  0.075349 0.627009 1 0 1.000000
0  -0.745519 -6.440714 6.019646  -0.761934 -0.007368 -0.647613  0.075349 0.627009 1 0 1.000000
lowpoly_plastic.050
0  -0.559246 -1.128663 7.328563  0.180729 0.006038 0.983514  0.075349 0.627009 1 0 1.000000
0  0.024523 -1.128661 7.040249  0.402194 0.013861 0.915450  0.075349 0.627009 1 0 1.000000
0  0.024523 0.974635 7.040248  0.402145 0.013876 0.915471  0.075349 0.627009 1 0 1.000000
lowpoly_plastic.050
0  0.732388 21.226692 6.775702  0.997920 -0.060577 -0.022033  0.005204 0.735637 1 0 1.000000
0  0.637968 21.215155 4.457375  0.997919 -0.060596 -0.022033  0.005204 0.735637 1 0 1.000000
0  0.732388 21.927034 4.850059  0.997918 -0.060615 -0.022041  0.005204 0.735637 1 0 1.000000
lowpoly_plastic.050
0  0.721400 -4.930893 7.773394  0.963283 0.051371 0.263529  0.075349 0.627009 1 0 1.000000
0  0.735819 -4.712033 7.555110  0.993392 0.016668 0.113554  0.075349 0.627009 1 0 1.000000
0  0.443847 -4.703633 8.340653  0.921879 0.012045 0.387290  0.075349 0.627009 1 0 1.000000
lowpoly_plastic.050
0  -0.746200 -5.615652 7.150015  -0.999996 0.000609 -0.002894  0.064370 0.664198 1 0 1.000000
0  -0.739402 -5.492134 7.036225  -0.999996 0.000603 -0.002878  0.064370 0.664198 1 0 1.000000
0  -0.745577 -5.739166 7.036811  -0.999996 0.000621 -0.002893  0.064370 0.664198 1 0 1.000000
lowpoly_plastic.050
0  -0.739402 -5.492134 7.036225  -0.999996 0.000603 -0.002878  0.064370 0.664198 1 0 1.000000
0  -0.745538 -5.492138 6.024904  -0.999996 0.000594 -0.002819  0.064370 0.664198 1 0 1.000000
0  -0.745577 -5.739166 7.036811  -0.999996 0.000621 -0.002893  0.064370 0.664198 1 0 1.000000
lowpoly_plastic.050
0  0.791471 -1.944818 6.010393  0.797199 0.003957 -0.603703  0.075349 0.627009 1 0 1.000000
0  0.791500 -2.172080 6.020849  0.797035 -0.000908 -0.603933  0.075349 0.627009 1 0 1.000000
0  0.358951 -2.172079 5.443047  0.797005 -0.000820 -0.603972  0.075349 0.627009 1 0 1.000000
lowpoly_metal.053
0  0.229439 -8.945938 8.008210  0.551738 -0.726448 -0.409705  0.060711 0.469699 1 0 1.000000
0  0.229440 -8.717609 8.413326  -0.006717 -0.874036 0.485815  0.060711 0.469699 1 0 1.000000
0  -0.180402 -8.717613 8.413326  -0.006666 -0.874014 0.485855  0.060711 0.469699 1 0 1.000000
lowpoly_plastic.050
0  -0.745536 -4.069252 6.024901  -0.999996 -0.000717 -0.002838  0.064370 0.664198 1 0 1.000000
0  -0.739371 -4.316277 6.011566  -0.999996 -0.000721 -0.002868  0.064370 0.664198 1 0 1.000000
0  -0.744340 -4.316287 7.036693  -0.999996 -0.000695 -0.002862  0.064370 0.664198 1 0 1.000000
lowpoly_plastic.050
0  -0.744340 -4.316287 7.036693  -0.999996 -0.000695 -0.002862  0.064370 0.664198 1 0 1.000000
0  -0.746699 -4.192770 7.150066  -0.999996 -0.000701 -0.002857  0.064370 0.664198 1 0 1.000000
0  -0.739400 -4.069256 7.036229  -0.999996 -0.000711 -0.002850  0.064370 0.664198 1 0 1.000000
lowpoly_metal.053
0  0.024525 10.823603 8.311394  -0.000003 1.000000 -0.000001  0.039282 0.590557 1 0 1.000000
0  0.689226 10.823603 6.738295  -0.000003 1.000000 -0.000000  0.039282 0.590557 1 0 1.000000
0  -0.640175 10.823599 6.738296  -0.000003 1.000000 -0.000000  0.039282 0.590557 1 0 1.000000
lowpoly_metal.053
0  0.689226 10.823603 6.738295  -0.000003 1.000000 -0.000000  0.039282 0.590557 1 0 1.000000
0  0.689226 10.823604 6.232130  -0.000001 1.000000 0.000002  0.039282 0.590557 1 0 1.000000
0  -0.640175 10.823599 6.738296  -0.000003 1.000000 -0.000000  0.039282 0.590557 1 0 1.000000
lowpoly_metal.053
0  0.689226 10.823604 6.232130  -0.000001 1.000000 0.000002  0.039282 0.590557 1 0 1.000000
0  0.484472 10.823603 5.731352  0.000004 1.000000 0.000000  0.039282 0.590557 1 0 1.000000
0  -0.435424 10.823606 5.731353  -0.000002 1.000000 0.000011  0.039282 0.590557 1 0 1.000000
lowpoly_metal.053
0  -0.435424 10.823606 5.731353  -0.000002 1.000000 0.000011  0.039282 0.590557 1 0 1.000000
0  -0.640176 10.823599 6.232129  -0.000004 1.000000 0.000006  0.039282 0.590557 1 0 1.000000
0  0.689226 10.823604 6.232130  -0.000001 1.000000 0.000002  0.039282 0.590557 1 0 1.000000
lowpoly_metal.053
0  0.111506 1.340595 7.544467  0.000003 -1.000000 0.000001  0.060711 0.469699 1 0 1.000000
0  -0.041076 1.340594 7.505612  -0.000006 -1.000000 -0.000002  0.060711 0.469699 1 0 1.000000
0  0.407749 1.340595 7.318059  -0.000001 -1.000000 -0.000002  0.060711 0.469699 1 0 1.000000
lowpoly_metal.053
0  -0.041076 1.340594 7.505612  -0.000006 -1.000000 -0.000002  0.060711 0.469699 1 0 1.000000
0  -0.289620 1.340597 7.271239  -0.000008 -1.000000 -0.000002  0.060711 0.469699 1 0 1.000000
0  0.407749 1.340595 7.318059  -0.000001 -1.000000 -0.000002  0.060711 0.469699 1 0 1.000000
lowpoly_metal.053
0  0.407749 1.340595 7.318059  -0.000001 -1.000000 -0.000002  0.060711 0.469699 1 0 1.000000
0  0.346806 1.340594 7.861102  0.000001 -1.000000 -0.000001  0.060711 0.469699 1 0 1.000000
0  0.111506 1.340595 7.544467  0.000003 -1.000000 0.000001  0.060711 0.469699 1 0 1.000000
lowpoly_plastic.050
0  0.521333 13.324677 5.971948  0.000001 -0.000001 -1.000000  0.069489 0.560212 1 0 1.000000
0  0.521333 12.331058 5.971950  0.000001 -0.000002 -1.000000  0.069489 0.560212 1 0 1.000000
0  -0.472280 12.331061 5.971948  0.000001 -0.000001 -1.000000  0.069489 0.560212 1 0 1.000000
lowpoly_metal.053
0  -0.409621 1.008264 8.496845  -0.933714 0.350458 -0.073196  0.039282 0.590557 1 0 1.000000
0  0.464262 1.008266 8.471775  0.748388 0.597014 -0.288946  0.039282 0.590557 1 0 1.000000
0  0.458670 0.710930 8.496845  0.377374 -0.125420 -0.917528  0.039282 0.590557 1 0 1.000000
lowpoly_metal.053
0  0.324926 8.457675 4.562638  -0.064048 0.728412 -0.682139  0.074523 0.389844 1 0 1.000000
0  0.324927 7.620498 4.454632  -0.093364 0.061237 -0.993747  0.074523 0.389844 1 0 1.000000
0  -0.275876 7.682158 4.571293  -0.713640 0.043066 -0.699188  0.074523 0.389844 1 0 1.000000
lowpoly_metal.053
0  0.393901 1.930833 5.813227  0.680842 -0.713345 -0.166111  0.026458 0.410980 1 0 1.000000
0  -0.358265 1.961251 5.819886  -0.793001 -0.588172 -0.158754  0.026458 0.410980 1 0 1.000000
0  -0.314264 1.968958 5.648888  -0.613119 -0.766354 -0.191799  0.026458 0.410980 1 0 1.000000
lowpoly_metal.053
0  -0.207364 3.336064 6.124466  -0.000157 -0.216070 0.976378  0.026458 0.410980 1 0 1.000000
0  -0.401476 3.336065 6.124466  0.000039 -0.216352 0.976315  0.026458 0.410980 1 0 1.000000
0  -0.161782 2.098024 5.850106  0.000124 -0.215934 0.976408  0.026458 0.410980 1 0 1.000000
lowpoly_metal.053
0  -0.401476 3.336065 6.124466  0.000039 -0.216352 0.976315  0.026458 0.410980 1 0 1.000000
0  -0.358265 1.961251 5.819886  -0.000212 -0.216265 0.976335  0.026458 0.410980 1 0 1.000000
0  -0.161782 2.098024 5.850106  0.000124 -0.215934 0.976408  0.026458 0.410980 1 0 1.000000
lowpoly_metal.053
0  0.393901 1.930833 5.813227  -0.000170 -0.216125 0.976366  0.026458 0.410980 1 0 1.000000
0  0.450523 3.336064 6.124465  -0.000081 -0.216342 0.976318  0.026458 0.410980 1 0 1.000000
0  0.218493 2.119089 5.854778  -0.000400 -0.215907 0.976414  0.026458 0.410980 1 0 1.000000
lowpoly_metal.053
0  0.450523 3.336064 6.124465  -0.000081 -0.216342 0.976318  0.026458 0.410980 1 0 1.000000
0  0.256413 3.336067 6.124465  -0.000008 -0.216356 0.976315  0.026458 0.410980 1 0 1.000000
0  0.218493 2.119089 5.854778  -0.000400 -0.215907 0.976414  0.026458 0.410980 1 0 1.000000
lowpoly_metal.053
0  0.393901 1.930833 5.813227  -0.000170 -0.216125 0.976366  0.026458 0.410980 1 0 1.000000
0  0.218493 2.119089 5.854778  -0.000400 -0.215907 0.976414  0.026458 0.410980 1 0 1.000000
0  -0.161782 2.098024 5.850106  0.000124 -0.215934 0.976408  0.026458 0.410980 1 0 1.000000
lowpoly_metal.053
0  -0.275876 8.457675 5.759264  -1.000000 -0.000000 -0.000000  0.074523 0.389844 1 0 1.000000
0  -0.275876 8.457678 4.562636  -0.598522 0.584747 -0.547578  0.074523 0.389844 1 0 1.000000
0  -0.275876 7.682158 4.571293  -0.713640 0.043066 -0.699188  0.074523 0.389844 1 0 1.000000
lowpoly_metal.053
0  -0.353300 10.373629 8.336334  0.000003 1.000000 0.000000  0.030078 0.588281 1 0 1.000000
0  -0.353300 10.373629 8.698236  0.000003 1.000000 0.000000  0.030078 0.588281 1 0 1.000000
0  0.402351 10.373627 8.698236  0.000003 1.000000 0.000000  0.030078 0.588281 1 0 1.000000
lowpoly_metal.053
0  0.139508 9.264512 8.907164  0.003395 -0.051024 0.998692  0.030078 0.588281 1 0 1.000000
0  0.233533 9.205245 8.907164  0.004084 -0.061667 0.998088  0.030078 0.588281 1 0 1.000000
0  0.166294 9.679741 8.907164  0.004953 -0.074406 0.997216  0.030078 0.588281 1 0 1.000000
lowpoly_plastic.050
0  0.717682 -1.857871 7.754842  0.903476 -0.001990 0.428633  0.064370 0.664198 1 0 1.000000
0  0.716967 -1.610842 7.782747  0.899225 -0.008610 0.437403  0.064370 0.664198 1 0 1.000000
0  0.442893 -1.610844 8.336385  0.899143 -0.008466 0.437574  0.064370 0.664198 1 0 1.000000
lowpoly_plastic.050
0  0.582778 -8.359459 7.322385  -0.000000 -0.000000 -1.000000  0.075349 0.627009 1 0 1.000000
0  0.582778 0.690612 7.322383  -0.000004 -0.000000 -1.000000  0.075349 0.627009 1 0 1.000000
0  0.729796 0.690608 7.322383  -0.000004 -0.000000 -1.000000  0.075349 0.627009 1 0 1.000000
lowpoly_metal.053
0  -0.353297 9.079804 8.698236  0.000000 0.000000 1.000000  0.030078 0.588281 1 0 1.000000
0  0.402349 9.079802 8.698236  0.000000 0.000000 1.000000  0.030078 0.588281 1 0 1.000000
0  0.402351 10.373627 8.698236  0.000001 0.000000 1.000000  0.030078 0.588281 1 0 1.000000
lowpoly_metal.053
0  0.788902 9.743126 6.202094  0.562651 -0.509767 -0.650816  0.028340 0.414408 1 0 1.000000
0  0.649437 9.755779 6.208804  -0.643481 -0.477114 -0.598576  0.028340 0.414408 1 0 1.000000
0  0.649442 20.339096 6.140539  -0.183290 -0.002000 -0.983057  0.028340 0.414408 1 0 1.000000
lowpoly_metal.053
0  0.446562 11.392319 8.312672  0.892745 0.026613 0.449776  0.039282 0.590557 1 0 1.000000
0  0.466135 10.823601 8.311394  0.892683 0.026450 0.449909  0.039282 0.590557 1 0 1.000000
0  0.744237 10.823601 7.755476  0.892784 0.026716 0.449692  0.039282 0.590557 1 0 1.000000
lowpoly_metal.053
0  -0.114758 7.059441 5.043811  -0.652005 -0.758209 0.002943  0.074523 0.389844 1 0 1.000000
0  0.163806 7.050551 5.039714  0.635877 -0.771754 0.007517  0.074523 0.389844 1 0 1.000000
0  0.163805 6.830441 5.751916  -0.017418 -0.953322 -0.301453  0.074523 0.389844 1 0 1.000000
lowpoly_plastic.050
0  -0.586266 21.226692 6.992979  -0.308892 -0.727325 0.612849  0.005204 0.735637 1 0 1.000000
0  0.024529 21.226688 7.183162  -0.136777 -0.858750 0.493802  0.005204 0.735637 1 0 1.000000
0  0.024531 21.927032 7.183162  -0.268189 -0.027603 0.962971  0.005204 0.735637 1 0 1.000000
lowpoly_plastic.050
0  0.024528 20.382408 5.767122  -0.382685 0.000000 -0.923879  0.005518 0.736972 1 0 1.000000
0  -0.459885 20.382404 5.967773  -0.382685 0.000000 -0.923879  0.005518 0.736972 1 0 1.000000
0  -0.459887 21.288465 5.967774  -0.382685 0.000000 -0.923879  0.005518 0.736972 1 0 1.000000
lowpoly_metal.053
0  0.233586 9.621077 8.764748  0.866190 0.498955 -0.027553  0.030078 0.588281 1 0 1.000000
0  0.166294 9.679741 8.907164  0.530844 0.841654 -0.099109  0.030078 0.588281 1 0 1.000000
0  0.233533 9.205245 8.907164  0.918650 -0.357419 0.168326  0.030078 0.588281 1 0 1.000000
lowpoly_metal.053
0  0.024525 10.823603 8.311394  0.126792 -0.991672 -0.022621  0.039282 0.590557 1 0 1.000000
0  -0.640175 10.823599 6.738296  0.126788 -0.991672 -0.022636  0.039282 0.590557 1 0 1.000000
0  0.024526 10.934168 5.841840  0.126808 -0.991670 -0.022599  0.039282 0.590557 1 0 1.000000
lowpoly_metal.053
0  -0.640175 10.823599 6.738296  0.126788 -0.991672 -0.022636  0.039282 0.590557 1 0 1.000000
0  -0.640176 10.823599 6.232129  0.126817 -0.991669 -0.022606  0.039282 0.590557 1 0 1.000000
0  0.024526 10.934168 5.841840  0.126808 -0.991670 -0.022599  0.039282 0.590557 1 0 1.000000
lowpoly_metal.053
0  -0.435424 10.823606 5.731353  -0.900303 0.003131 -0.435251  0.039282 0.590557 1 0 1.000000
0  -0.685944 10.823597 6.232129  -0.900293 0.003137 -0.435274  0.039282 0.590557 1 0 1.000000
0  -0.666962 13.240623 6.227662  -0.465644 0.857209 -0.219927  0.039282 0.590557 1 0 1.000000
lowpoly_metal.053
0  0.448618 -14.244353 7.318425  0.999996 0.001202 -0.002444  0.060711 0.469699 1 0 1.000000
0  0.432558 -1.834394 7.327700  0.999999 0.001294 0.000000  0.060711 0.469699 1 0 1.000000
0  0.432558 -1.834394 7.798865  0.999999 0.001294 -0.000000  0.060711 0.469699 1 0 1.000000
lowpoly_metal.053
0  0.744237 10.823601 7.755476  0.999809 0.003305 -0.019276  0.039282 0.590557 1 0 1.000000
0  0.744237 10.823601 6.738295  0.999808 0.003309 -0.019297  0.039282 0.590557 1 0 1.000000
0  0.744241 11.624236 7.712593  0.999809 0.003306 -0.019277  0.039282 0.590557 1 0 1.000000
lowpoly_metal.053
0  0.744237 10.823601 6.738295  0.999808 0.003309 -0.019297  0.039282 0.590557 1 0 1.000000
0  0.716736 13.240620 6.738297  0.466259 0.884568 -0.011900  0.039282 0.590557 1 0 1.000000
0  0.744241 12.080218 7.310114  0.999808 0.003341 -0.019317  0.039282 0.590557 1 0 1.000000
lowpoly_metal.053
0  0.716736 13.240620 6.738297  0.466259 0.884568 -0.011900  0.039282 0.590557 1 0 1.000000
0  0.744244 13.240620 7.153235  0.755456 0.654985 -0.016741  0.039282 0.590557 1 0 1.000000
0  0.744241 12.080218 7.310114  0.999808 0.003341 -0.019317  0.039282 0.590557 1 0 1.000000
lowpoly_metal.053
0  0.278991 6.122418 8.613634  0.166167 -0.646737 0.744392  0.039282 0.590557 1 0 1.000000
0  0.452554 6.419751 8.514297  0.000023 0.208433 0.978037  0.039282 0.590557 1 0 1.000000
0  -0.229944 6.419752 8.613634  -0.175297 0.646797 0.742243  0.039282 0.590557 1 0 1.000000
lowpoly_plastic.050
0  0.335574 8.056945 5.755444  -0.025995 -0.546272 0.837205  0.034333 0.623884 1 0 1.000000
0  0.522080 8.258101 5.755444  0.021522 0.014900 0.999657  0.034333 0.623884 1 0 1.000000
0  -0.438734 8.152330 5.755660  -0.031943 -0.609925 0.791815  0.034333 0.623884 1 0 1.000000
lowpoly_plastic.050
0  0.522080 8.258101 5.755444  0.021522 0.014900 0.999657  0.034333 0.623884 1 0 1.000000
0  0.494545 10.821341 5.693752  0.021453 0.149477 0.988532  0.034333 0.623884 1 0 1.000000
0  -0.473026 10.830040 5.737930  0.019317 0.494252 0.869104  0.034333 0.623884 1 0 1.000000
lowpoly_metal.053
0  0.716736 13.240620 6.738297  0.466259 0.884568 -0.011900  0.039282 0.590557 1 0 1.000000
0  0.708840 13.240623 6.228858  0.464247 0.860494 -0.209821  0.039282 0.590557 1 0 1.000000
0  0.024531 13.257547 7.148829  0.020013 0.999793 -0.003671  0.039282 0.590557 1 0 1.000000
lowpoly_metal.053
0  0.708840 13.240623 6.228858  0.464247 0.860494 -0.209821  0.039282 0.590557 1 0 1.000000
0  0.484473 13.240620 5.731353  0.818313 0.425138 -0.386810  0.039282 0.590557 1 0 1.000000
0  0.024531 13.257547 7.148829  0.020013 0.999793 -0.003671  0.039282 0.590557 1 0 1.000000
lowpoly_metal.053
0  0.384386 11.734806 7.823080  0.196213 0.818480 0.539992  0.039282 0.590557 1 0 1.000000
0  -0.335332 11.734806 7.823080  -0.187455 0.825137 0.532925  0.039282 0.590557 1 0 1.000000
0  -0.389479 11.410300 8.313465  -0.104774 0.829845 0.548069  0.039282 0.590557 1 0 1.000000
lowpoly_metal.053
0  0.024525 10.823603 8.311394  -0.126789 -0.991672 -0.022624  0.039282 0.590557 1 0 1.000000
0  0.024526 10.934168 5.841840  -0.126813 -0.991669 -0.022596  0.039282 0.590557 1 0 1.000000
0  0.689226 10.823603 6.738295  -0.126782 -0.991672 -0.022635  0.039282 0.590557 1 0 1.000000
lowpoly_metal.053
0  0.024526 10.934168 5.841840  -0.126813 -0.991669 -0.022596  0.039282 0.590557 1 0 1.000000
0  0.484472 10.823603 5.731352  -0.126817 -0.991669 -0.022592  0.039282 0.590557 1 0 1.000000
0  0.689226 10.823604 6.232130  -0.126807 -0.991670 -0.022594  0.039282 0.590557 1 0 1.000000
lowpoly_metal.053
0  0.324924 6.104177 5.619651  -0.050553 -0.023347 -0.998448  0.074523 0.389844 1 0 1.000000
0  -0.275876 6.104172 5.619651  -0.050544 -0.023345 -0.998449  0.074523 0.389844 1 0 1.000000
0  -0.275876 7.405002 5.619652  0.010167 -0.336968 -0.941461  0.074523 0.389844 1 0 1.000000
lowpoly_metal.053
0  0.024522 1.166545 8.001436  0.399232 -0.000000 -0.916850  0.060711 0.469699 1 0 1.000000
0  -0.297765 1.166543 7.861102  0.399228 -0.000007 -0.916852  0.060711 0.469699 1 0 1.000000
0  -0.297762 1.340598 7.861102  0.399230 -0.000004 -0.916851  0.060711 0.469699 1 0 1.000000
lowpoly_metal.053
0  -0.446896 2.643522 7.264812  0.112421 0.084089 -0.990096  0.060711 0.469699 1 0 1.000000
0  -0.446895 2.504470 7.405303  0.064971 -0.627402 -0.775981  0.060711 0.469699 1 0 1.000000
0  -0.727883 2.492878 7.318330  0.052150 -0.887518 -0.457813  0.060711 0.469699 1 0 1.000000
lowpoly_plastic.050
0  0.197506 -2.419106 5.433388  0.020533 0.005864 -0.999772  0.064370 0.664198 1 0 1.000000
0  0.197506 -2.172076 5.430362  0.020552 0.005841 -0.999772  0.064370 0.664198 1 0 1.000000
0  0.358951 -2.172079 5.443047  0.020697 0.005867 -0.999769  0.064370 0.664198 1 0 1.000000
lowpoly_plastic.050
0  0.522076 10.014790 5.649189  0.619907 0.592334 -0.514642  0.034333 0.623884 1 0 1.000000
0  0.522078 9.562292 5.128387  0.619913 0.592327 -0.514642  0.034333 0.623884 1 0 1.000000
0  0.348637 9.756498 5.142990  0.619911 0.592329 -0.514642  0.034333 0.623884 1 0 1.000000
lowpoly_metal.053
0  -0.169108 9.178477 8.907164  -0.673570 -0.472885 0.568052  0.030078 0.588281 1 0 1.000000
0  0.024525 9.083881 8.835956  -0.130523 -0.362075 0.922966  0.030078 0.588281 1 0 1.000000
0  -0.020564 9.203287 8.907164  0.007296 -0.109730 0.993935  0.030078 0.588281 1 0 1.000000
lowpoly_metal.053
0  0.024525 9.083881 8.835956  -0.130523 -0.362075 0.922966  0.030078 0.588281 1 0 1.000000
0  0.233533 9.205245 8.907164  0.004084 -0.061667 0.998088  0.030078 0.588281 1 0 1.000000
0  0.139508 9.264512 8.907164  0.003395 -0.051024 0.998692  0.030078 0.588281 1 0 1.000000
lowpoly_metal.053
0  -0.020564 9.203287 8.907164  0.007296 -0.109730 0.993935  0.030078 0.588281 1 0 1.000000
0  0.024525 9.083881 8.835956  -0.130523 -0.362075 0.922966  0.030078 0.588281 1 0 1.000000
0  0.139508 9.264512 8.907164  0.003395 -0.051024 0.998692  0.030078 0.588281 1 0 1.000000
lowpoly_metal.053
0  -0.090457 9.359769 8.907164  0.007287 -0.109650 0.993944  0.030078 0.588281 1 0 1.000000
0  0.069608 9.420995 8.907164  0.003591 -0.054072 0.998531  0.030078 0.588281 1 0 1.000000
0  -0.184537 9.621084 8.907164  0.007289 -0.109650 0.993944  0.030078 0.588281 1 0 1.000000
lowpoly_metal.053
0  0.069608 9.420995 8.907164  0.003591 -0.054072 0.998531  0.030078 0.588281 1 0 1.000000
0  0.166294 9.679741 8.907164  0.004953 -0.074406 0.997216  0.030078 0.588281 1 0 1.000000
0  -0.184537 9.621084 8.907164  0.007289 -0.109650 0.993944  0.030078 0.588281 1 0 1.000000
lowpoly_metal.053
0  -0.169108 9.178477 8.907164  -0.673570 -0.472885 0.568052  0.030078 0.588281 1 0 1.000000
0  -0.020564 9.203287 8.907164  0.007296 -0.109730 0.993935  0.030078 0.588281 1 0 1.000000
0  -0.090457 9.359769 8.907164  0.007287 -0.109650 0.993944  0.030078 0.588281 1 0 1.000000
lowpoly_plastic.050
0  0.500172 10.111890 3.875935  0.940873 0.290909 0.173578  0.034333 0.623884 1 0 1.000000
0  0.500005 8.693931 3.608320  0.944125 -0.311821 -0.106750  0.034333 0.623884 1 0 1.000000
0  0.500090 8.844888 3.124170  0.943659 -0.313819 -0.105003  0.034333 0.623884 1 0 1.000000
lowpoly_metal.053
0  -0.695196 1.378268 7.282770  0.107749 0.775789 0.621725  0.039282 0.590557 1 0 1.000000
0  -0.515747 1.447070 7.208170  0.233821 0.466337 0.853146  0.039282 0.590557 1 0 1.000000
0  -0.515067 7.800862 7.212188  0.190629 -0.588896 0.785406  0.039282 0.590557 1 0 1.000000
lowpoly_plastic.050
0  -0.299584 10.775881 5.564582  -0.712809 0.085048 -0.696183  0.034333 0.623884 1 0 1.000000
0  -0.299583 10.034689 5.463179  -0.712805 0.085049 -0.696186  0.034333 0.623884 1 0 1.000000
0  -0.473027 10.014786 5.649189  -0.712829 0.085053 -0.696161  0.034333 0.623884 1 0 1.000000
lowpoly_metal.053
0  -1.660776 2.471100 7.305758  -0.711078 -0.702720 0.023511  0.060711 0.469699 1 0 1.000000
0  -0.727883 2.492878 7.318330  0.052150 -0.887518 -0.457813  0.060711 0.469699 1 0 1.000000
0  -0.727883 2.463904 7.475551  0.047245 -0.990904 -0.126006  0.060711 0.469699 1 0 1.000000
lowpoly_metal.053
0  0.324926 5.657600 5.316037  0.677169 -0.694050 -0.244411  0.074523 0.389844 1 0 1.000000
0  -0.275877 5.644310 5.356429  0.013024 -0.937074 -0.348888  0.074523 0.389844 1 0 1.000000
0  -0.275876 5.717926 4.746368  0.039936 -0.988363 -0.146781  0.074523 0.389844 1 0 1.000000
lowpoly_metal.053
0  -0.459445 1.319506 7.865760  -0.865715 0.393638 -0.309171  0.060711 0.469699 1 0 1.000000
0  -0.469116 -1.383702 7.836461  -0.510868 -0.086378 0.855309  0.060711 0.469699 1 0 1.000000
0  0.024521 -1.073688 8.191292  -0.514179 -0.049922 0.856229  0.060711 0.469699 1 0 1.000000
lowpoly_plastic.050
0  0.352799 -5.739163 5.443046  0.026206 -0.001520 -0.999655  0.064370 0.664198 1 0 1.000000
0  0.197508 -5.739163 5.431209  0.025928 -0.001497 -0.999663  0.064370 0.664198 1 0 1.000000
0  0.197508 -5.492133 5.433388  0.025912 -0.001504 -0.999663  0.064370 0.664198 1 0 1.000000
lowpoly_metal.053
0  -0.394234 -14.244354 7.811230  -0.467541 -0.000081 0.883971  0.060711 0.469699 1 0 1.000000
0  0.019162 -14.244355 8.049903  -0.467594 -0.000077 0.883943  0.060711 0.469699 1 0 1.000000
0  0.024518 -1.834394 8.034447  -0.434380 -0.001545 0.900728  0.060711 0.469699 1 0 1.000000
lowpoly_metal.053
0  0.024518 -12.515281 5.884295  0.500002 0.003040 0.866019  0.060711 0.469699 1 0 1.000000
0  0.010031 1.784143 5.842463  -0.153513 0.951715 -0.265841  0.060711 0.469699 1 0 1.000000
0  -0.397010 1.784146 6.077470  -0.189738 0.925007 -0.329182  0.060711 0.469699 1 0 1.000000
lowpoly_plastic.050
0  0.352195 -1.409101 5.365410  0.709038 -0.384256 -0.591281  0.075349 0.627009 1 0 1.000000
0  0.352189 -1.128665 5.135503  0.709382 -0.384020 -0.591021  0.075349 0.627009 1 0 1.000000
0  0.800799 -1.128663 5.721642  0.709385 -0.384014 -0.591021  0.075349 0.627009 1 0 1.000000
lowpoly_plastic.050
0  0.181185 13.608008 6.740097  -0.000001 0.000000 1.000000  0.069489 0.560212 1 0 1.000000
0  -0.132134 13.608014 6.740097  0.000000 0.000000 1.000000  0.069489 0.560212 1 0 1.000000
0  -0.132133 12.981377 6.740097  -0.000002 0.000000 1.000000  0.069489 0.560212 1 0 1.000000
lowpoly_metal.053
0  0.458670 5.878601 8.496844  0.379707 -0.059475 -0.923193  0.039282 0.590557 1 0 1.000000
0  0.464266 5.581269 8.471775  0.748387 -0.597017 -0.288944  0.039282 0.590557 1 0 1.000000
0  -0.409623 5.581272 8.496845  -0.933717 -0.350443 -0.073231  0.039282 0.590557 1 0 1.000000
lowpoly_metal.053
0  0.278991 3.957824 8.613634  0.166173 -0.646735 0.744393  0.039282 0.590557 1 0 1.000000
0  0.452551 4.255160 8.514296  0.000022 0.198333 0.980135  0.039282 0.590557 1 0 1.000000
0  -0.229946 4.255155 8.613636  -0.166173 0.646726 0.744401  0.039282 0.590557 1 0 1.000000
lowpoly_plastic.050
0  -0.472279 12.331061 6.965564  -0.000001 0.000001 1.000000  0.069489 0.560212 1 0 1.000000
0  0.521331 12.331062 6.965566  -0.000002 0.000002 1.000000  0.069489 0.560212 1 0 1.000000
0  0.521333 13.324677 6.965564  -0.000001 0.000001 1.000000  0.069489 0.560212 1 0 1.000000
lowpoly_metal.053
0  -0.537366 -8.318642 7.445716  -0.572883 0.584376 -0.574726  0.060711 0.469699 1 0 1.000000
0  -0.542724 -9.029489 7.455227  -0.584389 -0.572317 -0.575277  0.060711 0.469699 1 0 1.000000
0  -0.537370 -9.029570 7.679605  -0.575170 -0.583382 0.573450  0.060711 0.469699 1 0 1.000000
lowpoly_metal.053
0  -0.229944 3.714006 8.613634  -0.166173 0.646731 0.744396  0.039282 0.590557 1 0 1.000000
0  -0.403508 3.416675 8.514295  -0.000026 -0.198336 0.980134  0.039282 0.590557 1 0 1.000000
0  0.278993 3.416674 8.613634  0.166168 -0.646734 0.744395  0.039282 0.590557 1 0 1.000000
lowpoly_plastic.050
0  0.794577 -5.264866 6.014469  0.795852 -0.000081 -0.605492  0.075349 0.627009 1 0 1.000000
0  0.788396 -5.492135 6.016763  0.795865 -0.000212 -0.605473  0.075349 0.627009 1 0 1.000000
0  0.355714 -5.492136 5.438798  0.795857 -0.000162 -0.605485  0.075349 0.627009 1 0 1.000000
lowpoly_plastic.050
0  0.352193 0.974641 5.135504  0.000000 0.000000 -1.000000  0.075349 0.627009 1 0 1.000000
0  0.352189 -1.128665 5.135503  0.000001 0.000000 -1.000000  0.075349 0.627009 1 0 1.000000
0  -0.303148 -1.128663 5.135503  0.000001 0.000000 -1.000000  0.075349 0.627009 1 0 1.000000
lowpoly_metal.053
0  -0.418303 2.631709 8.459515  -0.709862 0.620028 -0.334158  0.039282 0.590557 1 0 1.000000
0  0.452553 2.631713 8.514297  0.405171 -0.071020 -0.911478  0.039282 0.590557 1 0 1.000000
0  0.467352 2.334376 8.459514  0.709868 -0.620020 -0.334162  0.039282 0.590557 1 0 1.000000
lowpoly_plastic.050
0  -0.672212 -5.652224 7.761147  -0.966857 -0.045236 0.251279  0.064370 0.664198 1 0 1.000000
0  -0.396753 -5.652219 8.336320  -0.908770 -0.064792 0.412237  0.064370 0.664198 1 0 1.000000
0  -0.389939 -5.405192 8.344680  -0.908316 0.062443 0.413597  0.064370 0.664198 1 0 1.000000
lowpoly_metal.053
0  -0.229948 0.710931 8.613634  -0.165579 -0.643037 0.747721  0.039282 0.590557 1 0 1.000000
0  0.458670 0.710930 8.496845  -0.003839 -0.002312 0.999990  0.039282 0.590557 1 0 1.000000
0  0.278989 1.008267 8.613634  0.000016 -0.000020 1.000000  0.039282 0.590557 1 0 1.000000
lowpoly_plastic.050
0  -0.086280 -2.559433 8.347421  -0.015762 -0.002159 0.999874  0.064370 0.664198 1 0 1.000000
0  -0.394810 -2.559430 8.340653  -0.015910 -0.002186 0.999871  0.064370 0.664198 1 0 1.000000
0  -0.399788 -2.806459 8.336308  -0.015805 -0.002161 0.999873  0.064370 0.664198 1 0 1.000000
lowpoly_metal.053
0  -0.207366 3.336070 5.896126  0.999798 0.015372 0.012975  0.026458 0.410980 1 0 1.000000
0  -0.207365 4.765883 5.896126  0.999797 0.015381 0.012990  0.026458 0.410980 1 0 1.000000
0  -0.207365 4.765883 6.124466  0.999797 0.015378 0.012991  0.026458 0.410980 1 0 1.000000
lowpoly_metal.053
0  -0.207365 4.765883 6.124466  0.999797 0.015378 0.012991  0.026458 0.410980 1 0 1.000000
0  -0.207364 3.336064 6.124466  0.999798 0.015372 0.012964  0.026458 0.410980 1 0 1.000000
0  -0.207366 3.336070 5.896126  0.999798 0.015372 0.012975  0.026458 0.410980 1 0 1.000000
lowpoly_metal.053
0  -0.207364 3.336064 6.124466  0.999798 0.015372 0.012964  0.026458 0.410980 1 0 1.000000
0  -0.161782 2.098024 5.850106  0.695293 0.704911 0.140245  0.026458 0.410980 1 0 1.000000
0  -0.207366 3.336070 5.896126  0.999798 0.015372 0.012975  0.026458 0.410980 1 0 1.000000
lowpoly_metal.053
0  -0.255956 -8.738876 8.918409  -0.923890 -0.000018 -0.382659  0.060711 0.469699 1 0 1.000000
0  -0.334309 -8.738966 9.198886  -0.923892 -0.000020 -0.382654  0.060711 0.469699 1 0 1.000000
0  -0.372132 -8.317312 9.198885  -0.800070 0.599906 0.000003  0.060711 0.469699 1 0 1.000000
lowpoly_metal.053
0  0.586403 -9.028829 7.439453  0.570536 -0.579513 -0.581940  0.060711 0.469699 1 0 1.000000
0  0.591756 -8.318642 7.451156  0.581106 0.576411 -0.574515  0.060711 0.469699 1 0 1.000000
0  0.586404 -8.321905 7.681238  0.576439 0.577980 0.577630  0.060711 0.469699 1 0 1.000000
lowpoly_metal.053
0  0.256411 4.765885 6.124466  0.000004 -1.000000 0.000000  0.026458 0.410980 1 0 1.000000
0  -0.207365 4.765883 6.124466  0.000004 -1.000000 0.000000  0.026458 0.410980 1 0 1.000000
0  -0.207365 4.765883 5.896126  0.000004 -1.000000 0.000000  0.026458 0.410980 1 0 1.000000
lowpoly_plastic.050
0  -0.086294 -3.982311 8.346530  -0.011874 -0.005412 0.999915  0.064370 0.664198 1 0 1.000000
0  -0.395758 -3.982308 8.344644  -0.011909 -0.005433 0.999914  0.064370 0.664198 1 0 1.000000
0  -0.393854 -4.229338 8.336385  -0.011847 -0.005401 0.999915  0.064370 0.664198 1 0 1.000000
lowpoly_metal.053
0  -0.180402 -8.717613 8.413326  -0.862162 -0.506593 0.006386  0.060711 0.469699 1 0 1.000000
0  -0.173996 -8.717616 8.879716  -0.582220 -0.577290 0.572500  0.060711 0.469699 1 0 1.000000
0  -0.175246 -8.336002 8.873532  -0.585975 0.583626 0.562151  0.060711 0.469699 1 0 1.000000
lowpoly_metal.053
0  -0.175246 -8.336002 8.873532  -0.585975 0.583626 0.562151  0.060711 0.469699 1 0 1.000000
0  -0.180404 -8.335999 7.989821  -0.577944 0.568750 -0.585239  0.060711 0.469699 1 0 1.000000
0  -0.180402 -8.717613 8.413326  -0.862162 -0.506593 0.006386  0.060711 0.469699 1 0 1.000000
lowpoly_plastic.050
0  -0.086270 -3.755045 8.348088  -0.015970 0.003026 0.999868  0.064370 0.664198 1 0 1.000000
0  -0.086359 -3.508012 8.349024  -0.015972 0.003038 0.999868  0.064370 0.664198 1 0 1.000000
0  -0.396752 -3.508016 8.336320  -0.015922 0.003030 0.999869  0.064370 0.664198 1 0 1.000000
lowpoly_metal.053
0  0.229439 -8.945938 8.008210  0.551738 -0.726448 -0.409705  0.060711 0.469699 1 0 1.000000
0  0.229439 -8.335995 7.989821  0.698873 -0.023345 -0.714864  0.060711 0.469699 1 0 1.000000
0  0.229440 -8.717609 8.413326  1.000000 0.000001 -0.000001  0.060711 0.469699 1 0 1.000000
lowpoly_metal.053
0  0.229439 -8.335995 7.989821  0.698873 -0.023345 -0.714864  0.060711 0.469699 1 0 1.000000
0  0.229439 -8.335995 8.890734  1.000000 0.000002 -0.000001  0.060711 0.469699 1 0 1.000000
0  0.229440 -8.717609 8.413326  1.000000 0.000001 -0.000001  0.060711 0.469699 1 0 1.000000
lowpoly_metal.053
0  -0.542002 1.796822 6.682042  0.113090 -0.845913 0.521193  0.054113 0.558901 1 0 1.000000
0  -0.541999 2.151637 6.775156  -0.136751 0.089345 0.986568  0.054113 0.558901 1 0 1.000000
0  -0.824503 2.022615 6.812401  -0.113108 -0.028414 0.993176  0.054113 0.558901 1 0 1.000000
lowpoly_metal.053
0  0.324925 7.757613 5.055322  1.000000 0.000125 -0.000149  0.074523 0.389844 1 0 1.000000
0  0.324926 8.457675 4.562638  1.000000 0.000164 -0.000362  0.074523 0.389844 1 0 1.000000
0  0.324924 8.457675 5.759263  1.000000 -0.000000 0.000001  0.074523 0.389844 1 0 1.000000
lowpoly_metal.053
0  0.324926 5.657600 5.316037  0.677169 -0.694050 -0.244411  0.074523 0.389844 1 0 1.000000
0  0.324928 5.736318 4.900053  0.244480 -0.959139 -0.142413  0.074523 0.389844 1 0 1.000000
0  0.324925 5.818852 5.313623  1.000000 0.000004 0.000004  0.074523 0.389844 1 0 1.000000
lowpoly_metal.053
0  0.324926 5.657600 5.316037  0.677169 -0.694050 -0.244411  0.074523 0.389844 1 0 1.000000
0  0.324925 5.818852 5.313623  1.000000 0.000004 0.000004  0.074523 0.389844 1 0 1.000000
0  0.324925 5.395587 5.750451  1.000000 0.000002 0.000002  0.074523 0.389844 1 0 1.000000
lowpoly_metal.053
0  0.324925 5.818852 5.313623  1.000000 0.000004 0.000004  0.074523 0.389844 1 0 1.000000
0  0.324924 6.104177 5.619651  1.000000 0.000000 -0.000001  0.074523 0.389844 1 0 1.000000
0  0.324925 5.395587 5.750451  1.000000 0.000002 0.000002  0.074523 0.389844 1 0 1.000000
lowpoly_metal.053
0  0.324924 7.546602 5.555482  1.000000 -0.000000 -0.000000  0.074523 0.389844 1 0 1.000000
0  0.324925 7.757613 5.055322  1.000000 0.000125 -0.000149  0.074523 0.389844 1 0 1.000000
0  0.324924 8.457675 5.759263  1.000000 -0.000000 0.000001  0.074523 0.389844 1 0 1.000000
lowpoly_metal.053
0  0.324924 6.104177 5.619651  1.000000 0.000000 -0.000001  0.074523 0.389844 1 0 1.000000
0  0.324924 7.546602 5.555482  1.000000 -0.000000 -0.000000  0.074523 0.389844 1 0 1.000000
0  0.324924 8.457675 5.759263  1.000000 -0.000000 0.000001  0.074523 0.389844 1 0 1.000000
lowpoly_metal.053
0  0.522378 0.695189 7.337499  -0.000012 -1.000000 0.000002  0.039282 0.590557 1 0 1.000000
0  0.024524 0.695188 7.058782  -0.000001 -1.000000 0.000002  0.039282 0.590557 1 0 1.000000
0  0.744238 0.695186 6.250615  0.000001 -1.000000 -0.000003  0.039282 0.590557 1 0 1.000000
lowpoly_metal.053
0  0.024524 0.695188 7.058782  -0.000001 -1.000000 0.000002  0.039282 0.590557 1 0 1.000000
0  -0.435426 0.695186 5.731354  -0.424370 -0.602672 -0.675793  0.039282 0.590557 1 0 1.000000
0  0.744238 0.695186 6.250615  0.000001 -1.000000 -0.000003  0.039282 0.590557 1 0 1.000000
lowpoly_plastic.050
0  0.249579 21.354803 4.371658  0.542842 0.218160 -0.811005  0.005518 0.736972 1 0 1.000000
0  0.249579 20.664776 5.384243  0.847527 -0.436083 -0.302537  0.005518 0.736972 1 0 1.000000
0  -0.200519 20.664778 5.384243  -0.852597 -0.429386 -0.297836  0.005518 0.736972 1 0 1.000000
lowpoly_metal.053
0  0.024515 -9.240917 8.119318  -0.359554 -0.784651 0.505019  0.060711 0.469699 1 0 1.000000
0  0.024517 -8.317265 8.119318  -0.578967 -0.057021 0.813355  0.060711 0.469699 1 0 1.000000
0  -0.457019 -8.317265 7.841300  -0.578982 -0.057031 0.813343  0.060711 0.469699 1 0 1.000000
lowpoly_metal.053
0  -0.824508 2.280666 6.551681  -1.000000 -0.000005 0.000001  0.054113 0.558901 1 0 1.000000
0  -0.824503 2.022615 6.290957  -0.613471 0.022585 -0.789394  0.054113 0.558901 1 0 1.000000
0  -0.824506 1.764571 6.551681  -0.904345 -0.303352 -0.300230  0.054113 0.558901 1 0 1.000000
lowpoly_metal.053
0  -0.368702 21.276976 6.707904  0.126448 0.012761 0.991891  0.028340 0.414408 1 0 1.000000
0  -0.728695 21.282917 6.826127  0.264720 0.032559 0.963776  0.028340 0.414408 1 0 1.000000
0  -0.600381 20.339096 6.812087  0.136758 0.008696 0.990566  0.028340 0.414408 1 0 1.000000
lowpoly_metal.053
0  0.139636 5.760224 6.089050  -0.000020 -0.946538 -0.322592  0.034375 0.595312 1 0 1.000000
0  0.139632 5.408539 7.120965  0.000000 -0.946540 -0.322588  0.034375 0.595312 1 0 1.000000
0  -0.090587 5.408539 7.120965  -0.000003 -0.946539 -0.322588  0.034375 0.595312 1 0 1.000000
lowpoly_metal.053
0  0.534008 -8.062971 6.598264  -0.000004 1.000000 -0.000004  0.060711 0.469699 1 0 1.000000
0  0.534008 -8.062971 6.009955  -0.000004 1.000000 -0.000001  0.060711 0.469699 1 0 1.000000
0  -0.484973 -8.062975 6.598264  -0.000004 1.000000 -0.000004  0.060711 0.469699 1 0 1.000000
lowpoly_metal.053
0  0.534008 -8.062971 6.009955  -0.000004 1.000000 -0.000001  0.060711 0.469699 1 0 1.000000
0  0.024523 -8.062973 5.715799  -0.000004 1.000000 -0.000001  0.060711 0.469699 1 0 1.000000
0  -0.484973 -8.062975 6.598264  -0.000004 1.000000 -0.000004  0.060711 0.469699 1 0 1.000000
lowpoly_metal.053
0  0.024523 -8.062973 5.715799  -0.000004 1.000000 -0.000001  0.060711 0.469699 1 0 1.000000
0  -0.484973 -8.062975 6.009955  -0.000004 1.000000 0.000000  0.060711 0.469699 1 0 1.000000
0  -0.484973 -8.062975 6.598264  -0.000004 1.000000 -0.000004  0.060711 0.469699 1 0 1.000000
lowpoly_plastic.050
0  -0.132130 13.608008 6.197416  -0.866022 -0.000003 -0.500007  0.069489 0.560212 1 0 1.000000
0  -0.132133 12.981378 6.197418  -0.866028 0.000003 -0.499996  0.069489 0.560212 1 0 1.000000
0  -0.288789 12.981378 6.468756  -0.866025 0.000000 -0.500000  0.069489 0.560212 1 0 1.000000
lowpoly_metal.053
0  -0.355515 -9.240917 7.343867  -0.000014 -1.000000 -0.000010  0.060711 0.469699 1 0 1.000000
0  -0.356520 -9.240918 7.783278  -0.000018 -1.000000 -0.000005  0.060711 0.469699 1 0 1.000000
0  -0.457027 -9.240915 7.285264  -0.000014 -1.000000 -0.000012  0.060711 0.469699 1 0 1.000000
lowpoly_metal.053
0  0.024515 -9.240917 7.007246  0.000003 -1.000000 -0.000002  0.060711 0.469699 1 0 1.000000
0  0.405559 -9.240913 7.343287  0.000010 -1.000000 0.000000  0.060711 0.469699 1 0 1.000000
0  0.024515 -9.240917 7.124453  0.000005 -1.000000 0.000000  0.060711 0.469699 1 0 1.000000
lowpoly_metal.053
0  0.024515 -9.240917 7.124453  0.000005 -1.000000 0.000000  0.060711 0.469699 1 0 1.000000
0  -0.355515 -9.240917 7.343867  -0.000014 -1.000000 -0.000010  0.060711 0.469699 1 0 1.000000
0  0.024515 -9.240917 7.007246  0.000003 -1.000000 -0.000002  0.060711 0.469699 1 0 1.000000
lowpoly_plastic.050
0  0.525060 21.927034 7.063821  0.811690 -0.000001 0.584089  0.005204 0.735637 1 0 1.000000
0  0.525060 21.226692 7.063820  0.811690 -0.000001 0.584088  0.005204 0.735637 1 0 1.000000
0  0.732388 21.226692 6.775702  0.811690 -0.000001 0.584088  0.005204 0.735637 1 0 1.000000
lowpoly_plastic.050
0  0.024531 21.927032 7.183162  0.231929 -0.000001 0.972733  0.005204 0.735637 1 0 1.000000
0  0.024529 21.226688 7.183162  0.231930 -0.000001 0.972733  0.005204 0.735637 1 0 1.000000
0  0.525060 21.226692 7.063820  0.231929 -0.000001 0.972733  0.005204 0.735637 1 0 1.000000
lowpoly_plastic.050
0  0.024528 20.382408 5.767122  0.382682 0.000001 -0.923880  0.005518 0.736972 1 0 1.000000
0  0.024526 21.288471 5.767123  0.382683 0.000002 -0.923880  0.005518 0.736972 1 0 1.000000
0  0.508941 21.288465 5.967773  0.382683 0.000002 -0.923880  0.005518 0.736972 1 0 1.000000
lowpoly_metal.053
0  -0.184482 9.205244 8.764773  -0.920753 -0.369067 -0.126504  0.030078 0.588281 1 0 1.000000
0  -0.169108 9.178477 8.907164  -0.673570 -0.472885 0.568052  0.030078 0.588281 1 0 1.000000
0  -0.184537 9.621084 8.907164  -0.993783 0.035960 -0.105372  0.030078 0.588281 1 0 1.000000
lowpoly_metal.053
0  -0.667681 13.240621 6.738295  -0.999937 -0.011221 -0.000755  0.039282 0.590557 1 0 1.000000
0  -0.666962 13.240623 6.227662  -0.999874 -0.011188 0.011262  0.039282 0.590557 1 0 1.000000
0  -0.640176 10.823599 6.232129  -0.710026 -0.006751 0.704144  0.039282 0.590557 1 0 1.000000
lowpoly_metal.053
0  0.256411 4.765885 6.124466  0.000005 0.000001 1.000000  0.026458 0.410980 1 0 1.000000
0  0.256413 3.336067 6.124465  -0.000004 -0.000001 1.000000  0.026458 0.410980 1 0 1.000000
0  0.450523 3.336064 6.124465  -0.000003 -0.000001 1.000000  0.026458 0.410980 1 0 1.000000
lowpoly_metal.053
0  -0.401474 5.669234 6.124465  -0.000001 0.000002 1.000000  0.026458 0.410980 1 0 1.000000
0  -0.401476 3.336065 6.124466  -0.000000 0.000000 1.000000  0.026458 0.410980 1 0 1.000000
0  -0.207365 4.765883 6.124466  -0.000003 0.000001 1.000000  0.026458 0.410980 1 0 1.000000
lowpoly_metal.053
0  -0.401476 3.336065 6.124466  -0.000000 0.000000 1.000000  0.026458 0.410980 1 0 1.000000
0  -0.207364 3.336064 6.124466  0.000000 0.000000 1.000000  0.026458 0.410980 1 0 1.000000
0  -0.207365 4.765883 6.124466  -0.000003 0.000001 1.000000  0.026458 0.410980 1 0 1.000000
lowpoly_metal.053
0  0.256411 4.765885 6.124466  0.000005 0.000001 1.000000  0.026458 0.410980 1 0 1.000000
0  0.450523 3.336064 6.124465  -0.000003 -0.000001 1.000000  0.026458 0.410980 1 0 1.000000
0  0.450525 5.669231 6.124465  0.000001 0.000002 1.000000  0.026458 0.410980 1 0 1.000000
lowpoly_metal.053
0  -0.401474 5.669234 6.124465  -0.000001 0.000002 1.000000  0.026458 0.410980 1 0 1.000000
0  -0.207365 4.765883 6.124466  -0.000003 0.000001 1.000000  0.026458 0.410980 1 0 1.000000
0  0.256411 4.765885 6.124466  0.000005 0.000001 1.000000  0.026458 0.410980 1 0 1.000000
lowpoly_metal.053
0  -0.422753 5.389446 7.133564  -0.281900 0.000781 -0.959444  0.060711 0.469699 1 0 1.000000
0  0.024524 5.389447 7.005562  0.000000 0.000872 -1.000000  0.060711 0.469699 1 0 1.000000
0  0.024522 1.166544 6.998708  -0.000001 0.000580 -1.000000  0.060711 0.469699 1 0 1.000000
lowpoly_plastic.050
0  0.438979 -2.806457 8.344680  0.908387 -0.072936 0.411720  0.064370 0.664198 1 0 1.000000
0  0.712873 -2.806458 7.791001  0.909266 -0.085440 0.407351  0.064370 0.664198 1 0 1.000000
0  0.721252 -2.559425 7.761149  0.900614 0.003288 0.434607  0.064370 0.664198 1 0 1.000000
lowpoly_plastic.050
0  -0.148471 -2.419113 5.434598  -0.020345 -0.002733 -0.999789  0.064370 0.664198 1 0 1.000000
0  -0.303584 -2.419113 5.438780  -0.023374 -0.003473 -0.999721  0.064370 0.664198 1 0 1.000000
0  -0.306685 -2.172078 5.438816  -0.020428 -0.002777 -0.999788  0.064370 0.664198 1 0 1.000000
lowpoly_metal.053
0  -0.727882 2.643523 7.164445  0.712727 -0.435660 -0.549746  0.060711 0.469699 1 0 1.000000
0  -0.727883 2.492878 7.318330  0.392634 -0.571240 -0.720779  0.060711 0.469699 1 0 1.000000
0  -1.660776 2.471100 7.305758  -0.711078 -0.702720 0.023511  0.060711 0.469699 1 0 1.000000
lowpoly_metal.053
0  -0.435421 13.240622 5.731353  -0.813820 0.430019 -0.390871  0.039282 0.590557 1 0 1.000000
0  -0.666962 13.240623 6.227662  -0.465644 0.857209 -0.219927  0.039282 0.590557 1 0 1.000000
0  0.024531 13.257547 7.148829  -0.019956 0.999794 -0.003605  0.039282 0.590557 1 0 1.000000
lowpoly_metal.053
0  -0.666962 13.240623 6.227662  -0.465644 0.857209 -0.219927  0.039282 0.590557 1 0 1.000000
0  -0.667681 13.240621 6.738295  -0.467735 0.883677 -0.018423  0.039282 0.590557 1 0 1.000000
0  0.024531 13.257547 7.148829  -0.019956 0.999794 -0.003605  0.039282 0.590557 1 0 1.000000
lowpoly_metal.053
0  -0.402728 1.340598 7.522301  0.957170 0.226716 -0.180070  0.060711 0.469699 1 0 1.000000
0  -0.297762 1.340598 7.861102  0.957172 0.226677 -0.180107  0.060711 0.469699 1 0 1.000000
0  -0.297765 1.166543 7.861102  0.957177 0.226677 -0.180082  0.060711 0.469699 1 0 1.000000
lowpoly_metal.053
0  -0.335678 10.618719 8.444057  -0.130371 0.931396 0.339860  0.039282 0.590557 1 0 1.000000
0  0.384728 10.618719 8.444057  0.121599 0.933818 0.336447  0.039282 0.590557 1 0 1.000000
0  0.515834 10.634505 8.279696  0.604322 0.756553 0.249845  0.039282 0.590557 1 0 1.000000
lowpoly_metal.053
0  0.384727 9.985700 9.323283  -0.546620 0.372498 0.749968  0.039282 0.590557 1 0 1.000000
0  0.384728 10.618719 8.444057  -0.997883 -0.037652 -0.053031  0.039282 0.590557 1 0 1.000000
0  0.480233 8.695834 8.442001  -0.997882 -0.037636 -0.053054  0.039282 0.590557 1 0 1.000000
lowpoly_metal.053
0  -1.660776 2.815943 7.291837  -0.749988 0.659893 0.045374  0.060711 0.469699 1 0 1.000000
0  -0.727882 2.881906 7.405306  -0.008448 0.694727 -0.719224  0.060711 0.469699 1 0 1.000000
0  -0.727882 2.643523 7.164445  0.002476 0.602887 -0.797823  0.060711 0.469699 1 0 1.000000
lowpoly_metal.053
0  -0.417086 10.823599 8.311392  -0.000003 0.000000 1.000000  0.039282 0.590557 1 0 1.000000
0  -0.417089 0.695189 8.311394  -0.000000 0.000000 1.000000  0.039282 0.590557 1 0 1.000000
0  0.024525 10.823603 8.311394  -0.000002 0.000000 1.000000  0.039282 0.590557 1 0 1.000000
lowpoly_metal.053
0  -0.417089 0.695189 8.311394  -0.000000 0.000000 1.000000  0.039282 0.590557 1 0 1.000000
0  0.466132 0.695189 8.311394  -0.000000 0.000000 1.000000  0.039282 0.590557 1 0 1.000000
0  0.024525 10.823603 8.311394  -0.000002 0.000000 1.000000  0.039282 0.590557 1 0 1.000000
lowpoly_plastic.050
0  -0.394790 -3.280750 8.340531  -0.923274 0.005579 0.384101  0.075349 0.627009 1 0 1.000000
0  -0.685068 -3.289364 7.556825  -0.993881 0.015373 0.109384  0.075349 0.627009 1 0 1.000000
0  -0.668275 -3.508014 7.769075  -0.964645 0.056664 0.257389  0.075349 0.627009 1 0 1.000000
lowpoly_metal.053
0  0.716736 13.240620 6.738297  0.999704 -0.009743 -0.022292  0.039282 0.590557 1 0 1.000000
0  0.689226 10.823603 6.738295  0.706870 -0.006901 -0.707310  0.039282 0.590557 1 0 1.000000
0  0.689226 10.823604 6.232130  0.999922 -0.009752 -0.007778  0.039282 0.590557 1 0 1.000000
lowpoly_metal.053
0  0.437395 1.166543 8.033587  0.955207 -0.000000 0.295940  0.060711 0.469699 1 0 1.000000
0  0.608413 1.166541 7.481591  0.955207 -0.000000 0.295939  0.060711 0.469699 1 0 1.000000
0  0.608413 5.389448 7.481591  0.955207 0.000000 0.295940  0.060711 0.469699 1 0 1.000000
lowpoly_metal.053
0  0.478535 1.283828 5.848956  -0.997397 0.004131 -0.071990  0.039282 0.590557 1 0 1.000000
0  0.478538 1.283832 6.405803  -0.997396 0.004128 -0.071996  0.039282 0.590557 1 0 1.000000
0  0.528314 1.900403 5.852871  -0.747406 0.517634 -0.416460  0.039282 0.590557 1 0 1.000000
lowpoly_metal.053
0  0.478538 1.283832 6.405803  -0.997396 0.004128 -0.071996  0.039282 0.590557 1 0 1.000000
0  0.478535 5.401713 6.405802  -0.997397 0.004107 -0.071984  0.039282 0.590557 1 0 1.000000
0  0.528314 1.900403 5.852871  -0.747406 0.517634 -0.416460  0.039282 0.590557 1 0 1.000000
lowpoly_plastic.050
0  -0.306824 -7.162046 5.443036  -0.796582 0.004202 -0.604516  0.075349 0.627009 1 0 1.000000
0  -0.303149 -8.358704 5.426126  -0.794958 0.007016 -0.606623  0.075349 0.627009 1 0 1.000000
0  -0.751761 -8.358702 6.012269  -0.794937 0.006995 -0.606651  0.075349 0.627009 1 0 1.000000
lowpoly_plastic.050
0  -0.154209 8.909995 1.679599  -0.696458 -0.679137 0.231773  0.034333 0.623884 1 0 1.000000
0  -0.473195 9.236617 1.765248  -0.929789 -0.364064 0.054307  0.034333 0.623884 1 0 1.000000
0  -0.473026 8.968909 1.421993  -0.543573 -0.656901 0.522503  0.034333 0.623884 1 0 1.000000
lowpoly_plastic.050
0  0.507417 9.834221 4.338900  0.944138 0.293587 0.149702  0.034333 0.623884 1 0 1.000000
0  0.348634 9.874224 4.645876  0.709972 0.664153 0.234183  0.034333 0.623884 1 0 1.000000
0  0.348637 9.756498 5.142990  0.687891 0.696792 0.203190  0.034333 0.623884 1 0 1.000000
lowpoly_metal.053
0  0.744237 10.823601 6.738295  0.999982 0.000751 -0.006017  0.039282 0.590557 1 0 1.000000
0  0.744237 10.823601 7.755476  0.999982 0.000744 -0.005997  0.039282 0.590557 1 0 1.000000
0  0.733236 2.727630 6.738296  0.999935 0.002733 -0.011063  0.039282 0.590557 1 0 1.000000
lowpoly_metal.053
0  0.744237 10.823601 7.755476  0.999982 0.000744 -0.005997  0.039282 0.590557 1 0 1.000000
0  0.744238 0.695186 7.755476  0.999982 0.000737 -0.006002  0.039282 0.590557 1 0 1.000000
0  0.733236 2.727630 6.738296  0.999935 0.002733 -0.011063  0.039282 0.590557 1 0 1.000000
lowpoly_metal.053
0  0.744238 0.695186 7.755476  0.999982 0.000737 -0.006002  0.039282 0.590557 1 0 1.000000
0  0.744238 0.695186 6.250615  0.999982 0.000760 -0.005990  0.039282 0.590557 1 0 1.000000
0  0.733236 2.727630 6.738296  0.999935 0.002733 -0.011063  0.039282 0.590557 1 0 1.000000
lowpoly_plastic.050
0  -0.132130 13.608008 6.197416  -0.000000 -0.000003 -1.000000  0.069489 0.560212 1 0 1.000000
0  0.181185 13.608008 6.197416  0.000000 -0.000003 -1.000000  0.069489 0.560212 1 0 1.000000
0  0.181185 12.981380 6.197418  -0.000001 -0.000003 -1.000000  0.069489 0.560212 1 0 1.000000
lowpoly_plastic.050
0  0.794559 -2.646373 6.019647  0.763181 -0.007293 -0.646144  0.064370 0.664198 1 0 1.000000
0  0.788410 -2.893392 6.011567  0.776056 0.078682 -0.625736  0.064370 0.664198 1 0 1.000000
0  0.349418 -2.893415 5.434563  0.774537 0.084450 -0.626865  0.064370 0.664198 1 0 1.000000
lowpoly_metal.053
0  -0.399537 1.319369 7.318455  0.998937 0.006283 0.045671  0.060711 0.469699 1 0 1.000000
0  -0.459445 1.319506 7.865760  0.998937 0.006287 0.045656  0.060711 0.469699 1 0 1.000000
0  -0.320632 -14.446390 7.762558  0.999922 -0.012517 0.000390  0.060711 0.469699 1 0 1.000000
lowpoly_metal.053
0  0.024519 -16.011209 6.851856  -0.499973 0.010593 0.865976  0.060711 0.469699 1 0 1.000000
0  0.020541 -14.885753 6.835791  -0.499985 0.006973 0.866006  0.060711 0.469699 1 0 1.000000
0  -0.433945 -14.885754 6.573394  -0.499986 0.006973 0.866006  0.060711 0.469699 1 0 1.000000
lowpoly_metal.053
0  0.064457 1.319527 7.004447  0.549630 0.005555 0.835390  0.060711 0.469699 1 0 1.000000
0  -0.399537 1.319369 7.318455  0.549658 0.005553 0.835371  0.060711 0.469699 1 0 1.000000
0  -0.337767 -14.446389 7.373905  0.542474 -0.012923 0.839973  0.060711 0.469699 1 0 1.000000
lowpoly_metal.053
0  0.448618 -14.244353 7.318425  0.999996 0.001202 -0.002444  0.060711 0.469699 1 0 1.000000
0  0.448618 -14.244351 7.814320  0.999996 0.001204 -0.002435  0.060711 0.469699 1 0 1.000000
0  0.452522 -15.606483 7.808052  0.999917 -0.011695 0.005451  0.060711 0.469699 1 0 1.000000
lowpoly_plastic.050
0  0.181185 13.608008 6.740097  0.866025 0.000000 0.500000  0.069489 0.560212 1 0 1.000000
0  0.181185 12.981380 6.740097  0.866026 0.000000 0.499999  0.069489 0.560212 1 0 1.000000
0  0.337844 12.981380 6.468756  0.866026 0.000000 0.500000  0.069489 0.560212 1 0 1.000000
lowpoly_metal.053
0  -0.275877 5.644310 5.356429  0.013024 -0.937074 -0.348888  0.074523 0.389844 1 0 1.000000
0  0.324926 5.657600 5.316037  0.677169 -0.694050 -0.244411  0.074523 0.389844 1 0 1.000000
0  0.324925 5.395587 5.750451  -0.007242 -0.875158 0.483783  0.074523 0.389844 1 0 1.000000
lowpoly_plastic.050
0  0.521333 13.324677 5.971948  0.000002 1.000000 -0.000000  0.069489 0.560212 1 0 1.000000
0  -0.472283 13.324679 5.971948  0.000002 1.000000 0.000001  0.069489 0.560212 1 0 1.000000
0  -0.472283 13.324679 6.965564  0.000002 1.000000 -0.000000  0.069489 0.560212 1 0 1.000000
lowpoly_metal.053
0  0.832853 11.446931 6.833908  -0.016854 -0.586095 -0.810067  0.043544 0.609912 1 0 1.000000
0  0.832850 11.293389 6.989045  0.644267 -0.764691 0.012932  0.043544 0.609912 1 0 1.000000
0  -0.783798 11.278991 6.989045  -0.489420 -0.871925 0.014675  0.043544 0.609912 1 0 1.000000
lowpoly_metal.053
0  0.024522 9.608802 9.128689  0.000035 -0.685829 0.727763  0.030078 0.588281 1 0 1.000000
0  -0.065862 9.663700 9.266517  0.274862 -0.956862 0.094165  0.030078 0.588281 1 0 1.000000
0  -0.246300 9.608796 9.241853  0.000013 -0.995494 -0.094828  0.030078 0.588281 1 0 1.000000
lowpoly_metal.053
0  -0.246300 9.608796 9.241853  0.000013 -0.995494 -0.094828  0.030078 0.588281 1 0 1.000000
0  -0.279442 9.663702 8.930970  -0.814611 0.000111 -0.580008  0.030078 0.588281 1 0 1.000000
0  0.024522 9.608802 9.128689  0.000035 -0.685829 0.727763  0.030078 0.588281 1 0 1.000000
lowpoly_metal.053
0  -0.279442 9.663702 8.930970  -0.814611 0.000111 -0.580008  0.030078 0.588281 1 0 1.000000
0  0.328492 9.663701 8.930970  0.814617 0.000112 -0.579999  0.030078 0.588281 1 0 1.000000
0  0.024522 9.608802 9.128689  0.000035 -0.685829 0.727763  0.030078 0.588281 1 0 1.000000
lowpoly_metal.053
0  0.328492 9.663701 8.930970  0.814617 0.000112 -0.579999  0.030078 0.588281 1 0 1.000000
0  0.295352 9.608799 9.241852  -0.000006 -0.995495 -0.094813  0.030078 0.588281 1 0 1.000000
0  0.024522 9.608802 9.128689  0.000035 -0.685829 0.727763  0.030078 0.588281 1 0 1.000000
lowpoly_plastic.050
0  -0.472283 13.324679 5.971948  -1.000000 -0.000003 0.000000  0.069489 0.560212 1 0 1.000000
0  -0.472280 12.331061 5.971948  -1.000000 -0.000003 0.000000  0.069489 0.560212 1 0 1.000000
0  -0.472279 12.331061 6.965564  -1.000000 -0.000003 0.000000  0.069489 0.560212 1 0 1.000000
lowpoly_metal.053
0  -0.541999 2.248404 6.421319  0.613473 0.672342 -0.414256  0.054113 0.558901 1 0 1.000000
0  -0.541999 2.151637 6.775156  0.904336 0.411703 0.112593  0.054113 0.558901 1 0 1.000000
0  -0.542002 1.796822 6.682042  1.000000 -0.000008 -0.000002  0.054113 0.558901 1 0 1.000000
lowpoly_plastic.050
0  -0.086284 -5.405190 8.347421  -0.012621 -0.006187 0.999901  0.064370 0.664198 1 0 1.000000
0  -0.389939 -5.405192 8.344680  -0.012637 -0.006177 0.999901  0.064370 0.664198 1 0 1.000000
0  -0.396753 -5.652219 8.336320  -0.012541 -0.006133 0.999903  0.064370 0.664198 1 0 1.000000
lowpoly_plastic.050
0  -0.533737 0.690612 7.322383  -0.000011 -0.000000 -1.000000  0.075349 0.627009 1 0 1.000000
0  -0.533738 -8.359461 7.322385  0.000006 -0.000000 -1.000000  0.075349 0.627009 1 0 1.000000
0  -0.680753 -8.359455 7.322385  0.000006 -0.000000 -1.000000  0.075349 0.627009 1 0 1.000000
lowpoly_metal.053
0  0.591758 -9.029955 7.685086  0.579147 -0.574143 0.578747  0.060711 0.469699 1 0 1.000000
0  -0.537370 -9.029570 7.679605  -0.575170 -0.583382 0.573450  0.060711 0.469699 1 0 1.000000
0  -0.542724 -9.029489 7.455227  -0.584389 -0.572317 -0.575277  0.060711 0.469699 1 0 1.000000
lowpoly_metal.053
0  -0.446896 2.643521 7.545799  0.594928 0.068063 0.800892  0.060711 0.469699 1 0 1.000000
0  -0.446895 2.504470 7.405303  1.000000 0.000006 0.000000  0.060711 0.469699 1 0 1.000000
0  -0.446896 2.643522 7.264812  1.000000 -0.000006 -0.000000  0.060711 0.469699 1 0 1.000000
lowpoly_plastic.050
0  0.445854 -5.405194 8.336401  0.012143 0.005525 0.999911  0.064370 0.664198 1 0 1.000000
0  0.135402 -5.405195 8.349024  0.012183 0.005512 0.999911  0.064370 0.664198 1 0 1.000000
0  0.135332 -5.652218 8.346530  0.012167 0.005543 0.999911  0.064370 0.664198 1 0 1.000000
lowpoly_plastic.050
0  -0.086295 -6.600807 8.346529  -0.007989 0.001543 0.999967  0.064370 0.664198 1 0 1.000000
0  -0.086360 -6.353785 8.349024  -0.007993 0.001491 0.999967  0.064370 0.664198 1 0 1.000000
0  -0.397708 -6.353780 8.340463  -0.008030 0.001526 0.999967  0.064370 0.664198 1 0 1.000000
lowpoly_metal.053
0  -0.675512 2.727632 6.226912  -0.891186 0.000510 -0.453637  0.039282 0.590557 1 0 1.000000
0  -0.685944 10.823597 6.232129  -0.852990 -0.000119 0.521928  0.039282 0.590557 1 0 1.000000
0  -0.461204 5.401711 5.798742  -0.368546 -0.004613 -0.929598  0.039282 0.590557 1 0 1.000000
lowpoly_metal.053
0  -0.685944 10.823597 6.232129  -0.852990 -0.000119 0.521928  0.039282 0.590557 1 0 1.000000
0  -0.435424 10.823606 5.731353  -0.515340 -0.007914 -0.856950  0.039282 0.590557 1 0 1.000000
0  -0.461204 5.401711 5.798742  -0.368546 -0.004613 -0.929598  0.039282 0.590557 1 0 1.000000
lowpoly_metal.053
0  -0.461204 5.401711 5.798742  -0.368546 -0.004613 -0.929598  0.039282 0.590557 1 0 1.000000
0  -0.481668 1.900404 5.852069  0.998611 0.032309 0.041616  0.039282 0.590557 1 0 1.000000
0  -0.675512 2.727632 6.226912  -0.891186 0.000510 -0.453637  0.039282 0.590557 1 0 1.000000
lowpoly_metal.053
0  -0.481668 1.900404 5.852069  0.998611 0.032309 0.041616  0.039282 0.590557 1 0 1.000000
0  -0.406835 1.900401 5.768030  -0.715976 0.586683 0.378393  0.039282 0.590557 1 0 1.000000
0  -0.435426 0.695186 5.731354  -0.424370 -0.602672 -0.675793  0.039282 0.590557 1 0 1.000000
lowpoly_metal.053
0  -0.435426 0.695186 5.731354  -0.424370 -0.602672 -0.675793  0.039282 0.590557 1 0 1.000000
0  -0.695192 0.695189 6.250615  -0.447564 -0.864523 -0.228662  0.039282 0.590557 1 0 1.000000
0  -0.481668 1.900404 5.852069  0.998611 0.032309 0.041616  0.039282 0.590557 1 0 1.000000
lowpoly_metal.053
0  -0.422753 5.389446 7.133564  -0.000002 1.000000 0.000003  0.060711 0.469699 1 0 1.000000
0  -0.559368 5.389444 7.481591  -0.000002 1.000000 -0.000002  0.060711 0.469699 1 0 1.000000
0  0.024524 5.389447 7.005562  -0.000003 1.000000 0.000002  0.060711 0.469699 1 0 1.000000
lowpoly_metal.053
0  -0.559368 5.389444 7.481591  -0.000002 1.000000 -0.000002  0.060711 0.469699 1 0 1.000000
0  -0.388352 5.389449 8.033587  0.000000 1.000000 -0.000007  0.060711 0.469699 1 0 1.000000
0  0.437395 5.389449 8.033587  -0.000002 1.000000 -0.000003  0.060711 0.469699 1 0 1.000000
lowpoly_metal.053
0  0.024524 5.389447 7.005562  -0.000003 1.000000 0.000002  0.060711 0.469699 1 0 1.000000
0  -0.559368 5.389444 7.481591  -0.000002 1.000000 -0.000002  0.060711 0.469699 1 0 1.000000
0  0.608413 5.389448 7.481591  -0.000003 1.000000 -0.000000  0.060711 0.469699 1 0 1.000000
lowpoly_metal.053
0  -0.388352 5.389449 8.033587  0.000000 1.000000 -0.000007  0.060711 0.469699 1 0 1.000000
0  0.024524 5.389449 8.262230  0.000000 1.000000 0.000000  0.060711 0.469699 1 0 1.000000
0  0.437395 5.389449 8.033587  -0.000002 1.000000 -0.000003  0.060711 0.469699 1 0 1.000000
lowpoly_metal.053
0  0.437395 5.389449 8.033587  -0.000002 1.000000 -0.000003  0.060711 0.469699 1 0 1.000000
0  0.608413 5.389448 7.481591  -0.000003 1.000000 -0.000000  0.060711 0.469699 1 0 1.000000
0  -0.559368 5.389444 7.481591  -0.000002 1.000000 -0.000002  0.060711 0.469699 1 0 1.000000
lowpoly_metal.053
0  0.278993 6.663568 8.613634  0.175310 -0.646796 0.742241  0.039282 0.590557 1 0 1.000000
0  0.452553 6.960907 8.514297  0.964532 0.262116 -0.031204  0.039282 0.590557 1 0 1.000000
0  -0.229945 6.960900 8.613634  -0.166174 0.646727 0.744399  0.039282 0.590557 1 0 1.000000
lowpoly_plastic.050
0  0.337844 12.981380 6.468756  0.000005 -1.000000 0.000001  0.069489 0.560212 1 0 1.000000
0  0.181185 12.981380 6.740097  0.000009 -1.000000 0.000011  0.069489 0.560212 1 0 1.000000
0  -0.132133 12.981377 6.740097  0.000005 -1.000000 0.000003  0.069489 0.560212 1 0 1.000000
lowpoly_plastic.050
0  -0.132133 12.981377 6.740097  0.000005 -1.000000 0.000003  0.069489 0.560212 1 0 1.000000
0  -0.288789 12.981378 6.468756  0.000003 -1.000000 0.000000  0.069489 0.560212 1 0 1.000000
0  0.337844 12.981380 6.468756  0.000005 -1.000000 0.000001  0.069489 0.560212 1 0 1.000000
lowpoly_plastic.050
0  -0.288789 12.981378 6.468756  0.000003 -1.000000 0.000000  0.069489 0.560212 1 0 1.000000
0  -0.132133 12.981378 6.197418  0.000004 -1.000000 -0.000001  0.069489 0.560212 1 0 1.000000
0  0.337844 12.981380 6.468756  0.000005 -1.000000 0.000001  0.069489 0.560212 1 0 1.000000
lowpoly_plastic.050
0  -0.288793 13.608013 6.468756  0.000016 1.000000 -0.000008  0.069489 0.560212 1 0 1.000000
0  -0.132134 13.608014 6.740097  0.000018 1.000000 0.000000  0.069489 0.560212 1 0 1.000000
0  0.181185 13.608008 6.740097  0.000008 1.000000 -0.000003  0.069489 0.560212 1 0 1.000000
lowpoly_plastic.050
0  0.181185 13.608008 6.740097  0.000008 1.000000 -0.000003  0.069489 0.560212 1 0 1.000000
0  0.337844 13.608008 6.468756  0.000000 1.000000 0.000000  0.069489 0.560212 1 0 1.000000
0  0.181185 13.608008 6.197416  0.000000 1.000000 0.000000  0.069489 0.560212 1 0 1.000000
lowpoly_plastic.050
0  0.181185 13.608008 6.197416  0.000000 1.000000 0.000000  0.069489 0.560212 1 0 1.000000
0  -0.132130 13.608008 6.197416  0.000008 1.000000 -0.000006  0.069489 0.560212 1 0 1.000000
0  0.181185 13.608008 6.740097  0.000008 1.000000 -0.000003  0.069489 0.560212 1 0 1.000000
lowpoly_metal.053
0  0.463486 2.090564 8.450146  0.689540 0.629536 -0.358077  0.039282 0.590557 1 0 1.000000
0  0.452553 1.793227 8.514297  0.972251 -0.232414 -0.026677  0.039282 0.590557 1 0 1.000000
0  -0.414445 1.793229 8.450146  -0.689548 -0.629525 -0.358082  0.039282 0.590557 1 0 1.000000
lowpoly_metal.053
0  -0.537366 -8.318642 7.445716  -0.572883 0.584376 -0.574726  0.060711 0.469699 1 0 1.000000
0  -0.542719 -8.319438 7.685575  -0.578898 0.570609 0.582480  0.060711 0.469699 1 0 1.000000
0  0.586404 -8.321905 7.681238  0.576439 0.577980 0.577630  0.060711 0.469699 1 0 1.000000
lowpoly_metal.053
0  0.003461 -8.707890 8.799088  -0.098790 -0.578424 -0.809732  0.060711 0.469699 1 0 1.000000
0  -0.019400 -8.696756 9.009203  -0.994540 0.104300 -0.003509  0.060711 0.469699 1 0 1.000000
0  0.015758 -8.389278 9.060235  -0.073401 0.963658 0.256856  0.060711 0.469699 1 0 1.000000
lowpoly_metal.053
0  0.450525 5.669231 5.896126  0.999813 -0.012867 -0.014411  0.026458 0.410980 1 0 1.000000
0  0.450525 5.669231 6.124465  0.999813 -0.012866 -0.014413  0.026458 0.410980 1 0 1.000000
0  0.450520 3.336070 5.896126  0.999813 -0.012860 -0.014427  0.026458 0.410980 1 0 1.000000
lowpoly_metal.053
0  0.450525 5.669231 6.124465  0.999813 -0.012866 -0.014413  0.026458 0.410980 1 0 1.000000
0  0.450523 3.336064 6.124465  0.999813 -0.012867 -0.014419  0.026458 0.410980 1 0 1.000000
0  0.450520 3.336070 5.896126  0.999813 -0.012860 -0.014427  0.026458 0.410980 1 0 1.000000
lowpoly_metal.053
0  0.450523 3.336064 6.124465  0.999813 -0.012867 -0.014419  0.026458 0.410980 1 0 1.000000
0  0.393901 1.930833 5.813227  0.680842 -0.713345 -0.166111  0.026458 0.410980 1 0 1.000000
0  0.450520 3.336070 5.896126  0.999813 -0.012860 -0.014427  0.026458 0.410980 1 0 1.000000
lowpoly_metal.053
0  0.024518 -14.247867 7.118530  -0.249767 0.773217 0.582883  0.060711 0.469699 1 0 1.000000
0  0.024519 -14.859984 7.118530  -0.388735 0.047223 0.920139  0.060711 0.469699 1 0 1.000000
0  0.351327 -14.859981 7.288012  0.614039 0.118346 0.780353  0.060711 0.469699 1 0 1.000000
lowpoly_metal.053
0  0.024519 1.319526 8.099063  0.349461 0.916892 0.192840  0.060711 0.469699 1 0 1.000000
0  0.508488 1.319507 7.865761  0.383791 0.880997 0.276673  0.060711 0.469699 1 0 1.000000
0  0.369663 -14.446374 7.772451  -0.481644 -0.011559 -0.876291  0.060711 0.469699 1 0 1.000000
lowpoly_metal.053
0  -0.255956 -8.738876 9.479361  -0.923890 -0.000015 0.382659  0.060711 0.469699 1 0 1.000000
0  -0.229211 -8.317307 9.452616  -0.912388 0.157153 0.377956  0.060711 0.469699 1 0 1.000000
0  -0.372132 -8.317312 9.198885  -0.800070 0.599906 0.000003  0.060711 0.469699 1 0 1.000000
lowpoly_metal.053
0  -0.255956 -8.738876 8.918409  -0.382680 -0.000001 -0.923881  0.060711 0.469699 1 0 1.000000
0  -0.229212 -8.317307 8.945154  -0.382694 0.000004 -0.923875  0.060711 0.469699 1 0 1.000000
0  0.024516 -8.317308 8.802235  -0.382705 0.000019 -0.923870  0.060711 0.469699 1 0 1.000000
lowpoly_metal.053
0  -0.611421 9.358709 9.027540  -0.996234 0.057951 -0.064503  0.043544 0.609912 1 0 1.000000
0  -0.635215 9.259472 8.606518  -0.989036 0.073565 0.128043  0.043544 0.609912 1 0 1.000000
0  -0.635215 9.259472 9.084833  -0.984118 0.100524 -0.146309  0.043544 0.609912 1 0 1.000000
lowpoly_metal.053
0  -0.635217 9.673708 9.323988  -0.985286 0.076124 -0.153023  0.043544 0.609912 1 0 1.000000
0  -0.611422 9.988711 9.027541  -0.991481 -0.115679 -0.059860  0.043544 0.609912 1 0 1.000000
0  -0.611421 9.673706 9.209407  -0.995848 0.054791 -0.072694  0.043544 0.609912 1 0 1.000000
lowpoly_metal.053
0  -0.611421 9.673706 9.209407  -0.995848 0.054791 -0.072694  0.043544 0.609912 1 0 1.000000
0  -0.611421 9.358709 9.027540  -0.996234 0.057951 -0.064503  0.043544 0.609912 1 0 1.000000
0  -0.635217 9.673708 9.323988  -0.985286 0.076124 -0.153023  0.043544 0.609912 1 0 1.000000
lowpoly_plastic.050
0  0.514138 10.989615 2.457020  0.927128 0.313680 0.205031  0.034333 0.623884 1 0 1.000000
0  0.348635 11.284918 2.259545  0.811141 0.569661 0.132426  0.034333 0.623884 1 0 1.000000
0  0.492853 10.937518 2.530440  0.932160 0.261366 0.250530  0.034333 0.623884 1 0 1.000000
lowpoly_plastic.050
0  0.348635 11.284918 2.259545  0.811141 0.569661 0.132426  0.034333 0.623884 1 0 1.000000
0  0.348634 9.874224 4.645876  0.709972 0.664153 0.234183  0.034333 0.623884 1 0 1.000000
0  0.500005 10.370767 3.412144  0.942633 0.285926 0.172305  0.034333 0.623884 1 0 1.000000
lowpoly_plastic.050
0  0.492853 10.937518 2.530440  0.932160 0.261366 0.250530  0.034333 0.623884 1 0 1.000000
0  0.348635 11.284918 2.259545  0.811141 0.569661 0.132426  0.034333 0.623884 1 0 1.000000
0  0.500198 10.661115 2.954294  0.941119 0.290817 0.172396  0.034333 0.623884 1 0 1.000000
lowpoly_plastic.050
0  0.348634 9.874224 4.645876  0.709972 0.664153 0.234183  0.034333 0.623884 1 0 1.000000
0  0.507417 9.834221 4.338900  0.944138 0.293587 0.149702  0.034333 0.623884 1 0 1.000000
0  0.500172 10.111890 3.875935  0.940873 0.290909 0.173578  0.034333 0.623884 1 0 1.000000
lowpoly_plastic.050
0  0.500172 10.111890 3.875935  0.940873 0.290909 0.173578  0.034333 0.623884 1 0 1.000000
0  0.500005 10.370767 3.412144  0.942633 0.285926 0.172305  0.034333 0.623884 1 0 1.000000
0  0.348634 9.874224 4.645876  0.709972 0.664153 0.234183  0.034333 0.623884 1 0 1.000000
lowpoly_plastic.050
0  0.024528 20.382408 7.137254  0.382687 -0.000001 0.923878  0.005518 0.736972 1 0 1.000000
0  0.508943 20.382410 6.936601  0.382687 -0.000001 0.923878  0.005518 0.736972 1 0 1.000000
0  0.508941 21.288465 6.936603  0.382686 -0.000000 0.923878  0.005518 0.736972 1 0 1.000000
lowpoly_metal.053
0  0.139637 6.169709 6.089050  -0.000009 0.862801 -0.505543  0.034375 0.595312 1 0 1.000000
0  -0.090587 6.169707 6.089050  -0.000009 0.862802 -0.505542  0.034375 0.595312 1 0 1.000000
0  -0.090588 6.349775 6.396369  -0.000010 0.862801 -0.505544  0.034375 0.595312 1 0 1.000000
lowpoly_metal.053
0  -0.635215 9.259472 8.606518  -0.989036 0.073565 0.128043  0.043544 0.609912 1 0 1.000000
0  -0.611421 9.358709 9.027540  -0.996234 0.057951 -0.064503  0.043544 0.609912 1 0 1.000000
0  -0.616180 9.358709 8.663812  -0.995832 0.039363 0.082279  0.043544 0.609912 1 0 1.000000
lowpoly_metal.053
0  -0.608022 9.673706 8.481945  -0.995832 0.039318 0.082296  0.043544 0.609912 1 0 1.000000
0  -0.619354 10.013519 8.649488  -0.859907 0.509675 -0.028135  0.043544 0.609912 1 0 1.000000
0  -0.635217 9.673708 8.367361  -0.984262 0.069674 0.162402  0.043544 0.609912 1 0 1.000000
lowpoly_metal.053
0  -0.635215 9.259472 8.606518  -0.989036 0.073565 0.128043  0.043544 0.609912 1 0 1.000000
0  -0.616180 9.358709 8.663812  -0.995832 0.039363 0.082279  0.043544 0.609912 1 0 1.000000
0  -0.635217 9.673708 8.367361  -0.984262 0.069674 0.162402  0.043544 0.609912 1 0 1.000000
lowpoly_metal.053
0  -0.466786 10.641052 8.260865  -0.609888 0.753833 0.244485  0.039282 0.590557 1 0 1.000000
0  -0.451081 8.656481 8.239586  -0.997789 -0.009244 0.065811  0.039282 0.590557 1 0 1.000000
0  -0.426994 8.694516 8.442215  -0.782742 -0.030008 0.621622  0.039282 0.590557 1 0 1.000000
lowpoly_metal.053
0  -0.426994 8.694516 8.442215  -0.782742 -0.030008 0.621622  0.039282 0.590557 1 0 1.000000
0  -0.466784 9.310617 9.311302  -0.580685 -0.454997 0.675116  0.039282 0.590557 1 0 1.000000
0  -0.466786 10.641052 8.260865  -0.609888 0.753833 0.244485  0.039282 0.590557 1 0 1.000000
lowpoly_metal.053
0  -0.180404 -8.335999 7.989821  -0.577944 0.568750 -0.585239  0.060711 0.469699 1 0 1.000000
0  0.229439 -8.335995 7.989821  0.698873 -0.023345 -0.714864  0.060711 0.469699 1 0 1.000000
0  0.229439 -8.945938 8.008210  0.551738 -0.726448 -0.409705  0.060711 0.469699 1 0 1.000000
lowpoly_metal.053
0  0.484429 8.603699 8.239586  -0.042747 -0.001858 -0.999084  0.039282 0.590557 1 0 1.000000
0  0.453012 0.709889 8.239586  -0.031439 -0.678643 -0.733795  0.039282 0.590557 1 0 1.000000
0  -0.403972 0.709886 8.341823  -0.042298 -0.150853 -0.987651  0.039282 0.590557 1 0 1.000000
lowpoly_metal.053
0  -0.451081 8.656481 8.239586  -0.042747 -0.001862 -0.999084  0.039282 0.590557 1 0 1.000000
0  -0.466786 10.641052 8.260865  -0.042785 -0.001865 -0.999083  0.039282 0.590557 1 0 1.000000
0  0.515834 10.634505 8.279696  -0.042765 -0.001865 -0.999083  0.039282 0.590557 1 0 1.000000
lowpoly_metal.053
0  0.484429 8.603699 8.239586  -0.042747 -0.001858 -0.999084  0.039282 0.590557 1 0 1.000000
0  -0.403972 0.709886 8.341823  -0.042298 -0.150853 -0.987651  0.039282 0.590557 1 0 1.000000
0  -0.451081 8.656481 8.239586  -0.042747 -0.001862 -0.999084  0.039282 0.590557 1 0 1.000000
lowpoly_plastic.050
0  0.709595 20.382408 6.452189  0.923879 0.000002 -0.382684  0.005518 0.736972 1 0 1.000000
0  0.508943 20.382410 5.967773  0.923879 0.000003 -0.382685  0.005518 0.736972 1 0 1.000000
0  0.508941 21.288465 5.967773  0.923880 0.000002 -0.382684  0.005518 0.736972 1 0 1.000000
lowpoly_metal.053
0  -0.403972 0.709886 8.341823  -0.063256 -0.005265 0.997983  0.039282 0.590557 1 0 1.000000
0  0.453013 0.709889 8.444059  -0.047265 -0.005211 0.998869  0.039282 0.590557 1 0 1.000000
0  -0.426994 8.694516 8.442215  -0.782742 -0.030008 0.621622  0.039282 0.590557 1 0 1.000000
lowpoly_metal.053
0  0.453013 0.709889 8.444059  -0.047265 -0.005211 0.998869  0.039282 0.590557 1 0 1.000000
0  0.480233 8.695834 8.442001  -0.047236 -0.005203 0.998870  0.039282 0.590557 1 0 1.000000
0  -0.426994 8.694516 8.442215  -0.782742 -0.030008 0.621622  0.039282 0.590557 1 0 1.000000
lowpoly_metal.053
0  0.480233 8.695834 8.442001  -0.047236 -0.005203 0.998870  0.039282 0.590557 1 0 1.000000
0  0.384728 10.618719 8.444057  -0.047237 -0.005203 0.998870  0.039282 0.590557 1 0 1.000000
0  -0.426994 8.694516 8.442215  -0.782742 -0.030008 0.621622  0.039282 0.590557 1 0 1.000000
lowpoly_metal.053
0  0.515836 9.998716 9.331593  0.700980 0.340754 0.626510  0.039282 0.590557 1 0 1.000000
0  0.515836 9.310616 9.311299  0.582656 -0.458182 0.671254  0.039282 0.590557 1 0 1.000000
0  0.515834 10.634505 8.279696  0.604322 0.756553 0.249845  0.039282 0.590557 1 0 1.000000
lowpoly_metal.053
0  0.515836 9.310616 9.311299  0.582656 -0.458182 0.671254  0.039282 0.590557 1 0 1.000000
0  0.480233 8.695834 8.442001  0.999307 -0.035456 0.011316  0.039282 0.590557 1 0 1.000000
0  0.515834 10.634505 8.279696  0.604322 0.756553 0.249845  0.039282 0.590557 1 0 1.000000
lowpoly_plastic.050
0  -0.306676 -6.915014 5.438798  -0.797000 -0.000817 -0.603978  0.075349 0.627009 1 0 1.000000
0  -0.742459 -6.915021 6.020848  -0.797042 -0.000792 -0.603924  0.075349 0.627009 1 0 1.000000
0  -0.739361 -6.687747 6.006368  -0.776422 0.076361 -0.625570  0.075349 0.627009 1 0 1.000000
lowpoly_metal.053
0  0.522299 0.695191 7.885851  -0.000021 -1.000000 -0.000004  0.039282 0.590557 1 0 1.000000
0  0.522378 0.695189 7.337499  -0.000012 -1.000000 0.000002  0.039282 0.590557 1 0 1.000000
0  0.744238 0.695186 7.755476  -0.000024 -1.000000 0.000000  0.039282 0.590557 1 0 1.000000
lowpoly_metal.053
0  0.522378 0.695189 7.337499  -0.000012 -1.000000 0.000002  0.039282 0.590557 1 0 1.000000
0  0.744238 0.695186 6.250615  0.000001 -1.000000 -0.000003  0.039282 0.590557 1 0 1.000000
0  0.744238 0.695186 7.755476  -0.000024 -1.000000 0.000000  0.039282 0.590557 1 0 1.000000
lowpoly_metal.053
0  0.744238 0.695186 7.755476  -0.000024 -1.000000 0.000000  0.039282 0.590557 1 0 1.000000
0  0.466132 0.695189 8.311394  -0.000001 -1.000000 -0.000002  0.039282 0.590557 1 0 1.000000
0  0.522299 0.695191 7.885851  -0.000021 -1.000000 -0.000004  0.039282 0.590557 1 0 1.000000
lowpoly_metal.053
0  -0.417089 0.695189 8.311394  -0.000002 -1.000000 -0.000001  0.039282 0.590557 1 0 1.000000
0  -0.695191 0.695189 7.755476  0.000007 -1.000000 0.000001  0.039282 0.590557 1 0 1.000000
0  -0.469767 0.695191 7.845522  0.000006 -1.000000 -0.000002  0.039282 0.590557 1 0 1.000000
lowpoly_metal.053
0  -0.695191 0.695189 7.755476  0.000007 -1.000000 0.000001  0.039282 0.590557 1 0 1.000000
0  -0.695192 0.695189 6.250615  -0.447564 -0.864523 -0.228662  0.039282 0.590557 1 0 1.000000
0  -0.482411 0.695189 7.381176  -0.000000 -1.000000 0.000001  0.039282 0.590557 1 0 1.000000
lowpoly_metal.053
0  -0.469767 0.695191 7.845522  0.000006 -1.000000 -0.000002  0.039282 0.590557 1 0 1.000000
0  -0.695191 0.695189 7.755476  0.000007 -1.000000 0.000001  0.039282 0.590557 1 0 1.000000
0  -0.482411 0.695189 7.381176  -0.000000 -1.000000 0.000001  0.039282 0.590557 1 0 1.000000
lowpoly_metal.053
0  -0.695192 0.695189 6.250615  -0.447564 -0.864523 -0.228662  0.039282 0.590557 1 0 1.000000
0  -0.435426 0.695186 5.731354  -0.424370 -0.602672 -0.675793  0.039282 0.590557 1 0 1.000000
0  0.024524 0.695188 7.058782  -0.000001 -1.000000 0.000002  0.039282 0.590557 1 0 1.000000
lowpoly_metal.053
0  -0.695192 0.695189 6.250615  -0.447564 -0.864523 -0.228662  0.039282 0.590557 1 0 1.000000
0  0.024524 0.695188 7.058782  -0.000001 -1.000000 0.000002  0.039282 0.590557 1 0 1.000000
0  -0.482411 0.695189 7.381176  -0.000000 -1.000000 0.000001  0.039282 0.590557 1 0 1.000000
lowpoly_metal.053
0  0.024525 0.695188 8.125095  -0.000000 -1.000000 0.000004  0.039282 0.590557 1 0 1.000000
0  0.522299 0.695191 7.885851  -0.000021 -1.000000 -0.000004  0.039282 0.590557 1 0 1.000000
0  0.466132 0.695189 8.311394  -0.000001 -1.000000 -0.000002  0.039282 0.590557 1 0 1.000000
lowpoly_metal.053
0  0.024525 0.695188 8.125095  -0.000000 -1.000000 0.000004  0.039282 0.590557 1 0 1.000000
0  0.466132 0.695189 8.311394  -0.000001 -1.000000 -0.000002  0.039282 0.590557 1 0 1.000000
0  -0.417089 0.695189 8.311394  -0.000002 -1.000000 -0.000001  0.039282 0.590557 1 0 1.000000
lowpoly_metal.053
0  -0.296488 -8.317310 9.198885  0.923888 0.000013 -0.382663  0.060711 0.469699 1 0 1.000000
0  -0.229211 -8.317307 9.452616  0.923891 0.000015 -0.382655  0.060711 0.469699 1 0 1.000000
0  -0.202467 -8.739050 9.425871  0.419619 -0.789672 -0.447592  0.060711 0.469699 1 0 1.000000
lowpoly_metal.053
0  -0.446896 2.643521 7.545799  0.594928 0.068063 0.800892  0.060711 0.469699 1 0 1.000000
0  -0.727883 2.713045 7.525729  0.094999 -0.074670 0.992673  0.060711 0.469699 1 0 1.000000
0  -0.727883 2.463904 7.475551  0.057319 -0.440131 0.896102  0.060711 0.469699 1 0 1.000000
lowpoly_metal.053
0  -0.695190 7.833579 7.558412  -0.753202 -0.467778 -0.462462  0.039282 0.590557 1 0 1.000000
0  -0.713476 4.860159 7.657002  -0.987931 -0.012071 -0.154426  0.039282 0.590557 1 0 1.000000
0  -0.695192 10.823604 7.755477  -0.975853 0.000068 0.218427  0.039282 0.590557 1 0 1.000000
lowpoly_metal.053
0  -0.681441 2.727631 6.738296  -0.999936 0.003257 -0.010840  0.039282 0.590557 1 0 1.000000
0  -0.675512 2.727632 6.226912  -0.999957 0.003263 -0.008652  0.039282 0.590557 1 0 1.000000
0  -0.695196 1.378268 7.282770  -0.999932 0.001794 -0.011478  0.039282 0.590557 1 0 1.000000
lowpoly_metal.053
0  -0.675512 2.727632 6.226912  -0.999957 0.003263 -0.008652  0.039282 0.590557 1 0 1.000000
0  -0.695192 0.695189 6.250615  -0.999933 0.001796 -0.011476  0.039282 0.590557 1 0 1.000000
0  -0.695196 1.378268 7.282770  -0.999932 0.001794 -0.011478  0.039282 0.590557 1 0 1.000000
lowpoly_metal.053
0  -0.695192 0.695189 6.250615  -0.999933 0.001796 -0.011476  0.039282 0.590557 1 0 1.000000
0  -0.695191 0.695189 7.755476  -0.979049 0.000187 0.203625  0.039282 0.590557 1 0 1.000000
0  -0.695196 1.378268 7.282770  -0.999932 0.001794 -0.011478  0.039282 0.590557 1 0 1.000000
lowpoly_metal.053
0  -0.695191 0.695189 7.755476  -0.979049 0.000187 0.203625  0.039282 0.590557 1 0 1.000000
0  -0.674937 1.319732 7.807410  -0.970484 -0.000110 0.241165  0.039282 0.590557 1 0 1.000000
0  -0.695196 1.378268 7.282770  -0.999932 0.001794 -0.011478  0.039282 0.590557 1 0 1.000000
lowpoly_metal.053
0  -0.695190 7.838203 7.264364  -0.999932 0.001775 -0.011484  0.039282 0.590557 1 0 1.000000
0  -0.695190 7.833579 7.558412  -0.753202 -0.467778 -0.462462  0.039282 0.590557 1 0 1.000000
0  -0.695192 10.823604 7.755477  -0.975853 0.000068 0.218427  0.039282 0.590557 1 0 1.000000
lowpoly_metal.053
0  -0.681441 2.727631 6.738296  -0.999936 0.003257 -0.010840  0.039282 0.590557 1 0 1.000000
0  -0.695196 1.378268 7.282770  -0.999932 0.001794 -0.011478  0.039282 0.590557 1 0 1.000000
0  -0.695190 7.838203 7.264364  -0.999932 0.001775 -0.011484  0.039282 0.590557 1 0 1.000000
lowpoly_metal.053
0  -0.695190 7.838203 7.264364  -0.999932 0.001775 -0.011484  0.039282 0.590557 1 0 1.000000
0  -0.695192 10.823604 7.755477  -0.975853 0.000068 0.218427  0.039282 0.590557 1 0 1.000000
0  -0.695193 10.823604 6.738296  -0.999932 0.001781 -0.011485  0.039282 0.590557 1 0 1.000000
lowpoly_metal.053
0  -0.275108 1.671420 8.195831  0.051423 0.002792 -0.998673  0.039282 0.590557 1 0 1.000000
0  -0.484532 1.464458 8.176578  0.051404 0.002791 -0.998674  0.039282 0.590557 1 0 1.000000
0  -0.475852 4.689076 8.193929  0.051382 0.002788 -0.998675  0.039282 0.590557 1 0 1.000000
lowpoly_metal.053
0  -0.695192 10.823604 7.755477  -0.975853 0.000068 0.218427  0.039282 0.590557 1 0 1.000000
0  -0.713476 4.860159 7.657002  -0.987931 -0.012071 -0.154426  0.039282 0.590557 1 0 1.000000
0  -0.417086 10.823599 8.311392  -0.901705 -0.001623 0.432349  0.039282 0.590557 1 0 1.000000
lowpoly_metal.053
0  -0.713476 4.860159 7.657002  -0.987931 -0.012071 -0.154426  0.039282 0.590557 1 0 1.000000
0  -0.475852 4.689076 8.193929  -0.901699 -0.001591 0.432361  0.039282 0.590557 1 0 1.000000
0  -0.417086 10.823599 8.311392  -0.901705 -0.001623 0.432349  0.039282 0.590557 1 0 1.000000
lowpoly_metal.053
0  -0.484532 1.464458 8.176578  -0.901707 -0.001616 0.432345  0.039282 0.590557 1 0 1.000000
0  -0.674937 1.319732 7.807410  -0.970484 -0.000110 0.241165  0.039282 0.590557 1 0 1.000000
0  -0.417089 0.695189 8.311394  -0.901708 -0.001620 0.432343  0.039282 0.590557 1 0 1.000000
lowpoly_metal.053
0  -0.674937 1.319732 7.807410  -0.970484 -0.000110 0.241165  0.039282 0.590557 1 0 1.000000
0  -0.695191 0.695189 7.755476  -0.979049 0.000187 0.203625  0.039282 0.590557 1 0 1.000000
0  -0.417089 0.695189 8.311394  -0.901708 -0.001620 0.432343  0.039282 0.590557 1 0 1.000000
lowpoly_metal.053
0  -0.417086 10.823599 8.311392  -0.901705 -0.001623 0.432349  0.039282 0.590557 1 0 1.000000
0  -0.475852 4.689076 8.193929  -0.901699 -0.001591 0.432361  0.039282 0.590557 1 0 1.000000
0  -0.417089 0.695189 8.311394  -0.901708 -0.001620 0.432343  0.039282 0.590557 1 0 1.000000
lowpoly_metal.053
0  0.458667 8.043201 8.496845  0.379699 -0.059472 -0.923196  0.039282 0.590557 1 0 1.000000
0  0.464264 7.745865 8.471775  0.748390 -0.597014 -0.288941  0.039282 0.590557 1 0 1.000000
0  -0.409622 7.745868 8.496845  -0.933718 -0.350440 -0.073228  0.039282 0.590557 1 0 1.000000
lowpoly_metal.053
0  -0.114759 6.830440 5.751916  -1.000000 0.000000 0.000003  0.074523 0.389844 1 0 1.000000
0  -0.114756 7.595502 5.726740  -1.000000 0.000004 0.000007  0.074523 0.389844 1 0 1.000000
0  -0.114760 7.276593 5.372906  -1.000000 0.000000 0.000001  0.074523 0.389844 1 0 1.000000
lowpoly_metal.053
0  -0.114760 7.276593 5.372906  -1.000000 0.000000 0.000001  0.074523 0.389844 1 0 1.000000
0  -0.114756 7.212472 4.846313  -1.000000 0.000003 -0.000007  0.074523 0.389844 1 0 1.000000
0  -0.114758 7.059441 5.043811  -0.652005 -0.758209 0.002943  0.074523 0.389844 1 0 1.000000
lowpoly_metal.053
0  -0.114756 7.212472 4.846313  -1.000000 0.000003 -0.000007  0.074523 0.389844 1 0 1.000000
0  -0.114756 6.892954 4.550827  -0.553797 -0.450293 -0.700390  0.074523 0.389844 1 0 1.000000
0  -0.114758 7.059441 5.043811  -0.652005 -0.758209 0.002943  0.074523 0.389844 1 0 1.000000
lowpoly_metal.053
0  -0.114756 7.212472 4.846313  -0.002007 0.679880 -0.733320  0.074523 0.389844 1 0 1.000000
0  0.163807 7.212475 4.846313  -0.001990 0.679890 -0.733312  0.074523 0.389844 1 0 1.000000
0  0.163804 6.890593 4.547127  0.528158 -0.459162 -0.714296  0.074523 0.389844 1 0 1.000000
lowpoly_metal.053
0  -0.275875 5.397542 5.756480  -0.007115 -0.869558 0.493780  0.074523 0.389844 1 0 1.000000
0  0.324925 5.395587 5.750451  -0.007242 -0.875158 0.483783  0.074523 0.389844 1 0 1.000000
0  0.324924 8.457675 5.759263  0.005003 -0.001891 0.999986  0.074523 0.389844 1 0 1.000000
lowpoly_metal.053
0  0.024522 1.784145 6.774121  -0.160728 0.946867 0.278584  0.060711 0.469699 1 0 1.000000
0  -0.368029 1.784144 6.547481  -0.153343 0.951706 0.265974  0.060711 0.469699 1 0 1.000000
0  -0.433945 -14.885754 6.573394  -0.499986 0.006973 0.866006  0.060711 0.469699 1 0 1.000000
lowpoly_metal.053
0  0.515836 9.998716 9.331593  0.700980 0.340754 0.626510  0.039282 0.590557 1 0 1.000000
0  0.515834 10.634505 8.279696  0.604322 0.756553 0.249845  0.039282 0.590557 1 0 1.000000
0  0.384728 10.618719 8.444057  0.121599 0.933818 0.336447  0.039282 0.590557 1 0 1.000000
lowpoly_metal.053
0  0.024525 10.823603 8.311394  0.000004 1.000000 0.000001  0.039282 0.590557 1 0 1.000000
0  0.466135 10.823601 8.311394  0.000004 1.000000 0.000000  0.039282 0.590557 1 0 1.000000
0  0.744237 10.823601 7.755476  0.000004 1.000000 0.000002  0.039282 0.590557 1 0 1.000000
lowpoly_plastic.050
0  0.521333 12.331058 5.971950  -0.000001 -1.000000 0.000003  0.069489 0.560212 1 0 1.000000
0  0.521331 12.331062 6.965566  0.000001 -1.000000 0.000006  0.069489 0.560212 1 0 1.000000
0  -0.472279 12.331061 6.965564  -0.000001 -1.000000 0.000003  0.069489 0.560212 1 0 1.000000
lowpoly_metal.053
0  0.431563 1.784141 6.539116  0.367211 0.930138 -0.000001  0.060711 0.469699 1 0 1.000000
0  0.431563 1.784142 6.052372  0.380366 0.924836 0.000000  0.060711 0.469699 1 0 1.000000
0  0.388087 -12.515279 6.094203  -0.999995 0.003040 -0.000000  0.060711 0.469699 1 0 1.000000
lowpoly_metal.053
0  0.324925 5.818852 5.313623  0.027233 0.901793 -0.431310  0.074523 0.389844 1 0 1.000000
0  -0.275879 5.826929 5.311177  0.027186 0.901449 -0.432030  0.074523 0.389844 1 0 1.000000
0  -0.275876 6.104172 5.619651  0.006317 0.737561 -0.675251  0.074523 0.389844 1 0 1.000000
lowpoly_plastic.050
0  -0.443852 10.938087 2.530534  -0.931897 0.261312 0.251563  0.034333 0.623884 1 0 1.000000
0  -0.451144 10.661118 2.954295  -0.941164 0.290710 0.172333  0.034333 0.623884 1 0 1.000000
0  -0.299584 11.284920 2.259545  -0.815299 0.563274 0.134204  0.034333 0.623884 1 0 1.000000
lowpoly_plastic.050
0  -0.451144 10.661118 2.954295  -0.941164 0.290710 0.172333  0.034333 0.623884 1 0 1.000000
0  -0.451012 10.371259 3.412242  -0.942480 0.286276 0.172562  0.034333 0.623884 1 0 1.000000
0  -0.299584 11.284920 2.259545  -0.815299 0.563274 0.134204  0.034333 0.623884 1 0 1.000000
lowpoly_plastic.050
0  -0.451066 10.111112 3.875776  -0.940854 0.290909 0.173680  0.034333 0.623884 1 0 1.000000
0  -0.458365 9.834223 4.338900  -0.944398 0.291632 0.151870  0.034333 0.623884 1 0 1.000000
0  -0.299586 9.874217 4.645876  -0.709944 0.664171 0.234214  0.034333 0.623884 1 0 1.000000
lowpoly_plastic.050
0  -0.451012 10.371259 3.412242  -0.942480 0.286276 0.172562  0.034333 0.623884 1 0 1.000000
0  -0.451066 10.111112 3.875776  -0.940854 0.290909 0.173680  0.034333 0.623884 1 0 1.000000
0  -0.299586 9.874217 4.645876  -0.709944 0.664171 0.234214  0.034333 0.623884 1 0 1.000000
lowpoly_plastic.050
0  -0.299584 11.284920 2.259545  -0.815299 0.563274 0.134204  0.034333 0.623884 1 0 1.000000
0  -0.451012 10.371259 3.412242  -0.942480 0.286276 0.172562  0.034333 0.623884 1 0 1.000000
0  -0.299586 9.874217 4.645876  -0.709944 0.664171 0.234214  0.034333 0.623884 1 0 1.000000
lowpoly_metal.053
0  0.024515 -9.240917 7.007246  0.579004 -0.057054 -0.813326  0.060711 0.469699 1 0 1.000000
0  0.024517 -8.317265 7.007246  0.578961 -0.057024 -0.813359  0.060711 0.469699 1 0 1.000000
0  0.506061 -8.317268 7.285264  0.578974 -0.057034 -0.813348  0.060711 0.469699 1 0 1.000000
lowpoly_metal.053
0  -0.600381 20.339096 6.140539  0.161077 0.008686 -0.986904  0.028340 0.414408 1 0 1.000000
0  -0.600387 9.824278 6.180260  0.667539 -0.288501 -0.686410  0.028340 0.414408 1 0 1.000000
0  -0.739855 9.853170 6.167055  0.022312 -0.307180 -0.951390  0.028340 0.414408 1 0 1.000000
lowpoly_metal.053
0  -0.693365 9.691232 6.326702  -0.988791 -0.148817 0.012112  0.028340 0.414408 1 0 1.000000
0  -0.739855 9.743126 6.750535  -0.562377 -0.538526 0.627472  0.028340 0.414408 1 0 1.000000
0  -0.739855 9.853170 6.167055  -0.999971 -0.000468 -0.007599  0.028340 0.414408 1 0 1.000000
lowpoly_metal.053
0  -0.739855 9.743126 6.750535  -0.562377 -0.538526 0.627472  0.028340 0.414408 1 0 1.000000
0  -0.728695 21.282917 6.826127  -0.779768 0.626041 -0.005962  0.028340 0.414408 1 0 1.000000
0  -0.739855 9.853170 6.167055  -0.999971 -0.000468 -0.007599  0.028340 0.414408 1 0 1.000000
lowpoly_metal.053
0  0.368934 -8.290522 6.495452  1.000000 0.000003 -0.000001  0.060711 0.469699 1 0 1.000000
0  0.368935 -8.290522 7.278664  1.000000 0.000003 -0.000001  0.060711 0.469699 1 0 1.000000
0  0.368937 -9.164658 7.278664  1.000000 0.000003 -0.000001  0.060711 0.469699 1 0 1.000000
lowpoly_metal.053
0  -0.693365 9.691232 6.326702  0.951413 -0.221445 -0.213952  0.028340 0.414408 1 0 1.000000
0  -0.600387 9.824278 6.180260  0.667539 -0.288501 -0.686410  0.028340 0.414408 1 0 1.000000
0  -0.600387 9.755778 6.743824  0.999992 -0.004052 -0.000495  0.028340 0.414408 1 0 1.000000
lowpoly_metal.053
0  -0.600387 9.824278 6.180260  0.667539 -0.288501 -0.686410  0.028340 0.414408 1 0 1.000000
0  -0.600381 20.339096 6.140539  0.999992 -0.003998 -0.000486  0.028340 0.414408 1 0 1.000000
0  -0.600381 20.339096 6.812087  0.999992 -0.003998 -0.000486  0.028340 0.414408 1 0 1.000000
lowpoly_metal.053
0  -0.484973 -8.062975 6.009955  -1.000000 -0.000002 0.000000  0.060711 0.469699 1 0 1.000000
0  -0.484972 -9.239592 6.009955  -1.000000 -0.000002 0.000000  0.060711 0.469699 1 0 1.000000
0  -0.484971 -9.239592 6.598264  -1.000000 -0.000002 0.000000  0.060711 0.469699 1 0 1.000000
lowpoly_metal.053
0  -0.144771 21.387913 6.237482  0.997198 -0.066972 -0.033350  0.028340 0.414408 1 0 1.000000
0  -0.144771 21.387913 6.715147  0.997198 -0.066967 -0.033338  0.028340 0.414408 1 0 1.000000
0  -0.197983 20.363537 6.703481  0.671133 -0.741157 -0.016350  0.028340 0.414408 1 0 1.000000
lowpoly_metal.053
0  -0.484973 -8.062975 6.598264  -0.499999 -0.000000 0.866026  0.060711 0.469699 1 0 1.000000
0  -0.484971 -9.239592 6.598264  -0.500000 -0.000001 0.866025  0.060711 0.469699 1 0 1.000000
0  0.024520 -9.239586 6.892418  -0.499999 -0.000001 0.866026  0.060711 0.469699 1 0 1.000000
lowpoly_metal.053
0  -0.967176 2.705456 7.255124  -0.590008 0.336253 0.734046  0.060711 0.469699 1 0 1.000000
0  -1.660777 2.631470 7.213170  -0.570625 0.679831 0.460669  0.060711 0.469699 1 0 1.000000
0  -1.660776 2.471100 7.305758  -0.711078 -0.702720 0.023511  0.060711 0.469699 1 0 1.000000
lowpoly_metal.053
0  0.402349 9.079802 8.698236  0.818615 -0.450570 0.356169  0.030078 0.588281 1 0 1.000000
0  -0.353297 9.079804 8.698236  -0.818824 -0.450299 0.356032  0.030078 0.588281 1 0 1.000000
0  -0.353301 8.815893 8.368999  -0.546536 -0.758052 -0.355889  0.030078 0.588281 1 0 1.000000
lowpoly_metal.053
0  0.404554 -9.240913 7.782698  -0.000041 -1.000000 -0.000018  0.060711 0.469699 1 0 1.000000
0  0.405559 -9.240913 7.343287  0.979326 -0.179431 -0.093406  0.060711 0.469699 1 0 1.000000
0  0.506061 -9.240919 7.841300  0.617119 -0.784664 -0.058866  0.060711 0.469699 1 0 1.000000
lowpoly_metal.053
0  0.506061 -9.240919 7.841300  0.617119 -0.784664 -0.058866  0.060711 0.469699 1 0 1.000000
0  0.024515 -9.240917 8.119318  -0.359554 -0.784651 0.505019  0.060711 0.469699 1 0 1.000000
0  0.404554 -9.240913 7.782698  -0.000041 -1.000000 -0.000018  0.060711 0.469699 1 0 1.000000
lowpoly_metal.053
0  0.193831 21.387911 6.237482  -0.531238 0.831675 0.161564  0.028340 0.414408 1 0 1.000000
0  0.193830 20.444090 6.237481  -0.994757 0.046179 0.091246  0.028340 0.414408 1 0 1.000000
0  0.193830 20.444090 6.715146  -0.655373 -0.388469 0.647748  0.028340 0.414408 1 0 1.000000
lowpoly_metal.053
0  0.345523 -8.317308 9.198885  -0.923898 0.000016 0.382639  0.060711 0.469699 1 0 1.000000
0  0.287166 -8.317309 8.936239  -0.923893 0.000014 0.382651  0.060711 0.469699 1 0 1.000000
0  0.251506 -8.739050 8.971899  -0.449781 -0.771725 0.449597  0.060711 0.469699 1 0 1.000000
lowpoly_plastic.050
0  0.249579 20.664776 5.384243  0.847527 -0.436083 -0.302537  0.005518 0.736972 1 0 1.000000
0  0.249579 21.354803 4.371658  0.542842 0.218160 -0.811005  0.005518 0.736972 1 0 1.000000
0  0.249581 21.398695 6.118168  1.000000 -0.000001 -0.000000  0.005518 0.736972 1 0 1.000000
lowpoly_plastic.050
0  -0.200520 21.398695 6.118168  -1.000000 -0.000001 -0.000000  0.005518 0.736972 1 0 1.000000
0  -0.200518 21.379002 4.372634  -0.542781 0.268761 -0.795711  0.005518 0.736972 1 0 1.000000
0  -0.200519 20.664778 5.384243  -0.852597 -0.429386 -0.297836  0.005518 0.736972 1 0 1.000000
lowpoly_metal.053
0  -0.635215 9.259472 9.084833  0.000002 -0.499995 0.866028  0.043544 0.609912 1 0 1.000000
0  -0.444076 9.259474 9.084833  0.000005 -0.499996 0.866028  0.043544 0.609912 1 0 1.000000
0  -0.444076 9.673706 9.323988  -0.000005 -0.499994 0.866029  0.043544 0.609912 1 0 1.000000
lowpoly_plastic.050
0  -0.200519 20.664776 6.118167  0.000000 -0.000001 1.000000  0.005518 0.736972 1 0 1.000000
0  0.249579 20.664776 6.118167  0.000000 -0.000001 1.000000  0.005518 0.736972 1 0 1.000000
0  0.249581 21.398695 6.118168  0.000000 -0.000001 1.000000  0.005518 0.736972 1 0 1.000000
lowpoly_plastic.050
0  0.576707 21.565083 2.534606  0.002277 0.061471 -0.998106  0.005204 0.735637 1 0 1.000000
0  -0.527653 21.565079 2.534606  0.002270 0.061454 -0.998107  0.005204 0.735637 1 0 1.000000
0  -0.498070 21.977737 2.557568  -0.552259 0.621025 -0.556182  0.005204 0.735637 1 0 1.000000
lowpoly_plastic.050
0  0.637968 21.215155 4.457375  -0.004995 -0.996095 -0.088143  0.005204 0.735637 1 0 1.000000
0  -0.620242 21.217340 4.572544  -0.004522 -0.996869 -0.078949  0.005204 0.735637 1 0 1.000000
0  -0.527653 21.565079 2.534606  -0.009371 -0.984782 -0.173540  0.005204 0.735637 1 0 1.000000
lowpoly_plastic.050
0  0.788379 -7.162048 6.011525  0.760148 -0.057266 -0.647221  0.075349 0.627009 1 0 1.000000
0  0.800800 -8.358706 6.012269  0.761743 0.038714 -0.646722  0.075349 0.627009 1 0 1.000000
0  0.352188 -8.358700 5.426126  0.438825 0.023167 -0.898274  0.075349 0.627009 1 0 1.000000
lowpoly_metal.053
0  0.024523 1.166545 8.262230  0.000002 -1.000000 0.000000  0.060711 0.469699 1 0 1.000000
0  0.024522 1.166545 8.001436  0.000002 -1.000000 0.000000  0.060711 0.469699 1 0 1.000000
0  0.437395 1.166543 8.033587  -0.000003 -1.000000 0.000005  0.060711 0.469699 1 0 1.000000
lowpoly_metal.053
0  0.024522 1.166545 8.001436  0.000002 -1.000000 0.000000  0.060711 0.469699 1 0 1.000000
0  0.430533 1.166541 7.736506  0.000003 -1.000000 0.000005  0.060711 0.469699 1 0 1.000000
0  0.437395 1.166543 8.033587  -0.000003 -1.000000 0.000005  0.060711 0.469699 1 0 1.000000
lowpoly_metal.053
0  0.471799 1.166539 7.133566  -0.000007 -1.000000 0.000004  0.060711 0.469699 1 0 1.000000
0  0.608413 1.166541 7.481591  0.000001 -1.000000 0.000003  0.060711 0.469699 1 0 1.000000
0  0.338663 1.166541 7.271239  -0.000005 -1.000000 0.000000  0.060711 0.469699 1 0 1.000000
lowpoly_metal.053
0  0.608413 1.166541 7.481591  0.000001 -1.000000 0.000003  0.060711 0.469699 1 0 1.000000
0  0.437395 1.166543 8.033587  -0.000003 -1.000000 0.000005  0.060711 0.469699 1 0 1.000000
0  0.430533 1.166541 7.736506  0.000003 -1.000000 0.000005  0.060711 0.469699 1 0 1.000000
lowpoly_metal.053
0  -0.422753 1.166537 7.133566  0.000016 -1.000000 0.000006  0.060711 0.469699 1 0 1.000000
0  0.024522 1.166544 6.998708  0.000001 -1.000000 -0.000008  0.060711 0.469699 1 0 1.000000
0  -0.358707 1.166539 7.318059  0.000014 -1.000000 0.000003  0.060711 0.469699 1 0 1.000000
lowpoly_metal.053
0  0.024522 1.166544 6.998708  0.000001 -1.000000 -0.000008  0.060711 0.469699 1 0 1.000000
0  0.471799 1.166539 7.133566  -0.000007 -1.000000 0.000004  0.060711 0.469699 1 0 1.000000
0  0.338663 1.166541 7.271239  -0.000005 -1.000000 0.000000  0.060711 0.469699 1 0 1.000000
lowpoly_metal.053
0  -0.358707 1.166539 7.318059  0.000014 -1.000000 0.000003  0.060711 0.469699 1 0 1.000000
0  -0.559369 1.166537 7.481590  0.000016 -1.000000 0.000005  0.060711 0.469699 1 0 1.000000
0  -0.422753 1.166537 7.133566  0.000016 -1.000000 0.000006  0.060711 0.469699 1 0 1.000000
lowpoly_metal.053
0  0.338663 1.166541 7.271239  -0.000005 -1.000000 0.000000  0.060711 0.469699 1 0 1.000000
0  -0.358707 1.166539 7.318059  0.000014 -1.000000 0.000003  0.060711 0.469699 1 0 1.000000
0  0.024522 1.166544 6.998708  0.000001 -1.000000 -0.000008  0.060711 0.469699 1 0 1.000000
lowpoly_metal.053
0  0.139637 6.169709 6.089050  -0.000002 0.000000 -1.000000  0.034375 0.595312 1 0 1.000000
0  0.139636 5.760224 6.089050  0.000004 0.000000 -1.000000  0.034375 0.595312 1 0 1.000000
0  -0.090587 5.760230 6.089050  0.000001 0.000000 -1.000000  0.034375 0.595312 1 0 1.000000
lowpoly_metal.053
0  -0.728695 21.282917 6.826127  -0.779768 0.626041 -0.005962  0.028340 0.414408 1 0 1.000000
0  -0.368702 21.276976 6.707904  -0.202423 0.979290 -0.003934  0.028340 0.414408 1 0 1.000000
0  -0.352153 21.276548 6.247187  -0.212967 0.977051 -0.004101  0.028340 0.414408 1 0 1.000000
lowpoly_metal.053
0  0.695926 9.691236 6.625926  -0.149069 -0.894567 0.421342  0.028340 0.414408 1 0 1.000000
0  0.788902 9.743126 6.202094  0.562651 -0.509767 -0.650816  0.028340 0.414408 1 0 1.000000
0  0.788902 9.838312 6.783607  0.640693 -0.251662 0.725382  0.028340 0.414408 1 0 1.000000
lowpoly_metal.053
0  0.788902 9.743126 6.202094  0.562651 -0.509767 -0.650816  0.028340 0.414408 1 0 1.000000
0  0.757700 21.282917 6.120905  0.783571 0.621035 -0.018215  0.028340 0.414408 1 0 1.000000
0  0.788902 9.838312 6.783607  0.640693 -0.251662 0.725382  0.028340 0.414408 1 0 1.000000
lowpoly_plastic.050
0  0.443834 -2.332164 8.340531  0.901937 -0.000058 0.431867  0.075349 0.627009 1 0 1.000000
0  0.445792 -2.559430 8.336320  0.900586 0.003331 0.434664  0.075349 0.627009 1 0 1.000000
0  0.721252 -2.559425 7.761149  0.900614 0.003288 0.434607  0.075349 0.627009 1 0 1.000000
lowpoly_plastic.050
0  -0.200518 21.379002 4.372634  -0.542781 0.268761 -0.795711  0.005518 0.736972 1 0 1.000000
0  -0.200520 21.398695 6.118168  0.026828 0.999474 -0.018192  0.005518 0.736972 1 0 1.000000
0  0.249581 21.398695 6.118168  0.026849 0.999474 -0.018200  0.005518 0.736972 1 0 1.000000
lowpoly_plastic.050
0  0.525060 21.226692 7.063820  -0.000257 -0.999992 0.004066  0.005204 0.735637 1 0 1.000000
0  0.024529 21.226688 7.183162  -0.136777 -0.858750 0.493802  0.005204 0.735637 1 0 1.000000
0  0.732388 21.226692 6.775702  -0.000247 -0.999992 0.004036  0.005204 0.735637 1 0 1.000000
lowpoly_plastic.050
0  0.024529 21.226688 7.183162  -0.136777 -0.858750 0.493802  0.005204 0.735637 1 0 1.000000
0  -0.586266 21.226692 6.992979  -0.308892 -0.727325 0.612849  0.005204 0.735637 1 0 1.000000
0  0.732388 21.226692 6.775702  -0.000247 -0.999992 0.004036  0.005204 0.735637 1 0 1.000000
lowpoly_plastic.050
0  -0.586266 21.226692 6.992979  -0.308892 -0.727325 0.612849  0.005204 0.735637 1 0 1.000000
0  -0.620242 21.217340 4.572544  -0.004522 -0.996869 -0.078949  0.005204 0.735637 1 0 1.000000
0  0.732388 21.226692 6.775702  -0.000247 -0.999992 0.004036  0.005204 0.735637 1 0 1.000000
lowpoly_metal.053
0  -0.444074 9.836473 8.845675  1.000000 0.000003 0.000004  0.043544 0.609912 1 0 1.000000
0  -0.444077 10.087942 9.084833  1.000000 0.000006 0.000004  0.043544 0.609912 1 0 1.000000
0  -0.444077 9.599300 8.974554  1.000000 0.000001 0.000002  0.043544 0.609912 1 0 1.000000
lowpoly_metal.053
0  -0.444077 10.087942 9.084833  1.000000 0.000006 0.000004  0.043544 0.609912 1 0 1.000000
0  -0.444076 9.673706 9.323988  1.000000 0.000002 -0.000003  0.043544 0.609912 1 0 1.000000
0  -0.444077 9.599300 8.974554  1.000000 0.000001 0.000002  0.043544 0.609912 1 0 1.000000
lowpoly_metal.053
0  -0.444076 9.673706 9.323988  1.000000 0.000002 -0.000003  0.043544 0.609912 1 0 1.000000
0  -0.444076 9.259474 9.084833  1.000000 0.000002 -0.000001  0.043544 0.609912 1 0 1.000000
0  -0.444077 9.599300 8.974554  1.000000 0.000001 0.000002  0.043544 0.609912 1 0 1.000000
lowpoly_metal.053
0  -0.444076 9.259474 9.084833  1.000000 0.000002 -0.000001  0.043544 0.609912 1 0 1.000000
0  -0.444076 9.259474 8.606518  1.000000 0.000001 0.000000  0.043544 0.609912 1 0 1.000000
0  -0.444076 9.579007 8.722655  1.000000 -0.000002 -0.000000  0.043544 0.609912 1 0 1.000000
lowpoly_metal.053
0  0.019162 -14.244355 8.049903  0.490410 0.001327 0.871491  0.060711 0.469699 1 0 1.000000
0  0.448618 -14.244351 7.814320  0.490444 0.001319 0.871471  0.060711 0.469699 1 0 1.000000
0  0.432558 -1.834394 7.798865  0.490329 0.001297 0.871537  0.060711 0.469699 1 0 1.000000
lowpoly_plastic.050
0  -0.739337 -3.841992 6.011526  -0.764158 0.007841 -0.644981  0.075349 0.627009 1 0 1.000000
0  -0.191132 -3.841984 5.423773  -0.354859 0.007418 -0.934891  0.075349 0.627009 1 0 1.000000
0  -0.303453 -4.069255 5.434574  -0.488681 0.055575 -0.870691  0.075349 0.627009 1 0 1.000000
lowpoly_metal.053
0  -0.695193 12.080220 7.310114  -0.397743 0.607155 0.687868  0.039282 0.590557 1 0 1.000000
0  -0.695192 11.624237 7.712593  -0.397747 0.607155 0.687866  0.039282 0.590557 1 0 1.000000
0  -0.335332 11.734806 7.823080  -0.397745 0.607155 0.687867  0.039282 0.590557 1 0 1.000000
lowpoly_plastic.050
0  -0.742442 -4.543549 6.015605  -0.762855 -0.005939 -0.646542  0.075349 0.627009 1 0 1.000000
0  -0.739371 -4.316277 6.011566  -0.778557 -0.081487 -0.622261  0.075349 0.627009 1 0 1.000000
0  -0.303604 -4.316287 5.438807  -0.490534 -0.056121 -0.869613  0.075349 0.627009 1 0 1.000000
lowpoly_plastic.050
0  -0.746195 -2.295595 7.150018  -0.999992 0.000929 -0.003817  0.064370 0.664198 1 0 1.000000
0  -0.744342 -2.172081 7.036696  -0.999992 0.000936 -0.003797  0.064370 0.664198 1 0 1.000000
0  -0.742487 -2.419112 7.036520  -0.999992 0.000926 -0.003836  0.064370 0.664198 1 0 1.000000
lowpoly_plastic.050
0  -0.744342 -2.172081 7.036696  -0.999992 0.000936 -0.003797  0.064370 0.664198 1 0 1.000000
0  -0.739358 -2.172082 6.016765  -0.999992 0.000884 -0.003767  0.064370 0.664198 1 0 1.000000
0  -0.742487 -2.419112 7.036520  -0.999992 0.000926 -0.003836  0.064370 0.664198 1 0 1.000000
lowpoly_plastic.050
0  -0.148467 -3.120670 5.433388  -0.030375 -0.000651 -0.999538  0.064370 0.664198 1 0 1.000000
0  -0.148468 -3.367697 5.430363  -0.030390 -0.000640 -0.999538  0.064370 0.664198 1 0 1.000000
0  -0.303762 -3.367693 5.443047  -0.030472 -0.000662 -0.999535  0.064370 0.664198 1 0 1.000000
lowpoly_plastic.050
0  -0.745579 -4.667068 7.149959  -0.999994 -0.002016 -0.002982  0.064370 0.664198 1 0 1.000000
0  -0.744341 -4.543550 7.036694  -0.999994 -0.002024 -0.002961  0.064370 0.664198 1 0 1.000000
0  -0.742489 -4.790575 7.036520  -0.999994 -0.002024 -0.002959  0.064370 0.664198 1 0 1.000000
lowpoly_plastic.050
0  -0.744341 -4.543550 7.036694  -0.999994 -0.002024 -0.002961  0.064370 0.664198 1 0 1.000000
0  -0.742442 -4.543549 6.015605  -0.999994 -0.002019 -0.002953  0.064370 0.664198 1 0 1.000000
0  -0.742489 -4.790575 7.036520  -0.999994 -0.002024 -0.002959  0.064370 0.664198 1 0 1.000000
lowpoly_plastic.050
0  0.709595 20.382408 6.452189  0.923878 0.000002 0.382688  0.005518 0.736972 1 0 1.000000
0  0.709593 21.288469 6.452189  0.923879 0.000002 0.382685  0.005518 0.736972 1 0 1.000000
0  0.508941 21.288465 6.936603  0.923878 0.000002 0.382687  0.005518 0.736972 1 0 1.000000
lowpoly_plastic.050
0  -0.392840 -6.600809 8.344714  -0.928635 0.061163 0.365919  0.075349 0.627009 1 0 1.000000
0  -0.684653 -6.609385 7.556599  -0.991435 0.012008 0.130044  0.075349 0.627009 1 0 1.000000
0  -0.668378 -6.828069 7.768962  -0.958838 0.015598 0.283525  0.075349 0.627009 1 0 1.000000
lowpoly_plastic.050
0  -0.306824 -4.790576 5.443034  -0.498286 0.043904 -0.865900  0.064370 0.664198 1 0 1.000000
0  -0.742444 -4.790575 6.015606  -0.776226 0.076768 -0.625763  0.064370 0.664198 1 0 1.000000
0  -0.742442 -4.543549 6.015605  -0.762855 -0.005939 -0.646542  0.064370 0.664198 1 0 1.000000
lowpoly_plastic.050
0  -0.746196 -5.141356 7.150017  -0.999996 0.000582 -0.002869  0.064370 0.664198 1 0 1.000000
0  -0.739403 -5.017842 7.036229  -0.999996 0.000587 -0.002908  0.064370 0.664198 1 0 1.000000
0  -0.745580 -5.264872 7.036810  -0.999996 0.000584 -0.002883  0.064370 0.664198 1 0 1.000000
lowpoly_plastic.050
0  -0.739403 -5.017842 7.036229  -0.999996 0.000587 -0.002908  0.064370 0.664198 1 0 1.000000
0  -0.745538 -5.017840 6.014471  -0.999996 0.000579 -0.002858  0.064370 0.664198 1 0 1.000000
0  -0.745580 -5.264872 7.036810  -0.999996 0.000584 -0.002883  0.064370 0.664198 1 0 1.000000
lowpoly_metal.053
0  -0.967177 2.728680 7.552804  -0.565903 0.320080 -0.759804  0.060711 0.469699 1 0 1.000000
0  -0.967175 2.487803 7.405304  -0.636109 0.771502 -0.012198  0.060711 0.469699 1 0 1.000000
0  -1.660776 2.471100 7.504853  -0.756355 -0.511434 -0.407874  0.060711 0.469699 1 0 1.000000
lowpoly_metal.053
0  -0.967177 2.728680 7.552804  -0.140915 -0.989052 0.043804  0.060711 0.469699 1 0 1.000000
0  -1.660776 2.815943 7.518774  -0.888566 -0.417281 0.190597  0.060711 0.469699 1 0 1.000000
0  -1.660776 2.815943 7.291837  -0.749988 0.659893 0.045374  0.060711 0.469699 1 0 1.000000
lowpoly_plastic.050
0  -0.300549 -5.017844 5.438816  -0.481617 -0.042156 -0.875367  0.064370 0.664198 1 0 1.000000
0  -0.191133 -5.264872 5.423773  -0.354610 0.006268 -0.934994  0.064370 0.664198 1 0 1.000000
0  -0.739339 -5.264870 6.011526  -0.762981 0.006853 -0.646384  0.064370 0.664198 1 0 1.000000
lowpoly_plastic.050
0  -0.746700 -6.089949 7.150066  -0.999995 -0.001472 -0.002837  0.064370 0.664198 1 0 1.000000
0  -0.742488 -5.966433 7.036520  -0.999995 -0.001473 -0.002837  0.064370 0.664198 1 0 1.000000
0  -0.741167 -6.213456 7.036397  -0.999995 -0.001473 -0.002837  0.064370 0.664198 1 0 1.000000
lowpoly_plastic.050
0  -0.742488 -5.966433 7.036520  -0.999995 -0.001473 -0.002837  0.064370 0.664198 1 0 1.000000
0  -0.742458 -5.966435 6.020848  -0.999995 -0.001462 -0.002852  0.064370 0.664198 1 0 1.000000
0  -0.741167 -6.213456 7.036397  -0.999995 -0.001473 -0.002837  0.064370 0.664198 1 0 1.000000
lowpoly_plastic.050
0  -0.303760 -5.739166 5.443046  -0.795857 -0.000096 -0.605485  0.064370 0.664198 1 0 1.000000
0  -0.739360 -5.739163 6.006367  -0.795852 -0.000070 -0.605491  0.064370 0.664198 1 0 1.000000
0  -0.745538 -5.492138 6.024904  -0.778187 0.083306 -0.622483  0.064370 0.664198 1 0 1.000000
lowpoly_metal.053
0  0.453013 0.709889 8.444059  0.999931 -0.003692 0.011147  0.039282 0.590557 1 0 1.000000
0  0.453012 0.709889 8.239586  0.999931 -0.003690 0.011164  0.039282 0.590557 1 0 1.000000
0  0.484429 8.603699 8.239586  0.999967 -0.007678 0.002736  0.039282 0.590557 1 0 1.000000
lowpoly_metal.053
0  0.192556 2.132670 5.678441  0.000092 0.177855 -0.984057  0.026458 0.410980 1 0 1.000000
0  0.256413 3.336067 5.896126  -0.000002 0.178003 -0.984030  0.026458 0.410980 1 0 1.000000
0  0.450520 3.336070 5.896126  0.000057 0.177991 -0.984032  0.026458 0.410980 1 0 1.000000
lowpoly_metal.053
0  -0.314264 1.968958 5.648888  -0.000142 0.177733 -0.984079  0.026458 0.410980 1 0 1.000000
0  -0.401476 3.336065 5.896126  -0.000034 0.178001 -0.984030  0.026458 0.410980 1 0 1.000000
0  -0.151644 2.149512 5.681482  0.000297 0.177953 -0.984039  0.026458 0.410980 1 0 1.000000
lowpoly_metal.053
0  -0.401476 3.336065 5.896126  -0.000034 0.178001 -0.984030  0.026458 0.410980 1 0 1.000000
0  -0.207366 3.336070 5.896126  -0.000004 0.178007 -0.984029  0.026458 0.410980 1 0 1.000000
0  -0.151644 2.149512 5.681482  0.000297 0.177953 -0.984039  0.026458 0.410980 1 0 1.000000
lowpoly_metal.053
0  0.192556 2.132670 5.678441  0.000092 0.177855 -0.984057  0.026458 0.410980 1 0 1.000000
0  0.450520 3.336070 5.896126  0.000057 0.177991 -0.984032  0.026458 0.410980 1 0 1.000000
0  0.379970 1.996306 5.653899  0.000120 0.177843 -0.984059  0.026458 0.410980 1 0 1.000000
lowpoly_metal.053
0  -0.314264 1.968958 5.648888  -0.000142 0.177733 -0.984079  0.026458 0.410980 1 0 1.000000
0  -0.151644 2.149512 5.681482  0.000297 0.177953 -0.984039  0.026458 0.410980 1 0 1.000000
0  0.192556 2.132670 5.678441  0.000092 0.177855 -0.984057  0.026458 0.410980 1 0 1.000000
lowpoly_metal.053
0  0.734993 10.823603 6.232130  0.846721 0.005577 0.532007  0.039282 0.590557 1 0 1.000000
0  0.484472 10.823603 5.731352  0.903026 0.004598 -0.429561  0.039282 0.590557 1 0 1.000000
0  0.484473 13.240620 5.731353  0.818313 0.425138 -0.386810  0.039282 0.590557 1 0 1.000000
lowpoly_plastic.050
0  -0.306824 -7.162046 5.443036  -0.028762 -0.001319 -0.999585  0.064370 0.664198 1 0 1.000000
0  -0.306676 -6.915014 5.438798  -0.029094 -0.001356 -0.999576  0.064370 0.664198 1 0 1.000000
0  -0.148471 -6.915015 5.433389  -0.028744 -0.001319 -0.999586  0.064370 0.664198 1 0 1.000000
lowpoly_metal.053
0  0.024525 10.823603 8.311394  -0.000003 1.000000 0.000004  0.039282 0.590557 1 0 1.000000
0  -0.640175 10.823599 6.738296  0.000005 1.000000 -0.000003  0.039282 0.590557 1 0 1.000000
0  -0.695192 10.823604 7.755477  0.000002 1.000000 -0.000001  0.039282 0.590557 1 0 1.000000
lowpoly_plastic.050
0  0.197509 -6.915019 5.430364  0.039140 0.021615 -0.999000  0.075349 0.627009 1 0 1.000000
0  0.240112 -7.162047 5.423498  0.362819 -0.016952 -0.931705  0.075349 0.627009 1 0 1.000000
0  -0.148469 -7.162050 5.431211  -0.028752 -0.001310 -0.999586  0.075349 0.627009 1 0 1.000000
lowpoly_plastic.050
0  0.240112 -7.162047 5.423498  0.362819 -0.016952 -0.931705  0.075349 0.627009 1 0 1.000000
0  0.352188 -8.358700 5.426126  0.438825 0.023167 -0.898274  0.075349 0.627009 1 0 1.000000
0  -0.148469 -7.162050 5.431211  -0.028752 -0.001310 -0.999586  0.075349 0.627009 1 0 1.000000
lowpoly_plastic.050
0  0.352188 -8.358700 5.426126  0.438825 0.023167 -0.898274  0.075349 0.627009 1 0 1.000000
0  -0.303149 -8.358704 5.426126  -0.003119 0.001527 -0.999994  0.075349 0.627009 1 0 1.000000
0  -0.148469 -7.162050 5.431211  -0.028752 -0.001310 -0.999586  0.075349 0.627009 1 0 1.000000
lowpoly_plastic.050
0  -0.303149 -8.358704 5.426126  -0.003119 0.001527 -0.999994  0.075349 0.627009 1 0 1.000000
0  -0.306824 -7.162046 5.443036  -0.028762 -0.001319 -0.999585  0.075349 0.627009 1 0 1.000000
0  -0.148469 -7.162050 5.431211  -0.028752 -0.001310 -0.999586  0.075349 0.627009 1 0 1.000000
lowpoly_plastic.050
0  0.352648 -6.687753 5.438807  0.019299 0.002823 -0.999810  0.075349 0.627009 1 0 1.000000
0  0.352797 -6.915016 5.443046  0.492505 -0.041705 -0.869310  0.075349 0.627009 1 0 1.000000
0  0.197509 -6.915019 5.430364  0.039140 0.021615 -0.999000  0.075349 0.627009 1 0 1.000000
lowpoly_plastic.050
0  -0.148471 -6.915015 5.433389  -0.028744 -0.001319 -0.999586  0.075349 0.627009 1 0 1.000000
0  -0.306676 -6.915014 5.438798  -0.029094 -0.001356 -0.999576  0.075349 0.627009 1 0 1.000000
0  -0.297325 -6.687757 5.434574  -0.001771 -0.017503 -0.999845  0.075349 0.627009 1 0 1.000000
lowpoly_plastic.050
0  0.197509 -6.915019 5.430364  0.039140 0.021615 -0.999000  0.075349 0.627009 1 0 1.000000
0  -0.148469 -7.162050 5.431211  -0.028752 -0.001310 -0.999586  0.075349 0.627009 1 0 1.000000
0  -0.148471 -6.915015 5.433389  -0.028744 -0.001319 -0.999586  0.075349 0.627009 1 0 1.000000
lowpoly_plastic.050
0  0.197507 -6.687746 5.431209  0.019200 0.002869 -0.999812  0.075349 0.627009 1 0 1.000000
0  0.352648 -6.687753 5.438807  0.019299 0.002823 -0.999810  0.075349 0.627009 1 0 1.000000
0  0.197509 -6.915019 5.430364  0.039140 0.021615 -0.999000  0.075349 0.627009 1 0 1.000000
lowpoly_plastic.050
0  0.240173 -6.213459 5.423773  -0.001236 0.008170 -0.999966  0.075349 0.627009 1 0 1.000000
0  0.355716 -6.440732 5.438799  0.023035 0.003064 -0.999730  0.075349 0.627009 1 0 1.000000
0  0.197510 -6.440727 5.433388  0.019186 0.002790 -0.999812  0.075349 0.627009 1 0 1.000000
lowpoly_plastic.050
0  0.197507 -6.687746 5.431209  0.019200 0.002869 -0.999812  0.075349 0.627009 1 0 1.000000
0  0.197509 -6.915019 5.430364  0.039140 0.021615 -0.999000  0.075349 0.627009 1 0 1.000000
0  -0.148471 -6.915015 5.433389  -0.028744 -0.001319 -0.999586  0.075349 0.627009 1 0 1.000000
lowpoly_plastic.050
0  0.197505 -5.966428 5.433388  0.002306 0.020855 -0.999780  0.075349 0.627009 1 0 1.000000
0  0.240173 -6.213459 5.423773  -0.001236 0.008170 -0.999966  0.075349 0.627009 1 0 1.000000
0  -0.148470 -6.213454 5.434598  -0.011701 0.002796 -0.999928  0.075349 0.627009 1 0 1.000000
lowpoly_plastic.050
0  0.240173 -6.213459 5.423773  -0.001236 0.008170 -0.999966  0.075349 0.627009 1 0 1.000000
0  0.197510 -6.440727 5.433388  0.019186 0.002790 -0.999812  0.075349 0.627009 1 0 1.000000
0  -0.148470 -6.213454 5.434598  -0.011701 0.002796 -0.999928  0.075349 0.627009 1 0 1.000000
lowpoly_plastic.050
0  0.197510 -6.440727 5.433388  0.019186 0.002790 -0.999812  0.075349 0.627009 1 0 1.000000
0  0.197507 -6.687746 5.431209  0.019200 0.002869 -0.999812  0.075349 0.627009 1 0 1.000000
0  -0.148468 -6.687749 5.434598  -0.001463 -0.021109 -0.999776  0.075349 0.627009 1 0 1.000000
lowpoly_plastic.050
0  0.197507 -6.687746 5.431209  0.019200 0.002869 -0.999812  0.075349 0.627009 1 0 1.000000
0  -0.148471 -6.915015 5.433389  -0.028744 -0.001319 -0.999586  0.075349 0.627009 1 0 1.000000
0  -0.148468 -6.687749 5.434598  -0.001463 -0.021109 -0.999776  0.075349 0.627009 1 0 1.000000
lowpoly_plastic.050
0  -0.148471 -6.915015 5.433389  -0.028744 -0.001319 -0.999586  0.075349 0.627009 1 0 1.000000
0  -0.297325 -6.687757 5.434574  -0.001771 -0.017503 -0.999845  0.075349 0.627009 1 0 1.000000
0  -0.148468 -6.687749 5.434598  -0.001463 -0.021109 -0.999776  0.075349 0.627009 1 0 1.000000
lowpoly_plastic.050
0  -0.191134 -6.440728 5.423774  -0.352295 -0.005569 -0.935873  0.075349 0.627009 1 0 1.000000
0  -0.300377 -6.213461 5.434562  -0.482964 -0.054341 -0.873952  0.075349 0.627009 1 0 1.000000
0  -0.148470 -6.213454 5.434598  -0.011701 0.002796 -0.999928  0.075349 0.627009 1 0 1.000000
lowpoly_plastic.050
0  -0.148468 -6.687749 5.434598  -0.001463 -0.021109 -0.999776  0.075349 0.627009 1 0 1.000000
0  -0.191134 -6.440728 5.423774  -0.352295 -0.005569 -0.935873  0.075349 0.627009 1 0 1.000000
0  0.197510 -6.440727 5.433388  0.019186 0.002790 -0.999812  0.075349 0.627009 1 0 1.000000
lowpoly_plastic.050
0  -0.191134 -6.440728 5.423774  -0.352295 -0.005569 -0.935873  0.075349 0.627009 1 0 1.000000
0  -0.148470 -6.213454 5.434598  -0.011701 0.002796 -0.999928  0.075349 0.627009 1 0 1.000000
0  0.197510 -6.440727 5.433388  0.019186 0.002790 -0.999812  0.075349 0.627009 1 0 1.000000
lowpoly_plastic.050
0  -0.148468 -5.966430 5.432480  -0.011705 0.002785 -0.999928  0.075349 0.627009 1 0 1.000000
0  -0.306687 -5.966426 5.438816  -0.011700 0.002790 -0.999928  0.075349 0.627009 1 0 1.000000
0  -0.303760 -5.739166 5.443046  -0.031314 -0.000043 -0.999510  0.075349 0.627009 1 0 1.000000
lowpoly_plastic.050
0  -0.148470 -6.213454 5.434598  -0.011701 0.002796 -0.999928  0.075349 0.627009 1 0 1.000000
0  -0.148468 -5.966430 5.432480  -0.011705 0.002785 -0.999928  0.075349 0.627009 1 0 1.000000
0  0.197505 -5.966428 5.433388  0.002306 0.020855 -0.999780  0.075349 0.627009 1 0 1.000000
lowpoly_plastic.050
0  0.352799 -5.739163 5.443046  0.026206 -0.001520 -0.999655  0.075349 0.627009 1 0 1.000000
0  0.349419 -5.966423 5.434562  0.001458 0.017820 -0.999840  0.075349 0.627009 1 0 1.000000
0  0.197508 -5.739163 5.431209  0.025928 -0.001497 -0.999663  0.075349 0.627009 1 0 1.000000
lowpoly_plastic.050
0  0.349419 -5.966423 5.434562  0.001458 0.017820 -0.999840  0.075349 0.627009 1 0 1.000000
0  0.197505 -5.966428 5.433388  0.002306 0.020855 -0.999780  0.075349 0.627009 1 0 1.000000
0  0.197508 -5.739163 5.431209  0.025928 -0.001497 -0.999663  0.075349 0.627009 1 0 1.000000
lowpoly_plastic.050
0  -0.148468 -5.966430 5.432480  -0.011705 0.002785 -0.999928  0.075349 0.627009 1 0 1.000000
0  -0.303760 -5.739166 5.443046  -0.031314 -0.000043 -0.999510  0.075349 0.627009 1 0 1.000000
0  -0.148467 -5.739168 5.429757  -0.031317 -0.000047 -0.999510  0.075349 0.627009 1 0 1.000000
lowpoly_plastic.050
0  -0.148469 -5.492136 5.433388  -0.031333 -0.000046 -0.999509  0.075349 0.627009 1 0 1.000000
0  -0.306675 -5.492132 5.438798  -0.036218 -0.000299 -0.999344  0.075349 0.627009 1 0 1.000000
0  -0.191133 -5.264872 5.423773  -0.354610 0.006268 -0.934994  0.075349 0.627009 1 0 1.000000
lowpoly_plastic.050
0  0.197505 -5.966428 5.433388  0.002306 0.020855 -0.999780  0.075349 0.627009 1 0 1.000000
0  -0.148468 -5.966430 5.432480  -0.011705 0.002785 -0.999928  0.075349 0.627009 1 0 1.000000
0  -0.148467 -5.739168 5.429757  -0.031317 -0.000047 -0.999510  0.075349 0.627009 1 0 1.000000
lowpoly_plastic.050
0  -0.148469 -5.492136 5.433388  -0.031333 -0.000046 -0.999509  0.075349 0.627009 1 0 1.000000
0  -0.191133 -5.264872 5.423773  -0.354610 0.006268 -0.934994  0.075349 0.627009 1 0 1.000000
0  0.197505 -5.264868 5.431209  0.019392 0.002686 -0.999808  0.075349 0.627009 1 0 1.000000
lowpoly_plastic.050
0  -0.191133 -5.264872 5.423773  -0.354610 0.006268 -0.934994  0.075349 0.627009 1 0 1.000000
0  -0.148466 -5.017841 5.431209  -0.026529 0.020102 -0.999446  0.075349 0.627009 1 0 1.000000
0  0.197505 -5.264868 5.431209  0.019392 0.002686 -0.999808  0.075349 0.627009 1 0 1.000000
lowpoly_plastic.050
0  0.197505 -5.966428 5.433388  0.002306 0.020855 -0.999780  0.075349 0.627009 1 0 1.000000
0  -0.148467 -5.739168 5.429757  -0.031317 -0.000047 -0.999510  0.075349 0.627009 1 0 1.000000
0  0.197508 -5.739163 5.431209  0.025928 -0.001497 -0.999663  0.075349 0.627009 1 0 1.000000
lowpoly_plastic.050
0  -0.148467 -5.739168 5.429757  -0.031317 -0.000047 -0.999510  0.075349 0.627009 1 0 1.000000
0  -0.148469 -5.492136 5.433388  -0.031333 -0.000046 -0.999509  0.075349 0.627009 1 0 1.000000
0  0.197508 -5.492133 5.433388  0.025912 -0.001504 -0.999663  0.075349 0.627009 1 0 1.000000
lowpoly_plastic.050
0  0.197508 -5.739163 5.431209  0.025928 -0.001497 -0.999663  0.075349 0.627009 1 0 1.000000
0  -0.148467 -5.739168 5.429757  -0.031317 -0.000047 -0.999510  0.075349 0.627009 1 0 1.000000
0  0.197508 -5.492133 5.433388  0.025912 -0.001504 -0.999663  0.075349 0.627009 1 0 1.000000
lowpoly_plastic.050
0  0.349589 -5.264873 5.438816  0.019389 0.002677 -0.999808  0.075349 0.627009 1 0 1.000000
0  0.355714 -5.492136 5.438798  0.026081 -0.001522 -0.999659  0.075349 0.627009 1 0 1.000000
0  0.197508 -5.492133 5.433388  0.025912 -0.001504 -0.999663  0.075349 0.627009 1 0 1.000000
lowpoly_plastic.050
0  0.197505 -5.264868 5.431209  0.019392 0.002686 -0.999808  0.075349 0.627009 1 0 1.000000
0  0.349589 -5.264873 5.438816  0.019389 0.002677 -0.999808  0.075349 0.627009 1 0 1.000000
0  0.197508 -5.492133 5.433388  0.025912 -0.001504 -0.999663  0.075349 0.627009 1 0 1.000000
lowpoly_plastic.050
0  -0.148466 -5.017841 5.431209  -0.026529 0.020102 -0.999446  0.075349 0.627009 1 0 1.000000
0  -0.300549 -5.017844 5.438816  -0.481617 -0.042156 -0.875367  0.075349 0.627009 1 0 1.000000
0  -0.148470 -4.790574 5.430362  -0.041431 -0.019426 -0.998953  0.075349 0.627009 1 0 1.000000
lowpoly_plastic.050
0  -0.300549 -5.017844 5.438816  -0.481617 -0.042156 -0.875367  0.075349 0.627009 1 0 1.000000
0  -0.306824 -4.790576 5.443034  -0.498286 0.043904 -0.865900  0.075349 0.627009 1 0 1.000000
0  -0.148470 -4.790574 5.430362  -0.041431 -0.019426 -0.998953  0.075349 0.627009 1 0 1.000000
lowpoly_plastic.050
0  0.197508 -5.492133 5.433388  0.025912 -0.001504 -0.999663  0.075349 0.627009 1 0 1.000000
0  -0.148469 -5.492136 5.433388  -0.031333 -0.000046 -0.999509  0.075349 0.627009 1 0 1.000000
0  0.197505 -5.264868 5.431209  0.019392 0.002686 -0.999808  0.075349 0.627009 1 0 1.000000
lowpoly_plastic.050
0  0.197505 -5.017847 5.433388  0.019451 0.002648 -0.999807  0.075349 0.627009 1 0 1.000000
0  0.197505 -5.264868 5.431209  0.019392 0.002686 -0.999808  0.075349 0.627009 1 0 1.000000
0  -0.148466 -5.017841 5.431209  -0.026529 0.020102 -0.999446  0.075349 0.627009 1 0 1.000000
lowpoly_plastic.050
0  0.349585 -4.790571 5.438816  0.482136 0.043300 -0.875025  0.075349 0.627009 1 0 1.000000
0  0.355715 -5.017854 5.438798  0.019453 0.002676 -0.999807  0.075349 0.627009 1 0 1.000000
0  0.197505 -5.017847 5.433388  0.019451 0.002648 -0.999807  0.075349 0.627009 1 0 1.000000
lowpoly_plastic.050
0  0.197507 -4.790576 5.431209  0.023428 -0.018607 -0.999552  0.075349 0.627009 1 0 1.000000
0  0.349585 -4.790571 5.438816  0.482136 0.043300 -0.875025  0.075349 0.627009 1 0 1.000000
0  0.197505 -5.017847 5.433388  0.019451 0.002648 -0.999807  0.075349 0.627009 1 0 1.000000
lowpoly_plastic.050
0  -0.191135 -4.543547 5.423773  -0.354224 -0.006823 -0.935136  0.075349 0.627009 1 0 1.000000
0  -0.303604 -4.316287 5.438807  -0.490534 -0.056121 -0.869613  0.075349 0.627009 1 0 1.000000
0  -0.148470 -4.316281 5.431209  -0.013761 -0.000083 -0.999905  0.075349 0.627009 1 0 1.000000
lowpoly_plastic.050
0  0.197505 -5.017847 5.433388  0.019451 0.002648 -0.999807  0.075349 0.627009 1 0 1.000000
0  -0.148466 -5.017841 5.431209  -0.026529 0.020102 -0.999446  0.075349 0.627009 1 0 1.000000
0  -0.148470 -4.790574 5.430362  -0.041431 -0.019426 -0.998953  0.075349 0.627009 1 0 1.000000
lowpoly_plastic.050
0  -0.148470 -4.790574 5.430362  -0.041431 -0.019426 -0.998953  0.075349 0.627009 1 0 1.000000
0  -0.191135 -4.543547 5.423773  -0.354224 -0.006823 -0.935136  0.075349 0.627009 1 0 1.000000
0  0.197507 -4.790576 5.431209  0.023428 -0.018607 -0.999552  0.075349 0.627009 1 0 1.000000
lowpoly_plastic.050
0  -0.191135 -4.543547 5.423773  -0.354224 -0.006823 -0.935136  0.075349 0.627009 1 0 1.000000
0  -0.148470 -4.316281 5.431209  -0.013761 -0.000083 -0.999905  0.075349 0.627009 1 0 1.000000
0  0.197510 -4.316282 5.433388  0.026963 0.001639 -0.999635  0.075349 0.627009 1 0 1.000000
lowpoly_plastic.050
0  0.197507 -4.790576 5.431209  0.023428 -0.018607 -0.999552  0.075349 0.627009 1 0 1.000000
0  -0.191135 -4.543547 5.423773  -0.354224 -0.006823 -0.935136  0.075349 0.627009 1 0 1.000000
0  0.240174 -4.543544 5.423773  0.351016 -0.005068 -0.936356  0.075349 0.627009 1 0 1.000000
lowpoly_plastic.050
0  -0.148467 -4.069255 5.434598  -0.013752 -0.000106 -0.999905  0.075349 0.627009 1 0 1.000000
0  -0.303453 -4.069255 5.434574  -0.488681 0.055575 -0.870691  0.075349 0.627009 1 0 1.000000
0  -0.191132 -3.841984 5.423773  -0.354859 0.007418 -0.934891  0.075349 0.627009 1 0 1.000000
lowpoly_plastic.050
0  0.197505 -5.017847 5.433388  0.019451 0.002648 -0.999807  0.075349 0.627009 1 0 1.000000
0  -0.148470 -4.790574 5.430362  -0.041431 -0.019426 -0.998953  0.075349 0.627009 1 0 1.000000
0  0.197507 -4.790576 5.431209  0.023428 -0.018607 -0.999552  0.075349 0.627009 1 0 1.000000
lowpoly_plastic.050
0  -0.148467 -4.069255 5.434598  -0.013752 -0.000106 -0.999905  0.075349 0.627009 1 0 1.000000
0  -0.191132 -3.841984 5.423773  -0.354859 0.007418 -0.934891  0.075349 0.627009 1 0 1.000000
0  0.197506 -3.841989 5.431209  0.010779 -0.000188 -0.999942  0.075349 0.627009 1 0 1.000000
lowpoly_plastic.050
0  -0.191132 -3.841984 5.423773  -0.354859 0.007418 -0.934891  0.075349 0.627009 1 0 1.000000
0  -0.148466 -3.594957 5.431210  -0.026007 0.020010 -0.999461  0.075349 0.627009 1 0 1.000000
0  0.197506 -3.841989 5.431209  0.010779 -0.000188 -0.999942  0.075349 0.627009 1 0 1.000000
lowpoly_plastic.050
0  -0.148470 -4.316281 5.431209  -0.013761 -0.000083 -0.999905  0.075349 0.627009 1 0 1.000000
0  -0.148467 -4.069255 5.434598  -0.013752 -0.000106 -0.999905  0.075349 0.627009 1 0 1.000000
0  0.197510 -4.316282 5.433388  0.026963 0.001639 -0.999635  0.075349 0.627009 1 0 1.000000
lowpoly_plastic.050
0  0.240174 -4.543544 5.423773  0.351016 -0.005068 -0.936356  0.075349 0.627009 1 0 1.000000
0  -0.191135 -4.543547 5.423773  -0.354224 -0.006823 -0.935136  0.075349 0.627009 1 0 1.000000
0  0.197510 -4.316282 5.433388  0.026963 0.001639 -0.999635  0.075349 0.627009 1 0 1.000000
lowpoly_plastic.050
0  -0.148466 -3.594957 5.431210  -0.026007 0.020010 -0.999461  0.075349 0.627009 1 0 1.000000
0  -0.303607 -3.594954 5.438808  -0.486354 -0.043090 -0.872698  0.075349 0.627009 1 0 1.000000
0  -0.148468 -3.367697 5.430363  -0.030390 -0.000640 -0.999538  0.075349 0.627009 1 0 1.000000
lowpoly_plastic.050
0  -0.303607 -3.594954 5.438808  -0.486354 -0.043090 -0.872698  0.075349 0.627009 1 0 1.000000
0  -0.303762 -3.367693 5.443047  -0.030472 -0.000662 -0.999535  0.075349 0.627009 1 0 1.000000
0  -0.148468 -3.367697 5.430363  -0.030390 -0.000640 -0.999538  0.075349 0.627009 1 0 1.000000
lowpoly_plastic.050
0  0.197510 -4.316282 5.433388  0.026963 0.001639 -0.999635  0.075349 0.627009 1 0 1.000000
0  0.352627 -4.316285 5.438780  0.032364 0.001651 -0.999475  0.075349 0.627009 1 0 1.000000
0  0.240174 -4.543544 5.423773  0.351016 -0.005068 -0.936356  0.075349 0.627009 1 0 1.000000
lowpoly_plastic.050
0  0.197510 -4.316282 5.433388  0.026963 0.001639 -0.999635  0.075349 0.627009 1 0 1.000000
0  -0.148467 -4.069255 5.434598  -0.013752 -0.000106 -0.999905  0.075349 0.627009 1 0 1.000000
0  0.197508 -4.069251 5.430362  0.026970 0.001628 -0.999635  0.075349 0.627009 1 0 1.000000
lowpoly_plastic.050
0  -0.148467 -3.120670 5.433388  -0.030375 -0.000651 -0.999538  0.075349 0.627009 1 0 1.000000
0  -0.306674 -3.120673 5.438799  -0.030507 -0.000655 -0.999534  0.075349 0.627009 1 0 1.000000
0  -0.300544 -2.893402 5.438817  -0.482148 0.042212 -0.875073  0.075349 0.627009 1 0 1.000000
lowpoly_plastic.050
0  -0.148466 -3.594957 5.431210  -0.026007 0.020010 -0.999461  0.075349 0.627009 1 0 1.000000
0  -0.148468 -3.367697 5.430363  -0.030390 -0.000640 -0.999538  0.075349 0.627009 1 0 1.000000
0  0.197507 -3.594962 5.434598  0.010795 -0.000180 -0.999942  0.075349 0.627009 1 0 1.000000
lowpoly_plastic.050
0  -0.148467 -3.120670 5.433388  -0.030375 -0.000651 -0.999538  0.075349 0.627009 1 0 1.000000
0  -0.300544 -2.893402 5.438817  -0.482148 0.042212 -0.875073  0.075349 0.627009 1 0 1.000000
0  -0.148468 -2.893401 5.432481  -0.022335 -0.019998 -0.999551  0.075349 0.627009 1 0 1.000000
lowpoly_plastic.050
0  0.197508 -4.069251 5.430362  0.026970 0.001628 -0.999635  0.075349 0.627009 1 0 1.000000
0  -0.148467 -4.069255 5.434598  -0.013752 -0.000106 -0.999905  0.075349 0.627009 1 0 1.000000
0  0.197506 -3.841989 5.431209  0.010779 -0.000188 -0.999942  0.075349 0.627009 1 0 1.000000
lowpoly_plastic.050
0  -0.148468 -3.367697 5.430363  -0.030390 -0.000640 -0.999538  0.075349 0.627009 1 0 1.000000
0  -0.148467 -3.120670 5.433388  -0.030375 -0.000651 -0.999538  0.075349 0.627009 1 0 1.000000
0  0.197508 -3.120668 5.433388  0.016220 0.023266 -0.999598  0.075349 0.627009 1 0 1.000000
lowpoly_plastic.050
0  0.197506 -3.841989 5.431209  0.010779 -0.000188 -0.999942  0.075349 0.627009 1 0 1.000000
0  -0.148466 -3.594957 5.431210  -0.026007 0.020010 -0.999461  0.075349 0.627009 1 0 1.000000
0  0.197507 -3.594962 5.434598  0.010795 -0.000180 -0.999942  0.075349 0.627009 1 0 1.000000
lowpoly_plastic.050
0  -0.148467 -3.120670 5.433388  -0.030375 -0.000651 -0.999538  0.075349 0.627009 1 0 1.000000
0  -0.148468 -2.893401 5.432481  -0.022335 -0.019998 -0.999551  0.075349 0.627009 1 0 1.000000
0  0.197508 -3.120668 5.433388  0.016220 0.023266 -0.999598  0.075349 0.627009 1 0 1.000000
lowpoly_plastic.050
0  0.349591 -3.841991 5.438816  0.010669 -0.000168 -0.999943  0.075349 0.627009 1 0 1.000000
0  0.358953 -4.069251 5.443046  0.027148 0.001636 -0.999630  0.075349 0.627009 1 0 1.000000
0  0.197508 -4.069251 5.430362  0.026970 0.001628 -0.999635  0.075349 0.627009 1 0 1.000000
lowpoly_plastic.050
0  -0.148468 -3.367697 5.430363  -0.030390 -0.000640 -0.999538  0.075349 0.627009 1 0 1.000000
0  0.240174 -3.367689 5.423774  0.351249 0.007662 -0.936251  0.075349 0.627009 1 0 1.000000
0  0.197507 -3.594962 5.434598  0.010795 -0.000180 -0.999942  0.075349 0.627009 1 0 1.000000
lowpoly_plastic.050
0  -0.191183 -2.646373 5.423998  -0.353230 -0.005623 -0.935520  0.075349 0.627009 1 0 1.000000
0  -0.303584 -2.419113 5.438780  -0.023374 -0.003473 -0.999721  0.075349 0.627009 1 0 1.000000
0  -0.148471 -2.419113 5.434598  -0.020345 -0.002733 -0.999789  0.075349 0.627009 1 0 1.000000
lowpoly_plastic.050
0  0.240174 -3.367689 5.423774  0.351249 0.007662 -0.936251  0.075349 0.627009 1 0 1.000000
0  -0.148468 -3.367697 5.430363  -0.030390 -0.000640 -0.999538  0.075349 0.627009 1 0 1.000000
0  0.197508 -3.120668 5.433388  0.016220 0.023266 -0.999598  0.075349 0.627009 1 0 1.000000
lowpoly_plastic.050
0  -0.148468 -2.893401 5.432481  -0.022335 -0.019998 -0.999551  0.075349 0.627009 1 0 1.000000
0  -0.191183 -2.646373 5.423998  -0.353230 -0.005623 -0.935520  0.075349 0.627009 1 0 1.000000
0  0.240115 -2.646378 5.423498  0.349595 -0.005935 -0.936882  0.075349 0.627009 1 0 1.000000
lowpoly_plastic.050
0  -0.148468 -2.893401 5.432481  -0.022335 -0.019998 -0.999551  0.075349 0.627009 1 0 1.000000
0  0.240115 -2.646378 5.423498  0.349595 -0.005935 -0.936882  0.075349 0.627009 1 0 1.000000
0  0.197512 -2.893403 5.433388  0.002365 -0.019929 -0.999799  0.075349 0.627009 1 0 1.000000
lowpoly_plastic.050
0  0.197506 -3.841989 5.431209  0.010779 -0.000188 -0.999942  0.075349 0.627009 1 0 1.000000
0  0.349591 -3.841991 5.438816  0.010669 -0.000168 -0.999943  0.075349 0.627009 1 0 1.000000
0  0.197508 -4.069251 5.430362  0.026970 0.001628 -0.999635  0.075349 0.627009 1 0 1.000000
lowpoly_plastic.050
0  0.240174 -3.367689 5.423774  0.351249 0.007662 -0.936251  0.075349 0.627009 1 0 1.000000
0  0.352494 -3.594961 5.434574  0.488263 0.056361 -0.870875  0.075349 0.627009 1 0 1.000000
0  0.197507 -3.594962 5.434598  0.010795 -0.000180 -0.999942  0.075349 0.627009 1 0 1.000000
lowpoly_plastic.050
0  -0.191183 -2.646373 5.423998  -0.353230 -0.005623 -0.935520  0.075349 0.627009 1 0 1.000000
0  -0.148471 -2.419113 5.434598  -0.020345 -0.002733 -0.999789  0.075349 0.627009 1 0 1.000000
0  0.240115 -2.646378 5.423498  0.349595 -0.005935 -0.936882  0.075349 0.627009 1 0 1.000000
lowpoly_plastic.050
0  -0.148467 -2.172077 5.431210  -0.020432 -0.002754 -0.999787  0.075349 0.627009 1 0 1.000000
0  -0.306685 -2.172078 5.438816  -0.020428 -0.002777 -0.999788  0.075349 0.627009 1 0 1.000000
0  -0.300534 -1.944816 5.438798  -0.016245 -0.005516 -0.999853  0.075349 0.627009 1 0 1.000000
lowpoly_plastic.050
0  -0.148471 -2.419113 5.434598  -0.020345 -0.002733 -0.999789  0.075349 0.627009 1 0 1.000000
0  -0.148467 -2.172077 5.431210  -0.020432 -0.002754 -0.999787  0.075349 0.627009 1 0 1.000000
0  0.197506 -2.419106 5.433388  0.020533 0.005864 -0.999772  0.075349 0.627009 1 0 1.000000
lowpoly_plastic.050
0  0.197508 -3.120668 5.433388  0.016220 0.023266 -0.999598  0.075349 0.627009 1 0 1.000000
0  -0.148468 -2.893401 5.432481  -0.022335 -0.019998 -0.999551  0.075349 0.627009 1 0 1.000000
0  0.197512 -2.893403 5.433388  0.002365 -0.019929 -0.999799  0.075349 0.627009 1 0 1.000000
lowpoly_plastic.050
0  -0.148467 -2.172077 5.431210  -0.020432 -0.002754 -0.999787  0.075349 0.627009 1 0 1.000000
0  -0.300534 -1.944816 5.438798  -0.016245 -0.005516 -0.999853  0.075349 0.627009 1 0 1.000000
0  -0.148467 -1.944814 5.432481  -0.016261 -0.005516 -0.999852  0.075349 0.627009 1 0 1.000000
lowpoly_plastic.050
0  -0.148467 -2.172077 5.431210  -0.020432 -0.002754 -0.999787  0.075349 0.627009 1 0 1.000000
0  -0.148467 -1.944814 5.432481  -0.016261 -0.005516 -0.999852  0.075349 0.627009 1 0 1.000000
0  0.197509 -1.944808 5.436292  -0.000327 -0.005310 -0.999986  0.075349 0.627009 1 0 1.000000
lowpoly_plastic.050
0  -0.148467 -1.944814 5.432481  -0.016261 -0.005516 -0.999852  0.075349 0.627009 1 0 1.000000
0  -0.148468 -1.697783 5.431210  -0.006805 -0.005574 -0.999961  0.075349 0.627009 1 0 1.000000
0  0.197509 -1.944808 5.436292  -0.000327 -0.005310 -0.999986  0.075349 0.627009 1 0 1.000000
lowpoly_plastic.050
0  -0.148467 -2.172077 5.431210  -0.020432 -0.002754 -0.999787  0.075349 0.627009 1 0 1.000000
0  0.197509 -1.944808 5.436292  -0.000327 -0.005310 -0.999986  0.075349 0.627009 1 0 1.000000
0  0.197506 -2.172076 5.430362  0.020552 0.005841 -0.999772  0.075349 0.627009 1 0 1.000000
lowpoly_plastic.050
0  0.349418 -2.893415 5.434563  0.001476 -0.016634 -0.999861  0.075349 0.627009 1 0 1.000000
0  0.349574 -3.120667 5.438799  0.013267 0.019924 -0.999713  0.075349 0.627009 1 0 1.000000
0  0.197508 -3.120668 5.433388  0.016220 0.023266 -0.999598  0.075349 0.627009 1 0 1.000000
lowpoly_plastic.050
0  0.197512 -2.893403 5.433388  0.002365 -0.019929 -0.999799  0.075349 0.627009 1 0 1.000000
0  0.349418 -2.893415 5.434563  0.001476 -0.016634 -0.999861  0.075349 0.627009 1 0 1.000000
0  0.197508 -3.120668 5.433388  0.016220 0.023266 -0.999598  0.075349 0.627009 1 0 1.000000
lowpoly_plastic.050
0  0.240115 -2.646378 5.423498  0.349595 -0.005935 -0.936882  0.075349 0.627009 1 0 1.000000
0  -0.148471 -2.419113 5.434598  -0.020345 -0.002733 -0.999789  0.075349 0.627009 1 0 1.000000
0  0.197506 -2.419106 5.433388  0.020533 0.005864 -0.999772  0.075349 0.627009 1 0 1.000000
lowpoly_plastic.050
0  0.197506 -2.419106 5.433388  0.020533 0.005864 -0.999772  0.075349 0.627009 1 0 1.000000
0  0.349417 -2.419114 5.434563  0.485208 -0.052489 -0.872822  0.075349 0.627009 1 0 1.000000
0  0.240115 -2.646378 5.423498  0.349595 -0.005935 -0.936882  0.075349 0.627009 1 0 1.000000
lowpoly_plastic.050
0  0.197506 -2.419106 5.433388  0.020533 0.005864 -0.999772  0.075349 0.627009 1 0 1.000000
0  -0.148467 -2.172077 5.431210  -0.020432 -0.002754 -0.999787  0.075349 0.627009 1 0 1.000000
0  0.197506 -2.172076 5.430362  0.020552 0.005841 -0.999772  0.075349 0.627009 1 0 1.000000
lowpoly_plastic.050
0  0.346369 -1.944810 5.434575  -0.000313 -0.005237 -0.999986  0.075349 0.627009 1 0 1.000000
0  0.358951 -2.172079 5.443047  0.020697 0.005867 -0.999769  0.075349 0.627009 1 0 1.000000
0  0.197506 -2.172076 5.430362  0.020552 0.005841 -0.999772  0.075349 0.627009 1 0 1.000000
lowpoly_plastic.050
0  0.197509 -1.944808 5.436292  -0.000327 -0.005310 -0.999986  0.075349 0.627009 1 0 1.000000
0  0.346369 -1.944810 5.434575  -0.000313 -0.005237 -0.999986  0.075349 0.627009 1 0 1.000000
0  0.197506 -2.172076 5.430362  0.020552 0.005841 -0.999772  0.075349 0.627009 1 0 1.000000
lowpoly_plastic.050
0  0.197512 -1.697787 5.431210  -0.000392 -0.005314 -0.999986  0.075349 0.627009 1 0 1.000000
0  0.197509 -1.944808 5.436292  -0.000327 -0.005310 -0.999986  0.075349 0.627009 1 0 1.000000
0  -0.148468 -1.697783 5.431210  -0.006805 -0.005574 -0.999961  0.075349 0.627009 1 0 1.000000
lowpoly_plastic.050
0  -0.148468 -1.697783 5.431210  -0.006805 -0.005574 -0.999961  0.075349 0.627009 1 0 1.000000
0  -0.305023 -1.698303 5.433993  -0.029164 -0.012418 -0.999498  0.075349 0.627009 1 0 1.000000
0  0.197512 -1.697787 5.431210  -0.000392 -0.005314 -0.999986  0.075349 0.627009 1 0 1.000000
lowpoly_plastic.050
0  -0.397772 -1.610841 8.340545  -0.918064 0.049880 0.393283  0.075349 0.627009 1 0 1.000000
0  -0.397783 0.690612 8.352764  -0.919146 -0.017385 0.393533  0.075349 0.627009 1 0 1.000000
0  -0.680751 0.690608 7.781299  -0.976824 -0.008492 0.213875  0.075349 0.627009 1 0 1.000000
lowpoly_plastic.050
0  0.024523 0.974635 7.040248  -0.000539 0.946648 0.322268  0.075349 0.627009 1 0 1.000000
0  0.798256 0.969179 7.348047  0.838473 0.516921 0.172496  0.075349 0.627009 1 0 1.000000
0  0.808508 1.378179 6.020504  0.689241 0.724131 -0.024121  0.075349 0.627009 1 0 1.000000
lowpoly_plastic.050
0  0.808508 1.378179 6.020504  0.689241 0.724131 -0.024121  0.075349 0.627009 1 0 1.000000
0  -0.758656 1.372314 6.012840  -0.692024 0.721380 -0.026706  0.075349 0.627009 1 0 1.000000
0  0.024523 0.974635 7.040248  -0.000539 0.946648 0.322268  0.075349 0.627009 1 0 1.000000
lowpoly_metal.053
0  -0.202468 -8.739050 8.971899  0.441841 -0.780682 0.441941  0.060711 0.469699 1 0 1.000000
0  -0.229212 -8.317307 8.945154  0.923892 0.000016 0.382653  0.060711 0.469699 1 0 1.000000
0  -0.296488 -8.317310 9.198885  0.923888 0.000015 0.382662  0.060711 0.469699 1 0 1.000000
lowpoly_plastic.050
0  -0.499126 22.020525 4.425128  -0.475283 0.879623 -0.019217  0.004465 0.740067 1 0 1.000000
0  -0.653952 21.993494 6.732942  -0.090000 0.993431 0.070678  0.004465 0.740067 1 0 1.000000
0  0.533067 22.041945 4.604128  -0.018081 0.999720 -0.015252  0.004465 0.740067 1 0 1.000000
lowpoly_plastic.050
0  -0.653952 21.993494 6.732942  -0.090000 0.993431 0.070678  0.004465 0.740067 1 0 1.000000
0  -0.257407 22.044914 6.966867  -0.093255 0.946956 0.307536  0.004465 0.740067 1 0 1.000000
0  0.570352 22.041712 6.791909  0.026601 0.987416 0.155891  0.004465 0.740067 1 0 1.000000
lowpoly_plastic.050
0  0.533067 22.041945 4.604128  -0.018081 0.999720 -0.015252  0.004465 0.740067 1 0 1.000000
0  -0.653952 21.993494 6.732942  -0.090000 0.993431 0.070678  0.004465 0.740067 1 0 1.000000
0  0.570352 22.041712 6.791909  0.026601 0.987416 0.155891  0.004465 0.740067 1 0 1.000000
lowpoly_plastic.050
0  0.533067 22.041945 4.604128  -0.018081 0.999720 -0.015252  0.004465 0.740067 1 0 1.000000
0  0.555667 21.963110 2.561593  -0.010388 0.708218 -0.705917  0.004465 0.740067 1 0 1.000000
0  -0.499126 22.020525 4.425128  -0.475283 0.879623 -0.019217  0.004465 0.740067 1 0 1.000000
lowpoly_metal.053
0  -0.406835 1.900401 5.768030  -0.715976 0.586683 0.378393  0.039282 0.590557 1 0 1.000000
0  -0.452066 1.283830 5.867020  0.044486 0.088621 0.995072  0.039282 0.590557 1 0 1.000000
0  0.508711 1.283830 5.862030  -0.041914 0.089472 0.995107  0.039282 0.590557 1 0 1.000000
lowpoly_metal.053
0  0.534008 -8.062971 6.598264  1.000000 0.000002 -0.000000  0.060711 0.469699 1 0 1.000000
0  0.534011 -9.239595 6.598264  1.000000 0.000002 -0.000000  0.060711 0.469699 1 0 1.000000
0  0.534010 -9.239595 6.009955  1.000000 0.000002 -0.000000  0.060711 0.469699 1 0 1.000000
lowpoly_metal.053
0  0.384386 11.734806 7.823080  0.397748 0.607156 0.687864  0.039282 0.590557 1 0 1.000000
0  0.744241 11.624236 7.712593  0.397752 0.607154 0.687864  0.039282 0.590557 1 0 1.000000
0  0.744241 12.080218 7.310114  0.397746 0.607158 0.687864  0.039282 0.590557 1 0 1.000000
lowpoly_plastic.050
0  0.794559 -2.646373 6.019647  0.763181 -0.007293 -0.646144  0.075349 0.627009 1 0 1.000000
0  0.240115 -2.646378 5.423498  0.349595 -0.005935 -0.936882  0.075349 0.627009 1 0 1.000000
0  0.349417 -2.419114 5.434563  0.485208 -0.052489 -0.872822  0.075349 0.627009 1 0 1.000000
lowpoly_metal.053
0  0.024525 10.823603 8.311394  0.000352 -0.002901 0.999996  0.039282 0.590557 1 0 1.000000
0  0.466135 10.823601 8.311394  0.000417 -0.002888 0.999996  0.039282 0.590557 1 0 1.000000
0  0.446562 11.392319 8.312672  0.000412 -0.002951 0.999996  0.039282 0.590557 1 0 1.000000
lowpoly_metal.053
0  0.446562 11.392319 8.312672  0.000412 -0.002951 0.999996  0.039282 0.590557 1 0 1.000000
0  -0.389479 11.410300 8.313465  0.000413 -0.002847 0.999996  0.039282 0.590557 1 0 1.000000
0  0.024525 10.823603 8.311394  0.000352 -0.002901 0.999996  0.039282 0.590557 1 0 1.000000
lowpoly_plastic.050
0  0.402356 20.640900 6.572435  -0.800216 -0.542951 -0.254672  0.005518 0.736972 1 0 1.000000
0  -0.095720 20.640902 6.830016  0.254678 -0.542937 -0.800224  0.005518 0.736972 1 0 1.000000
0  -0.353298 20.640898 6.331941  0.800216 -0.542950 0.254675  0.005518 0.736972 1 0 1.000000
lowpoly_plastic.050
0  0.446819 -8.359453 8.352764  0.000000 -1.000000 0.000004  0.075349 0.627009 1 0 1.000000
0  -0.397784 -8.359457 8.352764  0.000005 -1.000000 -0.000005  0.075349 0.627009 1 0 1.000000
0  -0.680753 -8.359455 7.781298  -0.000004 -1.000000 0.000006  0.075349 0.627009 1 0 1.000000
lowpoly_plastic.050
0  -0.680753 -8.359455 7.781298  -0.000004 -1.000000 0.000006  0.075349 0.627009 1 0 1.000000
0  -0.680753 -8.359455 7.322385  -0.000039 -1.000000 0.000000  0.075349 0.627009 1 0 1.000000
0  -0.533738 -8.359461 7.322385  -0.000016 -1.000000 0.000006  0.075349 0.627009 1 0 1.000000
lowpoly_plastic.050
0  0.582778 -8.359459 7.322385  0.000006 -1.000000 0.000002  0.075349 0.627009 1 0 1.000000
0  0.729791 -8.359457 7.322385  0.000013 -1.000000 0.000000  0.075349 0.627009 1 0 1.000000
0  0.729791 -8.359457 7.781300  0.000001 -1.000000 0.000006  0.075349 0.627009 1 0 1.000000
lowpoly_plastic.050
0  -0.680753 -8.359455 7.781298  -0.000004 -1.000000 0.000006  0.075349 0.627009 1 0 1.000000
0  -0.533738 -8.359461 7.322385  -0.000016 -1.000000 0.000006  0.075349 0.627009 1 0 1.000000
0  0.729791 -8.359457 7.781300  0.000001 -1.000000 0.000006  0.075349 0.627009 1 0 1.000000
lowpoly_plastic.050
0  -0.533738 -8.359461 7.322385  -0.000016 -1.000000 0.000006  0.075349 0.627009 1 0 1.000000
0  0.582778 -8.359459 7.322385  0.000006 -1.000000 0.000002  0.075349 0.627009 1 0 1.000000
0  0.729791 -8.359457 7.781300  0.000001 -1.000000 0.000006  0.075349 0.627009 1 0 1.000000
lowpoly_metal.053
0  0.721274 2.727629 6.225271  0.999957 0.002735 -0.008891  0.039282 0.590557 1 0 1.000000
0  0.689226 10.823604 6.232130  0.999920 0.004700 -0.011721  0.039282 0.590557 1 0 1.000000
0  0.689226 10.823603 6.738295  0.704163 0.003311 -0.710030  0.039282 0.590557 1 0 1.000000
lowpoly_metal.053
0  -0.514237 7.819195 7.529552  -0.314514 -0.715599 -0.623698  0.039282 0.590557 1 0 1.000000
0  -0.695190 7.833579 7.558412  -0.753202 -0.467778 -0.462462  0.039282 0.590557 1 0 1.000000
0  -0.695190 7.838203 7.264364  0.090111 -0.803124 0.588958  0.039282 0.590557 1 0 1.000000
lowpoly_plastic.050
0  0.448827 -6.828074 8.336307  0.920168 -0.007700 0.391448  0.075349 0.627009 1 0 1.000000
0  0.736470 -6.817714 7.569420  0.992691 -0.017159 0.119458  0.075349 0.627009 1 0 1.000000
0  0.721399 -6.600808 7.773392  0.963932 -0.047835 0.261814  0.075349 0.627009 1 0 1.000000
lowpoly_metal.053
0  0.024526 10.934168 5.841840  0.233572 -0.000000 -0.972340  0.039282 0.590557 1 0 1.000000
0  -0.435424 10.823606 5.731353  0.233572 -0.000000 -0.972340  0.039282 0.590557 1 0 1.000000
0  -0.435421 13.240622 5.731353  0.233572 -0.000000 -0.972339  0.039282 0.590557 1 0 1.000000
lowpoly_metal.053
0  -0.713476 4.860159 7.657002  -0.987931 -0.012071 -0.154426  0.039282 0.590557 1 0 1.000000
0  -0.695190 7.833579 7.558412  -0.753202 -0.467778 -0.462462  0.039282 0.590557 1 0 1.000000
0  -0.514237 7.819195 7.529552  -0.314514 -0.715599 -0.623698  0.039282 0.590557 1 0 1.000000
lowpoly_plastic.050
0  -0.473026 8.968909 1.421993  -0.633393 -0.579460 -0.512874  0.034333 0.623884 1 0 1.000000
0  -0.473027 9.153320 1.213642  -0.633392 -0.579460 -0.512875  0.034333 0.623884 1 0 1.000000
0  -0.173569 8.865357 1.169165  -0.633393 -0.579461 -0.512873  0.034333 0.623884 1 0 1.000000
lowpoly_plastic.050
0  -0.451030 9.130513 2.152811  -0.945446 -0.310062 -0.099963  0.034333 0.623884 1 0 1.000000
0  -0.451141 8.989904 2.638887  -0.944230 -0.311712 -0.106142  0.034333 0.623884 1 0 1.000000
0  -0.451144 10.661118 2.954295  -0.941164 0.290710 0.172333  0.034333 0.623884 1 0 1.000000
lowpoly_plastic.050
0  -0.306685 -2.172078 5.438816  -0.797011 -0.000777 -0.603965  0.075349 0.627009 1 0 1.000000
0  -0.739358 -2.172082 6.016765  -0.797038 -0.000870 -0.603929  0.075349 0.627009 1 0 1.000000
0  -0.742458 -1.944812 6.010431  -0.797261 0.003452 -0.603625  0.075349 0.627009 1 0 1.000000
lowpoly_plastic.050
0  0.222621 8.865354 1.169165  0.001554 0.171073 -0.985257  0.034333 0.623884 1 0 1.000000
0  -0.173569 8.865357 1.169165  0.001556 0.171076 -0.985257  0.034333 0.623884 1 0 1.000000
0  0.522077 9.153323 1.213642  0.001553 0.171048 -0.985261  0.034333 0.623884 1 0 1.000000
lowpoly_plastic.050
0  -0.173569 8.865357 1.169165  0.001556 0.171076 -0.985257  0.034333 0.623884 1 0 1.000000
0  -0.473027 9.153320 1.213642  0.001556 0.171085 -0.985255  0.034333 0.623884 1 0 1.000000
0  0.522077 9.153323 1.213642  0.001553 0.171048 -0.985261  0.034333 0.623884 1 0 1.000000
lowpoly_plastic.050
0  -0.473027 9.153320 1.213642  0.001556 0.171085 -0.985255  0.034333 0.623884 1 0 1.000000
0  -0.473020 11.132565 1.524876  -0.721590 0.317290 -0.615334  0.034333 0.623884 1 0 1.000000
0  0.522077 9.153323 1.213642  0.001553 0.171048 -0.985261  0.034333 0.623884 1 0 1.000000
lowpoly_plastic.050
0  -0.473020 11.132565 1.524876  -0.721590 0.317290 -0.615334  0.034333 0.623884 1 0 1.000000
0  -0.310760 11.331577 1.611409  -0.395623 0.773488 -0.495176  0.034333 0.623884 1 0 1.000000
0  0.345848 11.344227 1.596163  0.372404 0.772481 -0.514381  0.034333 0.623884 1 0 1.000000
lowpoly_plastic.050
0  0.522075 11.133687 1.530329  0.727990 0.327840 -0.602123  0.034333 0.623884 1 0 1.000000
0  -0.473020 11.132565 1.524876  -0.721590 0.317290 -0.615334  0.034333 0.623884 1 0 1.000000
0  0.345848 11.344227 1.596163  0.372404 0.772481 -0.514381  0.034333 0.623884 1 0 1.000000
lowpoly_metal.053
0  0.068436 -8.696760 9.009204  0.772222 -0.634526 0.032417  0.060711 0.469699 1 0 1.000000
0  0.015758 -8.389278 9.060235  -0.073401 0.963658 0.256856  0.060711 0.469699 1 0 1.000000
0  0.032738 -8.390870 9.225954  0.022225 0.488136 0.872484  0.060711 0.469699 1 0 1.000000
lowpoly_metal.053
0  0.163805 7.595501 5.726740  0.000007 0.742815 -0.669497  0.074523 0.389844 1 0 1.000000
0  0.163809 7.276587 5.372906  0.000015 0.742812 -0.669500  0.074523 0.389844 1 0 1.000000
0  -0.114760 7.276593 5.372906  0.000011 0.742813 -0.669499  0.074523 0.389844 1 0 1.000000
lowpoly_plastic.050
0  0.791481 -4.316278 6.015605  0.999992 -0.000155 -0.003888  0.064370 0.664198 1 0 1.000000
0  0.788398 -4.069259 6.016764  0.999992 -0.000141 -0.003890  0.064370 0.664198 1 0 1.000000
0  0.791530 -4.316287 7.036518  0.999992 -0.000151 -0.003904  0.064370 0.664198 1 0 1.000000
lowpoly_plastic.050
0  0.788398 -4.069259 6.016764  0.999992 -0.000141 -0.003890  0.064370 0.664198 1 0 1.000000
0  0.794618 -4.069257 7.036811  0.999993 -0.000148 -0.003879  0.064370 0.664198 1 0 1.000000
0  0.791530 -4.316287 7.036518  0.999992 -0.000151 -0.003904  0.064370 0.664198 1 0 1.000000
lowpoly_plastic.050
0  0.791498 -3.594957 6.020849  0.778297 0.083675 -0.622295  0.064370 0.664198 1 0 1.000000
0  0.794580 -3.841987 6.014470  0.795851 -0.000062 -0.605492  0.064370 0.664198 1 0 1.000000
0  0.349591 -3.841991 5.438816  0.795847 -0.000004 -0.605498  0.064370 0.664198 1 0 1.000000
lowpoly_metal.053
0  0.452522 -15.606483 7.808052  0.495203 -0.011890 0.868696  0.060711 0.469699 1 0 1.000000
0  0.024515 -15.606488 8.055162  0.495241 -0.012032 0.868672  0.060711 0.469699 1 0 1.000000
0  0.014394 -16.243765 8.042315  0.086782 -0.984777 0.150609  0.060711 0.469699 1 0 1.000000
lowpoly_metal.053
0  0.014394 -16.243765 8.042315  0.065734 -0.847502 0.526706  0.060711 0.469699 1 0 1.000000
0  0.024515 -15.606488 8.055162  -0.509053 -0.011949 0.860652  0.060711 0.469699 1 0 1.000000
0  -0.403491 -15.606485 7.808053  -0.509016 -0.011913 0.860675  0.060711 0.469699 1 0 1.000000
lowpoly_metal.053
0  -0.403491 -15.606485 7.808053  -0.999871 -0.011653 0.011083  0.060711 0.469699 1 0 1.000000
0  -0.398630 -15.606485 7.315703  -0.999872 -0.011581 0.011042  0.060711 0.469699 1 0 1.000000
0  -0.395399 -16.243835 7.344224  -0.549178 -0.751822 -0.364921  0.060711 0.469699 1 0 1.000000
lowpoly_metal.053
0  0.015947 -14.446374 7.149900  0.542448 -0.012888 0.839990  0.060711 0.469699 1 0 1.000000
0  -0.337767 -14.446389 7.373905  0.542474 -0.012923 0.839973  0.060711 0.469699 1 0 1.000000
0  -0.395399 -16.243835 7.344224  0.299111 -0.938919 -0.170185  0.060711 0.469699 1 0 1.000000
lowpoly_metal.053
0  0.024515 -15.606486 7.071401  0.499964 -0.012028 -0.865963  0.060711 0.469699 1 0 1.000000
0  0.447661 -15.606486 7.315705  0.499966 -0.012038 -0.865961  0.060711 0.469699 1 0 1.000000
0  0.444431 -16.243916 7.332534  0.058650 -0.993049 -0.102050  0.060711 0.469699 1 0 1.000000
lowpoly_metal.053
0  -0.397010 1.784146 6.077470  -0.189738 0.925007 -0.329182  0.060711 0.469699 1 0 1.000000
0  0.010031 1.784143 5.842463  -0.153513 0.951715 -0.265841  0.060711 0.469699 1 0 1.000000
0  0.020541 -14.885753 5.772429  -0.499988 0.006974 -0.866004  0.060711 0.469699 1 0 1.000000
lowpoly_metal.053
0  0.431563 1.784141 6.539116  -0.553701 0.611558 0.565166  0.060711 0.469699 1 0 1.000000
0  0.024522 1.784145 6.774121  -0.543296 0.609232 0.577638  0.060711 0.469699 1 0 1.000000
0  0.020541 -14.885753 6.835791  0.493356 0.006961 0.869800  0.060711 0.469699 1 0 1.000000
lowpoly_metal.053
0  0.533519 -14.860381 6.010239  1.000000 0.000009 -0.000000  0.060711 0.469699 1 0 1.000000
0  0.533514 -14.318912 6.010239  1.000000 0.000009 -0.000000  0.060711 0.469699 1 0 1.000000
0  0.533515 -14.318912 6.597980  1.000000 0.000009 -0.000000  0.060711 0.469699 1 0 1.000000
lowpoly_plastic.050
0  0.794620 -6.564237 7.149958  0.999995 -0.001012 -0.003018  0.064370 0.664198 1 0 1.000000
0  0.794619 -6.687753 7.036812  0.999995 -0.001009 -0.002975  0.064370 0.664198 1 0 1.000000
0  0.790206 -6.440729 7.036400  0.999995 -0.001017 -0.003021  0.064370 0.664198 1 0 1.000000
lowpoly_plastic.050
0  0.794619 -6.687753 7.036812  0.999995 -0.001009 -0.002975  0.064370 0.664198 1 0 1.000000
0  0.788409 -6.687751 6.011564  0.999995 -0.000982 -0.003049  0.064370 0.664198 1 0 1.000000
0  0.794576 -6.440714 6.024899  0.999995 -0.000996 -0.003024  0.064370 0.664198 1 0 1.000000
lowpoly_metal.053
0  0.024519 -12.515281 6.723928  -0.500002 0.003040 -0.866019  0.060711 0.469699 1 0 1.000000
0  0.024522 1.784145 6.774121  -0.543296 0.609232 0.577638  0.060711 0.469699 1 0 1.000000
0  0.431563 1.784141 6.539116  -0.553701 0.611558 0.565166  0.060711 0.469699 1 0 1.000000
lowpoly_metal.053
0  0.388087 -12.515279 6.094203  -0.471554 0.003055 0.881832  0.060711 0.469699 1 0 1.000000
0  0.431563 1.784142 6.052372  -0.319564 0.793965 -0.517203  0.060711 0.469699 1 0 1.000000
0  0.010031 1.784143 5.842463  -0.334891 0.800383 -0.497228  0.060711 0.469699 1 0 1.000000
lowpoly_metal.053
0  0.432558 -1.834394 7.327700  0.492218 -0.175782 -0.852539  0.060711 0.469699 1 0 1.000000
0  0.024517 -1.834394 7.092118  0.492216 -0.175784 -0.852540  0.060711 0.469699 1 0 1.000000
0  0.024521 -1.073688 6.935271  0.492219 -0.175781 -0.852538  0.060711 0.469699 1 0 1.000000
lowpoly_metal.053
0  0.568390 -1.073686 7.877287  0.998764 0.012615 0.048076  0.060711 0.469699 1 0 1.000000
0  0.568390 -1.073686 7.249279  0.998765 0.012613 0.048064  0.060711 0.469699 1 0 1.000000
0  0.568394 1.319364 7.249279  0.699610 0.593953 -0.397196  0.060711 0.469699 1 0 1.000000
lowpoly_metal.053
0  -0.394234 -14.244354 7.811230  -0.999962 -0.001502 -0.008606  0.060711 0.469699 1 0 1.000000
0  -0.469116 -1.383702 7.836461  -0.999947 -0.009647 0.003468  0.060711 0.469699 1 0 1.000000
0  -0.433761 -1.524373 7.286874  -0.999960 -0.008120 -0.003763  0.060711 0.469699 1 0 1.000000
lowpoly_metal.053
0  0.448579 1.319366 7.318455  -0.573207 0.006970 0.819381  0.060711 0.469699 1 0 1.000000
0  0.064457 1.319527 7.004447  -0.573181 0.006972 0.819399  0.060711 0.469699 1 0 1.000000
0  0.015947 -14.446374 7.149900  -0.536875 -0.012222 0.843573  0.060711 0.469699 1 0 1.000000
lowpoly_plastic.050
0  -0.132134 13.608014 6.740097  -0.866026 -0.000004 0.499999  0.069489 0.560212 1 0 1.000000
0  -0.288793 13.608013 6.468756  -0.866024 -0.000006 0.500002  0.069489 0.560212 1 0 1.000000
0  -0.288789 12.981378 6.468756  -0.866028 -0.000002 0.499996  0.069489 0.560212 1 0 1.000000
lowpoly_metal.053
0  -0.275876 7.489913 4.375232  -0.622328 0.273719 -0.733339  0.074523 0.389844 1 0 1.000000
0  0.324927 7.620498 4.454632  0.049312 0.215653 -0.975224  0.074523 0.389844 1 0 1.000000
0  0.324925 6.074442 4.375178  0.045685 -0.441362 -0.896166  0.074523 0.389844 1 0 1.000000
lowpoly_plastic.050
0  -0.303153 -1.409101 5.365410  -0.000001 -0.633995 -0.773337  0.075349 0.627009 1 0 1.000000
0  -0.303148 -1.128663 5.135503  -0.000002 -0.633995 -0.773337  0.075349 0.627009 1 0 1.000000
0  0.352189 -1.128665 5.135503  -0.000001 -0.633996 -0.773336  0.075349 0.627009 1 0 1.000000
lowpoly_metal.053
0  -0.229945 5.040123 8.613636  -0.165568 -0.643032 0.747727  0.039282 0.590557 1 0 1.000000
0  0.458667 5.040121 8.496846  -0.003833 -0.002315 0.999990  0.039282 0.590557 1 0 1.000000
0  0.278991 5.337458 8.613636  0.000018 -0.000022 1.000000  0.039282 0.590557 1 0 1.000000
lowpoly_plastic.050
0  -0.394809 -4.930900 8.340652  -0.909238 -0.057790 0.412246  0.075349 0.627009 1 0 1.000000
0  -0.389938 -4.703634 8.344681  -0.900719 0.003003 0.434391  0.075349 0.627009 1 0 1.000000
0  -0.672480 -4.703630 7.773314  -0.900697 0.003224 0.434436  0.075349 0.627009 1 0 1.000000
lowpoly_metal.053
0  -0.229944 4.796304 8.613636  -0.165574 0.643036 0.747723  0.039282 0.590557 1 0 1.000000
0  -0.409622 4.498974 8.496846  -0.946963 -0.313616 -0.070047  0.039282 0.590557 1 0 1.000000
0  0.278991 4.498973 8.613634  0.165572 -0.643036 0.747724  0.039282 0.590557 1 0 1.000000
lowpoly_plastic.050
0  0.521333 13.324677 5.971948  1.000000 -0.000001 0.000001  0.069489 0.560212 1 0 1.000000
0  0.521333 13.324677 6.965564  1.000000 -0.000003 -0.000000  0.069489 0.560212 1 0 1.000000
0  0.521331 12.331062 6.965566  1.000000 -0.000001 0.000001  0.069489 0.560212 1 0 1.000000
lowpoly_metal.053
0  0.346806 1.340594 7.861102  -0.699903 0.022511 -0.713883  0.060711 0.469699 1 0 1.000000
0  0.430533 1.166541 7.736506  -0.885563 -0.202969 -0.417830  0.060711 0.469699 1 0 1.000000
0  0.024522 1.166545 8.001436  -0.477179 0.192139 -0.857545  0.060711 0.469699 1 0 1.000000
lowpoly_metal.053
0  -0.275877 5.788221 4.930964  0.045705 0.987506 -0.150809  0.074523 0.389844 1 0 1.000000
0  -0.275879 5.826929 5.311177  0.027186 0.901449 -0.432030  0.074523 0.389844 1 0 1.000000
0  0.324925 5.818852 5.313623  0.027233 0.901793 -0.431310  0.074523 0.389844 1 0 1.000000
lowpoly_metal.053
0  0.325103 6.107079 4.504025  0.817902 0.239838 0.522986  0.074523 0.389844 1 0 1.000000
0  -0.275876 6.114514 4.516308  0.011974 0.415961 0.909304  0.074523 0.389844 1 0 1.000000
0  -0.275877 5.788221 4.930964  0.060732 0.756861 0.650748  0.074523 0.389844 1 0 1.000000
lowpoly_metal.053
0  -0.418303 4.255157 8.459516  -0.709864 0.620022 -0.334165  0.039282 0.590557 1 0 1.000000
0  0.452551 4.255160 8.514296  0.405137 -0.071005 -0.911494  0.039282 0.590557 1 0 1.000000
0  0.467351 3.957824 8.459513  0.709869 -0.620017 -0.334162  0.039282 0.590557 1 0 1.000000
lowpoly_metal.053
0  -0.418305 3.172859 8.459515  -0.704924 0.628522 -0.328697  0.039282 0.590557 1 0 1.000000
0  0.452550 3.172863 8.514297  0.964532 0.262116 -0.031206  0.039282 0.590557 1 0 1.000000
0  0.463489 2.875525 8.450146  0.694081 -0.621385 -0.363500  0.039282 0.590557 1 0 1.000000
lowpoly_metal.053
0  -0.418304 3.714006 8.459513  -0.709868 0.620016 -0.334168  0.039282 0.590557 1 0 1.000000
0  0.452554 3.714011 8.514297  0.405175 -0.071028 -0.911476  0.039282 0.590557 1 0 1.000000
0  0.467350 3.416673 8.459515  0.709866 -0.620025 -0.334155  0.039282 0.590557 1 0 1.000000
lowpoly_plastic.050
0  0.352648 -6.687753 5.438807  0.795842 0.001402 -0.605502  0.075349 0.627009 1 0 1.000000
0  0.788409 -6.687751 6.011564  0.795868 0.001396 -0.605469  0.075349 0.627009 1 0 1.000000
0  0.794576 -6.915022 6.014470  0.775136 -0.075372 -0.627283  0.075349 0.627009 1 0 1.000000
lowpoly_metal.053
0  0.278991 2.334376 8.613634  0.166169 -0.646737 0.744392  0.039282 0.590557 1 0 1.000000
0  0.452553 2.631713 8.514297  0.000018 0.198331 0.980135  0.039282 0.590557 1 0 1.000000
0  -0.229945 2.631708 8.613634  -0.166169 0.646731 0.744397  0.039282 0.590557 1 0 1.000000
lowpoly_metal.053
0  0.771337 21.282917 6.834195  -0.292457 -0.009945 0.956227  0.028340 0.414408 1 0 1.000000
0  0.276201 21.300842 6.701533  -0.308631 -0.010456 0.951124  0.028340 0.414408 1 0 1.000000
0  0.398850 20.333063 6.702886  -0.308655 -0.010439 0.951117  0.028340 0.414408 1 0 1.000000
lowpoly_metal.053
0  0.015758 -8.389278 9.060235  -0.073401 0.963658 0.256856  0.060711 0.469699 1 0 1.000000
0  -0.019400 -8.696756 9.009203  -0.994540 0.104300 -0.003509  0.060711 0.469699 1 0 1.000000
0  0.016297 -8.685626 9.225954  -0.028689 -0.452023 0.891545  0.060711 0.469699 1 0 1.000000
lowpoly_metal.053
0  -0.229947 3.172864 8.613634  -0.166170 0.646748 0.744382  0.039282 0.590557 1 0 1.000000
0  -0.403511 2.875525 8.514297  -0.000016 -0.208430 0.978037  0.039282 0.590557 1 0 1.000000
0  0.278991 2.875525 8.613634  0.175310 -0.646804 0.742234  0.039282 0.590557 1 0 1.000000
lowpoly_plastic.050
0  -0.086285 -7.075104 8.347420  -0.015268 0.002514 0.999880  0.064370 0.664198 1 0 1.000000
0  -0.086362 -6.828074 8.349023  -0.015310 0.002525 0.999880  0.064370 0.664198 1 0 1.000000
0  -0.396753 -6.828078 8.336318  -0.015382 0.002518 0.999878  0.064370 0.664198 1 0 1.000000
lowpoly_plastic.050
0  -0.672132 -6.828167 7.494714  -0.999651 0.026327 0.002159  0.064370 0.664198 1 0 1.000000
0  -0.674994 -6.951587 7.381594  -0.999651 0.026329 0.002170  0.064370 0.664198 1 0 1.000000
0  -0.685073 -7.083714 7.556819  -0.989307 0.003105 0.145814  0.064370 0.664198 1 0 1.000000
lowpoly_plastic.050
0  0.024523 0.974635 7.040248  -0.401955 0.013942 0.915553  0.075349 0.627009 1 0 1.000000
0  0.024523 -1.128661 7.040249  -0.401987 0.013928 0.915540  0.075349 0.627009 1 0 1.000000
0  0.608290 -1.128659 7.328566  -0.180530 0.006064 0.983551  0.075349 0.627009 1 0 1.000000
lowpoly_plastic.050
0  -0.397713 -5.879484 8.340463  -0.011980 -0.001793 0.999927  0.064370 0.664198 1 0 1.000000
0  -0.391901 -6.126515 8.340598  -0.012043 -0.001808 0.999926  0.064370 0.664198 1 0 1.000000
0  -0.086278 -6.126516 8.347421  -0.012048 -0.001804 0.999926  0.064370 0.664198 1 0 1.000000
lowpoly_plastic.050
0  -0.670761 -6.126368 7.494664  -0.999339 -0.035868 -0.005938  0.064370 0.664198 1 0 1.000000
0  -0.672477 -6.126513 7.773316  -0.957788 -0.017787 0.286924  0.064370 0.664198 1 0 1.000000
0  -0.690829 -5.869419 7.566973  -0.993731 -0.018955 0.110176  0.064370 0.664198 1 0 1.000000
lowpoly_metal.053
0  0.467348 1.549415 8.459514  0.709859 0.620023 -0.334173  0.039282 0.590557 1 0 1.000000
0  0.452553 1.252078 8.514297  0.403731 -0.109944 -0.908247  0.039282 0.590557 1 0 1.000000
0  -0.418306 1.252082 8.459514  -0.709870 -0.620014 -0.334166  0.039282 0.590557 1 0 1.000000
lowpoly_plastic.050
0  -0.672212 -5.652224 7.761147  -0.966857 -0.045236 0.251279  0.064370 0.664198 1 0 1.000000
0  -0.663834 -5.405193 7.790999  -0.999907 0.004858 0.012745  0.064370 0.664198 1 0 1.000000
0  -0.673734 -5.405395 7.494208  -0.999936 0.004139 0.010572  0.064370 0.664198 1 0 1.000000
lowpoly_plastic.050
0  -0.673734 -5.405395 7.494208  -0.999936 0.004139 0.010572  0.064370 0.664198 1 0 1.000000
0  -0.675748 -5.528706 7.381497  -0.999936 0.004167 0.010535  0.064370 0.664198 1 0 1.000000
0  -0.670810 -5.651997 7.494413  -0.999935 0.004182 0.010571  0.064370 0.664198 1 0 1.000000
lowpoly_plastic.050
0  -0.677115 -4.955673 7.426922  -0.999693 0.024469 0.003848  0.064370 0.664198 1 0 1.000000
0  -0.672123 -5.059919 7.379943  -0.999693 0.024465 0.003909  0.064370 0.664198 1 0 1.000000
0  -0.687472 -5.188356 7.569901  -0.993785 0.014710 0.110339  0.064370 0.664198 1 0 1.000000
lowpoly_plastic.050
0  -0.687472 -5.188356 7.569901  -0.993785 0.014710 0.110339  0.064370 0.664198 1 0 1.000000
0  -0.399788 -5.177925 8.336308  -0.921241 0.010584 0.388848  0.064370 0.664198 1 0 1.000000
0  -0.394809 -4.930900 8.340652  -0.909238 -0.057790 0.412246  0.064370 0.664198 1 0 1.000000
lowpoly_plastic.050
0  -0.678833 -4.595844 7.383984  -0.999964 0.005617 0.006361  0.064370 0.664198 1 0 1.000000
0  -0.669093 -4.703516 7.494928  -0.999965 0.005557 0.006278  0.064370 0.664198 1 0 1.000000
0  -0.669528 -4.483408 7.430299  -0.999965 0.005563 0.006323  0.064370 0.664198 1 0 1.000000
lowpoly_plastic.050
0  -0.669093 -4.703516 7.494928  -0.999965 0.005557 0.006278  0.064370 0.664198 1 0 1.000000
0  -0.672480 -4.703630 7.773314  -0.999966 0.005453 0.006201  0.064370 0.664198 1 0 1.000000
0  -0.668721 -4.456605 7.754809  -0.999967 0.005312 0.006090  0.064370 0.664198 1 0 1.000000
lowpoly_plastic.050
0  -0.690727 -3.972300 7.566582  -0.993661 -0.019723 0.110679  0.064370 0.664198 1 0 1.000000
0  -0.675735 -4.105824 7.381494  -0.999388 -0.034976 0.000382  0.064370 0.664198 1 0 1.000000
0  -0.672055 -4.229078 7.494177  -0.999388 -0.034986 0.000382  0.064370 0.664198 1 0 1.000000
lowpoly_plastic.050
0  -0.393854 -4.229338 8.336385  -0.909644 0.052028 0.412119  0.064370 0.664198 1 0 1.000000
0  -0.395758 -3.982308 8.344644  -0.919488 -0.007492 0.393047  0.064370 0.664198 1 0 1.000000
0  -0.690727 -3.972300 7.566582  -0.993661 -0.019723 0.110679  0.064370 0.664198 1 0 1.000000
lowpoly_plastic.050
0  -0.394791 -2.085137 8.340531  -0.900596 -0.003045 0.434647  0.075349 0.627009 1 0 1.000000
0  -0.393852 -1.857867 8.336385  -0.907981 0.054991 0.415387  0.075349 0.627009 1 0 1.000000
0  -0.672479 -1.857876 7.773314  -0.909132 0.065949 0.411254  0.075349 0.627009 1 0 1.000000
lowpoly_plastic.050
0  -0.672356 -3.755049 7.773396  -0.963802 -0.047425 0.262367  0.064370 0.664198 1 0 1.000000
0  -0.668275 -3.508014 7.769075  -0.964645 0.056664 0.257389  0.064370 0.664198 1 0 1.000000
0  -0.670805 -3.754822 7.494414  -0.999973 0.000927 0.007256  0.064370 0.664198 1 0 1.000000
lowpoly_plastic.050
0  -0.668275 -3.508014 7.769075  -0.964645 0.056664 0.257389  0.064370 0.664198 1 0 1.000000
0  -0.673730 -3.508217 7.494210  -0.999973 0.000901 0.007261  0.064370 0.664198 1 0 1.000000
0  -0.670805 -3.754822 7.494414  -0.999973 0.000927 0.007256  0.064370 0.664198 1 0 1.000000
lowpoly_plastic.050
0  -0.672134 -3.033817 7.494716  -0.999640 0.026624 0.003424  0.064370 0.664198 1 0 1.000000
0  -0.676043 -3.157237 7.381498  -0.999640 0.026606 0.003431  0.064370 0.664198 1 0 1.000000
0  -0.685068 -3.289364 7.556825  -0.993881 0.015373 0.109384  0.064370 0.664198 1 0 1.000000
lowpoly_plastic.050
0  -0.394790 -3.280750 8.340531  -0.923274 0.005579 0.384101  0.064370 0.664198 1 0 1.000000
0  -0.392780 -3.033724 8.344635  -0.922695 -0.003505 0.385514  0.064370 0.664198 1 0 1.000000
0  -0.668375 -3.033720 7.768964  -0.958869 0.007076 0.283761  0.064370 0.664198 1 0 1.000000
lowpoly_plastic.050
0  -0.394810 -2.559430 8.340653  -0.928180 -0.064875 0.366434  0.064370 0.664198 1 0 1.000000
0  -0.686780 -2.551029 7.555111  -0.991415 -0.015358 0.129850  0.064370 0.664198 1 0 1.000000
0  -0.687432 -2.816812 7.569413  -0.990271 0.022868 0.137261  0.064370 0.664198 1 0 1.000000
lowpoly_plastic.050
0  -0.673359 -2.214551 7.382165  -0.999961 -0.000658 0.008812  0.064370 0.664198 1 0 1.000000
0  -0.669092 -2.332046 7.494926  -0.999961 -0.000623 0.008779  0.064370 0.664198 1 0 1.000000
0  -0.677060 -2.103990 7.443088  -0.999961 -0.000638 0.008782  0.064370 0.664198 1 0 1.000000
lowpoly_plastic.050
0  -0.669092 -2.332046 7.494926  -0.999961 -0.000623 0.008779  0.064370 0.664198 1 0 1.000000
0  -0.672311 -2.332163 7.761062  -0.966096 -0.054551 0.252353  0.064370 0.664198 1 0 1.000000
0  -0.664349 -2.085134 7.777098  -0.999964 -0.000496 0.008472  0.064370 0.664198 1 0 1.000000
lowpoly_plastic.050
0  -0.669095 -1.857756 7.494927  -0.999224 -0.038661 -0.007544  0.064370 0.664198 1 0 1.000000
0  -0.672479 -1.857876 7.773314  -0.999614 -0.027409 -0.004493  0.064370 0.664198 1 0 1.000000
0  -0.690834 -1.600771 7.566983  -0.988753 -0.007075 0.149386  0.064370 0.664198 1 0 1.000000
lowpoly_plastic.050
0  -0.393852 -1.857867 8.336385  -0.907981 0.054991 0.415387  0.064370 0.664198 1 0 1.000000
0  -0.397772 -1.610841 8.340545  -0.918064 0.049880 0.393283  0.064370 0.664198 1 0 1.000000
0  -0.690834 -1.600771 7.566983  -0.988753 -0.007075 0.149386  0.064370 0.664198 1 0 1.000000
lowpoly_metal.053
0  0.534008 -8.062971 6.598264  0.500001 0.000000 0.866025  0.060711 0.469699 1 0 1.000000
0  0.024520 -8.062967 6.892418  0.500003 0.000000 0.866024  0.060711 0.469699 1 0 1.000000
0  0.024520 -9.239586 6.892418  0.500000 0.000001 0.866026  0.060711 0.469699 1 0 1.000000
lowpoly_plastic.050
0  0.222621 8.865354 1.169165  0.633392 -0.579458 -0.512878  0.034333 0.623884 1 0 1.000000
0  0.522077 9.153323 1.213642  0.633397 -0.579445 -0.512885  0.034333 0.623884 1 0 1.000000
0  0.522079 8.968904 1.421995  0.633394 -0.579452 -0.512881  0.034333 0.623884 1 0 1.000000
lowpoly_metal.053
0  0.163804 6.890593 4.547127  0.528158 -0.459162 -0.714296  0.074523 0.389844 1 0 1.000000
0  0.163806 7.050551 5.039714  0.635877 -0.771754 0.007517  0.074523 0.389844 1 0 1.000000
0  -0.114758 7.059441 5.043811  -0.652005 -0.758209 0.002943  0.074523 0.389844 1 0 1.000000
lowpoly_metal.053
0  0.039733 -8.738950 8.833754  0.382659 0.000007 -0.923890  0.060711 0.469699 1 0 1.000000
0  0.024516 -8.317308 8.802235  0.382709 -0.000018 -0.923869  0.060711 0.469699 1 0 1.000000
0  0.287166 -8.317309 8.936239  0.382672 -0.000001 -0.923884  0.060711 0.469699 1 0 1.000000
lowpoly_metal.053
0  0.251506 -8.739050 8.971899  -0.449781 -0.771725 0.449597  0.060711 0.469699 1 0 1.000000
0  0.287166 -8.317309 8.936239  -0.377347 0.165638 0.911138  0.060711 0.469699 1 0 1.000000
0  0.024516 -8.317308 8.877880  0.006058 0.775383 0.631463  0.060711 0.469699 1 0 1.000000
lowpoly_metal.053
0  0.484472 10.823603 5.731352  0.524031 -0.008170 -0.851660  0.039282 0.590557 1 0 1.000000
0  0.734993 10.823603 6.232130  0.851691 -0.000766 0.524044  0.039282 0.590557 1 0 1.000000
0  0.516672 5.401713 5.814786  0.376828 -0.004572 -0.926272  0.039282 0.590557 1 0 1.000000
lowpoly_metal.053
0  0.734993 10.823603 6.232130  0.851691 -0.000766 0.524044  0.039282 0.590557 1 0 1.000000
0  0.721274 2.727629 6.225271  0.893449 0.000043 -0.449165  0.039282 0.590557 1 0 1.000000
0  0.516672 5.401713 5.814786  0.376828 -0.004572 -0.926272  0.039282 0.590557 1 0 1.000000
lowpoly_metal.053
0  0.721274 2.727629 6.225271  0.893449 0.000043 -0.449165  0.039282 0.590557 1 0 1.000000
0  0.744238 0.695186 6.250615  0.892717 0.000043 -0.450617  0.039282 0.590557 1 0 1.000000
0  0.528314 1.900403 5.852871  -0.747406 0.517634 -0.416460  0.039282 0.590557 1 0 1.000000
lowpoly_metal.053
0  0.744238 0.695186 6.250615  0.892717 0.000043 -0.450617  0.039282 0.590557 1 0 1.000000
0  0.484468 0.695193 5.731354  0.892723 0.000055 -0.450606  0.039282 0.590557 1 0 1.000000
0  0.528314 1.900403 5.852871  -0.747406 0.517634 -0.416460  0.039282 0.590557 1 0 1.000000
lowpoly_metal.053
0  0.484468 0.695193 5.731354  0.892723 0.000055 -0.450606  0.039282 0.590557 1 0 1.000000
0  0.484468 1.900406 5.731354  0.419377 0.581523 -0.697104  0.039282 0.590557 1 0 1.000000
0  0.528314 1.900403 5.852871  -0.747406 0.517634 -0.416460  0.039282 0.590557 1 0 1.000000
lowpoly_metal.053
0  0.402349 9.079802 8.698236  0.818615 -0.450570 0.356169  0.030078 0.588281 1 0 1.000000
0  0.402352 8.825694 8.372266  0.555055 -0.752274 -0.354960  0.030078 0.588281 1 0 1.000000
0  0.402351 10.373627 8.336334  1.000000 -0.000001 0.000001  0.030078 0.588281 1 0 1.000000
lowpoly_metal.053
0  0.024516 -8.317308 8.877880  0.006058 0.775383 0.631463  0.060711 0.469699 1 0 1.000000
0  -0.229212 -8.317307 8.945154  0.377487 0.164050 0.911368  0.060711 0.469699 1 0 1.000000
0  -0.202468 -8.739050 8.971899  0.441841 -0.780682 0.441941  0.060711 0.469699 1 0 1.000000
lowpoly_metal.053
0  -0.202467 -8.739050 9.425871  0.419619 -0.789672 -0.447592  0.060711 0.469699 1 0 1.000000
0  -0.229211 -8.317307 9.452616  0.316844 0.171780 -0.932792  0.060711 0.469699 1 0 1.000000
0  0.126286 -8.317310 9.518648  0.045112 0.917206 -0.395852  0.060711 0.469699 1 0 1.000000
lowpoly_plastic.050
0  -0.397713 -5.879484 8.340463  -0.920410 -0.001974 0.390950  0.075349 0.627009 1 0 1.000000
0  -0.396753 -5.652219 8.336320  -0.908770 -0.064792 0.412237  0.075349 0.627009 1 0 1.000000
0  -0.672212 -5.652224 7.761147  -0.966857 -0.045236 0.251279  0.075349 0.627009 1 0 1.000000
lowpoly_plastic.050
0  -0.667926 -4.229336 7.782749  -0.910328 0.060668 0.409416  0.075349 0.627009 1 0 1.000000
0  -0.668721 -4.456605 7.754809  -0.902071 -0.000212 0.431589  0.075349 0.627009 1 0 1.000000
0  -0.397711 -4.456606 8.340462  -0.902071 -0.000282 0.431588  0.075349 0.627009 1 0 1.000000
lowpoly_plastic.050
0  -0.399788 -2.806459 8.336308  -0.927506 0.071367 0.366933  0.075349 0.627009 1 0 1.000000
0  -0.687432 -2.816812 7.569413  -0.990271 0.022868 0.137261  0.075349 0.627009 1 0 1.000000
0  -0.668375 -3.033720 7.768964  -0.958869 0.007076 0.283761  0.075349 0.627009 1 0 1.000000
lowpoly_metal.053
0  0.256413 3.336067 5.896126  -0.999531 0.012449 0.027973  0.026458 0.410980 1 0 1.000000
0  0.192556 2.132670 5.678441  -0.646559 0.746429 0.157496  0.026458 0.410980 1 0 1.000000
0  0.218493 2.119089 5.854778  -0.765525 0.628381 0.138233  0.026458 0.410980 1 0 1.000000
lowpoly_metal.053
0  0.218493 2.119089 5.854778  -0.765525 0.628381 0.138233  0.026458 0.410980 1 0 1.000000
0  0.256413 3.336067 6.124465  -0.999531 0.012449 0.027980  0.026458 0.410980 1 0 1.000000
0  0.256413 3.336067 5.896126  -0.999531 0.012449 0.027973  0.026458 0.410980 1 0 1.000000
lowpoly_metal.053
0  0.256413 3.336067 6.124465  -0.999531 0.012449 0.027980  0.026458 0.410980 1 0 1.000000
0  0.256411 4.765885 6.124466  -0.999531 0.012448 0.027983  0.026458 0.410980 1 0 1.000000
0  0.256413 3.336067 5.896126  -0.999531 0.012449 0.027973  0.026458 0.410980 1 0 1.000000
lowpoly_metal.053
0  0.229439 -8.335995 7.989821  -0.000012 1.000000 0.000003  0.060711 0.469699 1 0 1.000000
0  -0.180404 -8.335999 7.989821  -0.577944 0.568750 -0.585239  0.060711 0.469699 1 0 1.000000
0  -0.175246 -8.336002 8.873532  -0.585975 0.583626 0.562151  0.060711 0.469699 1 0 1.000000
lowpoly_plastic.050
0  0.352195 -1.409101 5.365410  -0.000177 -0.230362 -0.973105  0.075349 0.627009 1 0 1.000000
0  0.353372 -1.698216 5.433679  -0.000194 -0.230323 -0.973114  0.075349 0.627009 1 0 1.000000
0  -0.305023 -1.698303 5.433993  -0.000117 -0.230493 -0.973074  0.075349 0.627009 1 0 1.000000
lowpoly_plastic.050
0  0.722771 -7.074900 7.494208  0.999520 -0.027934 0.013410  0.064370 0.664198 1 0 1.000000
0  0.723527 -6.951589 7.381617  0.999519 -0.027938 0.013445  0.064370 0.664198 1 0 1.000000
0  0.736470 -6.817714 7.569420  0.992691 -0.017159 0.119458  0.064370 0.664198 1 0 1.000000
lowpoly_plastic.050
0  0.440938 -7.075102 8.340598  0.906528 0.062290 0.417525  0.064370 0.664198 1 0 1.000000
0  0.712869 -7.075104 7.791002  0.963954 0.037223 0.263453  0.064370 0.664198 1 0 1.000000
0  0.736470 -6.817714 7.569420  0.992691 -0.017159 0.119458  0.064370 0.664198 1 0 1.000000
lowpoly_plastic.050
0  0.725082 -6.477297 7.381495  0.999854 0.001465 0.017028  0.064370 0.664198 1 0 1.000000
0  0.722801 -6.353869 7.494564  0.999854 0.001452 0.016996  0.064370 0.664198 1 0 1.000000
0  0.718214 -6.600696 7.494926  0.999854 0.001476 0.016999  0.064370 0.664198 1 0 1.000000
lowpoly_plastic.050
0  0.722801 -6.353869 7.494564  0.999854 0.001452 0.016996  0.064370 0.664198 1 0 1.000000
0  0.713162 -6.353777 7.778123  0.999857 0.001966 0.016785  0.064370 0.664198 1 0 1.000000
0  0.721399 -6.600808 7.773392  0.963932 -0.047835 0.261814  0.064370 0.664198 1 0 1.000000
lowpoly_metal.053
0  0.466132 0.695189 8.311394  0.894332 0.000000 0.447404  0.039282 0.590557 1 0 1.000000
0  0.744238 0.695186 7.755476  0.894332 0.000000 0.447405  0.039282 0.590557 1 0 1.000000
0  0.744237 10.823601 7.755476  0.894335 -0.000000 0.447398  0.039282 0.590557 1 0 1.000000
lowpoly_plastic.050
0  0.717316 -5.652225 7.769073  0.964498 -0.046222 0.260014  0.064370 0.664198 1 0 1.000000
0  0.723264 -5.619889 7.423061  0.999851 0.000309 0.017236  0.064370 0.664198 1 0 1.000000
0  0.723001 -5.437527 7.423083  0.999851 0.000297 0.017240  0.064370 0.664198 1 0 1.000000
lowpoly_plastic.050
0  0.717316 -5.177928 7.769075  0.999872 -0.008896 0.013336  0.064370 0.664198 1 0 1.000000
0  0.720061 -5.157903 7.446590  0.999870 -0.009202 0.013210  0.064370 0.664198 1 0 1.000000
0  0.724090 -4.983974 7.399893  0.999871 -0.009219 0.013161  0.064370 0.664198 1 0 1.000000
lowpoly_plastic.050
0  0.717316 -5.177928 7.769075  0.900588 -0.003043 0.434664  0.064370 0.664198 1 0 1.000000
0  0.721400 -4.930893 7.773394  0.963283 0.051371 0.263529  0.064370 0.664198 1 0 1.000000
0  0.438980 -4.930902 8.344680  0.908020 0.073107 0.412497  0.064370 0.664198 1 0 1.000000
lowpoly_plastic.050
0  0.441886 -6.126518 8.344715  0.928328 0.062882 0.366406  0.064370 0.664198 1 0 1.000000
0  0.735976 -6.134954 7.555384  0.990759 0.014431 0.134867  0.064370 0.664198 1 0 1.000000
0  0.737050 -5.869194 7.568905  0.989332 -0.022377 0.143949  0.064370 0.664198 1 0 1.000000
lowpoly_plastic.050
0  0.719845 -4.456827 7.494414  0.999550 0.029841 0.003031  0.064370 0.664198 1 0 1.000000
0  0.721249 -4.456601 7.761149  0.959190 0.007976 0.282649  0.064370 0.664198 1 0 1.000000
0  0.735819 -4.712033 7.555110  0.993392 0.016668 0.113554  0.064370 0.664198 1 0 1.000000
lowpoly_plastic.050
0  0.135334 -4.229337 8.346530  0.012592 0.004999 0.999908  0.064370 0.664198 1 0 1.000000
0  0.444797 -4.229341 8.344643  0.012647 0.005009 0.999907  0.064370 0.664198 1 0 1.000000
0  0.445854 -3.982312 8.336401  0.012634 0.004990 0.999908  0.064370 0.664198 1 0 1.000000
lowpoly_plastic.050
0  0.721400 -3.508014 7.773395  0.963735 0.046966 0.262697  0.064370 0.664198 1 0 1.000000
0  0.712834 -3.755046 7.778746  0.999843 -0.001951 0.017610  0.064370 0.664198 1 0 1.000000
0  0.722895 -3.754936 7.494493  0.999844 -0.001462 0.017629  0.064370 0.664198 1 0 1.000000
lowpoly_plastic.050
0  0.722895 -3.754936 7.494493  0.999844 -0.001462 0.017629  0.064370 0.664198 1 0 1.000000
0  0.725650 -3.631527 7.381380  0.999843 -0.001470 0.017643  0.064370 0.664198 1 0 1.000000
0  0.718065 -3.508195 7.494735  0.999844 -0.001475 0.017627  0.064370 0.664198 1 0 1.000000
lowpoly_plastic.050
0  0.712834 -3.755046 7.778746  0.910514 -0.088122 0.403979  0.064370 0.664198 1 0 1.000000
0  0.721400 -3.508014 7.773395  0.963735 0.046966 0.262697  0.064370 0.664198 1 0 1.000000
0  0.438979 -3.508017 8.344680  0.907940 0.062960 0.414345  0.064370 0.664198 1 0 1.000000
lowpoly_plastic.050
0  0.738798 -3.290871 7.567419  0.989379 0.026280 0.142967  0.064370 0.664198 1 0 1.000000
0  0.733691 -3.025144 7.556598  0.990882 -0.011723 0.134221  0.064370 0.664198 1 0 1.000000
0  0.445855 -3.033726 8.336401  0.927577 -0.065748 0.367802  0.064370 0.664198 1 0 1.000000
lowpoly_plastic.050
0  0.721252 -2.559425 7.761149  0.999839 -0.003004 0.017716  0.064370 0.664198 1 0 1.000000
0  0.712873 -2.806458 7.791001  0.999835 -0.003901 0.017754  0.064370 0.664198 1 0 1.000000
0  0.722900 -2.806346 7.494493  0.999839 -0.002973 0.017719  0.064370 0.664198 1 0 1.000000
lowpoly_plastic.050
0  0.722900 -2.806346 7.494493  0.999839 -0.002973 0.017719  0.064370 0.664198 1 0 1.000000
0  0.724816 -2.682947 7.381462  0.999838 -0.002944 0.017742  0.064370 0.664198 1 0 1.000000
0  0.719749 -2.559656 7.494414  0.999839 -0.002960 0.017721  0.064370 0.664198 1 0 1.000000
lowpoly_plastic.050
0  0.716739 -2.085137 7.770728  0.999758 -0.005451 0.021307  0.064370 0.664198 1 0 1.000000
0  0.713225 -2.332165 7.777311  0.999765 -0.005092 0.021070  0.064370 0.664198 1 0 1.000000
0  0.719745 -2.085362 7.494414  0.999761 -0.005287 0.021233  0.064370 0.664198 1 0 1.000000
lowpoly_plastic.050
0  0.713225 -2.332165 7.777311  0.999765 -0.005092 0.021070  0.064370 0.664198 1 0 1.000000
0  0.720179 -2.305333 7.430080  0.999760 -0.005284 0.021243  0.064370 0.664198 1 0 1.000000
0  0.719745 -2.085362 7.494414  0.999761 -0.005287 0.021233  0.064370 0.664198 1 0 1.000000
lowpoly_metal.053
0  -0.090587 6.024569 8.061749  -0.000001 0.011838 0.999930  0.034375 0.595312 1 0 1.000000
0  -0.090587 5.412175 8.068998  -0.000003 0.011838 0.999930  0.034375 0.595312 1 0 1.000000
0  0.139636 5.412178 8.068998  -0.000002 0.011838 0.999930  0.034375 0.595312 1 0 1.000000
lowpoly_plastic.050
0  0.717682 -1.857871 7.754842  0.999867 0.002029 0.016158  0.064370 0.664198 1 0 1.000000
0  0.723093 -1.825562 7.423135  0.999868 0.002127 0.016106  0.064370 0.664198 1 0 1.000000
0  0.721574 -1.643181 7.423206  0.999868 0.002118 0.016105  0.064370 0.664198 1 0 1.000000
lowpoly_plastic.050
0  0.135322 -1.857868 8.347421  0.015444 0.003503 0.999875  0.064370 0.664198 1 0 1.000000
0  0.446817 -1.857870 8.340545  0.015453 0.003505 0.999875  0.064370 0.664198 1 0 1.000000
0  0.442893 -1.610844 8.336385  0.015517 0.003486 0.999874  0.064370 0.664198 1 0 1.000000
lowpoly_metal.053
0  -0.727882 2.643522 7.646164  0.002490 0.602877 0.797830  0.060711 0.469699 1 0 1.000000
0  -0.727882 2.881906 7.405306  0.002475 0.602882 0.797826  0.060711 0.469699 1 0 1.000000
0  -1.660776 2.815943 7.518774  -0.004178 0.998914 0.046408  0.060711 0.469699 1 0 1.000000
lowpoly_metal.053
0  -0.541999 2.248404 6.421319  0.613473 0.672342 -0.414256  0.054113 0.558901 1 0 1.000000
0  -0.542002 1.893591 6.328204  0.597345 -0.072342 -0.798715  0.054113 0.558901 1 0 1.000000
0  -0.824503 2.022615 6.290957  -0.613471 0.022585 -0.789394  0.054113 0.558901 1 0 1.000000
lowpoly_plastic.050
0  0.446819 -8.359453 8.352764  0.896159 0.008412 0.443653  0.075349 0.627009 1 0 1.000000
0  0.729791 -8.359457 7.781300  0.896120 0.008455 0.443731  0.075349 0.627009 1 0 1.000000
0  0.712869 -7.075104 7.791002  0.963954 0.037223 0.263453  0.075349 0.627009 1 0 1.000000
lowpoly_metal.053
0  0.229440 -8.717609 8.413326  0.000013 -1.000000 -0.000005  0.060711 0.469699 1 0 1.000000
0  0.229440 -8.717609 8.890734  0.000017 -1.000000 -0.000002  0.060711 0.469699 1 0 1.000000
0  -0.173996 -8.717616 8.879716  -0.582220 -0.577290 0.572500  0.060711 0.469699 1 0 1.000000
lowpoly_metal.053
0  -0.319898 -8.290525 6.495452  -1.000000 0.000000 0.000000  0.060711 0.469699 1 0 1.000000
0  -0.319898 -9.164660 6.495452  -1.000000 0.000000 0.000000  0.060711 0.469699 1 0 1.000000
0  -0.319898 -9.164660 7.278664  -1.000000 0.000000 0.000000  0.060711 0.469699 1 0 1.000000
lowpoly_metal.053
0  -0.600381 20.339096 6.812087  0.050838 -0.998682 0.007035  0.028340 0.414408 1 0 1.000000
0  -0.600381 20.339096 6.140539  0.050830 -0.998683 0.007026  0.028340 0.414408 1 0 1.000000
0  -0.229841 20.353983 6.247453  0.631243 -0.775446 -0.014662  0.028340 0.414408 1 0 1.000000
lowpoly_metal.053
0  0.534008 -8.062971 6.009955  0.500004 -0.000001 -0.866023  0.060711 0.469699 1 0 1.000000
0  0.534010 -9.239595 6.009955  0.500001 0.000001 -0.866025  0.060711 0.469699 1 0 1.000000
0  0.024519 -9.239586 5.715799  0.500003 0.000000 -0.866024  0.060711 0.469699 1 0 1.000000
lowpoly_metal.053
0  0.368935 -8.290522 7.278664  0.000000 1.000000 -0.000002  0.060711 0.469699 1 0 1.000000
0  0.368934 -8.290522 6.495452  -0.000004 1.000000 -0.000002  0.060711 0.469699 1 0 1.000000
0  0.024519 -8.290522 7.173737  -0.000006 1.000000 -0.000001  0.060711 0.469699 1 0 1.000000
lowpoly_metal.053
0  0.368934 -8.290522 6.495452  -0.000004 1.000000 -0.000002  0.060711 0.469699 1 0 1.000000
0  -0.319898 -8.290525 6.495452  -0.000007 1.000000 -0.000001  0.060711 0.469699 1 0 1.000000
0  0.024519 -8.290522 7.173737  -0.000006 1.000000 -0.000001  0.060711 0.469699 1 0 1.000000
lowpoly_metal.053
0  -0.319898 -9.164660 7.278664  0.000000 -1.000000 0.000000  0.060711 0.469699 1 0 1.000000
0  -0.319898 -9.164660 6.495452  0.000002 -1.000000 -0.000001  0.060711 0.469699 1 0 1.000000
0  0.024521 -9.164660 7.173737  0.000003 -1.000000 -0.000000  0.060711 0.469699 1 0 1.000000
lowpoly_metal.053
0  -0.319898 -9.164660 6.495452  0.000002 -1.000000 -0.000001  0.060711 0.469699 1 0 1.000000
0  0.368937 -9.164658 6.495452  0.000004 -1.000000 -0.000001  0.060711 0.469699 1 0 1.000000
0  0.024521 -9.164660 7.173737  0.000003 -1.000000 -0.000000  0.060711 0.469699 1 0 1.000000
lowpoly_metal.053
0  -0.484973 -8.062975 6.009955  -0.499997 0.000001 -0.866027  0.060711 0.469699 1 0 1.000000
0  0.024523 -8.062973 5.715799  -0.499995 0.000002 -0.866028  0.060711 0.469699 1 0 1.000000
0  0.024519 -9.239586 5.715799  -0.500000 -0.000000 -0.866026  0.060711 0.469699 1 0 1.000000
lowpoly_metal.053
0  -0.352153 21.276548 6.247187  -0.212967 0.977051 -0.004101  0.028340 0.414408 1 0 1.000000
0  -0.368702 21.276976 6.707904  -0.202423 0.979290 -0.003934  0.028340 0.414408 1 0 1.000000
0  -0.144771 21.387913 6.715147  -0.458127 0.888846 -0.008497  0.028340 0.414408 1 0 1.000000
lowpoly_metal.053
0  -0.727882 2.881906 7.405306  1.000000 -0.000004 0.000001  0.060711 0.469699 1 0 1.000000
0  -0.727883 2.713045 7.525729  1.000000 -0.000010 -0.000009  0.060711 0.469699 1 0 1.000000
0  -0.727883 2.732008 7.290356  1.000000 -0.000004 0.000004  0.060711 0.469699 1 0 1.000000
lowpoly_metal.053
0  -0.727883 2.732008 7.290356  1.000000 -0.000004 0.000004  0.060711 0.469699 1 0 1.000000
0  -0.727883 2.492878 7.318330  0.392634 -0.571240 -0.720779  0.060711 0.469699 1 0 1.000000
0  -0.727882 2.643523 7.164445  0.712727 -0.435660 -0.549746  0.060711 0.469699 1 0 1.000000
lowpoly_metal.053
0  -0.457019 -8.317265 7.841300  -0.993867 -0.057025 0.094743  0.060711 0.469699 1 0 1.000000
0  -0.457019 -8.317265 7.285264  -0.993865 -0.057037 0.094760  0.060711 0.469699 1 0 1.000000
0  -0.457027 -9.240915 7.285264  -0.993862 -0.057049 0.094785  0.060711 0.469699 1 0 1.000000
lowpoly_metal.053
0  -0.090587 6.169707 6.089050  -1.000000 0.000001 -0.000006  0.034375 0.595312 1 0 1.000000
0  -0.090587 5.760230 6.089050  -1.000000 -0.000001 -0.000002  0.034375 0.595312 1 0 1.000000
0  -0.090588 6.349775 6.396369  -1.000000 -0.000001 -0.000002  0.034375 0.595312 1 0 1.000000
lowpoly_metal.053
0  -0.090587 5.760230 6.089050  -1.000000 -0.000001 -0.000002  0.034375 0.595312 1 0 1.000000
0  -0.090587 5.408539 7.120965  -1.000000 -0.000003 -0.000001  0.034375 0.595312 1 0 1.000000
0  -0.090588 6.349775 6.396369  -1.000000 -0.000001 -0.000002  0.034375 0.595312 1 0 1.000000
lowpoly_metal.053
0  -0.090587 5.408539 7.120965  -1.000000 -0.000003 -0.000001  0.034375 0.595312 1 0 1.000000
0  -0.090587 5.412175 8.068998  -1.000000 -0.000002 0.000002  0.034375 0.595312 1 0 1.000000
0  -0.090589 5.883302 7.343672  -1.000000 -0.000002 -0.000000  0.034375 0.595312 1 0 1.000000
lowpoly_metal.053
0  -0.090587 5.412175 8.068998  -1.000000 -0.000002 0.000002  0.034375 0.595312 1 0 1.000000
0  -0.090587 6.024569 8.061749  -1.000000 0.000000 0.000003  0.034375 0.595312 1 0 1.000000
0  -0.090589 6.099614 7.634862  -1.000000 -0.000000 0.000003  0.034375 0.595312 1 0 1.000000
lowpoly_metal.053
0  -0.090589 5.883302 7.343672  -1.000000 -0.000002 -0.000000  0.034375 0.595312 1 0 1.000000
0  -0.090587 5.412175 8.068998  -1.000000 -0.000002 0.000002  0.034375 0.595312 1 0 1.000000
0  -0.090589 6.099614 7.634862  -1.000000 -0.000000 0.000003  0.034375 0.595312 1 0 1.000000
lowpoly_plastic.050
0  0.445854 -3.982312 8.336401  0.928760 -0.060978 0.365631  0.075349 0.627009 1 0 1.000000
0  0.733693 -3.973740 7.556591  0.990736 -0.010690 0.135382  0.075349 0.627009 1 0 1.000000
0  0.712834 -3.755046 7.778746  0.910514 -0.088122 0.403979  0.075349 0.627009 1 0 1.000000
lowpoly_metal.053
0  -0.457019 -8.317265 7.285264  -0.500001 0.000002 -0.866025  0.060711 0.469699 1 0 1.000000
0  0.024517 -8.317265 7.007246  -0.500003 0.000001 -0.866024  0.060711 0.469699 1 0 1.000000
0  0.024515 -9.240917 7.007246  -0.500000 0.000003 -0.866025  0.060711 0.469699 1 0 1.000000
lowpoly_metal.053
0  0.757700 21.282917 6.120905  -0.341060 0.005659 -0.940025  0.028340 0.414408 1 0 1.000000
0  0.649442 20.339096 6.140539  -0.183290 -0.002000 -0.983057  0.028340 0.414408 1 0 1.000000
0  0.415315 20.333391 6.246755  -0.361188 0.006650 -0.932469  0.028340 0.414408 1 0 1.000000
lowpoly_metal.053
0  0.649443 20.339096 6.812089  -0.999998 -0.001993 0.000282  0.028340 0.414408 1 0 1.000000
0  0.649442 20.339096 6.140539  -0.999998 -0.001993 0.000282  0.028340 0.414408 1 0 1.000000
0  0.649438 9.835551 6.774317  -0.999998 -0.002006 0.000291  0.028340 0.414408 1 0 1.000000
lowpoly_metal.053
0  0.649442 20.339096 6.140539  -0.999998 -0.001993 0.000282  0.028340 0.414408 1 0 1.000000
0  0.649437 9.755779 6.208804  -0.643481 -0.477114 -0.598576  0.028340 0.414408 1 0 1.000000
0  0.649438 9.835551 6.774317  -0.999998 -0.002006 0.000291  0.028340 0.414408 1 0 1.000000
lowpoly_plastic.050
0  0.445855 -3.033726 8.336401  0.927577 -0.065748 0.367802  0.075349 0.627009 1 0 1.000000
0  0.733691 -3.025144 7.556598  0.990882 -0.011723 0.134221  0.075349 0.627009 1 0 1.000000
0  0.712873 -2.806458 7.791001  0.909266 -0.085440 0.407351  0.075349 0.627009 1 0 1.000000
lowpoly_plastic.050
0  0.716739 -2.085137 7.770728  0.903439 0.003299 0.428705  0.075349 0.627009 1 0 1.000000
0  0.717682 -1.857871 7.754842  0.903476 -0.001990 0.428633  0.075349 0.627009 1 0 1.000000
0  0.446817 -1.857870 8.340545  0.903479 -0.002553 0.428625  0.075349 0.627009 1 0 1.000000
lowpoly_metal.053
0  -0.600381 20.339096 6.140539  0.161077 0.008686 -0.986904  0.028340 0.414408 1 0 1.000000
0  -0.719191 21.282919 6.127542  0.276806 0.028285 -0.960510  0.028340 0.414408 1 0 1.000000
0  -0.352153 21.276548 6.247187  0.116428 0.011566 -0.993132  0.028340 0.414408 1 0 1.000000
lowpoly_metal.053
0  0.506061 -8.317268 7.841300  0.499997 -0.000001 0.866027  0.060711 0.469699 1 0 1.000000
0  0.024517 -8.317265 8.119318  0.499997 -0.000001 0.866027  0.060711 0.469699 1 0 1.000000
0  0.024515 -9.240917 8.119318  0.499997 -0.000000 0.866027  0.060711 0.469699 1 0 1.000000
lowpoly_metal.053
0  0.398850 20.333063 6.702886  -0.182346 -0.948215 0.260072  0.028340 0.414408 1 0 1.000000
0  0.193830 20.444090 6.715146  -0.655373 -0.388469 0.647748  0.028340 0.414408 1 0 1.000000
0  0.193830 20.444090 6.237481  -0.251495 -0.536901 -0.805287  0.028340 0.414408 1 0 1.000000
lowpoly_metal.053
0  0.771337 21.282917 6.834195  0.776737 0.629561 -0.018272  0.028340 0.414408 1 0 1.000000
0  0.757700 21.282917 6.120905  0.783571 0.621035 -0.018215  0.028340 0.414408 1 0 1.000000
0  0.402124 21.279266 6.243047  0.190464 0.981438 0.022415  0.028340 0.414408 1 0 1.000000
lowpoly_plastic.050
0  0.249579 20.664776 5.384243  -0.000003 -1.000000 0.000001  0.005518 0.736972 1 0 1.000000
0  0.249579 20.664776 6.118167  0.000000 -1.000000 0.000000  0.005518 0.736972 1 0 1.000000
0  -0.200519 20.664776 6.118167  -0.000001 -1.000000 0.000000  0.005518 0.736972 1 0 1.000000
lowpoly_metal.053
0  -0.444076 9.673706 8.367361  -0.000003 -0.499996 -0.866028  0.043544 0.609912 1 0 1.000000
0  -0.444076 9.259474 8.606518  0.000004 -0.499999 -0.866026  0.043544 0.609912 1 0 1.000000
0  -0.635215 9.259472 8.606518  0.000002 -0.499998 -0.866026  0.043544 0.609912 1 0 1.000000
lowpoly_metal.053
0  -0.444076 9.259474 9.084833  0.000010 -1.000000 0.000000  0.043544 0.609912 1 0 1.000000
0  -0.635215 9.259472 9.084833  0.000010 -1.000000 0.000000  0.043544 0.609912 1 0 1.000000
0  -0.635215 9.259472 8.606518  0.000010 -1.000000 0.000000  0.043544 0.609912 1 0 1.000000
lowpoly_metal.053
0  -0.090589 5.883302 7.343672  -0.005798 0.992440 -0.122594  0.034375 0.595312 1 0 1.000000
0  -0.090589 6.099614 7.634862  -0.041011 0.817326 -0.574714  0.034375 0.595312 1 0 1.000000
0  0.139638 6.099610 7.634862  -0.041015 0.817326 -0.574714  0.034375 0.595312 1 0 1.000000
lowpoly_plastic.050
0  -0.300534 -1.944816 5.438798  -0.797237 0.003350 -0.603657  0.064370 0.664198 1 0 1.000000
0  -0.742458 -1.944812 6.010431  -0.797261 0.003452 -0.603625  0.064370 0.664198 1 0 1.000000
0  -0.747092 -1.693157 6.035406  -0.799951 -0.017841 -0.599799  0.064370 0.664198 1 0 1.000000
lowpoly_plastic.050
0  -0.527653 21.565079 2.534606  -0.992481 0.121557 -0.014310  0.005204 0.735637 1 0 1.000000
0  -0.620242 21.217340 4.572544  -0.992482 0.121555 -0.014307  0.005204 0.735637 1 0 1.000000
0  -0.499126 22.020525 4.425128  -0.475283 0.879623 -0.019217  0.005204 0.735637 1 0 1.000000
lowpoly_plastic.050
0  -0.303584 -2.419113 5.438780  -0.776139 -0.090204 -0.624076  0.064370 0.664198 1 0 1.000000
0  -0.742439 -2.419100 6.015604  -0.778321 -0.082348 -0.622443  0.064370 0.664198 1 0 1.000000
0  -0.739358 -2.172082 6.016765  -0.797038 -0.000870 -0.603929  0.064370 0.664198 1 0 1.000000
lowpoly_metal.053
0  -0.444077 10.087942 8.606518  -0.207746 0.559212 -0.802573  0.043544 0.609912 1 0 1.000000
0  -0.444076 9.673706 8.367361  -0.207670 0.559201 -0.802601  0.043544 0.609912 1 0 1.000000
0  -0.635217 9.673708 8.367361  -0.207681 0.559207 -0.802594  0.043544 0.609912 1 0 1.000000
lowpoly_metal.053
0  -0.319898 -8.290525 6.495452  -0.000000 0.000000 -1.000000  0.060711 0.469699 1 0 1.000000
0  0.368934 -8.290522 6.495452  0.000000 0.000000 -1.000000  0.060711 0.469699 1 0 1.000000
0  0.368937 -9.164658 6.495452  -0.000000 0.000000 -1.000000  0.060711 0.469699 1 0 1.000000
lowpoly_metal.053
0  0.024521 -9.164660 7.173737  -0.291428 -0.000001 0.956593  0.060711 0.469699 1 0 1.000000
0  0.368937 -9.164658 7.278664  -0.291428 -0.000001 0.956593  0.060711 0.469699 1 0 1.000000
0  0.368935 -8.290522 7.278664  -0.291427 -0.000001 0.956593  0.060711 0.469699 1 0 1.000000
lowpoly_plastic.050
0  -0.746698 -2.769892 7.150066  -0.999998 -0.000391 -0.001953  0.064370 0.664198 1 0 1.000000
0  -0.742487 -2.646374 7.036520  -0.999998 -0.000377 -0.001923  0.064370 0.664198 1 0 1.000000
0  -0.739400 -2.893400 7.036228  -0.999998 -0.000375 -0.001926  0.064370 0.664198 1 0 1.000000
lowpoly_plastic.050
0  -0.742487 -2.646374 7.036520  -0.999998 -0.000377 -0.001923  0.064370 0.664198 1 0 1.000000
0  -0.742442 -2.646370 6.015606  -0.999998 -0.000375 -0.001913  0.064370 0.664198 1 0 1.000000
0  -0.739400 -2.893400 7.036228  -0.999998 -0.000375 -0.001926  0.064370 0.664198 1 0 1.000000
lowpoly_plastic.050
0  -0.660536 20.382406 6.452188  -0.923880 -0.000002 -0.382683  0.005518 0.736972 1 0 1.000000
0  -0.660538 21.288469 6.452188  -0.923879 -0.000002 -0.382684  0.005518 0.736972 1 0 1.000000
0  -0.459887 21.288465 5.967774  -0.923879 -0.000002 -0.382684  0.005518 0.736972 1 0 1.000000
lowpoly_plastic.050
0  -0.744809 -7.038532 7.149888  -0.999991 -0.003448 -0.002604  0.064370 0.664198 1 0 1.000000
0  -0.744343 -6.915017 7.036695  -0.999991 -0.003457 -0.002622  0.064370 0.664198 1 0 1.000000
0  -0.741164 -7.162046 7.036398  -0.999991 -0.003449 -0.002629  0.064370 0.664198 1 0 1.000000
lowpoly_plastic.050
0  -0.744343 -6.915017 7.036695  -0.999991 -0.003457 -0.002622  0.064370 0.664198 1 0 1.000000
0  -0.742459 -6.915021 6.020848  -0.999991 -0.003378 -0.002628  0.064370 0.664198 1 0 1.000000
0  -0.741164 -7.162046 7.036398  -0.999991 -0.003449 -0.002629  0.064370 0.664198 1 0 1.000000
lowpoly_plastic.050
0  -0.660536 20.382406 6.452188  -0.923879 -0.000002 0.382686  0.005518 0.736972 1 0 1.000000
0  -0.459885 20.382404 6.936601  -0.923878 -0.000002 0.382686  0.005518 0.736972 1 0 1.000000
0  -0.459887 21.288465 6.936602  -0.923879 -0.000002 0.382685  0.005518 0.736972 1 0 1.000000
lowpoly_plastic.050
0  -0.742442 -7.162045 6.015603  -0.999991 -0.003396 -0.002607  0.075349 0.627009 1 0 1.000000
0  -0.751761 -8.358702 6.012269  -0.999992 -0.000071 -0.003972  0.075349 0.627009 1 0 1.000000
0  -0.741164 -7.162046 7.036398  -0.999991 -0.003449 -0.002629  0.075349 0.627009 1 0 1.000000
lowpoly_plastic.050
0  -0.751761 -8.358702 6.012269  -0.999992 -0.000071 -0.003972  0.075349 0.627009 1 0 1.000000
0  -0.751760 -8.358702 7.328566  -0.999992 -0.000087 -0.003990  0.075349 0.627009 1 0 1.000000
0  -0.741164 -7.162046 7.036398  -0.999991 -0.003449 -0.002629  0.075349 0.627009 1 0 1.000000
lowpoly_plastic.050
0  -0.749302 0.977668 7.348302  -0.837072 0.518907 0.173338  0.075349 0.627009 1 0 1.000000
0  -0.758656 1.372314 6.012840  -0.692024 0.721380 -0.026706  0.075349 0.627009 1 0 1.000000
0  -0.751755 0.974639 5.721643  -0.947845 0.171515 -0.268648  0.075349 0.627009 1 0 1.000000
lowpoly_plastic.050
0  -0.751755 0.974639 5.721643  -0.947845 0.171515 -0.268648  0.075349 0.627009 1 0 1.000000
0  -0.751752 -1.128663 5.721642  -0.999992 -0.000104 -0.003981  0.075349 0.627009 1 0 1.000000
0  -0.749302 0.977668 7.348302  -0.837072 0.518907 0.173338  0.075349 0.627009 1 0 1.000000
lowpoly_plastic.050
0  -0.751752 -1.128663 5.721642  -0.999992 -0.000104 -0.003981  0.075349 0.627009 1 0 1.000000
0  -0.747092 -1.693157 6.035406  -0.999996 -0.002267 -0.001937  0.075349 0.627009 1 0 1.000000
0  -0.742490 -1.697783 7.036520  -0.999995 -0.002521 -0.001692  0.075349 0.627009 1 0 1.000000
lowpoly_plastic.050
0  -0.751752 -1.128663 5.721642  -0.999992 -0.000104 -0.003981  0.075349 0.627009 1 0 1.000000
0  -0.742490 -1.697783 7.036520  -0.999995 -0.002521 -0.001692  0.075349 0.627009 1 0 1.000000
0  -0.749302 0.977668 7.348302  -0.837072 0.518907 0.173338  0.075349 0.627009 1 0 1.000000
lowpoly_plastic.050
0  -0.744809 -7.038532 7.149888  -0.999991 -0.003448 -0.002604  0.075349 0.627009 1 0 1.000000
0  -0.741164 -7.162046 7.036398  -0.999991 -0.003449 -0.002629  0.075349 0.627009 1 0 1.000000
0  -0.751760 -8.358702 7.328566  -0.999992 -0.000087 -0.003990  0.075349 0.627009 1 0 1.000000
lowpoly_plastic.050
0  -0.749302 0.977668 7.348302  -0.837072 0.518907 0.173338  0.075349 0.627009 1 0 1.000000
0  -0.742490 -1.697783 7.036520  -0.999995 -0.002521 -0.001692  0.075349 0.627009 1 0 1.000000
0  -0.744801 -1.821298 7.149888  -0.999995 -0.002523 -0.001716  0.075349 0.627009 1 0 1.000000
lowpoly_plastic.050
0  -0.744809 -7.038532 7.149888  -0.999991 -0.003448 -0.002604  0.075349 0.627009 1 0 1.000000
0  -0.751760 -8.358702 7.328566  -0.999992 -0.000087 -0.003990  0.075349 0.627009 1 0 1.000000
0  -0.746195 -6.564236 7.150018  -0.999992 -0.002570 -0.002941  0.075349 0.627009 1 0 1.000000
lowpoly_plastic.050
0  -0.751760 -8.358702 7.328566  -0.999992 -0.000087 -0.003990  0.075349 0.627009 1 0 1.000000
0  -0.749302 0.977668 7.348302  -0.837072 0.518907 0.173338  0.075349 0.627009 1 0 1.000000
0  -0.746699 -3.718476 7.150065  -0.999991 0.001679 -0.003921  0.075349 0.627009 1 0 1.000000
lowpoly_plastic.050
0  -0.746195 -6.564236 7.150018  -0.999992 -0.002570 -0.002941  0.075349 0.627009 1 0 1.000000
0  -0.751760 -8.358702 7.328566  -0.999992 -0.000087 -0.003990  0.075349 0.627009 1 0 1.000000
0  -0.746700 -6.089949 7.150066  -0.999995 -0.001472 -0.002837  0.075349 0.627009 1 0 1.000000
lowpoly_plastic.050
0  -0.739361 -6.687747 6.006368  -0.999992 -0.002637 -0.002968  0.075349 0.627009 1 0 1.000000
0  -0.742459 -6.915021 6.020848  -0.999991 -0.003378 -0.002628  0.075349 0.627009 1 0 1.000000
0  -0.744342 -6.687752 7.036695  -0.999992 -0.002554 -0.002952  0.075349 0.627009 1 0 1.000000
lowpoly_plastic.050
0  -0.742459 -6.915021 6.020848  -0.999991 -0.003378 -0.002628  0.075349 0.627009 1 0 1.000000
0  -0.744343 -6.915017 7.036695  -0.999991 -0.003457 -0.002622  0.075349 0.627009 1 0 1.000000
0  -0.744342 -6.687752 7.036695  -0.999992 -0.002554 -0.002952  0.075349 0.627009 1 0 1.000000
lowpoly_plastic.050
0  -0.744341 -1.944815 7.036696  -0.999995 -0.002528 -0.001686  0.075349 0.627009 1 0 1.000000
0  -0.742458 -1.944812 6.010431  -0.999995 -0.002497 -0.001739  0.075349 0.627009 1 0 1.000000
0  -0.739358 -2.172082 6.016765  -0.999992 0.000884 -0.003767  0.075349 0.627009 1 0 1.000000
lowpoly_plastic.050
0  -0.744341 -1.944815 7.036696  -0.999995 -0.002528 -0.001686  0.075349 0.627009 1 0 1.000000
0  -0.739358 -2.172082 6.016765  -0.999992 0.000884 -0.003767  0.075349 0.627009 1 0 1.000000
0  -0.744342 -2.172081 7.036696  -0.999992 0.000936 -0.003797  0.075349 0.627009 1 0 1.000000
lowpoly_plastic.050
0  -0.744801 -1.821298 7.149888  -0.999995 -0.002523 -0.001716  0.075349 0.627009 1 0 1.000000
0  -0.744341 -1.944815 7.036696  -0.999995 -0.002528 -0.001686  0.075349 0.627009 1 0 1.000000
0  -0.746195 -2.295595 7.150018  -0.999992 0.000929 -0.003817  0.075349 0.627009 1 0 1.000000
lowpoly_plastic.050
0  -0.744341 -1.944815 7.036696  -0.999995 -0.002528 -0.001686  0.075349 0.627009 1 0 1.000000
0  -0.744342 -2.172081 7.036696  -0.999992 0.000936 -0.003797  0.075349 0.627009 1 0 1.000000
0  -0.746195 -2.295595 7.150018  -0.999992 0.000929 -0.003817  0.075349 0.627009 1 0 1.000000
lowpoly_plastic.050
0  -0.746195 -6.564236 7.150018  -0.999992 -0.002570 -0.002941  0.075349 0.627009 1 0 1.000000
0  -0.744342 -6.687752 7.036695  -0.999992 -0.002554 -0.002952  0.075349 0.627009 1 0 1.000000
0  -0.744343 -6.915017 7.036695  -0.999991 -0.003457 -0.002622  0.075349 0.627009 1 0 1.000000
lowpoly_plastic.050
0  -0.749302 0.977668 7.348302  -0.837072 0.518907 0.173338  0.075349 0.627009 1 0 1.000000
0  -0.744801 -1.821298 7.149888  -0.999995 -0.002523 -0.001716  0.075349 0.627009 1 0 1.000000
0  -0.746195 -2.295595 7.150018  -0.999992 0.000929 -0.003817  0.075349 0.627009 1 0 1.000000
lowpoly_plastic.050
0  -0.742487 -2.419112 7.036520  -0.999992 0.000926 -0.003836  0.075349 0.627009 1 0 1.000000
0  -0.742439 -2.419100 6.015604  -0.999992 0.000941 -0.003800  0.075349 0.627009 1 0 1.000000
0  -0.742442 -2.646370 6.015606  -0.999998 -0.000375 -0.001913  0.075349 0.627009 1 0 1.000000
lowpoly_plastic.050
0  -0.742487 -2.419112 7.036520  -0.999992 0.000926 -0.003836  0.075349 0.627009 1 0 1.000000
0  -0.742442 -2.646370 6.015606  -0.999998 -0.000375 -0.001913  0.075349 0.627009 1 0 1.000000
0  -0.742487 -2.646374 7.036520  -0.999998 -0.000377 -0.001923  0.075349 0.627009 1 0 1.000000
lowpoly_plastic.050
0  -0.742487 -2.419112 7.036520  -0.999992 0.000926 -0.003836  0.075349 0.627009 1 0 1.000000
0  -0.742487 -2.646374 7.036520  -0.999998 -0.000377 -0.001923  0.075349 0.627009 1 0 1.000000
0  -0.746698 -2.769892 7.150066  -0.999998 -0.000391 -0.001953  0.075349 0.627009 1 0 1.000000
lowpoly_plastic.050
0  -0.746195 -2.295595 7.150018  -0.999992 0.000929 -0.003817  0.075349 0.627009 1 0 1.000000
0  -0.742487 -2.419112 7.036520  -0.999992 0.000926 -0.003836  0.075349 0.627009 1 0 1.000000
0  -0.746698 -2.769892 7.150066  -0.999998 -0.000391 -0.001953  0.075349 0.627009 1 0 1.000000
lowpoly_plastic.050
0  -0.739400 -2.893400 7.036228  -0.999998 -0.000375 -0.001926  0.075349 0.627009 1 0 1.000000
0  -0.745537 -2.893399 6.014472  -0.999998 -0.000377 -0.001899  0.075349 0.627009 1 0 1.000000
0  -0.742427 -3.120662 6.020809  -0.999994 0.001971 -0.002943  0.075349 0.627009 1 0 1.000000
lowpoly_plastic.050
0  -0.749302 0.977668 7.348302  -0.837072 0.518907 0.173338  0.075349 0.627009 1 0 1.000000
0  -0.746195 -2.295595 7.150018  -0.999992 0.000929 -0.003817  0.075349 0.627009 1 0 1.000000
0  -0.746698 -2.769892 7.150066  -0.999998 -0.000391 -0.001953  0.075349 0.627009 1 0 1.000000
lowpoly_plastic.050
0  -0.739400 -2.893400 7.036228  -0.999998 -0.000375 -0.001926  0.075349 0.627009 1 0 1.000000
0  -0.742427 -3.120662 6.020809  -0.999994 0.001971 -0.002943  0.075349 0.627009 1 0 1.000000
0  -0.742489 -3.120665 7.036522  -0.999994 0.001965 -0.002959  0.075349 0.627009 1 0 1.000000
lowpoly_plastic.050
0  -0.746698 -2.769892 7.150066  -0.999998 -0.000391 -0.001953  0.075349 0.627009 1 0 1.000000
0  -0.739400 -2.893400 7.036228  -0.999998 -0.000375 -0.001926  0.075349 0.627009 1 0 1.000000
0  -0.742489 -3.120665 7.036522  -0.999994 0.001965 -0.002959  0.075349 0.627009 1 0 1.000000
lowpoly_plastic.050
0  -0.746698 -2.769892 7.150066  -0.999998 -0.000391 -0.001953  0.075349 0.627009 1 0 1.000000
0  -0.742489 -3.120665 7.036522  -0.999994 0.001965 -0.002959  0.075349 0.627009 1 0 1.000000
0  -0.745576 -3.244181 7.149961  -0.999994 0.001960 -0.002955  0.075349 0.627009 1 0 1.000000
lowpoly_plastic.050
0  -0.746195 -6.564236 7.150018  -0.999992 -0.002570 -0.002941  0.075349 0.627009 1 0 1.000000
0  -0.744343 -6.915017 7.036695  -0.999991 -0.003457 -0.002622  0.075349 0.627009 1 0 1.000000
0  -0.744809 -7.038532 7.149888  -0.999991 -0.003448 -0.002604  0.075349 0.627009 1 0 1.000000
lowpoly_plastic.050
0  -0.742445 -6.213453 6.015605  -0.999995 -0.001474 -0.002839  0.075349 0.627009 1 0 1.000000
0  -0.745519 -6.440714 6.019646  -0.999992 -0.002607 -0.002910  0.075349 0.627009 1 0 1.000000
0  -0.741167 -6.213456 7.036397  -0.999995 -0.001473 -0.002837  0.075349 0.627009 1 0 1.000000
lowpoly_plastic.050
0  -0.745519 -6.440714 6.019646  -0.999992 -0.002607 -0.002910  0.075349 0.627009 1 0 1.000000
0  -0.741167 -6.440723 7.036396  -0.999992 -0.002560 -0.002958  0.075349 0.627009 1 0 1.000000
0  -0.741167 -6.213456 7.036397  -0.999995 -0.001473 -0.002837  0.075349 0.627009 1 0 1.000000
lowpoly_plastic.050
0  -0.746700 -6.089949 7.150066  -0.999995 -0.001472 -0.002837  0.075349 0.627009 1 0 1.000000
0  -0.751760 -8.358702 7.328566  -0.999992 -0.000087 -0.003990  0.075349 0.627009 1 0 1.000000
0  -0.746200 -5.615652 7.150015  -0.999996 0.000609 -0.002894  0.075349 0.627009 1 0 1.000000
lowpoly_plastic.050
0  -0.749302 0.977668 7.348302  -0.837072 0.518907 0.173338  0.075349 0.627009 1 0 1.000000
0  -0.746698 -2.769892 7.150066  -0.999998 -0.000391 -0.001953  0.075349 0.627009 1 0 1.000000
0  -0.745576 -3.244181 7.149961  -0.999994 0.001960 -0.002955  0.075349 0.627009 1 0 1.000000
lowpoly_plastic.050
0  -0.744342 -3.367694 7.036697  -0.999994 0.001955 -0.002963  0.075349 0.627009 1 0 1.000000
0  -0.742458 -3.367693 6.010430  -0.999994 0.001951 -0.002955  0.075349 0.627009 1 0 1.000000
0  -0.742445 -3.594965 6.015607  -0.999991 0.001672 -0.003913  0.075349 0.627009 1 0 1.000000
lowpoly_plastic.050
0  -0.744342 -3.367694 7.036697  -0.999994 0.001955 -0.002963  0.075349 0.627009 1 0 1.000000
0  -0.742445 -3.594965 6.015607  -0.999991 0.001672 -0.003913  0.075349 0.627009 1 0 1.000000
0  -0.741166 -3.594959 7.036396  -0.999991 0.001678 -0.003901  0.075349 0.627009 1 0 1.000000
lowpoly_plastic.050
0  -0.744342 -3.367694 7.036697  -0.999994 0.001955 -0.002963  0.075349 0.627009 1 0 1.000000
0  -0.741166 -3.594959 7.036396  -0.999991 0.001678 -0.003901  0.075349 0.627009 1 0 1.000000
0  -0.746699 -3.718476 7.150065  -0.999991 0.001679 -0.003921  0.075349 0.627009 1 0 1.000000
lowpoly_plastic.050
0  -0.745576 -3.244181 7.149961  -0.999994 0.001960 -0.002955  0.075349 0.627009 1 0 1.000000
0  -0.744342 -3.367694 7.036697  -0.999994 0.001955 -0.002963  0.075349 0.627009 1 0 1.000000
0  -0.746699 -3.718476 7.150065  -0.999991 0.001679 -0.003921  0.075349 0.627009 1 0 1.000000
lowpoly_plastic.050
0  -0.745578 -3.841992 7.036811  -0.999991 0.001677 -0.003910  0.075349 0.627009 1 0 1.000000
0  -0.739337 -3.841992 6.011526  -0.999991 0.001719 -0.003920  0.075349 0.627009 1 0 1.000000
0  -0.745536 -4.069252 6.024901  -0.999996 -0.000717 -0.002838  0.075349 0.627009 1 0 1.000000
lowpoly_plastic.050
0  -0.749302 0.977668 7.348302  -0.837072 0.518907 0.173338  0.075349 0.627009 1 0 1.000000
0  -0.745576 -3.244181 7.149961  -0.999994 0.001960 -0.002955  0.075349 0.627009 1 0 1.000000
0  -0.746699 -3.718476 7.150065  -0.999991 0.001679 -0.003921  0.075349 0.627009 1 0 1.000000
lowpoly_plastic.050
0  -0.745578 -3.841992 7.036811  -0.999991 0.001677 -0.003910  0.075349 0.627009 1 0 1.000000
0  -0.745536 -4.069252 6.024901  -0.999996 -0.000717 -0.002838  0.075349 0.627009 1 0 1.000000
0  -0.739400 -4.069256 7.036229  -0.999996 -0.000711 -0.002850  0.075349 0.627009 1 0 1.000000
lowpoly_plastic.050
0  -0.746699 -3.718476 7.150065  -0.999991 0.001679 -0.003921  0.075349 0.627009 1 0 1.000000
0  -0.745578 -3.841992 7.036811  -0.999991 0.001677 -0.003910  0.075349 0.627009 1 0 1.000000
0  -0.746699 -4.192770 7.150066  -0.999996 -0.000701 -0.002857  0.075349 0.627009 1 0 1.000000
lowpoly_plastic.050
0  -0.745578 -3.841992 7.036811  -0.999991 0.001677 -0.003910  0.075349 0.627009 1 0 1.000000
0  -0.739400 -4.069256 7.036229  -0.999996 -0.000711 -0.002850  0.075349 0.627009 1 0 1.000000
0  -0.746699 -4.192770 7.150066  -0.999996 -0.000701 -0.002857  0.075349 0.627009 1 0 1.000000
lowpoly_plastic.050
0  -0.741167 -6.213456 7.036397  -0.999995 -0.001473 -0.002837  0.075349 0.627009 1 0 1.000000
0  -0.741167 -6.440723 7.036396  -0.999992 -0.002560 -0.002958  0.075349 0.627009 1 0 1.000000
0  -0.746700 -6.089949 7.150066  -0.999995 -0.001472 -0.002837  0.075349 0.627009 1 0 1.000000
lowpoly_plastic.050
0  -0.741167 -6.440723 7.036396  -0.999992 -0.002560 -0.002958  0.075349 0.627009 1 0 1.000000
0  -0.746195 -6.564236 7.150018  -0.999992 -0.002570 -0.002941  0.075349 0.627009 1 0 1.000000
0  -0.746700 -6.089949 7.150066  -0.999995 -0.001472 -0.002837  0.075349 0.627009 1 0 1.000000
lowpoly_plastic.050
0  -0.746699 -3.718476 7.150065  -0.999991 0.001679 -0.003921  0.075349 0.627009 1 0 1.000000
0  -0.746699 -4.192770 7.150066  -0.999996 -0.000701 -0.002857  0.075349 0.627009 1 0 1.000000
0  -0.751760 -8.358702 7.328566  -0.999992 -0.000087 -0.003990  0.075349 0.627009 1 0 1.000000
lowpoly_plastic.050
0  -0.744340 -4.316287 7.036693  -0.999996 -0.000695 -0.002862  0.075349 0.627009 1 0 1.000000
0  -0.739371 -4.316277 6.011566  -0.999996 -0.000721 -0.002868  0.075349 0.627009 1 0 1.000000
0  -0.742442 -4.543549 6.015605  -0.999994 -0.002019 -0.002953  0.075349 0.627009 1 0 1.000000
lowpoly_plastic.050
0  -0.744340 -4.316287 7.036693  -0.999996 -0.000695 -0.002862  0.075349 0.627009 1 0 1.000000
0  -0.742442 -4.543549 6.015605  -0.999994 -0.002019 -0.002953  0.075349 0.627009 1 0 1.000000
0  -0.744341 -4.543550 7.036694  -0.999994 -0.002024 -0.002961  0.075349 0.627009 1 0 1.000000
lowpoly_plastic.050
0  -0.744340 -4.316287 7.036693  -0.999996 -0.000695 -0.002862  0.075349 0.627009 1 0 1.000000
0  -0.744341 -4.543550 7.036694  -0.999994 -0.002024 -0.002961  0.075349 0.627009 1 0 1.000000
0  -0.746699 -4.192770 7.150066  -0.999996 -0.000701 -0.002857  0.075349 0.627009 1 0 1.000000
lowpoly_plastic.050
0  -0.744341 -4.543550 7.036694  -0.999994 -0.002024 -0.002961  0.075349 0.627009 1 0 1.000000
0  -0.745579 -4.667068 7.149959  -0.999994 -0.002016 -0.002982  0.075349 0.627009 1 0 1.000000
0  -0.746699 -4.192770 7.150066  -0.999996 -0.000701 -0.002857  0.075349 0.627009 1 0 1.000000
lowpoly_plastic.050
0  -0.742489 -4.790575 7.036520  -0.999994 -0.002024 -0.002959  0.075349 0.627009 1 0 1.000000
0  -0.742444 -4.790575 6.015606  -0.999994 -0.002010 -0.002943  0.075349 0.627009 1 0 1.000000
0  -0.739403 -5.017842 7.036229  -0.999996 0.000587 -0.002908  0.075349 0.627009 1 0 1.000000
lowpoly_plastic.050
0  -0.742444 -4.790575 6.015606  -0.999994 -0.002010 -0.002943  0.075349 0.627009 1 0 1.000000
0  -0.745538 -5.017840 6.014471  -0.999996 0.000579 -0.002858  0.075349 0.627009 1 0 1.000000
0  -0.739403 -5.017842 7.036229  -0.999996 0.000587 -0.002908  0.075349 0.627009 1 0 1.000000
lowpoly_plastic.050
0  -0.746699 -4.192770 7.150066  -0.999996 -0.000701 -0.002857  0.075349 0.627009 1 0 1.000000
0  -0.745579 -4.667068 7.149959  -0.999994 -0.002016 -0.002982  0.075349 0.627009 1 0 1.000000
0  -0.751760 -8.358702 7.328566  -0.999992 -0.000087 -0.003990  0.075349 0.627009 1 0 1.000000
lowpoly_plastic.050
0  -0.745579 -4.667068 7.149959  -0.999994 -0.002016 -0.002982  0.075349 0.627009 1 0 1.000000
0  -0.742489 -4.790575 7.036520  -0.999994 -0.002024 -0.002959  0.075349 0.627009 1 0 1.000000
0  -0.746196 -5.141356 7.150017  -0.999996 0.000582 -0.002869  0.075349 0.627009 1 0 1.000000
lowpoly_plastic.050
0  -0.742489 -4.790575 7.036520  -0.999994 -0.002024 -0.002959  0.075349 0.627009 1 0 1.000000
0  -0.739403 -5.017842 7.036229  -0.999996 0.000587 -0.002908  0.075349 0.627009 1 0 1.000000
0  -0.746196 -5.141356 7.150017  -0.999996 0.000582 -0.002869  0.075349 0.627009 1 0 1.000000
lowpoly_plastic.050
0  -0.746196 -5.141356 7.150017  -0.999996 0.000582 -0.002869  0.075349 0.627009 1 0 1.000000
0  -0.751760 -8.358702 7.328566  -0.999992 -0.000087 -0.003990  0.075349 0.627009 1 0 1.000000
0  -0.745579 -4.667068 7.149959  -0.999994 -0.002016 -0.002982  0.075349 0.627009 1 0 1.000000
lowpoly_plastic.050
0  -0.739360 -5.739163 6.006367  -0.999996 0.000603 -0.002877  0.075349 0.627009 1 0 1.000000
0  -0.742458 -5.966435 6.020848  -0.999995 -0.001462 -0.002852  0.075349 0.627009 1 0 1.000000
0  -0.745577 -5.739166 7.036811  -0.999996 0.000621 -0.002893  0.075349 0.627009 1 0 1.000000
lowpoly_plastic.050
0  -0.742458 -5.966435 6.020848  -0.999995 -0.001462 -0.002852  0.075349 0.627009 1 0 1.000000
0  -0.742488 -5.966433 7.036520  -0.999995 -0.001473 -0.002837  0.075349 0.627009 1 0 1.000000
0  -0.745577 -5.739166 7.036811  -0.999996 0.000621 -0.002893  0.075349 0.627009 1 0 1.000000
lowpoly_plastic.050
0  -0.745580 -5.264872 7.036810  -0.999996 0.000584 -0.002883  0.075349 0.627009 1 0 1.000000
0  -0.739339 -5.264870 6.011526  -0.999996 0.000594 -0.002863  0.075349 0.627009 1 0 1.000000
0  -0.745538 -5.492138 6.024904  -0.999996 0.000594 -0.002819  0.075349 0.627009 1 0 1.000000
lowpoly_plastic.050
0  -0.751760 -8.358702 7.328566  -0.999992 -0.000087 -0.003990  0.075349 0.627009 1 0 1.000000
0  -0.746196 -5.141356 7.150017  -0.999996 0.000582 -0.002869  0.075349 0.627009 1 0 1.000000
0  -0.746200 -5.615652 7.150015  -0.999996 0.000609 -0.002894  0.075349 0.627009 1 0 1.000000
lowpoly_plastic.050
0  -0.745580 -5.264872 7.036810  -0.999996 0.000584 -0.002883  0.075349 0.627009 1 0 1.000000
0  -0.745538 -5.492138 6.024904  -0.999996 0.000594 -0.002819  0.075349 0.627009 1 0 1.000000
0  -0.739402 -5.492134 7.036225  -0.999996 0.000603 -0.002878  0.075349 0.627009 1 0 1.000000
lowpoly_plastic.050
0  -0.745580 -5.264872 7.036810  -0.999996 0.000584 -0.002883  0.075349 0.627009 1 0 1.000000
0  -0.739402 -5.492134 7.036225  -0.999996 0.000603 -0.002878  0.075349 0.627009 1 0 1.000000
0  -0.746200 -5.615652 7.150015  -0.999996 0.000609 -0.002894  0.075349 0.627009 1 0 1.000000
lowpoly_plastic.050
0  -0.746200 -5.615652 7.150015  -0.999996 0.000609 -0.002894  0.075349 0.627009 1 0 1.000000
0  -0.745577 -5.739166 7.036811  -0.999996 0.000621 -0.002893  0.075349 0.627009 1 0 1.000000
0  -0.746700 -6.089949 7.150066  -0.999995 -0.001472 -0.002837  0.075349 0.627009 1 0 1.000000
lowpoly_plastic.050
0  -0.745577 -5.739166 7.036811  -0.999996 0.000621 -0.002893  0.075349 0.627009 1 0 1.000000
0  -0.742488 -5.966433 7.036520  -0.999995 -0.001473 -0.002837  0.075349 0.627009 1 0 1.000000
0  -0.746700 -6.089949 7.150066  -0.999995 -0.001472 -0.002837  0.075349 0.627009 1 0 1.000000
lowpoly_plastic.050
0  0.709595 20.382408 6.452189  -0.000000 -1.000000 -0.000001  0.005518 0.736972 1 0 1.000000
0  0.508943 20.382410 6.936601  -0.000000 -1.000000 0.000001  0.005518 0.736972 1 0 1.000000
0  0.376718 20.382408 6.270051  0.000001 -1.000000 0.000001  0.005518 0.736972 1 0 1.000000
lowpoly_metal.053
0  0.384380 12.190787 7.420599  0.000001 0.661754 0.749721  0.039282 0.590557 1 0 1.000000
0  -0.335332 12.190789 7.420599  0.000002 0.661753 0.749722  0.039282 0.590557 1 0 1.000000
0  -0.335332 11.734806 7.823080  0.000001 0.661754 0.749721  0.039282 0.590557 1 0 1.000000
lowpoly_metal.053
0  -0.388354 1.166541 8.033587  -0.955208 0.000000 0.295935  0.060711 0.469699 1 0 1.000000
0  -0.388352 5.389449 8.033587  -0.955208 0.000000 0.295935  0.060711 0.469699 1 0 1.000000
0  -0.559368 5.389444 7.481591  -0.955208 0.000000 0.295935  0.060711 0.469699 1 0 1.000000
lowpoly_metal.053
0  -0.466783 9.998713 9.331595  -0.702361 0.337223 0.626873  0.039282 0.590557 1 0 1.000000
0  -0.466784 9.310617 9.311302  -0.580685 -0.454997 0.675116  0.039282 0.590557 1 0 1.000000
0  -0.335679 9.358260 9.338820  0.646402 -0.286246 0.707268  0.039282 0.590557 1 0 1.000000
lowpoly_plastic.050
0  0.352196 1.357495 5.356516  0.437063 0.833582 -0.337813  0.075349 0.627009 1 0 1.000000
0  -0.303148 1.357497 5.356516  -0.438273 0.833234 -0.337103  0.075349 0.627009 1 0 1.000000
0  -0.758656 1.372314 6.012840  -0.692024 0.721380 -0.026706  0.075349 0.627009 1 0 1.000000
lowpoly_metal.053
0  0.024523 1.166545 8.262230  -0.484456 0.000000 0.874816  0.060711 0.469699 1 0 1.000000
0  0.024524 5.389449 8.262230  -0.484456 0.000000 0.874816  0.060711 0.469699 1 0 1.000000
0  -0.388352 5.389449 8.033587  -0.484456 0.000000 0.874815  0.060711 0.469699 1 0 1.000000
lowpoly_metal.053
0  -0.388354 1.166541 8.033587  0.000013 -1.000000 -0.000003  0.060711 0.469699 1 0 1.000000
0  -0.559369 1.166537 7.481590  0.000016 -1.000000 0.000005  0.060711 0.469699 1 0 1.000000
0  -0.297765 1.166543 7.861102  0.000016 -1.000000 -0.000002  0.060711 0.469699 1 0 1.000000
lowpoly_metal.053
0  -0.559369 1.166537 7.481590  0.000016 -1.000000 0.000005  0.060711 0.469699 1 0 1.000000
0  -0.358707 1.166539 7.318059  0.000014 -1.000000 0.000003  0.060711 0.469699 1 0 1.000000
0  -0.297765 1.166543 7.861102  0.000016 -1.000000 -0.000002  0.060711 0.469699 1 0 1.000000
lowpoly_metal.053
0  -0.297765 1.166543 7.861102  0.000016 -1.000000 -0.000002  0.060711 0.469699 1 0 1.000000
0  0.024522 1.166545 8.001436  0.000002 -1.000000 0.000000  0.060711 0.469699 1 0 1.000000
0  -0.388354 1.166541 8.033587  0.000013 -1.000000 -0.000003  0.060711 0.469699 1 0 1.000000
lowpoly_metal.053
0  -0.335678 10.618719 8.444057  0.998064 -0.036001 -0.050714  0.039282 0.590557 1 0 1.000000
0  -0.335677 9.985701 9.323285  0.541263 0.374233 0.752984  0.039282 0.590557 1 0 1.000000
0  -0.335679 9.358260 9.338820  0.646402 -0.286246 0.707268  0.039282 0.590557 1 0 1.000000
lowpoly_metal.053
0  -1.660776 2.471100 7.504853  -0.756355 -0.511434 -0.407874  0.060711 0.469699 1 0 1.000000
0  -0.727883 2.463904 7.475551  0.336043 -0.576581 0.744734  0.060711 0.469699 1 0 1.000000
0  -0.727882 2.643522 7.646164  0.719666 -0.425060 0.549004  0.060711 0.469699 1 0 1.000000
lowpoly_plastic.050
0  -0.303148 1.357497 5.356516  0.000001 0.499950 -0.866054  0.075349 0.627009 1 0 1.000000
0  0.352196 1.357495 5.356516  0.000002 0.499951 -0.866054  0.075349 0.627009 1 0 1.000000
0  0.352193 0.974641 5.135504  0.000001 0.499950 -0.866054  0.075349 0.627009 1 0 1.000000
lowpoly_plastic.050
0  -0.148467 -1.944814 5.432481  -0.016261 -0.005516 -0.999852  0.064370 0.664198 1 0 1.000000
0  -0.300534 -1.944816 5.438798  -0.016245 -0.005516 -0.999853  0.064370 0.664198 1 0 1.000000
0  -0.305023 -1.698303 5.433993  -0.029164 -0.012418 -0.999498  0.064370 0.664198 1 0 1.000000
lowpoly_metal.053
0  -0.640175 10.823599 6.738296  -0.706159 0.003342 -0.708046  0.039282 0.590557 1 0 1.000000
0  -0.640176 10.823599 6.232129  -0.999972 0.004733 -0.005836  0.039282 0.590557 1 0 1.000000
0  -0.675512 2.727632 6.226912  -0.999957 0.003263 -0.008652  0.039282 0.590557 1 0 1.000000
lowpoly_metal.053
0  -0.619354 10.013519 8.649488  -0.859907 0.509675 -0.028135  0.043544 0.609912 1 0 1.000000
0  -0.608022 9.673706 8.481945  -0.995832 0.039318 0.082296  0.043544 0.609912 1 0 1.000000
0  -0.599779 9.748698 8.715789  -0.999957 -0.008354 -0.003949  0.043544 0.609912 1 0 1.000000
lowpoly_metal.053
0  -0.608022 9.673706 8.481945  -0.995832 0.039318 0.082296  0.043544 0.609912 1 0 1.000000
0  -0.616180 9.358709 8.663812  -0.995832 0.039363 0.082279  0.043544 0.609912 1 0 1.000000
0  -0.598432 9.548731 8.773516  -0.999957 -0.008338 -0.003934  0.043544 0.609912 1 0 1.000000
lowpoly_metal.053
0  -0.599779 9.748698 8.715789  -0.999957 -0.008354 -0.003949  0.043544 0.609912 1 0 1.000000
0  -0.608022 9.673706 8.481945  -0.995832 0.039318 0.082296  0.043544 0.609912 1 0 1.000000
0  -0.598432 9.548731 8.773516  -0.999957 -0.008338 -0.003934  0.043544 0.609912 1 0 1.000000
lowpoly_metal.053
0  -0.616180 9.358709 8.663812  -0.995832 0.039363 0.082279  0.043544 0.609912 1 0 1.000000
0  -0.611421 9.358709 9.027540  -0.996234 0.057951 -0.064503  0.043544 0.609912 1 0 1.000000
0  -0.598432 9.548731 8.773516  -0.999957 -0.008338 -0.003934  0.043544 0.609912 1 0 1.000000
lowpoly_metal.053
0  -0.611421 9.358709 9.027540  -0.996234 0.057951 -0.064503  0.043544 0.609912 1 0 1.000000
0  -0.611421 9.673706 9.209407  -0.995848 0.054791 -0.072694  0.043544 0.609912 1 0 1.000000
0  -0.598431 9.598722 8.975560  -0.999955 -0.009366 -0.001628  0.043544 0.609912 1 0 1.000000
lowpoly_metal.053
0  -0.611421 9.673706 9.209407  -0.995848 0.054791 -0.072694  0.043544 0.609912 1 0 1.000000
0  -0.611422 9.988711 9.027541  -0.991481 -0.115679 -0.059860  0.043544 0.609912 1 0 1.000000
0  -0.598431 9.598722 8.975560  -0.999955 -0.009366 -0.001628  0.043544 0.609912 1 0 1.000000
lowpoly_metal.053
0  -0.611421 9.358709 9.027540  -0.996234 0.057951 -0.064503  0.043544 0.609912 1 0 1.000000
0  -0.598431 9.598722 8.975560  -0.999955 -0.009366 -0.001628  0.043544 0.609912 1 0 1.000000
0  -0.598432 9.548731 8.773516  -0.999957 -0.008338 -0.003934  0.043544 0.609912 1 0 1.000000
lowpoly_metal.053
0  0.471802 5.389448 7.133564  0.930855 -0.000000 -0.365389  0.060711 0.469699 1 0 1.000000
0  0.608413 5.389448 7.481591  0.930855 -0.000000 -0.365389  0.060711 0.469699 1 0 1.000000
0  0.608413 1.166541 7.481591  0.930852 -0.000001 -0.365396  0.060711 0.469699 1 0 1.000000
lowpoly_plastic.050
0  -0.744801 -1.821298 7.149888  -0.999995 -0.002523 -0.001716  0.064370 0.664198 1 0 1.000000
0  -0.742490 -1.697783 7.036520  -0.999995 -0.002521 -0.001692  0.064370 0.664198 1 0 1.000000
0  -0.744341 -1.944815 7.036696  -0.999995 -0.002528 -0.001686  0.064370 0.664198 1 0 1.000000
lowpoly_plastic.050
0  -0.742490 -1.697783 7.036520  -0.999995 -0.002521 -0.001692  0.064370 0.664198 1 0 1.000000
0  -0.747092 -1.693157 6.035406  -0.999996 -0.002267 -0.001937  0.064370 0.664198 1 0 1.000000
0  -0.744341 -1.944815 7.036696  -0.999995 -0.002528 -0.001686  0.064370 0.664198 1 0 1.000000
lowpoly_metal.053
0  0.024522 1.166544 6.998708  -0.000001 0.000580 -1.000000  0.060711 0.469699 1 0 1.000000
0  0.024524 5.389447 7.005562  0.000000 0.000872 -1.000000  0.060711 0.469699 1 0 1.000000
0  0.471802 5.389448 7.133564  0.281900 0.000782 -0.959444  0.060711 0.469699 1 0 1.000000
lowpoly_metal.053
0  -0.513965 1.308586 7.716512  -0.056780 0.998001 -0.027750  0.039282 0.590557 1 0 1.000000
0  -0.674937 1.319732 7.807410  -0.048686 0.991896 -0.117354  0.039282 0.590557 1 0 1.000000
0  -0.484532 1.464458 8.176578  -0.173855 0.787996 -0.590624  0.039282 0.590557 1 0 1.000000
lowpoly_plastic.050
0  -0.303607 -3.594954 5.438808  -0.486354 -0.043090 -0.872698  0.075349 0.627009 1 0 1.000000
0  -0.742445 -3.594965 6.015607  -0.776221 -0.076754 -0.625771  0.075349 0.627009 1 0 1.000000
0  -0.742458 -3.367693 6.010430  -0.794679 0.000695 -0.607029  0.075349 0.627009 1 0 1.000000
lowpoly_plastic.050
0  -0.306687 -5.966426 5.438816  -0.797025 -0.000806 -0.603946  0.075349 0.627009 1 0 1.000000
0  -0.742458 -5.966435 6.020848  -0.797033 -0.000842 -0.603935  0.075349 0.627009 1 0 1.000000
0  -0.739360 -5.739163 6.006367  -0.795852 -0.000070 -0.605491  0.075349 0.627009 1 0 1.000000
lowpoly_plastic.050
0  -0.299587 9.756499 5.142990  -0.687880 0.696805 0.203183  0.034333 0.623884 1 0 1.000000
0  -0.299586 9.874217 4.645876  -0.709944 0.664171 0.234214  0.034333 0.623884 1 0 1.000000
0  -0.458365 9.834223 4.338900  -0.944398 0.291632 0.151870  0.034333 0.623884 1 0 1.000000
lowpoly_plastic.050
0  -0.306824 -4.790576 5.443034  -0.498286 0.043904 -0.865900  0.075349 0.627009 1 0 1.000000
0  -0.300549 -5.017844 5.438816  -0.481617 -0.042156 -0.875367  0.075349 0.627009 1 0 1.000000
0  -0.745538 -5.017840 6.014471  -0.775301 -0.075199 -0.627099  0.075349 0.627009 1 0 1.000000
lowpoly_metal.053
0  0.324926 8.457675 4.562638  1.000000 0.000164 -0.000362  0.074523 0.389844 1 0 1.000000
0  0.324925 7.757613 5.055322  1.000000 0.000125 -0.000149  0.074523 0.389844 1 0 1.000000
0  0.325281 7.597723 4.541291  0.999999 0.000353 -0.000972  0.074523 0.389844 1 0 1.000000
lowpoly_metal.053
0  0.325281 7.597723 4.541291  0.999999 0.000353 -0.000972  0.074523 0.389844 1 0 1.000000
0  0.324925 6.074442 4.375178  0.999999 -0.000647 -0.001294  0.074523 0.389844 1 0 1.000000
0  0.324927 7.620498 4.454632  1.000000 0.000372 -0.000919  0.074523 0.389844 1 0 1.000000
lowpoly_plastic.050
0  -0.451038 8.844888 3.124169  -0.944263 -0.312202 -0.104395  0.034333 0.623884 1 0 1.000000
0  -0.450956 8.693931 3.608320  -0.944573 -0.310633 -0.106250  0.034333 0.623884 1 0 1.000000
0  -0.451066 10.111112 3.875776  -0.940854 0.290909 0.173680  0.034333 0.623884 1 0 1.000000
lowpoly_metal.053
0  -0.229943 8.043198 8.613634  -0.165575 0.643035 0.747724  0.039282 0.590557 1 0 1.000000
0  -0.409622 7.745868 8.496845  -0.933718 -0.350440 -0.073228  0.039282 0.590557 1 0 1.000000
0  0.278991 7.745865 8.613634  0.156014 -0.642915 0.749880  0.039282 0.590557 1 0 1.000000
lowpoly_metal.053
0  -0.090588 6.349775 6.396369  0.037578 0.892845 0.448794  0.034375 0.595312 1 0 1.000000
0  -0.090589 5.883302 7.343672  -0.005798 0.992440 -0.122594  0.034375 0.595312 1 0 1.000000
0  0.139636 5.881637 7.308424  0.001789 0.999719 -0.023635  0.034375 0.595312 1 0 1.000000
lowpoly_plastic.050
0  0.349574 -3.120667 5.438799  0.773395 -0.082655 -0.628513  0.064370 0.664198 1 0 1.000000
0  0.791499 -3.120666 6.010432  0.774999 -0.076797 -0.627279  0.064370 0.664198 1 0 1.000000
0  0.791438 -3.367700 6.015544  0.763029 0.007000 -0.646326  0.064370 0.664198 1 0 1.000000
lowpoly_plastic.050
0  0.794580 -3.841987 6.014470  0.999995 -0.002135 -0.002204  0.064370 0.664198 1 0 1.000000
0  0.791498 -3.594957 6.020849  0.999995 -0.002153 -0.002215  0.064370 0.664198 1 0 1.000000
0  0.788441 -3.841990 7.036227  0.999995 -0.002131 -0.002222  0.064370 0.664198 1 0 1.000000
lowpoly_plastic.050
0  0.791498 -3.594957 6.020849  0.999995 -0.002153 -0.002215  0.064370 0.664198 1 0 1.000000
0  0.793383 -3.594959 7.036694  0.999995 -0.002137 -0.002216  0.064370 0.664198 1 0 1.000000
0  0.788441 -3.841990 7.036227  0.999995 -0.002131 -0.002222  0.064370 0.664198 1 0 1.000000
lowpoly_plastic.050
0  0.358953 -4.069251 5.443046  0.027148 0.001636 -0.999630  0.064370 0.664198 1 0 1.000000
0  0.352627 -4.316285 5.438780  0.032364 0.001651 -0.999475  0.064370 0.664198 1 0 1.000000
0  0.197510 -4.316282 5.433388  0.026963 0.001639 -0.999635  0.064370 0.664198 1 0 1.000000
lowpoly_plastic.050
0  0.349585 -4.790571 5.438816  0.482136 0.043300 -0.875025  0.064370 0.664198 1 0 1.000000
0  0.240174 -4.543544 5.423773  0.351016 -0.005068 -0.936356  0.064370 0.664198 1 0 1.000000
0  0.794557 -4.543553 6.019646  0.761826 -0.007347 -0.647739  0.064370 0.664198 1 0 1.000000
lowpoly_plastic.050
0  0.337844 13.608008 6.468756  0.866024 -0.000001 -0.500002  0.069489 0.560212 1 0 1.000000
0  0.337844 12.981380 6.468756  0.866023 0.000000 -0.500004  0.069489 0.560212 1 0 1.000000
0  0.181185 12.981380 6.197418  0.866024 -0.000000 -0.500003  0.069489 0.560212 1 0 1.000000
lowpoly_plastic.050
0  0.349589 -5.264873 5.438816  0.019389 0.002677 -0.999808  0.064370 0.664198 1 0 1.000000
0  0.197505 -5.264868 5.431209  0.019392 0.002686 -0.999808  0.064370 0.664198 1 0 1.000000
0  0.197505 -5.017847 5.433388  0.019451 0.002648 -0.999807  0.064370 0.664198 1 0 1.000000
lowpoly_metal.053
0  -0.398630 -15.606485 7.315703  -0.508881 -0.011762 -0.860756  0.060711 0.469699 1 0 1.000000
0  0.024515 -15.606486 7.071401  -0.508860 -0.011681 -0.860770  0.060711 0.469699 1 0 1.000000
0  0.014393 -16.243719 7.084251  0.045869 -0.852863 -0.520116  0.060711 0.469699 1 0 1.000000
lowpoly_plastic.050
0  0.795743 -6.089948 7.150065  0.999996 -0.000507 -0.002935  0.064370 0.664198 1 0 1.000000
0  0.793383 -6.213463 7.036695  0.999996 -0.000509 -0.002924  0.064370 0.664198 1 0 1.000000
0  0.788441 -5.966431 7.036228  0.999996 -0.000508 -0.002925  0.064370 0.664198 1 0 1.000000
lowpoly_plastic.050
0  0.793383 -6.213463 7.036695  0.999996 -0.000509 -0.002924  0.064370 0.664198 1 0 1.000000
0  0.788382 -6.213458 6.011527  0.999996 -0.000501 -0.002939  0.064370 0.664198 1 0 1.000000
0  0.794590 -5.966436 6.019686  0.999996 -0.000523 -0.002923  0.064370 0.664198 1 0 1.000000
lowpoly_plastic.050
0  0.352648 -6.687753 5.438807  0.795842 0.001402 -0.605502  0.064370 0.664198 1 0 1.000000
0  0.355716 -6.440732 5.438799  0.777511 0.089655 -0.622446  0.064370 0.664198 1 0 1.000000
0  0.794576 -6.440714 6.024899  0.779553 0.082099 -0.620932  0.064370 0.664198 1 0 1.000000
lowpoly_plastic.050
0  0.794619 -7.038532 7.149959  0.999996 -0.000494 -0.002683  0.064370 0.664198 1 0 1.000000
0  0.793382 -7.162046 7.036695  0.999996 -0.000510 -0.002662  0.064370 0.664198 1 0 1.000000
0  0.788440 -6.915019 7.036226  0.999996 -0.000495 -0.002668  0.064370 0.664198 1 0 1.000000
lowpoly_plastic.050
0  0.793382 -7.162046 7.036695  0.999996 -0.000510 -0.002662  0.064370 0.664198 1 0 1.000000
0  0.788379 -7.162048 6.011525  0.999996 -0.000518 -0.002684  0.064370 0.664198 1 0 1.000000
0  0.794576 -6.915022 6.014470  0.999996 -0.000478 -0.002687  0.064370 0.664198 1 0 1.000000
lowpoly_metal.053
0  -0.444077 10.087942 8.606518  -0.207741 0.974656 -0.083002  0.043544 0.609912 1 0 1.000000
0  -0.619354 10.013519 8.649488  -0.859907 0.509675 -0.028135  0.043544 0.609912 1 0 1.000000
0  -0.635217 10.087940 9.084831  -0.876916 0.461678 -0.133688  0.043544 0.609912 1 0 1.000000
lowpoly_plastic.050
0  -0.745576 -3.244181 7.149961  -0.999994 0.001960 -0.002955  0.064370 0.664198 1 0 1.000000
0  -0.742489 -3.120665 7.036522  -0.999994 0.001965 -0.002959  0.064370 0.664198 1 0 1.000000
0  -0.744342 -3.367694 7.036697  -0.999994 0.001955 -0.002963  0.064370 0.664198 1 0 1.000000
lowpoly_plastic.050
0  -0.742489 -3.120665 7.036522  -0.999994 0.001965 -0.002959  0.064370 0.664198 1 0 1.000000
0  -0.742427 -3.120662 6.020809  -0.999994 0.001971 -0.002943  0.064370 0.664198 1 0 1.000000
0  -0.744342 -3.367694 7.036697  -0.999994 0.001955 -0.002963  0.064370 0.664198 1 0 1.000000
lowpoly_plastic.050
0  -0.303762 -3.367693 5.443047  -0.794838 0.000330 -0.606822  0.064370 0.664198 1 0 1.000000
0  -0.742458 -3.367693 6.010430  -0.794679 0.000695 -0.607029  0.064370 0.664198 1 0 1.000000
0  -0.742427 -3.120662 6.020809  -0.795863 -0.000177 -0.605477  0.064370 0.664198 1 0 1.000000
lowpoly_plastic.050
0  -0.303607 -3.594954 5.438808  -0.486354 -0.043090 -0.872698  0.064370 0.664198 1 0 1.000000
0  -0.191132 -3.841984 5.423773  -0.354859 0.007418 -0.934891  0.064370 0.664198 1 0 1.000000
0  -0.739337 -3.841992 6.011526  -0.764158 0.007841 -0.644981  0.064370 0.664198 1 0 1.000000
lowpoly_plastic.050
0  0.024526 21.288471 5.767123  -0.000000 1.000000 -0.000006  0.005518 0.736972 1 0 1.000000
0  -0.459887 21.288465 5.967774  -0.000018 1.000000 -0.000025  0.005518 0.736972 1 0 1.000000
0  -0.660538 21.288469 6.452188  -0.000000 1.000000 0.000003  0.005518 0.736972 1 0 1.000000
lowpoly_plastic.050
0  -0.660538 21.288469 6.452188  -0.000000 1.000000 0.000003  0.005518 0.736972 1 0 1.000000
0  -0.459887 21.288465 6.936602  -0.000004 1.000000 0.000003  0.005518 0.736972 1 0 1.000000
0  0.024526 21.288471 5.767123  -0.000000 1.000000 -0.000006  0.005518 0.736972 1 0 1.000000
lowpoly_plastic.050
0  -0.459887 21.288465 6.936602  -0.000004 1.000000 0.000003  0.005518 0.736972 1 0 1.000000
0  0.024526 21.288469 7.137255  -0.000000 1.000000 0.000000  0.005518 0.736972 1 0 1.000000
0  0.024526 21.288471 5.767123  -0.000000 1.000000 -0.000006  0.005518 0.736972 1 0 1.000000
lowpoly_plastic.050
0  0.024526 21.288469 7.137255  -0.000000 1.000000 0.000000  0.005518 0.736972 1 0 1.000000
0  0.508941 21.288465 6.936603  0.000004 1.000000 0.000003  0.005518 0.736972 1 0 1.000000
0  0.024526 21.288471 5.767123  -0.000000 1.000000 -0.000006  0.005518 0.736972 1 0 1.000000
lowpoly_plastic.050
0  0.508941 21.288465 6.936603  0.000004 1.000000 0.000003  0.005518 0.736972 1 0 1.000000
0  0.709593 21.288469 6.452189  0.000000 1.000000 0.000002  0.005518 0.736972 1 0 1.000000
0  0.024526 21.288471 5.767123  -0.000000 1.000000 -0.000006  0.005518 0.736972 1 0 1.000000
lowpoly_plastic.050
0  -0.746699 -3.718476 7.150065  -0.999991 0.001679 -0.003921  0.064370 0.664198 1 0 1.000000
0  -0.741166 -3.594959 7.036396  -0.999991 0.001678 -0.003901  0.064370 0.664198 1 0 1.000000
0  -0.745578 -3.841992 7.036811  -0.999991 0.001677 -0.003910  0.064370 0.664198 1 0 1.000000
lowpoly_plastic.050
0  -0.741166 -3.594959 7.036396  -0.999991 0.001678 -0.003901  0.064370 0.664198 1 0 1.000000
0  -0.742445 -3.594965 6.015607  -0.999991 0.001672 -0.003913  0.064370 0.664198 1 0 1.000000
0  -0.745578 -3.841992 7.036811  -0.999991 0.001677 -0.003910  0.064370 0.664198 1 0 1.000000
lowpoly_metal.053
0  -0.314264 1.968958 5.648888  -0.613119 -0.766354 -0.191799  0.026458 0.410980 1 0 1.000000
0  -0.358265 1.961251 5.819886  -0.793001 -0.588172 -0.158754  0.026458 0.410980 1 0 1.000000
0  -0.401476 3.336065 5.896126  -0.999256 -0.008610 -0.037600  0.026458 0.410980 1 0 1.000000
lowpoly_metal.053
0  -0.358265 1.961251 5.819886  -0.793001 -0.588172 -0.158754  0.026458 0.410980 1 0 1.000000
0  -0.401476 3.336065 6.124466  -0.999256 -0.008607 -0.037600  0.026458 0.410980 1 0 1.000000
0  -0.401476 3.336065 5.896126  -0.999256 -0.008610 -0.037600  0.026458 0.410980 1 0 1.000000
lowpoly_metal.053
0  -0.401476 3.336065 6.124466  -0.999256 -0.008607 -0.037600  0.026458 0.410980 1 0 1.000000
0  -0.401474 5.669234 6.124465  -0.999255 -0.008593 -0.037611  0.026458 0.410980 1 0 1.000000
0  -0.401476 3.336065 5.896126  -0.999256 -0.008610 -0.037600  0.026458 0.410980 1 0 1.000000
lowpoly_plastic.050
0  0.206665 20.382410 6.804379  0.000001 -1.000000 -0.000002  0.005518 0.736972 1 0 1.000000
0  0.376718 20.382408 6.270051  0.000001 -1.000000 0.000001  0.005518 0.736972 1 0 1.000000
0  0.508943 20.382410 6.936601  -0.000000 -1.000000 0.000001  0.005518 0.736972 1 0 1.000000
lowpoly_plastic.050
0  0.508943 20.382410 6.936601  -0.000000 -1.000000 0.000001  0.005518 0.736972 1 0 1.000000
0  0.024528 20.382408 7.137254  0.000005 -1.000000 -0.000009  0.005518 0.736972 1 0 1.000000
0  0.206665 20.382410 6.804379  0.000001 -1.000000 -0.000002  0.005518 0.736972 1 0 1.000000
lowpoly_plastic.050
0  0.024528 20.382408 7.137254  0.000005 -1.000000 -0.000009  0.005518 0.736972 1 0 1.000000
0  -0.459885 20.382404 6.936601  0.000015 -1.000000 -0.000012  0.005518 0.736972 1 0 1.000000
0  -0.327661 20.382410 6.634329  0.000012 -1.000000 -0.000007  0.005518 0.736972 1 0 1.000000
lowpoly_plastic.050
0  -0.459885 20.382404 6.936601  0.000015 -1.000000 -0.000012  0.005518 0.736972 1 0 1.000000
0  -0.660536 20.382406 6.452188  0.000013 -1.000000 0.000001  0.005518 0.736972 1 0 1.000000
0  -0.327661 20.382410 6.634329  0.000012 -1.000000 -0.000007  0.005518 0.736972 1 0 1.000000
lowpoly_plastic.050
0  -0.660536 20.382406 6.452188  0.000013 -1.000000 0.000001  0.005518 0.736972 1 0 1.000000
0  -0.459885 20.382404 5.967773  0.000014 -1.000000 0.000009  0.005518 0.736972 1 0 1.000000
0  -0.157612 20.382410 6.099998  0.000008 -1.000000 0.000007  0.005518 0.736972 1 0 1.000000
lowpoly_plastic.050
0  -0.327661 20.382410 6.634329  0.000012 -1.000000 -0.000007  0.005518 0.736972 1 0 1.000000
0  -0.660536 20.382406 6.452188  0.000013 -1.000000 0.000001  0.005518 0.736972 1 0 1.000000
0  -0.157612 20.382410 6.099998  0.000008 -1.000000 0.000007  0.005518 0.736972 1 0 1.000000
lowpoly_plastic.050
0  -0.459885 20.382404 5.967773  0.000014 -1.000000 0.000009  0.005518 0.736972 1 0 1.000000
0  0.024528 20.382408 5.767122  0.000003 -1.000000 0.000002  0.005518 0.736972 1 0 1.000000
0  -0.157612 20.382410 6.099998  0.000008 -1.000000 0.000007  0.005518 0.736972 1 0 1.000000
lowpoly_plastic.050
0  0.024528 20.382408 5.767122  0.000003 -1.000000 0.000002  0.005518 0.736972 1 0 1.000000
0  0.508943 20.382410 5.967773  0.000005 -1.000000 -0.000001  0.005518 0.736972 1 0 1.000000
0  0.376718 20.382408 6.270051  0.000001 -1.000000 0.000001  0.005518 0.736972 1 0 1.000000
lowpoly_metal.053
0  0.506061 -8.317268 7.285264  0.000004 1.000000 0.000001  0.060711 0.469699 1 0 1.000000
0  0.024517 -8.317265 7.007246  0.000004 1.000000 0.000004  0.060711 0.469699 1 0 1.000000
0  -0.457019 -8.317265 7.285264  0.000003 1.000000 0.000000  0.060711 0.469699 1 0 1.000000
lowpoly_metal.053
0  -0.457019 -8.317265 7.285264  0.000003 1.000000 0.000000  0.060711 0.469699 1 0 1.000000
0  -0.457019 -8.317265 7.841300  0.000000 1.000000 0.000000  0.060711 0.469699 1 0 1.000000
0  0.024517 -8.317265 8.119318  0.000004 1.000000 -0.000003  0.060711 0.469699 1 0 1.000000
lowpoly_metal.053
0  0.024517 -8.317265 8.119318  0.000004 1.000000 -0.000003  0.060711 0.469699 1 0 1.000000
0  0.506061 -8.317268 7.841300  0.000005 1.000000 -0.000002  0.060711 0.469699 1 0 1.000000
0  -0.457019 -8.317265 7.285264  0.000003 1.000000 0.000000  0.060711 0.469699 1 0 1.000000
lowpoly_metal.053
0  0.024526 10.934168 5.841840  -0.233575 0.000000 -0.972339  0.039282 0.590557 1 0 1.000000
0  0.024528 13.351192 5.841840  -0.233574 0.000000 -0.972339  0.039282 0.590557 1 0 1.000000
0  0.484473 13.240620 5.731353  -0.233574 0.000000 -0.972339  0.039282 0.590557 1 0 1.000000
lowpoly_plastic.050
0  0.209108 8.916268 1.701589  0.003946 -0.988267 0.152683  0.034333 0.623884 1 0 1.000000
0  0.247228 8.052661 4.442492  -0.032287 -0.991118 -0.129009  0.034333 0.623884 1 0 1.000000
0  -0.197022 8.052303 4.440020  -0.033610 -0.991670 -0.124339  0.034333 0.623884 1 0 1.000000
lowpoly_plastic.050
0  0.443847 -4.703633 8.340653  0.921879 0.012045 0.387290  0.064370 0.664198 1 0 1.000000
0  0.735819 -4.712033 7.555110  0.993392 0.016668 0.113554  0.064370 0.664198 1 0 1.000000
0  0.721249 -4.456601 7.761149  0.959190 0.007976 0.282649  0.064370 0.664198 1 0 1.000000
lowpoly_plastic.050
0  0.349418 -2.893415 5.434563  0.774537 0.084450 -0.626865  0.075349 0.627009 1 0 1.000000
0  0.788410 -2.893392 6.011567  0.776056 0.078682 -0.625736  0.075349 0.627009 1 0 1.000000
0  0.791499 -3.120666 6.010432  0.774999 -0.076797 -0.627279  0.075349 0.627009 1 0 1.000000
lowpoly_plastic.050
0  0.794580 -3.841987 6.014470  0.795851 -0.000062 -0.605492  0.075349 0.627009 1 0 1.000000
0  0.788398 -4.069259 6.016764  0.797032 -0.000889 -0.603937  0.075349 0.627009 1 0 1.000000
0  0.358953 -4.069251 5.443046  0.797021 -0.000835 -0.603951  0.075349 0.627009 1 0 1.000000
lowpoly_plastic.050
0  0.352627 -4.316285 5.438780  0.776036 -0.091055 -0.624081  0.075349 0.627009 1 0 1.000000
0  0.791481 -4.316278 6.015605  0.778227 -0.083169 -0.622452  0.075349 0.627009 1 0 1.000000
0  0.794557 -4.543553 6.019646  0.761826 -0.007347 -0.647739  0.075349 0.627009 1 0 1.000000
lowpoly_plastic.050
0  0.788400 -4.790579 6.006368  0.776379 0.076061 -0.625660  0.075349 0.627009 1 0 1.000000
0  0.791499 -5.017834 6.020847  0.795858 -0.000056 -0.605484  0.075349 0.627009 1 0 1.000000
0  0.355715 -5.017854 5.438798  0.795865 -0.000132 -0.605475  0.075349 0.627009 1 0 1.000000
lowpoly_metal.053
0  -0.389479 11.410300 8.313465  -0.890007 0.031139 0.454881  0.039282 0.590557 1 0 1.000000
0  -0.695192 11.624237 7.712593  -0.889992 0.031100 0.454915  0.039282 0.590557 1 0 1.000000
0  -0.695192 10.823604 7.755477  -0.889978 0.031064 0.454945  0.039282 0.590557 1 0 1.000000
lowpoly_plastic.050
0  0.791467 -5.739166 6.010390  0.794668 0.000674 -0.607043  0.075349 0.627009 1 0 1.000000
0  0.794590 -5.966436 6.019686  0.776319 -0.076860 -0.625637  0.075349 0.627009 1 0 1.000000
0  0.349419 -5.966423 5.434562  0.774427 -0.083999 -0.627062  0.075349 0.627009 1 0 1.000000
lowpoly_plastic.050
0  -0.451012 10.371259 3.412242  -0.942480 0.286276 0.172562  0.034333 0.623884 1 0 1.000000
0  -0.451144 10.661118 2.954295  -0.941164 0.290710 0.172333  0.034333 0.623884 1 0 1.000000
0  -0.451141 8.989904 2.638887  -0.944230 -0.311712 -0.106142  0.034333 0.623884 1 0 1.000000
lowpoly_plastic.050
0  0.788382 -6.213458 6.011527  0.764211 0.006481 -0.644933  0.075349 0.627009 1 0 1.000000
0  0.794576 -6.440714 6.024899  0.779553 0.082099 -0.620932  0.075349 0.627009 1 0 1.000000
0  0.355716 -6.440732 5.438799  0.777511 0.089655 -0.622446  0.075349 0.627009 1 0 1.000000
lowpoly_metal.053
0  0.399374 -8.539097 6.920344  0.007492 0.043042 -0.999045  0.043544 0.609912 1 0 1.000000
0  0.399375 -8.689543 7.072343  0.625530 -0.780092 0.013024  0.043544 0.609912 1 0 1.000000
0  -0.350336 -8.703648 7.072343  -0.515742 -0.856627 0.014134  0.043544 0.609912 1 0 1.000000
lowpoly_metal.053
0  0.458669 4.796303 8.496845  0.946963 0.313615 -0.070052  0.039282 0.590557 1 0 1.000000
0  0.462022 4.498972 8.460896  0.730658 -0.601775 -0.322501  0.039282 0.590557 1 0 1.000000
0  -0.409622 4.498974 8.496846  -0.946963 -0.313616 -0.070047  0.039282 0.590557 1 0 1.000000
lowpoly_plastic.050
0  -0.668378 -6.828069 7.768962  -0.958838 0.015598 0.283525  0.064370 0.664198 1 0 1.000000
0  -0.685073 -7.083714 7.556819  -0.989307 0.003105 0.145814  0.064370 0.664198 1 0 1.000000
0  -0.394809 -7.075104 8.340652  -0.921016 -0.047659 0.386599  0.064370 0.664198 1 0 1.000000
lowpoly_plastic.050
0  -0.303604 -4.316287 5.438807  -0.490534 -0.056121 -0.869613  0.064370 0.664198 1 0 1.000000
0  -0.303453 -4.069255 5.434574  -0.488681 0.055575 -0.870691  0.064370 0.664198 1 0 1.000000
0  -0.148467 -4.069255 5.434598  -0.013752 -0.000106 -0.999905  0.064370 0.664198 1 0 1.000000
lowpoly_plastic.050
0  0.135334 -2.085140 8.346530  0.008804 -0.001628 0.999960  0.064370 0.664198 1 0 1.000000
0  0.135398 -2.332164 8.349024  0.008861 -0.001771 0.999959  0.064370 0.664198 1 0 1.000000
0  0.443834 -2.332164 8.340531  0.008801 -0.001755 0.999960  0.064370 0.664198 1 0 1.000000
lowpoly_plastic.050
0  0.791438 -3.367700 6.015544  0.763029 0.007000 -0.646326  0.075349 0.627009 1 0 1.000000
0  0.791498 -3.594957 6.020849  0.778297 0.083675 -0.622295  0.075349 0.627009 1 0 1.000000
0  0.352494 -3.594961 5.434574  0.488263 0.056361 -0.870875  0.075349 0.627009 1 0 1.000000
lowpoly_plastic.050
0  -0.389938 -4.703634 8.344681  -0.900719 0.003003 0.434391  0.064370 0.664198 1 0 1.000000
0  -0.397711 -4.456606 8.340462  -0.902071 -0.000282 0.431588  0.064370 0.664198 1 0 1.000000
0  -0.668721 -4.456605 7.754809  -0.902071 -0.000212 0.431589  0.064370 0.664198 1 0 1.000000
lowpoly_plastic.050
0  -0.086291 -4.703629 8.346529  -0.008052 0.001417 0.999967  0.064370 0.664198 1 0 1.000000
0  -0.086356 -4.456606 8.349024  -0.008048 0.001438 0.999966  0.064370 0.664198 1 0 1.000000
0  -0.397711 -4.456606 8.340462  -0.008024 0.001439 0.999967  0.064370 0.664198 1 0 1.000000
lowpoly_metal.053
0  -0.229946 1.793229 8.613634  -0.175308 -0.646798 0.742239  0.039282 0.590557 1 0 1.000000
0  0.452553 1.793227 8.514297  0.972251 -0.232414 -0.026677  0.039282 0.590557 1 0 1.000000
0  0.278993 2.090558 8.613634  0.175311 0.646786 0.742249  0.039282 0.590557 1 0 1.000000
lowpoly_plastic.050
0  0.713162 -6.353777 7.778123  0.910276 0.087136 0.404728  0.064370 0.664198 1 0 1.000000
0  0.443830 -6.353783 8.340530  0.909062 0.074945 0.409866  0.064370 0.664198 1 0 1.000000
0  0.440873 -6.600808 8.340518  0.908056 -0.063992 0.413931  0.064370 0.664198 1 0 1.000000
lowpoly_metal.053
0  0.437395 5.389449 8.033587  0.484461 -0.000000 0.874813  0.060711 0.469699 1 0 1.000000
0  0.024524 5.389449 8.262230  0.484461 -0.000000 0.874813  0.060711 0.469699 1 0 1.000000
0  0.024523 1.166545 8.262230  0.484460 0.000000 0.874813  0.060711 0.469699 1 0 1.000000
lowpoly_plastic.050
0  -0.086289 -2.332163 8.346530  -0.008030 0.001415 0.999967  0.064370 0.664198 1 0 1.000000
0  -0.086356 -2.085134 8.349024  -0.008037 0.001415 0.999967  0.064370 0.664198 1 0 1.000000
0  -0.394791 -2.085137 8.340531  -0.008025 0.001420 0.999967  0.064370 0.664198 1 0 1.000000
lowpoly_plastic.050
0  -0.086295 -3.033727 8.346530  -0.008004 -0.001837 0.999966  0.064370 0.664198 1 0 1.000000
0  -0.392780 -3.033724 8.344635  -0.007971 -0.001757 0.999967  0.064370 0.664198 1 0 1.000000
0  -0.394790 -3.280750 8.340531  -0.007982 -0.001759 0.999967  0.064370 0.664198 1 0 1.000000
lowpoly_plastic.050
0  -0.394791 -2.085137 8.340531  -0.900596 -0.003045 0.434647  0.064370 0.664198 1 0 1.000000
0  -0.664349 -2.085134 7.777098  -0.900600 -0.003039 0.434637  0.064370 0.664198 1 0 1.000000
0  -0.672311 -2.332163 7.761062  -0.966096 -0.054551 0.252353  0.064370 0.664198 1 0 1.000000
lowpoly_plastic.050
0  -0.086283 -1.610841 8.347421  -0.015837 -0.002255 0.999872  0.064370 0.664198 1 0 1.000000
0  -0.397772 -1.610841 8.340545  -0.015767 -0.002253 0.999873  0.064370 0.664198 1 0 1.000000
0  -0.393852 -1.857867 8.336385  -0.015896 -0.002268 0.999871  0.064370 0.664198 1 0 1.000000
lowpoly_metal.053
0  0.384728 9.358259 9.338818  -0.647205 -0.287316 0.706099  0.039282 0.590557 1 0 1.000000
0  0.515836 9.310616 9.311299  0.582656 -0.458182 0.671254  0.039282 0.590557 1 0 1.000000
0  0.515836 9.998716 9.331593  0.700980 0.340754 0.626510  0.039282 0.590557 1 0 1.000000
lowpoly_plastic.050
0  -0.746195 -6.564236 7.150018  -0.999992 -0.002570 -0.002941  0.064370 0.664198 1 0 1.000000
0  -0.741167 -6.440723 7.036396  -0.999992 -0.002560 -0.002958  0.064370 0.664198 1 0 1.000000
0  -0.744342 -6.687752 7.036695  -0.999992 -0.002554 -0.002952  0.064370 0.664198 1 0 1.000000
lowpoly_plastic.050
0  -0.741167 -6.440723 7.036396  -0.999992 -0.002560 -0.002958  0.064370 0.664198 1 0 1.000000
0  -0.745519 -6.440714 6.019646  -0.999992 -0.002607 -0.002910  0.064370 0.664198 1 0 1.000000
0  -0.744342 -6.687752 7.036695  -0.999992 -0.002554 -0.002952  0.064370 0.664198 1 0 1.000000
lowpoly_plastic.050
0  -0.297325 -6.687757 5.434574  -0.774293 0.083850 -0.627248  0.064370 0.664198 1 0 1.000000
0  -0.739361 -6.687747 6.006368  -0.776422 0.076361 -0.625570  0.064370 0.664198 1 0 1.000000
0  -0.745519 -6.440714 6.019646  -0.761934 -0.007368 -0.647613  0.064370 0.664198 1 0 1.000000
lowpoly_metal.053
0  0.012859 1.340594 7.692912  -0.000006 -1.000000 -0.000000  0.060711 0.469699 1 0 1.000000
0  0.346806 1.340594 7.861102  0.000001 -1.000000 -0.000001  0.060711 0.469699 1 0 1.000000
0  0.024521 1.340594 8.001436  -0.000006 -1.000000 0.000002  0.060711 0.469699 1 0 1.000000
lowpoly_metal.053
0  0.024521 1.340594 8.001436  -0.000006 -1.000000 0.000002  0.060711 0.469699 1 0 1.000000
0  -0.297762 1.340598 7.861102  -0.000012 -1.000000 0.000003  0.060711 0.469699 1 0 1.000000
0  0.012859 1.340594 7.692912  -0.000006 -1.000000 -0.000000  0.060711 0.469699 1 0 1.000000
lowpoly_metal.053
0  -0.297762 1.340598 7.861102  -0.000012 -1.000000 0.000003  0.060711 0.469699 1 0 1.000000
0  -0.402728 1.340598 7.522301  -0.000011 -1.000000 0.000002  0.060711 0.469699 1 0 1.000000
0  -0.041076 1.340594 7.505612  -0.000006 -1.000000 -0.000002  0.060711 0.469699 1 0 1.000000
lowpoly_metal.053
0  -0.402728 1.340598 7.522301  -0.000011 -1.000000 0.000002  0.060711 0.469699 1 0 1.000000
0  -0.289620 1.340597 7.271239  -0.000008 -1.000000 -0.000002  0.060711 0.469699 1 0 1.000000
0  -0.041076 1.340594 7.505612  -0.000006 -1.000000 -0.000002  0.060711 0.469699 1 0 1.000000
lowpoly_plastic.050
0  0.443834 -2.332164 8.340531  0.901937 -0.000058 0.431867  0.064370 0.664198 1 0 1.000000
0  0.713225 -2.332165 7.777311  0.902119 -0.000059 0.431487  0.064370 0.664198 1 0 1.000000
0  0.716739 -2.085137 7.770728  0.903439 0.003299 0.428705  0.064370 0.664198 1 0 1.000000
lowpoly_plastic.050
0  -0.306824 -7.162046 5.443036  -0.796582 0.004202 -0.604516  0.064370 0.664198 1 0 1.000000
0  -0.742442 -7.162045 6.015603  -0.796585 0.004189 -0.604512  0.064370 0.664198 1 0 1.000000
0  -0.742459 -6.915021 6.020848  -0.797042 -0.000792 -0.603924  0.064370 0.664198 1 0 1.000000
lowpoly_metal.053
0  -0.461204 5.401711 5.798742  -0.368546 -0.004613 -0.929598  0.039282 0.590557 1 0 1.000000
0  -0.435424 10.823606 5.731353  -0.515340 -0.007914 -0.856950  0.039282 0.590557 1 0 1.000000
0  0.484472 10.823603 5.731352  0.524031 -0.008170 -0.851660  0.039282 0.590557 1 0 1.000000
lowpoly_metal.053
0  -0.401474 5.669234 6.124465  0.000003 1.000000 0.000000  0.026458 0.410980 1 0 1.000000
0  0.450525 5.669231 6.124465  0.000003 1.000000 0.000000  0.026458 0.410980 1 0 1.000000
0  0.450525 5.669231 5.896126  0.000003 1.000000 0.000000  0.026458 0.410980 1 0 1.000000
lowpoly_plastic.050
0  -0.680753 -8.359455 7.781298  -0.975036 0.020845 0.221066  0.075349 0.627009 1 0 1.000000
0  -0.685073 -7.083714 7.556819  -0.989307 0.003105 0.145814  0.075349 0.627009 1 0 1.000000
0  -0.680753 -8.359455 7.322385  -0.999992 0.001859 0.003459  0.075349 0.627009 1 0 1.000000
lowpoly_plastic.050
0  -0.685073 -7.083714 7.556819  -0.989307 0.003105 0.145814  0.075349 0.627009 1 0 1.000000
0  -0.674994 -6.951587 7.381594  -0.999651 0.026329 0.002170  0.075349 0.627009 1 0 1.000000
0  -0.680753 -8.359455 7.322385  -0.999992 0.001859 0.003459  0.075349 0.627009 1 0 1.000000
lowpoly_plastic.050
0  -0.672132 -6.828167 7.494714  -0.999651 0.026327 0.002159  0.075349 0.627009 1 0 1.000000
0  -0.668378 -6.828069 7.768962  -0.958838 0.015598 0.283525  0.075349 0.627009 1 0 1.000000
0  -0.684653 -6.609385 7.556599  -0.991435 0.012008 0.130044  0.075349 0.627009 1 0 1.000000
lowpoly_plastic.050
0  -0.674994 -6.951587 7.381594  -0.999651 0.026329 0.002170  0.075349 0.627009 1 0 1.000000
0  -0.672132 -6.828167 7.494714  -0.999651 0.026327 0.002159  0.075349 0.627009 1 0 1.000000
0  -0.675754 -6.477297 7.381500  -0.999467 -0.009253 -0.031319  0.075349 0.627009 1 0 1.000000
lowpoly_plastic.050
0  -0.672132 -6.828167 7.494714  -0.999651 0.026327 0.002159  0.075349 0.627009 1 0 1.000000
0  -0.684653 -6.609385 7.556599  -0.991435 0.012008 0.130044  0.075349 0.627009 1 0 1.000000
0  -0.675754 -6.477297 7.381500  -0.999467 -0.009253 -0.031319  0.075349 0.627009 1 0 1.000000
lowpoly_plastic.050
0  -0.675754 -6.477297 7.381500  -0.999467 -0.009253 -0.031319  0.075349 0.627009 1 0 1.000000
0  -0.690727 -6.343766 7.566576  -0.990295 -0.026614 0.136411  0.075349 0.627009 1 0 1.000000
0  -0.670761 -6.126368 7.494664  -0.999339 -0.035868 -0.005938  0.075349 0.627009 1 0 1.000000
lowpoly_plastic.050
0  -0.690727 -6.343766 7.566576  -0.990295 -0.026614 0.136411  0.075349 0.627009 1 0 1.000000
0  -0.672477 -6.126513 7.773316  -0.957788 -0.017787 0.286924  0.075349 0.627009 1 0 1.000000
0  -0.670761 -6.126368 7.494664  -0.999339 -0.035868 -0.005938  0.075349 0.627009 1 0 1.000000
lowpoly_plastic.050
0  -0.680751 0.690608 7.322383  -0.999992 0.001859 0.003440  0.075349 0.627009 1 0 1.000000
0  -0.680753 -8.359455 7.322385  -0.999992 0.001859 0.003459  0.075349 0.627009 1 0 1.000000
0  -0.675735 -3.631530 7.381495  -0.999973 0.000924 0.007284  0.075349 0.627009 1 0 1.000000
lowpoly_plastic.050
0  -0.680753 -8.359455 7.322385  -0.999992 0.001859 0.003459  0.075349 0.627009 1 0 1.000000
0  -0.674994 -6.951587 7.381594  -0.999651 0.026329 0.002170  0.075349 0.627009 1 0 1.000000
0  -0.675754 -6.477297 7.381500  -0.999467 -0.009253 -0.031319  0.075349 0.627009 1 0 1.000000
lowpoly_plastic.050
0  -0.690834 -1.600771 7.566983  -0.988753 -0.007075 0.149386  0.075349 0.627009 1 0 1.000000
0  -0.680751 0.690608 7.781299  -0.976824 -0.008492 0.213875  0.075349 0.627009 1 0 1.000000
0  -0.680751 0.690608 7.322383  -0.999992 0.001859 0.003440  0.075349 0.627009 1 0 1.000000
lowpoly_plastic.050
0  -0.674996 -1.734353 7.381596  -0.999224 -0.038663 -0.007551  0.075349 0.627009 1 0 1.000000
0  -0.690834 -1.600771 7.566983  -0.988753 -0.007075 0.149386  0.075349 0.627009 1 0 1.000000
0  -0.680751 0.690608 7.322383  -0.999992 0.001859 0.003440  0.075349 0.627009 1 0 1.000000
lowpoly_plastic.050
0  -0.680753 -8.359455 7.322385  -0.999992 0.001859 0.003459  0.075349 0.627009 1 0 1.000000
0  -0.675754 -6.477297 7.381500  -0.999467 -0.009253 -0.031319  0.075349 0.627009 1 0 1.000000
0  -0.675572 -6.003002 7.381539  -0.999339 -0.035867 -0.005907  0.075349 0.627009 1 0 1.000000
lowpoly_plastic.050
0  -0.675572 -6.003002 7.381539  -0.999339 -0.035867 -0.005907  0.075349 0.627009 1 0 1.000000
0  -0.690829 -5.869419 7.566973  -0.993731 -0.018955 0.110176  0.075349 0.627009 1 0 1.000000
0  -0.670810 -5.651997 7.494413  -0.999935 0.004182 0.010571  0.075349 0.627009 1 0 1.000000
lowpoly_plastic.050
0  -0.690829 -5.869419 7.566973  -0.993731 -0.018955 0.110176  0.075349 0.627009 1 0 1.000000
0  -0.672212 -5.652224 7.761147  -0.966857 -0.045236 0.251279  0.075349 0.627009 1 0 1.000000
0  -0.670810 -5.651997 7.494413  -0.999935 0.004182 0.010571  0.075349 0.627009 1 0 1.000000
lowpoly_plastic.050
0  -0.675754 -6.477297 7.381500  -0.999467 -0.009253 -0.031319  0.075349 0.627009 1 0 1.000000
0  -0.670761 -6.126368 7.494664  -0.999339 -0.035868 -0.005938  0.075349 0.627009 1 0 1.000000
0  -0.675572 -6.003002 7.381539  -0.999339 -0.035867 -0.005907  0.075349 0.627009 1 0 1.000000
lowpoly_plastic.050
0  -0.664349 -2.085134 7.777098  -0.999964 -0.000496 0.008472  0.075349 0.627009 1 0 1.000000
0  -0.672479 -1.857876 7.773314  -0.999614 -0.027409 -0.004493  0.075349 0.627009 1 0 1.000000
0  -0.669095 -1.857756 7.494927  -0.999224 -0.038661 -0.007544  0.075349 0.627009 1 0 1.000000
lowpoly_plastic.050
0  -0.677060 -2.103990 7.443088  -0.999961 -0.000638 0.008782  0.075349 0.627009 1 0 1.000000
0  -0.664349 -2.085134 7.777098  -0.999964 -0.000496 0.008472  0.075349 0.627009 1 0 1.000000
0  -0.669095 -1.857756 7.494927  -0.999224 -0.038661 -0.007544  0.075349 0.627009 1 0 1.000000
lowpoly_plastic.050
0  -0.677060 -2.103990 7.443088  -0.999961 -0.000638 0.008782  0.075349 0.627009 1 0 1.000000
0  -0.669095 -1.857756 7.494927  -0.999224 -0.038661 -0.007544  0.075349 0.627009 1 0 1.000000
0  -0.674996 -1.734353 7.381596  -0.999224 -0.038663 -0.007551  0.075349 0.627009 1 0 1.000000
lowpoly_plastic.050
0  -0.673359 -2.214551 7.382165  -0.999961 -0.000658 0.008812  0.075349 0.627009 1 0 1.000000
0  -0.677060 -2.103990 7.443088  -0.999961 -0.000638 0.008782  0.075349 0.627009 1 0 1.000000
0  -0.674996 -1.734353 7.381596  -0.999224 -0.038663 -0.007551  0.075349 0.627009 1 0 1.000000
lowpoly_plastic.050
0  -0.680753 -8.359455 7.322385  -0.999992 0.001859 0.003459  0.075349 0.627009 1 0 1.000000
0  -0.675572 -6.003002 7.381539  -0.999339 -0.035867 -0.005907  0.075349 0.627009 1 0 1.000000
0  -0.675748 -5.528706 7.381497  -0.999936 0.004167 0.010535  0.075349 0.627009 1 0 1.000000
lowpoly_plastic.050
0  -0.675572 -6.003002 7.381539  -0.999339 -0.035867 -0.005907  0.075349 0.627009 1 0 1.000000
0  -0.670810 -5.651997 7.494413  -0.999935 0.004182 0.010571  0.075349 0.627009 1 0 1.000000
0  -0.675748 -5.528706 7.381497  -0.999936 0.004167 0.010535  0.075349 0.627009 1 0 1.000000
lowpoly_plastic.050
0  -0.673359 -2.214551 7.382165  -0.999961 -0.000658 0.008812  0.075349 0.627009 1 0 1.000000
0  -0.674996 -1.734353 7.381596  -0.999224 -0.038663 -0.007551  0.075349 0.627009 1 0 1.000000
0  -0.680751 0.690608 7.322383  -0.999992 0.001859 0.003440  0.075349 0.627009 1 0 1.000000
lowpoly_plastic.050
0  -0.686780 -2.551029 7.555111  -0.991415 -0.015358 0.129850  0.075349 0.627009 1 0 1.000000
0  -0.672311 -2.332163 7.761062  -0.966096 -0.054551 0.252353  0.075349 0.627009 1 0 1.000000
0  -0.669092 -2.332046 7.494926  -0.999961 -0.000623 0.008779  0.075349 0.627009 1 0 1.000000
lowpoly_plastic.050
0  -0.686780 -2.551029 7.555111  -0.991415 -0.015358 0.129850  0.075349 0.627009 1 0 1.000000
0  -0.669092 -2.332046 7.494926  -0.999961 -0.000623 0.008779  0.075349 0.627009 1 0 1.000000
0  -0.675183 -2.682943 7.381550  -0.999514 0.000385 -0.031173  0.075349 0.627009 1 0 1.000000
lowpoly_plastic.050
0  -0.669092 -2.332046 7.494926  -0.999961 -0.000623 0.008779  0.075349 0.627009 1 0 1.000000
0  -0.673359 -2.214551 7.382165  -0.999961 -0.000658 0.008812  0.075349 0.627009 1 0 1.000000
0  -0.675183 -2.682943 7.381550  -0.999514 0.000385 -0.031173  0.075349 0.627009 1 0 1.000000
lowpoly_plastic.050
0  -0.668375 -3.033720 7.768964  -0.958869 0.007076 0.283761  0.075349 0.627009 1 0 1.000000
0  -0.687432 -2.816812 7.569413  -0.990271 0.022868 0.137261  0.075349 0.627009 1 0 1.000000
0  -0.672134 -3.033817 7.494716  -0.999640 0.026624 0.003424  0.075349 0.627009 1 0 1.000000
lowpoly_plastic.050
0  -0.687432 -2.816812 7.569413  -0.990271 0.022868 0.137261  0.075349 0.627009 1 0 1.000000
0  -0.675183 -2.682943 7.381550  -0.999514 0.000385 -0.031173  0.075349 0.627009 1 0 1.000000
0  -0.672134 -3.033817 7.494716  -0.999640 0.026624 0.003424  0.075349 0.627009 1 0 1.000000
lowpoly_plastic.050
0  -0.680753 -8.359455 7.322385  -0.999992 0.001859 0.003459  0.075349 0.627009 1 0 1.000000
0  -0.675748 -5.528706 7.381497  -0.999936 0.004167 0.010535  0.075349 0.627009 1 0 1.000000
0  -0.672123 -5.059919 7.379943  -0.999693 0.024465 0.003909  0.075349 0.627009 1 0 1.000000
lowpoly_plastic.050
0  -0.673734 -5.405395 7.494208  -0.999936 0.004139 0.010572  0.075349 0.627009 1 0 1.000000
0  -0.663834 -5.405193 7.790999  -0.999907 0.004858 0.012745  0.075349 0.627009 1 0 1.000000
0  -0.687472 -5.188356 7.569901  -0.993785 0.014710 0.110339  0.075349 0.627009 1 0 1.000000
lowpoly_plastic.050
0  -0.675183 -2.682943 7.381550  -0.999514 0.000385 -0.031173  0.075349 0.627009 1 0 1.000000
0  -0.673359 -2.214551 7.382165  -0.999961 -0.000658 0.008812  0.075349 0.627009 1 0 1.000000
0  -0.680751 0.690608 7.322383  -0.999992 0.001859 0.003440  0.075349 0.627009 1 0 1.000000
lowpoly_plastic.050
0  -0.668275 -3.508014 7.769075  -0.964645 0.056664 0.257389  0.075349 0.627009 1 0 1.000000
0  -0.685068 -3.289364 7.556825  -0.993881 0.015373 0.109384  0.075349 0.627009 1 0 1.000000
0  -0.673730 -3.508217 7.494210  -0.999973 0.000901 0.007261  0.075349 0.627009 1 0 1.000000
lowpoly_plastic.050
0  -0.685068 -3.289364 7.556825  -0.993881 0.015373 0.109384  0.075349 0.627009 1 0 1.000000
0  -0.676043 -3.157237 7.381498  -0.999640 0.026606 0.003431  0.075349 0.627009 1 0 1.000000
0  -0.673730 -3.508217 7.494210  -0.999973 0.000901 0.007261  0.075349 0.627009 1 0 1.000000
lowpoly_plastic.050
0  -0.676043 -3.157237 7.381498  -0.999640 0.026606 0.003431  0.075349 0.627009 1 0 1.000000
0  -0.672134 -3.033817 7.494716  -0.999640 0.026624 0.003424  0.075349 0.627009 1 0 1.000000
0  -0.675183 -2.682943 7.381550  -0.999514 0.000385 -0.031173  0.075349 0.627009 1 0 1.000000
lowpoly_plastic.050
0  -0.675748 -5.528706 7.381497  -0.999936 0.004167 0.010535  0.075349 0.627009 1 0 1.000000
0  -0.673734 -5.405395 7.494208  -0.999936 0.004139 0.010572  0.075349 0.627009 1 0 1.000000
0  -0.672123 -5.059919 7.379943  -0.999693 0.024465 0.003909  0.075349 0.627009 1 0 1.000000
lowpoly_plastic.050
0  -0.673734 -5.405395 7.494208  -0.999936 0.004139 0.010572  0.075349 0.627009 1 0 1.000000
0  -0.687472 -5.188356 7.569901  -0.993785 0.014710 0.110339  0.075349 0.627009 1 0 1.000000
0  -0.672123 -5.059919 7.379943  -0.999693 0.024465 0.003909  0.075349 0.627009 1 0 1.000000
lowpoly_plastic.050
0  -0.676043 -3.157237 7.381498  -0.999640 0.026606 0.003431  0.075349 0.627009 1 0 1.000000
0  -0.675183 -2.682943 7.381550  -0.999514 0.000385 -0.031173  0.075349 0.627009 1 0 1.000000
0  -0.680751 0.690608 7.322383  -0.999992 0.001859 0.003440  0.075349 0.627009 1 0 1.000000
lowpoly_plastic.050
0  -0.675735 -3.631530 7.381495  -0.999973 0.000924 0.007284  0.075349 0.627009 1 0 1.000000
0  -0.673730 -3.508217 7.494210  -0.999973 0.000901 0.007261  0.075349 0.627009 1 0 1.000000
0  -0.676043 -3.157237 7.381498  -0.999640 0.026606 0.003431  0.075349 0.627009 1 0 1.000000
lowpoly_plastic.050
0  -0.680753 -8.359455 7.322385  -0.999992 0.001859 0.003459  0.075349 0.627009 1 0 1.000000
0  -0.672123 -5.059919 7.379943  -0.999693 0.024465 0.003909  0.075349 0.627009 1 0 1.000000
0  -0.675735 -4.105824 7.381494  -0.999388 -0.034976 0.000382  0.075349 0.627009 1 0 1.000000
lowpoly_plastic.050
0  -0.675735 -3.631530 7.381495  -0.999973 0.000924 0.007284  0.075349 0.627009 1 0 1.000000
0  -0.680753 -8.359455 7.322385  -0.999992 0.001859 0.003459  0.075349 0.627009 1 0 1.000000
0  -0.675735 -4.105824 7.381494  -0.999388 -0.034976 0.000382  0.075349 0.627009 1 0 1.000000
lowpoly_plastic.050
0  -0.677115 -4.955673 7.426922  -0.999693 0.024469 0.003848  0.075349 0.627009 1 0 1.000000
0  -0.664351 -4.930895 7.777096  -0.966312 -0.034752 0.255017  0.075349 0.627009 1 0 1.000000
0  -0.669093 -4.703516 7.494928  -0.999965 0.005557 0.006278  0.075349 0.627009 1 0 1.000000
lowpoly_plastic.050
0  -0.664351 -4.930895 7.777096  -0.966312 -0.034752 0.255017  0.075349 0.627009 1 0 1.000000
0  -0.672480 -4.703630 7.773314  -0.999966 0.005453 0.006201  0.075349 0.627009 1 0 1.000000
0  -0.669093 -4.703516 7.494928  -0.999965 0.005557 0.006278  0.075349 0.627009 1 0 1.000000
lowpoly_plastic.050
0  -0.676043 -3.157237 7.381498  -0.999640 0.026606 0.003431  0.075349 0.627009 1 0 1.000000
0  -0.680751 0.690608 7.322383  -0.999992 0.001859 0.003440  0.075349 0.627009 1 0 1.000000
0  -0.675735 -3.631530 7.381495  -0.999973 0.000924 0.007284  0.075349 0.627009 1 0 1.000000
lowpoly_plastic.050
0  -0.690727 -3.972300 7.566582  -0.993661 -0.019723 0.110679  0.075349 0.627009 1 0 1.000000
0  -0.672356 -3.755049 7.773396  -0.963802 -0.047425 0.262367  0.075349 0.627009 1 0 1.000000
0  -0.670805 -3.754822 7.494414  -0.999973 0.000927 0.007256  0.075349 0.627009 1 0 1.000000
lowpoly_plastic.050
0  -0.675735 -4.105824 7.381494  -0.999388 -0.034976 0.000382  0.075349 0.627009 1 0 1.000000
0  -0.690727 -3.972300 7.566582  -0.993661 -0.019723 0.110679  0.075349 0.627009 1 0 1.000000
0  -0.670805 -3.754822 7.494414  -0.999973 0.000927 0.007256  0.075349 0.627009 1 0 1.000000
lowpoly_plastic.050
0  -0.672123 -5.059919 7.379943  -0.999693 0.024465 0.003909  0.075349 0.627009 1 0 1.000000
0  -0.677115 -4.955673 7.426922  -0.999693 0.024469 0.003848  0.075349 0.627009 1 0 1.000000
0  -0.678833 -4.595844 7.383984  -0.999964 0.005617 0.006361  0.075349 0.627009 1 0 1.000000
lowpoly_plastic.050
0  -0.677115 -4.955673 7.426922  -0.999693 0.024469 0.003848  0.075349 0.627009 1 0 1.000000
0  -0.669093 -4.703516 7.494928  -0.999965 0.005557 0.006278  0.075349 0.627009 1 0 1.000000
0  -0.678833 -4.595844 7.383984  -0.999964 0.005617 0.006361  0.075349 0.627009 1 0 1.000000
lowpoly_plastic.050
0  -0.675735 -4.105824 7.381494  -0.999388 -0.034976 0.000382  0.075349 0.627009 1 0 1.000000
0  -0.670805 -3.754822 7.494414  -0.999973 0.000927 0.007256  0.075349 0.627009 1 0 1.000000
0  -0.675735 -3.631530 7.381495  -0.999973 0.000924 0.007284  0.075349 0.627009 1 0 1.000000
lowpoly_plastic.050
0  -0.668721 -4.456605 7.754809  -0.999967 0.005312 0.006090  0.075349 0.627009 1 0 1.000000
0  -0.667926 -4.229336 7.782749  -0.999666 -0.025812 0.001175  0.075349 0.627009 1 0 1.000000
0  -0.672055 -4.229078 7.494177  -0.999388 -0.034986 0.000382  0.075349 0.627009 1 0 1.000000
lowpoly_plastic.050
0  -0.669528 -4.483408 7.430299  -0.999965 0.005563 0.006323  0.075349 0.627009 1 0 1.000000
0  -0.668721 -4.456605 7.754809  -0.999967 0.005312 0.006090  0.075349 0.627009 1 0 1.000000
0  -0.672055 -4.229078 7.494177  -0.999388 -0.034986 0.000382  0.075349 0.627009 1 0 1.000000
lowpoly_plastic.050
0  -0.675735 -4.105824 7.381494  -0.999388 -0.034976 0.000382  0.075349 0.627009 1 0 1.000000
0  -0.672123 -5.059919 7.379943  -0.999693 0.024465 0.003909  0.075349 0.627009 1 0 1.000000
0  -0.678833 -4.595844 7.383984  -0.999964 0.005617 0.006361  0.075349 0.627009 1 0 1.000000
lowpoly_plastic.050
0  -0.678833 -4.595844 7.383984  -0.999964 0.005617 0.006361  0.075349 0.627009 1 0 1.000000
0  -0.669528 -4.483408 7.430299  -0.999965 0.005563 0.006323  0.075349 0.627009 1 0 1.000000
0  -0.675735 -4.105824 7.381494  -0.999388 -0.034976 0.000382  0.075349 0.627009 1 0 1.000000
lowpoly_plastic.050
0  -0.751752 -1.128663 5.721642  -0.709397 -0.384149 -0.590919  0.075349 0.627009 1 0 1.000000
0  -0.303148 -1.128663 5.135503  -0.709396 -0.384171 -0.590906  0.075349 0.627009 1 0 1.000000
0  -0.303153 -1.409101 5.365410  -0.709398 -0.384153 -0.590915  0.075349 0.627009 1 0 1.000000
lowpoly_plastic.050
0  -0.680753 -8.359455 7.781298  -0.975036 0.020845 0.221066  0.075349 0.627009 1 0 1.000000
0  -0.397784 -8.359457 8.352764  -0.920494 0.035459 0.389144  0.075349 0.627009 1 0 1.000000
0  -0.394809 -7.075104 8.340652  -0.921016 -0.047659 0.386599  0.075349 0.627009 1 0 1.000000
lowpoly_plastic.050
0  -0.751755 0.974639 5.721643  -0.947845 0.171515 -0.268648  0.075349 0.627009 1 0 1.000000
0  -0.758656 1.372314 6.012840  -0.692024 0.721380 -0.026706  0.075349 0.627009 1 0 1.000000
0  -0.303148 1.357497 5.356516  -0.438273 0.833234 -0.337103  0.075349 0.627009 1 0 1.000000
lowpoly_plastic.050
0  -0.672477 -6.126513 7.773316  -0.957788 -0.017787 0.286924  0.075349 0.627009 1 0 1.000000
0  -0.690727 -6.343766 7.566576  -0.990295 -0.026614 0.136411  0.075349 0.627009 1 0 1.000000
0  -0.397708 -6.353780 8.340463  -0.925747 -0.077249 0.370168  0.075349 0.627009 1 0 1.000000
lowpoly_metal.053
0  -0.461204 5.401711 5.798742  -0.368546 -0.004613 -0.929598  0.039282 0.590557 1 0 1.000000
0  -0.429490 5.401711 6.405802  0.997649 0.003135 -0.068455  0.039282 0.590557 1 0 1.000000
0  -0.481668 1.900404 5.852069  0.998611 0.032309 0.041616  0.039282 0.590557 1 0 1.000000
lowpoly_metal.053
0  -0.429490 5.401711 6.405802  0.997649 0.003135 -0.068455  0.039282 0.590557 1 0 1.000000
0  -0.429495 1.283834 6.405801  0.997649 0.003145 -0.068461  0.039282 0.590557 1 0 1.000000
0  -0.481668 1.900404 5.852069  0.998611 0.032309 0.041616  0.039282 0.590557 1 0 1.000000
lowpoly_plastic.050
0  -0.751755 0.974639 5.721643  -0.794109 -0.000000 -0.607775  0.075349 0.627009 1 0 1.000000
0  -0.303150 0.974641 5.135504  -0.794109 -0.000000 -0.607775  0.075349 0.627009 1 0 1.000000
0  -0.303148 -1.128663 5.135503  -0.794110 -0.000001 -0.607774  0.075349 0.627009 1 0 1.000000
lowpoly_plastic.050
0  -0.672311 -2.332163 7.761062  -0.966096 -0.054551 0.252353  0.075349 0.627009 1 0 1.000000
0  -0.686780 -2.551029 7.555111  -0.991415 -0.015358 0.129850  0.075349 0.627009 1 0 1.000000
0  -0.394810 -2.559430 8.340653  -0.928180 -0.064875 0.366434  0.075349 0.627009 1 0 1.000000
lowpoly_plastic.050
0  -0.395758 -3.982308 8.344644  -0.919488 -0.007492 0.393047  0.075349 0.627009 1 0 1.000000
0  -0.391900 -3.755044 8.340598  -0.907983 -0.063691 0.414139  0.075349 0.627009 1 0 1.000000
0  -0.672356 -3.755049 7.773396  -0.963802 -0.047425 0.262367  0.075349 0.627009 1 0 1.000000
lowpoly_plastic.050
0  -0.663834 -5.405193 7.790999  -0.909318 0.073267 0.409601  0.075349 0.627009 1 0 1.000000
0  -0.389939 -5.405192 8.344680  -0.908316 0.062443 0.413597  0.075349 0.627009 1 0 1.000000
0  -0.399788 -5.177925 8.336308  -0.921241 0.010584 0.388848  0.075349 0.627009 1 0 1.000000
lowpoly_plastic.050
0  0.448827 -6.828074 8.336307  0.015369 -0.000947 0.999881  0.064370 0.664198 1 0 1.000000
0  0.135393 -6.828075 8.350092  0.015330 -0.000948 0.999882  0.064370 0.664198 1 0 1.000000
0  0.135348 -7.075100 8.345282  0.015287 -0.000920 0.999883  0.064370 0.664198 1 0 1.000000
lowpoly_plastic.050
0  0.135323 -6.353781 8.347420  0.012984 0.001378 0.999915  0.064370 0.664198 1 0 1.000000
0  0.135400 -6.600809 8.349023  0.012969 0.001342 0.999915  0.064370 0.664198 1 0 1.000000
0  0.440873 -6.600808 8.340518  0.012843 0.001352 0.999917  0.064370 0.664198 1 0 1.000000
lowpoly_plastic.050
0  0.448829 -5.879486 8.336308  0.012640 0.005007 0.999908  0.064370 0.664198 1 0 1.000000
0  0.135390 -5.879484 8.349647  0.012631 0.004996 0.999908  0.064370 0.664198 1 0 1.000000
0  0.135331 -6.126516 8.346529  0.012632 0.005013 0.999908  0.064370 0.664198 1 0 1.000000
lowpoly_plastic.050
0  0.445854 -5.405194 8.336401  0.901983 0.000176 0.431771  0.064370 0.664198 1 0 1.000000
0  0.441821 -5.652223 8.344635  0.910646 -0.062415 0.408446  0.064370 0.664198 1 0 1.000000
0  0.717316 -5.652225 7.769073  0.964498 -0.046222 0.260014  0.064370 0.664198 1 0 1.000000
lowpoly_plastic.050
0  0.443707 -5.177928 8.340471  0.009361 -0.001190 0.999955  0.064370 0.664198 1 0 1.000000
0  0.438980 -4.930902 8.344680  0.009434 -0.001230 0.999955  0.064370 0.664198 1 0 1.000000
0  0.135330 -4.930900 8.346530  0.009407 -0.001165 0.999955  0.064370 0.664198 1 0 1.000000
lowpoly_metal.053
0  0.139638 6.099610 7.634862  0.000008 0.984897 0.173139  0.034375 0.595312 1 0 1.000000
0  -0.090589 6.099614 7.634862  0.000016 0.984897 0.173143  0.034375 0.595312 1 0 1.000000
0  -0.090587 6.024569 8.061749  -0.000001 0.984898 0.173133  0.034375 0.595312 1 0 1.000000
lowpoly_metal.053
0  0.229440 -8.717609 8.890734  -0.034844 0.008097 0.999360  0.060711 0.469699 1 0 1.000000
0  0.229439 -8.335995 8.890734  -0.034910 0.008025 0.999358  0.060711 0.469699 1 0 1.000000
0  -0.175246 -8.336002 8.873532  -0.585975 0.583626 0.562151  0.060711 0.469699 1 0 1.000000
lowpoly_plastic.050
0  0.135320 -3.508022 8.347421  0.008888 -0.003632 0.999954  0.064370 0.664198 1 0 1.000000
0  0.135401 -3.755044 8.348088  0.008875 -0.003670 0.999954  0.064370 0.664198 1 0 1.000000
0  0.443707 -3.755043 8.340471  0.008791 -0.003641 0.999955  0.064370 0.664198 1 0 1.000000
lowpoly_metal.053
0  0.338663 1.166541 7.271239  -0.471676 0.162135 0.866738  0.060711 0.469699 1 0 1.000000
0  0.407749 1.340595 7.318059  -0.665048 0.228611 0.710949  0.060711 0.469699 1 0 1.000000
0  -0.289620 1.340597 7.271239  0.400936 -0.110520 0.909415  0.060711 0.469699 1 0 1.000000
lowpoly_plastic.050
0  0.135319 -3.280746 8.347421  0.016556 0.001801 0.999861  0.064370 0.664198 1 0 1.000000
0  0.446814 -3.280751 8.340545  0.016752 0.001836 0.999858  0.064370 0.664198 1 0 1.000000
0  0.445855 -3.033726 8.336401  0.016779 0.001801 0.999857  0.064370 0.664198 1 0 1.000000
lowpoly_metal.053
0  -0.353300 10.373629 8.336334  -1.000000 -0.000002 0.000002  0.030078 0.588281 1 0 1.000000
0  -0.353301 8.815893 8.368999  -0.546536 -0.758052 -0.355889  0.030078 0.588281 1 0 1.000000
0  -0.353297 9.079804 8.698236  -0.818824 -0.450299 0.356032  0.030078 0.588281 1 0 1.000000
lowpoly_plastic.050
0  0.445792 -2.559430 8.336320  0.012681 0.004930 0.999907  0.064370 0.664198 1 0 1.000000
0  0.135396 -2.559427 8.349647  0.012773 0.004939 0.999906  0.064370 0.664198 1 0 1.000000
0  0.135336 -2.806457 8.346530  0.012670 0.004957 0.999907  0.064370 0.664198 1 0 1.000000
lowpoly_metal.053
0  0.399374 -8.539097 7.224344  0.553263 0.042455 0.831924  0.043544 0.609912 1 0 1.000000
0  -0.350334 -8.443369 7.196707  -0.623737 0.402023 0.670321  0.043544 0.609912 1 0 1.000000
0  -0.350336 -8.703648 7.072343  -0.515742 -0.856627 0.014134  0.043544 0.609912 1 0 1.000000
lowpoly_metal.053
0  0.012859 1.340594 7.692912  0.009118 0.000063 -0.999958  0.060711 0.469699 1 0 1.000000
0  -0.041076 1.340594 7.505612  0.764961 0.026728 0.643522  0.060711 0.469699 1 0 1.000000
0  -0.062469 2.832548 7.544469  0.768939 -0.530615 0.356625  0.060711 0.469699 1 0 1.000000
lowpoly_plastic.050
0  -0.303584 -2.419113 5.438780  -0.776139 -0.090204 -0.624076  0.075349 0.627009 1 0 1.000000
0  -0.191183 -2.646373 5.423998  -0.353230 -0.005623 -0.935520  0.075349 0.627009 1 0 1.000000
0  -0.742442 -2.646370 6.015606  -0.761764 -0.005819 -0.647829  0.075349 0.627009 1 0 1.000000
lowpoly_metal.053
0  -0.435426 0.695186 5.731354  -0.424370 -0.602672 -0.675793  0.039282 0.590557 1 0 1.000000
0  -0.406835 1.900401 5.768030  -0.715976 0.586683 0.378393  0.039282 0.590557 1 0 1.000000
0  0.484468 1.900406 5.731354  0.419377 0.581523 -0.697104  0.039282 0.590557 1 0 1.000000
lowpoly_metal.053
0  0.024515 -8.738968 9.557713  0.465149 -0.226204 -0.855844  0.060711 0.469699 1 0 1.000000
0  0.263033 -8.738985 9.458919  0.560533 -0.086466 0.823606  0.060711 0.469699 1 0 1.000000
0  0.392823 -8.317308 9.389365  0.448783 -0.035494 0.892936  0.060711 0.469699 1 0 1.000000
lowpoly_plastic.050
0  0.135408 -1.610841 8.348088  0.015420 0.003452 0.999875  0.075349 0.627009 1 0 1.000000
0  0.442893 -1.610844 8.336385  0.015517 0.003486 0.999874  0.075349 0.627009 1 0 1.000000
0  0.446823 0.690610 8.352764  0.000865 -0.000391 1.000000  0.075349 0.627009 1 0 1.000000
lowpoly_plastic.050
0  0.446823 0.690610 8.352764  0.000865 -0.000391 1.000000  0.075349 0.627009 1 0 1.000000
0  -0.397783 0.690612 8.352764  0.000780 -0.000385 1.000000  0.075349 0.627009 1 0 1.000000
0  -0.086283 -1.610841 8.347421  -0.015837 -0.002255 0.999872  0.075349 0.627009 1 0 1.000000
lowpoly_plastic.050
0  -0.397783 0.690612 8.352764  0.000780 -0.000385 1.000000  0.075349 0.627009 1 0 1.000000
0  -0.397772 -1.610841 8.340545  -0.015767 -0.002253 0.999873  0.075349 0.627009 1 0 1.000000
0  -0.086283 -1.610841 8.347421  -0.015837 -0.002255 0.999872  0.075349 0.627009 1 0 1.000000
lowpoly_plastic.050
0  0.135408 -1.610841 8.348088  0.015420 0.003452 0.999875  0.075349 0.627009 1 0 1.000000
0  0.446823 0.690610 8.352764  0.000865 -0.000391 1.000000  0.075349 0.627009 1 0 1.000000
0  -0.086283 -1.610841 8.347421  -0.015837 -0.002255 0.999872  0.075349 0.627009 1 0 1.000000
lowpoly_plastic.050
0  -0.086356 -1.857870 8.349647  -0.015850 -0.002245 0.999872  0.075349 0.627009 1 0 1.000000
0  -0.393852 -1.857867 8.336385  -0.015896 -0.002268 0.999871  0.075349 0.627009 1 0 1.000000
0  -0.086356 -2.085134 8.349024  -0.008037 0.001415 0.999967  0.075349 0.627009 1 0 1.000000
lowpoly_plastic.050
0  -0.393852 -1.857867 8.336385  -0.015896 -0.002268 0.999871  0.075349 0.627009 1 0 1.000000
0  -0.394791 -2.085137 8.340531  -0.008025 0.001420 0.999967  0.075349 0.627009 1 0 1.000000
0  -0.086356 -2.085134 8.349024  -0.008037 0.001415 0.999967  0.075349 0.627009 1 0 1.000000
lowpoly_plastic.050
0  0.135408 -1.610841 8.348088  0.015420 0.003452 0.999875  0.075349 0.627009 1 0 1.000000
0  -0.086283 -1.610841 8.347421  -0.015837 -0.002255 0.999872  0.075349 0.627009 1 0 1.000000
0  0.135322 -1.857868 8.347421  0.015444 0.003503 0.999875  0.075349 0.627009 1 0 1.000000
lowpoly_plastic.050
0  -0.086283 -1.610841 8.347421  -0.015837 -0.002255 0.999872  0.075349 0.627009 1 0 1.000000
0  -0.086356 -1.857870 8.349647  -0.015850 -0.002245 0.999872  0.075349 0.627009 1 0 1.000000
0  0.135322 -1.857868 8.347421  0.015444 0.003503 0.999875  0.075349 0.627009 1 0 1.000000
lowpoly_plastic.050
0  0.441823 -2.085135 8.344635  0.008848 -0.001786 0.999959  0.075349 0.627009 1 0 1.000000
0  0.446817 -1.857870 8.340545  0.015453 0.003505 0.999875  0.075349 0.627009 1 0 1.000000
0  0.135322 -1.857868 8.347421  0.015444 0.003503 0.999875  0.075349 0.627009 1 0 1.000000
lowpoly_plastic.050
0  -0.086289 -2.332163 8.346530  -0.008030 0.001415 0.999967  0.075349 0.627009 1 0 1.000000
0  -0.392780 -2.332164 8.344635  -0.008045 0.001429 0.999967  0.075349 0.627009 1 0 1.000000
0  -0.086280 -2.559433 8.347421  -0.015762 -0.002159 0.999874  0.075349 0.627009 1 0 1.000000
lowpoly_plastic.050
0  -0.392780 -2.332164 8.344635  -0.008045 0.001429 0.999967  0.075349 0.627009 1 0 1.000000
0  -0.394810 -2.559430 8.340653  -0.015910 -0.002186 0.999871  0.075349 0.627009 1 0 1.000000
0  -0.086280 -2.559433 8.347421  -0.015762 -0.002159 0.999874  0.075349 0.627009 1 0 1.000000
lowpoly_plastic.050
0  -0.086356 -1.857870 8.349647  -0.015850 -0.002245 0.999872  0.075349 0.627009 1 0 1.000000
0  -0.086356 -2.085134 8.349024  -0.008037 0.001415 0.999967  0.075349 0.627009 1 0 1.000000
0  0.135322 -1.857868 8.347421  0.015444 0.003503 0.999875  0.075349 0.627009 1 0 1.000000
lowpoly_plastic.050
0  -0.086356 -2.085134 8.349024  -0.008037 0.001415 0.999967  0.075349 0.627009 1 0 1.000000
0  -0.086289 -2.332163 8.346530  -0.008030 0.001415 0.999967  0.075349 0.627009 1 0 1.000000
0  0.135334 -2.085140 8.346530  0.008804 -0.001628 0.999960  0.075349 0.627009 1 0 1.000000
lowpoly_plastic.050
0  0.441823 -2.085135 8.344635  0.008848 -0.001786 0.999959  0.075349 0.627009 1 0 1.000000
0  0.135322 -1.857868 8.347421  0.015444 0.003503 0.999875  0.075349 0.627009 1 0 1.000000
0  0.135334 -2.085140 8.346530  0.008804 -0.001628 0.999960  0.075349 0.627009 1 0 1.000000
lowpoly_plastic.050
0  0.135334 -2.085140 8.346530  0.008804 -0.001628 0.999960  0.075349 0.627009 1 0 1.000000
0  0.135322 -1.857868 8.347421  0.015444 0.003503 0.999875  0.075349 0.627009 1 0 1.000000
0  -0.086356 -2.085134 8.349024  -0.008037 0.001415 0.999967  0.075349 0.627009 1 0 1.000000
lowpoly_plastic.050
0  0.445792 -2.559430 8.336320  0.012681 0.004930 0.999907  0.075349 0.627009 1 0 1.000000
0  0.443834 -2.332164 8.340531  0.008801 -0.001755 0.999960  0.075349 0.627009 1 0 1.000000
0  0.135396 -2.559427 8.349647  0.012773 0.004939 0.999906  0.075349 0.627009 1 0 1.000000
lowpoly_plastic.050
0  0.443834 -2.332164 8.340531  0.008801 -0.001755 0.999960  0.075349 0.627009 1 0 1.000000
0  0.135398 -2.332164 8.349024  0.008861 -0.001771 0.999959  0.075349 0.627009 1 0 1.000000
0  0.135396 -2.559427 8.349647  0.012773 0.004939 0.999906  0.075349 0.627009 1 0 1.000000
lowpoly_plastic.050
0  0.135398 -2.332164 8.349024  0.008861 -0.001771 0.999959  0.075349 0.627009 1 0 1.000000
0  0.135334 -2.085140 8.346530  0.008804 -0.001628 0.999960  0.075349 0.627009 1 0 1.000000
0  -0.086289 -2.332163 8.346530  -0.008030 0.001415 0.999967  0.075349 0.627009 1 0 1.000000
lowpoly_plastic.050
0  0.135398 -2.332164 8.349024  0.008861 -0.001771 0.999959  0.075349 0.627009 1 0 1.000000
0  -0.086289 -2.332163 8.346530  -0.008030 0.001415 0.999967  0.075349 0.627009 1 0 1.000000
0  -0.086280 -2.559433 8.347421  -0.015762 -0.002159 0.999874  0.075349 0.627009 1 0 1.000000
lowpoly_plastic.050
0  0.445855 -3.033726 8.336401  0.016779 0.001801 0.999857  0.075349 0.627009 1 0 1.000000
0  0.438979 -2.806457 8.344680  0.012755 0.004956 0.999906  0.075349 0.627009 1 0 1.000000
0  0.135396 -3.033724 8.349647  0.016574 0.001791 0.999861  0.075349 0.627009 1 0 1.000000
lowpoly_plastic.050
0  0.438979 -2.806457 8.344680  0.012755 0.004956 0.999906  0.075349 0.627009 1 0 1.000000
0  0.135336 -2.806457 8.346530  0.012670 0.004957 0.999907  0.075349 0.627009 1 0 1.000000
0  0.135396 -3.033724 8.349647  0.016574 0.001791 0.999861  0.075349 0.627009 1 0 1.000000
lowpoly_plastic.050
0  0.135336 -2.806457 8.346530  0.012670 0.004957 0.999907  0.075349 0.627009 1 0 1.000000
0  0.135396 -2.559427 8.349647  0.012773 0.004939 0.999906  0.075349 0.627009 1 0 1.000000
0  -0.086280 -2.559433 8.347421  -0.015762 -0.002159 0.999874  0.075349 0.627009 1 0 1.000000
lowpoly_plastic.050
0  0.135396 -2.559427 8.349647  0.012773 0.004939 0.999906  0.075349 0.627009 1 0 1.000000
0  0.135398 -2.332164 8.349024  0.008861 -0.001771 0.999959  0.075349 0.627009 1 0 1.000000
0  -0.086280 -2.559433 8.347421  -0.015762 -0.002159 0.999874  0.075349 0.627009 1 0 1.000000
lowpoly_plastic.050
0  0.135336 -2.806457 8.346530  0.012670 0.004957 0.999907  0.075349 0.627009 1 0 1.000000
0  -0.086280 -2.559433 8.347421  -0.015762 -0.002159 0.999874  0.075349 0.627009 1 0 1.000000
0  -0.086353 -2.806461 8.349647  -0.015736 -0.002146 0.999874  0.075349 0.627009 1 0 1.000000
lowpoly_plastic.050
0  -0.086353 -2.806461 8.349647  -0.015736 -0.002146 0.999874  0.075349 0.627009 1 0 1.000000
0  -0.399788 -2.806459 8.336308  -0.015805 -0.002161 0.999873  0.075349 0.627009 1 0 1.000000
0  -0.392780 -3.033724 8.344635  -0.007971 -0.001757 0.999967  0.075349 0.627009 1 0 1.000000
lowpoly_plastic.050
0  -0.086353 -2.806461 8.349647  -0.015736 -0.002146 0.999874  0.075349 0.627009 1 0 1.000000
0  -0.392780 -3.033724 8.344635  -0.007971 -0.001757 0.999967  0.075349 0.627009 1 0 1.000000
0  -0.086295 -3.033727 8.346530  -0.008004 -0.001837 0.999966  0.075349 0.627009 1 0 1.000000
lowpoly_plastic.050
0  0.438979 -3.508017 8.344680  0.008842 -0.003659 0.999954  0.075349 0.627009 1 0 1.000000
0  0.446814 -3.280751 8.340545  0.016752 0.001836 0.999858  0.075349 0.627009 1 0 1.000000
0  0.135319 -3.280746 8.347421  0.016556 0.001801 0.999861  0.075349 0.627009 1 0 1.000000
lowpoly_plastic.050
0  0.135319 -3.280746 8.347421  0.016556 0.001801 0.999861  0.075349 0.627009 1 0 1.000000
0  0.135396 -3.033724 8.349647  0.016574 0.001791 0.999861  0.075349 0.627009 1 0 1.000000
0  -0.086295 -3.033727 8.346530  -0.008004 -0.001837 0.999966  0.075349 0.627009 1 0 1.000000
lowpoly_plastic.050
0  0.135396 -3.033724 8.349647  0.016574 0.001791 0.999861  0.075349 0.627009 1 0 1.000000
0  0.135336 -2.806457 8.346530  0.012670 0.004957 0.999907  0.075349 0.627009 1 0 1.000000
0  -0.086295 -3.033727 8.346530  -0.008004 -0.001837 0.999966  0.075349 0.627009 1 0 1.000000
lowpoly_plastic.050
0  0.135319 -3.280746 8.347421  0.016556 0.001801 0.999861  0.075349 0.627009 1 0 1.000000
0  -0.086295 -3.033727 8.346530  -0.008004 -0.001837 0.999966  0.075349 0.627009 1 0 1.000000
0  -0.086357 -3.280749 8.349024  -0.008028 -0.001780 0.999966  0.075349 0.627009 1 0 1.000000
lowpoly_plastic.050
0  0.135336 -2.806457 8.346530  0.012670 0.004957 0.999907  0.075349 0.627009 1 0 1.000000
0  -0.086353 -2.806461 8.349647  -0.015736 -0.002146 0.999874  0.075349 0.627009 1 0 1.000000
0  -0.086295 -3.033727 8.346530  -0.008004 -0.001837 0.999966  0.075349 0.627009 1 0 1.000000
lowpoly_plastic.050
0  -0.086357 -3.280749 8.349024  -0.008028 -0.001780 0.999966  0.075349 0.627009 1 0 1.000000
0  -0.394790 -3.280750 8.340531  -0.007982 -0.001759 0.999967  0.075349 0.627009 1 0 1.000000
0  -0.086359 -3.508012 8.349024  -0.015972 0.003038 0.999868  0.075349 0.627009 1 0 1.000000
lowpoly_plastic.050
0  -0.394790 -3.280750 8.340531  -0.007982 -0.001759 0.999967  0.075349 0.627009 1 0 1.000000
0  -0.396752 -3.508016 8.336320  -0.015922 0.003030 0.999869  0.075349 0.627009 1 0 1.000000
0  -0.086359 -3.508012 8.349024  -0.015972 0.003038 0.999868  0.075349 0.627009 1 0 1.000000
lowpoly_plastic.050
0  0.135320 -3.508022 8.347421  0.008888 -0.003632 0.999954  0.075349 0.627009 1 0 1.000000
0  0.438979 -3.508017 8.344680  0.008842 -0.003659 0.999954  0.075349 0.627009 1 0 1.000000
0  0.135319 -3.280746 8.347421  0.016556 0.001801 0.999861  0.075349 0.627009 1 0 1.000000
lowpoly_plastic.050
0  -0.086270 -3.755045 8.348088  -0.015970 0.003026 0.999868  0.075349 0.627009 1 0 1.000000
0  -0.391900 -3.755044 8.340598  -0.016001 0.003081 0.999867  0.075349 0.627009 1 0 1.000000
0  -0.086294 -3.982311 8.346530  -0.011874 -0.005412 0.999915  0.075349 0.627009 1 0 1.000000
lowpoly_plastic.050
0  -0.391900 -3.755044 8.340598  -0.016001 0.003081 0.999867  0.075349 0.627009 1 0 1.000000
0  -0.395758 -3.982308 8.344644  -0.011909 -0.005433 0.999914  0.075349 0.627009 1 0 1.000000
0  -0.086294 -3.982311 8.346530  -0.011874 -0.005412 0.999915  0.075349 0.627009 1 0 1.000000
lowpoly_plastic.050
0  -0.086357 -3.280749 8.349024  -0.008028 -0.001780 0.999966  0.075349 0.627009 1 0 1.000000
0  -0.086359 -3.508012 8.349024  -0.015972 0.003038 0.999868  0.075349 0.627009 1 0 1.000000
0  0.135320 -3.508022 8.347421  0.008888 -0.003632 0.999954  0.075349 0.627009 1 0 1.000000
lowpoly_plastic.050
0  -0.086359 -3.508012 8.349024  -0.015972 0.003038 0.999868  0.075349 0.627009 1 0 1.000000
0  -0.086270 -3.755045 8.348088  -0.015970 0.003026 0.999868  0.075349 0.627009 1 0 1.000000
0  0.135320 -3.508022 8.347421  0.008888 -0.003632 0.999954  0.075349 0.627009 1 0 1.000000
lowpoly_plastic.050
0  0.135320 -3.508022 8.347421  0.008888 -0.003632 0.999954  0.075349 0.627009 1 0 1.000000
0  -0.086270 -3.755045 8.348088  -0.015970 0.003026 0.999868  0.075349 0.627009 1 0 1.000000
0  0.135401 -3.755044 8.348088  0.008875 -0.003670 0.999954  0.075349 0.627009 1 0 1.000000
lowpoly_plastic.050
0  0.135320 -3.508022 8.347421  0.008888 -0.003632 0.999954  0.075349 0.627009 1 0 1.000000
0  0.135319 -3.280746 8.347421  0.016556 0.001801 0.999861  0.075349 0.627009 1 0 1.000000
0  -0.086357 -3.280749 8.349024  -0.008028 -0.001780 0.999966  0.075349 0.627009 1 0 1.000000
lowpoly_plastic.050
0  0.445854 -3.982312 8.336401  0.012634 0.004990 0.999908  0.075349 0.627009 1 0 1.000000
0  0.443707 -3.755043 8.340471  0.008791 -0.003641 0.999955  0.075349 0.627009 1 0 1.000000
0  0.135395 -3.982307 8.349647  0.012616 0.004975 0.999908  0.075349 0.627009 1 0 1.000000
lowpoly_plastic.050
0  0.443707 -3.755043 8.340471  0.008791 -0.003641 0.999955  0.075349 0.627009 1 0 1.000000
0  0.135401 -3.755044 8.348088  0.008875 -0.003670 0.999954  0.075349 0.627009 1 0 1.000000
0  0.135395 -3.982307 8.349647  0.012616 0.004975 0.999908  0.075349 0.627009 1 0 1.000000
lowpoly_plastic.050
0  0.445791 -4.456606 8.336319  0.016618 0.001897 0.999860  0.075349 0.627009 1 0 1.000000
0  0.444797 -4.229341 8.344643  0.012647 0.005009 0.999907  0.075349 0.627009 1 0 1.000000
0  0.135395 -4.456605 8.349648  0.016635 0.001879 0.999860  0.075349 0.627009 1 0 1.000000
lowpoly_plastic.050
0  0.444797 -4.229341 8.344643  0.012647 0.005009 0.999907  0.075349 0.627009 1 0 1.000000
0  0.135334 -4.229337 8.346530  0.012592 0.004999 0.999908  0.075349 0.627009 1 0 1.000000
0  0.135395 -4.456605 8.349648  0.016635 0.001879 0.999860  0.075349 0.627009 1 0 1.000000
lowpoly_plastic.050
0  0.135334 -4.229337 8.346530  0.012592 0.004999 0.999908  0.075349 0.627009 1 0 1.000000
0  0.135395 -3.982307 8.349647  0.012616 0.004975 0.999908  0.075349 0.627009 1 0 1.000000
0  -0.086294 -3.982311 8.346530  -0.011874 -0.005412 0.999915  0.075349 0.627009 1 0 1.000000
lowpoly_plastic.050
0  0.135395 -3.982307 8.349647  0.012616 0.004975 0.999908  0.075349 0.627009 1 0 1.000000
0  0.135401 -3.755044 8.348088  0.008875 -0.003670 0.999954  0.075349 0.627009 1 0 1.000000
0  -0.086270 -3.755045 8.348088  -0.015970 0.003026 0.999868  0.075349 0.627009 1 0 1.000000
lowpoly_plastic.050
0  0.135334 -4.229337 8.346530  0.012592 0.004999 0.999908  0.075349 0.627009 1 0 1.000000
0  -0.086294 -3.982311 8.346530  -0.011874 -0.005412 0.999915  0.075349 0.627009 1 0 1.000000
0  -0.086356 -4.229341 8.349647  -0.011867 -0.005395 0.999915  0.075349 0.627009 1 0 1.000000
lowpoly_plastic.050
0  -0.086270 -3.755045 8.348088  -0.015970 0.003026 0.999868  0.075349 0.627009 1 0 1.000000
0  -0.086294 -3.982311 8.346530  -0.011874 -0.005412 0.999915  0.075349 0.627009 1 0 1.000000
0  0.135395 -3.982307 8.349647  0.012616 0.004975 0.999908  0.075349 0.627009 1 0 1.000000
lowpoly_plastic.050
0  -0.086356 -4.229341 8.349647  -0.011867 -0.005395 0.999915  0.075349 0.627009 1 0 1.000000
0  -0.393854 -4.229338 8.336385  -0.011847 -0.005401 0.999915  0.075349 0.627009 1 0 1.000000
0  -0.086356 -4.456606 8.349024  -0.008048 0.001438 0.999966  0.075349 0.627009 1 0 1.000000
lowpoly_plastic.050
0  -0.393854 -4.229338 8.336385  -0.011847 -0.005401 0.999915  0.075349 0.627009 1 0 1.000000
0  -0.397711 -4.456606 8.340462  -0.008024 0.001439 0.999967  0.075349 0.627009 1 0 1.000000
0  -0.086356 -4.456606 8.349024  -0.008048 0.001438 0.999966  0.075349 0.627009 1 0 1.000000
lowpoly_plastic.050
0  -0.086291 -4.703629 8.346529  -0.008052 0.001417 0.999967  0.075349 0.627009 1 0 1.000000
0  -0.389938 -4.703634 8.344681  -0.008085 0.001448 0.999966  0.075349 0.627009 1 0 1.000000
0  -0.086280 -4.930902 8.347420  -0.015228 -0.002772 0.999880  0.075349 0.627009 1 0 1.000000
lowpoly_plastic.050
0  -0.389938 -4.703634 8.344681  -0.008085 0.001448 0.999966  0.075349 0.627009 1 0 1.000000
0  -0.394809 -4.930900 8.340652  -0.015458 -0.002813 0.999877  0.075349 0.627009 1 0 1.000000
0  -0.086280 -4.930902 8.347420  -0.015228 -0.002772 0.999880  0.075349 0.627009 1 0 1.000000
lowpoly_plastic.050
0  -0.086356 -4.229341 8.349647  -0.011867 -0.005395 0.999915  0.075349 0.627009 1 0 1.000000
0  -0.086356 -4.456606 8.349024  -0.008048 0.001438 0.999966  0.075349 0.627009 1 0 1.000000
0  0.135334 -4.229337 8.346530  0.012592 0.004999 0.999908  0.075349 0.627009 1 0 1.000000
lowpoly_plastic.050
0  -0.086356 -4.456606 8.349024  -0.008048 0.001438 0.999966  0.075349 0.627009 1 0 1.000000
0  -0.086291 -4.703629 8.346529  -0.008052 0.001417 0.999967  0.075349 0.627009 1 0 1.000000
0  0.135321 -4.703634 8.347421  0.016628 0.001886 0.999860  0.075349 0.627009 1 0 1.000000
lowpoly_plastic.050
0  0.135395 -4.456605 8.349648  0.016635 0.001879 0.999860  0.075349 0.627009 1 0 1.000000
0  0.135334 -4.229337 8.346530  0.012592 0.004999 0.999908  0.075349 0.627009 1 0 1.000000
0  -0.086356 -4.456606 8.349024  -0.008048 0.001438 0.999966  0.075349 0.627009 1 0 1.000000
lowpoly_plastic.050
0  0.438980 -4.930902 8.344680  0.009434 -0.001230 0.999955  0.075349 0.627009 1 0 1.000000
0  0.443847 -4.703633 8.340653  0.016801 0.001935 0.999857  0.075349 0.627009 1 0 1.000000
0  0.135321 -4.703634 8.347421  0.016628 0.001886 0.999860  0.075349 0.627009 1 0 1.000000
lowpoly_plastic.050
0  0.135321 -4.703634 8.347421  0.016628 0.001886 0.999860  0.075349 0.627009 1 0 1.000000
0  0.135395 -4.456605 8.349648  0.016635 0.001879 0.999860  0.075349 0.627009 1 0 1.000000
0  -0.086356 -4.456606 8.349024  -0.008048 0.001438 0.999966  0.075349 0.627009 1 0 1.000000
lowpoly_plastic.050
0  0.135330 -4.930900 8.346530  0.009407 -0.001165 0.999955  0.075349 0.627009 1 0 1.000000
0  0.438980 -4.930902 8.344680  0.009434 -0.001230 0.999955  0.075349 0.627009 1 0 1.000000
0  0.135321 -4.703634 8.347421  0.016628 0.001886 0.999860  0.075349 0.627009 1 0 1.000000
lowpoly_plastic.050
0  0.445854 -5.405194 8.336401  0.012143 0.005525 0.999911  0.075349 0.627009 1 0 1.000000
0  0.443707 -5.177928 8.340471  0.009361 -0.001190 0.999955  0.075349 0.627009 1 0 1.000000
0  0.135402 -5.405195 8.349024  0.012183 0.005512 0.999911  0.075349 0.627009 1 0 1.000000
lowpoly_plastic.050
0  0.443707 -5.177928 8.340471  0.009361 -0.001190 0.999955  0.075349 0.627009 1 0 1.000000
0  0.135393 -5.177930 8.349648  0.009446 -0.001164 0.999955  0.075349 0.627009 1 0 1.000000
0  0.135402 -5.405195 8.349024  0.012183 0.005512 0.999911  0.075349 0.627009 1 0 1.000000
lowpoly_plastic.050
0  0.135330 -4.930900 8.346530  0.009407 -0.001165 0.999955  0.075349 0.627009 1 0 1.000000
0  0.135321 -4.703634 8.347421  0.016628 0.001886 0.999860  0.075349 0.627009 1 0 1.000000
0  -0.086280 -4.930902 8.347420  -0.015228 -0.002772 0.999880  0.075349 0.627009 1 0 1.000000
lowpoly_plastic.050
0  0.135321 -4.703634 8.347421  0.016628 0.001886 0.999860  0.075349 0.627009 1 0 1.000000
0  -0.086291 -4.703629 8.346529  -0.008052 0.001417 0.999967  0.075349 0.627009 1 0 1.000000
0  -0.086280 -4.930902 8.347420  -0.015228 -0.002772 0.999880  0.075349 0.627009 1 0 1.000000
lowpoly_plastic.050
0  0.135393 -5.177930 8.349648  0.009446 -0.001164 0.999955  0.075349 0.627009 1 0 1.000000
0  0.135330 -4.930900 8.346530  0.009407 -0.001165 0.999955  0.075349 0.627009 1 0 1.000000
0  -0.086280 -4.930902 8.347420  -0.015228 -0.002772 0.999880  0.075349 0.627009 1 0 1.000000
lowpoly_plastic.050
0  0.135332 -5.652218 8.346530  0.012167 0.005543 0.999911  0.075349 0.627009 1 0 1.000000
0  0.135402 -5.405195 8.349024  0.012183 0.005512 0.999911  0.075349 0.627009 1 0 1.000000
0  -0.086284 -5.405190 8.347421  -0.012621 -0.006187 0.999901  0.075349 0.627009 1 0 1.000000
lowpoly_plastic.050
0  0.135402 -5.405195 8.349024  0.012183 0.005512 0.999911  0.075349 0.627009 1 0 1.000000
0  0.135393 -5.177930 8.349648  0.009446 -0.001164 0.999955  0.075349 0.627009 1 0 1.000000
0  -0.086284 -5.405190 8.347421  -0.012621 -0.006187 0.999901  0.075349 0.627009 1 0 1.000000
lowpoly_plastic.050
0  -0.086284 -5.405190 8.347421  -0.012621 -0.006187 0.999901  0.075349 0.627009 1 0 1.000000
0  0.135393 -5.177930 8.349648  0.009446 -0.001164 0.999955  0.075349 0.627009 1 0 1.000000
0  -0.086361 -5.177925 8.349024  -0.015245 -0.002788 0.999880  0.075349 0.627009 1 0 1.000000
lowpoly_plastic.050
0  0.448829 -5.879486 8.336308  0.012640 0.005007 0.999908  0.075349 0.627009 1 0 1.000000
0  0.441821 -5.652223 8.344635  0.012159 0.005532 0.999911  0.075349 0.627009 1 0 1.000000
0  0.135390 -5.879484 8.349647  0.012631 0.004996 0.999908  0.075349 0.627009 1 0 1.000000
lowpoly_plastic.050
0  0.441821 -5.652223 8.344635  0.012159 0.005532 0.999911  0.075349 0.627009 1 0 1.000000
0  0.135332 -5.652218 8.346530  0.012167 0.005543 0.999911  0.075349 0.627009 1 0 1.000000
0  0.135390 -5.879484 8.349647  0.012631 0.004996 0.999908  0.075349 0.627009 1 0 1.000000
lowpoly_plastic.050
0  0.135393 -5.177930 8.349648  0.009446 -0.001164 0.999955  0.075349 0.627009 1 0 1.000000
0  -0.086280 -4.930902 8.347420  -0.015228 -0.002772 0.999880  0.075349 0.627009 1 0 1.000000
0  -0.086361 -5.177925 8.349024  -0.015245 -0.002788 0.999880  0.075349 0.627009 1 0 1.000000
lowpoly_plastic.050
0  -0.086361 -5.177925 8.349024  -0.015245 -0.002788 0.999880  0.075349 0.627009 1 0 1.000000
0  -0.399788 -5.177925 8.336308  -0.015377 -0.002794 0.999878  0.075349 0.627009 1 0 1.000000
0  -0.389939 -5.405192 8.344680  -0.012637 -0.006177 0.999901  0.075349 0.627009 1 0 1.000000
lowpoly_plastic.050
0  0.135331 -6.126516 8.346529  0.012632 0.005013 0.999908  0.075349 0.627009 1 0 1.000000
0  0.135390 -5.879484 8.349647  0.012631 0.004996 0.999908  0.075349 0.627009 1 0 1.000000
0  -0.086278 -6.126516 8.347421  -0.012048 -0.001804 0.999926  0.075349 0.627009 1 0 1.000000
lowpoly_plastic.050
0  0.135390 -5.879484 8.349647  0.012631 0.004996 0.999908  0.075349 0.627009 1 0 1.000000
0  0.135332 -5.652218 8.346530  0.012167 0.005543 0.999911  0.075349 0.627009 1 0 1.000000
0  -0.086359 -5.879484 8.349024  -0.012040 -0.001812 0.999926  0.075349 0.627009 1 0 1.000000
lowpoly_plastic.050
0  -0.086359 -5.879484 8.349024  -0.012040 -0.001812 0.999926  0.075349 0.627009 1 0 1.000000
0  0.135332 -5.652218 8.346530  0.012167 0.005543 0.999911  0.075349 0.627009 1 0 1.000000
0  -0.086356 -5.652224 8.349647  -0.012665 -0.006198 0.999901  0.075349 0.627009 1 0 1.000000
lowpoly_plastic.050
0  0.443830 -6.353783 8.340530  0.012937 0.001355 0.999915  0.075349 0.627009 1 0 1.000000
0  0.441886 -6.126518 8.344715  0.012694 0.005061 0.999907  0.075349 0.627009 1 0 1.000000
0  0.135323 -6.353781 8.347420  0.012984 0.001378 0.999915  0.075349 0.627009 1 0 1.000000
lowpoly_plastic.050
0  0.441886 -6.126518 8.344715  0.012694 0.005061 0.999907  0.075349 0.627009 1 0 1.000000
0  0.135331 -6.126516 8.346529  0.012632 0.005013 0.999908  0.075349 0.627009 1 0 1.000000
0  0.135323 -6.353781 8.347420  0.012984 0.001378 0.999915  0.075349 0.627009 1 0 1.000000
lowpoly_plastic.050
0  -0.086361 -5.177925 8.349024  -0.015245 -0.002788 0.999880  0.075349 0.627009 1 0 1.000000
0  -0.389939 -5.405192 8.344680  -0.012637 -0.006177 0.999901  0.075349 0.627009 1 0 1.000000
0  -0.086284 -5.405190 8.347421  -0.012621 -0.006187 0.999901  0.075349 0.627009 1 0 1.000000
lowpoly_plastic.050
0  -0.086356 -5.652224 8.349647  -0.012665 -0.006198 0.999901  0.075349 0.627009 1 0 1.000000
0  -0.396753 -5.652219 8.336320  -0.012541 -0.006133 0.999903  0.075349 0.627009 1 0 1.000000
0  -0.086359 -5.879484 8.349024  -0.012040 -0.001812 0.999926  0.075349 0.627009 1 0 1.000000
lowpoly_plastic.050
0  -0.396753 -5.652219 8.336320  -0.012541 -0.006133 0.999903  0.075349 0.627009 1 0 1.000000
0  -0.397713 -5.879484 8.340463  -0.011980 -0.001793 0.999927  0.075349 0.627009 1 0 1.000000
0  -0.086359 -5.879484 8.349024  -0.012040 -0.001812 0.999926  0.075349 0.627009 1 0 1.000000
lowpoly_plastic.050
0  0.135332 -5.652218 8.346530  0.012167 0.005543 0.999911  0.075349 0.627009 1 0 1.000000
0  -0.086284 -5.405190 8.347421  -0.012621 -0.006187 0.999901  0.075349 0.627009 1 0 1.000000
0  -0.086356 -5.652224 8.349647  -0.012665 -0.006198 0.999901  0.075349 0.627009 1 0 1.000000
lowpoly_plastic.050
0  0.135323 -6.353781 8.347420  0.012984 0.001378 0.999915  0.075349 0.627009 1 0 1.000000
0  0.135331 -6.126516 8.346529  0.012632 0.005013 0.999908  0.075349 0.627009 1 0 1.000000
0  -0.086278 -6.126516 8.347421  -0.012048 -0.001804 0.999926  0.075349 0.627009 1 0 1.000000
lowpoly_plastic.050
0  0.135390 -5.879484 8.349647  0.012631 0.004996 0.999908  0.075349 0.627009 1 0 1.000000
0  -0.086359 -5.879484 8.349024  -0.012040 -0.001812 0.999926  0.075349 0.627009 1 0 1.000000
0  -0.086278 -6.126516 8.347421  -0.012048 -0.001804 0.999926  0.075349 0.627009 1 0 1.000000
lowpoly_plastic.050
0  -0.086278 -6.126516 8.347421  -0.012048 -0.001804 0.999926  0.075349 0.627009 1 0 1.000000
0  -0.391901 -6.126515 8.340598  -0.012043 -0.001808 0.999926  0.075349 0.627009 1 0 1.000000
0  -0.086360 -6.353785 8.349024  -0.007993 0.001491 0.999967  0.075349 0.627009 1 0 1.000000
lowpoly_plastic.050
0  -0.391901 -6.126515 8.340598  -0.012043 -0.001808 0.999926  0.075349 0.627009 1 0 1.000000
0  -0.397708 -6.353780 8.340463  -0.008030 0.001526 0.999967  0.075349 0.627009 1 0 1.000000
0  -0.086360 -6.353785 8.349024  -0.007993 0.001491 0.999967  0.075349 0.627009 1 0 1.000000
lowpoly_plastic.050
0  0.448827 -6.828074 8.336307  0.015369 -0.000947 0.999881  0.075349 0.627009 1 0 1.000000
0  0.440873 -6.600808 8.340518  0.012843 0.001352 0.999917  0.075349 0.627009 1 0 1.000000
0  0.135393 -6.828075 8.350092  0.015330 -0.000948 0.999882  0.075349 0.627009 1 0 1.000000
lowpoly_plastic.050
0  0.440873 -6.600808 8.340518  0.012843 0.001352 0.999917  0.075349 0.627009 1 0 1.000000
0  0.135400 -6.600809 8.349023  0.012969 0.001342 0.999915  0.075349 0.627009 1 0 1.000000
0  0.135393 -6.828075 8.350092  0.015330 -0.000948 0.999882  0.075349 0.627009 1 0 1.000000
lowpoly_plastic.050
0  0.135400 -6.600809 8.349023  0.012969 0.001342 0.999915  0.075349 0.627009 1 0 1.000000
0  0.135323 -6.353781 8.347420  0.012984 0.001378 0.999915  0.075349 0.627009 1 0 1.000000
0  -0.086295 -6.600807 8.346529  -0.007989 0.001543 0.999967  0.075349 0.627009 1 0 1.000000
lowpoly_plastic.050
0  0.135323 -6.353781 8.347420  0.012984 0.001378 0.999915  0.075349 0.627009 1 0 1.000000
0  -0.086278 -6.126516 8.347421  -0.012048 -0.001804 0.999926  0.075349 0.627009 1 0 1.000000
0  -0.086360 -6.353785 8.349024  -0.007993 0.001491 0.999967  0.075349 0.627009 1 0 1.000000
lowpoly_plastic.050
0  -0.086360 -6.353785 8.349024  -0.007993 0.001491 0.999967  0.075349 0.627009 1 0 1.000000
0  -0.086295 -6.600807 8.346529  -0.007989 0.001543 0.999967  0.075349 0.627009 1 0 1.000000
0  0.135323 -6.353781 8.347420  0.012984 0.001378 0.999915  0.075349 0.627009 1 0 1.000000
lowpoly_plastic.050
0  -0.086295 -6.600807 8.346529  -0.007989 0.001543 0.999967  0.075349 0.627009 1 0 1.000000
0  -0.392840 -6.600809 8.344714  -0.008007 0.001519 0.999967  0.075349 0.627009 1 0 1.000000
0  -0.086362 -6.828074 8.349023  -0.015310 0.002525 0.999880  0.075349 0.627009 1 0 1.000000
lowpoly_plastic.050
0  -0.392840 -6.600809 8.344714  -0.008007 0.001519 0.999967  0.075349 0.627009 1 0 1.000000
0  -0.396753 -6.828078 8.336318  -0.015382 0.002518 0.999878  0.075349 0.627009 1 0 1.000000
0  -0.086362 -6.828074 8.349023  -0.015310 0.002525 0.999880  0.075349 0.627009 1 0 1.000000
lowpoly_plastic.050
0  0.446819 -8.359453 8.352764  0.000827 -0.000342 1.000000  0.075349 0.627009 1 0 1.000000
0  0.440938 -7.075102 8.340598  0.015448 -0.000921 0.999880  0.075349 0.627009 1 0 1.000000
0  0.135348 -7.075100 8.345282  0.015287 -0.000920 0.999883  0.075349 0.627009 1 0 1.000000
lowpoly_plastic.050
0  0.135348 -7.075100 8.345282  0.015287 -0.000920 0.999883  0.075349 0.627009 1 0 1.000000
0  0.135393 -6.828075 8.350092  0.015330 -0.000948 0.999882  0.075349 0.627009 1 0 1.000000
0  -0.086285 -7.075104 8.347420  -0.015268 0.002514 0.999880  0.075349 0.627009 1 0 1.000000
lowpoly_plastic.050
0  0.135393 -6.828075 8.350092  0.015330 -0.000948 0.999882  0.075349 0.627009 1 0 1.000000
0  0.135400 -6.600809 8.349023  0.012969 0.001342 0.999915  0.075349 0.627009 1 0 1.000000
0  -0.086295 -6.600807 8.346529  -0.007989 0.001543 0.999967  0.075349 0.627009 1 0 1.000000
lowpoly_plastic.050
0  -0.086285 -7.075104 8.347420  -0.015268 0.002514 0.999880  0.075349 0.627009 1 0 1.000000
0  0.135393 -6.828075 8.350092  0.015330 -0.000948 0.999882  0.075349 0.627009 1 0 1.000000
0  -0.086362 -6.828074 8.349023  -0.015310 0.002525 0.999880  0.075349 0.627009 1 0 1.000000
lowpoly_plastic.050
0  -0.086295 -6.600807 8.346529  -0.007989 0.001543 0.999967  0.075349 0.627009 1 0 1.000000
0  -0.086362 -6.828074 8.349023  -0.015310 0.002525 0.999880  0.075349 0.627009 1 0 1.000000
0  0.135393 -6.828075 8.350092  0.015330 -0.000948 0.999882  0.075349 0.627009 1 0 1.000000
lowpoly_plastic.050
0  -0.086285 -7.075104 8.347420  -0.015268 0.002514 0.999880  0.075349 0.627009 1 0 1.000000
0  -0.394809 -7.075104 8.340652  -0.015352 0.002539 0.999879  0.075349 0.627009 1 0 1.000000
0  -0.397784 -8.359457 8.352764  0.000828 -0.000351 1.000000  0.075349 0.627009 1 0 1.000000
lowpoly_plastic.050
0  -0.397784 -8.359457 8.352764  0.000828 -0.000351 1.000000  0.075349 0.627009 1 0 1.000000
0  0.446819 -8.359453 8.352764  0.000827 -0.000342 1.000000  0.075349 0.627009 1 0 1.000000
0  -0.086285 -7.075104 8.347420  -0.015268 0.002514 0.999880  0.075349 0.627009 1 0 1.000000
lowpoly_plastic.050
0  0.788396 -5.492135 6.016763  0.795865 -0.000212 -0.605473  0.064370 0.664198 1 0 1.000000
0  0.791467 -5.739166 6.010390  0.794668 0.000674 -0.607043  0.064370 0.664198 1 0 1.000000
0  0.352799 -5.739163 5.443046  0.794814 0.000517 -0.606852  0.064370 0.664198 1 0 1.000000
lowpoly_plastic.050
0  0.724789 -4.105828 7.381498  0.999655 0.010167 -0.024210  0.075349 0.627009 1 0 1.000000
0  0.739763 -4.239354 7.566586  0.989242 0.026469 0.143876  0.075349 0.627009 1 0 1.000000
0  0.719845 -4.456827 7.494414  0.999550 0.029841 0.003031  0.075349 0.627009 1 0 1.000000
lowpoly_plastic.050
0  0.739763 -4.239354 7.566586  0.989242 0.026469 0.143876  0.075349 0.627009 1 0 1.000000
0  0.721249 -4.456601 7.761149  0.959190 0.007976 0.282649  0.075349 0.627009 1 0 1.000000
0  0.719845 -4.456827 7.494414  0.999550 0.029841 0.003031  0.075349 0.627009 1 0 1.000000
lowpoly_plastic.050
0  0.712834 -3.755046 7.778746  0.999843 -0.001951 0.017610  0.075349 0.627009 1 0 1.000000
0  0.733693 -3.973740 7.556591  0.990736 -0.010690 0.135382  0.075349 0.627009 1 0 1.000000
0  0.722895 -3.754936 7.494493  0.999844 -0.001462 0.017629  0.075349 0.627009 1 0 1.000000
lowpoly_plastic.050
0  0.733693 -3.973740 7.556591  0.990736 -0.010690 0.135382  0.075349 0.627009 1 0 1.000000
0  0.724789 -4.105828 7.381498  0.999655 0.010167 -0.024210  0.075349 0.627009 1 0 1.000000
0  0.722895 -3.754936 7.494493  0.999844 -0.001462 0.017629  0.075349 0.627009 1 0 1.000000
lowpoly_plastic.050
0  0.724789 -4.105828 7.381498  0.999655 0.010167 -0.024210  0.075349 0.627009 1 0 1.000000
0  0.719845 -4.456827 7.494414  0.999550 0.029841 0.003031  0.075349 0.627009 1 0 1.000000
0  0.724229 -4.580119 7.381552  0.999549 0.029857 0.003071  0.075349 0.627009 1 0 1.000000
lowpoly_plastic.050
0  0.724229 -4.580119 7.381552  0.999549 0.029857 0.003071  0.075349 0.627009 1 0 1.000000
0  0.735819 -4.712033 7.555110  0.993392 0.016668 0.113554  0.075349 0.627009 1 0 1.000000
0  0.724090 -4.983974 7.399893  0.999871 -0.009219 0.013161  0.075349 0.627009 1 0 1.000000
lowpoly_plastic.050
0  0.735819 -4.712033 7.555110  0.993392 0.016668 0.113554  0.075349 0.627009 1 0 1.000000
0  0.721400 -4.930893 7.773394  0.963283 0.051371 0.263529  0.075349 0.627009 1 0 1.000000
0  0.724090 -4.983974 7.399893  0.999871 -0.009219 0.013161  0.075349 0.627009 1 0 1.000000
lowpoly_plastic.050
0  0.725650 -3.631527 7.381380  0.999843 -0.001470 0.017643  0.075349 0.627009 1 0 1.000000
0  0.722895 -3.754936 7.494493  0.999844 -0.001462 0.017629  0.075349 0.627009 1 0 1.000000
0  0.724789 -4.105828 7.381498  0.999655 0.010167 -0.024210  0.075349 0.627009 1 0 1.000000
lowpoly_plastic.050
0  0.725650 -3.631527 7.381380  0.999843 -0.001470 0.017643  0.075349 0.627009 1 0 1.000000
0  0.724789 -4.105828 7.381498  0.999655 0.010167 -0.024210  0.075349 0.627009 1 0 1.000000
0  0.729791 -8.359457 7.322385  0.999844 -0.000011 0.017649  0.075349 0.627009 1 0 1.000000
lowpoly_plastic.050
0  0.724789 -4.105828 7.381498  0.999655 0.010167 -0.024210  0.075349 0.627009 1 0 1.000000
0  0.724229 -4.580119 7.381552  0.999549 0.029857 0.003071  0.075349 0.627009 1 0 1.000000
0  0.729791 -8.359457 7.322385  0.999844 -0.000011 0.017649  0.075349 0.627009 1 0 1.000000
lowpoly_plastic.050
0  0.738798 -3.290871 7.567419  0.989379 0.026280 0.142967  0.075349 0.627009 1 0 1.000000
0  0.721400 -3.508014 7.773395  0.963735 0.046966 0.262697  0.075349 0.627009 1 0 1.000000
0  0.718065 -3.508195 7.494735  0.999844 -0.001475 0.017627  0.075349 0.627009 1 0 1.000000
lowpoly_plastic.050
0  0.738798 -3.290871 7.567419  0.989379 0.026280 0.142967  0.075349 0.627009 1 0 1.000000
0  0.718065 -3.508195 7.494735  0.999844 -0.001475 0.017627  0.075349 0.627009 1 0 1.000000
0  0.724240 -3.157238 7.381555  0.999671 0.008230 -0.024291  0.075349 0.627009 1 0 1.000000
lowpoly_plastic.050
0  0.718065 -3.508195 7.494735  0.999844 -0.001475 0.017627  0.075349 0.627009 1 0 1.000000
0  0.725650 -3.631527 7.381380  0.999843 -0.001470 0.017643  0.075349 0.627009 1 0 1.000000
0  0.724240 -3.157238 7.381555  0.999671 0.008230 -0.024291  0.075349 0.627009 1 0 1.000000
lowpoly_plastic.050
0  0.712873 -2.806458 7.791001  0.999835 -0.003901 0.017754  0.075349 0.627009 1 0 1.000000
0  0.733691 -3.025144 7.556598  0.990882 -0.011723 0.134221  0.075349 0.627009 1 0 1.000000
0  0.722900 -2.806346 7.494493  0.999839 -0.002973 0.017719  0.075349 0.627009 1 0 1.000000
lowpoly_plastic.050
0  0.733691 -3.025144 7.556598  0.990882 -0.011723 0.134221  0.075349 0.627009 1 0 1.000000
0  0.724240 -3.157238 7.381555  0.999671 0.008230 -0.024291  0.075349 0.627009 1 0 1.000000
0  0.722900 -2.806346 7.494493  0.999839 -0.002973 0.017719  0.075349 0.627009 1 0 1.000000
lowpoly_plastic.050
0  0.724816 -2.682947 7.381462  0.999838 -0.002944 0.017742  0.075349 0.627009 1 0 1.000000
0  0.722900 -2.806346 7.494493  0.999839 -0.002973 0.017719  0.075349 0.627009 1 0 1.000000
0  0.724240 -3.157238 7.381555  0.999671 0.008230 -0.024291  0.075349 0.627009 1 0 1.000000
lowpoly_plastic.050
0  0.724816 -2.682947 7.381462  0.999838 -0.002944 0.017742  0.075349 0.627009 1 0 1.000000
0  0.724240 -3.157238 7.381555  0.999671 0.008230 -0.024291  0.075349 0.627009 1 0 1.000000
0  0.729796 0.690608 7.322383  0.999843 -0.000010 0.017693  0.075349 0.627009 1 0 1.000000
lowpoly_plastic.050
0  0.724240 -3.157238 7.381555  0.999671 0.008230 -0.024291  0.075349 0.627009 1 0 1.000000
0  0.725650 -3.631527 7.381380  0.999843 -0.001470 0.017643  0.075349 0.627009 1 0 1.000000
0  0.729796 0.690608 7.322383  0.999843 -0.000010 0.017693  0.075349 0.627009 1 0 1.000000
lowpoly_plastic.050
0  0.713225 -2.332165 7.777311  0.999765 -0.005092 0.021070  0.075349 0.627009 1 0 1.000000
0  0.721252 -2.559425 7.761149  0.999839 -0.003004 0.017716  0.075349 0.627009 1 0 1.000000
0  0.719749 -2.559656 7.494414  0.999839 -0.002960 0.017721  0.075349 0.627009 1 0 1.000000
lowpoly_plastic.050
0  0.720179 -2.305333 7.430080  0.999760 -0.005284 0.021243  0.075349 0.627009 1 0 1.000000
0  0.713225 -2.332165 7.777311  0.999765 -0.005092 0.021070  0.075349 0.627009 1 0 1.000000
0  0.719749 -2.559656 7.494414  0.999839 -0.002960 0.017721  0.075349 0.627009 1 0 1.000000
lowpoly_plastic.050
0  0.727987 -2.192953 7.383915  0.999762 -0.005299 0.021182  0.075349 0.627009 1 0 1.000000
0  0.720179 -2.305333 7.430080  0.999760 -0.005284 0.021243  0.075349 0.627009 1 0 1.000000
0  0.724816 -2.682947 7.381462  0.999838 -0.002944 0.017742  0.075349 0.627009 1 0 1.000000
lowpoly_plastic.050
0  0.720179 -2.305333 7.430080  0.999760 -0.005284 0.021243  0.075349 0.627009 1 0 1.000000
0  0.719749 -2.559656 7.494414  0.999839 -0.002960 0.017721  0.075349 0.627009 1 0 1.000000
0  0.724816 -2.682947 7.381462  0.999838 -0.002944 0.017742  0.075349 0.627009 1 0 1.000000
lowpoly_plastic.050
0  0.717682 -1.857871 7.754842  0.999867 0.002029 0.016158  0.075349 0.627009 1 0 1.000000
0  0.716739 -2.085137 7.770728  0.999758 -0.005451 0.021307  0.075349 0.627009 1 0 1.000000
0  0.719745 -2.085362 7.494414  0.999761 -0.005287 0.021233  0.075349 0.627009 1 0 1.000000
lowpoly_plastic.050
0  0.723093 -1.825562 7.423135  0.999868 0.002127 0.016106  0.075349 0.627009 1 0 1.000000
0  0.717682 -1.857871 7.754842  0.999867 0.002029 0.016158  0.075349 0.627009 1 0 1.000000
0  0.719745 -2.085362 7.494414  0.999761 -0.005287 0.021233  0.075349 0.627009 1 0 1.000000
lowpoly_plastic.050
0  0.729796 0.690608 7.781299  0.999844 -0.000021 0.017650  0.075349 0.627009 1 0 1.000000
0  0.716967 -1.610842 7.782747  0.999866 0.001912 0.016229  0.075349 0.627009 1 0 1.000000
0  0.729796 0.690608 7.322383  0.999843 -0.000010 0.017693  0.075349 0.627009 1 0 1.000000
lowpoly_plastic.050
0  0.716967 -1.610842 7.782747  0.999866 0.001912 0.016229  0.075349 0.627009 1 0 1.000000
0  0.721574 -1.643181 7.423206  0.999868 0.002118 0.016105  0.075349 0.627009 1 0 1.000000
0  0.729796 0.690608 7.322383  0.999843 -0.000010 0.017693  0.075349 0.627009 1 0 1.000000
lowpoly_plastic.050
0  0.723093 -1.825562 7.423135  0.999868 0.002127 0.016106  0.075349 0.627009 1 0 1.000000
0  0.719745 -2.085362 7.494414  0.999761 -0.005287 0.021233  0.075349 0.627009 1 0 1.000000
0  0.727987 -2.192953 7.383915  0.999762 -0.005299 0.021182  0.075349 0.627009 1 0 1.000000
lowpoly_plastic.050
0  0.721574 -1.643181 7.423206  0.999868 0.002118 0.016105  0.075349 0.627009 1 0 1.000000
0  0.723093 -1.825562 7.423135  0.999868 0.002127 0.016106  0.075349 0.627009 1 0 1.000000
0  0.727987 -2.192953 7.383915  0.999762 -0.005299 0.021182  0.075349 0.627009 1 0 1.000000
lowpoly_plastic.050
0  0.729796 0.690608 7.322383  0.999843 -0.000010 0.017693  0.075349 0.627009 1 0 1.000000
0  0.721574 -1.643181 7.423206  0.999868 0.002118 0.016105  0.075349 0.627009 1 0 1.000000
0  0.727987 -2.192953 7.383915  0.999762 -0.005299 0.021182  0.075349 0.627009 1 0 1.000000
lowpoly_plastic.050
0  0.712869 -7.075104 7.791002  0.963954 0.037223 0.263453  0.075349 0.627009 1 0 1.000000
0  0.729791 -8.359457 7.781300  0.999844 -0.000004 0.017652  0.075349 0.627009 1 0 1.000000
0  0.722771 -7.074900 7.494208  0.999520 -0.027934 0.013410  0.075349 0.627009 1 0 1.000000
lowpoly_plastic.050
0  0.729791 -8.359457 7.781300  0.999844 -0.000004 0.017652  0.075349 0.627009 1 0 1.000000
0  0.729791 -8.359457 7.322385  0.999844 -0.000011 0.017649  0.075349 0.627009 1 0 1.000000
0  0.722771 -7.074900 7.494208  0.999520 -0.027934 0.013410  0.075349 0.627009 1 0 1.000000
lowpoly_plastic.050
0  0.729791 -8.359457 7.322385  0.999844 -0.000011 0.017649  0.075349 0.627009 1 0 1.000000
0  0.729796 0.690608 7.322383  0.999843 -0.000010 0.017693  0.075349 0.627009 1 0 1.000000
0  0.725650 -3.631527 7.381380  0.999843 -0.001470 0.017643  0.075349 0.627009 1 0 1.000000
lowpoly_plastic.050
0  0.729796 0.690608 7.322383  0.999843 -0.000010 0.017693  0.075349 0.627009 1 0 1.000000
0  0.727987 -2.192953 7.383915  0.999762 -0.005299 0.021182  0.075349 0.627009 1 0 1.000000
0  0.724816 -2.682947 7.381462  0.999838 -0.002944 0.017742  0.075349 0.627009 1 0 1.000000
lowpoly_plastic.050
0  0.723527 -6.951589 7.381617  0.999519 -0.027938 0.013445  0.075349 0.627009 1 0 1.000000
0  0.722771 -7.074900 7.494208  0.999520 -0.027934 0.013410  0.075349 0.627009 1 0 1.000000
0  0.729791 -8.359457 7.322385  0.999844 -0.000011 0.017649  0.075349 0.627009 1 0 1.000000
lowpoly_plastic.050
0  0.721399 -6.600808 7.773392  0.963932 -0.047835 0.261814  0.075349 0.627009 1 0 1.000000
0  0.736470 -6.817714 7.569420  0.992691 -0.017159 0.119458  0.075349 0.627009 1 0 1.000000
0  0.718214 -6.600696 7.494926  0.999854 0.001476 0.016999  0.075349 0.627009 1 0 1.000000
lowpoly_plastic.050
0  0.736470 -6.817714 7.569420  0.992691 -0.017159 0.119458  0.075349 0.627009 1 0 1.000000
0  0.723527 -6.951589 7.381617  0.999519 -0.027938 0.013445  0.075349 0.627009 1 0 1.000000
0  0.718214 -6.600696 7.494926  0.999854 0.001476 0.016999  0.075349 0.627009 1 0 1.000000
lowpoly_plastic.050
0  0.725082 -6.477297 7.381495  0.999854 0.001465 0.017028  0.075349 0.627009 1 0 1.000000
0  0.718214 -6.600696 7.494926  0.999854 0.001476 0.016999  0.075349 0.627009 1 0 1.000000
0  0.723527 -6.951589 7.381617  0.999519 -0.027938 0.013445  0.075349 0.627009 1 0 1.000000
lowpoly_plastic.050
0  0.729791 -8.359457 7.322385  0.999844 -0.000011 0.017649  0.075349 0.627009 1 0 1.000000
0  0.724229 -4.580119 7.381552  0.999549 0.029857 0.003071  0.075349 0.627009 1 0 1.000000
0  0.724833 -6.003001 7.381465  0.999726 -0.000385 -0.023411  0.075349 0.627009 1 0 1.000000
lowpoly_plastic.050
0  0.724229 -4.580119 7.381552  0.999549 0.029857 0.003071  0.075349 0.627009 1 0 1.000000
0  0.724090 -4.983974 7.399893  0.999871 -0.009219 0.013161  0.075349 0.627009 1 0 1.000000
0  0.724833 -6.003001 7.381465  0.999726 -0.000385 -0.023411  0.075349 0.627009 1 0 1.000000
lowpoly_plastic.050
0  0.720061 -5.157903 7.446590  0.999870 -0.009202 0.013210  0.075349 0.627009 1 0 1.000000
0  0.717316 -5.177928 7.769075  0.999872 -0.008896 0.013336  0.075349 0.627009 1 0 1.000000
0  0.717316 -5.405195 7.769074  0.999851 0.000290 0.017246  0.075349 0.627009 1 0 1.000000
lowpoly_plastic.050
0  0.725082 -6.477297 7.381495  0.999854 0.001465 0.017028  0.075349 0.627009 1 0 1.000000
0  0.723527 -6.951589 7.381617  0.999519 -0.027938 0.013445  0.075349 0.627009 1 0 1.000000
0  0.729791 -8.359457 7.322385  0.999844 -0.000011 0.017649  0.075349 0.627009 1 0 1.000000
lowpoly_plastic.050
0  0.735976 -6.134954 7.555384  0.990759 0.014431 0.134867  0.075349 0.627009 1 0 1.000000
0  0.713162 -6.353777 7.778123  0.999857 0.001966 0.016785  0.075349 0.627009 1 0 1.000000
0  0.722801 -6.353869 7.494564  0.999854 0.001452 0.016996  0.075349 0.627009 1 0 1.000000
lowpoly_plastic.050
0  0.735976 -6.134954 7.555384  0.990759 0.014431 0.134867  0.075349 0.627009 1 0 1.000000
0  0.722801 -6.353869 7.494564  0.999854 0.001452 0.016996  0.075349 0.627009 1 0 1.000000
0  0.724833 -6.003001 7.381465  0.999726 -0.000385 -0.023411  0.075349 0.627009 1 0 1.000000
lowpoly_plastic.050
0  0.722801 -6.353869 7.494564  0.999854 0.001452 0.016996  0.075349 0.627009 1 0 1.000000
0  0.725082 -6.477297 7.381495  0.999854 0.001465 0.017028  0.075349 0.627009 1 0 1.000000
0  0.724833 -6.003001 7.381465  0.999726 -0.000385 -0.023411  0.075349 0.627009 1 0 1.000000
lowpoly_plastic.050
0  0.717316 -5.652225 7.769073  0.964498 -0.046222 0.260014  0.075349 0.627009 1 0 1.000000
0  0.737050 -5.869194 7.568905  0.989332 -0.022377 0.143949  0.075349 0.627009 1 0 1.000000
0  0.723264 -5.619889 7.423061  0.999851 0.000309 0.017236  0.075349 0.627009 1 0 1.000000
lowpoly_plastic.050
0  0.737050 -5.869194 7.568905  0.989332 -0.022377 0.143949  0.075349 0.627009 1 0 1.000000
0  0.724833 -6.003001 7.381465  0.999726 -0.000385 -0.023411  0.075349 0.627009 1 0 1.000000
0  0.723264 -5.619889 7.423061  0.999851 0.000309 0.017236  0.075349 0.627009 1 0 1.000000
lowpoly_plastic.050
0  0.720061 -5.157903 7.446590  0.999870 -0.009202 0.013210  0.075349 0.627009 1 0 1.000000
0  0.717316 -5.405195 7.769074  0.999851 0.000290 0.017246  0.075349 0.627009 1 0 1.000000
0  0.723001 -5.437527 7.423083  0.999851 0.000297 0.017240  0.075349 0.627009 1 0 1.000000
lowpoly_plastic.050
0  0.724090 -4.983974 7.399893  0.999871 -0.009219 0.013161  0.075349 0.627009 1 0 1.000000
0  0.720061 -5.157903 7.446590  0.999870 -0.009202 0.013210  0.075349 0.627009 1 0 1.000000
0  0.723001 -5.437527 7.423083  0.999851 0.000297 0.017240  0.075349 0.627009 1 0 1.000000
lowpoly_plastic.050
0  0.723001 -5.437527 7.423083  0.999851 0.000297 0.017240  0.075349 0.627009 1 0 1.000000
0  0.723264 -5.619889 7.423061  0.999851 0.000309 0.017236  0.075349 0.627009 1 0 1.000000
0  0.724833 -6.003001 7.381465  0.999726 -0.000385 -0.023411  0.075349 0.627009 1 0 1.000000
lowpoly_plastic.050
0  0.724833 -6.003001 7.381465  0.999726 -0.000385 -0.023411  0.075349 0.627009 1 0 1.000000
0  0.725082 -6.477297 7.381495  0.999854 0.001465 0.017028  0.075349 0.627009 1 0 1.000000
0  0.729791 -8.359457 7.322385  0.999844 -0.000011 0.017649  0.075349 0.627009 1 0 1.000000
lowpoly_metal.053
0  0.431563 1.784142 6.052372  -0.319564 0.793965 -0.517203  0.060711 0.469699 1 0 1.000000
0  0.486953 -14.885759 6.032534  0.480805 0.006957 -0.876800  0.060711 0.469699 1 0 1.000000
0  0.020541 -14.885753 5.772429  0.480794 0.006953 -0.876806  0.060711 0.469699 1 0 1.000000
lowpoly_metal.053
0  0.399375 -8.689543 7.072343  0.625530 -0.780092 0.013024  0.043544 0.609912 1 0 1.000000
0  0.399374 -8.539097 6.920344  1.000000 0.000015 0.000005  0.043544 0.609912 1 0 1.000000
0  0.399371 -8.388667 7.072344  1.000000 0.000015 -0.000001  0.043544 0.609912 1 0 1.000000
lowpoly_plastic.050
0  0.197510 -6.440727 5.433388  0.019186 0.002790 -0.999812  0.064370 0.664198 1 0 1.000000
0  0.355716 -6.440732 5.438799  0.023035 0.003064 -0.999730  0.064370 0.664198 1 0 1.000000
0  0.352648 -6.687753 5.438807  0.019299 0.002823 -0.999810  0.064370 0.664198 1 0 1.000000
lowpoly_metal.053
0  0.024517 -14.244351 7.073570  0.500000 0.001336 -0.866024  0.060711 0.469699 1 0 1.000000
0  0.024517 -1.834394 7.092118  0.499998 0.001294 -0.866026  0.060711 0.469699 1 0 1.000000
0  0.432558 -1.834394 7.327700  0.499998 0.001294 -0.866026  0.060711 0.469699 1 0 1.000000
lowpoly_plastic.050
0  -0.745537 -2.893399 6.014472  -0.776572 0.074898 -0.625561  0.075349 0.627009 1 0 1.000000
0  -0.300544 -2.893402 5.438817  -0.482148 0.042212 -0.875073  0.075349 0.627009 1 0 1.000000
0  -0.306674 -3.120673 5.438799  -0.795863 -0.000173 -0.605476  0.075349 0.627009 1 0 1.000000
lowpoly_metal.053
0  0.788902 9.838312 6.783607  0.640693 -0.251662 0.725382  0.028340 0.414408 1 0 1.000000
0  0.771337 21.282917 6.834195  -0.292457 -0.009945 0.956227  0.028340 0.414408 1 0 1.000000
0  0.649443 20.339096 6.812089  -0.179738 -0.006431 0.983694  0.028340 0.414408 1 0 1.000000
lowpoly_plastic.050
0  0.441886 -6.126518 8.344715  0.928328 0.062882 0.366406  0.075349 0.627009 1 0 1.000000
0  0.443830 -6.353783 8.340530  0.909062 0.074945 0.409866  0.075349 0.627009 1 0 1.000000
0  0.713162 -6.353777 7.778123  0.910276 0.087136 0.404728  0.075349 0.627009 1 0 1.000000
lowpoly_metal.053
0  0.506061 -8.317268 7.285264  0.993867 -0.057032 -0.094739  0.060711 0.469699 1 0 1.000000
0  0.506061 -8.317268 7.841300  0.993870 -0.057022 -0.094720  0.060711 0.469699 1 0 1.000000
0  0.506061 -9.240919 7.841300  0.617119 -0.784664 -0.058866  0.060711 0.469699 1 0 1.000000
lowpoly_plastic.050
0  0.717316 -5.177928 7.769075  0.900588 -0.003043 0.434664  0.075349 0.627009 1 0 1.000000
0  0.443707 -5.177928 8.340471  0.900578 -0.003020 0.434683  0.075349 0.627009 1 0 1.000000
0  0.445854 -5.405194 8.336401  0.901983 0.000176 0.431771  0.075349 0.627009 1 0 1.000000
lowpoly_metal.053
0  0.649442 20.339096 6.140539  0.024299 -0.999705 0.000102  0.028340 0.414408 1 0 1.000000
0  0.649443 20.339096 6.812089  0.024068 -0.999710 0.000000  0.028340 0.414408 1 0 1.000000
0  0.398850 20.333063 6.702886  -0.182346 -0.948215 0.260072  0.028340 0.414408 1 0 1.000000
lowpoly_plastic.050
0  0.721249 -4.456601 7.761149  0.959190 0.007976 0.282649  0.075349 0.627009 1 0 1.000000
0  0.739763 -4.239354 7.566586  0.989242 0.026469 0.143876  0.075349 0.627009 1 0 1.000000
0  0.444797 -4.229341 8.344643  0.927009 0.072996 0.367866  0.075349 0.627009 1 0 1.000000
lowpoly_plastic.050
0  0.716967 -1.610842 7.782747  0.899225 -0.008610 0.437403  0.075349 0.627009 1 0 1.000000
0  0.729796 0.690608 7.781299  0.896142 -0.004716 0.443743  0.075349 0.627009 1 0 1.000000
0  0.446823 0.690610 8.352764  0.896149 -0.004711 0.443728  0.075349 0.627009 1 0 1.000000
lowpoly_plastic.050
0  0.721400 -3.508014 7.773395  0.963735 0.046966 0.262697  0.075349 0.627009 1 0 1.000000
0  0.738798 -3.290871 7.567419  0.989379 0.026280 0.142967  0.075349 0.627009 1 0 1.000000
0  0.446814 -3.280751 8.340545  0.925850 0.077081 0.369946  0.075349 0.627009 1 0 1.000000
lowpoly_plastic.050
0  -0.310760 11.331577 1.611409  -0.395623 0.773488 -0.495176  0.034333 0.623884 1 0 1.000000
0  -0.473020 11.132565 1.524876  -0.721590 0.317290 -0.615334  0.034333 0.623884 1 0 1.000000
0  -0.465411 10.989903 2.456993  -0.927573 0.311926 0.205697  0.034333 0.623884 1 0 1.000000
lowpoly_plastic.050
0  0.348633 10.034693 5.463179  0.080938 0.204255 -0.975566  0.034333 0.623884 1 0 1.000000
0  -0.299583 10.034689 5.463179  0.080929 0.204241 -0.975570  0.034333 0.623884 1 0 1.000000
0  -0.299584 10.775881 5.564582  0.080922 0.204241 -0.975570  0.034333 0.623884 1 0 1.000000
lowpoly_metal.053
0  0.045575 -8.368608 8.799088  0.046398 0.632220 -0.773399  0.060711 0.469699 1 0 1.000000
0  0.015758 -8.389278 9.060235  -0.073401 0.963658 0.256856  0.060711 0.469699 1 0 1.000000
0  0.068436 -8.696760 9.009204  0.772222 -0.634526 0.032417  0.060711 0.469699 1 0 1.000000
lowpoly_plastic.050
0  -0.451030 9.130513 2.152811  -0.945446 -0.310062 -0.099963  0.034333 0.623884 1 0 1.000000
0  -0.465411 10.989903 2.456993  -0.927573 0.311926 0.205697  0.034333 0.623884 1 0 1.000000
0  -0.473195 9.236617 1.765248  -0.929789 -0.364064 0.054307  0.034333 0.623884 1 0 1.000000
lowpoly_plastic.050
0  -0.465411 10.989903 2.456993  -0.927573 0.311926 0.205697  0.034333 0.623884 1 0 1.000000
0  -0.473020 11.132565 1.524876  -0.721590 0.317290 -0.615334  0.034333 0.623884 1 0 1.000000
0  -0.473195 9.236617 1.765248  -0.929789 -0.364064 0.054307  0.034333 0.623884 1 0 1.000000
lowpoly_plastic.050
0  -0.473020 11.132565 1.524876  -0.721590 0.317290 -0.615334  0.034333 0.623884 1 0 1.000000
0  -0.473027 9.153320 1.213642  -0.999889 -0.002808 0.014660  0.034333 0.623884 1 0 1.000000
0  -0.473195 9.236617 1.765248  -0.929789 -0.364064 0.054307  0.034333 0.623884 1 0 1.000000
lowpoly_metal.053
0  -0.302294 -14.859981 7.288012  0.460372 -0.000001 0.887726  0.060711 0.469699 1 0 1.000000
0  0.024519 -14.859984 7.118530  0.460371 0.000001 0.887727  0.060711 0.469699 1 0 1.000000
0  0.024518 -14.247867 7.118530  0.460372 -0.000002 0.887726  0.060711 0.469699 1 0 1.000000
lowpoly_plastic.050
0  0.348637 9.756498 5.142990  -0.000002 0.754876 -0.655868  0.034333 0.623884 1 0 1.000000
0  -0.299587 9.756499 5.142990  0.000001 0.754879 -0.655864  0.034333 0.623884 1 0 1.000000
0  -0.299583 10.034689 5.463179  -0.000001 0.754877 -0.655866  0.034333 0.623884 1 0 1.000000
lowpoly_plastic.050
0  -0.533737 0.690612 7.322383  -0.000011 1.000000 0.000005  0.075349 0.627009 1 0 1.000000
0  -0.680751 0.690608 7.322383  -0.000026 1.000000 0.000000  0.075349 0.627009 1 0 1.000000
0  -0.680751 0.690608 7.781299  -0.000003 1.000000 0.000002  0.075349 0.627009 1 0 1.000000
lowpoly_plastic.050
0  -0.680751 0.690608 7.781299  -0.000003 1.000000 0.000002  0.075349 0.627009 1 0 1.000000
0  -0.397783 0.690612 8.352764  -0.000001 1.000000 -0.000004  0.075349 0.627009 1 0 1.000000
0  -0.436798 0.690608 7.816396  -0.000001 1.000000 -0.000002  0.075349 0.627009 1 0 1.000000
lowpoly_plastic.050
0  -0.397783 0.690612 8.352764  -0.000001 1.000000 -0.000004  0.075349 0.627009 1 0 1.000000
0  0.446823 0.690610 8.352764  0.000005 1.000000 0.000007  0.075349 0.627009 1 0 1.000000
0  0.024522 0.690612 8.093842  0.000000 1.000000 0.000002  0.075349 0.627009 1 0 1.000000
lowpoly_plastic.050
0  0.446823 0.690610 8.352764  0.000005 1.000000 0.000007  0.075349 0.627009 1 0 1.000000
0  0.729796 0.690608 7.781299  0.000024 1.000000 0.000004  0.075349 0.627009 1 0 1.000000
0  0.485838 0.690614 7.816396  0.000018 1.000000 0.000006  0.075349 0.627009 1 0 1.000000
lowpoly_plastic.050
0  0.729796 0.690608 7.781299  0.000024 1.000000 0.000004  0.075349 0.627009 1 0 1.000000
0  0.729796 0.690608 7.322383  0.000026 1.000000 0.000000  0.075349 0.627009 1 0 1.000000
0  0.582778 0.690612 7.322383  0.000014 1.000000 -0.000001  0.075349 0.627009 1 0 1.000000
lowpoly_plastic.050
0  0.582778 0.690612 7.322383  0.000014 1.000000 -0.000001  0.075349 0.627009 1 0 1.000000
0  0.477596 0.690612 7.322383  0.000000 1.000000 -0.000004  0.075349 0.627009 1 0 1.000000
0  0.485838 0.690614 7.816396  0.000018 1.000000 0.000006  0.075349 0.627009 1 0 1.000000
lowpoly_plastic.050
0  0.729796 0.690608 7.781299  0.000024 1.000000 0.000004  0.075349 0.627009 1 0 1.000000
0  0.582778 0.690612 7.322383  0.000014 1.000000 -0.000001  0.075349 0.627009 1 0 1.000000
0  0.485838 0.690614 7.816396  0.000018 1.000000 0.000006  0.075349 0.627009 1 0 1.000000
lowpoly_plastic.050
0  -0.428555 0.690612 7.322383  0.000000 1.000000 0.000008  0.075349 0.627009 1 0 1.000000
0  -0.533737 0.690612 7.322383  -0.000011 1.000000 0.000005  0.075349 0.627009 1 0 1.000000
0  -0.436798 0.690608 7.816396  -0.000001 1.000000 -0.000002  0.075349 0.627009 1 0 1.000000
lowpoly_plastic.050
0  -0.533737 0.690612 7.322383  -0.000011 1.000000 0.000005  0.075349 0.627009 1 0 1.000000
0  -0.680751 0.690608 7.781299  -0.000003 1.000000 0.000002  0.075349 0.627009 1 0 1.000000
0  -0.436798 0.690608 7.816396  -0.000001 1.000000 -0.000002  0.075349 0.627009 1 0 1.000000
lowpoly_plastic.050
0  0.024522 0.690612 8.093842  0.000000 1.000000 0.000002  0.075349 0.627009 1 0 1.000000
0  -0.436798 0.690608 7.816396  -0.000001 1.000000 -0.000002  0.075349 0.627009 1 0 1.000000
0  -0.397783 0.690612 8.352764  -0.000001 1.000000 -0.000004  0.075349 0.627009 1 0 1.000000
lowpoly_plastic.050
0  0.791471 -1.944818 6.010393  0.999985 -0.004804 -0.002627  0.064370 0.664198 1 0 1.000000
0  0.793357 -1.693540 6.032045  0.999987 -0.004263 -0.002750  0.064370 0.664198 1 0 1.000000
0  0.791529 -1.944816 7.036521  0.999985 -0.004854 -0.002581  0.064370 0.664198 1 0 1.000000
lowpoly_plastic.050
0  0.793357 -1.693540 6.032045  0.999987 -0.004263 -0.002750  0.064370 0.664198 1 0 1.000000
0  0.794617 -1.697784 7.036812  0.999985 -0.004856 -0.002573  0.064370 0.664198 1 0 1.000000
0  0.791529 -1.944816 7.036521  0.999985 -0.004854 -0.002581  0.064370 0.664198 1 0 1.000000
lowpoly_plastic.050
0  0.222619 8.680766 1.377718  -0.010522 -0.802656 0.596350  0.034333 0.623884 1 0 1.000000
0  0.209108 8.916268 1.701589  0.003946 -0.988267 0.152683  0.034333 0.623884 1 0 1.000000
0  -0.154209 8.909995 1.679599  0.002786 -0.981776 0.190022  0.034333 0.623884 1 0 1.000000
lowpoly_plastic.050
0  0.500195 9.128832 2.152453  0.944691 -0.312129 -0.100669  0.034333 0.623884 1 0 1.000000
0  0.500193 8.989904 2.638886  0.943760 -0.312977 -0.106592  0.034333 0.623884 1 0 1.000000
0  0.209108 8.916268 1.701589  0.706337 -0.675561 0.211438  0.034333 0.623884 1 0 1.000000
lowpoly_plastic.050
0  0.500193 8.989904 2.638886  0.943760 -0.312977 -0.106592  0.034333 0.623884 1 0 1.000000
0  0.500090 8.844888 3.124170  0.943659 -0.313819 -0.105003  0.034333 0.623884 1 0 1.000000
0  0.209108 8.916268 1.701589  0.706337 -0.675561 0.211438  0.034333 0.623884 1 0 1.000000
lowpoly_plastic.050
0  0.500090 8.844888 3.124170  0.943659 -0.313819 -0.105003  0.034333 0.623884 1 0 1.000000
0  0.500005 8.693931 3.608320  0.944125 -0.311821 -0.106750  0.034333 0.623884 1 0 1.000000
0  0.247228 8.052661 4.442492  0.747969 -0.651266 -0.128048  0.034333 0.623884 1 0 1.000000
lowpoly_plastic.050
0  0.500005 8.693931 3.608320  0.944125 -0.311821 -0.106750  0.034333 0.623884 1 0 1.000000
0  0.500264 8.526054 4.089299  0.948295 -0.300271 -0.102832  0.034333 0.623884 1 0 1.000000
0  0.247228 8.052661 4.442492  0.747969 -0.651266 -0.128048  0.034333 0.623884 1 0 1.000000
lowpoly_plastic.050
0  0.500264 8.526054 4.089299  0.948295 -0.300271 -0.102832  0.034333 0.623884 1 0 1.000000
0  0.521176 8.294527 4.541164  0.916294 -0.394882 -0.066887  0.034333 0.623884 1 0 1.000000
0  0.247228 8.052661 4.442492  0.747969 -0.651266 -0.128048  0.034333 0.623884 1 0 1.000000
lowpoly_plastic.050
0  0.247228 8.052661 4.442492  0.747969 -0.651266 -0.128048  0.034333 0.623884 1 0 1.000000
0  0.209108 8.916268 1.701589  0.706337 -0.675561 0.211438  0.034333 0.623884 1 0 1.000000
0  0.500090 8.844888 3.124170  0.943659 -0.313819 -0.105003  0.034333 0.623884 1 0 1.000000
lowpoly_plastic.050
0  -0.299587 9.756499 5.142990  -0.619904 0.592339 -0.514639  0.034333 0.623884 1 0 1.000000
0  -0.473028 9.562299 5.128387  -0.619904 0.592338 -0.514640  0.034333 0.623884 1 0 1.000000
0  -0.473027 10.014786 5.649189  -0.619902 0.592342 -0.514638  0.034333 0.623884 1 0 1.000000
lowpoly_plastic.050
0  0.793357 -1.693540 6.032045  0.799858 -0.017020 -0.599948  0.064370 0.664198 1 0 1.000000
0  0.791471 -1.944818 6.010393  0.797199 0.003957 -0.603703  0.064370 0.664198 1 0 1.000000
0  0.346369 -1.944810 5.434575  0.797192 0.004150 -0.603712  0.064370 0.664198 1 0 1.000000
lowpoly_metal.053
0  -0.513965 1.308586 7.716512  -0.056780 0.998001 -0.027750  0.039282 0.590557 1 0 1.000000
0  -0.515747 1.447070 7.208170  0.233821 0.466337 0.853146  0.039282 0.590557 1 0 1.000000
0  -0.695196 1.378268 7.282770  0.107749 0.775789 0.621725  0.039282 0.590557 1 0 1.000000
lowpoly_plastic.050
0  0.348634 9.874224 4.645876  -0.000003 0.973087 0.230439  0.034333 0.623884 1 0 1.000000
0  -0.299586 9.874217 4.645876  -0.000010 0.973089 0.230430  0.034333 0.623884 1 0 1.000000
0  -0.299587 9.756499 5.142990  -0.000005 0.973087 0.230436  0.034333 0.623884 1 0 1.000000
lowpoly_plastic.050
0  -0.299584 11.284920 2.259545  -0.008691 0.996704 0.080652  0.034333 0.623884 1 0 1.000000
0  0.348635 11.284918 2.259545  -0.008707 0.996706 0.080634  0.034333 0.623884 1 0 1.000000
0  0.345848 11.344227 1.596163  0.372404 0.772481 -0.514381  0.034333 0.623884 1 0 1.000000
lowpoly_plastic.050
0  0.791484 -2.419103 6.015606  0.999995 -0.001228 -0.002911  0.064370 0.664198 1 0 1.000000
0  0.791500 -2.172080 6.020849  0.999995 -0.001224 -0.002897  0.064370 0.664198 1 0 1.000000
0  0.790206 -2.419112 7.036394  0.999995 -0.001243 -0.002945  0.064370 0.664198 1 0 1.000000
lowpoly_plastic.050
0  0.791500 -2.172080 6.020849  0.999995 -0.001224 -0.002897  0.064370 0.664198 1 0 1.000000
0  0.791529 -2.172082 7.036520  0.999995 -0.001242 -0.002938  0.064370 0.664198 1 0 1.000000
0  0.790206 -2.419112 7.036394  0.999995 -0.001243 -0.002945  0.064370 0.664198 1 0 1.000000
lowpoly_plastic.050
0  0.791500 -2.172080 6.020849  0.797035 -0.000908 -0.603933  0.064370 0.664198 1 0 1.000000
0  0.791484 -2.419103 6.015606  0.778444 -0.082805 -0.622228  0.064370 0.664198 1 0 1.000000
0  0.349417 -2.419114 5.434563  0.485208 -0.052489 -0.872822  0.064370 0.664198 1 0 1.000000
lowpoly_plastic.050
0  0.024531 21.927032 7.183162  0.044642 0.897298 0.439163  0.005204 0.735637 1 0 1.000000
0  0.525060 21.927034 7.063821  0.089226 0.915303 0.392758  0.005204 0.735637 1 0 1.000000
0  0.570352 22.041712 6.791909  0.026601 0.987416 0.155891  0.005204 0.735637 1 0 1.000000
lowpoly_plastic.050
0  0.348634 9.874224 4.645876  -0.000007 0.860832 0.508889  0.034333 0.623884 1 0 1.000000
0  0.348635 11.284918 2.259545  0.000002 0.860833 0.508887  0.034333 0.623884 1 0 1.000000
0  -0.299584 11.284920 2.259545  0.000001 0.860833 0.508887  0.034333 0.623884 1 0 1.000000
lowpoly_plastic.050
0  0.514138 10.989615 2.457020  0.927128 0.313680 0.205031  0.034333 0.623884 1 0 1.000000
0  0.522075 11.133687 1.530329  0.727990 0.327840 -0.602123  0.034333 0.623884 1 0 1.000000
0  0.345848 11.344227 1.596163  0.372404 0.772481 -0.514381  0.034333 0.623884 1 0 1.000000
lowpoly_plastic.050
0  0.794620 -2.769890 7.149960  0.999995 -0.001005 -0.003011  0.064370 0.664198 1 0 1.000000
0  0.794622 -2.893405 7.036811  0.999995 -0.000985 -0.003041  0.064370 0.664198 1 0 1.000000
0  0.790208 -2.646376 7.036397  0.999995 -0.000999 -0.003026  0.064370 0.664198 1 0 1.000000
lowpoly_plastic.050
0  0.794622 -2.893405 7.036811  0.999995 -0.000985 -0.003041  0.064370 0.664198 1 0 1.000000
0  0.788410 -2.893392 6.011567  0.999995 -0.000996 -0.003031  0.064370 0.664198 1 0 1.000000
0  0.794559 -2.646373 6.019647  0.999995 -0.001032 -0.002997  0.064370 0.664198 1 0 1.000000
lowpoly_metal.053
0  0.458671 7.502048 8.496845  0.946962 0.313618 -0.070049  0.039282 0.590557 1 0 1.000000
0  0.462023 7.204716 8.460897  0.730657 -0.601777 -0.322498  0.039282 0.590557 1 0 1.000000
0  -0.409621 7.204719 8.496845  -0.946963 -0.313614 -0.070052  0.039282 0.590557 1 0 1.000000
lowpoly_plastic.050
0  0.500198 10.661115 2.954294  0.941119 0.290817 0.172396  0.034333 0.623884 1 0 1.000000
0  0.500193 8.989904 2.638886  0.943760 -0.312977 -0.106592  0.034333 0.623884 1 0 1.000000
0  0.500195 9.128832 2.152453  0.944691 -0.312129 -0.100669  0.034333 0.623884 1 0 1.000000
lowpoly_metal.053
0  -0.695188 13.240623 7.153235  0.000130 0.246837 0.969057  0.039282 0.590557 1 0 1.000000
0  -0.335332 12.190789 7.420599  0.000044 0.246864 0.969050  0.039282 0.590557 1 0 1.000000
0  0.024531 13.257547 7.148829  0.000001 0.246845 0.969055  0.039282 0.590557 1 0 1.000000
lowpoly_metal.053
0  -0.335332 12.190789 7.420599  0.000044 0.246864 0.969050  0.039282 0.590557 1 0 1.000000
0  0.384380 12.190787 7.420599  -0.000043 0.246864 0.969050  0.039282 0.590557 1 0 1.000000
0  0.024531 13.257547 7.148829  0.000001 0.246845 0.969055  0.039282 0.590557 1 0 1.000000
lowpoly_plastic.050
0  0.335574 8.056945 5.755444  -0.025995 -0.546272 0.837205  0.034333 0.623884 1 0 1.000000
0  -0.438734 8.152330 5.755660  -0.031943 -0.609925 0.791815  0.034333 0.623884 1 0 1.000000
0  -0.197022 8.052303 4.440020  -0.033610 -0.991670 -0.124339  0.034333 0.623884 1 0 1.000000
lowpoly_metal.053
0  -0.114756 7.212472 4.846313  -0.000001 0.992669 -0.120861  0.074523 0.389844 1 0 1.000000
0  -0.114760 7.276593 5.372906  0.000020 0.992668 -0.120874  0.074523 0.389844 1 0 1.000000
0  0.163809 7.276587 5.372906  0.000011 0.992669 -0.120868  0.074523 0.389844 1 0 1.000000
lowpoly_metal.053
0  0.325103 6.107079 4.504025  0.817902 0.239838 0.522986  0.074523 0.389844 1 0 1.000000
0  0.325281 7.597723 4.541291  -0.030778 -0.085908 0.995827  0.074523 0.389844 1 0 1.000000
0  -0.275893 7.446129 4.482029  -0.024299 -0.151118 0.988217  0.074523 0.389844 1 0 1.000000
lowpoly_plastic.050
0  -0.303760 -5.739166 5.443046  -0.031314 -0.000043 -0.999510  0.064370 0.664198 1 0 1.000000
0  -0.306675 -5.492132 5.438798  -0.036218 -0.000299 -0.999344  0.064370 0.664198 1 0 1.000000
0  -0.148469 -5.492136 5.433388  -0.031333 -0.000046 -0.999509  0.064370 0.664198 1 0 1.000000
lowpoly_metal.053
0  0.278991 7.204718 8.613634  0.165575 -0.643041 0.747719  0.039282 0.590557 1 0 1.000000
0  0.458671 7.502048 8.496845  0.946962 0.313618 -0.070049  0.039282 0.590557 1 0 1.000000
0  -0.229945 7.502047 8.613634  -0.165580 0.643030 0.747727  0.039282 0.590557 1 0 1.000000
lowpoly_metal.053
0  0.163806 7.050551 5.039714  0.635877 -0.771754 0.007517  0.074523 0.389844 1 0 1.000000
0  0.163804 6.890593 4.547127  0.528158 -0.459162 -0.714296  0.074523 0.389844 1 0 1.000000
0  0.163807 7.212475 4.846313  1.000000 -0.000008 -0.000003  0.074523 0.389844 1 0 1.000000
lowpoly_metal.053
0  0.163809 7.276587 5.372906  1.000000 -0.000005 0.000005  0.074523 0.389844 1 0 1.000000
0  0.163805 7.595501 5.726740  1.000000 0.000000 0.000012  0.074523 0.389844 1 0 1.000000
0  0.163805 6.830441 5.751916  1.000000 -0.000004 0.000006  0.074523 0.389844 1 0 1.000000
lowpoly_metal.053
0  0.163806 7.050551 5.039714  0.635877 -0.771754 0.007517  0.074523 0.389844 1 0 1.000000
0  0.163807 7.212475 4.846313  1.000000 -0.000008 -0.000003  0.074523 0.389844 1 0 1.000000
0  0.163809 7.276587 5.372906  1.000000 -0.000005 0.000005  0.074523 0.389844 1 0 1.000000
lowpoly_metal.053
0  -0.337767 -14.446389 7.373905  0.999921 -0.012543 0.000374  0.060711 0.469699 1 0 1.000000
0  -0.320632 -14.446390 7.762558  0.999922 -0.012517 0.000390  0.060711 0.469699 1 0 1.000000
0  -0.375153 -16.243917 7.794031  -0.359648 -0.836560 -0.413305  0.060711 0.469699 1 0 1.000000
lowpoly_plastic.050
0  -0.690829 -5.869419 7.566973  -0.993731 -0.018955 0.110176  0.064370 0.664198 1 0 1.000000
0  -0.672477 -6.126513 7.773316  -0.957788 -0.017787 0.286924  0.064370 0.664198 1 0 1.000000
0  -0.391901 -6.126515 8.340598  -0.919398 -0.007564 0.393255  0.064370 0.664198 1 0 1.000000
lowpoly_plastic.050
0  0.335574 8.056945 5.755444  0.696694 -0.716576 -0.033713  0.034333 0.623884 1 0 1.000000
0  0.247228 8.052661 4.442492  0.747969 -0.651266 -0.128048  0.034333 0.623884 1 0 1.000000
0  0.521176 8.294527 4.541164  0.916294 -0.394882 -0.066887  0.034333 0.623884 1 0 1.000000
lowpoly_plastic.050
0  0.353372 -1.698216 5.433679  0.002395 -0.011994 -0.999925  0.064370 0.664198 1 0 1.000000
0  0.346369 -1.944810 5.434575  -0.000313 -0.005237 -0.999986  0.064370 0.664198 1 0 1.000000
0  0.197509 -1.944808 5.436292  -0.000327 -0.005310 -0.999986  0.064370 0.664198 1 0 1.000000
lowpoly_plastic.050
0  0.222621 8.865354 1.169165  -0.000006 -0.748822 -0.662772  0.034333 0.623884 1 0 1.000000
0  0.222619 8.680766 1.377718  -0.000006 -0.748824 -0.662769  0.034333 0.623884 1 0 1.000000
0  -0.173569 8.680771 1.377716  -0.000007 -0.748821 -0.662773  0.034333 0.623884 1 0 1.000000
lowpoly_metal.053
0  0.444431 -16.243916 7.332534  0.437044 -0.817317 -0.375480  0.060711 0.469699 1 0 1.000000
0  0.447661 -15.606486 7.315705  0.999918 -0.011632 0.005415  0.060711 0.469699 1 0 1.000000
0  0.452522 -15.606483 7.808052  0.999917 -0.011695 0.005451  0.060711 0.469699 1 0 1.000000
lowpoly_plastic.050
0  -0.472897 8.285586 4.549574  -0.912569 -0.402674 -0.071222  0.034333 0.623884 1 0 1.000000
0  -0.451079 8.528038 4.089576  -0.948811 -0.299908 -0.099059  0.034333 0.623884 1 0 1.000000
0  -0.197022 8.052303 4.440020  -0.738428 -0.658293 -0.146200  0.034333 0.623884 1 0 1.000000
lowpoly_plastic.050
0  -0.451079 8.528038 4.089576  -0.948811 -0.299908 -0.099059  0.034333 0.623884 1 0 1.000000
0  -0.450956 8.693931 3.608320  -0.944573 -0.310633 -0.106250  0.034333 0.623884 1 0 1.000000
0  -0.197022 8.052303 4.440020  -0.738428 -0.658293 -0.146200  0.034333 0.623884 1 0 1.000000
lowpoly_plastic.050
0  -0.450956 8.693931 3.608320  -0.944573 -0.310633 -0.106250  0.034333 0.623884 1 0 1.000000
0  -0.451038 8.844888 3.124169  -0.944263 -0.312202 -0.104395  0.034333 0.623884 1 0 1.000000
0  -0.197022 8.052303 4.440020  -0.738428 -0.658293 -0.146200  0.034333 0.623884 1 0 1.000000
lowpoly_plastic.050
0  -0.451038 8.844888 3.124169  -0.944263 -0.312202 -0.104395  0.034333 0.623884 1 0 1.000000
0  -0.451141 8.989904 2.638887  -0.944230 -0.311712 -0.106142  0.034333 0.623884 1 0 1.000000
0  -0.154209 8.909995 1.679599  -0.696458 -0.679137 0.231773  0.034333 0.623884 1 0 1.000000
lowpoly_plastic.050
0  -0.451030 9.130513 2.152811  -0.945446 -0.310062 -0.099963  0.034333 0.623884 1 0 1.000000
0  -0.473195 9.236617 1.765248  -0.929789 -0.364064 0.054307  0.034333 0.623884 1 0 1.000000
0  -0.154209 8.909995 1.679599  -0.696458 -0.679137 0.231773  0.034333 0.623884 1 0 1.000000
lowpoly_plastic.050
0  -0.451038 8.844888 3.124169  -0.944263 -0.312202 -0.104395  0.034333 0.623884 1 0 1.000000
0  -0.154209 8.909995 1.679599  -0.696458 -0.679137 0.231773  0.034333 0.623884 1 0 1.000000
0  -0.197022 8.052303 4.440020  -0.738428 -0.658293 -0.146200  0.034333 0.623884 1 0 1.000000
lowpoly_metal.053
0  0.424183 -16.243855 7.805720  0.207489 -0.886110 -0.414437  0.060711 0.469699 1 0 1.000000
0  0.369663 -14.446374 7.772451  -0.999921 -0.012526 0.000998  0.060711 0.469699 1 0 1.000000
0  0.386798 -14.446402 7.364012  -0.999921 -0.012553 0.000962  0.060711 0.469699 1 0 1.000000
lowpoly_metal.053
0  0.014394 -16.243765 8.042315  0.086782 -0.984777 0.150609  0.060711 0.469699 1 0 1.000000
0  0.015947 -14.446399 7.976669  -0.481660 -0.011580 -0.876282  0.060711 0.469699 1 0 1.000000
0  0.369663 -14.446374 7.772451  -0.481644 -0.011559 -0.876291  0.060711 0.469699 1 0 1.000000
lowpoly_metal.053
0  -0.375153 -16.243917 7.794031  0.072895 -0.851973 0.518486  0.060711 0.469699 1 0 1.000000
0  -0.320632 -14.446390 7.762558  0.508323 -0.011532 -0.861089  0.060711 0.469699 1 0 1.000000
0  0.015947 -14.446399 7.976669  0.508329 -0.011546 -0.861086  0.060711 0.469699 1 0 1.000000
lowpoly_plastic.050
0  0.788398 -4.069259 6.016764  0.797032 -0.000889 -0.603937  0.064370 0.664198 1 0 1.000000
0  0.791481 -4.316278 6.015605  0.778227 -0.083169 -0.622452  0.064370 0.664198 1 0 1.000000
0  0.352627 -4.316285 5.438780  0.776036 -0.091055 -0.624081  0.064370 0.664198 1 0 1.000000
lowpoly_metal.053
0  0.448618 -14.244351 7.814320  0.490444 0.001319 0.871471  0.060711 0.469699 1 0 1.000000
0  0.019162 -14.244355 8.049903  0.490410 0.001327 0.871491  0.060711 0.469699 1 0 1.000000
0  0.024515 -15.606488 8.055162  0.495241 -0.012032 0.868672  0.060711 0.469699 1 0 1.000000
lowpoly_metal.053
0  0.024515 -15.606488 8.055162  -0.509053 -0.011949 0.860652  0.060711 0.469699 1 0 1.000000
0  0.019162 -14.244355 8.049903  -0.467594 -0.000077 0.883943  0.060711 0.469699 1 0 1.000000
0  -0.394234 -14.244354 7.811230  -0.467541 -0.000081 0.883971  0.060711 0.469699 1 0 1.000000
lowpoly_metal.053
0  -0.403491 -15.606485 7.808053  -0.999871 -0.011653 0.011083  0.060711 0.469699 1 0 1.000000
0  -0.394234 -14.244354 7.811230  -0.999962 -0.001502 -0.008606  0.060711 0.469699 1 0 1.000000
0  -0.404943 -14.244356 7.321518  -0.999962 -0.001496 -0.008564  0.060711 0.469699 1 0 1.000000
lowpoly_metal.053
0  0.444431 -16.243916 7.332534  0.058650 -0.993049 -0.102050  0.060711 0.469699 1 0 1.000000
0  0.386798 -14.446402 7.364012  -0.536868 -0.012225 0.843578  0.060711 0.469699 1 0 1.000000
0  0.015947 -14.446374 7.149900  -0.536875 -0.012222 0.843573  0.060711 0.469699 1 0 1.000000
lowpoly_plastic.050
0  0.794577 -5.264866 6.014469  0.999998 -0.000167 -0.002013  0.064370 0.664198 1 0 1.000000
0  0.791499 -5.017834 6.020847  0.999998 -0.000164 -0.002015  0.064370 0.664198 1 0 1.000000
0  0.788439 -5.264868 7.036230  0.999998 -0.000180 -0.001999  0.064370 0.664198 1 0 1.000000
lowpoly_plastic.050
0  0.791499 -5.017834 6.020847  0.999998 -0.000164 -0.002015  0.064370 0.664198 1 0 1.000000
0  0.791533 -5.017849 7.036522  0.999998 -0.000180 -0.001996  0.064370 0.664198 1 0 1.000000
0  0.788439 -5.264868 7.036230  0.999998 -0.000180 -0.001999  0.064370 0.664198 1 0 1.000000
lowpoly_metal.053
0  -0.418301 6.960901 8.459514  -0.704924 0.628521 -0.328699  0.039282 0.590557 1 0 1.000000
0  0.452553 6.960907 8.514297  0.964532 0.262116 -0.031204  0.039282 0.590557 1 0 1.000000
0  0.463488 6.663568 8.450146  0.694074 -0.621398 -0.363491  0.039282 0.590557 1 0 1.000000
lowpoly_plastic.050
0  0.522079 8.968904 1.421995  0.561656 -0.655079 0.505384  0.034333 0.623884 1 0 1.000000
0  0.522247 9.236613 1.765233  0.929535 -0.364302 0.057008  0.034333 0.623884 1 0 1.000000
0  0.209108 8.916268 1.701589  0.706337 -0.675561 0.211438  0.034333 0.623884 1 0 1.000000
lowpoly_plastic.050
0  0.791467 -5.739166 6.010390  0.999992 -0.000130 -0.003882  0.064370 0.664198 1 0 1.000000
0  0.788396 -5.492135 6.016763  0.999992 -0.000147 -0.003877  0.064370 0.664198 1 0 1.000000
0  0.791529 -5.739168 7.036520  0.999992 -0.000131 -0.003875  0.064370 0.664198 1 0 1.000000
lowpoly_plastic.050
0  0.788396 -5.492135 6.016763  0.999992 -0.000147 -0.003877  0.064370 0.664198 1 0 1.000000
0  0.794615 -5.492136 7.036814  0.999992 -0.000135 -0.003893  0.064370 0.664198 1 0 1.000000
0  0.791529 -5.739168 7.036520  0.999992 -0.000131 -0.003875  0.064370 0.664198 1 0 1.000000
lowpoly_metal.053
0  0.486953 -14.885759 6.575687  0.493356 0.006966 0.869800  0.060711 0.469699 1 0 1.000000
0  0.020541 -14.885753 6.835791  0.493356 0.006961 0.869800  0.060711 0.469699 1 0 1.000000
0  0.024519 -16.011209 6.851856  0.493582 0.010588 0.869635  0.060711 0.469699 1 0 1.000000
lowpoly_metal.053
0  0.278523 -14.339593 6.743030  0.603901 0.466460 -0.646312  0.060711 0.469699 1 0 1.000000
0  -0.236283 -14.336234 6.720360  -0.640244 0.458118 -0.616616  0.060711 0.469699 1 0 1.000000
0  -0.201890 -14.247867 7.019898  0.038172 0.966463 -0.253954  0.060711 0.469699 1 0 1.000000
lowpoly_metal.053
0  -0.275876 8.457675 5.759264  -1.000000 -0.000000 -0.000000  0.074523 0.389844 1 0 1.000000
0  -0.275875 7.715334 5.310111  -1.000000 -0.000001 -0.000000  0.074523 0.389844 1 0 1.000000
0  -0.275876 7.405002 5.619652  -1.000000 -0.000000 -0.000000  0.074523 0.389844 1 0 1.000000
lowpoly_metal.053
0  -0.275876 8.457675 5.759264  -1.000000 -0.000000 -0.000000  0.074523 0.389844 1 0 1.000000
0  -0.275876 7.405002 5.619652  -1.000000 -0.000000 -0.000000  0.074523 0.389844 1 0 1.000000
0  -0.275875 5.397542 5.756480  -1.000000 -0.000000 0.000003  0.074523 0.389844 1 0 1.000000
lowpoly_metal.053
0  -0.275876 7.405002 5.619652  -1.000000 -0.000000 -0.000000  0.074523 0.389844 1 0 1.000000
0  -0.275876 6.104172 5.619651  -1.000000 -0.000001 0.000005  0.074523 0.389844 1 0 1.000000
0  -0.275875 5.397542 5.756480  -1.000000 -0.000000 0.000003  0.074523 0.389844 1 0 1.000000
lowpoly_metal.053
0  -0.275893 7.446129 4.482029  -1.000000 0.000048 -0.000127  0.074523 0.389844 1 0 1.000000
0  -0.275876 7.489913 4.375232  -0.622328 0.273719 -0.733339  0.074523 0.389844 1 0 1.000000
0  -0.275875 6.234291 4.355703  -1.000000 -0.000012 -0.000018  0.074523 0.389844 1 0 1.000000
lowpoly_metal.053
0  -0.275876 6.114514 4.516308  -1.000000 -0.000006 -0.000009  0.074523 0.389844 1 0 1.000000
0  -0.275893 7.446129 4.482029  -1.000000 0.000048 -0.000127  0.074523 0.389844 1 0 1.000000
0  -0.275875 6.234291 4.355703  -1.000000 -0.000012 -0.000018  0.074523 0.389844 1 0 1.000000
lowpoly_metal.053
0  -0.275875 5.397542 5.756480  -1.000000 -0.000000 0.000003  0.074523 0.389844 1 0 1.000000
0  -0.275876 6.104172 5.619651  -1.000000 -0.000001 0.000005  0.074523 0.389844 1 0 1.000000
0  -0.275877 5.644310 5.356429  -1.000000 -0.000007 0.000004  0.074523 0.389844 1 0 1.000000
lowpoly_metal.053
0  -0.275876 6.104172 5.619651  -1.000000 -0.000001 0.000005  0.074523 0.389844 1 0 1.000000
0  -0.275879 5.826929 5.311177  -1.000000 -0.000012 0.000009  0.074523 0.389844 1 0 1.000000
0  -0.275877 5.644310 5.356429  -1.000000 -0.000007 0.000004  0.074523 0.389844 1 0 1.000000
lowpoly_metal.053
0  -0.275877 5.788221 4.930964  -1.000000 -0.000011 -0.000004  0.074523 0.389844 1 0 1.000000
0  -0.275876 6.114514 4.516308  -1.000000 -0.000006 -0.000009  0.074523 0.389844 1 0 1.000000
0  -0.275876 5.717926 4.746368  -1.000000 -0.000006 -0.000006  0.074523 0.389844 1 0 1.000000
lowpoly_metal.053
0  -0.275876 6.114514 4.516308  -1.000000 -0.000006 -0.000009  0.074523 0.389844 1 0 1.000000
0  -0.275875 6.234291 4.355703  -1.000000 -0.000012 -0.000018  0.074523 0.389844 1 0 1.000000
0  -0.275876 5.717926 4.746368  -1.000000 -0.000006 -0.000006  0.074523 0.389844 1 0 1.000000
lowpoly_metal.053
0  -0.275877 5.644310 5.356429  -1.000000 -0.000007 0.000004  0.074523 0.389844 1 0 1.000000
0  -0.275879 5.826929 5.311177  -1.000000 -0.000012 0.000009  0.074523 0.389844 1 0 1.000000
0  -0.275877 5.788221 4.930964  -1.000000 -0.000011 -0.000004  0.074523 0.389844 1 0 1.000000
lowpoly_metal.053
0  0.431563 1.784141 6.539116  0.367211 0.930138 -0.000001  0.060711 0.469699 1 0 1.000000
0  0.486953 -14.885759 6.575687  0.999976 0.006964 -0.000000  0.060711 0.469699 1 0 1.000000
0  0.486953 -14.885759 6.032534  0.999976 0.006963 -0.000000  0.060711 0.469699 1 0 1.000000
lowpoly_metal.053
0  -0.236283 -14.336234 6.720360  -0.640244 0.458118 -0.616616  0.060711 0.469699 1 0 1.000000
0  0.278523 -14.339593 6.743030  0.603901 0.466460 -0.646312  0.060711 0.469699 1 0 1.000000
0  0.255411 -14.859983 6.742576  0.247049 -0.716824 -0.652020  0.060711 0.469699 1 0 1.000000
lowpoly_metal.053
0  -0.302294 -14.859981 7.288012  -0.000009 -1.000000 0.000006  0.060711 0.469699 1 0 1.000000
0  -0.201971 -14.859984 6.771047  -0.194274 -0.761710 -0.618107  0.060711 0.469699 1 0 1.000000
0  0.024519 -14.859984 7.118530  0.000001 -1.000000 0.000003  0.060711 0.469699 1 0 1.000000
lowpoly_metal.053
0  -0.201971 -14.859984 6.771047  -0.194274 -0.761710 -0.618107  0.060711 0.469699 1 0 1.000000
0  0.255411 -14.859983 6.742576  0.247049 -0.716824 -0.652020  0.060711 0.469699 1 0 1.000000
0  0.024519 -14.859984 7.118530  0.000001 -1.000000 0.000003  0.060711 0.469699 1 0 1.000000
lowpoly_metal.053
0  0.024517 -14.860385 5.716368  0.500001 0.000001 -0.866025  0.060711 0.469699 1 0 1.000000
0  0.024518 -14.318908 5.716367  0.500002 -0.000002 -0.866024  0.060711 0.469699 1 0 1.000000
0  0.533514 -14.318912 6.010239  0.500001 0.000001 -0.866025  0.060711 0.469699 1 0 1.000000
lowpoly_metal.053
0  -0.484480 -14.860385 6.597980  -1.000000 -0.000011 0.000000  0.060711 0.469699 1 0 1.000000
0  -0.484486 -14.318912 6.597981  -1.000000 -0.000010 0.000000  0.060711 0.469699 1 0 1.000000
0  -0.484486 -14.318912 6.010238  -1.000000 -0.000011 0.000000  0.060711 0.469699 1 0 1.000000
lowpoly_metal.053
0  0.533515 -14.318912 6.597980  0.000007 1.000000 0.000000  0.060711 0.469699 1 0 1.000000
0  0.533514 -14.318912 6.010239  0.000007 1.000000 0.000000  0.060711 0.469699 1 0 1.000000
0  0.024518 -14.318908 5.716367  0.000000 1.000000 -0.000000  0.060711 0.469699 1 0 1.000000
lowpoly_metal.053
0  0.024518 -14.318908 5.716367  0.000000 1.000000 -0.000000  0.060711 0.469699 1 0 1.000000
0  -0.484486 -14.318912 6.010238  -0.000007 1.000000 -0.000003  0.060711 0.469699 1 0 1.000000
0  -0.484486 -14.318912 6.597981  -0.000007 1.000000 0.000000  0.060711 0.469699 1 0 1.000000
lowpoly_metal.053
0  -0.484486 -14.318912 6.597981  -0.000007 1.000000 0.000000  0.060711 0.469699 1 0 1.000000
0  0.024518 -14.318908 6.891851  0.000000 1.000000 0.000001  0.060711 0.469699 1 0 1.000000
0  0.024518 -14.318908 5.716367  0.000000 1.000000 -0.000000  0.060711 0.469699 1 0 1.000000
lowpoly_metal.053
0  -0.414442 6.419751 8.450146  -0.694079 0.621388 -0.363500  0.039282 0.590557 1 0 1.000000
0  0.452554 6.419751 8.514297  0.411467 -0.092536 -0.906715  0.039282 0.590557 1 0 1.000000
0  0.467351 6.122419 8.459514  0.704924 -0.628522 -0.328698  0.039282 0.590557 1 0 1.000000
lowpoly_metal.053
0  0.533519 -14.860381 6.010239  0.000007 -1.000000 0.000000  0.060711 0.469699 1 0 1.000000
0  0.533520 -14.860381 6.597980  0.000007 -1.000000 0.000000  0.060711 0.469699 1 0 1.000000
0  0.024517 -14.860385 6.891851  0.000004 -1.000000 -0.000000  0.060711 0.469699 1 0 1.000000
lowpoly_metal.053
0  0.024517 -14.860385 6.891851  0.000004 -1.000000 -0.000000  0.060711 0.469699 1 0 1.000000
0  -0.484480 -14.860385 6.597980  0.000000 -1.000000 -0.000001  0.060711 0.469699 1 0 1.000000
0  -0.484480 -14.860385 6.010239  0.000000 -1.000000 0.000000  0.060711 0.469699 1 0 1.000000
lowpoly_metal.053
0  -0.484480 -14.860385 6.010239  0.000000 -1.000000 0.000000  0.060711 0.469699 1 0 1.000000
0  0.024517 -14.860385 5.716368  0.000004 -1.000000 0.000000  0.060711 0.469699 1 0 1.000000
0  0.024517 -14.860385 6.891851  0.000004 -1.000000 -0.000000  0.060711 0.469699 1 0 1.000000
lowpoly_metal.053
0  0.486953 -14.885759 6.032534  0.999976 0.006963 -0.000000  0.060711 0.469699 1 0 1.000000
0  0.486953 -14.885759 6.575687  0.999976 0.006964 -0.000000  0.060711 0.469699 1 0 1.000000
0  0.498879 -16.011206 6.577982  0.999944 0.010596 -0.000000  0.060711 0.469699 1 0 1.000000
lowpoly_metal.053
0  -0.449843 -16.011209 6.577982  -0.999917 0.010563 0.007324  0.060711 0.469699 1 0 1.000000
0  -0.433945 -14.885754 6.573394  -0.999734 0.006960 0.021986  0.060711 0.469699 1 0 1.000000
0  -0.441898 -14.885755 6.039419  -0.999733 0.006955 0.022019  0.060711 0.469699 1 0 1.000000
lowpoly_metal.053
0  0.024521 -1.073688 8.191292  0.469840 0.025012 0.882397  0.060711 0.469699 1 0 1.000000
0  0.568390 -1.073686 7.877287  0.469866 0.025005 0.882383  0.060711 0.469699 1 0 1.000000
0  0.508488 1.319507 7.865761  0.383791 0.880997 0.276673  0.060711 0.469699 1 0 1.000000
lowpoly_metal.053
0  0.024518 -12.515281 5.884295  -0.000003 1.000000 -0.000002  0.060711 0.469699 1 0 1.000000
0  -0.339050 -12.515281 6.094203  0.000000 1.000000 0.000002  0.060711 0.469699 1 0 1.000000
0  -0.339050 -12.515281 6.514019  -0.000002 1.000000 0.000001  0.060711 0.469699 1 0 1.000000
lowpoly_metal.053
0  -0.339050 -12.515281 6.514019  -0.000002 1.000000 0.000001  0.060711 0.469699 1 0 1.000000
0  0.024519 -12.515281 6.723928  -0.000003 1.000000 0.000006  0.060711 0.469699 1 0 1.000000
0  0.388087 -12.515279 6.514019  -0.000003 1.000000 0.000002  0.060711 0.469699 1 0 1.000000
lowpoly_metal.053
0  0.388087 -12.515279 6.514019  -0.000003 1.000000 0.000002  0.060711 0.469699 1 0 1.000000
0  0.388087 -12.515279 6.094203  -0.000003 1.000000 -0.000002  0.060711 0.469699 1 0 1.000000
0  -0.339050 -12.515281 6.514019  -0.000002 1.000000 0.000001  0.060711 0.469699 1 0 1.000000
lowpoly_plastic.050
0  -0.739339 -5.264870 6.011526  -0.762981 0.006853 -0.646384  0.075349 0.627009 1 0 1.000000
0  -0.191133 -5.264872 5.423773  -0.354610 0.006268 -0.934994  0.075349 0.627009 1 0 1.000000
0  -0.306675 -5.492132 5.438798  -0.776277 0.090687 -0.623835  0.075349 0.627009 1 0 1.000000
lowpoly_metal.053
0  0.432558 -1.834394 7.798865  0.984429 -0.175780 0.000000  0.060711 0.469699 1 0 1.000000
0  0.432558 -1.834394 7.327700  0.984429 -0.175780 0.000000  0.060711 0.469699 1 0 1.000000
0  0.568390 -1.073686 7.249279  0.984429 -0.175780 0.000000  0.060711 0.469699 1 0 1.000000
lowpoly_metal.053
0  0.568390 -1.073686 7.249279  0.470563 0.008822 -0.882322  0.060711 0.469699 1 0 1.000000
0  0.024521 -1.073688 6.935271  0.470601 0.008830 -0.882302  0.060711 0.469699 1 0 1.000000
0  0.064457 1.319527 7.004447  0.465091 0.152813 -0.871974  0.060711 0.469699 1 0 1.000000
lowpoly_metal.053
0  -0.519350 1.319362 7.249279  -0.715856 0.570218 -0.402992  0.060711 0.469699 1 0 1.000000
0  -0.433761 -1.524373 7.286874  -0.999960 -0.008120 -0.003763  0.060711 0.469699 1 0 1.000000
0  -0.469116 -1.383702 7.836461  -0.999947 -0.009647 0.003468  0.060711 0.469699 1 0 1.000000
lowpoly_metal.053
0  -0.404943 -14.244356 7.321518  -0.473460 0.000146 -0.880815  0.060711 0.469699 1 0 1.000000
0  -0.433761 -1.524373 7.286874  -0.469021 -0.098238 -0.877706  0.060711 0.469699 1 0 1.000000
0  0.024517 -1.834394 7.092118  -0.461036 -0.061285 -0.885263  0.060711 0.469699 1 0 1.000000
lowpoly_metal.053
0  -0.409619 5.337453 8.496845  -0.933716 0.350453 -0.073198  0.039282 0.590557 1 0 1.000000
0  0.464263 5.337460 8.471774  0.748385 0.597019 -0.288944  0.039282 0.590557 1 0 1.000000
0  0.458667 5.040121 8.496846  0.377377 -0.125431 -0.917526  0.039282 0.590557 1 0 1.000000
lowpoly_metal.053
0  0.024521 -1.073688 8.191292  0.492215 -0.175781 0.852541  0.060711 0.469699 1 0 1.000000
0  0.024518 -1.834394 8.034447  0.492214 -0.175782 0.852541  0.060711 0.469699 1 0 1.000000
0  0.432558 -1.834394 7.798865  0.492215 -0.175781 0.852541  0.060711 0.469699 1 0 1.000000
lowpoly_metal.053
0  0.024521 -1.073688 6.935271  -0.497035 0.000897 -0.867730  0.060711 0.469699 1 0 1.000000
0  -0.433761 -1.524373 7.286874  -0.497074 0.000895 -0.867707  0.060711 0.469699 1 0 1.000000
0  -0.519350 1.319362 7.249279  -0.715856 0.570218 -0.402992  0.060711 0.469699 1 0 1.000000
lowpoly_metal.053
0  0.114912 9.663704 9.266517  0.035377 0.978058 0.205306  0.030078 0.588281 1 0 1.000000
0  0.301901 9.718607 9.247575  0.608850 0.625683 0.487671  0.030078 0.588281 1 0 1.000000
0  0.024523 9.718608 9.134824  0.000004 0.995687 -0.092772  0.030078 0.588281 1 0 1.000000
lowpoly_metal.053
0  0.301901 9.718607 9.247575  0.608850 0.625683 0.487671  0.030078 0.588281 1 0 1.000000
0  0.328492 9.663701 8.930970  0.814617 0.000112 -0.579999  0.030078 0.588281 1 0 1.000000
0  0.024523 9.718608 9.134824  0.000004 0.995687 -0.092772  0.030078 0.588281 1 0 1.000000
lowpoly_metal.053
0  0.328492 9.663701 8.930970  0.814617 0.000112 -0.579999  0.030078 0.588281 1 0 1.000000
0  -0.279442 9.663702 8.930970  -0.814611 0.000111 -0.580008  0.030078 0.588281 1 0 1.000000
0  0.024523 9.718608 9.134824  0.000004 0.995687 -0.092772  0.030078 0.588281 1 0 1.000000
lowpoly_metal.053
0  -0.279442 9.663702 8.930970  -0.814611 0.000111 -0.580008  0.030078 0.588281 1 0 1.000000
0  -0.252853 9.718605 9.247574  -0.608864 0.625674 0.487664  0.030078 0.588281 1 0 1.000000
0  0.024523 9.718608 9.134824  0.000004 0.995687 -0.092772  0.030078 0.588281 1 0 1.000000
lowpoly_metal.053
0  -0.201890 -14.247867 7.019898  -0.967602 0.050345 -0.247409  0.060711 0.469699 1 0 1.000000
0  -0.201971 -14.859984 6.771047  -0.967612 0.050370 -0.247365  0.060711 0.469699 1 0 1.000000
0  -0.302294 -14.859981 7.288012  -0.967603 0.050347 -0.247405  0.060711 0.469699 1 0 1.000000
lowpoly_metal.053
0  -0.449843 -16.011209 6.030236  0.000004 -1.000000 0.000002  0.060711 0.469699 1 0 1.000000
0  0.024518 -16.011209 5.756362  0.000004 -1.000000 0.000007  0.060711 0.469699 1 0 1.000000
0  0.498879 -16.011206 6.030236  0.000005 -1.000000 0.000001  0.060711 0.469699 1 0 1.000000
lowpoly_metal.053
0  0.498879 -16.011206 6.030236  0.000005 -1.000000 0.000001  0.060711 0.469699 1 0 1.000000
0  0.498879 -16.011206 6.577982  0.000008 -1.000000 0.000000  0.060711 0.469699 1 0 1.000000
0  0.024519 -16.011209 6.851856  0.000004 -1.000000 -0.000003  0.060711 0.469699 1 0 1.000000
lowpoly_metal.053
0  0.024519 -16.011209 6.851856  0.000004 -1.000000 -0.000003  0.060711 0.469699 1 0 1.000000
0  -0.449843 -16.011209 6.577982  0.000003 -1.000000 -0.000002  0.060711 0.469699 1 0 1.000000
0  0.498879 -16.011206 6.030236  0.000005 -1.000000 0.000001  0.060711 0.469699 1 0 1.000000
lowpoly_plastic.050
0  -0.303149 -8.358704 5.426126  -0.000001 -1.000000 -0.000003  0.075349 0.627009 1 0 1.000000
0  0.352188 -8.358700 5.426126  0.000006 -1.000000 -0.000014  0.075349 0.627009 1 0 1.000000
0  0.800800 -8.358706 6.012269  -0.000001 -1.000000 -0.000002  0.075349 0.627009 1 0 1.000000
lowpoly_plastic.050
0  0.800800 -8.358706 6.012269  -0.000001 -1.000000 -0.000002  0.075349 0.627009 1 0 1.000000
0  0.800800 -8.358706 7.328566  -0.000002 -1.000000 -0.000001  0.075349 0.627009 1 0 1.000000
0  -0.751760 -8.358702 7.328566  -0.000002 -1.000000 0.000000  0.075349 0.627009 1 0 1.000000
lowpoly_plastic.050
0  -0.751760 -8.358702 7.328566  -0.000002 -1.000000 0.000000  0.075349 0.627009 1 0 1.000000
0  -0.751761 -8.358702 6.012269  -0.000002 -1.000000 0.000001  0.075349 0.627009 1 0 1.000000
0  0.800800 -8.358706 6.012269  -0.000001 -1.000000 -0.000002  0.075349 0.627009 1 0 1.000000
lowpoly_plastic.050
0  0.795237 -4.667069 7.150018  0.999993 -0.002341 -0.002896  0.064370 0.664198 1 0 1.000000
0  0.792852 -4.790576 7.036644  0.999993 -0.002328 -0.002920  0.064370 0.664198 1 0 1.000000
0  0.789677 -4.543550 7.036344  0.999993 -0.002338 -0.002896  0.064370 0.664198 1 0 1.000000
lowpoly_plastic.050
0  0.792852 -4.790576 7.036644  0.999993 -0.002328 -0.002920  0.064370 0.664198 1 0 1.000000
0  0.788400 -4.790579 6.006368  0.999993 -0.002353 -0.002892  0.064370 0.664198 1 0 1.000000
0  0.794557 -4.543553 6.019646  0.999993 -0.002373 -0.002877  0.064370 0.664198 1 0 1.000000
lowpoly_metal.053
0  0.024517 -14.244351 7.073570  0.500000 0.001336 -0.866024  0.060711 0.469699 1 0 1.000000
0  0.448618 -14.244353 7.318425  0.500000 0.001336 -0.866024  0.060711 0.469699 1 0 1.000000
0  0.447661 -15.606486 7.315705  0.499966 -0.012038 -0.865961  0.060711 0.469699 1 0 1.000000
lowpoly_metal.053
0  -0.404943 -14.244356 7.321518  -0.473460 0.000146 -0.880815  0.060711 0.469699 1 0 1.000000
0  0.024517 -14.244351 7.073570  -0.473515 0.000149 -0.880786  0.060711 0.469699 1 0 1.000000
0  0.024515 -15.606486 7.071401  -0.508860 -0.011681 -0.860770  0.060711 0.469699 1 0 1.000000
lowpoly_plastic.050
0  0.791499 -5.017834 6.020847  0.795858 -0.000056 -0.605484  0.064370 0.664198 1 0 1.000000
0  0.794577 -5.264866 6.014469  0.795852 -0.000081 -0.605492  0.064370 0.664198 1 0 1.000000
0  0.349589 -5.264873 5.438816  0.795850 -0.000081 -0.605494  0.064370 0.664198 1 0 1.000000
lowpoly_metal.053
0  0.163805 6.830441 5.751916  -0.000000 0.032889 0.999459  0.074523 0.389844 1 0 1.000000
0  0.163805 7.595501 5.726740  -0.000002 0.032890 0.999459  0.074523 0.389844 1 0 1.000000
0  -0.114756 7.595502 5.726740  -0.000002 0.032890 0.999459  0.074523 0.389844 1 0 1.000000
lowpoly_plastic.050
0  0.800797 0.974637 5.721643  0.947542 0.172798 -0.268896  0.075349 0.627009 1 0 1.000000
0  0.352193 0.974641 5.135504  0.753782 0.357204 -0.551560  0.075349 0.627009 1 0 1.000000
0  0.352196 1.357495 5.356516  0.437063 0.833582 -0.337813  0.075349 0.627009 1 0 1.000000
lowpoly_plastic.050
0  0.352189 -1.128665 5.135503  0.794107 0.000001 -0.607779  0.075349 0.627009 1 0 1.000000
0  0.352193 0.974641 5.135504  0.794110 -0.000001 -0.607774  0.075349 0.627009 1 0 1.000000
0  0.800797 0.974637 5.721643  0.794109 -0.000001 -0.607776  0.075349 0.627009 1 0 1.000000
lowpoly_metal.053
0  0.024517 -14.860385 6.891851  -0.499999 -0.000003 0.866026  0.060711 0.469699 1 0 1.000000
0  0.024518 -14.318908 6.891851  -0.499996 0.000001 0.866028  0.060711 0.469699 1 0 1.000000
0  -0.484486 -14.318912 6.597981  -0.499999 -0.000003 0.866026  0.060711 0.469699 1 0 1.000000
lowpoly_metal.053
0  0.111506 1.340595 7.544467  -0.907087 0.012954 0.420744  0.060711 0.469699 1 0 1.000000
0  0.012859 1.340594 7.692912  0.009118 0.000063 -0.999958  0.060711 0.469699 1 0 1.000000
0  0.036183 2.832553 7.692914  -0.007591 -0.555448 -0.831517  0.060711 0.469699 1 0 1.000000
lowpoly_metal.053
0  0.024517 -14.860385 6.891851  0.500000 0.000002 0.866026  0.060711 0.469699 1 0 1.000000
0  0.533520 -14.860381 6.597980  0.499999 0.000004 0.866026  0.060711 0.469699 1 0 1.000000
0  0.533515 -14.318912 6.597980  0.500000 0.000002 0.866026  0.060711 0.469699 1 0 1.000000
lowpoly_metal.053
0  -0.484480 -14.860385 6.010239  -0.500000 -0.000004 -0.866026  0.060711 0.469699 1 0 1.000000
0  -0.484486 -14.318912 6.010238  -0.499997 -0.000007 -0.866027  0.060711 0.469699 1 0 1.000000
0  0.024518 -14.318908 5.716367  -0.500000 -0.000004 -0.866025  0.060711 0.469699 1 0 1.000000
lowpoly_metal.053
0  -0.397010 1.784146 6.077470  -0.287642 0.793860 0.535769  0.060711 0.469699 1 0 1.000000
0  -0.441898 -14.885755 6.039419  -0.999733 0.006955 0.022019  0.060711 0.469699 1 0 1.000000
0  -0.433945 -14.885754 6.573394  -0.999734 0.006960 0.021986  0.060711 0.469699 1 0 1.000000
lowpoly_metal.053
0  0.024518 -16.011209 5.756362  0.493582 0.010590 -0.869635  0.060711 0.469699 1 0 1.000000
0  0.020541 -14.885753 5.772429  0.480794 0.006953 -0.876806  0.060711 0.469699 1 0 1.000000
0  0.486953 -14.885759 6.032534  0.480805 0.006957 -0.876800  0.060711 0.469699 1 0 1.000000
lowpoly_metal.053
0  -0.339050 -12.515281 6.094203  0.999466 0.003055 -0.032545  0.060711 0.469699 1 0 1.000000
0  -0.397010 1.784146 6.077470  -0.287642 0.793860 0.535769  0.060711 0.469699 1 0 1.000000
0  -0.368029 1.784144 6.547481  -0.262720 0.800259 0.539039  0.060711 0.469699 1 0 1.000000
lowpoly_metal.053
0  -0.449843 -16.011209 6.030236  -0.499972 0.010595 -0.865976  0.060711 0.469699 1 0 1.000000
0  -0.441898 -14.885755 6.039419  -0.499988 0.006963 -0.866004  0.060711 0.469699 1 0 1.000000
0  0.020541 -14.885753 5.772429  -0.499988 0.006974 -0.866004  0.060711 0.469699 1 0 1.000000
end
