version 1
nodes
0 "ValveBiped.Bip01_Spine4" -1
1 "ValveBiped.Bip01_L_Clavicle" 0
2 "ValveBiped.Bip01_L_UpperArm" 1
3 "ValveBiped.Bip01_L_Forearm" 2
4 "ValveBiped.Bip01_L_Hand" 3
5 "ValveBiped.Bip01_L_Finger4" 4
6 "ValveBiped.Bip01_L_Finger41" 5
7 "ValveBiped.Bip01_L_Finger42" 6
8 "ValveBiped.Bip01_L_Finger3" 4
9 "ValveBiped.Bip01_L_Finger31" 8
10 "ValveBiped.Bip01_L_Finger32" 9
11 "ValveBiped.Bip01_L_Finger2" 4
12 "ValveBiped.Bip01_L_Finger21" 11
13 "ValveBiped.Bip01_L_Finger22" 12
14 "ValveBiped.Bip01_L_Finger1" 4
15 "ValveBiped.Bip01_L_Finger11" 14
16 "ValveBiped.Bip01_L_Finger12" 15
17 "ValveBiped.Bip01_L_Finger0" 4
18 "ValveBiped.Bip01_L_Finger01" 17
19 "ValveBiped.Bip01_L_Finger02" 18
20 "ValveBiped.Bip01_L_Ulna" 3
21 "ValveBiped.Bip01_L_Wrist" 3
22 "rig_l_upperarm" 1
23 "rig_l_forearm" 22
24 "rig_d_l_forearm" 23
25 "rig_d_l_upperarm" 22
26 "ValveBiped.Bip01_R_Clavicle" 0
27 "ValveBiped.Bip01_R_UpperArm" 26
28 "ValveBiped.Bip01_R_Forearm" 27
29 "ValveBiped.Bip01_R_Hand" 28
30 "ValveBiped.Bip01_R_Finger4" 29
31 "ValveBiped.Bip01_R_Finger41" 30
32 "ValveBiped.Bip01_R_Finger42" 31
33 "ValveBiped.Bip01_R_Finger3" 29
34 "ValveBiped.Bip01_R_Finger31" 33
35 "ValveBiped.Bip01_R_Finger32" 34
36 "ValveBiped.Bip01_R_Finger2" 29
37 "ValveBiped.Bip01_R_Finger21" 36
38 "ValveBiped.Bip01_R_Finger22" 37
39 "ValveBiped.Bip01_R_Finger1" 29
40 "ValveBiped.Bip01_R_Finger11" 39
41 "ValveBiped.Bip01_R_Finger12" 40
42 "ValveBiped.Bip01_R_Finger0" 29
43 "ValveBiped.Bip01_R_Finger01" 42
44 "ValveBiped.Bip01_R_Finger02" 43
45 "ValveBiped.Bip01_R_Ulna" 28
46 "ValveBiped.Bip01_R_Wrist" 28
47 "rig_r_upperarm" 26
48 "rig_r_forearm" 47
49 "rig_d_r_forearm" 48
50 "rig_d_r_upperarm" 47
51 "rig_r_hand" -1
52 "rig_d_r_hand" 51
53 "rig_d_r_wrist" 52
54 "rig_l_hand" -1
55 "rig_d_l_hand" 54
56 "rig_d_l_wrist" 54
57 "rig_l_pole" -1
58 "rig_r_pole" -1
59 "rig_l_clavicle" -1
60 "rig_d_l_clavicle" 59
61 "rig_r_clavicle" -1
62 "rig_d_r_clavicle" 61
63 "Camera" -1
64 "body" -1
65 "trigger" 64
66 "barrel" 64
67 "bulletdoor" 64
68 "pump" 64
69 "bolt" 68
70 "tac" 68
71 "bullet2" 64
72 "catch" 64
73 "hookontop" 64
74 "bullet1" -1
end
skeleton
time 0
0  0.000006 0.000000 0.000000  -1.570800 -1.391899 -1.570792
1  -4.849906 3.337897 2.232070  -1.544956 -1.855077 -0.198630
2  6.027514 -0.000327 0.000200  -1.012745 -0.190138 -0.223085
3  11.692107 0.000645 -0.000739  -1.384600 -0.000047 -1.871058
4  11.479278 0.000525 -0.001172  -0.057140 -1.441523 -0.155176
5  3.859509 -0.142880 -1.192049  -0.507739 -0.034586 -1.573166
6  1.312589 0.000012 0.000006  -0.099219 -0.080836 -0.578266
7  0.729353 0.000053 0.000049  -0.083327 -0.106005 -0.262589
8  3.942143 0.046271 -0.431513  -0.423826 0.326055 -0.977403
9  1.539111 0.000085 0.000007  0.011526 -0.070624 -1.101829
10  1.196334 0.000147 0.000029  0.007038 -0.000117 -0.629733
11  3.883504 -0.047270 0.431381  -0.232037 0.533715 -0.537849
12  1.719573 -0.000025 0.000015  0.011709 -0.105542 -1.237432
13  1.209180 0.000090 0.000011  -0.006673 -0.001106 -0.502906
14  3.859663 -0.138477 1.332409  0.013813 0.511197 -0.350141
15  1.719452 -0.000013 0.000023  -0.022509 0.019639 -0.287088
16  1.099675 0.000048 0.000005  -0.286525 0.346051 -1.053593
17  0.770794 -0.901442 1.177685  -1.865794 -0.596007 -0.315192
18  1.789820 -0.000004 -0.000017  0.005558 0.090197 0.395774
19  1.207017 -0.000011 -0.000042  0.141886 -0.163086 0.233767
20  5.740636 0.000408 -0.000701  -0.211002 0.000003 0.000071
21  11.480865 0.000320 -0.000892  -0.234311 -0.223540 -0.249747
22  6.027524 -0.000329 0.000203  -0.561371 -1.933573 -1.262407
23  0.000002 11.692098 -0.000008  -1.247716 -0.693044 -0.929956
24  0.000002 0.000007 0.000001  -0.515490 -0.000031 1.570739
25  -0.000000 -0.000011 -0.000001  0.868957 0.000002 1.570712
26  -6.617934 -9.178503 0.826812  1.473120 1.855075 -0.198639
27  6.027519 -0.000262 -0.000227  0.186888 1.233222 -1.931764
28  11.691986 0.000245 0.000856  0.141355 -0.000000 -0.007068
29  12.581508 0.003174 0.000461  1.814162 -0.967274 1.759524
30  3.859436 -0.132787 1.193063  0.466149 -0.051826 -1.783918
31  1.312558 0.000025 0.000000  -0.013965 -0.041043 -0.156447
32  0.729345 0.000065 -0.000027  -0.128320 -0.117290 -0.954857
33  3.942047 0.050110 0.430997  0.211501 -0.107596 -1.469120
34  1.539096 0.000009 0.000000  0.040712 -0.054386 -1.030469
35  1.196301 0.000074 -0.000004  -0.249391 -0.043040 -0.795121
36  3.883412 -0.050501 -0.431087  0.186407 -0.271796 -1.212184
37  1.719563 -0.000078 -0.000002  0.020974 -0.107650 -1.483528
38  1.209197 0.000036 0.000011  -0.324719 0.069674 -0.493483
39  3.859586 -0.149111 -1.331323  -0.094938 -0.084955 -0.411363
40  1.719412 -0.000100 -0.000035  -0.011248 0.001677 -0.960922
41  1.099673 0.000024 0.000006  -0.004984 -0.008084 -0.787926
42  0.805979 -0.359853 -1.318336  0.991669 0.166767 -0.799535
43  1.789780 -0.000010 -0.000042  0.000057 -0.002451 0.133097
44  1.206996 -0.000006 0.000005  0.000372 -0.000070 1.058781
45  5.740572 0.000054 0.000724  -0.105609 -0.000014 0.000021
46  11.701245 0.000670 0.000842  -0.254711 -0.389461 -0.051919
47  6.027514 -0.000273 -0.000238  -1.742010 -0.292463 -1.391526
48  -0.000002 11.691974 -0.000006  -0.005409 0.000036 0.004572
49  0.000004 -0.000001 -0.000000  2.413975 -0.000041 1.570856
50  -0.000007 -0.000015 0.000005  2.272644 -0.000030 1.570865
51  0.552062 -12.056257 -14.603850  -0.358555 2.179257 -2.125476
52  0.000000 -0.000000 0.000000  0.008153 -0.000259 0.000009
53  0.000000 0.000000 0.000001  1.565115 0.043565 -0.106862
54  10.702998 -13.134319 -15.290507  -1.586828 0.438332 -0.749702
55  0.000002 0.000000 -0.000002  0.000000 -0.000000 -0.000002
56  0.000032 0.000029 -0.000001  -1.571901 -0.044449 -0.106509
57  21.954910 -13.297854 -19.933834  1.570796 -0.000000 0.000000
58  -15.417985 4.000748 -22.641926  1.570796 -0.000000 0.000000
59  2.236387 -2.421983 -5.367696  1.570796 -0.000000 0.000000
60  -0.004311 0.001230 -0.000371  0.006898 -0.005534 -0.284229
61  0.826810 10.209643 -4.879054  1.570796 -0.000000 0.000000
62  0.000000 0.000000 0.000000  -0.078727 -3.136056 0.284226
63  0.000000 0.000000 0.000000  1.570796 -0.000000 0.000000
64  6.300438 -10.955262 -9.689764  2.120021 0.552157 1.436257
65  -0.109380 -1.951952 -1.519203  0.000000 0.000000 0.000000
66  -0.109378 0.057025 25.399254  0.000000 0.000000 0.000000
67  -0.109380 -1.856730 0.287230  0.000000 0.000000 0.000000
68  -0.104047 -4.495924 7.879278  0.000000 0.000000 0.000000
69  -0.195264 4.332630 -6.347188  0.000000 0.000000 0.000000
70  -1.290114 3.693283 8.579668  0.022713 -0.014049 -0.017451
71  -0.121471 -1.314582 7.402089  0.000000 0.000000 0.000000
72  -1.107528 -1.063452 4.061649  0.000000 0.000000 0.000000
73  0.003659 1.612363 10.733984  0.000000 0.000000 -0.361837
74  9.737033 -13.546976 -12.886427  2.120021 0.552157 1.436257
time 1
0  0.000006 0.000000 0.000000  -1.570800 -1.391899 -1.570792
1  -4.849906 3.337897 2.232070  -1.544956 -1.855077 -0.198630
2  6.027514 -0.000327 0.000200  -1.031417 -0.204475 -0.242925
3  11.692104 0.000644 -0.000739  -1.384600 -0.000047 -1.863898
4  11.479342 0.000531 -0.001140  -0.023785 -1.433882 -0.145715
5  3.859512 -0.142879 -1.192049  -0.507739 -0.034586 -1.573166
6  1.312590 0.000012 0.000007  -0.099219 -0.080836 -0.578266
7  0.729355 0.000050 0.000049  -0.083327 -0.106005 -0.262589
8  3.942145 0.046274 -0.431511  -0.423826 0.326055 -0.977403
9  1.539110 0.000085 0.000004  0.011526 -0.070624 -1.101829
10  1.196333 0.000141 0.000030  0.007038 -0.000117 -0.629733
11  3.883506 -0.047269 0.431383  -0.232037 0.533715 -0.537849
12  1.719571 -0.000028 0.000016  0.011709 -0.105542 -1.237432
13  1.209178 0.000091 0.000013  -0.006673 -0.001106 -0.502906
14  3.859663 -0.138475 1.332411  0.013813 0.511197 -0.350141
15  1.719451 -0.000010 0.000021  -0.022509 0.019639 -0.287088
16  1.099676 0.000049 0.000005  -0.286525 0.346051 -1.053593
17  0.770795 -0.901442 1.177687  -1.865794 -0.596007 -0.315192
18  1.789820 -0.000004 -0.000014  0.005558 0.090197 0.395774
19  1.207016 -0.000011 -0.000045  0.141886 -0.163086 0.233768
20  5.740635 0.000410 -0.000702  -0.213210 0.000003 0.000071
21  11.480876 0.000321 -0.000887  -0.229303 -0.224791 -0.242886
22  6.027524 -0.000329 0.000203  -0.569665 -1.956630 -1.278187
23  0.000002 11.692096 -0.000008  -1.243469 -0.688664 -0.928040
24  0.000002 0.000007 -0.000002  -0.515490 -0.000030 1.570739
25  -0.000000 -0.000012 -0.000000  0.868957 0.000002 1.570712
26  -6.617934 -9.178503 0.826812  1.473120 1.855075 -0.198639
27  6.027519 -0.000262 -0.000227  0.184019 1.245311 -1.940485
28  11.691988 0.000244 0.000855  0.141355 -0.000000 -0.007068
29  12.541983 0.003067 0.000475  1.855495 -0.985922 1.748573
30  3.859437 -0.132788 1.193063  0.466149 -0.051826 -1.783918
31  1.312558 0.000029 0.000002  -0.013965 -0.041044 -0.156447
32  0.729345 0.000064 -0.000028  -0.128320 -0.117290 -0.954857
33  3.942045 0.050109 0.430997  0.211501 -0.107596 -1.469120
34  1.539097 0.000010 0.000002  0.040712 -0.054386 -1.030469
35  1.196300 0.000075 -0.000005  -0.249391 -0.043040 -0.795121
36  3.883411 -0.050502 -0.431087  0.186407 -0.271796 -1.212184
37  1.719564 -0.000077 -0.000004  0.020974 -0.107650 -1.483528
38  1.209196 0.000038 0.000010  -0.324719 0.069674 -0.493484
39  3.859585 -0.149112 -1.331323  -0.094938 -0.084955 -0.411363
40  1.719411 -0.000100 -0.000036  -0.011248 0.001677 -0.960922
41  1.099674 0.000026 0.000007  -0.004984 -0.008084 -0.787926
42  0.805978 -0.359854 -1.318338  0.991669 0.166767 -0.799535
43  1.789782 -0.000010 -0.000042  0.000057 -0.002451 0.133097
44  1.206996 -0.000006 0.000006  0.000373 -0.000070 1.058782
45  5.740572 0.000055 0.000723  -0.105681 -0.000014 0.000021
46  11.693340 0.000650 0.000845  -0.248656 -0.385902 -0.049766
47  6.027514 -0.000273 -0.000238  -1.736356 -0.281618 -1.399136
48  -0.000001 11.691973 -0.000006  -0.005408 0.000036 0.004572
49  0.000003 -0.000001 -0.000000  2.413975 -0.000041 1.570856
50  -0.000005 -0.000016 0.000005  2.272644 -0.000030 1.570865
51  0.432871 -12.137385 -14.336031  2.770309 0.961674 0.961495
52  -0.000001 -0.000000 -0.000003  0.008153 -0.000259 0.000009
53  -0.000000 -0.000000 0.000000  1.565115 0.043565 -0.106862
54  10.531141 -13.365063 -15.152817  -1.579272 0.440191 -0.769180
55  0.000002 -0.000001 -0.000001  0.000000 -0.000000 -0.000002
56  0.000032 0.000028 0.000001  -1.571901 -0.044449 -0.106509
57  21.954910 -13.297854 -19.933834  1.570796 -0.000000 0.000000
58  -15.417985 4.000748 -22.641926  1.570796 -0.000000 0.000000
59  2.236387 -2.421983 -5.367696  1.570796 -0.000000 0.000000
60  -0.004311 0.001230 -0.000371  0.006898 -0.005534 -0.284229
61  0.826810 10.209643 -4.879054  1.570796 -0.000000 0.000000
62  0.000000 0.000000 0.000000  -0.078727 -3.136056 0.284226
63  0.000000 0.000000 0.000000  1.570744 -0.000444 -0.000064
64  6.159942 -11.121402 -9.553018  2.117193 0.545494 1.412090
65  -0.109378 -1.951952 -1.519205  0.000000 0.000000 -0.000000
66  -0.109376 0.057025 25.399250  0.000000 0.000000 -0.000000
67  -0.109378 -1.856731 0.287229  0.000000 0.000000 -0.000000
68  -0.104047 -4.495923 7.879277  0.000000 0.000000 -0.000000
69  -0.195263 4.332630 -6.347188  0.000000 0.000000 -0.000000
70  -1.290110 3.693283 8.579668  0.022713 -0.014049 -0.017451
71  -0.121469 -1.314581 7.402088  0.000000 0.000000 -0.000000
72  -1.107528 -1.063454 4.061646  0.000000 0.000000 -0.000000
73  0.003660 1.612363 10.733983  0.000000 0.000000 -0.362042
74  9.547825 -13.770586 -12.754564  2.117193 0.545494 1.412090
time 2
0  0.000006 0.000000 0.000000  -1.570800 -1.391899 -1.570792
1  -4.849906 3.337897 2.232070  -1.544956 -1.855077 -0.198630
2  6.027514 -0.000326 0.000200  -1.076727 -0.250146 -0.293677
3  11.692105 0.000645 -0.000738  -1.384599 -0.000045 -1.840459
4  11.479550 0.000556 -0.001019  0.041288 -1.413303 -0.098451
5  3.859507 -0.142880 -1.192051  -0.507739 -0.034586 -1.573166
6  1.312588 0.000011 0.000007  -0.099219 -0.080836 -0.578266
7  0.729355 0.000053 0.000048  -0.083327 -0.106005 -0.262589
8  3.942141 0.046272 -0.431514  -0.423826 0.326055 -0.977403
9  1.539112 0.000084 0.000006  0.011526 -0.070624 -1.101829
10  1.196332 0.000142 0.000028  0.007038 -0.000117 -0.629733
11  3.883502 -0.047271 0.431381  -0.232037 0.533715 -0.537849
12  1.719576 -0.000027 0.000015  0.011709 -0.105542 -1.237432
13  1.209179 0.000091 0.000012  -0.006673 -0.001106 -0.502906
14  3.859660 -0.138476 1.332408  0.013813 0.511197 -0.350141
15  1.719450 -0.000013 0.000022  -0.022509 0.019639 -0.287088
16  1.099674 0.000048 0.000006  -0.286525 0.346051 -1.053593
17  0.770792 -0.901443 1.177684  -1.865794 -0.596008 -0.315192
18  1.789819 -0.000003 -0.000017  0.005558 0.090197 0.395774
19  1.207016 -0.000013 -0.000045  0.141886 -0.163086 0.233767
20  5.740636 0.000411 -0.000703  -0.218321 0.000003 0.000071
21  11.480917 0.000326 -0.000862  -0.216663 -0.228007 -0.224515
22  6.027524 -0.000329 0.000203  -0.609076 -2.018121 -1.303096
23  0.000003 11.692098 -0.000007  -1.229595 -0.674371 -0.921648
24  0.000003 0.000007 0.000001  -0.515490 -0.000031 1.570739
25  -0.000000 -0.000012 -0.000000  0.868957 0.000002 1.570712
26  -6.617934 -9.178503 0.826812  1.473120 1.855075 -0.198639
27  6.027519 -0.000262 -0.000226  0.173705 1.278326 -1.966389
28  11.691987 0.000245 0.000855  0.141355 -0.000000 -0.007066
29  12.456527 0.002833 0.000501  -1.158732 -2.105110 -1.436121
30  3.859435 -0.132787 1.193061  0.466149 -0.051826 -1.783918
31  1.312558 0.000025 -0.000001  -0.013965 -0.041044 -0.156447
32  0.729345 0.000065 -0.000029  -0.128320 -0.117290 -0.954857
33  3.942047 0.050109 0.430998  0.211501 -0.107596 -1.469120
34  1.539097 0.000011 -0.000000  0.040712 -0.054386 -1.030469
35  1.196300 0.000077 -0.000004  -0.249391 -0.043040 -0.795121
36  3.883413 -0.050502 -0.431085  0.186407 -0.271796 -1.212184
37  1.719564 -0.000079 -0.000003  0.020974 -0.107650 -1.483528
38  1.209196 0.000036 0.000013  -0.324719 0.069674 -0.493484
39  3.859585 -0.149112 -1.331322  -0.094938 -0.084955 -0.411363
40  1.719413 -0.000099 -0.000033  -0.011248 0.001677 -0.960922
41  1.099673 0.000027 0.000007  -0.004984 -0.008084 -0.787926
42  0.805980 -0.359854 -1.318338  0.991669 0.166767 -0.799535
43  1.789779 -0.000009 -0.000042  0.000057 -0.002451 0.133097
44  1.206996 -0.000004 0.000005  0.000372 -0.000070 1.058782
45  5.740571 0.000054 0.000723  -0.105146 -0.000014 0.000021
46  11.676250 0.000602 0.000850  -0.231940 -0.375464 -0.043599
47  6.027514 -0.000273 -0.000238  -1.721416 -0.251750 -1.419150
48  -0.000001 11.691973 -0.000006  -0.005407 0.000036 0.004571
49  0.000004 -0.000001 -0.000001  2.413975 -0.000041 1.570856
50  -0.000006 -0.000016 0.000005  2.272644 -0.000030 1.570865
51  0.100079 -12.361362 -13.613414  2.734397 0.956472 0.808215
52  0.000000 0.000000 0.000001  0.008153 -0.000259 0.000009
53  -0.000000 0.000000 0.000001  1.565115 0.043565 -0.106862
54  10.053837 -14.005453 -14.762904  -1.557583 0.444324 -0.823150
55  -0.000002 0.000001 0.000001  0.000000 -0.000000 -0.000002
56  0.000029 0.000030 0.000002  -1.571901 -0.044449 -0.106509
57  21.761837 -13.375880 -19.896158  1.570796 -0.000000 0.000000
58  -15.417985 4.000748 -22.641926  1.570796 -0.000000 0.000000
59  2.236387 -2.421983 -5.367696  1.570796 -0.000000 0.000000
60  -0.004311 0.001230 -0.000371  0.006898 -0.005534 -0.284229
61  0.826810 10.209643 -4.879054  1.570796 -0.000000 0.000000
62  0.000000 0.000000 0.000000  -0.078727 -3.136056 0.284226
63  0.000000 0.000000 0.000000  1.570604 -0.001589 -0.000240
64  5.768070 -11.581202 -9.172344  2.108209 0.527010 1.344247
65  -0.109379 -1.951951 -1.519203  -0.000000 0.000000 0.000000
66  -0.109379 0.057026 25.399256  -0.000000 0.000000 0.000000
67  -0.109378 -1.856732 0.287232  -0.000000 0.000000 0.000000
68  -0.104048 -4.495924 7.879278  -0.000000 0.000000 0.000000
69  -0.195263 4.332630 -6.347187  -0.000000 0.000000 0.000000
70  -1.290111 3.693284 8.579668  0.022713 -0.014049 -0.017451
71  -0.121471 -1.314582 7.402090  -0.000000 0.000000 0.000000
72  -1.107527 -1.063453 4.061649  -0.000000 0.000000 0.000000
73  0.003658 1.612362 10.733984  -0.000000 -0.000000 -0.362592
74  9.019039 -14.386969 -12.382437  2.108209 0.527009 1.344247
time 3
0  0.000006 0.000000 0.000000  -1.570800 -1.391899 -1.570792
1  -4.849906 3.337897 2.232070  -1.544956 -1.855077 -0.198630
2  6.027514 -0.000326 0.000199  -1.130094 -0.329632 -0.362315
3  11.692107 0.000645 -0.000739  -1.384599 -0.000042 -1.796844
4  11.479944 0.000599 -0.000781  0.106448 -1.381493 -0.007161
5  3.859507 -0.142881 -1.192049  -0.507739 -0.034586 -1.573166
6  1.312589 0.000011 0.000006  -0.099219 -0.080836 -0.578266
7  0.729356 0.000056 0.000050  -0.083327 -0.106005 -0.262589
8  3.942141 0.046273 -0.431513  -0.423826 0.326055 -0.977403
9  1.539110 0.000084 0.000005  0.011526 -0.070624 -1.101829
10  1.196333 0.000144 0.000031  0.007038 -0.000117 -0.629733
11  3.883502 -0.047269 0.431382  -0.232037 0.533715 -0.537849
12  1.719575 -0.000027 0.000014  0.011709 -0.105542 -1.237432
13  1.209178 0.000091 0.000011  -0.006673 -0.001106 -0.502906
14  3.859660 -0.138475 1.332408  0.013813 0.511197 -0.350141
15  1.719449 -0.000012 0.000022  -0.022509 0.019639 -0.287088
16  1.099676 0.000049 0.000004  -0.286525 0.346051 -1.053593
17  0.770792 -0.901443 1.177686  -1.865794 -0.596008 -0.315192
18  1.789817 -0.000005 -0.000018  0.005558 0.090197 0.395774
19  1.207016 -0.000012 -0.000045  0.141886 -0.163086 0.233767
20  5.740637 0.000411 -0.000701  -0.223512 0.000003 0.000071
21  11.480996 0.000336 -0.000815  -0.200123 -0.231678 -0.198086
22  6.027524 -0.000329 0.000203  -0.688977 -2.104866 -1.316456
23  0.000003 11.692099 -0.000008  -1.203878 -0.647962 -0.909281
24  0.000003 0.000008 -0.000001  -0.515490 -0.000031 1.570739
25  0.000000 -0.000011 -0.000001  0.868957 0.000002 1.570712
26  -6.617934 -9.178503 0.826812  1.473120 1.855075 -0.198639
27  6.027519 -0.000263 -0.000226  0.149585 1.326922 -2.012470
28  11.691987 0.000245 0.000856  0.141355 -0.000000 -0.007065
29  12.345128 0.002531 0.000535  -0.921455 -2.036873 -1.545869
30  3.859437 -0.132787 1.193061  0.466149 -0.051826 -1.783918
31  1.312558 0.000027 0.000002  -0.013965 -0.041043 -0.156447
32  0.729344 0.000066 -0.000028  -0.128320 -0.117290 -0.954857
33  3.942046 0.050110 0.430995  0.211501 -0.107596 -1.469120
34  1.539096 0.000011 0.000001  0.040712 -0.054386 -1.030469
35  1.196299 0.000075 -0.000004  -0.249391 -0.043040 -0.795120
36  3.883412 -0.050501 -0.431088  0.186407 -0.271796 -1.212184
37  1.719563 -0.000078 -0.000003  0.020974 -0.107650 -1.483528
38  1.209197 0.000036 0.000012  -0.324719 0.069674 -0.493483
39  3.859585 -0.149111 -1.331324  -0.094938 -0.084955 -0.411363
40  1.719411 -0.000098 -0.000035  -0.011248 0.001677 -0.960922
41  1.099673 0.000026 0.000007  -0.004984 -0.008084 -0.787926
42  0.805980 -0.359854 -1.318339  0.991670 0.166767 -0.799535
43  1.789779 -0.000009 -0.000042  0.000057 -0.002451 0.133097
44  1.206998 -0.000007 0.000005  0.000372 -0.000070 1.058782
45  5.740571 0.000056 0.000723  -0.102591 -0.000014 0.000021
46  11.653970 0.000542 0.000856  -0.207124 -0.358193 -0.033475
47  6.027514 -0.000273 -0.000238  -1.700632 -0.207112 -1.446694
48  -0.000001 11.691973 -0.000006  -0.005406 0.000036 0.004570
49  0.000002 -0.000001 0.000000  2.413975 -0.000041 1.570856
50  -0.000007 -0.000015 0.000005  2.272644 -0.000030 1.570865
51  -0.418896 -12.656292 -12.556935  2.682530 0.940119 0.575425
52  0.000000 0.000000 -0.000003  0.008153 -0.000259 0.000009
53  0.000001 0.000001 -0.000001  1.565115 0.043565 -0.106862
54  9.323833 -14.953795 -14.154594  -1.523183 0.448569 -0.904808
55  0.000000 0.000001 0.000001  0.000000 -0.000000 -0.000002
56  0.000031 0.000030 0.000001  -1.571901 -0.044449 -0.106509
57  21.178564 -13.611592 -19.782339  1.570796 -0.000000 0.000000
58  -15.417985 4.000748 -22.641926  1.570796 -0.000000 0.000000
59  2.236387 -2.421983 -5.367696  1.570796 -0.000000 0.000000
60  -0.004311 0.001230 -0.000371  0.006898 -0.005534 -0.284229
61  0.826810 10.209643 -4.879054  1.570796 -0.000000 0.000000
62  0.000000 0.000000 0.000000  -0.078727 -3.136056 0.284226
63  0.000000 0.000000 0.000000  1.570401 -0.003154 -0.000507
64  5.169251 -12.252460 -8.592095  2.092596 0.498801 1.240074
65  -0.109379 -1.951951 -1.519206  0.000000 -0.000000 0.000000
66  -0.109379 0.057027 25.399254  0.000000 -0.000000 0.000000
67  -0.109378 -1.856731 0.287228  0.000000 -0.000000 0.000000
68  -0.104048 -4.495923 7.879276  0.000000 -0.000000 0.000000
69  -0.195264 4.332630 -6.347187  0.000000 -0.000000 0.000000
70  -1.290112 3.693282 8.579668  0.022713 -0.014049 -0.017451
71  -0.121469 -1.314581 7.402087  0.000000 -0.000000 0.000000
72  -1.107528 -1.063452 4.061648  0.000000 -0.000000 0.000000
73  0.003659 1.612364 10.733982  -0.000000 0.000000 -0.363392
74  8.205190 -15.286672 -11.804954  2.092596 0.498801 1.240074
time 4
0  0.000006 0.000000 0.000000  -1.570800 -1.391899 -1.570792
1  -4.849906 3.337897 2.232070  -1.544956 -1.855077 -0.198630
2  6.027514 -0.000325 0.000198  -1.176398 -0.438620 -0.440529
3  11.692105 0.000644 -0.000738  -1.384597 -0.000037 -1.730821
4  11.480550 0.000674 -0.000381  0.179365 -1.337325 0.100368
5  3.859509 -0.142878 -1.192051  -0.507739 -0.034586 -1.573166
6  1.312591 0.000011 0.000008  -0.099219 -0.080836 -0.578266
7  0.729354 0.000054 0.000050  -0.083327 -0.106005 -0.262589
8  3.942144 0.046273 -0.431513  -0.423826 0.326055 -0.977403
9  1.539111 0.000085 0.000006  0.011526 -0.070624 -1.101829
10  1.196333 0.000143 0.000029  0.007038 -0.000117 -0.629733
11  3.883505 -0.047269 0.431380  -0.232037 0.533715 -0.537849
12  1.719574 -0.000027 0.000015  0.011709 -0.105542 -1.237432
13  1.209178 0.000090 0.000013  -0.006673 -0.001106 -0.502906
14  3.859663 -0.138475 1.332409  0.013813 0.511197 -0.350141
15  1.719450 -0.000011 0.000021  -0.022509 0.019639 -0.287088
16  1.099674 0.000050 0.000005  -0.286525 0.346051 -1.053593
17  0.770794 -0.901441 1.177686  -1.865794 -0.596007 -0.315192
18  1.789817 -0.000002 -0.000018  0.005558 0.090197 0.395774
19  1.207017 -0.000013 -0.000044  0.141886 -0.163086 0.233767
20  5.740636 0.000410 -0.000704  -0.225934 0.000003 0.000071
21  11.481116 0.000351 -0.000735  -0.182216 -0.233699 -0.166629
22  6.027524 -0.000329 0.000203  -0.798435 -2.205361 -1.320610
23  0.000001 11.692099 -0.000007  -1.165114 -0.608483 -0.889436
24  0.000005 0.000007 -0.000002  -0.515490 -0.000031 1.570739
25  -0.000001 -0.000013 -0.000000  0.868957 0.000002 1.570712
26  -6.617934 -9.178503 0.826812  1.473120 1.855075 -0.198639
27  6.027520 -0.000263 -0.000225  0.094781 1.385047 -2.092199
28  11.691988 0.000244 0.000856  0.141355 -0.000000 -0.007063
29  12.177885 0.002078 0.000589  -0.530387 -1.978838 -1.777081
30  3.859436 -0.132786 1.193063  0.466149 -0.051826 -1.783918
31  1.312558 0.000026 0.000001  -0.013965 -0.041043 -0.156447
32  0.729344 0.000066 -0.000026  -0.128320 -0.117290 -0.954857
33  3.942046 0.050110 0.430997  0.211501 -0.107596 -1.469120
34  1.539096 0.000010 0.000002  0.040712 -0.054386 -1.030469
35  1.196300 0.000075 -0.000003  -0.249391 -0.043040 -0.795121
36  3.883411 -0.050501 -0.431087  0.186407 -0.271796 -1.212184
37  1.719564 -0.000078 -0.000004  0.020974 -0.107650 -1.483528
38  1.209196 0.000036 0.000011  -0.324719 0.069674 -0.493483
39  3.859584 -0.149111 -1.331323  -0.094938 -0.084955 -0.411363
40  1.719412 -0.000098 -0.000035  -0.011248 0.001677 -0.960922
41  1.099674 0.000025 0.000006  -0.004984 -0.008084 -0.787926
42  0.805978 -0.359853 -1.318338  0.991670 0.166767 -0.799535
43  1.789779 -0.000008 -0.000042  0.000057 -0.002451 0.133097
44  1.206998 -0.000006 0.000005  0.000372 -0.000070 1.058781
45  5.740572 0.000055 0.000724  -0.096697 -0.000014 0.000021
46  11.620522 0.000451 0.000867  -0.176828 -0.333949 -0.019667
47  6.027514 -0.000273 -0.000238  -1.677618 -0.152340 -1.476972
48  -0.000001 11.691973 -0.000006  -0.005404 0.000036 0.004568
49  0.000004 -0.000001 -0.000001  2.413975 -0.000041 1.570856
50  -0.000007 -0.000015 0.000005  2.272644 -0.000030 1.570865
51  -1.088868 -12.901556 -11.282404  2.627568 0.905673 0.287566
52  -0.000001 0.000001 -0.000001  0.008153 -0.000259 0.000009
53  -0.000001 0.000001 0.000001  1.565115 0.043565 -0.106862
54  8.389256 -16.087246 -13.360838  -1.477459 0.450759 -1.007273
55  -0.000002 -0.000002 0.000001  0.000000 -0.000000 -0.000002
56  0.000029 0.000026 0.000002  -1.571901 -0.044449 -0.106509
57  20.212906 -14.001834 -19.593903  1.570796 -0.000000 0.000000
58  -15.417985 4.000748 -22.641926  1.570796 -0.000000 0.000000
59  2.236387 -2.421983 -5.367696  1.570796 -0.000000 0.000000
60  -0.004311 0.001230 -0.000371  0.006898 -0.005534 -0.284229
61  0.826810 10.209643 -4.879054  1.570796 -0.000000 0.000000
62  0.000000 0.000000 0.000000  -0.078727 -3.136056 0.284226
63  0.000000 0.000000 0.000000  1.570162 -0.004860 -0.000840
64  4.407909 -13.029204 -7.856621  2.070063 0.462727 1.107308
65  -0.109379 -1.951951 -1.519205  -0.000000 0.000000 0.000000
66  -0.109378 0.057025 25.399252  -0.000000 0.000000 0.000000
67  -0.109379 -1.856732 0.287230  -0.000000 0.000000 0.000000
68  -0.104047 -4.495923 7.879276  -0.000000 0.000000 0.000000
69  -0.195265 4.332630 -6.347188  -0.000000 0.000000 0.000000
70  -1.290112 3.693285 8.579668  0.022713 -0.014049 -0.017451
71  -0.121471 -1.314579 7.402089  -0.000000 0.000000 0.000000
72  -1.107528 -1.063453 4.061647  -0.000000 0.000000 0.000000
73  0.003658 1.612364 10.733982  -0.000000 -0.000000 -0.364344
74  7.159513 -16.335835 -11.056729  2.070063 0.462727 1.107308
time 5
0  0.000006 0.000000 0.000000  -1.570800 -1.391899 -1.570792
1  -4.849906 3.337897 2.232070  -1.544956 -1.855077 -0.198630
2  6.027515 -0.000325 0.000196  -1.206210 -0.567637 -0.527046
3  11.692107 0.000644 -0.000740  -1.384594 -0.000031 -1.643288
4  11.479378 0.000549 -0.001042  0.279683 -1.280191 0.192049
5  3.859511 -0.142881 -1.192050  -0.507739 -0.034586 -1.573166
6  1.312590 0.000013 0.000008  -0.099219 -0.080836 -0.578266
7  0.729353 0.000054 0.000051  -0.083327 -0.106005 -0.262589
8  3.942145 0.046270 -0.431512  -0.423826 0.326055 -0.977403
9  1.539110 0.000085 0.000004  0.011526 -0.070624 -1.101829
10  1.196334 0.000143 0.000029  0.007038 -0.000117 -0.629733
11  3.883507 -0.047270 0.431381  -0.232037 0.533715 -0.537849
12  1.719572 -0.000027 0.000015  0.011709 -0.105542 -1.237432
13  1.209179 0.000091 0.000011  -0.006673 -0.001106 -0.502906
14  3.859666 -0.138476 1.332409  0.013813 0.511197 -0.350141
15  1.719448 -0.000012 0.000022  -0.022509 0.019639 -0.287088
16  1.099675 0.000049 0.000005  -0.286525 0.346051 -1.053593
17  0.770795 -0.901442 1.177685  -1.865794 -0.596007 -0.315192
18  1.789820 -0.000003 -0.000018  0.005558 0.090197 0.395774
19  1.207018 -0.000012 -0.000042  0.141886 -0.163086 0.233767
20  5.740637 0.000411 -0.000700  -0.223029 0.000003 0.000071
21  11.480882 0.000325 -0.000865  -0.163704 -0.232185 -0.132774
22  6.027524 -0.000329 0.000203  -0.922211 -2.311156 -1.325689
23  0.000002 11.692098 -0.000007  -1.113821 -0.557157 -0.861148
24  0.000004 0.000008 -0.000002  -0.515490 -0.000031 1.570739
25  -0.000001 -0.000011 -0.000001  0.868957 0.000002 1.570712
26  -6.617934 -9.178503 0.826812  1.473120 1.855075 -0.198639
27  6.027519 -0.000265 -0.000223  -0.043031 1.445396 -2.254898
28  11.691990 0.000245 0.000855  0.141355 -0.000000 -0.007059
29  11.892435 0.001304 0.000678  0.007555 -1.977233 -2.133522
30  3.859435 -0.132787 1.193061  0.466149 -0.051826 -1.783918
31  1.312559 0.000025 0.000001  -0.013965 -0.041043 -0.156447
32  0.729344 0.000066 -0.000027  -0.128320 -0.117290 -0.954857
33  3.942046 0.050109 0.430995  0.211501 -0.107596 -1.469120
34  1.539095 0.000009 -0.000000  0.040712 -0.054386 -1.030469
35  1.196298 0.000076 -0.000003  -0.249391 -0.043040 -0.795121
36  3.883410 -0.050502 -0.431089  0.186407 -0.271796 -1.212184
37  1.719565 -0.000079 -0.000004  0.020974 -0.107650 -1.483528
38  1.209195 0.000035 0.000011  -0.324719 0.069674 -0.493483
39  3.859586 -0.149112 -1.331323  -0.094938 -0.084955 -0.411363
40  1.719411 -0.000100 -0.000035  -0.011248 0.001677 -0.960922
41  1.099675 0.000025 0.000005  -0.004984 -0.008084 -0.787926
42  0.805979 -0.359854 -1.318339  0.991670 0.166767 -0.799535
43  1.789779 -0.000010 -0.000042  0.000057 -0.002451 0.133097
44  1.206998 -0.000006 0.000005  0.000372 -0.000070 1.058781
45  5.740572 0.000054 0.000724  -0.086632 -0.000014 0.000021
46  11.563431 0.000296 0.000885  -0.143296 -0.302649 -0.003181
47  6.027514 -0.000273 -0.000238  -1.656075 -0.092147 -1.506084
48  -0.000001 11.691972 -0.000006  -0.005401 0.000036 0.004566
49  0.000003 -0.000001 -0.000000  2.413975 -0.000041 1.570856
50  -0.000007 -0.000018 0.000005  2.272644 -0.000030 1.570865
51  -1.840277 -12.962681 -9.899918  2.585189 0.848420 -0.028106
52  0.000000 0.000000 0.000000  0.008153 -0.000259 0.000009
53  -0.000000 0.000000 -0.000001  1.565115 0.043565 -0.106862
54  7.294629 -17.280273 -12.413883  -1.421817 0.448690 -1.123677
55  0.000000 0.000002 -0.000000  0.000000 -0.000000 -0.000002
56  0.000031 0.000031 0.000001  -1.571901 -0.044449 -0.106509
57  18.897551 -14.533399 -19.337227  1.570796 -0.000000 0.000000
58  -15.417985 4.000748 -22.641926  1.570796 -0.000000 0.000000
59  2.236387 -2.421983 -5.367696  1.570796 -0.000000 0.000000
60  -0.004311 0.001230 -0.000371  0.006898 -0.005534 -0.284229
61  0.826810 10.209643 -4.879054  1.570796 -0.000000 0.000000
62  0.000000 0.000000 0.000000  -0.078727 -3.136056 0.284226
63  0.000000 0.000000 0.000000  1.569910 -0.006425 -0.001219
64  3.528472 -13.799445 -7.010270  2.040291 0.420409 0.953983
65  -0.109378 -1.951952 -1.519205  0.000000 -0.000000 -0.000000
66  -0.109380 0.057026 25.399254  0.000000 -0.000000 -0.000000
67  -0.109379 -1.856732 0.287229  0.000000 -0.000000 -0.000000
68  -0.104046 -4.495924 7.879277  0.000000 -0.000000 -0.000000
69  -0.195263 4.332630 -6.347187  0.000000 -0.000000 -0.000000
70  -1.290110 3.693282 8.579671  0.022713 -0.014049 -0.017451
71  -0.121469 -1.314582 7.402088  0.000000 -0.000000 -0.000000
72  -1.107528 -1.063453 4.061648  0.000000 -0.000000 -0.000000
73  0.003661 1.612363 10.733983  0.000000 -0.000000 -0.365352
74  5.936896 -17.397823 -10.172070  2.040291 0.420409 0.953983
time 6
0  0.000006 0.000000 0.000000  -1.570800 -1.391899 -1.570792
1  -4.849906 3.337897 2.232070  -1.544956 -1.855077 -0.198630
2  6.027516 -0.000324 0.000195  -1.213217 -0.705731 -0.626711
3  11.692109 0.000645 -0.000739  -1.384591 -0.000025 -1.538737
4  11.480152 0.000633 -0.000603  0.415816 -1.212885 0.252773
5  3.859510 -0.142881 -1.192049  -0.507739 -0.034586 -1.573166
6  1.312591 0.000014 0.000007  -0.099219 -0.080836 -0.578266
7  0.729355 0.000054 0.000049  -0.083327 -0.106005 -0.262589
8  3.942142 0.046271 -0.431511  -0.423826 0.326055 -0.977403
9  1.539111 0.000085 0.000004  0.011526 -0.070624 -1.101829
10  1.196333 0.000144 0.000028  0.007038 -0.000117 -0.629733
11  3.883505 -0.047269 0.431382  -0.232037 0.533715 -0.537849
12  1.719571 -0.000027 0.000014  0.011709 -0.105542 -1.237432
13  1.209180 0.000093 0.000013  -0.006673 -0.001106 -0.502906
14  3.859662 -0.138477 1.332411  0.013813 0.511197 -0.350141
15  1.719447 -0.000010 0.000023  -0.022509 0.019639 -0.287088
16  1.099674 0.000048 0.000007  -0.286525 0.346051 -1.053593
17  0.770793 -0.901442 1.177686  -1.865794 -0.596007 -0.315192
18  1.789822 -0.000003 -0.000017  0.005558 0.090197 0.395774
19  1.207014 -0.000011 -0.000044  0.141886 -0.163086 0.233767
20  5.740635 0.000411 -0.000703  -0.212852 0.000003 0.000071
21  11.481036 0.000342 -0.000780  -0.144000 -0.226205 -0.099002
22  6.027524 -0.000329 0.000203  2.092144 -0.725916 1.801565
23  0.000001 11.692098 -0.000008  -1.052365 -0.497540 -0.824563
24  0.000003 0.000009 -0.000002  -0.515490 -0.000031 1.570739
25  -0.000001 -0.000012 -0.000002  0.868957 0.000002 1.570712
26  -6.617934 -9.178503 0.826812  1.473120 1.855075 -0.198639
27  6.027519 -0.000265 -0.000223  0.366601 1.497874 -1.865659
28  11.691987 0.000246 0.000855  0.141364 -0.000002 -0.125589
29  11.481180 0.000197 0.000808  -2.596918 -1.069410 0.724609
30  3.859436 -0.132787 1.193063  0.466149 -0.051826 -1.783918
31  1.312558 0.000026 -0.000000  -0.013965 -0.041044 -0.156447
32  0.729346 0.000065 -0.000027  -0.128320 -0.117290 -0.954857
33  3.942046 0.050110 0.430998  0.211501 -0.107596 -1.469120
34  1.539096 0.000009 -0.000001  0.040712 -0.054386 -1.030469
35  1.196299 0.000075 -0.000003  -0.249391 -0.043040 -0.795121
36  3.883411 -0.050502 -0.431086  0.186407 -0.271796 -1.212184
37  1.719564 -0.000078 -0.000003  0.020974 -0.107650 -1.483528
38  1.209197 0.000037 0.000010  -0.324719 0.069674 -0.493483
39  3.859585 -0.149112 -1.331323  -0.094938 -0.084955 -0.411363
40  1.719413 -0.000100 -0.000034  -0.011248 0.001677 -0.960922
41  1.099674 0.000025 0.000006  -0.004984 -0.008084 -0.787926
42  0.805979 -0.359854 -1.318337  0.991670 0.166767 -0.799535
43  1.789778 -0.000009 -0.000042  0.000057 -0.002451 0.133097
44  1.206997 -0.000008 0.000005  0.000372 -0.000070 1.058781
45  5.740572 0.000056 0.000724  -0.074921 -0.000014 0.000021
46  11.481181 0.000076 0.000911  -0.101525 -0.265443 0.023591
47  6.027514 -0.000273 -0.000238  -1.594856 -0.068924 -1.529583
48  -0.000002 11.691973 -0.000006  -0.095814 0.003907 0.080964
49  0.000003 -0.000001 0.000000  2.413975 -0.000041 1.570856
50  -0.000007 -0.000016 0.000004  2.272644 -0.000030 1.570865
51  -2.565100 -12.744694 -8.516274  2.567978 0.767079 -0.347247
52  0.000000 -0.000000 -0.000001  0.008153 -0.000259 0.000009
53  0.000000 0.000000 0.000001  1.565115 0.043565 -0.106862
54  6.081811 -18.422073 -11.345219  -1.357767 0.440111 -1.247275
55  -0.000001 -0.000001 -0.000001  0.000000 -0.000000 -0.000002
56  0.000030 0.000028 0.000000  -1.571901 -0.044449 -0.106509
57  17.296560 -15.180392 -19.024811  1.570796 -0.000000 0.000000
58  -15.417985 4.000748 -22.641926  1.570796 -0.000000 0.000000
59  2.236387 -2.421983 -5.367696  1.570796 -0.000000 0.000000
60  -0.004311 0.001230 -0.000371  0.006898 -0.005534 -0.284229
61  0.826810 10.209643 -4.879054  1.570796 -0.000000 0.000000
62  0.000000 0.000000 0.000000  -0.078727 -3.136056 0.284226
63  0.000000 0.000000 0.000000  1.569672 -0.007570 -0.001620
64  2.575365 -14.464255 -6.097394  2.002794 0.373272 0.788343
65  -0.109379 -1.951951 -1.519205  0.000000 0.000000 0.000000
66  -0.109379 0.057026 25.399250  0.000000 0.000000 0.000000
67  -0.109379 -1.856732 0.287230  0.000000 0.000000 0.000000
68  -0.104048 -4.495923 7.879276  0.000000 0.000000 0.000000
69  -0.195265 4.332631 -6.347188  0.000000 0.000000 0.000000
70  -1.290114 3.693283 8.579666  0.022713 -0.014049 -0.017451
71  -0.121470 -1.314581 7.402087  0.000000 0.000000 0.000000
72  -1.107529 -1.063453 4.061647  0.000000 0.000000 0.000000
73  0.003659 1.612363 10.733980  0.000000 0.000000 -0.366315
74  4.594841 -18.354679 -9.184811  2.002794 0.373272 0.788343
time 7
0  0.000006 0.000000 0.000000  -1.570800 -1.391899 -1.570792
1  -4.849906 3.337897 2.232070  -1.544956 -1.855077 -0.198630
2  6.027518 -0.000324 0.000194  -1.189836 -0.843843 -0.749093
3  11.692110 0.000644 -0.000738  -1.384586 -0.000018 -1.422240
4  11.479740 0.000603 -0.000760  0.583242 -1.139956 0.282176
5  3.859509 -0.142879 -1.192050  -0.507739 -0.034586 -1.573166
6  1.312590 0.000009 0.000006  -0.099219 -0.080836 -0.578266
7  0.729356 0.000052 0.000050  -0.083327 -0.106005 -0.262589
8  3.942142 0.046274 -0.431513  -0.423826 0.326055 -0.977403
9  1.539112 0.000085 0.000005  0.011526 -0.070624 -1.101829
10  1.196333 0.000148 0.000030  0.007038 -0.000117 -0.629733
11  3.883504 -0.047269 0.431381  -0.232037 0.533715 -0.537849
12  1.719573 -0.000026 0.000016  0.011709 -0.105542 -1.237432
13  1.209179 0.000091 0.000011  -0.006673 -0.001106 -0.502906
14  3.859662 -0.138474 1.332409  0.013813 0.511197 -0.350141
15  1.719446 -0.000012 0.000021  -0.022509 0.019639 -0.287088
16  1.099675 0.000049 0.000004  -0.286525 0.346051 -1.053593
17  0.770795 -0.901441 1.177685  -1.865794 -0.596007 -0.315192
18  1.789819 -0.000003 -0.000017  0.005558 0.090197 0.395774
19  1.207017 -0.000010 -0.000045  0.141886 -0.163086 0.233767
20  5.740637 0.000410 -0.000707  -0.194435 0.000003 0.000070
21  11.480952 0.000336 -0.000814  -0.122275 -0.215847 -0.067601
22  6.027524 -0.000329 0.000203  1.965917 -0.627451 1.774784
23  0.000002 11.692100 -0.000007  -0.983202 -0.433554 -0.780378
24  0.000003 0.000009 -0.000001  -0.515490 -0.000031 1.570739
25  0.000000 -0.000010 -0.000001  0.868957 0.000002 1.570712
26  -6.617934 -9.178503 0.826812  1.473120 1.855075 -0.198639
27  6.027517 -0.000265 -0.000223  1.464085 1.395569 -0.785995
28  11.691989 0.000244 0.000856  0.141390 -0.000001 -0.486382
29  11.480431 0.000049 0.000826  -2.182135 -0.883573 0.689830
30  3.859435 -0.132788 1.193062  0.466149 -0.051826 -1.783918
31  1.312558 0.000026 0.000000  -0.013965 -0.041044 -0.156447
32  0.729345 0.000065 -0.000027  -0.128320 -0.117290 -0.954857
33  3.942046 0.050108 0.430997  0.211501 -0.107596 -1.469120
34  1.539097 0.000010 -0.000000  0.040712 -0.054386 -1.030469
35  1.196299 0.000076 -0.000004  -0.249391 -0.043040 -0.795120
36  3.883411 -0.050503 -0.431087  0.186407 -0.271796 -1.212184
37  1.719565 -0.000078 -0.000002  0.020974 -0.107650 -1.483528
38  1.209194 0.000037 0.000011  -0.324719 0.069674 -0.493483
39  3.859585 -0.149112 -1.331323  -0.094938 -0.084955 -0.411363
40  1.719412 -0.000100 -0.000035  -0.011248 0.001677 -0.960922
41  1.099674 0.000025 0.000007  -0.004984 -0.008084 -0.787926
42  0.805979 -0.359855 -1.318337  0.991669 0.166767 -0.799535
43  1.789780 -0.000010 -0.000042  0.000057 -0.002451 0.133097
44  1.206997 -0.000006 0.000005  0.000372 -0.000070 1.058781
45  5.740572 0.000057 0.000723  -0.057502 -0.000014 0.000021
46  11.481030 0.000046 0.000915  -0.050427 -0.220400 0.070969
47  6.027514 -0.000273 -0.000238  -1.449174 -0.126498 -1.555948
48  -0.000001 11.691973 -0.000005  -0.365648 0.057234 0.307077
49  0.000004 -0.000001 -0.000001  2.413975 -0.000041 1.570856
50  -0.000006 -0.000015 0.000006  2.272644 -0.000030 1.570865
51  -3.147298 -12.231474 -7.236724  2.581451 0.663008 -0.652323
52  -0.000001 0.000000 0.000000  0.008153 -0.000259 0.000009
53  -0.000000 -0.000001 0.000000  1.565115 0.043565 -0.106862
54  4.792357 -19.425856 -10.185359  -1.287011 0.422711 -1.371560
55  -0.000000 -0.000000 0.000000  0.000000 -0.000000 -0.000002
56  0.000029 0.000030 0.000001  -1.571901 -0.044449 -0.106509
57  15.506817 -15.903665 -18.675564  1.570796 -0.000000 0.000000
58  -15.417985 4.000748 -22.641926  1.570796 -0.000000 0.000000
59  2.236387 -2.421983 -5.367696  1.570796 -0.000000 0.000000
60  -0.004311 0.001230 -0.000371  0.006898 -0.005534 -0.284229
61  0.826810 10.209643 -4.879054  1.570796 -0.000000 0.000000
62  0.000000 0.000000 0.000000  -0.078727 -3.136056 0.284226
63  0.000000 0.000000 0.000000  1.569471 -0.008015 -0.002021
64  1.593014 -14.950069 -5.162343  1.956820 0.322616 0.618778
65  -0.109379 -1.951952 -1.519205  0.000000 0.000000 -0.000000
66  -0.109377 0.057025 25.399254  0.000000 0.000000 -0.000000
67  -0.109379 -1.856732 0.287230  0.000000 0.000000 -0.000000
68  -0.104048 -4.495923 7.879277  0.000000 0.000000 -0.000000
69  -0.195263 4.332630 -6.347186  0.000000 0.000000 -0.000000
70  -1.290111 3.693283 8.579671  0.022713 -0.014049 -0.017451
71  -0.121470 -1.314582 7.402089  0.000000 0.000000 -0.000000
72  -1.107527 -1.063453 4.061647  0.000000 0.000000 -0.000000
73  0.003659 1.612362 10.733983  -0.000000 -0.000000 -0.367131
74  3.193270 -19.120136 -8.128070  1.956820 0.322616 0.618778
time 8
0  0.000006 0.000000 0.000000  -1.570800 -1.391899 -1.570792
1  -4.849906 3.337897 2.232070  -1.544956 -1.855077 -0.198630
2  6.027520 -0.000324 0.000193  -1.124602 -0.973509 -0.906629
3  11.692110 0.000642 -0.000740  -1.384580 -0.000011 -1.300393
4  11.480513 0.000681 -0.000338  0.770608 -1.065879 0.285583
5  3.859511 -0.142880 -1.192049  -0.507739 -0.034586 -1.573166
6  1.312590 0.000015 0.000009  -0.099219 -0.080836 -0.578266
7  0.729355 0.000054 0.000048  -0.083327 -0.106005 -0.262589
8  3.942146 0.046273 -0.431512  -0.423826 0.326055 -0.977403
9  1.539110 0.000084 0.000005  0.011526 -0.070624 -1.101829
10  1.196332 0.000144 0.000029  0.007038 -0.000117 -0.629733
11  3.883507 -0.047270 0.431381  -0.232037 0.533715 -0.537849
12  1.719574 -0.000028 0.000017  0.011709 -0.105542 -1.237432
13  1.209178 0.000088 0.000013  -0.006673 -0.001106 -0.502906
14  3.859663 -0.138475 1.332409  0.013813 0.511197 -0.350141
15  1.719448 -0.000012 0.000023  -0.022509 0.019639 -0.287088
16  1.099675 0.000048 0.000006  -0.286525 0.346051 -1.053593
17  0.770796 -0.901442 1.177685  -1.865794 -0.596008 -0.315192
18  1.789820 -0.000003 -0.000018  0.005558 0.090197 0.395774
19  1.207015 -0.000012 -0.000044  0.141886 -0.163086 0.233767
20  5.740636 0.000410 -0.000701  -0.168389 0.000003 0.000071
21  11.481108 0.000349 -0.000723  -0.098339 -0.202056 -0.040509
22  6.027524 -0.000329 0.000203  1.842946 -0.538626 1.736642
23  0.000002 11.692100 -0.000007  -0.909632 -0.369744 -0.730443
24  0.000004 0.000009 -0.000001  -0.515490 -0.000031 1.570739
25  -0.000000 -0.000011 -0.000000  0.868957 0.000002 1.570712
26  -6.617934 -9.178503 0.826812  1.473120 1.855075 -0.198639
27  6.027516 -0.000265 -0.000223  1.646053 1.315443 -0.622128
28  11.691988 0.000246 0.000856  0.141407 0.000004 -0.713812
29  11.480075 -0.000126 0.000852  -1.889651 -0.660144 0.701146
30  3.859437 -0.132787 1.193063  0.466149 -0.051826 -1.783918
31  1.312557 0.000025 0.000000  -0.013965 -0.041044 -0.156447
32  0.729345 0.000066 -0.000027  -0.128320 -0.117290 -0.954857
33  3.942047 0.050109 0.430997  0.211501 -0.107596 -1.469120
34  1.539096 0.000009 -0.000001  0.040712 -0.054386 -1.030469
35  1.196301 0.000076 -0.000004  -0.249391 -0.043040 -0.795120
36  3.883412 -0.050500 -0.431086  0.186407 -0.271796 -1.212184
37  1.719565 -0.000081 -0.000003  0.020974 -0.107650 -1.483528
38  1.209197 0.000036 0.000011  -0.324719 0.069674 -0.493483
39  3.859585 -0.149111 -1.331323  -0.094938 -0.084955 -0.411363
40  1.719412 -0.000099 -0.000034  -0.011248 0.001677 -0.960922
41  1.099674 0.000026 0.000008  -0.004984 -0.008084 -0.787926
42  0.805979 -0.359854 -1.318338  0.991670 0.166767 -0.799535
43  1.789780 -0.000009 -0.000042  0.000057 -0.002451 0.133097
44  1.206997 -0.000006 0.000006  0.000372 -0.000070 1.058782
45  5.740572 0.000056 0.000724  -0.027081 -0.000014 0.000021
46  11.480960 0.000011 0.000921  -0.013159 -0.166402 0.105554
47  6.027514 -0.000273 -0.000238  -1.362434 -0.148728 -1.581920
48  -0.000001 11.691973 -0.000006  -0.527827 0.120681 0.439833
49  0.000004 -0.000001 -0.000001  2.413975 -0.000041 1.570856
50  -0.000006 -0.000016 0.000005  2.272644 -0.000030 1.570865
51  -3.510100 -11.483547 -6.165453  2.624550 0.538347 -0.932135
52  0.000001 0.000000 0.000000  0.008153 -0.000259 0.000009
53  0.000000 0.000000 0.000001  1.565115 0.043565 -0.106862
54  3.472136 -20.228861 -8.963634  -1.211518 0.394130 -1.490363
55  0.000002 -0.000001 -0.000000  0.000000 -0.000000 -0.000002
56  0.000032 0.000028 0.000001  -1.571902 -0.044449 -0.106509
57  13.650883 -16.653687 -18.313398  1.570796 -0.000000 0.000000
58  -15.417985 4.000748 -22.641926  1.570796 -0.000000 0.000000
59  2.236387 -2.421983 -5.367696  1.570796 -0.000000 0.000000
60  -0.004311 0.001230 -0.000371  0.006898 -0.005534 -0.284229
61  0.826810 10.209643 -4.879054  1.570796 -0.000000 0.000000
62  0.000000 0.000000 0.000000  -0.078727 -3.136056 0.284226
63  0.000000 0.000000 0.000000  1.569331 -0.007105 -0.002400
64  0.625846 -15.211447 -4.249468  1.901306 0.269721 0.453765
65  -0.109379 -1.951951 -1.519205  0.000000 -0.000000 -0.000000
66  -0.109379 0.057027 25.399250  0.000000 -0.000000 -0.000000
67  -0.109379 -1.856732 0.287230  0.000000 -0.000000 -0.000000
68  -0.104048 -4.495923 7.879277  0.000000 -0.000000 -0.000000
69  -0.195264 4.332630 -6.347187  0.000000 -0.000000 -0.000000
70  -1.290111 3.693283 8.579668  0.022713 -0.014049 -0.017451
71  -0.121470 -1.314582 7.402088  0.000000 -0.000000 -0.000000
72  -1.107529 -1.063453 4.061647  0.000000 -0.000000 -0.000000
73  0.003658 1.612363 10.733981  0.000000 -0.000000 -0.367697
74  1.794434 -19.641636 -7.034004  1.901306 0.269721 0.453765
time 9
0  0.000006 0.000000 0.000000  -1.570800 -1.391899 -1.570792
1  -4.849906 3.337897 2.232070  -1.544956 -1.855077 -0.198630
2  6.027521 -0.000325 0.000192  -1.002145 -1.085873 -1.112980
3  11.692112 0.000644 -0.000739  -1.384573 -0.000005 -1.180999
4  11.480306 0.000670 -0.000401  0.963076 -0.993918 0.269491
5  3.859510 -0.142879 -1.192049  -0.507739 -0.034586 -1.573166
6  1.312589 0.000009 0.000006  -0.099219 -0.080836 -0.578266
7  0.729355 0.000055 0.000052  -0.083327 -0.106005 -0.262589
8  3.942143 0.046274 -0.431512  -0.423826 0.326055 -0.977403
9  1.539109 0.000084 0.000005  0.011526 -0.070624 -1.101829
10  1.196331 0.000144 0.000028  0.007038 -0.000117 -0.629733
11  3.883506 -0.047269 0.431381  -0.232037 0.533715 -0.537849
12  1.719573 -0.000028 0.000016  0.011709 -0.105542 -1.237432
13  1.209179 0.000089 0.000012  -0.006673 -0.001106 -0.502906
14  3.859663 -0.138475 1.332410  0.013813 0.511197 -0.350141
15  1.719449 -0.000011 0.000022  -0.022509 0.019639 -0.287088
16  1.099676 0.000049 0.000006  -0.286525 0.346051 -1.053593
17  0.770796 -0.901442 1.177686  -1.865794 -0.596007 -0.315192
18  1.789819 -0.000003 -0.000018  0.005558 0.090197 0.395774
19  1.207011 -0.000012 -0.000044  0.141886 -0.163086 0.233767
20  5.740637 0.000410 -0.000704  -0.137339 0.000003 0.000070
21  11.481068 0.000347 -0.000738  -0.073098 -0.186306 -0.019082
22  6.027524 -0.000329 0.000203  1.725420 -0.461569 1.691901
23  0.000003 11.692101 -0.000007  -0.835943 -0.310700 -0.677920
24  0.000003 0.000009 -0.000003  -0.515490 -0.000031 1.570739
25  -0.000000 -0.000011 -0.000002  0.868957 0.000002 1.570712
26  -6.617934 -9.178503 0.826812  1.473120 1.855075 -0.198639
27  6.027515 -0.000264 -0.000224  1.704395 1.249207 -0.576784
28  11.691989 0.000246 0.000857  0.141419 0.000012 -0.903599
29  11.480536 -0.000033 0.000838  -1.664354 -0.417108 0.738769
30  3.859435 -0.132788 1.193062  0.466149 -0.051826 -1.783918
31  1.312560 0.000025 0.000001  -0.013965 -0.041043 -0.156447
32  0.729346 0.000064 -0.000027  -0.128320 -0.117290 -0.954857
33  3.942046 0.050109 0.430997  0.211501 -0.107596 -1.469120
34  1.539096 0.000009 0.000001  0.040712 -0.054386 -1.030469
35  1.196299 0.000076 -0.000004  -0.249391 -0.043040 -0.795120
36  3.883410 -0.050502 -0.431087  0.186407 -0.271796 -1.212184
37  1.719563 -0.000080 -0.000003  0.020974 -0.107650 -1.483528
38  1.209197 0.000036 0.000011  -0.324719 0.069674 -0.493483
39  3.859585 -0.149112 -1.331323  -0.094938 -0.084955 -0.411363
40  1.719411 -0.000101 -0.000034  -0.011248 0.001677 -0.960922
41  1.099674 0.000025 0.000008  -0.004984 -0.008084 -0.787926
42  0.805978 -0.359854 -1.318338  0.991670 0.166767 -0.799535
43  1.789779 -0.000009 -0.000043  0.000057 -0.002451 0.133097
44  1.206997 -0.000008 0.000006  0.000372 -0.000070 1.058782
45  5.740572 0.000055 0.000724  0.011221 -0.000014 0.000021
46  11.481050 0.000029 0.000917  0.015013 -0.107508 0.130380
47  6.027514 -0.000273 -0.000238  -1.297076 -0.170995 -1.602947
48  -0.000002 11.691974 -0.000006  -0.657068 0.189099 0.542600
49  0.000004 -0.000001 -0.000000  2.413975 -0.000041 1.570856
50  -0.000007 -0.000015 0.000004  2.272644 -0.000030 1.570865
51  -3.645897 -10.596929 -5.395983  2.692378 0.395890 -1.179261
52  0.000001 0.000000 -0.000001  0.008153 -0.000259 0.000009
53  -0.000001 -0.000000 -0.000000  1.565115 0.043565 -0.106862
54  2.176747 -20.784168 -7.712749  -1.133767 0.352734 -1.597999
55  -0.000002 0.000001 0.000000  0.000000 -0.000000 -0.000002
56  0.000029 0.000030 0.000001  -1.571902 -0.044449 -0.106509
57  11.861137 -17.376965 -17.964151  1.570796 -0.000000 0.000000
58  -15.417985 4.000748 -22.641926  1.570796 -0.000000 0.000000
59  2.236387 -2.421983 -5.367696  1.570796 -0.000000 0.000000
60  -0.004311 0.001230 -0.000371  0.006898 -0.005534 -0.284229
61  0.826810 10.209643 -4.879054  1.570796 -0.000000 0.000000
62  0.000000 0.000000 0.000000  -0.078727 -3.136056 0.284226
63  0.000000 0.000000 0.000000  1.569277 -0.004935 -0.002736
64  -0.281712 -15.226994 -3.403117  1.835630 0.215961 0.301942
65  -0.109379 -1.951951 -1.519204  0.000000 -0.000000 -0.000000
66  -0.109379 0.057027 25.399256  0.000000 -0.000000 -0.000000
67  -0.109378 -1.856732 0.287230  0.000000 -0.000000 -0.000000
68  -0.104047 -4.495924 7.879277  0.000000 -0.000000 -0.000000
69  -0.195264 4.332631 -6.347187  0.000000 -0.000000 -0.000000
70  -1.290112 3.693284 8.579672  0.022713 -0.014049 -0.017451
71  -0.121470 -1.314581 7.402089  0.000000 -0.000000 -0.000000
72  -1.107529 -1.063453 4.061649  0.000000 -0.000000 -0.000000
73  0.003659 1.612363 10.733985  0.000000 -0.000000 -0.367908
74  0.463265 -19.892696 -5.937294  1.835630 0.215961 0.301942
time 10
0  0.000006 0.000000 0.000000  -1.570800 -1.391899 -1.570792
1  -4.849906 3.337897 2.232070  -1.544956 -1.855077 -0.198630
2  6.027522 -0.000325 0.000192  -0.812547 -1.170441 -1.373901
3  11.692113 0.000644 -0.000737  -1.384567 -0.000001 -1.072755
4  11.480134 0.000665 -0.000428  1.141096 -0.927482 0.243747
5  3.859511 -0.142880 -1.192050  -0.507739 -0.034586 -1.573166
6  1.312590 0.000013 0.000009  -0.099219 -0.080836 -0.578266
7  0.729355 0.000054 0.000051  -0.083327 -0.106005 -0.262589
8  3.942145 0.046273 -0.431512  -0.423826 0.326055 -0.977403
9  1.539111 0.000085 0.000007  0.011527 -0.070624 -1.101829
10  1.196331 0.000146 0.000028  0.007038 -0.000117 -0.629733
11  3.883505 -0.047269 0.431381  -0.232037 0.533715 -0.537849
12  1.719575 -0.000025 0.000015  0.011709 -0.105542 -1.237432
13  1.209180 0.000092 0.000013  -0.006673 -0.001106 -0.502906
14  3.859665 -0.138475 1.332409  0.013813 0.511197 -0.350141
15  1.719449 -0.000012 0.000023  -0.022509 0.019639 -0.287088
16  1.099676 0.000048 0.000006  -0.286525 0.346051 -1.053593
17  0.770796 -0.901442 1.177685  -1.865794 -0.596007 -0.315192
18  1.789817 -0.000004 -0.000019  0.005558 0.090197 0.395774
19  1.207016 -0.000011 -0.000044  0.141886 -0.163086 0.233767
20  5.740635 0.000411 -0.000703  -0.105669 0.000003 0.000071
21  11.481030 0.000346 -0.000744  -0.048712 -0.170592 -0.003658
22  6.027524 -0.000329 0.000203  1.617523 -0.397850 1.647562
23  0.000002 11.692099 -0.000007  -0.767513 -0.260491 -0.627290
24  0.000004 0.000007 -0.000000  -0.515490 -0.000031 1.570739
25  -0.000001 -0.000012 -0.000002  0.868957 0.000002 1.570712
26  -6.617934 -9.178503 0.826812  1.473120 1.855075 -0.198639
27  6.027515 -0.000263 -0.000223  1.710777 1.195214 -0.576675
28  11.691988 0.000243 0.000855  0.141427 0.000019 -1.058315
29  11.480169 -0.000220 0.000867  -1.487957 -0.175054 0.775218
30  3.859436 -0.132787 1.193062  0.466149 -0.051826 -1.783918
31  1.312558 0.000026 -0.000000  -0.013965 -0.041044 -0.156447
32  0.729344 0.000066 -0.000027  -0.128320 -0.117290 -0.954857
33  3.942047 0.050110 0.430997  0.211501 -0.107596 -1.469120
34  1.539097 0.000011 -0.000001  0.040712 -0.054386 -1.030469
35  1.196301 0.000075 -0.000004  -0.249391 -0.043040 -0.795120
36  3.883412 -0.050501 -0.431087  0.186407 -0.271796 -1.212184
37  1.719563 -0.000079 -0.000004  0.020974 -0.107650 -1.483528
38  1.209196 0.000035 0.000011  -0.324719 0.069674 -0.493483
39  3.859586 -0.149111 -1.331323  -0.094938 -0.084955 -0.411363
40  1.719411 -0.000100 -0.000035  -0.011248 0.001677 -0.960922
41  1.099673 0.000025 0.000007  -0.004984 -0.008084 -0.787926
42  0.805979 -0.359853 -1.318337  0.991670 0.166767 -0.799535
43  1.789779 -0.000009 -0.000042  0.000057 -0.002451 0.133097
44  1.206997 -0.000006 0.000005  0.000372 -0.000070 1.058782
45  5.740572 0.000056 0.000724  0.051956 -0.000014 0.000021
46  11.480978 -0.000008 0.000923  0.033970 -0.049114 0.143487
47  6.027514 -0.000273 -0.000238  -1.248759 -0.196758 -1.617677
48  -0.000002 11.691973 -0.000006  -0.758217 0.254024 0.620345
49  0.000003 -0.000001 -0.000001  2.413975 -0.000041 1.570856
50  -0.000007 -0.000016 0.000005  2.272644 -0.000030 1.570865
51  -3.606479 -9.715871 -4.956928  2.777910 0.247158 -1.388407
52  -0.000001 -0.000000 0.000000  0.008153 -0.000259 0.000009
53  -0.000000 0.000000 0.000000  1.565115 0.043565 -0.106862
54  0.977010 -21.078833 -6.498925  -1.057843 0.302060 -1.689547
55  0.000001 -0.000000 -0.000000  0.000000 -0.000000 -0.000002
56  0.000030 0.000029 0.000001  -1.571901 -0.044449 -0.106509
57  10.260147 -18.023956 -17.651737  1.570796 -0.000000 0.000000
58  -15.417985 4.000748 -22.641926  1.570796 -0.000000 0.000000
59  2.236387 -2.421983 -5.367696  1.570796 -0.000000 0.000000
60  -0.004311 0.001230 -0.000371  0.006898 -0.005534 -0.284229
61  0.826810 10.209643 -4.879054  1.570796 -0.000000 0.000000
62  0.000000 0.000000 0.000000  -0.078727 -3.136056 0.284226
63  0.000000 0.000000 0.000000  1.569669 -0.002344 -0.003006
64  -1.085235 -15.031720 -2.667642  1.764182 0.162932 0.172494
65  -0.109379 -1.951952 -1.519204  0.000000 0.000000 0.000000
66  -0.109379 0.057027 25.399254  0.000000 0.000000 0.000000
67  -0.109379 -1.856731 0.287230  0.000000 0.000000 0.000000
68  -0.104048 -4.495924 7.879278  0.000000 0.000000 0.000000
69  -0.195264 4.332630 -6.347187  0.000000 0.000000 0.000000
70  -1.290112 3.693283 8.579668  0.022713 -0.014049 -0.017451
71  -0.121470 -1.314581 7.402089  0.000000 0.000000 0.000000
72  -1.107528 -1.063453 4.061647  0.000000 0.000000 0.000000
73  0.003658 1.612363 10.733985  -0.000000 0.000000 -0.314016
74  -0.731034 -19.894373 -4.898105  1.764182 0.162932 0.172494
time 11
0  0.000006 0.000000 0.000000  -1.570800 -1.391899 -1.570792
1  -4.849906 3.337897 2.232070  -1.544956 -1.855077 -0.198630
2  6.027523 -0.000325 0.000192  -0.585352 -1.218056 -1.656247
3  11.692112 0.000645 -0.000738  -1.384561 0.000002 -0.991240
4  11.480665 0.000711 -0.000198  1.291601 -0.874786 0.215032
5  3.859509 -0.142879 -1.192049  -0.507739 -0.034586 -1.573166
6  1.312589 0.000009 0.000008  -0.099219 -0.080836 -0.578266
7  0.729355 0.000054 0.000050  -0.083327 -0.106005 -0.262589
8  3.942142 0.046273 -0.431512  -0.423826 0.326055 -0.977403
9  1.539111 0.000086 0.000004  0.011526 -0.070624 -1.101829
10  1.196331 0.000144 0.000029  0.007038 -0.000117 -0.629733
11  3.883501 -0.047268 0.431381  -0.232037 0.533715 -0.537849
12  1.719574 -0.000026 0.000014  0.011709 -0.105542 -1.237432
13  1.209179 0.000091 0.000011  -0.006673 -0.001106 -0.502906
14  3.859660 -0.138475 1.332409  0.013813 0.511197 -0.350141
15  1.719451 -0.000011 0.000022  -0.022509 0.019639 -0.287088
16  1.099675 0.000050 0.000006  -0.286525 0.346051 -1.053593
17  0.770792 -0.901442 1.177685  -1.865794 -0.596007 -0.315192
18  1.789819 -0.000003 -0.000019  0.005558 0.090197 0.395774
19  1.207016 -0.000012 -0.000043  0.141886 -0.163086 0.233767
20  5.740636 0.000410 -0.000707  -0.078161 0.000003 0.000070
21  11.481140 0.000353 -0.000699  -0.027030 -0.157557 0.006154
22  6.027524 -0.000329 0.000203  1.528037 -0.350330 1.609404
23  0.000001 11.692097 -0.000005  -0.714858 -0.224963 -0.587308
24  0.000004 0.000007 -0.000000  -0.515490 -0.000031 1.570738
25  -0.000002 -0.000012 0.000000  0.868957 0.000002 1.570712
26  -6.617934 -9.178503 0.826812  1.473120 1.855075 -0.198639
27  6.027514 -0.000263 -0.000224  1.689658 1.145209 -0.597830
28  11.691989 0.000245 0.000855  0.141434 0.000026 -1.187192
29  11.480177 -0.000267 0.000871  -1.352235 0.043915 0.796950
30  3.859435 -0.132788 1.193062  0.466149 -0.051826 -1.783918
31  1.312559 0.000026 0.000000  -0.013965 -0.041044 -0.156447
32  0.729345 0.000066 -0.000027  -0.128320 -0.117290 -0.954857
33  3.942046 0.050109 0.430996  0.211501 -0.107596 -1.469120
34  1.539096 0.000010 -0.000000  0.040712 -0.054386 -1.030469
35  1.196300 0.000076 -0.000003  -0.249391 -0.043040 -0.795121
36  3.883412 -0.050502 -0.431087  0.186407 -0.271796 -1.212184
37  1.719564 -0.000079 -0.000003  0.020974 -0.107650 -1.483528
38  1.209196 0.000036 0.000011  -0.324719 0.069674 -0.493483
39  3.859584 -0.149112 -1.331323  -0.094938 -0.084955 -0.411363
40  1.719414 -0.000099 -0.000035  -0.011248 0.001677 -0.960922
41  1.099673 0.000024 0.000007  -0.004984 -0.008084 -0.787926
42  0.805978 -0.359854 -1.318339  0.991669 0.166767 -0.799535
43  1.789779 -0.000008 -0.000042  0.000057 -0.002451 0.133097
44  1.206997 -0.000005 0.000005  0.000372 -0.000070 1.058782
45  5.740571 0.000056 0.000724  0.089115 -0.000014 0.000021
46  11.480979 -0.000018 0.000923  0.045123 0.002721 0.145414
47  6.027514 -0.000273 -0.000238  -1.209058 -0.229353 -1.627774
48  -0.000003 11.691973 -0.000006  -0.839764 0.313646 0.680759
49  0.000003 -0.000001 0.000000  2.413975 -0.000041 1.570856
50  -0.000008 -0.000015 0.000004  2.272644 -0.000030 1.570865
51  -3.487240 -8.897308 -4.838380  2.872020 0.105069 -1.553892
52  -0.000000 -0.000000 0.000000  0.008153 -0.000259 0.000009
53  -0.000001 -0.000000 -0.000000  1.565115 0.043565 -0.106862
54  -0.029220 -21.111357 -5.407923  -0.987992 0.247618 -1.760048
55  -0.000001 0.000000 0.000000  0.000000 -0.000000 -0.000002
56  0.000031 0.000029 0.000001  -1.571901 -0.044449 -0.106509
57  8.944794 -18.555523 -17.395060  1.570796 -0.000000 0.000000
58  -15.417985 4.000748 -22.641926  1.570796 -0.000000 0.000000
59  2.236387 -2.421983 -5.367696  1.570796 -0.000000 0.000000
60  -0.004311 0.001230 -0.000371  0.006898 -0.005534 -0.284229
61  0.826810 10.209643 -4.879054  1.570796 -0.000000 0.000000
62  0.000000 0.000000 0.000000  -0.078727 -3.136056 0.284226
63  0.000000 0.000000 0.000000  1.570536 -0.000172 -0.003184
64  -1.740296 -14.665785 -2.087393  1.692785 0.113108 0.073193
65  -0.109379 -1.951951 -1.519205  -0.000000 0.000000 0.000000
66  -0.109379 0.057027 25.399254  -0.000000 0.000000 0.000000
67  -0.109379 -1.856732 0.287229  -0.000000 0.000000 0.000000
68  -0.104048 -4.495923 7.879275  -0.000000 0.000000 0.000000
69  -0.195264 4.332631 -6.347188  -0.000000 0.000000 0.000000
70  -1.290112 3.693284 8.579669  0.022713 -0.014049 -0.017451
71  -0.121470 -1.314581 7.402086  -0.000000 0.000000 0.000000
72  -1.107529 -1.063453 4.061647  -0.000000 0.000000 0.000000
73  0.003659 1.612363 10.733982  -0.000000 -0.000000 -0.183770
74  -1.707930 -19.678389 -3.989647  1.692785 0.113108 0.073193
time 12
0  0.000006 0.000000 0.000000  -1.570800 -1.391899 -1.570792
1  -4.849906 3.337897 2.232070  -1.544956 -1.855077 -0.198630
2  6.027524 -0.000326 0.000192  -0.409284 -1.231502 -1.869315
3  11.692112 0.000645 -0.000738  -1.384559 0.000003 -0.960235
4  11.480844 0.000725 -0.000120  1.410523 -0.850027 0.185842
5  3.859507 -0.142880 -1.192050  -0.507739 -0.034586 -1.573166
6  1.312589 0.000010 0.000008  -0.099219 -0.080836 -0.578266
7  0.729356 0.000054 0.000047  -0.083327 -0.106005 -0.262589
8  3.942140 0.046273 -0.431512  -0.423826 0.326055 -0.977403
9  1.539111 0.000085 0.000005  0.011527 -0.070624 -1.101829
10  1.196332 0.000146 0.000027  0.007038 -0.000117 -0.629733
11  3.883505 -0.047269 0.431381  -0.232037 0.533715 -0.537849
12  1.719572 -0.000029 0.000015  0.011709 -0.105542 -1.237432
13  1.209179 0.000092 0.000010  -0.006673 -0.001106 -0.502906
14  3.859663 -0.138476 1.332410  0.013813 0.511197 -0.350141
15  1.719450 -0.000011 0.000022  -0.022509 0.019639 -0.287088
16  1.099674 0.000050 0.000006  -0.286525 0.346051 -1.053593
17  0.770795 -0.901442 1.177686  -1.865794 -0.596008 -0.315192
18  1.789820 -0.000003 -0.000018  0.005558 0.090197 0.395774
19  1.207015 -0.000012 -0.000044  0.141886 -0.163086 0.233768
20  5.740637 0.000410 -0.000704  -0.058793 0.000003 0.000071
21  11.481176 0.000356 -0.000681  -0.008956 -0.150547 0.011238
22  6.027524 -0.000329 0.000203  1.469356 -0.324420 1.581453
23  0.000003 11.692099 -0.000008  -0.694564 -0.211997 -0.571689
24  0.000002 0.000008 -0.000001  -0.515490 -0.000030 1.570739
25  -0.000000 -0.000012 -0.000002  0.868957 0.000002 1.570712
26  -6.617934 -9.178503 0.826812  1.473120 1.855075 -0.198639
27  6.027514 -0.000262 -0.000225  1.651560 1.086275 -0.630400
28  11.691989 0.000243 0.000857  0.141439 0.000034 -1.309199
29  11.480309 -0.000254 0.000870  -1.252221 0.219578 0.799389
30  3.859437 -0.132788 1.193061  0.466149 -0.051826 -1.783918
31  1.312558 0.000025 0.000001  -0.013965 -0.041044 -0.156447
32  0.729344 0.000066 -0.000028  -0.128320 -0.117290 -0.954857
33  3.942046 0.050109 0.430997  0.211501 -0.107596 -1.469120
34  1.539096 0.000009 0.000000  0.040712 -0.054386 -1.030469
35  1.196299 0.000075 -0.000004  -0.249391 -0.043040 -0.795121
36  3.883411 -0.050502 -0.431087  0.186407 -0.271796 -1.212184
37  1.719563 -0.000080 -0.000004  0.020974 -0.107650 -1.483528
38  1.209197 0.000036 0.000011  -0.324719 0.069674 -0.493483
39  3.859586 -0.149112 -1.331323  -0.094938 -0.084955 -0.411363
40  1.719413 -0.000099 -0.000035  -0.011248 0.001677 -0.960922
41  1.099674 0.000025 0.000007  -0.004984 -0.008084 -0.787926
42  0.805980 -0.359854 -1.318338  0.991670 0.166767 -0.799535
43  1.789780 -0.000008 -0.000042  0.000057 -0.002451 0.133097
44  1.206996 -0.000006 0.000006  0.000372 -0.000070 1.058781
45  5.740573 0.000055 0.000724  0.118925 -0.000014 0.000021
46  11.481006 -0.000015 0.000924  0.051242 0.043127 0.139251
47  6.027514 -0.000273 -0.000238  -1.166351 -0.274545 -1.636759
48  -0.000002 11.691973 -0.000006  -0.914951 0.374216 0.734211
49  0.000003 -0.000001 -0.000000  2.413975 -0.000041 1.570856
50  -0.000006 -0.000015 0.000006  2.272644 -0.000030 1.570865
51  -3.366443 -8.072662 -5.032086  2.964337 -0.020253 -1.666893
52  -0.000000 0.000000 -0.000001  0.008153 -0.000259 0.000009
53  0.000001 -0.000000 -0.000000  1.565115 0.043565 -0.106862
54  -0.726894 -20.883217 -4.533875  -0.927978 0.195089 -1.804179
55  0.000002 -0.000000 0.000000  0.000000 -0.000000 -0.000002
56  0.000033 0.000029 0.000002  -1.571901 -0.044449 -0.106509
57  7.979135 -18.945763 -17.206623  1.570796 -0.000000 0.000000
58  -15.417985 4.000748 -22.641926  1.570796 -0.000000 0.000000
59  2.236387 -2.421983 -5.367696  1.570796 -0.000000 0.000000
60  -0.004311 0.001230 -0.000371  0.006898 -0.005534 -0.284229
61  0.826810 10.209643 -4.879054  1.570796 -0.000000 0.000000
62  0.000000 0.000000 0.000000  -0.078727 -3.136056 0.284226
63  0.000000 0.000000 0.000000  1.571404 0.000740 -0.003247
64  -2.202469 -14.150534 -1.706721  1.627025 0.069536 0.009876
65  -0.109379 -1.951951 -1.519205  0.000000 -0.000000 0.000000
66  -0.109379 0.057027 25.399248  0.000000 -0.000000 0.000000
67  -0.109379 -1.856732 0.287229  0.000000 -0.000000 0.000000
68  -0.104048 -4.495923 7.879275  0.000000 -0.000000 0.000000
69  -0.195264 4.332630 -6.347186  0.000000 -0.000000 0.000000
70  -1.290112 3.693283 8.579668  0.022713 -0.014049 -0.017451
71  -0.121470 -1.314581 7.402089  0.000000 -0.000000 0.000000
72  -1.107529 -1.063453 4.061646  0.000000 -0.000000 0.000000
73  0.003659 1.612363 10.733982  0.000000 0.000000 -0.026355
74  -2.379893 -19.269960 -3.289700  1.627025 0.069536 0.009876
time 13
0  0.000006 0.000000 0.000000  -1.570800 -1.391899 -1.570792
1  -4.849906 3.337897 2.232070  -1.544956 -1.855077 -0.198630
2  6.027524 -0.000326 0.000192  -0.363368 -1.226319 -1.935402
3  11.692112 0.000645 -0.000740  -1.384562 0.000002 -0.994511
4  11.480643 0.000709 -0.000206  1.503037 -0.863223 0.153673
5  3.859509 -0.142880 -1.192050  -0.507739 -0.034586 -1.573166
6  1.312589 0.000012 0.000008  -0.099219 -0.080836 -0.578266
7  0.729355 0.000055 0.000049  -0.083327 -0.106005 -0.262589
8  3.942144 0.046273 -0.431512  -0.423826 0.326055 -0.977403
9  1.539112 0.000084 0.000006  0.011527 -0.070624 -1.101829
10  1.196333 0.000144 0.000029  0.007038 -0.000117 -0.629733
11  3.883505 -0.047269 0.431382  -0.232037 0.533715 -0.537849
12  1.719572 -0.000027 0.000014  0.011709 -0.105542 -1.237432
13  1.209179 0.000093 0.000012  -0.006673 -0.001106 -0.502906
14  3.859663 -0.138475 1.332410  0.013813 0.511197 -0.350141
15  1.719451 -0.000012 0.000021  -0.022509 0.019639 -0.287088
16  1.099674 0.000046 0.000005  -0.286525 0.346051 -1.053593
17  0.770794 -0.901442 1.177685  -1.865794 -0.596008 -0.315192
18  1.789820 -0.000004 -0.000019  0.005558 0.090197 0.395774
19  1.207013 -0.000012 -0.000043  0.141886 -0.163086 0.233767
20  5.740636 0.000411 -0.000706  -0.049383 0.000003 0.000071
21  11.481134 0.000352 -0.000700  0.005584 -0.151685 0.012637
22  6.027524 -0.000329 0.000203  1.452222 -0.324277 1.564086
23  0.000003 11.692099 -0.000007  -0.716990 -0.226349 -0.588942
24  0.000003 0.000008 0.000000  -0.515490 -0.000030 1.570739
25  -0.000001 -0.000012 -0.000001  0.868957 0.000002 1.570712
26  -6.617934 -9.178503 0.826812  1.473120 1.855075 -0.198639
27  6.027512 -0.000262 -0.000226  1.602556 1.012503 -0.667182
28  11.691990 0.000244 0.000854  0.141443 0.000042 -1.428442
29  11.479605 -0.000629 0.000923  -1.184462 0.334027 0.773902
30  3.859436 -0.132788 1.193062  0.466149 -0.051826 -1.783918
31  1.312558 0.000026 -0.000000  -0.013965 -0.041043 -0.156447
32  0.729345 0.000065 -0.000028  -0.128320 -0.117290 -0.954857
33  3.942046 0.050109 0.430997  0.211501 -0.107596 -1.469120
34  1.539097 0.000010 -0.000001  0.040712 -0.054386 -1.030469
35  1.196301 0.000075 -0.000004  -0.249391 -0.043040 -0.795121
36  3.883412 -0.050502 -0.431087  0.186407 -0.271796 -1.212184
37  1.719563 -0.000078 -0.000005  0.020974 -0.107650 -1.483528
38  1.209195 0.000036 0.000011  -0.324719 0.069674 -0.493483
39  3.859586 -0.149112 -1.331323  -0.094938 -0.084955 -0.411363
40  1.719413 -0.000100 -0.000034  -0.011248 0.001677 -0.960922
41  1.099673 0.000023 0.000007  -0.004984 -0.008084 -0.787926
42  0.805979 -0.359854 -1.318339  0.991670 0.166767 -0.799535
43  1.789779 -0.000009 -0.000042  0.000057 -0.002451 0.133097
44  1.206997 -0.000006 0.000005  0.000373 -0.000070 1.058782
45  5.740572 0.000055 0.000723  0.138150 -0.000014 0.000021
46  11.480866 -0.000091 0.000933  0.055742 0.068533 0.127530
47  6.027514 -0.000273 -0.000238  -1.115587 -0.335303 -1.646268
48  -0.000002 11.691973 -0.000005  -0.986855 0.436867 0.782858
49  0.000003 -0.000001 0.000000  2.413975 -0.000041 1.570856
50  -0.000007 -0.000015 0.000005  2.272644 -0.000030 1.570865
51  -3.279493 -7.221700 -5.548022  -0.098239 -3.020501 1.426997
52  0.000000 0.000000 -0.000000  0.008153 -0.000259 0.000009
53  0.000000 0.000000 -0.000000  1.565115 0.043565 -0.106862
54  -0.999875 -20.454653 -3.976129  -0.881179 0.150292 -1.816308
55  -0.000001 -0.000001 -0.000000  0.000000 -0.000000 -0.000002
56  0.000029 0.000028 0.000001  -1.571901 -0.044449 -0.106509
57  7.395864 -19.181477 -17.092804  1.570796 -0.000000 0.000000
58  -15.417985 4.000748 -22.641926  1.570796 -0.000000 0.000000
59  2.236387 -2.421983 -5.367696  1.570796 -0.000000 0.000000
60  -0.004311 0.001230 -0.000371  0.006898 -0.005534 -0.284229
61  0.826810 10.209643 -4.879054  1.570796 -0.000000 0.000000
62  0.000000 0.000000 0.000000  -0.078727 -3.136056 0.284226
63  0.000000 0.000000 0.000000  1.571808 -0.012466 -0.001090
64  -2.427328 -13.550163 -1.569975  1.572563 0.035270 -0.013152
65  -0.109379 -1.951951 -1.519205  0.000000 -0.000000 0.000000
66  -0.109379 0.057027 25.399250  0.000000 -0.000000 0.000000
67  -0.109379 -1.856732 0.287230  0.000000 -0.000000 0.000000
68  -0.104048 -4.495924 7.879278  0.000000 -0.000000 0.000000
69  -0.195264 4.332631 -6.347187  0.000000 -0.000000 0.000000
70  -1.290112 3.693283 8.579669  0.022713 -0.014049 -0.017451
71  -0.121470 -1.314581 7.402090  0.000000 -0.000000 0.000000
72  -1.107528 -1.063453 4.061649  0.000000 -0.000000 0.000000
73  0.003659 1.612363 10.733983  0.000000 0.000000 0.105826
74  -2.659360 -18.744219 -2.879081  1.572563 0.035270 -0.013152
time 14
0  0.000006 0.000000 0.000000  -1.570800 -1.391899 -1.570792
1  -4.849906 3.337897 2.232070  -1.544956 -1.855077 -0.198630
2  6.027524 -0.000326 0.000192  -0.400214 -1.216000 -1.899851
3  11.692111 0.000643 -0.000739  -1.384566 -0.000000 -1.062767
4  11.480338 0.000683 -0.000335  1.561315 -0.896563 0.125698
5  3.859508 -0.142880 -1.192049  -0.507739 -0.034586 -1.573166
6  1.312589 0.000014 0.000006  -0.099219 -0.080836 -0.578266
7  0.729355 0.000053 0.000049  -0.083327 -0.106005 -0.262589
8  3.942140 0.046273 -0.431512  -0.423826 0.326055 -0.977403
9  1.539112 0.000085 0.000007  0.011526 -0.070624 -1.101829
10  1.196332 0.000146 0.000028  0.007038 -0.000117 -0.629733
11  3.883504 -0.047269 0.431382  -0.232037 0.533715 -0.537849
12  1.719574 -0.000025 0.000017  0.011708 -0.105542 -1.237432
13  1.209178 0.000091 0.000010  -0.006673 -0.001106 -0.502906
14  3.859661 -0.138476 1.332410  0.013813 0.511197 -0.350141
15  1.719448 -0.000010 0.000023  -0.022509 0.019639 -0.287088
16  1.099675 0.000050 0.000004  -0.286525 0.346051 -1.053593
17  0.770793 -0.901442 1.177686  -1.865794 -0.596008 -0.315192
18  1.789819 -0.000003 -0.000017  0.005558 0.090197 0.395774
19  1.207016 -0.000012 -0.000045  0.141886 -0.163086 0.233767
20  5.740637 0.000410 -0.000704  -0.049614 0.000003 0.000071
21  11.481073 0.000346 -0.000724  0.014603 -0.157573 0.012050
22  6.027524 -0.000329 0.000203  1.461179 -0.338205 1.562106
23  0.000003 11.692098 -0.000007  -0.761115 -0.256029 -0.622476
24  0.000004 0.000008 -0.000001  -0.515490 -0.000031 1.570739
25  -0.000001 -0.000012 -0.000001  0.868957 0.000002 1.570712
26  -6.617934 -9.178503 0.826812  1.473120 1.855075 -0.198639
27  6.027512 -0.000261 -0.000227  1.555856 0.933566 -0.696505
28  11.691988 0.000244 0.000855  0.141446 0.000050 -1.535819
29  11.480000 -0.000494 0.000904  -1.144654 0.400118 0.739467
30  3.859436 -0.132787 1.193062  0.466149 -0.051826 -1.783918
31  1.312558 0.000024 -0.000000  -0.013965 -0.041044 -0.156447
32  0.729345 0.000065 -0.000027  -0.128320 -0.117290 -0.954857
33  3.942046 0.050109 0.430997  0.211501 -0.107596 -1.469120
34  1.539097 0.000011 -0.000000  0.040712 -0.054386 -1.030469
35  1.196301 0.000076 -0.000003  -0.249391 -0.043040 -0.795121
36  3.883411 -0.050502 -0.431087  0.186407 -0.271796 -1.212184
37  1.719565 -0.000079 -0.000004  0.020974 -0.107650 -1.483528
38  1.209199 0.000035 0.000011  -0.324719 0.069674 -0.493483
39  3.859585 -0.149112 -1.331322  -0.094938 -0.084955 -0.411363
40  1.719411 -0.000101 -0.000034  -0.011248 0.001677 -0.960922
41  1.099673 0.000023 0.000007  -0.004984 -0.008084 -0.787926
42  0.805979 -0.359854 -1.318339  0.991670 0.166767 -0.799535
43  1.789779 -0.000008 -0.000042  0.000058 -0.002451 0.133097
44  1.206997 -0.000006 0.000005  0.000372 -0.000070 1.058781
45  5.740572 0.000056 0.000724  0.147601 -0.000014 0.000021
46  11.480945 -0.000062 0.000931  0.059022 0.082441 0.116094
47  6.027514 -0.000273 -0.000238  -1.061782 -0.401643 -1.656352
48  -0.000003 11.691975 -0.000006  -1.050584 0.495883 0.823545
49  0.000004 0.000000 0.000000  2.413975 -0.000041 1.570856
50  -0.000008 -0.000015 0.000005  2.272644 -0.000030 1.570865
51  -3.234460 -6.399758 -6.209398  -0.044483 -2.951905 1.420650
52  0.000000 0.000000 0.000000  0.008153 -0.000259 0.000009
53  0.000000 -0.000000 0.000000  1.565115 0.043565 -0.106862
54  -1.009997 -19.964924 -3.741671  -0.850761 0.119118 -1.810622
55  -0.000000 0.000000 0.000000  0.000000 -0.000000 -0.000002
56  0.000030 0.000029 0.000001  -1.571901 -0.044449 -0.106509
57  7.202790 -19.259499 -17.055128  1.570796 -0.000000 0.000000
58  -15.417985 4.000748 -22.641926  1.570796 -0.000000 0.000000
59  2.236387 -2.421983 -5.367696  1.570796 -0.000000 0.000000
60  -0.004311 0.001230 -0.000371  0.006898 -0.005534 -0.284229
61  0.826810 10.209643 -4.879054  1.570796 -0.000000 0.000000
62  0.000000 0.000000 0.000000  -0.078727 -3.136056 0.284226
63  0.000000 0.000000 0.000000  1.571547 -0.002409 0.001079
64  -2.497777 -12.977999 -1.627771  1.535334 0.013018 -0.012450
65  -0.109379 -1.951952 -1.519203  0.000000 -0.000000 0.000000
66  -0.109379 0.057027 25.399250  0.000000 -0.000000 0.000000
67  -0.109379 -1.856732 0.287231  0.000000 -0.000000 0.000000
68  -0.104048 -4.495924 7.879280  0.000000 -0.000000 0.000000
69  -0.195264 4.332630 -6.347185  0.000000 -0.000000 0.000000
70  -1.290112 3.693283 8.579670  0.022713 -0.014049 -0.017451
71  -0.121471 -1.314581 7.402089  0.000000 -0.000000 0.000000
72  -1.107529 -1.063453 4.061648  0.000000 -0.000000 0.000000
73  0.003658 1.612363 10.733985  0.000000 0.000000 0.160987
74  -2.695034 -18.217916 -2.745875  1.535334 0.013018 -0.012450
time 15
0  0.000006 0.000000 0.000000  -1.570800 -1.391899 -1.570792
1  -4.849906 3.337897 2.232070  -1.544956 -1.855077 -0.198630
2  6.027524 -0.000325 0.000192  -0.442603 -1.204605 -1.845178
3  11.692110 0.000643 -0.000740  -1.384570 -0.000003 -1.120103
4  11.480671 0.000707 -0.000220  1.576447 -0.926775 0.112588
5  3.859508 -0.142880 -1.192049  -0.507739 -0.034586 -1.573166
6  1.312591 0.000012 0.000009  -0.099219 -0.080836 -0.578266
7  0.729354 0.000054 0.000051  -0.083327 -0.106005 -0.262589
8  3.942143 0.046273 -0.431512  -0.423826 0.326055 -0.977403
9  1.539112 0.000082 0.000005  0.011526 -0.070624 -1.101829
10  1.196332 0.000146 0.000030  0.007038 -0.000117 -0.629733
11  3.883504 -0.047269 0.431382  -0.232037 0.533715 -0.537849
12  1.719573 -0.000026 0.000015  0.011709 -0.105542 -1.237432
13  1.209179 0.000089 0.000013  -0.006673 -0.001106 -0.502906
14  3.859663 -0.138475 1.332410  0.013813 0.511197 -0.350141
15  1.719448 -0.000012 0.000022  -0.022509 0.019639 -0.287088
16  1.099673 0.000048 0.000007  -0.286525 0.346051 -1.053593
17  0.770792 -0.901442 1.177685  -1.865794 -0.596007 -0.315192
18  1.789816 -0.000003 -0.000019  0.005558 0.090197 0.395774
19  1.207015 -0.000012 -0.000043  0.141886 -0.163086 0.233767
20  5.740636 0.000411 -0.000703  -0.055545 0.000003 0.000071
21  11.481139 0.000351 -0.000702  0.016832 -0.163456 0.010789
22  6.027524 -0.000329 0.000203  1.472806 -0.353492 1.573171
23  0.000002 11.692098 -0.000007  -0.797648 -0.282044 -0.649785
24  0.000005 0.000008 -0.000001  -0.515490 -0.000030 1.570739
25  -0.000000 -0.000011 -0.000001  0.868957 0.000002 1.570712
26  -6.617934 -9.178503 0.826812  1.473120 1.855075 -0.198639
27  6.027512 -0.000260 -0.000228  1.530151 0.870556 -0.709106
28  11.691989 0.000243 0.000855  0.141447 0.000056 -1.619040
29  11.479396 -0.000839 0.000952  -1.129501 0.428953 0.733296
30  3.859436 -0.132787 1.193062  0.466149 -0.051826 -1.783918
31  1.312558 0.000025 0.000000  -0.013965 -0.041044 -0.156447
32  0.729345 0.000066 -0.000027  -0.128320 -0.117290 -0.954857
33  3.942046 0.050109 0.430996  0.211501 -0.107596 -1.469120
34  1.539096 0.000010 -0.000001  0.040712 -0.054386 -1.030469
35  1.196298 0.000076 -0.000003  -0.249391 -0.043040 -0.795120
36  3.883410 -0.050502 -0.431086  0.186407 -0.271796 -1.212184
37  1.719564 -0.000079 -0.000003  0.020974 -0.107650 -1.483528
38  1.209197 0.000036 0.000012  -0.324719 0.069674 -0.493483
39  3.859585 -0.149112 -1.331323  -0.094938 -0.084955 -0.411363
40  1.719412 -0.000099 -0.000034  -0.011248 0.001677 -0.960922
41  1.099674 0.000024 0.000006  -0.004984 -0.008084 -0.787926
42  0.805979 -0.359854 -1.318338  0.991670 0.166767 -0.799535
43  1.789780 -0.000009 -0.000043  0.000057 -0.002451 0.133097
44  1.206997 -0.000007 0.000005  0.000372 -0.000070 1.058781
45  5.740572 0.000055 0.000724  0.152114 -0.000014 0.000021
46  11.480823 -0.000133 0.000940  0.059806 0.088541 0.112784
47  6.027514 -0.000273 -0.000238  -1.015172 -0.450871 -1.668054
48  -0.000001 11.691973 -0.000006  -1.099536 0.543138 0.852978
49  0.000003 -0.000001 -0.000000  2.413975 -0.000041 1.570856
50  -0.000007 -0.000015 0.000005  2.272644 -0.000030 1.570865
51  -3.267325 -5.718394 -6.675261  -0.024994 -2.926323 1.423723
52  0.000000 -0.000000 0.000001  0.008153 -0.000259 0.000009
53  -0.000000 -0.000000 0.000000  1.565115 0.043565 -0.106862
54  -1.004079 -19.577560 -3.759895  -0.839887 0.107439 -1.805660
55  -0.000000 0.000000 0.000000  0.000000 -0.000000 -0.000002
56  0.000030 0.000029 0.000001  -1.571901 -0.044449 -0.106509
57  7.202790 -19.259499 -17.055128  1.570796 -0.000000 0.000000
58  -15.417985 4.000748 -22.641926  1.570796 -0.000000 0.000000
59  2.236387 -2.421983 -5.367696  1.570796 -0.000000 0.000000
60  -0.004311 0.001230 -0.000371  0.006898 -0.005534 -0.284229
61  0.826810 10.209643 -4.879054  1.570796 -0.000000 0.000000
62  0.000000 0.000000 0.000000  -0.078727 -3.136056 0.284226
63  0.000000 0.000000 0.000000  1.570994 0.007649 0.000403
64  -2.533953 -12.567661 -1.754920  1.521524 0.005116 -0.008843
65  -0.109378 -1.951951 -1.519204  -0.000000 0.000000 0.000000
66  -0.109379 0.057027 25.399250  -0.000000 0.000000 0.000000
67  -0.109378 -1.856731 0.287229  -0.000000 0.000000 0.000000
68  -0.104047 -4.495923 7.879277  -0.000000 0.000000 0.000000
69  -0.195264 4.332630 -6.347187  -0.000000 0.000000 0.000000
70  -1.290112 3.693283 8.579666  0.022713 -0.014049 -0.017451
71  -0.121470 -1.314580 7.402088  -0.000000 0.000000 0.000000
72  -1.107528 -1.063452 4.061647  -0.000000 0.000000 0.000000
73  0.003659 1.612363 10.733983  -0.000000 0.000000 0.128104
74  -2.703228 -17.823301 -2.801542  1.521524 0.005116 -0.008843
time 16
0  0.000006 0.000000 0.000000  -1.570800 -1.391899 -1.570792
1  -4.849906 3.337897 2.232070  -1.544956 -1.855077 -0.198630
2  6.027524 -0.000325 0.000192  -0.462620 -1.194483 -1.809582
3  11.692112 0.000645 -0.000739  -1.384571 -0.000004 -1.143382
4  11.480519 0.000692 -0.000291  1.542736 -0.932430 0.100143
5  3.859509 -0.142879 -1.192049  -0.507739 -0.034586 -1.573166
6  1.312590 0.000011 0.000007  -0.099219 -0.080836 -0.578266
7  0.729353 0.000054 0.000049  -0.083327 -0.106005 -0.262589
8  3.942144 0.046274 -0.431512  -0.423826 0.326055 -0.977403
9  1.539110 0.000084 0.000003  0.011526 -0.070624 -1.101829
10  1.196333 0.000145 0.000030  0.007038 -0.000117 -0.629733
11  3.883505 -0.047269 0.431381  -0.232037 0.533715 -0.537849
12  1.719574 -0.000025 0.000015  0.011709 -0.105542 -1.237432
13  1.209180 0.000088 0.000012  -0.006673 -0.001106 -0.502906
14  3.859661 -0.138475 1.332409  0.013813 0.511197 -0.350141
15  1.719448 -0.000010 0.000023  -0.022509 0.019639 -0.287088
16  1.099676 0.000049 0.000004  -0.286525 0.346051 -1.053593
17  0.770795 -0.901442 1.177686  -1.865794 -0.596008 -0.315192
18  1.789820 -0.000003 -0.000019  0.005558 0.090197 0.395774
19  1.207015 -0.000012 -0.000043  0.141886 -0.163086 0.233768
20  5.740635 0.000411 -0.000703  -0.066491 0.000003 0.000071
21  11.481109 0.000349 -0.000716  0.010299 -0.165001 0.005505
22  6.027524 -0.000329 0.000203  1.477441 -0.365170 1.588484
23  0.000002 11.692099 -0.000008  -0.812347 -0.292876 -0.660647
24  0.000004 0.000009 -0.000001  -0.515490 -0.000031 1.570739
25  -0.000000 -0.000011 -0.000001  0.868957 0.000002 1.570712
26  -6.617934 -9.178503 0.826812  1.473120 1.855075 -0.198639
27  6.027511 -0.000260 -0.000227  1.549066 0.829991 -0.698363
28  11.691992 0.000243 0.000855  0.141448 0.000059 -1.660279
29  11.479122 -0.000978 0.000972  -1.198415 0.400500 0.722198
30  3.859436 -0.132787 1.193061  0.466149 -0.051826 -1.783918
31  1.312558 0.000025 -0.000001  -0.013965 -0.041044 -0.156447
32  0.729345 0.000064 -0.000028  -0.128320 -0.117290 -0.954857
33  3.942046 0.050109 0.430996  0.211501 -0.107596 -1.469120
34  1.539097 0.000010 -0.000000  0.040712 -0.054386 -1.030469
35  1.196299 0.000076 -0.000005  -0.249391 -0.043040 -0.795121
36  3.883412 -0.050502 -0.431088  0.186407 -0.271796 -1.212184
37  1.719564 -0.000079 -0.000003  0.020974 -0.107650 -1.483528
38  1.209197 0.000036 0.000011  -0.324719 0.069674 -0.493483
39  3.859585 -0.149112 -1.331324  -0.094938 -0.084955 -0.411363
40  1.719412 -0.000099 -0.000034  -0.011248 0.001677 -0.960922
41  1.099674 0.000025 0.000008  -0.004984 -0.008084 -0.787926
42  0.805979 -0.359854 -1.318339  0.991670 0.166767 -0.799535
43  1.789780 -0.000010 -0.000042  0.000057 -0.002451 0.133097
44  1.206996 -0.000006 0.000005  0.000372 -0.000070 1.058781
45  5.740571 0.000057 0.000724  0.138549 -0.000014 0.000021
46  11.480768 -0.000158 0.000944  0.049571 0.078830 0.115358
47  6.027514 -0.000273 -0.000238  -0.969937 -0.463264 -1.691495
48  -0.000001 11.691973 -0.000005  -1.123714 0.567003 0.866862
49  0.000003 -0.000001 -0.000001  2.413975 -0.000041 1.570856
50  -0.000007 -0.000016 0.000006  2.272644 -0.000030 1.570865
51  -3.637851 -5.400839 -6.832928  -0.091225 -2.923569 1.443888
52  0.000000 0.000000 0.000000  0.008153 -0.000259 0.000009
53  -0.000001 0.000000 -0.000001  1.565115 0.043565 -0.106862
54  -1.059758 -19.418482 -3.955049  -0.872043 0.102632 -1.805698
55  -0.000001 0.000000 -0.000000  0.000000 -0.000000 -0.000002
56  0.000029 0.000029 0.000000  -1.571902 -0.044449 -0.106509
57  7.202790 -19.259499 -17.055128  1.570796 -0.000000 0.000000
58  -15.417985 4.000748 -22.641926  1.570796 -0.000000 0.000000
59  2.236387 -2.421983 -5.367696  1.570796 -0.000000 0.000000
60  -0.004311 0.001230 -0.000371  0.006898 -0.005534 -0.284229
61  0.826810 10.209643 -4.879054  1.570796 -0.000000 0.000000
62  0.000000 0.000000 0.000000  -0.078727 -3.136056 0.284226
63  0.000000 0.000000 0.000000  1.570436 0.002329 -0.000856
64  -2.547281 -12.419254 -1.882070  1.524063 0.037354 -0.005455
65  -0.109379 -1.951951 -1.519206  0.000000 -0.000000 0.000000
66  -0.109379 0.057027 25.399248  0.000000 -0.000000 0.000000
67  -0.109378 -1.856732 0.287229  0.000000 -0.000000 0.000000
68  -0.104048 -4.495923 7.879275  0.000000 -0.000000 0.000000
69  -0.195264 4.332629 -6.347187  0.000000 -0.000000 0.000000
70  -1.290112 3.693283 8.579666  0.022713 -0.014049 -0.017451
71  -0.121470 -1.314581 7.402085  0.000000 -0.000000 0.000000
72  -1.107528 -1.063453 4.061647  0.000000 -0.000000 0.000000
73  0.003659 1.612363 10.733981  0.000000 0.000000 0.055692
74  -2.732908 -17.672575 -2.937521  1.524063 0.037354 -0.005455
time 17
0  0.000006 0.000000 0.000000  -1.570800 -1.391899 -1.570792
1  -4.849906 3.337897 2.232070  -1.544956 -1.855077 -0.198630
2  6.027524 -0.000325 0.000192  -0.465350 -1.190550 -1.799020
3  11.692112 0.000644 -0.000740  -1.384571 -0.000004 -1.141784
4  11.480530 0.000691 -0.000291  1.510035 -0.926468 0.090723
5  3.859507 -0.142880 -1.192050  -0.507739 -0.034586 -1.573166
6  1.312591 0.000015 0.000008  -0.099219 -0.080836 -0.578266
7  0.729355 0.000054 0.000050  -0.083327 -0.106005 -0.262589
8  3.942142 0.046272 -0.431512  -0.423826 0.326055 -0.977403
9  1.539111 0.000085 0.000007  0.011526 -0.070624 -1.101829
10  1.196332 0.000145 0.000030  0.007038 -0.000117 -0.629733
11  3.883502 -0.047270 0.431381  -0.232037 0.533715 -0.537849
12  1.719574 -0.000028 0.000015  0.011709 -0.105542 -1.237432
13  1.209179 0.000092 0.000011  -0.006673 -0.001107 -0.502906
14  3.859663 -0.138476 1.332410  0.013813 0.511197 -0.350141
15  1.719448 -0.000011 0.000021  -0.022509 0.019639 -0.287088
16  1.099676 0.000050 0.000004  -0.286525 0.346051 -1.053593
17  0.770792 -0.901443 1.177685  -1.865794 -0.596007 -0.315192
18  1.789818 -0.000003 -0.000017  0.005558 0.090197 0.395774
19  1.207017 -0.000013 -0.000044  0.141886 -0.163086 0.233768
20  5.740636 0.000410 -0.000705  -0.073681 0.000003 0.000071
21  11.481112 0.000348 -0.000715  0.003956 -0.164153 0.000944
22  6.027524 -0.000329 0.000203  1.477422 -0.369229 1.596515
23  0.000001 11.692100 -0.000007  -0.811341 -0.292128 -0.659905
24  0.000003 0.000008 0.000000  -0.515490 -0.000030 1.570739
25  -0.000001 -0.000011 -0.000001  0.868957 0.000002 1.570712
26  -6.617934 -9.178503 0.826812  1.473120 1.855075 -0.198639
27  6.027511 -0.000260 -0.000227  1.579633 0.819706 -0.683609
28  11.691990 0.000243 0.000855  0.141448 0.000059 -1.661375
29  11.479115 -0.000982 0.000974  -1.267045 0.356219 0.709687
30  3.859435 -0.132788 1.193062  0.466149 -0.051826 -1.783918
31  1.312558 0.000026 -0.000000  -0.013965 -0.041043 -0.156447
32  0.729345 0.000067 -0.000027  -0.128320 -0.117290 -0.954857
33  3.942046 0.050108 0.430997  0.211501 -0.107596 -1.469120
34  1.539096 0.000009 0.000000  0.040712 -0.054386 -1.030469
35  1.196299 0.000076 -0.000004  -0.249391 -0.043040 -0.795121
36  3.883411 -0.050502 -0.431087  0.186407 -0.271796 -1.212184
37  1.719563 -0.000079 -0.000004  0.020974 -0.107650 -1.483528
38  1.209196 0.000037 0.000012  -0.324719 0.069674 -0.493483
39  3.859586 -0.149112 -1.331322  -0.094938 -0.084955 -0.411363
40  1.719412 -0.000099 -0.000034  -0.011248 0.001677 -0.960922
41  1.099674 0.000025 0.000007  -0.004984 -0.008084 -0.787926
42  0.805978 -0.359854 -1.318338  0.991670 0.166767 -0.799535
43  1.789780 -0.000010 -0.000042  0.000057 -0.002451 0.133097
44  1.206997 -0.000006 0.000005  0.000372 -0.000070 1.058782
45  5.740570 0.000055 0.000725  0.123734 -0.000014 0.000021
46  11.480765 -0.000160 0.000945  0.040308 0.066117 0.117745
47  6.027514 -0.000273 -0.000238  -0.947925 -0.451181 -1.708909
48  -0.000002 11.691973 -0.000005  -1.124356 0.567641 0.867224
49  0.000004 -0.000000 -0.000001  2.413975 -0.000041 1.570856
50  -0.000007 -0.000016 0.000006  2.272644 -0.000030 1.570865
51  -3.997917 -5.418686 -6.773101  -0.158336 -2.929467 1.465589
52  0.000000 -0.000000 -0.000000  0.008153 -0.000259 0.000009
53  0.000000 -0.000000 0.000000  1.565115 0.043565 -0.106862
54  -1.101775 -19.434259 -4.105290  -0.905069 0.101420 -1.805027
55  -0.000001 0.000000 -0.000000  0.000000 -0.000000 -0.000002
56  0.000030 0.000029 0.000001  -1.571902 -0.044449 -0.106509
57  7.202790 -19.259499 -17.055128  1.570796 -0.000000 0.000000
58  -15.417985 4.000748 -22.641926  1.570796 -0.000000 0.000000
59  2.236387 -2.421983 -5.367696  1.570796 -0.000000 0.000000
60  -0.004311 0.001230 -0.000371  0.006898 -0.005534 -0.284229
61  0.826810 10.209643 -4.879054  1.570796 -0.000000 0.000000
62  0.000000 0.000000 0.000000  -0.078727 -3.136056 0.284226
63  0.000000 0.000000 0.000000  1.570187 -0.002991 -0.001533
64  -2.549185 -12.454639 -1.939866  1.530423 0.069611 -0.001079
65  -0.109378 -1.951952 -1.519207  0.000000 0.000000 0.000000
66  -0.109379 0.057027 25.399256  0.000000 0.000000 0.000000
67  -0.109378 -1.856732 0.287229  0.000000 0.000000 0.000000
68  -0.104047 -4.495924 7.879277  0.000000 0.000000 0.000000
69  -0.195264 4.332631 -6.347188  0.000000 0.000000 0.000000
70  -1.290112 3.693284 8.579668  0.022713 -0.014049 -0.017451
71  -0.121470 -1.314581 7.402087  0.000000 0.000000 0.000000
72  -1.107529 -1.063453 4.061647  0.000000 0.000000 0.000000
73  0.003659 1.612363 10.733982  0.000000 0.000000 -0.016752
74  -2.748096 -17.701832 -3.023022  1.530423 0.069611 -0.001079
time 18
0  0.000006 0.000000 0.000000  -1.570800 -1.391899 -1.570792
1  -4.849906 3.337897 2.232070  -1.544956 -1.855077 -0.198630
2  6.027524 -0.000325 0.000192  -0.462127 -1.194060 -1.808922
3  11.692111 0.000644 -0.000738  -1.384570 -0.000003 -1.134725
4  11.480575 0.000696 -0.000269  1.508384 -0.932815 0.097371
5  3.859510 -0.142880 -1.192049  -0.507739 -0.034586 -1.573166
6  1.312589 0.000012 0.000008  -0.099219 -0.080836 -0.578266
7  0.729355 0.000053 0.000051  -0.083327 -0.106005 -0.262589
8  3.942143 0.046273 -0.431512  -0.423826 0.326055 -0.977403
9  1.539111 0.000085 0.000005  0.011526 -0.070624 -1.101829
10  1.196333 0.000144 0.000030  0.007038 -0.000117 -0.629733
11  3.883505 -0.047269 0.431381  -0.232037 0.533715 -0.537849
12  1.719574 -0.000027 0.000017  0.011709 -0.105542 -1.237432
13  1.209178 0.000094 0.000013  -0.006673 -0.001106 -0.502906
14  3.859664 -0.138476 1.332410  0.013813 0.511197 -0.350141
15  1.719447 -0.000011 0.000021  -0.022509 0.019639 -0.287088
16  1.099675 0.000047 0.000005  -0.286525 0.346051 -1.053593
17  0.770796 -0.901442 1.177685  -1.865794 -0.596007 -0.315192
18  1.789820 -0.000003 -0.000018  0.005558 0.090197 0.395774
19  1.207013 -0.000011 -0.000044  0.141886 -0.163086 0.233767
20  5.740637 0.000409 -0.000704  -0.073220 0.000003 0.000071
21  11.481121 0.000349 -0.000714  0.004230 -0.165438 0.001959
22  6.027524 -0.000329 0.000203  1.477138 -0.365532 1.589711
23  0.000002 11.692100 -0.000007  -0.806890 -0.288830 -0.656623
24  0.000003 0.000008 -0.000000  -0.515490 -0.000030 1.570739
25  -0.000001 -0.000011 -0.000001  0.868957 0.000002 1.570712
26  -6.617934 -9.178503 0.826812  1.473120 1.855075 -0.198639
27  6.027511 -0.000261 -0.000227  1.604470 0.842872 -0.671052
28  11.691990 0.000241 0.000855  0.141448 0.000058 -1.649531
29  11.479192 -0.000944 0.000968  -1.262940 0.323989 0.734010
30  3.859436 -0.132787 1.193062  0.466149 -0.051826 -1.783918
31  1.312558 0.000026 0.000000  -0.013965 -0.041044 -0.156447
32  0.729345 0.000064 -0.000028  -0.128320 -0.117290 -0.954857
33  3.942045 0.050109 0.430997  0.211501 -0.107596 -1.469120
34  1.539097 0.000010 -0.000001  0.040712 -0.054386 -1.030469
35  1.196299 0.000076 -0.000004  -0.249391 -0.043040 -0.795121
36  3.883411 -0.050501 -0.431087  0.186407 -0.271796 -1.212184
37  1.719563 -0.000079 -0.000003  0.020974 -0.107650 -1.483528
38  1.209197 0.000036 0.000011  -0.324719 0.069674 -0.493483
39  3.859586 -0.149111 -1.331323  -0.094938 -0.084955 -0.411363
40  1.719414 -0.000099 -0.000035  -0.011248 0.001677 -0.960922
41  1.099673 0.000024 0.000007  -0.004984 -0.008084 -0.787926
42  0.805978 -0.359854 -1.318338  0.991670 0.166767 -0.799535
43  1.789780 -0.000008 -0.000042  0.000057 -0.002451 0.133097
44  1.206996 -0.000006 0.000005  0.000372 -0.000070 1.058782
45  5.740571 0.000057 0.000724  0.128572 -0.000014 0.000021
46  11.480783 -0.000152 0.000943  0.042779 0.060744 0.123424
47  6.027514 -0.000273 -0.000238  -0.960391 -0.424927 -1.709415
48  -0.000001 11.691974 -0.000006  -1.117416 0.560756 0.863289
49  0.000002 -0.000001 -0.000000  2.413975 -0.000041 1.570856
50  -0.000006 -0.000015 0.000006  2.272644 -0.000030 1.570865
51  -4.056873 -5.523883 -6.398082  -0.158304 -2.946336 1.475692
52  -0.000001 0.000000 0.000000  0.008153 -0.000259 0.000009
53  -0.000000 0.000000 0.000000  1.565115 0.043565 -0.106862
54  -1.063062 -19.492805 -4.032414  -0.906171 0.109748 -1.800030
55  -0.000001 0.000000 0.000000  0.000000 -0.000000 -0.000002
56  0.000028 0.000029 0.000001  -1.571902 -0.044449 -0.106509
57  7.202790 -19.259499 -17.055128  1.570796 -0.000000 0.000000
58  -15.417985 4.000748 -22.641926  1.570796 -0.000000 0.000000
59  2.236387 -2.421983 -5.367696  1.570796 -0.000000 0.000000
60  -0.004311 0.001230 -0.000371  0.006898 -0.005534 -0.284229
61  0.826810 10.209643 -4.879054  1.570796 -0.000000 0.000000
62  0.000000 0.000000 0.000000  -0.078727 -3.136056 0.284226
63  0.000000 0.000000 0.000000  1.570344 -0.002216 -0.001136
64  -2.547948 -12.539020 -1.810009  1.538799 0.068750 0.004612
65  -0.109379 -1.951951 -1.519206  -0.000000 -0.000000 -0.000000
66  -0.109379 0.057027 25.399254  -0.000000 -0.000000 -0.000000
67  -0.109379 -1.856732 0.287229  -0.000000 -0.000000 -0.000000
68  -0.104047 -4.495923 7.879276  -0.000000 -0.000000 -0.000000
69  -0.195264 4.332630 -6.347188  -0.000000 -0.000000 -0.000000
70  -1.290112 3.693283 8.579668  0.022713 -0.014049 -0.017451
71  -0.121470 -1.314581 7.402088  -0.000000 -0.000000 -0.000000
72  -1.107528 -1.063453 4.061647  -0.000000 -0.000000 -0.000000
73  0.003659 1.612363 10.733980  -0.000000 0.000000 -0.049589
74  -2.719117 -17.777922 -2.937139  1.538799 0.068750 0.004612
time 19
0  0.000006 0.000000 0.000000  -1.570800 -1.391899 -1.570792
1  -4.849906 3.337897 2.232070  -1.544956 -1.855077 -0.198630
2  6.027524 -0.000325 0.000192  -0.454328 -1.199095 -1.825171
3  11.692110 0.000645 -0.000739  -1.384570 -0.000003 -1.124311
4  11.480644 0.000702 -0.000234  1.507622 -0.937986 0.106186
5  3.859510 -0.142879 -1.192049  -0.507739 -0.034586 -1.573166
6  1.312590 0.000012 0.000008  -0.099219 -0.080836 -0.578266
7  0.729355 0.000053 0.000051  -0.083327 -0.106005 -0.262589
8  3.942143 0.046273 -0.431512  -0.423826 0.326055 -0.977403
9  1.539111 0.000085 0.000005  0.011526 -0.070624 -1.101829
10  1.196333 0.000145 0.000028  0.007038 -0.000117 -0.629733
11  3.883503 -0.047269 0.431381  -0.232037 0.533715 -0.537849
12  1.719574 -0.000025 0.000016  0.011709 -0.105542 -1.237432
13  1.209179 0.000093 0.000011  -0.006673 -0.001107 -0.502906
14  3.859661 -0.138475 1.332410  0.013813 0.511197 -0.350141
15  1.719445 -0.000010 0.000023  -0.022509 0.019639 -0.287088
16  1.099675 0.000051 0.000006  -0.286525 0.346051 -1.053593
17  0.770794 -0.901442 1.177686  -1.865794 -0.596008 -0.315192
18  1.789817 -0.000003 -0.000017  0.005558 0.090197 0.395774
19  1.207018 -0.000013 -0.000044  0.141886 -0.163086 0.233767
20  5.740635 0.000410 -0.000706  -0.072015 0.000003 0.000071
21  11.481134 0.000350 -0.000705  0.004791 -0.166480 0.003456
22  6.027524 -0.000329 0.000203  1.475581 -0.359932 1.581274
23  0.000001 11.692099 -0.000007  -0.800311 -0.283991 -0.651759
24  0.000003 0.000009 -0.000002  -0.515490 -0.000031 1.570739
25  -0.000001 -0.000011 -0.000001  0.868957 0.000002 1.570712
26  -6.617934 -9.178503 0.826812  1.473120 1.855075 -0.198639
27  6.027512 -0.000261 -0.000226  1.630737 0.872174 -0.656320
28  11.691991 0.000244 0.000856  0.141447 0.000056 -1.632081
29  11.479308 -0.000887 0.000959  -1.256607 0.294160 0.760293
30  3.859437 -0.132787 1.193062  0.466149 -0.051826 -1.783918
31  1.312558 0.000023 0.000000  -0.013965 -0.041044 -0.156447
32  0.729345 0.000066 -0.000028  -0.128320 -0.117290 -0.954857
33  3.942046 0.050109 0.430997  0.211501 -0.107596 -1.469120
34  1.539096 0.000008 -0.000000  0.040712 -0.054386 -1.030469
35  1.196299 0.000075 -0.000005  -0.249391 -0.043040 -0.795121
36  3.883411 -0.050502 -0.431087  0.186407 -0.271796 -1.212184
37  1.719563 -0.000079 -0.000004  0.020974 -0.107650 -1.483528
38  1.209196 0.000036 0.000011  -0.324719 0.069674 -0.493483
39  3.859586 -0.149112 -1.331323  -0.094938 -0.084955 -0.411363
40  1.719411 -0.000099 -0.000034  -0.011248 0.001677 -0.960922
41  1.099674 0.000025 0.000007  -0.004984 -0.008084 -0.787926
42  0.805979 -0.359854 -1.318338  0.991670 0.166767 -0.799535
43  1.789779 -0.000009 -0.000042  0.000057 -0.002451 0.133097
44  1.206996 -0.000007 0.000005  0.000372 -0.000070 1.058782
45  5.740573 0.000055 0.000724  0.134434 -0.000014 0.000021
46  11.480807 -0.000142 0.000941  0.045562 0.056050 0.129327
47  6.027514 -0.000273 -0.000238  -0.978608 -0.395349 -1.707285
48  -0.000002 11.691974 -0.000005  -1.107186 0.550654 0.857420
49  0.000003 -0.000002 0.000001  2.413975 -0.000041 1.570856
50  -0.000007 -0.000016 0.000006  2.272644 -0.000030 1.570865
51  -4.082677 -5.663157 -5.970372  -0.155365 -2.963457 1.483240
52  -0.000000 -0.000000 0.000000  0.008153 -0.000259 0.000009
53  0.000000 -0.000000 0.000000  1.565115 0.043565 -0.106862
54  -1.024827 -19.568527 -3.928746  -0.905910 0.118402 -1.795902
55  0.000000 -0.000000 0.000000  0.000000 -0.000000 -0.000002
56  0.000031 0.000029 0.000001  -1.571901 -0.044449 -0.106509
57  7.202790 -19.259499 -17.055128  1.570796 -0.000000 0.000000
58  -15.417985 4.000748 -22.641926  1.570796 -0.000000 0.000000
59  2.236387 -2.421983 -5.367696  1.570796 -0.000000 0.000000
60  -0.004311 0.001230 -0.000371  0.006898 -0.005534 -0.284229
61  0.826810 10.209643 -4.879054  1.570796 -0.000000 0.000000
62  0.000000 0.000000 0.000000  -0.078727 -3.136056 0.284226
63  0.000000 0.000000 0.000000  1.570638 -0.000775 -0.000398
64  -2.543112 -12.639730 -1.651525  1.547176 0.066490 0.009276
65  -0.109378 -1.951952 -1.519207  0.000000 -0.000000 0.000000
66  -0.109379 0.057027 25.399252  0.000000 -0.000000 0.000000
67  -0.109378 -1.856732 0.287230  0.000000 -0.000000 0.000000
68  -0.104047 -4.495923 7.879277  0.000000 -0.000000 0.000000
69  -0.195264 4.332630 -6.347186  0.000000 -0.000000 0.000000
70  -1.290112 3.693283 8.579669  0.022713 -0.014049 -0.017451
71  -0.121470 -1.314581 7.402086  0.000000 -0.000000 0.000000
72  -1.107528 -1.063453 4.061646  0.000000 -0.000000 0.000000
73  0.003659 1.612363 10.733980  -0.000000 0.000000 -0.040964
74  -2.690300 -17.869663 -2.822834  1.547176 0.066490 0.009276
time 20
0  0.000006 0.000000 0.000000  -1.570800 -1.391899 -1.570792
1  -4.849906 3.337897 2.232070  -1.544956 -1.855077 -0.198630
2  6.027524 -0.000325 0.000192  -0.454588 -1.200465 -1.828032
3  11.692110 0.000643 -0.000739  -1.384569 -0.000003 -1.117313
4  11.480688 0.000707 -0.000213  1.507394 -0.939246 0.110738
5  3.859508 -0.142880 -1.192049  -0.507739 -0.034586 -1.573166
6  1.312590 0.000012 0.000009  -0.099219 -0.080836 -0.578266
7  0.729356 0.000054 0.000047  -0.083327 -0.106005 -0.262589
8  3.942144 0.046273 -0.431511  -0.423826 0.326055 -0.977403
9  1.539112 0.000083 0.000004  0.011527 -0.070624 -1.101829
10  1.196333 0.000144 0.000030  0.007038 -0.000117 -0.629733
11  3.883504 -0.047269 0.431382  -0.232037 0.533715 -0.537849
12  1.719574 -0.000028 0.000014  0.011709 -0.105542 -1.237432
13  1.209180 0.000091 0.000013  -0.006673 -0.001106 -0.502906
14  3.859661 -0.138476 1.332410  0.013813 0.511197 -0.350141
15  1.719447 -0.000012 0.000022  -0.022509 0.019639 -0.287088
16  1.099674 0.000049 0.000007  -0.286525 0.346051 -1.053593
17  0.770794 -0.901443 1.177686  -1.865794 -0.596008 -0.315192
18  1.789820 -0.000003 -0.000018  0.005558 0.090197 0.395774
19  1.207015 -0.000011 -0.000043  0.141886 -0.163086 0.233767
20  5.740638 0.000410 -0.000704  -0.070562 0.000003 0.000071
21  11.481145 0.000351 -0.000699  0.005086 -0.166735 0.004256
22  6.027524 -0.000329 0.000203  1.476061 -0.358634 1.578002
23  0.000002 11.692099 -0.000008  -0.795882 -0.280756 -0.648475
24  0.000003 0.000009 -0.000000  -0.515490 -0.000031 1.570739
25  -0.000000 -0.000011 -0.000002  0.868957 0.000002 1.570712
26  -6.617934 -9.178503 0.826812  1.473120 1.855075 -0.198639
27  6.027512 -0.000261 -0.000226  1.640395 0.886770 -0.650298
28  11.691990 0.000244 0.000856  0.141447 0.000055 -1.616864
29  11.479412 -0.000831 0.000951  -1.248996 0.278617 0.770762
30  3.859437 -0.132788 1.193061  0.466149 -0.051826 -1.783918
31  1.312558 0.000026 0.000000  -0.013965 -0.041044 -0.156447
32  0.729345 0.000066 -0.000027  -0.128320 -0.117290 -0.954857
33  3.942047 0.050109 0.430996  0.211501 -0.107596 -1.469120
34  1.539097 0.000009 0.000000  0.040712 -0.054386 -1.030469
35  1.196300 0.000075 -0.000005  -0.249391 -0.043040 -0.795121
36  3.883411 -0.050501 -0.431087  0.186407 -0.271796 -1.212184
37  1.719563 -0.000079 -0.000004  0.020974 -0.107650 -1.483528
38  1.209197 0.000036 0.000012  -0.324719 0.069674 -0.493483
39  3.859586 -0.149112 -1.331323  -0.094938 -0.084955 -0.411363
40  1.719412 -0.000099 -0.000034  -0.011248 0.001677 -0.960922
41  1.099673 0.000025 0.000006  -0.004984 -0.008084 -0.787926
42  0.805979 -0.359854 -1.318338  0.991670 0.166767 -0.799535
43  1.789780 -0.000009 -0.000042  0.000057 -0.002451 0.133097
44  1.206996 -0.000006 0.000006  0.000373 -0.000070 1.058782
45  5.740572 0.000055 0.000723  0.136816 -0.000014 0.000021
46  11.480826 -0.000130 0.000940  0.047927 0.053838 0.131602
47  6.027514 -0.000273 -0.000238  -0.989016 -0.382771 -1.704756
48  -0.000002 11.691973 -0.000006  -1.098260 0.541887 0.852233
49  0.000004 -0.000002 -0.000000  2.413975 -0.000041 1.570856
50  -0.000007 -0.000016 0.000005  2.272644 -0.000030 1.570865
51  -4.085939 -5.785237 -5.817932  -0.150323 -2.976874 1.487621
52  -0.000000 -0.000000 -0.000000  0.008153 -0.000259 0.000009
53  0.000000 0.000000 0.000000  1.565115 0.043565 -0.106862
54  -0.995768 -19.633989 -3.932972  -0.904375 0.125377 -1.793057
55  0.000001 -0.000000 0.000000  0.000000 -0.000000 -0.000002
56  0.000030 0.000029 0.000001  -1.571901 -0.044449 -0.106509
57  7.202790 -19.259499 -17.055128  1.570796 -0.000000 0.000000
58  -15.417985 4.000748 -22.641926  1.570796 -0.000000 0.000000
59  2.236387 -2.421983 -5.367696  1.570796 -0.000000 0.000000
60  -0.004311 0.001230 -0.000371  0.006898 -0.005534 -0.284229
61  0.826810 10.209643 -4.879054  1.570796 -0.000000 0.000000
62  0.000000 0.000000 0.000000  -0.078727 -3.136056 0.284226
63  0.000000 0.000000 0.000000  1.570796 -0.000000 0.000000
64  -2.539414 -12.724111 -1.615675  1.553619 0.063387 0.012353
65  -0.109379 -1.951951 -1.519204  0.000000 0.000000 -0.000000
66  -0.109379 0.057027 25.399252  0.000000 0.000000 -0.000000
67  -0.109379 -1.856732 0.287231  0.000000 0.000000 -0.000000
68  -0.104048 -4.495923 7.879276  0.000000 0.000000 -0.000000
69  -0.195264 4.332631 -6.347188  0.000000 0.000000 -0.000000
70  -1.290112 3.693284 8.579667  0.022713 -0.014049 -0.017451
71  -0.121471 -1.314581 7.402089  0.000000 0.000000 -0.000000
72  -1.107528 -1.063453 4.061648  0.000000 0.000000 -0.000000
73  0.003659 1.612363 10.733984  0.000000 0.000000 -0.022115
74  -2.669104 -17.946730 -2.821182  1.553619 0.063387 0.012353
time 21
0  0.000006 0.000000 0.000000  -1.570800 -1.391899 -1.570792
1  -4.849906 3.337897 2.232070  -1.544956 -1.855077 -0.198630
2  6.027524 -0.000325 0.000192  -0.456000 -1.200852 -1.827960
3  11.692111 0.000643 -0.000739  -1.384569 -0.000003 -1.114805
4  11.480706 0.000708 -0.000203  1.509290 -0.940098 0.112847
5  3.859509 -0.142879 -1.192049  -0.507739 -0.034586 -1.573166
6  1.312588 0.000010 0.000008  -0.099219 -0.080836 -0.578266
7  0.729357 0.000055 0.000051  -0.083327 -0.106005 -0.262589
8  3.942143 0.046273 -0.431511  -0.423826 0.326055 -0.977403
9  1.539110 0.000087 0.000007  0.011526 -0.070624 -1.101829
10  1.196332 0.000144 0.000030  0.007038 -0.000117 -0.629733
11  3.883507 -0.047269 0.431382  -0.232037 0.533715 -0.537849
12  1.719574 -0.000027 0.000015  0.011709 -0.105542 -1.237432
13  1.209179 0.000093 0.000012  -0.006673 -0.001106 -0.502906
14  3.859662 -0.138475 1.332410  0.013813 0.511197 -0.350141
15  1.719448 -0.000011 0.000023  -0.022509 0.019639 -0.287088
16  1.099676 0.000049 0.000007  -0.286525 0.346051 -1.053593
17  0.770796 -0.901442 1.177686  -1.865794 -0.596007 -0.315192
18  1.789818 -0.000003 -0.000019  0.005558 0.090197 0.395774
19  1.207016 -0.000012 -0.000044  0.141886 -0.163086 0.233768
20  5.740636 0.000411 -0.000703  -0.069482 0.000003 0.000071
21  11.481145 0.000351 -0.000699  0.005571 -0.166884 0.004802
22  6.027524 -0.000329 0.000203  1.476695 -0.358394 1.576535
23  0.000001 11.692100 -0.000008  -0.794292 -0.279600 -0.647295
24  0.000003 0.000009 -0.000001  -0.515490 -0.000031 1.570738
25  -0.000001 -0.000011 -0.000002  0.868957 0.000002 1.570712
26  -6.617934 -9.178503 0.826812  1.473120 1.855075 -0.198639
27  6.027512 -0.000261 -0.000226  1.641663 0.892354 -0.649250
28  11.691992 0.000244 0.000856  0.141447 0.000055 -1.610310
29  11.479458 -0.000807 0.000948  -1.241347 0.274490 0.774722
30  3.859435 -0.132787 1.193062  0.466149 -0.051826 -1.783918
31  1.312559 0.000026 0.000001  -0.013965 -0.041044 -0.156447
32  0.729344 0.000067 -0.000028  -0.128320 -0.117290 -0.954857
33  3.942046 0.050109 0.430997  0.211501 -0.107596 -1.469120
34  1.539097 0.000009 -0.000000  0.040712 -0.054386 -1.030469
35  1.196299 0.000075 -0.000004  -0.249391 -0.043040 -0.795121
36  3.883411 -0.050502 -0.431087  0.186407 -0.271796 -1.212184
37  1.719564 -0.000079 -0.000004  0.020974 -0.107650 -1.483528
38  1.209197 0.000035 0.000012  -0.324719 0.069674 -0.493483
39  3.859585 -0.149111 -1.331324  -0.094938 -0.084955 -0.411363
40  1.719413 -0.000099 -0.000035  -0.011248 0.001677 -0.960922
41  1.099674 0.000024 0.000008  -0.004984 -0.008084 -0.787926
42  0.805978 -0.359854 -1.318339  0.991670 0.166767 -0.799535
43  1.789780 -0.000010 -0.000042  0.000057 -0.002451 0.133097
44  1.206997 -0.000006 0.000005  0.000373 -0.000070 1.058782
45  5.740572 0.000055 0.000723  0.138475 -0.000014 0.000021
46  11.480836 -0.000125 0.000939  0.049591 0.053652 0.132224
47  6.027514 -0.000273 -0.000238  -0.993822 -0.379318 -1.702905
48  -0.000002 11.691974 -0.000005  -1.094413 0.538123 0.849979
49  0.000004 -0.000000 -0.000001  2.413975 -0.000041 1.570856
50  -0.000007 -0.000016 0.000005  2.272644 -0.000030 1.570865
51  -4.068636 -5.837409 -5.778670  -0.143976 -2.982647 1.488676
52  0.000000 0.000000 -0.000000  0.008153 -0.000259 0.000009
53  -0.000000 0.000000 -0.000000  1.565115 0.043565 -0.106862
54  -0.978761 -19.661648 -3.939205  -0.901656 0.128668 -1.791653
55  0.000000 -0.000000 0.000000  0.000000 -0.000000 -0.000002
56  0.000031 0.000029 0.000001  -1.571901 -0.044449 -0.106509
57  7.202790 -19.259499 -17.055128  1.570796 -0.000000 0.000000
58  -15.417985 4.000748 -22.641926  1.570796 -0.000000 0.000000
59  2.236387 -2.421983 -5.367696  1.570796 -0.000000 0.000000
60  -0.004311 0.001230 -0.000371  0.006898 -0.005534 -0.284229
61  0.826810 10.209643 -4.879054  1.570796 -0.000000 0.000000
62  0.000000 0.000000 0.000000  -0.078727 -3.136056 0.284226
63  0.000000 0.000000 0.000000  1.570796 -0.000000 0.000000
64  -2.537518 -12.759496 -1.609035  1.556198 0.059999 0.013571
65  -0.109379 -1.951951 -1.519206  0.000000 -0.000000 -0.000000
66  -0.109379 0.057027 25.399250  0.000000 -0.000000 -0.000000
67  -0.109379 -1.856732 0.287229  0.000000 -0.000000 -0.000000
68  -0.104048 -4.495923 7.879275  0.000000 -0.000000 -0.000000
69  -0.195264 4.332630 -6.347189  0.000000 -0.000000 -0.000000
70  -1.290112 3.693283 8.579664  0.022713 -0.014049 -0.017451
71  -0.121471 -1.314581 7.402086  0.000000 -0.000000 -0.000000
72  -1.107529 -1.063453 4.061645  0.000000 -0.000000 -0.000000
73  0.003658 1.612363 10.733981  0.000000 0.000000 -0.003338
74  -2.657610 -17.979074 -2.828626  1.556198 0.059999 0.013571
time 22
0  0.000006 0.000000 0.000000  -1.570800 -1.391899 -1.570792
1  -4.849906 3.337897 2.232070  -1.544956 -1.855077 -0.198630
2  6.027524 -0.000325 0.000192  -0.462468 -1.199601 -1.821016
3  11.692110 0.000643 -0.000739  -1.384570 -0.000003 -1.125089
4  11.480635 0.000701 -0.000239  1.513261 -0.947276 0.112868
5  3.859506 -0.142879 -1.192049  -0.507739 -0.034586 -1.573166
6  1.312590 0.000013 0.000009  -0.099219 -0.080836 -0.578266
7  0.729355 0.000054 0.000049  -0.083327 -0.106005 -0.262589
8  3.942140 0.046273 -0.431512  -0.423826 0.326055 -0.977403
9  1.539111 0.000084 0.000004  0.011526 -0.070624 -1.101829
10  1.196332 0.000147 0.000029  0.007038 -0.000117 -0.629733
11  3.883504 -0.047269 0.431382  -0.232037 0.533715 -0.537849
12  1.719575 -0.000027 0.000014  0.011709 -0.105542 -1.237432
13  1.209179 0.000090 0.000014  -0.006673 -0.001106 -0.502906
14  3.859662 -0.138475 1.332410  0.013813 0.511197 -0.350141
15  1.719447 -0.000011 0.000025  -0.022509 0.019639 -0.287088
16  1.099675 0.000048 0.000008  -0.286525 0.346051 -1.053593
17  0.770792 -0.901442 1.177686  -1.865794 -0.596008 -0.315192
18  1.789817 -0.000003 -0.000019  0.005558 0.090197 0.395774
19  1.207016 -0.000011 -0.000043  0.141886 -0.163086 0.233767
20  5.740636 0.000410 -0.000703  -0.070282 0.000003 0.000071
21  11.481133 0.000350 -0.000704  0.006383 -0.168270 0.005088
22  6.027524 -0.000329 0.000203  1.478771 -0.360205 1.576719
23  0.000001 11.692097 -0.000008  -0.800803 -0.284351 -0.652123
24  0.000004 0.000009 -0.000001  -0.515490 -0.000031 1.570739
25  -0.000001 -0.000011 -0.000002  0.868957 0.000002 1.570712
26  -6.617934 -9.178503 0.826812  1.473120 1.855075 -0.198639
27  6.027512 -0.000261 -0.000226  1.638506 0.885391 -0.651404
28  11.691991 0.000243 0.000856  0.141447 0.000056 -1.625949
29  11.479350 -0.000864 0.000956  -1.234259 0.278344 0.780485
30  3.859435 -0.132788 1.193062  0.466149 -0.051826 -1.783918
31  1.312558 0.000024 -0.000000  -0.013965 -0.041044 -0.156447
32  0.729345 0.000066 -0.000028  -0.128320 -0.117290 -0.954857
33  3.942046 0.050109 0.430997  0.211501 -0.107596 -1.469120
34  1.539097 0.000010 -0.000000  0.040712 -0.054386 -1.030469
35  1.196300 0.000076 -0.000004  -0.249391 -0.043040 -0.795121
36  3.883410 -0.050502 -0.431087  0.186407 -0.271796 -1.212184
37  1.719563 -0.000079 -0.000004  0.020974 -0.107650 -1.483528
38  1.209196 0.000037 0.000011  -0.324719 0.069674 -0.493483
39  3.859585 -0.149112 -1.331323  -0.094938 -0.084955 -0.411363
40  1.719413 -0.000099 -0.000034  -0.011248 0.001677 -0.960922
41  1.099673 0.000025 0.000007  -0.004984 -0.008084 -0.787926
42  0.805979 -0.359854 -1.318338  0.991670 0.166767 -0.799535
43  1.789780 -0.000008 -0.000042  0.000057 -0.002451 0.133097
44  1.206996 -0.000006 0.000005  0.000372 -0.000070 1.058782
45  5.740573 0.000056 0.000723  0.141721 -0.000014 0.000021
46  11.480814 -0.000136 0.000940  0.050522 0.054980 0.132960
47  6.027514 -0.000273 -0.000238  -0.988360 -0.384491 -1.704644
48  -0.000002 11.691974 -0.000005  -1.103590 0.547116 0.855337
49  0.000003 -0.000001 0.000000  2.413975 -0.000041 1.570856
50  -0.000007 -0.000016 0.000006  2.272644 -0.000030 1.570865
51  -4.048224 -5.705298 -5.791482  -0.137339 -2.979581 1.488746
52  0.000000 0.000000 -0.000000  0.008153 -0.000259 0.000009
53  0.000000 -0.000000 -0.000000  1.565115 0.043565 -0.106862
54  -0.966536 -19.590487 -3.911197  -0.898172 0.127600 -1.790638
55  -0.000001 0.000000 -0.000000  0.000000 -0.000000 -0.000002
56  0.000030 0.000029 0.000001  -1.571902 -0.044449 -0.106509
57  7.202790 -19.259499 -17.055128  1.570796 -0.000000 0.000000
58  -15.417985 4.000748 -22.641926  1.570796 -0.000000 0.000000
59  2.236387 -2.421983 -5.367696  1.570796 -0.000000 0.000000
60  -0.004311 0.001230 -0.000371  0.006898 -0.005534 -0.284229
61  0.826810 10.209643 -4.879054  1.570796 -0.000000 0.000000
62  0.000000 0.000000 0.000000  -0.078727 -3.136056 0.284226
63  0.000000 0.000000 0.000000  1.570796 -0.000000 0.000000
64  -2.536516 -12.685056 -1.598340  1.554355 0.056886 0.014034
65  -0.109379 -1.951951 -1.519207  0.000000 -0.000000 0.000000
66  -0.109379 0.057027 25.399250  0.000000 -0.000000 0.000000
67  -0.109379 -1.856732 0.287229  0.000000 -0.000000 0.000000
68  -0.104048 -4.495923 7.879273  0.000000 -0.000000 0.000000
69  -0.195264 4.332631 -6.347189  0.000000 -0.000000 0.000000
70  -1.290112 3.693284 8.579667  0.022713 -0.014049 -0.017451
71  -0.121470 -1.314581 7.402085  0.000000 -0.000000 0.000000
72  -1.107529 -1.063453 4.061646  0.000000 -0.000000 0.000000
73  0.003658 1.612363 10.733981  0.000000 0.000000 0.005161
74  -2.649817 -17.906883 -2.808918  1.554355 0.056886 0.014034
time 23
0  0.000006 0.000000 0.000000  -1.570800 -1.391899 -1.570792
1  -4.849906 3.337897 2.232070  -1.544956 -1.855077 -0.198630
2  6.027524 -0.000325 0.000192  -0.462923 -1.200171 -1.821992
3  11.692112 0.000644 -0.000739  -1.384570 -0.000003 -1.127879
4  11.480620 0.000700 -0.000244  1.519631 -0.948878 0.110541
5  3.859506 -0.142880 -1.192050  -0.507739 -0.034586 -1.573166
6  1.312590 0.000014 0.000009  -0.099219 -0.080836 -0.578266
7  0.729356 0.000054 0.000051  -0.083327 -0.106005 -0.262589
8  3.942142 0.046273 -0.431512  -0.423826 0.326055 -0.977403
9  1.539109 0.000086 0.000004  0.011526 -0.070624 -1.101829
10  1.196332 0.000145 0.000030  0.007038 -0.000117 -0.629733
11  3.883501 -0.047269 0.431381  -0.232037 0.533715 -0.537849
12  1.719573 -0.000027 0.000016  0.011709 -0.105542 -1.237432
13  1.209178 0.000093 0.000013  -0.006673 -0.001106 -0.502906
14  3.859661 -0.138476 1.332410  0.013813 0.511197 -0.350141
15  1.719448 -0.000012 0.000022  -0.022509 0.019639 -0.287088
16  1.099676 0.000048 0.000007  -0.286525 0.346051 -1.053593
17  0.770792 -0.901442 1.177685  -1.865794 -0.596008 -0.315192
18  1.789819 -0.000003 -0.000017  0.005558 0.090197 0.395774
19  1.207013 -0.000011 -0.000042  0.141886 -0.163086 0.233767
20  5.740638 0.000410 -0.000703  -0.069956 0.000003 0.000070
21  11.481130 0.000350 -0.000707  0.007338 -0.168519 0.005219
22  6.027524 -0.000329 0.000203  1.479095 -0.359695 1.575205
23  0.000002 11.692099 -0.000008  -0.802567 -0.285645 -0.653428
24  0.000003 0.000009 -0.000001  -0.515490 -0.000031 1.570738
25  -0.000000 -0.000011 -0.000001  0.868957 0.000002 1.570712
26  -6.617934 -9.178503 0.826812  1.473120 1.855075 -0.198639
27  6.027512 -0.000261 -0.000226  1.635717 0.882867 -0.653058
28  11.691991 0.000244 0.000857  0.141447 0.000056 -1.629272
29  11.479328 -0.000878 0.000957  -1.230207 0.282726 0.775066
30  3.859435 -0.132787 1.193062  0.466149 -0.051826 -1.783918
31  1.312558 0.000026 0.000000  -0.013965 -0.041044 -0.156447
32  0.729344 0.000066 -0.000026  -0.128320 -0.117290 -0.954857
33  3.942045 0.050110 0.430998  0.211501 -0.107596 -1.469120
34  1.539096 0.000010 0.000000  0.040712 -0.054386 -1.030469
35  1.196299 0.000076 -0.000004  -0.249391 -0.043040 -0.795120
36  3.883411 -0.050501 -0.431086  0.186407 -0.271796 -1.212184
37  1.719563 -0.000079 -0.000003  0.020974 -0.107650 -1.483528
38  1.209198 0.000035 0.000011  -0.324719 0.069674 -0.493483
39  3.859585 -0.149112 -1.331322  -0.094938 -0.084955 -0.411363
40  1.719412 -0.000100 -0.000034  -0.011248 0.001677 -0.960922
41  1.099674 0.000024 0.000006  -0.004984 -0.008084 -0.787926
42  0.805978 -0.359854 -1.318338  0.991670 0.166767 -0.799535
43  1.789779 -0.000010 -0.000042  0.000057 -0.002451 0.133097
44  1.206996 -0.000006 0.000005  0.000373 -0.000070 1.058782
45  5.740571 0.000056 0.000724  0.142304 -0.000014 0.000021
46  11.480809 -0.000139 0.000941  0.051059 0.055947 0.131579
47  6.027514 -0.000273 -0.000238  -0.986940 -0.387277 -1.704675
48  -0.000001 11.691974 -0.000005  -1.105538 0.549033 0.856467
49  0.000003 -0.000001 -0.000000  2.413975 -0.000041 1.570856
50  -0.000007 -0.000016 0.000005  2.272644 -0.000030 1.570865
51  -4.035676 -5.677881 -5.820427  -0.132073 -2.973212 1.489031
52  0.000000 0.000000 -0.000000  0.008153 -0.000259 0.000009
53  -0.000001 0.000000 0.000001  1.565115 0.043565 -0.106862
54  -0.956724 -19.568520 -3.871486  -0.895139 0.124802 -1.789680
55  0.000001 -0.000001 -0.000000  0.000000 -0.000000 -0.000002
56  0.000030 0.000028 0.000001  -1.571901 -0.044449 -0.106509
57  7.202790 -19.259499 -17.055128  1.570796 -0.000000 0.000000
58  -15.417985 4.000748 -22.641926  1.570796 -0.000000 0.000000
59  2.236387 -2.421983 -5.367696  1.570796 -0.000000 0.000000
60  -0.004311 0.001230 -0.000371  0.006898 -0.005534 -0.284229
61  0.826810 10.209643 -4.879054  1.570796 -0.000000 0.000000
62  0.000000 0.000000 0.000000  -0.078727 -3.136056 0.284226
63  0.000000 0.000000 0.000000  1.570796 -0.000000 0.000000
64  -2.536036 -12.656208 -1.585690  1.550930 0.054607 0.014419
65  -0.109378 -1.951951 -1.519205  0.000000 -0.000000 0.000000
66  -0.109379 0.057027 25.399248  0.000000 -0.000000 0.000000
67  -0.109379 -1.856732 0.287229  0.000000 -0.000000 0.000000
68  -0.104047 -4.495923 7.879277  0.000000 -0.000000 0.000000
69  -0.195264 4.332631 -6.347188  0.000000 -0.000000 0.000000
70  -1.290112 3.693283 8.579666  0.022713 -0.014049 -0.017451
71  -0.121470 -1.314581 7.402088  0.000000 -0.000000 0.000000
72  -1.107528 -1.063453 4.061646  0.000000 -0.000000 0.000000
73  0.003659 1.612363 10.733980  0.000000 0.000000 0.003815
74  -2.643530 -17.882168 -2.778836  1.550930 0.054607 0.014419
time 24
0  0.000006 0.000000 0.000000  -1.570800 -1.391899 -1.570792
1  -4.849906 3.337897 2.232070  -1.544956 -1.855077 -0.198630
2  6.027524 -0.000325 0.000192  -0.462017 -1.200729 -1.823814
3  11.692111 0.000644 -0.000740  -1.384570 -0.000003 -1.127810
4  11.480619 0.000700 -0.000248  1.522838 -0.948524 0.109134
5  3.859509 -0.142880 -1.192049  -0.507739 -0.034586 -1.573166
6  1.312590 0.000013 0.000007  -0.099219 -0.080836 -0.578266
7  0.729355 0.000054 0.000050  -0.083327 -0.106005 -0.262589
8  3.942142 0.046273 -0.431512  -0.423826 0.326055 -0.977403
9  1.539110 0.000084 0.000006  0.011526 -0.070624 -1.101829
10  1.196333 0.000144 0.000029  0.007038 -0.000117 -0.629733
11  3.883505 -0.047269 0.431381  -0.232037 0.533715 -0.537849
12  1.719572 -0.000027 0.000014  0.011709 -0.105542 -1.237432
13  1.209179 0.000095 0.000013  -0.006673 -0.001107 -0.502906
14  3.859663 -0.138475 1.332409  0.013813 0.511197 -0.350141
15  1.719447 -0.000013 0.000020  -0.022509 0.019639 -0.287088
16  1.099675 0.000046 0.000008  -0.286525 0.346051 -1.053593
17  0.770793 -0.901442 1.177685  -1.865794 -0.596008 -0.315192
18  1.789820 -0.000003 -0.000019  0.005558 0.090197 0.395774
19  1.207016 -0.000012 -0.000043  0.141886 -0.163086 0.233768
20  5.740637 0.000410 -0.000704  -0.069604 0.000003 0.000070
21  11.481129 0.000350 -0.000709  0.007781 -0.168414 0.005253
22  6.027524 -0.000329 0.000203  1.478908 -0.359072 1.574294
23  0.000001 11.692099 -0.000007  -0.802523 -0.285613 -0.653396
24  0.000003 0.000008 -0.000001  -0.515490 -0.000031 1.570739
25  -0.000000 -0.000011 -0.000001  0.868957 0.000002 1.570712
26  -6.617934 -9.178503 0.826812  1.473120 1.855075 -0.198639
27  6.027512 -0.000261 -0.000226  1.634294 0.882425 -0.653847
28  11.691991 0.000242 0.000855  0.141447 0.000056 -1.628682
29  11.479332 -0.000874 0.000958  -1.228905 0.285136 0.770684
30  3.859436 -0.132787 1.193063  0.466149 -0.051826 -1.783918
31  1.312558 0.000025 0.000001  -0.013965 -0.041044 -0.156447
32  0.729345 0.000066 -0.000028  -0.128320 -0.117290 -0.954857
33  3.942046 0.050109 0.430998  0.211501 -0.107596 -1.469120
34  1.539097 0.000010 -0.000000  0.040712 -0.054386 -1.030469
35  1.196300 0.000076 -0.000003  -0.249391 -0.043040 -0.795120
36  3.883412 -0.050502 -0.431086  0.186407 -0.271796 -1.212184
37  1.719564 -0.000079 -0.000004  0.020974 -0.107650 -1.483528
38  1.209198 0.000035 0.000011  -0.324719 0.069674 -0.493483
39  3.859586 -0.149112 -1.331322  -0.094938 -0.084955 -0.411363
40  1.719411 -0.000100 -0.000035  -0.011248 0.001677 -0.960922
41  1.099673 0.000023 0.000007  -0.004984 -0.008084 -0.787926
42  0.805979 -0.359854 -1.318338  0.991670 0.166767 -0.799535
43  1.789779 -0.000008 -0.000042  0.000057 -0.002451 0.133097
44  1.206996 -0.000006 0.000005  0.000372 -0.000070 1.058781
45  5.740572 0.000055 0.000723  0.142093 -0.000014 0.000021
46  11.480810 -0.000138 0.000941  0.051209 0.056383 0.130579
47  6.027514 -0.000273 -0.000238  -0.987010 -0.388281 -1.704338
48  -0.000001 11.691973 -0.000004  -1.105193 0.548692 0.856267
49  0.000004 -0.000001 0.000001  2.413975 -0.000041 1.570856
50  -0.000006 -0.000016 0.000007  2.272644 -0.000030 1.570865
51  -4.029928 -5.683367 -5.838304  -0.129928 -2.969716 1.488992
52  0.000000 -0.000000 -0.000001  0.008153 -0.000259 0.000009
53  0.000000 0.000000 0.000001  1.565115 0.043565 -0.106862
54  -0.953392 -19.567165 -3.852229  -0.893843 0.123214 -1.789358
55  0.000001 0.000000 -0.000000  0.000000 -0.000000 -0.000002
56  0.000030 0.000029 0.000000  -1.571901 -0.044449 -0.106509
57  7.202790 -19.259499 -17.055128  1.570796 -0.000000 0.000000
58  -15.417985 4.000748 -22.641926  1.570796 -0.000000 0.000000
59  2.236387 -2.421983 -5.367696  1.570796 -0.000000 0.000000
60  -0.004311 0.001230 -0.000371  0.006898 -0.005534 -0.284229
61  0.826810 10.209643 -4.879054  1.570796 -0.000000 0.000000
62  0.000000 0.000000 0.000000  -0.078727 -3.136056 0.284226
63  0.000000 0.000000 0.000000  1.570796 -0.000000 0.000000
64  -2.535900 -12.650944 -1.580516  1.549086 0.053723 0.014481
65  -0.109378 -1.951951 -1.519205  -0.000000 0.000000 0.000000
66  -0.109379 0.057027 25.399252  -0.000000 0.000000 0.000000
67  -0.109378 -1.856732 0.287229  -0.000000 0.000000 0.000000
68  -0.104047 -4.495923 7.879278  -0.000000 0.000000 0.000000
69  -0.195264 4.332631 -6.347188  -0.000000 0.000000 0.000000
70  -1.290112 3.693284 8.579670  0.022713 -0.014049 -0.017451
71  -0.121470 -1.314581 7.402088  -0.000000 0.000000 0.000000
72  -1.107528 -1.063453 4.061647  -0.000000 0.000000 0.000000
73  0.003659 1.612363 10.733981  0.000000 0.000000 0.001333
74  -2.641465 -17.879095 -2.764200  1.549086 0.053723 0.014481
time 25
0  0.000006 0.000000 0.000000  -1.570800 -1.391899 -1.570792
1  -4.849906 3.337897 2.232070  -1.544956 -1.855077 -0.198630
2  6.027524 -0.000325 0.000192  -0.462017 -1.200729 -1.823814
3  11.692111 0.000644 -0.000740  -1.384570 -0.000003 -1.127810
4  11.480619 0.000700 -0.000248  1.522838 -0.948524 0.109134
5  3.859509 -0.142880 -1.192049  -0.507739 -0.034586 -1.573166
6  1.312590 0.000013 0.000007  -0.099219 -0.080836 -0.578266
7  0.729355 0.000054 0.000050  -0.083327 -0.106005 -0.262589
8  3.942142 0.046273 -0.431512  -0.423826 0.326055 -0.977403
9  1.539110 0.000084 0.000006  0.011526 -0.070624 -1.101829
10  1.196333 0.000144 0.000029  0.007038 -0.000117 -0.629733
11  3.883505 -0.047269 0.431381  -0.232037 0.533715 -0.537849
12  1.719572 -0.000027 0.000014  0.011709 -0.105542 -1.237432
13  1.209179 0.000095 0.000013  -0.006673 -0.001107 -0.502906
14  3.859663 -0.138475 1.332409  0.013813 0.511197 -0.350141
15  1.719447 -0.000013 0.000020  -0.022509 0.019639 -0.287088
16  1.099675 0.000046 0.000008  -0.286525 0.346051 -1.053593
17  0.770793 -0.901442 1.177685  -1.865794 -0.596008 -0.315192
18  1.789820 -0.000003 -0.000019  0.005558 0.090197 0.395774
19  1.207016 -0.000012 -0.000043  0.141886 -0.163086 0.233768
20  5.740637 0.000410 -0.000704  -0.069604 0.000003 0.000070
21  11.481129 0.000350 -0.000709  0.007781 -0.168414 0.005253
22  6.027524 -0.000329 0.000203  1.478908 -0.359072 1.574294
23  0.000001 11.692099 -0.000007  -0.802523 -0.285613 -0.653396
24  0.000003 0.000008 -0.000001  -0.515490 -0.000031 1.570739
25  -0.000000 -0.000011 -0.000001  0.868957 0.000002 1.570712
26  -6.617934 -9.178503 0.826812  1.473120 1.855075 -0.198639
27  6.027512 -0.000261 -0.000226  1.634294 0.882425 -0.653847
28  11.691991 0.000242 0.000855  0.141447 0.000056 -1.628682
29  11.479332 -0.000874 0.000958  -1.228905 0.285136 0.770684
30  3.859436 -0.132787 1.193063  0.466149 -0.051826 -1.783918
31  1.312558 0.000025 0.000001  -0.013965 -0.041044 -0.156447
32  0.729345 0.000066 -0.000028  -0.128320 -0.117290 -0.954857
33  3.942046 0.050109 0.430998  0.211501 -0.107596 -1.469120
34  1.539097 0.000010 -0.000000  0.040712 -0.054386 -1.030469
35  1.196300 0.000076 -0.000003  -0.249391 -0.043040 -0.795120
36  3.883412 -0.050502 -0.431086  0.186407 -0.271796 -1.212184
37  1.719564 -0.000079 -0.000004  0.020974 -0.107650 -1.483528
38  1.209198 0.000035 0.000011  -0.324719 0.069674 -0.493483
39  3.859586 -0.149112 -1.331322  -0.094938 -0.084955 -0.411363
40  1.719411 -0.000100 -0.000035  -0.011248 0.001677 -0.960922
41  1.099673 0.000023 0.000007  -0.004984 -0.008084 -0.787926
42  0.805979 -0.359854 -1.318338  0.991670 0.166767 -0.799535
43  1.789779 -0.000008 -0.000042  0.000057 -0.002451 0.133097
44  1.206996 -0.000006 0.000005  0.000372 -0.000070 1.058781
45  5.740572 0.000055 0.000723  0.142093 -0.000014 0.000021
46  11.480810 -0.000138 0.000941  0.051209 0.056383 0.130579
47  6.027514 -0.000273 -0.000238  -0.987010 -0.388281 -1.704338
48  -0.000001 11.691973 -0.000004  -1.105193 0.548692 0.856267
49  0.000004 -0.000001 0.000001  2.413975 -0.000041 1.570856
50  -0.000006 -0.000016 0.000007  2.272644 -0.000030 1.570865
51  -4.029928 -5.683367 -5.838304  -0.129928 -2.969716 1.488992
52  0.000000 -0.000000 -0.000001  0.008153 -0.000259 0.000009
53  0.000000 0.000000 0.000001  1.565115 0.043565 -0.106862
54  -0.953392 -19.567165 -3.852229  -0.893843 0.123214 -1.789358
55  0.000001 0.000000 -0.000000  0.000000 -0.000000 -0.000002
56  0.000030 0.000029 0.000000  -1.571901 -0.044449 -0.106509
57  7.202790 -19.259499 -17.055128  1.570796 -0.000000 0.000000
58  -15.417985 4.000748 -22.641926  1.570796 -0.000000 0.000000
59  2.236387 -2.421983 -5.367696  1.570796 -0.000000 0.000000
60  -0.004311 0.001230 -0.000371  0.006898 -0.005534 -0.284229
61  0.826810 10.209643 -4.879054  1.570796 -0.000000 0.000000
62  0.000000 0.000000 0.000000  -0.078727 -3.136056 0.284226
63  0.000000 0.000000 0.000000  1.570796 -0.000000 0.000000
64  -2.535900 -12.650944 -1.580516  1.549086 0.053723 0.014481
65  -0.109378 -1.951951 -1.519205  -0.000000 0.000000 0.000000
66  -0.109379 0.057027 25.399252  -0.000000 0.000000 0.000000
67  -0.109378 -1.856732 0.287229  -0.000000 0.000000 0.000000
68  -0.104047 -4.495923 7.879278  -0.000000 0.000000 0.000000
69  -0.195264 4.332631 -6.347188  -0.000000 0.000000 0.000000
70  -1.290112 3.693284 8.579670  0.022713 -0.014049 -0.017451
71  -0.121470 -1.314581 7.402088  -0.000000 0.000000 0.000000
72  -1.107528 -1.063453 4.061647  -0.000000 0.000000 0.000000
73  0.003659 1.612363 10.733981  -0.000000 0.000000 0.000000
74  -2.641465 -17.879095 -2.764200  1.549086 0.053723 0.014481
end
