version 1
nodes
0 "ValveBiped.Bip01_Spine4" -1
1 "ValveBiped.Bip01_L_Clavicle" 0
2 "ValveBiped.Bip01_L_UpperArm" 1
3 "ValveBiped.Bip01_L_Forearm" 2
4 "ValveBiped.Bip01_L_Hand" 3
5 "ValveBiped.Bip01_L_Finger4" 4
6 "ValveBiped.Bip01_L_Finger41" 5
7 "ValveBiped.Bip01_L_Finger42" 6
8 "ValveBiped.Bip01_L_Finger3" 4
9 "ValveBiped.Bip01_L_Finger31" 8
10 "ValveBiped.Bip01_L_Finger32" 9
11 "ValveBiped.Bip01_L_Finger2" 4
12 "ValveBiped.Bip01_L_Finger21" 11
13 "ValveBiped.Bip01_L_Finger22" 12
14 "ValveBiped.Bip01_L_Finger1" 4
15 "ValveBiped.Bip01_L_Finger11" 14
16 "ValveBiped.Bip01_L_Finger12" 15
17 "ValveBiped.Bip01_L_Finger0" 4
18 "ValveBiped.Bip01_L_Finger01" 17
19 "ValveBiped.Bip01_L_Finger02" 18
20 "ValveBiped.Bip01_L_Ulna" 3
21 "ValveBiped.Bip01_L_Wrist" 3
22 "rig_l_upperarm" 1
23 "rig_l_forearm" 22
24 "rig_d_l_forearm" 23
25 "rig_d_l_upperarm" 22
26 "ValveBiped.Bip01_R_Clavicle" 0
27 "ValveBiped.Bip01_R_UpperArm" 26
28 "ValveBiped.Bip01_R_Forearm" 27
29 "ValveBiped.Bip01_R_Hand" 28
30 "ValveBiped.Bip01_R_Finger4" 29
31 "ValveBiped.Bip01_R_Finger41" 30
32 "ValveBiped.Bip01_R_Finger42" 31
33 "ValveBiped.Bip01_R_Finger3" 29
34 "ValveBiped.Bip01_R_Finger31" 33
35 "ValveBiped.Bip01_R_Finger32" 34
36 "ValveBiped.Bip01_R_Finger2" 29
37 "ValveBiped.Bip01_R_Finger21" 36
38 "ValveBiped.Bip01_R_Finger22" 37
39 "ValveBiped.Bip01_R_Finger1" 29
40 "ValveBiped.Bip01_R_Finger11" 39
41 "ValveBiped.Bip01_R_Finger12" 40
42 "ValveBiped.Bip01_R_Finger0" 29
43 "ValveBiped.Bip01_R_Finger01" 42
44 "ValveBiped.Bip01_R_Finger02" 43
45 "ValveBiped.Bip01_R_Ulna" 28
46 "ValveBiped.Bip01_R_Wrist" 28
47 "rig_r_upperarm" 26
48 "rig_r_forearm" 47
49 "rig_d_r_forearm" 48
50 "rig_d_r_upperarm" 47
51 "rig_r_hand" -1
52 "rig_d_r_hand" 51
53 "rig_d_r_wrist" 52
54 "rig_l_hand" -1
55 "rig_d_l_hand" 54
56 "rig_d_l_wrist" 54
57 "rig_l_pole" -1
58 "rig_r_pole" -1
59 "rig_l_clavicle" -1
60 "rig_d_l_clavicle" 59
61 "rig_r_clavicle" -1
62 "rig_d_r_clavicle" 61
63 "Camera" -1
64 "body" -1
65 "trigger" 64
66 "barrel" 64
67 "bulletdoor" 64
68 "pump" 64
69 "bolt" 68
70 "tac" 68
71 "bullet2" 64
72 "catch" 64
73 "hookontop" 64
74 "bullet1" -1
end
skeleton
time 0
0  0.000006 0.000000 0.000000  -1.570800 -1.391899 -1.570792
1  -4.849906 3.337897 2.232070  -1.544956 -1.855077 -0.198630
2  6.027524 -0.000325 0.000192  -0.462017 -1.200729 -1.823814
3  11.692111 0.000644 -0.000740  -1.384570 -0.000003 -1.127810
4  11.480619 0.000700 -0.000248  1.522838 -0.948524 0.109134
5  3.859509 -0.142880 -1.192049  -0.507739 -0.034586 -1.573166
6  1.312590 0.000013 0.000007  -0.099219 -0.080836 -0.578266
7  0.729355 0.000054 0.000050  -0.083327 -0.106005 -0.262589
8  3.942142 0.046273 -0.431512  -0.423826 0.326055 -0.977403
9  1.539110 0.000084 0.000006  0.011526 -0.070624 -1.101829
10  1.196333 0.000144 0.000029  0.007038 -0.000117 -0.629733
11  3.883505 -0.047269 0.431381  -0.232037 0.533715 -0.537849
12  1.719573 -0.000026 0.000014  0.011709 -0.105542 -1.237432
13  1.209179 0.000095 0.000013  -0.006673 -0.001107 -0.502906
14  3.859663 -0.138476 1.332410  0.013813 0.511197 -0.350141
15  1.719446 -0.000013 0.000021  -0.022509 0.019639 -0.287088
16  1.099675 0.000046 0.000008  -0.286525 0.346051 -1.053593
17  0.770793 -0.901442 1.177686  -1.865794 -0.596008 -0.315192
18  1.789820 -0.000003 -0.000019  0.005558 0.090197 0.395774
19  1.207016 -0.000012 -0.000043  0.141886 -0.163086 0.233768
20  5.740637 0.000410 -0.000704  -0.069604 0.000003 0.000070
21  11.481129 0.000350 -0.000709  0.007781 -0.168414 0.005253
22  6.027524 -0.000329 0.000203  1.478908 -0.359072 1.574294
23  0.000001 11.692099 -0.000007  -0.802523 -0.285613 -0.653396
24  0.000003 0.000008 -0.000001  -0.515490 -0.000031 1.570739
25  -0.000000 -0.000011 -0.000001  0.868957 0.000002 1.570712
26  -6.617934 -9.178503 0.826812  1.473120 1.855075 -0.198639
27  6.027512 -0.000261 -0.000226  1.634294 0.882425 -0.653847
28  11.691991 0.000244 0.000856  0.141447 0.000056 -1.628682
29  11.479333 -0.000874 0.000957  -1.228906 0.285136 0.770684
30  3.859436 -0.132787 1.193062  0.466149 -0.051826 -1.783918
31  1.312559 0.000026 0.000000  -0.013965 -0.041044 -0.156447
32  0.729345 0.000067 -0.000027  -0.128320 -0.117290 -0.954857
33  3.942047 0.050109 0.430997  0.211501 -0.107596 -1.469120
34  1.539097 0.000011 -0.000000  0.040712 -0.054386 -1.030469
35  1.196300 0.000076 -0.000003  -0.249391 -0.043040 -0.795120
36  3.883411 -0.050501 -0.431087  0.186407 -0.271796 -1.212184
37  1.719564 -0.000080 -0.000003  0.020974 -0.107650 -1.483528
38  1.209197 0.000035 0.000011  -0.324719 0.069674 -0.493483
39  3.859586 -0.149111 -1.331323  -0.094938 -0.084955 -0.411363
40  1.719411 -0.000099 -0.000035  -0.011248 0.001677 -0.960922
41  1.099673 0.000025 0.000006  -0.004984 -0.008084 -0.787926
42  0.805979 -0.359854 -1.318338  0.991670 0.166767 -0.799535
43  1.789780 -0.000009 -0.000042  0.000057 -0.002451 0.133097
44  1.206996 -0.000006 0.000006  0.000372 -0.000071 1.058782
45  5.740573 0.000054 0.000723  0.142093 -0.000014 0.000021
46  11.480811 -0.000139 0.000941  0.051210 0.056383 0.130579
47  6.027514 -0.000273 -0.000238  -0.987010 -0.388281 -1.704338
48  -0.000001 11.691973 -0.000006  -1.105193 0.548692 0.856267
49  0.000005 -0.000002 0.000000  2.413975 -0.000041 1.570856
50  -0.000007 -0.000015 0.000006  2.272644 -0.000030 1.570865
51  -4.029928 -5.683368 -5.838304  -0.129928 -2.969716 1.488992
52  0.000000 0.000000 -0.000000  0.008153 -0.000259 0.000009
53  0.000000 0.000000 0.000000  1.565115 0.043565 -0.106862
54  -0.953392 -19.567165 -3.852229  -0.893843 0.123214 -1.789358
55  0.000001 0.000000 -0.000000  0.000000 -0.000000 -0.000002
56  0.000030 0.000029 0.000001  -1.571901 -0.044449 -0.106509
57  7.202790 -19.259499 -17.055128  1.570796 -0.000000 0.000000
58  -15.417985 4.000748 -22.641926  1.570796 -0.000000 0.000000
59  2.236387 -2.421983 -5.367696  1.570796 -0.000000 0.000000
60  -0.004311 0.001230 -0.000371  0.006898 -0.005534 -0.284229
61  0.826810 10.209643 -4.879054  1.570796 -0.000000 0.000000
62  0.000000 0.000000 0.000000  -0.078727 -3.136056 0.284226
63  0.000000 0.000000 0.000000  1.570796 -0.000000 0.000000
64  -2.535900 -12.650944 -1.580516  1.549086 0.053723 0.014481
65  -0.109378 -1.951951 -1.519205  0.000000 0.000000 0.000000
66  -0.109379 0.057027 25.399252  0.000000 0.000000 0.000000
67  -0.109378 -1.856732 0.287229  0.000000 0.000000 0.000000
68  -0.104047 -4.495923 7.879278  0.000000 0.000000 0.000000
69  -0.195264 4.332631 -6.347188  0.000000 0.000000 0.000000
70  -1.290112 3.693284 8.579670  0.022713 -0.014049 -0.017451
71  -0.121470 -1.314581 7.402088  0.000000 0.000000 0.000000
72  -1.107528 -1.063453 4.061647  0.000000 0.000000 0.000000
73  0.003659 1.612363 10.733981  0.000000 0.000000 0.000000
74  -2.641465 -17.879095 -2.764200  1.549086 0.053723 0.014481
time 1
0  0.000006 0.000000 0.000000  -1.570800 -1.391899 -1.570792
1  -4.849906 3.337897 2.232070  -1.544956 -1.855077 -0.198630
2  6.027524 -0.000325 0.000192  -0.462038 -1.200719 -1.823777
3  11.692110 0.000644 -0.000739  -1.384570 -0.000003 -1.127818
4  11.480620 0.000701 -0.000244  1.522773 -0.948515 0.109141
5  3.859510 -0.142880 -1.192049  -0.507739 -0.034586 -1.573166
6  1.312590 0.000013 0.000007  -0.099219 -0.080836 -0.578266
7  0.729356 0.000054 0.000048  -0.083327 -0.106005 -0.262589
8  3.942144 0.046272 -0.431513  -0.423826 0.326055 -0.977403
9  1.539111 0.000084 0.000007  0.011527 -0.070624 -1.101829
10  1.196333 0.000144 0.000029  0.007038 -0.000117 -0.629733
11  3.883506 -0.047269 0.431381  -0.232037 0.533715 -0.537849
12  1.719573 -0.000027 0.000015  0.011709 -0.105542 -1.237432
13  1.209179 0.000093 0.000013  -0.006673 -0.001107 -0.502906
14  3.859664 -0.138475 1.332410  0.013813 0.511197 -0.350141
15  1.719447 -0.000012 0.000022  -0.022509 0.019639 -0.287088
16  1.099676 0.000048 0.000004  -0.286525 0.346051 -1.053593
17  0.770796 -0.901442 1.177686  -1.865794 -0.596008 -0.315192
18  1.789818 -0.000003 -0.000017  0.005558 0.090197 0.395774
19  1.207016 -0.000012 -0.000043  0.141886 -0.163086 0.233767
20  5.740637 0.000410 -0.000703  -0.069616 0.000003 0.000070
21  11.481130 0.000351 -0.000705  0.007770 -0.168413 0.005249
22  6.027524 -0.000329 0.000203  1.478913 -0.359084 1.574309
23  0.000001 11.692099 -0.000007  -0.802528 -0.285617 -0.653400
24  0.000003 0.000008 -0.000000  -0.515490 -0.000031 1.570738
25  -0.000002 -0.000011 -0.000002  0.868957 0.000002 1.570712
26  -6.617934 -9.178503 0.826812  1.473120 1.855075 -0.198639
27  6.027512 -0.000261 -0.000226  1.634300 0.882420 -0.653844
28  11.691990 0.000242 0.000857  0.141447 0.000056 -1.628691
29  11.479332 -0.000876 0.000956  -1.228950 0.285125 0.770697
30  3.859436 -0.132788 1.193062  0.466149 -0.051826 -1.783918
31  1.312558 0.000026 -0.000000  -0.013965 -0.041043 -0.156447
32  0.729346 0.000065 -0.000027  -0.128320 -0.117290 -0.954857
33  3.942046 0.050109 0.430997  0.211501 -0.107596 -1.469120
34  1.539096 0.000009 0.000000  0.040712 -0.054386 -1.030469
35  1.196299 0.000075 -0.000004  -0.249391 -0.043040 -0.795120
36  3.883412 -0.050502 -0.431087  0.186407 -0.271796 -1.212184
37  1.719563 -0.000079 -0.000003  0.020974 -0.107650 -1.483528
38  1.209199 0.000036 0.000012  -0.324719 0.069674 -0.493483
39  3.859585 -0.149112 -1.331323  -0.094938 -0.084955 -0.411363
40  1.719411 -0.000100 -0.000034  -0.011248 0.001677 -0.960922
41  1.099673 0.000024 0.000006  -0.004984 -0.008084 -0.787926
42  0.805979 -0.359854 -1.318338  0.991670 0.166767 -0.799535
43  1.789779 -0.000008 -0.000042  0.000057 -0.002451 0.133097
44  1.206997 -0.000006 0.000005  0.000372 -0.000070 1.058781
45  5.740572 0.000055 0.000724  0.142085 -0.000014 0.000021
46  11.480810 -0.000139 0.000942  0.051202 0.056378 0.130583
47  6.027514 -0.000273 -0.000238  -0.987004 -0.388280 -1.704342
48  -0.000002 11.691973 -0.000007  -1.105198 0.548697 0.856270
49  0.000003 -0.000001 -0.000000  2.413975 -0.000041 1.570856
50  -0.000008 -0.000016 0.000004  2.272644 -0.000030 1.570865
51  -4.029989 -5.683299 -5.838271  -0.129974 -2.969727 1.488995
52  0.000000 -0.000000 0.000001  0.008153 -0.000259 0.000009
53  -0.000000 0.000000 -0.000000  1.565115 0.043565 -0.106862
54  -0.953433 -19.567142 -3.852535  -0.893891 0.123219 -1.789368
55  0.000003 -0.000001 0.000000  0.000000 -0.000000 -0.000002
56  0.000032 0.000029 0.000001  -1.571901 -0.044449 -0.106509
57  7.202790 -19.259499 -17.055128  1.570796 -0.000000 0.000000
58  -15.417985 4.000748 -22.641926  1.570796 -0.000000 0.000000
59  2.236387 -2.421983 -5.367696  1.570796 -0.000000 0.000000
60  -0.004311 0.001230 -0.000371  0.006898 -0.005534 -0.284229
61  0.826810 10.209643 -4.879054  1.570796 -0.000000 0.000000
62  0.000000 0.000000 0.000000  -0.078727 -3.136056 0.284226
63  0.000000 0.000000 0.000000  1.570796 -0.000000 0.000000
64  -2.535805 -12.650944 -1.580651  1.549101 0.053767 0.014477
65  -0.109378 -1.951951 -1.519205  0.000000 -0.000000 0.000000
66  -0.109379 0.057027 25.399254  0.000000 -0.000000 0.000000
67  -0.109379 -1.856732 0.287229  0.000000 -0.000000 0.000000
68  -0.104048 -4.495923 7.879277  0.000000 -0.000000 0.000000
69  -0.195264 4.332631 -6.347186  0.000000 -0.000000 0.000000
70  -1.290112 3.693283 8.579669  0.022713 -0.014049 -0.017451
71  -0.121470 -1.314581 7.402089  0.000000 -0.000000 0.000000
72  -1.107528 -1.063453 4.061648  0.000000 -0.000000 0.000000
73  0.003659 1.612363 10.733982  0.000000 -0.000000 0.000001
74  -2.641448 -17.879078 -2.764406  1.549101 0.053767 0.014477
time 2
0  0.000006 0.000000 0.000000  -1.570800 -1.391899 -1.570792
1  -4.849906 3.337897 2.232070  -1.544956 -1.855077 -0.198630
2  6.027524 -0.000325 0.000192  -0.462100 -1.200689 -1.823671
3  11.692111 0.000643 -0.000739  -1.384570 -0.000003 -1.127843
4  11.480618 0.000702 -0.000243  1.522587 -0.948488 0.109162
5  3.859508 -0.142879 -1.192050  -0.507739 -0.034586 -1.573166
6  1.312590 0.000013 0.000009  -0.099219 -0.080836 -0.578266
7  0.729355 0.000054 0.000050  -0.083327 -0.106005 -0.262589
8  3.942141 0.046273 -0.431512  -0.423826 0.326055 -0.977403
9  1.539110 0.000084 0.000005  0.011526 -0.070624 -1.101829
10  1.196333 0.000144 0.000030  0.007038 -0.000117 -0.629733
11  3.883503 -0.047269 0.431381  -0.232037 0.533715 -0.537849
12  1.719573 -0.000026 0.000016  0.011709 -0.105542 -1.237432
13  1.209179 0.000091 0.000012  -0.006674 -0.001107 -0.502906
14  3.859663 -0.138475 1.332410  0.013813 0.511197 -0.350141
15  1.719448 -0.000012 0.000024  -0.022509 0.019639 -0.287088
16  1.099677 0.000050 0.000006  -0.286525 0.346051 -1.053593
17  0.770793 -0.901442 1.177685  -1.865794 -0.596008 -0.315192
18  1.789818 -0.000003 -0.000018  0.005558 0.090197 0.395774
19  1.207015 -0.000012 -0.000042  0.141886 -0.163086 0.233768
20  5.740638 0.000410 -0.000702  -0.069647 0.000003 0.000071
21  11.481128 0.000351 -0.000706  0.007740 -0.168409 0.005236
22  6.027524 -0.000329 0.000203  1.478928 -0.359118 1.574353
23  0.000003 11.692099 -0.000006  -0.802544 -0.285628 -0.653411
24  0.000003 0.000008 -0.000000  -0.515490 -0.000031 1.570739
25  -0.000000 -0.000011 -0.000001  0.868957 0.000002 1.570712
26  -6.617934 -9.178503 0.826812  1.473120 1.855075 -0.198639
27  6.027512 -0.000261 -0.000226  1.634317 0.882408 -0.653835
28  11.691991 0.000243 0.000856  0.141447 0.000056 -1.628715
29  11.479332 -0.000876 0.000958  -1.229077 0.285092 0.770735
30  3.859436 -0.132788 1.193062  0.466149 -0.051826 -1.783918
31  1.312558 0.000026 -0.000000  -0.013965 -0.041044 -0.156447
32  0.729344 0.000067 -0.000028  -0.128320 -0.117290 -0.954857
33  3.942046 0.050109 0.430998  0.211501 -0.107596 -1.469120
34  1.539096 0.000009 -0.000000  0.040712 -0.054386 -1.030469
35  1.196299 0.000076 -0.000005  -0.249391 -0.043040 -0.795120
36  3.883411 -0.050502 -0.431087  0.186407 -0.271796 -1.212184
37  1.719564 -0.000080 -0.000003  0.020974 -0.107650 -1.483528
38  1.209197 0.000035 0.000011  -0.324719 0.069674 -0.493483
39  3.859585 -0.149112 -1.331322  -0.094938 -0.084955 -0.411363
40  1.719412 -0.000100 -0.000035  -0.011248 0.001677 -0.960922
41  1.099673 0.000024 0.000007  -0.004984 -0.008084 -0.787926
42  0.805979 -0.359854 -1.318337  0.991670 0.166767 -0.799535
43  1.789780 -0.000010 -0.000042  0.000057 -0.002451 0.133097
44  1.206996 -0.000006 0.000005  0.000372 -0.000070 1.058782
45  5.740572 0.000054 0.000723  0.142063 -0.000014 0.000021
46  11.480810 -0.000140 0.000940  0.051180 0.056364 0.130597
47  6.027514 -0.000273 -0.000238  -0.986986 -0.388277 -1.704354
48  -0.000002 11.691972 -0.000005  -1.105212 0.548711 0.856278
49  0.000002 0.000001 -0.000001  2.413975 -0.000041 1.570856
50  -0.000007 -0.000017 0.000006  2.272644 -0.000030 1.570865
51  -4.030163 -5.683101 -5.838179  -0.130109 -2.969758 1.489004
52  -0.000000 0.000000 -0.000000  0.008153 -0.000259 0.000009
53  0.000000 -0.000000 0.000001  1.565115 0.043565 -0.106862
54  -0.953549 -19.567068 -3.853421  -0.894028 0.123231 -1.789400
55  -0.000000 -0.000001 -0.000000  0.000000 -0.000000 -0.000002
56  0.000031 0.000028 0.000001  -1.571901 -0.044449 -0.106509
57  7.202790 -19.259499 -17.055128  1.570796 -0.000000 0.000000
58  -15.417985 4.000748 -22.641926  1.570796 -0.000000 0.000000
59  2.236387 -2.421983 -5.367696  1.570796 -0.000000 0.000000
60  -0.004311 0.001230 -0.000371  0.006898 -0.005534 -0.284229
61  0.826810 10.209643 -4.879054  1.570796 -0.000000 0.000000
62  0.000000 0.000000 0.000000  -0.078727 -3.136056 0.284226
63  0.000000 0.000000 0.000000  1.570796 -0.000000 0.000000
64  -2.535526 -12.650944 -1.581044  1.549145 0.053897 0.014465
65  -0.109379 -1.951951 -1.519205  0.000000 -0.000000 -0.000000
66  -0.109379 0.057027 25.399250  0.000000 -0.000000 -0.000000
67  -0.109378 -1.856732 0.287229  0.000000 -0.000000 -0.000000
68  -0.104047 -4.495923 7.879276  0.000000 -0.000000 -0.000000
69  -0.195264 4.332630 -6.347188  0.000000 -0.000000 -0.000000
70  -1.290112 3.693283 8.579668  0.022713 -0.014049 -0.017451
71  -0.121470 -1.314581 7.402090  0.000000 -0.000000 -0.000000
72  -1.107528 -1.063453 4.061647  0.000000 -0.000000 -0.000000
73  0.003659 1.612363 10.733984  -0.000000 -0.000000 0.000004
74  -2.641399 -17.879025 -2.765003  1.549145 0.053897 0.014465
time 3
0  0.000006 0.000000 0.000000  -1.570800 -1.391899 -1.570792
1  -4.849906 3.337897 2.232070  -1.544956 -1.855077 -0.198630
2  6.027524 -0.000325 0.000192  -0.462198 -1.200641 -1.823501
3  11.692111 0.000644 -0.000739  -1.384570 -0.000003 -1.127883
4  11.480621 0.000700 -0.000244  1.522288 -0.948444 0.109194
5  3.859509 -0.142879 -1.192049  -0.507739 -0.034586 -1.573166
6  1.312589 0.000014 0.000008  -0.099219 -0.080836 -0.578266
7  0.729354 0.000055 0.000051  -0.083327 -0.106005 -0.262589
8  3.942142 0.046273 -0.431512  -0.423826 0.326055 -0.977403
9  1.539112 0.000084 0.000007  0.011526 -0.070624 -1.101829
10  1.196332 0.000143 0.000028  0.007038 -0.000117 -0.629733
11  3.883505 -0.047269 0.431381  -0.232037 0.533715 -0.537849
12  1.719574 -0.000025 0.000014  0.011709 -0.105542 -1.237432
13  1.209179 0.000090 0.000012  -0.006673 -0.001106 -0.502906
14  3.859662 -0.138475 1.332410  0.013813 0.511197 -0.350141
15  1.719444 -0.000013 0.000023  -0.022509 0.019639 -0.287088
16  1.099675 0.000046 0.000006  -0.286525 0.346051 -1.053593
17  0.770796 -0.901442 1.177686  -1.865794 -0.596007 -0.315192
18  1.789819 -0.000003 -0.000018  0.005558 0.090197 0.395774
19  1.207016 -0.000012 -0.000044  0.141886 -0.163086 0.233767
20  5.740638 0.000410 -0.000702  -0.069699 0.000003 0.000071
21  11.481131 0.000350 -0.000705  0.007690 -0.168404 0.005216
22  6.027524 -0.000329 0.000203  1.478951 -0.359174 1.574423
23  0.000001 11.692100 -0.000007  -0.802569 -0.285647 -0.653430
24  0.000005 0.000009 0.000001  -0.515490 -0.000031 1.570739
25  -0.000001 -0.000011 -0.000001  0.868957 0.000002 1.570712
26  -6.617934 -9.178503 0.826812  1.473120 1.855075 -0.198639
27  6.027512 -0.000261 -0.000226  1.634344 0.882388 -0.653822
28  11.691991 0.000243 0.000856  0.141447 0.000056 -1.628754
29  11.479332 -0.000876 0.000956  -1.229281 0.285041 0.770796
30  3.859436 -0.132787 1.193061  0.466149 -0.051826 -1.783918
31  1.312558 0.000026 0.000000  -0.013965 -0.041043 -0.156447
32  0.729345 0.000067 -0.000028  -0.128320 -0.117290 -0.954857
33  3.942046 0.050109 0.430996  0.211501 -0.107596 -1.469120
34  1.539097 0.000010 0.000000  0.040712 -0.054386 -1.030469
35  1.196300 0.000075 -0.000003  -0.249391 -0.043040 -0.795120
36  3.883410 -0.050501 -0.431088  0.186407 -0.271796 -1.212184
37  1.719563 -0.000079 -0.000003  0.020974 -0.107650 -1.483528
38  1.209197 0.000036 0.000011  -0.324719 0.069674 -0.493483
39  3.859585 -0.149111 -1.331324  -0.094938 -0.084955 -0.411363
40  1.719411 -0.000099 -0.000034  -0.011248 0.001677 -0.960922
41  1.099674 0.000024 0.000007  -0.004984 -0.008084 -0.787926
42  0.805979 -0.359853 -1.318338  0.991670 0.166767 -0.799535
43  1.789779 -0.000008 -0.000042  0.000057 -0.002451 0.133097
44  1.206997 -0.000006 0.000005  0.000372 -0.000070 1.058781
45  5.740572 0.000054 0.000723  0.142027 -0.000014 0.000021
46  11.480810 -0.000140 0.000941  0.051144 0.056343 0.130619
47  6.027514 -0.000273 -0.000238  -0.986958 -0.388272 -1.704372
48  -0.000002 11.691973 -0.000005  -1.105235 0.548734 0.856291
49  0.000003 0.000001 -0.000001  2.413975 -0.000041 1.570856
50  -0.000007 -0.000016 0.000006  2.272644 -0.000030 1.570865
51  -4.030436 -5.682779 -5.838036  -0.130325 -2.969807 1.489017
52  0.000000 0.000000 -0.000000  0.008153 -0.000259 0.000009
53  -0.000000 0.000000 -0.000001  1.565115 0.043565 -0.106862
54  -0.953734 -19.566954 -3.854846  -0.894246 0.123252 -1.789450
55  -0.000003 0.000000 -0.000000  0.000000 -0.000000 -0.000002
56  0.000028 0.000029 0.000000  -1.571901 -0.044449 -0.106509
57  7.202790 -19.259499 -17.055128  1.570796 -0.000000 0.000000
58  -15.417985 4.000748 -22.641926  1.570796 -0.000000 0.000000
59  2.236387 -2.421983 -5.367696  1.570796 -0.000000 0.000000
60  -0.004311 0.001230 -0.000371  0.006898 -0.005534 -0.284229
61  0.826810 10.209643 -4.879054  1.570796 -0.000000 0.000000
62  0.000000 0.000000 0.000000  -0.078727 -3.136056 0.284226
63  0.000000 0.000000 0.000000  1.570796 -0.000000 0.000000
64  -2.535078 -12.650944 -1.581677  1.549215 0.054103 0.014446
65  -0.109379 -1.951952 -1.519205  0.000000 -0.000000 0.000000
66  -0.109379 0.057027 25.399252  0.000000 -0.000000 0.000000
67  -0.109379 -1.856732 0.287230  0.000000 -0.000000 0.000000
68  -0.104047 -4.495923 7.879276  0.000000 -0.000000 0.000000
69  -0.195264 4.332630 -6.347185  0.000000 -0.000000 0.000000
70  -1.290112 3.693284 8.579671  0.022713 -0.014049 -0.017451
71  -0.121470 -1.314581 7.402088  0.000000 -0.000000 0.000000
72  -1.107529 -1.063453 4.061648  0.000000 -0.000000 0.000000
73  0.003659 1.612363 10.733983  0.000000 -0.000000 0.000010
74  -2.641319 -17.878944 -2.765964  1.549215 0.054103 0.014446
time 4
0  0.000006 0.000000 0.000000  -1.570800 -1.391899 -1.570792
1  -4.849906 3.337897 2.232070  -1.544956 -1.855077 -0.198630
2  6.027524 -0.000325 0.000192  -0.462332 -1.200576 -1.823271
3  11.692110 0.000644 -0.000739  -1.384570 -0.000003 -1.127938
4  11.480619 0.000700 -0.000245  1.521888 -0.948386 0.109239
5  3.859507 -0.142880 -1.192049  -0.507739 -0.034586 -1.573166
6  1.312590 0.000012 0.000010  -0.099219 -0.080836 -0.578266
7  0.729355 0.000054 0.000049  -0.083327 -0.106005 -0.262589
8  3.942144 0.046273 -0.431512  -0.423826 0.326055 -0.977403
9  1.539111 0.000083 0.000006  0.011526 -0.070624 -1.101829
10  1.196331 0.000147 0.000029  0.007038 -0.000117 -0.629733
11  3.883505 -0.047269 0.431382  -0.232037 0.533715 -0.537849
12  1.719572 -0.000027 0.000015  0.011709 -0.105542 -1.237432
13  1.209180 0.000093 0.000013  -0.006673 -0.001106 -0.502906
14  3.859662 -0.138476 1.332410  0.013813 0.511197 -0.350141
15  1.719448 -0.000012 0.000023  -0.022509 0.019639 -0.287088
16  1.099675 0.000050 0.000006  -0.286525 0.346051 -1.053593
17  0.770794 -0.901442 1.177686  -1.865794 -0.596008 -0.315192
18  1.789821 -0.000003 -0.000018  0.005558 0.090197 0.395774
19  1.207015 -0.000012 -0.000044  0.141886 -0.163086 0.233767
20  5.740638 0.000410 -0.000704  -0.069767 0.000003 0.000071
21  11.481131 0.000350 -0.000707  0.007624 -0.168397 0.005189
22  6.027524 -0.000329 0.000203  1.478984 -0.359249 1.574517
23  0.000001 11.692099 -0.000008  -0.802604 -0.285672 -0.653455
24  0.000004 0.000008 -0.000001  -0.515490 -0.000031 1.570739
25  -0.000001 -0.000011 -0.000001  0.868957 0.000002 1.570712
26  -6.617934 -9.178503 0.826812  1.473120 1.855075 -0.198639
27  6.027512 -0.000261 -0.000226  1.634380 0.882361 -0.653804
28  11.691991 0.000242 0.000855  0.141447 0.000056 -1.628806
29  11.479330 -0.000875 0.000957  -1.229553 0.284974 0.770879
30  3.859436 -0.132787 1.193062  0.466149 -0.051826 -1.783918
31  1.312558 0.000025 -0.000000  -0.013965 -0.041044 -0.156447
32  0.729345 0.000065 -0.000028  -0.128320 -0.117290 -0.954857
33  3.942045 0.050109 0.430997  0.211501 -0.107596 -1.469120
34  1.539096 0.000010 -0.000000  0.040712 -0.054386 -1.030469
35  1.196300 0.000075 -0.000004  -0.249391 -0.043040 -0.795120
36  3.883411 -0.050501 -0.431087  0.186407 -0.271796 -1.212184
37  1.719563 -0.000079 -0.000003  0.020974 -0.107650 -1.483528
38  1.209198 0.000035 0.000011  -0.324719 0.069674 -0.493483
39  3.859585 -0.149112 -1.331323  -0.094938 -0.084955 -0.411363
40  1.719411 -0.000100 -0.000035  -0.011248 0.001677 -0.960922
41  1.099673 0.000026 0.000007  -0.004984 -0.008084 -0.787926
42  0.805978 -0.359854 -1.318338  0.991670 0.166767 -0.799535
43  1.789779 -0.000010 -0.000042  0.000057 -0.002451 0.133097
44  1.206996 -0.000006 0.000005  0.000372 -0.000070 1.058782
45  5.740573 0.000054 0.000722  0.141980 -0.000014 0.000021
46  11.480810 -0.000139 0.000940  0.051097 0.056314 0.130648
47  6.027514 -0.000273 -0.000238  -0.986921 -0.388266 -1.704396
48  -0.000003 11.691974 -0.000006  -1.105265 0.548764 0.856309
49  0.000003 0.000000 0.000000  2.413975 -0.000041 1.570856
50  -0.000007 -0.000015 0.000005  2.272644 -0.000030 1.570865
51  -4.030793 -5.682349 -5.837847  -0.130613 -2.969874 1.489035
52  -0.000000 -0.000000 0.000000  0.008153 -0.000259 0.000009
53  -0.000001 0.000000 0.000000  1.565115 0.043565 -0.106862
54  -0.953979 -19.566799 -3.856763  -0.894539 0.123279 -1.789517
55  -0.000000 -0.000001 -0.000000  0.000000 -0.000000 -0.000002
56  0.000031 0.000028 0.000001  -1.571901 -0.044449 -0.106509
57  7.202790 -19.259499 -17.055128  1.570796 -0.000000 0.000000
58  -15.417985 4.000748 -22.641926  1.570796 -0.000000 0.000000
59  2.236387 -2.421983 -5.367696  1.570796 -0.000000 0.000000
60  -0.004311 0.001230 -0.000371  0.006898 -0.005534 -0.284229
61  0.826810 10.209643 -4.879054  1.570796 -0.000000 0.000000
62  0.000000 0.000000 0.000000  -0.078727 -3.136056 0.284226
63  0.000000 0.000000 0.000000  1.570796 -0.000000 0.000000
64  -2.534473 -12.650944 -1.582532  1.549309 0.054379 0.014419
65  -0.109378 -1.951951 -1.519206  0.000000 -0.000000 -0.000000
66  -0.109379 0.057027 25.399254  0.000000 -0.000000 -0.000000
67  -0.109379 -1.856731 0.287229  0.000000 -0.000000 -0.000000
68  -0.104048 -4.495922 7.879278  0.000000 -0.000000 -0.000000
69  -0.195264 4.332630 -6.347188  0.000000 -0.000000 -0.000000
70  -1.290112 3.693283 8.579667  0.022713 -0.014049 -0.017451
71  -0.121471 -1.314581 7.402087  0.000000 -0.000000 -0.000000
72  -1.107528 -1.063453 4.061647  0.000000 -0.000000 -0.000000
73  0.003659 1.612363 10.733983  0.000000 -0.000000 0.000018
74  -2.641208 -17.878834 -2.767261  1.549309 0.054379 0.014419
time 5
0  0.000006 0.000000 0.000000  -1.570800 -1.391899 -1.570792
1  -4.849906 3.337897 2.232070  -1.544956 -1.855077 -0.198630
2  6.027524 -0.000325 0.000192  -0.462498 -1.200496 -1.822986
3  11.692108 0.000643 -0.000739  -1.384570 -0.000003 -1.128005
4  11.480619 0.000700 -0.000247  1.521395 -0.948315 0.109295
5  3.859506 -0.142880 -1.192050  -0.507739 -0.034586 -1.573166
6  1.312589 0.000012 0.000008  -0.099219 -0.080836 -0.578266
7  0.729354 0.000053 0.000051  -0.083327 -0.106005 -0.262589
8  3.942140 0.046273 -0.431512  -0.423826 0.326055 -0.977403
9  1.539112 0.000085 0.000005  0.011526 -0.070624 -1.101829
10  1.196333 0.000143 0.000027  0.007038 -0.000117 -0.629733
11  3.883502 -0.047270 0.431381  -0.232037 0.533715 -0.537849
12  1.719574 -0.000026 0.000017  0.011709 -0.105542 -1.237432
13  1.209179 0.000090 0.000012  -0.006673 -0.001106 -0.502906
14  3.859661 -0.138476 1.332410  0.013813 0.511197 -0.350141
15  1.719446 -0.000012 0.000020  -0.022509 0.019639 -0.287088
16  1.099676 0.000046 0.000006  -0.286525 0.346051 -1.053593
17  0.770793 -0.901442 1.177685  -1.865794 -0.596008 -0.315192
18  1.789819 -0.000003 -0.000017  0.005558 0.090197 0.395774
19  1.207017 -0.000012 -0.000044  0.141886 -0.163086 0.233768
20  5.740637 0.000410 -0.000705  -0.069851 0.000003 0.000071
21  11.481131 0.000349 -0.000708  0.007542 -0.168388 0.005155
22  6.027524 -0.000329 0.000203  1.479024 -0.359342 1.574632
23  0.000004 11.692100 -0.000007  -0.802647 -0.285704 -0.653487
24  0.000004 0.000009 0.000000  -0.515490 -0.000031 1.570739
25  -0.000000 -0.000012 -0.000001  0.868957 0.000002 1.570712
26  -6.617934 -9.178503 0.826812  1.473120 1.855075 -0.198639
27  6.027512 -0.000261 -0.000226  1.634422 0.882327 -0.653784
28  11.691990 0.000242 0.000856  0.141447 0.000056 -1.628871
29  11.479331 -0.000874 0.000957  -1.229886 0.284892 0.770981
30  3.859437 -0.132787 1.193062  0.466149 -0.051826 -1.783918
31  1.312558 0.000025 0.000000  -0.013965 -0.041044 -0.156447
32  0.729345 0.000067 -0.000028  -0.128320 -0.117290 -0.954857
33  3.942047 0.050109 0.430997  0.211501 -0.107596 -1.469120
34  1.539097 0.000011 0.000000  0.040712 -0.054386 -1.030469
35  1.196301 0.000075 -0.000004  -0.249391 -0.043040 -0.795121
36  3.883411 -0.050501 -0.431087  0.186407 -0.271796 -1.212184
37  1.719564 -0.000078 -0.000003  0.020974 -0.107650 -1.483528
38  1.209196 0.000036 0.000011  -0.324719 0.069674 -0.493483
39  3.859585 -0.149112 -1.331323  -0.094938 -0.084955 -0.411363
40  1.719412 -0.000100 -0.000035  -0.011248 0.001677 -0.960922
41  1.099673 0.000025 0.000007  -0.004984 -0.008084 -0.787926
42  0.805979 -0.359854 -1.318338  0.991670 0.166767 -0.799535
43  1.789780 -0.000009 -0.000043  0.000057 -0.002451 0.133097
44  1.206996 -0.000006 0.000006  0.000372 -0.000070 1.058782
45  5.740573 0.000054 0.000723  0.141921 -0.000014 0.000021
46  11.480810 -0.000139 0.000941  0.051039 0.056280 0.130685
47  6.027514 -0.000273 -0.000238  -0.986875 -0.388259 -1.704425
48  -0.000001 11.691972 -0.000006  -1.105303 0.548801 0.856331
49  0.000003 -0.000002 0.000000  2.413975 -0.000041 1.570856
50  -0.000006 -0.000016 0.000005  2.272644 -0.000030 1.570865
51  -4.031219 -5.681817 -5.837623  -0.130967 -2.969957 1.489056
52  0.000000 0.000000 0.000000  0.008153 -0.000259 0.000009
53  0.000000 0.000000 0.000000  1.565115 0.043565 -0.106862
54  -0.954277 -19.566605 -3.859130  -0.894898 0.123314 -1.789601
55  -0.000001 0.000000 -0.000000  0.000000 -0.000000 -0.000002
56  0.000030 0.000029 0.000001  -1.571902 -0.044449 -0.106509
57  7.202790 -19.259499 -17.055128  1.570796 -0.000000 0.000000
58  -15.417985 4.000748 -22.641926  1.570796 -0.000000 0.000000
59  2.236387 -2.421983 -5.367696  1.570796 -0.000000 0.000000
60  -0.004311 0.001230 -0.000371  0.006898 -0.005534 -0.284229
61  0.826810 10.209643 -4.879054  1.570796 -0.000000 0.000000
62  0.000000 0.000000 0.000000  -0.078727 -3.136056 0.284226
63  0.000000 0.000000 0.000000  1.570796 -0.000000 0.000000
64  -2.533725 -12.650944 -1.583592  1.549425 0.054718 0.014386
65  -0.109379 -1.951951 -1.519205  -0.000000 -0.000000 0.000000
66  -0.109379 0.057027 25.399250  -0.000000 -0.000000 0.000000
67  -0.109379 -1.856732 0.287230  -0.000000 -0.000000 0.000000
68  -0.104048 -4.495923 7.879275  -0.000000 -0.000000 0.000000
69  -0.195264 4.332630 -6.347187  -0.000000 -0.000000 0.000000
70  -1.290112 3.693283 8.579668  0.022713 -0.014049 -0.017451
71  -0.121470 -1.314581 7.402088  -0.000000 -0.000000 0.000000
72  -1.107529 -1.063453 4.061646  -0.000000 -0.000000 0.000000
73  0.003658 1.612363 10.733982  0.000000 -0.000000 0.000028
74  -2.641069 -17.878698 -2.768866  1.549425 0.054718 0.014386
time 6
0  0.000006 0.000000 0.000000  -1.570800 -1.391899 -1.570792
1  -4.849906 3.337897 2.232070  -1.544956 -1.855077 -0.198630
2  6.027524 -0.000325 0.000192  -0.462692 -1.200402 -1.822654
3  11.692110 0.000644 -0.000738  -1.384570 -0.000003 -1.128084
4  11.480618 0.000700 -0.000248  1.520821 -0.948231 0.109362
5  3.859509 -0.142880 -1.192049  -0.507739 -0.034586 -1.573166
6  1.312589 0.000012 0.000007  -0.099219 -0.080836 -0.578266
7  0.729354 0.000054 0.000048  -0.083327 -0.106005 -0.262589
8  3.942142 0.046273 -0.431513  -0.423826 0.326055 -0.977403
9  1.539111 0.000083 0.000005  0.011526 -0.070624 -1.101829
10  1.196334 0.000144 0.000030  0.007038 -0.000117 -0.629733
11  3.883504 -0.047269 0.431381  -0.232037 0.533715 -0.537849
12  1.719575 -0.000025 0.000017  0.011709 -0.105542 -1.237432
13  1.209179 0.000090 0.000011  -0.006674 -0.001106 -0.502906
14  3.859664 -0.138475 1.332410  0.013813 0.511197 -0.350141
15  1.719446 -0.000012 0.000020  -0.022509 0.019639 -0.287088
16  1.099676 0.000048 0.000004  -0.286525 0.346051 -1.053593
17  0.770795 -0.901442 1.177686  -1.865794 -0.596008 -0.315192
18  1.789818 -0.000003 -0.000018  0.005558 0.090197 0.395774
19  1.207015 -0.000012 -0.000044  0.141886 -0.163086 0.233768
20  5.740637 0.000410 -0.000703  -0.069948 0.000003 0.000071
21  11.481130 0.000350 -0.000707  0.007448 -0.168378 0.005117
22  6.027524 -0.000329 0.000203  1.479072 -0.359450 1.574767
23  0.000002 11.692098 -0.000006  -0.802696 -0.285740 -0.653524
24  0.000005 0.000009 -0.000001  -0.515490 -0.000031 1.570739
25  -0.000001 -0.000011 -0.000001  0.868957 0.000002 1.570712
26  -6.617934 -9.178503 0.826812  1.473120 1.855075 -0.198639
27  6.027512 -0.000261 -0.000226  1.634469 0.882289 -0.653760
28  11.691990 0.000243 0.000856  0.141447 0.000056 -1.628946
29  11.479330 -0.000876 0.000957  -1.230273 0.284798 0.771102
30  3.859436 -0.132787 1.193061  0.466149 -0.051826 -1.783918
31  1.312558 0.000025 -0.000001  -0.013965 -0.041044 -0.156447
32  0.729345 0.000067 -0.000028  -0.128320 -0.117290 -0.954857
33  3.942046 0.050109 0.430996  0.211501 -0.107596 -1.469120
34  1.539096 0.000011 -0.000001  0.040712 -0.054386 -1.030469
35  1.196299 0.000076 -0.000004  -0.249391 -0.043040 -0.795120
36  3.883410 -0.050502 -0.431088  0.186407 -0.271796 -1.212184
37  1.719563 -0.000080 -0.000003  0.020974 -0.107650 -1.483528
38  1.209197 0.000035 0.000012  -0.324719 0.069674 -0.493483
39  3.859585 -0.149112 -1.331324  -0.094938 -0.084955 -0.411363
40  1.719411 -0.000100 -0.000035  -0.011248 0.001677 -0.960922
41  1.099674 0.000026 0.000007  -0.004984 -0.008084 -0.787926
42  0.805978 -0.359854 -1.318339  0.991670 0.166767 -0.799535
43  1.789780 -0.000009 -0.000042  0.000057 -0.002451 0.133097
44  1.206997 -0.000006 0.000005  0.000372 -0.000070 1.058781
45  5.740573 0.000054 0.000724  0.141854 -0.000014 0.000021
46  11.480810 -0.000139 0.000941  0.050970 0.056239 0.130727
47  6.027514 -0.000273 -0.000238  -0.986823 -0.388252 -1.704458
48  -0.000001 11.691973 -0.000006  -1.105347 0.548845 0.856357
49  0.000003 -0.000001 0.000000  2.413975 -0.000041 1.570856
50  -0.000008 -0.000016 0.000005  2.272644 -0.000030 1.570865
51  -4.031702 -5.681194 -5.837369  -0.131378 -2.970055 1.489080
52  -0.000000 0.000000 0.000000  0.008153 -0.000259 0.000009
53  -0.000000 0.000000 -0.000000  1.565115 0.043565 -0.106862
54  -0.954621 -19.566383 -3.861903  -0.895316 0.123355 -1.789699
55  -0.000000 0.000000 -0.000000  0.000000 -0.000000 -0.000002
56  0.000031 0.000029 0.000001  -1.571901 -0.044449 -0.106509
57  7.202790 -19.259499 -17.055128  1.570796 -0.000000 0.000000
58  -15.417985 4.000748 -22.641926  1.570796 -0.000000 0.000000
59  2.236387 -2.421983 -5.367696  1.570796 -0.000000 0.000000
60  -0.004311 0.001230 -0.000371  0.006898 -0.005534 -0.284229
61  0.826810 10.209643 -4.879054  1.570796 -0.000000 0.000000
62  0.000000 0.000000 0.000000  -0.078727 -3.136056 0.284226
63  0.000000 0.000000 0.000000  1.570796 -0.000000 0.000000
64  -2.532847 -12.650944 -1.584839  1.549562 0.055112 0.014347
65  -0.109378 -1.951951 -1.519205  0.000000 -0.000000 0.000000
66  -0.109379 0.057027 25.399252  0.000000 -0.000000 0.000000
67  -0.109378 -1.856731 0.287230  0.000000 -0.000000 0.000000
68  -0.104047 -4.495923 7.879276  0.000000 -0.000000 0.000000
69  -0.195264 4.332630 -6.347187  0.000000 -0.000000 0.000000
70  -1.290112 3.693283 8.579668  0.022713 -0.014049 -0.017451
71  -0.121470 -1.314581 7.402087  0.000000 -0.000000 0.000000
72  -1.107528 -1.063453 4.061647  0.000000 -0.000000 0.000000
73  0.003659 1.612363 10.733981  0.000000 -0.000000 0.000040
74  -2.640902 -17.878540 -2.770751  1.549562 0.055112 0.014347
time 7
0  0.000006 0.000000 0.000000  -1.570800 -1.391899 -1.570792
1  -4.849906 3.337897 2.232070  -1.544956 -1.855077 -0.198630
2  6.027524 -0.000325 0.000192  -0.462914 -1.200296 -1.822276
3  11.692112 0.000645 -0.000740  -1.384570 -0.000003 -1.128174
4  11.480618 0.000700 -0.000248  1.520175 -0.948137 0.109438
5  3.859509 -0.142879 -1.192050  -0.507739 -0.034586 -1.573166
6  1.312589 0.000013 0.000007  -0.099219 -0.080836 -0.578266
7  0.729354 0.000053 0.000050  -0.083327 -0.106005 -0.262589
8  3.942144 0.046273 -0.431512  -0.423826 0.326055 -0.977403
9  1.539111 0.000084 0.000005  0.011526 -0.070624 -1.101829
10  1.196331 0.000147 0.000030  0.007038 -0.000117 -0.629733
11  3.883507 -0.047269 0.431382  -0.232037 0.533715 -0.537849
12  1.719573 -0.000027 0.000015  0.011709 -0.105542 -1.237432
13  1.209178 0.000092 0.000012  -0.006673 -0.001106 -0.502906
14  3.859663 -0.138475 1.332410  0.013813 0.511197 -0.350141
15  1.719448 -0.000011 0.000021  -0.022509 0.019639 -0.287088
16  1.099675 0.000049 0.000006  -0.286525 0.346051 -1.053593
17  0.770795 -0.901442 1.177686  -1.865794 -0.596008 -0.315192
18  1.789817 -0.000003 -0.000017  0.005558 0.090197 0.395774
19  1.207017 -0.000012 -0.000043  0.141886 -0.163086 0.233767
20  5.740637 0.000410 -0.000704  -0.070058 0.000003 0.000070
21  11.481130 0.000350 -0.000708  0.007341 -0.168366 0.005074
22  6.027524 -0.000329 0.000203  1.479126 -0.359573 1.574919
23  0.000002 11.692098 -0.000007  -0.802753 -0.285782 -0.653566
24  0.000004 0.000008 -0.000001  -0.515490 -0.000031 1.570739
25  -0.000001 -0.000011 -0.000002  0.868957 0.000002 1.570712
26  -6.617934 -9.178503 0.826812  1.473120 1.855075 -0.198639
27  6.027512 -0.000261 -0.000226  1.634521 0.882245 -0.653736
28  11.691991 0.000243 0.000855  0.141447 0.000056 -1.629032
29  11.479331 -0.000877 0.000958  -1.230707 0.284694 0.771240
30  3.859436 -0.132788 1.193061  0.466149 -0.051826 -1.783918
31  1.312558 0.000024 0.000000  -0.013965 -0.041044 -0.156447
32  0.729344 0.000067 -0.000028  -0.128320 -0.117290 -0.954857
33  3.942046 0.050109 0.430996  0.211501 -0.107596 -1.469120
34  1.539097 0.000009 -0.000000  0.040712 -0.054386 -1.030469
35  1.196299 0.000076 -0.000004  -0.249391 -0.043040 -0.795120
36  3.883411 -0.050502 -0.431087  0.186407 -0.271796 -1.212184
37  1.719563 -0.000078 -0.000003  0.020974 -0.107650 -1.483528
38  1.209198 0.000035 0.000011  -0.324719 0.069674 -0.493483
39  3.859585 -0.149112 -1.331324  -0.094938 -0.084955 -0.411363
40  1.719411 -0.000099 -0.000035  -0.011248 0.001677 -0.960922
41  1.099673 0.000025 0.000007  -0.004984 -0.008084 -0.787926
42  0.805979 -0.359854 -1.318339  0.991670 0.166767 -0.799535
43  1.789780 -0.000009 -0.000042  0.000057 -0.002451 0.133097
44  1.206996 -0.000006 0.000006  0.000373 -0.000070 1.058782
45  5.740572 0.000054 0.000723  0.141778 -0.000014 0.000021
46  11.480810 -0.000140 0.000941  0.050894 0.056194 0.130775
47  6.027514 -0.000273 -0.000238  -0.986764 -0.388246 -1.704495
48  -0.000002 11.691975 -0.000006  -1.105398 0.548894 0.856386
49  0.000003 -0.000001 0.000000  2.413975 -0.000041 1.570856
50  -0.000007 -0.000015 0.000005  2.272644 -0.000030 1.570865
51  -4.032225 -5.680488 -5.837093  -0.131839 -2.970165 1.489106
52  0.000000 0.000000 0.000001  0.008153 -0.000259 0.000009
53  0.000000 -0.000000 -0.000000  1.565115 0.043565 -0.106862
54  -0.955001 -19.566132 -3.865036  -0.895785 0.123402 -1.789809
55  -0.000000 0.000000 -0.000000  0.000000 -0.000000 -0.000002
56  0.000031 0.000029 0.000001  -1.571901 -0.044449 -0.106509
57  7.202790 -19.259499 -17.055128  1.570796 -0.000000 0.000000
58  -15.417985 4.000748 -22.641926  1.570796 -0.000000 0.000000
59  2.236387 -2.421983 -5.367696  1.570796 -0.000000 0.000000
60  -0.004311 0.001230 -0.000371  0.006898 -0.005534 -0.284229
61  0.826810 10.209643 -4.879054  1.570796 -0.000000 0.000000
62  0.000000 0.000000 0.000000  -0.078727 -3.136056 0.284226
63  0.000000 0.000000 0.000000  1.570796 -0.000000 0.000000
64  -2.531850 -12.650944 -1.586255  1.549715 0.055554 0.014303
65  -0.109379 -1.951951 -1.519204  0.000000 0.000000 0.000000
66  -0.109379 0.057027 25.399258  0.000000 0.000000 0.000000
67  -0.109378 -1.856732 0.287229  0.000000 0.000000 0.000000
68  -0.104047 -4.495923 7.879274  0.000000 0.000000 0.000000
69  -0.195264 4.332631 -6.347187  0.000000 0.000000 0.000000
70  -1.290112 3.693284 8.579672  0.022713 -0.014049 -0.017451
71  -0.121470 -1.314581 7.402089  0.000000 0.000000 0.000000
72  -1.107528 -1.063453 4.061648  0.000000 0.000000 0.000000
73  0.003659 1.612363 10.733983  -0.000000 -0.000000 0.000055
74  -2.640709 -17.878359 -2.772888  1.549715 0.055554 0.014303
time 8
0  0.000006 0.000000 0.000000  -1.570800 -1.391899 -1.570792
1  -4.849906 3.337897 2.232070  -1.544956 -1.855077 -0.198630
2  6.027524 -0.000325 0.000192  -0.463159 -1.200179 -1.821859
3  11.692110 0.000644 -0.000740  -1.384570 -0.000003 -1.128273
4  11.480616 0.000702 -0.000249  1.519467 -0.948034 0.109523
5  3.859506 -0.142879 -1.192050  -0.507739 -0.034587 -1.573166
6  1.312590 0.000013 0.000006  -0.099219 -0.080836 -0.578266
7  0.729354 0.000054 0.000050  -0.083327 -0.106005 -0.262589
8  3.942142 0.046273 -0.431512  -0.423827 0.326055 -0.977403
9  1.539110 0.000084 0.000003  0.011526 -0.070624 -1.101829
10  1.196332 0.000145 0.000030  0.007038 -0.000117 -0.629733
11  3.883504 -0.047269 0.431381  -0.232037 0.533715 -0.537849
12  1.719574 -0.000025 0.000016  0.011709 -0.105542 -1.237432
13  1.209180 0.000092 0.000011  -0.006673 -0.001107 -0.502906
14  3.859663 -0.138475 1.332410  0.013813 0.511197 -0.350141
15  1.719448 -0.000013 0.000022  -0.022509 0.019639 -0.287088
16  1.099677 0.000049 0.000005  -0.286525 0.346051 -1.053593
17  0.770792 -0.901442 1.177685  -1.865794 -0.596008 -0.315192
18  1.789817 -0.000003 -0.000018  0.005558 0.090197 0.395774
19  1.207017 -0.000012 -0.000042  0.141886 -0.163086 0.233767
20  5.740637 0.000410 -0.000705  -0.070177 0.000003 0.000071
21  11.481129 0.000350 -0.000708  0.007224 -0.168353 0.005027
22  6.027524 -0.000329 0.000203  1.479186 -0.359709 1.575087
23  0.000003 11.692099 -0.000007  -0.802816 -0.285828 -0.653612
24  0.000003 0.000008 0.000001  -0.515490 -0.000031 1.570739
25  -0.000000 -0.000012 -0.000001  0.868957 0.000002 1.570712
26  -6.617934 -9.178503 0.826812  1.473120 1.855075 -0.198639
27  6.027512 -0.000261 -0.000226  1.634574 0.882198 -0.653710
28  11.691991 0.000243 0.000855  0.141447 0.000056 -1.629126
29  11.479329 -0.000877 0.000959  -1.231180 0.284582 0.771392
30  3.859436 -0.132788 1.193062  0.466149 -0.051826 -1.783918
31  1.312558 0.000026 -0.000000  -0.013965 -0.041044 -0.156447
32  0.729345 0.000066 -0.000028  -0.128320 -0.117290 -0.954857
33  3.942046 0.050109 0.430997  0.211501 -0.107596 -1.469120
34  1.539096 0.000010 0.000000  0.040712 -0.054386 -1.030469
35  1.196299 0.000077 -0.000004  -0.249391 -0.043040 -0.795121
36  3.883412 -0.050502 -0.431087  0.186407 -0.271796 -1.212184
37  1.719563 -0.000080 -0.000003  0.020974 -0.107650 -1.483528
38  1.209197 0.000036 0.000012  -0.324719 0.069674 -0.493483
39  3.859586 -0.149112 -1.331323  -0.094938 -0.084955 -0.411363
40  1.719411 -0.000099 -0.000035  -0.011248 0.001677 -0.960922
41  1.099673 0.000025 0.000006  -0.004984 -0.008084 -0.787926
42  0.805979 -0.359854 -1.318338  0.991670 0.166767 -0.799535
43  1.789779 -0.000008 -0.000042  0.000057 -0.002451 0.133097
44  1.206997 -0.000006 0.000005  0.000373 -0.000070 1.058782
45  5.740573 0.000055 0.000724  0.141695 -0.000014 0.000021
46  11.480810 -0.000140 0.000942  0.050811 0.056146 0.130828
47  6.027514 -0.000273 -0.000238  -0.986701 -0.388240 -1.704535
48  -0.000002 11.691973 -0.000004  -1.105453 0.548948 0.856418
49  0.000004 -0.000001 0.000001  2.413975 -0.000041 1.570856
50  -0.000007 -0.000016 0.000006  2.272644 -0.000030 1.570865
51  -4.032774 -5.679712 -5.836803  -0.132343 -2.970287 1.489133
52  0.000000 0.000000 0.000000  0.008153 -0.000259 0.000009
53  0.000000 -0.000000 0.000000  1.565115 0.043565 -0.106862
54  -0.955412 -19.565855 -3.868487  -0.896297 0.123455 -1.789931
55  -0.000001 -0.000001 -0.000000  0.000000 -0.000000 -0.000002
56  0.000030 0.000028 0.000001  -1.571901 -0.044449 -0.106509
57  7.202790 -19.259499 -17.055128  1.570796 -0.000000 0.000000
58  -15.417985 4.000748 -22.641926  1.570796 -0.000000 0.000000
59  2.236387 -2.421983 -5.367696  1.570796 -0.000000 0.000000
60  -0.004311 0.001230 -0.000371  0.006898 -0.005534 -0.284229
61  0.826810 10.209643 -4.879054  1.570796 -0.000000 0.000000
62  0.000000 0.000000 0.000000  -0.078727 -3.136056 0.284226
63  0.000000 0.000000 0.000000  1.570796 -0.000000 0.000000
64  -2.530750 -12.650944 -1.587822  1.549884 0.056037 0.014254
65  -0.109378 -1.951951 -1.519205  -0.000000 -0.000000 -0.000000
66  -0.109379 0.057027 25.399256  -0.000000 -0.000000 -0.000000
67  -0.109379 -1.856731 0.287230  -0.000000 -0.000000 -0.000000
68  -0.104048 -4.495923 7.879275  -0.000000 -0.000000 -0.000000
69  -0.195264 4.332630 -6.347187  -0.000000 -0.000000 -0.000000
70  -1.290112 3.693283 8.579668  0.022713 -0.014049 -0.017451
71  -0.121470 -1.314581 7.402090  -0.000000 -0.000000 -0.000000
72  -1.107528 -1.063453 4.061648  -0.000000 -0.000000 -0.000000
73  0.003659 1.612363 10.733982  -0.000000 0.000000 0.000072
74  -2.640491 -17.878160 -2.775248  1.549884 0.056037 0.014254
time 9
0  0.000006 0.000000 0.000000  -1.570800 -1.391899 -1.570792
1  -4.849906 3.337897 2.232070  -1.544956 -1.855077 -0.198630
2  6.027524 -0.000325 0.000192  -0.463425 -1.200052 -1.821408
3  11.692111 0.000644 -0.000740  -1.384570 -0.000003 -1.128381
4  11.480616 0.000699 -0.000249  1.518707 -0.947923 0.109616
5  3.859509 -0.142880 -1.192049  -0.507739 -0.034586 -1.573166
6  1.312589 0.000010 0.000008  -0.099219 -0.080836 -0.578266
7  0.729353 0.000053 0.000049  -0.083327 -0.106005 -0.262589
8  3.942140 0.046272 -0.431512  -0.423826 0.326055 -0.977403
9  1.539111 0.000085 0.000007  0.011526 -0.070624 -1.101829
10  1.196332 0.000145 0.000028  0.007038 -0.000117 -0.629733
11  3.883503 -0.047270 0.431382  -0.232037 0.533715 -0.537849
12  1.719573 -0.000027 0.000015  0.011709 -0.105542 -1.237432
13  1.209180 0.000093 0.000013  -0.006673 -0.001106 -0.502906
14  3.859662 -0.138476 1.332411  0.013813 0.511197 -0.350141
15  1.719449 -0.000011 0.000019  -0.022509 0.019639 -0.287088
16  1.099676 0.000047 0.000006  -0.286525 0.346051 -1.053593
17  0.770793 -0.901443 1.177686  -1.865794 -0.596008 -0.315192
18  1.789820 -0.000003 -0.000019  0.005558 0.090197 0.395774
19  1.207016 -0.000011 -0.000045  0.141886 -0.163086 0.233767
20  5.740636 0.000410 -0.000703  -0.070305 0.000003 0.000071
21  11.481129 0.000350 -0.000707  0.007099 -0.168340 0.004977
22  6.027524 -0.000329 0.000203  1.479252 -0.359855 1.575267
23  0.000003 11.692098 -0.000008  -0.802884 -0.285878 -0.653663
24  0.000004 0.000008 -0.000001  -0.515490 -0.000031 1.570739
25  -0.000000 -0.000011 -0.000002  0.868957 0.000002 1.570712
26  -6.617934 -9.178503 0.826812  1.473120 1.855075 -0.198639
27  6.027512 -0.000261 -0.000226  1.634629 0.882147 -0.653684
28  11.691991 0.000241 0.000856  0.141447 0.000056 -1.629228
29  11.479328 -0.000878 0.000956  -1.231685 0.284465 0.771557
30  3.859436 -0.132788 1.193061  0.466149 -0.051826 -1.783918
31  1.312558 0.000025 -0.000000  -0.013965 -0.041044 -0.156447
32  0.729345 0.000067 -0.000027  -0.128320 -0.117290 -0.954857
33  3.942047 0.050109 0.430997  0.211501 -0.107596 -1.469120
34  1.539097 0.000010 0.000000  0.040712 -0.054386 -1.030469
35  1.196299 0.000075 -0.000003  -0.249391 -0.043040 -0.795120
36  3.883411 -0.050501 -0.431087  0.186407 -0.271796 -1.212184
37  1.719563 -0.000079 -0.000003  0.020974 -0.107650 -1.483528
38  1.209198 0.000036 0.000011  -0.324719 0.069674 -0.493483
39  3.859585 -0.149111 -1.331323  -0.094938 -0.084955 -0.411363
40  1.719412 -0.000099 -0.000035  -0.011248 0.001677 -0.960922
41  1.099674 0.000025 0.000006  -0.004984 -0.008084 -0.787926
42  0.805979 -0.359854 -1.318338  0.991669 0.166767 -0.799535
43  1.789779 -0.000008 -0.000042  0.000057 -0.002451 0.133097
44  1.206997 -0.000006 0.000005  0.000372 -0.000070 1.058782
45  5.740572 0.000054 0.000723  0.141608 -0.000014 0.000021
46  11.480808 -0.000140 0.000940  0.050722 0.056095 0.130885
47  6.027514 -0.000273 -0.000238  -0.986635 -0.388235 -1.704576
48  -0.000001 11.691973 -0.000006  -1.105512 0.549007 0.856452
49  0.000003 -0.000001 0.000000  2.413975 -0.000041 1.570856
50  -0.000006 -0.000016 0.000006  2.272644 -0.000030 1.570865
51  -4.033337 -5.678874 -5.836509  -0.132881 -2.970419 1.489160
52  -0.000000 -0.000000 0.000000  0.008153 -0.000259 0.000009
53  0.000000 0.000000 0.000000  1.565115 0.043565 -0.106862
54  -0.955845 -19.565557 -3.872211  -0.896845 0.123513 -1.790063
55  -0.000001 -0.000000 -0.000000  0.000000 -0.000000 -0.000002
56  0.000030 0.000029 0.000001  -1.571901 -0.044449 -0.106509
57  7.202790 -19.259499 -17.055128  1.570796 -0.000000 0.000000
58  -15.417985 4.000748 -22.641926  1.570796 -0.000000 0.000000
59  2.236387 -2.421983 -5.367696  1.570796 -0.000000 0.000000
60  -0.004311 0.001230 -0.000371  0.006898 -0.005534 -0.284229
61  0.826810 10.209643 -4.879054  1.570796 -0.000000 0.000000
62  0.000000 0.000000 0.000000  -0.078727 -3.136056 0.284226
63  0.000000 0.000000 0.000000  1.570796 -0.000000 0.000000
64  -2.529558 -12.650944 -1.589522  1.550067 0.056552 0.014200
65  -0.109379 -1.951951 -1.519205  0.000000 -0.000000 -0.000000
66  -0.109379 0.057027 25.399256  0.000000 -0.000000 -0.000000
67  -0.109379 -1.856732 0.287229  0.000000 -0.000000 -0.000000
68  -0.104048 -4.495923 7.879275  0.000000 -0.000000 -0.000000
69  -0.195264 4.332631 -6.347187  0.000000 -0.000000 -0.000000
70  -1.290112 3.693284 8.579667  0.022713 -0.014049 -0.017451
71  -0.121471 -1.314581 7.402088  0.000000 -0.000000 -0.000000
72  -1.107529 -1.063453 4.061648  0.000000 -0.000000 -0.000000
73  0.003658 1.612363 10.733983  0.000000 -0.000000 0.000091
74  -2.640249 -17.877947 -2.777804  1.550067 0.056552 0.014200
time 10
0  0.000006 0.000000 0.000000  -1.570800 -1.391899 -1.570792
1  -4.849906 3.337897 2.232070  -1.544956 -1.855077 -0.198630
2  6.027524 -0.000325 0.000192  -0.463709 -1.199918 -1.820928
3  11.692110 0.000643 -0.000739  -1.384570 -0.000003 -1.128495
4  11.480615 0.000701 -0.000248  1.517905 -0.947806 0.109717
5  3.859507 -0.142879 -1.192049  -0.507739 -0.034586 -1.573166
6  1.312589 0.000014 0.000008  -0.099219 -0.080836 -0.578266
7  0.729357 0.000054 0.000049  -0.083327 -0.106005 -0.262589
8  3.942142 0.046273 -0.431512  -0.423826 0.326055 -0.977403
9  1.539111 0.000083 0.000007  0.011527 -0.070624 -1.101829
10  1.196332 0.000144 0.000029  0.007038 -0.000117 -0.629733
11  3.883503 -0.047269 0.431381  -0.232037 0.533715 -0.537849
12  1.719573 -0.000027 0.000017  0.011709 -0.105542 -1.237432
13  1.209179 0.000091 0.000012  -0.006673 -0.001106 -0.502906
14  3.859663 -0.138475 1.332410  0.013813 0.511197 -0.350141
15  1.719446 -0.000011 0.000020  -0.022509 0.019639 -0.287088
16  1.099675 0.000049 0.000007  -0.286525 0.346051 -1.053593
17  0.770794 -0.901442 1.177686  -1.865794 -0.596008 -0.315192
18  1.789815 -0.000004 -0.000019  0.005558 0.090197 0.395774
19  1.207014 -0.000012 -0.000044  0.141886 -0.163086 0.233768
20  5.740636 0.000410 -0.000702  -0.070439 0.000003 0.000071
21  11.481127 0.000350 -0.000706  0.006967 -0.168325 0.004924
22  6.027524 -0.000329 0.000203  1.479322 -0.360011 1.575457
23  0.000002 11.692098 -0.000007  -0.802956 -0.285931 -0.653716
24  0.000002 0.000009 -0.000002  -0.515490 -0.000031 1.570738
25  -0.000001 -0.000011 -0.000002  0.868957 0.000002 1.570712
26  -6.617934 -9.178503 0.826812  1.473120 1.855075 -0.198639
27  6.027512 -0.000261 -0.000226  1.634683 0.882093 -0.653658
28  11.691992 0.000244 0.000856  0.141447 0.000056 -1.629335
29  11.479326 -0.000877 0.000955  -1.232215 0.284346 0.771734
30  3.859436 -0.132788 1.193062  0.466149 -0.051826 -1.783918
31  1.312558 0.000025 -0.000001  -0.013965 -0.041044 -0.156447
32  0.729345 0.000065 -0.000028  -0.128320 -0.117290 -0.954857
33  3.942045 0.050109 0.430997  0.211501 -0.107596 -1.469120
34  1.539096 0.000008 0.000000  0.040712 -0.054386 -1.030469
35  1.196300 0.000076 -0.000004  -0.249391 -0.043040 -0.795121
36  3.883412 -0.050502 -0.431087  0.186407 -0.271796 -1.212184
37  1.719563 -0.000078 -0.000004  0.020974 -0.107650 -1.483528
38  1.209198 0.000035 0.000011  -0.324719 0.069674 -0.493483
39  3.859585 -0.149112 -1.331322  -0.094938 -0.084955 -0.411363
40  1.719411 -0.000099 -0.000034  -0.011248 0.001677 -0.960922
41  1.099673 0.000024 0.000007  -0.004984 -0.008084 -0.787926
42  0.805979 -0.359854 -1.318337  0.991670 0.166767 -0.799535
43  1.789779 -0.000010 -0.000043  0.000057 -0.002451 0.133097
44  1.206997 -0.000006 0.000005  0.000372 -0.000070 1.058782
45  5.740572 0.000055 0.000723  0.141516 -0.000014 0.000021
46  11.480809 -0.000139 0.000941  0.050628 0.056041 0.130945
47  6.027514 -0.000273 -0.000238  -0.986566 -0.388232 -1.704618
48  -0.000002 11.691973 -0.000006  -1.105575 0.549069 0.856489
49  0.000003 -0.000002 0.000001  2.413975 -0.000041 1.570856
50  -0.000008 -0.000016 0.000004  2.272644 -0.000030 1.570865
51  -4.033896 -5.677984 -5.836213  -0.133446 -2.970559 1.489188
52  -0.000000 0.000000 0.000000  0.008153 -0.000259 0.000009
53  -0.000001 -0.000000 0.000001  1.565115 0.043565 -0.106862
54  -0.956291 -19.565245 -3.876164  -0.897421 0.123575 -1.790202
55  0.000001 -0.000000 -0.000000  0.000000 -0.000000 -0.000002
56  0.000030 0.000029 0.000001  -1.571901 -0.044449 -0.106509
57  7.202790 -19.259499 -17.055128  1.570796 -0.000000 0.000000
58  -15.417985 4.000748 -22.641926  1.570796 -0.000000 0.000000
59  2.236387 -2.421983 -5.367696  1.570796 -0.000000 0.000000
60  -0.004311 0.001230 -0.000371  0.006898 -0.005534 -0.284229
61  0.826810 10.209643 -4.879054  1.570796 -0.000000 0.000000
62  0.000000 0.000000 0.000000  -0.078727 -3.136056 0.284226
63  0.000000 0.000000 0.000000  1.570796 -0.000000 0.000000
64  -2.528288 -12.650944 -1.591338  1.550260 0.057093 0.014142
65  -0.109379 -1.951952 -1.519205  -0.000000 0.000000 -0.000000
66  -0.109379 0.057027 25.399252  -0.000000 0.000000 -0.000000
67  -0.109379 -1.856732 0.287229  -0.000000 0.000000 -0.000000
68  -0.104048 -4.495923 7.879278  -0.000000 0.000000 -0.000000
69  -0.195264 4.332630 -6.347187  -0.000000 0.000000 -0.000000
70  -1.290112 3.693283 8.579669  0.022713 -0.014049 -0.017451
71  -0.121470 -1.314581 7.402088  -0.000000 0.000000 -0.000000
72  -1.107529 -1.063453 4.061647  -0.000000 0.000000 -0.000000
73  0.003659 1.612363 10.733983  0.000000 -0.000000 0.000113
74  -2.639984 -17.877718 -2.780529  1.550260 0.057093 0.014142
time 11
0  0.000006 0.000000 0.000000  -1.570800 -1.391899 -1.570792
1  -4.849906 3.337897 2.232070  -1.544956 -1.855077 -0.198630
2  6.027524 -0.000325 0.000192  -0.464009 -1.199777 -1.820423
3  11.692110 0.000644 -0.000739  -1.384570 -0.000003 -1.128617
4  11.480613 0.000700 -0.000247  1.517072 -0.947685 0.109825
5  3.859511 -0.142879 -1.192049  -0.507739 -0.034586 -1.573166
6  1.312590 0.000010 0.000009  -0.099219 -0.080836 -0.578266
7  0.729356 0.000053 0.000050  -0.083327 -0.106005 -0.262589
8  3.942145 0.046273 -0.431512  -0.423826 0.326055 -0.977403
9  1.539112 0.000086 0.000005  0.011526 -0.070624 -1.101829
10  1.196333 0.000144 0.000029  0.007038 -0.000117 -0.629733
11  3.883505 -0.047269 0.431381  -0.232037 0.533715 -0.537849
12  1.719573 -0.000027 0.000014  0.011709 -0.105542 -1.237432
13  1.209179 0.000092 0.000010  -0.006673 -0.001106 -0.502906
14  3.859664 -0.138475 1.332410  0.013813 0.511197 -0.350141
15  1.719449 -0.000011 0.000020  -0.022509 0.019639 -0.287088
16  1.099676 0.000045 0.000008  -0.286525 0.346051 -1.053593
17  0.770796 -0.901442 1.177686  -1.865794 -0.596008 -0.315192
18  1.789819 -0.000003 -0.000019  0.005558 0.090197 0.395774
19  1.207017 -0.000012 -0.000043  0.141886 -0.163086 0.233767
20  5.740636 0.000410 -0.000704  -0.070577 0.000003 0.000071
21  11.481127 0.000350 -0.000708  0.006831 -0.168310 0.004870
22  6.027524 -0.000329 0.000203  1.479397 -0.360175 1.575655
23  0.000003 11.692099 -0.000008  -0.803033 -0.285988 -0.653773
24  0.000004 0.000008 -0.000002  -0.515490 -0.000030 1.570739
25  -0.000001 -0.000011 -0.000002  0.868957 0.000002 1.570712
26  -6.617934 -9.178503 0.826812  1.473120 1.855075 -0.198639
27  6.027512 -0.000261 -0.000226  1.634735 0.882037 -0.653633
28  11.691993 0.000244 0.000856  0.141447 0.000056 -1.629447
29  11.479326 -0.000877 0.000957  -1.232761 0.284225 0.771920
30  3.859435 -0.132787 1.193062  0.466149 -0.051826 -1.783918
31  1.312558 0.000026 -0.000000  -0.013965 -0.041044 -0.156447
32  0.729345 0.000066 -0.000027  -0.128320 -0.117290 -0.954857
33  3.942045 0.050109 0.430997  0.211501 -0.107596 -1.469120
34  1.539096 0.000011 0.000000  0.040712 -0.054386 -1.030469
35  1.196300 0.000075 -0.000003  -0.249391 -0.043040 -0.795120
36  3.883411 -0.050501 -0.431086  0.186407 -0.271796 -1.212184
37  1.719564 -0.000078 -0.000003  0.020974 -0.107650 -1.483528
38  1.209197 0.000036 0.000011  -0.324719 0.069674 -0.493483
39  3.859583 -0.149111 -1.331323  -0.094938 -0.084955 -0.411363
40  1.719412 -0.000099 -0.000035  -0.011248 0.001677 -0.960922
41  1.099673 0.000025 0.000007  -0.004984 -0.008084 -0.787926
42  0.805978 -0.359854 -1.318337  0.991670 0.166767 -0.799535
43  1.789779 -0.000010 -0.000042  0.000057 -0.002451 0.133097
44  1.206996 -0.000007 0.000005  0.000372 -0.000070 1.058781
45  5.740571 0.000056 0.000724  0.141421 -0.000014 0.000021
46  11.480809 -0.000139 0.000941  0.050531 0.055987 0.131007
47  6.027514 -0.000273 -0.000238  -0.986496 -0.388231 -1.704660
48  -0.000001 11.691975 -0.000006  -1.105641 0.549134 0.856527
49  0.000003 0.000000 0.000000  2.413975 -0.000041 1.570856
50  -0.000007 -0.000016 0.000004  2.272644 -0.000030 1.570865
51  -4.034440 -5.677051 -5.835928  -0.134031 -2.970707 1.489215
52  -0.000000 0.000000 0.000000  0.008153 -0.000259 0.000009
53  -0.000001 0.000000 0.000001  1.565115 0.043565 -0.106862
54  -0.956745 -19.564913 -3.880302  -0.898016 0.123642 -1.790348
55  -0.000001 0.000000 -0.000000  0.000000 -0.000000 -0.000002
56  0.000030 0.000029 0.000001  -1.571901 -0.044449 -0.106509
57  7.202790 -19.259499 -17.055128  1.570796 -0.000000 0.000000
58  -15.417985 4.000748 -22.641926  1.570796 -0.000000 0.000000
59  2.236387 -2.421983 -5.367696  1.570796 -0.000000 0.000000
60  -0.004311 0.001230 -0.000371  0.006898 -0.005534 -0.284229
61  0.826810 10.209643 -4.879054  1.570796 -0.000000 0.000000
62  0.000000 0.000000 0.000000  -0.078727 -3.136056 0.284226
63  0.000000 0.000000 0.000000  1.570796 -0.000000 0.000000
64  -2.526953 -12.650944 -1.593252  1.550462 0.057653 0.014081
65  -0.109378 -1.951951 -1.519203  -0.000000 -0.000000 -0.000000
66  -0.109379 0.057027 25.399250  -0.000000 -0.000000 -0.000000
67  -0.109379 -1.856731 0.287231  -0.000000 -0.000000 -0.000000
68  -0.104048 -4.495923 7.879278  -0.000000 -0.000000 -0.000000
69  -0.195264 4.332631 -6.347184  -0.000000 -0.000000 -0.000000
70  -1.290112 3.693283 8.579669  0.022713 -0.014049 -0.017451
71  -0.121470 -1.314581 7.402087  -0.000000 -0.000000 -0.000000
72  -1.107529 -1.063453 4.061646  -0.000000 -0.000000 -0.000000
73  0.003659 1.612363 10.733983  -0.000000 0.000000 0.000136
74  -2.639698 -17.877480 -2.783393  1.550462 0.057653 0.014081
time 12
0  0.000006 0.000000 0.000000  -1.570800 -1.391899 -1.570792
1  -4.849906 3.337897 2.232070  -1.544956 -1.855077 -0.198630
2  6.027524 -0.000325 0.000192  -0.464323 -1.199632 -1.819900
3  11.692111 0.000644 -0.000740  -1.384570 -0.000003 -1.128743
4  11.480612 0.000702 -0.000247  1.516217 -0.947561 0.109939
5  3.859505 -0.142880 -1.192050  -0.507739 -0.034586 -1.573166
6  1.312589 0.000011 0.000008  -0.099219 -0.080836 -0.578266
7  0.729355 0.000054 0.000050  -0.083327 -0.106005 -0.262589
8  3.942142 0.046272 -0.431512  -0.423826 0.326055 -0.977403
9  1.539110 0.000085 0.000006  0.011526 -0.070624 -1.101829
10  1.196332 0.000143 0.000029  0.007038 -0.000117 -0.629733
11  3.883502 -0.047270 0.431381  -0.232037 0.533715 -0.537849
12  1.719574 -0.000026 0.000013  0.011709 -0.105542 -1.237432
13  1.209179 0.000091 0.000014  -0.006673 -0.001107 -0.502906
14  3.859662 -0.138476 1.332410  0.013813 0.511197 -0.350141
15  1.719449 -0.000013 0.000019  -0.022509 0.019639 -0.287088
16  1.099676 0.000049 0.000004  -0.286525 0.346051 -1.053593
17  0.770793 -0.901443 1.177686  -1.865794 -0.596007 -0.315192
18  1.789819 -0.000003 -0.000017  0.005558 0.090197 0.395774
19  1.207016 -0.000012 -0.000043  0.141886 -0.163086 0.233767
20  5.740636 0.000410 -0.000701  -0.070719 0.000003 0.000071
21  11.481126 0.000350 -0.000708  0.006691 -0.168294 0.004816
22  6.027524 -0.000329 0.000203  1.479475 -0.360344 1.575860
23  0.000002 11.692099 -0.000007  -0.803113 -0.286046 -0.653832
24  0.000003 0.000008 -0.000000  -0.515490 -0.000031 1.570738
25  -0.000000 -0.000011 -0.000001  0.868957 0.000002 1.570712
26  -6.617934 -9.178503 0.826812  1.473120 1.855075 -0.198639
27  6.027512 -0.000261 -0.000226  1.634783 0.881980 -0.653611
28  11.691992 0.000242 0.000855  0.141447 0.000056 -1.629564
29  11.479324 -0.000878 0.000958  -1.233317 0.284105 0.772114
30  3.859437 -0.132787 1.193062  0.466149 -0.051826 -1.783918
31  1.312559 0.000028 0.000000  -0.013965 -0.041043 -0.156447
32  0.729345 0.000065 -0.000027  -0.128320 -0.117290 -0.954857
33  3.942046 0.050109 0.430997  0.211501 -0.107596 -1.469120
34  1.539096 0.000011 -0.000000  0.040712 -0.054386 -1.030469
35  1.196300 0.000076 -0.000003  -0.249391 -0.043040 -0.795121
36  3.883411 -0.050502 -0.431087  0.186407 -0.271796 -1.212184
37  1.719563 -0.000080 -0.000004  0.020974 -0.107650 -1.483528
38  1.209197 0.000036 0.000011  -0.324719 0.069674 -0.493483
39  3.859585 -0.149112 -1.331323  -0.094938 -0.084955 -0.411363
40  1.719413 -0.000100 -0.000035  -0.011248 0.001677 -0.960922
41  1.099674 0.000026 0.000006  -0.004984 -0.008084 -0.787926
42  0.805979 -0.359854 -1.318338  0.991670 0.166767 -0.799535
43  1.789780 -0.000009 -0.000042  0.000057 -0.002451 0.133097
44  1.206996 -0.000005 0.000005  0.000372 -0.000070 1.058781
45  5.740571 0.000055 0.000724  0.141324 -0.000014 0.000021
46  11.480807 -0.000140 0.000941  0.050431 0.055933 0.131072
47  6.027514 -0.000273 -0.000238  -0.986426 -0.388233 -1.704701
48  -0.000001 11.691974 -0.000006  -1.105709 0.549201 0.856566
49  0.000003 0.000000 0.000000  2.413975 -0.000041 1.570856
50  -0.000007 -0.000016 0.000005  2.272644 -0.000030 1.570865
51  -4.034952 -5.676086 -5.835659  -0.134628 -2.970860 1.489240
52  -0.000000 0.000000 -0.000000  0.008153 -0.000259 0.000009
53  0.000000 0.000000 0.000000  1.565115 0.043565 -0.106862
54  -0.957196 -19.564575 -3.884582  -0.898624 0.123713 -1.790500
55  0.000001 -0.000000 0.000000  0.000000 -0.000000 -0.000002
56  0.000032 0.000028 0.000001  -1.571901 -0.044449 -0.106509
57  7.202790 -19.259499 -17.055128  1.570796 -0.000000 0.000000
58  -15.417985 4.000748 -22.641926  1.570796 -0.000000 0.000000
59  2.236387 -2.421983 -5.367696  1.570796 -0.000000 0.000000
60  -0.004311 0.001230 -0.000371  0.006898 -0.005534 -0.284229
61  0.826810 10.209643 -4.879054  1.570796 -0.000000 0.000000
62  0.000000 0.000000 0.000000  -0.078727 -3.136056 0.284226
63  0.000000 0.000000 0.000000  1.570796 -0.000000 0.000000
64  -2.525565 -12.650944 -1.595246  1.550671 0.058223 0.014017
65  -0.109379 -1.951951 -1.519206  -0.000000 0.000000 -0.000000
66  -0.109379 0.057027 25.399254  -0.000000 0.000000 -0.000000
67  -0.109379 -1.856732 0.287229  -0.000000 0.000000 -0.000000
68  -0.104048 -4.495924 7.879275  -0.000000 0.000000 -0.000000
69  -0.195264 4.332631 -6.347187  -0.000000 0.000000 -0.000000
70  -1.290112 3.693283 8.579667  0.022713 -0.014049 -0.017451
71  -0.121470 -1.314581 7.402087  -0.000000 0.000000 -0.000000
72  -1.107528 -1.063453 4.061647  -0.000000 0.000000 -0.000000
73  0.003659 1.612363 10.733981  -0.000000 0.000000 0.000162
74  -2.639391 -17.877232 -2.786370  1.550671 0.058223 0.014017
time 13
0  0.000006 0.000000 0.000000  -1.570800 -1.391899 -1.570792
1  -4.849906 3.337897 2.232070  -1.544956 -1.855077 -0.198630
2  6.027524 -0.000325 0.000192  -0.464646 -1.199483 -1.819362
3  11.692112 0.000644 -0.000739  -1.384570 -0.000003 -1.128873
4  11.480612 0.000699 -0.000248  1.515351 -0.947435 0.110058
5  3.859509 -0.142879 -1.192049  -0.507739 -0.034586 -1.573166
6  1.312589 0.000012 0.000008  -0.099219 -0.080836 -0.578266
7  0.729355 0.000052 0.000050  -0.083327 -0.106005 -0.262589
8  3.942144 0.046273 -0.431512  -0.423826 0.326055 -0.977403
9  1.539111 0.000085 0.000006  0.011526 -0.070624 -1.101829
10  1.196332 0.000145 0.000029  0.007038 -0.000117 -0.629733
11  3.883504 -0.047269 0.431381  -0.232037 0.533715 -0.537849
12  1.719575 -0.000026 0.000018  0.011709 -0.105542 -1.237432
13  1.209179 0.000092 0.000013  -0.006673 -0.001107 -0.502906
14  3.859661 -0.138475 1.332410  0.013813 0.511197 -0.350141
15  1.719448 -0.000014 0.000023  -0.022509 0.019639 -0.287088
16  1.099675 0.000048 0.000004  -0.286525 0.346051 -1.053593
17  0.770792 -0.901442 1.177685  -1.865794 -0.596007 -0.315192
18  1.789817 -0.000003 -0.000019  0.005558 0.090197 0.395774
19  1.207015 -0.000012 -0.000042  0.141886 -0.163086 0.233767
20  5.740636 0.000410 -0.000703  -0.070862 0.000003 0.000071
21  11.481127 0.000350 -0.000707  0.006549 -0.168279 0.004761
22  6.027524 -0.000329 0.000203  1.479556 -0.360518 1.576068
23  0.000002 11.692100 -0.000007  -0.803195 -0.286107 -0.653893
24  0.000004 0.000009 -0.000001  -0.515490 -0.000030 1.570739
25  -0.000001 -0.000011 -0.000001  0.868957 0.000002 1.570712
26  -6.617934 -9.178503 0.826812  1.473120 1.855075 -0.198639
27  6.027512 -0.000261 -0.000226  1.634826 0.881922 -0.653591
28  11.691991 0.000245 0.000856  0.141447 0.000056 -1.629682
29  11.479325 -0.000877 0.000960  -1.233876 0.283990 0.772315
30  3.859437 -0.132787 1.193062  0.466149 -0.051826 -1.783918
31  1.312558 0.000025 -0.000001  -0.013965 -0.041043 -0.156447
32  0.729345 0.000066 -0.000027  -0.128320 -0.117290 -0.954857
33  3.942046 0.050109 0.430996  0.211501 -0.107596 -1.469120
34  1.539097 0.000009 -0.000000  0.040712 -0.054386 -1.030469
35  1.196300 0.000076 -0.000005  -0.249391 -0.043040 -0.795121
36  3.883412 -0.050501 -0.431087  0.186407 -0.271796 -1.212184
37  1.719563 -0.000078 -0.000004  0.020974 -0.107650 -1.483528
38  1.209196 0.000035 0.000011  -0.324719 0.069674 -0.493483
39  3.859585 -0.149112 -1.331323  -0.094938 -0.084955 -0.411363
40  1.719411 -0.000099 -0.000035  -0.011248 0.001677 -0.960922
41  1.099673 0.000024 0.000007  -0.004984 -0.008084 -0.787926
42  0.805979 -0.359854 -1.318338  0.991670 0.166767 -0.799535
43  1.789780 -0.000010 -0.000042  0.000057 -0.002451 0.133097
44  1.206996 -0.000006 0.000005  0.000372 -0.000070 1.058782
45  5.740571 0.000055 0.000724  0.141228 -0.000014 0.000021
46  11.480808 -0.000140 0.000942  0.050332 0.055879 0.131137
47  6.027514 -0.000273 -0.000238  -0.986356 -0.388238 -1.704741
48  -0.000001 11.691973 -0.000004  -1.105779 0.549269 0.856607
49  0.000002 -0.000001 0.000001  2.413975 -0.000041 1.570856
50  -0.000006 -0.000015 0.000006  2.272644 -0.000030 1.570865
51  -4.035419 -5.675097 -5.835415  -0.135228 -2.971017 1.489263
52  -0.000001 0.000000 0.000000  0.008153 -0.000259 0.000009
53  -0.000000 0.000000 -0.000000  1.565115 0.043565 -0.106862
54  -0.957639 -19.564232 -3.888959  -0.899237 0.123787 -1.790655
55  0.000000 -0.000000 0.000000  0.000000 -0.000000 -0.000002
56  0.000030 0.000029 0.000001  -1.571901 -0.044449 -0.106509
57  7.202790 -19.259499 -17.055128  1.570796 -0.000000 0.000000
58  -15.417985 4.000748 -22.641926  1.570796 -0.000000 0.000000
59  2.236387 -2.421983 -5.367696  1.570796 -0.000000 0.000000
60  -0.004311 0.001230 -0.000371  0.006898 -0.005534 -0.284229
61  0.826810 10.209643 -4.879054  1.570796 -0.000000 0.000000
62  0.000000 0.000000 0.000000  -0.078727 -3.136056 0.284226
63  0.000000 0.000000 0.000000  1.570796 -0.000000 0.000000
64  -2.524138 -12.650944 -1.597302  1.550884 0.058797 0.013950
65  -0.109378 -1.951952 -1.519204  0.000000 -0.000000 -0.000000
66  -0.109379 0.057027 25.399252  0.000000 -0.000000 -0.000000
67  -0.109378 -1.856732 0.287229  0.000000 -0.000000 -0.000000
68  -0.104047 -4.495924 7.879277  0.000000 -0.000000 -0.000000
69  -0.195264 4.332631 -6.347187  0.000000 -0.000000 -0.000000
70  -1.290112 3.693283 8.579668  0.022713 -0.014049 -0.017451
71  -0.121470 -1.314581 7.402089  0.000000 -0.000000 -0.000000
72  -1.107528 -1.063453 4.061647  0.000000 -0.000000 -0.000000
73  0.003659 1.612363 10.733982  -0.000000 0.000000 0.000190
74  -2.639067 -17.876980 -2.789430  1.550884 0.058797 0.013950
time 14
0  0.000006 0.000000 0.000000  -1.570800 -1.391899 -1.570792
1  -4.849906 3.337897 2.232070  -1.544956 -1.855077 -0.198630
2  6.027524 -0.000325 0.000192  -0.464976 -1.199332 -1.818815
3  11.692111 0.000643 -0.000738  -1.384570 -0.000003 -1.129005
4  11.480613 0.000700 -0.000246  1.514483 -0.947309 0.110182
5  3.859509 -0.142879 -1.192049  -0.507739 -0.034586 -1.573166
6  1.312589 0.000014 0.000009  -0.099219 -0.080836 -0.578266
7  0.729355 0.000053 0.000049  -0.083327 -0.106005 -0.262589
8  3.942144 0.046273 -0.431512  -0.423826 0.326055 -0.977403
9  1.539110 0.000084 0.000004  0.011526 -0.070624 -1.101829
10  1.196334 0.000144 0.000028  0.007038 -0.000117 -0.629733
11  3.883506 -0.047269 0.431381  -0.232037 0.533715 -0.537849
12  1.719573 -0.000026 0.000018  0.011709 -0.105542 -1.237432
13  1.209179 0.000091 0.000010  -0.006673 -0.001106 -0.502906
14  3.859662 -0.138475 1.332410  0.013813 0.511197 -0.350141
15  1.719449 -0.000013 0.000022  -0.022509 0.019639 -0.287088
16  1.099676 0.000049 0.000005  -0.286525 0.346051 -1.053593
17  0.770795 -0.901442 1.177686  -1.865794 -0.596007 -0.315192
18  1.789818 -0.000003 -0.000018  0.005558 0.090197 0.395774
19  1.207017 -0.000012 -0.000043  0.141886 -0.163086 0.233767
20  5.740635 0.000411 -0.000703  -0.071004 0.000003 0.000070
21  11.481126 0.000350 -0.000706  0.006407 -0.168263 0.004707
22  6.027524 -0.000329 0.000203  1.479640 -0.360694 1.576277
23  0.000003 11.692098 -0.000008  -0.803279 -0.286168 -0.653955
24  0.000003 0.000008 -0.000001  -0.515490 -0.000030 1.570739
25  -0.000000 -0.000012 -0.000002  0.868957 0.000002 1.570712
26  -6.617934 -9.178503 0.826812  1.473120 1.855075 -0.198639
27  6.027512 -0.000261 -0.000226  1.634863 0.881864 -0.653575
28  11.691991 0.000242 0.000856  0.141447 0.000056 -1.629802
29  11.479323 -0.000877 0.000958  -1.234429 0.283880 0.772521
30  3.859435 -0.132787 1.193061  0.466149 -0.051826 -1.783918
31  1.312559 0.000026 0.000001  -0.013965 -0.041043 -0.156447
32  0.729345 0.000065 -0.000028  -0.128320 -0.117290 -0.954857
33  3.942046 0.050109 0.430996  0.211501 -0.107596 -1.469120
34  1.539096 0.000009 -0.000000  0.040712 -0.054386 -1.030469
35  1.196300 0.000075 -0.000004  -0.249391 -0.043040 -0.795120
36  3.883412 -0.050502 -0.431087  0.186407 -0.271796 -1.212184
37  1.719563 -0.000080 -0.000003  0.020974 -0.107650 -1.483528
38  1.209196 0.000036 0.000011  -0.324719 0.069674 -0.493483
39  3.859585 -0.149112 -1.331323  -0.094938 -0.084955 -0.411363
40  1.719411 -0.000100 -0.000035  -0.011248 0.001677 -0.960922
41  1.099673 0.000025 0.000006  -0.004984 -0.008084 -0.787926
42  0.805978 -0.359854 -1.318339  0.991670 0.166767 -0.799535
43  1.789779 -0.000009 -0.000042  0.000057 -0.002451 0.133097
44  1.206995 -0.000005 0.000006  0.000373 -0.000070 1.058782
45  5.740572 0.000055 0.000724  0.141134 -0.000014 0.000021
46  11.480808 -0.000140 0.000941  0.050233 0.055827 0.131204
47  6.027514 -0.000273 -0.000238  -0.986290 -0.388246 -1.704779
48  -0.000002 11.691974 -0.000005  -1.105849 0.549338 0.856647
49  0.000003 -0.000000 -0.000000  2.413975 -0.000041 1.570856
50  -0.000008 -0.000017 0.000006  2.272644 -0.000030 1.570865
51  -4.035827 -5.674097 -5.835204  -0.135825 -2.971177 1.489282
52  -0.000000 0.000000 -0.000000  0.008153 -0.000259 0.000009
53  -0.000000 0.000000 -0.000001  1.565115 0.043565 -0.106862
54  -0.958066 -19.563887 -3.893388  -0.899846 0.123864 -1.790811
55  0.000001 -0.000000 -0.000000  0.000000 -0.000000 -0.000002
56  0.000030 0.000028 0.000001  -1.571901 -0.044449 -0.106509
57  7.202790 -19.259499 -17.055128  1.570796 -0.000000 0.000000
58  -15.417985 4.000748 -22.641926  1.570796 -0.000000 0.000000
59  2.236387 -2.421983 -5.367696  1.570796 -0.000000 0.000000
60  -0.004311 0.001230 -0.000371  0.006898 -0.005534 -0.284229
61  0.826810 10.209643 -4.879054  1.570796 -0.000000 0.000000
62  0.000000 0.000000 0.000000  -0.078727 -3.136056 0.284226
63  0.000000 0.000000 0.000000  1.570796 -0.000000 0.000000
64  -2.522685 -12.650944 -1.599403  1.551100 0.059368 0.013881
65  -0.109379 -1.951951 -1.519206  0.000000 -0.000000 0.000000
66  -0.109379 0.057027 25.399254  0.000000 -0.000000 0.000000
67  -0.109379 -1.856732 0.287228  0.000000 -0.000000 0.000000
68  -0.104048 -4.495923 7.879277  0.000000 -0.000000 0.000000
69  -0.195264 4.332631 -6.347187  0.000000 -0.000000 0.000000
70  -1.290112 3.693284 8.579668  0.022713 -0.014049 -0.017451
71  -0.121470 -1.314581 7.402088  0.000000 -0.000000 0.000000
72  -1.107529 -1.063453 4.061645  0.000000 -0.000000 0.000000
73  0.003659 1.612363 10.733981  0.000000 -0.000000 0.000220
74  -2.638724 -17.876720 -2.792547  1.551100 0.059368 0.013881
time 15
0  0.000006 0.000000 0.000000  -1.570800 -1.391899 -1.570792
1  -4.849906 3.337897 2.232070  -1.544956 -1.855077 -0.198630
2  6.027524 -0.000325 0.000192  -0.465312 -1.199180 -1.818264
3  11.692109 0.000643 -0.000738  -1.384570 -0.000003 -1.129140
4  11.480612 0.000700 -0.000249  1.513624 -0.947184 0.110310
5  3.859510 -0.142880 -1.192049  -0.507739 -0.034586 -1.573166
6  1.312590 0.000014 0.000009  -0.099219 -0.080836 -0.578266
7  0.729355 0.000054 0.000051  -0.083327 -0.106005 -0.262589
8  3.942144 0.046273 -0.431512  -0.423826 0.326055 -0.977403
9  1.539110 0.000087 0.000004  0.011526 -0.070624 -1.101829
10  1.196333 0.000145 0.000031  0.007038 -0.000117 -0.629733
11  3.883507 -0.047270 0.431381  -0.232037 0.533715 -0.537849
12  1.719574 -0.000025 0.000016  0.011709 -0.105542 -1.237432
13  1.209179 0.000090 0.000010  -0.006673 -0.001106 -0.502906
14  3.859663 -0.138476 1.332410  0.013813 0.511197 -0.350141
15  1.719449 -0.000013 0.000020  -0.022509 0.019639 -0.287088
16  1.099676 0.000048 0.000005  -0.286525 0.346051 -1.053593
17  0.770796 -0.901443 1.177686  -1.865794 -0.596008 -0.315192
18  1.789818 -0.000003 -0.000018  0.005558 0.090197 0.395774
19  1.207018 -0.000012 -0.000043  0.141886 -0.163086 0.233768
20  5.740637 0.000410 -0.000704  -0.071143 0.000003 0.000070
21  11.481128 0.000351 -0.000708  0.006267 -0.168248 0.004655
22  6.027524 -0.000329 0.000203  1.479725 -0.360872 1.576485
23  0.000002 11.692098 -0.000007  -0.803364 -0.286231 -0.654018
24  0.000003 0.000009 -0.000002  -0.515490 -0.000031 1.570739
25  -0.000001 -0.000011 -0.000001  0.868957 0.000002 1.570712
26  -6.617934 -9.178503 0.826812  1.473120 1.855075 -0.198639
27  6.027512 -0.000261 -0.000226  1.634892 0.881806 -0.653563
28  11.691989 0.000244 0.000855  0.141447 0.000056 -1.629922
29  11.479323 -0.000880 0.000959  -1.234971 0.283778 0.772729
30  3.859436 -0.132788 1.193062  0.466149 -0.051826 -1.783918
31  1.312558 0.000026 0.000000  -0.013965 -0.041044 -0.156447
32  0.729345 0.000065 -0.000027  -0.128320 -0.117290 -0.954857
33  3.942047 0.050110 0.430997  0.211501 -0.107596 -1.469120
34  1.539097 0.000009 -0.000000  0.040712 -0.054386 -1.030469
35  1.196300 0.000076 -0.000004  -0.249391 -0.043040 -0.795120
36  3.883412 -0.050501 -0.431087  0.186407 -0.271796 -1.212184
37  1.719564 -0.000080 -0.000003  0.020974 -0.107650 -1.483528
38  1.209197 0.000037 0.000011  -0.324719 0.069674 -0.493483
39  3.859586 -0.149111 -1.331323  -0.094938 -0.084955 -0.411363
40  1.719412 -0.000099 -0.000035  -0.011248 0.001677 -0.960922
41  1.099673 0.000026 0.000006  -0.004984 -0.008084 -0.787926
42  0.805979 -0.359854 -1.318338  0.991670 0.166767 -0.799535
43  1.789780 -0.000009 -0.000042  0.000057 -0.002451 0.133097
44  1.206996 -0.000006 0.000006  0.000372 -0.000070 1.058782
45  5.740572 0.000054 0.000724  0.141041 -0.000014 0.000021
46  11.480808 -0.000141 0.000942  0.050134 0.055777 0.131270
47  6.027514 -0.000273 -0.000238  -0.986226 -0.388259 -1.704813
48  -0.000003 11.691974 -0.000006  -1.105920 0.549408 0.856688
49  0.000002 -0.000003 -0.000001  2.413975 -0.000041 1.570856
50  -0.000008 -0.000015 0.000005  2.272644 -0.000030 1.570865
51  -4.036161 -5.673093 -5.835033  -0.136411 -2.971338 1.489298
52  0.000000 0.000000 0.000000  0.008153 -0.000259 0.000009
53  0.000000 0.000000 0.000000  1.565115 0.043565 -0.106862
54  -0.958467 -19.563540 -3.897828  -0.900445 0.123944 -1.790969
55  0.000001 -0.000000 -0.000000  0.000000 -0.000000 -0.000002
56  0.000030 0.000029 0.000001  -1.571902 -0.044449 -0.106509
57  7.202790 -19.259499 -17.055128  1.570796 -0.000000 0.000000
58  -15.417985 4.000748 -22.641926  1.570796 -0.000000 0.000000
59  2.236387 -2.421983 -5.367696  1.570796 -0.000000 0.000000
60  -0.004311 0.001230 -0.000371  0.006898 -0.005534 -0.284229
61  0.826810 10.209643 -4.879054  1.570796 -0.000000 0.000000
62  0.000000 0.000000 0.000000  -0.078727 -3.136056 0.284226
63  0.000000 0.000000 0.000000  1.570796 -0.000000 0.000000
64  -2.521219 -12.650944 -1.601530  1.551315 0.059927 0.013811
65  -0.109378 -1.951951 -1.519205  -0.000000 -0.000000 -0.000000
66  -0.109379 0.057027 25.399252  -0.000000 -0.000000 -0.000000
67  -0.109379 -1.856732 0.287230  -0.000000 -0.000000 -0.000000
68  -0.104048 -4.495924 7.879277  -0.000000 -0.000000 -0.000000
69  -0.195264 4.332630 -6.347188  -0.000000 -0.000000 -0.000000
70  -1.290112 3.693284 8.579669  0.022713 -0.014049 -0.017451
71  -0.121470 -1.314581 7.402086  -0.000000 -0.000000 -0.000000
72  -1.107529 -1.063453 4.061648  -0.000000 -0.000000 -0.000000
73  0.003659 1.612363 10.733981  0.000000 -0.000000 0.000252
74  -2.638366 -17.876465 -2.795692  1.551315 0.059927 0.013811
time 16
0  0.000006 0.000000 0.000000  -1.570800 -1.391899 -1.570792
1  -4.849906 3.337897 2.232070  -1.544956 -1.855077 -0.198630
2  6.027524 -0.000325 0.000192  -0.465650 -1.199029 -1.817713
3  11.692110 0.000643 -0.000740  -1.384570 -0.000003 -1.129275
4  11.480613 0.000700 -0.000248  1.512783 -0.947062 0.110442
5  3.859512 -0.142880 -1.192049  -0.507739 -0.034586 -1.573166
6  1.312590 0.000013 0.000007  -0.099219 -0.080836 -0.578266
7  0.729356 0.000054 0.000048  -0.083327 -0.106005 -0.262589
8  3.942143 0.046273 -0.431512  -0.423826 0.326055 -0.977403
9  1.539112 0.000084 0.000005  0.011527 -0.070624 -1.101829
10  1.196332 0.000144 0.000029  0.007038 -0.000117 -0.629733
11  3.883505 -0.047269 0.431381  -0.232037 0.533715 -0.537849
12  1.719573 -0.000025 0.000016  0.011709 -0.105542 -1.237432
13  1.209179 0.000092 0.000010  -0.006673 -0.001107 -0.502906
14  3.859663 -0.138475 1.332409  0.013813 0.511197 -0.350141
15  1.719445 -0.000012 0.000021  -0.022509 0.019639 -0.287088
16  1.099675 0.000046 0.000003  -0.286525 0.346051 -1.053593
17  0.770793 -0.901442 1.177685  -1.865794 -0.596008 -0.315192
18  1.789820 -0.000003 -0.000019  0.005558 0.090197 0.395774
19  1.207018 -0.000013 -0.000043  0.141886 -0.163086 0.233768
20  5.740637 0.000410 -0.000702  -0.071278 0.000003 0.000071
21  11.481129 0.000350 -0.000704  0.006130 -0.168233 0.004605
22  6.027524 -0.000329 0.000203  1.479812 -0.361049 1.576690
23  0.000002 11.692098 -0.000007  -0.803449 -0.286294 -0.654081
24  0.000004 0.000008 0.000001  -0.515490 -0.000031 1.570739
25  -0.000001 -0.000011 -0.000001  0.868957 0.000002 1.570712
26  -6.617934 -9.178503 0.826812  1.473120 1.855075 -0.198639
27  6.027512 -0.000261 -0.000226  1.634912 0.881750 -0.653556
28  11.691990 0.000243 0.000856  0.141447 0.000056 -1.630041
29  11.479322 -0.000878 0.000959  -1.235492 0.283687 0.772938
30  3.859436 -0.132787 1.193063  0.466149 -0.051826 -1.783918
31  1.312558 0.000026 0.000000  -0.013965 -0.041043 -0.156447
32  0.729345 0.000066 -0.000028  -0.128320 -0.117290 -0.954857
33  3.942046 0.050109 0.430997  0.211501 -0.107596 -1.469120
34  1.539096 0.000009 -0.000000  0.040712 -0.054386 -1.030469
35  1.196299 0.000076 -0.000004  -0.249391 -0.043040 -0.795121
36  3.883411 -0.050502 -0.431087  0.186407 -0.271796 -1.212184
37  1.719563 -0.000078 -0.000003  0.020974 -0.107650 -1.483528
38  1.209197 0.000036 0.000012  -0.324719 0.069674 -0.493483
39  3.859585 -0.149112 -1.331323  -0.094938 -0.084955 -0.411363
40  1.719411 -0.000099 -0.000035  -0.011248 0.001677 -0.960922
41  1.099674 0.000027 0.000007  -0.004984 -0.008084 -0.787926
42  0.805978 -0.359854 -1.318338  0.991670 0.166767 -0.799535
43  1.789780 -0.000010 -0.000042  0.000057 -0.002451 0.133097
44  1.206997 -0.000006 0.000005  0.000372 -0.000070 1.058782
45  5.740573 0.000055 0.000724  0.140952 -0.000014 0.000021
46  11.480809 -0.000139 0.000941  0.050039 0.055730 0.131335
47  6.027514 -0.000273 -0.000238  -0.986166 -0.388276 -1.704844
48  -0.000002 11.691973 -0.000006  -1.105990 0.549476 0.856728
49  0.000003 -0.000001 -0.000000  2.413975 -0.000041 1.570856
50  -0.000007 -0.000016 0.000006  2.272644 -0.000030 1.570865
51  -4.036408 -5.672096 -5.834911  -0.136979 -2.971498 1.489310
52  0.000000 -0.000000 0.000000  0.008153 -0.000259 0.000009
53  -0.000001 0.000000 0.000000  1.565115 0.043565 -0.106862
54  -0.958836 -19.563198 -3.902235  -0.901025 0.124025 -1.791125
55  -0.000001 -0.000000 -0.000000  0.000000 -0.000000 -0.000002
56  0.000028 0.000029 0.000001  -1.571901 -0.044449 -0.106509
57  7.202790 -19.259499 -17.055128  1.570796 -0.000000 0.000000
58  -15.417985 4.000748 -22.641926  1.570796 -0.000000 0.000000
59  2.236387 -2.421983 -5.367696  1.570796 -0.000000 0.000000
60  -0.004311 0.001230 -0.000371  0.006898 -0.005534 -0.284229
61  0.826810 10.209643 -4.879054  1.570796 -0.000000 0.000000
62  0.000000 0.000000 0.000000  -0.078727 -3.136056 0.284226
63  0.000000 0.000000 0.000000  1.570796 -0.000000 0.000000
64  -2.519753 -12.650944 -1.603667  1.551528 0.060469 0.013739
65  -0.109378 -1.951951 -1.519204  0.000000 -0.000000 -0.000000
66  -0.109379 0.057027 25.399256  0.000000 -0.000000 -0.000000
67  -0.109378 -1.856731 0.287230  0.000000 -0.000000 -0.000000
68  -0.104047 -4.495923 7.879277  0.000000 -0.000000 -0.000000
69  -0.195264 4.332631 -6.347189  0.000000 -0.000000 -0.000000
70  -1.290112 3.693283 8.579668  0.022713 -0.014049 -0.017451
71  -0.121470 -1.314581 7.402089  0.000000 -0.000000 -0.000000
72  -1.107528 -1.063453 4.061648  0.000000 -0.000000 -0.000000
73  0.003659 1.612363 10.733981  0.000000 0.000000 0.000286
74  -2.637992 -17.876209 -2.798837  1.551528 0.060469 0.013739
time 17
0  0.000006 0.000000 0.000000  -1.570800 -1.391899 -1.570792
1  -4.849906 3.337897 2.232070  -1.544956 -1.855077 -0.198630
2  6.027524 -0.000325 0.000192  -0.465988 -1.198880 -1.817168
3  11.692111 0.000644 -0.000739  -1.384570 -0.000003 -1.129410
4  11.480608 0.000699 -0.000250  1.511971 -0.946944 0.110576
5  3.859507 -0.142880 -1.192049  -0.507739 -0.034586 -1.573166
6  1.312589 0.000011 0.000010  -0.099219 -0.080836 -0.578266
7  0.729356 0.000054 0.000049  -0.083327 -0.106005 -0.262589
8  3.942143 0.046273 -0.431511  -0.423826 0.326055 -0.977403
9  1.539111 0.000085 0.000004  0.011526 -0.070624 -1.101829
10  1.196332 0.000144 0.000029  0.007038 -0.000117 -0.629733
11  3.883503 -0.047269 0.431382  -0.232037 0.533715 -0.537849
12  1.719574 -0.000026 0.000015  0.011709 -0.105542 -1.237432
13  1.209178 0.000092 0.000012  -0.006673 -0.001107 -0.502906
14  3.859661 -0.138475 1.332410  0.013813 0.511197 -0.350141
15  1.719446 -0.000011 0.000023  -0.022509 0.019639 -0.287088
16  1.099676 0.000047 0.000006  -0.286525 0.346051 -1.053593
17  0.770794 -0.901442 1.177686  -1.865794 -0.596008 -0.315192
18  1.789820 -0.000003 -0.000018  0.005558 0.090197 0.395774
19  1.207017 -0.000013 -0.000043  0.141886 -0.163086 0.233768
20  5.740636 0.000411 -0.000704  -0.071407 0.000003 0.000071
21  11.481127 0.000350 -0.000708  0.005999 -0.168218 0.004558
22  6.027524 -0.000329 0.000203  1.479899 -0.361223 1.576890
23  0.000002 11.692097 -0.000008  -0.803534 -0.286356 -0.654144
24  0.000003 0.000008 -0.000001  -0.515490 -0.000031 1.570739
25  -0.000001 -0.000011 -0.000002  0.868957 0.000002 1.570712
26  -6.617934 -9.178503 0.826812  1.473120 1.855075 -0.198639
27  6.027512 -0.000261 -0.000226  1.634920 0.881695 -0.653554
28  11.691990 0.000243 0.000855  0.141447 0.000056 -1.630158
29  11.479321 -0.000879 0.000958  -1.235986 0.283609 0.773147
30  3.859436 -0.132788 1.193062  0.466149 -0.051826 -1.783918
31  1.312558 0.000025 -0.000000  -0.013965 -0.041043 -0.156447
32  0.729345 0.000066 -0.000027  -0.128320 -0.117290 -0.954857
33  3.942046 0.050108 0.430997  0.211501 -0.107596 -1.469120
34  1.539097 0.000010 0.000000  0.040712 -0.054386 -1.030469
35  1.196299 0.000076 -0.000004  -0.249391 -0.043040 -0.795120
36  3.883412 -0.050502 -0.431087  0.186407 -0.271796 -1.212184
37  1.719564 -0.000078 -0.000003  0.020974 -0.107650 -1.483528
38  1.209197 0.000035 0.000011  -0.324719 0.069674 -0.493483
39  3.859586 -0.149112 -1.331323  -0.094938 -0.084955 -0.411363
40  1.719411 -0.000100 -0.000035  -0.011248 0.001677 -0.960922
41  1.099673 0.000024 0.000007  -0.004984 -0.008084 -0.787926
42  0.805979 -0.359854 -1.318338  0.991670 0.166767 -0.799535
43  1.789780 -0.000010 -0.000042  0.000057 -0.002451 0.133097
44  1.206997 -0.000006 0.000005  0.000372 -0.000070 1.058781
45  5.740571 0.000054 0.000724  0.140868 -0.000014 0.000021
46  11.480807 -0.000140 0.000942  0.049949 0.055688 0.131398
47  6.027514 -0.000273 -0.000238  -0.986112 -0.388298 -1.704869
48  -0.000002 11.691973 -0.000006  -1.106058 0.549544 0.856768
49  0.000004 -0.000001 -0.000000  2.413975 -0.000041 1.570856
50  -0.000007 -0.000015 0.000005  2.272644 -0.000030 1.570865
51  -4.036552 -5.671116 -5.834847  -0.137519 -2.971657 1.489316
52  0.000000 -0.000000 -0.000000  0.008153 -0.000259 0.000009
53  0.000000 -0.000000 0.000000  1.565115 0.043565 -0.106862
54  -0.959165 -19.562866 -3.906563  -0.901579 0.124108 -1.791279
55  0.000001 -0.000001 -0.000000  0.000000 -0.000000 -0.000002
56  0.000030 0.000028 0.000001  -1.571902 -0.044449 -0.106509
57  7.202790 -19.259499 -17.055128  1.570796 -0.000000 0.000000
58  -15.417985 4.000748 -22.641926  1.570796 -0.000000 0.000000
59  2.236387 -2.421983 -5.367696  1.570796 -0.000000 0.000000
60  -0.004311 0.001230 -0.000371  0.006898 -0.005534 -0.284229
61  0.826810 10.209643 -4.879054  1.570796 -0.000000 0.000000
62  0.000000 0.000000 0.000000  -0.078727 -3.136056 0.284226
63  0.000000 0.000000 0.000000  1.570796 -0.000000 0.000000
64  -2.518301 -12.650944 -1.605794  1.551737 0.060984 0.013666
65  -0.109378 -1.951951 -1.519207  0.000000 0.000000 -0.000000
66  -0.109379 0.057027 25.399250  0.000000 0.000000 -0.000000
67  -0.109378 -1.856732 0.287228  0.000000 0.000000 -0.000000
68  -0.104047 -4.495924 7.879274  0.000000 0.000000 -0.000000
69  -0.195264 4.332630 -6.347189  0.000000 0.000000 -0.000000
70  -1.290112 3.693283 8.579664  0.022713 -0.014049 -0.017451
71  -0.121470 -1.314581 7.402087  0.000000 0.000000 -0.000000
72  -1.107528 -1.063453 4.061647  0.000000 0.000000 -0.000000
73  0.003659 1.612363 10.733980  0.000000 -0.000000 0.000321
74  -2.637604 -17.875959 -2.801956  1.551737 0.060984 0.013666
time 18
0  0.000006 0.000000 0.000000  -1.570800 -1.391899 -1.570792
1  -4.849906 3.337897 2.232070  -1.544956 -1.855077 -0.198630
2  6.027524 -0.000325 0.000192  -0.466324 -1.198736 -1.816633
3  11.692111 0.000643 -0.000739  -1.384570 -0.000003 -1.129543
4  11.480607 0.000699 -0.000248  1.511197 -0.946832 0.110713
5  3.859510 -0.142880 -1.192050  -0.507739 -0.034586 -1.573166
6  1.312589 0.000012 0.000008  -0.099219 -0.080836 -0.578266
7  0.729355 0.000053 0.000051  -0.083327 -0.106005 -0.262589
8  3.942145 0.046273 -0.431512  -0.423826 0.326055 -0.977403
9  1.539110 0.000085 0.000004  0.011526 -0.070624 -1.101829
10  1.196333 0.000146 0.000029  0.007038 -0.000117 -0.629733
11  3.883506 -0.047269 0.431381  -0.232037 0.533715 -0.537849
12  1.719573 -0.000026 0.000018  0.011709 -0.105542 -1.237432
13  1.209180 0.000094 0.000012  -0.006673 -0.001107 -0.502906
14  3.859664 -0.138476 1.332410  0.013813 0.511197 -0.350141
15  1.719449 -0.000011 0.000023  -0.022509 0.019639 -0.287088
16  1.099675 0.000048 0.000007  -0.286525 0.346051 -1.053593
17  0.770795 -0.901442 1.177686  -1.865794 -0.596008 -0.315192
18  1.789820 -0.000003 -0.000018  0.005558 0.090197 0.395774
19  1.207016 -0.000012 -0.000044  0.141886 -0.163086 0.233768
20  5.740638 0.000409 -0.000702  -0.071528 0.000003 0.000071
21  11.481127 0.000349 -0.000706  0.005874 -0.168204 0.004515
22  6.027524 -0.000329 0.000203  1.479987 -0.361394 1.577081
23  0.000002 11.692099 -0.000007  -0.803618 -0.286418 -0.654206
24  0.000003 0.000008 -0.000001  -0.515490 -0.000031 1.570739
25  -0.000001 -0.000011 -0.000001  0.868957 0.000002 1.570712
26  -6.617934 -9.178503 0.826812  1.473120 1.855075 -0.198639
27  6.027512 -0.000261 -0.000226  1.634916 0.881643 -0.653559
28  11.691992 0.000242 0.000855  0.141447 0.000056 -1.630271
29  11.479321 -0.000881 0.000958  -1.236446 0.283545 0.773353
30  3.859437 -0.132788 1.193062  0.466149 -0.051826 -1.783918
31  1.312558 0.000025 -0.000000  -0.013965 -0.041044 -0.156447
32  0.729345 0.000064 -0.000027  -0.128320 -0.117290 -0.954857
33  3.942046 0.050108 0.430996  0.211501 -0.107596 -1.469120
34  1.539097 0.000009 0.000001  0.040712 -0.054386 -1.030469
35  1.196300 0.000076 -0.000004  -0.249391 -0.043040 -0.795121
36  3.883411 -0.050502 -0.431087  0.186407 -0.271796 -1.212184
37  1.719563 -0.000080 -0.000003  0.020974 -0.107650 -1.483528
38  1.209197 0.000036 0.000011  -0.324719 0.069674 -0.493483
39  3.859586 -0.149112 -1.331323  -0.094938 -0.084955 -0.411363
40  1.719412 -0.000100 -0.000035  -0.011248 0.001677 -0.960922
41  1.099673 0.000025 0.000006  -0.004984 -0.008084 -0.787926
42  0.805979 -0.359854 -1.318338  0.991670 0.166767 -0.799535
43  1.789779 -0.000009 -0.000042  0.000057 -0.002451 0.133097
44  1.206996 -0.000006 0.000005  0.000372 -0.000070 1.058781
45  5.740573 0.000054 0.000724  0.140791 -0.000014 0.000021
46  11.480808 -0.000141 0.000941  0.049863 0.055650 0.131459
47  6.027514 -0.000273 -0.000238  -0.986065 -0.388326 -1.704889
48  -0.000002 11.691974 -0.000006  -1.106124 0.549609 0.856806
49  0.000003 -0.000000 -0.000000  2.413975 -0.000041 1.570856
50  -0.000007 -0.000016 0.000005  2.272644 -0.000030 1.570865
51  -4.036580 -5.670160 -5.834847  -0.138026 -2.971812 1.489316
52  -0.000000 -0.000000 -0.000000  0.008153 -0.000259 0.000009
53  0.000000 -0.000000 -0.000000  1.565115 0.043565 -0.106862
54  -0.959444 -19.562551 -3.910769  -0.902099 0.124193 -1.791429
55  0.000002 -0.000000 0.000000  0.000000 -0.000000 -0.000002
56  0.000031 0.000028 0.000001  -1.571901 -0.044449 -0.106509
57  7.202790 -19.259499 -17.055128  1.570796 -0.000000 0.000000
58  -15.417985 4.000748 -22.641926  1.570796 -0.000000 0.000000
59  2.236387 -2.421983 -5.367696  1.570796 -0.000000 0.000000
60  -0.004311 0.001230 -0.000371  0.006898 -0.005534 -0.284229
61  0.826810 10.209643 -4.879054  1.570796 -0.000000 0.000000
62  0.000000 0.000000 0.000000  -0.078727 -3.136056 0.284226
63  0.000000 0.000000 0.000000  1.570796 -0.000000 0.000000
64  -2.516874 -12.650944 -1.607895  1.551939 0.061466 0.013593
65  -0.109379 -1.951951 -1.519205  -0.000000 0.000000 -0.000000
66  -0.109379 0.057027 25.399250  -0.000000 0.000000 -0.000000
67  -0.109379 -1.856732 0.287230  -0.000000 0.000000 -0.000000
68  -0.104048 -4.495923 7.879277  -0.000000 0.000000 -0.000000
69  -0.195264 4.332630 -6.347184  -0.000000 0.000000 -0.000000
70  -1.290112 3.693283 8.579671  0.022713 -0.014049 -0.017451
71  -0.121470 -1.314581 7.402088  -0.000000 0.000000 -0.000000
72  -1.107529 -1.063453 4.061648  -0.000000 0.000000 -0.000000
73  0.003659 1.612363 10.733981  0.000000 -0.000000 0.000358
74  -2.637204 -17.875715 -2.805019  1.551939 0.061466 0.013593
time 19
0  0.000006 0.000000 0.000000  -1.570800 -1.391899 -1.570792
1  -4.849906 3.337897 2.232070  -1.544956 -1.855077 -0.198630
2  6.027524 -0.000325 0.000192  -0.466654 -1.198596 -1.816113
3  11.692110 0.000644 -0.000738  -1.384570 -0.000003 -1.129673
4  11.480607 0.000699 -0.000252  1.510472 -0.946726 0.110851
5  3.859510 -0.142880 -1.192049  -0.507739 -0.034586 -1.573166
6  1.312590 0.000012 0.000008  -0.099219 -0.080836 -0.578266
7  0.729355 0.000054 0.000049  -0.083327 -0.106005 -0.262589
8  3.942146 0.046273 -0.431511  -0.423826 0.326055 -0.977403
9  1.539112 0.000087 0.000005  0.011526 -0.070624 -1.101829
10  1.196332 0.000147 0.000030  0.007038 -0.000117 -0.629733
11  3.883506 -0.047270 0.431382  -0.232037 0.533715 -0.537849
12  1.719573 -0.000027 0.000015  0.011709 -0.105542 -1.237432
13  1.209178 0.000092 0.000011  -0.006673 -0.001106 -0.502906
14  3.859662 -0.138476 1.332409  0.013813 0.511197 -0.350141
15  1.719450 -0.000013 0.000023  -0.022509 0.019639 -0.287088
16  1.099676 0.000048 0.000003  -0.286525 0.346051 -1.053593
17  0.770794 -0.901442 1.177686  -1.865794 -0.596008 -0.315192
18  1.789821 -0.000003 -0.000018  0.005558 0.090197 0.395774
19  1.207017 -0.000012 -0.000044  0.141886 -0.163086 0.233768
20  5.740638 0.000410 -0.000703  -0.071639 0.000003 0.000071
21  11.481128 0.000349 -0.000707  0.005758 -0.168191 0.004476
22  6.027524 -0.000329 0.000203  1.480074 -0.361559 1.577263
23  0.000002 11.692097 -0.000008  -0.803700 -0.286478 -0.654266
24  0.000004 0.000009 -0.000001  -0.515490 -0.000031 1.570739
25  -0.000001 -0.000011 -0.000001  0.868957 0.000002 1.570712
26  -6.617934 -9.178503 0.826812  1.473120 1.855075 -0.198639
27  6.027512 -0.000261 -0.000226  1.634898 0.881594 -0.653572
28  11.691992 0.000243 0.000856  0.141447 0.000056 -1.630379
29  11.479319 -0.000880 0.000958  -1.236865 0.283499 0.773556
30  3.859436 -0.132787 1.193062  0.466149 -0.051826 -1.783918
31  1.312558 0.000026 0.000000  -0.013965 -0.041043 -0.156447
32  0.729345 0.000067 -0.000028  -0.128320 -0.117290 -0.954857
33  3.942046 0.050110 0.430997  0.211501 -0.107596 -1.469120
34  1.539096 0.000009 -0.000000  0.040712 -0.054386 -1.030469
35  1.196300 0.000075 -0.000004  -0.249391 -0.043040 -0.795121
36  3.883411 -0.050501 -0.431087  0.186407 -0.271796 -1.212184
37  1.719564 -0.000079 -0.000003  0.020974 -0.107650 -1.483528
38  1.209197 0.000035 0.000011  -0.324719 0.069674 -0.493483
39  3.859586 -0.149112 -1.331323  -0.094938 -0.084955 -0.411363
40  1.719413 -0.000099 -0.000035  -0.011248 0.001677 -0.960922
41  1.099674 0.000026 0.000007  -0.004984 -0.008084 -0.787926
42  0.805978 -0.359854 -1.318338  0.991670 0.166767 -0.799535
43  1.789779 -0.000010 -0.000042  0.000057 -0.002451 0.133097
44  1.206996 -0.000006 0.000005  0.000372 -0.000070 1.058782
45  5.740571 0.000055 0.000723  0.140721 -0.000014 0.000021
46  11.480806 -0.000140 0.000941  0.049784 0.055618 0.131518
47  6.027514 -0.000273 -0.000238  -0.986025 -0.388361 -1.704903
48  -0.000001 11.691975 -0.000005  -1.106188 0.549672 0.856843
49  0.000003 -0.000001 -0.000001  2.413975 -0.000041 1.570856
50  -0.000008 -0.000015 0.000005  2.272644 -0.000030 1.570865
51  -4.036478 -5.669239 -5.834921  -0.138491 -2.971962 1.489310
52  0.000000 0.000000 -0.000001  0.008153 -0.000259 0.000009
53  -0.000000 0.000000 0.000000  1.565115 0.043565 -0.106862
54  -0.959668 -19.562254 -3.914812  -0.902578 0.124278 -1.791573
55  0.000000 -0.000000 0.000000  0.000000 -0.000000 -0.000002
56  0.000029 0.000029 0.000001  -1.571902 -0.044449 -0.106509
57  7.202790 -19.259499 -17.055128  1.570796 -0.000000 0.000000
58  -15.417985 4.000748 -22.641926  1.570796 -0.000000 0.000000
59  2.236387 -2.421983 -5.367696  1.570796 -0.000000 0.000000
60  -0.004311 0.001230 -0.000371  0.006898 -0.005534 -0.284229
61  0.826810 10.209643 -4.879054  1.570796 -0.000000 0.000000
62  0.000000 0.000000 0.000000  -0.078727 -3.136056 0.284226
63  0.000000 0.000000 0.000000  1.570796 -0.000000 0.000000
64  -2.515486 -12.650944 -1.609951  1.552133 0.061908 0.013520
65  -0.109378 -1.951951 -1.519205  0.000000 -0.000000 0.000000
66  -0.109379 0.057027 25.399248  0.000000 -0.000000 0.000000
67  -0.109378 -1.856731 0.287229  0.000000 -0.000000 0.000000
68  -0.104047 -4.495923 7.879275  0.000000 -0.000000 0.000000
69  -0.195264 4.332630 -6.347188  0.000000 -0.000000 0.000000
70  -1.290112 3.693283 8.579669  0.022713 -0.014049 -0.017451
71  -0.121470 -1.314581 7.402088  0.000000 -0.000000 0.000000
72  -1.107528 -1.063453 4.061646  0.000000 -0.000000 0.000000
73  0.003659 1.612363 10.733983  0.000000 0.000000 0.000397
74  -2.636793 -17.875481 -2.808000  1.552133 0.061908 0.013520
time 20
0  0.000006 0.000000 0.000000  -1.570800 -1.391899 -1.570792
1  -4.849906 3.337897 2.232070  -1.544956 -1.855077 -0.198630
2  6.027524 -0.000325 0.000192  -0.466977 -1.198464 -1.815613
3  11.692111 0.000643 -0.000738  -1.384570 -0.000003 -1.129799
4  11.480606 0.000699 -0.000250  1.509805 -0.946630 0.110991
5  3.859509 -0.142880 -1.192049  -0.507739 -0.034586 -1.573166
6  1.312589 0.000013 0.000009  -0.099219 -0.080836 -0.578266
7  0.729355 0.000055 0.000051  -0.083327 -0.106005 -0.262589
8  3.942144 0.046273 -0.431511  -0.423826 0.326055 -0.977403
9  1.539112 0.000084 0.000004  0.011526 -0.070624 -1.101829
10  1.196332 0.000143 0.000028  0.007038 -0.000117 -0.629733
11  3.883505 -0.047269 0.431381  -0.232037 0.533715 -0.537849
12  1.719574 -0.000024 0.000017  0.011709 -0.105542 -1.237432
13  1.209178 0.000092 0.000013  -0.006673 -0.001106 -0.502906
14  3.859662 -0.138475 1.332410  0.013813 0.511197 -0.350141
15  1.719450 -0.000011 0.000020  -0.022509 0.019639 -0.287088
16  1.099675 0.000049 0.000007  -0.286525 0.346051 -1.053593
17  0.770796 -0.901442 1.177686  -1.865794 -0.596008 -0.315192
18  1.789819 -0.000003 -0.000019  0.005558 0.090197 0.395774
19  1.207017 -0.000013 -0.000042  0.141886 -0.163086 0.233767
20  5.740638 0.000410 -0.000702  -0.071739 0.000003 0.000071
21  11.481127 0.000349 -0.000707  0.005652 -0.168179 0.004442
22  6.027524 -0.000329 0.000203  1.480160 -0.361717 1.577432
23  0.000003 11.692099 -0.000007  -0.803780 -0.286537 -0.654325
24  0.000004 0.000009 -0.000001  -0.515490 -0.000031 1.570739
25  -0.000000 -0.000011 -0.000000  0.868957 0.000002 1.570712
26  -6.617934 -9.178503 0.826812  1.473120 1.855075 -0.198639
27  6.027512 -0.000261 -0.000226  1.634865 0.881549 -0.653592
28  11.691990 0.000243 0.000856  0.141447 0.000056 -1.630482
29  11.479320 -0.000879 0.000958  -1.237234 0.283472 0.773753
30  3.859435 -0.132787 1.193061  0.466149 -0.051826 -1.783918
31  1.312558 0.000026 -0.000001  -0.013965 -0.041043 -0.156447
32  0.729345 0.000065 -0.000027  -0.128320 -0.117290 -0.954857
33  3.942045 0.050109 0.430996  0.211501 -0.107596 -1.469120
34  1.539097 0.000011 -0.000001  0.040712 -0.054386 -1.030469
35  1.196300 0.000076 -0.000004  -0.249391 -0.043040 -0.795120
36  3.883410 -0.050502 -0.431088  0.186407 -0.271796 -1.212184
37  1.719564 -0.000080 -0.000004  0.020974 -0.107650 -1.483528
38  1.209197 0.000036 0.000012  -0.324719 0.069674 -0.493483
39  3.859585 -0.149112 -1.331323  -0.094938 -0.084955 -0.411363
40  1.719411 -0.000100 -0.000035  -0.011248 0.001677 -0.960922
41  1.099674 0.000024 0.000006  -0.004984 -0.008084 -0.787926
42  0.805978 -0.359854 -1.318338  0.991670 0.166767 -0.799535
43  1.789779 -0.000009 -0.000043  0.000057 -0.002451 0.133097
44  1.206997 -0.000006 0.000005  0.000372 -0.000070 1.058781
45  5.740572 0.000056 0.000723  0.140661 -0.000014 0.000021
46  11.480807 -0.000139 0.000942  0.049713 0.055593 0.131572
47  6.027514 -0.000273 -0.000238  -0.985994 -0.388402 -1.704910
48  0.000000 11.691973 -0.000006  -1.106248 0.549731 0.856878
49  0.000004 0.000001 -0.000001  2.413975 -0.000041 1.570856
50  -0.000006 -0.000015 0.000005  2.272644 -0.000030 1.570865
51  -4.036231 -5.668365 -5.835077  -0.138906 -2.972106 1.489296
52  -0.000001 -0.000000 0.000000  0.008153 -0.000259 0.000009
53  -0.000001 0.000000 -0.000000  1.565115 0.043565 -0.106862
54  -0.959827 -19.561975 -3.918644  -0.903006 0.124364 -1.791710
55  -0.000001 -0.000000 0.000000  0.000000 -0.000000 -0.000002
56  0.000030 0.000029 0.000001  -1.571902 -0.044449 -0.106509
57  7.202790 -19.259499 -17.055128  1.570796 -0.000000 0.000000
58  -15.417985 4.000748 -22.641926  1.570796 -0.000000 0.000000
59  2.236387 -2.421983 -5.367696  1.570796 -0.000000 0.000000
60  -0.004311 0.001230 -0.000371  0.006898 -0.005534 -0.284229
61  0.826810 10.209643 -4.879054  1.570796 -0.000000 0.000000
62  0.000000 0.000000 0.000000  -0.078727 -3.136056 0.284226
63  0.000000 0.000000 0.000000  1.570796 -0.000000 0.000000
64  -2.514151 -12.650944 -1.611945  1.552316 0.062302 0.013448
65  -0.109379 -1.951951 -1.519205  0.000000 -0.000000 0.000000
66  -0.109379 0.057027 25.399250  0.000000 -0.000000 0.000000
67  -0.109379 -1.856731 0.287230  0.000000 -0.000000 0.000000
68  -0.104048 -4.495923 7.879275  0.000000 -0.000000 0.000000
69  -0.195264 4.332631 -6.347188  0.000000 -0.000000 0.000000
70  -1.290112 3.693283 8.579665  0.022713 -0.014049 -0.017451
71  -0.121470 -1.314581 7.402086  0.000000 -0.000000 0.000000
72  -1.107528 -1.063453 4.061647  0.000000 -0.000000 0.000000
73  0.003659 1.612363 10.733981  0.000000 -0.000000 0.000436
74  -2.636371 -17.875259 -2.810870  1.552316 0.062302 0.013448
time 21
0  0.000006 0.000000 0.000000  -1.570800 -1.391899 -1.570792
1  -4.849906 3.337897 2.232070  -1.544956 -1.855077 -0.198630
2  6.027524 -0.000325 0.000192  -0.467289 -1.198339 -1.815138
3  11.692109 0.000644 -0.000739  -1.384570 -0.000003 -1.129920
4  11.480607 0.000699 -0.000250  1.509206 -0.946543 0.111130
5  3.859506 -0.142879 -1.192050  -0.507739 -0.034586 -1.573166
6  1.312590 0.000012 0.000008  -0.099219 -0.080836 -0.578266
7  0.729354 0.000056 0.000048  -0.083327 -0.106005 -0.262589
8  3.942140 0.046273 -0.431512  -0.423826 0.326055 -0.977403
9  1.539110 0.000086 0.000003  0.011526 -0.070624 -1.101829
10  1.196334 0.000147 0.000030  0.007038 -0.000117 -0.629733
11  3.883502 -0.047269 0.431381  -0.232037 0.533715 -0.537849
12  1.719573 -0.000026 0.000015  0.011709 -0.105542 -1.237432
13  1.209179 0.000094 0.000012  -0.006673 -0.001106 -0.502906
14  3.859661 -0.138476 1.332410  0.013813 0.511197 -0.350141
15  1.719448 -0.000011 0.000023  -0.022509 0.019639 -0.287088
16  1.099678 0.000048 0.000005  -0.286525 0.346051 -1.053593
17  0.770792 -0.901442 1.177686  -1.865794 -0.596008 -0.315192
18  1.789820 -0.000003 -0.000018  0.005558 0.090197 0.395774
19  1.207015 -0.000013 -0.000043  0.141886 -0.163086 0.233767
20  5.740637 0.000410 -0.000703  -0.071825 0.000003 0.000071
21  11.481127 0.000350 -0.000708  0.005558 -0.168168 0.004415
22  6.027524 -0.000329 0.000203  1.480245 -0.361866 1.577586
23  0.000002 11.692099 -0.000007  -0.803857 -0.286593 -0.654382
24  0.000004 0.000008 0.000001  -0.515490 -0.000031 1.570739
25  -0.000001 -0.000011 -0.000002  0.868957 0.000002 1.570712
26  -6.617934 -9.178503 0.826812  1.473120 1.855075 -0.198639
27  6.027512 -0.000261 -0.000226  1.634815 0.881508 -0.653622
28  11.691991 0.000244 0.000856  0.141447 0.000057 -1.630577
29  11.479321 -0.000880 0.000959  -1.237546 0.283467 0.773942
30  3.859436 -0.132788 1.193062  0.466149 -0.051826 -1.783918
31  1.312558 0.000025 -0.000000  -0.013965 -0.041044 -0.156447
32  0.729345 0.000066 -0.000028  -0.128320 -0.117290 -0.954857
33  3.942046 0.050109 0.430997  0.211501 -0.107596 -1.469120
34  1.539096 0.000010 0.000000  0.040712 -0.054386 -1.030469
35  1.196301 0.000076 -0.000004  -0.249391 -0.043040 -0.795121
36  3.883411 -0.050502 -0.431087  0.186407 -0.271796 -1.212184
37  1.719563 -0.000079 -0.000003  0.020974 -0.107650 -1.483528
38  1.209196 0.000036 0.000011  -0.324719 0.069674 -0.493483
39  3.859585 -0.149112 -1.331323  -0.094938 -0.084955 -0.411363
40  1.719413 -0.000099 -0.000035  -0.011248 0.001677 -0.960922
41  1.099673 0.000024 0.000007  -0.004984 -0.008084 -0.787926
42  0.805979 -0.359854 -1.318338  0.991670 0.166767 -0.799535
43  1.789779 -0.000009 -0.000042  0.000057 -0.002451 0.133097
44  1.206997 -0.000006 0.000006  0.000372 -0.000070 1.058781
45  5.740573 0.000054 0.000723  0.140611 -0.000014 0.000021
46  11.480808 -0.000140 0.000942  0.049651 0.055576 0.131622
47  6.027514 -0.000273 -0.000238  -0.985972 -0.388450 -1.704908
48  -0.000002 11.691973 -0.000005  -1.106304 0.549786 0.856910
49  0.000002 0.000000 0.000000  2.413975 -0.000041 1.570856
50  -0.000007 -0.000016 0.000006  2.272644 -0.000030 1.570865
51  -4.035825 -5.667543 -5.835323  -0.139265 -2.972242 1.489274
52  0.000000 0.000000 0.000000  0.008153 -0.000259 0.000009
53  0.000000 -0.000000 0.000000  1.565115 0.043565 -0.106862
54  -0.959914 -19.561726 -3.922225  -0.903378 0.124450 -1.791839
55  -0.000000 -0.000000 0.000000  0.000000 -0.000000 -0.000002
56  0.000029 0.000029 0.000001  -1.571901 -0.044449 -0.106509
57  7.202790 -19.259499 -17.055128  1.570796 -0.000000 0.000000
58  -15.417985 4.000748 -22.641926  1.570796 -0.000000 0.000000
59  2.236387 -2.421983 -5.367696  1.570796 -0.000000 0.000000
60  -0.004311 0.001230 -0.000371  0.006898 -0.005534 -0.284229
61  0.826810 10.209643 -4.879054  1.570796 -0.000000 0.000000
62  0.000000 0.000000 0.000000  -0.078727 -3.136056 0.284226
63  0.000000 0.000000 0.000000  1.570796 -0.000000 0.000000
64  -2.512880 -12.650944 -1.613859  1.552485 0.062641 0.013376
65  -0.109379 -1.951951 -1.519204  0.000000 -0.000000 -0.000000
66  -0.109379 0.057027 25.399254  0.000000 -0.000000 -0.000000
67  -0.109379 -1.856732 0.287232  0.000000 -0.000000 -0.000000
68  -0.104047 -4.495923 7.879277  0.000000 -0.000000 -0.000000
69  -0.195264 4.332630 -6.347187  0.000000 -0.000000 -0.000000
70  -1.290112 3.693283 8.579665  0.022713 -0.014049 -0.017451
71  -0.121470 -1.314581 7.402087  0.000000 -0.000000 -0.000000
72  -1.107528 -1.063453 4.061648  0.000000 -0.000000 -0.000000
73  0.003659 1.612363 10.733983  0.000000 -0.000000 0.000477
74  -2.635941 -17.875051 -2.813600  1.552485 0.062641 0.013376
time 22
0  0.000006 0.000000 0.000000  -1.570800 -1.391899 -1.570792
1  -4.849906 3.337897 2.232070  -1.544956 -1.855077 -0.198630
2  6.027524 -0.000325 0.000192  -0.467589 -1.198224 -1.814692
3  11.692110 0.000644 -0.000740  -1.384570 -0.000003 -1.130035
4  11.480606 0.000699 -0.000252  1.508685 -0.946468 0.111269
5  3.859508 -0.142880 -1.192050  -0.507739 -0.034586 -1.573166
6  1.312590 0.000014 0.000008  -0.099219 -0.080836 -0.578266
7  0.729356 0.000054 0.000051  -0.083327 -0.106005 -0.262589
8  3.942142 0.046273 -0.431512  -0.423826 0.326055 -0.977403
9  1.539110 0.000085 0.000005  0.011526 -0.070624 -1.101829
10  1.196332 0.000144 0.000031  0.007038 -0.000117 -0.629733
11  3.883507 -0.047269 0.431382  -0.232037 0.533715 -0.537849
12  1.719574 -0.000027 0.000017  0.011709 -0.105542 -1.237432
13  1.209179 0.000090 0.000013  -0.006673 -0.001106 -0.502906
14  3.859663 -0.138475 1.332410  0.013813 0.511197 -0.350141
15  1.719447 -0.000012 0.000019  -0.022509 0.019639 -0.287088
16  1.099676 0.000050 0.000005  -0.286525 0.346051 -1.053593
17  0.770795 -0.901442 1.177686  -1.865794 -0.596008 -0.315192
18  1.789819 -0.000003 -0.000017  0.005558 0.090197 0.395774
19  1.207015 -0.000011 -0.000044  0.141886 -0.163086 0.233767
20  5.740637 0.000410 -0.000703  -0.071896 0.000003 0.000071
21  11.481127 0.000350 -0.000709  0.005478 -0.168159 0.004395
22  6.027524 -0.000329 0.000203  1.480327 -0.362004 1.577724
23  0.000002 11.692098 -0.000008  -0.803929 -0.286647 -0.654436
24  0.000004 0.000008 -0.000001  -0.515490 -0.000031 1.570739
25  -0.000000 -0.000011 -0.000002  0.868957 0.000002 1.570712
26  -6.617934 -9.178503 0.826812  1.473120 1.855075 -0.198639
27  6.027512 -0.000261 -0.000226  1.634746 0.881472 -0.653661
28  11.691991 0.000244 0.000856  0.141447 0.000056 -1.630665
29  11.479318 -0.000882 0.000958  -1.237795 0.283486 0.774122
30  3.859436 -0.132787 1.193062  0.466149 -0.051826 -1.783918
31  1.312558 0.000025 -0.000001  -0.013965 -0.041044 -0.156447
32  0.729345 0.000066 -0.000027  -0.128320 -0.117290 -0.954857
33  3.942045 0.050109 0.430997  0.211501 -0.107596 -1.469120
34  1.539097 0.000011 -0.000000  0.040712 -0.054386 -1.030469
35  1.196299 0.000076 -0.000004  -0.249391 -0.043040 -0.795120
36  3.883410 -0.050502 -0.431087  0.186407 -0.271796 -1.212184
37  1.719563 -0.000079 -0.000003  0.020974 -0.107650 -1.483528
38  1.209197 0.000035 0.000011  -0.324719 0.069674 -0.493483
39  3.859585 -0.149112 -1.331323  -0.094938 -0.084955 -0.411363
40  1.719411 -0.000100 -0.000035  -0.011248 0.001677 -0.960922
41  1.099673 0.000024 0.000007  -0.004984 -0.008084 -0.787926
42  0.805978 -0.359854 -1.318338  0.991669 0.166767 -0.799535
43  1.789780 -0.000010 -0.000042  0.000057 -0.002451 0.133097
44  1.206996 -0.000006 0.000005  0.000372 -0.000070 1.058782
45  5.740573 0.000054 0.000723  0.140572 -0.000014 0.000021
46  11.480807 -0.000141 0.000941  0.049600 0.055568 0.131667
47  6.027514 -0.000273 -0.000238  -0.985962 -0.388505 -1.704898
48  -0.000001 11.691973 -0.000006  -1.106355 0.549836 0.856940
49  0.000004 -0.000002 0.000000  2.413975 -0.000041 1.570856
50  -0.000006 -0.000016 0.000005  2.272644 -0.000030 1.570865
51  -4.035246 -5.666787 -5.835668  -0.139559 -2.972369 1.489243
52  0.000000 -0.000000 0.000000  0.008153 -0.000259 0.000009
53  -0.000001 0.000000 0.000000  1.565115 0.043565 -0.106862
54  -0.959922 -19.561504 -3.925509  -0.903685 0.124535 -1.791957
55  -0.000002 0.000001 0.000000  0.000000 -0.000000 -0.000002
56  0.000027 0.000030 0.000001  -1.571901 -0.044449 -0.106509
57  7.202790 -19.259499 -17.055128  1.570796 -0.000000 0.000000
58  -15.417985 4.000748 -22.641926  1.570796 -0.000000 0.000000
59  2.236387 -2.421983 -5.367696  1.570796 -0.000000 0.000000
60  -0.004311 0.001230 -0.000371  0.006898 -0.005534 -0.284229
61  0.826810 10.209643 -4.879054  1.570796 -0.000000 0.000000
62  0.000000 0.000000 0.000000  -0.078727 -3.136056 0.284226
63  0.000000 0.000000 0.000000  1.570796 -0.000000 0.000000
64  -2.511689 -12.650944 -1.615675  1.552639 0.062918 0.013305
65  -0.109379 -1.951951 -1.519204  -0.000000 -0.000000 -0.000000
66  -0.109379 0.057027 25.399248  -0.000000 -0.000000 -0.000000
67  -0.109379 -1.856731 0.287230  -0.000000 -0.000000 -0.000000
68  -0.104048 -4.495923 7.879278  -0.000000 -0.000000 -0.000000
69  -0.195264 4.332630 -6.347188  -0.000000 -0.000000 -0.000000
70  -1.290112 3.693283 8.579667  0.022713 -0.014049 -0.017451
71  -0.121470 -1.314581 7.402088  -0.000000 -0.000000 -0.000000
72  -1.107528 -1.063453 4.061648  -0.000000 -0.000000 -0.000000
73  0.003659 1.612363 10.733982  -0.000000 -0.000000 0.000518
74  -2.635504 -17.874863 -2.816165  1.552639 0.062918 0.013305
time 23
0  0.000006 0.000000 0.000000  -1.570800 -1.391899 -1.570792
1  -4.849906 3.337897 2.232070  -1.544956 -1.855077 -0.198630
2  6.027524 -0.000325 0.000192  -0.467874 -1.198120 -1.814280
3  11.692111 0.000644 -0.000739  -1.384570 -0.000003 -1.130144
4  11.480606 0.000699 -0.000250  1.508254 -0.946405 0.111408
5  3.859508 -0.142879 -1.192050  -0.507739 -0.034586 -1.573166
6  1.312589 0.000013 0.000007  -0.099219 -0.080836 -0.578266
7  0.729356 0.000053 0.000047  -0.083327 -0.106005 -0.262589
8  3.942144 0.046273 -0.431513  -0.423826 0.326055 -0.977403
9  1.539111 0.000084 0.000004  0.011526 -0.070624 -1.101829
10  1.196332 0.000143 0.000029  0.007038 -0.000117 -0.629733
11  3.883505 -0.047269 0.431381  -0.232037 0.533715 -0.537849
12  1.719575 -0.000026 0.000017  0.011709 -0.105542 -1.237432
13  1.209180 0.000092 0.000013  -0.006673 -0.001106 -0.502906
14  3.859663 -0.138475 1.332410  0.013813 0.511197 -0.350141
15  1.719449 -0.000012 0.000024  -0.022509 0.019639 -0.287088
16  1.099675 0.000048 0.000006  -0.286525 0.346051 -1.053593
17  0.770794 -0.901442 1.177686  -1.865794 -0.596008 -0.315192
18  1.789817 -0.000003 -0.000018  0.005558 0.090197 0.395774
19  1.207015 -0.000012 -0.000043  0.141886 -0.163086 0.233767
20  5.740636 0.000409 -0.000702  -0.071950 0.000003 0.000071
21  11.481129 0.000349 -0.000705  0.005412 -0.168152 0.004382
22  6.027524 -0.000329 0.000203  1.480407 -0.362130 1.577841
23  0.000002 11.692100 -0.000008  -0.803998 -0.286697 -0.654486
24  0.000004 0.000007 -0.000002  -0.515490 -0.000031 1.570739
25  -0.000000 -0.000011 -0.000002  0.868957 0.000002 1.570712
26  -6.617934 -9.178503 0.826812  1.473120 1.855075 -0.198639
27  6.027512 -0.000261 -0.000226  1.634657 0.881442 -0.653710
28  11.691992 0.000242 0.000855  0.141447 0.000056 -1.630742
29  11.479318 -0.000882 0.000959  -1.237972 0.283532 0.774291
30  3.859437 -0.132788 1.193062  0.466149 -0.051826 -1.783918
31  1.312558 0.000026 -0.000001  -0.013965 -0.041044 -0.156447
32  0.729344 0.000068 -0.000027  -0.128320 -0.117290 -0.954857
33  3.942046 0.050109 0.430997  0.211501 -0.107596 -1.469120
34  1.539097 0.000012 -0.000000  0.040712 -0.054386 -1.030469
35  1.196299 0.000076 -0.000004  -0.249391 -0.043040 -0.795120
36  3.883411 -0.050502 -0.431087  0.186407 -0.271796 -1.212184
37  1.719563 -0.000080 -0.000003  0.020974 -0.107650 -1.483528
38  1.209197 0.000035 0.000011  -0.324719 0.069674 -0.493483
39  3.859586 -0.149112 -1.331323  -0.094938 -0.084955 -0.411363
40  1.719412 -0.000099 -0.000035  -0.011248 0.001677 -0.960922
41  1.099673 0.000024 0.000006  -0.004984 -0.008084 -0.787926
42  0.805979 -0.359854 -1.318338  0.991670 0.166767 -0.799535
43  1.789780 -0.000009 -0.000042  0.000057 -0.002451 0.133097
44  1.206996 -0.000006 0.000006  0.000372 -0.000070 1.058782
45  5.740573 0.000054 0.000723  0.140547 -0.000014 0.000021
46  11.480808 -0.000141 0.000941  0.049560 0.055569 0.131705
47  6.027514 -0.000273 -0.000238  -0.985964 -0.388569 -1.704878
48  -0.000002 11.691974 -0.000005  -1.106401 0.549881 0.856966
49  0.000003 -0.000001 0.000000  2.413975 -0.000041 1.570856
50  -0.000007 -0.000016 0.000006  2.272644 -0.000030 1.570865
51  -4.034482 -5.666107 -5.836119  -0.139781 -2.972485 1.489202
52  -0.000000 0.000000 0.000000  0.008153 -0.000259 0.000009
53  0.000001 -0.000000 -0.000000  1.565115 0.043565 -0.106862
54  -0.959841 -19.561317 -3.928455  -0.903920 0.124619 -1.792064
55  -0.000004 0.000000 -0.000000  0.000000 -0.000000 -0.000002
56  0.000027 0.000029 0.000001  -1.571901 -0.044449 -0.106509
57  7.202790 -19.259499 -17.055128  1.570796 -0.000000 0.000000
58  -15.417985 4.000748 -22.641926  1.570796 -0.000000 0.000000
59  2.236387 -2.421983 -5.367696  1.570796 -0.000000 0.000000
60  -0.004311 0.001230 -0.000371  0.006898 -0.005534 -0.284229
61  0.826810 10.209643 -4.879054  1.570796 -0.000000 0.000000
62  0.000000 0.000000 0.000000  -0.078727 -3.136056 0.284226
63  0.000000 0.000000 0.000000  1.570796 -0.000000 0.000000
64  -2.510588 -12.650944 -1.617375  1.552775 0.063124 0.013236
65  -0.109379 -1.951951 -1.519206  -0.000000 0.000000 0.000000
66  -0.109379 0.057027 25.399252  -0.000000 0.000000 0.000000
67  -0.109378 -1.856732 0.287230  -0.000000 0.000000 0.000000
68  -0.104048 -4.495923 7.879276  -0.000000 0.000000 0.000000
69  -0.195264 4.332630 -6.347187  -0.000000 0.000000 0.000000
70  -1.290112 3.693283 8.579667  0.022713 -0.014049 -0.017451
71  -0.121470 -1.314581 7.402087  -0.000000 0.000000 0.000000
72  -1.107528 -1.063453 4.061648  -0.000000 0.000000 0.000000
73  0.003659 1.612363 10.733981  0.000000 0.000000 0.000561
74  -2.635060 -17.874691 -2.818537  1.552775 0.063124 0.013236
time 24
0  0.000006 0.000000 0.000000  -1.570800 -1.391899 -1.570792
1  -4.849906 3.337897 2.232070  -1.544956 -1.855077 -0.198630
2  6.027524 -0.000325 0.000192  -0.468142 -1.198029 -1.813907
3  11.692109 0.000644 -0.000739  -1.384570 -0.000003 -1.130244
4  11.480606 0.000699 -0.000252  1.507921 -0.946358 0.111546
5  3.859507 -0.142880 -1.192049  -0.507739 -0.034586 -1.573166
6  1.312590 0.000014 0.000009  -0.099219 -0.080836 -0.578266
7  0.729356 0.000054 0.000049  -0.083327 -0.106005 -0.262589
8  3.942142 0.046273 -0.431512  -0.423826 0.326055 -0.977403
9  1.539111 0.000085 0.000003  0.011526 -0.070624 -1.101829
10  1.196333 0.000145 0.000031  0.007038 -0.000117 -0.629733
11  3.883504 -0.047269 0.431382  -0.232037 0.533715 -0.537849
12  1.719573 -0.000027 0.000016  0.011709 -0.105542 -1.237432
13  1.209179 0.000094 0.000012  -0.006673 -0.001106 -0.502906
14  3.859661 -0.138475 1.332410  0.013813 0.511197 -0.350141
15  1.719449 -0.000012 0.000023  -0.022509 0.019639 -0.287088
16  1.099677 0.000050 0.000007  -0.286525 0.346051 -1.053593
17  0.770793 -0.901442 1.177686  -1.865794 -0.596008 -0.315192
18  1.789819 -0.000003 -0.000019  0.005558 0.090197 0.395774
19  1.207017 -0.000012 -0.000042  0.141886 -0.163086 0.233767
20  5.740637 0.000409 -0.000704  -0.071986 0.000003 0.000070
21  11.481128 0.000350 -0.000709  0.005364 -0.168145 0.004378
22  6.027524 -0.000329 0.000203  1.480484 -0.362243 1.577938
23  0.000001 11.692098 -0.000006  -0.804061 -0.286744 -0.654533
24  0.000005 0.000008 -0.000001  -0.515490 -0.000031 1.570739
25  -0.000001 -0.000011 0.000000  0.868957 0.000002 1.570712
26  -6.617934 -9.178503 0.826812  1.473120 1.855075 -0.198639
27  6.027512 -0.000261 -0.000226  1.634547 0.881418 -0.653770
28  11.691990 0.000242 0.000855  0.141447 0.000057 -1.630809
29  11.479319 -0.000882 0.000959  -1.238070 0.283606 0.774448
30  3.859436 -0.132788 1.193062  0.466149 -0.051826 -1.783918
31  1.312558 0.000025 -0.000000  -0.013965 -0.041043 -0.156447
32  0.729346 0.000065 -0.000027  -0.128320 -0.117290 -0.954857
33  3.942046 0.050109 0.430996  0.211501 -0.107596 -1.469120
34  1.539096 0.000010 -0.000001  0.040712 -0.054386 -1.030469
35  1.196300 0.000076 -0.000004  -0.249391 -0.043040 -0.795120
36  3.883411 -0.050502 -0.431087  0.186407 -0.271796 -1.212184
37  1.719563 -0.000078 -0.000003  0.020974 -0.107650 -1.483528
38  1.209198 0.000035 0.000012  -0.324719 0.069674 -0.493483
39  3.859586 -0.149112 -1.331323  -0.094938 -0.084955 -0.411363
40  1.719411 -0.000100 -0.000035  -0.011248 0.001677 -0.960922
41  1.099674 0.000026 0.000007  -0.004984 -0.008084 -0.787926
42  0.805979 -0.359854 -1.318338  0.991670 0.166767 -0.799535
43  1.789779 -0.000009 -0.000042  0.000057 -0.002451 0.133097
44  1.206997 -0.000006 0.000005  0.000373 -0.000070 1.058782
45  5.740572 0.000055 0.000724  0.140535 -0.000014 0.000021
46  11.480808 -0.000141 0.000942  0.049533 0.055580 0.131738
47  6.027514 -0.000273 -0.000238  -0.985979 -0.388642 -1.704848
48  -0.000001 11.691974 -0.000006  -1.106440 0.549920 0.856989
49  0.000004 0.000000 0.000000  2.413975 -0.000041 1.570856
50  -0.000007 -0.000015 0.000005  2.272644 -0.000030 1.570865
51  -4.033515 -5.665510 -5.836686  -0.139922 -2.972589 1.489151
52  0.000000 0.000000 -0.000000  0.008153 -0.000259 0.000009
53  -0.000000 -0.000000 0.000000  1.565115 0.043565 -0.106862
54  -0.959664 -19.561167 -3.931017  -0.904074 0.124702 -1.792158
55  0.000001 0.000000 0.000000  0.000000 -0.000000 -0.000002
56  0.000032 0.000029 0.000001  -1.571901 -0.044449 -0.106509
57  7.202790 -19.259499 -17.055128  1.570796 -0.000000 0.000000
58  -15.417985 4.000748 -22.641926  1.570796 -0.000000 0.000000
59  2.236387 -2.421983 -5.367696  1.570796 -0.000000 0.000000
60  -0.004311 0.001230 -0.000371  0.006898 -0.005534 -0.284229
61  0.826810 10.209643 -4.879054  1.570796 -0.000000 0.000000
62  0.000000 0.000000 0.000000  -0.078727 -3.136056 0.284226
63  0.000000 0.000000 0.000000  1.570796 -0.000000 0.000000
64  -2.509592 -12.650944 -1.618942  1.552892 0.063254 0.013168
65  -0.109379 -1.951951 -1.519206  -0.000000 -0.000000 0.000000
66  -0.109379 0.057027 25.399254  -0.000000 -0.000000 0.000000
67  -0.109379 -1.856732 0.287229  -0.000000 -0.000000 0.000000
68  -0.104047 -4.495923 7.879275  -0.000000 -0.000000 0.000000
69  -0.195263 4.332630 -6.347191  -0.000000 -0.000000 0.000000
70  -1.290112 3.693283 8.579665  0.022713 -0.014049 -0.017451
71  -0.121470 -1.314581 7.402087  -0.000000 -0.000000 0.000000
72  -1.107528 -1.063453 4.061648  -0.000000 -0.000000 0.000000
73  0.003659 1.612363 10.733981  -0.000000 -0.000000 0.000603
74  -2.634612 -17.874544 -2.820686  1.552892 0.063254 0.013168
time 25
0  0.000006 0.000000 0.000000  -1.570800 -1.391899 -1.570792
1  -4.849906 3.337897 2.232070  -1.544956 -1.855077 -0.198630
2  6.027524 -0.000325 0.000192  -0.468389 -1.197952 -1.813579
3  11.692110 0.000644 -0.000739  -1.384570 -0.000003 -1.130334
4  11.480603 0.000699 -0.000250  1.507695 -0.946325 0.111681
5  3.859506 -0.142879 -1.192050  -0.507739 -0.034586 -1.573166
6  1.312590 0.000012 0.000007  -0.099219 -0.080836 -0.578266
7  0.729355 0.000054 0.000047  -0.083327 -0.106005 -0.262589
8  3.942140 0.046272 -0.431512  -0.423826 0.326055 -0.977403
9  1.539111 0.000085 0.000006  0.011526 -0.070624 -1.101829
10  1.196331 0.000145 0.000028  0.007038 -0.000117 -0.629733
11  3.883502 -0.047269 0.431381  -0.232037 0.533715 -0.537849
12  1.719574 -0.000026 0.000014  0.011709 -0.105542 -1.237432
13  1.209178 0.000092 0.000013  -0.006673 -0.001106 -0.502906
14  3.859659 -0.138476 1.332410  0.013813 0.511197 -0.350141
15  1.719449 -0.000012 0.000022  -0.022509 0.019639 -0.287088
16  1.099676 0.000049 0.000008  -0.286525 0.346051 -1.053593
17  0.770792 -0.901442 1.177686  -1.865794 -0.596008 -0.315192
18  1.789819 -0.000003 -0.000019  0.005558 0.090197 0.395774
19  1.207017 -0.000012 -0.000044  0.141886 -0.163086 0.233768
20  5.740636 0.000410 -0.000703  -0.072000 0.000003 0.000070
21  11.481125 0.000350 -0.000708  0.005335 -0.168142 0.004383
22  6.027524 -0.000329 0.000203  1.480557 -0.362340 1.578010
23  0.000002 11.692098 -0.000008  -0.804118 -0.286786 -0.654575
24  0.000004 0.000009 0.000001  -0.515490 -0.000031 1.570739
25  -0.000001 -0.000011 -0.000001  0.868957 0.000002 1.570712
26  -6.617934 -9.178503 0.826812  1.473120 1.855075 -0.198639
27  6.027512 -0.000261 -0.000226  1.634414 0.881400 -0.653842
28  11.691991 0.000244 0.000855  0.141447 0.000057 -1.630865
29  11.479320 -0.000881 0.000960  -1.238083 0.283711 0.774590
30  3.859437 -0.132788 1.193062  0.466149 -0.051826 -1.783918
31  1.312558 0.000026 0.000001  -0.013965 -0.041044 -0.156447
32  0.729345 0.000067 -0.000028  -0.128320 -0.117290 -0.954857
33  3.942046 0.050109 0.430997  0.211501 -0.107596 -1.469120
34  1.539097 0.000011 -0.000000  0.040712 -0.054386 -1.030469
35  1.196298 0.000076 -0.000005  -0.249391 -0.043040 -0.795120
36  3.883412 -0.050502 -0.431087  0.186407 -0.271796 -1.212184
37  1.719564 -0.000078 -0.000003  0.020974 -0.107650 -1.483528
38  1.209199 0.000035 0.000011  -0.324719 0.069674 -0.493483
39  3.859586 -0.149112 -1.331323  -0.094938 -0.084955 -0.411363
40  1.719411 -0.000100 -0.000035  -0.011248 0.001677 -0.960922
41  1.099673 0.000025 0.000006  -0.004984 -0.008084 -0.787926
42  0.805979 -0.359854 -1.318338  0.991670 0.166767 -0.799535
43  1.789779 -0.000009 -0.000042  0.000057 -0.002451 0.133097
44  1.206996 -0.000006 0.000006  0.000373 -0.000070 1.058782
45  5.740574 0.000055 0.000724  0.140539 -0.000014 0.000021
46  11.480808 -0.000140 0.000942  0.049520 0.055602 0.131763
47  6.027514 -0.000273 -0.000238  -0.986008 -0.388724 -1.704806
48  -0.000003 11.691974 -0.000006  -1.106472 0.549951 0.857008
49  0.000004 -0.000002 -0.000000  2.413975 -0.000041 1.570856
50  -0.000007 -0.000015 0.000005  2.272644 -0.000030 1.570865
51  -4.032333 -5.665005 -5.837376  -0.139977 -2.972678 1.489089
52  -0.000001 0.000000 0.000000  0.008153 -0.000259 0.000009
53  0.000000 -0.000000 0.000000  1.565115 0.043565 -0.106862
54  -0.959383 -19.561062 -3.933152  -0.904140 0.124784 -1.792238
55  -0.000001 -0.000000 0.000000  0.000000 -0.000000 -0.000002
56  0.000030 0.000029 0.000001  -1.571902 -0.044449 -0.106509
57  7.202790 -19.259499 -17.055128  1.570796 -0.000000 0.000000
58  -15.417985 4.000748 -22.641926  1.570796 -0.000000 0.000000
59  2.236387 -2.421983 -5.367696  1.570796 -0.000000 0.000000
60  -0.004311 0.001230 -0.000371  0.006898 -0.005534 -0.284229
61  0.826810 10.209643 -4.879054  1.570796 -0.000000 0.000000
62  0.000000 0.000000 0.000000  -0.078727 -3.136056 0.284226
63  0.000000 0.000000 0.000000  1.570796 -0.000000 0.000000
64  -2.508713 -12.650944 -1.620358  1.552987 0.063299 0.013103
65  -0.109379 -1.951951 -1.519204  0.000000 0.000000 -0.000000
66  -0.109379 0.057027 25.399250  0.000000 0.000000 -0.000000
67  -0.109379 -1.856732 0.287230  0.000000 0.000000 -0.000000
68  -0.104048 -4.495923 7.879278  0.000000 0.000000 -0.000000
69  -0.195264 4.332630 -6.347186  0.000000 0.000000 -0.000000
70  -1.290112 3.693283 8.579670  0.022713 -0.014049 -0.017451
71  -0.121470 -1.314581 7.402088  0.000000 0.000000 -0.000000
72  -1.107529 -1.063453 4.061649  0.000000 0.000000 -0.000000
73  0.003659 1.612363 10.733983  0.000000 0.000000 0.000645
74  -2.634160 -17.874422 -2.822586  1.552987 0.063299 0.013103
time 26
0  0.000006 0.000000 0.000000  -1.570800 -1.391899 -1.570792
1  -4.849906 3.337897 2.232070  -1.544956 -1.855077 -0.198630
2  6.027524 -0.000325 0.000192  -0.468622 -1.197890 -1.813294
3  11.692110 0.000644 -0.000740  -1.384570 -0.000003 -1.130418
4  11.480606 0.000698 -0.000254  1.507607 -0.946317 0.111818
5  3.859505 -0.142880 -1.192049  -0.507739 -0.034586 -1.573166
6  1.312589 0.000011 0.000008  -0.099219 -0.080836 -0.578266
7  0.729355 0.000055 0.000052  -0.083327 -0.106005 -0.262589
8  3.942141 0.046273 -0.431512  -0.423826 0.326055 -0.977403
9  1.539111 0.000086 0.000007  0.011526 -0.070624 -1.101829
10  1.196332 0.000145 0.000030  0.007038 -0.000117 -0.629733
11  3.883502 -0.047269 0.431381  -0.232037 0.533715 -0.537849
12  1.719572 -0.000026 0.000016  0.011709 -0.105542 -1.237432
13  1.209180 0.000091 0.000014  -0.006673 -0.001107 -0.502906
14  3.859659 -0.138475 1.332409  0.013813 0.511197 -0.350141
15  1.719450 -0.000012 0.000021  -0.022509 0.019639 -0.287088
16  1.099676 0.000048 0.000005  -0.286525 0.346051 -1.053593
17  0.770789 -0.901442 1.177685  -1.865794 -0.596008 -0.315192
18  1.789819 -0.000003 -0.000017  0.005558 0.090197 0.395774
19  1.207017 -0.000012 -0.000044  0.141886 -0.163086 0.233767
20  5.740636 0.000411 -0.000703  -0.071989 0.000003 0.000071
21  11.481127 0.000350 -0.000708  0.005329 -0.168141 0.004400
22  6.027524 -0.000329 0.000203  1.480628 -0.362421 1.578052
23  0.000001 11.692099 -0.000007  -0.804171 -0.286825 -0.654614
24  0.000004 0.000009 0.000000  -0.515490 -0.000031 1.570739
25  -0.000001 -0.000011 -0.000002  0.868957 0.000002 1.570712
26  -6.617934 -9.178503 0.826812  1.473120 1.855075 -0.198639
27  6.027512 -0.000261 -0.000226  1.634249 0.881392 -0.653931
28  11.691992 0.000244 0.000856  0.141447 0.000056 -1.630906
29  11.479317 -0.000882 0.000958  -1.237982 0.283856 0.774720
30  3.859436 -0.132788 1.193062  0.466149 -0.051826 -1.783918
31  1.312558 0.000026 -0.000000  -0.013965 -0.041044 -0.156447
32  0.729345 0.000066 -0.000028  -0.128320 -0.117290 -0.954857
33  3.942046 0.050108 0.430997  0.211501 -0.107596 -1.469120
34  1.539097 0.000010 -0.000001  0.040712 -0.054386 -1.030469
35  1.196300 0.000076 -0.000004  -0.249391 -0.043040 -0.795120
36  3.883411 -0.050502 -0.431087  0.186407 -0.271796 -1.212184
37  1.719563 -0.000079 -0.000004  0.020974 -0.107650 -1.483528
38  1.209197 0.000036 0.000011  -0.324719 0.069674 -0.493483
39  3.859586 -0.149112 -1.331323  -0.094938 -0.084955 -0.411363
40  1.719411 -0.000100 -0.000035  -0.011248 0.001677 -0.960922
41  1.099674 0.000025 0.000006  -0.004984 -0.008084 -0.787926
42  0.805979 -0.359854 -1.318338  0.991670 0.166767 -0.799535
43  1.789780 -0.000009 -0.000043  0.000057 -0.002451 0.133097
44  1.206997 -0.000005 0.000006  0.000372 -0.000070 1.058782
45  5.740572 0.000054 0.000724  0.140565 -0.000014 0.000021
46  11.480807 -0.000141 0.000941  0.049525 0.055639 0.131780
47  6.027514 -0.000273 -0.000238  -0.986057 -0.388819 -1.704749
48  -0.000001 11.691972 -0.000007  -1.106497 0.549976 0.857022
49  0.000003 -0.000000 0.000000  2.413975 -0.000041 1.570856
50  -0.000007 -0.000017 0.000005  2.272644 -0.000030 1.570865
51  -4.030846 -5.664603 -5.838225  -0.139917 -2.972754 1.489013
52  -0.000000 0.000000 0.000001  0.008153 -0.000259 0.000009
53  -0.000000 -0.000001 -0.000000  1.565115 0.043565 -0.106862
54  -0.958944 -19.560997 -3.934789  -0.904091 0.124867 -1.792298
55  -0.000000 0.000000 0.000000  0.000000 -0.000000 -0.000002
56  0.000029 0.000029 0.000001  -1.571901 -0.044449 -0.106509
57  7.202790 -19.259499 -17.055128  1.570796 -0.000000 0.000000
58  -15.417985 4.000748 -22.641926  1.570796 -0.000000 0.000000
59  2.236387 -2.421983 -5.367696  1.570796 -0.000000 0.000000
60  -0.004311 0.001230 -0.000371  0.006898 -0.005534 -0.284229
61  0.826810 10.209643 -4.879054  1.570796 -0.000000 0.000000
62  0.000000 0.000000 0.000000  -0.078727 -3.136056 0.284226
63  0.000000 0.000000 0.000000  1.570796 -0.000000 0.000000
64  -2.507965 -12.650944 -1.621605  1.553057 0.063232 0.013041
65  -0.109378 -1.951951 -1.519205  -0.000000 -0.000000 -0.000000
66  -0.109379 0.057027 25.399254  -0.000000 -0.000000 -0.000000
67  -0.109378 -1.856732 0.287230  -0.000000 -0.000000 -0.000000
68  -0.104047 -4.495924 7.879274  -0.000000 -0.000000 -0.000000
69  -0.195264 4.332630 -6.347187  -0.000000 -0.000000 -0.000000
70  -1.290112 3.693283 8.579669  0.022713 -0.014049 -0.017451
71  -0.121470 -1.314581 7.402088  -0.000000 -0.000000 -0.000000
72  -1.107528 -1.063453 4.061649  -0.000000 -0.000000 -0.000000
73  0.003659 1.612363 10.733982  -0.000000 0.000000 0.000687
74  -2.633681 -17.874329 -2.824213  1.553057 0.063232 0.013041
time 27
0  0.000006 0.000000 0.000000  -1.570800 -1.391899 -1.570792
1  -4.849906 3.337897 2.232070  -1.544956 -1.855077 -0.198630
2  6.027524 -0.000325 0.000192  -0.468839 -1.197846 -1.813058
3  11.692111 0.000642 -0.000739  -1.384570 -0.000003 -1.130494
4  11.480603 0.000700 -0.000252  1.507672 -0.946336 0.111959
5  3.859507 -0.142880 -1.192049  -0.507739 -0.034586 -1.573166
6  1.312590 0.000016 0.000006  -0.099219 -0.080836 -0.578266
7  0.729355 0.000053 0.000048  -0.083327 -0.106005 -0.262589
8  3.942142 0.046273 -0.431512  -0.423826 0.326055 -0.977403
9  1.539111 0.000084 0.000007  0.011527 -0.070624 -1.101829
10  1.196332 0.000143 0.000029  0.007038 -0.000117 -0.629733
11  3.883503 -0.047270 0.431382  -0.232037 0.533715 -0.537849
12  1.719574 -0.000026 0.000016  0.011708 -0.105542 -1.237432
13  1.209179 0.000093 0.000013  -0.006673 -0.001106 -0.502906
14  3.859662 -0.138476 1.332410  0.013813 0.511197 -0.350141
15  1.719449 -0.000012 0.000023  -0.022509 0.019639 -0.287088
16  1.099676 0.000049 0.000007  -0.286525 0.346051 -1.053593
17  0.770792 -0.901443 1.177686  -1.865794 -0.596008 -0.315192
18  1.789816 -0.000004 -0.000019  0.005558 0.090197 0.395774
19  1.207017 -0.000012 -0.000043  0.141886 -0.163086 0.233768
20  5.740637 0.000410 -0.000703  -0.071947 0.000003 0.000071
21  11.481127 0.000350 -0.000708  0.005350 -0.168144 0.004432
22  6.027524 -0.000329 0.000203  1.480699 -0.362483 1.578061
23  0.000002 11.692100 -0.000006  -0.804219 -0.286860 -0.654650
24  0.000004 0.000009 -0.000001  -0.515490 -0.000031 1.570738
25  -0.000001 -0.000011 -0.000000  0.868957 0.000002 1.570712
26  -6.617934 -9.178503 0.826812  1.473120 1.855075 -0.198639
27  6.027512 -0.000261 -0.000226  1.634048 0.881394 -0.654039
28  11.691991 0.000244 0.000856  0.141447 0.000056 -1.630933
29  11.479315 -0.000881 0.000958  -1.237750 0.284047 0.774837
30  3.859436 -0.132787 1.193062  0.466149 -0.051826 -1.783918
31  1.312558 0.000025 0.000000  -0.013965 -0.041044 -0.156447
32  0.729345 0.000065 -0.000028  -0.128320 -0.117290 -0.954857
33  3.942046 0.050109 0.430998  0.211501 -0.107596 -1.469120
34  1.539097 0.000010 -0.000000  0.040712 -0.054386 -1.030469
35  1.196299 0.000077 -0.000004  -0.249391 -0.043040 -0.795120
36  3.883411 -0.050502 -0.431086  0.186407 -0.271796 -1.212184
37  1.719563 -0.000080 -0.000003  0.020974 -0.107650 -1.483528
38  1.209197 0.000036 0.000012  -0.324719 0.069674 -0.493483
39  3.859586 -0.149112 -1.331322  -0.094938 -0.084955 -0.411363
40  1.719412 -0.000100 -0.000034  -0.011248 0.001677 -0.960922
41  1.099673 0.000025 0.000007  -0.004984 -0.008084 -0.787926
42  0.805979 -0.359854 -1.318338  0.991670 0.166767 -0.799535
43  1.789779 -0.000009 -0.000042  0.000057 -0.002451 0.133097
44  1.206996 -0.000005 0.000006  0.000373 -0.000070 1.058781
45  5.740571 0.000056 0.000725  0.140615 -0.000014 0.000021
46  11.480806 -0.000140 0.000942  0.049552 0.055693 0.131787
47  6.027514 -0.000273 -0.000238  -0.986128 -0.388930 -1.704674
48  -0.000001 11.691973 -0.000006  -1.106513 0.549991 0.857031
49  0.000003 0.000000 -0.000001  2.413975 -0.000041 1.570856
50  -0.000007 -0.000016 0.000005  2.272644 -0.000030 1.570865
51  -4.029000 -5.664314 -5.839254  -0.139726 -2.972816 1.488919
52  0.000000 -0.000000 0.000000  0.008153 -0.000259 0.000009
53  0.000000 0.000000 0.000001  1.565115 0.043565 -0.106862
54  -0.958318 -19.560987 -3.935873  -0.903912 0.124955 -1.792337
55  -0.000001 -0.000000 0.000000  0.000000 -0.000000 -0.000002
56  0.000028 0.000029 0.000001  -1.571901 -0.044449 -0.106509
57  7.202790 -19.259499 -17.055128  1.570796 -0.000000 0.000000
58  -15.417985 4.000748 -22.641926  1.570796 -0.000000 0.000000
59  2.236387 -2.421983 -5.367696  1.570796 -0.000000 0.000000
60  -0.004311 0.001230 -0.000371  0.006898 -0.005534 -0.284229
61  0.826810 10.209643 -4.879054  1.570796 -0.000000 0.000000
62  0.000000 0.000000 0.000000  -0.078727 -3.136056 0.284226
63  0.000000 0.000000 0.000000  1.570796 -0.000000 0.000000
64  -2.507360 -12.650944 -1.622665  1.553101 0.063039 0.012982
65  -0.109379 -1.951952 -1.519205  0.000000 0.000000 0.000000
66  -0.109379 0.057027 25.399252  0.000000 0.000000 0.000000
67  -0.109379 -1.856732 0.287229  0.000000 0.000000 0.000000
68  -0.104047 -4.495924 7.879277  0.000000 0.000000 0.000000
69  -0.195264 4.332631 -6.347188  0.000000 0.000000 0.000000
70  -1.290111 3.693284 8.579668  0.022713 -0.014049 -0.017451
71  -0.121471 -1.314581 7.402087  0.000000 0.000000 0.000000
72  -1.107528 -1.063453 4.061646  0.000000 0.000000 0.000000
73  0.003659 1.612363 10.733983  0.000000 0.000000 0.000728
74  -2.633166 -17.874264 -2.825540  1.553101 0.063039 0.012982
time 28
0  0.000006 0.000000 0.000000  -1.570800 -1.391899 -1.570792
1  -4.849906 3.337897 2.232070  -1.544956 -1.855077 -0.198630
2  6.027524 -0.000325 0.000192  -0.469034 -1.197821 -1.812878
3  11.692111 0.000643 -0.000739  -1.384570 -0.000003 -1.130559
4  11.480602 0.000700 -0.000251  1.507888 -0.946380 0.112099
5  3.859508 -0.142880 -1.192049  -0.507739 -0.034586 -1.573166
6  1.312589 0.000012 0.000006  -0.099219 -0.080836 -0.578266
7  0.729354 0.000053 0.000047  -0.083327 -0.106005 -0.262589
8  3.942144 0.046273 -0.431511  -0.423827 0.326055 -0.977403
9  1.539112 0.000083 0.000004  0.011526 -0.070624 -1.101829
10  1.196331 0.000145 0.000028  0.007038 -0.000117 -0.629733
11  3.883504 -0.047269 0.431382  -0.232037 0.533715 -0.537849
12  1.719574 -0.000026 0.000015  0.011709 -0.105542 -1.237432
13  1.209180 0.000090 0.000014  -0.006673 -0.001106 -0.502906
14  3.859660 -0.138475 1.332410  0.013813 0.511197 -0.350141
15  1.719447 -0.000012 0.000025  -0.022509 0.019639 -0.287088
16  1.099675 0.000048 0.000006  -0.286525 0.346051 -1.053593
17  0.770793 -0.901442 1.177686  -1.865794 -0.596008 -0.315192
18  1.789819 -0.000003 -0.000018  0.005558 0.090197 0.395774
19  1.207015 -0.000012 -0.000044  0.141886 -0.163086 0.233767
20  5.740637 0.000411 -0.000702  -0.071877 0.000003 0.000070
21  11.481126 0.000350 -0.000707  0.005397 -0.168151 0.004476
22  6.027524 -0.000329 0.000203  1.480766 -0.362525 1.578036
23  0.000002 11.692098 -0.000008  -0.804260 -0.286890 -0.654680
24  0.000004 0.000008 -0.000000  -0.515490 -0.000031 1.570739
25  -0.000001 -0.000011 -0.000002  0.868957 0.000002 1.570712
26  -6.617934 -9.178503 0.826812  1.473120 1.855075 -0.198639
27  6.027512 -0.000261 -0.000226  1.633814 0.881406 -0.654163
28  11.691992 0.000243 0.000857  0.141447 0.000056 -1.630944
29  11.479319 -0.000882 0.000957  -1.237396 0.284280 0.774937
30  3.859437 -0.132787 1.193061  0.466149 -0.051826 -1.783918
31  1.312559 0.000025 -0.000001  -0.013965 -0.041044 -0.156447
32  0.729345 0.000064 -0.000028  -0.128320 -0.117290 -0.954857
33  3.942046 0.050109 0.430996  0.211501 -0.107596 -1.469120
34  1.539096 0.000010 -0.000000  0.040712 -0.054386 -1.030469
35  1.196299 0.000076 -0.000005  -0.249391 -0.043040 -0.795120
36  3.883412 -0.050502 -0.431087  0.186407 -0.271796 -1.212184
37  1.719563 -0.000078 -0.000003  0.020974 -0.107650 -1.483528
38  1.209197 0.000035 0.000011  -0.324719 0.069674 -0.493483
39  3.859585 -0.149112 -1.331324  -0.094938 -0.084955 -0.411363
40  1.719411 -0.000100 -0.000035  -0.011248 0.001677 -0.960922
41  1.099673 0.000026 0.000006  -0.004984 -0.008084 -0.787926
42  0.805979 -0.359854 -1.318339  0.991670 0.166767 -0.799535
43  1.789779 -0.000010 -0.000042  0.000057 -0.002451 0.133097
44  1.206996 -0.000007 0.000005  0.000372 -0.000070 1.058782
45  5.740572 0.000054 0.000724  0.140688 -0.000014 0.000021
46  11.480808 -0.000141 0.000941  0.049599 0.055763 0.131785
47  6.027514 -0.000273 -0.000238  -0.986219 -0.389053 -1.704584
48  -0.000000 11.691974 -0.000006  -1.106519 0.549998 0.857035
49  0.000003 0.000000 0.000000  2.413975 -0.000041 1.570856
50  -0.000006 -0.000016 0.000005  2.272644 -0.000030 1.570865
51  -4.026847 -5.664149 -5.840447  -0.139412 -2.972861 1.488811
52  -0.000000 0.000000 -0.000001  0.008153 -0.000259 0.000009
53  0.000000 0.000000 -0.000001  1.565115 0.043565 -0.106862
54  -0.957535 -19.561026 -3.936379  -0.903610 0.125043 -1.792355
55  -0.000000 -0.000000 0.000000  0.000000 -0.000000 -0.000002
56  0.000029 0.000029 0.000001  -1.571901 -0.044449 -0.106509
57  7.202790 -19.259499 -17.055128  1.570796 -0.000000 0.000000
58  -15.417985 4.000748 -22.641926  1.570796 -0.000000 0.000000
59  2.236387 -2.421983 -5.367696  1.570796 -0.000000 0.000000
60  -0.004311 0.001230 -0.000371  0.006898 -0.005534 -0.284229
61  0.826810 10.209643 -4.879054  1.570796 -0.000000 0.000000
62  0.000000 0.000000 0.000000  -0.078727 -3.136056 0.284226
63  0.000000 0.000000 0.000000  1.570796 -0.000000 0.000000
64  -2.506912 -12.650944 -1.623520  1.553116 0.062727 0.012927
65  -0.109379 -1.951952 -1.519205  0.000000 0.000000 0.000000
66  -0.109379 0.057027 25.399252  0.000000 0.000000 0.000000
67  -0.109379 -1.856732 0.287229  0.000000 0.000000 0.000000
68  -0.104047 -4.495924 7.879275  0.000000 0.000000 0.000000
69  -0.195264 4.332631 -6.347188  0.000000 0.000000 0.000000
70  -1.290112 3.693283 8.579668  0.022713 -0.014049 -0.017451
71  -0.121470 -1.314581 7.402088  0.000000 0.000000 0.000000
72  -1.107528 -1.063453 4.061648  0.000000 0.000000 0.000000
73  0.003659 1.612363 10.733983  0.000000 -0.000000 0.000768
74  -2.632634 -17.874233 -2.826536  1.553116 0.062727 0.012927
time 29
0  0.000006 0.000000 0.000000  -1.570800 -1.391899 -1.570792
1  -4.849906 3.337897 2.232070  -1.544956 -1.855077 -0.198630
2  6.027524 -0.000325 0.000192  -0.469198 -1.197815 -1.812761
3  11.692108 0.000645 -0.000739  -1.384570 -0.000003 -1.130610
4  11.480605 0.000699 -0.000252  1.508248 -0.946445 0.112235
5  3.859505 -0.142880 -1.192049  -0.507739 -0.034586 -1.573166
6  1.312591 0.000013 0.000007  -0.099219 -0.080836 -0.578266
7  0.729354 0.000055 0.000051  -0.083327 -0.106005 -0.262589
8  3.942141 0.046273 -0.431512  -0.423826 0.326055 -0.977403
9  1.539111 0.000083 0.000008  0.011527 -0.070624 -1.101829
10  1.196332 0.000144 0.000028  0.007038 -0.000117 -0.629733
11  3.883503 -0.047269 0.431381  -0.232037 0.533715 -0.537849
12  1.719572 -0.000027 0.000013  0.011709 -0.105542 -1.237432
13  1.209179 0.000093 0.000011  -0.006673 -0.001106 -0.502906
14  3.859661 -0.138475 1.332411  0.013813 0.511197 -0.350141
15  1.719448 -0.000011 0.000023  -0.022509 0.019639 -0.287088
16  1.099675 0.000048 0.000006  -0.286525 0.346051 -1.053593
17  0.770793 -0.901442 1.177686  -1.865794 -0.596008 -0.315192
18  1.789820 -0.000002 -0.000018  0.005558 0.090197 0.395774
19  1.207014 -0.000011 -0.000043  0.141886 -0.163086 0.233767
20  5.740639 0.000410 -0.000703  -0.071780 0.000003 0.000071
21  11.481128 0.000349 -0.000708  0.005469 -0.168159 0.004532
22  6.027524 -0.000329 0.000203  1.480826 -0.362545 1.577979
23  0.000002 11.692098 -0.000008  -0.804292 -0.286914 -0.654704
24  0.000004 0.000010 -0.000001  -0.515490 -0.000031 1.570739
25  -0.000001 -0.000011 -0.000002  0.868957 0.000002 1.570712
26  -6.617934 -9.178503 0.826812  1.473120 1.855075 -0.198639
27  6.027512 -0.000261 -0.000226  1.633553 0.881428 -0.654301
28  11.691990 0.000244 0.000855  0.141447 0.000056 -1.630939
29  11.479317 -0.000882 0.000960  -1.236931 0.284551 0.775017
30  3.859436 -0.132788 1.193063  0.466149 -0.051826 -1.783918
31  1.312559 0.000026 -0.000000  -0.013965 -0.041044 -0.156447
32  0.729345 0.000066 -0.000028  -0.128320 -0.117290 -0.954857
33  3.942045 0.050109 0.430997  0.211501 -0.107596 -1.469120
34  1.539097 0.000010 0.000001  0.040712 -0.054386 -1.030469
35  1.196298 0.000076 -0.000004  -0.249391 -0.043040 -0.795121
36  3.883411 -0.050502 -0.431086  0.186407 -0.271796 -1.212184
37  1.719564 -0.000080 -0.000003  0.020974 -0.107650 -1.483528
38  1.209198 0.000035 0.000011  -0.324719 0.069674 -0.493483
39  3.859585 -0.149112 -1.331323  -0.094938 -0.084955 -0.411363
40  1.719412 -0.000099 -0.000035  -0.011248 0.001677 -0.960922
41  1.099673 0.000026 0.000006  -0.004984 -0.008084 -0.787926
42  0.805978 -0.359854 -1.318337  0.991669 0.166767 -0.799535
43  1.789779 -0.000010 -0.000042  0.000057 -0.002451 0.133097
44  1.206997 -0.000005 0.000006  0.000372 -0.000070 1.058782
45  5.740571 0.000055 0.000726  0.140781 -0.000014 0.000021
46  11.480806 -0.000141 0.000943  0.049665 0.055846 0.131773
47  6.027514 -0.000273 -0.000238  -0.986328 -0.389186 -1.704479
48  -0.000004 11.691974 -0.000005  -1.106516 0.549995 0.857033
49  0.000003 0.000001 -0.000000  2.413975 -0.000041 1.570856
50  -0.000008 -0.000015 0.000006  2.272644 -0.000030 1.570865
51  -4.024435 -5.664110 -5.841785  -0.138984 -2.972887 1.488689
52  -0.000001 -0.000000 -0.000001  0.008153 -0.000259 0.000009
53  -0.000001 0.000000 0.000000  1.565115 0.043565 -0.106862
54  -0.956624 -19.561127 -3.936295  -0.903192 0.125127 -1.792353
55  -0.000001 -0.000000 0.000000  0.000000 -0.000000 -0.000002
56  0.000028 0.000028 0.000001  -1.571902 -0.044449 -0.106509
57  7.202790 -19.259499 -17.055128  1.570796 -0.000000 0.000000
58  -15.417985 4.000748 -22.641926  1.570796 -0.000000 0.000000
59  2.236387 -2.421983 -5.367696  1.570796 -0.000000 0.000000
60  -0.004311 0.001230 -0.000371  0.006898 -0.005534 -0.284229
61  0.826810 10.209643 -4.879054  1.570796 -0.000000 0.000000
62  0.000000 0.000000 0.000000  -0.078727 -3.136056 0.284226
63  0.000000 0.000000 0.000000  1.570796 -0.000000 0.000000
64  -2.506634 -12.650944 -1.624153  1.553102 0.062305 0.012876
65  -0.109379 -1.951951 -1.519204  -0.000000 -0.000000 -0.000000
66  -0.109379 0.057027 25.399254  -0.000000 -0.000000 -0.000000
67  -0.109378 -1.856732 0.287231  -0.000000 -0.000000 -0.000000
68  -0.104047 -4.495924 7.879277  -0.000000 -0.000000 -0.000000
69  -0.195264 4.332631 -6.347189  -0.000000 -0.000000 -0.000000
70  -1.290112 3.693283 8.579664  0.022713 -0.014049 -0.017451
71  -0.121470 -1.314581 7.402087  -0.000000 -0.000000 -0.000000
72  -1.107528 -1.063453 4.061647  -0.000000 -0.000000 -0.000000
73  0.003659 1.612363 10.733982  0.000000 -0.000000 0.000807
74  -2.632109 -17.874239 -2.827175  1.553102 0.062305 0.012876
time 30
0  0.000006 0.000000 0.000000  -1.570800 -1.391899 -1.570792
1  -4.849906 3.337897 2.232070  -1.544956 -1.855077 -0.198630
2  6.027524 -0.000325 0.000192  -0.469327 -1.197829 -1.812710
3  11.692111 0.000644 -0.000740  -1.384570 -0.000003 -1.130646
4  11.480601 0.000699 -0.000252  1.508742 -0.946531 0.112365
5  3.859508 -0.142880 -1.192049  -0.507739 -0.034586 -1.573166
6  1.312591 0.000012 0.000007  -0.099219 -0.080836 -0.578266
7  0.729355 0.000053 0.000049  -0.083327 -0.106005 -0.262589
8  3.942141 0.046273 -0.431512  -0.423826 0.326055 -0.977403
9  1.539112 0.000083 0.000004  0.011526 -0.070624 -1.101829
10  1.196333 0.000145 0.000028  0.007038 -0.000117 -0.629733
11  3.883503 -0.047269 0.431381  -0.232037 0.533715 -0.537849
12  1.719575 -0.000025 0.000014  0.011709 -0.105542 -1.237432
13  1.209180 0.000090 0.000014  -0.006673 -0.001106 -0.502906
14  3.859660 -0.138475 1.332410  0.013813 0.511197 -0.350141
15  1.719449 -0.000012 0.000021  -0.022509 0.019639 -0.287088
16  1.099676 0.000047 0.000007  -0.286525 0.346051 -1.053593
17  0.770792 -0.901442 1.177685  -1.865794 -0.596008 -0.315192
18  1.789819 -0.000003 -0.000017  0.005558 0.090197 0.395774
19  1.207019 -0.000011 -0.000044  0.141886 -0.163086 0.233767
20  5.740636 0.000410 -0.000702  -0.071658 0.000003 0.000071
21  11.481126 0.000350 -0.000706  0.005564 -0.168171 0.004599
22  6.027524 -0.000329 0.000203  1.480879 -0.362543 1.577891
23  0.000002 11.692098 -0.000007  -0.804315 -0.286931 -0.654721
24  0.000004 0.000009 -0.000002  -0.515490 -0.000030 1.570739
25  -0.000001 -0.000011 0.000000  0.868957 0.000002 1.570712
26  -6.617934 -9.178503 0.826812  1.473120 1.855075 -0.198639
27  6.027512 -0.000261 -0.000226  1.633270 0.881458 -0.654451
28  11.691992 0.000244 0.000855  0.141447 0.000056 -1.630919
29  11.479316 -0.000882 0.000959  -1.236362 0.284854 0.775077
30  3.859437 -0.132787 1.193062  0.466149 -0.051826 -1.783918
31  1.312558 0.000026 0.000000  -0.013965 -0.041044 -0.156447
32  0.729345 0.000065 -0.000028  -0.128320 -0.117290 -0.954857
33  3.942046 0.050109 0.430997  0.211501 -0.107596 -1.469120
34  1.539096 0.000011 -0.000000  0.040712 -0.054386 -1.030469
35  1.196300 0.000076 -0.000004  -0.249391 -0.043040 -0.795121
36  3.883412 -0.050501 -0.431087  0.186407 -0.271796 -1.212184
37  1.719563 -0.000078 -0.000003  0.020974 -0.107650 -1.483528
38  1.209198 0.000035 0.000011  -0.324719 0.069674 -0.493483
39  3.859585 -0.149111 -1.331323  -0.094938 -0.084955 -0.411363
40  1.719411 -0.000100 -0.000035  -0.011248 0.001677 -0.960922
41  1.099674 0.000025 0.000006  -0.004984 -0.008084 -0.787926
42  0.805979 -0.359854 -1.318338  0.991669 0.166767 -0.799535
43  1.789780 -0.000010 -0.000042  0.000057 -0.002451 0.133097
44  1.206996 -0.000006 0.000006  0.000372 -0.000070 1.058781
45  5.740571 0.000056 0.000724  0.140892 -0.000014 0.000021
46  11.480807 -0.000140 0.000941  0.049747 0.055942 0.131753
47  6.027514 -0.000273 -0.000238  -0.986453 -0.389327 -1.704363
48  -0.000001 11.691974 -0.000004  -1.106504 0.549983 0.857026
49  0.000004 -0.000001 -0.000000  2.413975 -0.000041 1.570856
50  -0.000006 -0.000016 0.000006  2.272644 -0.000030 1.570865
51  -4.021815 -5.664195 -5.843227  -0.138450 -2.972894 1.488555
52  0.000000 -0.000000 -0.000000  0.008153 -0.000259 0.000009
53  0.000000 0.000000 0.000000  1.565115 0.043565 -0.106862
54  -0.955618 -19.561275 -3.935623  -0.902668 0.125207 -1.792332
55  -0.000004 0.000000 -0.000000  0.000000 -0.000000 -0.000002
56  0.000027 0.000029 0.000001  -1.571901 -0.044449 -0.106509
57  7.202790 -19.259499 -17.055128  1.570796 -0.000000 0.000000
58  -15.417985 4.000748 -22.641926  1.570796 -0.000000 0.000000
59  2.236387 -2.421983 -5.367696  1.570796 -0.000000 0.000000
60  -0.004311 0.001230 -0.000371  0.006898 -0.005534 -0.284229
61  0.826810 10.209643 -4.879054  1.570796 -0.000000 0.000000
62  0.000000 0.000000 0.000000  -0.078727 -3.136056 0.284226
63  0.000000 0.000000 0.000000  1.570796 -0.000000 0.000000
64  -2.506538 -12.650944 -1.624546  1.553059 0.061779 0.012830
65  -0.109378 -1.951951 -1.519205  -0.000000 0.000000 0.000000
66  -0.109379 0.057027 25.399252  -0.000000 0.000000 0.000000
67  -0.109378 -1.856731 0.287230  -0.000000 0.000000 0.000000
68  -0.104047 -4.495923 7.879274  -0.000000 0.000000 0.000000
69  -0.195264 4.332630 -6.347189  -0.000000 0.000000 0.000000
70  -1.290112 3.693283 8.579667  0.022713 -0.014049 -0.017451
71  -0.121470 -1.314581 7.402088  -0.000000 0.000000 0.000000
72  -1.107528 -1.063453 4.061648  -0.000000 0.000000 0.000000
73  0.003659 1.612363 10.733981  0.000000 0.000000 0.000844
74  -2.631611 -17.874277 -2.827445  1.553059 0.061779 0.012830
time 31
0  0.000006 0.000000 0.000000  -1.570800 -1.391899 -1.570792
1  -4.849906 3.337897 2.232070  -1.544956 -1.855077 -0.198630
2  6.027524 -0.000325 0.000192  -0.469417 -1.197863 -1.812726
3  11.692110 0.000644 -0.000739  -1.384570 -0.000003 -1.130665
4  11.480603 0.000698 -0.000250  1.509362 -0.946636 0.112489
5  3.859509 -0.142880 -1.192049  -0.507739 -0.034586 -1.573166
6  1.312591 0.000013 0.000007  -0.099219 -0.080836 -0.578266
7  0.729356 0.000053 0.000049  -0.083327 -0.106005 -0.262589
8  3.942142 0.046272 -0.431512  -0.423826 0.326055 -0.977403
9  1.539110 0.000085 0.000003  0.011526 -0.070624 -1.101829
10  1.196333 0.000142 0.000028  0.007038 -0.000117 -0.629733
11  3.883505 -0.047269 0.431382  -0.232037 0.533715 -0.537849
12  1.719573 -0.000026 0.000013  0.011709 -0.105542 -1.237432
13  1.209179 0.000091 0.000011  -0.006673 -0.001106 -0.502906
14  3.859663 -0.138476 1.332411  0.013813 0.511197 -0.350141
15  1.719450 -0.000012 0.000023  -0.022509 0.019639 -0.287088
16  1.099677 0.000049 0.000007  -0.286525 0.346051 -1.053593
17  0.770793 -0.901442 1.177686  -1.865794 -0.596008 -0.315192
18  1.789823 -0.000002 -0.000018  0.005558 0.090197 0.395774
19  1.207020 -0.000012 -0.000044  0.141886 -0.163086 0.233767
20  5.740637 0.000410 -0.000703  -0.071513 0.000003 0.000071
21  11.481125 0.000350 -0.000708  0.005680 -0.168185 0.004677
22  6.027524 -0.000329 0.000203  1.480922 -0.362519 1.577775
23  0.000002 11.692099 -0.000008  -0.804327 -0.286940 -0.654730
24  0.000003 0.000009 -0.000001  -0.515490 -0.000030 1.570739
25  -0.000001 -0.000011 -0.000001  0.868957 0.000002 1.570712
26  -6.617934 -9.178503 0.826812  1.473120 1.855075 -0.198639
27  6.027512 -0.000261 -0.000226  1.632972 0.881499 -0.654608
28  11.691992 0.000244 0.000856  0.141447 0.000057 -1.630884
29  11.479318 -0.000881 0.000959  -1.235699 0.285184 0.775120
30  3.859437 -0.132787 1.193061  0.466149 -0.051826 -1.783918
31  1.312559 0.000026 -0.000000  -0.013965 -0.041044 -0.156447
32  0.729345 0.000066 -0.000028  -0.128320 -0.117290 -0.954857
33  3.942047 0.050109 0.430996  0.211501 -0.107596 -1.469120
34  1.539096 0.000011 -0.000000  0.040712 -0.054386 -1.030469
35  1.196300 0.000076 -0.000004  -0.249391 -0.043040 -0.795120
36  3.883412 -0.050502 -0.431087  0.186407 -0.271796 -1.212184
37  1.719564 -0.000081 -0.000004  0.020974 -0.107650 -1.483528
38  1.209196 0.000036 0.000012  -0.324719 0.069674 -0.493483
39  3.859586 -0.149112 -1.331324  -0.094938 -0.084955 -0.411363
40  1.719412 -0.000099 -0.000035  -0.011248 0.001677 -0.960922
41  1.099673 0.000023 0.000007  -0.004984 -0.008084 -0.787926
42  0.805978 -0.359854 -1.318338  0.991670 0.166767 -0.799535
43  1.789779 -0.000010 -0.000042  0.000057 -0.002451 0.133097
44  1.206996 -0.000006 0.000006  0.000372 -0.000070 1.058782
45  5.740573 0.000055 0.000725  0.141021 -0.000014 0.000021
46  11.480808 -0.000140 0.000942  0.049846 0.056049 0.131724
47  6.027514 -0.000273 -0.000238  -0.986593 -0.389471 -1.704237
48  -0.000002 11.691973 -0.000007  -1.106484 0.549963 0.857014
49  0.000004 -0.000000 0.000000  2.413975 -0.000041 1.570856
50  -0.000007 -0.000016 0.000005  2.272644 -0.000030 1.570865
51  -4.019022 -5.664395 -5.844728  -0.137818 -2.972884 1.488411
52  -0.000001 0.000000 0.000000  0.008153 -0.000259 0.000009
53  -0.000000 0.000000 -0.000000  1.565115 0.043565 -0.106862
54  -0.954533 -19.561480 -3.934374  -0.902044 0.125284 -1.792292
55  -0.000000 0.000000 -0.000000  0.000000 -0.000000 -0.000002
56  0.000031 0.000029 0.000001  -1.571901 -0.044449 -0.106509
57  7.202790 -19.259499 -17.055128  1.570796 -0.000000 0.000000
58  -15.417985 4.000748 -22.641926  1.570796 -0.000000 0.000000
59  2.236387 -2.421983 -5.367696  1.570796 -0.000000 0.000000
60  -0.004311 0.001230 -0.000371  0.006898 -0.005534 -0.284229
61  0.826810 10.209643 -4.879054  1.570796 -0.000000 0.000000
62  0.000000 0.000000 0.000000  -0.078727 -3.136056 0.284226
63  0.000000 0.000000 0.000000  1.570796 -0.000000 0.000000
64  -2.506625 -12.650944 -1.624681  1.552990 0.061160 0.012788
65  -0.109379 -1.951951 -1.519206  0.000000 -0.000000 0.000000
66  -0.109379 0.057027 25.399250  0.000000 -0.000000 0.000000
67  -0.109379 -1.856732 0.287228  0.000000 -0.000000 0.000000
68  -0.104048 -4.495923 7.879275  0.000000 -0.000000 0.000000
69  -0.195264 4.332630 -6.347187  0.000000 -0.000000 0.000000
70  -1.290112 3.693283 8.579665  0.022713 -0.014049 -0.017451
71  -0.121470 -1.314581 7.402087  0.000000 -0.000000 0.000000
72  -1.107529 -1.063453 4.061647  0.000000 -0.000000 0.000000
73  0.003659 1.612363 10.733982  0.000000 0.000000 0.000879
74  -2.631148 -17.874344 -2.827339  1.552990 0.061160 0.012788
time 32
0  0.000006 0.000000 0.000000  -1.570800 -1.391899 -1.570792
1  -4.849906 3.337897 2.232070  -1.544956 -1.855077 -0.198630
2  6.027524 -0.000325 0.000192  -0.469469 -1.197916 -1.812811
3  11.692110 0.000643 -0.000738  -1.384570 -0.000003 -1.130670
4  11.480602 0.000699 -0.000254  1.510098 -0.946763 0.112611
5  3.859506 -0.142880 -1.192050  -0.507739 -0.034586 -1.573166
6  1.312589 0.000011 0.000007  -0.099219 -0.080836 -0.578266
7  0.729355 0.000055 0.000049  -0.083327 -0.106005 -0.262589
8  3.942142 0.046273 -0.431512  -0.423826 0.326055 -0.977403
9  1.539112 0.000084 0.000007  0.011527 -0.070624 -1.101829
10  1.196332 0.000147 0.000028  0.007038 -0.000117 -0.629733
11  3.883502 -0.047269 0.431381  -0.232037 0.533715 -0.537849
12  1.719574 -0.000027 0.000012  0.011709 -0.105542 -1.237432
13  1.209179 0.000092 0.000013  -0.006673 -0.001106 -0.502906
14  3.859661 -0.138476 1.332409  0.013813 0.511197 -0.350141
15  1.719446 -0.000012 0.000023  -0.022509 0.019639 -0.287088
16  1.099676 0.000049 0.000004  -0.286525 0.346051 -1.053593
17  0.770792 -0.901442 1.177686  -1.865794 -0.596008 -0.315192
18  1.789821 -0.000003 -0.000020  0.005558 0.090197 0.395774
19  1.207018 -0.000012 -0.000043  0.141886 -0.163086 0.233767
20  5.740636 0.000410 -0.000703  -0.071348 0.000003 0.000071
21  11.481126 0.000350 -0.000708  0.005817 -0.168202 0.004763
22  6.027524 -0.000329 0.000203  1.480955 -0.362472 1.577630
23  0.000002 11.692101 -0.000006  -0.804330 -0.286942 -0.654732
24  0.000005 0.000008 -0.000002  -0.515490 -0.000031 1.570739
25  -0.000001 -0.000011 -0.000000  0.868957 0.000002 1.570712
26  -6.617934 -9.178503 0.826812  1.473120 1.855075 -0.198639
27  6.027512 -0.000261 -0.000226  1.632664 0.881552 -0.654770
28  11.691991 0.000242 0.000855  0.141447 0.000056 -1.630835
29  11.479316 -0.000882 0.000959  -1.234950 0.285536 0.775150
30  3.859436 -0.132788 1.193062  0.466149 -0.051826 -1.783918
31  1.312558 0.000025 -0.000001  -0.013965 -0.041043 -0.156447
32  0.729345 0.000065 -0.000027  -0.128320 -0.117290 -0.954857
33  3.942046 0.050109 0.430998  0.211501 -0.107596 -1.469120
34  1.539096 0.000010 0.000000  0.040712 -0.054386 -1.030469
35  1.196300 0.000076 -0.000004  -0.249391 -0.043040 -0.795121
36  3.883410 -0.050502 -0.431086  0.186407 -0.271796 -1.212184
37  1.719564 -0.000079 -0.000003  0.020974 -0.107650 -1.483528
38  1.209198 0.000036 0.000011  -0.324719 0.069674 -0.493483
39  3.859585 -0.149111 -1.331322  -0.094938 -0.084955 -0.411363
40  1.719413 -0.000099 -0.000035  -0.011248 0.001677 -0.960922
41  1.099674 0.000024 0.000006  -0.004984 -0.008084 -0.787926
42  0.805978 -0.359854 -1.318338  0.991669 0.166767 -0.799535
43  1.789779 -0.000009 -0.000042  0.000057 -0.002451 0.133097
44  1.206997 -0.000005 0.000005  0.000372 -0.000070 1.058782
45  5.740571 0.000056 0.000724  0.141168 -0.000014 0.000021
46  11.480807 -0.000139 0.000942  0.049959 0.056165 0.131688
47  6.027514 -0.000273 -0.000238  -0.986749 -0.389615 -1.704102
48  -0.000001 11.691973 -0.000006  -1.106455 0.549935 0.856998
49  0.000004 -0.000001 -0.000000  2.413975 -0.000041 1.570856
50  -0.000006 -0.000016 0.000005  2.272644 -0.000030 1.570865
51  -4.016077 -5.664702 -5.846216  -0.137096 -2.972859 1.488259
52  -0.000000 0.000000 -0.000000  0.008153 -0.000259 0.000009
53  -0.000001 0.000000 0.000001  1.565115 0.043565 -0.106862
54  -0.953368 -19.561720 -3.932532  -0.901331 0.125357 -1.792233
55  -0.000000 -0.000000 0.000000  0.000000 -0.000000 -0.000002
56  0.000029 0.000028 0.000001  -1.571901 -0.044449 -0.106509
57  7.202790 -19.259499 -17.055128  1.570796 -0.000000 0.000000
58  -15.417985 4.000748 -22.641926  1.570796 -0.000000 0.000000
59  2.236387 -2.421983 -5.367696  1.570796 -0.000000 0.000000
60  -0.004311 0.001230 -0.000371  0.006898 -0.005534 -0.284229
61  0.826810 10.209643 -4.879054  1.570796 -0.000000 0.000000
62  0.000000 0.000000 0.000000  -0.078727 -3.136056 0.284226
63  0.000000 0.000000 0.000000  1.570796 -0.000000 0.000000
64  -2.506879 -12.650944 -1.624516  1.552897 0.060455 0.012751
65  -0.109379 -1.951951 -1.519204  0.000000 0.000000 0.000000
66  -0.109379 0.057027 25.399252  0.000000 0.000000 0.000000
67  -0.109379 -1.856731 0.287230  0.000000 0.000000 0.000000
68  -0.104047 -4.495923 7.879278  0.000000 0.000000 0.000000
69  -0.195264 4.332630 -6.347186  0.000000 0.000000 0.000000
70  -1.290112 3.693283 8.579667  0.022713 -0.014049 -0.017451
71  -0.121470 -1.314581 7.402088  0.000000 0.000000 0.000000
72  -1.107528 -1.063453 4.061647  0.000000 0.000000 0.000000
73  0.003659 1.612363 10.733983  0.000000 -0.000000 0.000912
74  -2.630714 -17.874441 -2.826823  1.552897 0.060455 0.012751
time 33
0  0.000006 0.000000 0.000000  -1.570800 -1.391899 -1.570792
1  -4.849906 3.337897 2.232070  -1.544956 -1.855077 -0.198630
2  6.027524 -0.000325 0.000192  -0.469483 -1.197989 -1.812964
3  11.692110 0.000643 -0.000739  -1.384570 -0.000003 -1.130660
4  11.480602 0.000699 -0.000253  1.510938 -0.946910 0.112728
5  3.859508 -0.142880 -1.192049  -0.507739 -0.034586 -1.573166
6  1.312589 0.000015 0.000008  -0.099219 -0.080836 -0.578266
7  0.729353 0.000053 0.000050  -0.083327 -0.106005 -0.262589
8  3.942144 0.046273 -0.431512  -0.423826 0.326055 -0.977403
9  1.539112 0.000083 0.000005  0.011527 -0.070624 -1.101829
10  1.196332 0.000145 0.000028  0.007038 -0.000117 -0.629733
11  3.883505 -0.047269 0.431382  -0.232037 0.533715 -0.537849
12  1.719574 -0.000027 0.000015  0.011708 -0.105542 -1.237432
13  1.209179 0.000091 0.000013  -0.006673 -0.001107 -0.502906
14  3.859662 -0.138475 1.332410  0.013813 0.511197 -0.350141
15  1.719450 -0.000011 0.000024  -0.022509 0.019639 -0.287088
16  1.099676 0.000048 0.000006  -0.286525 0.346051 -1.053593
17  0.770795 -0.901442 1.177686  -1.865794 -0.596008 -0.315192
18  1.789818 -0.000003 -0.000018  0.005558 0.090197 0.395774
19  1.207016 -0.000012 -0.000043  0.141886 -0.163086 0.233767
20  5.740636 0.000410 -0.000703  -0.071164 0.000003 0.000071
21  11.481126 0.000350 -0.000707  0.005971 -0.168223 0.004859
22  6.027524 -0.000329 0.000203  1.480980 -0.362402 1.577456
23  0.000002 11.692099 -0.000007  -0.804324 -0.286937 -0.654727
24  0.000005 0.000010 -0.000001  -0.515490 -0.000031 1.570739
25  -0.000001 -0.000011 -0.000001  0.868957 0.000002 1.570712
26  -6.617934 -9.178503 0.826812  1.473120 1.855075 -0.198639
27  6.027512 -0.000261 -0.000226  1.632349 0.881618 -0.654934
28  11.691990 0.000242 0.000855  0.141447 0.000056 -1.630773
29  11.479317 -0.000880 0.000958  -1.234123 0.285905 0.775170
30  3.859436 -0.132788 1.193062  0.466149 -0.051826 -1.783918
31  1.312558 0.000025 -0.000001  -0.013965 -0.041044 -0.156447
32  0.729345 0.000065 -0.000027  -0.128320 -0.117290 -0.954857
33  3.942046 0.050109 0.430997  0.211501 -0.107596 -1.469120
34  1.539096 0.000010 0.000000  0.040712 -0.054386 -1.030469
35  1.196300 0.000075 -0.000004  -0.249391 -0.043040 -0.795120
36  3.883411 -0.050502 -0.431087  0.186407 -0.271796 -1.212184
37  1.719563 -0.000079 -0.000003  0.020974 -0.107650 -1.483528
38  1.209196 0.000036 0.000012  -0.324719 0.069674 -0.493483
39  3.859585 -0.149112 -1.331322  -0.094938 -0.084955 -0.411363
40  1.719410 -0.000100 -0.000035  -0.011248 0.001677 -0.960922
41  1.099673 0.000025 0.000006  -0.004984 -0.008084 -0.787926
42  0.805979 -0.359854 -1.318338  0.991669 0.166767 -0.799535
43  1.789779 -0.000010 -0.000042  0.000057 -0.002451 0.133097
44  1.206996 -0.000007 0.000006  0.000373 -0.000070 1.058781
45  5.740571 0.000056 0.000725  0.141330 -0.000014 0.000021
46  11.480806 -0.000140 0.000941  0.050086 0.056289 0.131647
47  6.027514 -0.000273 -0.000238  -0.986918 -0.389755 -1.703959
48  -0.000001 11.691973 -0.000005  -1.106419 0.549899 0.856977
49  0.000004 -0.000000 0.000000  2.413975 -0.000041 1.570856
50  -0.000006 -0.000016 0.000005  2.272644 -0.000030 1.570865
51  -4.013003 -5.665109 -5.847650  -0.136294 -2.972819 1.488101
52  -0.000000 0.000000 0.000000  0.008153 -0.000259 0.000009
53  -0.000000 -0.000000 0.000000  1.565115 0.043565 -0.106862
54  -0.952131 -19.561998 -3.930108  -0.900536 0.125427 -1.792158
55  0.000001 0.000000 0.000000  0.000000 -0.000000 -0.000002
56  0.000030 0.000029 0.000001  -1.571901 -0.044449 -0.106509
57  7.202790 -19.259499 -17.055128  1.570796 -0.000000 0.000000
58  -15.417985 4.000748 -22.641926  1.570796 -0.000000 0.000000
59  2.236387 -2.421983 -5.367696  1.570796 -0.000000 0.000000
60  -0.004311 0.001230 -0.000371  0.006898 -0.005534 -0.284229
61  0.826810 10.209643 -4.879054  1.570796 -0.000000 0.000000
62  0.000000 0.000000 0.000000  -0.078727 -3.136056 0.284226
63  0.000000 0.000000 0.000000  1.570796 -0.000000 0.000000
64  -2.507286 -12.650944 -1.624035  1.552782 0.059671 0.012720
65  -0.109379 -1.951951 -1.519205  0.000000 0.000000 -0.000000
66  -0.109379 0.057027 25.399252  0.000000 0.000000 -0.000000
67  -0.109378 -1.856732 0.287230  0.000000 0.000000 -0.000000
68  -0.104048 -4.495923 7.879277  0.000000 0.000000 -0.000000
69  -0.195264 4.332630 -6.347187  0.000000 0.000000 -0.000000
70  -1.290112 3.693283 8.579667  0.022713 -0.014049 -0.017451
71  -0.121470 -1.314581 7.402089  0.000000 0.000000 -0.000000
72  -1.107528 -1.063453 4.061647  0.000000 0.000000 -0.000000
73  0.003659 1.612363 10.733982  0.000000 0.000000 0.000942
74  -2.630303 -17.874565 -2.825892  1.552782 0.059671 0.012720
time 34
0  0.000006 0.000000 0.000000  -1.570800 -1.391899 -1.570792
1  -4.849906 3.337897 2.232070  -1.544956 -1.855077 -0.198630
2  6.027524 -0.000325 0.000192  -0.469461 -1.198080 -1.813178
3  11.692110 0.000643 -0.000739  -1.384570 -0.000003 -1.130636
4  11.480602 0.000699 -0.000255  1.511875 -0.947077 0.112843
5  3.859507 -0.142880 -1.192049  -0.507739 -0.034586 -1.573166
6  1.312590 0.000012 0.000009  -0.099219 -0.080836 -0.578266
7  0.729355 0.000053 0.000048  -0.083327 -0.106005 -0.262589
8  3.942143 0.046273 -0.431512  -0.423826 0.326055 -0.977403
9  1.539112 0.000083 0.000004  0.011526 -0.070624 -1.101829
10  1.196332 0.000144 0.000028  0.007038 -0.000117 -0.629733
11  3.883502 -0.047269 0.431381  -0.232037 0.533715 -0.537849
12  1.719575 -0.000026 0.000016  0.011709 -0.105542 -1.237432
13  1.209178 0.000091 0.000013  -0.006673 -0.001106 -0.502906
14  3.859660 -0.138476 1.332410  0.013813 0.511197 -0.350141
15  1.719448 -0.000011 0.000025  -0.022509 0.019639 -0.287088
16  1.099677 0.000048 0.000006  -0.286525 0.346051 -1.053593
17  0.770792 -0.901443 1.177686  -1.865794 -0.596008 -0.315192
18  1.789818 -0.000004 -0.000018  0.005558 0.090197 0.395774
19  1.207014 -0.000012 -0.000044  0.141886 -0.163086 0.233767
20  5.740636 0.000411 -0.000705  -0.070963 0.000003 0.000071
21  11.481125 0.000350 -0.000708  0.006141 -0.168245 0.004961
22  6.027524 -0.000329 0.000203  1.480995 -0.362312 1.577257
23  0.000001 11.692099 -0.000007  -0.804309 -0.286926 -0.654716
24  0.000004 0.000007 -0.000001  -0.515490 -0.000031 1.570739
25  -0.000001 -0.000011 -0.000001  0.868957 0.000002 1.570712
26  -6.617934 -9.178503 0.826812  1.473120 1.855075 -0.198639
27  6.027512 -0.000261 -0.000226  1.632031 0.881696 -0.655100
28  11.691990 0.000243 0.000855  0.141447 0.000056 -1.630699
29  11.479318 -0.000879 0.000959  -1.233227 0.286287 0.775180
30  3.859437 -0.132788 1.193062  0.466149 -0.051826 -1.783918
31  1.312558 0.000026 0.000000  -0.013965 -0.041043 -0.156447
32  0.729345 0.000067 -0.000028  -0.128320 -0.117290 -0.954857
33  3.942047 0.050109 0.430997  0.211501 -0.107596 -1.469120
34  1.539096 0.000011 0.000000  0.040712 -0.054386 -1.030469
35  1.196300 0.000076 -0.000004  -0.249391 -0.043040 -0.795121
36  3.883412 -0.050502 -0.431086  0.186407 -0.271796 -1.212184
37  1.719562 -0.000080 -0.000004  0.020974 -0.107650 -1.483528
38  1.209198 0.000035 0.000011  -0.324719 0.069674 -0.493483
39  3.859586 -0.149112 -1.331323  -0.094938 -0.084955 -0.411363
40  1.719412 -0.000099 -0.000035  -0.011248 0.001677 -0.960922
41  1.099673 0.000024 0.000007  -0.004984 -0.008084 -0.787926
42  0.805979 -0.359854 -1.318338  0.991670 0.166767 -0.799535
43  1.789779 -0.000010 -0.000042  0.000057 -0.002451 0.133097
44  1.206997 -0.000006 0.000005  0.000372 -0.000070 1.058782
45  5.740572 0.000056 0.000725  0.141506 -0.000014 0.000021
46  11.480808 -0.000139 0.000942  0.050225 0.056420 0.131600
47  6.027514 -0.000273 -0.000238  -0.987101 -0.389892 -1.703810
48  -0.000001 11.691973 -0.000005  -1.106376 0.549856 0.856952
49  0.000003 -0.000000 0.000000  2.413975 -0.000041 1.570856
50  -0.000006 -0.000015 0.000006  2.272644 -0.000030 1.570865
51  -4.009828 -5.665606 -5.849025  -0.135420 -2.972767 1.487937
52  0.000001 -0.000000 0.000000  0.008153 -0.000259 0.000009
53  0.000000 -0.000000 0.000000  1.565115 0.043565 -0.106862
54  -0.950827 -19.562309 -3.927150  -0.899668 0.125494 -1.792066
55  -0.000001 -0.000000 0.000000  0.000000 -0.000000 -0.000002
56  0.000030 0.000029 0.000001  -1.571901 -0.044449 -0.106509
57  7.202790 -19.259499 -17.055128  1.570796 -0.000000 0.000000
58  -15.417985 4.000748 -22.641926  1.570796 -0.000000 0.000000
59  2.236387 -2.421983 -5.367696  1.570796 -0.000000 0.000000
60  -0.004311 0.001230 -0.000371  0.006898 -0.005534 -0.284229
61  0.826810 10.209643 -4.879054  1.570796 -0.000000 0.000000
62  0.000000 0.000000 0.000000  -0.078727 -3.136056 0.284226
63  0.000000 0.000000 0.000000  1.570796 -0.000000 0.000000
64  -2.507836 -12.650944 -1.623262  1.552647 0.058818 0.012696
65  -0.109379 -1.951952 -1.519205  0.000000 -0.000000 -0.000000
66  -0.109379 0.057027 25.399252  0.000000 -0.000000 -0.000000
67  -0.109379 -1.856732 0.287229  0.000000 -0.000000 -0.000000
68  -0.104047 -4.495923 7.879277  0.000000 -0.000000 -0.000000
69  -0.195264 4.332630 -6.347190  0.000000 -0.000000 -0.000000
70  -1.290112 3.693283 8.579664  0.022713 -0.014049 -0.017451
71  -0.121470 -1.314581 7.402088  0.000000 -0.000000 -0.000000
72  -1.107528 -1.063453 4.061647  0.000000 -0.000000 -0.000000
73  0.003659 1.612363 10.733984  0.000000 -0.000000 0.000968
74  -2.629914 -17.874714 -2.824579  1.552647 0.058818 0.012696
time 35
0  0.000006 0.000000 0.000000  -1.570800 -1.391899 -1.570792
1  -4.849906 3.337897 2.232070  -1.544956 -1.855077 -0.198630
2  6.027524 -0.000325 0.000192  -0.469408 -1.198187 -1.813448
3  11.692110 0.000643 -0.000739  -1.384570 -0.000003 -1.130601
4  11.480604 0.000698 -0.000256  1.512898 -0.947262 0.112952
5  3.859506 -0.142880 -1.192050  -0.507739 -0.034586 -1.573166
6  1.312589 0.000015 0.000008  -0.099219 -0.080836 -0.578266
7  0.729356 0.000054 0.000049  -0.083327 -0.106005 -0.262589
8  3.942142 0.046273 -0.431512  -0.423826 0.326055 -0.977403
9  1.539112 0.000083 0.000007  0.011526 -0.070624 -1.101829
10  1.196331 0.000146 0.000030  0.007038 -0.000117 -0.629733
11  3.883501 -0.047270 0.431381  -0.232037 0.533715 -0.537849
12  1.719575 -0.000025 0.000014  0.011709 -0.105542 -1.237432
13  1.209179 0.000094 0.000013  -0.006673 -0.001106 -0.502906
14  3.859660 -0.138476 1.332410  0.013813 0.511197 -0.350141
15  1.719448 -0.000011 0.000025  -0.022509 0.019639 -0.287088
16  1.099676 0.000047 0.000005  -0.286525 0.346051 -1.053593
17  0.770792 -0.901443 1.177686  -1.865794 -0.596008 -0.315192
18  1.789820 -0.000003 -0.000019  0.005558 0.090197 0.395774
19  1.207014 -0.000012 -0.000044  0.141886 -0.163086 0.233768
20  5.740637 0.000411 -0.000704  -0.070748 0.000003 0.000071
21  11.481129 0.000349 -0.000709  0.006327 -0.168271 0.005071
22  6.027524 -0.000329 0.000203  1.481003 -0.362204 1.577034
23  0.000002 11.692097 -0.000007  -0.804286 -0.286910 -0.654700
24  0.000003 0.000009 -0.000001  -0.515490 -0.000031 1.570739
25  -0.000000 -0.000011 -0.000001  0.868957 0.000002 1.570712
26  -6.617934 -9.178503 0.826812  1.473120 1.855075 -0.198639
27  6.027512 -0.000261 -0.000226  1.631710 0.881785 -0.655267
28  11.691991 0.000244 0.000856  0.141447 0.000056 -1.630615
29  11.479320 -0.000882 0.000958  -1.232270 0.286678 0.775181
30  3.859436 -0.132787 1.193062  0.466149 -0.051826 -1.783918
31  1.312558 0.000024 -0.000000  -0.013965 -0.041044 -0.156447
32  0.729345 0.000064 -0.000028  -0.128320 -0.117290 -0.954857
33  3.942046 0.050109 0.430997  0.211501 -0.107596 -1.469120
34  1.539097 0.000009 0.000000  0.040712 -0.054386 -1.030469
35  1.196299 0.000075 -0.000004  -0.249391 -0.043040 -0.795120
36  3.883410 -0.050502 -0.431087  0.186407 -0.271796 -1.212184
37  1.719563 -0.000080 -0.000003  0.020974 -0.107650 -1.483528
38  1.209198 0.000036 0.000011  -0.324719 0.069674 -0.493483
39  3.859586 -0.149112 -1.331323  -0.094938 -0.084955 -0.411363
40  1.719411 -0.000100 -0.000034  -0.011248 0.001677 -0.960922
41  1.099673 0.000025 0.000007  -0.004984 -0.008084 -0.787926
42  0.805979 -0.359854 -1.318338  0.991669 0.166767 -0.799535
43  1.789779 -0.000010 -0.000042  0.000057 -0.002451 0.133097
44  1.206997 -0.000006 0.000005  0.000372 -0.000070 1.058781
45  5.740573 0.000055 0.000725  0.141696 -0.000014 0.000021
46  11.480808 -0.000141 0.000942  0.050375 0.056557 0.131549
47  6.027514 -0.000273 -0.000238  -0.987294 -0.390024 -1.703655
48  -0.000002 11.691974 -0.000005  -1.106326 0.549807 0.856923
49  0.000003 -0.000001 0.000000  2.413975 -0.000041 1.570856
50  -0.000007 -0.000016 0.000006  2.272644 -0.000030 1.570865
51  -4.006572 -5.666185 -5.850334  -0.134482 -2.972703 1.487770
52  -0.000001 -0.000000 -0.000000  0.008153 -0.000259 0.000009
53  0.000000 0.000000 0.000001  1.565115 0.043565 -0.106862
54  -0.949459 -19.562645 -3.923711  -0.898736 0.125559 -1.791958
55  0.000000 0.000000 0.000000  0.000000 -0.000000 -0.000002
56  0.000030 0.000029 0.000001  -1.571901 -0.044449 -0.106509
57  7.202790 -19.259499 -17.055128  1.570796 -0.000000 0.000000
58  -15.417985 4.000748 -22.641926  1.570796 -0.000000 0.000000
59  2.236387 -2.421983 -5.367696  1.570796 -0.000000 0.000000
60  -0.004311 0.001230 -0.000371  0.006898 -0.005534 -0.284229
61  0.826810 10.209643 -4.879054  1.570796 -0.000000 0.000000
62  0.000000 0.000000 0.000000  -0.078727 -3.136056 0.284226
63  0.000000 0.000000 0.000000  1.570796 -0.000000 0.000000
64  -2.508517 -12.650944 -1.622218  1.552495 0.057904 0.012678
65  -0.109379 -1.951951 -1.519206  0.000000 0.000000 0.000000
66  -0.109379 0.057027 25.399250  0.000000 0.000000 0.000000
67  -0.109379 -1.856732 0.287229  0.000000 0.000000 0.000000
68  -0.104048 -4.495924 7.879275  0.000000 0.000000 0.000000
69  -0.195264 4.332630 -6.347186  0.000000 0.000000 0.000000
70  -1.290112 3.693283 8.579670  0.022713 -0.014049 -0.017451
71  -0.121470 -1.314581 7.402087  0.000000 0.000000 0.000000
72  -1.107528 -1.063453 4.061648  0.000000 0.000000 0.000000
73  0.003659 1.612363 10.733982  0.000000 -0.000000 0.000992
74  -2.629540 -17.874880 -2.822914  1.552495 0.057904 0.012678
time 36
0  0.000006 0.000000 0.000000  -1.570800 -1.391899 -1.570792
1  -4.849906 3.337897 2.232070  -1.544956 -1.855077 -0.198630
2  6.027524 -0.000325 0.000192  -0.469325 -1.198308 -1.813768
3  11.692110 0.000643 -0.000739  -1.384570 -0.000003 -1.130555
4  11.480602 0.000699 -0.000253  1.513997 -0.947464 0.113056
5  3.859507 -0.142880 -1.192050  -0.507739 -0.034586 -1.573166
6  1.312589 0.000013 0.000006  -0.099219 -0.080836 -0.578266
7  0.729356 0.000054 0.000049  -0.083327 -0.106005 -0.262589
8  3.942140 0.046272 -0.431512  -0.423826 0.326055 -0.977403
9  1.539111 0.000083 0.000007  0.011526 -0.070624 -1.101829
10  1.196332 0.000145 0.000031  0.007038 -0.000117 -0.629733
11  3.883502 -0.047269 0.431381  -0.232037 0.533715 -0.537849
12  1.719574 -0.000028 0.000016  0.011709 -0.105542 -1.237432
13  1.209180 0.000090 0.000012  -0.006673 -0.001106 -0.502906
14  3.859662 -0.138476 1.332410  0.013813 0.511197 -0.350141
15  1.719448 -0.000012 0.000023  -0.022509 0.019639 -0.287088
16  1.099675 0.000045 0.000004  -0.286525 0.346051 -1.053593
17  0.770791 -0.901442 1.177686  -1.865794 -0.596008 -0.315192
18  1.789816 -0.000003 -0.000019  0.005558 0.090197 0.395774
19  1.207020 -0.000013 -0.000043  0.141886 -0.163086 0.233768
20  5.740637 0.000410 -0.000703  -0.070520 0.000003 0.000071
21  11.481127 0.000350 -0.000706  0.006525 -0.168299 0.005187
22  6.027524 -0.000329 0.000203  1.481004 -0.362079 1.576790
23  0.000003 11.692099 -0.000006  -0.804258 -0.286889 -0.654679
24  0.000004 0.000008 -0.000000  -0.515490 -0.000031 1.570739
25  0.000000 -0.000011 -0.000000  0.868957 0.000002 1.570712
26  -6.617934 -9.178503 0.826812  1.473120 1.855075 -0.198639
27  6.027512 -0.000261 -0.000226  1.631390 0.881885 -0.655432
28  11.691991 0.000244 0.000855  0.141447 0.000056 -1.630521
29  11.479319 -0.000881 0.000959  -1.231260 0.287076 0.775175
30  3.859436 -0.132787 1.193062  0.466149 -0.051826 -1.783918
31  1.312557 0.000025 -0.000000  -0.013965 -0.041043 -0.156447
32  0.729344 0.000066 -0.000027  -0.128320 -0.117290 -0.954857
33  3.942046 0.050109 0.430997  0.211501 -0.107596 -1.469120
34  1.539096 0.000008 -0.000000  0.040712 -0.054386 -1.030469
35  1.196300 0.000076 -0.000004  -0.249391 -0.043040 -0.795120
36  3.883411 -0.050502 -0.431087  0.186407 -0.271796 -1.212184
37  1.719563 -0.000080 -0.000004  0.020974 -0.107650 -1.483528
38  1.209198 0.000036 0.000012  -0.324719 0.069674 -0.493483
39  3.859586 -0.149112 -1.331323  -0.094938 -0.084955 -0.411363
40  1.719413 -0.000099 -0.000035  -0.011248 0.001677 -0.960922
41  1.099673 0.000025 0.000006  -0.004984 -0.008084 -0.787926
42  0.805979 -0.359854 -1.318338  0.991670 0.166767 -0.799535
43  1.789780 -0.000010 -0.000042  0.000057 -0.002451 0.133097
44  1.206996 -0.000006 0.000005  0.000372 -0.000070 1.058782
45  5.740571 0.000055 0.000723  0.141895 -0.000014 0.000021
46  11.480808 -0.000140 0.000941  0.050534 0.056698 0.131493
47  6.027514 -0.000273 -0.000238  -0.987497 -0.390150 -1.703497
48  -0.000002 11.691973 -0.000006  -1.106271 0.549753 0.856891
49  0.000003 0.000000 0.000000  2.413975 -0.000041 1.570856
50  -0.000007 -0.000016 0.000005  2.272644 -0.000030 1.570865
51  -4.003263 -5.666837 -5.851574  -0.133489 -2.972630 1.487602
52  0.000000 0.000001 0.000000  0.008153 -0.000259 0.000009
53  -0.000000 0.000000 0.000000  1.565115 0.043565 -0.106862
54  -0.948036 -19.563004 -3.919837  -0.897749 0.125620 -1.791836
55  0.000003 -0.000000 0.000000  0.000000 -0.000000 -0.000002
56  0.000032 0.000029 0.000001  -1.571901 -0.044449 -0.106509
57  7.202790 -19.259499 -17.055128  1.570796 -0.000000 0.000000
58  -15.417985 4.000748 -22.641926  1.570796 -0.000000 0.000000
59  2.236387 -2.421983 -5.367696  1.570796 -0.000000 0.000000
60  -0.004311 0.001230 -0.000371  0.006898 -0.005534 -0.284229
61  0.826810 10.209643 -4.879054  1.570796 -0.000000 0.000000
62  0.000000 0.000000 0.000000  -0.078727 -3.136056 0.284226
63  0.000000 0.000000 0.000000  1.570796 -0.000000 0.000000
64  -2.509316 -12.650944 -1.620927  1.552328 0.056936 0.012667
65  -0.109379 -1.951952 -1.519204  -0.000000 0.000000 -0.000000
66  -0.109379 0.057027 25.399254  -0.000000 0.000000 -0.000000
67  -0.109379 -1.856732 0.287230  -0.000000 0.000000 -0.000000
68  -0.104048 -4.495924 7.879277  -0.000000 0.000000 -0.000000
69  -0.195264 4.332631 -6.347187  -0.000000 0.000000 -0.000000
70  -1.290112 3.693284 8.579668  0.022713 -0.014049 -0.017451
71  -0.121470 -1.314581 7.402087  -0.000000 0.000000 -0.000000
72  -1.107528 -1.063453 4.061649  -0.000000 0.000000 -0.000000
73  0.003659 1.612363 10.733983  0.000000 0.000000 0.001011
74  -2.629182 -17.875067 -2.820931  1.552328 0.056936 0.012667
time 37
0  0.000006 0.000000 0.000000  -1.570800 -1.391899 -1.570792
1  -4.849906 3.337897 2.232070  -1.544956 -1.855077 -0.198630
2  6.027524 -0.000325 0.000192  -0.469220 -1.198441 -1.814130
3  11.692109 0.000643 -0.000738  -1.384570 -0.000003 -1.130502
4  11.480603 0.000699 -0.000251  1.515162 -0.947682 0.113155
5  3.859508 -0.142879 -1.192050  -0.507739 -0.034586 -1.573166
6  1.312589 0.000014 0.000008  -0.099219 -0.080836 -0.578266
7  0.729354 0.000056 0.000049  -0.083327 -0.106005 -0.262589
8  3.942142 0.046273 -0.431512  -0.423826 0.326055 -0.977403
9  1.539111 0.000083 0.000004  0.011526 -0.070624 -1.101829
10  1.196332 0.000148 0.000032  0.007038 -0.000117 -0.629733
11  3.883503 -0.047269 0.431381  -0.232037 0.533715 -0.537849
12  1.719573 -0.000026 0.000016  0.011709 -0.105542 -1.237432
13  1.209178 0.000093 0.000011  -0.006673 -0.001107 -0.502906
14  3.859662 -0.138476 1.332411  0.013813 0.511197 -0.350141
15  1.719449 -0.000011 0.000023  -0.022509 0.019639 -0.287088
16  1.099675 0.000047 0.000005  -0.286525 0.346051 -1.053593
17  0.770792 -0.901442 1.177685  -1.865794 -0.596008 -0.315192
18  1.789817 -0.000002 -0.000017  0.005558 0.090197 0.395774
19  1.207018 -0.000012 -0.000044  0.141886 -0.163086 0.233767
20  5.740636 0.000409 -0.000702  -0.070282 0.000003 0.000071
21  11.481125 0.000350 -0.000706  0.006734 -0.168330 0.005307
22  6.027524 -0.000329 0.000203  1.481000 -0.361940 1.576528
23  0.000001 11.692098 -0.000007  -0.804224 -0.286864 -0.654654
24  0.000003 0.000008 -0.000002  -0.515490 -0.000031 1.570739
25  -0.000001 -0.000011 -0.000001  0.868957 0.000002 1.570712
26  -6.617934 -9.178503 0.826812  1.473120 1.855075 -0.198639
27  6.027512 -0.000261 -0.000226  1.631072 0.881992 -0.655596
28  11.691992 0.000243 0.000856  0.141447 0.000056 -1.630418
29  11.479321 -0.000881 0.000958  -1.230205 0.287476 0.775160
30  3.859437 -0.132787 1.193062  0.466149 -0.051826 -1.783918
31  1.312559 0.000027 -0.000000  -0.013965 -0.041043 -0.156447
32  0.729344 0.000064 -0.000027  -0.128320 -0.117290 -0.954857
33  3.942046 0.050110 0.430997  0.211501 -0.107596 -1.469120
34  1.539096 0.000010 0.000000  0.040712 -0.054386 -1.030469
35  1.196300 0.000075 -0.000004  -0.249391 -0.043040 -0.795120
36  3.883411 -0.050501 -0.431087  0.186407 -0.271796 -1.212184
37  1.719564 -0.000080 -0.000004  0.020974 -0.107650 -1.483528
38  1.209197 0.000036 0.000011  -0.324719 0.069674 -0.493483
39  3.859585 -0.149111 -1.331323  -0.094938 -0.084955 -0.411363
40  1.719412 -0.000099 -0.000035  -0.011248 0.001677 -0.960922
41  1.099673 0.000023 0.000007  -0.004984 -0.008084 -0.787926
42  0.805979 -0.359854 -1.318338  0.991670 0.166767 -0.799535
43  1.789780 -0.000009 -0.000043  0.000057 -0.002451 0.133097
44  1.206996 -0.000007 0.000005  0.000372 -0.000070 1.058781
45  5.740572 0.000054 0.000723  0.142105 -0.000014 0.000021
46  11.480809 -0.000141 0.000941  0.050702 0.056843 0.131435
47  6.027514 -0.000273 -0.000238  -0.987707 -0.390272 -1.703336
48  -0.000001 11.691974 -0.000005  -1.106211 0.549694 0.856856
49  0.000003 -0.000001 0.000000  2.413975 -0.000041 1.570856
50  -0.000008 -0.000015 0.000006  2.272644 -0.000030 1.570865
51  -3.999923 -5.667557 -5.852739  -0.132448 -2.972547 1.487434
52  -0.000000 0.000000 0.000001  0.008153 -0.000259 0.000009
53  0.000000 0.000000 0.000000  1.565115 0.043565 -0.106862
54  -0.946561 -19.563375 -3.915577  -0.896714 0.125679 -1.791699
55  0.000001 0.000000 -0.000000  0.000000 -0.000000 -0.000002
56  0.000030 0.000029 0.000001  -1.571902 -0.044449 -0.106509
57  7.202790 -19.259499 -17.055128  1.570796 -0.000000 0.000000
58  -15.417985 4.000748 -22.641926  1.570796 -0.000000 0.000000
59  2.236387 -2.421983 -5.367696  1.570796 -0.000000 0.000000
60  -0.004311 0.001230 -0.000371  0.006898 -0.005534 -0.284229
61  0.826810 10.209643 -4.879054  1.570796 -0.000000 0.000000
62  0.000000 0.000000 0.000000  -0.078727 -3.136056 0.284226
63  0.000000 0.000000 0.000000  1.570796 -0.000000 0.000000
64  -2.510222 -12.650944 -1.619410  1.552148 0.055924 0.012664
65  -0.109379 -1.951951 -1.519207  0.000000 -0.000000 0.000000
66  -0.109379 0.057027 25.399250  0.000000 -0.000000 0.000000
67  -0.109379 -1.856731 0.287229  0.000000 -0.000000 0.000000
68  -0.104048 -4.495923 7.879274  0.000000 -0.000000 0.000000
69  -0.195264 4.332630 -6.347189  0.000000 -0.000000 0.000000
70  -1.290112 3.693283 8.579666  0.022713 -0.014049 -0.017451
71  -0.121470 -1.314581 7.402087  0.000000 -0.000000 0.000000
72  -1.107529 -1.063453 4.061646  0.000000 -0.000000 0.000000
73  0.003659 1.612363 10.733980  0.000000 0.000000 0.001027
74  -2.628833 -17.875265 -2.818661  1.552148 0.055924 0.012664
time 38
0  0.000006 0.000000 0.000000  -1.570800 -1.391899 -1.570792
1  -4.849906 3.337897 2.232070  -1.544956 -1.855077 -0.198630
2  6.027524 -0.000325 0.000192  -0.469092 -1.198586 -1.814531
3  11.692110 0.000643 -0.000740  -1.384570 -0.000003 -1.130441
4  11.480602 0.000699 -0.000251  1.516384 -0.947915 0.113247
5  3.859508 -0.142881 -1.192049  -0.507739 -0.034586 -1.573166
6  1.312590 0.000012 0.000006  -0.099219 -0.080836 -0.578266
7  0.729355 0.000055 0.000050  -0.083327 -0.106005 -0.262589
8  3.942140 0.046272 -0.431512  -0.423826 0.326055 -0.977403
9  1.539112 0.000085 0.000005  0.011526 -0.070624 -1.101829
10  1.196333 0.000145 0.000029  0.007038 -0.000117 -0.629733
11  3.883503 -0.047270 0.431381  -0.232037 0.533715 -0.537849
12  1.719573 -0.000026 0.000014  0.011708 -0.105542 -1.237432
13  1.209179 0.000090 0.000013  -0.006673 -0.001106 -0.502906
14  3.859663 -0.138476 1.332410  0.013813 0.511197 -0.350141
15  1.719448 -0.000010 0.000024  -0.022509 0.019639 -0.287088
16  1.099676 0.000051 0.000004  -0.286525 0.346051 -1.053593
17  0.770793 -0.901442 1.177686  -1.865794 -0.596008 -0.315192
18  1.789818 -0.000003 -0.000017  0.005558 0.090197 0.395774
19  1.207016 -0.000012 -0.000043  0.141886 -0.163086 0.233767
20  5.740637 0.000410 -0.000703  -0.070035 0.000003 0.000071
21  11.481125 0.000350 -0.000709  0.006954 -0.168362 0.005431
22  6.027524 -0.000329 0.000203  1.480990 -0.361789 1.576249
23  0.000002 11.692100 -0.000008  -0.804186 -0.286835 -0.654625
24  0.000003 0.000008 -0.000000  -0.515490 -0.000031 1.570739
25  -0.000000 -0.000011 -0.000001  0.868957 0.000002 1.570712
26  -6.617934 -9.178503 0.826812  1.473120 1.855075 -0.198639
27  6.027512 -0.000261 -0.000226  1.630759 0.882108 -0.655758
28  11.691991 0.000243 0.000856  0.141447 0.000056 -1.630309
29  11.479321 -0.000878 0.000960  -1.229115 0.287874 0.775139
30  3.859436 -0.132787 1.193061  0.466149 -0.051826 -1.783918
31  1.312558 0.000025 -0.000000  -0.013965 -0.041044 -0.156447
32  0.729344 0.000067 -0.000028  -0.128320 -0.117290 -0.954857
33  3.942046 0.050109 0.430997  0.211501 -0.107596 -1.469120
34  1.539097 0.000010 0.000000  0.040712 -0.054386 -1.030469
35  1.196300 0.000076 -0.000004  -0.249391 -0.043040 -0.795121
36  3.883411 -0.050501 -0.431088  0.186407 -0.271796 -1.212184
37  1.719564 -0.000080 -0.000003  0.020974 -0.107650 -1.483528
38  1.209198 0.000035 0.000011  -0.324719 0.069674 -0.493483
39  3.859586 -0.149111 -1.331324  -0.094938 -0.084955 -0.411363
40  1.719411 -0.000099 -0.000035  -0.011248 0.001677 -0.960922
41  1.099674 0.000024 0.000007  -0.004984 -0.008084 -0.787926
42  0.805979 -0.359854 -1.318339  0.991670 0.166767 -0.799535
43  1.789779 -0.000009 -0.000043  0.000057 -0.002451 0.133097
44  1.206996 -0.000006 0.000006  0.000373 -0.000070 1.058782
45  5.740573 0.000056 0.000724  0.142321 -0.000014 0.000021
46  11.480808 -0.000139 0.000942  0.050877 0.056989 0.131373
47  6.027514 -0.000273 -0.000238  -0.987923 -0.390387 -1.703173
48  -0.000003 11.691974 -0.000006  -1.106146 0.549631 0.856819
49  0.000004 -0.000001 -0.000000  2.413975 -0.000041 1.570856
50  -0.000008 -0.000015 0.000006  2.272644 -0.000030 1.570865
51  -3.996579 -5.668331 -5.853826  -0.131370 -2.972458 1.487269
52  -0.000000 0.000000 0.000000  0.008153 -0.000259 0.000009
53  -0.000000 0.000000 -0.000000  1.565115 0.043565 -0.106862
54  -0.945040 -19.563763 -3.910983  -0.895640 0.125737 -1.791549
55  0.000000 -0.000000 -0.000000  0.000000 -0.000000 -0.000002
56  0.000030 0.000029 0.000001  -1.571901 -0.044449 -0.106509
57  7.202790 -19.259499 -17.055128  1.570796 -0.000000 0.000000
58  -15.417985 4.000748 -22.641926  1.570796 -0.000000 0.000000
59  2.236387 -2.421983 -5.367696  1.570796 -0.000000 0.000000
60  -0.004311 0.001230 -0.000371  0.006898 -0.005534 -0.284229
61  0.826810 10.209643 -4.879054  1.570796 -0.000000 0.000000
62  0.000000 0.000000 0.000000  -0.078727 -3.136056 0.284226
63  0.000000 0.000000 0.000000  1.570796 -0.000000 0.000000
64  -2.511224 -12.650944 -1.617690  1.551956 0.054874 0.012669
65  -0.109379 -1.951951 -1.519204  0.000000 -0.000000 0.000000
66  -0.109379 0.057027 25.399252  0.000000 -0.000000 0.000000
67  -0.109379 -1.856732 0.287230  0.000000 -0.000000 0.000000
68  -0.104047 -4.495922 7.879279  0.000000 -0.000000 0.000000
69  -0.195264 4.332629 -6.347186  0.000000 -0.000000 0.000000
70  -1.290112 3.693283 8.579668  0.022713 -0.014049 -0.017451
71  -0.121470 -1.314581 7.402087  0.000000 -0.000000 0.000000
72  -1.107529 -1.063453 4.061649  0.000000 -0.000000 0.000000
73  0.003659 1.612363 10.733982  0.000000 -0.000000 0.001038
74  -2.628491 -17.875483 -2.816136  1.551956 0.054874 0.012669
time 39
0  0.000006 0.000000 0.000000  -1.570800 -1.391899 -1.570792
1  -4.849906 3.337897 2.232070  -1.544956 -1.855077 -0.198630
2  6.027524 -0.000325 0.000192  -0.468951 -1.198739 -1.814960
3  11.692112 0.000643 -0.000739  -1.384570 -0.000003 -1.130377
4  11.480603 0.000699 -0.000251  1.517653 -0.948164 0.113330
5  3.859510 -0.142880 -1.192049  -0.507739 -0.034586 -1.573166
6  1.312590 0.000013 0.000010  -0.099219 -0.080836 -0.578266
7  0.729355 0.000054 0.000050  -0.083327 -0.106005 -0.262589
8  3.942142 0.046273 -0.431512  -0.423826 0.326055 -0.977403
9  1.539112 0.000085 0.000005  0.011526 -0.070624 -1.101829
10  1.196331 0.000147 0.000029  0.007038 -0.000117 -0.629733
11  3.883504 -0.047269 0.431381  -0.232037 0.533715 -0.537849
12  1.719574 -0.000027 0.000017  0.011709 -0.105542 -1.237432
13  1.209180 0.000091 0.000011  -0.006673 -0.001106 -0.502906
14  3.859664 -0.138475 1.332410  0.013813 0.511197 -0.350141
15  1.719450 -0.000010 0.000021  -0.022509 0.019639 -0.287088
16  1.099676 0.000048 0.000008  -0.286525 0.346051 -1.053593
17  0.770795 -0.901442 1.177686  -1.865794 -0.596007 -0.315192
18  1.789821 -0.000003 -0.000019  0.005558 0.090197 0.395774
19  1.207018 -0.000011 -0.000045  0.141886 -0.163086 0.233768
20  5.740638 0.000411 -0.000704  -0.069782 0.000003 0.000071
21  11.481126 0.000350 -0.000708  0.007180 -0.168397 0.005558
22  6.027524 -0.000329 0.000203  1.480977 -0.361627 1.575956
23  0.000004 11.692100 -0.000007  -0.804145 -0.286806 -0.654595
24  0.000003 0.000008 -0.000002  -0.515490 -0.000030 1.570739
25  0.000000 -0.000011 -0.000002  0.868957 0.000002 1.570712
26  -6.617934 -9.178503 0.826812  1.473120 1.855075 -0.198639
27  6.027512 -0.000261 -0.000226  1.630453 0.882229 -0.655915
28  11.691992 0.000244 0.000856  0.141447 0.000056 -1.630192
29  11.479324 -0.000879 0.000958  -1.227997 0.288266 0.775109
30  3.859436 -0.132787 1.193062  0.466149 -0.051826 -1.783918
31  1.312559 0.000025 0.000001  -0.013965 -0.041044 -0.156447
32  0.729345 0.000066 -0.000028  -0.128320 -0.117290 -0.954857
33  3.942045 0.050110 0.430997  0.211501 -0.107596 -1.469120
34  1.539096 0.000009 -0.000000  0.040712 -0.054386 -1.030469
35  1.196300 0.000076 -0.000004  -0.249391 -0.043040 -0.795120
36  3.883411 -0.050502 -0.431087  0.186407 -0.271796 -1.212184
37  1.719563 -0.000079 -0.000003  0.020974 -0.107650 -1.483528
38  1.209198 0.000035 0.000011  -0.324719 0.069674 -0.493483
39  3.859585 -0.149112 -1.331323  -0.094938 -0.084955 -0.411363
40  1.719412 -0.000099 -0.000034  -0.011248 0.001677 -0.960922
41  1.099673 0.000026 0.000007  -0.004984 -0.008084 -0.787926
42  0.805978 -0.359854 -1.318338  0.991669 0.166767 -0.799535
43  1.789779 -0.000010 -0.000042  0.000057 -0.002451 0.133097
44  1.206995 -0.000006 0.000006  0.000372 -0.000071 1.058782
45  5.740573 0.000055 0.000723  0.142544 -0.000014 0.000021
46  11.480810 -0.000140 0.000941  0.051057 0.057136 0.131309
47  6.027514 -0.000273 -0.000238  -0.988142 -0.390494 -1.703011
48  -0.000001 11.691972 -0.000005  -1.106078 0.549564 0.856780
49  0.000004 0.000000 -0.000001  2.413975 -0.000041 1.570856
50  -0.000006 -0.000017 0.000006  2.272644 -0.000030 1.570865
51  -3.993270 -5.669160 -5.854828  -0.130262 -2.972363 1.487109
52  0.000000 -0.000000 0.000000  0.008153 -0.000259 0.000009
53  -0.000000 0.000000 -0.000000  1.565115 0.043565 -0.106862
54  -0.943463 -19.564144 -3.906103  -0.894536 0.125792 -1.791384
55  -0.000001 0.000000 -0.000001  0.000000 -0.000000 -0.000002
56  0.000029 0.000030 0.000000  -1.571902 -0.044449 -0.106509
57  7.202790 -19.259499 -17.055128  1.570796 -0.000000 0.000000
58  -15.417985 4.000748 -22.641926  1.570796 -0.000000 0.000000
59  2.236387 -2.421983 -5.367696  1.570796 -0.000000 0.000000
60  -0.004311 0.001230 -0.000371  0.006898 -0.005534 -0.284229
61  0.826810 10.209643 -4.879054  1.570796 -0.000000 0.000000
62  0.000000 0.000000 0.000000  -0.078727 -3.136056 0.284226
63  0.000000 0.000000 0.000000  1.570796 -0.000000 0.000000
64  -2.512308 -12.650944 -1.615790  1.551756 0.053796 0.012685
65  -0.109379 -1.951951 -1.519204  -0.000000 -0.000000 -0.000000
66  -0.109379 0.057027 25.399252  -0.000000 -0.000000 -0.000000
67  -0.109379 -1.856732 0.287230  -0.000000 -0.000000 -0.000000
68  -0.104048 -4.495923 7.879279  -0.000000 -0.000000 -0.000000
69  -0.195264 4.332630 -6.347188  -0.000000 -0.000000 -0.000000
70  -1.290112 3.693283 8.579665  0.022713 -0.014049 -0.017451
71  -0.121470 -1.314581 7.402088  -0.000000 -0.000000 -0.000000
72  -1.107529 -1.063453 4.061648  -0.000000 -0.000000 -0.000000
73  0.003659 1.612363 10.733981  0.000000 0.000000 0.001045
74  -2.628142 -17.875708 -2.813390  1.551756 0.053796 0.012685
time 40
0  0.000006 0.000000 0.000000  -1.570800 -1.391899 -1.570792
1  -4.849906 3.337897 2.232070  -1.544956 -1.855077 -0.198630
2  6.027524 -0.000325 0.000192  -0.468801 -1.198900 -1.815410
3  11.692112 0.000645 -0.000740  -1.384570 -0.000003 -1.130312
4  11.480605 0.000699 -0.000254  1.518962 -0.948428 0.113402
5  3.859510 -0.142880 -1.192049  -0.507739 -0.034586 -1.573166
6  1.312589 0.000012 0.000007  -0.099219 -0.080836 -0.578266
7  0.729354 0.000054 0.000050  -0.083327 -0.106005 -0.262589
8  3.942145 0.046273 -0.431511  -0.423826 0.326055 -0.977403
9  1.539112 0.000084 0.000003  0.011526 -0.070624 -1.101829
10  1.196335 0.000144 0.000027  0.007038 -0.000117 -0.629733
11  3.883504 -0.047269 0.431381  -0.232037 0.533715 -0.537849
12  1.719574 -0.000026 0.000015  0.011709 -0.105542 -1.237432
13  1.209180 0.000093 0.000014  -0.006673 -0.001106 -0.502906
14  3.859662 -0.138475 1.332409  0.013813 0.511197 -0.350141
15  1.719447 -0.000011 0.000022  -0.022509 0.019639 -0.287088
16  1.099674 0.000049 0.000007  -0.286525 0.346051 -1.053593
17  0.770796 -0.901442 1.177686  -1.865794 -0.596007 -0.315192
18  1.789816 -0.000003 -0.000019  0.005558 0.090197 0.395774
19  1.207018 -0.000012 -0.000042  0.141886 -0.163086 0.233767
20  5.740636 0.000411 -0.000705  -0.069524 0.000003 0.000071
21  11.481128 0.000350 -0.000709  0.007414 -0.168435 0.005686
22  6.027524 -0.000329 0.000203  1.480963 -0.361458 1.575651
23  0.000002 11.692100 -0.000006  -0.804104 -0.286775 -0.654565
24  0.000003 0.000008 -0.000001  -0.515490 -0.000030 1.570739
25  -0.000001 -0.000011 -0.000000  0.868957 0.000002 1.570712
26  -6.617934 -9.178503 0.826812  1.473120 1.855075 -0.198639
27  6.027512 -0.000261 -0.000226  1.630158 0.882355 -0.656066
28  11.691991 0.000244 0.000855  0.141447 0.000056 -1.630071
29  11.479323 -0.000879 0.000959  -1.226860 0.288644 0.775071
30  3.859435 -0.132787 1.193062  0.466149 -0.051826 -1.783918
31  1.312558 0.000024 -0.000000  -0.013965 -0.041044 -0.156447
32  0.729345 0.000066 -0.000028  -0.128320 -0.117290 -0.954857
33  3.942045 0.050109 0.430997  0.211501 -0.107596 -1.469120
34  1.539097 0.000009 0.000000  0.040712 -0.054386 -1.030469
35  1.196301 0.000076 -0.000004  -0.249391 -0.043040 -0.795121
36  3.883411 -0.050502 -0.431087  0.186407 -0.271796 -1.212184
37  1.719563 -0.000078 -0.000003  0.020974 -0.107650 -1.483528
38  1.209197 0.000036 0.000011  -0.324719 0.069674 -0.493483
39  3.859584 -0.149112 -1.331323  -0.094938 -0.084955 -0.411363
40  1.719412 -0.000099 -0.000034  -0.011248 0.001677 -0.960922
41  1.099673 0.000025 0.000006  -0.004984 -0.008084 -0.787926
42  0.805978 -0.359854 -1.318338  0.991670 0.166767 -0.799535
43  1.789779 -0.000010 -0.000042  0.000058 -0.002451 0.133097
44  1.206997 -0.000006 0.000005  0.000372 -0.000070 1.058782
45  5.740572 0.000055 0.000724  0.142770 -0.000014 0.000021
46  11.480808 -0.000140 0.000941  0.051243 0.057281 0.131243
47  6.027514 -0.000273 -0.000238  -0.988361 -0.390594 -1.702851
48  -0.000001 11.691974 -0.000006  -1.106007 0.549493 0.856738
49  0.000004 0.000000 -0.000001  2.413975 -0.000041 1.570856
50  -0.000007 -0.000015 0.000005  2.272644 -0.000030 1.570865
51  -3.990029 -5.670033 -5.855742  -0.129132 -2.972263 1.486958
52  0.000000 0.000000 0.000000  0.008153 -0.000259 0.000009
53  -0.000000 -0.000000 0.000000  1.565115 0.043565 -0.106862
54  -0.941826 -19.564522 -3.900986  -0.893410 0.125845 -1.791203
55  -0.000000 -0.000001 0.000000  0.000000 -0.000000 -0.000002
56  0.000031 0.000028 0.000001  -1.571902 -0.044449 -0.106509
57  7.202790 -19.259499 -17.055128  1.570796 -0.000000 0.000000
58  -15.417985 4.000748 -22.641926  1.570796 -0.000000 0.000000
59  2.236387 -2.421983 -5.367696  1.570796 -0.000000 0.000000
60  -0.004311 0.001230 -0.000371  0.006898 -0.005534 -0.284229
61  0.826810 10.209643 -4.879054  1.570796 -0.000000 0.000000
62  0.000000 0.000000 0.000000  -0.078727 -3.136056 0.284226
63  0.000000 0.000000 0.000000  1.570796 -0.000000 0.000000
64  -2.513463 -12.650944 -1.613732  1.551550 0.052697 0.012713
65  -0.109379 -1.951951 -1.519205  0.000000 0.000000 -0.000000
66  -0.109379 0.057027 25.399254  0.000000 0.000000 -0.000000
67  -0.109379 -1.856732 0.287231  0.000000 0.000000 -0.000000
68  -0.104048 -4.495923 7.879279  0.000000 0.000000 -0.000000
69  -0.195264 4.332631 -6.347190  0.000000 0.000000 -0.000000
70  -1.290112 3.693284 8.579667  0.022713 -0.014049 -0.017451
71  -0.121470 -1.314581 7.402091  0.000000 0.000000 -0.000000
72  -1.107529 -1.063453 4.061650  0.000000 0.000000 -0.000000
73  0.003659 1.612363 10.733984  0.000000 0.000000 0.001047
74  -2.627773 -17.875942 -2.810455  1.551550 0.052697 0.012713
time 41
0  0.000006 0.000000 0.000000  -1.570800 -1.391899 -1.570792
1  -4.849906 3.337897 2.232070  -1.544956 -1.855077 -0.198630
2  6.027524 -0.000325 0.000192  -0.468644 -1.199066 -1.815877
3  11.692111 0.000643 -0.000740  -1.384570 -0.000003 -1.130246
4  11.480603 0.000699 -0.000255  1.520300 -0.948705 0.113463
5  3.859509 -0.142879 -1.192049  -0.507739 -0.034586 -1.573166
6  1.312590 0.000012 0.000007  -0.099219 -0.080836 -0.578266
7  0.729354 0.000054 0.000050  -0.083327 -0.106005 -0.262589
8  3.942142 0.046273 -0.431512  -0.423826 0.326055 -0.977403
9  1.539111 0.000083 0.000003  0.011526 -0.070624 -1.101829
10  1.196333 0.000143 0.000031  0.007038 -0.000117 -0.629733
11  3.883502 -0.047269 0.431381  -0.232037 0.533715 -0.537849
12  1.719575 -0.000025 0.000017  0.011709 -0.105542 -1.237432
13  1.209180 0.000089 0.000012  -0.006673 -0.001106 -0.502906
14  3.859661 -0.138475 1.332410  0.013813 0.511197 -0.350141
15  1.719449 -0.000011 0.000026  -0.022509 0.019639 -0.287088
16  1.099676 0.000049 0.000007  -0.286525 0.346051 -1.053593
17  0.770794 -0.901442 1.177685  -1.865794 -0.596007 -0.315192
18  1.789817 -0.000004 -0.000018  0.005558 0.090197 0.395774
19  1.207016 -0.000011 -0.000043  0.141886 -0.163086 0.233768
20  5.740637 0.000411 -0.000704  -0.069264 0.000003 0.000070
21  11.481127 0.000351 -0.000708  0.007651 -0.168476 0.005815
22  6.027524 -0.000329 0.000203  1.480947 -0.361283 1.575336
23  0.000002 11.692098 -0.000007  -0.804062 -0.286745 -0.654534
24  0.000002 0.000008 -0.000002  -0.515490 -0.000031 1.570739
25  -0.000000 -0.000011 -0.000001  0.868957 0.000002 1.570712
26  -6.617934 -9.178503 0.826812  1.473120 1.855075 -0.198639
27  6.027512 -0.000261 -0.000226  1.629875 0.882484 -0.656210
28  11.691992 0.000243 0.000856  0.141447 0.000056 -1.629945
29  11.479321 -0.000878 0.000957  -1.225712 0.289008 0.775026
30  3.859436 -0.132787 1.193062  0.466149 -0.051826 -1.783918
31  1.312559 0.000024 -0.000000  -0.013965 -0.041044 -0.156447
32  0.729345 0.000067 -0.000027  -0.128320 -0.117290 -0.954857
33  3.942046 0.050110 0.430997  0.211501 -0.107596 -1.469120
34  1.539096 0.000009 0.000000  0.040712 -0.054386 -1.030469
35  1.196298 0.000075 -0.000003  -0.249391 -0.043040 -0.795120
36  3.883412 -0.050501 -0.431087  0.186407 -0.271796 -1.212184
37  1.719563 -0.000078 -0.000004  0.020974 -0.107650 -1.483528
38  1.209197 0.000036 0.000011  -0.324719 0.069674 -0.493483
39  3.859586 -0.149111 -1.331323  -0.094938 -0.084955 -0.411363
40  1.719412 -0.000100 -0.000034  -0.011248 0.001677 -0.960922
41  1.099673 0.000024 0.000006  -0.004984 -0.008084 -0.787926
42  0.805979 -0.359853 -1.318338  0.991670 0.166767 -0.799535
43  1.789779 -0.000009 -0.000043  0.000057 -0.002451 0.133097
44  1.206996 -0.000006 0.000005  0.000372 -0.000070 1.058782
45  5.740571 0.000055 0.000723  0.142999 -0.000014 0.000021
46  11.480808 -0.000140 0.000940  0.051431 0.057424 0.131175
47  6.027514 -0.000273 -0.000238  -0.988579 -0.390684 -1.702693
48  -0.000001 11.691974 -0.000005  -1.105933 0.549421 0.856696
49  0.000001 0.000001 0.000001  2.413975 -0.000041 1.570856
50  -0.000007 -0.000015 0.000006  2.272644 -0.000030 1.570865
51  -3.986875 -5.670942 -5.856563  -0.127989 -2.972161 1.486816
52  -0.000000 0.000000 -0.000001  0.008153 -0.000259 0.000009
53  -0.000000 0.000000 0.000000  1.565115 0.043565 -0.106862
54  -0.940142 -19.564892 -3.895683  -0.892271 0.125896 -1.791009
55  -0.000001 0.000000 -0.000001  0.000000 -0.000000 -0.000002
56  0.000030 0.000029 0.000000  -1.571901 -0.044449 -0.106509
57  7.202790 -19.259499 -17.055128  1.570796 -0.000000 0.000000
58  -15.417985 4.000748 -22.641926  1.570796 -0.000000 0.000000
59  2.236387 -2.421983 -5.367696  1.570796 -0.000000 0.000000
60  -0.004311 0.001230 -0.000371  0.006898 -0.005534 -0.284229
61  0.826810 10.209643 -4.879054  1.570796 -0.000000 0.000000
62  0.000000 0.000000 0.000000  -0.078727 -3.136056 0.284226
63  0.000000 0.000000 0.000000  1.570796 -0.000000 0.000000
64  -2.514678 -12.650944 -1.611540  1.551339 0.051586 0.012753
65  -0.109379 -1.951951 -1.519206  0.000000 -0.000000 -0.000000
66  -0.109379 0.057027 25.399258  0.000000 -0.000000 -0.000000
67  -0.109378 -1.856732 0.287229  0.000000 -0.000000 -0.000000
68  -0.104047 -4.495924 7.879275  0.000000 -0.000000 -0.000000
69  -0.195264 4.332630 -6.347188  0.000000 -0.000000 -0.000000
70  -1.290112 3.693283 8.579668  0.022713 -0.014049 -0.017451
71  -0.121470 -1.314581 7.402088  0.000000 -0.000000 -0.000000
72  -1.107529 -1.063453 4.061648  0.000000 -0.000000 -0.000000
73  0.003659 1.612363 10.733983  0.000000 0.000000 0.001045
74  -2.627389 -17.876183 -2.807362  1.551339 0.051586 0.012753
time 42
0  0.000006 0.000000 0.000000  -1.570800 -1.391899 -1.570792
1  -4.849906 3.337897 2.232070  -1.544956 -1.855077 -0.198630
2  6.027524 -0.000325 0.000192  -0.468483 -1.199236 -1.816354
3  11.692109 0.000643 -0.000739  -1.384570 -0.000003 -1.130181
4  11.480604 0.000700 -0.000253  1.521655 -0.948995 0.113515
5  3.859508 -0.142880 -1.192050  -0.507739 -0.034586 -1.573166
6  1.312590 0.000011 0.000006  -0.099219 -0.080836 -0.578266
7  0.729355 0.000053 0.000049  -0.083327 -0.106005 -0.262589
8  3.942143 0.046273 -0.431512  -0.423826 0.326055 -0.977403
9  1.539112 0.000084 0.000005  0.011526 -0.070624 -1.101829
10  1.196333 0.000146 0.000028  0.007038 -0.000117 -0.629733
11  3.883506 -0.047269 0.431381  -0.232037 0.533715 -0.537849
12  1.719573 -0.000027 0.000017  0.011709 -0.105542 -1.237432
13  1.209178 0.000094 0.000012  -0.006673 -0.001106 -0.502906
14  3.859666 -0.138475 1.332410  0.013813 0.511197 -0.350141
15  1.719450 -0.000011 0.000023  -0.022509 0.019639 -0.287088
16  1.099676 0.000048 0.000007  -0.286525 0.346051 -1.053593
17  0.770796 -0.901442 1.177686  -1.865794 -0.596008 -0.315192
18  1.789818 -0.000003 -0.000018  0.005558 0.090197 0.395774
19  1.207016 -0.000012 -0.000043  0.141886 -0.163086 0.233767
20  5.740637 0.000409 -0.000703  -0.069004 0.000003 0.000071
21  11.481127 0.000349 -0.000708  0.007890 -0.168518 0.005943
22  6.027524 -0.000329 0.000203  1.480932 -0.361104 1.575015
23  0.000003 11.692100 -0.000008  -0.804021 -0.286715 -0.654504
24  0.000004 0.000009 -0.000001  -0.515490 -0.000031 1.570739
25  -0.000001 -0.000011 -0.000001  0.868957 0.000002 1.570712
26  -6.617934 -9.178503 0.826812  1.473120 1.855075 -0.198639
27  6.027512 -0.000261 -0.000226  1.629606 0.882616 -0.656348
28  11.691991 0.000242 0.000855  0.141447 0.000056 -1.629816
29  11.479323 -0.000878 0.000959  -1.224562 0.289354 0.774975
30  3.859436 -0.132787 1.193062  0.466149 -0.051826 -1.783918
31  1.312558 0.000026 -0.000000  -0.013965 -0.041044 -0.156447
32  0.729345 0.000067 -0.000027  -0.128320 -0.117290 -0.954857
33  3.942046 0.050110 0.430997  0.211501 -0.107596 -1.469120
34  1.539096 0.000008 0.000000  0.040712 -0.054386 -1.030469
35  1.196300 0.000076 -0.000004  -0.249391 -0.043040 -0.795121
36  3.883411 -0.050501 -0.431087  0.186407 -0.271796 -1.212184
37  1.719563 -0.000080 -0.000004  0.020974 -0.107650 -1.483528
38  1.209197 0.000036 0.000012  -0.324719 0.069674 -0.493483
39  3.859586 -0.149111 -1.331322  -0.094938 -0.084955 -0.411363
40  1.719412 -0.000100 -0.000034  -0.011248 0.001677 -0.960922
41  1.099674 0.000025 0.000007  -0.004984 -0.008084 -0.787926
42  0.805979 -0.359853 -1.318338  0.991670 0.166767 -0.799535
43  1.789779 -0.000010 -0.000042  0.000057 -0.002451 0.133097
44  1.206996 -0.000006 0.000006  0.000372 -0.000070 1.058782
45  5.740572 0.000056 0.000724  0.143228 -0.000014 0.000021
46  11.480809 -0.000139 0.000942  0.051621 0.057563 0.131107
47  6.027514 -0.000273 -0.000238  -0.988796 -0.390767 -1.702540
48  -0.000003 11.691973 -0.000006  -1.105857 0.549346 0.856652
49  0.000004 -0.000001 -0.000000  2.413975 -0.000041 1.570856
50  -0.000007 -0.000016 0.000006  2.272644 -0.000030 1.570865
51  -3.983824 -5.671878 -5.857287  -0.126842 -2.972057 1.486685
52  -0.000000 -0.000000 0.000000  0.008153 -0.000259 0.000009
53  0.000000 0.000000 0.000000  1.565115 0.043565 -0.106862
54  -0.938423 -19.565247 -3.890242  -0.891128 0.125947 -1.790803
55  -0.000002 -0.000000 0.000000  0.000000 -0.000000 -0.000002
56  0.000027 0.000029 0.000001  -1.571902 -0.044449 -0.106509
57  7.202790 -19.259499 -17.055128  1.570796 -0.000000 0.000000
58  -15.417985 4.000748 -22.641926  1.570796 -0.000000 0.000000
59  2.236387 -2.421983 -5.367696  1.570796 -0.000000 0.000000
60  -0.004311 0.001230 -0.000371  0.006898 -0.005534 -0.284229
61  0.826810 10.209643 -4.879054  1.570796 -0.000000 0.000000
62  0.000000 0.000000 0.000000  -0.078727 -3.136056 0.284226
63  0.000000 0.000000 0.000000  1.570796 -0.000000 0.000000
64  -2.515941 -12.650944 -1.609234  1.551125 0.050471 0.012805
65  -0.109379 -1.951951 -1.519204  0.000000 0.000000 -0.000000
66  -0.109379 0.057027 25.399248  0.000000 0.000000 -0.000000
67  -0.109379 -1.856732 0.287229  0.000000 0.000000 -0.000000
68  -0.104047 -4.495923 7.879277  0.000000 0.000000 -0.000000
69  -0.195263 4.332630 -6.347188  0.000000 0.000000 -0.000000
70  -1.290112 3.693283 8.579664  0.022713 -0.014049 -0.017451
71  -0.121471 -1.314581 7.402088  0.000000 0.000000 -0.000000
72  -1.107528 -1.063453 4.061648  0.000000 0.000000 -0.000000
73  0.003659 1.612363 10.733978  0.000000 0.000000 0.001037
74  -2.626990 -17.876425 -2.804143  1.551125 0.050471 0.012805
time 43
0  0.000006 0.000000 0.000000  -1.570800 -1.391899 -1.570792
1  -4.849906 3.337897 2.232070  -1.544956 -1.855077 -0.198630
2  6.027524 -0.000325 0.000192  -0.468319 -1.199407 -1.816838
3  11.692111 0.000644 -0.000739  -1.384570 -0.000003 -1.130118
4  11.480606 0.000700 -0.000252  1.523017 -0.949293 0.113556
5  3.859509 -0.142880 -1.192050  -0.507739 -0.034587 -1.573166
6  1.312589 0.000013 0.000008  -0.099219 -0.080836 -0.578266
7  0.729355 0.000054 0.000050  -0.083327 -0.106005 -0.262589
8  3.942141 0.046273 -0.431513  -0.423826 0.326055 -0.977403
9  1.539112 0.000084 0.000003  0.011526 -0.070624 -1.101829
10  1.196333 0.000144 0.000029  0.007038 -0.000117 -0.629733
11  3.883506 -0.047269 0.431381  -0.232037 0.533715 -0.537849
12  1.719574 -0.000026 0.000016  0.011709 -0.105542 -1.237432
13  1.209179 0.000092 0.000010  -0.006673 -0.001106 -0.502906
14  3.859664 -0.138475 1.332410  0.013813 0.511197 -0.350141
15  1.719447 -0.000012 0.000022  -0.022509 0.019639 -0.287088
16  1.099676 0.000049 0.000004  -0.286525 0.346051 -1.053593
17  0.770793 -0.901442 1.177686  -1.865794 -0.596008 -0.315192
18  1.789817 -0.000003 -0.000018  0.005558 0.090197 0.395774
19  1.207015 -0.000012 -0.000043  0.141886 -0.163086 0.233768
20  5.740636 0.000411 -0.000702  -0.068746 0.000003 0.000071
21  11.481128 0.000350 -0.000706  0.008131 -0.168562 0.006070
22  6.027524 -0.000329 0.000203  1.480916 -0.360923 1.574689
23  0.000002 11.692098 -0.000008  -0.803981 -0.286685 -0.654474
24  0.000003 0.000008 -0.000001  -0.515490 -0.000031 1.570739
25  -0.000000 -0.000011 -0.000002  0.868957 0.000002 1.570712
26  -6.617934 -9.178503 0.826812  1.473120 1.855075 -0.198639
27  6.027512 -0.000261 -0.000226  1.629351 0.882749 -0.656477
28  11.691991 0.000244 0.000857  0.141447 0.000056 -1.629686
29  11.479325 -0.000878 0.000958  -1.223417 0.289681 0.774920
30  3.859436 -0.132788 1.193062  0.466149 -0.051826 -1.783918
31  1.312558 0.000025 -0.000000  -0.013965 -0.041043 -0.156447
32  0.729345 0.000066 -0.000028  -0.128320 -0.117290 -0.954857
33  3.942045 0.050109 0.430997  0.211501 -0.107596 -1.469120
34  1.539096 0.000010 0.000000  0.040712 -0.054386 -1.030469
35  1.196300 0.000076 -0.000004  -0.249391 -0.043040 -0.795120
36  3.883411 -0.050502 -0.431087  0.186407 -0.271796 -1.212184
37  1.719563 -0.000080 -0.000003  0.020974 -0.107650 -1.483528
38  1.209198 0.000034 0.000012  -0.324719 0.069674 -0.493483
39  3.859586 -0.149112 -1.331323  -0.094938 -0.084955 -0.411363
40  1.719412 -0.000100 -0.000035  -0.011248 0.001677 -0.960922
41  1.099673 0.000026 0.000006  -0.004984 -0.008084 -0.787926
42  0.805979 -0.359854 -1.318338  0.991670 0.166767 -0.799535
43  1.789779 -0.000010 -0.000042  0.000057 -0.002451 0.133097
44  1.206997 -0.000006 0.000005  0.000372 -0.000070 1.058781
45  5.740571 0.000056 0.000723  0.143456 -0.000014 0.000021
46  11.480808 -0.000140 0.000941  0.051812 0.057699 0.131039
47  6.027514 -0.000273 -0.000238  -0.989008 -0.390840 -1.702392
48  -0.000002 11.691973 -0.000005  -1.105781 0.549271 0.856608
49  0.000003 0.000001 -0.000000  2.413975 -0.000041 1.570856
50  -0.000006 -0.000016 0.000006  2.272644 -0.000030 1.570865
51  -3.980893 -5.672828 -5.857910  -0.125699 -2.971952 1.486564
52  0.000000 -0.000000 0.000000  0.008153 -0.000259 0.000009
53  -0.000000 -0.000000 -0.000000  1.565115 0.043565 -0.106862
54  -0.936683 -19.565586 -3.884715  -0.889989 0.125996 -1.790588
55  0.000001 0.000000 -0.000001  0.000000 -0.000000 -0.000002
56  0.000032 0.000029 0.000001  -1.571901 -0.044449 -0.106509
57  7.202790 -19.259499 -17.055128  1.570796 -0.000000 0.000000
58  -15.417985 4.000748 -22.641926  1.570796 -0.000000 0.000000
59  2.236387 -2.421983 -5.367696  1.570796 -0.000000 0.000000
60  -0.004311 0.001230 -0.000371  0.006898 -0.005534 -0.284229
61  0.826810 10.209643 -4.879054  1.570796 -0.000000 0.000000
62  0.000000 0.000000 0.000000  -0.078727 -3.136056 0.284226
63  0.000000 0.000000 0.000000  1.570796 -0.000000 0.000000
64  -2.517239 -12.650944 -1.606839  1.550912 0.049360 0.012866
65  -0.109379 -1.951951 -1.519204  0.000000 0.000000 0.000000
66  -0.109379 0.057027 25.399254  0.000000 0.000000 0.000000
67  -0.109378 -1.856732 0.287230  0.000000 0.000000 0.000000
68  -0.104048 -4.495924 7.879277  0.000000 0.000000 0.000000
69  -0.195264 4.332631 -6.347190  0.000000 0.000000 0.000000
70  -1.290112 3.693284 8.579667  0.022713 -0.014049 -0.017451
71  -0.121470 -1.314581 7.402089  0.000000 0.000000 0.000000
72  -1.107529 -1.063453 4.061648  0.000000 0.000000 0.000000
73  0.003659 1.612363 10.733981  0.000000 0.000000 0.001025
74  -2.626581 -17.876671 -2.800833  1.550912 0.049360 0.012866
time 44
0  0.000006 0.000000 0.000000  -1.570800 -1.391899 -1.570792
1  -4.849906 3.337897 2.232070  -1.544956 -1.855077 -0.198630
2  6.027524 -0.000325 0.000192  -0.468154 -1.199580 -1.817325
3  11.692110 0.000643 -0.000739  -1.384570 -0.000003 -1.130056
4  11.480604 0.000699 -0.000251  1.524373 -0.949599 0.113589
5  3.859510 -0.142880 -1.192049  -0.507739 -0.034586 -1.573166
6  1.312590 0.000012 0.000008  -0.099219 -0.080836 -0.578266
7  0.729356 0.000055 0.000049  -0.083327 -0.106005 -0.262589
8  3.942142 0.046273 -0.431512  -0.423826 0.326055 -0.977403
9  1.539112 0.000086 0.000006  0.011526 -0.070624 -1.101829
10  1.196333 0.000145 0.000027  0.007038 -0.000117 -0.629733
11  3.883505 -0.047269 0.431381  -0.232037 0.533715 -0.537849
12  1.719573 -0.000027 0.000017  0.011709 -0.105542 -1.237432
13  1.209179 0.000094 0.000014  -0.006673 -0.001106 -0.502906
14  3.859662 -0.138476 1.332410  0.013813 0.511197 -0.350141
15  1.719447 -0.000013 0.000021  -0.022509 0.019639 -0.287088
16  1.099676 0.000048 0.000003  -0.286525 0.346051 -1.053593
17  0.770794 -0.901442 1.177686  -1.865794 -0.596008 -0.315192
18  1.789818 -0.000003 -0.000018  0.005558 0.090197 0.395774
19  1.207019 -0.000011 -0.000044  0.141886 -0.163086 0.233768
20  5.740638 0.000410 -0.000702  -0.068490 0.000003 0.000071
21  11.481127 0.000350 -0.000708  0.008370 -0.168608 0.006195
22  6.027524 -0.000329 0.000203  1.480899 -0.360741 1.574362
23  0.000002 11.692099 -0.000007  -0.803942 -0.286657 -0.654445
24  0.000004 0.000008 -0.000001  -0.515490 -0.000031 1.570739
25  -0.000001 -0.000011 -0.000001  0.868957 0.000002 1.570712
26  -6.617934 -9.178503 0.826812  1.473120 1.855075 -0.198639
27  6.027512 -0.000261 -0.000226  1.629113 0.882883 -0.656597
28  11.691991 0.000242 0.000856  0.141447 0.000056 -1.629555
29  11.479326 -0.000876 0.000957  -1.222286 0.289987 0.774862
30  3.859436 -0.132788 1.193062  0.466149 -0.051826 -1.783918
31  1.312559 0.000026 0.000000  -0.013965 -0.041043 -0.156447
32  0.729345 0.000066 -0.000028  -0.128320 -0.117290 -0.954857
33  3.942046 0.050109 0.430997  0.211501 -0.107596 -1.469120
34  1.539097 0.000011 0.000000  0.040712 -0.054386 -1.030469
35  1.196299 0.000075 -0.000005  -0.249391 -0.043040 -0.795120
36  3.883412 -0.050502 -0.431087  0.186407 -0.271796 -1.212184
37  1.719563 -0.000078 -0.000004  0.020974 -0.107650 -1.483528
38  1.209196 0.000036 0.000011  -0.324719 0.069674 -0.493483
39  3.859586 -0.149112 -1.331323  -0.094938 -0.084955 -0.411363
40  1.719411 -0.000100 -0.000035  -0.011248 0.001677 -0.960922
41  1.099673 0.000025 0.000006  -0.004984 -0.008084 -0.787926
42  0.805979 -0.359854 -1.318338  0.991669 0.166767 -0.799535
43  1.789779 -0.000009 -0.000042  0.000057 -0.002451 0.133097
44  1.206997 -0.000006 0.000005  0.000372 -0.000070 1.058781
45  5.740573 0.000055 0.000722  0.143683 -0.000014 0.000021
46  11.480810 -0.000140 0.000940  0.052002 0.057829 0.130971
47  6.027514 -0.000273 -0.000238  -0.989215 -0.390903 -1.702249
48  -0.000001 11.691972 -0.000006  -1.105704 0.549196 0.856563
49  0.000003 -0.000000 -0.000001  2.413975 -0.000041 1.570856
50  -0.000006 -0.000016 0.000006  2.272644 -0.000030 1.570865
51  -3.978099 -5.673783 -5.858428  -0.124569 -2.971849 1.486455
52  -0.000000 -0.000000 -0.000000  0.008153 -0.000259 0.000009
53  0.000001 0.000000 -0.000000  1.565115 0.043565 -0.106862
54  -0.934936 -19.565903 -3.879150  -0.888862 0.126044 -1.790365
55  0.000002 -0.000000 0.000000  0.000000 -0.000000 -0.000002
56  0.000031 0.000028 0.000001  -1.571901 -0.044449 -0.106509
57  7.202790 -19.259499 -17.055128  1.570796 -0.000000 0.000000
58  -15.417985 4.000748 -22.641926  1.570796 -0.000000 0.000000
59  2.236387 -2.421983 -5.367696  1.570796 -0.000000 0.000000
60  -0.004311 0.001230 -0.000371  0.006898 -0.005534 -0.284229
61  0.826810 10.209643 -4.879054  1.570796 -0.000000 0.000000
62  0.000000 0.000000 0.000000  -0.078727 -3.136056 0.284226
63  0.000000 0.000000 0.000000  1.570796 -0.000000 0.000000
64  -2.518560 -12.650944 -1.604376  1.550701 0.048261 0.012937
65  -0.109379 -1.951951 -1.519205  0.000000 -0.000000 0.000000
66  -0.109379 0.057027 25.399254  0.000000 -0.000000 0.000000
67  -0.109379 -1.856731 0.287230  0.000000 -0.000000 0.000000
68  -0.104048 -4.495923 7.879276  0.000000 -0.000000 0.000000
69  -0.195264 4.332631 -6.347186  0.000000 -0.000000 0.000000
70  -1.290112 3.693284 8.579669  0.022713 -0.014049 -0.017451
71  -0.121470 -1.314581 7.402089  0.000000 -0.000000 0.000000
72  -1.107529 -1.063453 4.061649  0.000000 -0.000000 0.000000
73  0.003659 1.612363 10.733981  0.000000 0.000000 0.001008
74  -2.626163 -17.876915 -2.797462  1.550701 0.048261 0.012937
time 45
0  0.000006 0.000000 0.000000  -1.570800 -1.391899 -1.570792
1  -4.849906 3.337897 2.232070  -1.544956 -1.855077 -0.198630
2  6.027524 -0.000325 0.000192  -0.467991 -1.199752 -1.817808
3  11.692110 0.000643 -0.000740  -1.384570 -0.000003 -1.129997
4  11.480605 0.000699 -0.000252  1.525714 -0.949909 0.113612
5  3.859511 -0.142880 -1.192049  -0.507739 -0.034586 -1.573166
6  1.312590 0.000010 0.000008  -0.099219 -0.080836 -0.578266
7  0.729357 0.000054 0.000050  -0.083327 -0.106005 -0.262589
8  3.942143 0.046272 -0.431512  -0.423826 0.326055 -0.977403
9  1.539111 0.000086 0.000002  0.011526 -0.070624 -1.101829
10  1.196332 0.000145 0.000029  0.007038 -0.000117 -0.629733
11  3.883505 -0.047270 0.431381  -0.232037 0.533715 -0.537849
12  1.719574 -0.000027 0.000017  0.011709 -0.105542 -1.237432
13  1.209180 0.000091 0.000012  -0.006673 -0.001106 -0.502906
14  3.859662 -0.138476 1.332410  0.013813 0.511197 -0.350141
15  1.719448 -0.000010 0.000021  -0.022509 0.019639 -0.287088
16  1.099677 0.000048 0.000003  -0.286525 0.346051 -1.053593
17  0.770795 -0.901443 1.177686  -1.865794 -0.596008 -0.315192
18  1.789815 -0.000003 -0.000017  0.005558 0.090197 0.395774
19  1.207015 -0.000012 -0.000042  0.141886 -0.163086 0.233767
20  5.740637 0.000410 -0.000704  -0.068241 0.000003 0.000071
21  11.481128 0.000349 -0.000706  0.008605 -0.168654 0.006317
22  6.027524 -0.000329 0.000203  1.480883 -0.360560 1.574036
23  0.000002 11.692098 -0.000008  -0.803905 -0.286629 -0.654418
24  0.000003 0.000008 -0.000000  -0.515490 -0.000031 1.570739
25  -0.000001 -0.000012 -0.000002  0.868957 0.000002 1.570712
26  -6.617934 -9.178503 0.826812  1.473120 1.855075 -0.198639
27  6.027512 -0.000261 -0.000226  1.628893 0.883017 -0.656708
28  11.691991 0.000243 0.000856  0.141447 0.000056 -1.629425
29  11.479328 -0.000878 0.000958  -1.221178 0.290270 0.774803
30  3.859437 -0.132787 1.193062  0.466149 -0.051826 -1.783918
31  1.312558 0.000025 0.000000  -0.013965 -0.041043 -0.156447
32  0.729345 0.000066 -0.000027  -0.128320 -0.117290 -0.954857
33  3.942046 0.050109 0.430997  0.211501 -0.107596 -1.469120
34  1.539097 0.000009 -0.000000  0.040712 -0.054386 -1.030469
35  1.196299 0.000077 -0.000004  -0.249391 -0.043040 -0.795121
36  3.883411 -0.050501 -0.431087  0.186407 -0.271796 -1.212184
37  1.719563 -0.000079 -0.000003  0.020974 -0.107650 -1.483528
38  1.209197 0.000035 0.000011  -0.324719 0.069674 -0.493483
39  3.859586 -0.149111 -1.331323  -0.094938 -0.084955 -0.411363
40  1.719412 -0.000100 -0.000034  -0.011248 0.001677 -0.960922
41  1.099674 0.000025 0.000007  -0.004984 -0.008084 -0.787926
42  0.805980 -0.359853 -1.318338  0.991670 0.166767 -0.799535
43  1.789779 -0.000010 -0.000042  0.000057 -0.002451 0.133097
44  1.206996 -0.000006 0.000005  0.000372 -0.000070 1.058782
45  5.740573 0.000055 0.000723  0.143905 -0.000014 0.000021
46  11.480810 -0.000140 0.000941  0.052189 0.057954 0.130905
47  6.027514 -0.000273 -0.000238  -0.989416 -0.390958 -1.702114
48  -0.000001 11.691975 -0.000007  -1.105628 0.549121 0.856520
49  0.000003 -0.000001 0.000001  2.413975 -0.000041 1.570856
50  -0.000006 -0.000016 0.000004  2.272644 -0.000030 1.570865
51  -3.975459 -5.674734 -5.858837  -0.123460 -2.971749 1.486357
52  0.000000 -0.000000 -0.000000  0.008153 -0.000259 0.000009
53  0.000001 0.000000 0.000000  1.565115 0.043565 -0.106862
54  -0.933192 -19.566200 -3.873598  -0.887757 0.126091 -1.790136
55  -0.000000 0.000000 -0.000000  0.000000 -0.000000 -0.000002
56  0.000031 0.000029 0.000001  -1.571901 -0.044449 -0.106509
57  7.202790 -19.259499 -17.055128  1.570796 -0.000000 0.000000
58  -15.417985 4.000748 -22.641926  1.570796 -0.000000 0.000000
59  2.236387 -2.421983 -5.367696  1.570796 -0.000000 0.000000
60  -0.004311 0.001230 -0.000371  0.006898 -0.005534 -0.284229
61  0.826810 10.209643 -4.879054  1.570796 -0.000000 0.000000
62  0.000000 0.000000 0.000000  -0.078727 -3.136056 0.284226
63  0.000000 0.000000 0.000000  1.570796 -0.000000 0.000000
64  -2.519894 -12.650944 -1.601867  1.550495 0.047182 0.013017
65  -0.109379 -1.951951 -1.519205  0.000000 0.000000 0.000000
66  -0.109379 0.057027 25.399254  0.000000 0.000000 0.000000
67  -0.109379 -1.856732 0.287231  0.000000 0.000000 0.000000
68  -0.104048 -4.495923 7.879277  0.000000 0.000000 0.000000
69  -0.195264 4.332631 -6.347189  0.000000 0.000000 0.000000
70  -1.290112 3.693284 8.579667  0.022713 -0.014049 -0.017451
71  -0.121471 -1.314581 7.402089  0.000000 0.000000 0.000000
72  -1.107529 -1.063453 4.061649  0.000000 0.000000 0.000000
73  0.003658 1.612363 10.733984  0.000000 -0.000000 0.000986
74  -2.625738 -17.877155 -2.794064  1.550495 0.047182 0.013017
time 46
0  0.000006 0.000000 0.000000  -1.570800 -1.391899 -1.570792
1  -4.849906 3.337897 2.232070  -1.544956 -1.855077 -0.198630
2  6.027524 -0.000325 0.000192  -0.467832 -1.199921 -1.818282
3  11.692110 0.000642 -0.000739  -1.384570 -0.000003 -1.129943
4  11.480608 0.000699 -0.000253  1.527028 -0.950222 0.113628
5  3.859507 -0.142880 -1.192049  -0.507739 -0.034586 -1.573166
6  1.312590 0.000012 0.000008  -0.099219 -0.080836 -0.578266
7  0.729353 0.000054 0.000049  -0.083327 -0.106005 -0.262589
8  3.942144 0.046273 -0.431511  -0.423826 0.326055 -0.977403
9  1.539110 0.000082 0.000004  0.011526 -0.070624 -1.101829
10  1.196331 0.000145 0.000030  0.007038 -0.000117 -0.629733
11  3.883503 -0.047269 0.431382  -0.232037 0.533715 -0.537849
12  1.719573 -0.000027 0.000016  0.011709 -0.105542 -1.237432
13  1.209178 0.000091 0.000014  -0.006673 -0.001106 -0.502906
14  3.859663 -0.138475 1.332411  0.013813 0.511197 -0.350141
15  1.719447 -0.000011 0.000022  -0.022509 0.019639 -0.287088
16  1.099675 0.000049 0.000005  -0.286525 0.346051 -1.053593
17  0.770794 -0.901442 1.177686  -1.865794 -0.596008 -0.315192
18  1.789818 -0.000003 -0.000018  0.005558 0.090197 0.395774
19  1.207017 -0.000012 -0.000044  0.141886 -0.163086 0.233767
20  5.740638 0.000410 -0.000705  -0.067999 0.000003 0.000070
21  11.481127 0.000350 -0.000711  0.008836 -0.168702 0.006435
22  6.027524 -0.000329 0.000203  1.480868 -0.360382 1.573715
23  0.000002 11.692099 -0.000008  -0.803871 -0.286604 -0.654393
24  0.000004 0.000009 -0.000000  -0.515490 -0.000031 1.570739
25  -0.000000 -0.000012 -0.000002  0.868957 0.000002 1.570712
26  -6.617934 -9.178503 0.826812  1.473120 1.855075 -0.198639
27  6.027512 -0.000261 -0.000226  1.628692 0.883148 -0.656808
28  11.691991 0.000243 0.000855  0.141447 0.000056 -1.629299
29  11.479328 -0.000876 0.000959  -1.220100 0.290527 0.774744
30  3.859436 -0.132788 1.193062  0.466149 -0.051826 -1.783918
31  1.312558 0.000024 -0.000000  -0.013965 -0.041044 -0.156447
32  0.729345 0.000067 -0.000027  -0.128320 -0.117290 -0.954857
33  3.942046 0.050109 0.430996  0.211501 -0.107596 -1.469120
34  1.539097 0.000010 -0.000000  0.040712 -0.054386 -1.030469
35  1.196300 0.000075 -0.000003  -0.249391 -0.043040 -0.795120
36  3.883411 -0.050502 -0.431087  0.186407 -0.271796 -1.212184
37  1.719564 -0.000079 -0.000003  0.020974 -0.107650 -1.483528
38  1.209197 0.000036 0.000011  -0.324719 0.069674 -0.493483
39  3.859585 -0.149112 -1.331323  -0.094938 -0.084955 -0.411363
40  1.719411 -0.000100 -0.000034  -0.011248 0.001677 -0.960922
41  1.099674 0.000027 0.000006  -0.004984 -0.008084 -0.787926
42  0.805979 -0.359854 -1.318339  0.991670 0.166767 -0.799535
43  1.789780 -0.000010 -0.000042  0.000057 -0.002451 0.133097
44  1.206996 -0.000007 0.000005  0.000372 -0.000070 1.058782
45  5.740572 0.000056 0.000724  0.144122 -0.000014 0.000021
46  11.480809 -0.000139 0.000942  0.052373 0.058072 0.130841
47  6.027514 -0.000273 -0.000238  -0.989608 -0.391002 -1.701986
48  -0.000002 11.691974 -0.000006  -1.105554 0.549048 0.856476
49  0.000003 -0.000000 -0.000001  2.413975 -0.000041 1.570856
50  -0.000007 -0.000016 0.000006  2.272644 -0.000030 1.570865
51  -3.972990 -5.675666 -5.859135  -0.122380 -2.971652 1.486272
52  -0.000000 -0.000000 0.000000  0.008153 -0.000259 0.000009
53  -0.000001 -0.000000 -0.000000  1.565115 0.043565 -0.106862
54  -0.931465 -19.566467 -3.868110  -0.886681 0.126139 -1.789904
55  -0.000002 -0.000001 0.000000  0.000000 -0.000000 -0.000002
56  0.000027 0.000028 0.000001  -1.571901 -0.044449 -0.106509
57  7.202790 -19.259499 -17.055128  1.570796 -0.000000 0.000000
58  -15.417985 4.000748 -22.641926  1.570796 -0.000000 0.000000
59  2.236387 -2.421983 -5.367696  1.570796 -0.000000 0.000000
60  -0.004311 0.001230 -0.000371  0.006898 -0.005534 -0.284229
61  0.826810 10.209643 -4.879054  1.570796 -0.000000 0.000000
62  0.000000 0.000000 0.000000  -0.078727 -3.136056 0.284226
63  0.000000 0.000000 0.000000  1.570796 -0.000000 0.000000
64  -2.521228 -12.650944 -1.599337  1.550295 0.046133 0.013105
65  -0.109379 -1.951951 -1.519207  0.000000 -0.000000 0.000000
66  -0.109379 0.057027 25.399248  0.000000 -0.000000 0.000000
67  -0.109378 -1.856732 0.287228  0.000000 -0.000000 0.000000
68  -0.104047 -4.495923 7.879275  0.000000 -0.000000 0.000000
69  -0.195264 4.332630 -6.347186  0.000000 -0.000000 0.000000
70  -1.290112 3.693283 8.579669  0.022713 -0.014049 -0.017451
71  -0.121470 -1.314581 7.402086  0.000000 -0.000000 0.000000
72  -1.107528 -1.063453 4.061645  0.000000 -0.000000 0.000000
73  0.003659 1.612363 10.733980  0.000000 0.000000 0.000959
74  -2.625310 -17.877388 -2.790671  1.550295 0.046133 0.013105
time 47
0  0.000006 0.000000 0.000000  -1.570800 -1.391899 -1.570792
1  -4.849906 3.337897 2.232070  -1.544956 -1.855077 -0.198630
2  6.027524 -0.000325 0.000192  -0.467678 -1.200086 -1.818745
3  11.692110 0.000643 -0.000740  -1.384570 -0.000003 -1.129893
4  11.480607 0.000699 -0.000250  1.528304 -0.950536 0.113637
5  3.859507 -0.142880 -1.192049  -0.507739 -0.034586 -1.573166
6  1.312589 0.000012 0.000010  -0.099219 -0.080836 -0.578266
7  0.729354 0.000054 0.000049  -0.083327 -0.106005 -0.262589
8  3.942140 0.046273 -0.431512  -0.423826 0.326055 -0.977403
9  1.539111 0.000085 0.000006  0.011526 -0.070624 -1.101829
10  1.196333 0.000144 0.000029  0.007038 -0.000117 -0.629733
11  3.883504 -0.047270 0.431382  -0.232037 0.533715 -0.537849
12  1.719573 -0.000026 0.000015  0.011709 -0.105542 -1.237432
13  1.209180 0.000092 0.000012  -0.006673 -0.001106 -0.502906
14  3.859662 -0.138476 1.332410  0.013813 0.511197 -0.350141
15  1.719450 -0.000012 0.000022  -0.022509 0.019639 -0.287088
16  1.099676 0.000048 0.000004  -0.286525 0.346051 -1.053593
17  0.770793 -0.901443 1.177686  -1.865794 -0.596008 -0.315192
18  1.789818 -0.000003 -0.000017  0.005558 0.090197 0.395774
19  1.207019 -0.000012 -0.000044  0.141886 -0.163086 0.233767
20  5.740637 0.000409 -0.000702  -0.067767 0.000003 0.000071
21  11.481128 0.000349 -0.000706  0.009060 -0.168750 0.006549
22  6.027524 -0.000329 0.000203  1.480855 -0.360208 1.573401
23  0.000003 11.692100 -0.000007  -0.803839 -0.286581 -0.654369
24  0.000004 0.000009 -0.000002  -0.515490 -0.000031 1.570739
25  -0.000001 -0.000011 -0.000001  0.868957 0.000002 1.570712
26  -6.617934 -9.178503 0.826812  1.473120 1.855075 -0.198639
27  6.027512 -0.000261 -0.000226  1.628513 0.883277 -0.656898
28  11.691992 0.000243 0.000855  0.141447 0.000056 -1.629176
29  11.479327 -0.000876 0.000957  -1.219060 0.290757 0.774687
30  3.859436 -0.132788 1.193061  0.466149 -0.051826 -1.783918
31  1.312558 0.000026 -0.000001  -0.013965 -0.041044 -0.156447
32  0.729345 0.000066 -0.000028  -0.128320 -0.117290 -0.954857
33  3.942047 0.050109 0.430996  0.211501 -0.107596 -1.469120
34  1.539096 0.000011 -0.000000  0.040712 -0.054386 -1.030469
35  1.196301 0.000075 -0.000004  -0.249391 -0.043040 -0.795121
36  3.883411 -0.050502 -0.431088  0.186407 -0.271796 -1.212184
37  1.719563 -0.000079 -0.000004  0.020974 -0.107650 -1.483528
38  1.209196 0.000035 0.000011  -0.324719 0.069674 -0.493483
39  3.859585 -0.149112 -1.331323  -0.094938 -0.084955 -0.411363
40  1.719412 -0.000100 -0.000035  -0.011248 0.001677 -0.960922
41  1.099674 0.000025 0.000007  -0.004984 -0.008084 -0.787926
42  0.805978 -0.359854 -1.318338  0.991670 0.166767 -0.799535
43  1.789780 -0.000009 -0.000042  0.000057 -0.002451 0.133097
44  1.206997 -0.000006 0.000006  0.000372 -0.000070 1.058781
45  5.740570 0.000055 0.000724  0.144332 -0.000014 0.000021
46  11.480807 -0.000139 0.000941  0.052551 0.058182 0.130780
47  6.027514 -0.000273 -0.000238  -0.989791 -0.391036 -1.701867
48  -0.000002 11.691974 -0.000006  -1.105482 0.548977 0.856435
49  0.000003 -0.000001 0.000001  2.413975 -0.000041 1.570856
50  -0.000007 -0.000015 0.000005  2.272644 -0.000030 1.570865
51  -3.970710 -5.676573 -5.859316  -0.121339 -2.971560 1.486199
52  -0.000001 0.000000 -0.000000  0.008153 -0.000259 0.000009
53  0.000000 -0.000000 -0.000000  1.565115 0.043565 -0.106862
54  -0.929768 -19.566708 -3.862733  -0.885643 0.126185 -1.789669
55  -0.000001 0.000000 0.000000  0.000000 -0.000000 -0.000002
56  0.000028 0.000029 0.000001  -1.571901 -0.044449 -0.106509
57  7.202790 -19.259499 -17.055128  1.570796 -0.000000 0.000000
58  -15.417985 4.000748 -22.641926  1.570796 -0.000000 0.000000
59  2.236387 -2.421983 -5.367696  1.570796 -0.000000 0.000000
60  -0.004311 0.001230 -0.000371  0.006898 -0.005534 -0.284229
61  0.826810 10.209643 -4.879054  1.570796 -0.000000 0.000000
62  0.000000 0.000000 0.000000  -0.078727 -3.136056 0.284226
63  0.000000 0.000000 0.000000  1.570796 -0.000000 0.000000
64  -2.522549 -12.650944 -1.596806  1.550103 0.045120 0.013200
65  -0.109378 -1.951952 -1.519205  -0.000000 -0.000000 0.000000
66  -0.109379 0.057027 25.399254  -0.000000 -0.000000 0.000000
67  -0.109378 -1.856732 0.287230  -0.000000 -0.000000 0.000000
68  -0.104047 -4.495924 7.879276  -0.000000 -0.000000 0.000000
69  -0.195264 4.332631 -6.347188  -0.000000 -0.000000 0.000000
70  -1.290112 3.693284 8.579670  0.022713 -0.014049 -0.017451
71  -0.121470 -1.314581 7.402088  -0.000000 -0.000000 0.000000
72  -1.107528 -1.063453 4.061645  -0.000000 -0.000000 0.000000
73  0.003659 1.612363 10.733984  0.000000 -0.000000 0.000926
74  -2.624881 -17.877609 -2.787315  1.550103 0.045120 0.013200
time 48
0  0.000006 0.000000 0.000000  -1.570800 -1.391899 -1.570792
1  -4.849906 3.337897 2.232070  -1.544956 -1.855077 -0.198630
2  6.027524 -0.000325 0.000192  -0.467533 -1.200245 -1.819188
3  11.692110 0.000643 -0.000739  -1.384570 -0.000003 -1.129849
4  11.480609 0.000698 -0.000250  1.529529 -0.950848 0.113638
5  3.859508 -0.142880 -1.192050  -0.507739 -0.034586 -1.573166
6  1.312590 0.000013 0.000008  -0.099219 -0.080836 -0.578266
7  0.729354 0.000054 0.000051  -0.083327 -0.106005 -0.262589
8  3.942143 0.046273 -0.431513  -0.423826 0.326055 -0.977403
9  1.539111 0.000083 0.000005  0.011526 -0.070624 -1.101829
10  1.196332 0.000145 0.000030  0.007038 -0.000117 -0.629733
11  3.883505 -0.047269 0.431382  -0.232037 0.533715 -0.537849
12  1.719574 -0.000028 0.000013  0.011709 -0.105542 -1.237432
13  1.209177 0.000091 0.000011  -0.006673 -0.001106 -0.502906
14  3.859662 -0.138475 1.332410  0.013813 0.511197 -0.350141
15  1.719445 -0.000012 0.000020  -0.022509 0.019639 -0.287088
16  1.099677 0.000047 0.000008  -0.286525 0.346051 -1.053593
17  0.770795 -0.901442 1.177686  -1.865794 -0.596008 -0.315192
18  1.789819 -0.000003 -0.000017  0.005558 0.090197 0.395774
19  1.207016 -0.000012 -0.000044  0.141886 -0.163086 0.233767
20  5.740638 0.000410 -0.000702  -0.067546 0.000003 0.000070
21  11.481129 0.000349 -0.000707  0.009274 -0.168799 0.006657
22  6.027524 -0.000329 0.000203  1.480842 -0.360041 1.573097
23  0.000002 11.692098 -0.000006  -0.803812 -0.286560 -0.654349
24  0.000004 0.000009 -0.000002  -0.515490 -0.000030 1.570739
25  -0.000001 -0.000011 -0.000001  0.868957 0.000002 1.570712
26  -6.617934 -9.178503 0.826812  1.473120 1.855075 -0.198639
27  6.027512 -0.000261 -0.000226  1.628355 0.883403 -0.656976
28  11.691991 0.000243 0.000856  0.141447 0.000056 -1.629057
29  11.479331 -0.000877 0.000957  -1.218069 0.290957 0.774632
30  3.859436 -0.132787 1.193062  0.466149 -0.051826 -1.783918
31  1.312558 0.000026 -0.000000  -0.013965 -0.041044 -0.156447
32  0.729345 0.000067 -0.000027  -0.128320 -0.117290 -0.954857
33  3.942046 0.050109 0.430997  0.211501 -0.107596 -1.469120
34  1.539097 0.000012 0.000000  0.040712 -0.054386 -1.030469
35  1.196299 0.000075 -0.000004  -0.249391 -0.043040 -0.795120
36  3.883412 -0.050501 -0.431087  0.186407 -0.271796 -1.212184
37  1.719563 -0.000080 -0.000003  0.020974 -0.107650 -1.483528
38  1.209198 0.000036 0.000011  -0.324719 0.069674 -0.493483
39  3.859586 -0.149112 -1.331323  -0.094938 -0.084955 -0.411363
40  1.719412 -0.000100 -0.000034  -0.011248 0.001677 -0.960922
41  1.099674 0.000024 0.000007  -0.004984 -0.008084 -0.787926
42  0.805979 -0.359854 -1.318338  0.991670 0.166767 -0.799535
43  1.789779 -0.000009 -0.000042  0.000057 -0.002451 0.133097
44  1.206997 -0.000007 0.000005  0.000372 -0.000070 1.058781
45  5.740572 0.000055 0.000724  0.144533 -0.000014 0.000021
46  11.480810 -0.000140 0.000941  0.052723 0.058283 0.130722
47  6.027514 -0.000273 -0.000238  -0.989962 -0.391059 -1.701757
48  -0.000001 11.691972 -0.000007  -1.105413 0.548909 0.856394
49  0.000004 -0.000000 0.000000  2.413975 -0.000041 1.570856
50  -0.000006 -0.000017 0.000005  2.272644 -0.000030 1.570865
51  -3.968634 -5.677446 -5.859379  -0.120344 -2.971476 1.486140
52  0.000000 -0.000000 0.000000  0.008153 -0.000259 0.000009
53  0.000000 0.000000 -0.000000  1.565115 0.043565 -0.106862
54  -0.928114 -19.566910 -3.857522  -0.884652 0.126232 -1.789435
55  -0.000001 -0.000000 0.000000  0.000000 -0.000000 -0.000002
56  0.000030 0.000029 0.000001  -1.571902 -0.044449 -0.106509
57  7.202790 -19.259499 -17.055128  1.570796 -0.000000 0.000000
58  -15.417985 4.000748 -22.641926  1.570796 -0.000000 0.000000
59  2.236387 -2.421983 -5.367696  1.570796 -0.000000 0.000000
60  -0.004311 0.001230 -0.000371  0.006898 -0.005534 -0.284229
61  0.826810 10.209643 -4.879054  1.570796 -0.000000 0.000000
62  0.000000 0.000000 0.000000  -0.078727 -3.136056 0.284226
63  0.000000 0.000000 0.000000  1.570796 -0.000000 0.000000
64  -2.523847 -12.650944 -1.594298  1.549923 0.044153 0.013301
65  -0.109379 -1.951951 -1.519206  0.000000 -0.000000 -0.000000
66  -0.109379 0.057027 25.399254  0.000000 -0.000000 -0.000000
67  -0.109379 -1.856732 0.287230  0.000000 -0.000000 -0.000000
68  -0.104048 -4.495924 7.879276  0.000000 -0.000000 -0.000000
69  -0.195264 4.332631 -6.347188  0.000000 -0.000000 -0.000000
70  -1.290112 3.693283 8.579666  0.022713 -0.014049 -0.017451
71  -0.121470 -1.314581 7.402089  0.000000 -0.000000 -0.000000
72  -1.107528 -1.063453 4.061646  0.000000 -0.000000 -0.000000
73  0.003659 1.612363 10.733984  0.000000 0.000000 0.000889
74  -2.624454 -17.877819 -2.784030  1.549923 0.044153 0.013301
time 49
0  0.000006 0.000000 0.000000  -1.570800 -1.391899 -1.570792
1  -4.849906 3.337897 2.232070  -1.544956 -1.855077 -0.198630
2  6.027524 -0.000325 0.000192  -0.467398 -1.200397 -1.819610
3  11.692110 0.000645 -0.000739  -1.384570 -0.000003 -1.129811
4  11.480608 0.000699 -0.000253  1.530695 -0.951157 0.113634
5  3.859509 -0.142879 -1.192050  -0.507739 -0.034586 -1.573166
6  1.312589 0.000013 0.000006  -0.099219 -0.080836 -0.578266
7  0.729355 0.000053 0.000051  -0.083327 -0.106005 -0.262589
8  3.942141 0.046273 -0.431512  -0.423826 0.326055 -0.977403
9  1.539112 0.000083 0.000005  0.011526 -0.070624 -1.101829
10  1.196333 0.000143 0.000028  0.007038 -0.000117 -0.629733
11  3.883506 -0.047269 0.431381  -0.232037 0.533715 -0.537849
12  1.719572 -0.000026 0.000015  0.011709 -0.105542 -1.237432
13  1.209179 0.000092 0.000013  -0.006673 -0.001106 -0.502906
14  3.859662 -0.138475 1.332409  0.013813 0.511197 -0.350141
15  1.719444 -0.000014 0.000018  -0.022509 0.019639 -0.287088
16  1.099675 0.000050 0.000006  -0.286525 0.346051 -1.053593
17  0.770797 -0.901442 1.177686  -1.865794 -0.596007 -0.315192
18  1.789818 -0.000003 -0.000017  0.005558 0.090197 0.395774
19  1.207017 -0.000012 -0.000045  0.141886 -0.163086 0.233767
20  5.740637 0.000410 -0.000704  -0.067339 0.000003 0.000071
21  11.481127 0.000349 -0.000708  0.009478 -0.168847 0.006758
22  6.027524 -0.000329 0.000203  1.480832 -0.359882 1.572806
23  0.000001 11.692098 -0.000007  -0.803788 -0.286543 -0.654331
24  0.000003 0.000008 -0.000001  -0.515490 -0.000031 1.570739
25  -0.000001 -0.000011 -0.000001  0.868957 0.000002 1.570712
26  -6.617934 -9.178503 0.826812  1.473120 1.855075 -0.198639
27  6.027512 -0.000261 -0.000226  1.628221 0.883524 -0.657041
28  11.691991 0.000244 0.000856  0.141447 0.000056 -1.628946
29  11.479330 -0.000875 0.000956  -1.217132 0.291126 0.774581
30  3.859435 -0.132787 1.193062  0.466149 -0.051826 -1.783918
31  1.312559 0.000025 0.000000  -0.013965 -0.041043 -0.156447
32  0.729345 0.000066 -0.000027  -0.128320 -0.117290 -0.954857
33  3.942046 0.050109 0.430997  0.211501 -0.107596 -1.469120
34  1.539097 0.000011 0.000001  0.040712 -0.054386 -1.030469
35  1.196299 0.000076 -0.000004  -0.249391 -0.043040 -0.795120
36  3.883410 -0.050501 -0.431087  0.186407 -0.271796 -1.212184
37  1.719563 -0.000079 -0.000003  0.020974 -0.107650 -1.483528
38  1.209199 0.000035 0.000011  -0.324719 0.069674 -0.493483
39  3.859585 -0.149111 -1.331323  -0.094938 -0.084955 -0.411363
40  1.719412 -0.000099 -0.000034  -0.011248 0.001677 -0.960922
41  1.099674 0.000024 0.000007  -0.004984 -0.008084 -0.787926
42  0.805978 -0.359854 -1.318338  0.991670 0.166767 -0.799535
43  1.789779 -0.000009 -0.000042  0.000057 -0.002451 0.133097
44  1.206995 -0.000006 0.000005  0.000372 -0.000070 1.058782
45  5.740572 0.000054 0.000723  0.144724 -0.000014 0.000021
46  11.480809 -0.000139 0.000941  0.052887 0.058376 0.130668
47  6.027514 -0.000273 -0.000238  -0.990122 -0.391072 -1.701659
48  -0.000002 11.691975 -0.000006  -1.105347 0.548844 0.856357
49  0.000003 -0.000001 -0.000001  2.413975 -0.000041 1.570856
50  -0.000007 -0.000015 0.000005  2.272644 -0.000030 1.570865
51  -3.966782 -5.678271 -5.859319  -0.119404 -2.971399 1.486095
52  0.000000 -0.000000 0.000001  0.008153 -0.000259 0.000009
53  -0.000000 0.000000 -0.000000  1.565115 0.043565 -0.106862
54  -0.926514 -19.567080 -3.852522  -0.883716 0.126280 -1.789204
55  0.000000 -0.000001 0.000000  0.000000 -0.000000 -0.000002
56  0.000029 0.000028 0.000001  -1.571901 -0.044449 -0.106509
57  7.202790 -19.259499 -17.055128  1.570796 -0.000000 0.000000
58  -15.417985 4.000748 -22.641926  1.570796 -0.000000 0.000000
59  2.236387 -2.421983 -5.367696  1.570796 -0.000000 0.000000
60  -0.004311 0.001230 -0.000371  0.006898 -0.005534 -0.284229
61  0.826810 10.209643 -4.879054  1.570796 -0.000000 0.000000
62  0.000000 0.000000 0.000000  -0.078727 -3.136056 0.284226
63  0.000000 0.000000 0.000000  1.570796 -0.000000 0.000000
64  -2.525110 -12.650944 -1.591835  1.549755 0.043238 0.013408
65  -0.109378 -1.951951 -1.519205  0.000000 0.000000 -0.000000
66  -0.109379 0.057027 25.399252  0.000000 0.000000 -0.000000
67  -0.109379 -1.856732 0.287230  0.000000 0.000000 -0.000000
68  -0.104047 -4.495923 7.879276  0.000000 0.000000 -0.000000
69  -0.195264 4.332631 -6.347186  0.000000 0.000000 -0.000000
70  -1.290112 3.693284 8.579669  0.022713 -0.014049 -0.017451
71  -0.121470 -1.314581 7.402090  0.000000 0.000000 -0.000000
72  -1.107528 -1.063453 4.061649  0.000000 0.000000 -0.000000
73  0.003659 1.612363 10.733984  0.000000 0.000000 0.000847
74  -2.624030 -17.878017 -2.780849  1.549755 0.043238 0.013408
time 50
0  0.000006 0.000000 0.000000  -1.570800 -1.391899 -1.570792
1  -4.849906 3.337897 2.232070  -1.544956 -1.855077 -0.198630
2  6.027524 -0.000325 0.000192  -0.467275 -1.200539 -1.820003
3  11.692110 0.000644 -0.000739  -1.384570 -0.000003 -1.129781
4  11.480608 0.000700 -0.000252  1.531788 -0.951460 0.113624
5  3.859506 -0.142879 -1.192049  -0.507739 -0.034586 -1.573166
6  1.312590 0.000013 0.000008  -0.099219 -0.080836 -0.578266
7  0.729357 0.000054 0.000047  -0.083327 -0.106005 -0.262589
8  3.942140 0.046273 -0.431512  -0.423826 0.326055 -0.977403
9  1.539112 0.000084 0.000004  0.011526 -0.070624 -1.101829
10  1.196332 0.000144 0.000027  0.007038 -0.000117 -0.629733
11  3.883499 -0.047269 0.431381  -0.232037 0.533715 -0.537849
12  1.719574 -0.000026 0.000014  0.011709 -0.105542 -1.237432
13  1.209179 0.000091 0.000012  -0.006673 -0.001106 -0.502906
14  3.859658 -0.138475 1.332410  0.013813 0.511197 -0.350141
15  1.719446 -0.000013 0.000022  -0.022509 0.019639 -0.287088
16  1.099676 0.000049 0.000004  -0.286525 0.346051 -1.053593
17  0.770790 -0.901442 1.177686  -1.865794 -0.596007 -0.315192
18  1.789817 -0.000004 -0.000018  0.005558 0.090197 0.395774
19  1.207016 -0.000012 -0.000043  0.141886 -0.163086 0.233767
20  5.740637 0.000411 -0.000704  -0.067147 0.000003 0.000071
21  11.481128 0.000350 -0.000709  0.009669 -0.168895 0.006852
22  6.027524 -0.000329 0.000203  1.480824 -0.359733 1.572530
23  0.000002 11.692100 -0.000007  -0.803769 -0.286529 -0.654317
24  0.000005 0.000009 -0.000001  -0.515490 -0.000031 1.570739
25  -0.000001 -0.000011 -0.000001  0.868957 0.000002 1.570712
26  -6.617934 -9.178503 0.826812  1.473120 1.855075 -0.198639
27  6.027512 -0.000261 -0.000226  1.628112 0.883639 -0.657094
28  11.691990 0.000242 0.000856  0.141447 0.000056 -1.628842
29  11.479332 -0.000876 0.000957  -1.216259 0.291261 0.774537
30  3.859436 -0.132787 1.193062  0.466149 -0.051826 -1.783918
31  1.312558 0.000026 -0.000000  -0.013965 -0.041044 -0.156447
32  0.729345 0.000067 -0.000027  -0.128320 -0.117290 -0.954857
33  3.942047 0.050109 0.430997  0.211501 -0.107596 -1.469120
34  1.539097 0.000010 0.000000  0.040712 -0.054386 -1.030469
35  1.196300 0.000075 -0.000004  -0.249391 -0.043040 -0.795120
36  3.883412 -0.050502 -0.431087  0.186407 -0.271796 -1.212184
37  1.719563 -0.000079 -0.000003  0.020974 -0.107650 -1.483528
38  1.209198 0.000036 0.000011  -0.324719 0.069674 -0.493483
39  3.859585 -0.149111 -1.331323  -0.094938 -0.084955 -0.411363
40  1.719411 -0.000100 -0.000035  -0.011248 0.001677 -0.960922
41  1.099673 0.000025 0.000007  -0.004984 -0.008084 -0.787926
42  0.805979 -0.359854 -1.318338  0.991670 0.166767 -0.799535
43  1.789779 -0.000009 -0.000042  0.000057 -0.002451 0.133097
44  1.206996 -0.000006 0.000005  0.000372 -0.000070 1.058782
45  5.740573 0.000055 0.000724  0.144904 -0.000014 0.000021
46  11.480812 -0.000139 0.000942  0.053040 0.058457 0.130619
47  6.027514 -0.000273 -0.000238  -0.990266 -0.391074 -1.701572
48  -0.000000 11.691973 -0.000006  -1.105286 0.548784 0.856321
49  0.000003 -0.000001 -0.000000  2.413975 -0.000041 1.570856
50  -0.000006 -0.000015 0.000006  2.272644 -0.000030 1.570865
51  -3.965169 -5.679041 -5.859134  -0.118528 -2.971331 1.486064
52  0.000000 0.000000 0.000000  0.008153 -0.000259 0.000009
53  0.000000 0.000000 0.000000  1.565115 0.043565 -0.106862
54  -0.924982 -19.567209 -3.847788  -0.882844 0.126328 -1.788976
55  -0.000001 0.000000 0.000000  0.000000 -0.000000 -0.000002
56  0.000029 0.000029 0.000002  -1.571901 -0.044449 -0.106509
57  7.202790 -19.259499 -17.055128  1.570796 -0.000000 0.000000
58  -15.417985 4.000748 -22.641926  1.570796 -0.000000 0.000000
59  2.236387 -2.421983 -5.367696  1.570796 -0.000000 0.000000
60  -0.004311 0.001230 -0.000371  0.006898 -0.005534 -0.284229
61  0.826810 10.209643 -4.879054  1.570796 -0.000000 0.000000
62  0.000000 0.000000 0.000000  -0.078727 -3.136056 0.284226
63  0.000000 0.000000 0.000000  1.570796 -0.000000 0.000000
64  -2.526325 -12.650944 -1.589439  1.549603 0.042385 0.013519
65  -0.109379 -1.951951 -1.519205  0.000000 -0.000000 -0.000000
66  -0.109379 0.057027 25.399250  0.000000 -0.000000 -0.000000
67  -0.109379 -1.856732 0.287230  0.000000 -0.000000 -0.000000
68  -0.104048 -4.495923 7.879277  0.000000 -0.000000 -0.000000
69  -0.195264 4.332631 -6.347188  0.000000 -0.000000 -0.000000
70  -1.290112 3.693283 8.579668  0.022713 -0.014049 -0.017451
71  -0.121470 -1.314581 7.402089  0.000000 -0.000000 -0.000000
72  -1.107529 -1.063453 4.061648  0.000000 -0.000000 -0.000000
73  0.003658 1.612363 10.733983  -0.000000 0.000000 0.000801
74  -2.623613 -17.878195 -2.777802  1.549603 0.042385 0.013519
time 51
0  0.000006 0.000000 0.000000  -1.570800 -1.391899 -1.570792
1  -4.849906 3.337897 2.232070  -1.544956 -1.855077 -0.198630
2  6.027524 -0.000325 0.000192  -0.467168 -1.200671 -1.820362
3  11.692107 0.000643 -0.000739  -1.384570 -0.000003 -1.129760
4  11.480608 0.000699 -0.000249  1.532798 -0.951755 0.113609
5  3.859511 -0.142880 -1.192049  -0.507739 -0.034586 -1.573166
6  1.312589 0.000013 0.000009  -0.099219 -0.080836 -0.578266
7  0.729354 0.000056 0.000050  -0.083327 -0.106005 -0.262589
8  3.942146 0.046273 -0.431511  -0.423826 0.326055 -0.977403
9  1.539111 0.000082 0.000005  0.011526 -0.070624 -1.101829
10  1.196331 0.000146 0.000028  0.007038 -0.000117 -0.629733
11  3.883506 -0.047270 0.431382  -0.232037 0.533715 -0.537849
12  1.719574 -0.000025 0.000015  0.011709 -0.105542 -1.237432
13  1.209179 0.000090 0.000011  -0.006673 -0.001106 -0.502906
14  3.859664 -0.138476 1.332410  0.013813 0.511197 -0.350141
15  1.719446 -0.000013 0.000021  -0.022509 0.019639 -0.287088
16  1.099675 0.000048 0.000007  -0.286525 0.346051 -1.053593
17  0.770795 -0.901442 1.177685  -1.865794 -0.596007 -0.315192
18  1.789819 -0.000003 -0.000018  0.005558 0.090197 0.395774
19  1.207014 -0.000012 -0.000044  0.141886 -0.163086 0.233767
20  5.740638 0.000410 -0.000703  -0.066972 0.000003 0.000070
21  11.481130 0.000349 -0.000707  0.009845 -0.168942 0.006937
22  6.027524 -0.000329 0.000203  1.480819 -0.359596 1.572272
23  0.000003 11.692097 -0.000008  -0.803755 -0.286519 -0.654307
24  0.000004 0.000008 0.000000  -0.515490 -0.000030 1.570739
25  -0.000001 -0.000011 -0.000002  0.868957 0.000002 1.570712
26  -6.617934 -9.178503 0.826812  1.473120 1.855075 -0.198639
27  6.027512 -0.000261 -0.000226  1.628030 0.883747 -0.657132
28  11.691990 0.000243 0.000856  0.141447 0.000056 -1.628747
29  11.479331 -0.000874 0.000957  -1.215457 0.291360 0.774499
30  3.859436 -0.132788 1.193062  0.466149 -0.051826 -1.783918
31  1.312559 0.000025 0.000000  -0.013965 -0.041044 -0.156447
32  0.729345 0.000066 -0.000027  -0.128320 -0.117290 -0.954857
33  3.942046 0.050109 0.430997  0.211501 -0.107596 -1.469120
34  1.539096 0.000008 0.000000  0.040712 -0.054386 -1.030469
35  1.196299 0.000077 -0.000004  -0.249391 -0.043040 -0.795120
36  3.883411 -0.050501 -0.431087  0.186407 -0.271796 -1.212184
37  1.719563 -0.000079 -0.000004  0.020974 -0.107650 -1.483528
38  1.209198 0.000035 0.000011  -0.324719 0.069674 -0.493483
39  3.859585 -0.149111 -1.331322  -0.094938 -0.084955 -0.411363
40  1.719412 -0.000099 -0.000035  -0.011248 0.001677 -0.960922
41  1.099673 0.000026 0.000006  -0.004984 -0.008084 -0.787926
42  0.805978 -0.359854 -1.318338  0.991670 0.166767 -0.799535
43  1.789779 -0.000009 -0.000042  0.000057 -0.002451 0.133097
44  1.206996 -0.000006 0.000006  0.000372 -0.000070 1.058782
45  5.740571 0.000056 0.000724  0.145070 -0.000014 0.000021
46  11.480809 -0.000139 0.000941  0.053184 0.058528 0.130575
47  6.027514 -0.000273 -0.000238  -0.990396 -0.391065 -1.701497
48  -0.000001 11.691974 -0.000005  -1.105230 0.548730 0.856289
49  0.000004 -0.000000 -0.000000  2.413975 -0.000041 1.570856
50  -0.000007 -0.000015 0.000006  2.272644 -0.000030 1.570865
51  -3.963814 -5.679744 -5.858821  -0.117723 -2.971274 1.486049
52  -0.000000 0.000000 0.000000  0.008153 -0.000259 0.000009
53  -0.000000 0.000000 0.000000  1.565115 0.043565 -0.106862
54  -0.923530 -19.567291 -3.843367  -0.882045 0.126377 -1.788754
55  0.000002 0.000000 -0.000000  0.000000 -0.000000 -0.000002
56  0.000033 0.000029 0.000001  -1.571901 -0.044449 -0.106509
57  7.202790 -19.259499 -17.055128  1.570796 -0.000000 0.000000
58  -15.417985 4.000748 -22.641926  1.570796 -0.000000 0.000000
59  2.236387 -2.421983 -5.367696  1.570796 -0.000000 0.000000
60  -0.004311 0.001230 -0.000371  0.006898 -0.005534 -0.284229
61  0.826810 10.209643 -4.879054  1.570796 -0.000000 0.000000
62  0.000000 0.000000 0.000000  -0.078727 -3.136056 0.284226
63  0.000000 0.000000 0.000000  1.570796 -0.000000 0.000000
64  -2.527480 -12.650944 -1.587134  1.549469 0.041602 0.013634
65  -0.109378 -1.951951 -1.519205  -0.000000 0.000000 0.000000
66  -0.109379 0.057027 25.399256  -0.000000 0.000000 0.000000
67  -0.109378 -1.856732 0.287230  -0.000000 0.000000 0.000000
68  -0.104047 -4.495923 7.879277  -0.000000 0.000000 0.000000
69  -0.195264 4.332630 -6.347187  -0.000000 0.000000 0.000000
70  -1.290112 3.693283 8.579669  0.022713 -0.014049 -0.017451
71  -0.121470 -1.314581 7.402089  -0.000000 0.000000 0.000000
72  -1.107529 -1.063453 4.061646  -0.000000 0.000000 0.000000
73  0.003659 1.612363 10.733983  0.000000 0.000000 0.000749
74  -2.623204 -17.878353 -2.774925  1.549469 0.041602 0.013634
time 52
0  0.000006 0.000000 0.000000  -1.570800 -1.391899 -1.570792
1  -4.849906 3.337897 2.232070  -1.544956 -1.855077 -0.198630
2  6.027524 -0.000325 0.000192  -0.467077 -1.200791 -1.820685
3  11.692110 0.000643 -0.000739  -1.384570 -0.000003 -1.129746
4  11.480606 0.000700 -0.000252  1.533715 -0.952040 0.113590
5  3.859507 -0.142880 -1.192050  -0.507739 -0.034586 -1.573166
6  1.312589 0.000013 0.000009  -0.099219 -0.080836 -0.578266
7  0.729353 0.000053 0.000050  -0.083327 -0.106005 -0.262589
8  3.942140 0.046272 -0.431512  -0.423826 0.326055 -0.977403
9  1.539111 0.000086 0.000004  0.011526 -0.070624 -1.101829
10  1.196332 0.000146 0.000029  0.007038 -0.000117 -0.629733
11  3.883503 -0.047270 0.431381  -0.232037 0.533715 -0.537849
12  1.719574 -0.000026 0.000014  0.011709 -0.105542 -1.237432
13  1.209179 0.000095 0.000015  -0.006673 -0.001106 -0.502906
14  3.859660 -0.138476 1.332410  0.013813 0.511197 -0.350141
15  1.719446 -0.000012 0.000021  -0.022509 0.019639 -0.287088
16  1.099677 0.000049 0.000006  -0.286525 0.346051 -1.053593
17  0.770793 -0.901443 1.177686  -1.865794 -0.596008 -0.315192
18  1.789816 -0.000003 -0.000019  0.005558 0.090197 0.395774
19  1.207016 -0.000011 -0.000044  0.141886 -0.163086 0.233768
20  5.740637 0.000410 -0.000705  -0.066817 0.000003 0.000070
21  11.481127 0.000349 -0.000707  0.010005 -0.168988 0.007014
22  6.027524 -0.000329 0.000203  1.480816 -0.359471 1.572035
23  0.000002 11.692099 -0.000007  -0.803746 -0.286512 -0.654300
24  0.000004 0.000008 -0.000001  -0.515490 -0.000031 1.570739
25  0.000000 -0.000011 -0.000001  0.868957 0.000002 1.570712
26  -6.617934 -9.178503 0.826812  1.473120 1.855075 -0.198639
27  6.027512 -0.000261 -0.000226  1.627976 0.883847 -0.657156
28  11.691991 0.000245 0.000857  0.141447 0.000056 -1.628663
29  11.479332 -0.000874 0.000958  -1.214736 0.291422 0.774469
30  3.859438 -0.132788 1.193062  0.466149 -0.051826 -1.783918
31  1.312559 0.000024 -0.000000  -0.013965 -0.041044 -0.156447
32  0.729345 0.000065 -0.000027  -0.128320 -0.117290 -0.954857
33  3.942047 0.050109 0.430997  0.211501 -0.107596 -1.469120
34  1.539097 0.000010 -0.000000  0.040712 -0.054386 -1.030469
35  1.196300 0.000075 -0.000004  -0.249391 -0.043040 -0.795121
36  3.883411 -0.050502 -0.431087  0.186407 -0.271796 -1.212184
37  1.719563 -0.000080 -0.000003  0.020974 -0.107650 -1.483528
38  1.209197 0.000036 0.000011  -0.324719 0.069674 -0.493483
39  3.859585 -0.149112 -1.331323  -0.094938 -0.084955 -0.411363
40  1.719412 -0.000099 -0.000035  -0.011248 0.001677 -0.960922
41  1.099673 0.000024 0.000007  -0.004984 -0.008084 -0.787926
42  0.805980 -0.359854 -1.318338  0.991670 0.166767 -0.799535
43  1.789779 -0.000009 -0.000042  0.000057 -0.002451 0.133097
44  1.206997 -0.000006 0.000005  0.000372 -0.000070 1.058782
45  5.740572 0.000055 0.000724  0.145222 -0.000014 0.000021
46  11.480810 -0.000140 0.000942  0.053315 0.058586 0.130538
47  6.027514 -0.000273 -0.000238  -0.990508 -0.391044 -1.701437
48  -0.000002 11.691974 -0.000006  -1.105181 0.548681 0.856260
49  0.000002 -0.000001 -0.000001  2.413975 -0.000041 1.570856
50  -0.000006 -0.000015 0.000005  2.272644 -0.000030 1.570865
51  -3.962734 -5.680370 -5.858377  -0.117000 -2.971229 1.486049
52  -0.000000 -0.000000 0.000000  0.008153 -0.000259 0.000009
53  0.000000 -0.000000 -0.000000  1.565115 0.043565 -0.106862
54  -0.922172 -19.567335 -3.839311  -0.881326 0.126427 -1.788541
55  0.000003 0.000001 0.000000  0.000000 -0.000000 -0.000002
56  0.000034 0.000030 0.000001  -1.571902 -0.044449 -0.106509
57  7.202790 -19.259499 -17.055128  1.570796 -0.000000 0.000000
58  -15.417985 4.000748 -22.641926  1.570796 -0.000000 0.000000
59  2.236387 -2.421983 -5.367696  1.570796 -0.000000 0.000000
60  -0.004311 0.001230 -0.000371  0.006898 -0.005534 -0.284229
61  0.826810 10.209643 -4.879054  1.570796 -0.000000 0.000000
62  0.000000 0.000000 0.000000  -0.078727 -3.136056 0.284226
63  0.000000 0.000000 0.000000  1.570796 -0.000000 0.000000
64  -2.528564 -12.650944 -1.584941  1.549353 0.040897 0.013752
65  -0.109379 -1.951951 -1.519204  -0.000000 0.000000 0.000000
66  -0.109379 0.057027 25.399254  -0.000000 0.000000 0.000000
67  -0.109378 -1.856731 0.287231  -0.000000 0.000000 0.000000
68  -0.104047 -4.495923 7.879277  -0.000000 0.000000 0.000000
69  -0.195264 4.332630 -6.347187  -0.000000 0.000000 0.000000
70  -1.290112 3.693284 8.579668  0.022713 -0.014049 -0.017451
71  -0.121470 -1.314581 7.402091  -0.000000 0.000000 0.000000
72  -1.107528 -1.063453 4.061648  -0.000000 0.000000 0.000000
73  0.003659 1.612363 10.733983  -0.000000 -0.000000 0.000693
74  -2.622808 -17.878490 -2.772249  1.549353 0.040897 0.013752
time 53
0  0.000006 0.000000 0.000000  -1.570800 -1.391899 -1.570792
1  -4.849906 3.337897 2.232070  -1.544956 -1.855077 -0.198630
2  6.027524 -0.000325 0.000192  -0.467006 -1.200897 -1.820963
3  11.692111 0.000643 -0.000739  -1.384570 -0.000003 -1.129743
4  11.480609 0.000699 -0.000253  1.534525 -0.952312 0.113567
5  3.859512 -0.142880 -1.192049  -0.507739 -0.034586 -1.573166
6  1.312590 0.000010 0.000009  -0.099219 -0.080836 -0.578266
7  0.729356 0.000054 0.000052  -0.083327 -0.106005 -0.262589
8  3.942144 0.046273 -0.431512  -0.423826 0.326055 -0.977403
9  1.539112 0.000081 0.000005  0.011526 -0.070624 -1.101829
10  1.196331 0.000147 0.000032  0.007038 -0.000117 -0.629733
11  3.883507 -0.047269 0.431381  -0.232037 0.533715 -0.537849
12  1.719573 -0.000028 0.000016  0.011709 -0.105542 -1.237432
13  1.209178 0.000095 0.000014  -0.006673 -0.001106 -0.502906
14  3.859666 -0.138475 1.332410  0.013813 0.511197 -0.350141
15  1.719445 -0.000011 0.000020  -0.022509 0.019639 -0.287088
16  1.099675 0.000046 0.000008  -0.286525 0.346051 -1.053593
17  0.770795 -0.901442 1.177686  -1.865794 -0.596007 -0.315192
18  1.789818 -0.000003 -0.000018  0.005558 0.090197 0.395774
19  1.207017 -0.000012 -0.000044  0.141886 -0.163086 0.233768
20  5.740637 0.000411 -0.000705  -0.066684 0.000003 0.000070
21  11.481129 0.000350 -0.000708  0.010146 -0.169033 0.007081
22  6.027524 -0.000329 0.000203  1.480818 -0.359362 1.571821
23  0.000002 11.692099 -0.000008  -0.803744 -0.286511 -0.654299
24  0.000002 0.000008 -0.000001  -0.515490 -0.000031 1.570739
25  -0.000000 -0.000012 -0.000001  0.868957 0.000002 1.570712
26  -6.617934 -9.178503 0.826812  1.473120 1.855075 -0.198639
27  6.027512 -0.000261 -0.000226  1.627952 0.883938 -0.657164
28  11.691992 0.000245 0.000856  0.141447 0.000056 -1.628590
29  11.479333 -0.000873 0.000958  -1.214104 0.291444 0.774449
30  3.859436 -0.132788 1.193062  0.466149 -0.051826 -1.783918
31  1.312559 0.000025 -0.000000  -0.013965 -0.041044 -0.156447
32  0.729345 0.000066 -0.000028  -0.128320 -0.117290 -0.954857
33  3.942047 0.050109 0.430996  0.211501 -0.107596 -1.469120
34  1.539096 0.000009 -0.000000  0.040712 -0.054386 -1.030469
35  1.196299 0.000076 -0.000005  -0.249391 -0.043040 -0.795120
36  3.883411 -0.050502 -0.431087  0.186407 -0.271796 -1.212184
37  1.719564 -0.000078 -0.000004  0.020974 -0.107650 -1.483528
38  1.209197 0.000035 0.000011  -0.324719 0.069674 -0.493483
39  3.859585 -0.149111 -1.331323  -0.094938 -0.084955 -0.411363
40  1.719412 -0.000100 -0.000035  -0.011248 0.001677 -0.960922
41  1.099673 0.000024 0.000006  -0.004984 -0.008084 -0.787926
42  0.805979 -0.359854 -1.318339  0.991670 0.166767 -0.799535
43  1.789779 -0.000008 -0.000042  0.000057 -0.002451 0.133097
44  1.206997 -0.000006 0.000006  0.000372 -0.000070 1.058782
45  5.740572 0.000056 0.000724  0.145357 -0.000014 0.000021
46  11.480811 -0.000138 0.000941  0.053432 0.058631 0.130508
47  6.027514 -0.000273 -0.000238  -0.990602 -0.391011 -1.701390
48  -0.000001 11.691975 -0.000004  -1.105138 0.548639 0.856236
49  0.000003 0.000000 0.000000  2.413975 -0.000041 1.570856
50  -0.000007 -0.000015 0.000006  2.272644 -0.000030 1.570865
51  -3.961946 -5.680908 -5.857798  -0.116365 -2.971197 1.486065
52  -0.000000 0.000000 0.000000  0.008153 -0.000259 0.000009
53  -0.000000 -0.000000 0.000000  1.565115 0.043565 -0.106862
54  -0.920918 -19.567327 -3.835671  -0.880697 0.126478 -1.788338
55  -0.000000 -0.000000 0.000000  0.000000 -0.000000 -0.000002
56  0.000030 0.000029 0.000001  -1.571901 -0.044449 -0.106509
57  7.202790 -19.259499 -17.055128  1.570796 -0.000000 0.000000
58  -15.417985 4.000748 -22.641926  1.570796 -0.000000 0.000000
59  2.236387 -2.421983 -5.367696  1.570796 -0.000000 0.000000
60  -0.004311 0.001230 -0.000371  0.006898 -0.005534 -0.284229
61  0.826810 10.209643 -4.879054  1.570796 -0.000000 0.000000
62  0.000000 0.000000 0.000000  -0.078727 -3.136056 0.284226
63  0.000000 0.000000 0.000000  1.570796 -0.000000 0.000000
64  -2.529566 -12.650944 -1.582883  1.549260 0.040277 0.013872
65  -0.109379 -1.951951 -1.519206  0.000000 0.000000 0.000000
66  -0.109379 0.057027 25.399250  0.000000 0.000000 0.000000
67  -0.109378 -1.856732 0.287230  0.000000 0.000000 0.000000
68  -0.104047 -4.495924 7.879277  0.000000 0.000000 0.000000
69  -0.195264 4.332631 -6.347187  0.000000 0.000000 0.000000
70  -1.290112 3.693283 8.579669  0.022713 -0.014049 -0.017451
71  -0.121470 -1.314581 7.402087  0.000000 0.000000 0.000000
72  -1.107528 -1.063453 4.061646  0.000000 0.000000 0.000000
73  0.003659 1.612363 10.733981  -0.000000 0.000000 0.000633
74  -2.622425 -17.878603 -2.769808  1.549260 0.040277 0.013872
time 54
0  0.000006 0.000000 0.000000  -1.570800 -1.391899 -1.570792
1  -4.849906 3.337897 2.232070  -1.544956 -1.855077 -0.198630
2  6.027524 -0.000325 0.000192  -0.466958 -1.200987 -1.821193
3  11.692109 0.000643 -0.000739  -1.384570 -0.000003 -1.129751
4  11.480609 0.000699 -0.000251  1.535219 -0.952570 0.113542
5  3.859508 -0.142880 -1.192050  -0.507739 -0.034586 -1.573166
6  1.312590 0.000012 0.000008  -0.099219 -0.080836 -0.578266
7  0.729353 0.000054 0.000048  -0.083327 -0.106005 -0.262589
8  3.942145 0.046273 -0.431512  -0.423826 0.326055 -0.977403
9  1.539113 0.000084 0.000003  0.011526 -0.070624 -1.101829
10  1.196333 0.000146 0.000029  0.007038 -0.000117 -0.629733
11  3.883505 -0.047270 0.431381  -0.232037 0.533715 -0.537849
12  1.719573 -0.000027 0.000016  0.011709 -0.105542 -1.237432
13  1.209178 0.000090 0.000011  -0.006673 -0.001106 -0.502906
14  3.859664 -0.138476 1.332410  0.013813 0.511197 -0.350141
15  1.719445 -0.000012 0.000022  -0.022509 0.019639 -0.287088
16  1.099675 0.000051 0.000005  -0.286525 0.346051 -1.053593
17  0.770795 -0.901442 1.177685  -1.865794 -0.596008 -0.315192
18  1.789817 -0.000003 -0.000019  0.005558 0.090197 0.395774
19  1.207016 -0.000012 -0.000043  0.141886 -0.163086 0.233767
20  5.740636 0.000410 -0.000706  -0.066573 0.000003 0.000071
21  11.481127 0.000350 -0.000709  0.010267 -0.169077 0.007136
22  6.027524 -0.000329 0.000203  1.480824 -0.359270 1.571635
23  0.000002 11.692101 -0.000007  -0.803750 -0.286515 -0.654303
24  0.000004 0.000008 0.000000  -0.515490 -0.000031 1.570739
25  -0.000000 -0.000011 -0.000001  0.868957 0.000002 1.570712
26  -6.617934 -9.178503 0.826812  1.473120 1.855075 -0.198639
27  6.027512 -0.000261 -0.000226  1.627958 0.884019 -0.657156
28  11.691993 0.000243 0.000855  0.141447 0.000056 -1.628531
29  11.479334 -0.000875 0.000957  -1.213568 0.291424 0.774440
30  3.859435 -0.132787 1.193062  0.466149 -0.051826 -1.783918
31  1.312558 0.000027 -0.000000  -0.013965 -0.041044 -0.156447
32  0.729345 0.000065 -0.000028  -0.128320 -0.117290 -0.954857
33  3.942045 0.050109 0.430997  0.211501 -0.107596 -1.469120
34  1.539097 0.000010 0.000001  0.040712 -0.054386 -1.030469
35  1.196300 0.000075 -0.000004  -0.249391 -0.043040 -0.795120
36  3.883411 -0.050501 -0.431087  0.186407 -0.271796 -1.212184
37  1.719563 -0.000078 -0.000003  0.020974 -0.107650 -1.483528
38  1.209197 0.000036 0.000011  -0.324719 0.069674 -0.493483
39  3.859585 -0.149112 -1.331323  -0.094938 -0.084955 -0.411363
40  1.719411 -0.000099 -0.000034  -0.011248 0.001677 -0.960922
41  1.099673 0.000025 0.000007  -0.004984 -0.008084 -0.787926
42  0.805979 -0.359854 -1.318338  0.991669 0.166767 -0.799535
43  1.789779 -0.000009 -0.000043  0.000057 -0.002451 0.133097
44  1.206997 -0.000005 0.000006  0.000372 -0.000070 1.058782
45  5.740572 0.000056 0.000724  0.145474 -0.000014 0.000021
46  11.480811 -0.000139 0.000942  0.053533 0.058662 0.130486
47  6.027514 -0.000273 -0.000238  -0.990675 -0.390967 -1.701359
48  -0.000001 11.691974 -0.000005  -1.105103 0.548605 0.856215
49  0.000001 0.000002 -0.000000  2.413975 -0.000041 1.570856
50  -0.000006 -0.000016 0.000005  2.272644 -0.000030 1.570865
51  -3.961467 -5.681351 -5.857082  -0.115828 -2.971180 1.486098
52  -0.000001 0.000000 0.000001  0.008153 -0.000259 0.000009
53  -0.000000 0.000000 0.000000  1.565115 0.043565 -0.106862
54  -0.919782 -19.567266 -3.832497  -0.880166 0.126531 -1.788147
55  0.000001 -0.000000 -0.000000  0.000000 -0.000000 -0.000002
56  0.000031 0.000029 0.000001  -1.571901 -0.044449 -0.106509
57  7.202790 -19.259499 -17.055128  1.570796 -0.000000 0.000000
58  -15.417985 4.000748 -22.641926  1.570796 -0.000000 0.000000
59  2.236387 -2.421983 -5.367696  1.570796 -0.000000 0.000000
60  -0.004311 0.001230 -0.000371  0.006898 -0.005534 -0.284229
61  0.826810 10.209643 -4.879054  1.570796 -0.000000 0.000000
62  0.000000 0.000000 0.000000  -0.078727 -3.136056 0.284226
63  0.000000 0.000000 0.000000  1.570796 -0.000000 0.000000
64  -2.530472 -12.650944 -1.580983  1.549191 0.039752 0.013994
65  -0.109379 -1.951951 -1.519206  0.000000 0.000000 0.000000
66  -0.109379 0.057027 25.399252  0.000000 0.000000 0.000000
67  -0.109379 -1.856732 0.287230  0.000000 0.000000 0.000000
68  -0.104048 -4.495923 7.879275  0.000000 0.000000 0.000000
69  -0.195264 4.332630 -6.347188  0.000000 0.000000 0.000000
70  -1.290112 3.693283 8.579670  0.022713 -0.014049 -0.017451
71  -0.121470 -1.314581 7.402086  0.000000 0.000000 0.000000
72  -1.107528 -1.063453 4.061647  0.000000 0.000000 0.000000
73  0.003659 1.612363 10.733982  0.000000 0.000000 0.000568
74  -2.622058 -17.878687 -2.767632  1.549191 0.039752 0.013994
time 55
0  0.000006 0.000000 0.000000  -1.570800 -1.391899 -1.570792
1  -4.849906 3.337897 2.232070  -1.544956 -1.855077 -0.198630
2  6.027524 -0.000325 0.000192  -0.466933 -1.201061 -1.821370
3  11.692111 0.000644 -0.000740  -1.384570 -0.000003 -1.129770
4  11.480605 0.000698 -0.000252  1.535784 -0.952812 0.113515
5  3.859510 -0.142880 -1.192049  -0.507739 -0.034586 -1.573166
6  1.312591 0.000012 0.000006  -0.099219 -0.080836 -0.578266
7  0.729356 0.000053 0.000050  -0.083327 -0.106005 -0.262589
8  3.942141 0.046272 -0.431512  -0.423826 0.326055 -0.977403
9  1.539110 0.000084 0.000004  0.011526 -0.070624 -1.101829
10  1.196332 0.000146 0.000030  0.007038 -0.000117 -0.629733
11  3.883504 -0.047269 0.431381  -0.232037 0.533715 -0.537849
12  1.719573 -0.000027 0.000015  0.011709 -0.105542 -1.237432
13  1.209179 0.000094 0.000014  -0.006673 -0.001106 -0.502906
14  3.859663 -0.138476 1.332410  0.013813 0.511197 -0.350141
15  1.719448 -0.000012 0.000022  -0.022509 0.019639 -0.287088
16  1.099678 0.000049 0.000007  -0.286525 0.346051 -1.053593
17  0.770794 -0.901442 1.177686  -1.865794 -0.596007 -0.315192
18  1.789817 -0.000003 -0.000020  0.005558 0.090197 0.395774
19  1.207016 -0.000012 -0.000042  0.141886 -0.163086 0.233768
20  5.740636 0.000410 -0.000704  -0.066488 0.000003 0.000070
21  11.481126 0.000349 -0.000707  0.010365 -0.169119 0.007180
22  6.027524 -0.000329 0.000203  1.480834 -0.359197 1.571477
23  0.000001 11.692098 -0.000008  -0.803762 -0.286524 -0.654312
24  0.000003 0.000009 -0.000000  -0.515490 -0.000031 1.570738
25  -0.000001 -0.000011 -0.000001  0.868957 0.000002 1.570712
26  -6.617934 -9.178503 0.826812  1.473120 1.855075 -0.198639
27  6.027512 -0.000261 -0.000226  1.627997 0.884089 -0.657132
28  11.691992 0.000243 0.000856  0.141447 0.000056 -1.628485
29  11.479333 -0.000874 0.000957  -1.213137 0.291360 0.774443
30  3.859435 -0.132788 1.193062  0.466149 -0.051826 -1.783918
31  1.312558 0.000026 0.000000  -0.013965 -0.041044 -0.156447
32  0.729345 0.000066 -0.000027  -0.128320 -0.117290 -0.954857
33  3.942044 0.050109 0.430997  0.211501 -0.107596 -1.469120
34  1.539096 0.000009 -0.000001  0.040712 -0.054386 -1.030469
35  1.196300 0.000075 -0.000005  -0.249391 -0.043040 -0.795120
36  3.883410 -0.050502 -0.431086  0.186407 -0.271796 -1.212184
37  1.719563 -0.000080 -0.000004  0.020974 -0.107650 -1.483528
38  1.209198 0.000035 0.000012  -0.324719 0.069674 -0.493483
39  3.859584 -0.149112 -1.331323  -0.094938 -0.084955 -0.411363
40  1.719411 -0.000100 -0.000035  -0.011248 0.001677 -0.960922
41  1.099673 0.000024 0.000007  -0.004984 -0.008084 -0.787926
42  0.805978 -0.359854 -1.318338  0.991670 0.166767 -0.799535
43  1.789779 -0.000009 -0.000042  0.000057 -0.002451 0.133097
44  1.206997 -0.000006 0.000005  0.000372 -0.000070 1.058781
45  5.740571 0.000054 0.000724  0.145571 -0.000014 0.000021
46  11.480809 -0.000139 0.000942  0.053619 0.058679 0.130471
47  6.027514 -0.000273 -0.000238  -0.990727 -0.390911 -1.701345
48  -0.000001 11.691974 -0.000007  -1.105077 0.548578 0.856200
49  0.000005 0.000000 -0.000000  2.413975 -0.000041 1.570856
50  -0.000006 -0.000016 0.000004  2.272644 -0.000030 1.570865
51  -3.961315 -5.681686 -5.856226  -0.115397 -2.971179 1.486148
52  0.000000 -0.000000 0.000000  0.008153 -0.000259 0.000009
53  -0.000001 -0.000000 0.000000  1.565115 0.043565 -0.106862
54  -0.918777 -19.567152 -3.829838  -0.879741 0.126586 -1.787970
55  -0.000000 -0.000000 -0.000000  0.000000 -0.000000 -0.000002
56  0.000031 0.000029 0.000001  -1.571901 -0.044449 -0.106509
57  7.202790 -19.259499 -17.055128  1.570796 -0.000000 0.000000
58  -15.417985 4.000748 -22.641926  1.570796 -0.000000 0.000000
59  2.236387 -2.421983 -5.367696  1.570796 -0.000000 0.000000
60  -0.004311 0.001230 -0.000371  0.006898 -0.005534 -0.284229
61  0.826810 10.209643 -4.879054  1.570796 -0.000000 0.000000
62  0.000000 0.000000 0.000000  -0.078727 -3.136056 0.284226
63  0.000000 0.000000 0.000000  1.570796 -0.000000 0.000000
64  -2.531271 -12.650944 -1.579264  1.549148 0.039330 0.014115
65  -0.109379 -1.951951 -1.519205  -0.000000 0.000000 0.000000
66  -0.109379 0.057027 25.399256  -0.000000 0.000000 0.000000
67  -0.109378 -1.856732 0.287230  -0.000000 0.000000 0.000000
68  -0.104047 -4.495923 7.879277  -0.000000 0.000000 0.000000
69  -0.195264 4.332630 -6.347188  -0.000000 0.000000 0.000000
70  -1.290112 3.693283 8.579668  0.022713 -0.014049 -0.017451
71  -0.121470 -1.314581 7.402088  -0.000000 0.000000 0.000000
72  -1.107529 -1.063453 4.061647  -0.000000 0.000000 0.000000
73  0.003659 1.612363 10.733982  0.000000 0.000000 0.000498
74  -2.621712 -17.878740 -2.765758  1.549148 0.039330 0.014115
time 56
0  0.000006 0.000000 0.000000  -1.570800 -1.391899 -1.570792
1  -4.849906 3.337897 2.232070  -1.544956 -1.855077 -0.198630
2  6.027524 -0.000325 0.000192  -0.466936 -1.201115 -1.821488
3  11.692111 0.000644 -0.000739  -1.384570 -0.000003 -1.129803
4  11.480606 0.000700 -0.000252  1.536211 -0.953035 0.113486
5  3.859508 -0.142880 -1.192050  -0.507739 -0.034586 -1.573166
6  1.312590 0.000012 0.000010  -0.099219 -0.080836 -0.578266
7  0.729355 0.000054 0.000049  -0.083327 -0.106005 -0.262589
8  3.942144 0.046273 -0.431512  -0.423826 0.326055 -0.977403
9  1.539112 0.000084 0.000006  0.011526 -0.070624 -1.101829
10  1.196332 0.000144 0.000027  0.007038 -0.000117 -0.629733
11  3.883503 -0.047269 0.431381  -0.232037 0.533715 -0.537849
12  1.719572 -0.000026 0.000016  0.011709 -0.105542 -1.237432
13  1.209179 0.000091 0.000014  -0.006673 -0.001106 -0.502906
14  3.859663 -0.138475 1.332410  0.013813 0.511197 -0.350141
15  1.719448 -0.000012 0.000021  -0.022509 0.019639 -0.287088
16  1.099675 0.000049 0.000007  -0.286525 0.346051 -1.053593
17  0.770795 -0.901442 1.177685  -1.865794 -0.596008 -0.315192
18  1.789818 -0.000004 -0.000016  0.005558 0.090197 0.395774
19  1.207018 -0.000012 -0.000043  0.141886 -0.163086 0.233767
20  5.740636 0.000410 -0.000705  -0.066431 0.000003 0.000070
21  11.481127 0.000349 -0.000708  0.010440 -0.169158 0.007212
22  6.027524 -0.000329 0.000203  1.480850 -0.359145 1.571351
23  0.000002 11.692099 -0.000007  -0.803782 -0.286539 -0.654327
24  0.000003 0.000008 -0.000001  -0.515490 -0.000030 1.570739
25  -0.000001 -0.000011 -0.000002  0.868957 0.000002 1.570712
26  -6.617934 -9.178503 0.826812  1.473120 1.855075 -0.198639
27  6.027512 -0.000261 -0.000226  1.628070 0.884147 -0.657089
28  11.691991 0.000243 0.000857  0.141447 0.000056 -1.628455
29  11.479334 -0.000873 0.000957  -1.212820 0.291251 0.774460
30  3.859436 -0.132788 1.193062  0.466149 -0.051826 -1.783918
31  1.312558 0.000026 0.000000  -0.013965 -0.041044 -0.156447
32  0.729344 0.000066 -0.000027  -0.128320 -0.117290 -0.954857
33  3.942046 0.050109 0.430997  0.211501 -0.107596 -1.469120
34  1.539096 0.000010 -0.000000  0.040712 -0.054386 -1.030469
35  1.196300 0.000076 -0.000004  -0.249391 -0.043040 -0.795120
36  3.883411 -0.050502 -0.431087  0.186407 -0.271796 -1.212184
37  1.719563 -0.000080 -0.000003  0.020974 -0.107650 -1.483528
38  1.209197 0.000036 0.000011  -0.324719 0.069674 -0.493483
39  3.859585 -0.149112 -1.331323  -0.094938 -0.084955 -0.411363
40  1.719412 -0.000099 -0.000035  -0.011248 0.001677 -0.960922
41  1.099673 0.000026 0.000007  -0.004984 -0.008084 -0.787926
42  0.805979 -0.359854 -1.318337  0.991670 0.166767 -0.799535
43  1.789780 -0.000009 -0.000042  0.000057 -0.002451 0.133097
44  1.206997 -0.000007 0.000005  0.000372 -0.000070 1.058781
45  5.740572 0.000056 0.000725  0.145648 -0.000014 0.000021
46  11.480811 -0.000139 0.000942  0.053686 0.058680 0.130465
47  6.027514 -0.000273 -0.000238  -0.990756 -0.390842 -1.701348
48  -0.000001 11.691973 -0.000006  -1.105060 0.548561 0.856190
49  0.000003 -0.000000 0.000000  2.413975 -0.000041 1.570856
50  -0.000006 -0.000016 0.000006  2.272644 -0.000030 1.570865
51  -3.961507 -5.681904 -5.855227  -0.115080 -2.971195 1.486216
52  0.000000 -0.000000 0.000000  0.008153 -0.000259 0.000009
53  0.000000 -0.000000 0.000000  1.565115 0.043565 -0.106862
54  -0.917915 -19.566975 -3.827747  -0.879431 0.126643 -1.787809
55  0.000000 0.000000 -0.000000  0.000000 -0.000000 -0.000002
56  0.000031 0.000029 0.000001  -1.571902 -0.044449 -0.106509
57  7.202790 -19.259499 -17.055128  1.570796 -0.000000 0.000000
58  -15.417985 4.000748 -22.641926  1.570796 -0.000000 0.000000
59  2.236387 -2.421983 -5.367696  1.570796 -0.000000 0.000000
60  -0.004311 0.001230 -0.000371  0.006898 -0.005534 -0.284229
61  0.826810 10.209643 -4.879054  1.570796 -0.000000 0.000000
62  0.000000 0.000000 0.000000  -0.078727 -3.136056 0.284226
63  0.000000 0.000000 0.000000  1.570796 -0.000000 0.000000
64  -2.531952 -12.650944 -1.577747  1.549133 0.039018 0.014236
65  -0.109378 -1.951951 -1.519205  0.000000 -0.000000 0.000000
66  -0.109379 0.057027 25.399254  0.000000 -0.000000 0.000000
67  -0.109378 -1.856732 0.287230  0.000000 -0.000000 0.000000
68  -0.104047 -4.495923 7.879277  0.000000 -0.000000 0.000000
69  -0.195264 4.332631 -6.347189  0.000000 -0.000000 0.000000
70  -1.290112 3.693284 8.579664  0.022713 -0.014049 -0.017451
71  -0.121470 -1.314581 7.402088  0.000000 -0.000000 0.000000
72  -1.107528 -1.063453 4.061646  0.000000 -0.000000 0.000000
73  0.003659 1.612363 10.733983  0.000000 -0.000000 0.000425
74  -2.621387 -17.878765 -2.764215  1.549133 0.039018 0.014236
time 57
0  0.000006 0.000000 0.000000  -1.570800 -1.391899 -1.570792
1  -4.849906 3.337897 2.232070  -1.544956 -1.855077 -0.198630
2  6.027524 -0.000325 0.000192  -0.466962 -1.201151 -1.821551
3  11.692110 0.000644 -0.000740  -1.384570 -0.000003 -1.129845
4  11.480606 0.000700 -0.000251  1.536495 -0.953231 0.113450
5  3.859507 -0.142880 -1.192049  -0.507739 -0.034586 -1.573166
6  1.312589 0.000014 0.000009  -0.099219 -0.080836 -0.578266
7  0.729355 0.000055 0.000050  -0.083327 -0.106005 -0.262589
8  3.942142 0.046273 -0.431512  -0.423826 0.326055 -0.977403
9  1.539111 0.000085 0.000005  0.011526 -0.070624 -1.101829
10  1.196331 0.000144 0.000027  0.007038 -0.000117 -0.629733
11  3.883503 -0.047269 0.431381  -0.232037 0.533715 -0.537849
12  1.719573 -0.000025 0.000016  0.011709 -0.105542 -1.237432
13  1.209178 0.000094 0.000014  -0.006673 -0.001106 -0.502906
14  3.859661 -0.138475 1.332410  0.013813 0.511197 -0.350141
15  1.719448 -0.000012 0.000020  -0.022509 0.019639 -0.287088
16  1.099674 0.000048 0.000007  -0.286525 0.346051 -1.053593
17  0.770793 -0.901442 1.177685  -1.865794 -0.596007 -0.315192
18  1.789819 -0.000003 -0.000018  0.005558 0.090197 0.395774
19  1.207015 -0.000012 -0.000044  0.141886 -0.163086 0.233768
20  5.740636 0.000410 -0.000704  -0.066401 0.000003 0.000071
21  11.481127 0.000350 -0.000708  0.010489 -0.169195 0.007229
22  6.027524 -0.000329 0.000203  1.480869 -0.359113 1.571258
23  0.000003 11.692099 -0.000007  -0.803809 -0.286559 -0.654347
24  0.000004 0.000008 -0.000001  -0.515490 -0.000031 1.570738
25  -0.000000 -0.000011 -0.000002  0.868957 0.000002 1.570712
26  -6.617934 -9.178503 0.826812  1.473120 1.855075 -0.198639
27  6.027512 -0.000261 -0.000226  1.628176 0.884190 -0.657030
28  11.691992 0.000243 0.000856  0.141447 0.000056 -1.628440
29  11.479336 -0.000872 0.000959  -1.212625 0.291097 0.774482
30  3.859436 -0.132787 1.193062  0.466149 -0.051826 -1.783918
31  1.312558 0.000025 -0.000001  -0.013965 -0.041043 -0.156447
32  0.729345 0.000067 -0.000027  -0.128320 -0.117290 -0.954857
33  3.942047 0.050110 0.430997  0.211501 -0.107596 -1.469120
34  1.539097 0.000011 0.000001  0.040712 -0.054386 -1.030469
35  1.196300 0.000076 -0.000004  -0.249391 -0.043040 -0.795120
36  3.883411 -0.050502 -0.431087  0.186407 -0.271796 -1.212184
37  1.719564 -0.000080 -0.000003  0.020974 -0.107650 -1.483528
38  1.209198 0.000036 0.000011  -0.324719 0.069674 -0.493483
39  3.859586 -0.149112 -1.331323  -0.094938 -0.084955 -0.411363
40  1.719412 -0.000100 -0.000035  -0.011248 0.001677 -0.960922
41  1.099673 0.000024 0.000006  -0.004984 -0.008084 -0.787926
42  0.805979 -0.359854 -1.318338  0.991670 0.166767 -0.799535
43  1.789779 -0.000010 -0.000042  0.000057 -0.002451 0.133097
44  1.206997 -0.000006 0.000005  0.000372 -0.000070 1.058781
45  5.740572 0.000056 0.000725  0.145700 -0.000014 0.000021
46  11.480811 -0.000139 0.000942  0.053734 0.058664 0.130467
47  6.027514 -0.000273 -0.000238  -0.990761 -0.390762 -1.701369
48  -0.000002 11.691974 -0.000005  -1.105050 0.548552 0.856185
49  0.000003 -0.000001 -0.000000  2.413975 -0.000041 1.570856
50  -0.000007 -0.000015 0.000005  2.272644 -0.000030 1.570865
51  -3.962060 -5.682020 -5.854125  -0.114886 -2.971224 1.486302
52  -0.000000 0.000000 0.000000  0.008153 -0.000259 0.000009
53  0.000000 0.000000 0.000000  1.565115 0.043565 -0.106862
54  -0.917208 -19.566757 -3.826229  -0.879244 0.126697 -1.787667
55  0.000000 -0.000001 0.000000  0.000000 -0.000000 -0.000002
56  0.000031 0.000028 0.000001  -1.571901 -0.044449 -0.106509
57  7.202790 -19.259499 -17.055128  1.570796 -0.000000 0.000000
58  -15.417985 4.000748 -22.641926  1.570796 -0.000000 0.000000
59  2.236387 -2.421983 -5.367696  1.570796 -0.000000 0.000000
60  -0.004311 0.001230 -0.000371  0.006898 -0.005534 -0.284229
61  0.826810 10.209643 -4.879054  1.570796 -0.000000 0.000000
62  0.000000 0.000000 0.000000  -0.078727 -3.136056 0.284226
63  0.000000 0.000000 0.000000  1.570796 -0.000000 0.000000
64  -2.532502 -12.650944 -1.576455  1.549143 0.038824 0.014355
65  -0.109379 -1.951951 -1.519205  0.000000 -0.000000 -0.000000
66  -0.109379 0.057027 25.399250  0.000000 -0.000000 -0.000000
67  -0.109379 -1.856731 0.287230  0.000000 -0.000000 -0.000000
68  -0.104048 -4.495923 7.879275  0.000000 -0.000000 -0.000000
69  -0.195264 4.332630 -6.347187  0.000000 -0.000000 -0.000000
70  -1.290112 3.693283 8.579670  0.022713 -0.014049 -0.017451
71  -0.121470 -1.314581 7.402086  0.000000 -0.000000 -0.000000
72  -1.107529 -1.063453 4.061646  0.000000 -0.000000 -0.000000
73  0.003659 1.612363 10.733980  0.000000 0.000000 0.000348
74  -2.621086 -17.878761 -2.763005  1.549143 0.038824 0.014355
time 58
0  0.000006 0.000000 0.000000  -1.570800 -1.391899 -1.570792
1  -4.849906 3.337897 2.232070  -1.544956 -1.855077 -0.198630
2  6.027524 -0.000325 0.000192  -0.467007 -1.201169 -1.821562
3  11.692112 0.000643 -0.000740  -1.384570 -0.000003 -1.129895
4  11.480608 0.000699 -0.000251  1.536635 -0.953394 0.113401
5  3.859510 -0.142880 -1.192049  -0.507739 -0.034586 -1.573166
6  1.312590 0.000013 0.000008  -0.099219 -0.080836 -0.578266
7  0.729356 0.000054 0.000049  -0.083327 -0.106005 -0.262589
8  3.942143 0.046273 -0.431512  -0.423826 0.326055 -0.977403
9  1.539111 0.000082 0.000005  0.011526 -0.070624 -1.101829
10  1.196333 0.000144 0.000030  0.007038 -0.000117 -0.629733
11  3.883505 -0.047269 0.431381  -0.232037 0.533715 -0.537849
12  1.719574 -0.000028 0.000015  0.011709 -0.105542 -1.237432
13  1.209179 0.000092 0.000012  -0.006673 -0.001106 -0.502906
14  3.859662 -0.138476 1.332410  0.013813 0.511197 -0.350141
15  1.719449 -0.000013 0.000022  -0.022509 0.019639 -0.287088
16  1.099675 0.000049 0.000006  -0.286525 0.346051 -1.053593
17  0.770797 -0.901442 1.177686  -1.865794 -0.596008 -0.315192
18  1.789820 -0.000003 -0.000017  0.005558 0.090197 0.395774
19  1.207017 -0.000012 -0.000044  0.141886 -0.163086 0.233767
20  5.740636 0.000410 -0.000704  -0.066401 0.000003 0.000070
21  11.481127 0.000350 -0.000708  0.010512 -0.169225 0.007232
22  6.027524 -0.000329 0.000203  1.480890 -0.359099 1.571197
23  0.000002 11.692099 -0.000008  -0.803840 -0.286581 -0.654370
24  0.000004 0.000008 -0.000000  -0.515490 -0.000030 1.570739
25  -0.000000 -0.000011 -0.000002  0.868957 0.000002 1.570712
26  -6.617934 -9.178503 0.826812  1.473120 1.855075 -0.198639
27  6.027512 -0.000261 -0.000226  1.628312 0.884218 -0.656955
28  11.691991 0.000243 0.000856  0.141447 0.000056 -1.628435
29  11.479334 -0.000876 0.000956  -1.212563 0.290904 0.774496
30  3.859435 -0.132788 1.193061  0.466149 -0.051826 -1.783918
31  1.312558 0.000026 -0.000001  -0.013965 -0.041043 -0.156447
32  0.729345 0.000066 -0.000027  -0.128320 -0.117290 -0.954857
33  3.942047 0.050109 0.430997  0.211501 -0.107596 -1.469120
34  1.539097 0.000009 0.000000  0.040712 -0.054386 -1.030469
35  1.196300 0.000075 -0.000004  -0.249391 -0.043040 -0.795120
36  3.883411 -0.050502 -0.431088  0.186407 -0.271796 -1.212184
37  1.719563 -0.000080 -0.000004  0.020974 -0.107650 -1.483528
38  1.209198 0.000035 0.000010  -0.324719 0.069674 -0.493483
39  3.859586 -0.149112 -1.331323  -0.094938 -0.084955 -0.411363
40  1.719411 -0.000099 -0.000035  -0.011248 0.001677 -0.960922
41  1.099674 0.000026 0.000007  -0.004984 -0.008084 -0.787926
42  0.805979 -0.359854 -1.318338  0.991670 0.166767 -0.799535
43  1.789779 -0.000009 -0.000042  0.000057 -0.002451 0.133097
44  1.206997 -0.000007 0.000005  0.000372 -0.000070 1.058781
45  5.740572 0.000054 0.000724  0.145725 -0.000014 0.000021
46  11.480810 -0.000140 0.000941  0.053760 0.058632 0.130475
47  6.027514 -0.000273 -0.000238  -0.990739 -0.390673 -1.701408
48  -0.000003 11.691973 -0.000006  -1.105048 0.548550 0.856183
49  0.000002 -0.000001 -0.000001  2.413975 -0.000041 1.570856
50  -0.000007 -0.000016 0.000005  2.272644 -0.000030 1.570865
51  -3.962991 -5.682065 -5.852978  -0.114822 -2.971257 1.486406
52  0.000000 -0.000000 -0.000000  0.008153 -0.000259 0.000009
53  -0.000000 -0.000000 -0.000001  1.565115 0.043565 -0.106862
54  -0.916669 -19.566509 -3.825274  -0.879185 0.126739 -1.787544
55  0.000000 -0.000000 0.000000  0.000000 -0.000000 -0.000002
56  0.000031 0.000029 0.000001  -1.571901 -0.044449 -0.106509
57  7.202790 -19.259499 -17.055128  1.570796 -0.000000 0.000000
58  -15.417985 4.000748 -22.641926  1.570796 -0.000000 0.000000
59  2.236387 -2.421983 -5.367696  1.570796 -0.000000 0.000000
60  -0.004311 0.001230 -0.000371  0.006898 -0.005534 -0.284229
61  0.826810 10.209643 -4.879054  1.570796 -0.000000 0.000000
62  0.000000 0.000000 0.000000  -0.078727 -3.136056 0.284226
63  0.000000 0.000000 0.000000  1.570796 -0.000000 0.000000
64  -2.532909 -12.650944 -1.575411  1.549170 0.038758 0.014472
65  -0.109379 -1.951951 -1.519205  -0.000000 -0.000000 0.000000
66  -0.109379 0.057027 25.399252  -0.000000 -0.000000 0.000000
67  -0.109379 -1.856732 0.287228  -0.000000 -0.000000 0.000000
68  -0.104048 -4.495923 7.879278  -0.000000 -0.000000 0.000000
69  -0.195264 4.332630 -6.347186  -0.000000 -0.000000 0.000000
70  -1.290112 3.693283 8.579667  0.022713 -0.014049 -0.017451
71  -0.121470 -1.314581 7.402086  -0.000000 -0.000000 0.000000
72  -1.107529 -1.063453 4.061646  -0.000000 -0.000000 0.000000
73  0.003659 1.612363 10.733980  -0.000000 -0.000000 0.000266
74  -2.620811 -17.878738 -2.762115  1.549170 0.038758 0.014472
time 59
0  0.000006 0.000000 0.000000  -1.570800 -1.391899 -1.570792
1  -4.849906 3.337897 2.232070  -1.544956 -1.855077 -0.198630
2  6.027524 -0.000325 0.000192  -0.467062 -1.201168 -1.821525
3  11.692111 0.000643 -0.000739  -1.384570 -0.000003 -1.129947
4  11.480606 0.000700 -0.000253  1.536602 -0.953510 0.113329
5  3.859507 -0.142880 -1.192049  -0.507739 -0.034586 -1.573166
6  1.312590 0.000013 0.000008  -0.099219 -0.080836 -0.578266
7  0.729355 0.000053 0.000051  -0.083327 -0.106005 -0.262589
8  3.942142 0.046273 -0.431512  -0.423826 0.326055 -0.977403
9  1.539111 0.000085 0.000005  0.011526 -0.070624 -1.101829
10  1.196333 0.000146 0.000032  0.007038 -0.000117 -0.629733
11  3.883505 -0.047269 0.431381  -0.232037 0.533715 -0.537849
12  1.719572 -0.000025 0.000014  0.011709 -0.105542 -1.237432
13  1.209179 0.000092 0.000013  -0.006673 -0.001106 -0.502906
14  3.859661 -0.138475 1.332409  0.013813 0.511197 -0.350141
15  1.719445 -0.000012 0.000019  -0.022509 0.019639 -0.287088
16  1.099675 0.000049 0.000007  -0.286525 0.346051 -1.053593
17  0.770794 -0.901442 1.177686  -1.865794 -0.596007 -0.315192
18  1.789819 -0.000003 -0.000017  0.005558 0.090197 0.395774
19  1.207018 -0.000012 -0.000043  0.141886 -0.163086 0.233767
20  5.740636 0.000410 -0.000705  -0.066437 0.000003 0.000071
21  11.481126 0.000351 -0.000710  0.010504 -0.169249 0.007215
22  6.027524 -0.000329 0.000203  1.480911 -0.359104 1.571175
23  0.000002 11.692098 -0.000007  -0.803874 -0.286606 -0.654395
24  0.000004 0.000008 -0.000001  -0.515490 -0.000030 1.570739
25  -0.000001 -0.000011 -0.000000  0.868957 0.000002 1.570712
26  -6.617934 -9.178503 0.826812  1.473120 1.855075 -0.198639
27  6.027512 -0.000261 -0.000226  1.628491 0.884224 -0.656859
28  11.691991 0.000243 0.000856  0.141447 0.000056 -1.628443
29  11.479335 -0.000872 0.000956  -1.212669 0.290660 0.774496
30  3.859435 -0.132787 1.193062  0.466149 -0.051826 -1.783918
31  1.312558 0.000026 -0.000000  -0.013965 -0.041043 -0.156447
32  0.729345 0.000066 -0.000027  -0.128320 -0.117290 -0.954857
33  3.942046 0.050109 0.430997  0.211501 -0.107596 -1.469120
34  1.539097 0.000009 -0.000000  0.040712 -0.054386 -1.030469
35  1.196301 0.000075 -0.000004  -0.249391 -0.043040 -0.795121
36  3.883411 -0.050501 -0.431087  0.186407 -0.271796 -1.212184
37  1.719563 -0.000078 -0.000003  0.020974 -0.107650 -1.483528
38  1.209198 0.000036 0.000011  -0.324719 0.069674 -0.493483
39  3.859586 -0.149111 -1.331324  -0.094938 -0.084955 -0.411363
40  1.719412 -0.000100 -0.000034  -0.011248 0.001677 -0.960922
41  1.099673 0.000026 0.000007  -0.004984 -0.008084 -0.787926
42  0.805979 -0.359854 -1.318339  0.991670 0.166767 -0.799535
43  1.789779 -0.000009 -0.000042  0.000057 -0.002451 0.133097
44  1.206997 -0.000006 0.000005  0.000372 -0.000070 1.058782
45  5.740572 0.000056 0.000723  0.145713 -0.000014 0.000021
46  11.480811 -0.000138 0.000941  0.053758 0.058579 0.130487
47  6.027514 -0.000273 -0.000238  -0.990684 -0.390572 -1.701471
48  -0.000003 11.691975 -0.000006  -1.105052 0.548554 0.856186
49  0.000003 -0.000002 -0.000000  2.413975 -0.000041 1.570856
50  -0.000007 -0.000015 0.000005  2.272644 -0.000030 1.570865
51  -3.964421 -5.682039 -5.851770  -0.114921 -2.971292 1.486534
52  -0.000000 -0.000000 0.000000  0.008153 -0.000259 0.000009
53  -0.000000 -0.000000 -0.000000  1.565115 0.043565 -0.106862
54  -0.916371 -19.566229 -3.824952  -0.879288 0.126760 -1.787446
55  0.000001 0.000000 -0.000000  0.000000 -0.000000 -0.000002
56  0.000030 0.000029 0.000001  -1.571902 -0.044449 -0.106509
57  7.202790 -19.259499 -17.055128  1.570796 -0.000000 0.000000
58  -15.417985 4.000748 -22.641926  1.570796 -0.000000 0.000000
59  2.236387 -2.421983 -5.367696  1.570796 -0.000000 0.000000
60  -0.004311 0.001230 -0.000371  0.006898 -0.005534 -0.284229
61  0.826810 10.209643 -4.879054  1.570796 -0.000000 0.000000
62  0.000000 0.000000 0.000000  -0.078727 -3.136056 0.284226
63  0.000000 0.000000 0.000000  1.570796 -0.000000 0.000000
64  -2.533163 -12.650944 -1.574638  1.549215 0.038852 0.014584
65  -0.109379 -1.951951 -1.519205  -0.000000 -0.000000 -0.000000
66  -0.109379 0.057027 25.399248  -0.000000 -0.000000 -0.000000
67  -0.109379 -1.856732 0.287230  -0.000000 -0.000000 -0.000000
68  -0.104048 -4.495924 7.879275  -0.000000 -0.000000 -0.000000
69  -0.195264 4.332630 -6.347188  -0.000000 -0.000000 -0.000000
70  -1.290112 3.693283 8.579666  0.022713 -0.014049 -0.017451
71  -0.121470 -1.314581 7.402087  -0.000000 -0.000000 -0.000000
72  -1.107528 -1.063453 4.061648  -0.000000 -0.000000 -0.000000
73  0.003659 1.612363 10.733983  -0.000000 0.000000 0.000181
74  -2.620599 -17.878696 -2.761558  1.549215 0.038852 0.014584
time 60
0  0.000006 0.000000 0.000000  -1.570800 -1.391899 -1.570792
1  -4.849906 3.337897 2.232070  -1.544956 -1.855077 -0.198630
2  6.027524 -0.000325 0.000192  -0.467123 -1.201148 -1.821442
3  11.692110 0.000642 -0.000740  -1.384570 -0.000003 -1.129999
4  11.480604 0.000699 -0.000250  1.536378 -0.953571 0.113229
5  3.859510 -0.142879 -1.192049  -0.507739 -0.034586 -1.573166
6  1.312591 0.000012 0.000010  -0.099219 -0.080836 -0.578266
7  0.729355 0.000054 0.000050  -0.083327 -0.106005 -0.262589
8  3.942142 0.046273 -0.431512  -0.423826 0.326055 -0.977403
9  1.539111 0.000083 0.000005  0.011526 -0.070624 -1.101829
10  1.196332 0.000143 0.000028  0.007038 -0.000117 -0.629733
11  3.883505 -0.047269 0.431381  -0.232037 0.533715 -0.537849
12  1.719573 -0.000027 0.000014  0.011709 -0.105542 -1.237432
13  1.209179 0.000091 0.000012  -0.006673 -0.001106 -0.502906
14  3.859661 -0.138475 1.332409  0.013813 0.511197 -0.350141
15  1.719448 -0.000011 0.000025  -0.022509 0.019639 -0.287088
16  1.099675 0.000048 0.000007  -0.286525 0.346051 -1.053593
17  0.770793 -0.901442 1.177685  -1.865794 -0.596007 -0.315192
18  1.789819 -0.000004 -0.000019  0.005558 0.090197 0.395774
19  1.207017 -0.000012 -0.000043  0.141886 -0.163086 0.233767
20  5.740637 0.000410 -0.000704  -0.066511 0.000003 0.000070
21  11.481127 0.000349 -0.000708  0.010460 -0.169264 0.007176
22  6.027524 -0.000329 0.000203  1.480928 -0.359130 1.571196
23  0.000002 11.692098 -0.000007  -0.803906 -0.286630 -0.654419
24  0.000004 0.000009 0.000000  -0.515490 -0.000030 1.570739
25  -0.000000 -0.000011 -0.000002  0.868957 0.000002 1.570712
26  -6.617934 -9.178503 0.826812  1.473120 1.855075 -0.198639
27  6.027512 -0.000261 -0.000226  1.628715 0.884209 -0.656740
28  11.691992 0.000244 0.000855  0.141447 0.000056 -1.628461
29  11.479334 -0.000873 0.000958  -1.212966 0.290363 0.774473
30  3.859436 -0.132787 1.193062  0.466149 -0.051826 -1.783918
31  1.312558 0.000025 0.000000  -0.013965 -0.041044 -0.156447
32  0.729344 0.000066 -0.000028  -0.128320 -0.117290 -0.954857
33  3.942046 0.050109 0.430997  0.211501 -0.107596 -1.469120
34  1.539097 0.000009 -0.000000  0.040712 -0.054386 -1.030469
35  1.196301 0.000076 -0.000004  -0.249391 -0.043040 -0.795121
36  3.883411 -0.050502 -0.431087  0.186407 -0.271796 -1.212184
37  1.719563 -0.000079 -0.000003  0.020974 -0.107650 -1.483528
38  1.209198 0.000035 0.000011  -0.324719 0.069674 -0.493483
39  3.859585 -0.149112 -1.331323  -0.094938 -0.084955 -0.411363
40  1.719410 -0.000100 -0.000034  -0.011248 0.001677 -0.960922
41  1.099673 0.000026 0.000008  -0.004984 -0.008084 -0.787926
42  0.805979 -0.359854 -1.318338  0.991670 0.166767 -0.799535
43  1.789779 -0.000009 -0.000042  0.000057 -0.002451 0.133097
44  1.206996 -0.000007 0.000005  0.000372 -0.000070 1.058782
45  5.740572 0.000055 0.000724  0.145659 -0.000014 0.000021
46  11.480810 -0.000138 0.000942  0.053725 0.058504 0.130506
47  6.027514 -0.000273 -0.000238  -0.990592 -0.390457 -1.701560
48  -0.000003 11.691974 -0.000007  -1.105063 0.548565 0.856192
49  0.000003 0.000000 -0.000000  2.413975 -0.000041 1.570856
50  -0.000008 -0.000015 0.000005  2.272644 -0.000030 1.570865
51  -3.966411 -5.681951 -5.850507  -0.115204 -2.971325 1.486686
52  -0.000000 -0.000000 0.000000  0.008153 -0.000259 0.000009
53  -0.000000 0.000000 -0.000000  1.565115 0.043565 -0.106862
54  -0.916352 -19.565937 -3.825301  -0.879570 0.126756 -1.787377
55  -0.000001 0.000000 -0.000001  0.000000 -0.000000 -0.000002
56  0.000028 0.000029 0.000000  -1.571901 -0.044449 -0.106509
57  7.202790 -19.259499 -17.055128  1.570796 -0.000000 0.000000
58  -15.417985 4.000748 -22.641926  1.570796 -0.000000 0.000000
59  2.236387 -2.421983 -5.367696  1.570796 -0.000000 0.000000
60  -0.004311 0.001230 -0.000371  0.006898 -0.005534 -0.284229
61  0.826810 10.209643 -4.879054  1.570796 -0.000000 0.000000
62  0.000000 0.000000 0.000000  -0.078727 -3.136056 0.284226
63  0.000000 0.000000 0.000000  1.570796 -0.000000 0.000000
64  -2.533250 -12.650944 -1.574157  1.549275 0.039126 0.014691
65  -0.109378 -1.951951 -1.519206  0.000000 0.000000 0.000000
66  -0.109379 0.057027 25.399256  0.000000 0.000000 0.000000
67  -0.109378 -1.856732 0.287229  0.000000 0.000000 0.000000
68  -0.104047 -4.495923 7.879274  0.000000 0.000000 0.000000
69  -0.195264 4.332630 -6.347188  0.000000 0.000000 0.000000
70  -1.290112 3.693283 8.579667  0.022713 -0.014049 -0.017451
71  -0.121470 -1.314581 7.402088  0.000000 0.000000 0.000000
72  -1.107528 -1.063453 4.061647  0.000000 0.000000 0.000000
73  0.003659 1.612363 10.733981  0.000000 -0.000000 0.000092
74  -2.620465 -17.878639 -2.761345  1.549275 0.039126 0.014691
time 61
0  0.000006 0.000000 0.000000  -1.570800 -1.391899 -1.570792
1  -4.849906 3.337897 2.232070  -1.544956 -1.855077 -0.198630
2  6.027524 -0.000325 0.000192  -0.467196 -1.201108 -1.821306
3  11.692111 0.000643 -0.000739  -1.384570 -0.000003 -1.130054
4  11.480606 0.000700 -0.000250  1.535975 -0.953578 0.113103
5  3.859507 -0.142879 -1.192050  -0.507739 -0.034586 -1.573166
6  1.312589 0.000013 0.000007  -0.099219 -0.080836 -0.578266
7  0.729354 0.000053 0.000051  -0.083327 -0.106005 -0.262589
8  3.942142 0.046273 -0.431512  -0.423826 0.326055 -0.977403
9  1.539111 0.000084 0.000005  0.011526 -0.070624 -1.101829
10  1.196331 0.000147 0.000028  0.007038 -0.000117 -0.629733
11  3.883504 -0.047269 0.431381  -0.232037 0.533715 -0.537849
12  1.719573 -0.000028 0.000014  0.011709 -0.105542 -1.237432
13  1.209179 0.000091 0.000013  -0.006673 -0.001106 -0.502906
14  3.859662 -0.138475 1.332410  0.013813 0.511197 -0.350141
15  1.719445 -0.000012 0.000021  -0.022509 0.019639 -0.287088
16  1.099676 0.000047 0.000007  -0.286525 0.346051 -1.053593
17  0.770793 -0.901442 1.177686  -1.865794 -0.596007 -0.315192
18  1.789816 -0.000003 -0.000018  0.005558 0.090197 0.395774
19  1.207017 -0.000012 -0.000042  0.141886 -0.163086 0.233767
20  5.740637 0.000410 -0.000702  -0.066622 0.000003 0.000071
21  11.481128 0.000350 -0.000707  0.010382 -0.169270 0.007116
22  6.027524 -0.000329 0.000203  1.480945 -0.359175 1.571257
23  0.000002 11.692099 -0.000007  -0.803941 -0.286655 -0.654444
24  0.000005 0.000010 -0.000002  -0.515490 -0.000030 1.570739
25  -0.000001 -0.000011 -0.000001  0.868957 0.000002 1.570712
26  -6.617934 -9.178503 0.826812  1.473120 1.855075 -0.198639
27  6.027512 -0.000261 -0.000226  1.628977 0.884171 -0.656601
28  11.691991 0.000242 0.000855  0.141447 0.000056 -1.628490
29  11.479331 -0.000873 0.000957  -1.213438 0.290021 0.774428
30  3.859436 -0.132788 1.193061  0.466149 -0.051826 -1.783918
31  1.312558 0.000024 0.000000  -0.013965 -0.041044 -0.156447
32  0.729345 0.000065 -0.000027  -0.128320 -0.117290 -0.954857
33  3.942045 0.050109 0.430997  0.211501 -0.107596 -1.469120
34  1.539097 0.000011 -0.000000  0.040712 -0.054386 -1.030469
35  1.196300 0.000075 -0.000004  -0.249391 -0.043040 -0.795120
36  3.883411 -0.050502 -0.431087  0.186407 -0.271796 -1.212184
37  1.719563 -0.000079 -0.000003  0.020974 -0.107650 -1.483528
38  1.209198 0.000035 0.000011  -0.324719 0.069674 -0.493483
39  3.859585 -0.149112 -1.331323  -0.094938 -0.084955 -0.411363
40  1.719412 -0.000099 -0.000035  -0.011248 0.001677 -0.960922
41  1.099673 0.000024 0.000007  -0.004984 -0.008084 -0.787926
42  0.805979 -0.359854 -1.318338  0.991670 0.166767 -0.799535
43  1.789780 -0.000010 -0.000042  0.000057 -0.002451 0.133097
44  1.206997 -0.000006 0.000006  0.000372 -0.000070 1.058782
45  5.740572 0.000055 0.000724  0.145567 -0.000014 0.000021
46  11.480809 -0.000139 0.000941  0.053664 0.058407 0.130528
47  6.027514 -0.000273 -0.000238  -0.990467 -0.390332 -1.701671
48  -0.000002 11.691974 -0.000006  -1.105080 0.548582 0.856202
49  0.000004 -0.000001 -0.000000  2.413975 -0.000041 1.570856
50  -0.000007 -0.000016 0.000005  2.272644 -0.000030 1.570865
51  -3.968890 -5.681800 -5.849235  -0.115656 -2.971355 1.486861
52  -0.000000 0.000000 0.000001  0.008153 -0.000259 0.000009
53  -0.000000 0.000000 0.000000  1.565115 0.043565 -0.106862
54  -0.916574 -19.565626 -3.826319  -0.880020 0.126727 -1.787336
55  -0.000000 -0.000001 -0.000001  0.000000 -0.000000 -0.000002
56  0.000029 0.000028 0.000001  -1.571901 -0.044449 -0.106509
57  7.202790 -19.259499 -17.055128  1.570796 -0.000000 0.000000
58  -15.417985 4.000748 -22.641926  1.570796 -0.000000 0.000000
59  2.236387 -2.421983 -5.367696  1.570796 -0.000000 0.000000
60  -0.004311 0.001230 -0.000371  0.006898 -0.005534 -0.284229
61  0.826810 10.209643 -4.879054  1.570796 -0.000000 0.000000
62  0.000000 0.000000 0.000000  -0.078727 -3.136056 0.284226
63  0.000000 0.000000 0.000000  1.570796 -0.000000 0.000000
64  -2.533155 -12.650944 -1.573992  1.549349 0.039567 0.014792
65  -0.109379 -1.951951 -1.519204  0.000000 -0.000000 0.000000
66  -0.109379 0.057027 25.399254  0.000000 -0.000000 0.000000
67  -0.109379 -1.856732 0.287230  0.000000 -0.000000 0.000000
68  -0.104048 -4.495923 7.879277  0.000000 -0.000000 0.000000
69  -0.195264 4.332631 -6.347187  0.000000 -0.000000 0.000000
70  -1.290112 3.693283 8.579669  0.022713 -0.014049 -0.017451
71  -0.121471 -1.314581 7.402089  0.000000 -0.000000 0.000000
72  -1.107529 -1.063453 4.061647  0.000000 -0.000000 0.000000
73  0.003659 1.612363 10.733984  0.000000 -0.000000 0.000000
74  -2.620382 -17.878567 -2.761496  1.549349 0.039567 0.014792
time 62
0  0.000006 0.000000 0.000000  -1.570800 -1.391899 -1.570792
1  -4.849906 3.337897 2.232070  -1.544956 -1.855077 -0.198630
2  6.027524 -0.000325 0.000192  -0.467286 -1.201048 -1.821118
3  11.692111 0.000642 -0.000740  -1.384570 -0.000003 -1.130111
4  11.480602 0.000699 -0.000252  1.535407 -0.953535 0.112955
5  3.859506 -0.142879 -1.192050  -0.507739 -0.034586 -1.573166
6  1.312590 0.000014 0.000008  -0.099219 -0.080836 -0.578266
7  0.729355 0.000054 0.000049  -0.083327 -0.106005 -0.262589
8  3.942142 0.046273 -0.431512  -0.423826 0.326055 -0.977403
9  1.539111 0.000086 0.000006  0.011527 -0.070624 -1.101829
10  1.196334 0.000144 0.000026  0.007038 -0.000117 -0.629733
11  3.883504 -0.047269 0.431381  -0.232037 0.533715 -0.537849
12  1.719574 -0.000026 0.000015  0.011709 -0.105542 -1.237432
13  1.209179 0.000092 0.000012  -0.006673 -0.001106 -0.502906
14  3.859660 -0.138475 1.332410  0.013813 0.511197 -0.350141
15  1.719445 -0.000013 0.000023  -0.022509 0.019639 -0.287088
16  1.099676 0.000050 0.000006  -0.286525 0.346051 -1.053593
17  0.770792 -0.901442 1.177686  -1.865794 -0.596007 -0.315192
18  1.789820 -0.000003 -0.000019  0.005558 0.090197 0.395774
19  1.207013 -0.000012 -0.000043  0.141886 -0.163086 0.233768
20  5.740636 0.000411 -0.000705  -0.066767 0.000003 0.000070
21  11.481125 0.000350 -0.000711  0.010275 -0.169268 0.007039
22  6.027524 -0.000329 0.000203  1.480963 -0.359241 1.571356
23  0.000003 11.692099 -0.000008  -0.803977 -0.286682 -0.654471
24  0.000003 0.000008 -0.000001  -0.515490 -0.000031 1.570739
25  -0.000000 -0.000011 -0.000002  0.868957 0.000002 1.570712
26  -6.617934 -9.178503 0.826812  1.473120 1.855075 -0.198639
27  6.027512 -0.000261 -0.000226  1.629270 0.884111 -0.656447
28  11.691991 0.000244 0.000856  0.141447 0.000056 -1.628529
29  11.479331 -0.000873 0.000957  -1.214072 0.289639 0.774363
30  3.859437 -0.132788 1.193062  0.466149 -0.051826 -1.783918
31  1.312558 0.000024 -0.000000  -0.013965 -0.041044 -0.156447
32  0.729345 0.000065 -0.000027  -0.128320 -0.117290 -0.954857
33  3.942047 0.050109 0.430997  0.211501 -0.107596 -1.469120
34  1.539096 0.000010 0.000000  0.040712 -0.054386 -1.030469
35  1.196300 0.000075 -0.000004  -0.249391 -0.043040 -0.795120
36  3.883411 -0.050502 -0.431086  0.186407 -0.271796 -1.212184
37  1.719564 -0.000080 -0.000004  0.020974 -0.107650 -1.483528
38  1.209198 0.000035 0.000011  -0.324719 0.069674 -0.493483
39  3.859586 -0.149112 -1.331322  -0.094938 -0.084955 -0.411363
40  1.719412 -0.000100 -0.000035  -0.011248 0.001677 -0.960922
41  1.099673 0.000024 0.000007  -0.004984 -0.008084 -0.787926
42  0.805979 -0.359854 -1.318337  0.991670 0.166767 -0.799535
43  1.789779 -0.000009 -0.000042  0.000057 -0.002451 0.133097
44  1.206996 -0.000007 0.000005  0.000372 -0.000070 1.058782
45  5.740571 0.000056 0.000724  0.145440 -0.000014 0.000021
46  11.480810 -0.000138 0.000942  0.053575 0.058292 0.130555
47  6.027514 -0.000273 -0.000238  -0.990310 -0.390201 -1.701803
48  -0.000001 11.691974 -0.000006  -1.105103 0.548604 0.856215
49  0.000004 0.000001 -0.000001  2.413975 -0.000041 1.570856
50  -0.000007 -0.000016 0.000005  2.272644 -0.000030 1.570865
51  -3.971800 -5.681594 -5.847988  -0.116266 -2.971384 1.487056
52  0.000000 0.000000 0.000000  0.008153 -0.000259 0.000009
53  0.000001 -0.000000 0.000001  1.565115 0.043565 -0.106862
54  -0.917010 -19.565302 -3.827986  -0.880624 0.126676 -1.787321
55  0.000000 0.000000 -0.000000  0.000000 -0.000000 -0.000002
56  0.000029 0.000029 0.000000  -1.571902 -0.044449 -0.106509
57  7.202790 -19.259499 -17.055128  1.570796 -0.000000 0.000000
58  -15.417985 4.000748 -22.641926  1.570796 -0.000000 0.000000
59  2.236387 -2.421983 -5.367696  1.570796 -0.000000 0.000000
60  -0.004311 0.001230 -0.000371  0.006898 -0.005534 -0.284229
61  0.826810 10.209643 -4.879054  1.570796 -0.000000 0.000000
62  0.000000 0.000000 0.000000  -0.078727 -3.136056 0.284226
63  0.000000 0.000000 0.000000  1.570796 -0.000000 0.000000
64  -2.532881 -12.650944 -1.574151  1.549437 0.040162 0.014887
65  -0.109379 -1.951951 -1.519205  0.000000 -0.000000 0.000000
66  -0.109379 0.057027 25.399254  0.000000 -0.000000 0.000000
67  -0.109379 -1.856732 0.287229  0.000000 -0.000000 0.000000
68  -0.104048 -4.495924 7.879277  0.000000 -0.000000 0.000000
69  -0.195264 4.332631 -6.347189  0.000000 -0.000000 0.000000
70  -1.290112 3.693284 8.579667  0.022713 -0.014049 -0.017451
71  -0.121471 -1.314581 7.402088  0.000000 -0.000000 0.000000
72  -1.107529 -1.063453 4.061647  0.000000 -0.000000 0.000000
73  0.003659 1.612363 10.733983  -0.000000 -0.000000 -0.000099
74  -2.620338 -17.878481 -2.762015  1.549437 0.040162 0.014887
time 63
0  0.000006 0.000000 0.000000  -1.570800 -1.391899 -1.570792
1  -4.849906 3.337897 2.232070  -1.544956 -1.855077 -0.198630
2  6.027524 -0.000325 0.000192  -0.467389 -1.200971 -1.820881
3  11.692112 0.000642 -0.000740  -1.384570 -0.000003 -1.130172
4  11.480603 0.000699 -0.000251  1.534686 -0.953445 0.112786
5  3.859509 -0.142879 -1.192050  -0.507739 -0.034586 -1.573166
6  1.312590 0.000013 0.000009  -0.099219 -0.080836 -0.578266
7  0.729355 0.000054 0.000053  -0.083327 -0.106005 -0.262589
8  3.942143 0.046273 -0.431512  -0.423827 0.326055 -0.977403
9  1.539113 0.000085 0.000004  0.011526 -0.070624 -1.101829
10  1.196332 0.000145 0.000028  0.007038 -0.000117 -0.629733
11  3.883505 -0.047269 0.431381  -0.232037 0.533715 -0.537849
12  1.719573 -0.000025 0.000013  0.011709 -0.105542 -1.237432
13  1.209180 0.000091 0.000011  -0.006673 -0.001107 -0.502906
14  3.859662 -0.138476 1.332409  0.013813 0.511197 -0.350141
15  1.719449 -0.000012 0.000021  -0.022509 0.019639 -0.287088
16  1.099674 0.000049 0.000005  -0.286525 0.346051 -1.053593
17  0.770794 -0.901442 1.177685  -1.865794 -0.596007 -0.315192
18  1.789820 -0.000003 -0.000018  0.005558 0.090197 0.395774
19  1.207016 -0.000012 -0.000044  0.141886 -0.163086 0.233768
20  5.740636 0.000410 -0.000705  -0.066943 0.000003 0.000071
21  11.481125 0.000349 -0.000709  0.010139 -0.169259 0.006943
22  6.027524 -0.000329 0.000203  1.480981 -0.359325 1.571490
23  0.000003 11.692100 -0.000007  -0.804016 -0.286711 -0.654500
24  0.000004 0.000008 -0.000001  -0.515490 -0.000030 1.570738
25  -0.000000 -0.000011 -0.000001  0.868957 0.000002 1.570712
26  -6.617934 -9.178503 0.826812  1.473120 1.855075 -0.198639
27  6.027512 -0.000261 -0.000226  1.629591 0.884033 -0.656279
28  11.691992 0.000243 0.000855  0.141447 0.000056 -1.628578
29  11.479331 -0.000874 0.000958  -1.214855 0.289222 0.774281
30  3.859436 -0.132787 1.193061  0.466149 -0.051826 -1.783918
31  1.312558 0.000026 0.000000  -0.013965 -0.041044 -0.156447
32  0.729345 0.000066 -0.000028  -0.128320 -0.117290 -0.954857
33  3.942046 0.050109 0.430996  0.211501 -0.107596 -1.469120
34  1.539096 0.000010 0.000001  0.040712 -0.054386 -1.030469
35  1.196301 0.000075 -0.000004  -0.249391 -0.043040 -0.795120
36  3.883411 -0.050502 -0.431087  0.186407 -0.271796 -1.212184
37  1.719564 -0.000079 -0.000004  0.020974 -0.107650 -1.483528
38  1.209198 0.000035 0.000010  -0.324719 0.069674 -0.493483
39  3.859585 -0.149111 -1.331323  -0.094938 -0.084955 -0.411363
40  1.719411 -0.000099 -0.000035  -0.011248 0.001677 -0.960922
41  1.099673 0.000024 0.000006  -0.004984 -0.008084 -0.787926
42  0.805979 -0.359854 -1.318338  0.991670 0.166767 -0.799535
43  1.789779 -0.000010 -0.000042  0.000057 -0.002451 0.133097
44  1.206997 -0.000006 0.000005  0.000372 -0.000070 1.058782
45  5.740572 0.000055 0.000725  0.145279 -0.000014 0.000021
46  11.480810 -0.000140 0.000942  0.053462 0.058160 0.130585
47  6.027514 -0.000273 -0.000238  -0.990126 -0.390065 -1.701954
48  -0.000000 11.691974 -0.000006  -1.105131 0.548632 0.856231
49  0.000003 -0.000001 0.000000  2.413975 -0.000041 1.570856
50  -0.000006 -0.000015 0.000005  2.272644 -0.000030 1.570865
51  -3.975096 -5.681335 -5.846766  -0.117019 -2.971411 1.487267
52  -0.000000 -0.000000 -0.000001  0.008153 -0.000259 0.000009
53  -0.000000 0.000000 -0.000000  1.565115 0.043565 -0.106862
54  -0.917648 -19.564964 -3.830255  -0.881369 0.126605 -1.787331
55  -0.000002 -0.000000 0.000000  0.000000 -0.000000 -0.000002
56  0.000029 0.000029 0.000001  -1.571901 -0.044449 -0.106509
57  7.202790 -19.259499 -17.055128  1.570796 -0.000000 0.000000
58  -15.417985 4.000748 -22.641926  1.570796 -0.000000 0.000000
59  2.236387 -2.421983 -5.367696  1.570796 -0.000000 0.000000
60  -0.004311 0.001230 -0.000371  0.006898 -0.005534 -0.284229
61  0.826810 10.209643 -4.879054  1.570796 -0.000000 0.000000
62  0.000000 0.000000 0.000000  -0.078727 -3.136056 0.284226
63  0.000000 0.000000 0.000000  1.570796 -0.000000 0.000000
64  -2.532439 -12.650944 -1.574612  1.549537 0.040897 0.014975
65  -0.109378 -1.951951 -1.519205  -0.000000 -0.000000 -0.000000
66  -0.109379 0.057027 25.399250  -0.000000 -0.000000 -0.000000
67  -0.109379 -1.856732 0.287230  -0.000000 -0.000000 -0.000000
68  -0.104047 -4.495924 7.879279  -0.000000 -0.000000 -0.000000
69  -0.195264 4.332631 -6.347188  -0.000000 -0.000000 -0.000000
70  -1.290112 3.693284 8.579668  0.022713 -0.014049 -0.017451
71  -0.121470 -1.314581 7.402088  -0.000000 -0.000000 -0.000000
72  -1.107528 -1.063453 4.061650  -0.000000 -0.000000 -0.000000
73  0.003659 1.612363 10.733982  -0.000000 -0.000000 -0.000206
74  -2.620332 -17.878382 -2.762877  1.549537 0.040897 0.014975
time 64
0  0.000006 0.000000 0.000000  -1.570800 -1.391899 -1.570792
1  -4.849906 3.337897 2.232070  -1.544956 -1.855077 -0.198630
2  6.027524 -0.000325 0.000192  -0.467504 -1.200877 -1.820601
3  11.692110 0.000644 -0.000739  -1.384570 -0.000003 -1.130235
4  11.480603 0.000699 -0.000252  1.533826 -0.953312 0.112599
5  3.859510 -0.142880 -1.192050  -0.507739 -0.034586 -1.573166
6  1.312589 0.000012 0.000009  -0.099219 -0.080836 -0.578266
7  0.729354 0.000054 0.000049  -0.083327 -0.106005 -0.262589
8  3.942143 0.046273 -0.431512  -0.423826 0.326055 -0.977403
9  1.539111 0.000086 0.000007  0.011527 -0.070624 -1.101829
10  1.196334 0.000145 0.000030  0.007038 -0.000117 -0.629733
11  3.883505 -0.047269 0.431381  -0.232037 0.533715 -0.537849
12  1.719573 -0.000026 0.000016  0.011709 -0.105542 -1.237432
13  1.209179 0.000094 0.000012  -0.006673 -0.001106 -0.502906
14  3.859663 -0.138475 1.332409  0.013813 0.511197 -0.350141
15  1.719447 -0.000013 0.000021  -0.022509 0.019639 -0.287088
16  1.099676 0.000048 0.000006  -0.286525 0.346051 -1.053593
17  0.770795 -0.901442 1.177686  -1.865794 -0.596007 -0.315192
18  1.789820 -0.000003 -0.000017  0.005558 0.090197 0.395774
19  1.207013 -0.000011 -0.000044  0.141886 -0.163086 0.233767
20  5.740636 0.000410 -0.000704  -0.067146 0.000003 0.000070
21  11.481126 0.000350 -0.000708  0.009977 -0.169242 0.006833
22  6.027524 -0.000329 0.000203  1.480999 -0.359426 1.571657
23  0.000002 11.692098 -0.000007  -0.804055 -0.286740 -0.654529
24  0.000003 0.000010 -0.000000  -0.515490 -0.000031 1.570738
25  -0.000001 -0.000012 -0.000001  0.868957 0.000002 1.570712
26  -6.617934 -9.178503 0.826812  1.473120 1.855075 -0.198639
27  6.027512 -0.000261 -0.000226  1.629936 0.883936 -0.656098
28  11.691991 0.000243 0.000854  0.141447 0.000056 -1.628634
29  11.479332 -0.000875 0.000957  -1.215772 0.288776 0.774182
30  3.859436 -0.132788 1.193062  0.466149 -0.051826 -1.783918
31  1.312558 0.000025 -0.000000  -0.013965 -0.041044 -0.156447
32  0.729345 0.000065 -0.000027  -0.128320 -0.117290 -0.954857
33  3.942046 0.050109 0.430998  0.211501 -0.107596 -1.469120
34  1.539096 0.000010 -0.000000  0.040712 -0.054386 -1.030469
35  1.196300 0.000076 -0.000004  -0.249391 -0.043040 -0.795120
36  3.883411 -0.050502 -0.431087  0.186407 -0.271796 -1.212184
37  1.719563 -0.000078 -0.000004  0.020974 -0.107650 -1.483528
38  1.209196 0.000036 0.000011  -0.324719 0.069674 -0.493483
39  3.859584 -0.149112 -1.331323  -0.094938 -0.084955 -0.411363
40  1.719412 -0.000100 -0.000035  -0.011248 0.001677 -0.960922
41  1.099673 0.000025 0.000007  -0.004984 -0.008084 -0.787926
42  0.805978 -0.359854 -1.318338  0.991670 0.166767 -0.799535
43  1.789780 -0.000010 -0.000042  0.000057 -0.002451 0.133097
44  1.206996 -0.000006 0.000005  0.000373 -0.000070 1.058781
45  5.740572 0.000054 0.000724  0.145087 -0.000014 0.000021
46  11.480811 -0.000140 0.000941  0.053325 0.058013 0.130618
47  6.027514 -0.000273 -0.000238  -0.989917 -0.389924 -1.702120
48  -0.000002 11.691975 -0.000005  -1.105164 0.548665 0.856251
49  0.000003 -0.000001 0.000000  2.413975 -0.000041 1.570856
50  -0.000006 -0.000015 0.000006  2.272644 -0.000030 1.570865
51  -3.978732 -5.681027 -5.845574  -0.117902 -2.971437 1.487494
52  -0.000001 -0.000000 0.000000  0.008153 -0.000259 0.000009
53  -0.000001 0.000000 0.000001  1.565115 0.043565 -0.106862
54  -0.918477 -19.564617 -3.833073  -0.882243 0.126515 -1.787364
55  -0.000001 -0.000000 -0.000000  0.000000 -0.000000 -0.000002
56  0.000028 0.000028 0.000001  -1.571902 -0.044449 -0.106509
57  7.202790 -19.259499 -17.055128  1.570796 -0.000000 0.000000
58  -15.417985 4.000748 -22.641926  1.570796 -0.000000 0.000000
59  2.236387 -2.421983 -5.367696  1.570796 -0.000000 0.000000
60  -0.004311 0.001230 -0.000371  0.006898 -0.005534 -0.284229
61  0.826810 10.209643 -4.879054  1.570796 -0.000000 0.000000
62  0.000000 0.000000 0.000000  -0.078727 -3.136056 0.284226
63  0.000000 0.000000 0.000000  1.570796 -0.000000 0.000000
64  -2.531844 -12.650944 -1.575354  1.549648 0.041762 0.015057
65  -0.109378 -1.951951 -1.519205  0.000000 -0.000000 -0.000000
66  -0.109379 0.057027 25.399250  0.000000 -0.000000 -0.000000
67  -0.109378 -1.856731 0.287230  0.000000 -0.000000 -0.000000
68  -0.104047 -4.495923 7.879275  0.000000 -0.000000 -0.000000
69  -0.195264 4.332631 -6.347187  0.000000 -0.000000 -0.000000
70  -1.290112 3.693284 8.579666  0.022713 -0.014049 -0.017451
71  -0.121470 -1.314581 7.402090  0.000000 -0.000000 -0.000000
72  -1.107528 -1.063453 4.061647  0.000000 -0.000000 -0.000000
73  0.003659 1.612363 10.733983  0.000000 -0.000000 -0.000324
74  -2.620364 -17.878273 -2.764056  1.549648 0.041762 0.015057
time 65
0  0.000006 0.000000 0.000000  -1.570800 -1.391899 -1.570792
1  -4.849906 3.337897 2.232070  -1.544956 -1.855077 -0.198630
2  6.027524 -0.000325 0.000192  -0.467627 -1.200769 -1.820283
3  11.692110 0.000643 -0.000739  -1.384570 -0.000003 -1.130298
4  11.480603 0.000700 -0.000250  1.532839 -0.953137 0.112397
5  3.859509 -0.142879 -1.192049  -0.507739 -0.034586 -1.573166
6  1.312589 0.000011 0.000008  -0.099219 -0.080836 -0.578266
7  0.729356 0.000053 0.000051  -0.083327 -0.106005 -0.262589
8  3.942145 0.046273 -0.431512  -0.423826 0.326055 -0.977403
9  1.539109 0.000084 0.000005  0.011526 -0.070624 -1.101829
10  1.196331 0.000144 0.000030  0.007038 -0.000117 -0.629733
11  3.883507 -0.047269 0.431381  -0.232037 0.533715 -0.537849
12  1.719573 -0.000026 0.000017  0.011709 -0.105542 -1.237432
13  1.209179 0.000094 0.000013  -0.006673 -0.001106 -0.502906
14  3.859665 -0.138475 1.332411  0.013813 0.511197 -0.350141
15  1.719448 -0.000012 0.000020  -0.022509 0.019639 -0.287088
16  1.099675 0.000046 0.000008  -0.286525 0.346051 -1.053593
17  0.770795 -0.901442 1.177686  -1.865794 -0.596007 -0.315192
18  1.789818 -0.000004 -0.000019  0.005558 0.090197 0.395774
19  1.207015 -0.000013 -0.000042  0.141886 -0.163086 0.233767
20  5.740638 0.000410 -0.000701  -0.067374 0.000003 0.000070
21  11.481127 0.000350 -0.000707  0.009792 -0.169219 0.006709
22  6.027524 -0.000329 0.000203  1.481016 -0.359542 1.571854
23  0.000002 11.692099 -0.000006  -0.804095 -0.286769 -0.654558
24  0.000004 0.000008 -0.000002  -0.515490 -0.000031 1.570738
25  0.000000 -0.000011 -0.000001  0.868957 0.000002 1.570712
26  -6.617934 -9.178503 0.826812  1.473120 1.855075 -0.198639
27  6.027512 -0.000261 -0.000226  1.630302 0.883824 -0.655908
28  11.691991 0.000242 0.000856  0.141447 0.000056 -1.628698
29  11.479332 -0.000875 0.000957  -1.216810 0.288304 0.774069
30  3.859436 -0.132788 1.193062  0.466149 -0.051826 -1.783918
31  1.312558 0.000027 -0.000000  -0.013965 -0.041044 -0.156447
32  0.729345 0.000065 -0.000027  -0.128320 -0.117290 -0.954857
33  3.942046 0.050109 0.430997  0.211501 -0.107596 -1.469120
34  1.539097 0.000009 0.000000  0.040712 -0.054386 -1.030469
35  1.196299 0.000075 -0.000004  -0.249391 -0.043040 -0.795121
36  3.883412 -0.050502 -0.431086  0.186407 -0.271796 -1.212184
37  1.719563 -0.000078 -0.000004  0.020974 -0.107650 -1.483528
38  1.209197 0.000034 0.000011  -0.324719 0.069674 -0.493483
39  3.859585 -0.149112 -1.331322  -0.094938 -0.084955 -0.411363
40  1.719413 -0.000099 -0.000035  -0.011248 0.001677 -0.960922
41  1.099673 0.000025 0.000007  -0.004984 -0.008084 -0.787926
42  0.805979 -0.359854 -1.318337  0.991669 0.166767 -0.799535
43  1.789779 -0.000008 -0.000042  0.000057 -0.002451 0.133097
44  1.206996 -0.000007 0.000006  0.000372 -0.000070 1.058782
45  5.740573 0.000057 0.000723  0.144869 -0.000014 0.000021
46  11.480812 -0.000139 0.000941  0.053169 0.057854 0.130654
47  6.027514 -0.000273 -0.000238  -0.989687 -0.389779 -1.702300
48  0.000000 11.691975 -0.000006  -1.105202 0.548702 0.856273
49  0.000004 -0.000002 0.000001  2.413975 -0.000041 1.570856
50  -0.000006 -0.000016 0.000006  2.272644 -0.000030 1.570865
51  -3.982662 -5.680674 -5.844411  -0.118904 -2.971461 1.487732
52  -0.000000 0.000000 0.000001  0.008153 -0.000259 0.000009
53  0.000000 -0.000000 0.000000  1.565115 0.043565 -0.106862
54  -0.919482 -19.564268 -3.836393  -0.883232 0.126408 -1.787421
55  0.000001 -0.000000 -0.000001  0.000000 -0.000000 -0.000002
56  0.000030 0.000029 0.000000  -1.571901 -0.044449 -0.106509
57  7.202790 -19.259499 -17.055128  1.570796 -0.000000 0.000000
58  -15.417985 4.000748 -22.641926  1.570796 -0.000000 0.000000
59  2.236387 -2.421983 -5.367696  1.570796 -0.000000 0.000000
60  -0.004311 0.001230 -0.000371  0.006898 -0.005534 -0.284229
61  0.826810 10.209643 -4.879054  1.570796 -0.000000 0.000000
62  0.000000 0.000000 0.000000  -0.078727 -3.136056 0.284226
63  0.000000 0.000000 0.000000  1.570796 -0.000000 0.000000
64  -2.531106 -12.650944 -1.576356  1.549769 0.042741 0.015130
65  -0.109379 -1.951951 -1.519204  0.000000 -0.000000 0.000000
66  -0.109379 0.057027 25.399250  0.000000 -0.000000 0.000000
67  -0.109379 -1.856732 0.287230  0.000000 -0.000000 0.000000
68  -0.104048 -4.495923 7.879277  0.000000 -0.000000 0.000000
69  -0.195264 4.332630 -6.347188  0.000000 -0.000000 0.000000
70  -1.290112 3.693283 8.579668  0.022713 -0.014049 -0.017451
71  -0.121470 -1.314581 7.402089  0.000000 -0.000000 0.000000
72  -1.107529 -1.063453 4.061649  0.000000 -0.000000 0.000000
73  0.003658 1.612363 10.733985  -0.000000 -0.000000 -0.000453
74  -2.620436 -17.878151 -2.765527  1.549769 0.042741 0.015130
time 66
0  0.000006 0.000000 0.000000  -1.570800 -1.391899 -1.570792
1  -4.849906 3.337897 2.232070  -1.544956 -1.855077 -0.198630
2  6.027524 -0.000325 0.000192  -0.467758 -1.200647 -1.819931
3  11.692109 0.000642 -0.000739  -1.384570 -0.000003 -1.130362
4  11.480604 0.000699 -0.000254  1.531738 -0.952925 0.112183
5  3.859510 -0.142879 -1.192049  -0.507739 -0.034586 -1.573166
6  1.312590 0.000012 0.000007  -0.099219 -0.080836 -0.578266
7  0.729356 0.000053 0.000048  -0.083327 -0.106005 -0.262589
8  3.942144 0.046273 -0.431512  -0.423826 0.326055 -0.977403
9  1.539110 0.000084 0.000006  0.011527 -0.070624 -1.101829
10  1.196334 0.000144 0.000028  0.007038 -0.000117 -0.629733
11  3.883505 -0.047269 0.431382  -0.232037 0.533715 -0.537849
12  1.719571 -0.000027 0.000015  0.011709 -0.105542 -1.237432
13  1.209179 0.000095 0.000014  -0.006673 -0.001106 -0.502906
14  3.859665 -0.138475 1.332410  0.013813 0.511197 -0.350141
15  1.719448 -0.000013 0.000020  -0.022509 0.019639 -0.287088
16  1.099676 0.000048 0.000006  -0.286525 0.346051 -1.053593
17  0.770796 -0.901442 1.177686  -1.865794 -0.596008 -0.315192
18  1.789817 -0.000003 -0.000017  0.005558 0.090197 0.395774
19  1.207017 -0.000011 -0.000043  0.141886 -0.163086 0.233768
20  5.740638 0.000409 -0.000703  -0.067623 0.000003 0.000071
21  11.481127 0.000349 -0.000708  0.009586 -0.169189 0.006572
22  6.027524 -0.000329 0.000203  1.481033 -0.359672 1.572077
23  0.000002 11.692098 -0.000008  -0.804135 -0.286799 -0.654588
24  0.000003 0.000009 -0.000000  -0.515490 -0.000031 1.570738
25  -0.000000 -0.000011 -0.000002  0.868957 0.000002 1.570712
26  -6.617934 -9.178503 0.826812  1.473120 1.855075 -0.198639
27  6.027512 -0.000261 -0.000226  1.630685 0.883698 -0.655710
28  11.691991 0.000243 0.000855  0.141447 0.000056 -1.628770
29  11.479330 -0.000876 0.000959  -1.217956 0.287812 0.773946
30  3.859435 -0.132787 1.193062  0.466149 -0.051826 -1.783918
31  1.312558 0.000025 0.000000  -0.013965 -0.041043 -0.156447
32  0.729345 0.000065 -0.000027  -0.128320 -0.117290 -0.954857
33  3.942046 0.050109 0.430997  0.211501 -0.107596 -1.469120
34  1.539096 0.000010 -0.000000  0.040712 -0.054386 -1.030469
35  1.196300 0.000076 -0.000005  -0.249391 -0.043040 -0.795121
36  3.883410 -0.050502 -0.431087  0.186407 -0.271796 -1.212184
37  1.719563 -0.000080 -0.000004  0.020974 -0.107650 -1.483528
38  1.209198 0.000035 0.000011  -0.324719 0.069674 -0.493483
39  3.859585 -0.149112 -1.331323  -0.094938 -0.084955 -0.411363
40  1.719412 -0.000100 -0.000035  -0.011248 0.001677 -0.960922
41  1.099674 0.000024 0.000006  -0.004984 -0.008084 -0.787926
42  0.805978 -0.359854 -1.318338  0.991670 0.166767 -0.799535
43  1.789779 -0.000010 -0.000042  0.000057 -0.002451 0.133097
44  1.206997 -0.000007 0.000005  0.000373 -0.000070 1.058781
45  5.740572 0.000054 0.000724  0.144627 -0.000014 0.000021
46  11.480811 -0.000140 0.000942  0.052994 0.057683 0.130694
47  6.027514 -0.000273 -0.000238  -0.989437 -0.389632 -1.702492
48  -0.000001 11.691975 -0.000006  -1.105244 0.548743 0.856297
49  0.000002 -0.000000 -0.000000  2.413975 -0.000041 1.570856
50  -0.000006 -0.000016 0.000005  2.272644 -0.000030 1.570865
51  -3.986843 -5.680274 -5.843283  -0.120010 -2.971485 1.487979
52  0.000000 0.000000 -0.000000  0.008153 -0.000259 0.000009
53  -0.000001 -0.000000 0.000000  1.565115 0.043565 -0.106862
54  -0.920652 -19.563913 -3.840165  -0.884324 0.126285 -1.787498
55  0.000001 -0.000000 -0.000000  0.000000 -0.000000 -0.000002
56  0.000030 0.000029 0.000001  -1.571901 -0.044449 -0.106509
57  7.202790 -19.259499 -17.055128  1.570796 -0.000000 0.000000
58  -15.417985 4.000748 -22.641926  1.570796 -0.000000 0.000000
59  2.236387 -2.421983 -5.367696  1.570796 -0.000000 0.000000
60  -0.004311 0.001230 -0.000371  0.006898 -0.005534 -0.284229
61  0.826810 10.209643 -4.879054  1.570796 -0.000000 0.000000
62  0.000000 0.000000 0.000000  -0.078727 -3.136056 0.284226
63  0.000000 0.000000 0.000000  1.570796 -0.000000 0.000000
64  -2.530240 -12.650944 -1.577596  1.549900 0.043824 0.015196
65  -0.109379 -1.951952 -1.519206  0.000000 -0.000000 -0.000000
66  -0.109379 0.057027 25.399254  0.000000 -0.000000 -0.000000
67  -0.109379 -1.856732 0.287228  0.000000 -0.000000 -0.000000
68  -0.104047 -4.495923 7.879276  0.000000 -0.000000 -0.000000
69  -0.195263 4.332631 -6.347190  0.000000 -0.000000 -0.000000
70  -1.290112 3.693284 8.579665  0.022713 -0.014049 -0.017451
71  -0.121470 -1.314581 7.402088  0.000000 -0.000000 -0.000000
72  -1.107528 -1.063453 4.061647  0.000000 -0.000000 -0.000000
73  0.003659 1.612363 10.733982  0.000000 0.000000 -0.000594
74  -2.620545 -17.878023 -2.767264  1.549900 0.043824 0.015196
time 67
0  0.000006 0.000000 0.000000  -1.570800 -1.391899 -1.570792
1  -4.849906 3.337897 2.232070  -1.544956 -1.855077 -0.198630
2  6.027524 -0.000325 0.000192  -0.467894 -1.200514 -1.819551
3  11.692111 0.000643 -0.000739  -1.384570 -0.000003 -1.130425
4  11.480600 0.000699 -0.000254  1.530536 -0.952679 0.111959
5  3.859511 -0.142879 -1.192049  -0.507739 -0.034586 -1.573166
6  1.312590 0.000012 0.000006  -0.099219 -0.080836 -0.578266
7  0.729355 0.000053 0.000050  -0.083327 -0.106005 -0.262589
8  3.942144 0.046273 -0.431513  -0.423826 0.326055 -0.977403
9  1.539112 0.000085 0.000005  0.011526 -0.070624 -1.101829
10  1.196332 0.000145 0.000029  0.007038 -0.000117 -0.629733
11  3.883506 -0.047269 0.431381  -0.232037 0.533715 -0.537849
12  1.719573 -0.000027 0.000017  0.011709 -0.105542 -1.237432
13  1.209178 0.000091 0.000015  -0.006673 -0.001106 -0.502906
14  3.859663 -0.138475 1.332409  0.013813 0.511197 -0.350141
15  1.719447 -0.000012 0.000022  -0.022509 0.019639 -0.287088
16  1.099675 0.000049 0.000005  -0.286525 0.346051 -1.053593
17  0.770795 -0.901442 1.177685  -1.865794 -0.596008 -0.315192
18  1.789821 -0.000003 -0.000018  0.005558 0.090197 0.395774
19  1.207016 -0.000012 -0.000043  0.141886 -0.163086 0.233767
20  5.740636 0.000410 -0.000704  -0.067892 0.000003 0.000071
21  11.481125 0.000349 -0.000709  0.009362 -0.169154 0.006425
22  6.027524 -0.000329 0.000203  1.481049 -0.359813 1.572325
23  0.000002 11.692098 -0.000008  -0.804175 -0.286828 -0.654618
24  0.000003 0.000009 -0.000003  -0.515490 -0.000031 1.570738
25  -0.000000 -0.000012 -0.000002  0.868957 0.000002 1.570712
26  -6.617934 -9.178503 0.826812  1.473120 1.855075 -0.198639
27  6.027512 -0.000261 -0.000226  1.631081 0.883560 -0.655505
28  11.691992 0.000241 0.000856  0.141447 0.000056 -1.628847
29  11.479332 -0.000875 0.000958  -1.219195 0.287305 0.773814
30  3.859437 -0.132787 1.193063  0.466149 -0.051826 -1.783918
31  1.312557 0.000025 -0.000000  -0.013965 -0.041044 -0.156447
32  0.729345 0.000064 -0.000027  -0.128320 -0.117290 -0.954857
33  3.942046 0.050109 0.430997  0.211501 -0.107596 -1.469120
34  1.539096 0.000009 -0.000000  0.040712 -0.054386 -1.030469
35  1.196300 0.000076 -0.000004  -0.249391 -0.043040 -0.795120
36  3.883412 -0.050502 -0.431086  0.186407 -0.271796 -1.212184
37  1.719563 -0.000079 -0.000003  0.020974 -0.107650 -1.483528
38  1.209198 0.000035 0.000012  -0.324719 0.069674 -0.493483
39  3.859586 -0.149111 -1.331323  -0.094938 -0.084955 -0.411363
40  1.719411 -0.000100 -0.000035  -0.011248 0.001677 -0.960922
41  1.099674 0.000026 0.000007  -0.004984 -0.008084 -0.787926
42  0.805979 -0.359854 -1.318338  0.991669 0.166767 -0.799535
43  1.789779 -0.000009 -0.000042  0.000057 -0.002451 0.133097
44  1.206996 -0.000007 0.000005  0.000372 -0.000070 1.058782
45  5.740571 0.000054 0.000723  0.144364 -0.000014 0.000021
46  11.480810 -0.000140 0.000941  0.052803 0.057503 0.130735
47  6.027514 -0.000273 -0.000238  -0.989172 -0.389484 -1.702694
48  -0.000002 11.691974 -0.000006  -1.105289 0.548788 0.856323
49  0.000003 0.000001 -0.000001  2.413975 -0.000041 1.570856
50  -0.000007 -0.000015 0.000005  2.272644 -0.000030 1.570865
51  -3.991226 -5.679838 -5.842189  -0.121207 -2.971507 1.488233
52  -0.000000 0.000000 0.000000  0.008153 -0.000259 0.000009
53  -0.000000 0.000000 0.000000  1.565115 0.043565 -0.106862
54  -0.921973 -19.563559 -3.844339  -0.885506 0.126150 -1.787596
55  -0.000001 -0.000000 -0.000000  0.000000 -0.000000 -0.000002
56  0.000028 0.000029 0.000001  -1.571901 -0.044449 -0.106509
57  7.202790 -19.259499 -17.055128  1.570796 -0.000000 0.000000
58  -15.417985 4.000748 -22.641926  1.570796 -0.000000 0.000000
59  2.236387 -2.421983 -5.367696  1.570796 -0.000000 0.000000
60  -0.004311 0.001230 -0.000371  0.006898 -0.005534 -0.284229
61  0.826810 10.209643 -4.879054  1.570796 -0.000000 0.000000
62  0.000000 0.000000 0.000000  -0.078727 -3.136056 0.284226
63  0.000000 0.000000 0.000000  1.570796 -0.000000 0.000000
64  -2.529258 -12.650944 -1.579052  1.550038 0.044996 0.015254
65  -0.109378 -1.951951 -1.519205  -0.000000 -0.000000 -0.000000
66  -0.109379 0.057027 25.399250  -0.000000 -0.000000 -0.000000
67  -0.109379 -1.856732 0.287230  -0.000000 -0.000000 -0.000000
68  -0.104048 -4.495924 7.879279  -0.000000 -0.000000 -0.000000
69  -0.195264 4.332632 -6.347189  -0.000000 -0.000000 -0.000000
70  -1.290112 3.693284 8.579666  0.022713 -0.014049 -0.017451
71  -0.121470 -1.314581 7.402089  -0.000000 -0.000000 -0.000000
72  -1.107529 -1.063453 4.061647  -0.000000 -0.000000 -0.000000
73  0.003659 1.612363 10.733985  -0.000000 -0.000000 -0.000748
74  -2.620692 -17.877886 -2.769240  1.550038 0.044996 0.015254
time 68
0  0.000006 0.000000 0.000000  -1.570800 -1.391899 -1.570792
1  -4.849906 3.337897 2.232070  -1.544956 -1.855077 -0.198630
2  6.027524 -0.000325 0.000192  -0.468032 -1.200371 -1.819147
3  11.692110 0.000643 -0.000740  -1.384570 -0.000003 -1.130487
4  11.480600 0.000699 -0.000252  1.529245 -0.952402 0.111728
5  3.859507 -0.142880 -1.192050  -0.507739 -0.034586 -1.573166
6  1.312589 0.000015 0.000009  -0.099219 -0.080836 -0.578266
7  0.729356 0.000052 0.000048  -0.083327 -0.106005 -0.262589
8  3.942141 0.046273 -0.431513  -0.423826 0.326055 -0.977403
9  1.539111 0.000085 0.000006  0.011526 -0.070624 -1.101829
10  1.196332 0.000145 0.000028  0.007038 -0.000117 -0.629733
11  3.883503 -0.047269 0.431381  -0.232037 0.533715 -0.537849
12  1.719575 -0.000026 0.000017  0.011709 -0.105542 -1.237432
13  1.209179 0.000093 0.000012  -0.006673 -0.001107 -0.502906
14  3.859662 -0.138475 1.332410  0.013813 0.511197 -0.350141
15  1.719446 -0.000012 0.000020  -0.022509 0.019639 -0.287088
16  1.099677 0.000049 0.000009  -0.286525 0.346051 -1.053593
17  0.770794 -0.901442 1.177686  -1.865794 -0.596008 -0.315192
18  1.789818 -0.000003 -0.000019  0.005558 0.090197 0.395774
19  1.207016 -0.000012 -0.000042  0.141886 -0.163086 0.233767
20  5.740635 0.000411 -0.000704  -0.068177 0.000003 0.000071
21  11.481124 0.000350 -0.000709  0.009121 -0.169113 0.006269
22  6.027524 -0.000329 0.000203  1.481063 -0.359964 1.572595
23  0.000002 11.692099 -0.000007  -0.804214 -0.286857 -0.654646
24  0.000003 0.000009 -0.000002  -0.515490 -0.000030 1.570739
25  -0.000000 -0.000011 -0.000001  0.868957 0.000002 1.570712
26  -6.617934 -9.178503 0.826812  1.473120 1.855075 -0.198639
27  6.027512 -0.000261 -0.000226  1.631487 0.883411 -0.655295
28  11.691991 0.000243 0.000855  0.141447 0.000056 -1.628930
29  11.479330 -0.000876 0.000957  -1.220515 0.286787 0.773676
30  3.859436 -0.132788 1.193062  0.466149 -0.051826 -1.783918
31  1.312558 0.000026 -0.000000  -0.013965 -0.041044 -0.156447
32  0.729344 0.000066 -0.000027  -0.128320 -0.117290 -0.954857
33  3.942046 0.050109 0.430996  0.211501 -0.107596 -1.469120
34  1.539097 0.000011 0.000000  0.040712 -0.054386 -1.030469
35  1.196299 0.000076 -0.000004  -0.249391 -0.043040 -0.795120
36  3.883411 -0.050501 -0.431088  0.186407 -0.271796 -1.212184
37  1.719564 -0.000080 -0.000002  0.020974 -0.107650 -1.483528
38  1.209197 0.000035 0.000011  -0.324719 0.069674 -0.493483
39  3.859585 -0.149111 -1.331323  -0.094938 -0.084955 -0.411363
40  1.719411 -0.000099 -0.000034  -0.011248 0.001677 -0.960922
41  1.099673 0.000025 0.000007  -0.004984 -0.008084 -0.787926
42  0.805979 -0.359853 -1.318338  0.991670 0.166767 -0.799535
43  1.789780 -0.000009 -0.000042  0.000057 -0.002451 0.133097
44  1.206996 -0.000006 0.000006  0.000373 -0.000070 1.058782
45  5.740572 0.000055 0.000724  0.144083 -0.000014 0.000021
46  11.480810 -0.000140 0.000941  0.052598 0.057316 0.130778
47  6.027514 -0.000273 -0.000238  -0.988894 -0.389335 -1.702904
48  -0.000000 11.691974 -0.000005  -1.105338 0.548835 0.856351
49  0.000003 -0.000000 -0.000002  2.413975 -0.000041 1.570856
50  -0.000007 -0.000015 0.000006  2.272644 -0.000030 1.570865
51  -3.995768 -5.679365 -5.841132  -0.122483 -2.971529 1.488491
52  0.000001 0.000000 0.000001  0.008153 -0.000259 0.000009
53  -0.000000 0.000001 -0.000000  1.565115 0.043565 -0.106862
54  -0.923434 -19.563208 -3.848867  -0.886765 0.126003 -1.787712
55  0.000000 0.000000 -0.000000  0.000000 -0.000000 -0.000002
56  0.000031 0.000029 0.000001  -1.571901 -0.044449 -0.106509
57  7.202790 -19.259499 -17.055128  1.570796 -0.000000 0.000000
58  -15.417985 4.000748 -22.641926  1.570796 -0.000000 0.000000
59  2.236387 -2.421983 -5.367696  1.570796 -0.000000 0.000000
60  -0.004311 0.001230 -0.000371  0.006898 -0.005534 -0.284229
61  0.826810 10.209643 -4.879054  1.570796 -0.000000 0.000000
62  0.000000 0.000000 0.000000  -0.078727 -3.136056 0.284226
63  0.000000 0.000000 0.000000  1.570796 -0.000000 0.000000
64  -2.528173 -12.650944 -1.580703  1.550182 0.046245 0.015302
65  -0.109379 -1.951951 -1.519206  0.000000 -0.000000 0.000000
66  -0.109379 0.057027 25.399254  0.000000 -0.000000 0.000000
67  -0.109379 -1.856732 0.287228  0.000000 -0.000000 0.000000
68  -0.104048 -4.495924 7.879272  0.000000 -0.000000 0.000000
69  -0.195264 4.332631 -6.347188  0.000000 -0.000000 0.000000
70  -1.290112 3.693284 8.579668  0.022713 -0.014049 -0.017451
71  -0.121470 -1.314581 7.402086  0.000000 -0.000000 0.000000
72  -1.107528 -1.063453 4.061646  0.000000 -0.000000 0.000000
73  0.003658 1.612363 10.733980  0.000000 0.000000 -0.000916
74  -2.620876 -17.877739 -2.771432  1.550182 0.046245 0.015302
time 69
0  0.000006 0.000000 0.000000  -1.570800 -1.391899 -1.570792
1  -4.849906 3.337897 2.232070  -1.544956 -1.855077 -0.198630
2  6.027524 -0.000325 0.000192  -0.468171 -1.200220 -1.818724
3  11.692111 0.000643 -0.000739  -1.384570 -0.000003 -1.130546
4  11.480603 0.000698 -0.000254  1.527880 -0.952097 0.111492
5  3.859506 -0.142879 -1.192050  -0.507739 -0.034586 -1.573166
6  1.312590 0.000012 0.000006  -0.099219 -0.080836 -0.578266
7  0.729355 0.000054 0.000049  -0.083327 -0.106005 -0.262589
8  3.942141 0.046273 -0.431512  -0.423826 0.326055 -0.977403
9  1.539111 0.000084 0.000005  0.011526 -0.070624 -1.101829
10  1.196332 0.000148 0.000030  0.007038 -0.000117 -0.629733
11  3.883503 -0.047268 0.431381  -0.232037 0.533715 -0.537849
12  1.719574 -0.000026 0.000015  0.011709 -0.105542 -1.237432
13  1.209179 0.000093 0.000011  -0.006673 -0.001107 -0.502906
14  3.859661 -0.138475 1.332409  0.013813 0.511197 -0.350141
15  1.719448 -0.000013 0.000020  -0.022509 0.019639 -0.287088
16  1.099677 0.000047 0.000008  -0.286525 0.346051 -1.053593
17  0.770793 -0.901441 1.177685  -1.865794 -0.596007 -0.315192
18  1.789818 -0.000003 -0.000017  0.005558 0.090197 0.395774
19  1.207014 -0.000012 -0.000043  0.141886 -0.163086 0.233767
20  5.740637 0.000410 -0.000704  -0.068477 0.000003 0.000070
21  11.481127 0.000349 -0.000708  0.008866 -0.169068 0.006106
22  6.027524 -0.000329 0.000203  1.481075 -0.360123 1.572884
23  0.000002 11.692099 -0.000007  -0.804252 -0.286884 -0.654674
24  0.000004 0.000008 -0.000001  -0.515490 -0.000031 1.570739
25  -0.000000 -0.000011 -0.000001  0.868957 0.000002 1.570712
26  -6.617934 -9.178503 0.826812  1.473120 1.855075 -0.198639
27  6.027512 -0.000261 -0.000226  1.631899 0.883255 -0.655083
28  11.691991 0.000243 0.000855  0.141447 0.000056 -1.629018
29  11.479332 -0.000874 0.000958  -1.221901 0.286263 0.773533
30  3.859436 -0.132788 1.193062  0.466149 -0.051826 -1.783918
31  1.312558 0.000025 -0.000000  -0.013965 -0.041043 -0.156447
32  0.729345 0.000066 -0.000027  -0.128320 -0.117290 -0.954857
33  3.942046 0.050109 0.430997  0.211501 -0.107596 -1.469120
34  1.539097 0.000009 0.000000  0.040712 -0.054386 -1.030469
35  1.196299 0.000077 -0.000004  -0.249391 -0.043040 -0.795120
36  3.883410 -0.050502 -0.431087  0.186407 -0.271796 -1.212184
37  1.719563 -0.000080 -0.000003  0.020974 -0.107650 -1.483528
38  1.209198 0.000036 0.000011  -0.324719 0.069674 -0.493483
39  3.859584 -0.149112 -1.331323  -0.094938 -0.084955 -0.411363
40  1.719412 -0.000100 -0.000034  -0.011248 0.001677 -0.960922
41  1.099673 0.000025 0.000006  -0.004984 -0.008084 -0.787926
42  0.805978 -0.359854 -1.318338  0.991670 0.166767 -0.799535
43  1.789779 -0.000010 -0.000042  0.000057 -0.002451 0.133097
44  1.206996 -0.000006 0.000006  0.000373 -0.000070 1.058782
45  5.740572 0.000055 0.000724  0.143787 -0.000014 0.000021
46  11.480811 -0.000138 0.000941  0.052380 0.057122 0.130824
47  6.027514 -0.000273 -0.000238  -0.988606 -0.389186 -1.703119
48  -0.000001 11.691974 -0.000005  -1.105389 0.548886 0.856381
49  0.000003 0.000000 -0.000001  2.413975 -0.000041 1.570856
50  -0.000006 -0.000015 0.000005  2.272644 -0.000030 1.570865
51  -4.000423 -5.678860 -5.840116  -0.123824 -2.971551 1.488751
52  -0.000001 -0.000000 0.000000  0.008153 -0.000259 0.000009
53  -0.000001 -0.000000 -0.000000  1.565115 0.043565 -0.106862
54  -0.925020 -19.562862 -3.853697  -0.888088 0.125847 -1.787845
55  -0.000001 -0.000000 -0.000000  0.000000 -0.000000 -0.000002
56  0.000030 0.000029 0.000001  -1.571901 -0.044449 -0.106509
57  7.202790 -19.259499 -17.055128  1.570796 -0.000000 0.000000
58  -15.417985 4.000748 -22.641926  1.570796 -0.000000 0.000000
59  2.236387 -2.421983 -5.367696  1.570796 -0.000000 0.000000
60  -0.004311 0.001230 -0.000371  0.006898 -0.005534 -0.284229
61  0.826810 10.209643 -4.879054  1.570796 -0.000000 0.000000
62  0.000000 0.000000 0.000000  -0.078727 -3.136056 0.284226
63  0.000000 0.000000 0.000000  1.570796 -0.000000 0.000000
64  -2.526999 -12.650944 -1.582527  1.550332 0.047559 0.015342
65  -0.109379 -1.951951 -1.519205  -0.000000 0.000000 0.000000
66  -0.109379 0.057027 25.399256  -0.000000 0.000000 0.000000
67  -0.109379 -1.856731 0.287228  -0.000000 0.000000 0.000000
68  -0.104047 -4.495923 7.879276  -0.000000 0.000000 0.000000
69  -0.195264 4.332630 -6.347188  -0.000000 0.000000 0.000000
70  -1.290112 3.693283 8.579665  0.022713 -0.014049 -0.017451
71  -0.121470 -1.314581 7.402086  -0.000000 0.000000 0.000000
72  -1.107529 -1.063453 4.061647  -0.000000 0.000000 0.000000
73  0.003659 1.612363 10.733981  -0.000000 -0.000000 -0.001099
74  -2.621099 -17.877586 -2.773811  1.550332 0.047559 0.015342
time 70
0  0.000006 0.000000 0.000000  -1.570800 -1.391899 -1.570792
1  -4.849906 3.337897 2.232070  -1.544956 -1.855077 -0.198630
2  6.027524 -0.000325 0.000192  -0.468309 -1.200061 -1.818287
3  11.692110 0.000644 -0.000738  -1.384570 -0.000003 -1.130603
4  11.480600 0.000700 -0.000254  1.526452 -0.951768 0.111254
5  3.859509 -0.142880 -1.192049  -0.507739 -0.034586 -1.573166
6  1.312590 0.000011 0.000009  -0.099219 -0.080836 -0.578266
7  0.729355 0.000054 0.000049  -0.083327 -0.106005 -0.262589
8  3.942143 0.046272 -0.431512  -0.423826 0.326055 -0.977403
9  1.539111 0.000085 0.000006  0.011527 -0.070624 -1.101829
10  1.196333 0.000146 0.000028  0.007038 -0.000117 -0.629733
11  3.883505 -0.047269 0.431382  -0.232037 0.533715 -0.537849
12  1.719573 -0.000026 0.000016  0.011709 -0.105542 -1.237432
13  1.209179 0.000092 0.000012  -0.006673 -0.001106 -0.502906
14  3.859663 -0.138476 1.332411  0.013813 0.511197 -0.350141
15  1.719450 -0.000013 0.000022  -0.022509 0.019639 -0.287088
16  1.099676 0.000049 0.000005  -0.286525 0.346051 -1.053593
17  0.770797 -0.901442 1.177687  -1.865794 -0.596008 -0.315192
18  1.789819 -0.000003 -0.000018  0.005558 0.090197 0.395774
19  1.207018 -0.000011 -0.000042  0.141886 -0.163086 0.233767
20  5.740635 0.000410 -0.000705  -0.068785 0.000003 0.000070
21  11.481125 0.000350 -0.000709  0.008601 -0.169019 0.005937
22  6.027524 -0.000329 0.000203  1.481084 -0.360289 1.573190
23  0.000003 11.692101 -0.000007  -0.804288 -0.286911 -0.654701
24  0.000004 0.000009 -0.000000  -0.515490 -0.000031 1.570739
25  -0.000000 -0.000011 -0.000001  0.868957 0.000002 1.570712
26  -6.617934 -9.178503 0.826812  1.473120 1.855075 -0.198639
27  6.027512 -0.000261 -0.000226  1.632313 0.883091 -0.654870
28  11.691990 0.000243 0.000854  0.141447 0.000056 -1.629109
29  11.479330 -0.000876 0.000958  -1.223340 0.285738 0.773388
30  3.859435 -0.132788 1.193061  0.466149 -0.051826 -1.783918
31  1.312558 0.000027 0.000000  -0.013965 -0.041044 -0.156447
32  0.729345 0.000066 -0.000027  -0.128320 -0.117290 -0.954857
33  3.942045 0.050109 0.430997  0.211501 -0.107596 -1.469120
34  1.539097 0.000012 -0.000001  0.040712 -0.054386 -1.030469
35  1.196300 0.000076 -0.000004  -0.249391 -0.043040 -0.795121
36  3.883412 -0.050502 -0.431087  0.186407 -0.271796 -1.212184
37  1.719563 -0.000080 -0.000004  0.020974 -0.107650 -1.483528
38  1.209197 0.000035 0.000011  -0.324719 0.069674 -0.493483
39  3.859585 -0.149112 -1.331323  -0.094938 -0.084955 -0.411363
40  1.719413 -0.000100 -0.000034  -0.011248 0.001677 -0.960922
41  1.099673 0.000025 0.000005  -0.004984 -0.008084 -0.787926
42  0.805979 -0.359854 -1.318338  0.991669 0.166767 -0.799535
43  1.789779 -0.000009 -0.000042  0.000057 -0.002451 0.133097
44  1.206997 -0.000006 0.000005  0.000372 -0.000070 1.058781
45  5.740572 0.000055 0.000724  0.143480 -0.000014 0.000021
46  11.480810 -0.000140 0.000941  0.052153 0.056926 0.130871
47  6.027514 -0.000273 -0.000238  -0.988311 -0.389040 -1.703338
48  -0.000001 11.691972 -0.000005  -1.105443 0.548939 0.856412
49  0.000004 -0.000000 -0.000000  2.413975 -0.000041 1.570856
50  -0.000006 -0.000017 0.000005  2.272644 -0.000030 1.570865
51  -4.005146 -5.678325 -5.839142  -0.125218 -2.971572 1.489009
52  -0.000001 0.000000 -0.000000  0.008153 -0.000259 0.000009
53  -0.000000 0.000000 0.000000  1.565115 0.043565 -0.106862
54  -0.926720 -19.562521 -3.858783  -0.889463 0.125683 -1.787995
55  -0.000000 0.000000 0.000000  0.000000 -0.000000 -0.000002
56  0.000031 0.000029 0.000001  -1.571901 -0.044449 -0.106509
57  7.202790 -19.259499 -17.055128  1.570796 -0.000000 0.000000
58  -15.417985 4.000748 -22.641926  1.570796 -0.000000 0.000000
59  2.236387 -2.421983 -5.367696  1.570796 -0.000000 0.000000
60  -0.004311 0.001230 -0.000371  0.006898 -0.005534 -0.284229
61  0.826810 10.209643 -4.879054  1.570796 -0.000000 0.000000
62  0.000000 0.000000 0.000000  -0.078727 -3.136056 0.284226
63  0.000000 0.000000 0.000000  1.570796 -0.000000 0.000000
64  -2.525747 -12.650944 -1.584502  1.550487 0.048924 0.015372
65  -0.109379 -1.951951 -1.519204  -0.000000 -0.000000 0.000000
66  -0.109379 0.057027 25.399252  -0.000000 -0.000000 0.000000
67  -0.109379 -1.856731 0.287231  -0.000000 -0.000000 0.000000
68  -0.104048 -4.495923 7.879276  -0.000000 -0.000000 0.000000
69  -0.195264 4.332630 -6.347188  -0.000000 -0.000000 0.000000
70  -1.290112 3.693283 8.579668  0.022713 -0.014049 -0.017451
71  -0.121470 -1.314581 7.402088  -0.000000 -0.000000 0.000000
72  -1.107528 -1.063453 4.061648  -0.000000 -0.000000 0.000000
73  0.003659 1.612363 10.733980  -0.000000 -0.000000 -0.001300
74  -2.621358 -17.877430 -2.776355  1.550487 0.048924 0.015372
time 71
0  0.000006 0.000000 0.000000  -1.570800 -1.391899 -1.570792
1  -4.849906 3.337897 2.232070  -1.544956 -1.855077 -0.198630
2  6.027524 -0.000325 0.000192  -0.468443 -1.199898 -1.817840
3  11.692110 0.000644 -0.000739  -1.384570 -0.000003 -1.130656
4  11.480606 0.000699 -0.000252  1.524974 -0.951417 0.111018
5  3.859508 -0.142879 -1.192050  -0.507739 -0.034586 -1.573166
6  1.312590 0.000012 0.000007  -0.099219 -0.080836 -0.578266
7  0.729356 0.000054 0.000047  -0.083327 -0.106005 -0.262589
8  3.942142 0.046273 -0.431512  -0.423826 0.326055 -0.977403
9  1.539112 0.000084 0.000006  0.011526 -0.070624 -1.101829
10  1.196332 0.000146 0.000027  0.007038 -0.000117 -0.629733
11  3.883502 -0.047269 0.431381  -0.232037 0.533715 -0.537849
12  1.719574 -0.000026 0.000017  0.011709 -0.105542 -1.237432
13  1.209178 0.000093 0.000014  -0.006673 -0.001107 -0.502906
14  3.859662 -0.138475 1.332410  0.013813 0.511197 -0.350141
15  1.719447 -0.000014 0.000020  -0.022509 0.019639 -0.287088
16  1.099674 0.000046 0.000008  -0.286525 0.346051 -1.053593
17  0.770795 -0.901442 1.177686  -1.865794 -0.596007 -0.315192
18  1.789817 -0.000003 -0.000019  0.005558 0.090197 0.395774
19  1.207016 -0.000012 -0.000044  0.141886 -0.163086 0.233767
20  5.740637 0.000410 -0.000703  -0.069102 0.000003 0.000071
21  11.481127 0.000350 -0.000708  0.008327 -0.168965 0.005763
22  6.027524 -0.000329 0.000203  1.481092 -0.360459 1.573509
23  0.000001 11.692100 -0.000008  -0.804321 -0.286936 -0.654725
24  0.000003 0.000008 -0.000001  -0.515490 -0.000031 1.570738
25  -0.000001 -0.000011 -0.000002  0.868957 0.000002 1.570712
26  -6.617934 -9.178503 0.826812  1.473120 1.855075 -0.198639
27  6.027512 -0.000261 -0.000226  1.632727 0.882924 -0.654658
28  11.691990 0.000243 0.000855  0.141447 0.000056 -1.629204
29  11.479328 -0.000874 0.000957  -1.224818 0.285217 0.773244
30  3.859437 -0.132788 1.193062  0.466149 -0.051826 -1.783918
31  1.312558 0.000026 -0.000000  -0.013965 -0.041044 -0.156447
32  0.729344 0.000067 -0.000028  -0.128320 -0.117290 -0.954857
33  3.942046 0.050109 0.430996  0.211501 -0.107596 -1.469120
34  1.539097 0.000011 -0.000000  0.040712 -0.054386 -1.030469
35  1.196299 0.000075 -0.000004  -0.249391 -0.043040 -0.795120
36  3.883411 -0.050501 -0.431087  0.186407 -0.271796 -1.212184
37  1.719563 -0.000079 -0.000003  0.020974 -0.107650 -1.483528
38  1.209198 0.000035 0.000011  -0.324719 0.069674 -0.493483
39  3.859586 -0.149112 -1.331323  -0.094938 -0.084955 -0.411363
40  1.719412 -0.000099 -0.000035  -0.011248 0.001677 -0.960922
41  1.099673 0.000025 0.000006  -0.004984 -0.008084 -0.787926
42  0.805979 -0.359854 -1.318338  0.991670 0.166767 -0.799535
43  1.789779 -0.000010 -0.000042  0.000057 -0.002451 0.133097
44  1.206996 -0.000005 0.000005  0.000372 -0.000070 1.058782
45  5.740571 0.000056 0.000725  0.143164 -0.000014 0.000021
46  11.480809 -0.000139 0.000941  0.051918 0.056727 0.130920
47  6.027514 -0.000273 -0.000238  -0.988013 -0.388896 -1.703559
48  -0.000001 11.691974 -0.000005  -1.105499 0.548993 0.856444
49  0.000004 -0.000001 0.000000  2.413975 -0.000041 1.570856
50  -0.000006 -0.000015 0.000007  2.272644 -0.000030 1.570865
51  -4.009891 -5.677764 -5.838213  -0.126650 -2.971593 1.489264
52  -0.000000 0.000000 -0.000000  0.008153 -0.000259 0.000009
53  0.000000 0.000000 0.000000  1.565115 0.043565 -0.106862
54  -0.928520 -19.562191 -3.864075  -0.890876 0.125513 -1.788160
55  -0.000000 0.000000 -0.000000  0.000000 -0.000000 -0.000002
56  0.000031 0.000029 0.000001  -1.571901 -0.044449 -0.106509
57  7.202790 -19.259499 -17.055128  1.570796 -0.000000 0.000000
58  -15.417985 4.000748 -22.641926  1.570796 -0.000000 0.000000
59  2.236387 -2.421983 -5.367696  1.570796 -0.000000 0.000000
60  -0.004311 0.001230 -0.000371  0.006898 -0.005534 -0.284229
61  0.826810 10.209643 -4.879054  1.570796 -0.000000 0.000000
62  0.000000 0.000000 0.000000  -0.078727 -3.136056 0.284226
63  0.000000 0.000000 0.000000  1.570796 -0.000000 0.000000
64  -2.524431 -12.650944 -1.586607  1.550645 0.050327 0.015392
65  -0.109379 -1.951951 -1.519205  0.000000 0.000000 -0.000000
66  -0.109379 0.057027 25.399252  0.000000 0.000000 -0.000000
67  -0.109379 -1.856732 0.287229  0.000000 0.000000 -0.000000
68  -0.104048 -4.495923 7.879276  0.000000 0.000000 -0.000000
69  -0.195264 4.332630 -6.347186  0.000000 0.000000 -0.000000
70  -1.290112 3.693284 8.579668  0.022713 -0.014049 -0.017451
71  -0.121470 -1.314581 7.402088  0.000000 0.000000 -0.000000
72  -1.107528 -1.063453 4.061648  0.000000 0.000000 -0.000000
73  0.003659 1.612363 10.733982  0.000000 -0.000000 -0.001519
74  -2.621655 -17.877272 -2.779036  1.550645 0.050327 0.015392
time 72
0  0.000006 0.000000 0.000000  -1.570800 -1.391899 -1.570792
1  -4.849906 3.337897 2.232070  -1.544956 -1.855077 -0.198630
2  6.027524 -0.000325 0.000192  -0.468571 -1.199730 -1.817390
3  11.692110 0.000644 -0.000739  -1.384570 -0.000003 -1.130704
4  11.480601 0.000698 -0.000255  1.523459 -0.951049 0.110785
5  3.859510 -0.142879 -1.192050  -0.507739 -0.034586 -1.573166
6  1.312590 0.000013 0.000010  -0.099219 -0.080836 -0.578266
7  0.729355 0.000056 0.000049  -0.083327 -0.106005 -0.262589
8  3.942145 0.046273 -0.431512  -0.423826 0.326055 -0.977403
9  1.539110 0.000085 0.000004  0.011526 -0.070624 -1.101829
10  1.196335 0.000146 0.000029  0.007038 -0.000117 -0.629733
11  3.883504 -0.047269 0.431381  -0.232037 0.533715 -0.537849
12  1.719574 -0.000027 0.000015  0.011709 -0.105542 -1.237432
13  1.209179 0.000092 0.000013  -0.006673 -0.001106 -0.502906
14  3.859664 -0.138475 1.332409  0.013813 0.511197 -0.350141
15  1.719447 -0.000012 0.000024  -0.022509 0.019639 -0.287088
16  1.099675 0.000047 0.000006  -0.286525 0.346051 -1.053593
17  0.770797 -0.901442 1.177686  -1.865794 -0.596008 -0.315192
18  1.789819 -0.000003 -0.000018  0.005558 0.090197 0.395774
19  1.207016 -0.000012 -0.000044  0.141886 -0.163086 0.233767
20  5.740637 0.000410 -0.000704  -0.069424 0.000003 0.000071
21  11.481125 0.000350 -0.000709  0.008046 -0.168909 0.005588
22  6.027524 -0.000329 0.000203  1.481095 -0.360633 1.573838
23  0.000002 11.692097 -0.000008  -0.804352 -0.286958 -0.654748
24  0.000003 0.000008 -0.000001  -0.515490 -0.000031 1.570739
25  -0.000001 -0.000011 -0.000002  0.868957 0.000002 1.570712
26  -6.617934 -9.178503 0.826812  1.473120 1.855075 -0.198639
27  6.027512 -0.000261 -0.000226  1.633135 0.882753 -0.654448
28  11.691991 0.000243 0.000855  0.141447 0.000056 -1.629302
29  11.479328 -0.000879 0.000957  -1.226323 0.284704 0.773102
30  3.859437 -0.132787 1.193061  0.466149 -0.051826 -1.783918
31  1.312558 0.000024 -0.000000  -0.013965 -0.041043 -0.156447
32  0.729345 0.000065 -0.000028  -0.128320 -0.117290 -0.954857
33  3.942047 0.050109 0.430996  0.211501 -0.107596 -1.469120
34  1.539097 0.000010 -0.000001  0.040712 -0.054386 -1.030469
35  1.196299 0.000076 -0.000004  -0.249391 -0.043040 -0.795121
36  3.883411 -0.050502 -0.431087  0.186407 -0.271796 -1.212184
37  1.719563 -0.000079 -0.000004  0.020974 -0.107650 -1.483528
38  1.209196 0.000036 0.000011  -0.324719 0.069674 -0.493483
39  3.859585 -0.149112 -1.331324  -0.094938 -0.084955 -0.411363
40  1.719412 -0.000100 -0.000035  -0.011248 0.001677 -0.960922
41  1.099674 0.000023 0.000007  -0.004984 -0.008084 -0.787926
42  0.805979 -0.359854 -1.318339  0.991670 0.166767 -0.799535
43  1.789779 -0.000009 -0.000043  0.000057 -0.002451 0.133097
44  1.206996 -0.000006 0.000005  0.000373 -0.000071 1.058782
45  5.740572 0.000055 0.000724  0.142842 -0.000014 0.000021
46  11.480810 -0.000140 0.000941  0.051677 0.056528 0.130969
47  6.027514 -0.000273 -0.000238  -0.987713 -0.388756 -1.703779
48  -0.000001 11.691975 -0.000006  -1.105556 0.549050 0.856477
49  0.000004 -0.000001 0.000001  2.413975 -0.000041 1.570856
50  -0.000007 -0.000016 0.000005  2.272644 -0.000030 1.570865
51  -4.014614 -5.677177 -5.837333  -0.128109 -2.971614 1.489511
52  0.000000 -0.000000 -0.000000  0.008153 -0.000259 0.000009
53  0.000000 0.000000 -0.000000  1.565115 0.043565 -0.106862
54  -0.930407 -19.561876 -3.869523  -0.892314 0.125339 -1.788339
55  0.000001 -0.000000 0.000000  0.000000 -0.000000 -0.000002
56  0.000031 0.000029 0.000001  -1.571901 -0.044449 -0.106509
57  7.202790 -19.259499 -17.055128  1.570796 -0.000000 0.000000
58  -15.417985 4.000748 -22.641926  1.570796 -0.000000 0.000000
59  2.236387 -2.421983 -5.367696  1.570796 -0.000000 0.000000
60  -0.004311 0.001230 -0.000371  0.006898 -0.005534 -0.284229
61  0.826810 10.209643 -4.879054  1.570796 -0.000000 0.000000
62  0.000000 0.000000 0.000000  -0.078727 -3.136056 0.284226
63  0.000000 0.000000 0.000000  1.570796 -0.000000 0.000000
64  -2.523063 -12.650944 -1.588820  1.550805 0.051756 0.015401
65  -0.109379 -1.951951 -1.519203  -0.000000 0.000000 -0.000000
66  -0.109379 0.057027 25.399252  -0.000000 0.000000 -0.000000
67  -0.109379 -1.856732 0.287230  -0.000000 0.000000 -0.000000
68  -0.104048 -4.495923 7.879279  -0.000000 0.000000 -0.000000
69  -0.195264 4.332630 -6.347188  -0.000000 0.000000 -0.000000
70  -1.290112 3.693283 8.579669  0.022713 -0.014049 -0.017451
71  -0.121470 -1.314581 7.402088  -0.000000 0.000000 -0.000000
72  -1.107529 -1.063453 4.061646  -0.000000 0.000000 -0.000000
73  0.003659 1.612363 10.733982  0.000000 0.000000 -0.001761
74  -2.621989 -17.877106 -2.781830  1.550805 0.051756 0.015401
time 73
0  0.000006 0.000000 0.000000  -1.570800 -1.391899 -1.570792
1  -4.849906 3.337897 2.232070  -1.544956 -1.855077 -0.198630
2  6.027524 -0.000325 0.000192  -0.468692 -1.199561 -1.816939
3  11.692111 0.000643 -0.000739  -1.384570 -0.000003 -1.130748
4  11.480601 0.000699 -0.000251  1.521921 -0.950665 0.110558
5  3.859507 -0.142880 -1.192050  -0.507739 -0.034586 -1.573166
6  1.312589 0.000013 0.000008  -0.099219 -0.080836 -0.578266
7  0.729356 0.000053 0.000049  -0.083327 -0.106005 -0.262589
8  3.942142 0.046273 -0.431513  -0.423826 0.326055 -0.977403
9  1.539111 0.000085 0.000006  0.011526 -0.070624 -1.101829
10  1.196333 0.000146 0.000031  0.007038 -0.000117 -0.629733
11  3.883505 -0.047269 0.431381  -0.232037 0.533715 -0.537849
12  1.719574 -0.000028 0.000016  0.011709 -0.105542 -1.237432
13  1.209179 0.000090 0.000010  -0.006673 -0.001107 -0.502906
14  3.859662 -0.138476 1.332409  0.013813 0.511197 -0.350141
15  1.719449 -0.000012 0.000020  -0.022509 0.019639 -0.287088
16  1.099675 0.000049 0.000007  -0.286525 0.346051 -1.053593
17  0.770795 -0.901442 1.177685  -1.865794 -0.596007 -0.315192
18  1.789820 -0.000004 -0.000018  0.005558 0.090197 0.395774
19  1.207015 -0.000011 -0.000044  0.141886 -0.163086 0.233767
20  5.740637 0.000410 -0.000702  -0.069747 0.000003 0.000071
21  11.481126 0.000349 -0.000707  0.007761 -0.168850 0.005412
22  6.027524 -0.000329 0.000203  1.481096 -0.360808 1.574176
23  0.000001 11.692099 -0.000007  -0.804379 -0.286978 -0.654768
24  0.000003 0.000008 0.000001  -0.515490 -0.000030 1.570739
25  -0.000001 -0.000011 -0.000000  0.868957 0.000002 1.570712
26  -6.617934 -9.178503 0.826812  1.473120 1.855075 -0.198639
27  6.027512 -0.000261 -0.000226  1.633536 0.882581 -0.654244
28  11.691992 0.000242 0.000856  0.141447 0.000056 -1.629402
29  11.479326 -0.000877 0.000957  -1.227839 0.284205 0.772966
30  3.859437 -0.132788 1.193062  0.466149 -0.051826 -1.783918
31  1.312558 0.000026 0.000000  -0.013965 -0.041044 -0.156447
32  0.729345 0.000066 -0.000027  -0.128320 -0.117290 -0.954857
33  3.942047 0.050109 0.430997  0.211501 -0.107596 -1.469120
34  1.539096 0.000010 -0.000001  0.040712 -0.054386 -1.030469
35  1.196300 0.000076 -0.000004  -0.249391 -0.043040 -0.795120
36  3.883411 -0.050502 -0.431087  0.186407 -0.271796 -1.212184
37  1.719564 -0.000079 -0.000003  0.020974 -0.107650 -1.483528
38  1.209196 0.000036 0.000011  -0.324719 0.069674 -0.493483
39  3.859585 -0.149112 -1.331323  -0.094938 -0.084955 -0.411363
40  1.719412 -0.000100 -0.000035  -0.011248 0.001677 -0.960922
41  1.099673 0.000024 0.000007  -0.004984 -0.008084 -0.787926
42  0.805979 -0.359854 -1.318337  0.991670 0.166767 -0.799535
43  1.789779 -0.000010 -0.000042  0.000057 -0.002451 0.133097
44  1.206996 -0.000006 0.000005  0.000372 -0.000070 1.058781
45  5.740573 0.000055 0.000725  0.142518 -0.000014 0.000021
46  11.480810 -0.000139 0.000941  0.051433 0.056331 0.131020
47  6.027514 -0.000273 -0.000238  -0.987415 -0.388622 -1.703996
48  -0.000000 11.691975 -0.000006  -1.105614 0.549107 0.856511
49  0.000004 0.000000 0.000000  2.413975 -0.000041 1.570856
50  -0.000006 -0.000015 0.000005  2.272644 -0.000030 1.570865
51  -4.019269 -5.676574 -5.836505  -0.129581 -2.971636 1.489750
52  -0.000000 -0.000000 0.000001  0.008153 -0.000259 0.000009
53  -0.000000 -0.000000 0.000000  1.565115 0.043565 -0.106862
54  -0.932369 -19.561575 -3.875080  -0.893766 0.125163 -1.788531
55  0.000000 -0.000001 0.000000  0.000000 -0.000000 -0.000002
56  0.000031 0.000028 0.000002  -1.571901 -0.044449 -0.106509
57  7.202790 -19.259499 -17.055128  1.570796 -0.000000 0.000000
58  -15.417985 4.000748 -22.641926  1.570796 -0.000000 0.000000
59  2.236387 -2.421983 -5.367696  1.570796 -0.000000 0.000000
60  -0.004311 0.001230 -0.000371  0.006898 -0.005534 -0.284229
61  0.826810 10.209643 -4.879054  1.570796 -0.000000 0.000000
62  0.000000 0.000000 0.000000  -0.078727 -3.136056 0.284226
63  0.000000 0.000000 0.000000  1.570796 -0.000000 0.000000
64  -2.521657 -12.650944 -1.591119  1.550967 0.053198 0.015399
65  -0.109379 -1.951951 -1.519204  0.000000 -0.000000 -0.000000
66  -0.109379 0.057027 25.399254  0.000000 -0.000000 -0.000000
67  -0.109378 -1.856732 0.287230  0.000000 -0.000000 -0.000000
68  -0.104047 -4.495924 7.879277  0.000000 -0.000000 -0.000000
69  -0.195264 4.332630 -6.347187  0.000000 -0.000000 -0.000000
70  -1.290112 3.693283 8.579666  0.022713 -0.014049 -0.017451
71  -0.121470 -1.314581 7.402088  0.000000 -0.000000 -0.000000
72  -1.107528 -1.063453 4.061647  0.000000 -0.000000 -0.000000
73  0.003659 1.612363 10.733983  0.000000 -0.000000 -0.002027
74  -2.622360 -17.876938 -2.784710  1.550967 0.053198 0.015399
time 74
0  0.000006 0.000000 0.000000  -1.570800 -1.391899 -1.570792
1  -4.849906 3.337897 2.232070  -1.544956 -1.855077 -0.198630
2  6.027524 -0.000325 0.000192  -0.468804 -1.199391 -1.816493
3  11.692111 0.000643 -0.000740  -1.384570 -0.000003 -1.130785
4  11.480600 0.000700 -0.000255  1.520371 -0.950270 0.110341
5  3.859509 -0.142880 -1.192050  -0.507739 -0.034586 -1.573166
6  1.312589 0.000012 0.000007  -0.099219 -0.080836 -0.578266
7  0.729356 0.000054 0.000050  -0.083327 -0.106005 -0.262589
8  3.942142 0.046273 -0.431512  -0.423826 0.326055 -0.977403
9  1.539110 0.000085 0.000005  0.011526 -0.070624 -1.101829
10  1.196333 0.000143 0.000028  0.007038 -0.000117 -0.629733
11  3.883506 -0.047269 0.431381  -0.232037 0.533715 -0.537849
12  1.719574 -0.000025 0.000016  0.011709 -0.105542 -1.237432
13  1.209179 0.000091 0.000012  -0.006673 -0.001106 -0.502906
14  3.859664 -0.138476 1.332410  0.013813 0.511197 -0.350141
15  1.719451 -0.000012 0.000022  -0.022509 0.019639 -0.287088
16  1.099677 0.000048 0.000006  -0.286525 0.346051 -1.053593
17  0.770795 -0.901442 1.177686  -1.865794 -0.596008 -0.315192
18  1.789822 -0.000002 -0.000019  0.005558 0.090197 0.395774
19  1.207018 -0.000013 -0.000045  0.141886 -0.163086 0.233767
20  5.740637 0.000410 -0.000701  -0.070069 0.000003 0.000070
21  11.481126 0.000350 -0.000706  0.007475 -0.168788 0.005236
22  6.027524 -0.000329 0.000203  1.481093 -0.360983 1.574520
23  0.000002 11.692100 -0.000007  -0.804403 -0.286996 -0.654786
24  0.000004 0.000008 -0.000001  -0.515490 -0.000031 1.570739
25  -0.000001 -0.000011 -0.000002  0.868957 0.000002 1.570712
26  -6.617934 -9.178503 0.826812  1.473120 1.855075 -0.198639
27  6.027512 -0.000261 -0.000226  1.633924 0.882409 -0.654046
28  11.691992 0.000242 0.000856  0.141447 0.000056 -1.629503
29  11.479327 -0.000876 0.000959  -1.229354 0.283724 0.772836
30  3.859435 -0.132787 1.193062  0.466149 -0.051826 -1.783918
31  1.312558 0.000026 -0.000000  -0.013965 -0.041043 -0.156447
32  0.729345 0.000065 -0.000027  -0.128320 -0.117290 -0.954857
33  3.942046 0.050109 0.430997  0.211501 -0.107596 -1.469120
34  1.539097 0.000010 0.000000  0.040712 -0.054386 -1.030469
35  1.196300 0.000075 -0.000004  -0.249391 -0.043040 -0.795120
36  3.883411 -0.050501 -0.431086  0.186407 -0.271796 -1.212184
37  1.719563 -0.000080 -0.000003  0.020974 -0.107650 -1.483528
38  1.209197 0.000036 0.000011  -0.324719 0.069674 -0.493483
39  3.859586 -0.149112 -1.331323  -0.094938 -0.084955 -0.411363
40  1.719410 -0.000099 -0.000035  -0.011248 0.001677 -0.960922
41  1.099673 0.000025 0.000007  -0.004984 -0.008084 -0.787926
42  0.805979 -0.359853 -1.318338  0.991670 0.166767 -0.799535
43  1.789779 -0.000009 -0.000042  0.000057 -0.002451 0.133097
44  1.206997 -0.000006 0.000005  0.000372 -0.000070 1.058782
45  5.740572 0.000056 0.000724  0.142194 -0.000014 0.000021
46  11.480809 -0.000138 0.000942  0.051188 0.056138 0.131071
47  6.027514 -0.000273 -0.000238  -0.987122 -0.388493 -1.704209
48  -0.000003 11.691974 -0.000006  -1.105674 0.549166 0.856546
49  0.000002 -0.000001 -0.000001  2.413975 -0.000041 1.570856
50  -0.000007 -0.000015 0.000005  2.272644 -0.000030 1.570865
51  -4.023811 -5.675950 -5.835734  -0.131053 -2.971657 1.489977
52  -0.000000 -0.000000 -0.000000  0.008153 -0.000259 0.000009
53  -0.000000 0.000000 0.000000  1.565115 0.043565 -0.106862
54  -0.934391 -19.561293 -3.880697  -0.895217 0.124986 -1.788734
55  -0.000001 -0.000001 -0.000000  0.000000 -0.000000 -0.000002
56  0.000028 0.000028 0.000000  -1.571901 -0.044449 -0.106509
57  7.202790 -19.259499 -17.055128  1.570796 -0.000000 0.000000
58  -15.417985 4.000748 -22.641926  1.570796 -0.000000 0.000000
59  2.236387 -2.421983 -5.367696  1.570796 -0.000000 0.000000
60  -0.004311 0.001230 -0.000371  0.006898 -0.005534 -0.284229
61  0.826810 10.209643 -4.879054  1.570796 -0.000000 0.000000
62  0.000000 0.000000 0.000000  -0.078727 -3.136056 0.284226
63  0.000000 0.000000 0.000000  1.570796 -0.000000 0.000000
64  -2.520225 -12.650944 -1.593483  1.551128 0.054640 0.015385
65  -0.109379 -1.951951 -1.519205  -0.000000 0.000000 -0.000000
66  -0.109379 0.057027 25.399256  -0.000000 0.000000 -0.000000
67  -0.109379 -1.856732 0.287229  -0.000000 0.000000 -0.000000
68  -0.104048 -4.495923 7.879277  -0.000000 0.000000 -0.000000
69  -0.195264 4.332631 -6.347186  -0.000000 0.000000 -0.000000
70  -1.290112 3.693283 8.579672  0.022713 -0.014049 -0.017451
71  -0.121470 -1.314581 7.402089  -0.000000 0.000000 -0.000000
72  -1.107529 -1.063453 4.061648  -0.000000 0.000000 -0.000000
73  0.003659 1.612363 10.733982  0.000000 0.000000 -0.002320
74  -2.622768 -17.876768 -2.787654  1.551128 0.054640 0.015385
time 75
0  0.000006 0.000000 0.000000  -1.570800 -1.391899 -1.570792
1  -4.849906 3.337897 2.232070  -1.544956 -1.855077 -0.198630
2  6.027524 -0.000325 0.000192  -0.468913 -1.199221 -1.816048
3  11.692110 0.000643 -0.000740  -1.384570 -0.000003 -1.130821
4  11.480598 0.000699 -0.000254  1.518829 -0.949872 0.110131
5  3.859508 -0.142879 -1.192049  -0.507739 -0.034586 -1.573166
6  1.312590 0.000013 0.000009  -0.099219 -0.080836 -0.578266
7  0.729355 0.000055 0.000047  -0.083327 -0.106005 -0.262589
8  3.942141 0.046273 -0.431512  -0.423826 0.326055 -0.977403
9  1.539110 0.000086 0.000004  0.011526 -0.070624 -1.101829
10  1.196332 0.000144 0.000031  0.007038 -0.000117 -0.629733
11  3.883503 -0.047269 0.431381  -0.232037 0.533715 -0.537849
12  1.719573 -0.000028 0.000014  0.011709 -0.105542 -1.237432
13  1.209179 0.000091 0.000012  -0.006674 -0.001106 -0.502906
14  3.859661 -0.138475 1.332410  0.013813 0.511197 -0.350141
15  1.719447 -0.000012 0.000020  -0.022509 0.019639 -0.287088
16  1.099676 0.000046 0.000005  -0.286525 0.346051 -1.053593
17  0.770792 -0.901442 1.177685  -1.865794 -0.596008 -0.315192
18  1.789817 -0.000003 -0.000018  0.005558 0.090197 0.395774
19  1.207015 -0.000012 -0.000042  0.141886 -0.163086 0.233767
20  5.740636 0.000410 -0.000704  -0.070389 0.000003 0.000071
21  11.481124 0.000350 -0.000709  0.007191 -0.168726 0.005063
22  6.027524 -0.000329 0.000203  1.481090 -0.361157 1.574864
23  0.000002 11.692099 -0.000008  -0.804425 -0.287012 -0.654802
24  0.000004 0.000009 -0.000001  -0.515490 -0.000031 1.570739
25  -0.000001 -0.000011 -0.000002  0.868957 0.000002 1.570712
26  -6.617934 -9.178503 0.826812  1.473120 1.855075 -0.198639
27  6.027512 -0.000261 -0.000226  1.634300 0.882239 -0.653854
28  11.691991 0.000243 0.000856  0.141447 0.000056 -1.629604
29  11.479326 -0.000878 0.000957  -1.230855 0.283259 0.772711
30  3.859435 -0.132788 1.193061  0.466149 -0.051826 -1.783918
31  1.312558 0.000024 -0.000000  -0.013965 -0.041044 -0.156447
32  0.729345 0.000066 -0.000028  -0.128320 -0.117290 -0.954857
33  3.942045 0.050109 0.430996  0.211501 -0.107596 -1.469120
34  1.539096 0.000009 -0.000001  0.040712 -0.054386 -1.030469
35  1.196299 0.000076 -0.000004  -0.249391 -0.043040 -0.795120
36  3.883411 -0.050502 -0.431087  0.186407 -0.271796 -1.212184
37  1.719563 -0.000079 -0.000002  0.020974 -0.107650 -1.483528
38  1.209196 0.000036 0.000011  -0.324719 0.069674 -0.493483
39  3.859584 -0.149112 -1.331324  -0.094938 -0.084955 -0.411363
40  1.719412 -0.000100 -0.000035  -0.011248 0.001677 -0.960922
41  1.099674 0.000024 0.000007  -0.004984 -0.008084 -0.787926
42  0.805978 -0.359854 -1.318338  0.991670 0.166767 -0.799535
43  1.789779 -0.000008 -0.000042  0.000057 -0.002451 0.133097
44  1.206997 -0.000006 0.000005  0.000372 -0.000070 1.058781
45  5.740573 0.000054 0.000724  0.141873 -0.000014 0.000021
46  11.480810 -0.000139 0.000941  0.050944 0.055949 0.131121
47  6.027514 -0.000273 -0.000238  -0.986834 -0.388371 -1.704417
48  -0.000001 11.691974 -0.000006  -1.105733 0.549224 0.856580
49  0.000003 -0.000001 0.000000  2.413975 -0.000041 1.570856
50  -0.000007 -0.000017 0.000005  2.272644 -0.000030 1.570865
51  -4.028235 -5.675322 -5.835023  -0.132512 -2.971679 1.490195
52  -0.000001 0.000000 -0.000000  0.008153 -0.000259 0.000009
53  -0.000001 -0.000000 -0.000000  1.565115 0.043565 -0.106862
54  -0.936420 -19.561026 -3.886325  -0.896656 0.124811 -1.788942
55  -0.000002 -0.000001 -0.000000  0.000000 -0.000000 -0.000002
56  0.000029 0.000028 0.000001  -1.571902 -0.044449 -0.106509
57  7.202790 -19.259499 -17.055128  1.570796 -0.000000 0.000000
58  -15.417985 4.000748 -22.641926  1.570796 -0.000000 0.000000
59  2.236387 -2.421983 -5.367696  1.570796 -0.000000 0.000000
60  -0.004311 0.001230 -0.000371  0.006898 -0.005534 -0.284229
61  0.826810 10.209643 -4.879054  1.570796 -0.000000 0.000000
62  0.000000 0.000000 0.000000  -0.078727 -3.136056 0.284226
63  0.000000 0.000000 0.000000  1.570796 -0.000000 0.000000
64  -2.518780 -12.650944 -1.595891  1.551288 0.056069 0.015366
65  -0.109379 -1.951951 -1.519206  0.000000 -0.000000 -0.000000
66  -0.109379 0.057027 25.399248  0.000000 -0.000000 -0.000000
67  -0.109379 -1.856732 0.287229  0.000000 -0.000000 -0.000000
68  -0.104048 -4.495923 7.879277  0.000000 -0.000000 -0.000000
69  -0.195264 4.332630 -6.347187  0.000000 -0.000000 -0.000000
70  -1.290112 3.693283 8.579668  0.022713 -0.014049 -0.017451
71  -0.121471 -1.314581 7.402086  0.000000 -0.000000 -0.000000
72  -1.107529 -1.063453 4.061649  0.000000 -0.000000 -0.000000
73  0.003659 1.612363 10.733981  -0.000000 -0.000000 -0.002645
74  -2.623183 -17.876602 -2.790634  1.551288 0.056069 0.015366
time 76
0  0.000006 0.000000 0.000000  -1.570800 -1.391899 -1.570792
1  -4.849906 3.337897 2.232070  -1.544956 -1.855077 -0.198630
2  6.027524 -0.000325 0.000192  -0.469028 -1.199052 -1.815602
3  11.692109 0.000644 -0.000738  -1.384570 -0.000003 -1.130858
4  11.480601 0.000698 -0.000255  1.517312 -0.949479 0.109924
5  3.859508 -0.142880 -1.192049  -0.507739 -0.034586 -1.573166
6  1.312590 0.000014 0.000008  -0.099219 -0.080836 -0.578266
7  0.729354 0.000053 0.000047  -0.083327 -0.106005 -0.262589
8  3.942142 0.046273 -0.431512  -0.423826 0.326055 -0.977403
9  1.539111 0.000085 0.000007  0.011526 -0.070624 -1.101829
10  1.196333 0.000144 0.000031  0.007038 -0.000117 -0.629733
11  3.883503 -0.047269 0.431382  -0.232037 0.533715 -0.537849
12  1.719573 -0.000026 0.000018  0.011709 -0.105542 -1.237432
13  1.209179 0.000093 0.000012  -0.006674 -0.001106 -0.502906
14  3.859661 -0.138475 1.332410  0.013813 0.511197 -0.350141
15  1.719446 -0.000012 0.000023  -0.022509 0.019639 -0.287088
16  1.099675 0.000048 0.000005  -0.286525 0.346051 -1.053593
17  0.770793 -0.901442 1.177686  -1.865794 -0.596007 -0.315192
18  1.789815 -0.000003 -0.000018  0.005558 0.090197 0.395774
19  1.207015 -0.000011 -0.000042  0.141886 -0.163086 0.233767
20  5.740638 0.000410 -0.000704  -0.070702 0.000003 0.000071
21  11.481127 0.000349 -0.000708  0.006911 -0.168665 0.004893
22  6.027524 -0.000329 0.000203  1.481088 -0.361331 1.575204
23  0.000002 11.692097 -0.000007  -0.804449 -0.287029 -0.654820
24  0.000003 0.000010 -0.000000  -0.515490 -0.000031 1.570739
25  -0.000001 -0.000012 -0.000001  0.868957 0.000002 1.570712
26  -6.617934 -9.178503 0.826812  1.473120 1.855075 -0.198639
27  6.027512 -0.000261 -0.000226  1.634663 0.882070 -0.653670
28  11.691991 0.000243 0.000856  0.141447 0.000056 -1.629704
29  11.479326 -0.000877 0.000957  -1.232327 0.282807 0.772589
30  3.859436 -0.132788 1.193062  0.466149 -0.051826 -1.783918
31  1.312558 0.000026 0.000000  -0.013965 -0.041044 -0.156447
32  0.729345 0.000066 -0.000028  -0.128320 -0.117290 -0.954857
33  3.942047 0.050109 0.430997  0.211501 -0.107596 -1.469120
34  1.539097 0.000010 0.000000  0.040712 -0.054386 -1.030469
35  1.196299 0.000076 -0.000004  -0.249391 -0.043040 -0.795120
36  3.883412 -0.050502 -0.431087  0.186407 -0.271796 -1.212184
37  1.719562 -0.000081 -0.000003  0.020974 -0.107650 -1.483528
38  1.209197 0.000035 0.000011  -0.324719 0.069674 -0.493483
39  3.859585 -0.149112 -1.331323  -0.094938 -0.084955 -0.411363
40  1.719413 -0.000099 -0.000034  -0.011248 0.001677 -0.960922
41  1.099674 0.000024 0.000007  -0.004984 -0.008084 -0.787926
42  0.805978 -0.359854 -1.318338  0.991670 0.166767 -0.799535
43  1.789778 -0.000009 -0.000042  0.000057 -0.002451 0.133097
44  1.206997 -0.000006 0.000005  0.000372 -0.000070 1.058781
45  5.740572 0.000055 0.000723  0.141557 -0.000014 0.000021
46  11.480809 -0.000139 0.000940  0.050704 0.055764 0.131171
47  6.027514 -0.000273 -0.000238  -0.986552 -0.388254 -1.704620
48  0.000000 11.691973 -0.000005  -1.105791 0.549282 0.856614
49  0.000003 0.000001 0.000000  2.413975 -0.000041 1.570856
50  -0.000006 -0.000016 0.000006  2.272644 -0.000030 1.570865
51  -4.032543 -5.674702 -5.834377  -0.133944 -2.971702 1.490408
52  0.000000 -0.000000 0.000000  0.008153 -0.000259 0.000009
53  -0.000000 -0.000000 0.000000  1.565115 0.043565 -0.106862
54  -0.938400 -19.560759 -3.891916  -0.898069 0.124640 -1.789147
55  0.000001 0.000000 0.000000  0.000000 -0.000000 -0.000002
56  0.000030 0.000029 0.000001  -1.571901 -0.044449 -0.106509
57  7.202790 -19.259499 -17.055128  1.570796 -0.000000 0.000000
58  -15.417985 4.000748 -22.641926  1.570796 -0.000000 0.000000
59  2.236387 -2.421983 -5.367696  1.570796 -0.000000 0.000000
60  -0.004311 0.001230 -0.000371  0.006898 -0.005534 -0.284229
61  0.826810 10.209643 -4.879054  1.570796 -0.000000 0.000000
62  0.000000 0.000000 0.000000  -0.078727 -3.136056 0.284226
63  0.000000 0.000000 0.000000  1.570796 -0.000000 0.000000
64  -2.517335 -12.650944 -1.598320  1.551446 0.057472 0.015345
65  -0.109379 -1.951952 -1.519205  -0.000000 -0.000000 -0.000000
66  -0.109379 0.057027 25.399254  -0.000000 -0.000000 -0.000000
67  -0.109379 -1.856732 0.287229  -0.000000 -0.000000 -0.000000
68  -0.104048 -4.495923 7.879277  -0.000000 -0.000000 -0.000000
69  -0.195264 4.332631 -6.347186  -0.000000 -0.000000 -0.000000
70  -1.290112 3.693283 8.579667  0.022713 -0.014049 -0.017451
71  -0.121470 -1.314582 7.402090  -0.000000 -0.000000 -0.000000
72  -1.107528 -1.063453 4.061648  -0.000000 -0.000000 -0.000000
73  0.003659 1.612363 10.733982  -0.000000 0.000000 -0.003008
74  -2.623571 -17.876436 -2.793626  1.551446 0.057472 0.015345
time 77
0  0.000006 0.000000 0.000000  -1.570800 -1.391899 -1.570792
1  -4.849906 3.337897 2.232070  -1.544956 -1.855077 -0.198630
2  6.027524 -0.000325 0.000192  -0.469148 -1.198885 -1.815157
3  11.692112 0.000643 -0.000740  -1.384570 -0.000003 -1.130897
4  11.480601 0.000697 -0.000254  1.515835 -0.949095 0.109723
5  3.859510 -0.142879 -1.192049  -0.507739 -0.034586 -1.573166
6  1.312590 0.000013 0.000008  -0.099219 -0.080836 -0.578266
7  0.729354 0.000054 0.000050  -0.083327 -0.106005 -0.262589
8  3.942142 0.046273 -0.431513  -0.423826 0.326055 -0.977403
9  1.539112 0.000084 0.000004  0.011526 -0.070624 -1.101829
10  1.196331 0.000147 0.000028  0.007038 -0.000117 -0.629733
11  3.883506 -0.047269 0.431381  -0.232037 0.533715 -0.537849
12  1.719573 -0.000026 0.000016  0.011709 -0.105542 -1.237432
13  1.209180 0.000090 0.000012  -0.006673 -0.001106 -0.502906
14  3.859662 -0.138475 1.332410  0.013813 0.511197 -0.350141
15  1.719450 -0.000012 0.000020  -0.022509 0.019639 -0.287088
16  1.099676 0.000047 0.000004  -0.286525 0.346051 -1.053593
17  0.770796 -0.901442 1.177686  -1.865794 -0.596008 -0.315192
18  1.789817 -0.000003 -0.000017  0.005558 0.090197 0.395774
19  1.207014 -0.000012 -0.000043  0.141886 -0.163086 0.233768
20  5.740637 0.000410 -0.000705  -0.071006 0.000003 0.000071
21  11.481125 0.000349 -0.000710  0.006638 -0.168604 0.004727
22  6.027524 -0.000329 0.000203  1.481089 -0.361504 1.575536
23  0.000003 11.692098 -0.000008  -0.804474 -0.287048 -0.654838
24  0.000003 0.000008 -0.000001  -0.515490 -0.000031 1.570739
25  -0.000000 -0.000012 -0.000002  0.868957 0.000002 1.570712
26  -6.617934 -9.178503 0.826812  1.473120 1.855075 -0.198639
27  6.027512 -0.000261 -0.000226  1.635009 0.881905 -0.653494
28  11.691990 0.000243 0.000856  0.141447 0.000056 -1.629801
29  11.479325 -0.000880 0.000957  -1.233759 0.282371 0.772470
30  3.859437 -0.132788 1.193062  0.466149 -0.051826 -1.783918
31  1.312558 0.000025 0.000000  -0.013965 -0.041044 -0.156447
32  0.729345 0.000066 -0.000028  -0.128320 -0.117290 -0.954857
33  3.942046 0.050109 0.430996  0.211501 -0.107596 -1.469120
34  1.539097 0.000010 -0.000001  0.040712 -0.054386 -1.030469
35  1.196300 0.000076 -0.000004  -0.249391 -0.043040 -0.795121
36  3.883412 -0.050502 -0.431087  0.186407 -0.271796 -1.212184
37  1.719563 -0.000078 -0.000003  0.020974 -0.107650 -1.483528
38  1.209198 0.000036 0.000011  -0.324719 0.069674 -0.493483
39  3.859585 -0.149112 -1.331323  -0.094938 -0.084955 -0.411363
40  1.719411 -0.000100 -0.000034  -0.011248 0.001677 -0.960922
41  1.099674 0.000025 0.000007  -0.004984 -0.008084 -0.787926
42  0.805979 -0.359854 -1.318338  0.991670 0.166767 -0.799535
43  1.789779 -0.000009 -0.000042  0.000057 -0.002451 0.133097
44  1.206997 -0.000006 0.000005  0.000372 -0.000070 1.058782
45  5.740573 0.000053 0.000723  0.141250 -0.000014 0.000021
46  11.480809 -0.000141 0.000941  0.050471 0.055585 0.131219
47  6.027514 -0.000273 -0.000238  -0.986278 -0.388145 -1.704815
48  -0.000002 11.691973 -0.000006  -1.105849 0.549338 0.856647
49  0.000003 0.000002 -0.000000  2.413975 -0.000041 1.570856
50  -0.000008 -0.000015 0.000005  2.272644 -0.000030 1.570865
51  -4.036692 -5.674091 -5.833801  -0.135338 -2.971725 1.490613
52  0.000000 0.000000 0.000001  0.008153 -0.000259 0.000009
53  0.000000 -0.000000 -0.000000  1.565115 0.043565 -0.106862
54  -0.940311 -19.560497 -3.897424  -0.899443 0.124474 -1.789348
55  -0.000002 -0.000000 -0.000001  0.000000 -0.000000 -0.000002
56  0.000029 0.000029 0.000000  -1.571901 -0.044449 -0.106509
57  7.202790 -19.259499 -17.055128  1.570796 -0.000000 0.000000
58  -15.417985 4.000748 -22.641926  1.570796 -0.000000 0.000000
59  2.236387 -2.421983 -5.367696  1.570796 -0.000000 0.000000
60  -0.004311 0.001230 -0.000371  0.006898 -0.005534 -0.284229
61  0.826810 10.209643 -4.879054  1.570796 -0.000000 0.000000
62  0.000000 0.000000 0.000000  -0.078727 -3.136056 0.284226
63  0.000000 0.000000 0.000000  1.570796 -0.000000 0.000000
64  -2.515903 -12.650944 -1.600749  1.551601 0.058837 0.015324
65  -0.109379 -1.951951 -1.519205  -0.000000 -0.000000 -0.000000
66  -0.109379 0.057027 25.399250  -0.000000 -0.000000 -0.000000
67  -0.109379 -1.856732 0.287229  -0.000000 -0.000000 -0.000000
68  -0.104047 -4.495924 7.879274  -0.000000 -0.000000 -0.000000
69  -0.195264 4.332631 -6.347188  -0.000000 -0.000000 -0.000000
70  -1.290112 3.693284 8.579671  0.022713 -0.014049 -0.017451
71  -0.121471 -1.314581 7.402089  -0.000000 -0.000000 -0.000000
72  -1.107528 -1.063453 4.061648  -0.000000 -0.000000 -0.000000
73  0.003659 1.612363 10.733982  -0.000000 -0.000000 -0.003413
74  -2.623930 -17.876274 -2.796606  1.551601 0.058837 0.015324
time 78
0  0.000006 0.000000 0.000000  -1.570800 -1.391899 -1.570792
1  -4.849906 3.337897 2.232070  -1.544956 -1.855077 -0.198630
2  6.027524 -0.000325 0.000192  -0.469272 -1.198722 -1.814718
3  11.692110 0.000644 -0.000739  -1.384570 -0.000003 -1.130937
4  11.480599 0.000698 -0.000255  1.514411 -0.948724 0.109530
5  3.859509 -0.142880 -1.192049  -0.507739 -0.034586 -1.573166
6  1.312589 0.000013 0.000007  -0.099219 -0.080836 -0.578266
7  0.729355 0.000054 0.000051  -0.083327 -0.106005 -0.262589
8  3.942142 0.046272 -0.431512  -0.423826 0.326055 -0.977403
9  1.539110 0.000086 0.000003  0.011526 -0.070624 -1.101829
10  1.196333 0.000144 0.000031  0.007038 -0.000117 -0.629733
11  3.883504 -0.047270 0.431381  -0.232037 0.533715 -0.537849
12  1.719572 -0.000026 0.000015  0.011708 -0.105542 -1.237432
13  1.209180 0.000091 0.000013  -0.006673 -0.001106 -0.502906
14  3.859661 -0.138476 1.332410  0.013813 0.511197 -0.350141
15  1.719446 -0.000012 0.000021  -0.022509 0.019639 -0.287088
16  1.099675 0.000048 0.000005  -0.286525 0.346051 -1.053593
17  0.770794 -0.901443 1.177686  -1.865794 -0.596008 -0.315192
18  1.789817 -0.000003 -0.000018  0.005558 0.090197 0.395774
19  1.207015 -0.000011 -0.000043  0.141886 -0.163086 0.233767
20  5.740637 0.000410 -0.000705  -0.071299 0.000003 0.000071
21  11.481124 0.000350 -0.000711  0.006375 -0.168546 0.004568
22  6.027524 -0.000329 0.000203  1.481093 -0.361673 1.575859
23  0.000001 11.692098 -0.000007  -0.804499 -0.287066 -0.654857
24  0.000002 0.000008 -0.000001  -0.515490 -0.000031 1.570738
25  -0.000001 -0.000011 -0.000001  0.868957 0.000002 1.570712
26  -6.617934 -9.178503 0.826812  1.473120 1.855075 -0.198639
27  6.027512 -0.000261 -0.000226  1.635337 0.881744 -0.653328
28  11.691992 0.000243 0.000856  0.141447 0.000057 -1.629896
29  11.479321 -0.000877 0.000959  -1.235135 0.281956 0.772357
30  3.859436 -0.132787 1.193062  0.466149 -0.051826 -1.783918
31  1.312558 0.000025 -0.000000  -0.013965 -0.041043 -0.156447
32  0.729346 0.000066 -0.000027  -0.128320 -0.117290 -0.954857
33  3.942046 0.050109 0.430997  0.211501 -0.107596 -1.469120
34  1.539096 0.000009 0.000000  0.040712 -0.054386 -1.030469
35  1.196299 0.000076 -0.000004  -0.249391 -0.043040 -0.795121
36  3.883411 -0.050502 -0.431087  0.186407 -0.271796 -1.212184
37  1.719563 -0.000079 -0.000003  0.020974 -0.107650 -1.483528
38  1.209197 0.000036 0.000011  -0.324719 0.069674 -0.493483
39  3.859586 -0.149111 -1.331323  -0.094938 -0.084955 -0.411363
40  1.719411 -0.000099 -0.000035  -0.011248 0.001677 -0.960922
41  1.099674 0.000026 0.000007  -0.004984 -0.008084 -0.787926
42  0.805979 -0.359854 -1.318338  0.991670 0.166767 -0.799535
43  1.789779 -0.000009 -0.000042  0.000057 -0.002451 0.133097
44  1.206996 -0.000006 0.000005  0.000372 -0.000070 1.058782
45  5.740571 0.000056 0.000723  0.140954 -0.000014 0.000021
46  11.480806 -0.000138 0.000942  0.050246 0.055414 0.131264
47  6.027514 -0.000273 -0.000238  -0.986016 -0.388044 -1.705001
48  -0.000000 11.691973 -0.000005  -1.105904 0.549392 0.856679
49  0.000004 -0.000003 0.000000  2.413975 -0.000041 1.570856
50  -0.000006 -0.000016 0.000006  2.272644 -0.000030 1.570865
51  -4.040644 -5.673497 -5.833299  -0.136679 -2.971749 1.490810
52  -0.000001 0.000000 0.000000  0.008153 -0.000259 0.000009
53  0.000000 -0.000000 0.000000  1.565115 0.043565 -0.106862
54  -0.942136 -19.560249 -3.902799  -0.900765 0.124315 -1.789542
55  -0.000001 -0.000000 0.000000  0.000000 -0.000000 -0.000002
56  0.000028 0.000029 0.000001  -1.571901 -0.044449 -0.106509
57  7.202790 -19.259499 -17.055128  1.570796 -0.000000 0.000000
58  -15.417985 4.000748 -22.641926  1.570796 -0.000000 0.000000
59  2.236387 -2.421983 -5.367696  1.570796 -0.000000 0.000000
60  -0.004311 0.001230 -0.000371  0.006898 -0.005534 -0.284229
61  0.826810 10.209643 -4.879054  1.570796 -0.000000 0.000000
62  0.000000 0.000000 0.000000  -0.078727 -3.136056 0.284226
63  0.000000 0.000000 0.000000  1.570796 -0.000000 0.000000
64  -2.514497 -12.650944 -1.603157  1.551751 0.060151 0.015303
65  -0.109379 -1.951951 -1.519206  0.000000 -0.000000 0.000000
66  -0.109379 0.057027 25.399246  0.000000 -0.000000 0.000000
67  -0.109379 -1.856731 0.287229  0.000000 -0.000000 0.000000
68  -0.104048 -4.495923 7.879277  0.000000 -0.000000 0.000000
69  -0.195264 4.332631 -6.347187  0.000000 -0.000000 0.000000
70  -1.290112 3.693284 8.579668  0.022713 -0.014049 -0.017451
71  -0.121470 -1.314581 7.402087  0.000000 -0.000000 0.000000
72  -1.107528 -1.063453 4.061647  0.000000 -0.000000 0.000000
73  0.003659 1.612363 10.733980  -0.000000 -0.000000 -0.003868
74  -2.624253 -17.876116 -2.799548  1.551751 0.060151 0.015303
time 79
0  0.000006 0.000000 0.000000  -1.570800 -1.391899 -1.570792
1  -4.849906 3.337897 2.232070  -1.544956 -1.855077 -0.198630
2  6.027524 -0.000325 0.000192  -0.469400 -1.198564 -1.814286
3  11.692110 0.000644 -0.000739  -1.384570 -0.000003 -1.130980
4  11.480599 0.000698 -0.000255  1.513053 -0.948370 0.109348
5  3.859508 -0.142880 -1.192049  -0.507739 -0.034586 -1.573166
6  1.312590 0.000011 0.000005  -0.099219 -0.080836 -0.578266
7  0.729356 0.000054 0.000050  -0.083327 -0.106005 -0.262589
8  3.942142 0.046273 -0.431512  -0.423826 0.326055 -0.977403
9  1.539111 0.000085 0.000007  0.011526 -0.070624 -1.101829
10  1.196333 0.000143 0.000028  0.007038 -0.000117 -0.629733
11  3.883502 -0.047269 0.431381  -0.232037 0.533715 -0.537849
12  1.719574 -0.000027 0.000015  0.011709 -0.105542 -1.237432
13  1.209179 0.000091 0.000012  -0.006673 -0.001106 -0.502906
14  3.859662 -0.138475 1.332410  0.013813 0.511197 -0.350141
15  1.719448 -0.000013 0.000021  -0.022509 0.019639 -0.287088
16  1.099675 0.000048 0.000005  -0.286525 0.346051 -1.053593
17  0.770794 -0.901442 1.177686  -1.865794 -0.596008 -0.315192
18  1.789820 -0.000003 -0.000017  0.005558 0.090197 0.395774
19  1.207018 -0.000012 -0.000044  0.141886 -0.163086 0.233767
20  5.740636 0.000410 -0.000703  -0.071577 0.000003 0.000070
21  11.481125 0.000350 -0.000709  0.006125 -0.168490 0.004417
22  6.027524 -0.000329 0.000203  1.481100 -0.361838 1.576168
23  0.000002 11.692098 -0.000008  -0.804526 -0.287086 -0.654877
24  0.000004 0.000009 -0.000002  -0.515490 -0.000030 1.570739
25  -0.000001 -0.000011 -0.000002  0.868957 0.000002 1.570712
26  -6.617934 -9.178503 0.826812  1.473120 1.855075 -0.198639
27  6.027512 -0.000261 -0.000226  1.635642 0.881589 -0.653174
28  11.691991 0.000243 0.000856  0.141447 0.000056 -1.629987
29  11.479323 -0.000879 0.000960  -1.236444 0.281566 0.772250
30  3.859435 -0.132787 1.193062  0.466149 -0.051826 -1.783918
31  1.312558 0.000026 -0.000000  -0.013965 -0.041044 -0.156447
32  0.729345 0.000064 -0.000027  -0.128320 -0.117290 -0.954857
33  3.942046 0.050109 0.430997  0.211501 -0.107596 -1.469120
34  1.539097 0.000012 -0.000000  0.040712 -0.054386 -1.030469
35  1.196300 0.000076 -0.000004  -0.249391 -0.043040 -0.795121
36  3.883411 -0.050502 -0.431087  0.186407 -0.271796 -1.212184
37  1.719564 -0.000080 -0.000003  0.020974 -0.107650 -1.483528
38  1.209196 0.000036 0.000012  -0.324719 0.069674 -0.493483
39  3.859585 -0.149112 -1.331323  -0.094938 -0.084955 -0.411363
40  1.719411 -0.000099 -0.000035  -0.011248 0.001677 -0.960922
41  1.099673 0.000025 0.000006  -0.004984 -0.008084 -0.787926
42  0.805978 -0.359853 -1.318338  0.991670 0.166767 -0.799535
43  1.789779 -0.000009 -0.000042  0.000057 -0.002451 0.133097
44  1.206996 -0.000006 0.000006  0.000372 -0.000070 1.058782
45  5.740573 0.000054 0.000724  0.140672 -0.000014 0.000021
46  11.480808 -0.000140 0.000942  0.050032 0.055252 0.131308
47  6.027514 -0.000273 -0.000238  -0.985766 -0.387953 -1.705177
48  -0.000002 11.691974 -0.000006  -1.105958 0.549445 0.856710
49  0.000003 -0.000001 -0.000000  2.413975 -0.000041 1.570856
50  -0.000007 -0.000015 0.000006  2.272644 -0.000030 1.570865
51  -4.044360 -5.672923 -5.832877  -0.137955 -2.971774 1.490996
52  0.000000 -0.000000 0.000000  0.008153 -0.000259 0.000009
53  -0.000001 0.000000 -0.000000  1.565115 0.043565 -0.106862
54  -0.943853 -19.560005 -3.907993  -0.902024 0.124165 -1.789728
55  -0.000000 -0.000000 0.000000  0.000000 -0.000000 -0.000002
56  0.000031 0.000029 0.000001  -1.571901 -0.044449 -0.106509
57  7.202790 -19.259499 -17.055128  1.570796 -0.000000 0.000000
58  -15.417985 4.000748 -22.641926  1.570796 -0.000000 0.000000
59  2.236387 -2.421983 -5.367696  1.570796 -0.000000 0.000000
60  -0.004311 0.001230 -0.000371  0.006898 -0.005534 -0.284229
61  0.826810 10.209643 -4.879054  1.570796 -0.000000 0.000000
62  0.000000 0.000000 0.000000  -0.078727 -3.136056 0.284226
63  0.000000 0.000000 0.000000  1.570796 -0.000000 0.000000
64  -2.513129 -12.650944 -1.605521  1.551895 0.061400 0.015282
65  -0.109379 -1.951951 -1.519204  -0.000000 -0.000000 -0.000000
66  -0.109379 0.057027 25.399256  -0.000000 -0.000000 -0.000000
67  -0.109379 -1.856732 0.287230  -0.000000 -0.000000 -0.000000
68  -0.104047 -4.495924 7.879275  -0.000000 -0.000000 -0.000000
69  -0.195264 4.332630 -6.347185  -0.000000 -0.000000 -0.000000
70  -1.290112 3.693284 8.579670  0.022713 -0.014049 -0.017451
71  -0.121470 -1.314581 7.402086  -0.000000 -0.000000 -0.000000
72  -1.107529 -1.063453 4.061646  -0.000000 -0.000000 -0.000000
73  0.003659 1.612363 10.733982  -0.000000 0.000000 -0.004383
74  -2.624539 -17.875963 -2.802428  1.551895 0.061400 0.015282
time 80
0  0.000006 0.000000 0.000000  -1.570800 -1.391899 -1.570792
1  -4.849906 3.337897 2.232070  -1.544956 -1.855077 -0.198630
2  6.027524 -0.000325 0.000192  -0.469532 -1.198412 -1.813868
3  11.692110 0.000642 -0.000738  -1.384570 -0.000003 -1.131023
4  11.480600 0.000699 -0.000255  1.511775 -0.948036 0.109179
5  3.859509 -0.142880 -1.192049  -0.507739 -0.034586 -1.573166
6  1.312590 0.000012 0.000009  -0.099219 -0.080836 -0.578266
7  0.729356 0.000054 0.000049  -0.083327 -0.106005 -0.262589
8  3.942142 0.046273 -0.431512  -0.423826 0.326055 -0.977403
9  1.539111 0.000087 0.000007  0.011526 -0.070624 -1.101829
10  1.196333 0.000144 0.000029  0.007038 -0.000117 -0.629733
11  3.883504 -0.047269 0.431381  -0.232037 0.533715 -0.537849
12  1.719574 -0.000024 0.000013  0.011709 -0.105542 -1.237432
13  1.209179 0.000090 0.000013  -0.006673 -0.001106 -0.502906
14  3.859663 -0.138475 1.332410  0.013813 0.511197 -0.350141
15  1.719449 -0.000013 0.000021  -0.022509 0.019639 -0.287088
16  1.099674 0.000047 0.000004  -0.286525 0.346051 -1.053593
17  0.770794 -0.901442 1.177686  -1.865794 -0.596007 -0.315192
18  1.789819 -0.000003 -0.000018  0.005558 0.090197 0.395774
19  1.207016 -0.000012 -0.000043  0.141886 -0.163086 0.233767
20  5.740637 0.000410 -0.000701  -0.071839 0.000003 0.000070
21  11.481126 0.000350 -0.000709  0.005889 -0.168437 0.004274
22  6.027524 -0.000329 0.000203  1.481109 -0.361997 1.576461
23  0.000002 11.692098 -0.000009  -0.804553 -0.287106 -0.654897
24  0.000004 0.000009 -0.000001  -0.515490 -0.000030 1.570739
25  -0.000001 -0.000011 -0.000002  0.868957 0.000002 1.570712
26  -6.617934 -9.178503 0.826812  1.473120 1.855075 -0.198639
27  6.027512 -0.000261 -0.000226  1.635921 0.881442 -0.653034
28  11.691990 0.000242 0.000856  0.141447 0.000056 -1.630073
29  11.479321 -0.000878 0.000958  -1.237670 0.281204 0.772152
30  3.859436 -0.132788 1.193062  0.466149 -0.051826 -1.783918
31  1.312558 0.000025 -0.000000  -0.013965 -0.041044 -0.156447
32  0.729345 0.000066 -0.000027  -0.128320 -0.117290 -0.954857
33  3.942046 0.050109 0.430997  0.211501 -0.107596 -1.469120
34  1.539096 0.000009 -0.000000  0.040712 -0.054386 -1.030469
35  1.196300 0.000076 -0.000004  -0.249391 -0.043040 -0.795120
36  3.883411 -0.050502 -0.431086  0.186407 -0.271796 -1.212184
37  1.719563 -0.000079 -0.000003  0.020974 -0.107650 -1.483528
38  1.209197 0.000035 0.000011  -0.324719 0.069674 -0.493483
39  3.859586 -0.149112 -1.331322  -0.094938 -0.084955 -0.411363
40  1.719412 -0.000100 -0.000034  -0.011248 0.001677 -0.960922
41  1.099674 0.000025 0.000007  -0.004984 -0.008084 -0.787926
42  0.805979 -0.359854 -1.318338  0.991670 0.166767 -0.799535
43  1.789780 -0.000009 -0.000042  0.000057 -0.002451 0.133097
44  1.206996 -0.000006 0.000005  0.000372 -0.000070 1.058781
45  5.740571 0.000055 0.000723  0.140407 -0.000014 0.000021
46  11.480807 -0.000140 0.000941  0.049831 0.055101 0.131349
47  6.027514 -0.000273 -0.000238  -0.985533 -0.387872 -1.705340
48  -0.000002 11.691974 -0.000006  -1.106008 0.549495 0.856739
49  0.000004 -0.000001 -0.000001  2.413975 -0.000041 1.570856
50  -0.000008 -0.000015 0.000005  2.272644 -0.000030 1.570865
51  -4.047801 -5.672372 -5.832540  -0.139152 -2.971800 1.491169
52  -0.000000 -0.000000 0.000001  0.008153 -0.000259 0.000009
53  0.000000 -0.000000 0.000001  1.565115 0.043565 -0.106862
54  -0.945447 -19.559778 -3.912960  -0.903205 0.124027 -1.789903
55  -0.000002 -0.000001 0.000000  0.000000 -0.000000 -0.000002
56  0.000029 0.000028 0.000001  -1.571901 -0.044449 -0.106509
57  7.202790 -19.259499 -17.055128  1.570796 -0.000000 0.000000
58  -15.417985 4.000748 -22.641926  1.570796 -0.000000 0.000000
59  2.236387 -2.421983 -5.367696  1.570796 -0.000000 0.000000
60  -0.004311 0.001230 -0.000371  0.006898 -0.005534 -0.284229
61  0.826810 10.209643 -4.879054  1.570796 -0.000000 0.000000
62  0.000000 0.000000 0.000000  -0.078727 -3.136056 0.284226
63  0.000000 0.000000 0.000000  1.570796 -0.000000 0.000000
64  -2.511813 -12.650944 -1.607821  1.552033 0.062572 0.015261
65  -0.109378 -1.951952 -1.519207  0.000000 -0.000000 -0.000000
66  -0.109379 0.057027 25.399250  0.000000 -0.000000 -0.000000
67  -0.109378 -1.856732 0.287229  0.000000 -0.000000 -0.000000
68  -0.104047 -4.495923 7.879275  0.000000 -0.000000 -0.000000
69  -0.195264 4.332631 -6.347189  0.000000 -0.000000 -0.000000
70  -1.290112 3.693284 8.579665  0.022713 -0.014049 -0.017451
71  -0.121470 -1.314581 7.402087  0.000000 -0.000000 -0.000000
72  -1.107528 -1.063453 4.061647  0.000000 -0.000000 -0.000000
73  0.003659 1.612363 10.733983  -0.000000 -0.000000 -0.004967
74  -2.624783 -17.875818 -2.805221  1.552033 0.062572 0.015261
time 81
0  0.000006 0.000000 0.000000  -1.570800 -1.391899 -1.570792
1  -4.849906 3.337897 2.232070  -1.544956 -1.855077 -0.198630
2  6.027524 -0.000325 0.000192  -0.469667 -1.198268 -1.813463
3  11.692109 0.000643 -0.000738  -1.384570 -0.000003 -1.131068
4  11.480602 0.000698 -0.000253  1.510590 -0.947726 0.109025
5  3.859510 -0.142879 -1.192049  -0.507739 -0.034586 -1.573166
6  1.312590 0.000010 0.000008  -0.099219 -0.080836 -0.578266
7  0.729355 0.000053 0.000050  -0.083327 -0.106005 -0.262589
8  3.942141 0.046273 -0.431512  -0.423826 0.326055 -0.977403
9  1.539113 0.000085 0.000007  0.011527 -0.070624 -1.101829
10  1.196333 0.000145 0.000030  0.007038 -0.000117 -0.629733
11  3.883505 -0.047269 0.431382  -0.232037 0.533715 -0.537849
12  1.719574 -0.000026 0.000015  0.011709 -0.105542 -1.237432
13  1.209180 0.000093 0.000013  -0.006673 -0.001106 -0.502906
14  3.859660 -0.138475 1.332410  0.013813 0.511197 -0.350141
15  1.719445 -0.000012 0.000023  -0.022509 0.019639 -0.287088
16  1.099675 0.000048 0.000005  -0.286525 0.346051 -1.053593
17  0.770795 -0.901442 1.177686  -1.865794 -0.596007 -0.315192
18  1.789819 -0.000003 -0.000018  0.005558 0.090197 0.395774
19  1.207018 -0.000013 -0.000044  0.141886 -0.163086 0.233767
20  5.740638 0.000410 -0.000702  -0.072080 0.000003 0.000071
21  11.481128 0.000349 -0.000707  0.005671 -0.168389 0.004143
22  6.027524 -0.000329 0.000203  1.481122 -0.362148 1.576735
23  0.000003 11.692096 -0.000008  -0.804581 -0.287127 -0.654918
24  0.000005 0.000008 -0.000001  -0.515490 -0.000031 1.570739
25  -0.000000 -0.000011 -0.000002  0.868957 0.000002 1.570712
26  -6.617934 -9.178503 0.826812  1.473120 1.855075 -0.198639
27  6.027512 -0.000261 -0.000226  1.636171 0.881303 -0.652909
28  11.691990 0.000244 0.000857  0.141447 0.000056 -1.630155
29  11.479321 -0.000879 0.000958  -1.238801 0.280875 0.772064
30  3.859436 -0.132787 1.193062  0.466149 -0.051826 -1.783918
31  1.312558 0.000027 0.000000  -0.013965 -0.041044 -0.156447
32  0.729345 0.000065 -0.000027  -0.128320 -0.117290 -0.954857
33  3.942046 0.050109 0.430996  0.211501 -0.107596 -1.469120
34  1.539097 0.000010 -0.000001  0.040712 -0.054386 -1.030469
35  1.196299 0.000076 -0.000004  -0.249391 -0.043040 -0.795120
36  3.883412 -0.050501 -0.431087  0.186407 -0.271796 -1.212184
37  1.719563 -0.000079 -0.000003  0.020974 -0.107650 -1.483528
38  1.209197 0.000036 0.000011  -0.324719 0.069674 -0.493483
39  3.859586 -0.149112 -1.331324  -0.094938 -0.084955 -0.411363
40  1.719411 -0.000100 -0.000035  -0.011248 0.001677 -0.960922
41  1.099673 0.000024 0.000007  -0.004984 -0.008084 -0.787926
42  0.805979 -0.359854 -1.318339  0.991670 0.166767 -0.799535
43  1.789779 -0.000009 -0.000042  0.000057 -0.002451 0.133097
44  1.206996 -0.000006 0.000005  0.000372 -0.000070 1.058782
45  5.740571 0.000056 0.000724  0.140162 -0.000014 0.000021
46  11.480808 -0.000140 0.000942  0.049645 0.054963 0.131387
47  6.027514 -0.000273 -0.000238  -0.985318 -0.387802 -1.705489
48  -0.000001 11.691973 -0.000006  -1.106056 0.549542 0.856767
49  0.000002 0.000001 0.000000  2.413975 -0.000041 1.570856
50  -0.000007 -0.000016 0.000005  2.272644 -0.000030 1.570865
51  -4.050926 -5.671849 -5.832295  -0.140258 -2.971827 1.491327
52  0.000000 -0.000000 -0.000001  0.008153 -0.000259 0.000009
53  0.000000 -0.000000 -0.000000  1.565115 0.043565 -0.106862
54  -0.946895 -19.559561 -3.917653  -0.904297 0.123902 -1.790067
55  -0.000001 0.000000 -0.000000  0.000000 -0.000000 -0.000002
56  0.000030 0.000029 0.000001  -1.571901 -0.044449 -0.106509
57  7.202790 -19.259499 -17.055128  1.570796 -0.000000 0.000000
58  -15.417985 4.000748 -22.641926  1.570796 -0.000000 0.000000
59  2.236387 -2.421983 -5.367696  1.570796 -0.000000 0.000000
60  -0.004311 0.001230 -0.000371  0.006898 -0.005534 -0.284229
61  0.826810 10.209643 -4.879054  1.570796 -0.000000 0.000000
62  0.000000 0.000000 0.000000  -0.078727 -3.136056 0.284226
63  0.000000 0.000000 0.000000  1.570796 -0.000000 0.000000
64  -2.510561 -12.650944 -1.610034  1.552163 0.063655 0.015241
65  -0.109379 -1.951951 -1.519206  -0.000000 -0.000000 -0.000000
66  -0.109379 0.057027 25.399254  -0.000000 -0.000000 -0.000000
67  -0.109378 -1.856732 0.287228  -0.000000 -0.000000 -0.000000
68  -0.104047 -4.495924 7.879275  -0.000000 -0.000000 -0.000000
69  -0.195264 4.332631 -6.347190  -0.000000 -0.000000 -0.000000
70  -1.290112 3.693283 8.579666  0.022713 -0.014049 -0.017451
71  -0.121470 -1.314581 7.402087  -0.000000 -0.000000 -0.000000
72  -1.107528 -1.063453 4.061647  -0.000000 -0.000000 -0.000000
73  0.003659 1.612363 10.733982  0.000000 -0.000000 -0.005624
74  -2.624980 -17.875677 -2.807903  1.552163 0.063655 0.015241
time 82
0  0.000006 0.000000 0.000000  -1.570800 -1.391899 -1.570792
1  -4.849906 3.337897 2.232070  -1.544956 -1.855077 -0.198630
2  6.027524 -0.000325 0.000192  -0.469804 -1.198133 -1.813078
3  11.692110 0.000644 -0.000739  -1.384570 -0.000003 -1.131114
4  11.480598 0.000699 -0.000258  1.509512 -0.947445 0.108889
5  3.859507 -0.142880 -1.192049  -0.507739 -0.034586 -1.573166
6  1.312590 0.000011 0.000007  -0.099219 -0.080836 -0.578266
7  0.729355 0.000054 0.000049  -0.083327 -0.106005 -0.262589
8  3.942142 0.046273 -0.431512  -0.423826 0.326055 -0.977403
9  1.539110 0.000087 0.000006  0.011526 -0.070624 -1.101829
10  1.196332 0.000143 0.000029  0.007038 -0.000117 -0.629733
11  3.883503 -0.047269 0.431381  -0.232037 0.533715 -0.537849
12  1.719574 -0.000026 0.000015  0.011709 -0.105542 -1.237432
13  1.209179 0.000091 0.000013  -0.006673 -0.001106 -0.502906
14  3.859661 -0.138476 1.332410  0.013813 0.511197 -0.350141
15  1.719450 -0.000011 0.000022  -0.022509 0.019639 -0.287088
16  1.099677 0.000048 0.000006  -0.286525 0.346051 -1.053593
17  0.770791 -0.901442 1.177685  -1.865794 -0.596008 -0.315192
18  1.789818 -0.000003 -0.000017  0.005558 0.090197 0.395774
19  1.207017 -0.000011 -0.000044  0.141886 -0.163086 0.233767
20  5.740636 0.000410 -0.000704  -0.072298 0.000003 0.000071
21  11.481125 0.000350 -0.000710  0.005473 -0.168344 0.004024
22  6.027524 -0.000329 0.000203  1.481139 -0.362291 1.576986
23  0.000001 11.692100 -0.000007  -0.804610 -0.287148 -0.654939
24  0.000004 0.000008 -0.000000  -0.515490 -0.000031 1.570739
25  -0.000001 -0.000011 -0.000001  0.868957 0.000002 1.570712
26  -6.617934 -9.178503 0.826812  1.473120 1.855075 -0.198639
27  6.027512 -0.000261 -0.000226  1.636388 0.881175 -0.652800
28  11.691993 0.000243 0.000855  0.141447 0.000056 -1.630231
29  11.479322 -0.000879 0.000960  -1.239823 0.280583 0.771988
30  3.859436 -0.132787 1.193062  0.466149 -0.051826 -1.783918
31  1.312558 0.000025 -0.000001  -0.013965 -0.041044 -0.156447
32  0.729345 0.000067 -0.000028  -0.128320 -0.117290 -0.954857
33  3.942046 0.050110 0.430996  0.211501 -0.107596 -1.469120
34  1.539096 0.000010 0.000000  0.040712 -0.054386 -1.030469
35  1.196300 0.000075 -0.000004  -0.249391 -0.043040 -0.795120
36  3.883412 -0.050501 -0.431087  0.186407 -0.271796 -1.212184
37  1.719564 -0.000078 -0.000003  0.020974 -0.107650 -1.483528
38  1.209196 0.000036 0.000012  -0.324719 0.069674 -0.493483
39  3.859586 -0.149112 -1.331323  -0.094938 -0.084955 -0.411363
40  1.719412 -0.000100 -0.000035  -0.011248 0.001677 -0.960922
41  1.099674 0.000023 0.000006  -0.004984 -0.008084 -0.787926
42  0.805979 -0.359854 -1.318338  0.991670 0.166767 -0.799535
43  1.789780 -0.000009 -0.000042  0.000057 -0.002451 0.133097
44  1.206997 -0.000006 0.000005  0.000372 -0.000070 1.058781
45  5.740573 0.000056 0.000724  0.139940 -0.000014 0.000021
46  11.480809 -0.000139 0.000942  0.049477 0.054839 0.131422
47  6.027514 -0.000273 -0.000238  -0.985124 -0.387745 -1.705622
48  -0.000002 11.691974 -0.000006  -1.106101 0.549586 0.856793
49  0.000002 -0.000001 0.000000  2.413975 -0.000041 1.570856
50  -0.000006 -0.000016 0.000005  2.272644 -0.000030 1.570865
51  -4.053699 -5.671357 -5.832147  -0.141259 -2.971854 1.491468
52  -0.000001 0.000000 0.000000  0.008153 -0.000259 0.000009
53  0.000001 0.000000 -0.000000  1.565115 0.043565 -0.106862
54  -0.948181 -19.559361 -3.922024  -0.905285 0.123792 -1.790217
55  0.000000 -0.000000 0.000000  0.000000 -0.000000 -0.000002
56  0.000030 0.000029 0.000001  -1.571901 -0.044449 -0.106509
57  7.202790 -19.259499 -17.055128  1.570796 -0.000000 0.000000
58  -15.417985 4.000748 -22.641926  1.570796 -0.000000 0.000000
59  2.236387 -2.421983 -5.367696  1.570796 -0.000000 0.000000
60  -0.004311 0.001230 -0.000371  0.006898 -0.005534 -0.284229
61  0.826810 10.209643 -4.879054  1.570796 -0.000000 0.000000
62  0.000000 0.000000 0.000000  -0.078727 -3.136056 0.284226
63  0.000000 0.000000 0.000000  1.570796 -0.000000 0.000000
64  -2.509386 -12.650944 -1.612139  1.552284 0.064635 0.015220
65  -0.109378 -1.951951 -1.519204  -0.000000 0.000000 0.000000
66  -0.109379 0.057027 25.399256  -0.000000 0.000000 0.000000
67  -0.109379 -1.856731 0.287231  -0.000000 0.000000 0.000000
68  -0.104048 -4.495923 7.879277  -0.000000 0.000000 0.000000
69  -0.195264 4.332631 -6.347186  -0.000000 0.000000 0.000000
70  -1.290112 3.693284 8.579671  0.022713 -0.014049 -0.017451
71  -0.121470 -1.314581 7.402090  -0.000000 0.000000 0.000000
72  -1.107529 -1.063453 4.061650  -0.000000 0.000000 0.000000
73  0.003659 1.612363 10.733985  0.000000 0.000000 -0.006350
74  -2.625128 -17.875547 -2.810448  1.552284 0.064635 0.015220
time 83
0  0.000006 0.000000 0.000000  -1.570800 -1.391899 -1.570792
1  -4.849906 3.337897 2.232070  -1.544956 -1.855077 -0.198630
2  6.027524 -0.000325 0.000192  -0.469945 -1.198009 -1.812714
3  11.692111 0.000641 -0.000739  -1.384570 -0.000003 -1.131162
4  11.480597 0.000699 -0.000254  1.508553 -0.947195 0.108773
5  3.859506 -0.142879 -1.192049  -0.507739 -0.034586 -1.573166
6  1.312589 0.000015 0.000009  -0.099219 -0.080836 -0.578266
7  0.729355 0.000055 0.000049  -0.083327 -0.106005 -0.262589
8  3.942141 0.046273 -0.431512  -0.423826 0.326055 -0.977403
9  1.539111 0.000084 0.000003  0.011526 -0.070624 -1.101829
10  1.196332 0.000144 0.000029  0.007038 -0.000117 -0.629733
11  3.883500 -0.047269 0.431381  -0.232037 0.533715 -0.537849
12  1.719574 -0.000027 0.000015  0.011709 -0.105542 -1.237432
13  1.209179 0.000092 0.000011  -0.006673 -0.001106 -0.502906
14  3.859660 -0.138475 1.332410  0.013813 0.511197 -0.350141
15  1.719447 -0.000012 0.000019  -0.022509 0.019639 -0.287088
16  1.099674 0.000047 0.000006  -0.286525 0.346051 -1.053593
17  0.770791 -0.901442 1.177685  -1.865794 -0.596008 -0.315192
18  1.789820 -0.000004 -0.000018  0.005558 0.090197 0.395774
19  1.207016 -0.000012 -0.000044  0.141886 -0.163086 0.233767
20  5.740637 0.000410 -0.000702  -0.072491 0.000003 0.000071
21  11.481126 0.000350 -0.000708  0.005296 -0.168305 0.003920
22  6.027524 -0.000329 0.000203  1.481159 -0.362425 1.577212
23  0.000003 11.692099 -0.000008  -0.804641 -0.287171 -0.654961
24  0.000004 0.000009 -0.000000  -0.515490 -0.000031 1.570739
25  -0.000000 -0.000011 -0.000002  0.868957 0.000002 1.570712
26  -6.617934 -9.178503 0.826812  1.473120 1.855075 -0.198639
27  6.027512 -0.000261 -0.000226  1.636570 0.881060 -0.652710
28  11.691992 0.000243 0.000856  0.141447 0.000056 -1.630301
29  11.479321 -0.000880 0.000957  -1.240723 0.280332 0.771924
30  3.859435 -0.132787 1.193062  0.466149 -0.051826 -1.783918
31  1.312559 0.000026 0.000000  -0.013965 -0.041043 -0.156447
32  0.729345 0.000066 -0.000028  -0.128320 -0.117290 -0.954857
33  3.942046 0.050109 0.430997  0.211501 -0.107596 -1.469120
34  1.539097 0.000009 0.000000  0.040712 -0.054386 -1.030469
35  1.196300 0.000075 -0.000004  -0.249391 -0.043040 -0.795120
36  3.883411 -0.050501 -0.431087  0.186407 -0.271796 -1.212184
37  1.719563 -0.000079 -0.000004  0.020974 -0.107650 -1.483528
38  1.209196 0.000035 0.000011  -0.324719 0.069674 -0.493483
39  3.859585 -0.149112 -1.331323  -0.094938 -0.084955 -0.411363
40  1.719411 -0.000100 -0.000035  -0.011248 0.001677 -0.960922
41  1.099674 0.000027 0.000007  -0.004984 -0.008084 -0.787926
42  0.805979 -0.359853 -1.318339  0.991670 0.166767 -0.799535
43  1.789778 -0.000009 -0.000042  0.000057 -0.002451 0.133097
44  1.206997 -0.000006 0.000005  0.000373 -0.000070 1.058782
45  5.740571 0.000055 0.000724  0.139745 -0.000014 0.000021
46  11.480807 -0.000140 0.000941  0.049328 0.054731 0.131452
47  6.027514 -0.000273 -0.000238  -0.984954 -0.387702 -1.705736
48  -0.000002 11.691973 -0.000005  -1.106142 0.549626 0.856816
49  0.000002 -0.000001 0.000000  2.413975 -0.000041 1.570856
50  -0.000007 -0.000016 0.000006  2.272644 -0.000030 1.570865
51  -4.056078 -5.670903 -5.832101  -0.142143 -2.971883 1.491590
52  0.000000 0.000000 0.000000  0.008153 -0.000259 0.000009
53  -0.000000 0.000000 0.000000  1.565115 0.043565 -0.106862
54  -0.949284 -19.559175 -3.926024  -0.906158 0.123698 -1.790352
55  -0.000004 0.000000 -0.000000  0.000000 -0.000000 -0.000002
56  0.000027 0.000029 0.000001  -1.571901 -0.044449 -0.106509
57  7.202790 -19.259499 -17.055128  1.570796 -0.000000 0.000000
58  -15.417985 4.000748 -22.641926  1.570796 -0.000000 0.000000
59  2.236387 -2.421983 -5.367696  1.570796 -0.000000 0.000000
60  -0.004311 0.001230 -0.000371  0.006898 -0.005534 -0.284229
61  0.826810 10.209643 -4.879054  1.570796 -0.000000 0.000000
62  0.000000 0.000000 0.000000  -0.078727 -3.136056 0.284226
63  0.000000 0.000000 0.000000  1.570796 -0.000000 0.000000
64  -2.508301 -12.650944 -1.614114  1.552395 0.065499 0.015201
65  -0.109379 -1.951951 -1.519204  -0.000000 -0.000000 -0.000000
66  -0.109379 0.057027 25.399252  -0.000000 -0.000000 -0.000000
67  -0.109379 -1.856732 0.287230  -0.000000 -0.000000 -0.000000
68  -0.104048 -4.495923 7.879276  -0.000000 -0.000000 -0.000000
69  -0.195264 4.332630 -6.347188  -0.000000 -0.000000 -0.000000
70  -1.290112 3.693282 8.579668  0.022713 -0.014049 -0.017451
71  -0.121470 -1.314581 7.402088  -0.000000 -0.000000 -0.000000
72  -1.107528 -1.063453 4.061648  -0.000000 -0.000000 -0.000000
73  0.003659 1.612363 10.733983  0.000000 -0.000000 -0.007109
74  -2.625223 -17.875427 -2.812833  1.552395 0.065499 0.015201
time 84
0  0.000006 0.000000 0.000000  -1.570800 -1.391899 -1.570792
1  -4.849906 3.337897 2.232070  -1.544956 -1.855077 -0.198630
2  6.027524 -0.000325 0.000192  -0.470087 -1.197896 -1.812375
3  11.692110 0.000643 -0.000740  -1.384570 -0.000003 -1.131210
4  11.480597 0.000699 -0.000258  1.507728 -0.946981 0.108679
5  3.859507 -0.142879 -1.192049  -0.507739 -0.034586 -1.573166
6  1.312590 0.000012 0.000007  -0.099219 -0.080836 -0.578266
7  0.729355 0.000054 0.000050  -0.083327 -0.106005 -0.262589
8  3.942140 0.046273 -0.431512  -0.423826 0.326055 -0.977403
9  1.539110 0.000086 0.000007  0.011527 -0.070624 -1.101829
10  1.196332 0.000145 0.000028  0.007038 -0.000117 -0.629733
11  3.883503 -0.047269 0.431381  -0.232037 0.533715 -0.537849
12  1.719573 -0.000026 0.000013  0.011709 -0.105542 -1.237432
13  1.209180 0.000092 0.000011  -0.006673 -0.001106 -0.502906
14  3.859662 -0.138475 1.332411  0.013813 0.511197 -0.350141
15  1.719447 -0.000012 0.000022  -0.022509 0.019639 -0.287088
16  1.099677 0.000048 0.000004  -0.286525 0.346051 -1.053593
17  0.770793 -0.901442 1.177686  -1.865794 -0.596008 -0.315192
18  1.789817 -0.000003 -0.000018  0.005558 0.090197 0.395774
19  1.207016 -0.000012 -0.000044  0.141886 -0.163086 0.233768
20  5.740638 0.000410 -0.000705  -0.072656 0.000003 0.000071
21  11.481125 0.000350 -0.000711  0.005145 -0.168271 0.003831
22  6.027524 -0.000329 0.000203  1.481184 -0.362546 1.577410
23  0.000002 11.692097 -0.000008  -0.804671 -0.287193 -0.654984
24  0.000002 0.000008 -0.000002  -0.515490 -0.000031 1.570738
25  -0.000000 -0.000011 -0.000002  0.868957 0.000002 1.570712
26  -6.617934 -9.178503 0.826812  1.473120 1.855075 -0.198639
27  6.027512 -0.000261 -0.000226  1.636713 0.880957 -0.652640
28  11.691991 0.000243 0.000856  0.141447 0.000056 -1.630363
29  11.479321 -0.000879 0.000959  -1.241487 0.280125 0.771874
30  3.859435 -0.132788 1.193062  0.466149 -0.051826 -1.783918
31  1.312558 0.000024 -0.000000  -0.013965 -0.041044 -0.156447
32  0.729345 0.000067 -0.000028  -0.128320 -0.117290 -0.954857
33  3.942045 0.050109 0.430997  0.211501 -0.107596 -1.469120
34  1.539096 0.000010 0.000000  0.040712 -0.054386 -1.030469
35  1.196299 0.000076 -0.000004  -0.249391 -0.043040 -0.795120
36  3.883411 -0.050502 -0.431087  0.186407 -0.271796 -1.212184
37  1.719563 -0.000080 -0.000003  0.020974 -0.107650 -1.483528
38  1.209197 0.000036 0.000012  -0.324719 0.069674 -0.493483
39  3.859585 -0.149112 -1.331323  -0.094938 -0.084955 -0.411363
40  1.719412 -0.000100 -0.000035  -0.011248 0.001677 -0.960922
41  1.099674 0.000024 0.000006  -0.004984 -0.008084 -0.787926
42  0.805979 -0.359854 -1.318338  0.991670 0.166767 -0.799535
43  1.789779 -0.000009 -0.000043  0.000057 -0.002451 0.133097
44  1.206997 -0.000006 0.000005  0.000372 -0.000070 1.058782
45  5.740572 0.000056 0.000723  0.139578 -0.000014 0.000021
46  11.480808 -0.000140 0.000941  0.049201 0.054640 0.131480
47  6.027514 -0.000273 -0.000238  -0.984809 -0.387674 -1.705831
48  -0.000001 11.691973 -0.000005  -1.106178 0.549662 0.856837
49  0.000002 -0.000002 -0.000000  2.413975 -0.000041 1.570856
50  -0.000007 -0.000015 0.000006  2.272644 -0.000030 1.570865
51  -4.058026 -5.670491 -5.832164  -0.142896 -2.971913 1.491691
52  -0.000000 0.000000 0.000001  0.008153 -0.000259 0.000009
53  -0.000001 -0.000000 0.000000  1.565115 0.043565 -0.106862
54  -0.950186 -19.559011 -3.929609  -0.906903 0.123624 -1.790470
55  -0.000002 0.000000 0.000000  0.000000 -0.000000 -0.000002
56  0.000029 0.000029 0.000001  -1.571901 -0.044449 -0.106509
57  7.202790 -19.259499 -17.055128  1.570796 -0.000000 0.000000
58  -15.417985 4.000748 -22.641926  1.570796 -0.000000 0.000000
59  2.236387 -2.421983 -5.367696  1.570796 -0.000000 0.000000
60  -0.004311 0.001230 -0.000371  0.006898 -0.005534 -0.284229
61  0.826810 10.209643 -4.879054  1.570796 -0.000000 0.000000
62  0.000000 0.000000 0.000000  -0.078727 -3.136056 0.284226
63  0.000000 0.000000 0.000000  1.570796 -0.000000 0.000000
64  -2.507319 -12.650944 -1.615937  1.552495 0.066235 0.015181
65  -0.109378 -1.951952 -1.519205  -0.000000 -0.000000 0.000000
66  -0.109379 0.057027 25.399254  -0.000000 -0.000000 0.000000
67  -0.109378 -1.856732 0.287230  -0.000000 -0.000000 0.000000
68  -0.104047 -4.495924 7.879277  -0.000000 -0.000000 0.000000
69  -0.195263 4.332631 -6.347188  -0.000000 -0.000000 0.000000
70  -1.290112 3.693283 8.579669  0.022713 -0.014049 -0.017451
71  -0.121470 -1.314581 7.402088  -0.000000 -0.000000 0.000000
72  -1.107528 -1.063453 4.061648  -0.000000 -0.000000 0.000000
73  0.003659 1.612363 10.733983  -0.000000 -0.000000 -0.007827
74  -2.625260 -17.875317 -2.815033  1.552495 0.066235 0.015181
time 85
0  0.000006 0.000000 0.000000  -1.570800 -1.391899 -1.570792
1  -4.849906 3.337897 2.232070  -1.544956 -1.855077 -0.198630
2  6.027524 -0.000325 0.000192  -0.470232 -1.197797 -1.812064
3  11.692109 0.000643 -0.000738  -1.384570 -0.000003 -1.131261
4  11.480598 0.000699 -0.000255  1.507048 -0.946807 0.108611
5  3.859509 -0.142879 -1.192050  -0.507739 -0.034586 -1.573166
6  1.312590 0.000014 0.000008  -0.099219 -0.080836 -0.578266
7  0.729356 0.000053 0.000050  -0.083327 -0.106005 -0.262589
8  3.942142 0.046273 -0.431513  -0.423826 0.326055 -0.977403
9  1.539111 0.000084 0.000007  0.011527 -0.070624 -1.101829
10  1.196331 0.000147 0.000027  0.007038 -0.000117 -0.629733
11  3.883506 -0.047269 0.431381  -0.232037 0.533715 -0.537849
12  1.719574 -0.000027 0.000014  0.011709 -0.105542 -1.237432
13  1.209180 0.000090 0.000012  -0.006673 -0.001106 -0.502906
14  3.859662 -0.138475 1.332409  0.013813 0.511197 -0.350141
15  1.719447 -0.000012 0.000020  -0.022509 0.019639 -0.287088
16  1.099674 0.000049 0.000006  -0.286525 0.346051 -1.053593
17  0.770795 -0.901442 1.177685  -1.865794 -0.596008 -0.315192
18  1.789820 -0.000003 -0.000018  0.005558 0.090197 0.395774
19  1.207013 -0.000012 -0.000044  0.141886 -0.163086 0.233767
20  5.740637 0.000410 -0.000701  -0.072788 0.000003 0.000070
21  11.481125 0.000349 -0.000707  0.005021 -0.168244 0.003759
22  6.027524 -0.000329 0.000203  1.481212 -0.362655 1.577576
23  0.000002 11.692098 -0.000008  -0.804703 -0.287217 -0.655008
24  0.000004 0.000008 -0.000000  -0.515490 -0.000031 1.570739
25  -0.000001 -0.000011 -0.000002  0.868957 0.000002 1.570712
26  -6.617934 -9.178503 0.826812  1.473120 1.855075 -0.198639
27  6.027512 -0.000261 -0.000226  1.636813 0.880870 -0.652591
28  11.691992 0.000242 0.000855  0.141447 0.000056 -1.630417
29  11.479321 -0.000880 0.000958  -1.242102 0.279968 0.771841
30  3.859436 -0.132788 1.193062  0.466149 -0.051826 -1.783918
31  1.312558 0.000025 -0.000000  -0.013965 -0.041043 -0.156447
32  0.729345 0.000066 -0.000027  -0.128320 -0.117290 -0.954857
33  3.942046 0.050109 0.430997  0.211501 -0.107596 -1.469120
34  1.539096 0.000011 -0.000000  0.040712 -0.054386 -1.030469
35  1.196299 0.000076 -0.000003  -0.249391 -0.043040 -0.795121
36  3.883411 -0.050502 -0.431087  0.186407 -0.271796 -1.212184
37  1.719563 -0.000080 -0.000004  0.020974 -0.107650 -1.483528
38  1.209197 0.000035 0.000011  -0.324719 0.069674 -0.493483
39  3.859586 -0.149112 -1.331323  -0.094938 -0.084955 -0.411363
40  1.719412 -0.000099 -0.000034  -0.011248 0.001677 -0.960922
41  1.099674 0.000024 0.000007  -0.004984 -0.008084 -0.787926
42  0.805979 -0.359854 -1.318337  0.991670 0.166767 -0.799535
43  1.789779 -0.000010 -0.000042  0.000057 -0.002451 0.133097
44  1.206996 -0.000006 0.000005  0.000372 -0.000070 1.058782
45  5.740572 0.000055 0.000723  0.139443 -0.000014 0.000021
46  11.480808 -0.000140 0.000941  0.049098 0.054570 0.131502
47  6.027514 -0.000273 -0.000238  -0.984693 -0.387661 -1.705904
48  -0.000001 11.691974 -0.000005  -1.106210 0.549693 0.856856
49  0.000004 0.000001 -0.000001  2.413975 -0.000041 1.570856
50  -0.000006 -0.000015 0.000006  2.272644 -0.000030 1.570865
51  -4.059503 -5.670121 -5.832342  -0.143505 -2.971944 1.491770
52  -0.000000 -0.000000 -0.000000  0.008153 -0.000259 0.000009
53  0.000000 0.000000 0.000000  1.565115 0.043565 -0.106862
54  -0.950867 -19.558868 -3.932730  -0.907506 0.123571 -1.790568
55  0.000001 0.000000 -0.000001  0.000000 -0.000000 -0.000002
56  0.000030 0.000029 0.000001  -1.571902 -0.044449 -0.106509
57  7.202790 -19.259499 -17.055128  1.570796 -0.000000 0.000000
58  -15.417985 4.000748 -22.641926  1.570796 -0.000000 0.000000
59  2.236387 -2.421983 -5.367696  1.570796 -0.000000 0.000000
60  -0.004311 0.001230 -0.000371  0.006898 -0.005534 -0.284229
61  0.826810 10.209643 -4.879054  1.570796 -0.000000 0.000000
62  0.000000 0.000000 0.000000  -0.078727 -3.136056 0.284226
63  0.000000 0.000000 0.000000  1.570796 -0.000000 0.000000
64  -2.506453 -12.650944 -1.617588  1.552583 0.066830 0.015163
65  -0.109379 -1.951951 -1.519205  0.000000 0.000000 0.000000
66  -0.109379 0.057027 25.399250  0.000000 0.000000 0.000000
67  -0.109379 -1.856731 0.287230  0.000000 0.000000 0.000000
68  -0.104048 -4.495923 7.879277  0.000000 0.000000 0.000000
69  -0.195264 4.332630 -6.347188  0.000000 0.000000 0.000000
70  -1.290112 3.693283 8.579665  0.022713 -0.014049 -0.017451
71  -0.121470 -1.314581 7.402086  0.000000 0.000000 0.000000
72  -1.107528 -1.063453 4.061648  0.000000 0.000000 0.000000
73  0.003659 1.612363 10.733981  0.000000 0.000000 -0.008426
74  -2.625235 -17.875219 -2.817023  1.552583 0.066830 0.015163
time 86
0  0.000006 0.000000 0.000000  -1.570800 -1.391899 -1.570792
1  -4.849906 3.337897 2.232070  -1.544956 -1.855077 -0.198630
2  6.027524 -0.000325 0.000192  -0.470377 -1.197713 -1.811784
3  11.692110 0.000644 -0.000739  -1.384570 -0.000003 -1.131312
4  11.480597 0.000698 -0.000254  1.506528 -0.946676 0.108569
5  3.859508 -0.142880 -1.192049  -0.507739 -0.034586 -1.573166
6  1.312590 0.000013 0.000007  -0.099219 -0.080836 -0.578266
7  0.729355 0.000054 0.000049  -0.083327 -0.106005 -0.262589
8  3.942142 0.046273 -0.431512  -0.423826 0.326055 -0.977403
9  1.539111 0.000084 0.000005  0.011527 -0.070624 -1.101829
10  1.196332 0.000144 0.000028  0.007038 -0.000117 -0.629733
11  3.883504 -0.047269 0.431381  -0.232037 0.533715 -0.537849
12  1.719572 -0.000025 0.000014  0.011709 -0.105542 -1.237432
13  1.209179 0.000092 0.000012  -0.006673 -0.001106 -0.502906
14  3.859663 -0.138475 1.332410  0.013813 0.511197 -0.350141
15  1.719446 -0.000012 0.000022  -0.022509 0.019639 -0.287088
16  1.099676 0.000048 0.000008  -0.286525 0.346051 -1.053593
17  0.770795 -0.901442 1.177686  -1.865794 -0.596007 -0.315192
18  1.789817 -0.000003 -0.000017  0.005558 0.090197 0.395774
19  1.207017 -0.000011 -0.000042  0.141886 -0.163086 0.233767
20  5.740637 0.000410 -0.000703  -0.072888 0.000003 0.000071
21  11.481125 0.000349 -0.000709  0.004927 -0.168223 0.003706
22  6.027524 -0.000329 0.000203  1.481245 -0.362750 1.577709
23  0.000002 11.692099 -0.000008  -0.804736 -0.287241 -0.655032
24  0.000003 0.000009 -0.000001  -0.515490 -0.000031 1.570739
25  -0.000001 -0.000011 -0.000002  0.868957 0.000002 1.570712
26  -6.617934 -9.178503 0.826812  1.473120 1.855075 -0.198639
27  6.027512 -0.000261 -0.000226  1.636868 0.880798 -0.652566
28  11.691993 0.000244 0.000856  0.141447 0.000056 -1.630463
29  11.479320 -0.000881 0.000957  -1.242554 0.279864 0.771824
30  3.859435 -0.132787 1.193062  0.466149 -0.051826 -1.783918
31  1.312559 0.000025 -0.000000  -0.013965 -0.041043 -0.156447
32  0.729345 0.000064 -0.000027  -0.128320 -0.117290 -0.954857
33  3.942046 0.050109 0.430997  0.211501 -0.107596 -1.469120
34  1.539097 0.000009 -0.000000  0.040712 -0.054386 -1.030469
35  1.196299 0.000076 -0.000004  -0.249391 -0.043040 -0.795120
36  3.883411 -0.050502 -0.431087  0.186407 -0.271796 -1.212184
37  1.719563 -0.000081 -0.000004  0.020974 -0.107650 -1.483528
38  1.209197 0.000035 0.000011  -0.324719 0.069674 -0.493483
39  3.859585 -0.149112 -1.331323  -0.094938 -0.084955 -0.411363
40  1.719410 -0.000100 -0.000035  -0.011248 0.001677 -0.960922
41  1.099673 0.000025 0.000006  -0.004984 -0.008084 -0.787926
42  0.805979 -0.359854 -1.318338  0.991670 0.166767 -0.799535
43  1.789780 -0.000010 -0.000042  0.000057 -0.002451 0.133097
44  1.206997 -0.000007 0.000005  0.000372 -0.000070 1.058782
45  5.740572 0.000056 0.000723  0.139343 -0.000014 0.000021
46  11.480808 -0.000140 0.000941  0.049022 0.054520 0.131520
47  6.027514 -0.000273 -0.000238  -0.984607 -0.387666 -1.705954
48  -0.000000 11.691973 -0.000006  -1.106237 0.549720 0.856871
49  0.000003 0.000001 -0.000001  2.413975 -0.000041 1.570856
50  -0.000006 -0.000016 0.000005  2.272644 -0.000030 1.570865
51  -4.060470 -5.669803 -5.832641  -0.143957 -2.971977 1.491824
52  -0.000000 0.000000 -0.000000  0.008153 -0.000259 0.000009
53  0.000000 0.000000 0.000000  1.565115 0.043565 -0.106862
54  -0.951308 -19.558744 -3.935338  -0.907956 0.123540 -1.790646
55  -0.000001 0.000001 -0.000000  0.000000 -0.000000 -0.000002
56  0.000028 0.000029 0.000001  -1.571902 -0.044449 -0.106509
57  7.202790 -19.259499 -17.055128  1.570796 -0.000000 0.000000
58  -15.417985 4.000748 -22.641926  1.570796 -0.000000 0.000000
59  2.236387 -2.421983 -5.367696  1.570796 -0.000000 0.000000
60  -0.004311 0.001230 -0.000371  0.006898 -0.005534 -0.284229
61  0.826810 10.209643 -4.879054  1.570796 -0.000000 0.000000
62  0.000000 0.000000 0.000000  -0.078727 -3.136056 0.284226
63  0.000000 0.000000 0.000000  1.570796 -0.000000 0.000000
64  -2.505716 -12.650944 -1.619044  1.552657 0.067270 0.015145
65  -0.109379 -1.951951 -1.519204  -0.000000 0.000000 -0.000000
66  -0.109379 0.057027 25.399250  -0.000000 0.000000 -0.000000
67  -0.109378 -1.856732 0.287230  -0.000000 0.000000 -0.000000
68  -0.104047 -4.495923 7.879275  -0.000000 0.000000 -0.000000
69  -0.195264 4.332630 -6.347188  -0.000000 0.000000 -0.000000
70  -1.290112 3.693283 8.579668  0.022713 -0.014049 -0.017451
71  -0.121470 -1.314581 7.402088  -0.000000 0.000000 -0.000000
72  -1.107528 -1.063453 4.061648  -0.000000 0.000000 -0.000000
73  0.003659 1.612363 10.733985  0.000000 0.000000 -0.008870
74  -2.625146 -17.875135 -2.818779  1.552657 0.067270 0.015145
time 87
0  0.000006 0.000000 0.000000  -1.570800 -1.391899 -1.570792
1  -4.849906 3.337897 2.232070  -1.544956 -1.855077 -0.198630
2  6.027524 -0.000325 0.000192  -0.470525 -1.197644 -1.811539
3  11.692110 0.000645 -0.000738  -1.384570 -0.000003 -1.131365
4  11.480596 0.000698 -0.000254  1.506182 -0.946592 0.108557
5  3.859509 -0.142879 -1.192049  -0.507739 -0.034586 -1.573166
6  1.312589 0.000014 0.000009  -0.099219 -0.080836 -0.578266
7  0.729354 0.000054 0.000048  -0.083327 -0.106005 -0.262589
8  3.942145 0.046273 -0.431511  -0.423826 0.326055 -0.977403
9  1.539111 0.000084 0.000005  0.011527 -0.070624 -1.101829
10  1.196333 0.000145 0.000030  0.007038 -0.000117 -0.629733
11  3.883504 -0.047269 0.431381  -0.232037 0.533715 -0.537849
12  1.719573 -0.000027 0.000016  0.011709 -0.105542 -1.237432
13  1.209180 0.000091 0.000014  -0.006673 -0.001106 -0.502906
14  3.859663 -0.138475 1.332410  0.013813 0.511197 -0.350141
15  1.719447 -0.000010 0.000022  -0.022509 0.019639 -0.287088
16  1.099677 0.000048 0.000006  -0.286525 0.346051 -1.053593
17  0.770797 -0.901442 1.177686  -1.865794 -0.596008 -0.315192
18  1.789819 -0.000003 -0.000019  0.005558 0.090197 0.395774
19  1.207014 -0.000012 -0.000043  0.141886 -0.163086 0.233768
20  5.740637 0.000410 -0.000703  -0.072951 0.000003 0.000070
21  11.481124 0.000349 -0.000708  0.004866 -0.168210 0.003674
22  6.027524 -0.000329 0.000203  1.481283 -0.362830 1.577803
23  0.000003 11.692098 -0.000008  -0.804769 -0.287265 -0.655056
24  0.000004 0.000008 -0.000002  -0.515490 -0.000031 1.570739
25  0.000000 -0.000011 -0.000002  0.868957 0.000002 1.570712
26  -6.617934 -9.178503 0.826812  1.473120 1.855075 -0.198639
27  6.027512 -0.000261 -0.000226  1.636874 0.880745 -0.652566
28  11.691992 0.000243 0.000855  0.141447 0.000056 -1.630500
29  11.479321 -0.000882 0.000958  -1.242830 0.279816 0.771826
30  3.859437 -0.132788 1.193062  0.466149 -0.051826 -1.783918
31  1.312558 0.000025 0.000000  -0.013965 -0.041044 -0.156447
32  0.729345 0.000064 -0.000027  -0.128320 -0.117290 -0.954857
33  3.942047 0.050109 0.430997  0.211501 -0.107596 -1.469120
34  1.539096 0.000009 0.000000  0.040712 -0.054386 -1.030469
35  1.196299 0.000075 -0.000004  -0.249391 -0.043040 -0.795120
36  3.883412 -0.050502 -0.431087  0.186407 -0.271796 -1.212184
37  1.719564 -0.000080 -0.000003  0.020974 -0.107650 -1.483528
38  1.209197 0.000035 0.000011  -0.324719 0.069674 -0.493483
39  3.859585 -0.149112 -1.331324  -0.094938 -0.084955 -0.411363
40  1.719412 -0.000100 -0.000035  -0.011248 0.001677 -0.960922
41  1.099674 0.000025 0.000007  -0.004984 -0.008084 -0.787926
42  0.805980 -0.359854 -1.318339  0.991669 0.166767 -0.799535
43  1.789779 -0.000009 -0.000042  0.000057 -0.002451 0.133097
44  1.206997 -0.000005 0.000006  0.000372 -0.000070 1.058782
45  5.740572 0.000054 0.000722  0.139280 -0.000014 0.000021
46  11.480808 -0.000141 0.000941  0.048973 0.054493 0.131533
47  6.027514 -0.000273 -0.000238  -0.984555 -0.387690 -1.705978
48  -0.000003 11.691974 -0.000006  -1.106259 0.549741 0.856884
49  0.000002 0.000000 0.000000  2.413975 -0.000041 1.570856
50  -0.000008 -0.000016 0.000005  2.272644 -0.000030 1.570865
51  -4.060888 -5.669535 -5.833065  -0.144239 -2.972011 1.491851
52  -0.000000 -0.000000 -0.000000  0.008153 -0.000259 0.000009
53  0.000000 -0.000000 -0.000000  1.565115 0.043565 -0.106862
54  -0.951490 -19.558649 -3.937390  -0.908238 0.123535 -1.790702
55  -0.000002 0.000000 0.000000  0.000000 -0.000000 -0.000002
56  0.000028 0.000029 0.000001  -1.571901 -0.044449 -0.106509
57  7.202790 -19.259499 -17.055128  1.570796 -0.000000 0.000000
58  -15.417985 4.000748 -22.641926  1.570796 -0.000000 0.000000
59  2.236387 -2.421983 -5.367696  1.570796 -0.000000 0.000000
60  -0.004311 0.001230 -0.000371  0.006898 -0.005534 -0.284229
61  0.826810 10.209643 -4.879054  1.570796 -0.000000 0.000000
62  0.000000 0.000000 0.000000  -0.078727 -3.136056 0.284226
63  0.000000 0.000000 0.000000  1.570796 -0.000000 0.000000
64  -2.505120 -12.650944 -1.620284  1.552717 0.067544 0.015129
65  -0.109378 -1.951951 -1.519206  0.000000 0.000000 0.000000
66  -0.109379 0.057027 25.399250  0.000000 0.000000 0.000000
67  -0.109378 -1.856732 0.287229  0.000000 0.000000 0.000000
68  -0.104047 -4.495924 7.879277  0.000000 0.000000 0.000000
69  -0.195264 4.332630 -6.347188  0.000000 0.000000 0.000000
70  -1.290112 3.693283 8.579666  0.022713 -0.014049 -0.017451
71  -0.121470 -1.314581 7.402087  0.000000 0.000000 0.000000
72  -1.107528 -1.063453 4.061646  0.000000 0.000000 0.000000
73  0.003659 1.612363 10.733981  0.000000 -0.000000 -0.009169
74  -2.624987 -17.875069 -2.820276  1.552717 0.067544 0.015129
time 88
0  0.000006 0.000000 0.000000  -1.570800 -1.391899 -1.570792
1  -4.849906 3.337897 2.232070  -1.544956 -1.855077 -0.198630
2  6.027524 -0.000325 0.000192  -0.470672 -1.197593 -1.811332
3  11.692111 0.000643 -0.000739  -1.384570 -0.000003 -1.131419
4  11.480597 0.000697 -0.000254  1.506022 -0.946559 0.108577
5  3.859509 -0.142880 -1.192049  -0.507739 -0.034586 -1.573166
6  1.312590 0.000012 0.000008  -0.099219 -0.080836 -0.578266
7  0.729354 0.000054 0.000050  -0.083327 -0.106005 -0.262589
8  3.942145 0.046273 -0.431512  -0.423826 0.326055 -0.977403
9  1.539110 0.000085 0.000006  0.011527 -0.070624 -1.101829
10  1.196332 0.000145 0.000027  0.007038 -0.000117 -0.629733
11  3.883503 -0.047269 0.431381  -0.232037 0.533715 -0.537849
12  1.719574 -0.000025 0.000017  0.011709 -0.105542 -1.237432
13  1.209179 0.000092 0.000012  -0.006673 -0.001106 -0.502906
14  3.859662 -0.138475 1.332410  0.013813 0.511197 -0.350141
15  1.719449 -0.000010 0.000021  -0.022509 0.019639 -0.287088
16  1.099676 0.000049 0.000007  -0.286525 0.346051 -1.053593
17  0.770793 -0.901442 1.177686  -1.865794 -0.596008 -0.315192
18  1.789820 -0.000003 -0.000018  0.005558 0.090197 0.395774
19  1.207019 -0.000012 -0.000044  0.141886 -0.163086 0.233767
20  5.740636 0.000410 -0.000705  -0.072974 0.000003 0.000070
21  11.481125 0.000349 -0.000708  0.004839 -0.168205 0.003664
22  6.027524 -0.000329 0.000203  1.481325 -0.362893 1.577857
23  0.000002 11.692099 -0.000008  -0.804803 -0.287290 -0.655082
24  0.000004 0.000008 -0.000001  -0.515490 -0.000031 1.570739
25  -0.000001 -0.000011 -0.000002  0.868957 0.000002 1.570712
26  -6.617934 -9.178503 0.826812  1.473120 1.855075 -0.198639
27  6.027512 -0.000261 -0.000226  1.636828 0.880710 -0.652593
28  11.691992 0.000243 0.000856  0.141447 0.000056 -1.630526
29  11.479320 -0.000882 0.000957  -1.242915 0.279830 0.771849
30  3.859437 -0.132788 1.193062  0.466149 -0.051826 -1.783918
31  1.312558 0.000025 -0.000000  -0.013965 -0.041044 -0.156447
32  0.729345 0.000067 -0.000028  -0.128320 -0.117290 -0.954857
33  3.942045 0.050109 0.430997  0.211501 -0.107596 -1.469120
34  1.539096 0.000009 0.000001  0.040712 -0.054386 -1.030469
35  1.196300 0.000076 -0.000004  -0.249391 -0.043040 -0.795120
36  3.883411 -0.050502 -0.431087  0.186407 -0.271796 -1.212184
37  1.719563 -0.000079 -0.000003  0.020974 -0.107650 -1.483528
38  1.209198 0.000036 0.000011  -0.324719 0.069674 -0.493483
39  3.859586 -0.149112 -1.331323  -0.094938 -0.084955 -0.411363
40  1.719411 -0.000100 -0.000035  -0.011248 0.001677 -0.960922
41  1.099673 0.000026 0.000007  -0.004984 -0.008084 -0.787926
42  0.805979 -0.359854 -1.318338  0.991670 0.166767 -0.799535
43  1.789779 -0.000008 -0.000041  0.000057 -0.002451 0.133097
44  1.206996 -0.000006 0.000005  0.000372 -0.000070 1.058782
45  5.740571 0.000055 0.000723  0.139258 -0.000014 0.000021
46  11.480807 -0.000140 0.000941  0.048956 0.054490 0.131540
47  6.027514 -0.000273 -0.000238  -0.984538 -0.387732 -1.705976
48  -0.000000 11.691975 -0.000005  -1.106274 0.549756 0.856893
49  0.000003 -0.000001 -0.000000  2.413975 -0.000041 1.570856
50  -0.000006 -0.000015 0.000006  2.272644 -0.000030 1.570865
51  -4.060719 -5.669326 -5.833621  -0.144339 -2.972046 1.491849
52  -0.000001 -0.000000 0.000000  0.008153 -0.000259 0.000009
53  0.000000 -0.000000 0.000000  1.565115 0.043565 -0.106862
54  -0.951396 -19.558578 -3.938834  -0.908341 0.123556 -1.790733
55  0.000001 0.000000 -0.000000  0.000000 -0.000000 -0.000002
56  0.000030 0.000029 0.000001  -1.571902 -0.044449 -0.106509
57  7.202790 -19.259499 -17.055128  1.570796 -0.000000 0.000000
58  -15.417985 4.000748 -22.641926  1.570796 -0.000000 0.000000
59  2.236387 -2.421983 -5.367696  1.570796 -0.000000 0.000000
60  -0.004311 0.001230 -0.000371  0.006898 -0.005534 -0.284229
61  0.826810 10.209643 -4.879054  1.570796 -0.000000 0.000000
62  0.000000 0.000000 0.000000  -0.078727 -3.136056 0.284226
63  0.000000 0.000000 0.000000  1.570796 -0.000000 0.000000
64  -2.504678 -12.650944 -1.621286  1.552762 0.067638 0.015113
65  -0.109378 -1.951952 -1.519205  0.000000 -0.000000 -0.000000
66  -0.109379 0.057027 25.399256  0.000000 -0.000000 -0.000000
67  -0.109378 -1.856732 0.287230  0.000000 -0.000000 -0.000000
68  -0.104047 -4.495924 7.879277  0.000000 -0.000000 -0.000000
69  -0.195264 4.332631 -6.347186  0.000000 -0.000000 -0.000000
70  -1.290112 3.693284 8.579670  0.022713 -0.014049 -0.017451
71  -0.121470 -1.314581 7.402089  0.000000 -0.000000 -0.000000
72  -1.107528 -1.063453 4.061646  0.000000 -0.000000 -0.000000
73  0.003659 1.612363 10.733982  0.000000 -0.000000 -0.009353
74  -2.624755 -17.875015 -2.821490  1.552762 0.067638 0.015113
time 89
0  0.000006 0.000000 0.000000  -1.570800 -1.391899 -1.570792
1  -4.849906 3.337897 2.232070  -1.544956 -1.855077 -0.198630
2  6.027524 -0.000325 0.000192  -0.470793 -1.197559 -1.811182
3  11.692110 0.000644 -0.000739  -1.384570 -0.000003 -1.131462
4  11.480597 0.000698 -0.000257  1.505989 -0.946555 0.108612
5  3.859511 -0.142879 -1.192049  -0.507739 -0.034586 -1.573166
6  1.312590 0.000010 0.000008  -0.099219 -0.080836 -0.578266
7  0.729354 0.000053 0.000051  -0.083327 -0.106005 -0.262589
8  3.942143 0.046273 -0.431512  -0.423826 0.326055 -0.977403
9  1.539110 0.000084 0.000004  0.011526 -0.070624 -1.101829
10  1.196333 0.000145 0.000030  0.007038 -0.000117 -0.629733
11  3.883506 -0.047269 0.431382  -0.232037 0.533715 -0.537849
12  1.719574 -0.000028 0.000015  0.011709 -0.105542 -1.237432
13  1.209179 0.000093 0.000013  -0.006673 -0.001107 -0.502906
14  3.859664 -0.138475 1.332410  0.013813 0.511197 -0.350141
15  1.719448 -0.000011 0.000024  -0.022509 0.019639 -0.287088
16  1.099675 0.000047 0.000005  -0.286525 0.346051 -1.053593
17  0.770796 -0.901442 1.177686  -1.865794 -0.596007 -0.315192
18  1.789819 -0.000003 -0.000017  0.005558 0.090197 0.395774
19  1.207015 -0.000011 -0.000043  0.141886 -0.163086 0.233767
20  5.740636 0.000410 -0.000705  -0.072971 0.000003 0.000070
21  11.481124 0.000350 -0.000710  0.004836 -0.168205 0.003667
22  6.027524 -0.000329 0.000203  1.481362 -0.362936 1.577883
23  0.000002 11.692099 -0.000006  -0.804830 -0.287311 -0.655102
24  0.000002 0.000008 -0.000001  -0.515490 -0.000031 1.570738
25  -0.000001 -0.000012 -0.000001  0.868957 0.000002 1.570712
26  -6.617934 -9.178503 0.826812  1.473120 1.855075 -0.198639
27  6.027512 -0.000261 -0.000226  1.636758 0.880690 -0.652632
28  11.691991 0.000244 0.000855  0.141447 0.000056 -1.630543
29  11.479319 -0.000880 0.000959  -1.242882 0.279879 0.771878
30  3.859436 -0.132788 1.193061  0.466149 -0.051826 -1.783918
31  1.312558 0.000026 -0.000000  -0.013965 -0.041044 -0.156447
32  0.729345 0.000067 -0.000028  -0.128320 -0.117290 -0.954857
33  3.942046 0.050109 0.430997  0.211501 -0.107596 -1.469120
34  1.539097 0.000009 -0.000000  0.040712 -0.054386 -1.030469
35  1.196299 0.000075 -0.000004  -0.249391 -0.043040 -0.795120
36  3.883411 -0.050502 -0.431087  0.186407 -0.271796 -1.212184
37  1.719563 -0.000078 -0.000003  0.020974 -0.107650 -1.483528
38  1.209197 0.000035 0.000011  -0.324719 0.069674 -0.493483
39  3.859585 -0.149112 -1.331323  -0.094938 -0.084955 -0.411363
40  1.719411 -0.000101 -0.000034  -0.011248 0.001677 -0.960922
41  1.099674 0.000024 0.000007  -0.004984 -0.008084 -0.787926
42  0.805979 -0.359854 -1.318338  0.991670 0.166767 -0.799535
43  1.789780 -0.000009 -0.000042  0.000057 -0.002451 0.133097
44  1.206997 -0.000006 0.000005  0.000372 -0.000070 1.058781
45  5.740572 0.000056 0.000723  0.139263 -0.000014 0.000021
46  11.480807 -0.000140 0.000941  0.048958 0.054503 0.131543
47  6.027514 -0.000273 -0.000238  -0.984543 -0.387781 -1.705958
48  -0.000002 11.691973 -0.000005  -1.106284 0.549766 0.856899
49  0.000003 0.000001 0.000000  2.413975 -0.000041 1.570856
50  -0.000007 -0.000015 0.000007  2.272644 -0.000030 1.570865
51  -4.060240 -5.669184 -5.834200  -0.144321 -2.972075 1.491829
52  -0.000000 -0.000000 -0.000000  0.008153 -0.000259 0.000009
53  -0.000000 -0.000000 0.000000  1.565115 0.043565 -0.106862
54  -0.951194 -19.558540 -3.939737  -0.908328 0.123587 -1.790748
55  0.000001 0.000000 -0.000000  0.000000 -0.000000 -0.000002
56  0.000030 0.000029 0.000001  -1.571901 -0.044449 -0.106509
57  7.202790 -19.259499 -17.055128  1.570796 -0.000000 0.000000
58  -15.417985 4.000748 -22.641926  1.570796 -0.000000 0.000000
59  2.236387 -2.421983 -5.367696  1.570796 -0.000000 0.000000
60  -0.004311 0.001230 -0.000371  0.006898 -0.005534 -0.284229
61  0.826810 10.209643 -4.879054  1.570796 -0.000000 0.000000
62  0.000000 0.000000 0.000000  -0.078727 -3.136056 0.284226
63  0.000000 0.000000 0.000000  1.570796 -0.000000 0.000000
64  -2.504404 -12.650944 -1.622029  1.552789 0.067618 0.015098
65  -0.109379 -1.951951 -1.519206  0.000000 -0.000000 0.000000
66  -0.109379 0.057027 25.399252  0.000000 -0.000000 0.000000
67  -0.109379 -1.856731 0.287229  0.000000 -0.000000 0.000000
68  -0.104047 -4.495923 7.879276  0.000000 -0.000000 0.000000
69  -0.195264 4.332630 -6.347188  0.000000 -0.000000 0.000000
70  -1.290112 3.693283 8.579663  0.022713 -0.014049 -0.017451
71  -0.121470 -1.314581 7.402087  0.000000 -0.000000 0.000000
72  -1.107528 -1.063453 4.061646  0.000000 -0.000000 0.000000
73  0.003658 1.612363 10.733980  -0.000000 -0.000000 -0.009448
74  -2.624547 -17.874977 -2.822380  1.552789 0.067618 0.015098
time 90
0  0.000006 0.000000 0.000000  -1.570800 -1.391899 -1.570792
1  -4.849906 3.337897 2.232070  -1.544956 -1.855077 -0.198630
2  6.027524 -0.000325 0.000192  -0.470852 -1.197543 -1.811109
3  11.692111 0.000643 -0.000738  -1.384570 -0.000003 -1.131481
4  11.480597 0.000698 -0.000254  1.506013 -0.946555 0.108641
5  3.859506 -0.142880 -1.192050  -0.507739 -0.034586 -1.573166
6  1.312589 0.000014 0.000005  -0.099219 -0.080836 -0.578266
7  0.729353 0.000056 0.000050  -0.083327 -0.106005 -0.262589
8  3.942144 0.046273 -0.431512  -0.423826 0.326055 -0.977403
9  1.539110 0.000082 0.000006  0.011526 -0.070624 -1.101829
10  1.196331 0.000145 0.000031  0.007038 -0.000117 -0.629733
11  3.883507 -0.047269 0.431381  -0.232037 0.533715 -0.537849
12  1.719574 -0.000027 0.000017  0.011709 -0.105542 -1.237432
13  1.209180 0.000093 0.000013  -0.006673 -0.001106 -0.502906
14  3.859662 -0.138476 1.332410  0.013813 0.511197 -0.350141
15  1.719450 -0.000012 0.000023  -0.022509 0.019639 -0.287088
16  1.099676 0.000048 0.000008  -0.286525 0.346051 -1.053593
17  0.770797 -0.901442 1.177686  -1.865794 -0.596007 -0.315192
18  1.789820 -0.000003 -0.000018  0.005558 0.090197 0.395774
19  1.207017 -0.000013 -0.000043  0.141886 -0.163086 0.233767
20  5.740636 0.000410 -0.000702  -0.072958 0.000003 0.000071
21  11.481126 0.000350 -0.000705  0.004842 -0.168205 0.003675
22  6.027524 -0.000329 0.000203  1.481380 -0.362957 1.577894
23  0.000002 11.692097 -0.000008  -0.804842 -0.287319 -0.655111
24  0.000004 0.000009 0.000000  -0.515490 -0.000031 1.570739
25  -0.000001 -0.000011 -0.000002  0.868957 0.000002 1.570712
26  -6.617934 -9.178503 0.826812  1.473120 1.855075 -0.198639
27  6.027512 -0.000261 -0.000226  1.636694 0.880679 -0.652667
28  11.691990 0.000244 0.000856  0.141447 0.000056 -1.630551
29  11.479321 -0.000882 0.000956  -1.242813 0.279938 0.771896
30  3.859436 -0.132788 1.193062  0.466149 -0.051826 -1.783918
31  1.312558 0.000025 -0.000000  -0.013965 -0.041044 -0.156447
32  0.729345 0.000066 -0.000029  -0.128320 -0.117290 -0.954857
33  3.942045 0.050109 0.430996  0.211501 -0.107596 -1.469120
34  1.539097 0.000011 0.000000  0.040712 -0.054386 -1.030469
35  1.196299 0.000076 -0.000004  -0.249391 -0.043040 -0.795121
36  3.883411 -0.050502 -0.431088  0.186407 -0.271796 -1.212184
37  1.719563 -0.000080 -0.000003  0.020974 -0.107650 -1.483528
38  1.209197 0.000035 0.000011  -0.324719 0.069674 -0.493483
39  3.859585 -0.149112 -1.331324  -0.094938 -0.084955 -0.411363
40  1.719410 -0.000100 -0.000034  -0.011248 0.001677 -0.960922
41  1.099673 0.000025 0.000007  -0.004984 -0.008084 -0.787926
42  0.805979 -0.359854 -1.318339  0.991670 0.166767 -0.799535
43  1.789779 -0.000008 -0.000042  0.000057 -0.002451 0.133097
44  1.206997 -0.000006 0.000005  0.000372 -0.000070 1.058781
45  5.740572 0.000055 0.000723  0.139275 -0.000014 0.000021
46  11.480808 -0.000141 0.000940  0.048966 0.054519 0.131542
47  6.027514 -0.000273 -0.000238  -0.984554 -0.387821 -1.705940
48  -0.000000 11.691973 -0.000006  -1.106289 0.549771 0.856901
49  0.000002 0.000000 -0.000000  2.413975 -0.000041 1.570856
50  -0.000006 -0.000016 0.000005  2.272644 -0.000030 1.570865
51  -4.059772 -5.669113 -5.834682  -0.144261 -2.972090 1.491801
52  -0.000000 0.000000 -0.000000  0.008153 -0.000259 0.000009
53  -0.000000 -0.000000 -0.000000  1.565115 0.043565 -0.106862
54  -0.951084 -19.558544 -3.940179  -0.908271 0.123610 -1.790759
55  -0.000003 0.000000 0.000000  0.000000 -0.000000 -0.000002
56  0.000028 0.000029 0.000001  -1.571901 -0.044449 -0.106509
57  7.202790 -19.259499 -17.055128  1.570796 -0.000000 0.000000
58  -15.417985 4.000748 -22.641926  1.570796 -0.000000 0.000000
59  2.236387 -2.421983 -5.367696  1.570796 -0.000000 0.000000
60  -0.004311 0.001230 -0.000371  0.006898 -0.005534 -0.284229
61  0.826810 10.209643 -4.879054  1.570796 -0.000000 0.000000
62  0.000000 0.000000 0.000000  -0.078727 -3.136056 0.284226
63  0.000000 0.000000 0.000000  1.570796 -0.000000 0.000000
64  -2.504309 -12.650944 -1.622490  1.552799 0.067559 0.015081
65  -0.109378 -1.951952 -1.519206  0.000000 0.000000 -0.000000
66  -0.109379 0.057027 25.399248  0.000000 0.000000 -0.000000
67  -0.109379 -1.856732 0.287228  0.000000 0.000000 -0.000000
68  -0.104047 -4.495924 7.879276  0.000000 0.000000 -0.000000
69  -0.195264 4.332630 -6.347188  0.000000 0.000000 -0.000000
70  -1.290112 3.693283 8.579667  0.022713 -0.014049 -0.017451
71  -0.121470 -1.314581 7.402086  0.000000 0.000000 -0.000000
72  -1.107529 -1.063453 4.061646  0.000000 0.000000 -0.000000
73  0.003658 1.612363 10.733982  -0.000000 0.000000 -0.009476
74  -2.624473 -17.874966 -2.822903  1.552799 0.067559 0.015081
time 91
0  0.000006 0.000000 0.000000  -1.570800 -1.391899 -1.570792
1  -4.849906 3.337897 2.232070  -1.544956 -1.855077 -0.198630
2  6.027524 -0.000325 0.000192  -0.470846 -1.197545 -1.811117
3  11.692111 0.000643 -0.000739  -1.384570 -0.000003 -1.131475
4  11.480597 0.000699 -0.000257  1.506091 -0.946561 0.108668
5  3.859507 -0.142880 -1.192049  -0.507739 -0.034586 -1.573166
6  1.312590 0.000010 0.000007  -0.099219 -0.080836 -0.578266
7  0.729356 0.000054 0.000050  -0.083327 -0.106005 -0.262589
8  3.942141 0.046273 -0.431511  -0.423826 0.326055 -0.977403
9  1.539110 0.000084 0.000006  0.011527 -0.070624 -1.101829
10  1.196333 0.000146 0.000028  0.007038 -0.000117 -0.629733
11  3.883502 -0.047269 0.431381  -0.232037 0.533715 -0.537849
12  1.719573 -0.000026 0.000017  0.011709 -0.105542 -1.237432
13  1.209179 0.000092 0.000014  -0.006673 -0.001106 -0.502906
14  3.859660 -0.138476 1.332410  0.013813 0.511197 -0.350141
15  1.719446 -0.000012 0.000022  -0.022509 0.019639 -0.287088
16  1.099676 0.000048 0.000006  -0.286525 0.346051 -1.053593
17  0.770793 -0.901442 1.177686  -1.865794 -0.596007 -0.315192
18  1.789816 -0.000003 -0.000018  0.005558 0.090197 0.395774
19  1.207015 -0.000012 -0.000043  0.141886 -0.163086 0.233767
20  5.740636 0.000410 -0.000703  -0.072936 0.000003 0.000071
21  11.481125 0.000350 -0.000708  0.004857 -0.168205 0.003687
22  6.027524 -0.000329 0.000203  1.481378 -0.362954 1.577892
23  0.000003 11.692099 -0.000007  -0.804838 -0.287317 -0.655108
24  0.000004 0.000008 -0.000001  -0.515490 -0.000031 1.570739
25  -0.000000 -0.000011 -0.000001  0.868957 0.000002 1.570712
26  -6.617934 -9.178503 0.826812  1.473120 1.855075 -0.198639
27  6.027512 -0.000261 -0.000226  1.636642 0.880677 -0.652695
28  11.691993 0.000242 0.000857  0.141447 0.000056 -1.630551
29  11.479321 -0.000882 0.000958  -1.242708 0.280002 0.771910
30  3.859435 -0.132787 1.193061  0.466149 -0.051826 -1.783918
31  1.312558 0.000025 -0.000001  -0.013965 -0.041044 -0.156447
32  0.729344 0.000064 -0.000028  -0.128320 -0.117290 -0.954857
33  3.942045 0.050108 0.430996  0.211501 -0.107596 -1.469120
34  1.539097 0.000011 0.000000  0.040712 -0.054386 -1.030469
35  1.196299 0.000076 -0.000003  -0.249391 -0.043040 -0.795120
36  3.883411 -0.050502 -0.431087  0.186407 -0.271796 -1.212184
37  1.719564 -0.000079 -0.000004  0.020974 -0.107650 -1.483528
38  1.209197 0.000036 0.000011  -0.324719 0.069674 -0.493483
39  3.859584 -0.149112 -1.331324  -0.094938 -0.084955 -0.411363
40  1.719412 -0.000100 -0.000034  -0.011248 0.001677 -0.960922
41  1.099674 0.000025 0.000007  -0.004984 -0.008084 -0.787926
42  0.805978 -0.359854 -1.318339  0.991670 0.166767 -0.799535
43  1.789779 -0.000009 -0.000042  0.000057 -0.002451 0.133097
44  1.206997 -0.000007 0.000005  0.000372 -0.000070 1.058781
45  5.740572 0.000055 0.000723  0.139295 -0.000014 0.000021
46  11.480808 -0.000140 0.000941  0.048981 0.054538 0.131539
47  6.027514 -0.000273 -0.000238  -0.984571 -0.387852 -1.705921
48  -0.000001 11.691974 -0.000005  -1.106289 0.549771 0.856901
49  0.000003 0.000002 -0.000000  2.413975 -0.000041 1.570856
50  -0.000007 -0.000016 0.000006  2.272644 -0.000030 1.570865
51  -4.059339 -5.669105 -5.835024  -0.144162 -2.972093 1.491767
52  0.000000 0.000000 -0.000001  0.008153 -0.000259 0.000009
53  -0.000001 0.000000 -0.000001  1.565115 0.043565 -0.106862
54  -0.951083 -19.558582 -3.940153  -0.908174 0.123627 -1.790765
55  0.000000 0.000000 0.000000  0.000000 -0.000000 -0.000002
56  0.000031 0.000029 0.000001  -1.571901 -0.044449 -0.106509
57  7.202790 -19.259499 -17.055128  1.570796 -0.000000 0.000000
58  -15.417985 4.000748 -22.641926  1.570796 -0.000000 0.000000
59  2.236387 -2.421983 -5.367696  1.570796 -0.000000 0.000000
60  -0.004311 0.001230 -0.000371  0.006898 -0.005534 -0.284229
61  0.826810 10.209643 -4.879054  1.570796 -0.000000 0.000000
62  0.000000 0.000000 0.000000  -0.078727 -3.136056 0.284226
63  0.000000 0.000000 0.000000  1.570796 -0.000000 0.000000
64  -2.504412 -12.650944 -1.622648  1.552793 0.067461 0.015063
65  -0.109378 -1.951951 -1.519206  0.000000 0.000000 -0.000000
66  -0.109379 0.057027 25.399252  0.000000 0.000000 -0.000000
67  -0.109378 -1.856732 0.287229  0.000000 0.000000 -0.000000
68  -0.104047 -4.495924 7.879274  0.000000 0.000000 -0.000000
69  -0.195264 4.332630 -6.347187  0.000000 0.000000 -0.000000
70  -1.290112 3.693283 8.579668  0.022713 -0.014049 -0.017451
71  -0.121470 -1.314581 7.402087  0.000000 0.000000 -0.000000
72  -1.107528 -1.063453 4.061649  0.000000 0.000000 -0.000000
73  0.003659 1.612363 10.733980  0.000000 -0.000000 -0.009443
74  -2.624551 -17.874968 -2.823049  1.552793 0.067461 0.015063
time 92
0  0.000006 0.000000 0.000000  -1.570800 -1.391899 -1.570792
1  -4.849906 3.337897 2.232070  -1.544956 -1.855077 -0.198630
2  6.027524 -0.000325 0.000192  -0.470779 -1.197564 -1.811201
3  11.692111 0.000645 -0.000740  -1.384570 -0.000003 -1.131446
4  11.480597 0.000699 -0.000257  1.506216 -0.946575 0.108696
5  3.859506 -0.142879 -1.192050  -0.507739 -0.034586 -1.573166
6  1.312590 0.000013 0.000006  -0.099219 -0.080836 -0.578266
7  0.729354 0.000054 0.000046  -0.083327 -0.106005 -0.262589
8  3.942140 0.046273 -0.431512  -0.423827 0.326055 -0.977403
9  1.539110 0.000085 0.000005  0.011527 -0.070624 -1.101829
10  1.196333 0.000144 0.000029  0.007038 -0.000117 -0.629733
11  3.883504 -0.047269 0.431381  -0.232037 0.533715 -0.537849
12  1.719573 -0.000027 0.000015  0.011709 -0.105542 -1.237432
13  1.209178 0.000091 0.000012  -0.006673 -0.001106 -0.502906
14  3.859661 -0.138475 1.332409  0.013813 0.511197 -0.350141
15  1.719449 -0.000010 0.000023  -0.022509 0.019639 -0.287088
16  1.099676 0.000048 0.000006  -0.286525 0.346051 -1.053593
17  0.770792 -0.901442 1.177685  -1.865794 -0.596007 -0.315192
18  1.789818 -0.000004 -0.000019  0.005558 0.090197 0.395774
19  1.207016 -0.000012 -0.000044  0.141886 -0.163086 0.233767
20  5.740637 0.000410 -0.000703  -0.072905 0.000003 0.000070
21  11.481124 0.000351 -0.000710  0.004881 -0.168207 0.003702
22  6.027524 -0.000329 0.000203  1.481358 -0.362930 1.577878
23  0.000001 11.692098 -0.000007  -0.804820 -0.287303 -0.655094
24  0.000003 0.000007 -0.000001  -0.515490 -0.000031 1.570739
25  -0.000001 -0.000011 -0.000001  0.868957 0.000002 1.570712
26  -6.617934 -9.178503 0.826812  1.473120 1.855075 -0.198639
27  6.027512 -0.000261 -0.000226  1.636602 0.880686 -0.652716
28  11.691992 0.000245 0.000856  0.141447 0.000056 -1.630545
29  11.479321 -0.000880 0.000958  -1.242567 0.280067 0.771923
30  3.859435 -0.132787 1.193063  0.466149 -0.051826 -1.783918
31  1.312558 0.000025 0.000000  -0.013965 -0.041043 -0.156447
32  0.729345 0.000067 -0.000027  -0.128320 -0.117290 -0.954857
33  3.942045 0.050109 0.430997  0.211501 -0.107596 -1.469120
34  1.539096 0.000010 0.000000  0.040712 -0.054386 -1.030469
35  1.196299 0.000075 -0.000004  -0.249391 -0.043040 -0.795121
36  3.883411 -0.050502 -0.431086  0.186407 -0.271796 -1.212184
37  1.719563 -0.000078 -0.000004  0.020974 -0.107650 -1.483528
38  1.209197 0.000036 0.000011  -0.324719 0.069674 -0.493483
39  3.859585 -0.149112 -1.331323  -0.094938 -0.084955 -0.411363
40  1.719411 -0.000100 -0.000034  -0.011248 0.001677 -0.960922
41  1.099673 0.000025 0.000006  -0.004984 -0.008084 -0.787926
42  0.805979 -0.359854 -1.318338  0.991670 0.166767 -0.799535
43  1.789779 -0.000009 -0.000042  0.000057 -0.002451 0.133097
44  1.206997 -0.000006 0.000005  0.000372 -0.000070 1.058781
45  5.740573 0.000054 0.000723  0.139325 -0.000014 0.000021
46  11.480809 -0.000141 0.000941  0.049002 0.054560 0.131534
47  6.027514 -0.000273 -0.000238  -0.984592 -0.387869 -1.705903
48  0.000000 11.691974 -0.000007  -1.106285 0.549767 0.856899
49  0.000004 -0.000002 0.000001  2.413975 -0.000041 1.570856
50  -0.000006 -0.000015 0.000005  2.272644 -0.000030 1.570865
51  -4.058943 -5.669143 -5.835199  -0.144024 -2.972088 1.491726
52  -0.000001 -0.000000 0.000000  0.008153 -0.000259 0.000009
53  -0.000000 -0.000000 0.000000  1.565115 0.043565 -0.106862
54  -0.951194 -19.558647 -3.939686  -0.908038 0.123641 -1.790766
55  -0.000001 0.000000 0.000000  0.000000 -0.000000 -0.000002
56  0.000028 0.000029 0.000001  -1.571902 -0.044449 -0.106509
57  7.202790 -19.259499 -17.055128  1.570796 -0.000000 0.000000
58  -15.417985 4.000748 -22.641926  1.570796 -0.000000 0.000000
59  2.236387 -2.421983 -5.367696  1.570796 -0.000000 0.000000
60  -0.004311 0.001230 -0.000371  0.006898 -0.005534 -0.284229
61  0.826810 10.209643 -4.879054  1.570796 -0.000000 0.000000
62  0.000000 0.000000 0.000000  -0.078727 -3.136056 0.284226
63  0.000000 0.000000 0.000000  1.570796 -0.000000 0.000000
64  -2.504712 -12.650944 -1.622502  1.552775 0.067326 0.015044
65  -0.109379 -1.951952 -1.519204  0.000000 0.000000 -0.000000
66  -0.109379 0.057027 25.399254  0.000000 0.000000 -0.000000
67  -0.109379 -1.856732 0.287230  0.000000 0.000000 -0.000000
68  -0.104048 -4.495923 7.879276  0.000000 0.000000 -0.000000
69  -0.195264 4.332630 -6.347187  0.000000 0.000000 -0.000000
70  -1.290112 3.693282 8.579666  0.022713 -0.014049 -0.017451
71  -0.121470 -1.314581 7.402087  0.000000 0.000000 -0.000000
72  -1.107529 -1.063453 4.061648  0.000000 0.000000 -0.000000
73  0.003658 1.612363 10.733982  0.000000 0.000000 -0.009324
74  -2.624783 -17.874985 -2.822835  1.552775 0.067326 0.015044
time 93
0  0.000006 0.000000 0.000000  -1.570800 -1.391899 -1.570792
1  -4.849906 3.337897 2.232070  -1.544956 -1.855077 -0.198630
2  6.027524 -0.000325 0.000192  -0.470654 -1.197598 -1.811356
3  11.692110 0.000643 -0.000739  -1.384570 -0.000003 -1.131395
4  11.480597 0.000697 -0.000254  1.506387 -0.946597 0.108723
5  3.859507 -0.142880 -1.192050  -0.507739 -0.034586 -1.573166
6  1.312589 0.000014 0.000009  -0.099219 -0.080836 -0.578266
7  0.729355 0.000053 0.000049  -0.083327 -0.106005 -0.262589
8  3.942139 0.046273 -0.431512  -0.423826 0.326055 -0.977403
9  1.539110 0.000087 0.000007  0.011527 -0.070624 -1.101829
10  1.196333 0.000146 0.000029  0.007038 -0.000117 -0.629733
11  3.883502 -0.047269 0.431381  -0.232037 0.533715 -0.537849
12  1.719573 -0.000026 0.000017  0.011709 -0.105542 -1.237432
13  1.209178 0.000092 0.000013  -0.006673 -0.001106 -0.502906
14  3.859658 -0.138475 1.332409  0.013813 0.511197 -0.350141
15  1.719450 -0.000011 0.000021  -0.022509 0.019639 -0.287088
16  1.099677 0.000048 0.000006  -0.286525 0.346051 -1.053593
17  0.770791 -0.901442 1.177685  -1.865794 -0.596007 -0.315192
18  1.789818 -0.000003 -0.000017  0.005558 0.090197 0.395774
19  1.207017 -0.000012 -0.000045  0.141886 -0.163086 0.233767
20  5.740636 0.000410 -0.000704  -0.072866 0.000003 0.000071
21  11.481125 0.000349 -0.000709  0.004912 -0.168209 0.003723
22  6.027524 -0.000329 0.000203  1.481320 -0.362886 1.577852
23  0.000003 11.692099 -0.000008  -0.804788 -0.287279 -0.655070
24  0.000002 0.000008 -0.000002  -0.515490 -0.000031 1.570738
25  -0.000001 -0.000011 -0.000002  0.868957 0.000002 1.570712
26  -6.617934 -9.178503 0.826812  1.473120 1.855075 -0.198639
27  6.027512 -0.000261 -0.000226  1.636573 0.880703 -0.652730
28  11.691993 0.000244 0.000855  0.141447 0.000056 -1.630533
29  11.479321 -0.000880 0.000958  -1.242394 0.280136 0.771936
30  3.859436 -0.132788 1.193062  0.466149 -0.051826 -1.783918
31  1.312558 0.000026 -0.000001  -0.013965 -0.041044 -0.156447
32  0.729345 0.000067 -0.000028  -0.128320 -0.117290 -0.954857
33  3.942046 0.050108 0.430997  0.211501 -0.107596 -1.469120
34  1.539097 0.000011 0.000000  0.040712 -0.054386 -1.030469
35  1.196300 0.000075 -0.000004  -0.249391 -0.043040 -0.795120
36  3.883411 -0.050502 -0.431087  0.186407 -0.271796 -1.212184
37  1.719563 -0.000079 -0.000004  0.020974 -0.107650 -1.483528
38  1.209197 0.000035 0.000011  -0.324719 0.069674 -0.493483
39  3.859585 -0.149112 -1.331323  -0.094938 -0.084955 -0.411363
40  1.719412 -0.000100 -0.000034  -0.011248 0.001677 -0.960922
41  1.099673 0.000026 0.000007  -0.004984 -0.008084 -0.787926
42  0.805978 -0.359854 -1.318338  0.991670 0.166767 -0.799535
43  1.789779 -0.000008 -0.000042  0.000057 -0.002451 0.133097
44  1.206997 -0.000006 0.000005  0.000372 -0.000070 1.058782
45  5.740573 0.000056 0.000722  0.139363 -0.000014 0.000021
46  11.480809 -0.000140 0.000940  0.049029 0.054584 0.131527
47  6.027514 -0.000273 -0.000238  -0.984618 -0.387877 -1.705885
48  -0.000003 11.691973 -0.000006  -1.106278 0.549760 0.856895
49  0.000001 -0.000001 -0.000001  2.413975 -0.000041 1.570856
50  -0.000007 -0.000016 0.000005  2.272644 -0.000030 1.570865
51  -4.058578 -5.669229 -5.835226  -0.143849 -2.972075 1.491678
52  -0.000000 -0.000000 0.000000  0.008153 -0.000259 0.000009
53  -0.000000 -0.000000 -0.000000  1.565115 0.043565 -0.106862
54  -0.951406 -19.558741 -3.938808  -0.907864 0.123652 -1.790763
55  -0.000001 -0.000000 -0.000000  0.000000 -0.000000 -0.000002
56  0.000029 0.000029 0.000001  -1.571902 -0.044449 -0.106509
57  7.202790 -19.259499 -17.055128  1.570796 -0.000000 0.000000
58  -15.417985 4.000748 -22.641926  1.570796 -0.000000 0.000000
59  2.236387 -2.421983 -5.367696  1.570796 -0.000000 0.000000
60  -0.004311 0.001230 -0.000371  0.006898 -0.005534 -0.284229
61  0.826810 10.209643 -4.879054  1.570796 -0.000000 0.000000
62  0.000000 0.000000 0.000000  -0.078727 -3.136056 0.284226
63  0.000000 0.000000 0.000000  1.570796 -0.000000 0.000000
64  -2.505194 -12.650944 -1.622075  1.552745 0.067155 0.015023
65  -0.109379 -1.951952 -1.519207  -0.000000 0.000000 -0.000000
66  -0.109379 0.057027 25.399252  -0.000000 0.000000 -0.000000
67  -0.109379 -1.856732 0.287228  -0.000000 0.000000 -0.000000
68  -0.104048 -4.495924 7.879275  -0.000000 0.000000 -0.000000
69  -0.195264 4.332630 -6.347188  -0.000000 0.000000 -0.000000
70  -1.290112 3.693283 8.579667  0.022713 -0.014049 -0.017451
71  -0.121471 -1.314581 7.402088  -0.000000 0.000000 -0.000000
72  -1.107529 -1.063453 4.061645  -0.000000 0.000000 -0.000000
73  0.003659 1.612363 10.733982  -0.000000 0.000000 -0.009078
74  -2.625155 -17.875015 -2.822289  1.552745 0.067155 0.015023
time 94
0  0.000006 0.000000 0.000000  -1.570800 -1.391899 -1.570792
1  -4.849906 3.337897 2.232070  -1.544956 -1.855077 -0.198630
2  6.027524 -0.000325 0.000192  -0.470476 -1.197648 -1.811578
3  11.692111 0.000643 -0.000738  -1.384570 -0.000003 -1.131324
4  11.480597 0.000698 -0.000256  1.506603 -0.946626 0.108750
5  3.859508 -0.142879 -1.192049  -0.507739 -0.034586 -1.573166
6  1.312589 0.000013 0.000010  -0.099219 -0.080836 -0.578266
7  0.729355 0.000053 0.000048  -0.083327 -0.106005 -0.262589
8  3.942143 0.046273 -0.431512  -0.423826 0.326055 -0.977403
9  1.539111 0.000085 0.000008  0.011527 -0.070624 -1.101829
10  1.196332 0.000145 0.000030  0.007038 -0.000117 -0.629733
11  3.883502 -0.047269 0.431381  -0.232037 0.533715 -0.537849
12  1.719574 -0.000026 0.000015  0.011709 -0.105542 -1.237432
13  1.209180 0.000094 0.000013  -0.006673 -0.001106 -0.502906
14  3.859660 -0.138475 1.332410  0.013813 0.511197 -0.350141
15  1.719448 -0.000011 0.000021  -0.022509 0.019639 -0.287088
16  1.099675 0.000048 0.000007  -0.286525 0.346051 -1.053593
17  0.770795 -0.901442 1.177686  -1.865794 -0.596007 -0.315192
18  1.789817 -0.000003 -0.000019  0.005558 0.090197 0.395774
19  1.207011 -0.000012 -0.000042  0.141886 -0.163086 0.233767
20  5.740635 0.000410 -0.000703  -0.072819 0.000003 0.000071
21  11.481124 0.000350 -0.000708  0.004951 -0.168212 0.003747
22  6.027524 -0.000329 0.000203  1.481265 -0.362822 1.577816
23  0.000003 11.692101 -0.000007  -0.804743 -0.287246 -0.655037
24  0.000004 0.000009 -0.000000  -0.515490 -0.000031 1.570739
25  -0.000000 -0.000011 -0.000001  0.868957 0.000002 1.570712
26  -6.617934 -9.178503 0.826812  1.473120 1.855075 -0.198639
27  6.027512 -0.000261 -0.000226  1.636553 0.880729 -0.652739
28  11.691991 0.000242 0.000856  0.141447 0.000056 -1.630514
29  11.479321 -0.000880 0.000959  -1.242187 0.280208 0.771948
30  3.859437 -0.132787 1.193063  0.466149 -0.051826 -1.783918
31  1.312558 0.000025 -0.000001  -0.013965 -0.041044 -0.156447
32  0.729344 0.000066 -0.000028  -0.128320 -0.117290 -0.954857
33  3.942047 0.050109 0.430998  0.211501 -0.107596 -1.469120
34  1.539096 0.000009 -0.000000  0.040712 -0.054386 -1.030469
35  1.196299 0.000075 -0.000004  -0.249391 -0.043040 -0.795120
36  3.883411 -0.050501 -0.431086  0.186407 -0.271796 -1.212184
37  1.719563 -0.000080 -0.000003  0.020974 -0.107650 -1.483528
38  1.209198 0.000035 0.000012  -0.324719 0.069674 -0.493483
39  3.859586 -0.149112 -1.331323  -0.094938 -0.084955 -0.411363
40  1.719412 -0.000099 -0.000035  -0.011248 0.001677 -0.960922
41  1.099673 0.000026 0.000007  -0.004984 -0.008084 -0.787926
42  0.805979 -0.359854 -1.318337  0.991670 0.166767 -0.799535
43  1.789780 -0.000009 -0.000042  0.000057 -0.002451 0.133097
44  1.206996 -0.000006 0.000005  0.000372 -0.000070 1.058781
45  5.740573 0.000055 0.000723  0.139410 -0.000014 0.000021
46  11.480808 -0.000141 0.000942  0.049063 0.054612 0.131519
47  6.027514 -0.000273 -0.000238  -0.984650 -0.387875 -1.705867
48  0.000000 11.691973 -0.000006  -1.106267 0.549749 0.856889
49  0.000003 -0.000000 -0.000000  2.413975 -0.000041 1.570856
50  -0.000005 -0.000016 0.000004  2.272644 -0.000030 1.570865
51  -4.058233 -5.669358 -5.835122  -0.143638 -2.972053 1.491624
52  -0.000001 0.000000 0.000000  0.008153 -0.000259 0.000009
53  0.000000 0.000000 0.000001  1.565115 0.043565 -0.106862
54  -0.951708 -19.558855 -3.937543  -0.907653 0.123660 -1.790755
55  -0.000001 0.000000 -0.000000  0.000000 -0.000000 -0.000002
56  0.000030 0.000029 0.000001  -1.571901 -0.044449 -0.106509
57  7.202790 -19.259499 -17.055128  1.570796 -0.000000 0.000000
58  -15.417985 4.000748 -22.641926  1.570796 -0.000000 0.000000
59  2.236387 -2.421983 -5.367696  1.570796 -0.000000 0.000000
60  -0.004311 0.001230 -0.000371  0.006898 -0.005534 -0.284229
61  0.826810 10.209643 -4.879054  1.570796 -0.000000 0.000000
62  0.000000 0.000000 0.000000  -0.078727 -3.136056 0.284226
63  0.000000 0.000000 0.000000  1.570796 -0.000000 0.000000
64  -2.505845 -12.650944 -1.621389  1.552704 0.066951 0.015002
65  -0.109379 -1.951951 -1.519205  0.000000 0.000000 -0.000000
66  -0.109379 0.057027 25.399254  0.000000 0.000000 -0.000000
67  -0.109378 -1.856731 0.287229  0.000000 0.000000 -0.000000
68  -0.104047 -4.495923 7.879275  0.000000 0.000000 -0.000000
69  -0.195264 4.332631 -6.347188  0.000000 0.000000 -0.000000
70  -1.290112 3.693283 8.579667  0.022713 -0.014049 -0.017451
71  -0.121470 -1.314581 7.402089  0.000000 0.000000 -0.000000
72  -1.107528 -1.063453 4.061647  0.000000 0.000000 -0.000000
73  0.003659 1.612363 10.733984  -0.000000 0.000000 -0.008626
74  -2.625656 -17.875057 -2.821431  1.552704 0.066951 0.015002
time 95
0  0.000006 0.000000 0.000000  -1.570800 -1.391899 -1.570792
1  -4.849906 3.337897 2.232070  -1.544956 -1.855077 -0.198630
2  6.027524 -0.000325 0.000192  -0.470250 -1.197710 -1.811860
3  11.692111 0.000643 -0.000739  -1.384570 -0.000003 -1.131234
4  11.480598 0.000699 -0.000253  1.506862 -0.946662 0.108778
5  3.859507 -0.142879 -1.192050  -0.507739 -0.034586 -1.573166
6  1.312590 0.000011 0.000008  -0.099219 -0.080836 -0.578266
7  0.729355 0.000054 0.000048  -0.083327 -0.106005 -0.262589
8  3.942141 0.046273 -0.431512  -0.423826 0.326055 -0.977403
9  1.539112 0.000083 0.000006  0.011527 -0.070624 -1.101829
10  1.196334 0.000146 0.000027  0.007038 -0.000117 -0.629733
11  3.883506 -0.047269 0.431382  -0.232037 0.533715 -0.537849
12  1.719573 -0.000027 0.000013  0.011709 -0.105542 -1.237432
13  1.209179 0.000090 0.000011  -0.006673 -0.001106 -0.502906
14  3.859662 -0.138475 1.332410  0.013813 0.511197 -0.350141
15  1.719449 -0.000011 0.000021  -0.022509 0.019639 -0.287088
16  1.099677 0.000047 0.000004  -0.286525 0.346051 -1.053593
17  0.770794 -0.901442 1.177686  -1.865794 -0.596008 -0.315192
18  1.789820 -0.000003 -0.000018  0.005558 0.090197 0.395774
19  1.207014 -0.000012 -0.000044  0.141886 -0.163086 0.233767
20  5.740637 0.000411 -0.000702  -0.072764 0.000003 0.000071
21  11.481125 0.000350 -0.000707  0.004998 -0.168217 0.003775
22  6.027524 -0.000329 0.000203  1.481196 -0.362741 1.577769
23  0.000003 11.692098 -0.000008  -0.804686 -0.287204 -0.654995
24  0.000004 0.000008 -0.000002  -0.515490 -0.000031 1.570739
25  -0.000000 -0.000011 -0.000001  0.868957 0.000002 1.570712
26  -6.617934 -9.178503 0.826812  1.473120 1.855075 -0.198639
27  6.027512 -0.000261 -0.000226  1.636541 0.880764 -0.652743
28  11.691990 0.000243 0.000856  0.141447 0.000056 -1.630491
29  11.479319 -0.000881 0.000958  -1.241949 0.280285 0.771959
30  3.859436 -0.132787 1.193062  0.466149 -0.051826 -1.783918
31  1.312558 0.000028 -0.000000  -0.013965 -0.041044 -0.156447
32  0.729344 0.000065 -0.000027  -0.128320 -0.117290 -0.954857
33  3.942045 0.050110 0.430997  0.211501 -0.107596 -1.469120
34  1.539097 0.000010 -0.000000  0.040712 -0.054386 -1.030469
35  1.196300 0.000075 -0.000004  -0.249391 -0.043040 -0.795120
36  3.883412 -0.050502 -0.431087  0.186407 -0.271796 -1.212184
37  1.719563 -0.000080 -0.000004  0.020974 -0.107650 -1.483528
38  1.209198 0.000035 0.000012  -0.324719 0.069674 -0.493483
39  3.859586 -0.149111 -1.331323  -0.094938 -0.084955 -0.411363
40  1.719413 -0.000099 -0.000034  -0.011248 0.001677 -0.960922
41  1.099673 0.000025 0.000007  -0.004984 -0.008084 -0.787926
42  0.805979 -0.359854 -1.318337  0.991670 0.166767 -0.799535
43  1.789779 -0.000008 -0.000041  0.000057 -0.002451 0.133097
44  1.206997 -0.000006 0.000005  0.000372 -0.000070 1.058781
45  5.740571 0.000055 0.000724  0.139464 -0.000014 0.000021
46  11.480806 -0.000141 0.000941  0.049101 0.054642 0.131509
47  6.027514 -0.000273 -0.000238  -0.984686 -0.387864 -1.705849
48  -0.000001 11.691975 -0.000006  -1.106253 0.549736 0.856881
49  0.000003 0.000000 -0.000000  2.413975 -0.000041 1.570856
50  -0.000007 -0.000015 0.000006  2.272644 -0.000030 1.570865
51  -4.057901 -5.669530 -5.834901  -0.143393 -2.972025 1.491564
52  -0.000000 0.000000 0.000001  0.008153 -0.000259 0.000009
53  0.000000 0.000000 -0.000000  1.565115 0.043565 -0.106862
54  -0.952090 -19.558996 -3.935918  -0.907408 0.123666 -1.790744
55  -0.000002 -0.000000 0.000000  0.000000 -0.000000 -0.000002
56  0.000027 0.000029 0.000001  -1.571901 -0.044449 -0.106509
57  7.202790 -19.259499 -17.055128  1.570796 -0.000000 0.000000
58  -15.417985 4.000748 -22.641926  1.570796 -0.000000 0.000000
59  2.236387 -2.421983 -5.367696  1.570796 -0.000000 0.000000
60  -0.004311 0.001230 -0.000371  0.006898 -0.005534 -0.284229
61  0.826810 10.209643 -4.879054  1.570796 -0.000000 0.000000
62  0.000000 0.000000 0.000000  -0.078727 -3.136056 0.284226
63  0.000000 0.000000 0.000000  1.570796 -0.000000 0.000000
64  -2.506649 -12.650944 -1.620465  1.552653 0.066713 0.014980
65  -0.109379 -1.951951 -1.519204  -0.000000 0.000000 0.000000
66  -0.109379 0.057027 25.399250  -0.000000 0.000000 0.000000
67  -0.109379 -1.856732 0.287230  -0.000000 0.000000 0.000000
68  -0.104048 -4.495923 7.879277  -0.000000 0.000000 0.000000
69  -0.195264 4.332629 -6.347185  -0.000000 0.000000 0.000000
70  -1.290112 3.693283 8.579670  0.022713 -0.014049 -0.017451
71  -0.121470 -1.314581 7.402087  -0.000000 0.000000 0.000000
72  -1.107528 -1.063453 4.061648  -0.000000 0.000000 0.000000
73  0.003659 1.612363 10.733980  -0.000000 0.000000 -0.007847
74  -2.626272 -17.875113 -2.820286  1.552653 0.066713 0.014980
time 96
0  0.000006 0.000000 0.000000  -1.570800 -1.391899 -1.570792
1  -4.849906 3.337897 2.232070  -1.544956 -1.855077 -0.198630
2  6.027524 -0.000325 0.000192  -0.469980 -1.197786 -1.812199
3  11.692112 0.000643 -0.000739  -1.384570 -0.000003 -1.131128
4  11.480600 0.000698 -0.000252  1.507162 -0.946703 0.108805
5  3.859508 -0.142879 -1.192050  -0.507739 -0.034586 -1.573166
6  1.312589 0.000011 0.000008  -0.099219 -0.080836 -0.578266
7  0.729355 0.000055 0.000049  -0.083327 -0.106005 -0.262589
8  3.942143 0.046273 -0.431512  -0.423826 0.326055 -0.977403
9  1.539110 0.000084 0.000004  0.011526 -0.070624 -1.101829
10  1.196333 0.000145 0.000030  0.007038 -0.000117 -0.629733
11  3.883505 -0.047269 0.431381  -0.232037 0.533715 -0.537849
12  1.719573 -0.000027 0.000013  0.011709 -0.105542 -1.237432
13  1.209179 0.000091 0.000014  -0.006673 -0.001106 -0.502906
14  3.859663 -0.138475 1.332410  0.013813 0.511197 -0.350141
15  1.719449 -0.000011 0.000024  -0.022509 0.019639 -0.287088
16  1.099676 0.000046 0.000008  -0.286525 0.346051 -1.053593
17  0.770796 -0.901442 1.177686  -1.865794 -0.596007 -0.315192
18  1.789817 -0.000003 -0.000018  0.005558 0.090197 0.395774
19  1.207018 -0.000012 -0.000043  0.141886 -0.163086 0.233768
20  5.740637 0.000409 -0.000701  -0.072702 0.000003 0.000071
21  11.481126 0.000349 -0.000707  0.005052 -0.168222 0.003806
22  6.027524 -0.000329 0.000203  1.481114 -0.362644 1.577711
23  0.000003 11.692097 -0.000008  -0.804619 -0.287155 -0.654946
24  0.000003 0.000008 -0.000001  -0.515490 -0.000031 1.570739
25  -0.000000 -0.000012 -0.000001  0.868957 0.000002 1.570712
26  -6.617934 -9.178503 0.826812  1.473120 1.855075 -0.198639
27  6.027512 -0.000261 -0.000226  1.636536 0.880805 -0.652744
28  11.691991 0.000242 0.000856  0.141447 0.000056 -1.630461
29  11.479321 -0.000880 0.000957  -1.241680 0.280366 0.771967
30  3.859435 -0.132787 1.193062  0.466149 -0.051826 -1.783918
31  1.312558 0.000026 -0.000000  -0.013965 -0.041044 -0.156447
32  0.729345 0.000066 -0.000027  -0.128320 -0.117290 -0.954857
33  3.942046 0.050110 0.430997  0.211501 -0.107596 -1.469120
34  1.539096 0.000010 -0.000001  0.040712 -0.054386 -1.030469
35  1.196300 0.000075 -0.000004  -0.249391 -0.043040 -0.795121
36  3.883411 -0.050502 -0.431087  0.186407 -0.271796 -1.212184
37  1.719564 -0.000080 -0.000003  0.020974 -0.107650 -1.483528
38  1.209198 0.000036 0.000011  -0.324719 0.069674 -0.493483
39  3.859585 -0.149111 -1.331323  -0.094938 -0.084955 -0.411363
40  1.719411 -0.000100 -0.000034  -0.011248 0.001677 -0.960922
41  1.099673 0.000024 0.000006  -0.004984 -0.008084 -0.787926
42  0.805978 -0.359853 -1.318338  0.991670 0.166767 -0.799535
43  1.789779 -0.000008 -0.000042  0.000057 -0.002451 0.133097
44  1.206997 -0.000006 0.000005  0.000373 -0.000070 1.058782
45  5.740571 0.000054 0.000724  0.139526 -0.000014 0.000021
46  11.480807 -0.000140 0.000941  0.049146 0.054675 0.131497
47  6.027514 -0.000273 -0.000238  -0.984727 -0.387847 -1.705830
48  -0.000002 11.691973 -0.000007  -1.106236 0.549719 0.856871
49  0.000003 0.000000 -0.000000  2.413975 -0.000041 1.570856
50  -0.000007 -0.000017 0.000005  2.272644 -0.000030 1.570865
51  -4.057574 -5.669744 -5.834581  -0.143114 -2.971989 1.491498
52  -0.000000 -0.000000 0.000001  0.008153 -0.000259 0.000009
53  -0.000001 0.000000 0.000000  1.565115 0.043565 -0.106862
54  -0.952539 -19.559158 -3.933958  -0.907129 0.123669 -1.790728
55  -0.000003 -0.000000 -0.000000  0.000000 -0.000000 -0.000002
56  0.000029 0.000029 0.000001  -1.571902 -0.044449 -0.106509
57  7.202790 -19.259499 -17.055128  1.570796 -0.000000 0.000000
58  -15.417985 4.000748 -22.641926  1.570796 -0.000000 0.000000
59  2.236387 -2.421983 -5.367696  1.570796 -0.000000 0.000000
60  -0.004311 0.001230 -0.000371  0.006898 -0.005534 -0.284229
61  0.826810 10.209643 -4.879054  1.570796 -0.000000 0.000000
62  0.000000 0.000000 0.000000  -0.078727 -3.136056 0.284226
63  0.000000 0.000000 0.000000  1.570796 -0.000000 0.000000
64  -2.507595 -12.650944 -1.619323  1.552591 0.066443 0.014957
65  -0.109379 -1.951951 -1.519205  0.000000 -0.000000 -0.000000
66  -0.109379 0.057027 25.399252  0.000000 -0.000000 -0.000000
67  -0.109379 -1.856732 0.287230  0.000000 -0.000000 -0.000000
68  -0.104048 -4.495923 7.879278  0.000000 -0.000000 -0.000000
69  -0.195264 4.332631 -6.347188  0.000000 -0.000000 -0.000000
70  -1.290112 3.693283 8.579666  0.022713 -0.014049 -0.017451
71  -0.121470 -1.314581 7.402087  0.000000 -0.000000 -0.000000
72  -1.107529 -1.063453 4.061649  0.000000 -0.000000 -0.000000
73  0.003659 1.612363 10.733982  0.000000 0.000000 -0.006698
74  -2.626992 -17.875177 -2.818876  1.552591 0.066443 0.014957
time 97
0  0.000006 0.000000 0.000000  -1.570800 -1.391899 -1.570792
1  -4.849906 3.337897 2.232070  -1.544956 -1.855077 -0.198630
2  6.027524 -0.000325 0.000192  -0.469670 -1.197873 -1.812588
3  11.692109 0.000644 -0.000738  -1.384570 -0.000003 -1.131006
4  11.480600 0.000699 -0.000255  1.507501 -0.946751 0.108832
5  3.859510 -0.142880 -1.192050  -0.507739 -0.034586 -1.573166
6  1.312590 0.000011 0.000007  -0.099219 -0.080836 -0.578266
7  0.729356 0.000053 0.000049  -0.083327 -0.106005 -0.262589
8  3.942143 0.046272 -0.431512  -0.423826 0.326055 -0.977403
9  1.539110 0.000083 0.000005  0.011527 -0.070624 -1.101829
10  1.196333 0.000144 0.000029  0.007038 -0.000117 -0.629733
11  3.883504 -0.047270 0.431381  -0.232037 0.533715 -0.537849
12  1.719573 -0.000028 0.000016  0.011709 -0.105542 -1.237432
13  1.209179 0.000094 0.000014  -0.006673 -0.001106 -0.502906
14  3.859662 -0.138476 1.332409  0.013813 0.511197 -0.350141
15  1.719447 -0.000011 0.000019  -0.022509 0.019639 -0.287088
16  1.099676 0.000050 0.000005  -0.286525 0.346051 -1.053593
17  0.770795 -0.901442 1.177685  -1.865794 -0.596008 -0.315192
18  1.789815 -0.000003 -0.000018  0.005558 0.090197 0.395774
19  1.207017 -0.000011 -0.000044  0.141886 -0.163086 0.233767
20  5.740637 0.000410 -0.000704  -0.072633 0.000003 0.000071
21  11.481125 0.000350 -0.000709  0.005113 -0.168228 0.003841
22  6.027524 -0.000329 0.000203  1.481020 -0.362532 1.577644
23  0.000003 11.692099 -0.000007  -0.804543 -0.287099 -0.654889
24  0.000003 0.000009 -0.000001  -0.515490 -0.000031 1.570739
25  -0.000000 -0.000011 -0.000001  0.868957 0.000002 1.570712
26  -6.617934 -9.178503 0.826812  1.473120 1.855075 -0.198639
27  6.027512 -0.000261 -0.000226  1.636535 0.880854 -0.652741
28  11.691993 0.000242 0.000856  0.141447 0.000056 -1.630427
29  11.479321 -0.000879 0.000958  -1.241381 0.280453 0.771974
30  3.859435 -0.132788 1.193062  0.466149 -0.051826 -1.783918
31  1.312558 0.000024 -0.000000  -0.013965 -0.041044 -0.156447
32  0.729345 0.000066 -0.000027  -0.128320 -0.117290 -0.954857
33  3.942046 0.050109 0.430998  0.211501 -0.107596 -1.469120
34  1.539096 0.000009 -0.000000  0.040712 -0.054386 -1.030469
35  1.196298 0.000076 -0.000004  -0.249391 -0.043040 -0.795121
36  3.883411 -0.050502 -0.431086  0.186407 -0.271796 -1.212184
37  1.719563 -0.000080 -0.000003  0.020974 -0.107650 -1.483528
38  1.209198 0.000036 0.000011  -0.324719 0.069674 -0.493483
39  3.859585 -0.149112 -1.331323  -0.094938 -0.084955 -0.411363
40  1.719412 -0.000098 -0.000035  -0.011248 0.001677 -0.960922
41  1.099673 0.000024 0.000007  -0.004984 -0.008084 -0.787926
42  0.805979 -0.359854 -1.318337  0.991669 0.166767 -0.799535
43  1.789779 -0.000009 -0.000042  0.000057 -0.002451 0.133097
44  1.206996 -0.000007 0.000005  0.000372 -0.000070 1.058781
45  5.740572 0.000055 0.000724  0.139595 -0.000014 0.000021
46  11.480808 -0.000141 0.000941  0.049195 0.054711 0.131485
47  6.027514 -0.000273 -0.000238  -0.984772 -0.387823 -1.705809
48  0.000001 11.691971 -0.000005  -1.106216 0.549699 0.856859
49  0.000003 -0.000000 -0.000000  2.413975 -0.000041 1.570856
50  -0.000006 -0.000017 0.000006  2.272644 -0.000030 1.570865
51  -4.057241 -5.669996 -5.834177  -0.142804 -2.971946 1.491426
52  0.000000 0.000000 -0.000000  0.008153 -0.000259 0.000009
53  -0.000000 -0.000000 0.000001  1.565115 0.043565 -0.106862
54  -0.953045 -19.559341 -3.931686  -0.906818 0.123669 -1.790709
55  -0.000001 -0.000001 0.000000  0.000000 -0.000000 -0.000002
56  0.000030 0.000028 0.000001  -1.571902 -0.044449 -0.106509
57  7.202790 -19.259499 -17.055128  1.570796 -0.000000 0.000000
58  -15.417985 4.000748 -22.641926  1.570796 -0.000000 0.000000
59  2.236387 -2.421983 -5.367696  1.570796 -0.000000 0.000000
60  -0.004311 0.001230 -0.000371  0.006898 -0.005534 -0.284229
61  0.826810 10.209643 -4.879054  1.570796 -0.000000 0.000000
62  0.000000 0.000000 0.000000  -0.078727 -3.136056 0.284226
63  0.000000 0.000000 0.000000  1.570796 -0.000000 0.000000
64  -2.508667 -12.650944 -1.617984  1.552519 0.066142 0.014933
65  -0.109379 -1.951951 -1.519205  0.000000 0.000000 -0.000000
66  -0.109379 0.057027 25.399252  0.000000 0.000000 -0.000000
67  -0.109379 -1.856731 0.287230  0.000000 0.000000 -0.000000
68  -0.104048 -4.495923 7.879276  0.000000 0.000000 -0.000000
69  -0.195264 4.332630 -6.347184  0.000000 0.000000 -0.000000
70  -1.290112 3.693283 8.579669  0.022713 -0.014049 -0.017451
71  -0.121471 -1.314581 7.402088  0.000000 0.000000 -0.000000
72  -1.107529 -1.063453 4.061649  0.000000 0.000000 -0.000000
73  0.003659 1.612363 10.733984  0.000000 0.000000 -0.005495
74  -2.627801 -17.875257 -2.817222  1.552519 0.066142 0.014933
time 98
0  0.000006 0.000000 0.000000  -1.570800 -1.391899 -1.570792
1  -4.849906 3.337897 2.232070  -1.544956 -1.855077 -0.198630
2  6.027524 -0.000325 0.000192  -0.469324 -1.197970 -1.813023
3  11.692111 0.000644 -0.000739  -1.384570 -0.000003 -1.130871
4  11.480600 0.000698 -0.000254  1.507879 -0.946804 0.108859
5  3.859509 -0.142880 -1.192049  -0.507739 -0.034586 -1.573166
6  1.312590 0.000011 0.000008  -0.099219 -0.080836 -0.578266
7  0.729355 0.000054 0.000048  -0.083327 -0.106005 -0.262589
8  3.942143 0.046272 -0.431512  -0.423826 0.326055 -0.977403
9  1.539110 0.000085 0.000007  0.011526 -0.070624 -1.101829
10  1.196334 0.000144 0.000026  0.007038 -0.000117 -0.629733
11  3.883504 -0.047269 0.431382  -0.232037 0.533715 -0.537849
12  1.719574 -0.000025 0.000017  0.011709 -0.105542 -1.237432
13  1.209179 0.000091 0.000012  -0.006673 -0.001106 -0.502906
14  3.859663 -0.138476 1.332410  0.013813 0.511197 -0.350141
15  1.719445 -0.000012 0.000021  -0.022509 0.019639 -0.287088
16  1.099675 0.000046 0.000006  -0.286525 0.346051 -1.053593
17  0.770794 -0.901442 1.177686  -1.865794 -0.596008 -0.315192
18  1.789816 -0.000003 -0.000019  0.005558 0.090197 0.395774
19  1.207016 -0.000012 -0.000043  0.141886 -0.163086 0.233767
20  5.740635 0.000410 -0.000704  -0.072557 0.000003 0.000071
21  11.481124 0.000350 -0.000708  0.005180 -0.168234 0.003879
22  6.027524 -0.000329 0.000203  1.480915 -0.362406 1.577568
23  0.000001 11.692099 -0.000008  -0.804457 -0.287036 -0.654826
24  0.000004 0.000009 0.000000  -0.515490 -0.000031 1.570739
25  -0.000001 -0.000011 -0.000002  0.868957 0.000002 1.570712
26  -6.617934 -9.178503 0.826812  1.473120 1.855075 -0.198639
27  6.027512 -0.000261 -0.000226  1.636537 0.880908 -0.652737
28  11.691991 0.000243 0.000857  0.141447 0.000056 -1.630388
29  11.479321 -0.000880 0.000958  -1.241055 0.280545 0.771979
30  3.859436 -0.132788 1.193062  0.466149 -0.051826 -1.783918
31  1.312557 0.000027 -0.000001  -0.013965 -0.041043 -0.156447
32  0.729345 0.000066 -0.000028  -0.128320 -0.117290 -0.954857
33  3.942047 0.050109 0.430997  0.211501 -0.107596 -1.469120
34  1.539096 0.000010 -0.000000  0.040712 -0.054386 -1.030469
35  1.196300 0.000076 -0.000004  -0.249391 -0.043040 -0.795120
36  3.883412 -0.050502 -0.431087  0.186407 -0.271796 -1.212184
37  1.719563 -0.000078 -0.000004  0.020974 -0.107650 -1.483528
38  1.209197 0.000035 0.000012  -0.324719 0.069674 -0.493483
39  3.859586 -0.149112 -1.331323  -0.094938 -0.084955 -0.411363
40  1.719413 -0.000099 -0.000034  -0.011248 0.001677 -0.960922
41  1.099674 0.000025 0.000007  -0.004984 -0.008084 -0.787926
42  0.805979 -0.359854 -1.318339  0.991670 0.166767 -0.799535
43  1.789779 -0.000009 -0.000042  0.000057 -0.002451 0.133097
44  1.206997 -0.000006 0.000006  0.000373 -0.000070 1.058782
45  5.740571 0.000055 0.000723  0.139670 -0.000014 0.000021
46  11.480808 -0.000140 0.000941  0.049249 0.054751 0.131469
47  6.027514 -0.000273 -0.000238  -0.984823 -0.387795 -1.705787
48  -0.000001 11.691975 -0.000005  -1.106193 0.549676 0.856846
49  0.000002 0.000001 0.000000  2.413975 -0.000041 1.570856
50  -0.000007 -0.000017 0.000006  2.272644 -0.000030 1.570865
51  -4.056895 -5.670287 -5.833706  -0.142463 -2.971896 1.491349
52  0.000000 -0.000000 -0.000000  0.008153 -0.000259 0.000009
53  0.000001 0.000000 0.000000  1.565115 0.043565 -0.106862
54  -0.953597 -19.559547 -3.929132  -0.906476 0.123667 -1.790686
55  -0.000001 0.000000 0.000000  0.000000 -0.000000 -0.000002
56  0.000028 0.000029 0.000001  -1.571902 -0.044449 -0.106509
57  7.202790 -19.259499 -17.055128  1.570796 -0.000000 0.000000
58  -15.417985 4.000748 -22.641926  1.570796 -0.000000 0.000000
59  2.236387 -2.421983 -5.367696  1.570796 -0.000000 0.000000
60  -0.004311 0.001230 -0.000371  0.006898 -0.005534 -0.284229
61  0.826810 10.209643 -4.879054  1.570796 -0.000000 0.000000
62  0.000000 0.000000 0.000000  -0.078727 -3.136056 0.284226
63  0.000000 0.000000 0.000000  1.570796 -0.000000 0.000000
64  -2.509851 -12.650944 -1.616469  1.552438 0.065812 0.014909
65  -0.109379 -1.951951 -1.519205  -0.000000 -0.000000 -0.000000
66  -0.109379 0.057027 25.399250  -0.000000 -0.000000 -0.000000
67  -0.109379 -1.856732 0.287230  -0.000000 -0.000000 -0.000000
68  -0.104048 -4.495924 7.879275  -0.000000 -0.000000 -0.000000
69  -0.195264 4.332630 -6.347187  -0.000000 -0.000000 -0.000000
70  -1.290112 3.693283 8.579668  0.022713 -0.014049 -0.017451
71  -0.121471 -1.314581 7.402088  -0.000000 -0.000000 -0.000000
72  -1.107528 -1.063453 4.061647  -0.000000 -0.000000 -0.000000
73  0.003659 1.612363 10.733983  -0.000000 -0.000000 -0.004516
74  -2.628689 -17.875347 -2.815349  1.552438 0.065812 0.014909
time 99
0  0.000006 0.000000 0.000000  -1.570800 -1.391899 -1.570792
1  -4.849906 3.337897 2.232070  -1.544956 -1.855077 -0.198630
2  6.027524 -0.000325 0.000192  -0.468947 -1.198077 -1.813501
3  11.692111 0.000643 -0.000738  -1.384570 -0.000003 -1.130723
4  11.480601 0.000698 -0.000253  1.508294 -0.946861 0.108885
5  3.859509 -0.142879 -1.192050  -0.507739 -0.034586 -1.573166
6  1.312588 0.000012 0.000007  -0.099219 -0.080836 -0.578266
7  0.729354 0.000053 0.000049  -0.083327 -0.106005 -0.262589
8  3.942143 0.046273 -0.431513  -0.423826 0.326055 -0.977403
9  1.539110 0.000085 0.000005  0.011527 -0.070624 -1.101829
10  1.196333 0.000144 0.000029  0.007038 -0.000117 -0.629733
11  3.883504 -0.047269 0.431381  -0.232037 0.533715 -0.537849
12  1.719574 -0.000027 0.000017  0.011708 -0.105542 -1.237432
13  1.209179 0.000091 0.000012  -0.006673 -0.001106 -0.502906
14  3.859663 -0.138475 1.332410  0.013813 0.511197 -0.350141
15  1.719449 -0.000012 0.000022  -0.022509 0.019639 -0.287088
16  1.099676 0.000049 0.000007  -0.286525 0.346051 -1.053593
17  0.770794 -0.901442 1.177685  -1.865794 -0.596007 -0.315192
18  1.789819 -0.000003 -0.000018  0.005558 0.090197 0.395774
19  1.207015 -0.000012 -0.000044  0.141886 -0.163086 0.233767
20  5.740637 0.000410 -0.000701  -0.072474 0.000003 0.000070
21  11.481125 0.000350 -0.000709  0.005254 -0.168241 0.003921
22  6.027524 -0.000329 0.000203  1.480801 -0.362269 1.577482
23  0.000002 11.692098 -0.000007  -0.804364 -0.286967 -0.654757
24  0.000002 0.000009 -0.000001  -0.515490 -0.000031 1.570739
25  -0.000000 -0.000011 -0.000001  0.868957 0.000002 1.570712
26  -6.617934 -9.178503 0.826812  1.473120 1.855075 -0.198639
27  6.027512 -0.000261 -0.000226  1.636541 0.880968 -0.652731
28  11.691991 0.000242 0.000856  0.141447 0.000056 -1.630344
29  11.479322 -0.000880 0.000959  -1.240701 0.280645 0.771981
30  3.859436 -0.132787 1.193062  0.466149 -0.051826 -1.783918
31  1.312558 0.000025 -0.000001  -0.013965 -0.041044 -0.156447
32  0.729345 0.000067 -0.000027  -0.128320 -0.117290 -0.954857
33  3.942046 0.050109 0.430997  0.211501 -0.107596 -1.469120
34  1.539096 0.000008 0.000000  0.040712 -0.054386 -1.030469
35  1.196300 0.000076 -0.000004  -0.249391 -0.043040 -0.795121
36  3.883411 -0.050502 -0.431087  0.186407 -0.271796 -1.212184
37  1.719563 -0.000078 -0.000003  0.020974 -0.107650 -1.483528
38  1.209197 0.000036 0.000011  -0.324719 0.069674 -0.493483
39  3.859585 -0.149112 -1.331323  -0.094938 -0.084955 -0.411363
40  1.719412 -0.000100 -0.000034  -0.011248 0.001677 -0.960922
41  1.099673 0.000025 0.000007  -0.004984 -0.008084 -0.787926
42  0.805979 -0.359854 -1.318338  0.991669 0.166767 -0.799535
43  1.789779 -0.000009 -0.000042  0.000057 -0.002451 0.133097
44  1.206996 -0.000006 0.000005  0.000372 -0.000070 1.058782
45  5.740572 0.000056 0.000723  0.139751 -0.000014 0.000021
46  11.480809 -0.000139 0.000940  0.049308 0.054792 0.131453
47  6.027514 -0.000273 -0.000238  -0.984878 -0.387763 -1.705764
48  -0.000002 11.691973 -0.000006  -1.106167 0.549651 0.856831
49  0.000004 -0.000000 0.000000  2.413975 -0.000041 1.570856
50  -0.000007 -0.000015 0.000005  2.272644 -0.000030 1.570865
51  -4.056528 -5.670615 -5.833182  -0.142093 -2.971840 1.491267
52  0.000000 -0.000000 0.000000  0.008153 -0.000259 0.000009
53  0.000000 -0.000000 0.000000  1.565115 0.043565 -0.106862
54  -0.954182 -19.559778 -3.926317  -0.906104 0.123663 -1.790660
55  0.000001 -0.000000 -0.000001  0.000000 -0.000000 -0.000002
56  0.000030 0.000029 0.000001  -1.571901 -0.044449 -0.106509
57  7.202790 -19.259499 -17.055128  1.570796 -0.000000 0.000000
58  -15.417985 4.000748 -22.641926  1.570796 -0.000000 0.000000
59  2.236387 -2.421983 -5.367696  1.570796 -0.000000 0.000000
60  -0.004311 0.001230 -0.000371  0.006898 -0.005534 -0.284229
61  0.826810 10.209643 -4.879054  1.570796 -0.000000 0.000000
62  0.000000 0.000000 0.000000  -0.078727 -3.136056 0.284226
63  0.000000 0.000000 0.000000  1.570796 -0.000000 0.000000
64  -2.511133 -12.650944 -1.614799  1.552348 0.065455 0.014883
65  -0.109379 -1.951951 -1.519205  0.000000 0.000000 -0.000000
66  -0.109379 0.057027 25.399252  0.000000 0.000000 -0.000000
67  -0.109379 -1.856731 0.287230  0.000000 0.000000 -0.000000
68  -0.104048 -4.495923 7.879278  0.000000 0.000000 -0.000000
69  -0.195264 4.332631 -6.347185  0.000000 0.000000 -0.000000
70  -1.290112 3.693284 8.579671  0.022713 -0.014049 -0.017451
71  -0.121471 -1.314581 7.402089  0.000000 0.000000 -0.000000
72  -1.107529 -1.063453 4.061646  0.000000 0.000000 -0.000000
73  0.003659 1.612363 10.733981  -0.000000 0.000000 -0.003755
74  -2.629643 -17.875446 -2.813279  1.552348 0.065455 0.014883
time 100
0  0.000006 0.000000 0.000000  -1.570800 -1.391899 -1.570792
1  -4.849906 3.337897 2.232070  -1.544956 -1.855077 -0.198630
2  6.027524 -0.000325 0.000192  -0.468544 -1.198193 -1.814013
3  11.692110 0.000643 -0.000739  -1.384570 -0.000003 -1.130566
4  11.480601 0.000700 -0.000253  1.508743 -0.946923 0.108912
5  3.859510 -0.142880 -1.192049  -0.507739 -0.034586 -1.573166
6  1.312588 0.000013 0.000006  -0.099219 -0.080836 -0.578266
7  0.729355 0.000054 0.000049  -0.083327 -0.106005 -0.262589
8  3.942143 0.046273 -0.431512  -0.423826 0.326055 -0.977403
9  1.539111 0.000083 0.000006  0.011526 -0.070624 -1.101829
10  1.196333 0.000143 0.000030  0.007038 -0.000117 -0.629733
11  3.883505 -0.047269 0.431382  -0.232037 0.533715 -0.537849
12  1.719575 -0.000026 0.000016  0.011709 -0.105542 -1.237432
13  1.209180 0.000092 0.000014  -0.006673 -0.001106 -0.502906
14  3.859663 -0.138476 1.332410  0.013813 0.511197 -0.350141
15  1.719446 -0.000013 0.000020  -0.022509 0.019639 -0.287088
16  1.099677 0.000048 0.000007  -0.286525 0.346051 -1.053593
17  0.770797 -0.901442 1.177686  -1.865794 -0.596007 -0.315192
18  1.789819 -0.000003 -0.000019  0.005558 0.090197 0.395774
19  1.207019 -0.000012 -0.000044  0.141886 -0.163086 0.233767
20  5.740638 0.000411 -0.000703  -0.072384 0.000003 0.000071
21  11.481125 0.000350 -0.000708  0.005333 -0.168249 0.003965
22  6.027524 -0.000329 0.000203  1.480679 -0.362120 1.577388
23  0.000002 11.692099 -0.000008  -0.804264 -0.286893 -0.654683
24  0.000003 0.000008 -0.000001  -0.515490 -0.000030 1.570739
25  -0.000000 -0.000011 -0.000002  0.868957 0.000002 1.570712
26  -6.617934 -9.178503 0.826812  1.473120 1.855075 -0.198639
27  6.027512 -0.000261 -0.000226  1.636545 0.881034 -0.652725
28  11.691992 0.000243 0.000856  0.141447 0.000056 -1.630295
29  11.479321 -0.000879 0.000958  -1.240320 0.280752 0.771980
30  3.859436 -0.132788 1.193062  0.466149 -0.051826 -1.783918
31  1.312558 0.000026 0.000001  -0.013965 -0.041044 -0.156447
32  0.729345 0.000067 -0.000028  -0.128320 -0.117290 -0.954857
33  3.942047 0.050109 0.430997  0.211501 -0.107596 -1.469120
34  1.539096 0.000010 0.000000  0.040712 -0.054386 -1.030469
35  1.196300 0.000076 -0.000004  -0.249391 -0.043040 -0.795121
36  3.883411 -0.050502 -0.431087  0.186407 -0.271796 -1.212184
37  1.719564 -0.000079 -0.000003  0.020974 -0.107650 -1.483528
38  1.209197 0.000037 0.000011  -0.324719 0.069674 -0.493484
39  3.859585 -0.149112 -1.331323  -0.094938 -0.084955 -0.411363
40  1.719413 -0.000100 -0.000034  -0.011248 0.001677 -0.960922
41  1.099674 0.000024 0.000007  -0.004984 -0.008084 -0.787926
42  0.805979 -0.359854 -1.318338  0.991670 0.166767 -0.799535
43  1.789779 -0.000010 -0.000041  0.000057 -0.002451 0.133097
44  1.206996 -0.000006 0.000005  0.000372 -0.000070 1.058782
45  5.740572 0.000055 0.000723  0.139839 -0.000014 0.000021
46  11.480808 -0.000140 0.000941  0.049371 0.054838 0.131434
47  6.027514 -0.000273 -0.000238  -0.984938 -0.387729 -1.705738
48  -0.000001 11.691974 -0.000006  -1.106138 0.549623 0.856815
49  0.000004 -0.000001 -0.000001  2.413975 -0.000041 1.570856
50  -0.000007 -0.000016 0.000005  2.272644 -0.000030 1.570865
51  -4.056129 -5.670977 -5.832622  -0.141695 -2.971778 1.491181
52  -0.000000 -0.000000 0.000000  0.008153 -0.000259 0.000009
53  0.000000 0.000000 -0.000000  1.565115 0.043565 -0.106862
54  -0.954792 -19.560020 -3.923267  -0.905704 0.123656 -1.790630
55  0.000001 -0.000000 -0.000000  0.000000 -0.000000 -0.000002
56  0.000030 0.000029 0.000001  -1.571902 -0.044449 -0.106509
57  7.202790 -19.259499 -17.055128  1.570796 -0.000000 0.000000
58  -15.417985 4.000748 -22.641926  1.570796 -0.000000 0.000000
59  2.236387 -2.421983 -5.367696  1.570796 -0.000000 0.000000
60  -0.004311 0.001230 -0.000371  0.006898 -0.005534 -0.284229
61  0.826810 10.209643 -4.879054  1.570796 -0.000000 0.000000
62  0.000000 0.000000 0.000000  -0.078727 -3.136056 0.284226
63  0.000000 0.000000 0.000000  1.570796 -0.000000 0.000000
64  -2.512500 -12.650944 -1.612993  1.552249 0.065070 0.014857
65  -0.109378 -1.951951 -1.519207  -0.000000 -0.000000 0.000000
66  -0.109379 0.057027 25.399246  -0.000000 -0.000000 0.000000
67  -0.109378 -1.856732 0.287228  -0.000000 -0.000000 0.000000
68  -0.104047 -4.495923 7.879274  -0.000000 -0.000000 0.000000
69  -0.195264 4.332629 -6.347187  -0.000000 -0.000000 0.000000
70  -1.290112 3.693282 8.579666  0.022713 -0.014049 -0.017451
71  -0.121470 -1.314581 7.402085  -0.000000 -0.000000 0.000000
72  -1.107529 -1.063453 4.061645  -0.000000 -0.000000 0.000000
73  0.003659 1.612363 10.733980  0.000000 -0.000000 -0.003152
74  -2.630649 -17.875555 -2.811033  1.552249 0.065070 0.014857
time 101
0  0.000006 0.000000 0.000000  -1.570800 -1.391899 -1.570792
1  -4.849906 3.337897 2.232070  -1.544956 -1.855077 -0.198630
2  6.027524 -0.000325 0.000192  -0.468118 -1.198316 -1.814557
3  11.692110 0.000645 -0.000738  -1.384570 -0.000003 -1.130399
4  11.480603 0.000700 -0.000251  1.509226 -0.946989 0.108938
5  3.859511 -0.142880 -1.192049  -0.507739 -0.034586 -1.573166
6  1.312590 0.000013 0.000007  -0.099219 -0.080836 -0.578266
7  0.729355 0.000053 0.000051  -0.083327 -0.106005 -0.262589
8  3.942145 0.046273 -0.431512  -0.423826 0.326055 -0.977403
9  1.539111 0.000086 0.000005  0.011527 -0.070624 -1.101829
10  1.196332 0.000145 0.000029  0.007038 -0.000117 -0.629733
11  3.883507 -0.047269 0.431381  -0.232037 0.533715 -0.537849
12  1.719574 -0.000026 0.000014  0.011709 -0.105542 -1.237432
13  1.209180 0.000090 0.000013  -0.006673 -0.001106 -0.502906
14  3.859663 -0.138476 1.332410  0.013813 0.511197 -0.350141
15  1.719446 -0.000013 0.000020  -0.022509 0.019639 -0.287088
16  1.099676 0.000049 0.000004  -0.286525 0.346051 -1.053593
17  0.770794 -0.901443 1.177686  -1.865794 -0.596008 -0.315192
18  1.789819 -0.000003 -0.000017  0.005558 0.090197 0.395774
19  1.207018 -0.000012 -0.000042  0.141886 -0.163086 0.233767
20  5.740637 0.000411 -0.000704  -0.072288 0.000003 0.000071
21  11.481126 0.000350 -0.000706  0.005418 -0.168257 0.004012
22  6.027524 -0.000329 0.000203  1.480551 -0.361963 1.577286
23  0.000003 11.692099 -0.000008  -0.804159 -0.286816 -0.654605
24  0.000003 0.000008 -0.000001  -0.515490 -0.000031 1.570739
25  0.000000 -0.000011 -0.000001  0.868957 0.000002 1.570712
26  -6.617934 -9.178503 0.826812  1.473120 1.855075 -0.198639
27  6.027512 -0.000261 -0.000226  1.636547 0.881103 -0.652720
28  11.691991 0.000244 0.000856  0.141447 0.000056 -1.630242
29  11.479322 -0.000879 0.000957  -1.239915 0.280866 0.771976
30  3.859436 -0.132788 1.193062  0.466149 -0.051826 -1.783918
31  1.312558 0.000024 0.000000  -0.013965 -0.041044 -0.156447
32  0.729345 0.000067 -0.000027  -0.128320 -0.117290 -0.954857
33  3.942045 0.050109 0.430997  0.211501 -0.107596 -1.469120
34  1.539097 0.000009 0.000000  0.040712 -0.054386 -1.030469
35  1.196300 0.000076 -0.000004  -0.249391 -0.043040 -0.795120
36  3.883412 -0.050502 -0.431086  0.186407 -0.271796 -1.212184
37  1.719563 -0.000080 -0.000004  0.020974 -0.107650 -1.483528
38  1.209198 0.000036 0.000011  -0.324719 0.069674 -0.493483
39  3.859585 -0.149112 -1.331323  -0.094938 -0.084955 -0.411363
40  1.719412 -0.000100 -0.000035  -0.011248 0.001677 -0.960922
41  1.099673 0.000025 0.000007  -0.004984 -0.008084 -0.787926
42  0.805978 -0.359854 -1.318338  0.991670 0.166767 -0.799535
43  1.789779 -0.000010 -0.000042  0.000057 -0.002451 0.133097
44  1.206996 -0.000006 0.000005  0.000372 -0.000070 1.058782
45  5.740571 0.000055 0.000724  0.139931 -0.000014 0.000021
46  11.480808 -0.000140 0.000940  0.049439 0.054886 0.131413
47  6.027514 -0.000273 -0.000238  -0.985003 -0.387693 -1.705710
48  -0.000001 11.691974 -0.000006  -1.106107 0.549592 0.856797
49  0.000003 0.000000 -0.000000  2.413975 -0.000041 1.570856
50  -0.000007 -0.000016 0.000005  2.272644 -0.000030 1.570865
51  -4.055692 -5.671371 -5.832041  -0.141271 -2.971710 1.491089
52  -0.000000 -0.000000 -0.000001  0.008153 -0.000259 0.000009
53  -0.000001 -0.000000 0.000000  1.565115 0.043565 -0.106862
54  -0.955414 -19.560282 -3.920010  -0.905277 0.123647 -1.790597
55  -0.000000 -0.000000 -0.000000  0.000000 -0.000000 -0.000002
56  0.000031 0.000028 0.000001  -1.571901 -0.044449 -0.106509
57  7.202790 -19.259499 -17.055128  1.570796 -0.000000 0.000000
58  -15.417985 4.000748 -22.641926  1.570796 -0.000000 0.000000
59  2.236387 -2.421983 -5.367696  1.570796 -0.000000 0.000000
60  -0.004311 0.001230 -0.000371  0.006898 -0.005534 -0.284229
61  0.826810 10.209643 -4.879054  1.570796 -0.000000 0.000000
62  0.000000 0.000000 0.000000  -0.078727 -3.136056 0.284226
63  0.000000 0.000000 0.000000  1.570796 -0.000000 0.000000
64  -2.513937 -12.650944 -1.611074  1.552142 0.064660 0.014831
65  -0.109379 -1.951952 -1.519205  0.000000 0.000000 -0.000000
66  -0.109379 0.057027 25.399254  0.000000 0.000000 -0.000000
67  -0.109379 -1.856732 0.287230  0.000000 0.000000 -0.000000
68  -0.104048 -4.495924 7.879278  0.000000 0.000000 -0.000000
69  -0.195263 4.332631 -6.347188  0.000000 0.000000 -0.000000
70  -1.290112 3.693284 8.579666  0.022713 -0.014049 -0.017451
71  -0.121470 -1.314581 7.402089  0.000000 0.000000 -0.000000
72  -1.107529 -1.063453 4.061649  0.000000 0.000000 -0.000000
73  0.003659 1.612363 10.733984  0.000000 0.000000 -0.002662
74  -2.631695 -17.875671 -2.808635  1.552142 0.064660 0.014831
time 102
0  0.000006 0.000000 0.000000  -1.570800 -1.391899 -1.570792
1  -4.849906 3.337897 2.232070  -1.544956 -1.855077 -0.198630
2  6.027524 -0.000325 0.000192  -0.467674 -1.198445 -1.815127
3  11.692110 0.000644 -0.000739  -1.384570 -0.000003 -1.130224
4  11.480604 0.000699 -0.000254  1.509741 -0.947058 0.108964
5  3.859509 -0.142881 -1.192050  -0.507739 -0.034586 -1.573166
6  1.312589 0.000012 0.000008  -0.099219 -0.080836 -0.578266
7  0.729355 0.000053 0.000049  -0.083327 -0.106005 -0.262589
8  3.942144 0.046272 -0.431512  -0.423826 0.326055 -0.977403
9  1.539112 0.000085 0.000005  0.011526 -0.070624 -1.101829
10  1.196332 0.000144 0.000029  0.007038 -0.000117 -0.629733
11  3.883504 -0.047269 0.431381  -0.232037 0.533715 -0.537849
12  1.719573 -0.000026 0.000013  0.011709 -0.105542 -1.237432
13  1.209179 0.000092 0.000011  -0.006673 -0.001106 -0.502906
14  3.859663 -0.138476 1.332409  0.013813 0.511197 -0.350141
15  1.719447 -0.000012 0.000024  -0.022509 0.019639 -0.287088
16  1.099675 0.000049 0.000005  -0.286525 0.346051 -1.053593
17  0.770794 -0.901443 1.177685  -1.865794 -0.596008 -0.315192
18  1.789819 -0.000003 -0.000018  0.005558 0.090197 0.395774
19  1.207015 -0.000012 -0.000045  0.141886 -0.163086 0.233767
20  5.740636 0.000410 -0.000705  -0.072186 0.000003 0.000071
21  11.481126 0.000350 -0.000710  0.005510 -0.168265 0.004063
22  6.027524 -0.000329 0.000203  1.480418 -0.361797 1.577176
23  0.000002 11.692099 -0.000007  -0.804048 -0.286735 -0.654524
24  0.000004 0.000009 -0.000002  -0.515490 -0.000031 1.570739
25  -0.000000 -0.000011 -0.000000  0.868957 0.000002 1.570712
26  -6.617934 -9.178503 0.826812  1.473120 1.855075 -0.198639
27  6.027512 -0.000261 -0.000226  1.636546 0.881177 -0.652716
28  11.691990 0.000244 0.000856  0.141447 0.000056 -1.630185
29  11.479324 -0.000879 0.000958  -1.239486 0.280990 0.771968
30  3.859436 -0.132787 1.193061  0.466149 -0.051826 -1.783918
31  1.312558 0.000026 -0.000000  -0.013965 -0.041044 -0.156447
32  0.729345 0.000065 -0.000027  -0.128320 -0.117290 -0.954857
33  3.942045 0.050109 0.430997  0.211501 -0.107596 -1.469120
34  1.539097 0.000009 0.000000  0.040712 -0.054386 -1.030469
35  1.196299 0.000076 -0.000004  -0.249391 -0.043040 -0.795120
36  3.883411 -0.050501 -0.431087  0.186407 -0.271796 -1.212184
37  1.719563 -0.000080 -0.000004  0.020974 -0.107650 -1.483528
38  1.209197 0.000035 0.000011  -0.324719 0.069674 -0.493484
39  3.859584 -0.149111 -1.331323  -0.094938 -0.084955 -0.411363
40  1.719411 -0.000100 -0.000035  -0.011248 0.001677 -0.960922
41  1.099673 0.000024 0.000007  -0.004984 -0.008084 -0.787926
42  0.805978 -0.359853 -1.318338  0.991669 0.166767 -0.799535
43  1.789779 -0.000009 -0.000042  0.000057 -0.002451 0.133097
44  1.206996 -0.000007 0.000005  0.000372 -0.000071 1.058782
45  5.740572 0.000055 0.000723  0.140028 -0.000014 0.000021
46  11.480809 -0.000140 0.000941  0.049511 0.054937 0.131391
47  6.027514 -0.000273 -0.000238  -0.985072 -0.387658 -1.705679
48  -0.000000 11.691973 -0.000006  -1.106074 0.549559 0.856777
49  0.000003 -0.000003 -0.000000  2.413975 -0.000041 1.570856
50  -0.000006 -0.000015 0.000005  2.272644 -0.000030 1.570865
51  -4.055207 -5.671800 -5.831457  -0.140821 -2.971637 1.490993
52  0.000001 0.000000 0.000000  0.008153 -0.000259 0.000009
53  -0.000000 0.000000 0.000000  1.565115 0.043565 -0.106862
54  -0.956037 -19.560564 -3.916569  -0.904824 0.123637 -1.790561
55  -0.000000 0.000000 -0.000000  0.000000 -0.000000 -0.000002
56  0.000029 0.000029 0.000001  -1.571901 -0.044449 -0.106509
57  7.202790 -19.259499 -17.055128  1.570796 -0.000000 0.000000
58  -15.417985 4.000748 -22.641926  1.570796 -0.000000 0.000000
59  2.236387 -2.421983 -5.367696  1.570796 -0.000000 0.000000
60  -0.004311 0.001230 -0.000371  0.006898 -0.005534 -0.284229
61  0.826810 10.209643 -4.879054  1.570796 -0.000000 0.000000
62  0.000000 0.000000 0.000000  -0.078727 -3.136056 0.284226
63  0.000000 0.000000 0.000000  1.570796 -0.000000 0.000000
64  -2.515429 -12.650944 -1.609061  1.552027 0.064226 0.014803
65  -0.109379 -1.951952 -1.519204  -0.000000 0.000000 -0.000000
66  -0.109379 0.057027 25.399256  -0.000000 0.000000 -0.000000
67  -0.109379 -1.856732 0.287230  -0.000000 0.000000 -0.000000
68  -0.104047 -4.495923 7.879276  -0.000000 0.000000 -0.000000
69  -0.195264 4.332630 -6.347186  -0.000000 0.000000 -0.000000
70  -1.290112 3.693283 8.579670  0.022713 -0.014049 -0.017451
71  -0.121470 -1.314582 7.402090  -0.000000 0.000000 -0.000000
72  -1.107529 -1.063453 4.061650  -0.000000 0.000000 -0.000000
73  0.003659 1.612363 10.733983  -0.000000 0.000000 -0.002255
74  -2.632769 -17.875801 -2.806108  1.552027 0.064226 0.014803
time 103
0  0.000006 0.000000 0.000000  -1.570800 -1.391899 -1.570792
1  -4.849906 3.337897 2.232070  -1.544956 -1.855077 -0.198630
2  6.027524 -0.000325 0.000192  -0.467217 -1.198581 -1.815718
3  11.692111 0.000644 -0.000740  -1.384570 -0.000003 -1.130045
4  11.480607 0.000699 -0.000252  1.510286 -0.947130 0.108990
5  3.859510 -0.142880 -1.192050  -0.507739 -0.034586 -1.573166
6  1.312589 0.000013 0.000009  -0.099219 -0.080836 -0.578266
7  0.729356 0.000053 0.000048  -0.083327 -0.106005 -0.262589
8  3.942141 0.046273 -0.431513  -0.423826 0.326055 -0.977403
9  1.539112 0.000085 0.000005  0.011527 -0.070624 -1.101829
10  1.196331 0.000145 0.000029  0.007038 -0.000117 -0.629733
11  3.883504 -0.047269 0.431381  -0.232037 0.533715 -0.537849
12  1.719572 -0.000027 0.000015  0.011709 -0.105542 -1.237432
13  1.209179 0.000092 0.000012  -0.006673 -0.001106 -0.502906
14  3.859662 -0.138476 1.332409  0.013813 0.511197 -0.350141
15  1.719447 -0.000012 0.000020  -0.022509 0.019639 -0.287088
16  1.099676 0.000048 0.000004  -0.286525 0.346051 -1.053593
17  0.770795 -0.901442 1.177686  -1.865794 -0.596007 -0.315192
18  1.789818 -0.000003 -0.000017  0.005558 0.090197 0.395774
19  1.207013 -0.000011 -0.000042  0.141886 -0.163086 0.233767
20  5.740636 0.000410 -0.000704  -0.072079 0.000003 0.000071
21  11.481126 0.000350 -0.000710  0.005605 -0.168273 0.004115
22  6.027524 -0.000329 0.000203  1.480282 -0.361625 1.577059
23  0.000001 11.692097 -0.000007  -0.803935 -0.286651 -0.654440
24  0.000002 0.000010 -0.000001  -0.515490 -0.000031 1.570739
25  -0.000001 -0.000012 -0.000001  0.868957 0.000002 1.570712
26  -6.617934 -9.178503 0.826812  1.473120 1.855075 -0.198639
27  6.027512 -0.000261 -0.000226  1.636540 0.881253 -0.652714
28  11.691991 0.000243 0.000856  0.141447 0.000056 -1.630124
29  11.479322 -0.000880 0.000958  -1.239034 0.281122 0.771956
30  3.859437 -0.132788 1.193062  0.466149 -0.051826 -1.783918
31  1.312558 0.000027 -0.000001  -0.013965 -0.041044 -0.156447
32  0.729345 0.000067 -0.000027  -0.128320 -0.117290 -0.954857
33  3.942046 0.050109 0.430997  0.211501 -0.107596 -1.469120
34  1.539096 0.000010 0.000000  0.040712 -0.054386 -1.030469
35  1.196300 0.000076 -0.000004  -0.249391 -0.043040 -0.795120
36  3.883412 -0.050502 -0.431087  0.186407 -0.271796 -1.212184
37  1.719563 -0.000079 -0.000004  0.020974 -0.107650 -1.483528
38  1.209197 0.000035 0.000011  -0.324719 0.069674 -0.493484
39  3.859586 -0.149111 -1.331323  -0.094938 -0.084955 -0.411363
40  1.719412 -0.000100 -0.000035  -0.011248 0.001677 -0.960922
41  1.099674 0.000025 0.000007  -0.004984 -0.008084 -0.787926
42  0.805979 -0.359854 -1.318338  0.991670 0.166767 -0.799535
43  1.789779 -0.000010 -0.000042  0.000057 -0.002451 0.133097
44  1.206997 -0.000005 0.000005  0.000372 -0.000070 1.058781
45  5.740573 0.000055 0.000724  0.140130 -0.000014 0.000021
46  11.480809 -0.000141 0.000941  0.049586 0.054992 0.131366
47  6.027514 -0.000273 -0.000238  -0.985146 -0.387623 -1.705645
48  -0.000002 11.691975 -0.000006  -1.106038 0.549524 0.856757
49  0.000002 -0.000001 -0.000001  2.413975 -0.000041 1.570856
50  -0.000007 -0.000015 0.000005  2.272644 -0.000030 1.570865
51  -4.054666 -5.672256 -5.830883  -0.140348 -2.971559 1.490894
52  -0.000000 0.000000 -0.000000  0.008153 -0.000259 0.000009
53  -0.000000 0.000000 0.000000  1.565115 0.043565 -0.106862
54  -0.956651 -19.560858 -3.912971  -0.904348 0.123624 -1.790522
55  0.000001 0.000000 -0.000000  0.000000 -0.000000 -0.000002
56  0.000030 0.000029 0.000001  -1.571902 -0.044449 -0.106509
57  7.202790 -19.259499 -17.055128  1.570796 -0.000000 0.000000
58  -15.417985 4.000748 -22.641926  1.570796 -0.000000 0.000000
59  2.236387 -2.421983 -5.367696  1.570796 -0.000000 0.000000
60  -0.004311 0.001230 -0.000371  0.006898 -0.005534 -0.284229
61  0.826810 10.209643 -4.879054  1.570796 -0.000000 0.000000
62  0.000000 0.000000 0.000000  -0.078727 -3.136056 0.284226
63  0.000000 0.000000 0.000000  1.570796 -0.000000 0.000000
64  -2.516964 -12.650944 -1.606976  1.551904 0.063769 0.014776
65  -0.109378 -1.951951 -1.519206  0.000000 -0.000000 -0.000000
66  -0.109379 0.057027 25.399252  0.000000 -0.000000 -0.000000
67  -0.109379 -1.856732 0.287228  0.000000 -0.000000 -0.000000
68  -0.104047 -4.495923 7.879272  0.000000 -0.000000 -0.000000
69  -0.195264 4.332631 -6.347186  0.000000 -0.000000 -0.000000
70  -1.290112 3.693284 8.579667  0.022713 -0.014049 -0.017451
71  -0.121470 -1.314581 7.402087  0.000000 -0.000000 -0.000000
72  -1.107528 -1.063453 4.061646  0.000000 -0.000000 -0.000000
73  0.003659 1.612363 10.733981  0.000000 0.000000 -0.001911
74  -2.633859 -17.875937 -2.803473  1.551904 0.063769 0.014776
time 104
0  0.000006 0.000000 0.000000  -1.570800 -1.391899 -1.570792
1  -4.849906 3.337897 2.232070  -1.544956 -1.855077 -0.198630
2  6.027524 -0.000325 0.000192  -0.466750 -1.198720 -1.816326
3  11.692112 0.000644 -0.000740  -1.384570 -0.000003 -1.129859
4  11.480606 0.000700 -0.000252  1.510859 -0.947204 0.109014
5  3.859507 -0.142880 -1.192049  -0.507739 -0.034586 -1.573166
6  1.312590 0.000011 0.000008  -0.099219 -0.080836 -0.578266
7  0.729356 0.000053 0.000049  -0.083327 -0.106005 -0.262589
8  3.942142 0.046272 -0.431511  -0.423826 0.326055 -0.977403
9  1.539112 0.000084 0.000005  0.011526 -0.070624 -1.101829
10  1.196332 0.000144 0.000030  0.007038 -0.000117 -0.629733
11  3.883503 -0.047269 0.431382  -0.232037 0.533715 -0.537849
12  1.719575 -0.000026 0.000015  0.011709 -0.105542 -1.237432
13  1.209179 0.000093 0.000011  -0.006673 -0.001106 -0.502906
14  3.859662 -0.138476 1.332410  0.013813 0.511197 -0.350141
15  1.719449 -0.000013 0.000021  -0.022509 0.019639 -0.287088
16  1.099675 0.000048 0.000007  -0.286525 0.346051 -1.053593
17  0.770793 -0.901442 1.177686  -1.865794 -0.596008 -0.315192
18  1.789819 -0.000003 -0.000018  0.005558 0.090197 0.395774
19  1.207016 -0.000011 -0.000042  0.141886 -0.163086 0.233768
20  5.740637 0.000410 -0.000702  -0.071965 0.000003 0.000071
21  11.481127 0.000351 -0.000706  0.005706 -0.168282 0.004170
22  6.027524 -0.000329 0.000203  1.480143 -0.361447 1.576936
23  0.000003 11.692099 -0.000007  -0.803818 -0.286565 -0.654353
24  0.000003 0.000007 -0.000001  -0.515490 -0.000031 1.570739
25  -0.000000 -0.000012 -0.000001  0.868957 0.000002 1.570712
26  -6.617934 -9.178503 0.826812  1.473120 1.855075 -0.198639
27  6.027512 -0.000261 -0.000226  1.636528 0.881333 -0.652716
28  11.691991 0.000244 0.000855  0.141447 0.000056 -1.630060
29  11.479324 -0.000880 0.000958  -1.238560 0.281265 0.771940
30  3.859437 -0.132787 1.193061  0.466149 -0.051826 -1.783918
31  1.312558 0.000025 0.000000  -0.013965 -0.041044 -0.156447
32  0.729345 0.000067 -0.000028  -0.128320 -0.117290 -0.954857
33  3.942047 0.050109 0.430996  0.211501 -0.107596 -1.469120
34  1.539097 0.000011 0.000000  0.040712 -0.054386 -1.030469
35  1.196300 0.000075 -0.000004  -0.249391 -0.043040 -0.795120
36  3.883412 -0.050502 -0.431087  0.186407 -0.271796 -1.212184
37  1.719564 -0.000079 -0.000003  0.020974 -0.107650 -1.483528
38  1.209198 0.000036 0.000011  -0.324719 0.069674 -0.493483
39  3.859586 -0.149112 -1.331324  -0.094938 -0.084955 -0.411363
40  1.719411 -0.000100 -0.000035  -0.011248 0.001677 -0.960922
41  1.099673 0.000024 0.000008  -0.004984 -0.008084 -0.787926
42  0.805979 -0.359854 -1.318339  0.991670 0.166767 -0.799535
43  1.789779 -0.000010 -0.000042  0.000057 -0.002451 0.133097
44  1.206997 -0.000006 0.000005  0.000372 -0.000070 1.058782
45  5.740573 0.000055 0.000723  0.140236 -0.000014 0.000021
46  11.480809 -0.000141 0.000940  0.049664 0.055049 0.131340
47  6.027514 -0.000273 -0.000238  -0.985224 -0.387590 -1.705607
48  -0.000001 11.691975 -0.000005  -1.106001 0.549487 0.856735
49  0.000003 0.000001 -0.000001  2.413975 -0.000041 1.570856
50  -0.000006 -0.000015 0.000006  2.272644 -0.000030 1.570865
51  -4.054059 -5.672742 -5.830337  -0.139852 -2.971475 1.490790
52  0.000000 -0.000000 -0.000000  0.008153 -0.000259 0.000009
53  0.000000 -0.000000 -0.000000  1.565115 0.043565 -0.106862
54  -0.957243 -19.561174 -3.909239  -0.903848 0.123610 -1.790480
55  -0.000000 0.000001 -0.000000  0.000000 -0.000000 -0.000002
56  0.000031 0.000030 0.000001  -1.571901 -0.044449 -0.106509
57  7.202790 -19.259499 -17.055128  1.570796 -0.000000 0.000000
58  -15.417985 4.000748 -22.641926  1.570796 -0.000000 0.000000
59  2.236387 -2.421983 -5.367696  1.570796 -0.000000 0.000000
60  -0.004311 0.001230 -0.000371  0.006898 -0.005534 -0.284229
61  0.826810 10.209643 -4.879054  1.570796 -0.000000 0.000000
62  0.000000 0.000000 0.000000  -0.078727 -3.136056 0.284226
63  0.000000 0.000000 0.000000  1.570796 -0.000000 0.000000
64  -2.518528 -12.650944 -1.604839  1.551775 0.063290 0.014748
65  -0.109379 -1.951951 -1.519205  -0.000000 -0.000000 -0.000000
66  -0.109379 0.057027 25.399254  -0.000000 -0.000000 -0.000000
67  -0.109379 -1.856732 0.287228  -0.000000 -0.000000 -0.000000
68  -0.104047 -4.495923 7.879274  -0.000000 -0.000000 -0.000000
69  -0.195264 4.332631 -6.347188  -0.000000 -0.000000 -0.000000
70  -1.290112 3.693283 8.579667  0.022713 -0.014049 -0.017451
71  -0.121470 -1.314581 7.402085  -0.000000 -0.000000 -0.000000
72  -1.107528 -1.063453 4.061646  -0.000000 -0.000000 -0.000000
73  0.003659 1.612363 10.733980  -0.000000 0.000000 -0.001619
74  -2.634951 -17.876080 -2.800754  1.551775 0.063290 0.014748
time 105
0  0.000006 0.000000 0.000000  -1.570800 -1.391899 -1.570792
1  -4.849906 3.337897 2.232070  -1.544956 -1.855077 -0.198630
2  6.027524 -0.000325 0.000192  -0.466279 -1.198864 -1.816945
3  11.692110 0.000644 -0.000740  -1.384570 -0.000003 -1.129673
4  11.480610 0.000699 -0.000250  1.511460 -0.947281 0.109039
5  3.859508 -0.142879 -1.192049  -0.507739 -0.034586 -1.573166
6  1.312590 0.000013 0.000009  -0.099219 -0.080836 -0.578266
7  0.729354 0.000054 0.000048  -0.083327 -0.106005 -0.262589
8  3.942142 0.046273 -0.431512  -0.423826 0.326055 -0.977403
9  1.539111 0.000086 0.000005  0.011526 -0.070624 -1.101829
10  1.196332 0.000144 0.000029  0.007038 -0.000117 -0.629733
11  3.883503 -0.047269 0.431382  -0.232037 0.533715 -0.537849
12  1.719573 -0.000027 0.000016  0.011709 -0.105542 -1.237432
13  1.209180 0.000094 0.000014  -0.006673 -0.001106 -0.502906
14  3.859658 -0.138475 1.332410  0.013813 0.511197 -0.350141
15  1.719448 -0.000012 0.000020  -0.022509 0.019639 -0.287088
16  1.099676 0.000047 0.000006  -0.286525 0.346051 -1.053593
17  0.770792 -0.901442 1.177686  -1.865794 -0.596008 -0.315192
18  1.789817 -0.000002 -0.000017  0.005558 0.090197 0.395774
19  1.207017 -0.000012 -0.000043  0.141886 -0.163086 0.233767
20  5.740638 0.000410 -0.000702  -0.071846 0.000003 0.000071
21  11.481129 0.000350 -0.000705  0.005812 -0.168290 0.004228
22  6.027524 -0.000329 0.000203  1.480004 -0.361266 1.576805
23  0.000002 11.692098 -0.000008  -0.803700 -0.286478 -0.654266
24  0.000005 0.000009 -0.000000  -0.515490 -0.000031 1.570739
25  -0.000000 -0.000011 -0.000002  0.868957 0.000002 1.570712
26  -6.617934 -9.178503 0.826812  1.473120 1.855075 -0.198639
27  6.027512 -0.000261 -0.000226  1.636507 0.881414 -0.652722
28  11.691992 0.000244 0.000856  0.141447 0.000056 -1.629992
29  11.479323 -0.000878 0.000957  -1.238065 0.281418 0.771920
30  3.859436 -0.132788 1.193062  0.466149 -0.051826 -1.783918
31  1.312558 0.000025 -0.000000  -0.013965 -0.041043 -0.156447
32  0.729345 0.000066 -0.000026  -0.128320 -0.117290 -0.954857
33  3.942045 0.050109 0.430997  0.211501 -0.107596 -1.469120
34  1.539097 0.000010 0.000001  0.040712 -0.054386 -1.030469
35  1.196300 0.000075 -0.000005  -0.249391 -0.043040 -0.795121
36  3.883411 -0.050502 -0.431087  0.186407 -0.271796 -1.212184
37  1.719563 -0.000080 -0.000004  0.020974 -0.107650 -1.483528
38  1.209198 0.000035 0.000011  -0.324719 0.069674 -0.493483
39  3.859584 -0.149112 -1.331323  -0.094938 -0.084955 -0.411363
40  1.719412 -0.000099 -0.000035  -0.011248 0.001677 -0.960922
41  1.099674 0.000027 0.000007  -0.004984 -0.008084 -0.787926
42  0.805978 -0.359854 -1.318338  0.991670 0.166767 -0.799535
43  1.789779 -0.000009 -0.000041  0.000057 -0.002451 0.133097
44  1.206996 -0.000006 0.000005  0.000372 -0.000070 1.058781
45  5.740571 0.000056 0.000723  0.140345 -0.000014 0.000021
46  11.480808 -0.000140 0.000940  0.049746 0.055110 0.131311
47  6.027514 -0.000273 -0.000238  -0.985307 -0.387561 -1.705566
48  -0.000000 11.691975 -0.000006  -1.105961 0.549448 0.856712
49  0.000004 0.000001 0.000000  2.413975 -0.000041 1.570856
50  -0.000007 -0.000015 0.000005  2.272644 -0.000030 1.570865
51  -4.053379 -5.673253 -5.829835  -0.139335 -2.971387 1.490682
52  0.000000 -0.000000 0.000000  0.008153 -0.000259 0.000009
53  -0.000001 -0.000000 0.000000  1.565115 0.043565 -0.106862
54  -0.957804 -19.561501 -3.905401  -0.903327 0.123593 -1.790436
55  -0.000002 0.000000 -0.000000  0.000000 -0.000000 -0.000002
56  0.000029 0.000029 0.000001  -1.571901 -0.044449 -0.106509
57  7.202790 -19.259499 -17.055128  1.570796 -0.000000 0.000000
58  -15.417985 4.000748 -22.641926  1.570796 -0.000000 0.000000
59  2.236387 -2.421983 -5.367696  1.570796 -0.000000 0.000000
60  -0.004311 0.001230 -0.000371  0.006898 -0.005534 -0.284229
61  0.826810 10.209643 -4.879054  1.570796 -0.000000 0.000000
62  0.000000 0.000000 0.000000  -0.078727 -3.136056 0.284226
63  0.000000 0.000000 0.000000  1.570796 -0.000000 0.000000
64  -2.520105 -12.650944 -1.602671  1.551639 0.062791 0.014719
65  -0.109379 -1.951951 -1.519207  0.000000 0.000000 0.000000
66  -0.109379 0.057027 25.399254  0.000000 0.000000 0.000000
67  -0.109379 -1.856731 0.287229  0.000000 0.000000 0.000000
68  -0.104048 -4.495923 7.879274  0.000000 0.000000 0.000000
69  -0.195264 4.332631 -6.347185  0.000000 0.000000 0.000000
70  -1.290112 3.693284 8.579670  0.022713 -0.014049 -0.017451
71  -0.121470 -1.314581 7.402086  0.000000 0.000000 0.000000
72  -1.107528 -1.063453 4.061646  0.000000 0.000000 0.000000
73  0.003659 1.612363 10.733981  0.000000 -0.000000 -0.001367
74  -2.636033 -17.876232 -2.797974  1.551639 0.062791 0.014719
time 106
0  0.000006 0.000000 0.000000  -1.570800 -1.391899 -1.570792
1  -4.849906 3.337897 2.232070  -1.544956 -1.855077 -0.198630
2  6.027524 -0.000325 0.000192  -0.465807 -1.199009 -1.817569
3  11.692110 0.000643 -0.000739  -1.384570 -0.000003 -1.129485
4  11.480610 0.000700 -0.000249  1.512086 -0.947358 0.109063
5  3.859508 -0.142880 -1.192050  -0.507739 -0.034586 -1.573166
6  1.312590 0.000013 0.000009  -0.099219 -0.080836 -0.578266
7  0.729354 0.000053 0.000049  -0.083327 -0.106005 -0.262589
8  3.942143 0.046273 -0.431512  -0.423826 0.326055 -0.977403
9  1.539111 0.000082 0.000005  0.011526 -0.070624 -1.101829
10  1.196333 0.000142 0.000028  0.007038 -0.000117 -0.629733
11  3.883504 -0.047269 0.431381  -0.232037 0.533715 -0.537849
12  1.719575 -0.000027 0.000013  0.011709 -0.105542 -1.237432
13  1.209180 0.000093 0.000012  -0.006673 -0.001106 -0.502906
14  3.859662 -0.138475 1.332410  0.013813 0.511197 -0.350141
15  1.719446 -0.000013 0.000020  -0.022509 0.019639 -0.287088
16  1.099676 0.000048 0.000007  -0.286525 0.346051 -1.053593
17  0.770793 -0.901442 1.177685  -1.865794 -0.596008 -0.315192
18  1.789818 -0.000003 -0.000019  0.005558 0.090197 0.395774
19  1.207019 -0.000012 -0.000044  0.141886 -0.163086 0.233767
20  5.740637 0.000410 -0.000701  -0.071723 0.000003 0.000070
21  11.481127 0.000350 -0.000706  0.005922 -0.168299 0.004288
22  6.027524 -0.000329 0.000203  1.479866 -0.361082 1.576669
23  0.000002 11.692099 -0.000008  -0.803581 -0.286391 -0.654179
24  0.000004 0.000008 -0.000001  -0.515490 -0.000031 1.570739
25  -0.000000 -0.000011 -0.000002  0.868957 0.000002 1.570712
26  -6.617934 -9.178503 0.826812  1.473120 1.855075 -0.198639
27  6.027512 -0.000261 -0.000226  1.636478 0.881496 -0.652733
28  11.691991 0.000244 0.000856  0.141447 0.000056 -1.629921
29  11.479322 -0.000879 0.000958  -1.237550 0.281582 0.771894
30  3.859436 -0.132787 1.193063  0.466149 -0.051826 -1.783918
31  1.312559 0.000026 -0.000000  -0.013965 -0.041043 -0.156447
32  0.729344 0.000067 -0.000028  -0.128320 -0.117290 -0.954857
33  3.942045 0.050109 0.430997  0.211501 -0.107596 -1.469120
34  1.539097 0.000010 0.000000  0.040712 -0.054386 -1.030469
35  1.196299 0.000076 -0.000004  -0.249391 -0.043040 -0.795121
36  3.883412 -0.050502 -0.431086  0.186407 -0.271796 -1.212184
37  1.719563 -0.000080 -0.000003  0.020974 -0.107650 -1.483528
38  1.209198 0.000036 0.000011  -0.324719 0.069674 -0.493483
39  3.859585 -0.149112 -1.331323  -0.094938 -0.084955 -0.411363
40  1.719411 -0.000100 -0.000035  -0.011248 0.001677 -0.960922
41  1.099674 0.000025 0.000007  -0.004984 -0.008084 -0.787926
42  0.805980 -0.359854 -1.318338  0.991670 0.166767 -0.799535
43  1.789779 -0.000010 -0.000042  0.000057 -0.002451 0.133097
44  1.206996 -0.000006 0.000005  0.000372 -0.000070 1.058781
45  5.740572 0.000056 0.000724  0.140457 -0.000014 0.000021
46  11.480808 -0.000139 0.000942  0.049830 0.055174 0.131281
47  6.027514 -0.000273 -0.000238  -0.985395 -0.387537 -1.705521
48  0.000000 11.691974 -0.000004  -1.105919 0.549407 0.856688
49  0.000003 -0.000001 -0.000000  2.413975 -0.000041 1.570856
50  -0.000006 -0.000016 0.000006  2.272644 -0.000030 1.570865
51  -4.052617 -5.673791 -5.829391  -0.138797 -2.971295 1.490571
52  -0.000001 0.000000 0.000001  0.008153 -0.000259 0.000009
53  0.000000 -0.000000 0.000001  1.565115 0.043565 -0.106862
54  -0.958322 -19.561840 -3.901481  -0.902786 0.123576 -1.790389
55  -0.000000 -0.000000 -0.000000  0.000000 -0.000000 -0.000002
56  0.000029 0.000029 0.000001  -1.571901 -0.044449 -0.106509
57  7.202790 -19.259499 -17.055128  1.570796 -0.000000 0.000000
58  -15.417985 4.000748 -22.641926  1.570796 -0.000000 0.000000
59  2.236387 -2.421983 -5.367696  1.570796 -0.000000 0.000000
60  -0.004311 0.001230 -0.000371  0.006898 -0.005534 -0.284229
61  0.826810 10.209643 -4.879054  1.570796 -0.000000 0.000000
62  0.000000 0.000000 0.000000  -0.078727 -3.136056 0.284226
63  0.000000 0.000000 0.000000  1.570796 -0.000000 0.000000
64  -2.521682 -12.650944 -1.600493  1.551497 0.062272 0.014690
65  -0.109379 -1.951951 -1.519205  0.000000 0.000000 -0.000000
66  -0.109379 0.057027 25.399252  0.000000 0.000000 -0.000000
67  -0.109379 -1.856732 0.287229  0.000000 0.000000 -0.000000
68  -0.104048 -4.495924 7.879275  0.000000 0.000000 -0.000000
69  -0.195264 4.332631 -6.347189  0.000000 0.000000 -0.000000
70  -1.290112 3.693284 8.579667  0.022713 -0.014049 -0.017451
71  -0.121470 -1.314581 7.402086  0.000000 0.000000 -0.000000
72  -1.107528 -1.063453 4.061648  0.000000 0.000000 -0.000000
73  0.003659 1.612363 10.733983  -0.000000 -0.000000 -0.001150
74  -2.637093 -17.876390 -2.795153  1.551497 0.062272 0.014690
time 107
0  0.000006 0.000000 0.000000  -1.570800 -1.391899 -1.570792
1  -4.849906 3.337897 2.232070  -1.544956 -1.855077 -0.198630
2  6.027524 -0.000325 0.000192  -0.465340 -1.199156 -1.818194
3  11.692111 0.000644 -0.000738  -1.384570 -0.000003 -1.129298
4  11.480613 0.000700 -0.000247  1.512735 -0.947437 0.109086
5  3.859508 -0.142880 -1.192049  -0.507739 -0.034586 -1.573166
6  1.312590 0.000013 0.000007  -0.099219 -0.080836 -0.578266
7  0.729355 0.000055 0.000050  -0.083327 -0.106005 -0.262589
8  3.942142 0.046273 -0.431512  -0.423826 0.326055 -0.977403
9  1.539111 0.000086 0.000004  0.011526 -0.070624 -1.101829
10  1.196332 0.000146 0.000030  0.007038 -0.000117 -0.629733
11  3.883504 -0.047269 0.431381  -0.232037 0.533715 -0.537849
12  1.719575 -0.000026 0.000016  0.011709 -0.105542 -1.237432
13  1.209180 0.000091 0.000013  -0.006673 -0.001106 -0.502906
14  3.859663 -0.138475 1.332410  0.013813 0.511197 -0.350141
15  1.719448 -0.000013 0.000019  -0.022509 0.019639 -0.287088
16  1.099676 0.000048 0.000005  -0.286525 0.346051 -1.053593
17  0.770795 -0.901442 1.177686  -1.865794 -0.596007 -0.315192
18  1.789820 -0.000003 -0.000018  0.005558 0.090197 0.395774
19  1.207015 -0.000012 -0.000045  0.141886 -0.163086 0.233767
20  5.740637 0.000410 -0.000704  -0.071594 0.000003 0.000071
21  11.481129 0.000350 -0.000706  0.006036 -0.168308 0.004349
22  6.027524 -0.000329 0.000203  1.479729 -0.360897 1.576527
23  0.000002 11.692100 -0.000007  -0.803463 -0.286304 -0.654091
24  0.000004 0.000008 -0.000001  -0.515490 -0.000031 1.570739
25  -0.000001 -0.000011 -0.000001  0.868957 0.000002 1.570712
26  -6.617934 -9.178503 0.826812  1.473120 1.855075 -0.198639
27  6.027512 -0.000261 -0.000226  1.636437 0.881580 -0.652749
28  11.691991 0.000244 0.000856  0.141447 0.000056 -1.629847
29  11.479325 -0.000879 0.000956  -1.237017 0.281758 0.771864
30  3.859436 -0.132787 1.193063  0.466149 -0.051826 -1.783918
31  1.312558 0.000027 -0.000000  -0.013965 -0.041044 -0.156447
32  0.729345 0.000067 -0.000027  -0.128320 -0.117290 -0.954857
33  3.942045 0.050110 0.430998  0.211501 -0.107596 -1.469120
34  1.539097 0.000010 -0.000001  0.040712 -0.054386 -1.030469
35  1.196300 0.000076 -0.000004  -0.249391 -0.043040 -0.795121
36  3.883411 -0.050502 -0.431086  0.186407 -0.271796 -1.212184
37  1.719563 -0.000079 -0.000003  0.020974 -0.107650 -1.483528
38  1.209198 0.000035 0.000011  -0.324719 0.069674 -0.493483
39  3.859584 -0.149112 -1.331322  -0.094938 -0.084955 -0.411363
40  1.719411 -0.000100 -0.000034  -0.011248 0.001677 -0.960922
41  1.099674 0.000025 0.000007  -0.004984 -0.008084 -0.787926
42  0.805979 -0.359854 -1.318337  0.991670 0.166767 -0.799535
43  1.789779 -0.000009 -0.000042  0.000057 -0.002451 0.133097
44  1.206997 -0.000006 0.000005  0.000372 -0.000070 1.058781
45  5.740571 0.000054 0.000724  0.140572 -0.000014 0.000021
46  11.480808 -0.000141 0.000941  0.049918 0.055241 0.131248
47  6.027514 -0.000273 -0.000238  -0.985487 -0.387518 -1.705471
48  -0.000001 11.691975 -0.000006  -1.105876 0.549364 0.856663
49  0.000002 -0.000001 0.000000  2.413975 -0.000041 1.570856
50  -0.000006 -0.000015 0.000005  2.272644 -0.000030 1.570865
51  -4.051763 -5.674353 -5.829022  -0.138242 -2.971199 1.490457
52  0.000000 -0.000000 -0.000000  0.008153 -0.000259 0.000009
53  -0.000000 -0.000000 0.000001  1.565115 0.043565 -0.106862
54  -0.958784 -19.562195 -3.897503  -0.902226 0.123556 -1.790340
55  -0.000001 -0.000001 -0.000000  0.000000 -0.000000 -0.000002
56  0.000030 0.000028 0.000001  -1.571901 -0.044449 -0.106509
57  7.202790 -19.259499 -17.055128  1.570796 -0.000000 0.000000
58  -15.417985 4.000748 -22.641926  1.570796 -0.000000 0.000000
59  2.236387 -2.421983 -5.367696  1.570796 -0.000000 0.000000
60  -0.004311 0.001230 -0.000371  0.006898 -0.005534 -0.284229
61  0.826810 10.209643 -4.879054  1.570796 -0.000000 0.000000
62  0.000000 0.000000 0.000000  -0.078727 -3.136056 0.284226
63  0.000000 0.000000 0.000000  1.570796 -0.000000 0.000000
64  -2.523245 -12.650944 -1.598325  1.551348 0.061736 0.014661
65  -0.109378 -1.951952 -1.519205  0.000000 0.000000 0.000000
66  -0.109379 0.057027 25.399246  0.000000 0.000000 0.000000
67  -0.109379 -1.856732 0.287230  0.000000 0.000000 0.000000
68  -0.104048 -4.495923 7.879276  0.000000 0.000000 0.000000
69  -0.195264 4.332630 -6.347188  0.000000 0.000000 0.000000
70  -1.290112 3.693283 8.579668  0.022713 -0.014049 -0.017451
71  -0.121470 -1.314582 7.402087  0.000000 0.000000 0.000000
72  -1.107528 -1.063453 4.061648  0.000000 0.000000 0.000000
73  0.003659 1.612363 10.733983  0.000000 -0.000000 -0.000961
74  -2.638118 -17.876554 -2.792316  1.551348 0.061736 0.014661
time 108
0  0.000006 0.000000 0.000000  -1.570800 -1.391899 -1.570792
1  -4.849906 3.337897 2.232070  -1.544956 -1.855077 -0.198630
2  6.027524 -0.000325 0.000192  -0.464881 -1.199304 -1.818816
3  11.692110 0.000644 -0.000740  -1.384570 -0.000003 -1.129112
4  11.480610 0.000700 -0.000250  1.513408 -0.947516 0.109109
5  3.859510 -0.142880 -1.192050  -0.507739 -0.034586 -1.573166
6  1.312591 0.000012 0.000007  -0.099219 -0.080836 -0.578266
7  0.729354 0.000056 0.000050  -0.083327 -0.106005 -0.262589
8  3.942144 0.046273 -0.431513  -0.423826 0.326055 -0.977403
9  1.539111 0.000085 0.000005  0.011526 -0.070624 -1.101829
10  1.196331 0.000144 0.000027  0.007038 -0.000117 -0.629733
11  3.883504 -0.047269 0.431381  -0.232037 0.533715 -0.537849
12  1.719573 -0.000027 0.000016  0.011709 -0.105542 -1.237432
13  1.209180 0.000091 0.000013  -0.006673 -0.001107 -0.502906
14  3.859663 -0.138476 1.332409  0.013813 0.511197 -0.350141
15  1.719447 -0.000014 0.000021  -0.022509 0.019639 -0.287088
16  1.099677 0.000049 0.000006  -0.286525 0.346051 -1.053593
17  0.770796 -0.901442 1.177686  -1.865794 -0.596008 -0.315192
18  1.789819 -0.000003 -0.000018  0.005558 0.090197 0.395774
19  1.207016 -0.000012 -0.000044  0.141886 -0.163086 0.233767
20  5.740636 0.000410 -0.000704  -0.071461 0.000003 0.000071
21  11.481127 0.000350 -0.000708  0.006153 -0.168316 0.004413
22  6.027524 -0.000329 0.000203  1.479596 -0.360713 1.576380
23  0.000002 11.692099 -0.000008  -0.803346 -0.286218 -0.654004
24  0.000003 0.000008 -0.000002  -0.515490 -0.000031 1.570738
25  -0.000000 -0.000011 -0.000002  0.868957 0.000002 1.570712
26  -6.617934 -9.178503 0.826812  1.473120 1.855075 -0.198639
27  6.027512 -0.000261 -0.000226  1.636384 0.881664 -0.652773
28  11.691992 0.000243 0.000855  0.141447 0.000056 -1.629770
29  11.479325 -0.000878 0.000959  -1.236467 0.281946 0.771827
30  3.859436 -0.132787 1.193061  0.466149 -0.051826 -1.783918
31  1.312558 0.000026 -0.000001  -0.013965 -0.041044 -0.156447
32  0.729345 0.000066 -0.000028  -0.128320 -0.117290 -0.954857
33  3.942047 0.050109 0.430997  0.211501 -0.107596 -1.469120
34  1.539097 0.000010 -0.000000  0.040712 -0.054386 -1.030469
35  1.196300 0.000076 -0.000004  -0.249391 -0.043040 -0.795120
36  3.883411 -0.050501 -0.431087  0.186407 -0.271796 -1.212184
37  1.719563 -0.000079 -0.000004  0.020974 -0.107650 -1.483528
38  1.209197 0.000035 0.000011  -0.324719 0.069674 -0.493483
39  3.859585 -0.149111 -1.331323  -0.094938 -0.084955 -0.411363
40  1.719413 -0.000099 -0.000034  -0.011248 0.001677 -0.960922
41  1.099674 0.000025 0.000007  -0.004984 -0.008084 -0.787926
42  0.805979 -0.359853 -1.318338  0.991670 0.166767 -0.799535
43  1.789779 -0.000011 -0.000042  0.000057 -0.002451 0.133097
44  1.206996 -0.000006 0.000005  0.000372 -0.000070 1.058782
45  5.740572 0.000054 0.000723  0.140689 -0.000014 0.000021
46  11.480809 -0.000141 0.000941  0.050008 0.055312 0.131212
47  6.027514 -0.000273 -0.000238  -0.985584 -0.387506 -1.705417
48  -0.000002 11.691973 -0.000005  -1.105830 0.549320 0.856636
49  0.000003 -0.000001 -0.000000  2.413975 -0.000041 1.570856
50  -0.000007 -0.000016 0.000005  2.272644 -0.000030 1.570865
51  -4.050810 -5.674935 -5.828745  -0.137668 -2.971099 1.490340
52  0.000000 -0.000000 0.000000  0.008153 -0.000259 0.000009
53  -0.000000 0.000000 0.000000  1.565115 0.043565 -0.106862
54  -0.959183 -19.562561 -3.893497  -0.901648 0.123536 -1.790289
55  -0.000001 0.000000 -0.000000  0.000000 -0.000000 -0.000002
56  0.000030 0.000029 0.000001  -1.571902 -0.044449 -0.106509
57  7.202790 -19.259499 -17.055128  1.570796 -0.000000 0.000000
58  -15.417985 4.000748 -22.641926  1.570796 -0.000000 0.000000
59  2.236387 -2.421983 -5.367696  1.570796 -0.000000 0.000000
60  -0.004311 0.001230 -0.000371  0.006898 -0.005534 -0.284229
61  0.826810 10.209643 -4.879054  1.570796 -0.000000 0.000000
62  0.000000 0.000000 0.000000  -0.078727 -3.136056 0.284226
63  0.000000 0.000000 0.000000  1.570796 -0.000000 0.000000
64  -2.524780 -12.650944 -1.596188  1.551195 0.061183 0.014632
65  -0.109379 -1.951951 -1.519204  0.000000 -0.000000 -0.000000
66  -0.109379 0.057027 25.399252  0.000000 -0.000000 -0.000000
67  -0.109379 -1.856731 0.287231  0.000000 -0.000000 -0.000000
68  -0.104048 -4.495923 7.879278  0.000000 -0.000000 -0.000000
69  -0.195263 4.332631 -6.347186  0.000000 -0.000000 -0.000000
70  -1.290112 3.693284 8.579669  0.022713 -0.014049 -0.017451
71  -0.121470 -1.314581 7.402089  0.000000 -0.000000 -0.000000
72  -1.107528 -1.063453 4.061650  0.000000 -0.000000 -0.000000
73  0.003659 1.612363 10.733983  0.000000 -0.000000 -0.000798
74  -2.639095 -17.876728 -2.789485  1.551195 0.061183 0.014632
time 109
0  0.000006 0.000000 0.000000  -1.570800 -1.391899 -1.570792
1  -4.849906 3.337897 2.232070  -1.544956 -1.855077 -0.198630
2  6.027524 -0.000325 0.000192  -0.464436 -1.199451 -1.819428
3  11.692109 0.000645 -0.000740  -1.384570 -0.000003 -1.128931
4  11.480614 0.000699 -0.000251  1.514101 -0.947596 0.109131
5  3.859507 -0.142880 -1.192049  -0.507739 -0.034586 -1.573166
6  1.312591 0.000012 0.000009  -0.099219 -0.080836 -0.578266
7  0.729355 0.000054 0.000049  -0.083327 -0.106005 -0.262589
8  3.942142 0.046273 -0.431512  -0.423826 0.326055 -0.977403
9  1.539112 0.000084 0.000006  0.011526 -0.070624 -1.101829
10  1.196332 0.000146 0.000029  0.007038 -0.000117 -0.629733
11  3.883503 -0.047269 0.431381  -0.232037 0.533715 -0.537849
12  1.719574 -0.000026 0.000013  0.011708 -0.105542 -1.237432
13  1.209179 0.000090 0.000012  -0.006673 -0.001106 -0.502906
14  3.859660 -0.138476 1.332410  0.013813 0.511197 -0.350141
15  1.719449 -0.000011 0.000023  -0.022509 0.019639 -0.287088
16  1.099676 0.000049 0.000009  -0.286525 0.346051 -1.053593
17  0.770792 -0.901442 1.177686  -1.865794 -0.596008 -0.315192
18  1.789818 -0.000003 -0.000017  0.005558 0.090197 0.395774
19  1.207017 -0.000012 -0.000044  0.141886 -0.163086 0.233768
20  5.740636 0.000410 -0.000703  -0.071323 0.000003 0.000071
21  11.481128 0.000350 -0.000708  0.006275 -0.168325 0.004478
22  6.027524 -0.000329 0.000203  1.479469 -0.360530 1.576228
23  0.000001 11.692097 -0.000007  -0.803232 -0.286134 -0.653920
24  0.000003 0.000008 -0.000000  -0.515490 -0.000030 1.570739
25  -0.000001 -0.000011 -0.000001  0.868957 0.000002 1.570712
26  -6.617934 -9.178503 0.826812  1.473120 1.855075 -0.198639
27  6.027512 -0.000261 -0.000226  1.636316 0.881747 -0.652804
28  11.691990 0.000243 0.000855  0.141447 0.000056 -1.629690
29  11.479325 -0.000877 0.000958  -1.235900 0.282147 0.771785
30  3.859435 -0.132787 1.193062  0.466149 -0.051826 -1.783918
31  1.312558 0.000026 0.000000  -0.013965 -0.041044 -0.156447
32  0.729345 0.000067 -0.000028  -0.128320 -0.117290 -0.954857
33  3.942046 0.050109 0.430997  0.211501 -0.107596 -1.469120
34  1.539096 0.000009 -0.000000  0.040712 -0.054386 -1.030469
35  1.196300 0.000076 -0.000004  -0.249391 -0.043040 -0.795120
36  3.883412 -0.050502 -0.431087  0.186407 -0.271796 -1.212184
37  1.719562 -0.000079 -0.000004  0.020974 -0.107650 -1.483528
38  1.209198 0.000036 0.000012  -0.324719 0.069674 -0.493483
39  3.859585 -0.149111 -1.331324  -0.094938 -0.084955 -0.411363
40  1.719412 -0.000099 -0.000035  -0.011248 0.001677 -0.960922
41  1.099673 0.000025 0.000006  -0.004984 -0.008084 -0.787926
42  0.805979 -0.359854 -1.318338  0.991670 0.166767 -0.799535
43  1.789779 -0.000010 -0.000042  0.000057 -0.002451 0.133097
44  1.206997 -0.000006 0.000005  0.000372 -0.000070 1.058781
45  5.740572 0.000056 0.000723  0.140808 -0.000014 0.000021
46  11.480809 -0.000139 0.000940  0.050100 0.055386 0.131175
47  6.027514 -0.000273 -0.000238  -0.985685 -0.387502 -1.705358
48  -0.000002 11.691975 -0.000006  -1.105784 0.549274 0.856609
49  0.000003 -0.000000 -0.000000  2.413975 -0.000041 1.570856
50  -0.000007 -0.000015 0.000005  2.272644 -0.000030 1.570865
51  -4.049749 -5.675539 -5.828574  -0.137079 -2.970995 1.490220
52  0.000000 -0.000000 -0.000000  0.008153 -0.000259 0.000009
53  -0.000000 -0.000000 -0.000000  1.565115 0.043565 -0.106862
54  -0.959504 -19.562935 -3.889483  -0.901054 0.123514 -1.790236
55  -0.000001 -0.000000 -0.000000  0.000000 -0.000000 -0.000002
56  0.000030 0.000029 0.000001  -1.571902 -0.044449 -0.106509
57  7.202790 -19.259499 -17.055128  1.570796 -0.000000 0.000000
58  -15.417985 4.000748 -22.641926  1.570796 -0.000000 0.000000
59  2.236387 -2.421983 -5.367696  1.570796 -0.000000 0.000000
60  -0.004311 0.001230 -0.000371  0.006898 -0.005534 -0.284229
61  0.826810 10.209643 -4.879054  1.570796 -0.000000 0.000000
62  0.000000 0.000000 0.000000  -0.078727 -3.136056 0.284226
63  0.000000 0.000000 0.000000  1.570796 -0.000000 0.000000
64  -2.526273 -12.650944 -1.594103  1.551037 0.060615 0.014602
65  -0.109378 -1.951951 -1.519205  0.000000 -0.000000 0.000000
66  -0.109379 0.057027 25.399248  0.000000 -0.000000 0.000000
67  -0.109379 -1.856732 0.287230  0.000000 -0.000000 0.000000
68  -0.104047 -4.495923 7.879276  0.000000 -0.000000 0.000000
69  -0.195264 4.332630 -6.347187  0.000000 -0.000000 0.000000
70  -1.290112 3.693283 8.579668  0.022713 -0.014049 -0.017451
71  -0.121470 -1.314581 7.402089  0.000000 -0.000000 0.000000
72  -1.107528 -1.063453 4.061648  0.000000 -0.000000 0.000000
73  0.003659 1.612363 10.733983  0.000000 0.000000 -0.000655
74  -2.640012 -17.876902 -2.786683  1.551037 0.060615 0.014602
time 110
0  0.000006 0.000000 0.000000  -1.570800 -1.391899 -1.570792
1  -4.849906 3.337897 2.232070  -1.544956 -1.855077 -0.198630
2  6.027524 -0.000325 0.000192  -0.464008 -1.199597 -1.820025
3  11.692110 0.000644 -0.000738  -1.384570 -0.000003 -1.128756
4  11.480613 0.000700 -0.000247  1.514813 -0.947675 0.109153
5  3.859507 -0.142879 -1.192049  -0.507739 -0.034586 -1.573166
6  1.312590 0.000012 0.000009  -0.099219 -0.080836 -0.578266
7  0.729356 0.000054 0.000049  -0.083327 -0.106005 -0.262589
8  3.942142 0.046273 -0.431512  -0.423826 0.326055 -0.977403
9  1.539111 0.000086 0.000004  0.011526 -0.070624 -1.101829
10  1.196333 0.000145 0.000032  0.007038 -0.000117 -0.629733
11  3.883504 -0.047269 0.431382  -0.232037 0.533715 -0.537849
12  1.719571 -0.000027 0.000014  0.011709 -0.105542 -1.237432
13  1.209180 0.000093 0.000011  -0.006673 -0.001106 -0.502906
14  3.859660 -0.138475 1.332410  0.013813 0.511197 -0.350141
15  1.719447 -0.000013 0.000023  -0.022509 0.019639 -0.287088
16  1.099676 0.000048 0.000005  -0.286525 0.346051 -1.053593
17  0.770793 -0.901442 1.177686  -1.865794 -0.596007 -0.315192
18  1.789818 -0.000003 -0.000019  0.005558 0.090197 0.395774
19  1.207015 -0.000012 -0.000044  0.141886 -0.163086 0.233767
20  5.740636 0.000410 -0.000703  -0.071182 0.000003 0.000071
21  11.481128 0.000350 -0.000707  0.006399 -0.168333 0.004545
22  6.027524 -0.000329 0.000203  1.479347 -0.360349 1.576073
23  0.000001 11.692099 -0.000008  -0.803121 -0.286052 -0.653838
24  0.000002 0.000007 0.000000  -0.515490 -0.000031 1.570739
25  -0.000001 -0.000011 -0.000002  0.868957 0.000002 1.570712
26  -6.617934 -9.178503 0.826812  1.473120 1.855075 -0.198639
27  6.027512 -0.000261 -0.000226  1.636233 0.881829 -0.652844
28  11.691989 0.000243 0.000856  0.141447 0.000056 -1.629609
29  11.479324 -0.000876 0.000958  -1.235317 0.282362 0.771737
30  3.859437 -0.132788 1.193062  0.466149 -0.051826 -1.783918
31  1.312558 0.000024 -0.000000  -0.013965 -0.041044 -0.156447
32  0.729345 0.000066 -0.000028  -0.128320 -0.117290 -0.954857
33  3.942047 0.050109 0.430997  0.211501 -0.107596 -1.469120
34  1.539097 0.000010 -0.000001  0.040712 -0.054386 -1.030469
35  1.196300 0.000075 -0.000004  -0.249391 -0.043040 -0.795120
36  3.883411 -0.050502 -0.431087  0.186407 -0.271796 -1.212184
37  1.719563 -0.000080 -0.000004  0.020974 -0.107650 -1.483528
38  1.209197 0.000036 0.000011  -0.324719 0.069674 -0.493483
39  3.859585 -0.149112 -1.331323  -0.094938 -0.084955 -0.411363
40  1.719411 -0.000099 -0.000035  -0.011248 0.001677 -0.960922
41  1.099674 0.000024 0.000006  -0.004984 -0.008084 -0.787926
42  0.805979 -0.359854 -1.318338  0.991670 0.166767 -0.799535
43  1.789779 -0.000009 -0.000042  0.000057 -0.002451 0.133097
44  1.206996 -0.000006 0.000006  0.000373 -0.000070 1.058782
45  5.740572 0.000055 0.000725  0.140929 -0.000014 0.000021
46  11.480808 -0.000139 0.000942  0.050194 0.055464 0.131135
47  6.027514 -0.000273 -0.000238  -0.985791 -0.387507 -1.705293
48  -0.000001 11.691973 -0.000005  -1.105736 0.549227 0.856581
49  0.000004 -0.000002 0.000000  2.413975 -0.000041 1.570856
50  -0.000006 -0.000015 0.000006  2.272644 -0.000030 1.570865
51  -4.048572 -5.676160 -5.828525  -0.136476 -2.970889 1.490097
52  -0.000000 -0.000000 -0.000001  0.008153 -0.000259 0.000009
53  0.000000 -0.000000 0.000000  1.565115 0.043565 -0.106862
54  -0.959739 -19.563316 -3.885489  -0.900446 0.123490 -1.790181
55  -0.000001 0.000000 -0.000000  0.000000 -0.000000 -0.000002
56  0.000030 0.000029 0.000001  -1.571901 -0.044449 -0.106509
57  7.202790 -19.259499 -17.055128  1.570796 -0.000000 0.000000
58  -15.417985 4.000748 -22.641926  1.570796 -0.000000 0.000000
59  2.236387 -2.421983 -5.367696  1.570796 -0.000000 0.000000
60  -0.004311 0.001230 -0.000371  0.006898 -0.005534 -0.284229
61  0.826810 10.209643 -4.879054  1.570796 -0.000000 0.000000
62  0.000000 0.000000 0.000000  -0.078727 -3.136056 0.284226
63  0.000000 0.000000 0.000000  1.570796 -0.000000 0.000000
64  -2.527710 -12.650944 -1.592090  1.550874 0.060033 0.014572
65  -0.109378 -1.951951 -1.519205  -0.000000 -0.000000 -0.000000
66  -0.109379 0.057027 25.399250  -0.000000 -0.000000 -0.000000
67  -0.109378 -1.856732 0.287229  -0.000000 -0.000000 -0.000000
68  -0.104048 -4.495923 7.879277  -0.000000 -0.000000 -0.000000
69  -0.195264 4.332630 -6.347187  -0.000000 -0.000000 -0.000000
70  -1.290112 3.693283 8.579668  0.022713 -0.014049 -0.017451
71  -0.121470 -1.314581 7.402087  -0.000000 -0.000000 -0.000000
72  -1.107528 -1.063453 4.061646  -0.000000 -0.000000 -0.000000
73  0.003659 1.612363 10.733984  -0.000000 -0.000000 -0.000532
74  -2.640857 -17.877081 -2.783931  1.550874 0.060033 0.014572
time 111
0  0.000006 0.000000 0.000000  -1.570800 -1.391899 -1.570792
1  -4.849906 3.337897 2.232070  -1.544956 -1.855077 -0.198630
2  6.027524 -0.000325 0.000192  -0.463602 -1.199740 -1.820603
3  11.692111 0.000643 -0.000740  -1.384570 -0.000003 -1.128587
4  11.480614 0.000700 -0.000247  1.515543 -0.947753 0.109174
5  3.859508 -0.142880 -1.192050  -0.507739 -0.034586 -1.573166
6  1.312590 0.000011 0.000008  -0.099219 -0.080836 -0.578266
7  0.729355 0.000055 0.000049  -0.083327 -0.106005 -0.262589
8  3.942143 0.046273 -0.431513  -0.423826 0.326055 -0.977403
9  1.539111 0.000085 0.000005  0.011526 -0.070624 -1.101829
10  1.196333 0.000146 0.000028  0.007038 -0.000117 -0.629733
11  3.883503 -0.047270 0.431381  -0.232037 0.533715 -0.537849
12  1.719574 -0.000026 0.000014  0.011709 -0.105542 -1.237432
13  1.209180 0.000092 0.000012  -0.006673 -0.001106 -0.502906
14  3.859660 -0.138476 1.332409  0.013813 0.511197 -0.350141
15  1.719446 -0.000012 0.000024  -0.022509 0.019639 -0.287088
16  1.099678 0.000048 0.000008  -0.286525 0.346051 -1.053593
17  0.770794 -0.901442 1.177685  -1.865794 -0.596008 -0.315192
18  1.789817 -0.000003 -0.000019  0.005558 0.090197 0.395774
19  1.207017 -0.000011 -0.000043  0.141886 -0.163086 0.233768
20  5.740636 0.000410 -0.000703  -0.071036 0.000003 0.000071
21  11.481126 0.000350 -0.000706  0.006526 -0.168340 0.004614
22  6.027524 -0.000329 0.000203  1.479234 -0.360174 1.575913
23  0.000002 11.692099 -0.000008  -0.803014 -0.285974 -0.653759
24  0.000005 0.000009 -0.000000  -0.515490 -0.000031 1.570739
25  -0.000000 -0.000011 -0.000002  0.868957 0.000002 1.570712
26  -6.617934 -9.178503 0.826812  1.473120 1.855075 -0.198639
27  6.027512 -0.000261 -0.000226  1.636132 0.881910 -0.652893
28  11.691991 0.000242 0.000856  0.141447 0.000056 -1.629525
29  11.479326 -0.000877 0.000958  -1.234721 0.282591 0.771682
30  3.859436 -0.132788 1.193062  0.466149 -0.051826 -1.783918
31  1.312558 0.000024 0.000000  -0.013965 -0.041044 -0.156447
32  0.729345 0.000064 -0.000028  -0.128320 -0.117290 -0.954857
33  3.942046 0.050109 0.430997  0.211501 -0.107596 -1.469120
34  1.539097 0.000009 0.000000  0.040712 -0.054386 -1.030469
35  1.196300 0.000076 -0.000004  -0.249391 -0.043040 -0.795121
36  3.883411 -0.050502 -0.431087  0.186407 -0.271796 -1.212184
37  1.719564 -0.000079 -0.000003  0.020974 -0.107650 -1.483528
38  1.209198 0.000036 0.000011  -0.324719 0.069674 -0.493484
39  3.859586 -0.149112 -1.331323  -0.094938 -0.084955 -0.411363
40  1.719412 -0.000099 -0.000034  -0.011248 0.001677 -0.960922
41  1.099673 0.000025 0.000006  -0.004984 -0.008084 -0.787926
42  0.805979 -0.359854 -1.318338  0.991670 0.166767 -0.799535
43  1.789779 -0.000010 -0.000042  0.000057 -0.002451 0.133097
44  1.206997 -0.000006 0.000005  0.000372 -0.000070 1.058781
45  5.740572 0.000056 0.000724  0.141050 -0.000014 0.000021
46  11.480810 -0.000139 0.000941  0.050290 0.055545 0.131093
47  6.027514 -0.000273 -0.000238  -0.985901 -0.387523 -1.705223
48  -0.000001 11.691973 -0.000005  -1.105687 0.549178 0.856553
49  0.000002 0.000001 -0.000000  2.413975 -0.000041 1.570856
50  -0.000006 -0.000016 0.000006  2.272644 -0.000030 1.570865
51  -4.047269 -5.676801 -5.828615  -0.135859 -2.970780 1.489973
52  -0.000001 0.000000 0.000001  0.008153 -0.000259 0.000009
53  -0.000000 -0.000000 0.000000  1.565115 0.043565 -0.106862
54  -0.959874 -19.563711 -3.881541  -0.899824 0.123466 -1.790124
55  -0.000001 -0.000001 0.000000  0.000000 -0.000000 -0.000002
56  0.000028 0.000028 0.000001  -1.571901 -0.044449 -0.106509
57  7.202790 -19.259499 -17.055128  1.570796 -0.000000 0.000000
58  -15.417985 4.000748 -22.641926  1.570796 -0.000000 0.000000
59  2.236387 -2.421983 -5.367696  1.570796 -0.000000 0.000000
60  -0.004311 0.001230 -0.000371  0.006898 -0.005534 -0.284229
61  0.826810 10.209643 -4.879054  1.570796 -0.000000 0.000000
62  0.000000 0.000000 0.000000  -0.078727 -3.136056 0.284226
63  0.000000 0.000000 0.000000  1.570796 -0.000000 0.000000
64  -2.529077 -12.650944 -1.590171  1.550707 0.059439 0.014542
65  -0.109378 -1.951951 -1.519204  -0.000000 -0.000000 0.000000
66  -0.109379 0.057027 25.399252  -0.000000 -0.000000 0.000000
67  -0.109379 -1.856731 0.287230  -0.000000 -0.000000 0.000000
68  -0.104047 -4.495923 7.879278  -0.000000 -0.000000 0.000000
69  -0.195264 4.332630 -6.347188  -0.000000 -0.000000 0.000000
70  -1.290112 3.693283 8.579670  0.022713 -0.014049 -0.017451
71  -0.121470 -1.314581 7.402089  -0.000000 -0.000000 0.000000
72  -1.107528 -1.063453 4.061647  -0.000000 -0.000000 0.000000
73  0.003659 1.612363 10.733983  -0.000000 0.000000 -0.000426
74  -2.641615 -17.877270 -2.781253  1.550707 0.059439 0.014542
time 112
0  0.000006 0.000000 0.000000  -1.570800 -1.391899 -1.570792
1  -4.849906 3.337897 2.232070  -1.544956 -1.855077 -0.198630
2  6.027524 -0.000325 0.000192  -0.463223 -1.199880 -1.821157
3  11.692111 0.000644 -0.000739  -1.384570 -0.000003 -1.128427
4  11.480616 0.000700 -0.000245  1.516288 -0.947830 0.109195
5  3.859509 -0.142879 -1.192050  -0.507739 -0.034586 -1.573166
6  1.312590 0.000012 0.000007  -0.099219 -0.080836 -0.578266
7  0.729357 0.000054 0.000049  -0.083327 -0.106005 -0.262589
8  3.942143 0.046273 -0.431512  -0.423826 0.326055 -0.977403
9  1.539111 0.000087 0.000005  0.011526 -0.070624 -1.101829
10  1.196333 0.000145 0.000026  0.007038 -0.000117 -0.629733
11  3.883505 -0.047269 0.431381  -0.232037 0.533715 -0.537849
12  1.719574 -0.000028 0.000019  0.011709 -0.105542 -1.237432
13  1.209180 0.000095 0.000013  -0.006673 -0.001106 -0.502906
14  3.859664 -0.138475 1.332410  0.013813 0.511197 -0.350141
15  1.719449 -0.000014 0.000022  -0.022509 0.019639 -0.287088
16  1.099676 0.000046 0.000005  -0.286525 0.346051 -1.053593
17  0.770796 -0.901442 1.177686  -1.865794 -0.596007 -0.315192
18  1.789818 -0.000003 -0.000017  0.005558 0.090197 0.395774
19  1.207016 -0.000012 -0.000044  0.141886 -0.163086 0.233767
20  5.740638 0.000410 -0.000701  -0.070887 0.000003 0.000071
21  11.481130 0.000350 -0.000705  0.006656 -0.168347 0.004684
22  6.027524 -0.000329 0.000203  1.479129 -0.360004 1.575749
23  0.000002 11.692099 -0.000008  -0.802913 -0.285900 -0.653684
24  0.000003 0.000008 -0.000000  -0.515490 -0.000030 1.570739
25  -0.000000 -0.000011 -0.000002  0.868957 0.000002 1.570712
26  -6.617934 -9.178503 0.826812  1.473120 1.855075 -0.198639
27  6.027512 -0.000261 -0.000226  1.636012 0.881989 -0.652952
28  11.691991 0.000244 0.000856  0.141447 0.000056 -1.629439
29  11.479325 -0.000877 0.000957  -1.234111 0.282836 0.771621
30  3.859436 -0.132788 1.193062  0.466149 -0.051826 -1.783918
31  1.312558 0.000026 0.000000  -0.013965 -0.041044 -0.156447
32  0.729345 0.000067 -0.000027  -0.128320 -0.117290 -0.954857
33  3.942047 0.050109 0.430996  0.211501 -0.107596 -1.469120
34  1.539097 0.000011 0.000000  0.040712 -0.054386 -1.030469
35  1.196300 0.000075 -0.000004  -0.249391 -0.043040 -0.795120
36  3.883412 -0.050502 -0.431087  0.186407 -0.271796 -1.212184
37  1.719563 -0.000079 -0.000003  0.020974 -0.107650 -1.483528
38  1.209198 0.000035 0.000011  -0.324719 0.069674 -0.493483
39  3.859585 -0.149112 -1.331324  -0.094938 -0.084955 -0.411363
40  1.719412 -0.000099 -0.000034  -0.011248 0.001677 -0.960922
41  1.099673 0.000025 0.000007  -0.004984 -0.008084 -0.787926
42  0.805979 -0.359854 -1.318339  0.991670 0.166767 -0.799535
43  1.789778 -0.000009 -0.000041  0.000057 -0.002451 0.133097
44  1.206997 -0.000006 0.000005  0.000372 -0.000070 1.058781
45  5.740572 0.000054 0.000723  0.141172 -0.000014 0.000021
46  11.480808 -0.000140 0.000940  0.050387 0.055630 0.131049
47  6.027514 -0.000273 -0.000238  -0.986015 -0.387550 -1.705147
48  -0.000000 11.691973 -0.000006  -1.105636 0.549129 0.856524
49  0.000004 0.000001 -0.000000  2.413975 -0.000041 1.570856
50  -0.000005 -0.000017 0.000006  2.272644 -0.000030 1.570865
51  -4.045833 -5.677455 -5.828861  -0.135230 -2.970668 1.489846
52  -0.000000 -0.000000 0.000000  0.008153 -0.000259 0.000009
53  0.000000 -0.000000 -0.000000  1.565115 0.043565 -0.106862
54  -0.959900 -19.564112 -3.877663  -0.899190 0.123441 -1.790066
55  -0.000000 -0.000000 0.000000  0.000000 -0.000000 -0.000002
56  0.000031 0.000029 0.000001  -1.571901 -0.044449 -0.106509
57  7.202790 -19.259499 -17.055128  1.570796 -0.000000 0.000000
58  -15.417985 4.000748 -22.641926  1.570796 -0.000000 0.000000
59  2.236387 -2.421983 -5.367696  1.570796 -0.000000 0.000000
60  -0.004311 0.001230 -0.000371  0.006898 -0.005534 -0.284229
61  0.826810 10.209643 -4.879054  1.570796 -0.000000 0.000000
62  0.000000 0.000000 0.000000  -0.078727 -3.136056 0.284226
63  0.000000 0.000000 0.000000  1.570796 -0.000000 0.000000
64  -2.530359 -12.650944 -1.588366  1.550536 0.058832 0.014512
65  -0.109379 -1.951951 -1.519204  -0.000000 0.000000 -0.000000
66  -0.109379 0.057027 25.399254  -0.000000 0.000000 -0.000000
67  -0.109379 -1.856732 0.287230  -0.000000 0.000000 -0.000000
68  -0.104048 -4.495923 7.879279  -0.000000 0.000000 -0.000000
69  -0.195264 4.332630 -6.347187  -0.000000 0.000000 -0.000000
70  -1.290112 3.693284 8.579667  0.022713 -0.014049 -0.017451
71  -0.121471 -1.314581 7.402088  -0.000000 0.000000 -0.000000
72  -1.107529 -1.063453 4.061650  -0.000000 0.000000 -0.000000
73  0.003658 1.612363 10.733983  0.000000 0.000000 -0.000334
74  -2.642277 -17.877457 -2.778672  1.550536 0.058832 0.014512
time 113
0  0.000006 0.000000 0.000000  -1.570800 -1.391899 -1.570792
1  -4.849906 3.337897 2.232070  -1.544956 -1.855077 -0.198630
2  6.027524 -0.000325 0.000192  -0.462875 -1.200015 -1.821681
3  11.692111 0.000644 -0.000739  -1.384570 -0.000003 -1.128278
4  11.480617 0.000701 -0.000243  1.517048 -0.947905 0.109214
5  3.859507 -0.142880 -1.192049  -0.507739 -0.034586 -1.573166
6  1.312591 0.000011 0.000007  -0.099219 -0.080836 -0.578266
7  0.729355 0.000055 0.000051  -0.083327 -0.106005 -0.262589
8  3.942143 0.046273 -0.431512  -0.423826 0.326055 -0.977403
9  1.539111 0.000084 0.000006  0.011526 -0.070624 -1.101829
10  1.196333 0.000145 0.000029  0.007038 -0.000117 -0.629733
11  3.883505 -0.047269 0.431381  -0.232037 0.533715 -0.537849
12  1.719574 -0.000029 0.000013  0.011709 -0.105542 -1.237432
13  1.209180 0.000091 0.000013  -0.006673 -0.001107 -0.502906
14  3.859662 -0.138476 1.332410  0.013813 0.511197 -0.350141
15  1.719448 -0.000013 0.000020  -0.022509 0.019639 -0.287088
16  1.099676 0.000048 0.000005  -0.286525 0.346051 -1.053593
17  0.770794 -0.901442 1.177686  -1.865794 -0.596008 -0.315192
18  1.789819 -0.000003 -0.000018  0.005558 0.090197 0.395774
19  1.207016 -0.000012 -0.000043  0.141886 -0.163086 0.233768
20  5.740637 0.000410 -0.000703  -0.070735 0.000003 0.000071
21  11.481128 0.000350 -0.000705  0.006788 -0.168354 0.004754
22  6.027524 -0.000329 0.000203  1.479035 -0.359841 1.575583
23  0.000003 11.692099 -0.000007  -0.802819 -0.285830 -0.653615
24  0.000003 0.000008 -0.000001  -0.515490 -0.000031 1.570739
25  -0.000001 -0.000011 -0.000001  0.868957 0.000002 1.570712
26  -6.617934 -9.178503 0.826812  1.473120 1.855075 -0.198639
27  6.027512 -0.000261 -0.000226  1.635872 0.882064 -0.653023
28  11.691993 0.000244 0.000856  0.141447 0.000056 -1.629351
29  11.479331 -0.000878 0.000959  -1.233490 0.283095 0.771552
30  3.859436 -0.132787 1.193061  0.466149 -0.051826 -1.783918
31  1.312558 0.000027 0.000000  -0.013965 -0.041043 -0.156447
32  0.729345 0.000065 -0.000028  -0.128320 -0.117290 -0.954857
33  3.942046 0.050109 0.430997  0.211501 -0.107596 -1.469120
34  1.539096 0.000010 0.000001  0.040712 -0.054386 -1.030469
35  1.196300 0.000076 -0.000004  -0.249391 -0.043040 -0.795121
36  3.883412 -0.050502 -0.431088  0.186407 -0.271796 -1.212184
37  1.719564 -0.000080 -0.000003  0.020974 -0.107650 -1.483528
38  1.209198 0.000036 0.000012  -0.324719 0.069674 -0.493483
39  3.859585 -0.149112 -1.331324  -0.094938 -0.084955 -0.411363
40  1.719412 -0.000099 -0.000035  -0.011248 0.001677 -0.960922
41  1.099674 0.000027 0.000007  -0.004984 -0.008084 -0.787926
42  0.805979 -0.359854 -1.318339  0.991670 0.166767 -0.799535
43  1.789779 -0.000010 -0.000042  0.000057 -0.002451 0.133097
44  1.206997 -0.000006 0.000005  0.000372 -0.000070 1.058782
45  5.740574 0.000056 0.000724  0.141294 -0.000014 0.000021
46  11.480810 -0.000139 0.000942  0.050486 0.055718 0.131002
47  6.027514 -0.000273 -0.000238  -0.986134 -0.387590 -1.705064
48  -0.000002 11.691974 -0.000005  -1.105585 0.549078 0.856494
49  0.000002 -0.000001 0.000000  2.413975 -0.000041 1.570856
50  -0.000008 -0.000015 0.000006  2.272644 -0.000030 1.570865
51  -4.044254 -5.678124 -5.829276  -0.134591 -2.970553 1.489717
52  -0.000000 0.000000 0.000000  0.008153 -0.000259 0.000009
53  0.000000 0.000000 -0.000001  1.565115 0.043565 -0.106862
54  -0.959805 -19.564522 -3.873881  -0.898545 0.123415 -1.790006
55  -0.000001 0.000000 -0.000000  0.000000 -0.000000 -0.000002
56  0.000030 0.000029 0.000001  -1.571902 -0.044449 -0.106509
57  7.202790 -19.259499 -17.055128  1.570796 -0.000000 0.000000
58  -15.417985 4.000748 -22.641926  1.570796 -0.000000 0.000000
59  2.236387 -2.421983 -5.367696  1.570796 -0.000000 0.000000
60  -0.004311 0.001230 -0.000371  0.006898 -0.005534 -0.284229
61  0.826810 10.209643 -4.879054  1.570796 -0.000000 0.000000
62  0.000000 0.000000 0.000000  -0.078727 -3.136056 0.284226
63  0.000000 0.000000 0.000000  1.570796 -0.000000 0.000000
64  -2.531543 -12.650944 -1.586695  1.550362 0.058216 0.014482
65  -0.109378 -1.951951 -1.519205  0.000000 0.000000 -0.000000
66  -0.109379 0.057027 25.399256  0.000000 0.000000 -0.000000
67  -0.109378 -1.856732 0.287229  0.000000 0.000000 -0.000000
68  -0.104047 -4.495923 7.879276  0.000000 0.000000 -0.000000
69  -0.195264 4.332631 -6.347186  0.000000 0.000000 -0.000000
70  -1.290112 3.693283 8.579669  0.022713 -0.014049 -0.017451
71  -0.121470 -1.314581 7.402086  0.000000 0.000000 -0.000000
72  -1.107528 -1.063453 4.061646  0.000000 0.000000 -0.000000
73  0.003659 1.612363 10.733982  0.000000 0.000000 -0.000256
74  -2.642829 -17.877653 -2.776209  1.550362 0.058216 0.014482
time 114
0  0.000006 0.000000 0.000000  -1.570800 -1.391899 -1.570792
1  -4.849906 3.337897 2.232070  -1.544956 -1.855077 -0.198630
2  6.027524 -0.000325 0.000192  -0.462564 -1.200145 -1.822169
3  11.692110 0.000644 -0.000738  -1.384570 -0.000003 -1.128141
4  11.480618 0.000700 -0.000244  1.517820 -0.947979 0.109233
5  3.859509 -0.142880 -1.192049  -0.507739 -0.034586 -1.573166
6  1.312590 0.000013 0.000009  -0.099219 -0.080836 -0.578266
7  0.729354 0.000055 0.000049  -0.083327 -0.106005 -0.262589
8  3.942141 0.046273 -0.431512  -0.423826 0.326055 -0.977403
9  1.539112 0.000087 0.000006  0.011526 -0.070624 -1.101829
10  1.196333 0.000145 0.000028  0.007038 -0.000117 -0.629733
11  3.883502 -0.047269 0.431381  -0.232037 0.533715 -0.537849
12  1.719574 -0.000027 0.000014  0.011709 -0.105542 -1.237432
13  1.209180 0.000092 0.000011  -0.006673 -0.001106 -0.502906
14  3.859661 -0.138475 1.332410  0.013813 0.511197 -0.350141
15  1.719446 -0.000013 0.000021  -0.022509 0.019639 -0.287088
16  1.099676 0.000048 0.000006  -0.286525 0.346051 -1.053593
17  0.770794 -0.901442 1.177686  -1.865794 -0.596008 -0.315192
18  1.789819 -0.000003 -0.000018  0.005558 0.090197 0.395774
19  1.207013 -0.000012 -0.000044  0.141886 -0.163086 0.233767
20  5.740638 0.000410 -0.000704  -0.070579 0.000003 0.000071
21  11.481131 0.000350 -0.000706  0.006923 -0.168361 0.004826
22  6.027524 -0.000329 0.000203  1.478954 -0.359687 1.575413
23  0.000003 11.692099 -0.000007  -0.802732 -0.285767 -0.653550
24  0.000003 0.000008 -0.000001  -0.515490 -0.000030 1.570739
25  -0.000000 -0.000012 -0.000001  0.868957 0.000002 1.570712
26  -6.617934 -9.178503 0.826812  1.473120 1.855075 -0.198639
27  6.027512 -0.000261 -0.000226  1.635709 0.882137 -0.653105
28  11.691991 0.000242 0.000856  0.141447 0.000056 -1.629262
29  11.479329 -0.000876 0.000957  -1.232857 0.283371 0.771475
30  3.859437 -0.132787 1.193062  0.466149 -0.051826 -1.783918
31  1.312558 0.000026 0.000001  -0.013965 -0.041044 -0.156447
32  0.729345 0.000065 -0.000028  -0.128320 -0.117290 -0.954857
33  3.942047 0.050109 0.430998  0.211501 -0.107596 -1.469120
34  1.539096 0.000010 -0.000001  0.040712 -0.054386 -1.030469
35  1.196301 0.000076 -0.000004  -0.249391 -0.043040 -0.795120
36  3.883412 -0.050502 -0.431087  0.186407 -0.271796 -1.212184
37  1.719564 -0.000077 -0.000004  0.020974 -0.107650 -1.483528
38  1.209197 0.000036 0.000011  -0.324719 0.069674 -0.493483
39  3.859585 -0.149112 -1.331323  -0.094938 -0.084955 -0.411363
40  1.719411 -0.000099 -0.000035  -0.011248 0.001677 -0.960922
41  1.099673 0.000025 0.000007  -0.004984 -0.008084 -0.787926
42  0.805979 -0.359854 -1.318338  0.991670 0.166767 -0.799535
43  1.789780 -0.000009 -0.000042  0.000057 -0.002451 0.133097
44  1.206996 -0.000006 0.000006  0.000373 -0.000071 1.058781
45  5.740572 0.000055 0.000723  0.141416 -0.000014 0.000021
46  11.480809 -0.000140 0.000941  0.050585 0.055810 0.130952
47  6.027514 -0.000273 -0.000238  -0.986257 -0.387644 -1.704975
48  -0.000001 11.691974 -0.000006  -1.105533 0.549027 0.856464
49  0.000003 0.000001 0.000000  2.413975 -0.000041 1.570856
50  -0.000006 -0.000016 0.000005  2.272644 -0.000030 1.570865
51  -4.042523 -5.678805 -5.829878  -0.133942 -2.970437 1.489587
52  -0.000000 -0.000000 0.000000  0.008153 -0.000259 0.000009
53  0.000000 -0.000000 0.000000  1.565115 0.043565 -0.106862
54  -0.959578 -19.564934 -3.870220  -0.897891 0.123388 -1.789945
55  -0.000001 -0.000000 0.000000  0.000000 -0.000000 -0.000002
56  0.000030 0.000029 0.000001  -1.571901 -0.044449 -0.106509
57  7.202790 -19.259499 -17.055128  1.570796 -0.000000 0.000000
58  -15.417985 4.000748 -22.641926  1.570796 -0.000000 0.000000
59  2.236387 -2.421983 -5.367696  1.570796 -0.000000 0.000000
60  -0.004311 0.001230 -0.000371  0.006898 -0.005534 -0.284229
61  0.826810 10.209643 -4.879054  1.570796 -0.000000 0.000000
62  0.000000 0.000000 0.000000  -0.078727 -3.136056 0.284226
63  0.000000 0.000000 0.000000  1.570796 -0.000000 0.000000
64  -2.532615 -12.650944 -1.585180  1.550185 0.057590 0.014452
65  -0.109379 -1.951951 -1.519206  -0.000000 0.000000 -0.000000
66  -0.109379 0.057027 25.399252  -0.000000 0.000000 -0.000000
67  -0.109378 -1.856732 0.287228  -0.000000 0.000000 -0.000000
68  -0.104048 -4.495923 7.879275  -0.000000 0.000000 -0.000000
69  -0.195264 4.332630 -6.347187  -0.000000 0.000000 -0.000000
70  -1.290112 3.693284 8.579669  0.022713 -0.014049 -0.017451
71  -0.121470 -1.314581 7.402088  -0.000000 0.000000 -0.000000
72  -1.107528 -1.063453 4.061647  -0.000000 0.000000 -0.000000
73  0.003659 1.612363 10.733981  0.000000 0.000000 -0.000191
74  -2.643257 -17.877850 -2.773887  1.550185 0.057590 0.014452
time 115
0  0.000006 0.000000 0.000000  -1.570800 -1.391899 -1.570792
1  -4.849906 3.337897 2.232070  -1.544956 -1.855077 -0.198630
2  6.027524 -0.000325 0.000192  -0.462292 -1.200269 -1.822617
3  11.692110 0.000644 -0.000739  -1.384570 -0.000003 -1.128017
4  11.480619 0.000701 -0.000245  1.518604 -0.948049 0.109251
5  3.859507 -0.142880 -1.192050  -0.507739 -0.034586 -1.573166
6  1.312590 0.000013 0.000009  -0.099219 -0.080836 -0.578266
7  0.729354 0.000054 0.000048  -0.083327 -0.106005 -0.262589
8  3.942141 0.046273 -0.431513  -0.423826 0.326055 -0.977403
9  1.539110 0.000083 0.000004  0.011526 -0.070624 -1.101829
10  1.196332 0.000145 0.000029  0.007038 -0.000117 -0.629733
11  3.883503 -0.047269 0.431381  -0.232037 0.533715 -0.537849
12  1.719574 -0.000026 0.000017  0.011709 -0.105542 -1.237432
13  1.209180 0.000093 0.000013  -0.006673 -0.001106 -0.502906
14  3.859661 -0.138476 1.332410  0.013813 0.511197 -0.350141
15  1.719446 -0.000013 0.000021  -0.022509 0.019639 -0.287088
16  1.099675 0.000048 0.000004  -0.286525 0.346051 -1.053593
17  0.770793 -0.901443 1.177685  -1.865794 -0.596008 -0.315192
18  1.789817 -0.000003 -0.000017  0.005558 0.090197 0.395774
19  1.207018 -0.000012 -0.000044  0.141886 -0.163086 0.233767
20  5.740638 0.000411 -0.000704  -0.070421 0.000003 0.000071
21  11.481132 0.000350 -0.000706  0.007059 -0.168366 0.004899
22  6.027524 -0.000329 0.000203  1.478886 -0.359543 1.575242
23  0.000002 11.692099 -0.000008  -0.802654 -0.285709 -0.653492
24  0.000002 0.000009 -0.000002  -0.515490 -0.000031 1.570739
25  -0.000001 -0.000011 -0.000002  0.868957 0.000002 1.570712
26  -6.617934 -9.178503 0.826812  1.473120 1.855075 -0.198639
27  6.027512 -0.000261 -0.000226  1.635523 0.882205 -0.653201
28  11.691992 0.000242 0.000857  0.141447 0.000056 -1.629172
29  11.479328 -0.000876 0.000957  -1.232215 0.283664 0.771391
30  3.859436 -0.132788 1.193062  0.466149 -0.051826 -1.783918
31  1.312558 0.000026 -0.000000  -0.013965 -0.041043 -0.156447
32  0.729345 0.000065 -0.000027  -0.128320 -0.117290 -0.954857
33  3.942046 0.050109 0.430997  0.211501 -0.107596 -1.469120
34  1.539097 0.000010 0.000000  0.040712 -0.054386 -1.030469
35  1.196301 0.000076 -0.000004  -0.249391 -0.043040 -0.795120
36  3.883411 -0.050502 -0.431086  0.186407 -0.271796 -1.212184
37  1.719563 -0.000079 -0.000003  0.020974 -0.107650 -1.483528
38  1.209196 0.000035 0.000012  -0.324719 0.069674 -0.493483
39  3.859585 -0.149112 -1.331323  -0.094938 -0.084955 -0.411363
40  1.719412 -0.000100 -0.000034  -0.011248 0.001677 -0.960922
41  1.099674 0.000026 0.000007  -0.004984 -0.008084 -0.787926
42  0.805978 -0.359854 -1.318337  0.991670 0.166767 -0.799535
43  1.789779 -0.000010 -0.000042  0.000057 -0.002451 0.133097
44  1.206998 -0.000006 0.000005  0.000372 -0.000070 1.058782
45  5.740572 0.000055 0.000723  0.141537 -0.000014 0.000021
46  11.480810 -0.000139 0.000941  0.050686 0.055905 0.130900
47  6.027514 -0.000273 -0.000238  -0.986385 -0.387713 -1.704878
48  -0.000002 11.691973 -0.000006  -1.105480 0.548975 0.856433
49  0.000002 -0.000000 -0.000000  2.413975 -0.000041 1.570856
50  -0.000007 -0.000016 0.000005  2.272644 -0.000030 1.570865
51  -4.040633 -5.679499 -5.830682  -0.133285 -2.970320 1.489455
52  -0.000000 -0.000000 0.000000  0.008153 -0.000259 0.000009
53  -0.000000 -0.000000 0.000001  1.565115 0.043565 -0.106862
54  -0.959208 -19.565353 -3.866706  -0.897229 0.123360 -1.789884
55  -0.000003 0.000000 0.000000  0.000000 -0.000000 -0.000002
56  0.000028 0.000029 0.000001  -1.571901 -0.044449 -0.106509
57  7.202790 -19.259499 -17.055128  1.570796 -0.000000 0.000000
58  -15.417985 4.000748 -22.641926  1.570796 -0.000000 0.000000
59  2.236387 -2.421983 -5.367696  1.570796 -0.000000 0.000000
60  -0.004311 0.001230 -0.000371  0.006898 -0.005534 -0.284229
61  0.826810 10.209643 -4.879054  1.570796 -0.000000 0.000000
62  0.000000 0.000000 0.000000  -0.078727 -3.136056 0.284226
63  0.000000 0.000000 0.000000  1.570796 -0.000000 0.000000
64  -2.533560 -12.650944 -1.583841  1.550006 0.056958 0.014422
65  -0.109378 -1.951952 -1.519206  0.000000 -0.000000 -0.000000
66  -0.109379 0.057027 25.399254  0.000000 -0.000000 -0.000000
67  -0.109379 -1.856732 0.287229  0.000000 -0.000000 -0.000000
68  -0.104048 -4.495924 7.879274  0.000000 -0.000000 -0.000000
69  -0.195264 4.332631 -6.347186  0.000000 -0.000000 -0.000000
70  -1.290112 3.693284 8.579671  0.022713 -0.014049 -0.017451
71  -0.121470 -1.314581 7.402089  0.000000 -0.000000 -0.000000
72  -1.107528 -1.063453 4.061646  0.000000 -0.000000 -0.000000
73  0.003659 1.612363 10.733981  0.000000 -0.000000 -0.000137
74  -2.643550 -17.878050 -2.771731  1.550006 0.056958 0.014422
time 116
0  0.000006 0.000000 0.000000  -1.570800 -1.391899 -1.570792
1  -4.849906 3.337897 2.232070  -1.544956 -1.855077 -0.198630
2  6.027524 -0.000325 0.000192  -0.462065 -1.200385 -1.823021
3  11.692110 0.000645 -0.000739  -1.384570 -0.000003 -1.127907
4  11.480619 0.000700 -0.000248  1.519397 -0.948116 0.109268
5  3.859508 -0.142879 -1.192050  -0.507739 -0.034586 -1.573166
6  1.312590 0.000015 0.000007  -0.099219 -0.080836 -0.578266
7  0.729353 0.000054 0.000049  -0.083327 -0.106005 -0.262589
8  3.942144 0.046273 -0.431512  -0.423826 0.326055 -0.977403
9  1.539111 0.000083 0.000006  0.011526 -0.070624 -1.101829
10  1.196333 0.000145 0.000030  0.007038 -0.000117 -0.629733
11  3.883505 -0.047269 0.431381  -0.232037 0.533715 -0.537849
12  1.719573 -0.000027 0.000014  0.011708 -0.105542 -1.237432
13  1.209180 0.000093 0.000015  -0.006673 -0.001106 -0.502906
14  3.859663 -0.138475 1.332410  0.013813 0.511197 -0.350141
15  1.719445 -0.000012 0.000022  -0.022509 0.019639 -0.287088
16  1.099676 0.000049 0.000006  -0.286525 0.346051 -1.053593
17  0.770796 -0.901442 1.177686  -1.865794 -0.596008 -0.315192
18  1.789820 -0.000004 -0.000018  0.005558 0.090197 0.395774
19  1.207014 -0.000011 -0.000044  0.141886 -0.163086 0.233767
20  5.740637 0.000410 -0.000703  -0.070259 0.000003 0.000070
21  11.481130 0.000350 -0.000707  0.007196 -0.168370 0.004973
22  6.027524 -0.000329 0.000203  1.478832 -0.359409 1.575069
23  0.000002 11.692101 -0.000006  -0.802585 -0.285658 -0.653441
24  0.000004 0.000008 0.000001  -0.515490 -0.000031 1.570739
25  0.000000 -0.000011 -0.000000  0.868957 0.000002 1.570712
26  -6.617934 -9.178503 0.826812  1.473120 1.855075 -0.198639
27  6.027512 -0.000261 -0.000226  1.635312 0.882269 -0.653310
28  11.691991 0.000243 0.000856  0.141447 0.000056 -1.629081
29  11.479327 -0.000876 0.000959  -1.231563 0.283974 0.771298
30  3.859437 -0.132787 1.193062  0.466149 -0.051826 -1.783918
31  1.312558 0.000024 0.000000  -0.013965 -0.041044 -0.156447
32  0.729344 0.000066 -0.000028  -0.128320 -0.117290 -0.954857
33  3.942046 0.050109 0.430996  0.211501 -0.107596 -1.469120
34  1.539096 0.000009 -0.000000  0.040712 -0.054386 -1.030469
35  1.196299 0.000076 -0.000004  -0.249391 -0.043040 -0.795121
36  3.883412 -0.050501 -0.431087  0.186407 -0.271796 -1.212184
37  1.719563 -0.000079 -0.000003  0.020974 -0.107650 -1.483528
38  1.209198 0.000036 0.000011  -0.324719 0.069674 -0.493483
39  3.859586 -0.149111 -1.331323  -0.094938 -0.084955 -0.411363
40  1.719413 -0.000100 -0.000035  -0.011248 0.001677 -0.960922
41  1.099674 0.000024 0.000006  -0.004984 -0.008084 -0.787926
42  0.805979 -0.359854 -1.318337  0.991670 0.166767 -0.799535
43  1.789779 -0.000010 -0.000042  0.000057 -0.002451 0.133097
44  1.206997 -0.000005 0.000005  0.000372 -0.000070 1.058782
45  5.740572 0.000055 0.000724  0.141657 -0.000014 0.000021
46  11.480809 -0.000139 0.000942  0.050786 0.056004 0.130845
47  6.027514 -0.000273 -0.000238  -0.986516 -0.387798 -1.704775
48  -0.000003 11.691973 -0.000006  -1.105426 0.548922 0.856402
49  0.000004 -0.000001 -0.000000  2.413975 -0.000041 1.570856
50  -0.000007 -0.000016 0.000005  2.272644 -0.000030 1.570865
51  -4.038575 -5.680198 -5.831706  -0.132621 -2.970201 1.489323
52  0.000000 -0.000000 0.000000  0.008153 -0.000259 0.000009
53  0.000000 0.000000 0.000000  1.565115 0.043565 -0.106862
54  -0.958684 -19.565781 -3.863365  -0.896560 0.123332 -1.789821
55  -0.000001 0.000000 -0.000001  0.000000 -0.000000 -0.000002
56  0.000030 0.000029 0.000001  -1.571902 -0.044449 -0.106509
57  7.202790 -19.259499 -17.055128  1.570796 -0.000000 0.000000
58  -15.417985 4.000748 -22.641926  1.570796 -0.000000 0.000000
59  2.236387 -2.421983 -5.367696  1.570796 -0.000000 0.000000
60  -0.004311 0.001230 -0.000371  0.006898 -0.005534 -0.284229
61  0.826810 10.209643 -4.879054  1.570796 -0.000000 0.000000
62  0.000000 0.000000 0.000000  -0.078727 -3.136056 0.284226
63  0.000000 0.000000 0.000000  1.570796 -0.000000 0.000000
64  -2.534365 -12.650944 -1.582699  1.549824 0.056318 0.014393
65  -0.109379 -1.951951 -1.519206  0.000000 -0.000000 -0.000000
66  -0.109379 0.057027 25.399252  0.000000 -0.000000 -0.000000
67  -0.109379 -1.856731 0.287229  0.000000 -0.000000 -0.000000
68  -0.104048 -4.495923 7.879277  0.000000 -0.000000 -0.000000
69  -0.195264 4.332630 -6.347188  0.000000 -0.000000 -0.000000
70  -1.290112 3.693283 8.579665  0.022713 -0.014049 -0.017451
71  -0.121470 -1.314581 7.402089  0.000000 -0.000000 -0.000000
72  -1.107529 -1.063453 4.061646  0.000000 -0.000000 -0.000000
73  0.003659 1.612363 10.733981  0.000000 -0.000000 -0.000092
74  -2.643695 -17.878252 -2.769760  1.549824 0.056318 0.014393
time 117
0  0.000006 0.000000 0.000000  -1.570800 -1.391899 -1.570792
1  -4.849906 3.337897 2.232070  -1.544956 -1.855077 -0.198630
2  6.027524 -0.000325 0.000192  -0.461889 -1.200492 -1.823373
3  11.692109 0.000645 -0.000740  -1.384570 -0.000003 -1.127816
4  11.480620 0.000700 -0.000243  1.520198 -0.948180 0.109284
5  3.859509 -0.142879 -1.192049  -0.507739 -0.034586 -1.573166
6  1.312590 0.000012 0.000008  -0.099219 -0.080836 -0.578266
7  0.729354 0.000053 0.000049  -0.083327 -0.106005 -0.262589
8  3.942142 0.046273 -0.431512  -0.423826 0.326055 -0.977403
9  1.539111 0.000085 0.000002  0.011526 -0.070624 -1.101829
10  1.196333 0.000146 0.000028  0.007038 -0.000117 -0.629733
11  3.883504 -0.047269 0.431381  -0.232037 0.533715 -0.537849
12  1.719571 -0.000028 0.000016  0.011709 -0.105542 -1.237432
13  1.209178 0.000090 0.000013  -0.006673 -0.001106 -0.502906
14  3.859662 -0.138475 1.332410  0.013813 0.511197 -0.350141
15  1.719447 -0.000012 0.000019  -0.022509 0.019639 -0.287088
16  1.099674 0.000046 0.000006  -0.286525 0.346051 -1.053593
17  0.770792 -0.901442 1.177685  -1.865794 -0.596008 -0.315192
18  1.789820 -0.000003 -0.000018  0.005558 0.090197 0.395774
19  1.207015 -0.000012 -0.000043  0.141886 -0.163086 0.233767
20  5.740636 0.000410 -0.000703  -0.070096 0.000003 0.000070
21  11.481130 0.000350 -0.000705  0.007335 -0.168375 0.005047
22  6.027524 -0.000329 0.000203  1.478796 -0.359289 1.574894
23  0.000003 11.692098 -0.000008  -0.802527 -0.285616 -0.653399
24  0.000003 0.000008 0.000000  -0.515490 -0.000031 1.570739
25  -0.000000 -0.000011 -0.000002  0.868957 0.000002 1.570712
26  -6.617934 -9.178503 0.826812  1.473120 1.855075 -0.198639
27  6.027512 -0.000261 -0.000226  1.635073 0.882327 -0.653435
28  11.691991 0.000242 0.000856  0.141447 0.000056 -1.628988
29  11.479328 -0.000875 0.000956  -1.230904 0.284302 0.771197
30  3.859436 -0.132787 1.193062  0.466149 -0.051826 -1.783918
31  1.312558 0.000026 0.000000  -0.013965 -0.041044 -0.156447
32  0.729345 0.000065 -0.000027  -0.128320 -0.117290 -0.954857
33  3.942046 0.050109 0.430997  0.211501 -0.107596 -1.469120
34  1.539096 0.000010 -0.000001  0.040712 -0.054386 -1.030469
35  1.196300 0.000075 -0.000004  -0.249391 -0.043040 -0.795120
36  3.883411 -0.050502 -0.431087  0.186407 -0.271796 -1.212184
37  1.719563 -0.000080 -0.000003  0.020974 -0.107650 -1.483528
38  1.209198 0.000036 0.000011  -0.324719 0.069674 -0.493483
39  3.859585 -0.149111 -1.331323  -0.094938 -0.084955 -0.411363
40  1.719412 -0.000100 -0.000035  -0.011248 0.001677 -0.960922
41  1.099673 0.000025 0.000006  -0.004984 -0.008084 -0.787926
42  0.805979 -0.359854 -1.318338  0.991670 0.166767 -0.799535
43  1.789780 -0.000010 -0.000043  0.000057 -0.002451 0.133097
44  1.206996 -0.000006 0.000005  0.000372 -0.000070 1.058782
45  5.740572 0.000054 0.000724  0.141775 -0.000014 0.000021
46  11.480809 -0.000140 0.000941  0.050887 0.056107 0.130788
47  6.027514 -0.000273 -0.000238  -0.986653 -0.387900 -1.704663
48  -0.000002 11.691974 -0.000005  -1.105372 0.548869 0.856371
49  0.000003 -0.000001 -0.000000  2.413975 -0.000041 1.570856
50  -0.000007 -0.000016 0.000006  2.272644 -0.000030 1.570865
51  -4.036340 -5.680907 -5.832963  -0.131953 -2.970080 1.489189
52  -0.000000 0.000000 -0.000000  0.008153 -0.000259 0.000009
53  -0.000000 0.000000 -0.000000  1.565115 0.043565 -0.106862
54  -0.957994 -19.566204 -3.860220  -0.895885 0.123303 -1.789757
55  0.000001 0.000001 -0.000000  0.000000 -0.000000 -0.000002
56  0.000032 0.000029 0.000001  -1.571901 -0.044449 -0.106509
57  7.202790 -19.259499 -17.055128  1.570796 -0.000000 0.000000
58  -15.417985 4.000748 -22.641926  1.570796 -0.000000 0.000000
59  2.236387 -2.421983 -5.367696  1.570796 -0.000000 0.000000
60  -0.004311 0.001230 -0.000371  0.006898 -0.005534 -0.284229
61  0.826810 10.209643 -4.879054  1.570796 -0.000000 0.000000
62  0.000000 0.000000 0.000000  -0.078727 -3.136056 0.284226
63  0.000000 0.000000 0.000000  1.570796 -0.000000 0.000000
64  -2.535016 -12.650944 -1.581775  1.549641 0.055674 0.014363
65  -0.109378 -1.951952 -1.519205  0.000000 -0.000000 -0.000000
66  -0.109379 0.057027 25.399254  0.000000 -0.000000 -0.000000
67  -0.109378 -1.856732 0.287229  0.000000 -0.000000 -0.000000
68  -0.104047 -4.495923 7.879278  0.000000 -0.000000 -0.000000
69  -0.195264 4.332630 -6.347188  0.000000 -0.000000 -0.000000
70  -1.290112 3.693283 8.579670  0.022713 -0.014049 -0.017451
71  -0.121470 -1.314581 7.402087  0.000000 -0.000000 -0.000000
72  -1.107528 -1.063453 4.061646  0.000000 -0.000000 -0.000000
73  0.003659 1.612363 10.733982  -0.000000 0.000000 -0.000058
74  -2.643680 -17.878456 -2.768000  1.549641 0.055674 0.014363
time 118
0  0.000006 0.000000 0.000000  -1.570800 -1.391899 -1.570792
1  -4.849906 3.337897 2.232070  -1.544956 -1.855077 -0.198630
2  6.027524 -0.000325 0.000192  -0.461767 -1.200591 -1.823669
3  11.692112 0.000644 -0.000739  -1.384570 -0.000003 -1.127742
4  11.480622 0.000701 -0.000245  1.521006 -0.948240 0.109300
5  3.859507 -0.142879 -1.192049  -0.507739 -0.034586 -1.573166
6  1.312591 0.000009 0.000008  -0.099219 -0.080836 -0.578266
7  0.729356 0.000052 0.000049  -0.083327 -0.106005 -0.262589
8  3.942141 0.046273 -0.431512  -0.423826 0.326055 -0.977403
9  1.539111 0.000084 0.000006  0.011527 -0.070624 -1.101829
10  1.196332 0.000145 0.000030  0.007038 -0.000117 -0.629733
11  3.883503 -0.047269 0.431381  -0.232037 0.533715 -0.537849
12  1.719573 -0.000027 0.000017  0.011709 -0.105542 -1.237432
13  1.209180 0.000090 0.000013  -0.006673 -0.001106 -0.502906
14  3.859661 -0.138475 1.332410  0.013813 0.511197 -0.350141
15  1.719447 -0.000012 0.000022  -0.022509 0.019639 -0.287088
16  1.099675 0.000048 0.000005  -0.286525 0.346051 -1.053593
17  0.770793 -0.901442 1.177686  -1.865794 -0.596007 -0.315192
18  1.789817 -0.000003 -0.000019  0.005558 0.090197 0.395774
19  1.207017 -0.000012 -0.000043  0.141886 -0.163086 0.233767
20  5.740638 0.000409 -0.000704  -0.069930 0.000003 0.000070
21  11.481131 0.000350 -0.000707  0.007475 -0.168378 0.005122
22  6.027524 -0.000329 0.000203  1.478777 -0.359183 1.574718
23  0.000002 11.692098 -0.000008  -0.802481 -0.285582 -0.653364
24  0.000003 0.000008 0.000000  -0.515490 -0.000031 1.570739
25  -0.000000 -0.000011 -0.000002  0.868957 0.000002 1.570712
26  -6.617934 -9.178503 0.826812  1.473120 1.855075 -0.198639
27  6.027512 -0.000261 -0.000226  1.634807 0.882380 -0.653574
28  11.691990 0.000243 0.000856  0.141447 0.000056 -1.628896
29  11.479328 -0.000873 0.000956  -1.230239 0.284649 0.771087
30  3.859437 -0.132788 1.193062  0.466149 -0.051826 -1.783918
31  1.312558 0.000026 -0.000000  -0.013965 -0.041043 -0.156447
32  0.729345 0.000066 -0.000028  -0.128320 -0.117290 -0.954857
33  3.942047 0.050109 0.430997  0.211501 -0.107596 -1.469120
34  1.539096 0.000010 -0.000000  0.040712 -0.054386 -1.030469
35  1.196300 0.000077 -0.000004  -0.249391 -0.043040 -0.795121
36  3.883413 -0.050502 -0.431087  0.186407 -0.271796 -1.212184
37  1.719563 -0.000079 -0.000004  0.020974 -0.107650 -1.483528
38  1.209197 0.000035 0.000011  -0.324719 0.069674 -0.493483
39  3.859587 -0.149112 -1.331324  -0.094938 -0.084955 -0.411363
40  1.719413 -0.000099 -0.000034  -0.011248 0.001677 -0.960922
41  1.099673 0.000025 0.000006  -0.004984 -0.008084 -0.787926
42  0.805980 -0.359854 -1.318338  0.991670 0.166767 -0.799535
43  1.789779 -0.000010 -0.000042  0.000057 -0.002451 0.133097
44  1.206996 -0.000007 0.000005  0.000372 -0.000070 1.058781
45  5.740571 0.000057 0.000723  0.141890 -0.000014 0.000021
46  11.480808 -0.000137 0.000940  0.050988 0.056213 0.130728
47  6.027514 -0.000273 -0.000238  -0.986793 -0.388021 -1.704544
48  -0.000001 11.691974 -0.000005  -1.105318 0.548815 0.856339
49  0.000003 -0.000001 0.000000  2.413975 -0.000041 1.570856
50  -0.000006 -0.000015 0.000007  2.272644 -0.000030 1.570865
51  -4.033919 -5.681620 -5.834472  -0.131280 -2.969959 1.489055
52  0.000001 0.000000 0.000000  0.008153 -0.000259 0.000009
53  0.000001 -0.000000 -0.000000  1.565115 0.043565 -0.106862
54  -0.957128 -19.566633 -3.857301  -0.895207 0.123274 -1.789693
55  0.000002 0.000000 0.000000  0.000000 -0.000000 -0.000002
56  0.000031 0.000029 0.000001  -1.571901 -0.044449 -0.106509
57  7.202790 -19.259499 -17.055128  1.570796 -0.000000 0.000000
58  -15.417985 4.000748 -22.641926  1.570796 -0.000000 0.000000
59  2.236387 -2.421983 -5.367696  1.570796 -0.000000 0.000000
60  -0.004311 0.001230 -0.000371  0.006898 -0.005534 -0.284229
61  0.826810 10.209643 -4.879054  1.570796 -0.000000 0.000000
62  0.000000 0.000000 0.000000  -0.078727 -3.136056 0.284226
63  0.000000 0.000000 0.000000  1.570796 -0.000000 0.000000
64  -2.535498 -12.650944 -1.581089  1.549457 0.055025 0.014333
65  -0.109379 -1.951951 -1.519204  0.000000 -0.000000 0.000000
66  -0.109379 0.057027 25.399256  0.000000 -0.000000 0.000000
67  -0.109379 -1.856732 0.287230  0.000000 -0.000000 0.000000
68  -0.104048 -4.495923 7.879278  0.000000 -0.000000 0.000000
69  -0.195264 4.332630 -6.347187  0.000000 -0.000000 0.000000
70  -1.290112 3.693284 8.579667  0.022713 -0.014049 -0.017451
71  -0.121470 -1.314581 7.402090  0.000000 -0.000000 0.000000
72  -1.107529 -1.063453 4.061649  0.000000 -0.000000 0.000000
73  0.003659 1.612363 10.733981  0.000000 -0.000000 -0.000032
74  -2.643492 -17.878662 -2.766471  1.549457 0.055025 0.014333
time 119
0  0.000006 0.000000 0.000000  -1.570800 -1.391899 -1.570792
1  -4.849906 3.337897 2.232070  -1.544956 -1.855077 -0.198630
2  6.027524 -0.000325 0.000192  -0.461703 -1.200678 -1.823905
3  11.692111 0.000645 -0.000739  -1.384570 -0.000003 -1.127689
4  11.480619 0.000700 -0.000243  1.521818 -0.948295 0.109315
5  3.859506 -0.142880 -1.192050  -0.507739 -0.034586 -1.573166
6  1.312589 0.000013 0.000008  -0.099219 -0.080836 -0.578266
7  0.729355 0.000054 0.000049  -0.083327 -0.106005 -0.262589
8  3.942142 0.046273 -0.431512  -0.423826 0.326055 -0.977403
9  1.539111 0.000084 0.000004  0.011526 -0.070624 -1.101829
10  1.196333 0.000146 0.000028  0.007038 -0.000117 -0.629733
11  3.883501 -0.047269 0.431381  -0.232037 0.533715 -0.537849
12  1.719573 -0.000026 0.000016  0.011709 -0.105542 -1.237432
13  1.209180 0.000092 0.000014  -0.006673 -0.001106 -0.502906
14  3.859661 -0.138475 1.332410  0.013813 0.511197 -0.350141
15  1.719447 -0.000012 0.000021  -0.022509 0.019639 -0.287088
16  1.099676 0.000047 0.000007  -0.286525 0.346051 -1.053593
17  0.770791 -0.901442 1.177685  -1.865794 -0.596007 -0.315192
18  1.789819 -0.000003 -0.000019  0.005558 0.090197 0.395774
19  1.207016 -0.000012 -0.000043  0.141886 -0.163086 0.233767
20  5.740638 0.000410 -0.000701  -0.069762 0.000003 0.000071
21  11.481130 0.000350 -0.000706  0.007616 -0.168380 0.005197
22  6.027524 -0.000329 0.000203  1.478777 -0.359092 1.574542
23  0.000003 11.692099 -0.000008  -0.802447 -0.285557 -0.653339
24  0.000003 0.000008 -0.000002  -0.515490 -0.000031 1.570738
25  -0.000000 -0.000011 -0.000002  0.868957 0.000002 1.570712
26  -6.617934 -9.178503 0.826812  1.473120 1.855075 -0.198639
27  6.027512 -0.000261 -0.000226  1.634510 0.882426 -0.653731
28  11.691992 0.000243 0.000856  0.141447 0.000056 -1.628802
29  11.479332 -0.000876 0.000956  -1.229568 0.285015 0.770968
30  3.859437 -0.132787 1.193062  0.466149 -0.051826 -1.783918
31  1.312558 0.000025 -0.000000  -0.013965 -0.041043 -0.156447
32  0.729345 0.000067 -0.000027  -0.128320 -0.117290 -0.954857
33  3.942046 0.050109 0.430997  0.211501 -0.107596 -1.469120
34  1.539096 0.000009 -0.000001  0.040712 -0.054386 -1.030469
35  1.196301 0.000075 -0.000003  -0.249391 -0.043040 -0.795121
36  3.883412 -0.050501 -0.431087  0.186407 -0.271796 -1.212184
37  1.719563 -0.000079 -0.000003  0.020974 -0.107650 -1.483528
38  1.209197 0.000036 0.000011  -0.324719 0.069674 -0.493483
39  3.859585 -0.149112 -1.331323  -0.094938 -0.084955 -0.411363
40  1.719412 -0.000100 -0.000035  -0.011248 0.001677 -0.960922
41  1.099673 0.000026 0.000006  -0.004984 -0.008084 -0.787926
42  0.805979 -0.359854 -1.318339  0.991670 0.166767 -0.799535
43  1.789780 -0.000009 -0.000042  0.000057 -0.002451 0.133097
44  1.206997 -0.000006 0.000005  0.000372 -0.000070 1.058782
45  5.740574 0.000055 0.000723  0.142004 -0.000014 0.000021
46  11.480811 -0.000139 0.000941  0.051089 0.056323 0.130665
47  6.027514 -0.000273 -0.000238  -0.986937 -0.388162 -1.704417
48  -0.000001 11.691975 -0.000007  -1.105263 0.548762 0.856308
49  0.000004 0.000000 0.000001  2.413975 -0.000041 1.570856
50  -0.000006 -0.000015 0.000005  2.272644 -0.000030 1.570865
51  -4.031305 -5.682339 -5.836246  -0.130604 -2.969838 1.488920
52  0.000000 0.000000 0.000000  0.008153 -0.000259 0.000009
53  0.000000 0.000000 0.000000  1.565115 0.043565 -0.106862
54  -0.956074 -19.567062 -3.854628  -0.894526 0.123244 -1.789629
55  -0.000001 -0.000000 -0.000000  0.000000 -0.000000 -0.000002
56  0.000030 0.000029 0.000000  -1.571902 -0.044449 -0.106509
57  7.202790 -19.259499 -17.055128  1.570796 -0.000000 0.000000
58  -15.417985 4.000748 -22.641926  1.570796 -0.000000 0.000000
59  2.236387 -2.421983 -5.367696  1.570796 -0.000000 0.000000
60  -0.004311 0.001230 -0.000371  0.006898 -0.005534 -0.284229
61  0.826810 10.209643 -4.879054  1.570796 -0.000000 0.000000
62  0.000000 0.000000 0.000000  -0.078727 -3.136056 0.284226
63  0.000000 0.000000 0.000000  1.570796 -0.000000 0.000000
64  -2.535797 -12.650944 -1.580663  1.549272 0.054375 0.014304
65  -0.109379 -1.951951 -1.519204  0.000000 0.000000 0.000000
66  -0.109379 0.057027 25.399252  0.000000 0.000000 0.000000
67  -0.109379 -1.856732 0.287230  0.000000 0.000000 0.000000
68  -0.104048 -4.495923 7.879277  0.000000 0.000000 0.000000
69  -0.195264 4.332631 -6.347189  0.000000 0.000000 0.000000
70  -1.290112 3.693284 8.579664  0.022713 -0.014049 -0.017451
71  -0.121470 -1.314581 7.402088  0.000000 0.000000 0.000000
72  -1.107529 -1.063453 4.061647  0.000000 0.000000 0.000000
73  0.003658 1.612363 10.733980  0.000000 -0.000000 -0.000014
74  -2.643118 -17.878866 -2.765197  1.549272 0.054375 0.014304
time 120
0  0.000006 0.000000 0.000000  -1.570800 -1.391899 -1.570792
1  -4.849906 3.337897 2.232070  -1.544956 -1.855077 -0.198630
2  6.027524 -0.000325 0.000192  -0.461703 -1.200755 -1.824074
3  11.692110 0.000644 -0.000739  -1.384570 -0.000003 -1.127658
4  11.480620 0.000700 -0.000243  1.522634 -0.948346 0.109329
5  3.859510 -0.142880 -1.192049  -0.507739 -0.034586 -1.573166
6  1.312589 0.000010 0.000009  -0.099219 -0.080836 -0.578266
7  0.729354 0.000052 0.000050  -0.083327 -0.106005 -0.262589
8  3.942142 0.046273 -0.431512  -0.423826 0.326055 -0.977403
9  1.539110 0.000085 0.000005  0.011526 -0.070624 -1.101829
10  1.196334 0.000143 0.000028  0.007038 -0.000117 -0.629733
11  3.883505 -0.047269 0.431381  -0.232037 0.533715 -0.537849
12  1.719573 -0.000028 0.000016  0.011709 -0.105542 -1.237432
13  1.209179 0.000095 0.000013  -0.006673 -0.001106 -0.502906
14  3.859662 -0.138476 1.332410  0.013813 0.511197 -0.350141
15  1.719448 -0.000012 0.000024  -0.022509 0.019639 -0.287088
16  1.099675 0.000047 0.000007  -0.286525 0.346051 -1.053593
17  0.770795 -0.901442 1.177686  -1.865794 -0.596007 -0.315192
18  1.789819 -0.000003 -0.000018  0.005558 0.090197 0.395774
19  1.207017 -0.000012 -0.000044  0.141886 -0.163086 0.233767
20  5.740638 0.000411 -0.000702  -0.069593 0.000003 0.000071
21  11.481131 0.000350 -0.000704  0.007757 -0.168381 0.005272
22  6.027524 -0.000329 0.000203  1.478797 -0.359018 1.574365
23  0.000002 11.692099 -0.000007  -0.802427 -0.285543 -0.653325
24  0.000003 0.000007 -0.000000  -0.515490 -0.000031 1.570739
25  -0.000000 -0.000011 -0.000001  0.868957 0.000002 1.570712
26  -6.617934 -9.178503 0.826812  1.473120 1.855075 -0.198639
27  6.027512 -0.000261 -0.000226  1.634182 0.882465 -0.653904
28  11.691991 0.000244 0.000855  0.141447 0.000056 -1.628709
29  11.479328 -0.000875 0.000959  -1.228893 0.285401 0.770840
30  3.859436 -0.132788 1.193062  0.466149 -0.051826 -1.783918
31  1.312558 0.000025 -0.000000  -0.013965 -0.041044 -0.156447
32  0.729345 0.000065 -0.000027  -0.128320 -0.117290 -0.954857
33  3.942045 0.050109 0.430997  0.211501 -0.107596 -1.469120
34  1.539097 0.000009 -0.000000  0.040712 -0.054386 -1.030469
35  1.196300 0.000075 -0.000003  -0.249391 -0.043040 -0.795120
36  3.883411 -0.050502 -0.431087  0.186407 -0.271796 -1.212184
37  1.719563 -0.000079 -0.000004  0.020974 -0.107650 -1.483528
38  1.209197 0.000035 0.000010  -0.324719 0.069674 -0.493483
39  3.859586 -0.149111 -1.331323  -0.094938 -0.084955 -0.411363
40  1.719412 -0.000099 -0.000035  -0.011248 0.001677 -0.960922
41  1.099674 0.000024 0.000006  -0.004984 -0.008084 -0.787926
42  0.805978 -0.359853 -1.318338  0.991670 0.166767 -0.799535
43  1.789779 -0.000009 -0.000042  0.000057 -0.002451 0.133097
44  1.206996 -0.000006 0.000005  0.000372 -0.000070 1.058782
45  5.740571 0.000055 0.000724  0.142114 -0.000014 0.000021
46  11.480808 -0.000139 0.000942  0.051189 0.056437 0.130600
47  6.027514 -0.000273 -0.000238  -0.987086 -0.388323 -1.704280
48  -0.000002 11.691974 -0.000007  -1.105208 0.548708 0.856276
49  0.000003 0.000001 -0.000001  2.413975 -0.000041 1.570856
50  -0.000007 -0.000016 0.000005  2.272644 -0.000030 1.570865
51  -4.028488 -5.683058 -5.838304  -0.129927 -2.969716 1.488785
52  0.000000 0.000000 0.000001  0.008153 -0.000259 0.000009
53  -0.000000 0.000000 0.000000  1.565115 0.043565 -0.106862
54  -0.954822 -19.567493 -3.852229  -0.893843 0.123214 -1.789564
55  0.000000 -0.000000 -0.000000  0.000000 -0.000000 -0.000002
56  0.000029 0.000029 0.000001  -1.571901 -0.044449 -0.106509
57  7.202790 -19.259499 -17.055128  1.570796 -0.000000 0.000000
58  -15.417985 4.000748 -22.641926  1.570796 -0.000000 0.000000
59  2.236387 -2.421983 -5.367696  1.570796 -0.000000 0.000000
60  -0.004311 0.001230 -0.000371  0.006898 -0.005534 -0.284229
61  0.826810 10.209643 -4.879054  1.570796 -0.000000 0.000000
62  0.000000 0.000000 0.000000  -0.078727 -3.136056 0.284226
63  0.000000 0.000000 0.000000  1.570796 -0.000000 0.000000
64  -2.535900 -12.650944 -1.580516  1.549086 0.053723 0.014275
65  -0.109378 -1.951951 -1.519205  -0.000000 -0.000000 0.000000
66  -0.109379 0.057027 25.399250  -0.000000 -0.000000 0.000000
67  -0.109378 -1.856732 0.287229  -0.000000 -0.000000 0.000000
68  -0.104047 -4.495923 7.879276  -0.000000 -0.000000 0.000000
69  -0.195264 4.332630 -6.347188  -0.000000 -0.000000 0.000000
70  -1.290112 3.693283 8.579667  0.022713 -0.014049 -0.017451
71  -0.121470 -1.314581 7.402089  -0.000000 -0.000000 0.000000
72  -1.107528 -1.063453 4.061648  -0.000000 -0.000000 0.000000
73  0.003659 1.612363 10.733983  -0.000000 -0.000000 -0.000003
74  -2.642545 -17.879074 -2.764200  1.549086 0.053723 0.014275
time 121
0  0.000006 0.000000 0.000000  -1.570800 -1.391899 -1.570792
1  -4.849906 3.337897 2.232070  -1.544956 -1.855077 -0.198630
2  6.027524 -0.000325 0.000192  -0.461703 -1.200755 -1.824074
3  11.692110 0.000644 -0.000739  -1.384570 -0.000003 -1.127658
4  11.480620 0.000700 -0.000243  1.522634 -0.948346 0.109329
5  3.859510 -0.142880 -1.192049  -0.507739 -0.034586 -1.573166
6  1.312589 0.000010 0.000009  -0.099219 -0.080836 -0.578266
7  0.729354 0.000052 0.000050  -0.083327 -0.106005 -0.262589
8  3.942142 0.046273 -0.431512  -0.423826 0.326055 -0.977403
9  1.539110 0.000085 0.000005  0.011526 -0.070624 -1.101829
10  1.196334 0.000143 0.000028  0.007038 -0.000117 -0.629733
11  3.883505 -0.047269 0.431381  -0.232037 0.533715 -0.537849
12  1.719573 -0.000028 0.000016  0.011709 -0.105542 -1.237432
13  1.209179 0.000095 0.000013  -0.006673 -0.001106 -0.502906
14  3.859662 -0.138476 1.332410  0.013813 0.511197 -0.350141
15  1.719448 -0.000012 0.000024  -0.022509 0.019639 -0.287088
16  1.099675 0.000047 0.000007  -0.286525 0.346051 -1.053593
17  0.770795 -0.901442 1.177686  -1.865794 -0.596007 -0.315192
18  1.789819 -0.000003 -0.000018  0.005558 0.090197 0.395774
19  1.207017 -0.000012 -0.000044  0.141886 -0.163086 0.233767
20  5.740638 0.000411 -0.000702  -0.069593 0.000003 0.000071
21  11.481131 0.000350 -0.000704  0.007757 -0.168381 0.005272
22  6.027524 -0.000329 0.000203  1.478797 -0.359018 1.574365
23  0.000002 11.692099 -0.000007  -0.802427 -0.285543 -0.653325
24  0.000003 0.000007 -0.000000  -0.515490 -0.000031 1.570739
25  -0.000000 -0.000011 -0.000001  0.868957 0.000002 1.570712
26  -6.617934 -9.178503 0.826812  1.473120 1.855075 -0.198639
27  6.027512 -0.000261 -0.000226  1.634182 0.882465 -0.653904
28  11.691991 0.000244 0.000855  0.141447 0.000056 -1.628709
29  11.479328 -0.000875 0.000959  -1.228893 0.285401 0.770840
30  3.859436 -0.132788 1.193062  0.466149 -0.051826 -1.783918
31  1.312558 0.000025 -0.000000  -0.013965 -0.041044 -0.156447
32  0.729345 0.000065 -0.000027  -0.128320 -0.117290 -0.954857
33  3.942045 0.050109 0.430997  0.211501 -0.107596 -1.469120
34  1.539097 0.000009 -0.000000  0.040712 -0.054386 -1.030469
35  1.196300 0.000075 -0.000003  -0.249391 -0.043040 -0.795120
36  3.883411 -0.050502 -0.431087  0.186407 -0.271796 -1.212184
37  1.719563 -0.000079 -0.000004  0.020974 -0.107650 -1.483528
38  1.209197 0.000035 0.000010  -0.324719 0.069674 -0.493483
39  3.859586 -0.149111 -1.331323  -0.094938 -0.084955 -0.411363
40  1.719412 -0.000099 -0.000035  -0.011248 0.001677 -0.960922
41  1.099674 0.000024 0.000006  -0.004984 -0.008084 -0.787926
42  0.805978 -0.359853 -1.318338  0.991670 0.166767 -0.799535
43  1.789779 -0.000009 -0.000042  0.000057 -0.002451 0.133097
44  1.206996 -0.000006 0.000005  0.000372 -0.000070 1.058782
45  5.740571 0.000055 0.000724  0.142114 -0.000014 0.000021
46  11.480808 -0.000139 0.000942  0.051189 0.056437 0.130600
47  6.027514 -0.000273 -0.000238  -0.987086 -0.388323 -1.704280
48  -0.000002 11.691974 -0.000007  -1.105208 0.548708 0.856276
49  0.000003 0.000001 -0.000001  2.413975 -0.000041 1.570856
50  -0.000007 -0.000016 0.000005  2.272644 -0.000030 1.570865
51  -4.028488 -5.683058 -5.838304  -0.129927 -2.969716 1.488785
52  0.000000 0.000000 0.000001  0.008153 -0.000259 0.000009
53  -0.000000 0.000000 0.000000  1.565115 0.043565 -0.106862
54  -0.954822 -19.567493 -3.852229  -0.893843 0.123214 -1.789564
55  0.000000 -0.000000 -0.000000  0.000000 -0.000000 -0.000002
56  0.000029 0.000029 0.000001  -1.571901 -0.044449 -0.106509
57  7.202790 -19.259499 -17.055128  1.570796 -0.000000 0.000000
58  -15.417985 4.000748 -22.641926  1.570796 -0.000000 0.000000
59  2.236387 -2.421983 -5.367696  1.570796 -0.000000 0.000000
60  -0.004311 0.001230 -0.000371  0.006898 -0.005534 -0.284229
61  0.826810 10.209643 -4.879054  1.570796 -0.000000 0.000000
62  0.000000 0.000000 0.000000  -0.078727 -3.136056 0.284226
63  0.000000 0.000000 0.000000  1.570796 -0.000000 0.000000
64  -2.535900 -12.650944 -1.580516  1.549086 0.053723 0.014275
65  -0.109378 -1.951951 -1.519205  -0.000000 -0.000000 0.000000
66  -0.109379 0.057027 25.399250  -0.000000 -0.000000 0.000000
67  -0.109378 -1.856732 0.287229  -0.000000 -0.000000 0.000000
68  -0.104047 -4.495923 7.879276  -0.000000 -0.000000 0.000000
69  -0.195264 4.332630 -6.347188  -0.000000 -0.000000 0.000000
70  -1.290112 3.693283 8.579667  0.022713 -0.014049 -0.017451
71  -0.121470 -1.314581 7.402089  -0.000000 -0.000000 0.000000
72  -1.107528 -1.063453 4.061648  -0.000000 -0.000000 0.000000
73  0.003659 1.612363 10.733983  -0.000000 -0.000000 0.000000
74  -2.642545 -17.879074 -2.764200  1.549086 0.053723 0.014275
end
