version 1
nodes
0 "ValveBiped.Bip01_Spine4" -1
1 "ValveBiped.Bip01_L_Clavicle" 0
2 "ValveBiped.Bip01_L_UpperArm" 1
3 "ValveBiped.Bip01_L_Forearm" 2
4 "ValveBiped.Bip01_L_Hand" 3
5 "ValveBiped.Bip01_L_Finger4" 4
6 "ValveBiped.Bip01_L_Finger41" 5
7 "ValveBiped.Bip01_L_Finger42" 6
8 "ValveBiped.Bip01_L_Finger3" 4
9 "ValveBiped.Bip01_L_Finger31" 8
10 "ValveBiped.Bip01_L_Finger32" 9
11 "ValveBiped.Bip01_L_Finger2" 4
12 "ValveBiped.Bip01_L_Finger21" 11
13 "ValveBiped.Bip01_L_Finger22" 12
14 "ValveBiped.Bip01_L_Finger1" 4
15 "ValveBiped.Bip01_L_Finger11" 14
16 "ValveBiped.Bip01_L_Finger12" 15
17 "ValveBiped.Bip01_L_Finger0" 4
18 "ValveBiped.Bip01_L_Finger01" 17
19 "ValveBiped.Bip01_L_Finger02" 18
20 "ValveBiped.Bip01_L_Ulna" 3
21 "ValveBiped.Bip01_L_Wrist" 3
22 "rig_l_upperarm" 1
23 "rig_l_forearm" 22
24 "rig_d_l_forearm" 23
25 "rig_d_l_upperarm" 22
26 "ValveBiped.Bip01_R_Clavicle" 0
27 "ValveBiped.Bip01_R_UpperArm" 26
28 "ValveBiped.Bip01_R_Forearm" 27
29 "ValveBiped.Bip01_R_Hand" 28
30 "ValveBiped.Bip01_R_Finger4" 29
31 "ValveBiped.Bip01_R_Finger41" 30
32 "ValveBiped.Bip01_R_Finger42" 31
33 "ValveBiped.Bip01_R_Finger3" 29
34 "ValveBiped.Bip01_R_Finger31" 33
35 "ValveBiped.Bip01_R_Finger32" 34
36 "ValveBiped.Bip01_R_Finger2" 29
37 "ValveBiped.Bip01_R_Finger21" 36
38 "ValveBiped.Bip01_R_Finger22" 37
39 "ValveBiped.Bip01_R_Finger1" 29
40 "ValveBiped.Bip01_R_Finger11" 39
41 "ValveBiped.Bip01_R_Finger12" 40
42 "ValveBiped.Bip01_R_Finger0" 29
43 "ValveBiped.Bip01_R_Finger01" 42
44 "ValveBiped.Bip01_R_Finger02" 43
45 "ValveBiped.Bip01_R_Ulna" 28
46 "ValveBiped.Bip01_R_Wrist" 28
47 "rig_r_upperarm" 26
48 "rig_r_forearm" 47
49 "rig_d_r_forearm" 48
50 "rig_d_r_upperarm" 47
51 "rig_r_hand" -1
52 "rig_d_r_hand" 51
53 "rig_d_r_wrist" 52
54 "rig_l_hand" -1
55 "rig_d_l_hand" 54
56 "rig_d_l_wrist" 54
57 "rig_l_pole" -1
58 "rig_r_pole" -1
59 "rig_l_clavicle" -1
60 "rig_d_l_clavicle" 59
61 "rig_r_clavicle" -1
62 "rig_d_r_clavicle" 61
63 "Camera" -1
64 "body" -1
65 "trigger" 64
66 "barrel" 64
67 "bulletdoor" 64
68 "pump" 64
69 "bolt" 68
70 "tac" 68
71 "bullet2" 64
72 "catch" 64
73 "hookontop" 64
74 "bullet1" -1
end
skeleton
time 0
0  0.000006 0.000000 0.000000  -1.570800 -1.391899 -1.570792
1  -4.849906 3.337897 2.232070  -1.544956 -1.855077 -0.198630
2  6.027524 -0.000325 0.000192  -0.462017 -1.200729 -1.823814
3  11.692111 0.000644 -0.000740  -1.384570 -0.000003 -1.127810
4  11.480619 0.000700 -0.000248  1.522838 -0.948524 0.109134
5  3.859509 -0.142880 -1.192049  -0.507739 -0.034586 -1.573166
6  1.312590 0.000013 0.000007  -0.099219 -0.080836 -0.578266
7  0.729355 0.000054 0.000050  -0.083327 -0.106005 -0.262589
8  3.942142 0.046273 -0.431512  -0.423826 0.326055 -0.977403
9  1.539110 0.000084 0.000006  0.011526 -0.070624 -1.101829
10  1.196333 0.000144 0.000029  0.007038 -0.000117 -0.629733
11  3.883505 -0.047269 0.431381  -0.232037 0.533715 -0.537849
12  1.719573 -0.000026 0.000014  0.011709 -0.105542 -1.237432
13  1.209179 0.000095 0.000013  -0.006673 -0.001107 -0.502906
14  3.859663 -0.138476 1.332410  0.013813 0.511197 -0.350141
15  1.719446 -0.000013 0.000021  -0.022509 0.019639 -0.287088
16  1.099675 0.000046 0.000008  -0.286525 0.346051 -1.053593
17  0.770793 -0.901442 1.177686  -1.865794 -0.596008 -0.315192
18  1.789820 -0.000003 -0.000019  0.005558 0.090197 0.395774
19  1.207016 -0.000012 -0.000043  0.141886 -0.163086 0.233768
20  5.740637 0.000410 -0.000704  -0.069604 0.000003 0.000070
21  11.481129 0.000350 -0.000709  0.007781 -0.168414 0.005253
22  6.027524 -0.000329 0.000203  1.478908 -0.359072 1.574294
23  0.000001 11.692099 -0.000007  -0.802523 -0.285613 -0.653396
24  0.000003 0.000008 -0.000001  -0.515490 -0.000031 1.570739
25  -0.000000 -0.000011 -0.000001  0.868957 0.000002 1.570712
26  -6.617934 -9.178503 0.826812  1.473120 1.855075 -0.198639
27  6.027512 -0.000261 -0.000226  1.634294 0.882425 -0.653847
28  11.691992 0.000242 0.000855  0.141447 0.000056 -1.628682
29  11.479333 -0.000875 0.000957  -1.228905 0.285136 0.770684
30  3.859436 -0.132787 1.193062  0.466149 -0.051826 -1.783918
31  1.312559 0.000026 0.000000  -0.013965 -0.041044 -0.156447
32  0.729345 0.000066 -0.000028  -0.128320 -0.117290 -0.954857
33  3.942047 0.050109 0.430997  0.211501 -0.107596 -1.469120
34  1.539097 0.000011 -0.000001  0.040712 -0.054386 -1.030469
35  1.196299 0.000075 -0.000003  -0.249391 -0.043040 -0.795120
36  3.883411 -0.050501 -0.431087  0.186407 -0.271796 -1.212184
37  1.719564 -0.000080 -0.000003  0.020974 -0.107650 -1.483528
38  1.209197 0.000035 0.000011  -0.324719 0.069674 -0.493483
39  3.859586 -0.149111 -1.331323  -0.094938 -0.084955 -0.411363
40  1.719411 -0.000099 -0.000035  -0.011248 0.001677 -0.960922
41  1.099673 0.000025 0.000006  -0.004984 -0.008084 -0.787926
42  0.805979 -0.359853 -1.318338  0.991670 0.166767 -0.799535
43  1.789780 -0.000009 -0.000042  0.000057 -0.002451 0.133097
44  1.206997 -0.000007 0.000005  0.000372 -0.000070 1.058782
45  5.740574 0.000054 0.000723  0.142093 -0.000014 0.000021
46  11.480812 -0.000139 0.000941  0.051210 0.056383 0.130579
47  6.027514 -0.000273 -0.000238  -0.987010 -0.388281 -1.704338
48  -0.000003 11.691975 -0.000006  -1.105193 0.548692 0.856267
49  0.000003 -0.000001 -0.000000  2.413975 -0.000041 1.570856
50  -0.000008 -0.000015 0.000005  2.272644 -0.000030 1.570865
51  -4.029927 -5.683368 -5.838304  -0.129928 -2.969716 1.488992
52  0.000000 0.000000 -0.000000  0.008153 -0.000259 0.000009
53  0.000000 0.000001 0.000000  1.565115 0.043565 -0.106862
54  -0.953392 -19.567165 -3.852229  -0.893843 0.123214 -1.789358
55  0.000001 0.000000 -0.000000  0.000000 -0.000000 -0.000002
56  0.000030 0.000029 0.000001  -1.571901 -0.044449 -0.106509
57  7.202790 -19.259499 -17.055128  1.570796 -0.000000 0.000000
58  -15.417985 4.000748 -22.641926  1.570796 -0.000000 0.000000
59  2.236387 -2.421983 -5.367696  1.570796 -0.000000 0.000000
60  -0.004311 0.001230 -0.000371  0.006898 -0.005534 -0.284229
61  0.826810 10.209643 -4.879054  1.570796 -0.000000 0.000000
62  0.000000 0.000000 0.000000  -0.078727 -3.136056 0.284226
63  0.000000 0.000000 0.000000  1.570796 -0.000000 0.000000
64  -2.535900 -12.650944 -1.580516  1.549086 0.053723 0.014481
65  -0.109378 -1.951951 -1.519205  -0.000000 0.000000 0.000000
66  -0.109379 0.057027 25.399252  -0.000000 0.000000 0.000000
67  -0.109378 -1.856732 0.287229  -0.000000 0.000000 0.000000
68  -0.104047 -4.495923 7.879278  -0.000000 0.000000 0.000000
69  -0.195264 4.332631 -6.347188  -0.000000 0.000000 0.000000
70  -1.290112 3.693284 8.579670  0.022713 -0.014049 -0.017451
71  -0.121470 -1.314581 7.402088  -0.000000 0.000000 0.000000
72  -1.107528 -1.063453 4.061647  -0.000000 0.000000 0.000000
73  0.003659 1.612363 10.733981  -0.000000 0.000000 0.000000
74  -2.641465 -17.879095 -2.764200  1.549086 0.053723 0.014481
time 1
0  0.000006 0.000000 0.000000  -1.570800 -1.391899 -1.570792
1  -4.849906 3.337897 2.232070  -1.544956 -1.855077 -0.198630
2  6.027524 -0.000325 0.000192  -0.482592 -1.198253 -1.805221
3  11.692111 0.000644 -0.000740  -1.384570 -0.000003 -1.125594
4  11.480634 0.000701 -0.000240  1.504910 -0.926723 0.128979
5  3.859509 -0.142880 -1.192049  -0.507867 -0.033431 -1.568603
6  1.312590 0.000011 0.000008  -0.098607 -0.080022 -0.575890
7  0.729354 0.000054 0.000047  -0.081688 -0.105445 -0.260933
8  3.942144 0.046273 -0.431512  -0.421557 0.323706 -0.976142
9  1.539109 0.000085 0.000006  0.011132 -0.070178 -1.093616
10  1.196332 0.000144 0.000029  0.006142 -0.000201 -0.632512
11  3.883505 -0.047269 0.431381  -0.229451 0.529839 -0.537566
12  1.719573 -0.000026 0.000016  0.011270 -0.104809 -1.230952
13  1.209179 0.000094 0.000010  -0.006592 -0.002308 -0.505527
14  3.859661 -0.138476 1.332410  0.016714 0.507329 -0.349182
15  1.719448 -0.000011 0.000022  -0.022345 0.019749 -0.287040
16  1.099675 0.000049 0.000008  -0.281995 0.343100 -1.049205
17  0.770793 -0.901442 1.177686  -1.749390 -0.611306 -0.347804
18  1.789819 -0.000003 -0.000019  0.005558 0.090197 0.395774
19  1.207013 -0.000011 -0.000044  0.141886 -0.163086 0.233768
20  5.740636 0.000410 -0.000705  -0.067357 0.000003 0.000071
21  11.481133 0.000350 -0.000707  0.005655 -0.164277 0.007512
22  6.027524 -0.000329 0.000203  1.486004 -0.363289 1.571207
23  0.000001 11.692098 -0.000008  -0.801123 -0.284585 -0.652359
24  0.000005 0.000009 -0.000002  -0.515490 -0.000031 1.570739
25  -0.000001 -0.000012 -0.000002  0.868957 0.000002 1.570712
26  -6.604730 -9.143301 0.809990  1.473120 1.855075 -0.198639
27  6.027512 -0.000260 -0.000226  1.628350 0.886102 -0.655647
28  11.691990 0.000243 0.000856  0.144894 0.000055 -1.628103
29  11.479338 -0.000866 0.000960  -1.228484 0.289731 0.777215
30  3.859436 -0.132788 1.193062  0.466149 -0.051826 -1.783918
31  1.312558 0.000025 0.000001  -0.013965 -0.041044 -0.156447
32  0.729345 0.000066 -0.000027  -0.128320 -0.117290 -0.954857
33  3.942046 0.050109 0.430997  0.211501 -0.107596 -1.469120
34  1.539097 0.000009 -0.000001  0.040712 -0.054386 -1.030469
35  1.196300 0.000077 -0.000005  -0.249391 -0.043040 -0.795121
36  3.883413 -0.050502 -0.431087  0.186407 -0.271796 -1.212184
37  1.719564 -0.000079 -0.000004  0.020974 -0.107650 -1.483528
38  1.209198 0.000035 0.000011  -0.324719 0.069674 -0.493483
39  3.859586 -0.149112 -1.331323  -0.098025 -0.084971 -0.389083
40  1.719412 -0.000100 -0.000035  -0.011224 0.000458 -0.973184
41  1.099673 0.000026 0.000007  -0.006172 -0.006468 -0.787908
42  0.805979 -0.359854 -1.318338  0.991670 0.166767 -0.799535
43  1.789780 -0.000009 -0.000043  0.000057 -0.002451 0.133097
44  1.206996 -0.000007 0.000005  0.000372 -0.000070 1.058782
45  5.740573 0.000056 0.000723  0.142441 -0.000014 0.000021
46  11.480812 -0.000136 0.000942  0.050814 0.057428 0.131694
47  6.027514 -0.000273 -0.000239  -0.992487 -0.389705 -1.699465
48  -0.000001 11.691974 -0.000005  -1.104854 0.548358 0.856069
49  0.000002 -0.000002 -0.000001  2.417420 -0.000041 1.570856
50  -0.000007 -0.000015 0.000006  2.272644 -0.000030 1.570865
51  -3.961474 -5.719708 -5.824546  -0.130524 -2.974439 1.489335
52  -0.000000 0.000000 0.000001  0.008153 -0.000259 0.000009
53  0.000000 -0.000000 0.000000  1.565115 0.043565 -0.106862
54  -0.860787 -19.651737 -3.965137  -0.900174 0.122364 -1.806735
55  -0.000000 0.000000 0.000000  0.000000 -0.000000 -0.000002
56  0.000031 0.000029 0.000001  -1.571901 -0.044449 -0.106509
57  7.202790 -19.259499 -17.055128  1.570796 -0.000000 0.000000
58  -15.435967 4.000760 -22.594671  1.570796 -0.000000 0.000000
59  2.236387 -2.421983 -5.367696  1.570796 -0.000000 0.000000
60  -0.004311 0.001230 -0.000371  0.006898 -0.005534 -0.284229
61  0.809988 10.172653 -4.872324  1.570796 -0.000000 0.000000
62  0.000000 0.000000 0.000000  -0.078727 -3.136056 0.284226
63  0.000000 0.000000 0.000000  1.568900 0.000721 -0.001158
64  -2.464902 -12.707088 -1.600238  1.553851 0.053853 0.014980
65  -0.109378 -1.951952 -1.519205  -0.000000 -0.000000 -0.000000
66  -0.109379 0.057027 25.399252  -0.000000 -0.000000 -0.000000
67  -0.109378 -1.856732 0.287230  -0.000000 -0.000000 -0.000000
68  -0.104047 -4.495924 7.879276  -0.000000 -0.000000 -0.000000
69  -0.195264 4.332630 -6.347187  -0.000000 -0.000000 -0.000000
70  -1.290112 3.693283 8.579668  0.022713 -0.014049 -0.017451
71  -0.121470 -1.314581 7.402088  -0.000000 -0.000000 -0.000000
72  -1.107528 -1.063453 4.061649  -0.000000 -0.000000 -0.000000
73  0.003659 1.612363 10.733982  -0.000000 -0.000000 0.003472
74  -2.569438 -17.929577 -2.808749  1.553851 0.053853 0.014980
time 2
0  0.000006 0.000000 0.000000  -1.570800 -1.391899 -1.570792
1  -4.849906 3.337897 2.232070  -1.544956 -1.855077 -0.198630
2  6.027524 -0.000325 0.000192  -0.535842 -1.190961 -1.757366
3  11.692109 0.000644 -0.000738  -1.384569 -0.000003 -1.117193
4  11.480686 0.000706 -0.000212  1.458083 -0.858490 0.178431
5  3.859509 -0.142880 -1.192049  -0.508219 -0.029931 -1.554789
6  1.312590 0.000014 0.000006  -0.096744 -0.077568 -0.568701
7  0.729354 0.000054 0.000051  -0.076723 -0.103770 -0.255920
8  3.942143 0.046273 -0.431512  -0.414719 0.316582 -0.972368
9  1.539111 0.000084 0.000005  0.009958 -0.068801 -1.068672
10  1.196333 0.000144 0.000029  0.003433 -0.000469 -0.640919
11  3.883505 -0.047269 0.431381  -0.221664 0.518099 -0.536784
12  1.719572 -0.000027 0.000018  0.009969 -0.102570 -1.211312
13  1.209178 0.000092 0.000012  -0.006326 -0.005942 -0.513458
14  3.859663 -0.138475 1.332410  0.025437 0.495602 -0.346368
15  1.719449 -0.000010 0.000023  -0.021850 0.020083 -0.286893
16  1.099674 0.000048 0.000008  -0.268382 0.334044 -1.036022
17  0.770795 -0.901442 1.177686  -1.431321 -0.635700 -0.444642
18  1.789819 -0.000003 -0.000019  0.005558 0.090197 0.395774
19  1.207018 -0.000013 -0.000044  0.141886 -0.163086 0.233767
20  5.740636 0.000410 -0.000703  -0.061605 0.000003 0.000071
21  11.481142 0.000351 -0.000700  -0.000855 -0.151456 0.013602
22  6.027524 -0.000329 0.000203  1.504926 -0.374437 1.562711
23  0.000003 11.692098 -0.000006  -0.795806 -0.280701 -0.648419
24  0.000003 0.000010 -0.000003  -0.515490 -0.000030 1.570739
25  -0.000000 -0.000011 0.000000  0.868957 0.000002 1.570712
26  -6.564806 -9.036872 0.759134  1.473120 1.855075 -0.198639
27  6.027513 -0.000261 -0.000226  1.613046 0.895353 -0.659982
28  11.691991 0.000242 0.000855  0.155326 0.000056 -1.626746
29  11.479345 -0.000854 0.000970  -1.228358 0.301608 0.793171
30  3.859436 -0.132787 1.193061  0.466149 -0.051826 -1.783918
31  1.312558 0.000025 0.000000  -0.013965 -0.041044 -0.156447
32  0.729345 0.000065 -0.000027  -0.128320 -0.117290 -0.954857
33  3.942046 0.050110 0.430996  0.211501 -0.107596 -1.469120
34  1.539097 0.000010 -0.000000  0.040712 -0.054386 -1.030469
35  1.196300 0.000074 -0.000004  -0.249391 -0.043040 -0.795120
36  3.883410 -0.050501 -0.431088  0.186407 -0.271796 -1.212184
37  1.719564 -0.000079 -0.000004  0.020974 -0.107650 -1.483528
38  1.209197 0.000036 0.000012  -0.324719 0.069674 -0.493483
39  3.859585 -0.149111 -1.331324  -0.107289 -0.084608 -0.322150
40  1.719412 -0.000099 -0.000035  -0.011061 -0.003185 -1.009855
41  1.099674 0.000024 0.000007  -0.009721 -0.001643 -0.787768
42  0.805979 -0.359853 -1.318339  0.991670 0.166767 -0.799535
43  1.789779 -0.000009 -0.000042  0.000057 -0.002451 0.133097
44  1.206996 -0.000006 0.000005  0.000372 -0.000070 1.058782
45  5.740572 0.000056 0.000725  0.142888 -0.000014 0.000021
46  11.480813 -0.000135 0.000944  0.049604 0.060040 0.134425
47  6.027515 -0.000273 -0.000239  -1.006408 -0.393260 -1.686587
48  -0.000001 11.691974 -0.000007  -1.104057 0.547576 0.855609
49  0.000004 -0.000000 -0.000000  2.427853 -0.000041 1.570856
50  -0.000007 -0.000015 0.000005  2.272644 -0.000030 1.570865
51  -3.794547 -5.826824 -5.787854  -0.132617 -2.986566 1.491378
52  0.000000 0.000000 0.000001  0.008153 -0.000259 0.000009
53  0.000000 0.000000 -0.000000  1.565115 0.043565 -0.106862
54  -0.610612 -19.891361 -4.286747  -0.921388 0.115654 -1.859153
55  -0.000002 0.000001 -0.000001  0.000000 -0.000000 -0.000002
56  0.000029 0.000030 0.000001  -1.571901 -0.044449 -0.106509
57  7.202790 -19.259499 -17.055128  1.570796 -0.000000 0.000000
58  -15.490335 4.000796 -22.451801  1.570796 -0.000000 0.000000
59  2.236387 -2.421983 -5.367696  1.570796 -0.000000 0.000000
60  -0.004311 0.001230 -0.000371  0.006898 -0.005534 -0.284229
61  0.759132 10.060819 -4.851976  1.570796 -0.000000 0.000000
62  0.000000 0.000000 0.000000  -0.078727 -3.136056 0.284226
63  0.000000 0.000000 0.000000  1.565377 0.002406 -0.003312
64  -2.281465 -12.862864 -1.651099  1.566138 0.054740 0.017355
65  -0.109378 -1.951951 -1.519204  0.000000 -0.000000 -0.000000
66  -0.109379 0.057027 25.399256  0.000000 -0.000000 -0.000000
67  -0.109378 -1.856732 0.287230  0.000000 -0.000000 -0.000000
68  -0.104047 -4.495923 7.879277  0.000000 -0.000000 -0.000000
69  -0.195264 4.332631 -6.347188  0.000000 -0.000000 -0.000000
70  -1.290112 3.693284 8.579669  0.022713 -0.014049 -0.017451
71  -0.121470 -1.314581 7.402088  0.000000 -0.000000 -0.000000
72  -1.107528 -1.063453 4.061649  0.000000 -0.000000 -0.000000
73  0.003659 1.612363 10.733983  0.000000 -0.000000 0.013148
74  -2.378443 -18.070324 -2.923405  1.566138 0.054740 0.017355
time 3
0  0.000006 0.000000 0.000000  -1.570800 -1.391899 -1.570792
1  -4.849906 3.337897 2.232070  -1.544956 -1.855077 -0.198630
2  6.027524 -0.000325 0.000192  -0.605931 -1.179387 -1.695293
3  11.692113 0.000643 -0.000740  -1.384568 -0.000002 -1.099954
4  11.480808 0.000717 -0.000157  1.398062 -0.742324 0.236361
5  3.859509 -0.142880 -1.192051  -0.508701 -0.024064 -1.531681
6  1.312590 0.000013 0.000008  -0.093593 -0.073500 -0.556688
7  0.729354 0.000054 0.000050  -0.068417 -0.101028 -0.247531
8  3.942145 0.046273 -0.431513  -0.403394 0.304627 -0.966195
9  1.539111 0.000084 0.000004  0.008060 -0.066420 -1.026681
10  1.196333 0.000143 0.000029  -0.001086 -0.000968 -0.654961
11  3.883503 -0.047269 0.431380  -0.208773 0.498448 -0.535719
12  1.719572 -0.000027 0.000015  0.007887 -0.098757 -1.178380
13  1.209179 0.000093 0.000012  -0.005819 -0.012006 -0.526706
14  3.859662 -0.138476 1.332409  0.039827 0.475936 -0.341956
15  1.719449 -0.000011 0.000024  -0.021023 0.020640 -0.286649
16  1.099674 0.000049 0.000007  -0.245945 0.318492 -1.014313
17  0.770795 -0.901442 1.177686  -1.109169 -0.634096 -0.546858
18  1.789822 -0.000002 -0.000017  0.005558 0.090197 0.395774
19  1.207014 -0.000012 -0.000044  0.141886 -0.163086 0.233767
20  5.740637 0.000410 -0.000704  -0.054755 0.000003 0.000071
21  11.481168 0.000354 -0.000691  -0.011628 -0.129869 0.022059
22  6.027524 -0.000329 0.000203  1.531297 -0.389598 1.550005
23  0.000002 11.692099 -0.000007  -0.784864 -0.272792 -0.640279
24  0.000001 0.000009 -0.000002  -0.515490 -0.000031 1.570739
25  -0.000000 -0.000011 -0.000000  0.868957 0.000002 1.570712
26  -6.498191 -8.859286 0.674275  1.473120 1.855075 -0.198639
27  6.027513 -0.000262 -0.000227  1.592282 0.907623 -0.665245
28  11.691990 0.000245 0.000857  0.172790 0.000055 -1.624958
29  11.479357 -0.000833 0.000983  -1.230233 0.317806 0.812913
30  3.859437 -0.132788 1.193062  0.466149 -0.051826 -1.783918
31  1.312558 0.000026 -0.000000  -0.013965 -0.041043 -0.156447
32  0.729345 0.000067 -0.000027  -0.128320 -0.117290 -0.954857
33  3.942046 0.050109 0.430996  0.211501 -0.107596 -1.469120
34  1.539096 0.000010 0.000001  0.040712 -0.054386 -1.030469
35  1.196300 0.000076 -0.000003  -0.249391 -0.043040 -0.795121
36  3.883412 -0.050502 -0.431087  0.186407 -0.271796 -1.212184
37  1.719563 -0.000078 -0.000003  0.020974 -0.107650 -1.483528
38  1.209197 0.000036 0.000011  -0.324719 0.069674 -0.493483
39  3.859586 -0.149112 -1.331323  -0.121906 -0.082764 -0.215774
40  1.719411 -0.000100 -0.000034  -0.010533 -0.008918 -1.067757
41  1.099674 0.000024 0.000007  -0.015305 0.005956 -0.787345
42  0.805979 -0.359854 -1.318338  0.991670 0.166767 -0.799535
43  1.789779 -0.000009 -0.000043  0.000057 -0.002451 0.133097
44  1.206997 -0.000005 0.000005  0.000372 -0.000070 1.058782
45  5.740571 0.000055 0.000723  0.142502 -0.000014 0.000021
46  11.480816 -0.000131 0.000945  0.047565 0.063400 0.137822
47  6.027515 -0.000274 -0.000239  -1.025068 -0.397729 -1.668377
48  -0.000000 11.691973 -0.000006  -1.103010 0.546545 0.854998
49  0.000003 0.000000 -0.000001  2.445316 -0.000041 1.570856
50  -0.000006 -0.000015 0.000005  2.272644 -0.000030 1.570865
51  -3.587099 -6.002239 -5.735018  -0.136658 -3.003034 1.496638
52  -0.000000 -0.000000 0.000000  0.008153 -0.000259 0.000009
53  0.000000 -0.000000 -0.000000  1.565115 0.043565 -0.106862
54  -0.251361 -20.251989 -4.779646  -0.960307 0.095520 -1.943560
55  0.000001 0.000000 -0.000000  0.000000 -0.000000 -0.000002
56  0.000032 0.000029 0.000001  -1.571901 -0.044449 -0.106509
57  7.202790 -19.259499 -17.055128  1.570796 -0.000000 0.000000
58  -15.581050 4.000857 -22.213413  1.570796 -0.000000 0.000000
59  2.236387 -2.421983 -5.367696  1.570796 -0.000000 0.000000
60  -0.004311 0.001230 -0.000371  0.006898 -0.005534 -0.284229
61  0.674273 9.874213 -4.818025  1.570796 -0.000000 0.000000
62  0.000000 0.000000 0.000000  -0.078727 -3.136056 0.284226
63  0.000000 0.000000 0.000000  1.563475 0.004351 -0.004479
64  -2.029929 -13.099283 -1.720645  1.582943 0.057125 0.022963
65  -0.109379 -1.951951 -1.519206  0.000000 -0.000000 -0.000000
66  -0.109379 0.057027 25.399252  0.000000 -0.000000 -0.000000
67  -0.109378 -1.856732 0.287229  0.000000 -0.000000 -0.000000
68  -0.104047 -4.495923 7.879274  0.000000 -0.000000 -0.000000
69  -0.195264 4.332631 -6.347187  0.000000 -0.000000 -0.000000
70  -1.290112 3.693283 8.579668  0.022713 -0.014049 -0.017451
71  -0.121470 -1.314581 7.402089  0.000000 -0.000000 -0.000000
72  -1.107529 -1.063453 4.061647  0.000000 -0.000000 -0.000000
73  0.003659 1.612363 10.733981  -0.000000 -0.000000 0.027918
74  -2.106225 -18.285143 -3.079640  1.582943 0.057125 0.022963
time 4
0  0.000006 0.000000 0.000000  -1.570800 -1.391899 -1.570792
1  -4.849906 3.337897 2.232070  -1.544956 -1.855077 -0.198630
2  6.027524 -0.000325 0.000192  -0.675800 -1.165645 -1.635198
3  11.692112 0.000643 -0.000739  -1.384567 -0.000001 -1.072088
4  11.480162 0.000667 -0.000414  1.337928 -0.585505 0.282688
5  3.859509 -0.142879 -1.192049  -0.509146 -0.015877 -1.499503
6  1.312590 0.000012 0.000007  -0.089138 -0.067912 -0.539985
7  0.729354 0.000053 0.000047  -0.056845 -0.097335 -0.235846
8  3.942142 0.046273 -0.431511  -0.387849 0.287900 -0.957888
9  1.539110 0.000084 0.000008  0.005567 -0.062944 -0.967704
10  1.196333 0.000146 0.000028  -0.007354 -0.001767 -0.674468
11  3.883504 -0.047269 0.431382  -0.191081 0.471066 -0.534728
12  1.719573 -0.000026 0.000014  0.005192 -0.093318 -1.132374
13  1.209178 0.000093 0.000012  -0.004980 -0.020420 -0.545123
14  3.859663 -0.138475 1.332411  0.059475 0.448458 -0.336406
15  1.719451 -0.000009 0.000025  -0.019875 0.021411 -0.286308
16  1.099676 0.000048 0.000005  -0.215409 0.296026 -0.984806
17  0.770795 -0.901441 1.177687  -0.989376 -0.626737 -0.584011
18  1.789820 -0.000003 -0.000019  0.005558 0.090197 0.395774
19  1.207016 -0.000012 -0.000042  0.141886 -0.163086 0.233767
20  5.740637 0.000410 -0.000701  -0.050006 0.000003 0.000071
21  11.481041 0.000345 -0.000738  -0.025944 -0.100863 0.030691
22  6.027524 -0.000329 0.000203  1.559632 -0.405090 1.534729
23  0.000002 11.692099 -0.000007  -0.767087 -0.260192 -0.626969
24  0.000002 0.000008 -0.000002  -0.515490 -0.000031 1.570739
25  -0.000000 -0.000012 -0.000000  0.868957 0.000002 1.570712
26  -6.405760 -8.612881 0.556531  1.473120 1.855075 -0.198639
27  6.027512 -0.000261 -0.000225  1.570252 0.920312 -0.669482
28  11.691989 0.000243 0.000855  0.197130 0.000056 -1.623126
29  11.479371 -0.000799 0.001001  -1.236097 0.335213 0.830670
30  3.859436 -0.132787 1.193062  0.466149 -0.051826 -1.783918
31  1.312558 0.000026 0.000000  -0.013965 -0.041044 -0.156447
32  0.729345 0.000065 -0.000028  -0.128320 -0.117290 -0.954857
33  3.942046 0.050109 0.430996  0.211501 -0.107596 -1.469120
34  1.539097 0.000009 0.000000  0.040712 -0.054386 -1.030469
35  1.196301 0.000075 -0.000004  -0.249391 -0.043040 -0.795120
36  3.883412 -0.050501 -0.431087  0.186407 -0.271796 -1.212184
37  1.719563 -0.000079 -0.000004  0.020974 -0.107650 -1.483528
38  1.209197 0.000036 0.000011  -0.324719 0.069674 -0.493483
39  3.859586 -0.149111 -1.331323  -0.139439 -0.078405 -0.085336
40  1.719412 -0.000100 -0.000034  -0.009440 -0.015860 -1.138453
41  1.099674 0.000024 0.000007  -0.022102 0.015219 -0.786438
42  0.805979 -0.359854 -1.318338  0.991670 0.166767 -0.799535
43  1.789780 -0.000009 -0.000042  0.000057 -0.002451 0.133097
44  1.206996 -0.000007 0.000006  0.000372 -0.000070 1.058782
45  5.740572 0.000054 0.000724  0.140393 -0.000014 0.000021
46  11.480819 -0.000124 0.000950  0.044683 0.066644 0.140947
47  6.027514 -0.000274 -0.000236  -1.044595 -0.402024 -1.647564
48  -0.000002 11.691972 -0.000005  -1.101933 0.545489 0.854375
49  0.000003 -0.000000 -0.000001  2.469658 -0.000041 1.570856
50  -0.000007 -0.000015 0.000006  2.272644 -0.000030 1.570865
51  -3.397441 -6.243387 -5.673246  -0.143092 -3.020785 1.506644
52  0.000001 -0.000000 -0.000000  0.008153 -0.000259 0.000009
53  0.000000 0.000000 -0.000000  1.565115 0.043565 -0.106862
54  0.157886 -20.684238 -5.381699  -1.016654 0.054160 -2.048642
55  -0.000001 0.000000 -0.000000  0.000000 -0.000000 -0.000002
56  0.000028 0.000029 0.000000  -1.571902 -0.044449 -0.106509
57  7.202790 -19.259499 -17.055128  1.570796 -0.000000 0.000000
58  -15.706921 4.000940 -21.882639  1.570796 -0.000000 0.000000
59  2.236387 -2.421983 -5.367696  1.570796 -0.000000 0.000000
60  -0.004311 0.001230 -0.000371  0.006898 -0.005534 -0.284229
61  0.556529 9.615293 -4.770915  1.570796 -0.000000 0.000000
62  0.000000 0.000000 0.000000  -0.078727 -3.136056 0.284226
63  0.000000 0.000000 0.000000  1.566456 0.005986 -0.003462
64  -1.754630 -13.397364 -1.796419  1.601261 0.061751 0.033225
65  -0.109378 -1.951952 -1.519205  -0.000000 -0.000000 -0.000000
66  -0.109379 0.057027 25.399254  -0.000000 -0.000000 -0.000000
67  -0.109379 -1.856732 0.287231  -0.000000 -0.000000 -0.000000
68  -0.104047 -4.495923 7.879277  -0.000000 -0.000000 -0.000000
69  -0.195264 4.332630 -6.347186  -0.000000 -0.000000 -0.000000
70  -1.290112 3.693283 8.579670  0.022713 -0.014049 -0.017451
71  -0.121470 -1.314581 7.402091  -0.000000 -0.000000 -0.000000
72  -1.107528 -1.063453 4.061649  -0.000000 -0.000000 -0.000000
73  0.003659 1.612363 10.733982  0.000000 0.000000 0.046674
74  -1.790691 -18.558224 -3.249019  1.601261 0.061751 0.033225
time 5
0  0.000006 0.000000 0.000000  -1.570800 -1.391899 -1.570792
1  -4.849906 3.337897 2.232070  -1.544956 -1.855077 -0.198630
2  6.027523 -0.000325 0.000192  -0.732084 -1.153404 -1.589371
3  11.692113 0.000644 -0.000739  -1.384564 0.000001 -1.034179
4  11.480453 0.000692 -0.000284  1.281776 -0.407050 0.304348
5  3.859508 -0.142878 -1.192049  -0.509331 -0.005518 -1.458853
6  1.312590 0.000010 0.000006  -0.083395 -0.060980 -0.518917
7  0.729354 0.000054 0.000049  -0.042215 -0.092875 -0.221073
8  3.942143 0.046274 -0.431512  -0.368563 0.266643 -0.947859
9  1.539110 0.000083 0.000005  0.002690 -0.058304 -0.892452
10  1.196333 0.000145 0.000029  -0.015228 -0.002947 -0.699041
11  3.883503 -0.047268 0.431380  -0.169106 0.436459 -0.534259
12  1.719573 -0.000029 0.000014  0.002139 -0.086247 -1.074046
13  1.209180 0.000091 0.000010  -0.003702 -0.030998 -0.568345
14  3.859662 -0.138474 1.332408  0.083709 0.413612 -0.330339
15  1.719450 -0.000011 0.000022  -0.018431 0.022382 -0.285879
16  1.099675 0.000050 0.000007  -0.178014 0.266365 -0.948742
17  0.772332 -0.877282 1.183964  -1.008422 -0.672789 -0.580089
18  1.789819 -0.000004 -0.000020  0.003898 0.083268 0.329577
19  1.207015 -0.000012 -0.000044  0.149426 -0.154770 0.203343
20  5.740638 0.000410 -0.000702  -0.050128 0.000003 0.000071
21  11.481102 0.000350 -0.000714  -0.042477 -0.067722 0.036751
22  6.027524 -0.000329 0.000203  1.584208 -0.417273 1.519139
23  0.000002 11.692099 -0.000008  -0.742720 -0.243424 -0.608565
24  0.000002 0.000008 -0.000002  -0.515490 -0.000030 1.570739
25  -0.000001 -0.000012 -0.000002  0.868957 0.000002 1.570712
26  -6.289479 -8.302896 0.408404  1.473120 1.855075 -0.198639
27  6.027512 -0.000261 -0.000226  1.551575 0.930688 -0.670077
28  11.691991 0.000243 0.000855  0.227925 0.000056 -1.621821
29  11.479381 -0.000762 0.001023  -1.248351 0.350470 0.840638
30  3.859436 -0.132788 1.193062  0.466149 -0.051826 -1.783918
31  1.312558 0.000025 -0.000000  -0.013965 -0.041043 -0.156447
32  0.729345 0.000066 -0.000027  -0.128320 -0.117290 -0.954857
33  3.942047 0.050109 0.430997  0.211501 -0.107596 -1.469120
34  1.539097 0.000011 0.000000  0.040712 -0.054386 -1.030469
35  1.196299 0.000076 -0.000003  -0.249391 -0.043040 -0.795121
36  3.883412 -0.050502 -0.431087  0.186407 -0.271796 -1.212184
37  1.719564 -0.000077 -0.000004  0.020974 -0.107650 -1.483528
38  1.209195 0.000036 0.000011  -0.324719 0.069674 -0.493483
39  3.859585 -0.149112 -1.331324  -0.156247 -0.071813 0.044952
40  1.719413 -0.000099 -0.000035  -0.007859 -0.022708 -1.209167
41  1.099674 0.000024 0.000007  -0.028884 0.024498 -0.784849
42  0.805979 -0.359854 -1.318339  0.991670 0.166767 -0.799535
43  1.789779 -0.000009 -0.000042  0.000057 -0.002451 0.133097
44  1.206998 -0.000006 0.000006  0.000372 -0.000070 1.058782
45  5.740572 0.000056 0.000724  0.135762 -0.000014 0.000021
46  11.480821 -0.000116 0.000954  0.040945 0.068848 0.142906
47  6.027515 -0.000273 -0.000238  -1.060817 -0.405386 -1.626866
48  -0.000001 11.691973 -0.000007  -1.101168 0.544738 0.853930
49  0.000003 -0.000002 -0.000001  2.500453 -0.000041 1.570856
50  -0.000007 -0.000014 0.000004  2.272644 -0.000030 1.570865
51  -3.283819 -6.547530 -5.610442  -0.152367 -3.036762 1.522947
52  -0.000000 0.000000 0.000000  0.008153 -0.000259 0.000009
53  0.000000 -0.000000 -0.000000  1.565115 0.043565 -0.106862
54  0.551200 -21.133577 -6.005005  -1.085508 -0.012536 -2.153570
55  0.000001 0.000001 0.000001  0.000000 -0.000000 -0.000002
56  0.000030 0.000031 0.000001  -1.571901 -0.044449 -0.106509
57  7.202790 -19.259499 -17.055128  1.570796 -0.000000 0.000000
58  -15.865272 4.001046 -21.466515  1.570796 -0.000000 0.000000
59  2.236387 -2.421983 -5.367696  1.570796 -0.000000 0.000000
60  -0.004311 0.001230 -0.000371  0.006898 -0.005534 -0.284229
61  0.408403 9.289562 -4.711650  1.570796 -0.000000 0.000000
62  0.000000 0.000000 0.000000  -0.078727 -3.136056 0.284226
63  0.000000 0.000000 0.000000  1.573570 0.007203 -0.001023
64  -1.499909 -13.738118 -1.865965  1.618094 0.069370 0.049586
65  -0.109379 -1.951951 -1.519205  -0.000000 0.000000 -0.000000
66  -0.109379 0.057026 25.399252  -0.000000 0.000000 -0.000000
67  -0.109379 -1.856732 0.287229  -0.000000 0.000000 -0.000000
68  -0.104048 -4.495924 7.879277  -0.000000 0.000000 -0.000000
69  -0.195264 4.332629 -6.347188  -0.000000 0.000000 -0.000000
70  -1.290112 3.693282 8.579667  0.022713 -0.014049 -0.017451
71  -0.121471 -1.314581 7.402090  -0.000000 0.000000 -0.000000
72  -1.107529 -1.063453 4.061647  -0.000000 0.000000 -0.000000
73  0.003658 1.612363 10.733984  -0.000000 0.000000 0.068301
74  -1.469829 -18.874405 -3.403328  1.618094 0.069370 0.049586
time 6
0  0.000006 0.000000 0.000000  -1.570800 -1.391899 -1.570792
1  -4.849906 3.337897 2.232070  -1.544956 -1.855077 -0.198630
2  6.027523 -0.000325 0.000192  -0.781704 -1.143301 -1.553829
3  11.692111 0.000646 -0.000739  -1.384562 0.000002 -0.997117
4  11.480634 0.000708 -0.000208  1.231543 -0.242390 0.290367
5  3.859509 -0.142880 -1.192049  -0.509007 0.006727 -1.410790
6  1.312590 0.000011 0.000008  -0.076443 -0.052966 -0.494043
7  0.729355 0.000054 0.000048  -0.024897 -0.087897 -0.203587
8  3.942142 0.046272 -0.431512  -0.346235 0.241337 -0.936644
9  1.539111 0.000084 0.000006  -0.000275 -0.052498 -0.802599
10  1.196332 0.000145 0.000029  -0.024472 -0.004586 -0.728004
11  3.883504 -0.047270 0.431381  -0.143581 0.395549 -0.534777
12  1.719573 -0.000027 0.000015  -0.000938 -0.077639 -1.004855
13  1.209179 0.000092 0.000011  -0.001880 -0.043428 -0.595755
14  3.859662 -0.138476 1.332409  0.111619 0.372259 -0.324450
15  1.719449 -0.000008 0.000022  -0.016730 0.023524 -0.285372
16  1.099675 0.000048 0.000003  -0.135505 0.229584 -0.907850
17  0.776774 -0.807585 1.202080  -1.071497 -0.794905 -0.557917
18  1.789820 -0.000003 -0.000016  0.001793 0.063672 0.155186
19  1.207014 -0.000012 -0.000045  0.170132 -0.130122 0.124073
20  5.740636 0.000411 -0.000703  -0.055612 0.000003 0.000071
21  11.481137 0.000355 -0.000700  -0.058472 -0.036551 0.036744
22  6.027524 -0.000329 0.000203  1.607131 -0.426127 1.500038
23  0.000001 11.692100 -0.000006  -0.718688 -0.227456 -0.590243
24  0.000004 0.000009 -0.000003  -0.515490 -0.000031 1.570739
25  -0.000001 -0.000012 -0.000001  0.868957 0.000002 1.570712
26  -6.152597 -7.937987 0.234035  1.473120 1.855075 -0.198639
27  6.027512 -0.000262 -0.000228  1.547887 0.933590 -0.659636
28  11.691990 0.000244 0.000854  0.264408 0.000056 -1.620241
29  11.479391 -0.000720 0.001050  -1.271801 0.345206 0.828609
30  3.859436 -0.132787 1.193062  0.466149 -0.051826 -1.783918
31  1.312558 0.000027 -0.000001  -0.013965 -0.041043 -0.156447
32  0.729346 0.000066 -0.000027  -0.128320 -0.117290 -0.954857
33  3.942046 0.050109 0.430997  0.211501 -0.107596 -1.469120
34  1.539097 0.000010 0.000000  0.040712 -0.054386 -1.030469
35  1.196299 0.000075 -0.000004  -0.249391 -0.043040 -0.795120
36  3.883411 -0.050501 -0.431087  0.186407 -0.271796 -1.212184
37  1.719563 -0.000080 -0.000003  0.020974 -0.107650 -1.483528
38  1.209197 0.000036 0.000012  -0.324719 0.069674 -0.493483
39  3.859586 -0.149111 -1.331323  -0.169211 -0.064865 0.150991
40  1.719413 -0.000100 -0.000034  -0.006206 -0.028223 -1.267108
41  1.099673 0.000023 0.000007  -0.034426 0.032142 -0.782452
42  0.805979 -0.359854 -1.318338  0.991669 0.166767 -0.799535
43  1.789779 -0.000009 -0.000042  0.000057 -0.002451 0.133097
44  1.206996 -0.000007 0.000006  0.000372 -0.000070 1.058782
45  5.740572 0.000055 0.000724  0.126814 -0.000014 0.000021
46  11.480823 -0.000109 0.000959  0.037328 0.066003 0.141776
47  6.027515 -0.000274 -0.000239  -1.064777 -0.405503 -1.611901
48  -0.000001 11.691973 -0.000006  -1.100241 0.543829 0.853389
49  0.000003 -0.000001 0.000001  2.536935 -0.000041 1.570856
50  -0.000006 -0.000015 0.000004  2.272644 -0.000030 1.570865
51  -3.382900 -6.934945 -5.555062  2.976649 -0.093678 -1.583422
52  0.000000 -0.000000 -0.000000  0.008153 -0.000259 0.000009
53  -0.000000 0.000000 0.000000  1.565115 0.043565 -0.106862
54  0.947780 -21.532982 -6.552291  -1.159943 -0.101702 -2.223230
55  0.000000 0.000001 -0.000001  0.000000 -0.000000 -0.000002
56  0.000029 0.000029 -0.000000  -1.571902 -0.044449 -0.106509
57  7.202790 -19.259499 -17.055128  1.570796 -0.000000 0.000000
58  -16.051676 4.001169 -20.976669  1.570796 -0.000000 0.000000
59  2.236387 -2.421983 -5.367696  1.570796 -0.000000 0.000000
60  -0.004311 0.001230 -0.000371  0.006898 -0.005534 -0.284229
61  0.234033 8.906121 -4.641886  1.570796 -0.000000 0.000000
62  0.000000 0.000000 0.000000  -0.078727 -3.136056 0.284226
63  0.000000 0.000000 0.000000  1.582066 0.008013 0.001896
64  -1.310102 -14.102562 -1.916827  1.630445 0.080742 0.084490
65  -0.109379 -1.951952 -1.519204  -0.000000 -0.000000 -0.000000
66  -0.109379 0.057026 25.399248  -0.000000 -0.000000 -0.000000
67  -0.109379 -1.856732 0.287230  -0.000000 -0.000000 -0.000000
68  -0.104048 -4.495923 7.879278  -0.000000 -0.000000 -0.000000
69  -0.195264 4.332630 -6.347189  -0.000000 -0.000000 -0.000000
70  -1.290112 3.693283 8.579667  0.022713 -0.014049 -0.017451
71  -0.121470 -1.314582 7.402086  -0.000000 -0.000000 -0.000000
72  -1.107528 -1.063453 4.061647  -0.000000 -0.000000 -0.000000
73  0.003658 1.612363 10.733982  -0.000000 0.000000 0.091669
74  -1.124941 -19.217119 -3.514589  1.630445 0.080742 0.084490
time 7
0  0.000006 0.000000 0.000000  -1.570800 -1.391899 -1.570792
1  -4.849906 3.337897 2.232070  -1.544956 -1.855077 -0.198630
2  6.027523 -0.000324 0.000192  -0.828724 -1.135610 -1.526219
3  11.692113 0.000645 -0.000739  -1.384560 0.000003 -0.969591
4  11.480787 0.000720 -0.000144  1.186854 -0.118914 0.235523
5  3.859509 -0.142879 -1.192049  -0.507944 0.020419 -1.356891
6  1.312589 0.000013 0.000008  -0.068439 -0.044212 -0.466175
7  0.729354 0.000053 0.000045  -0.005442 -0.082689 -0.183945
8  3.942145 0.046274 -0.431511  -0.321754 0.212747 -0.924863
9  1.539110 0.000083 0.000005  -0.002984 -0.045641 -0.701013
10  1.196332 0.000146 0.000029  -0.034749 -0.006736 -0.760379
11  3.883504 -0.047269 0.431381  -0.115423 0.349723 -0.536668
12  1.719574 -0.000027 0.000012  -0.003677 -0.067725 -0.927078
13  1.209179 0.000092 0.000012  0.000564 -0.057266 -0.626458
14  3.859662 -0.138476 1.332409  0.142106 0.325744 -0.319402
15  1.719448 -0.000011 0.000022  -0.014829 0.024798 -0.284803
16  1.099674 0.000048 0.000008  -0.090002 0.186330 -0.864225
17  0.782334 -0.720328 1.224757  -1.172847 -0.918871 -0.502525
18  1.789821 -0.000003 -0.000016  0.003440 0.041476 -0.018969
19  1.207017 -0.000012 -0.000044  0.194549 -0.098807 0.045731
20  5.740638 0.000411 -0.000702  -0.064748 0.000003 0.000071
21  11.481171 0.000357 -0.000686  -0.071709 -0.011946 0.028364
22  6.027524 -0.000329 0.000203  1.629565 -0.431536 1.475604
23  0.000001 11.692101 -0.000007  -0.700703 -0.215877 -0.576426
24  0.000002 0.000008 0.000000  -0.515490 -0.000031 1.570739
25  -0.000001 -0.000011 -0.000001  0.868957 0.000002 1.570712
26  -5.999712 -7.530423 0.039281  1.473120 1.855075 -0.198639
27  6.027512 -0.000261 -0.000226  1.567172 0.925786 -0.632779
28  11.691992 0.000242 0.000854  0.305424 0.000055 -1.615417
29  11.479423 -0.000660 0.001072  -1.309428 0.305634 0.784414
30  3.859436 -0.132788 1.193061  0.466149 -0.051826 -1.783918
31  1.312559 0.000026 0.000001  -0.013965 -0.041043 -0.156447
32  0.729345 0.000064 -0.000027  -0.128320 -0.117290 -0.954857
33  3.942047 0.050109 0.430996  0.211501 -0.107596 -1.469120
34  1.539096 0.000011 -0.000001  0.040712 -0.054386 -1.030469
35  1.196301 0.000075 -0.000003  -0.249391 -0.043040 -0.795120
36  3.883411 -0.050502 -0.431087  0.186407 -0.271796 -1.212184
37  1.719564 -0.000076 -0.000003  0.020974 -0.107650 -1.483528
38  1.209197 0.000035 0.000011  -0.324719 0.069674 -0.493483
39  3.859585 -0.149112 -1.331323  -0.176958 -0.059808 0.217623
40  1.719411 -0.000100 -0.000034  -0.004995 -0.031663 -1.303815
41  1.099673 0.000024 0.000007  -0.037911 0.037037 -0.779227
42  0.805980 -0.359854 -1.318338  0.991670 0.166767 -0.799535
43  1.789780 -0.000009 -0.000042  0.000057 -0.002451 0.133097
44  1.206996 -0.000006 0.000005  0.000372 -0.000070 1.058781
45  5.740572 0.000055 0.000724  0.112134 -0.000014 0.000021
46  11.480828 -0.000097 0.000964  0.034341 0.055223 0.135882
47  6.027514 -0.000273 -0.000237  -1.050650 -0.400494 -1.606040
48  -0.000002 11.691975 -0.000007  -1.097410 0.541055 0.851736
49  0.000004 -0.000001 -0.000001  2.577952 -0.000041 1.570856
50  -0.000007 -0.000014 0.000005  2.272644 -0.000030 1.570865
51  -3.791981 -7.433799 -5.515621  2.960280 -0.090388 -1.521315
52  -0.000000 0.000000 0.000000  0.008153 -0.000259 0.000009
53  0.000001 -0.000000 -0.000000  1.565115 0.043565 -0.106862
54  1.342579 -21.840420 -6.938600  -1.235589 -0.205143 -2.233237
55  0.000002 0.000001 0.000001  0.000000 -0.000000 -0.000002
56  0.000033 0.000030 0.000002  -1.571901 -0.044449 -0.106509
57  7.202790 -19.259499 -17.055128  1.570796 -0.000000 0.000000
58  -16.259872 4.001308 -20.429558  1.570796 -0.000000 0.000000
59  2.236387 -2.421983 -5.367696  1.570796 -0.000000 0.000000
60  -0.004311 0.001230 -0.000371  0.006898 -0.005534 -0.284229
61  0.039280 8.477857 -4.563965  1.570796 -0.000000 0.000000
62  0.000000 0.000000 0.000000  -0.078727 -3.136056 0.284226
63  0.000000 0.000000 0.000000  1.589184 0.008453 0.004345
64  -1.229550 -14.471709 -1.936549  1.635310 0.096649 0.145523
65  -0.109379 -1.951952 -1.519204  -0.000000 -0.000000 0.000000
66  -0.109379 0.057026 25.399252  -0.000000 -0.000000 0.000000
67  -0.109378 -1.856732 0.287229  -0.000000 -0.000000 0.000000
68  -0.104048 -4.495924 7.879278  -0.000000 -0.000000 0.000000
69  -0.195264 4.332631 -6.347187  -0.000000 -0.000000 0.000000
70  -1.290112 3.693284 8.579671  0.022713 -0.014049 -0.017451
71  -0.121471 -1.314581 7.402091  -0.000000 -0.000000 0.000000
72  -1.107529 -1.063453 4.061647  -0.000000 -0.000000 0.000000
73  0.003659 1.612363 10.733984  -0.000000 -0.000000 0.115637
74  -0.761400 -19.561657 -3.554912  1.635310 0.096649 0.145523
time 8
0  0.000006 0.000000 0.000000  -1.570800 -1.391899 -1.570792
1  -4.849906 3.337897 2.232070  -1.544956 -1.855077 -0.198630
2  6.027523 -0.000324 0.000192  -0.854955 -1.139751 -1.524812
3  11.692113 0.000645 -0.000740  -1.384559 0.000004 -0.946353
4  11.479753 0.000646 -0.000533  1.134235 -0.039598 0.131235
5  3.859508 -0.142881 -1.192050  -0.505993 0.034973 -1.299218
6  1.312590 0.000012 0.000009  -0.059633 -0.035119 -0.436363
7  0.729355 0.000054 0.000051  0.015424 -0.077553 -0.162883
8  3.942143 0.046272 -0.431512  -0.296146 0.181921 -0.913147
9  1.539111 0.000083 0.000008  -0.005104 -0.037999 -0.591777
10  1.196333 0.000145 0.000026  -0.045639 -0.009397 -0.794918
11  3.883505 -0.047270 0.431382  -0.085693 0.300803 -0.540151
12  1.719573 -0.000027 0.000014  -0.005744 -0.056896 -0.843785
13  1.209180 0.000089 0.000013  0.003643 -0.071948 -0.659305
14  3.859660 -0.138477 1.332409  0.173950 0.275874 -0.315718
15  1.719448 -0.000009 0.000023  -0.012801 0.026156 -0.284193
16  1.099675 0.000050 0.000006  -0.043790 0.137957 -0.820101
17  0.786697 -0.651853 1.242554  -1.271741 -0.969694 -0.434520
18  1.789820 -0.000004 -0.000018  0.005865 0.028161 -0.084962
19  1.207014 -0.000012 -0.000043  0.214588 -0.075992 0.016726
20  5.740639 0.000410 -0.000703  -0.079045 0.000003 0.000071
21  11.480964 0.000342 -0.000767  -0.084155 0.006012 0.009271
22  6.027524 -0.000329 0.000203  1.640827 -0.425755 1.448521
23  0.000002 11.692099 -0.000008  -0.685429 -0.206292 -0.564623
24  0.000003 0.000008 0.000001  -0.515490 -0.000031 1.570739
25  -0.000001 -0.000011 -0.000002  0.868957 0.000002 1.570712
26  -5.836648 -7.095719 -0.168441  1.473120 1.855075 -0.198639
27  6.027511 -0.000261 -0.000224  1.620839 0.920589 -0.582330
28  11.691989 0.000244 0.000856  0.349450 0.000054 -1.599754
29  11.479534 -0.000554 0.001079  -1.376156 0.224978 0.720972
30  3.859436 -0.132787 1.193062  0.466149 -0.051826 -1.783918
31  1.312558 0.000026 -0.000000  -0.013965 -0.041043 -0.156447
32  0.729345 0.000065 -0.000027  -0.128320 -0.117290 -0.954857
33  3.942046 0.050109 0.430997  0.211501 -0.107596 -1.469120
34  1.539097 0.000010 0.000000  0.040712 -0.054386 -1.030469
35  1.196300 0.000076 -0.000004  -0.249391 -0.043040 -0.795121
36  3.883411 -0.050501 -0.431086  0.186407 -0.271796 -1.212184
37  1.719563 -0.000079 -0.000003  0.020974 -0.107650 -1.483528
38  1.209197 0.000036 0.000011  -0.324719 0.069674 -0.493483
39  3.859585 -0.149112 -1.331323  -0.179459 -0.058012 0.239788
40  1.719412 -0.000099 -0.000034  -0.004561 -0.032803 -1.316090
41  1.099674 0.000024 0.000007  -0.039027 0.038737 -0.775251
42  0.805979 -0.359853 -1.318337  0.991670 0.166767 -0.799535
43  1.789780 -0.000009 -0.000043  0.000057 -0.002451 0.133097
44  1.206995 -0.000007 0.000005  0.000372 -0.000070 1.058782
45  5.740572 0.000055 0.000724  0.090088 -0.000014 0.000021
46  11.480852 -0.000074 0.000966  0.028467 0.034608 0.127677
47  6.027514 -0.000273 -0.000236  -1.027006 -0.376077 -1.607349
48  -0.000002 11.691972 -0.000005  -1.088215 0.532076 0.846324
49  0.000003 -0.000001 -0.000001  2.621978 -0.000041 1.570856
50  -0.000008 -0.000016 0.000005  2.272644 -0.000030 1.570865
51  -4.497308 -8.067375 -5.275250  2.919290 -0.096479 -1.434576
52  -0.000000 -0.000000 0.000001  0.008153 -0.000259 0.000009
53  0.000000 0.000001 0.000000  1.565115 0.043565 -0.106862
54  1.626960 -22.065634 -6.983092  -1.329000 -0.326805 -2.175782
55  0.000002 0.000002 -0.000001  0.000000 -0.000000 -0.000002
56  0.000031 0.000031 0.000000  -1.571902 -0.044449 -0.106509
57  7.202790 -19.259499 -17.055128  1.570796 -0.000000 0.000000
58  -16.481932 4.001455 -19.846014  1.570796 -0.000000 0.000000
59  2.236387 -2.421983 -5.367696  1.570796 -0.000000 0.000000
60  -0.004311 0.001230 -0.000371  0.006898 -0.005534 -0.284229
61  -0.168442 8.021073 -4.480856  1.570796 -0.000000 0.000000
62  0.000000 0.000000 0.000000  -0.078727 -3.136056 0.284226
63  0.000000 0.000000 0.000000  1.592170 0.008585 0.005373
64  -1.219919 -14.828004 -1.745291  1.633062 0.137853 0.228175
65  -0.109378 -1.951951 -1.519205  0.000000 -0.000000 0.000000
66  -0.109378 0.057027 25.399252  0.000000 -0.000000 0.000000
67  -0.109378 -1.856732 0.287229  0.000000 -0.000000 0.000000
68  -0.104047 -4.495923 7.879275  0.000000 -0.000000 0.000000
69  -0.195264 4.332630 -6.347190  0.000000 -0.000000 0.000000
70  -1.290112 3.693283 8.579666  0.022713 -0.014049 -0.017451
71  -0.121470 -1.314581 7.402088  0.000000 -0.000000 0.000000
72  -1.107528 -1.063453 4.061645  0.000000 -0.000000 0.000000
73  0.003658 1.612363 10.733984  0.000000 -0.000000 0.139050
74  -0.395498 -19.880167 -3.339590  1.633062 0.137853 0.228175
time 9
0  0.000006 0.000000 0.000000  -1.570800 -1.391899 -1.570792
1  -4.849906 3.337897 2.232070  -1.544956 -1.855077 -0.198630
2  6.027523 -0.000324 0.000192  -0.861859 -1.160253 -1.553333
3  11.692113 0.000643 -0.000740  -1.384557 0.000004 -0.922371
4  11.480538 0.000705 -0.000217  1.075310 0.018735 -0.004891
5  3.859509 -0.142879 -1.192050  -0.503131 0.049712 -1.240189
6  1.312590 0.000012 0.000008  -0.050362 -0.026103 -0.405829
7  0.729355 0.000053 0.000047  0.036841 -0.072760 -0.141264
8  3.942143 0.046273 -0.431513  -0.270494 0.150130 -0.902065
9  1.539111 0.000084 0.000006  -0.006399 -0.029977 -0.479904
10  1.196333 0.000143 0.000027  -0.056665 -0.012503 -0.830178
11  3.883504 -0.047268 0.431381  -0.055539 0.250914 -0.545211
12  1.719571 -0.000027 0.000014  -0.006917 -0.045677 -0.758624
13  1.209179 0.000089 0.000012  0.007291 -0.086837 -0.692953
14  3.859661 -0.138475 1.332409  0.205894 0.224801 -0.313684
15  1.719449 -0.000013 0.000024  -0.010729 0.027541 -0.283568
16  1.099675 0.000047 0.000007  0.000957 0.086499 -0.777586
17  0.790270 -0.595820 1.257116  -1.353032 -0.973549 -0.378238
18  1.789817 -0.000003 -0.000019  0.006968 0.021149 -0.081347
19  1.207017 -0.000012 -0.000043  0.234655 -0.060388 0.027579
20  5.740638 0.000409 -0.000702  -0.096141 0.000003 0.000071
21  11.481119 0.000354 -0.000704  -0.095993 0.021969 -0.016251
22  6.027524 -0.000329 0.000203  1.640046 -0.405073 1.414012
23  0.000002 11.692098 -0.000008  -0.669577 -0.196588 -0.552312
24  0.000002 0.000008 0.000002  -0.515490 -0.000031 1.570739
25  -0.000001 -0.000012 -0.000001  0.868957 0.000002 1.570712
26  -5.670087 -6.651692 -0.380618  1.473120 1.855075 -0.198639
27  6.027511 -0.000262 -0.000224  1.703154 0.930934 -0.509492
28  11.691992 0.000245 0.000854  0.394677 0.000052 -1.564222
29  11.479791 -0.000370 0.001048  -1.451893 0.111958 0.654703
30  3.859436 -0.132788 1.193062  0.466149 -0.051826 -1.783918
31  1.312558 0.000024 0.000001  -0.013965 -0.041044 -0.156447
32  0.729344 0.000065 -0.000027  -0.128320 -0.117290 -0.954857
33  3.942046 0.050109 0.430997  0.211501 -0.107596 -1.469120
34  1.539096 0.000009 0.000000  0.040712 -0.054386 -1.030469
35  1.196298 0.000076 -0.000003  -0.249391 -0.043040 -0.795120
36  3.883411 -0.050502 -0.431087  0.186407 -0.271796 -1.212184
37  1.719563 -0.000079 -0.000004  0.020974 -0.107650 -1.483528
38  1.209199 0.000035 0.000010  -0.324719 0.069674 -0.493483
39  3.859585 -0.149112 -1.331323  -0.170876 -0.043539 0.207556
40  1.719413 -0.000099 -0.000035  -0.008498 -0.028973 -1.213878
41  1.099673 0.000025 0.000007  -0.014921 0.044506 -0.730489
42  0.805978 -0.359854 -1.318338  0.991670 0.166767 -0.799535
43  1.789779 -0.000009 -0.000042  0.000057 -0.002451 0.133097
44  1.206997 -0.000006 0.000005  0.000372 -0.000070 1.058781
45  5.740572 0.000055 0.000724  0.064383 -0.000014 0.000021
46  11.480902 -0.000038 0.000960  0.021541 0.007506 0.118193
47  6.027514 -0.000273 -0.000237  -1.010881 -0.327846 -1.605862
48  -0.000001 11.691975 -0.000004  -1.067324 0.511869 0.833800
49  0.000004 -0.000001 -0.000001  2.667205 -0.000041 1.570856
50  -0.000008 -0.000015 0.000005  2.272644 -0.000030 1.570865
51  -5.324310 -8.840307 -4.733064  2.862521 -0.107763 -1.329975
52  -0.000001 -0.000000 0.000000  0.008153 -0.000259 0.000009
53  0.000000 -0.000000 0.000000  1.565115 0.043565 -0.106862
54  1.845579 -22.262747 -6.615727  -1.447702 -0.468524 -2.068347
55  0.000000 -0.000001 -0.000001  0.000000 -0.000000 -0.000002
56  0.000028 0.000028 -0.000001  -1.571901 -0.044449 -0.106509
57  7.202790 -19.259499 -17.055128  1.570796 -0.000000 0.000000
58  -16.708754 4.001606 -19.249954  1.570796 -0.000000 0.000000
59  2.236387 -2.421983 -5.367696  1.570796 -0.000000 0.000000
60  -0.004311 0.001230 -0.000371  0.006898 -0.005534 -0.284229
61  -0.380620 7.554494 -4.395965  1.570796 -0.000000 0.000000
62  0.000000 0.000000 0.000000  -0.078727 -3.136056 0.284226
63  0.000000 0.000000 0.000000  1.588080 0.006401 0.003556
64  -1.213019 -15.159609 -1.258628  1.626732 0.195102 0.325937
65  -0.109378 -1.951951 -1.519205  0.000000 0.000000 0.000000
66  -0.109379 0.057027 25.399252  0.000000 0.000000 0.000000
67  -0.109378 -1.856732 0.287230  0.000000 0.000000 0.000000
68  -0.104047 -4.495924 7.879275  0.000000 0.000000 0.000000
69  -0.195264 4.332630 -6.347188  0.000000 0.000000 0.000000
70  -1.290112 3.693283 8.579666  0.022713 -0.014049 -0.017451
71  -0.121470 -1.314581 7.402089  0.000000 0.000000 0.000000
72  -1.107528 -1.063453 4.061647  0.000000 0.000000 0.000000
73  0.003659 1.612363 10.733981  0.000000 0.000000 0.160749
74  0.023906 -20.143856 -2.799125  1.626732 0.195102 0.325937
time 10
0  0.000006 0.000000 0.000000  -1.570800 -1.391899 -1.570792
1  -4.849906 3.337897 2.232070  -1.544956 -1.855077 -0.198630
2  6.027523 -0.000325 0.000192  -0.873666 -1.189092 -1.590570
3  11.692113 0.000644 -0.000739  -1.384556 0.000005 -0.905878
4  11.480594 0.000710 -0.000198  1.032132 0.073676 -0.128802
5  3.859507 -0.142878 -1.192049  -0.499492 0.063940 -1.182363
6  1.312590 0.000009 0.000005  -0.041028 -0.017558 -0.375872
7  0.729355 0.000055 0.000050  0.057892 -0.068518 -0.120017
8  3.942142 0.046274 -0.431511  -0.245843 0.118760 -0.892065
9  1.539111 0.000083 0.000004  -0.006790 -0.022057 -0.370748
10  1.196332 0.000143 0.000030  -0.067344 -0.015916 -0.864653
11  3.883502 -0.047269 0.431381  -0.026129 0.202278 -0.551588
12  1.719572 -0.000028 0.000015  -0.007137 -0.034655 -0.675450
13  1.209179 0.000090 0.000011  0.011352 -0.101282 -0.725982
14  3.859660 -0.138474 1.332410  0.236719 0.174809 -0.313318
15  1.719451 -0.000014 0.000022  -0.008700 0.028897 -0.282953
16  1.099676 0.000050 0.000007  0.042412 0.034464 -0.738419
17  0.794131 -0.535149 1.272885  -1.434285 -0.972589 -0.329400
18  1.789819 -0.000004 -0.000018  0.007814 0.015446 -0.070640
19  1.207017 -0.000011 -0.000044  0.260244 -0.045737 0.057733
20  5.740636 0.000410 -0.000706  -0.109322 0.000003 0.000071
21  11.481133 0.000354 -0.000702  -0.103438 0.037943 -0.038664
22  6.027524 -0.000329 0.000203  1.639324 -0.375884 1.366156
23  0.000002 11.692099 -0.000008  -0.658622 -0.190025 -0.543769
24  0.000003 0.000009 -0.000001  -0.515490 -0.000030 1.570739
25  -0.000001 -0.000011 -0.000002  0.868957 0.000002 1.570712
26  -5.507023 -6.216988 -0.588340  1.473120 1.855075 -0.198639
27  6.027511 -0.000261 -0.000224  1.787281 0.952674 -0.428897
28  11.691990 0.000244 0.000855  0.439161 0.000048 -1.512248
29  11.480185 -0.000108 0.000962  -1.488471 -0.005793 0.589465
30  3.859436 -0.132788 1.193062  0.466149 -0.051826 -1.783918
31  1.312559 0.000025 -0.000000  -0.013965 -0.041044 -0.156447
32  0.729346 0.000067 -0.000027  -0.128320 -0.117290 -0.954857
33  3.942047 0.050109 0.430996  0.211501 -0.107596 -1.469120
34  1.539097 0.000010 -0.000000  0.040712 -0.054386 -1.030469
35  1.196298 0.000077 -0.000004  -0.249391 -0.043040 -0.795120
36  3.883412 -0.050502 -0.431087  0.186407 -0.271796 -1.212184
37  1.719563 -0.000079 -0.000003  0.020974 -0.107650 -1.483528
38  1.209197 0.000036 0.000012  -0.324719 0.069674 -0.493483
39  3.859586 -0.149112 -1.331324  -0.149173 -0.001167 0.117044
40  1.719412 -0.000100 -0.000034  -0.017563 -0.015652 -0.913042
41  1.099674 0.000024 0.000007  0.054520 0.055171 -0.610852
42  0.805979 -0.359854 -1.318338  0.991670 0.166767 -0.799535
43  1.789780 -0.000008 -0.000042  0.000057 -0.002451 0.133097
44  1.206996 -0.000005 0.000006  0.000372 -0.000070 1.058782
45  5.740571 0.000055 0.000723  0.044589 -0.000014 0.000021
46  11.480982 0.000015 0.000941  0.020859 -0.017985 0.106536
47  6.027514 -0.000272 -0.000237  -1.009380 -0.273821 -1.593757
48  -0.000002 11.691975 -0.000005  -1.036660 0.482732 0.814872
49  0.000003 -0.000001 -0.000000  2.711690 -0.000041 1.570856
50  -0.000008 -0.000015 0.000005  2.272644 -0.000030 1.570865
51  -6.046175 -9.682199 -4.095165  2.834207 -0.119662 -1.220232
52  0.000000 0.000000 0.000000  0.008153 -0.000259 0.000009
53  -0.000000 -0.000000 -0.000000  1.565115 0.043565 -0.106862
54  2.167716 -22.423138 -5.962728  -1.570447 -0.611092 -1.942826
55  -0.000001 0.000000 0.000001  0.000000 -0.000000 -0.000002
56  0.000028 0.000029 0.000002  -1.571901 -0.044449 -0.106509
57  7.202790 -19.259499 -17.055128  1.570796 -0.000000 0.000000
58  -16.930813 4.001754 -18.666410  1.570796 -0.000000 0.000000
59  2.236387 -2.421983 -5.367696  1.570796 -0.000000 0.000000
60  -0.004311 0.001230 -0.000371  0.006898 -0.005534 -0.284229
61  -0.588341 7.097712 -4.312856  1.570796 -0.000000 0.000000
62  0.000000 0.000000 0.000000  -0.078727 -3.136056 0.284226
63  0.000000 0.000000 0.000000  1.578342 0.001165 -0.000742
64  -1.208393 -15.456116 -0.607220  1.616980 0.224118 0.430438
65  -0.109378 -1.951951 -1.519205  0.000000 -0.000000 -0.000000
66  -0.109380 0.057027 25.399254  0.000000 -0.000000 -0.000000
67  -0.109379 -1.856732 0.287230  0.000000 -0.000000 -0.000000
68  -0.104048 -4.495924 7.879276  0.000000 -0.000000 -0.000000
69  -0.195264 4.332630 -6.347188  0.000000 -0.000000 -0.000000
70  -1.290112 3.693283 8.579667  0.022713 -0.014049 -0.017451
71  -0.121470 -1.314581 7.402088  0.000000 -0.000000 -0.000000
72  -1.107529 -1.063453 4.061647  0.000000 -0.000000 -0.000000
73  0.003658 1.612363 10.733983  0.000000 0.000000 0.179580
74  0.517719 -20.311989 -2.086026  1.616980 0.224118 0.430438
time 11
0  0.000006 0.000000 0.000000  -1.570800 -1.391899 -1.570792
1  -4.849906 3.337897 2.232070  -1.544956 -1.855077 -0.198630
2  6.027523 -0.000325 0.000192  -0.960212 -1.201315 -1.571954
3  11.692113 0.000645 -0.000739  -1.384559 0.000004 -0.947528
4  11.479715 0.000643 -0.000548  1.055163 0.083908 -0.161914
5  3.859510 -0.142880 -1.192049  -0.495344 0.077034 -1.128186
6  1.312590 0.000012 0.000007  -0.032055 -0.009809 -0.347738
7  0.729355 0.000054 0.000049  0.077688 -0.064950 -0.100039
8  3.942142 0.046272 -0.431512  -0.223118 0.089172 -0.883437
9  1.539111 0.000082 0.000005  -0.006378 -0.014697 -0.269302
10  1.196333 0.000145 0.000029  -0.077235 -0.019446 -0.896911
11  3.883506 -0.047270 0.431381  0.001428 0.156973 -0.558809
12  1.719573 -0.000028 0.000014  -0.006515 -0.024390 -0.597891
13  1.209180 0.000088 0.000012  0.015596 -0.114685 -0.757020
14  3.859663 -0.138478 1.332409  0.265319 0.128064 -0.314383
15  1.719448 -0.000012 0.000022  -0.006796 0.030166 -0.282374
16  1.099675 0.000050 0.000006  0.079231 -0.015511 -0.703842
17  0.798000 -0.474507 1.288647  -1.508959 -0.967870 -0.291615
18  1.789819 -0.000003 -0.000018  0.008335 0.011302 -0.054317
19  1.207015 -0.000013 -0.000044  0.289382 -0.033794 0.103212
20  5.740638 0.000410 -0.000704  -0.109377 0.000003 0.000070
21  11.480957 0.000340 -0.000771  -0.098299 0.041335 -0.044646
22  6.027524 -0.000329 0.000203  1.669430 -0.356742 1.293467
23  0.000002 11.692101 -0.000008  -0.686203 -0.206773 -0.565223
24  0.000003 0.000008 0.000001  -0.515490 -0.000030 1.570739
25  -0.000001 -0.000011 -0.000002  0.868957 0.000002 1.570712
26  -5.354139 -5.809424 -0.783094  1.473120 1.855075 -0.198639
27  6.027512 -0.000264 -0.000224  1.836410 0.975374 -0.368633
28  11.691990 0.000244 0.000855  0.481017 0.000045 -1.470976
29  11.480521 0.000118 0.000869  -1.419775 -0.091647 0.538987
30  3.859436 -0.132787 1.193062  0.466149 -0.051826 -1.783918
31  1.312558 0.000026 0.000000  -0.013965 -0.041044 -0.156447
32  0.729344 0.000064 -0.000027  -0.128320 -0.117290 -0.954857
33  3.942046 0.050109 0.430997  0.211501 -0.107596 -1.469120
34  1.539097 0.000009 -0.000000  0.040712 -0.054386 -1.030469
35  1.196300 0.000076 -0.000003  -0.249391 -0.043040 -0.795121
36  3.883410 -0.050502 -0.431087  0.186407 -0.271796 -1.212184
37  1.719563 -0.000079 -0.000004  0.020974 -0.107650 -1.483528
38  1.209196 0.000036 0.000011  -0.324719 0.069674 -0.493483
39  3.859586 -0.149112 -1.331323  -0.126978 0.055985 0.001669
40  1.719411 -0.000099 -0.000034  -0.022783 0.004945 -0.515452
41  1.099673 0.000025 0.000006  0.145171 0.056701 -0.457803
42  0.805979 -0.359853 -1.318338  0.991670 0.166767 -0.799535
43  1.789780 -0.000009 -0.000042  0.000057 -0.002451 0.133097
44  1.206997 -0.000005 0.000006  0.000372 -0.000070 1.058782
45  5.740572 0.000056 0.000724  0.049459 -0.000014 0.000021
46  11.481049 0.000060 0.000923  0.038145 -0.031780 0.096256
47  6.027515 -0.000275 -0.000237  -1.020171 -0.239314 -1.571119
48  -0.000001 11.691975 -0.000005  -1.012196 0.459966 0.799334
49  0.000003 -0.000001 -0.000000  2.753547 -0.000041 1.570856
50  -0.000007 -0.000015 0.000005  2.272644 -0.000030 1.570865
51  -6.394560 -10.391506 -3.626705  2.904193 -0.126130 -1.122364
52  -0.000001 0.000000 0.000000  0.008153 -0.000259 0.000009
53  0.000000 0.000001 0.000001  1.565115 0.043565 -0.106862
54  2.878960 -22.336868 -5.193998  -1.632293 -0.697013 -1.849048
55  0.000001 -0.000000 0.000001  0.000000 -0.000000 -0.000002
56  0.000030 0.000030 0.000002  -1.571902 -0.044449 -0.106509
57  7.202790 -19.259499 -17.055128  1.570796 -0.000000 0.000000
58  -17.139008 4.001893 -18.119299  1.570796 -0.000000 0.000000
59  2.236387 -2.421983 -5.367696  1.570796 -0.000000 0.000000
60  -0.004311 0.001230 -0.000371  0.006898 -0.005534 -0.284229
61  -0.783095 6.669447 -4.234936  1.570796 -0.000000 0.000000
62  0.000000 0.000000 0.000000  -0.078727 -3.136056 0.284226
63  0.000000 0.000000 0.000000  1.566748 -0.005139 -0.005804
64  -1.205588 -15.707118 0.078270  1.604558 0.155434 0.534544
65  -0.109379 -1.951951 -1.519205  0.000000 -0.000000 -0.000000
66  -0.109379 0.057027 25.399248  0.000000 -0.000000 -0.000000
67  -0.109378 -1.856732 0.287228  0.000000 -0.000000 -0.000000
68  -0.104047 -4.495923 7.879275  0.000000 -0.000000 -0.000000
69  -0.195264 4.332630 -6.347187  0.000000 -0.000000 -0.000000
70  -1.290111 3.693283 8.579666  0.022713 -0.014049 -0.017451
71  -0.121469 -1.314581 7.402085  0.000000 -0.000000 -0.000000
72  -1.107528 -1.063453 4.061647  0.000000 -0.000000 -0.000000
73  0.003659 1.612363 10.733982  0.000000 -0.000000 0.194418
74  1.122130 -20.316191 -1.365340  1.604558 0.155434 0.534544
time 12
0  0.000006 0.000000 0.000000  -1.570800 -1.391899 -1.570792
1  -4.849906 3.337897 2.232070  -1.544956 -1.855077 -0.198630
2  6.027523 -0.000325 0.000192  -1.107343 -1.185658 -1.501562
3  11.692112 0.000644 -0.000738  -1.384565 -0.000000 -1.055017
4  11.480369 0.000686 -0.000323  1.133793 0.025000 -0.104085
5  3.859510 -0.142880 -1.192048  -0.491045 0.088510 -1.079769
6  1.312590 0.000015 0.000007  -0.023850 -0.003096 -0.322521
7  0.729354 0.000053 0.000050  0.095448 -0.062094 -0.082117
8  3.942144 0.046272 -0.431511  -0.203068 0.062569 -0.876314
9  1.539110 0.000082 0.000003  -0.005394 -0.008254 -0.179624
10  1.196333 0.000145 0.000030  -0.085978 -0.022870 -0.925724
11  3.883507 -0.047270 0.431383  0.026144 0.116733 -0.566272
12  1.719573 -0.000024 0.000014  -0.005296 -0.015333 -0.528976
13  1.209179 0.000090 0.000012  0.019749 -0.126552 -0.784862
14  3.859664 -0.138476 1.332410  0.290751 0.086406 -0.316461
15  1.719449 -0.000011 0.000022  -0.005091 0.031302 -0.281853
16  1.099676 0.000050 0.000006  0.110582 -0.061003 -0.674587
17  0.801426 -0.420749 1.302620  -1.569993 -0.961421 -0.266579
18  1.789818 -0.000004 -0.000017  0.008557 0.008751 -0.035796
19  1.207014 -0.000012 -0.000047  0.317915 -0.025926 0.154605
20  5.740639 0.000409 -0.000702  -0.098575 0.000003 0.000071
21  11.481087 0.000348 -0.000725  -0.083424 0.027231 -0.035091
22  6.027524 -0.000329 0.000203  1.729377 -0.352557 1.206217
23  0.000003 11.692098 -0.000008  -0.756140 -0.252587 -0.618724
24  0.000002 0.000007 -0.000000  -0.515490 -0.000031 1.570739
25  -0.000001 -0.000012 -0.000001  0.868957 0.000002 1.570712
26  -5.217257 -5.444517 -0.957463  1.473120 1.855075 -0.198639
27  6.027512 -0.000262 -0.000223  1.845621 0.991145 -0.338854
28  11.691992 0.000245 0.000855  0.518585 0.000044 -1.462645
29  11.480591 0.000189 0.000845  -1.252603 -0.141152 0.515685
30  3.859437 -0.132788 1.193061  0.466149 -0.051826 -1.783918
31  1.312557 0.000027 -0.000000  -0.013965 -0.041044 -0.156447
32  0.729345 0.000066 -0.000027  -0.128320 -0.117290 -0.954857
33  3.942047 0.050109 0.430997  0.211501 -0.107596 -1.469120
34  1.539097 0.000011 0.000000  0.040712 -0.054386 -1.030469
35  1.196298 0.000075 -0.000003  -0.249391 -0.043040 -0.795120
36  3.883413 -0.050502 -0.431087  0.186407 -0.271796 -1.212184
37  1.719563 -0.000078 -0.000003  0.020974 -0.107650 -1.483528
38  1.209198 0.000036 0.000011  -0.324719 0.069674 -0.493483
39  3.859586 -0.149112 -1.331324  -0.114326 0.101888 -0.087360
40  1.719413 -0.000099 -0.000034  -0.021160 0.020975 -0.214798
41  1.099673 0.000024 0.000007  0.214887 0.048461 -0.340218
42  0.805980 -0.359854 -1.318339  0.991669 0.166767 -0.799535
43  1.789779 -0.000010 -0.000042  0.000057 -0.002451 0.133097
44  1.206997 -0.000005 0.000006  0.000372 -0.000070 1.058782
45  5.740572 0.000057 0.000724  0.081023 -0.000014 0.000021
46  11.481062 0.000074 0.000918  0.072985 -0.033659 0.091544
47  6.027515 -0.000272 -0.000237  -1.033431 -0.228902 -1.545931
48  -0.000000 11.691975 -0.000005  -1.007243 0.455412 0.796143
49  0.000003 -0.000000 -0.000000  2.791116 -0.000041 1.570856
50  -0.000007 -0.000015 0.000006  2.272644 -0.000030 1.570865
51  -6.372560 -10.810363 -3.366257  3.069977 -0.123015 -1.039818
52  0.000001 0.000000 -0.000000  0.008153 -0.000259 0.000009
53  0.000000 -0.000000 -0.000000  1.565115 0.043565 -0.106862
54  3.889030 -21.877733 -4.485172  -1.618474 -0.712413 -1.808524
55  0.000001 -0.000000 0.000001  0.000000 -0.000000 -0.000002
56  0.000032 0.000028 0.000001  -1.571901 -0.044449 -0.106509
57  7.202790 -19.259499 -17.055128  1.570796 -0.000000 0.000000
58  -17.325413 4.002017 -17.629452  1.570796 -0.000000 0.000000
59  2.236387 -2.421983 -5.367696  1.570796 -0.000000 0.000000
60  -0.004311 0.001230 -0.000371  0.006898 -0.005534 -0.284229
61  -0.957464 6.286006 -4.165171  1.570796 -0.000000 0.000000
62  0.000000 0.000000 0.000000  -0.078727 -3.136056 0.284226
63  0.000000 0.000000 0.000000  1.557059 -0.010466 -0.009989
64  -1.204147 -15.902207 0.667179  1.591870 -0.008606 0.636801
65  -0.109378 -1.951951 -1.519206  -0.000000 0.000000 0.000000
66  -0.109379 0.057027 25.399252  -0.000000 0.000000 0.000000
67  -0.109378 -1.856732 0.287230  -0.000000 0.000000 0.000000
68  -0.104047 -4.495924 7.879278  -0.000000 0.000000 0.000000
69  -0.195264 4.332630 -6.347188  -0.000000 0.000000 0.000000
70  -1.290113 3.693283 8.579669  0.022713 -0.014049 -0.017451
71  -0.121470 -1.314581 7.402087  -0.000000 0.000000 0.000000
72  -1.107527 -1.063453 4.061647  -0.000000 0.000000 0.000000
73  0.003658 1.612363 10.733984  -0.000000 -0.000000 0.204143
74  1.785629 -20.121752 -0.747920  1.591870 -0.008606 0.636801
time 13
0  0.000006 0.000000 0.000000  -1.570800 -1.391899 -1.570792
1  -4.849906 3.337897 2.232070  -1.544956 -1.855077 -0.198630
2  6.027522 -0.000325 0.000192  -1.240952 -1.152023 -1.436845
3  11.692110 0.000643 -0.000739  -1.384573 -0.000006 -1.187364
4  11.480270 0.000667 -0.000412  1.215053 -0.082176 -0.023031
5  3.859508 -0.142879 -1.192050  -0.486973 0.098044 -1.038741
6  1.312589 0.000011 0.000006  -0.016757 0.002435 -0.301085
7  0.729355 0.000054 0.000049  0.110552 -0.059921 -0.066875
8  3.942143 0.046272 -0.431513  -0.186241 0.039908 -0.870701
9  1.539111 0.000084 0.000006  -0.004130 -0.002946 -0.104554
10  1.196332 0.000145 0.000030  -0.093313 -0.025970 -0.950137
11  3.883503 -0.047269 0.431381  0.047208 0.082845 -0.573338
12  1.719574 -0.000026 0.000014  -0.003788 -0.007786 -0.470939
13  1.209179 0.000091 0.000011  0.023536 -0.136523 -0.808548
14  3.859661 -0.138476 1.332409  0.312272 0.051221 -0.319041
15  1.719448 -0.000010 0.000022  -0.003642 0.032266 -0.281409
16  1.099675 0.000049 0.000006  0.136065 -0.100057 -0.650953
17  0.803999 -0.380346 1.313120  -1.612703 -0.955508 -0.252920
18  1.789819 -0.000003 -0.000020  0.008588 0.007505 -0.019466
19  1.207014 -0.000012 -0.000043  0.340933 -0.022047 0.199767
20  5.740637 0.000409 -0.000702  -0.084749 0.000003 0.000071
21  11.481068 0.000344 -0.000741  -0.067207 0.003498 -0.021370
22  6.027524 -0.000329 0.000203  1.795452 -0.356548 1.124982
23  0.000003 11.692099 -0.000007  -0.839917 -0.313754 -0.680809
24  0.000003 0.000009 -0.000002  -0.515490 -0.000031 1.570739
25  -0.000001 -0.000011 -0.000001  0.868957 0.000002 1.570712
26  -5.100975 -5.134530 -1.105590  1.473120 1.855075 -0.198639
27  6.027511 -0.000264 -0.000222  1.835486 0.996866 -0.328101
28  11.691991 0.000245 0.000855  0.550548 0.000045 -1.482724
29  11.480424 0.000126 0.000891  -1.052004 -0.175431 0.513794
30  3.859437 -0.132788 1.193062  0.466149 -0.051826 -1.783918
31  1.312560 0.000025 0.000000  -0.013965 -0.041043 -0.156447
32  0.729346 0.000065 -0.000027  -0.128320 -0.117290 -0.954857
33  3.942047 0.050108 0.430997  0.211501 -0.107596 -1.469120
34  1.539097 0.000009 -0.000000  0.040712 -0.054386 -1.030469
35  1.196298 0.000076 -0.000004  -0.249391 -0.043040 -0.795120
36  3.883413 -0.050503 -0.431087  0.186407 -0.271796 -1.212184
37  1.719563 -0.000079 -0.000004  0.020974 -0.107650 -1.483528
38  1.209197 0.000035 0.000011  -0.324719 0.069674 -0.493483
39  3.859587 -0.149112 -1.331323  -0.110833 0.118346 -0.118772
40  1.719412 -0.000099 -0.000034  -0.019525 0.026216 -0.112668
41  1.099673 0.000025 0.000006  0.239119 0.043639 -0.299131
42  0.805980 -0.359855 -1.318338  0.991670 0.166767 -0.799535
43  1.789779 -0.000009 -0.000042  0.000057 -0.002451 0.133097
44  1.206997 -0.000005 0.000004  0.000372 -0.000070 1.058782
45  5.740571 0.000056 0.000724  0.123804 -0.000014 0.000021
46  11.481030 0.000062 0.000927  0.113900 -0.030285 0.091736
47  6.027514 -0.000274 -0.000236  -1.040960 -0.231994 -1.524962
48  -0.000000 11.691973 -0.000006  -1.019173 0.466411 0.803800
49  0.000004 -0.000001 0.000000  2.823077 -0.000041 1.570856
50  -0.000006 -0.000015 0.000005  2.272644 -0.000030 1.570865
51  -6.207749 -10.956261 -3.227199  -3.015984 -0.111263 -0.965298
52  0.000001 -0.000001 -0.000000  0.008153 -0.000259 0.000009
53  0.000001 -0.000001 -0.000000  1.565115 0.043565 -0.106862
54  4.875653 -21.149624 -3.965213  -1.578737 -0.684330 -1.787221
55  -0.000001 0.000001 -0.000001  0.000000 -0.000000 -0.000002
56  0.000029 0.000030 -0.000000  -1.571901 -0.044449 -0.106509
57  7.202790 -19.259499 -17.055128  1.570796 -0.000000 0.000000
58  -17.483763 4.002122 -17.213327  1.570796 -0.000000 0.000000
59  2.236387 -2.421983 -5.367696  1.570796 -0.000000 0.000000
60  -0.004311 0.001230 -0.000371  0.006898 -0.005534 -0.284229
61  -1.105591 5.960275 -4.105906  1.570796 -0.000000 0.000000
62  0.000000 0.000000 0.000000  -0.078727 -3.136056 0.284226
63  0.000000 0.000000 0.000000  1.553002 -0.012712 -0.011729
64  -1.203616 -16.030975 1.028846  1.580396 -0.204494 0.735672
65  -0.109378 -1.951951 -1.519204  -0.000000 -0.000000 -0.000000
66  -0.109378 0.057027 25.399256  -0.000000 -0.000000 -0.000000
67  -0.109379 -1.856731 0.287231  -0.000000 -0.000000 -0.000000
68  -0.104046 -4.495923 7.879278  -0.000000 -0.000000 -0.000000
69  -0.195264 4.332631 -6.347188  -0.000000 -0.000000 -0.000000
70  -1.290113 3.693284 8.579668  0.022713 -0.014049 -0.017451
71  -0.121469 -1.314581 7.402088  -0.000000 -0.000000 -0.000000
72  -1.107528 -1.063453 4.061648  -0.000000 -0.000000 -0.000000
73  0.003660 1.612363 10.733982  0.000000 -0.000000 0.207645
74  2.395477 -19.768475 -0.321502  1.580396 -0.204494 0.735672
time 14
0  0.000006 0.000000 0.000000  -1.570800 -1.391899 -1.570792
1  -4.849906 3.337897 2.232070  -1.544956 -1.855077 -0.198630
2  6.027522 -0.000324 0.000192  -1.328636 -1.116407 -1.399002
3  11.692109 0.000643 -0.000739  -1.384580 -0.000011 -1.307689
4  11.480459 0.000676 -0.000367  1.272304 -0.191130 0.029214
5  3.859506 -0.142879 -1.192049  -0.483472 0.105467 -1.006216
6  1.312590 0.000011 0.000009  -0.011044 0.006717 -0.284041
7  0.729354 0.000054 0.000051  0.122564 -0.058359 -0.054754
8  3.942143 0.046274 -0.431511  -0.172992 0.021867 -0.866524
9  1.539111 0.000085 0.000006  -0.002863 0.001136 -0.045738
10  1.196332 0.000142 0.000028  -0.099080 -0.028557 -0.969495
11  3.883503 -0.047269 0.431383  0.064017 0.056130 -0.579426
12  1.719574 -0.000027 0.000014  -0.002293 -0.001908 -0.425199
13  1.209179 0.000091 0.000011  0.026715 -0.144372 -0.827396
14  3.859661 -0.138475 1.332410  0.329349 0.023416 -0.321617
15  1.719448 -0.000010 0.000022  -0.002490 0.033032 -0.281055
16  1.099675 0.000049 0.000006  0.155597 -0.131290 -0.632938
17  0.805515 -0.356544 1.319306  -1.636466 -0.951654 -0.247188
18  1.789820 -0.000005 -0.000019  0.008551 0.007078 -0.008749
19  1.207015 -0.000012 -0.000040  0.355156 -0.020765 0.229302
20  5.740637 0.000410 -0.000702  -0.074795 0.000003 0.000071
21  11.481105 0.000347 -0.000731  -0.054542 -0.019161 -0.012557
22  6.027524 -0.000329 0.000203  1.849851 -0.363510 1.064175
23  0.000001 11.692100 -0.000009  -0.914081 -0.373468 -0.733538
24  0.000002 0.000007 -0.000001  -0.515490 -0.000031 1.570739
25  -0.000001 -0.000012 -0.000001  0.868957 0.000002 1.570712
26  -5.008545 -4.888124 -1.223334  1.473120 1.855075 -0.198639
27  6.027511 -0.000264 -0.000223  1.829768 0.994873 -0.318677
28  11.691993 0.000244 0.000854  0.575975 0.000047 -1.510331
29  11.480200 0.000033 0.000963  -0.881154 -0.213466 0.516082
30  3.859436 -0.132787 1.193062  0.466149 -0.051826 -1.783918
31  1.312558 0.000025 0.000000  -0.013965 -0.041044 -0.156447
32  0.729345 0.000066 -0.000027  -0.128320 -0.117290 -0.954857
33  3.942045 0.050109 0.430997  0.211501 -0.107596 -1.469120
34  1.539097 0.000009 -0.000000  0.040712 -0.054386 -1.030469
35  1.196299 0.000076 -0.000004  -0.249391 -0.043040 -0.795121
36  3.883411 -0.050502 -0.431087  0.186407 -0.271796 -1.212184
37  1.719563 -0.000079 -0.000004  0.020974 -0.107650 -1.483528
38  1.209196 0.000036 0.000011  -0.324719 0.069674 -0.493483
39  3.859584 -0.149111 -1.331323  -0.110833 0.118346 -0.118772
40  1.719411 -0.000098 -0.000035  -0.019525 0.026216 -0.112668
41  1.099674 0.000026 0.000007  0.239119 0.043639 -0.299131
42  0.805978 -0.359854 -1.318338  0.991670 0.166767 -0.799535
43  1.789779 -0.000009 -0.000044  0.000057 -0.002451 0.133097
44  1.206997 -0.000006 0.000004  0.000372 -0.000070 1.058782
45  5.740571 0.000056 0.000723  0.160939 -0.000014 0.000021
46  11.480984 0.000044 0.000942  0.149138 -0.028537 0.093831
47  6.027515 -0.000274 -0.000237  -1.040229 -0.235618 -1.510909
48  -0.000002 11.691976 -0.000004  -1.035528 0.481666 0.814158
49  0.000003 -0.000001 -0.000000  2.848504 -0.000041 1.570856
50  -0.000007 -0.000015 0.000005  2.272644 -0.000030 1.570865
51  -6.121990 -10.974710 -3.114176  -2.851205 -0.097876 -0.895208
52  0.000000 0.000001 0.000000  0.008153 -0.000259 0.000009
53  -0.000001 -0.000000 0.000000  1.565115 0.043565 -0.106862
54  5.607108 -20.367256 -3.642969  -1.554289 -0.652096 -1.756160
55  0.000001 0.000000 -0.000000  0.000000 -0.000000 -0.000002
56  0.000030 0.000029 0.000001  -1.571901 -0.044449 -0.106509
57  7.202790 -19.259499 -17.055128  1.570796 -0.000000 0.000000
58  -17.609634 4.002205 -16.882553  1.570796 -0.000000 0.000000
59  2.236387 -2.421983 -5.367696  1.570796 -0.000000 0.000000
60  -0.004311 0.001230 -0.000371  0.006898 -0.005534 -0.284229
61  -1.223335 5.701354 -4.058797  1.570796 -0.000000 0.000000
62  0.000000 0.000000 0.000000  -0.078727 -3.136056 0.284226
63  0.000000 0.000000 0.000000  1.553908 -0.012162 -0.011434
64  -1.203540 -16.083017 1.201149  1.570318 -0.368632 0.825858
65  -0.109379 -1.951951 -1.519207  -0.000000 0.000000 -0.000000
66  -0.109382 0.057028 25.399254  -0.000000 0.000000 -0.000000
67  -0.109380 -1.856731 0.287229  -0.000000 0.000000 -0.000000
68  -0.104049 -4.495923 7.879276  -0.000000 0.000000 -0.000000
69  -0.195265 4.332632 -6.347186  -0.000000 0.000000 -0.000000
70  -1.290114 3.693284 8.579668  0.022713 -0.014049 -0.017451
71  -0.121471 -1.314581 7.402087  -0.000000 0.000000 -0.000000
72  -1.107530 -1.063452 4.061646  -0.000000 0.000000 -0.000000
73  0.003657 1.612364 10.733982  0.000000 0.000000 0.198132
74  2.862723 -19.343494 -0.056067  1.570318 -0.368632 0.825858
time 15
0  0.000006 0.000000 0.000000  -1.570800 -1.391899 -1.570792
1  -4.849906 3.337897 2.232070  -1.544956 -1.855077 -0.198630
2  6.027522 -0.000324 0.000193  -1.364665 -1.095097 -1.384558
3  11.692110 0.000644 -0.000739  -1.384584 -0.000015 -1.377186
4  11.480000 0.000631 -0.000619  1.298009 -0.230762 0.013799
5  3.859508 -0.142881 -1.192049  -0.480807 0.110724 -0.982834
6  1.312589 0.000013 0.000005  -0.006886 0.009739 -0.271756
7  0.729354 0.000054 0.000050  0.131223 -0.057325 -0.046017
8  3.942143 0.046273 -0.431512  -0.163509 0.008854 -0.863667
9  1.539111 0.000082 0.000004  -0.001817 0.003994 -0.003874
10  1.196332 0.000145 0.000028  -0.103199 -0.030487 -0.983418
11  3.883503 -0.047270 0.431381  0.076173 0.037012 -0.584069
12  1.719573 -0.000027 0.000014  -0.001059 0.002252 -0.392475
13  1.209179 0.000090 0.000012  0.029097 -0.149982 -0.840989
14  3.859662 -0.138476 1.332410  0.341651 0.003482 -0.323758
15  1.719448 -0.000011 0.000022  -0.001659 0.033583 -0.280800
16  1.099675 0.000049 0.000006  0.169289 -0.153870 -0.620366
17  0.805992 -0.349051 1.321253  -1.643650 -0.950377 -0.245886
18  1.789820 -0.000004 -0.000017  0.008528 0.007013 -0.005127
19  1.207015 -0.000013 -0.000046  0.359774 -0.020568 0.239258
20  5.740637 0.000409 -0.000703  -0.077490 0.000003 0.000071
21  11.481011 0.000337 -0.000783  -0.049137 -0.026501 -0.015803
22  6.027524 -0.000329 0.000203  1.877787 -0.369410 1.036402
23  0.000002 11.692101 -0.000007  -0.956168 -0.409567 -0.762351
24  0.000002 0.000007 -0.000000  -0.515490 -0.000031 1.570739
25  -0.000002 -0.000012 -0.000001  0.868957 0.000002 1.570712
26  -4.941930 -4.710539 -1.308192  1.473120 1.855075 -0.198639
27  6.027510 -0.000263 -0.000223  1.842211 0.991362 -0.299089
28  11.691990 0.000244 0.000856  0.594305 0.000048 -1.513668
29  11.480175 0.000038 0.000970  -0.804660 -0.266276 0.496070
30  3.859437 -0.132786 1.193061  0.466149 -0.051826 -1.783918
31  1.312557 0.000026 0.000000  -0.013965 -0.041044 -0.156447
32  0.729344 0.000065 -0.000028  -0.128320 -0.117290 -0.954857
33  3.942046 0.050110 0.430996  0.211501 -0.107596 -1.469120
34  1.539096 0.000010 -0.000000  0.040712 -0.054386 -1.030469
35  1.196299 0.000076 -0.000004  -0.249391 -0.043040 -0.795121
36  3.883412 -0.050500 -0.431087  0.186407 -0.271796 -1.212184
37  1.719563 -0.000078 -0.000003  0.020974 -0.107650 -1.483528
38  1.209196 0.000035 0.000011  -0.324719 0.069674 -0.493483
39  3.859586 -0.149110 -1.331323  -0.110833 0.118346 -0.118772
40  1.719412 -0.000100 -0.000034  -0.019525 0.026216 -0.112669
41  1.099674 0.000026 0.000007  0.239119 0.043639 -0.299131
42  0.805979 -0.359852 -1.318338  0.991670 0.166767 -0.799535
43  1.789780 -0.000009 -0.000042  0.000057 -0.002451 0.133097
44  1.206997 -0.000006 0.000006  0.000372 -0.000070 1.058782
45  5.740571 0.000055 0.000723  0.173235 -0.000014 0.000021
46  11.480978 0.000043 0.000943  0.166049 -0.035868 0.092967
47  6.027514 -0.000273 -0.000236  -1.034325 -0.230568 -1.503109
48  -0.000000 11.691973 -0.000005  -1.037500 0.483520 0.815398
49  0.000003 -0.000001 -0.000000  2.866834 -0.000041 1.570856
50  -0.000008 -0.000015 0.000005  2.272644 -0.000030 1.570865
51  -6.263761 -11.125668 -3.007646  -2.781827 -0.094083 -0.831650
52  0.000000 0.000002 0.000000  0.008153 -0.000259 0.000009
53  -0.000000 0.000002 -0.000000  1.565115 0.043565 -0.106862
54  5.931677 -19.865421 -3.499894  -1.573946 -0.667634 -1.702558
55  0.000001 0.000003 -0.000001  0.000000 -0.000000 -0.000002
56  0.000032 0.000032 0.000000  -1.571901 -0.044449 -0.106509
57  7.202790 -19.259499 -17.055128  1.570796 -0.000000 0.000000
58  -17.700350 4.002266 -16.644165  1.570796 -0.000000 0.000000
59  2.236387 -2.421983 -5.367696  1.570796 -0.000000 0.000000
60  -0.004311 0.001230 -0.000371  0.006898 -0.005534 -0.284229
61  -1.308193 5.514750 -4.024845  1.570796 -0.000000 0.000000
62  0.000000 0.000000 0.000000  -0.078727 -3.136056 0.284226
63  0.000000 0.000000 0.000000  1.556297 -0.010714 -0.010631
64  -1.207885 -16.090200 1.316649  1.562796 -0.437447 0.899020
65  -0.109378 -1.951951 -1.519205  -0.000000 0.000000 0.000000
66  -0.109377 0.057028 25.399250  -0.000000 0.000000 0.000000
67  -0.109378 -1.856731 0.287229  -0.000000 0.000000 0.000000
68  -0.104046 -4.495923 7.879277  -0.000000 0.000000 0.000000
69  -0.195263 4.332631 -6.347188  -0.000000 0.000000 0.000000
70  -1.290112 3.693284 8.579667  0.022713 -0.014049 -0.017451
71  -0.121468 -1.314581 7.402088  -0.000000 0.000000 0.000000
72  -1.107528 -1.063453 4.061648  -0.000000 0.000000 0.000000
73  0.003659 1.612364 10.733981  -0.000000 0.000000 0.174287
74  3.136334 -18.996717 0.122607  1.562796 -0.437447 0.899020
time 16
0  0.000006 0.000000 0.000000  -1.570800 -1.391899 -1.570792
1  -4.849906 3.337897 2.232070  -1.544956 -1.855077 -0.198630
2  6.027522 -0.000324 0.000193  -1.371631 -1.085454 -1.379943
3  11.692107 0.000645 -0.000739  -1.384585 -0.000017 -1.401384
4  11.479856 0.000617 -0.000696  1.304835 -0.210481 -0.038049
5  3.859507 -0.142879 -1.192049  -0.479155 0.113836 -0.968846
6  1.312590 0.000012 0.000008  -0.004379 0.011523 -0.264394
7  0.729355 0.000055 0.000049  0.136412 -0.056742 -0.040781
8  3.942143 0.046274 -0.431512  -0.157852 0.001053 -0.862017
9  1.539111 0.000084 0.000005  -0.001139 0.005669 0.020993
10  1.196333 0.000144 0.000029  -0.105651 -0.031670 -0.991750
11  3.883503 -0.047269 0.431381  0.083478 0.025612 -0.586954
12  1.719572 -0.000028 0.000015  -0.000260 0.004711 -0.372967
13  1.209179 0.000090 0.000013  0.030562 -0.153326 -0.849140
14  3.859659 -0.138476 1.332410  0.349024 -0.008420 -0.325155
15  1.719449 -0.000014 0.000021  -0.001161 0.033914 -0.280646
16  1.099675 0.000046 0.000006  0.177344 -0.167423 -0.612993
17  0.805992 -0.349050 1.321254  -1.643650 -0.950377 -0.245886
18  1.789819 -0.000004 -0.000018  0.008528 0.007013 -0.005127
19  1.207015 -0.000011 -0.000044  0.359774 -0.020568 0.239258
20  5.740637 0.000410 -0.000704  -0.087545 0.000003 0.000071
21  11.480985 0.000334 -0.000797  -0.048503 -0.021318 -0.025478
22  6.027524 -0.000329 0.000203  1.887241 -0.374489 1.031404
23  0.000002 11.692098 -0.000006  -0.970710 -0.422395 -0.772097
24  0.000002 0.000008 -0.000002  -0.515490 -0.000031 1.570739
25  -0.000001 -0.000012 -0.000001  0.868957 0.000002 1.570712
26  -4.902007 -4.604110 -1.359050  1.473120 1.855075 -0.198639
27  6.027510 -0.000264 -0.000223  1.859686 0.989869 -0.279181
28  11.691990 0.000243 0.000855  0.605292 0.000045 -1.493863
29  11.480330 0.000128 0.000916  -0.803743 -0.319553 0.460752
30  3.859436 -0.132788 1.193062  0.466149 -0.051826 -1.783918
31  1.312559 0.000025 -0.000000  -0.013965 -0.041044 -0.156447
32  0.729345 0.000065 -0.000028  -0.128320 -0.117290 -0.954857
33  3.942047 0.050108 0.430997  0.211501 -0.107596 -1.469120
34  1.539098 0.000009 -0.000001  0.040712 -0.054386 -1.030469
35  1.196301 0.000076 -0.000003  -0.249391 -0.043040 -0.795120
36  3.883411 -0.050503 -0.431087  0.186407 -0.271796 -1.212184
37  1.719564 -0.000079 -0.000003  0.020974 -0.107650 -1.483528
38  1.209196 0.000036 0.000011  -0.324719 0.069674 -0.493483
39  3.859584 -0.149113 -1.331323  -0.110833 0.118346 -0.118772
40  1.719411 -0.000101 -0.000035  -0.019525 0.026216 -0.112668
41  1.099673 0.000024 0.000006  0.239119 0.043639 -0.299131
42  0.805979 -0.359855 -1.318338  0.991670 0.166767 -0.799535
43  1.789779 -0.000009 -0.000043  0.000057 -0.002451 0.133097
44  1.206997 -0.000006 0.000007  0.000372 -0.000070 1.058782
45  5.740572 0.000056 0.000726  0.165786 -0.000014 0.000021
46  11.481010 0.000063 0.000933  0.167543 -0.048459 0.089073
47  6.027514 -0.000273 -0.000237  -1.029438 -0.222124 -1.498912
48  -0.000001 11.691974 -0.000005  -1.025777 0.472548 0.808003
49  0.000003 -0.000000 -0.000001  2.877821 -0.000041 1.570856
50  -0.000007 -0.000015 0.000005  2.272644 -0.000030 1.570865
51  -6.507909 -11.400497 -2.958989  -2.786396 -0.097369 -0.783240
52  0.000000 -0.000001 -0.000000  0.008153 -0.000259 0.000009
53  -0.000000 -0.000001 0.000000  1.565115 0.043565 -0.106862
54  5.984436 -19.686615 -3.497559  -1.618210 -0.713951 -1.642913
55  -0.000001 -0.000001 -0.000000  0.000000 -0.000000 -0.000002
56  0.000029 0.000029 0.000001  -1.571901 -0.044449 -0.106509
57  7.202790 -19.259499 -17.055128  1.570796 -0.000000 0.000000
58  -17.754717 4.002302 -16.501295  1.570796 -0.000000 0.000000
59  2.236387 -2.421983 -5.367696  1.570796 -0.000000 0.000000
60  -0.004311 0.001230 -0.000371  0.006898 -0.005534 -0.284229
61  -1.359051 5.402914 -4.004498  1.570796 -0.000000 0.000000
62  0.000000 0.000000 0.000000  -0.078727 -3.136056 0.284226
63  0.000000 0.000000 0.000000  1.559677 -0.008671 -0.009438
64  -1.215954 -16.092846 1.386706  1.560019 -0.432434 0.948163
65  -0.109377 -1.951952 -1.519204  0.000000 -0.000000 -0.000000
66  -0.109378 0.057027 25.399254  0.000000 -0.000000 -0.000000
67  -0.109378 -1.856732 0.287230  0.000000 -0.000000 -0.000000
68  -0.104046 -4.495923 7.879277  0.000000 -0.000000 -0.000000
69  -0.195264 4.332631 -6.347188  0.000000 -0.000000 -0.000000
70  -1.290110 3.693283 8.579666  0.022713 -0.014049 -0.017451
71  -0.121470 -1.314581 7.402089  0.000000 -0.000000 -0.000000
72  -1.107526 -1.063454 4.061647  0.000000 -0.000000 -0.000000
73  0.003661 1.612362 10.733984  -0.000000 0.000000 0.143127
74  3.261601 -18.794277 0.203665  1.560019 -0.432434 0.948163
time 17
0  0.000006 0.000000 0.000000  -1.570800 -1.391899 -1.570792
1  -4.849906 3.337897 2.232070  -1.544956 -1.855077 -0.198630
2  6.027522 -0.000324 0.000193  -1.375467 -1.078554 -1.376898
3  11.692109 0.000644 -0.000739  -1.384586 -0.000018 -1.417169
4  11.479768 0.000610 -0.000742  1.314846 -0.202627 -0.069680
5  3.859509 -0.142878 -1.192049  -0.478600 0.114858 -0.964224
6  1.312590 0.000012 0.000009  -0.003547 0.012109 -0.261959
7  0.729355 0.000052 0.000049  0.138128 -0.056555 -0.039049
8  3.942143 0.046274 -0.431511  -0.155984 -0.001527 -0.861481
9  1.539111 0.000085 0.000005  -0.000906 0.006217 0.029179
10  1.196332 0.000146 0.000029  -0.106460 -0.032066 -0.994504
11  3.883504 -0.047269 0.431382  0.085898 0.021851 -0.587925
12  1.719573 -0.000026 0.000014  0.000015 0.005519 -0.366533
13  1.209179 0.000091 0.000012  0.031052 -0.154429 -0.851836
14  3.859663 -0.138475 1.332410  0.351463 -0.012349 -0.325636
15  1.719448 -0.000013 0.000023  -0.000997 0.034023 -0.280596
16  1.099675 0.000047 0.000007  0.179984 -0.171907 -0.610581
17  0.805993 -0.349049 1.321254  -1.643650 -0.950377 -0.245886
18  1.789819 -0.000001 -0.000018  0.008528 0.007013 -0.005127
19  1.207015 -0.000013 -0.000045  0.359774 -0.020568 0.239258
20  5.740635 0.000412 -0.000703  -0.093090 0.000003 0.000071
21  11.480965 0.000334 -0.000806  -0.046846 -0.019075 -0.031329
22  6.027524 -0.000329 0.000203  1.893645 -0.378410 1.028709
23  0.000002 11.692099 -0.000008  -0.980168 -0.430832 -0.778374
24  0.000003 0.000006 -0.000001  -0.515490 -0.000031 1.570739
25  -0.000001 -0.000012 -0.000002  0.868957 0.000002 1.570712
26  -4.888802 -4.568908 -1.375871  1.473120 1.855075 -0.198639
27  6.027511 -0.000264 -0.000222  1.873461 0.991184 -0.265869
28  11.691993 0.000245 0.000855  0.608924 0.000045 -1.473837
29  11.480497 0.000215 0.000858  -0.811208 -0.358818 0.436263
30  3.859436 -0.132789 1.193062  0.466149 -0.051826 -1.783918
31  1.312559 0.000026 0.000000  -0.013965 -0.041044 -0.156447
32  0.729344 0.000066 -0.000027  -0.128320 -0.117290 -0.954857
33  3.942046 0.050108 0.430997  0.211501 -0.107596 -1.469120
34  1.539098 0.000010 0.000000  0.040712 -0.054386 -1.030469
35  1.196298 0.000076 -0.000004  -0.249391 -0.043040 -0.795121
36  3.883412 -0.050503 -0.431086  0.186407 -0.271796 -1.212184
37  1.719564 -0.000080 -0.000004  0.020974 -0.107650 -1.483528
38  1.209196 0.000036 0.000011  -0.324719 0.069674 -0.493483
39  3.859585 -0.149113 -1.331323  -0.110833 0.118346 -0.118772
40  1.719414 -0.000098 -0.000034  -0.019525 0.026216 -0.112669
41  1.099672 0.000025 0.000007  0.239119 0.043639 -0.299131
42  0.805979 -0.359855 -1.318338  0.991670 0.166767 -0.799535
43  1.789780 -0.000009 -0.000043  0.000057 -0.002451 0.133097
44  1.206997 -0.000006 0.000006  0.000372 -0.000070 1.058782
45  5.740572 0.000056 0.000724  0.158531 -0.000014 0.000021
46  11.481043 0.000079 0.000921  0.166821 -0.058075 0.086397
47  6.027514 -0.000273 -0.000235  -1.028088 -0.214572 -1.497414
48  -0.000001 11.691975 -0.000005  -1.013895 0.461533 0.800425
49  0.000004 -0.000001 0.000000  2.881454 -0.000041 1.570856
50  -0.000007 -0.000015 0.000005  2.272644 -0.000030 1.570865
51  -6.678086 -11.597357 -2.925622  -2.798359 -0.098464 -0.753059
52  -0.000000 0.000000 -0.000000  0.008153 -0.000259 0.000009
53  0.000000 -0.000002 0.000000  1.565115 0.043565 -0.106862
54  6.010805 -19.569981 -3.507886  -1.642060 -0.736549 -1.603366
55  0.000001 0.000002 -0.000000  0.000000 -0.000000 -0.000002
56  0.000032 0.000031 0.000001  -1.571901 -0.044449 -0.106509
57  7.202790 -19.259499 -17.055128  1.570796 -0.000000 0.000000
58  -17.772699 4.002314 -16.454041  1.570796 -0.000000 0.000000
59  2.236387 -2.421983 -5.367696  1.570796 -0.000000 0.000000
60  -0.004311 0.001230 -0.000371  0.006898 -0.005534 -0.284229
61  -1.375872 5.365924 -3.997767  1.570796 -0.000000 0.000000
62  0.000000 0.000000 0.000000  -0.078727 -3.136056 0.284226
63  0.000000 0.000000 0.000000  1.563554 -0.006332 -0.007977
64  -1.220299 -16.093224 1.422681  1.560912 -0.420505 0.976805
65  -0.109378 -1.951951 -1.519206  0.000000 0.000000 0.000000
66  -0.109380 0.057028 25.399250  0.000000 0.000000 0.000000
67  -0.109378 -1.856732 0.287228  0.000000 0.000000 0.000000
68  -0.104047 -4.495922 7.879276  0.000000 0.000000 0.000000
69  -0.195266 4.332631 -6.347187  0.000000 0.000000 0.000000
70  -1.290113 3.693284 8.579667  0.022713 -0.014049 -0.017451
71  -0.121470 -1.314580 7.402087  0.000000 0.000000 0.000000
72  -1.107528 -1.063452 4.061646  0.000000 0.000000 0.000000
73  0.003659 1.612364 10.733981  -0.000000 -0.000000 0.111827
74  3.325008 -18.674835 0.230504  1.560912 -0.420505 0.976806
time 18
0  0.000006 0.000000 0.000000  -1.570800 -1.391899 -1.570792
1  -4.849906 3.337897 2.232070  -1.544956 -1.855077 -0.198630
2  6.027522 -0.000324 0.000193  -1.376654 -1.074401 -1.375195
3  11.692106 0.000643 -0.000739  -1.384586 -0.000018 -1.424802
4  11.479722 0.000605 -0.000761  1.321990 -0.198349 -0.088749
5  3.859510 -0.142880 -1.192049  -0.478600 0.114858 -0.964224
6  1.312590 0.000014 0.000008  -0.003547 0.012109 -0.261959
7  0.729354 0.000055 0.000049  0.138128 -0.056555 -0.039049
8  3.942142 0.046271 -0.431512  -0.155984 -0.001527 -0.861481
9  1.539111 0.000082 0.000004  -0.000906 0.006217 0.029179
10  1.196333 0.000146 0.000029  -0.106460 -0.032066 -0.994504
11  3.883505 -0.047272 0.431381  0.085898 0.021851 -0.587925
12  1.719573 -0.000027 0.000015  0.000015 0.005519 -0.366533
13  1.209179 0.000092 0.000012  0.031052 -0.154429 -0.851836
14  3.859661 -0.138477 1.332411  0.351463 -0.012349 -0.325636
15  1.719450 -0.000011 0.000023  -0.000997 0.034023 -0.280596
16  1.099675 0.000047 0.000006  0.179984 -0.171907 -0.610581
17  0.805994 -0.349050 1.321254  -1.643650 -0.950377 -0.245886
18  1.789821 -0.000003 -0.000020  0.008528 0.007013 -0.005127
19  1.207014 -0.000012 -0.000047  0.359774 -0.020568 0.239258
20  5.740636 0.000410 -0.000703  -0.096175 0.000003 0.000071
21  11.480955 0.000332 -0.000812  -0.045603 -0.017836 -0.034844
22  6.027524 -0.000329 0.000203  1.897100 -0.381107 1.028086
23  0.000002 11.692099 -0.000007  -0.984733 -0.434931 -0.781387
24  0.000003 0.000010 0.000000  -0.515490 -0.000030 1.570739
25  -0.000001 -0.000011 -0.000001  0.868957 0.000002 1.570712
26  -4.888802 -4.568908 -1.375871  1.473120 1.855075 -0.198639
27  6.027511 -0.000264 -0.000221  1.883100 0.993419 -0.257775
28  11.691993 0.000244 0.000856  0.608924 0.000044 -1.457506
29  11.480637 0.000285 0.000808  -0.822847 -0.384054 0.421019
30  3.859435 -0.132787 1.193062  0.466149 -0.051826 -1.783918
31  1.312558 0.000026 0.000001  -0.013965 -0.041044 -0.156447
32  0.729344 0.000066 -0.000027  -0.128320 -0.117290 -0.954857
33  3.942047 0.050110 0.430996  0.211501 -0.107596 -1.469120
34  1.539096 0.000011 -0.000001  0.040712 -0.054386 -1.030469
35  1.196300 0.000076 -0.000004  -0.249391 -0.043040 -0.795121
36  3.883411 -0.050501 -0.431087  0.186407 -0.271796 -1.212184
37  1.719563 -0.000077 -0.000003  0.020974 -0.107650 -1.483528
38  1.209198 0.000036 0.000011  -0.324719 0.069674 -0.493483
39  3.859584 -0.149112 -1.331323  -0.110833 0.118346 -0.118772
40  1.719413 -0.000100 -0.000034  -0.019525 0.026216 -0.112669
41  1.099673 0.000025 0.000006  0.239119 0.043639 -0.299131
42  0.805978 -0.359854 -1.318338  0.991670 0.166767 -0.799535
43  1.789779 -0.000009 -0.000044  0.000057 -0.002451 0.133097
44  1.206997 -0.000006 0.000005  0.000373 -0.000070 1.058782
45  5.740574 0.000057 0.000723  0.152323 -0.000014 0.000021
46  11.481073 0.000094 0.000910  0.164917 -0.064555 0.084635
47  6.027514 -0.000273 -0.000235  -1.028473 -0.208860 -1.497309
48  -0.000000 11.691974 -0.000006  -1.004186 0.452610 0.794167
49  0.000002 -0.000001 0.000001  2.881454 -0.000041 1.570856
50  -0.000007 -0.000016 0.000005  2.272644 -0.000030 1.570865
51  -6.785803 -11.725343 -2.906159  -2.812827 -0.098561 -0.736793
52  -0.000000 0.000001 0.000000  0.008153 -0.000259 0.000009
53  0.000000 -0.000000 -0.000000  1.565115 0.043565 -0.106862
54  6.014233 -19.515215 -3.527980  -1.654902 -0.747399 -1.579846
55  -0.000000 -0.000000 -0.000000  0.000000 -0.000000 -0.000002
56  0.000030 0.000029 0.000001  -1.571901 -0.044449 -0.106509
57  7.202790 -19.259499 -17.055128  1.570796 -0.000000 0.000000
58  -17.772699 4.002314 -16.454041  1.570796 -0.000000 0.000000
59  2.236387 -2.421983 -5.367696  1.570796 -0.000000 0.000000
60  -0.004311 0.001230 -0.000371  0.006898 -0.005534 -0.284229
61  -1.375872 5.365924 -3.997767  1.570796 -0.000000 0.000000
62  0.000000 0.000000 0.000000  -0.078727 -3.136056 0.284226
63  0.000000 0.000000 0.000000  1.567434 -0.004000 -0.006372
64  -1.220132 -16.093122 1.435936  1.563280 -0.406271 0.990696
65  -0.109378 -1.951952 -1.519206  -0.000000 -0.000000 -0.000000
66  -0.109376 0.057026 25.399256  -0.000000 -0.000000 -0.000000
67  -0.109378 -1.856732 0.287229  -0.000000 -0.000000 -0.000000
68  -0.104047 -4.495924 7.879277  -0.000000 -0.000000 -0.000000
69  -0.195263 4.332630 -6.347188  -0.000000 -0.000000 -0.000000
70  -1.290109 3.693283 8.579669  0.022713 -0.014049 -0.017451
71  -0.121469 -1.314582 7.402089  -0.000000 -0.000000 -0.000000
72  -1.107527 -1.063454 4.061648  -0.000000 -0.000000 -0.000000
73  0.003660 1.612363 10.733982  -0.000000 -0.000000 0.087697
74  3.351451 -18.619862 0.226789  1.563280 -0.406271 0.990696
time 19
0  0.000006 0.000000 0.000000  -1.570800 -1.391899 -1.570792
1  -4.849906 3.337897 2.232070  -1.544956 -1.855077 -0.198630
2  6.027522 -0.000324 0.000193  -1.374765 -1.072266 -1.374493
3  11.692108 0.000645 -0.000739  -1.384586 -0.000018 -1.425195
4  11.479724 0.000605 -0.000763  1.320819 -0.190608 -0.103114
5  3.859509 -0.142879 -1.192049  -0.478600 0.114858 -0.964224
6  1.312590 0.000011 0.000007  -0.003547 0.012109 -0.261959
7  0.729354 0.000053 0.000049  0.138128 -0.056555 -0.039049
8  3.942143 0.046273 -0.431511  -0.155984 -0.001527 -0.861481
9  1.539111 0.000086 0.000005  -0.000906 0.006217 0.029179
10  1.196332 0.000146 0.000029  -0.106460 -0.032066 -0.994504
11  3.883505 -0.047270 0.431382  0.085898 0.021851 -0.587925
12  1.719574 -0.000025 0.000015  0.000015 0.005519 -0.366533
13  1.209179 0.000092 0.000012  0.031052 -0.154429 -0.851836
14  3.859662 -0.138476 1.332410  0.351463 -0.012349 -0.325636
15  1.719448 -0.000011 0.000022  -0.000997 0.034023 -0.280596
16  1.099675 0.000047 0.000006  0.179984 -0.171907 -0.610581
17  0.805994 -0.349050 1.321254  -1.643650 -0.950377 -0.245886
18  1.789820 -0.000002 -0.000019  0.008528 0.007013 -0.005127
19  1.207015 -0.000012 -0.000043  0.359774 -0.020568 0.239258
20  5.740637 0.000410 -0.000703  -0.099163 0.000003 0.000071
21  11.480958 0.000332 -0.000810  -0.045959 -0.016000 -0.037585
22  6.027524 -0.000329 0.000203  1.897929 -0.383293 1.030139
23  0.000001 11.692100 -0.000006  -0.984968 -0.435142 -0.781542
24  0.000002 0.000008 -0.000000  -0.515490 -0.000030 1.570739
25  -0.000001 -0.000011 -0.000001  0.868957 0.000002 1.570712
26  -4.888802 -4.568908 -1.375871  1.473120 1.855075 -0.198639
27  6.027511 -0.000264 -0.000221  1.889243 0.994548 -0.252655
28  11.691992 0.000244 0.000856  0.608923 0.000043 -1.448869
29  11.480710 0.000326 0.000780  -0.834363 -0.396588 0.415373
30  3.859437 -0.132787 1.193062  0.466149 -0.051826 -1.783918
31  1.312559 0.000025 -0.000000  -0.013965 -0.041044 -0.156447
32  0.729344 0.000065 -0.000028  -0.128320 -0.117290 -0.954857
33  3.942047 0.050110 0.430997  0.211501 -0.107596 -1.469120
34  1.539096 0.000009 -0.000000  0.040712 -0.054386 -1.030469
35  1.196300 0.000075 -0.000004  -0.249391 -0.043040 -0.795120
36  3.883412 -0.050501 -0.431087  0.186407 -0.271796 -1.212184
37  1.719563 -0.000078 -0.000003  0.020974 -0.107650 -1.483528
38  1.209197 0.000035 0.000011  -0.324719 0.069674 -0.493483
39  3.859586 -0.149111 -1.331323  -0.110833 0.118346 -0.118772
40  1.719412 -0.000100 -0.000035  -0.019525 0.026216 -0.112668
41  1.099674 0.000024 0.000007  0.239119 0.043639 -0.299131
42  0.805979 -0.359854 -1.318338  0.991670 0.166767 -0.799535
43  1.789779 -0.000009 -0.000044  0.000057 -0.002451 0.133097
44  1.206997 -0.000006 0.000005  0.000372 -0.000070 1.058782
45  5.740571 0.000056 0.000724  0.148173 -0.000014 0.000021
46  11.481086 0.000101 0.000904  0.162881 -0.067919 0.084008
47  6.027514 -0.000273 -0.000235  -1.028460 -0.205325 -1.497341
48  -0.000001 11.691974 -0.000007  -0.999043 0.447913 0.790829
49  0.000003 -0.000001 0.000000  2.881454 -0.000041 1.570856
50  -0.000007 -0.000016 0.000004  2.272644 -0.000030 1.570865
51  -6.848979 -11.791132 -2.888151  -2.825170 -0.097195 -0.730140
52  -0.000001 -0.000000 0.000000  0.008153 -0.000259 0.000009
53  0.000001 0.000000 -0.000000  1.565115 0.043565 -0.106862
54  5.987314 -19.516521 -3.564685  -1.667522 -0.755629 -1.565782
55  -0.000000 -0.000000 -0.000000  0.000000 -0.000000 -0.000002
56  0.000030 0.000028 0.000001  -1.571901 -0.044449 -0.106509
57  7.202790 -19.259499 -17.055128  1.570796 -0.000000 0.000000
58  -17.772699 4.002314 -16.454041  1.570796 -0.000000 0.000000
59  2.236387 -2.421983 -5.367696  1.570796 -0.000000 0.000000
60  -0.004311 0.001230 -0.000371  0.006898 -0.005534 -0.284229
61  -1.375872 5.365924 -3.997767  1.570796 -0.000000 0.000000
62  0.000000 0.000000 0.000000  -0.078727 -3.136056 0.284226
63  0.000000 0.000000 0.000000  1.570822 -0.001970 -0.004752
64  -1.219658 -16.092834 1.437829  1.566810 -0.394346 0.994768
65  -0.109379 -1.951951 -1.519206  -0.000000 0.000000 -0.000000
66  -0.109382 0.057027 25.399252  -0.000000 0.000000 -0.000000
67  -0.109379 -1.856732 0.287229  -0.000000 0.000000 -0.000000
68  -0.104049 -4.495922 7.879277  -0.000000 0.000000 -0.000000
69  -0.195265 4.332631 -6.347188  -0.000000 0.000000 -0.000000
70  -1.290114 3.693284 8.579668  0.022713 -0.014049 -0.017451
71  -0.121474 -1.314580 7.402088  -0.000000 0.000000 -0.000000
72  -1.107529 -1.063453 4.061646  -0.000000 0.000000 -0.000000
73  0.003658 1.612363 10.733981  -0.000000 0.000000 0.077952
74  3.354379 -18.604685 0.207126  1.566810 -0.394346 0.994768
time 20
0  0.000006 0.000000 0.000000  -1.570800 -1.391899 -1.570792
1  -4.849906 3.337897 2.232070  -1.544956 -1.855077 -0.198630
2  6.027522 -0.000324 0.000193  -1.373082 -1.069160 -1.373374
3  11.692109 0.000644 -0.000740  -1.384586 -0.000018 -1.425671
4  11.479720 0.000603 -0.000764  1.317292 -0.187339 -0.111232
5  3.859509 -0.142880 -1.192049  -0.478599 0.114858 -0.964224
6  1.312589 0.000013 0.000008  -0.003547 0.012109 -0.261959
7  0.729355 0.000053 0.000050  0.138128 -0.056555 -0.039049
8  3.942142 0.046272 -0.431512  -0.155984 -0.001527 -0.861481
9  1.539111 0.000086 0.000005  -0.000906 0.006217 0.029179
10  1.196332 0.000149 0.000029  -0.106460 -0.032066 -0.994504
11  3.883503 -0.047270 0.431382  0.085898 0.021851 -0.587925
12  1.719573 -0.000026 0.000014  0.000015 0.005519 -0.366533
13  1.209180 0.000088 0.000012  0.031052 -0.154429 -0.851836
14  3.859662 -0.138477 1.332410  0.351463 -0.012349 -0.325636
15  1.719450 -0.000010 0.000022  -0.000997 0.034023 -0.280596
16  1.099675 0.000047 0.000006  0.179984 -0.171907 -0.610581
17  0.805994 -0.349050 1.321254  -1.643650 -0.950377 -0.245886
18  1.789819 -0.000004 -0.000019  0.008528 0.007013 -0.005127
19  1.207014 -0.000012 -0.000046  0.359774 -0.020568 0.239258
20  5.740636 0.000411 -0.000704  -0.101398 0.000003 0.000071
21  11.480956 0.000332 -0.000811  -0.046718 -0.015173 -0.039232
22  6.027524 -0.000329 0.000203  1.899535 -0.386136 1.032132
23  0.000002 11.692098 -0.000007  -0.985253 -0.435398 -0.781729
24  0.000002 0.000007 -0.000000  -0.515490 -0.000031 1.570739
25  -0.000001 -0.000012 -0.000000  0.868957 0.000002 1.570712
26  -4.888802 -4.568908 -1.375871  1.473120 1.855075 -0.198639
27  6.027510 -0.000264 -0.000221  1.891971 0.994187 -0.250550
28  11.691991 0.000244 0.000856  0.608923 0.000043 -1.447119
29  11.480723 0.000332 0.000776  -0.840636 -0.401262 0.417178
30  3.859437 -0.132786 1.193062  0.466149 -0.051826 -1.783918
31  1.312557 0.000025 0.000000  -0.013965 -0.041043 -0.156447
32  0.729346 0.000065 -0.000028  -0.128320 -0.117290 -0.954857
33  3.942047 0.050110 0.430997  0.211501 -0.107596 -1.469120
34  1.539096 0.000010 -0.000000  0.040712 -0.054386 -1.030469
35  1.196299 0.000075 -0.000004  -0.249391 -0.043040 -0.795121
36  3.883411 -0.050501 -0.431087  0.186407 -0.271796 -1.212184
37  1.719563 -0.000077 -0.000004  0.020974 -0.107650 -1.483528
38  1.209195 0.000035 0.000011  -0.324719 0.069674 -0.493483
39  3.859586 -0.149111 -1.331323  -0.110833 0.118346 -0.118772
40  1.719412 -0.000100 -0.000035  -0.019525 0.026216 -0.112669
41  1.099672 0.000026 0.000007  0.239119 0.043639 -0.299131
42  0.805979 -0.359853 -1.318338  0.991670 0.166767 -0.799535
43  1.789779 -0.000009 -0.000042  0.000057 -0.002451 0.133097
44  1.206997 -0.000006 0.000005  0.000373 -0.000070 1.058782
45  5.740573 0.000056 0.000724  0.146691 -0.000014 0.000021
46  11.481090 0.000104 0.000904  0.161863 -0.069020 0.084480
47  6.027514 -0.000273 -0.000235  -1.027626 -0.204031 -1.497694
48  -0.000001 11.691975 -0.000006  -0.998000 0.446963 0.790150
49  0.000003 0.000000 -0.000001  2.881454 -0.000041 1.570856
50  -0.000007 -0.000015 0.000004  2.272644 -0.000030 1.570865
51  -6.878092 -11.803569 -2.877775  -2.830760 -0.093926 -0.728828
52  -0.000000 0.000001 -0.000000  0.008153 -0.000259 0.000009
53  0.000000 0.000001 0.000000  1.565115 0.043565 -0.106862
54  5.959859 -19.520351 -3.618005  -1.675997 -0.757547 -1.559186
55  -0.000001 -0.000002 0.000001  0.000000 -0.000000 -0.000002
56  0.000028 0.000027 0.000002  -1.571901 -0.044449 -0.106509
57  7.202790 -19.259499 -17.055128  1.570796 -0.000000 0.000000
58  -17.772699 4.002314 -16.454041  1.570796 -0.000000 0.000000
59  2.236387 -2.421983 -5.367696  1.570796 -0.000000 0.000000
60  -0.004311 0.001230 -0.000371  0.006898 -0.005534 -0.284229
61  -1.375872 5.365924 -3.997767  1.570796 -0.000000 0.000000
62  0.000000 0.000000 0.000000  -0.078727 -3.136056 0.284226
63  0.000000 0.000000 0.000000  1.573220 -0.000538 -0.003250
64  -1.218918 -16.092382 1.421972  1.571224 -0.389345 0.993861
65  -0.109379 -1.951952 -1.519206  -0.000000 -0.000000 0.000000
66  -0.109381 0.057027 25.399252  -0.000000 -0.000000 0.000000
67  -0.109379 -1.856731 0.287230  -0.000000 -0.000000 0.000000
68  -0.104049 -4.495923 7.879278  -0.000000 -0.000000 0.000000
69  -0.195265 4.332629 -6.347188  -0.000000 -0.000000 0.000000
70  -1.290113 3.693283 8.579668  0.022713 -0.014049 -0.017451
71  -0.121472 -1.314581 7.402089  -0.000000 -0.000000 0.000000
72  -1.107528 -1.063453 4.061647  -0.000000 -0.000000 0.000000
73  0.003658 1.612363 10.733982  -0.000000 0.000000 0.082865
74  3.349439 -18.603117 0.168119  1.571224 -0.389345 0.993861
time 21
0  0.000006 0.000000 0.000000  -1.570800 -1.391899 -1.570792
1  -4.849906 3.337897 2.232070  -1.544956 -1.855077 -0.198630
2  6.027522 -0.000324 0.000193  -1.371730 -1.064723 -1.371681
3  11.692108 0.000644 -0.000739  -1.384586 -0.000018 -1.426511
4  11.479712 0.000603 -0.000766  1.312022 -0.187226 -0.114654
5  3.859507 -0.142882 -1.192050  -0.478600 0.114858 -0.964224
6  1.312589 0.000010 0.000007  -0.003547 0.012109 -0.261959
7  0.729355 0.000051 0.000049  0.138128 -0.056555 -0.039049
8  3.942142 0.046271 -0.431512  -0.155984 -0.001527 -0.861481
9  1.539111 0.000085 0.000005  -0.000907 0.006217 0.029179
10  1.196333 0.000145 0.000028  -0.106460 -0.032066 -0.994504
11  3.883505 -0.047270 0.431381  0.085898 0.021851 -0.587925
12  1.719573 -0.000027 0.000015  0.000015 0.005519 -0.366533
13  1.209179 0.000090 0.000012  0.031052 -0.154429 -0.851836
14  3.859662 -0.138476 1.332410  0.351463 -0.012349 -0.325636
15  1.719449 -0.000011 0.000022  -0.000997 0.034023 -0.280596
16  1.099676 0.000048 0.000006  0.179984 -0.171907 -0.610581
17  0.805993 -0.349051 1.321254  -1.643650 -0.950377 -0.245886
18  1.789819 -0.000004 -0.000015  0.008528 0.007013 -0.005127
19  1.207015 -0.000012 -0.000043  0.359774 -0.020568 0.239258
20  5.740637 0.000410 -0.000702  -0.103019 0.000003 0.000071
21  11.480954 0.000331 -0.000810  -0.047785 -0.015065 -0.040051
22  6.027524 -0.000329 0.000203  1.902230 -0.389863 1.033990
23  0.000001 11.692100 -0.000007  -0.985755 -0.435850 -0.782059
24  0.000003 0.000007 -0.000001  -0.515490 -0.000031 1.570738
25  -0.000002 -0.000012 -0.000001  0.868957 0.000002 1.570712
26  -4.888802 -4.568908 -1.375871  1.473120 1.855075 -0.198639
27  6.027510 -0.000264 -0.000221  1.891241 0.992317 -0.251510
28  11.691992 0.000245 0.000855  0.608924 0.000043 -1.450856
29  11.480691 0.000314 0.000789  -0.843044 -0.399791 0.424332
30  3.859436 -0.132789 1.193062  0.466149 -0.051826 -1.783918
31  1.312559 0.000025 -0.000000  -0.013965 -0.041044 -0.156447
32  0.729346 0.000065 -0.000027  -0.128320 -0.117290 -0.954857
33  3.942047 0.050108 0.430997  0.211501 -0.107596 -1.469120
34  1.539096 0.000010 0.000000  0.040712 -0.054386 -1.030469
35  1.196300 0.000075 -0.000004  -0.249391 -0.043040 -0.795121
36  3.883412 -0.050502 -0.431087  0.186407 -0.271796 -1.212184
37  1.719564 -0.000079 -0.000003  0.020974 -0.107650 -1.483528
38  1.209196 0.000035 0.000011  -0.324719 0.069674 -0.493483
39  3.859586 -0.149112 -1.331323  -0.110833 0.118346 -0.118772
40  1.719412 -0.000098 -0.000034  -0.019525 0.026216 -0.112669
41  1.099673 0.000024 0.000007  0.239119 0.043639 -0.299131
42  0.805979 -0.359854 -1.318338  0.991670 0.166767 -0.799535
43  1.789780 -0.000009 -0.000044  0.000057 -0.002451 0.133097
44  1.206997 -0.000007 0.000006  0.000372 -0.000070 1.058782
45  5.740571 0.000055 0.000724  0.147176 -0.000014 0.000021
46  11.481082 0.000098 0.000908  0.161586 -0.068400 0.085731
47  6.027514 -0.000273 -0.000235  -1.025945 -0.205004 -1.498383
48  -0.000001 11.691976 -0.000005  -1.000226 0.448992 0.791598
49  0.000004 0.000001 0.000000  2.881454 -0.000041 1.570856
50  -0.000007 -0.000016 0.000005  2.272644 -0.000030 1.570865
51  -6.881257 -11.775232 -2.882251  -2.831154 -0.089254 -0.731557
52  -0.000000 0.000000 -0.000000  0.008153 -0.000259 0.000009
53  0.000000 -0.000001 0.000000  1.565115 0.043565 -0.106862
54  5.932409 -19.525291 -3.692316  -1.681094 -0.754678 -1.558454
55  0.000000 0.000001 0.000000  0.000000 -0.000000 -0.000002
56  0.000031 0.000030 0.000001  -1.571901 -0.044449 -0.106509
57  7.202790 -19.259499 -17.055128  1.570796 -0.000000 0.000000
58  -17.772699 4.002314 -16.454041  1.570796 -0.000000 0.000000
59  2.236387 -2.421983 -5.367696  1.570796 -0.000000 0.000000
60  -0.004311 0.001230 -0.000371  0.006898 -0.005534 -0.284229
61  -1.375872 5.365924 -3.997767  1.570796 -0.000000 0.000000
62  0.000000 0.000000 0.000000  -0.078727 -3.136056 0.284226
63  0.000000 0.000000 0.000000  1.574130 0.000003 -0.002000
64  -1.217952 -16.091795 1.384160  1.576280 -0.389660 0.989176
65  -0.109379 -1.951951 -1.519205  -0.000000 -0.000000 0.000000
66  -0.109381 0.057027 25.399254  -0.000000 -0.000000 0.000000
67  -0.109380 -1.856731 0.287230  -0.000000 -0.000000 0.000000
68  -0.104048 -4.495924 7.879277  -0.000000 -0.000000 0.000000
69  -0.195264 4.332630 -6.347187  -0.000000 -0.000000 0.000000
70  -1.290113 3.693282 8.579670  0.022713 -0.014049 -0.017451
71  -0.121471 -1.314581 7.402089  -0.000000 -0.000000 0.000000
72  -1.107530 -1.063453 4.061648  -0.000000 -0.000000 0.000000
73  0.003658 1.612363 10.733982  -0.000000 0.000000 0.096320
74  3.338712 -18.611572 0.106131  1.576280 -0.389660 0.989176
time 22
0  0.000006 0.000000 0.000000  -1.570800 -1.391899 -1.570792
1  -4.849906 3.337897 2.232070  -1.544956 -1.855077 -0.198630
2  6.027522 -0.000324 0.000193  -1.368880 -1.061252 -1.370415
3  11.692107 0.000643 -0.000738  -1.384586 -0.000018 -1.423785
4  11.479732 0.000605 -0.000757  1.302738 -0.185011 -0.116202
5  3.859509 -0.142882 -1.192050  -0.478599 0.114858 -0.964224
6  1.312590 0.000009 0.000009  -0.003547 0.012109 -0.261959
7  0.729354 0.000054 0.000050  0.138128 -0.056555 -0.039049
8  3.942144 0.046271 -0.431512  -0.155984 -0.001527 -0.861481
9  1.539111 0.000086 0.000005  -0.000907 0.006217 0.029179
10  1.196333 0.000145 0.000028  -0.106460 -0.032066 -0.994504
11  3.883506 -0.047271 0.431381  0.085898 0.021851 -0.587925
12  1.719572 -0.000029 0.000015  0.000015 0.005519 -0.366533
13  1.209179 0.000091 0.000012  0.031052 -0.154429 -0.851836
14  3.859663 -0.138477 1.332410  0.351463 -0.012349 -0.325636
15  1.719449 -0.000011 0.000021  -0.000997 0.034023 -0.280596
16  1.099675 0.000049 0.000006  0.179984 -0.171907 -0.610581
17  0.805994 -0.349051 1.321253  -1.643650 -0.950377 -0.245886
18  1.789820 -0.000004 -0.000017  0.008528 0.007013 -0.005127
19  1.207016 -0.000012 -0.000043  0.359774 -0.020568 0.239258
20  5.740636 0.000411 -0.000703  -0.104583 0.000003 0.000070
21  11.480958 0.000332 -0.000809  -0.049636 -0.014561 -0.040559
22  6.027524 -0.000329 0.000203  1.903636 -0.393367 1.037209
23  0.000001 11.692097 -0.000009  -0.984125 -0.434384 -0.780986
24  0.000003 0.000007 0.000001  -0.515490 -0.000031 1.570739
25  -0.000002 -0.000012 -0.000002  0.868957 0.000002 1.570712
26  -4.888802 -4.568908 -1.375871  1.473120 1.855075 -0.198639
27  6.027510 -0.000264 -0.000222  1.888616 0.989751 -0.254116
28  11.691992 0.000245 0.000856  0.608924 0.000044 -1.458172
29  11.480628 0.000280 0.000811  -0.845833 -0.392392 0.435491
30  3.859436 -0.132788 1.193062  0.466149 -0.051826 -1.783918
31  1.312559 0.000026 0.000000  -0.013965 -0.041043 -0.156447
32  0.729345 0.000066 -0.000027  -0.128320 -0.117290 -0.954857
33  3.942045 0.050107 0.430997  0.211501 -0.107596 -1.469120
34  1.539098 0.000010 0.000000  0.040712 -0.054386 -1.030469
35  1.196299 0.000075 -0.000004  -0.249391 -0.043040 -0.795120
36  3.883412 -0.050503 -0.431087  0.186407 -0.271796 -1.212184
37  1.719562 -0.000079 -0.000003  0.020974 -0.107650 -1.483528
38  1.209194 0.000035 0.000011  -0.324719 0.069674 -0.493484
39  3.859584 -0.149113 -1.331323  -0.110833 0.118346 -0.118772
40  1.719413 -0.000099 -0.000034  -0.019525 0.026216 -0.112669
41  1.099674 0.000023 0.000007  0.239119 0.043639 -0.299131
42  0.805978 -0.359854 -1.318338  0.991670 0.166767 -0.799535
43  1.789779 -0.000009 -0.000043  0.000057 -0.002451 0.133097
44  1.206996 -0.000006 0.000005  0.000372 -0.000070 1.058782
45  5.740572 0.000056 0.000725  0.148459 -0.000014 0.000021
46  11.481071 0.000093 0.000913  0.161167 -0.066391 0.087445
47  6.027514 -0.000273 -0.000235  -1.023929 -0.207186 -1.499206
48  -0.000000 11.691976 -0.000005  -1.004582 0.452973 0.794423
49  0.000004 0.000000 0.000001  2.881454 -0.000041 1.570856
50  -0.000007 -0.000015 0.000006  2.272644 -0.000030 1.570865
51  -6.864836 -11.719239 -2.891169  -2.831029 -0.084150 -0.738704
52  0.000001 0.000002 0.000000  0.008153 -0.000259 0.000009
53  -0.000001 -0.000002 -0.000000  1.565115 0.043565 -0.106862
54  5.890074 -19.557547 -3.775968  -1.686117 -0.751124 -1.562155
55  0.000000 -0.000002 -0.000000  0.000000 -0.000000 -0.000002
56  0.000031 0.000027 0.000001  -1.571901 -0.044449 -0.106509
57  7.202790 -19.259499 -17.055128  1.570796 -0.000000 0.000000
58  -17.772699 4.002314 -16.454041  1.570796 -0.000000 0.000000
59  2.236387 -2.421983 -5.367696  1.570796 -0.000000 0.000000
60  -0.004311 0.001230 -0.000371  0.006898 -0.005534 -0.284229
61  -1.375872 5.365924 -3.997767  1.570796 -0.000000 0.000000
62  0.000000 0.000000 0.000000  -0.078727 -3.136056 0.284226
63  0.000000 0.000000 0.000000  1.573783 0.000002 -0.001101
64  -1.216803 -16.091095 1.339030  1.581718 -0.390540 0.979972
65  -0.109379 -1.951950 -1.519205  0.000000 -0.000000 -0.000000
66  -0.109381 0.057028 25.399254  0.000000 -0.000000 -0.000000
67  -0.109379 -1.856731 0.287229  0.000000 -0.000000 -0.000000
68  -0.104048 -4.495922 7.879276  0.000000 -0.000000 -0.000000
69  -0.195266 4.332631 -6.347186  0.000000 -0.000000 -0.000000
70  -1.290111 3.693283 8.579669  0.022713 -0.014049 -0.017451
71  -0.121473 -1.314579 7.402090  0.000000 -0.000000 -0.000000
72  -1.107530 -1.063452 4.061648  0.000000 -0.000000 -0.000000
73  0.003659 1.612364 10.733982  0.000000 -0.000000 0.115900
74  3.317001 -18.638767 0.035264  1.581718 -0.390540 0.979972
time 23
0  0.000006 0.000000 0.000000  -1.570800 -1.391899 -1.570792
1  -4.849906 3.337897 2.232070  -1.544956 -1.855077 -0.198630
2  6.027522 -0.000324 0.000193  -1.364978 -1.059236 -1.369751
3  11.692108 0.000643 -0.000739  -1.384586 -0.000018 -1.418646
4  11.479760 0.000608 -0.000747  1.291253 -0.182091 -0.116193
5  3.859508 -0.142881 -1.192049  -0.478600 0.114858 -0.964224
6  1.312590 0.000010 0.000008  -0.003547 0.012109 -0.261959
7  0.729355 0.000054 0.000050  0.138128 -0.056555 -0.039049
8  3.942143 0.046272 -0.431512  -0.155984 -0.001527 -0.861481
9  1.539111 0.000085 0.000004  -0.000907 0.006217 0.029179
10  1.196332 0.000149 0.000028  -0.106460 -0.032066 -0.994504
11  3.883504 -0.047269 0.431382  0.085898 0.021851 -0.587925
12  1.719573 -0.000025 0.000015  0.000015 0.005519 -0.366533
13  1.209179 0.000091 0.000012  0.031052 -0.154429 -0.851836
14  3.859663 -0.138476 1.332410  0.351463 -0.012349 -0.325636
15  1.719449 -0.000012 0.000022  -0.000997 0.034023 -0.280596
16  1.099675 0.000048 0.000007  0.179984 -0.171907 -0.610581
17  0.805993 -0.349052 1.321253  -1.643650 -0.950377 -0.245886
18  1.789820 -0.000004 -0.000019  0.008528 0.007013 -0.005127
19  1.207016 -0.000013 -0.000046  0.359774 -0.020568 0.239258
20  5.740637 0.000411 -0.000704  -0.106085 0.000003 0.000071
21  11.480965 0.000332 -0.000810  -0.051912 -0.013943 -0.040795
22  6.027524 -0.000329 0.000203  1.903560 -0.396141 1.041307
23  0.000002 11.692099 -0.000007  -0.981052 -0.431624 -0.778959
24  0.000002 0.000008 0.000000  -0.515490 -0.000031 1.570738
25  -0.000001 -0.000012 -0.000000  0.868957 0.000002 1.570712
26  -4.888802 -4.568908 -1.375871  1.473120 1.855075 -0.198639
27  6.027510 -0.000264 -0.000222  1.885817 0.987291 -0.256832
28  11.691992 0.000245 0.000856  0.608924 0.000045 -1.467360
29  11.480548 0.000241 0.000839  -0.848235 -0.381467 0.449244
30  3.859436 -0.132787 1.193062  0.466149 -0.051826 -1.783918
31  1.312558 0.000026 -0.000000  -0.013965 -0.041043 -0.156447
32  0.729345 0.000065 -0.000027  -0.128320 -0.117290 -0.954857
33  3.942046 0.050110 0.430997  0.211501 -0.107596 -1.469120
34  1.539095 0.000010 -0.000000  0.040712 -0.054386 -1.030469
35  1.196300 0.000076 -0.000004  -0.249391 -0.043040 -0.795120
36  3.883411 -0.050500 -0.431087  0.186407 -0.271796 -1.212184
37  1.719564 -0.000079 -0.000003  0.020974 -0.107650 -1.483528
38  1.209197 0.000036 0.000012  -0.324719 0.069674 -0.493483
39  3.859585 -0.149111 -1.331323  -0.110833 0.118346 -0.118772
40  1.719411 -0.000100 -0.000035  -0.019525 0.026216 -0.112669
41  1.099673 0.000023 0.000007  0.239119 0.043639 -0.299131
42  0.805979 -0.359852 -1.318338  0.991670 0.166767 -0.799535
43  1.789779 -0.000008 -0.000041  0.000057 -0.002451 0.133097
44  1.206997 -0.000006 0.000005  0.000372 -0.000070 1.058781
45  5.740571 0.000054 0.000723  0.150388 -0.000014 0.000021
46  11.481052 0.000084 0.000917  0.160767 -0.063517 0.089494
47  6.027514 -0.000273 -0.000235  -1.022053 -0.209433 -1.499972
48  -0.000000 11.691975 -0.000005  -1.010047 0.457987 0.797951
49  0.000002 0.000000 0.000000  2.881454 -0.000041 1.570856
50  -0.000007 -0.000015 0.000006  2.272644 -0.000030 1.570865
51  -6.835069 -11.646669 -2.891948  -2.830439 -0.078910 -0.748517
52  -0.000001 -0.000001 0.000000  0.008153 -0.000259 0.000009
53  -0.000001 0.000001 -0.000000  1.565115 0.043565 -0.106862
54  5.839520 -19.605473 -3.852168  -1.690811 -0.747125 -1.568724
55  -0.000001 -0.000002 0.000001  0.000000 -0.000000 -0.000002
56  0.000030 0.000027 0.000002  -1.571901 -0.044449 -0.106509
57  7.202790 -19.259499 -17.055128  1.570796 -0.000000 0.000000
58  -17.772699 4.002314 -16.454041  1.570796 -0.000000 0.000000
59  2.236387 -2.421983 -5.367696  1.570796 -0.000000 0.000000
60  -0.004311 0.001230 -0.000371  0.006898 -0.005534 -0.284229
61  -1.375872 5.365924 -3.997767  1.570796 -0.000000 0.000000
62  0.000000 0.000000 0.000000  -0.078727 -3.136056 0.284226
63  0.000000 0.000000 0.000000  1.572956 0.000001 -0.000519
64  -1.215510 -16.090307 1.301218  1.587232 -0.391889 0.968104
65  -0.109378 -1.951952 -1.519207  -0.000000 -0.000000 0.000000
66  -0.109380 0.057027 25.399254  -0.000000 -0.000000 0.000000
67  -0.109377 -1.856732 0.287228  -0.000000 -0.000000 0.000000
68  -0.104048 -4.495923 7.879276  -0.000000 -0.000000 0.000000
69  -0.195263 4.332630 -6.347188  -0.000000 -0.000000 0.000000
70  -1.290110 3.693282 8.579666  0.022713 -0.014049 -0.017451
71  -0.121469 -1.314582 7.402086  -0.000000 -0.000000 0.000000
72  -1.107529 -1.063453 4.061647  -0.000000 -0.000000 0.000000
73  0.003659 1.612363 10.733981  -0.000000 -0.000000 0.139155
74  3.288671 -18.676870 -0.028397  1.587232 -0.391889 0.968104
time 24
0  0.000006 0.000000 0.000000  -1.570800 -1.391899 -1.570792
1  -4.849906 3.337897 2.232070  -1.544956 -1.855077 -0.198630
2  6.027522 -0.000324 0.000193  -1.360518 -1.059207 -1.369917
3  11.692109 0.000644 -0.000740  -1.384585 -0.000017 -1.412201
4  11.479795 0.000609 -0.000726  1.279467 -0.179763 -0.114817
5  3.859508 -0.142879 -1.192049  -0.478600 0.114858 -0.964224
6  1.312590 0.000013 0.000008  -0.003547 0.012109 -0.261959
7  0.729355 0.000050 0.000049  0.138128 -0.056555 -0.039049
8  3.942143 0.046272 -0.431512  -0.155984 -0.001527 -0.861481
9  1.539111 0.000081 0.000005  -0.000907 0.006217 0.029179
10  1.196332 0.000148 0.000029  -0.106460 -0.032066 -0.994504
11  3.883505 -0.047269 0.431382  0.085898 0.021851 -0.587925
12  1.719573 -0.000029 0.000014  0.000015 0.005519 -0.366533
13  1.209179 0.000091 0.000012  0.031052 -0.154429 -0.851836
14  3.859661 -0.138477 1.332409  0.351463 -0.012349 -0.325636
15  1.719448 -0.000013 0.000022  -0.000997 0.034023 -0.280596
16  1.099675 0.000044 0.000006  0.179984 -0.171907 -0.610581
17  0.805993 -0.349051 1.321253  -1.643650 -0.950377 -0.245886
18  1.789819 -0.000003 -0.000020  0.008528 0.007013 -0.005127
19  1.207015 -0.000012 -0.000044  0.359774 -0.020568 0.239258
20  5.740638 0.000411 -0.000702  -0.107467 0.000003 0.000071
21  11.480972 0.000332 -0.000804  -0.054241 -0.013474 -0.040774
22  6.027524 -0.000329 0.000203  1.901814 -0.397616 1.045704
23  0.000002 11.692099 -0.000008  -0.977193 -0.428171 -0.776406
24  0.000004 0.000009 -0.000001  -0.515490 -0.000031 1.570739
25  -0.000001 -0.000012 -0.000002  0.868957 0.000002 1.570712
26  -4.888802 -4.568908 -1.375871  1.473120 1.855075 -0.198639
27  6.027510 -0.000264 -0.000222  1.884448 0.985726 -0.258230
28  11.691992 0.000246 0.000857  0.608924 0.000045 -1.476718
29  11.480474 0.000202 0.000866  -0.849537 -0.369374 0.464062
30  3.859437 -0.132788 1.193062  0.466149 -0.051826 -1.783918
31  1.312559 0.000026 -0.000001  -0.013965 -0.041044 -0.156447
32  0.729345 0.000065 -0.000027  -0.128320 -0.117290 -0.954857
33  3.942048 0.050109 0.430996  0.211501 -0.107596 -1.469120
34  1.539096 0.000010 0.000000  0.040712 -0.054386 -1.030469
35  1.196301 0.000076 -0.000004  -0.249391 -0.043040 -0.795121
36  3.883413 -0.050502 -0.431087  0.186407 -0.271796 -1.212184
37  1.719563 -0.000078 -0.000003  0.020974 -0.107650 -1.483528
38  1.209196 0.000036 0.000011  -0.324719 0.069674 -0.493483
39  3.859586 -0.149112 -1.331324  -0.110833 0.118346 -0.118772
40  1.719413 -0.000099 -0.000035  -0.019525 0.026216 -0.112669
41  1.099673 0.000024 0.000007  0.239119 0.043639 -0.299131
42  0.805980 -0.359854 -1.318339  0.991670 0.166767 -0.799535
43  1.789779 -0.000008 -0.000044  0.000057 -0.002451 0.133097
44  1.206996 -0.000007 0.000006  0.000372 -0.000070 1.058781
45  5.740573 0.000056 0.000724  0.152802 -0.000014 0.000021
46  11.481039 0.000077 0.000922  0.160540 -0.060298 0.091716
47  6.027514 -0.000273 -0.000235  -1.020787 -0.210652 -1.500491
48  0.000000 11.691975 -0.000006  -1.015606 0.463113 0.801522
49  0.000002 -0.000001 0.000001  2.881454 -0.000041 1.570856
50  -0.000007 -0.000015 0.000004  2.272644 -0.000030 1.570865
51  -6.798089 -11.568891 -2.872968  -2.829416 -0.073958 -0.759247
52  0.000000 -0.000002 0.000000  0.008153 -0.000259 0.000009
53  0.000001 0.000000 -0.000000  1.565115 0.043565 -0.106862
54  5.788130 -19.658115 -3.903129  -1.694783 -0.742997 -1.576683
55  0.000001 -0.000000 -0.000000  0.000000 -0.000000 -0.000002
56  0.000031 0.000028 0.000001  -1.571901 -0.044449 -0.106509
57  7.202790 -19.259499 -17.055128  1.570796 -0.000000 0.000000
58  -17.772699 4.002314 -16.454041  1.570796 -0.000000 0.000000
59  2.236387 -2.421983 -5.367696  1.570796 -0.000000 0.000000
60  -0.004311 0.001230 -0.000371  0.006898 -0.005534 -0.284229
61  -1.375872 5.365924 -3.997767  1.570796 -0.000000 0.000000
62  0.000000 0.000000 0.000000  -0.078727 -3.136056 0.284226
63  0.000000 0.000000 0.000000  1.571970 0.000000 -0.000186
64  -1.214115 -16.089458 1.285362  1.592376 -0.393614 0.955483
65  -0.109378 -1.951952 -1.519207  -0.000000 -0.000000 0.000000
66  -0.109379 0.057026 25.399248  -0.000000 -0.000000 0.000000
67  -0.109379 -1.856732 0.287228  -0.000000 -0.000000 0.000000
68  -0.104047 -4.495924 7.879274  -0.000000 -0.000000 0.000000
69  -0.195264 4.332630 -6.347188  -0.000000 -0.000000 0.000000
70  -1.290113 3.693282 8.579667  0.022713 -0.014049 -0.017451
71  -0.121470 -1.314582 7.402085  -0.000000 -0.000000 0.000000
72  -1.107529 -1.063454 4.061646  -0.000000 -0.000000 0.000000
73  0.003658 1.612363 10.733979  -0.000000 0.000000 0.163586
74  3.258383 -18.718285 -0.068101  1.592376 -0.393614 0.955483
time 25
0  0.000006 0.000000 0.000000  -1.570800 -1.391899 -1.570792
1  -4.849906 3.337897 2.232070  -1.544956 -1.855077 -0.198630
2  6.027522 -0.000324 0.000193  -1.356315 -1.060555 -1.370670
3  11.692109 0.000644 -0.000739  -1.384585 -0.000017 -1.405936
4  11.479831 0.000613 -0.000708  1.269179 -0.178583 -0.112494
5  3.859509 -0.142880 -1.192050  -0.478599 0.114858 -0.964224
6  1.312590 0.000011 0.000009  -0.003547 0.012109 -0.261959
7  0.729355 0.000053 0.000051  0.138128 -0.056555 -0.039049
8  3.942145 0.046274 -0.431512  -0.155984 -0.001527 -0.861481
9  1.539111 0.000085 0.000007  -0.000906 0.006217 0.029179
10  1.196332 0.000147 0.000029  -0.106460 -0.032066 -0.994504
11  3.883508 -0.047266 0.431381  0.085898 0.021851 -0.587925
12  1.719572 -0.000029 0.000014  0.000015 0.005519 -0.366533
13  1.209179 0.000089 0.000012  0.031052 -0.154429 -0.851836
14  3.859665 -0.138474 1.332410  0.351463 -0.012349 -0.325636
15  1.719448 -0.000014 0.000022  -0.000997 0.034023 -0.280596
16  1.099675 0.000049 0.000006  0.179984 -0.171907 -0.610581
17  0.805996 -0.349048 1.321254  -1.643650 -0.950377 -0.245886
18  1.789820 -0.000003 -0.000018  0.008528 0.007013 -0.005127
19  1.207014 -0.000011 -0.000040  0.359774 -0.020568 0.239258
20  5.740638 0.000410 -0.000702  -0.108585 0.000003 0.000071
21  11.480978 0.000333 -0.000800  -0.056267 -0.013266 -0.040549
22  6.027524 -0.000329 0.000203  1.899175 -0.397966 1.049640
23  0.000002 11.692099 -0.000007  -0.973440 -0.424822 -0.773914
24  0.000002 0.000007 0.000000  -0.515490 -0.000031 1.570739
25  -0.000001 -0.000012 -0.000001  0.868957 0.000002 1.570712
26  -4.888802 -4.568908 -1.375871  1.473120 1.855075 -0.198639
27  6.027510 -0.000264 -0.000222  1.884480 0.985113 -0.258326
28  11.691992 0.000245 0.000855  0.608924 0.000046 -1.484952
29  11.480404 0.000167 0.000891  -0.849563 -0.358181 0.477875
30  3.859436 -0.132787 1.193062  0.466149 -0.051826 -1.783918
31  1.312559 0.000026 -0.000000  -0.013965 -0.041043 -0.156447
32  0.729344 0.000065 -0.000027  -0.128320 -0.117290 -0.954857
33  3.942047 0.050110 0.430996  0.211501 -0.107596 -1.469120
34  1.539097 0.000009 0.000000  0.040712 -0.054386 -1.030469
35  1.196299 0.000076 -0.000004  -0.249391 -0.043040 -0.795120
36  3.883412 -0.050501 -0.431087  0.186407 -0.271796 -1.212184
37  1.719563 -0.000077 -0.000003  0.020974 -0.107650 -1.483528
38  1.209197 0.000035 0.000011  -0.324719 0.069674 -0.493483
39  3.859585 -0.149111 -1.331323  -0.110833 0.118346 -0.118772
40  1.719412 -0.000100 -0.000035  -0.019525 0.026216 -0.112669
41  1.099673 0.000025 0.000007  0.239119 0.043639 -0.299131
42  0.805979 -0.359853 -1.318338  0.991670 0.166767 -0.799535
43  1.789779 -0.000009 -0.000045  0.000057 -0.002451 0.133097
44  1.206997 -0.000006 0.000005  0.000372 -0.000070 1.058782
45  5.740572 0.000054 0.000725  0.155350 -0.000014 0.000021
46  11.481025 0.000068 0.000928  0.160530 -0.057254 0.093815
47  6.027514 -0.000273 -0.000235  -1.020187 -0.210833 -1.500740
48  0.000000 11.691974 -0.000006  -1.020493 0.467637 0.804645
49  0.000004 -0.000001 -0.000001  2.881454 -0.000041 1.570856
50  -0.000006 -0.000015 0.000004  2.272644 -0.000030 1.570865
51  -6.760509 -11.497174 -2.840090  -2.827986 -0.069752 -0.769143
52  -0.000000 0.000001 -0.000000  0.008153 -0.000259 0.000009
53  -0.000000 0.000000 -0.000000  1.565115 0.043565 -0.106862
54  5.743738 -19.705078 -3.928067  -1.697613 -0.739078 -1.584565
55  -0.000000 -0.000000 -0.000000  0.000000 -0.000000 -0.000002
56  0.000031 0.000030 0.000000  -1.571902 -0.044449 -0.106509
57  7.202790 -19.259499 -17.055128  1.570796 -0.000000 0.000000
58  -17.772699 4.002314 -16.454041  1.570796 -0.000000 0.000000
59  2.236387 -2.421983 -5.367696  1.570796 -0.000000 0.000000
60  -0.004311 0.001230 -0.000371  0.006898 -0.005534 -0.284229
61  -1.375872 5.365924 -3.997767  1.570796 -0.000000 0.000000
62  0.000000 0.000000 0.000000  -0.078727 -3.136056 0.284226
63  0.000000 0.000000 0.000000  1.571143 0.000000 -0.000035
64  -1.212658 -16.088570 1.288883  1.596665 -0.395625 0.944042
65  -0.109379 -1.951951 -1.519206  0.000000 0.000000 -0.000000
66  -0.109383 0.057029 25.399256  0.000000 0.000000 -0.000000
67  -0.109379 -1.856731 0.287229  0.000000 0.000000 -0.000000
68  -0.104047 -4.495923 7.879276  0.000000 0.000000 -0.000000
69  -0.195265 4.332631 -6.347187  0.000000 0.000000 -0.000000
70  -1.290114 3.693284 8.579669  0.022713 -0.014049 -0.017451
71  -0.121471 -1.314581 7.402088  0.000000 0.000000 -0.000000
72  -1.107528 -1.063453 4.061647  0.000000 0.000000 -0.000000
73  0.003658 1.612364 10.733983  0.000000 0.000000 0.186767
74  3.231113 -18.755684 -0.084149  1.596665 -0.395625 0.944042
time 26
0  0.000006 0.000000 0.000000  -1.570800 -1.391899 -1.570792
1  -4.849906 3.337897 2.232070  -1.544956 -1.855077 -0.198630
2  6.027522 -0.000324 0.000193  -1.353396 -1.061986 -1.371424
3  11.692108 0.000643 -0.000739  -1.384585 -0.000017 -1.401558
4  11.479853 0.000617 -0.000696  1.262104 -0.178688 -0.109836
5  3.859510 -0.142881 -1.192049  -0.478599 0.114858 -0.964224
6  1.312590 0.000010 0.000009  -0.003547 0.012109 -0.261959
7  0.729354 0.000053 0.000052  0.138128 -0.056555 -0.039049
8  3.942146 0.046273 -0.431511  -0.155984 -0.001527 -0.861481
9  1.539111 0.000084 0.000006  -0.000906 0.006217 0.029179
10  1.196332 0.000149 0.000030  -0.106460 -0.032066 -0.994504
11  3.883506 -0.047270 0.431382  0.085898 0.021851 -0.587925
12  1.719573 -0.000028 0.000015  0.000015 0.005519 -0.366533
13  1.209179 0.000091 0.000012  0.031052 -0.154429 -0.851836
14  3.859662 -0.138476 1.332410  0.351463 -0.012349 -0.325636
15  1.719448 -0.000010 0.000022  -0.000997 0.034023 -0.280596
16  1.099675 0.000048 0.000006  0.179984 -0.171907 -0.610581
17  0.805995 -0.349051 1.321254  -1.643650 -0.950377 -0.245886
18  1.789820 -0.000003 -0.000020  0.008528 0.007013 -0.005127
19  1.207017 -0.000012 -0.000043  0.359774 -0.020568 0.239258
20  5.740636 0.000410 -0.000703  -0.109255 0.000003 0.000071
21  11.480981 0.000334 -0.000799  -0.057652 -0.013334 -0.040204
22  6.027524 -0.000329 0.000203  1.896990 -0.397829 1.052281
23  0.000002 11.692098 -0.000008  -0.970814 -0.422487 -0.772167
24  0.000004 0.000007 -0.000001  -0.515490 -0.000031 1.570739
25  -0.000001 -0.000011 -0.000001  0.868957 0.000002 1.570712
26  -4.888802 -4.568908 -1.375871  1.473120 1.855075 -0.198639
27  6.027510 -0.000264 -0.000222  1.884904 0.985013 -0.258011
28  11.691992 0.000243 0.000855  0.608925 0.000046 -1.491057
29  11.480354 0.000142 0.000908  -0.848503 -0.349770 0.488290
30  3.859436 -0.132785 1.193061  0.466149 -0.051826 -1.783918
31  1.312557 0.000026 0.000000  -0.013965 -0.041044 -0.156447
32  0.729345 0.000065 -0.000027  -0.128320 -0.117290 -0.954857
33  3.942046 0.050110 0.430997  0.211501 -0.107596 -1.469120
34  1.539097 0.000010 0.000000  0.040712 -0.054386 -1.030469
35  1.196299 0.000076 -0.000004  -0.249391 -0.043040 -0.795120
36  3.883411 -0.050501 -0.431087  0.186407 -0.271796 -1.212184
37  1.719563 -0.000079 -0.000003  0.020974 -0.107650 -1.483528
38  1.209200 0.000037 0.000011  -0.324719 0.069674 -0.493483
39  3.859585 -0.149111 -1.331323  -0.110833 0.118346 -0.118772
40  1.719412 -0.000100 -0.000035  -0.019525 0.026216 -0.112669
41  1.099673 0.000025 0.000007  0.239119 0.043639 -0.299131
42  0.805978 -0.359853 -1.318338  0.991670 0.166767 -0.799535
43  1.789780 -0.000008 -0.000042  0.000057 -0.002451 0.133097
44  1.206997 -0.000007 0.000005  0.000372 -0.000070 1.058782
45  5.740572 0.000056 0.000724  0.157538 -0.000014 0.000021
46  11.481015 0.000064 0.000931  0.160713 -0.054908 0.095415
47  6.027514 -0.000273 -0.000235  -1.020013 -0.210643 -1.500814
48  -0.000001 11.691975 -0.000006  -1.024113 0.471000 0.806949
49  0.000002 -0.000001 -0.000000  2.881454 -0.000041 1.570856
50  -0.000007 -0.000015 0.000004  2.272644 -0.000030 1.570865
51  -6.729512 -11.442566 -2.809721  -2.826178 -0.066750 -0.776452
52  -0.000000 0.000002 -0.000000  0.008153 -0.000259 0.000009
53  -0.000001 0.000001 0.000000  1.565115 0.043565 -0.106862
54  5.714463 -19.736357 -3.936745  -1.698893 -0.735707 -1.590890
55  0.000001 0.000001 -0.000001  0.000000 -0.000000 -0.000002
56  0.000031 0.000030 -0.000000  -1.571901 -0.044449 -0.106509
57  7.202790 -19.259499 -17.055128  1.570796 -0.000000 0.000000
58  -17.772699 4.002314 -16.454041  1.570796 -0.000000 0.000000
59  2.236387 -2.421983 -5.367696  1.570796 -0.000000 0.000000
60  -0.004311 0.001230 -0.000371  0.006898 -0.005534 -0.284229
61  -1.375872 5.365924 -3.997767  1.570796 -0.000000 0.000000
62  0.000000 0.000000 0.000000  -0.078727 -3.136056 0.284226
63  0.000000 0.000000 0.000000  1.570796 -0.000000 0.000000
64  -1.211181 -16.087671 1.298686  1.599611 -0.397835 0.935718
65  -0.109379 -1.951951 -1.519204  0.000000 0.000000 0.000000
66  -0.109379 0.057028 25.399252  0.000000 0.000000 0.000000
67  -0.109378 -1.856732 0.287230  0.000000 0.000000 0.000000
68  -0.104048 -4.495922 7.879279  0.000000 0.000000 0.000000
69  -0.195264 4.332631 -6.347188  0.000000 0.000000 0.000000
70  -1.290111 3.693283 8.579667  0.022713 -0.014049 -0.017451
71  -0.121470 -1.314581 7.402089  0.000000 0.000000 0.000000
72  -1.107529 -1.063452 4.061649  0.000000 0.000000 0.000000
73  0.003660 1.612363 10.733983  -0.000000 0.000000 0.206290
74  3.212100 -18.781971 -0.087372  1.599611 -0.397835 0.935718
time 27
0  0.000006 0.000000 0.000000  -1.570800 -1.391899 -1.570792
1  -4.849906 3.337897 2.232070  -1.544956 -1.855077 -0.198630
2  6.027522 -0.000324 0.000193  -1.352615 -1.062997 -1.371906
3  11.692108 0.000644 -0.000738  -1.384585 -0.000016 -1.400478
4  11.479862 0.000618 -0.000692  1.260018 -0.180724 -0.107293
5  3.859510 -0.142880 -1.192049  -0.478600 0.114858 -0.964224
6  1.312590 0.000009 0.000008  -0.003547 0.012109 -0.261959
7  0.729355 0.000053 0.000051  0.138128 -0.056555 -0.039049
8  3.942145 0.046273 -0.431512  -0.155984 -0.001527 -0.861481
9  1.539111 0.000087 0.000007  -0.000907 0.006217 0.029179
10  1.196332 0.000149 0.000029  -0.106460 -0.032066 -0.994504
11  3.883507 -0.047269 0.431382  0.085898 0.021851 -0.587925
12  1.719573 -0.000027 0.000015  0.000015 0.005519 -0.366533
13  1.209179 0.000089 0.000013  0.031052 -0.154429 -0.851836
14  3.859664 -0.138476 1.332410  0.351463 -0.012349 -0.325636
15  1.719448 -0.000014 0.000023  -0.000997 0.034023 -0.280596
16  1.099676 0.000049 0.000006  0.179984 -0.171907 -0.610581
17  0.805996 -0.349049 1.321254  -1.643650 -0.950377 -0.245886
18  1.789821 -0.000003 -0.000017  0.008528 0.007013 -0.005127
19  1.207016 -0.000012 -0.000043  0.359774 -0.020568 0.239258
20  5.740637 0.000410 -0.000703  -0.109335 0.000003 0.000071
21  11.480984 0.000335 -0.000797  -0.058046 -0.013798 -0.039802
22  6.027524 -0.000329 0.000203  1.895959 -0.397317 1.052880
23  0.000002 11.692099 -0.000006  -0.970167 -0.421912 -0.771735
24  0.000003 0.000007 -0.000001  -0.515490 -0.000030 1.570739
25  -0.000001 -0.000012 -0.000001  0.868957 0.000002 1.570712
26  -4.888802 -4.568908 -1.375871  1.473120 1.855075 -0.198639
27  6.027510 -0.000264 -0.000222  1.885840 0.985408 -0.257190
28  11.691993 0.000243 0.000855  0.608925 0.000046 -1.493829
29  11.480334 0.000132 0.000915  -0.846304 -0.346237 0.493308
30  3.859436 -0.132787 1.193061  0.466149 -0.051826 -1.783918
31  1.312558 0.000027 -0.000000  -0.013965 -0.041044 -0.156447
32  0.729346 0.000065 -0.000027  -0.128320 -0.117290 -0.954857
33  3.942046 0.050108 0.430997  0.211501 -0.107596 -1.469120
34  1.539096 0.000010 0.000000  0.040712 -0.054386 -1.030469
35  1.196299 0.000076 -0.000004  -0.249391 -0.043040 -0.795121
36  3.883411 -0.050503 -0.431087  0.186407 -0.271796 -1.212184
37  1.719564 -0.000078 -0.000004  0.020974 -0.107650 -1.483528
38  1.209198 0.000036 0.000011  -0.324719 0.069674 -0.493483
39  3.859585 -0.149113 -1.331323  -0.110833 0.118346 -0.118772
40  1.719413 -0.000099 -0.000034  -0.019525 0.026216 -0.112669
41  1.099673 0.000025 0.000007  0.239119 0.043639 -0.299131
42  0.805979 -0.359855 -1.318338  0.991670 0.166767 -0.799535
43  1.789780 -0.000009 -0.000044  0.000057 -0.002451 0.133097
44  1.206997 -0.000007 0.000006  0.000372 -0.000070 1.058781
45  5.740572 0.000056 0.000724  0.158979 -0.000014 0.000021
46  11.481012 0.000062 0.000932  0.161145 -0.053788 0.096234
47  6.027514 -0.000273 -0.000235  -1.020226 -0.210026 -1.500730
48  -0.000000 11.691976 -0.000006  -1.025756 0.472529 0.807992
49  0.000004 -0.000000 0.000000  2.881454 -0.000041 1.570856
50  -0.000007 -0.000015 0.000005  2.272644 -0.000030 1.570865
51  -6.712596 -11.415934 -2.786316  -2.824018 -0.065410 -0.779422
52  0.000000 0.000001 0.000000  0.008153 -0.000259 0.000009
53  0.000000 -0.000001 -0.000000  1.565115 0.043565 -0.106862
54  5.708514 -19.742071 -3.926987  -1.698214 -0.733219 -1.594173
55  -0.000001 -0.000001 -0.000000  0.000000 -0.000000 -0.000002
56  0.000030 0.000028 0.000000  -1.571901 -0.044449 -0.106509
57  7.202790 -19.259499 -17.055128  1.570796 -0.000000 0.000000
58  -17.772699 4.002314 -16.454041  1.570796 -0.000000 0.000000
59  2.236387 -2.421983 -5.367696  1.570796 -0.000000 0.000000
60  -0.004311 0.001230 -0.000371  0.006898 -0.005534 -0.284229
61  -1.375872 5.365924 -3.997767  1.570796 -0.000000 0.000000
62  0.000000 0.000000 0.000000  -0.078727 -3.136056 0.284226
63  0.000000 0.000000 0.000000  1.570796 -0.000000 0.000000
64  -1.209725 -16.086784 1.313627  1.600722 -0.400158 0.932459
65  -0.109379 -1.951951 -1.519204  0.000000 0.000000 0.000000
66  -0.109377 0.057026 25.399252  0.000000 0.000000 0.000000
67  -0.109379 -1.856732 0.287230  0.000000 0.000000 0.000000
68  -0.104048 -4.495923 7.879278  0.000000 0.000000 0.000000
69  -0.195264 4.332630 -6.347188  0.000000 0.000000 0.000000
70  -1.290110 3.693283 8.579668  0.022713 -0.014049 -0.017451
71  -0.121471 -1.314581 7.402089  0.000000 0.000000 0.000000
72  -1.107527 -1.063454 4.061647  0.000000 0.000000 0.000000
73  0.003658 1.612363 10.733984  0.000000 0.000000 0.219763
74  3.206699 -18.790142 -0.076649  1.600722 -0.400158 0.932459
time 28
0  0.000006 0.000000 0.000000  -1.570800 -1.391899 -1.570792
1  -4.849906 3.337897 2.232070  -1.544956 -1.855077 -0.198630
2  6.027522 -0.000324 0.000193  -1.353276 -1.064100 -1.372359
3  11.692109 0.000645 -0.000739  -1.384585 -0.000016 -1.401175
4  11.479856 0.000614 -0.000695  1.261349 -0.183651 -0.104451
5  3.859510 -0.142879 -1.192049  -0.478599 0.114858 -0.964224
6  1.312590 0.000013 0.000009  -0.003547 0.012109 -0.261959
7  0.729355 0.000053 0.000049  0.138128 -0.056555 -0.039049
8  3.942144 0.046275 -0.431512  -0.155984 -0.001527 -0.861481
9  1.539111 0.000084 0.000006  -0.000906 0.006217 0.029179
10  1.196332 0.000145 0.000028  -0.106460 -0.032066 -0.994504
11  3.883505 -0.047268 0.431381  0.085898 0.021851 -0.587925
12  1.719573 -0.000027 0.000015  0.000015 0.005519 -0.366533
13  1.209179 0.000091 0.000012  0.031052 -0.154429 -0.851836
14  3.859663 -0.138475 1.332410  0.351463 -0.012349 -0.325636
15  1.719449 -0.000014 0.000022  -0.000997 0.034023 -0.280596
16  1.099675 0.000047 0.000005  0.179984 -0.171907 -0.610581
17  0.805996 -0.349048 1.321253  -1.643650 -0.950377 -0.245886
18  1.789820 -0.000002 -0.000018  0.008528 0.007013 -0.005127
19  1.207015 -0.000011 -0.000043  0.359774 -0.020568 0.239258
20  5.740638 0.000410 -0.000704  -0.108865 0.000003 0.000071
21  11.480982 0.000333 -0.000799  -0.057757 -0.014456 -0.039275
22  6.027524 -0.000329 0.000203  1.895435 -0.396274 1.052052
23  0.000001 11.692099 -0.000009  -0.970585 -0.422284 -0.772014
24  0.000003 0.000008 -0.000002  -0.515490 -0.000031 1.570739
25  -0.000002 -0.000012 -0.000003  0.868957 0.000002 1.570712
26  -4.888802 -4.568908 -1.375871  1.473120 1.855075 -0.198639
27  6.027510 -0.000264 -0.000222  1.886792 0.986120 -0.256293
28  11.691991 0.000244 0.000855  0.608925 0.000047 -1.494397
29  11.480326 0.000127 0.000919  -0.843359 -0.345527 0.494305
30  3.859436 -0.132787 1.193062  0.466149 -0.051826 -1.783918
31  1.312557 0.000026 0.000000  -0.013965 -0.041044 -0.156447
32  0.729346 0.000065 -0.000027  -0.128320 -0.117290 -0.954857
33  3.942047 0.050110 0.430997  0.211501 -0.107596 -1.469120
34  1.539096 0.000009 0.000000  0.040712 -0.054386 -1.030469
35  1.196299 0.000076 -0.000004  -0.249391 -0.043040 -0.795121
36  3.883411 -0.050501 -0.431087  0.186407 -0.271796 -1.212184
37  1.719563 -0.000078 -0.000004  0.020974 -0.107650 -1.483528
38  1.209198 0.000036 0.000011  -0.324719 0.069674 -0.493483
39  3.859585 -0.149111 -1.331323  -0.110833 0.118346 -0.118772
40  1.719412 -0.000100 -0.000034  -0.019525 0.026216 -0.112668
41  1.099672 0.000023 0.000006  0.239119 0.043639 -0.299131
42  0.805980 -0.359853 -1.318338  0.991670 0.166767 -0.799535
43  1.789780 -0.000009 -0.000042  0.000057 -0.002451 0.133097
44  1.206996 -0.000006 0.000005  0.000372 -0.000070 1.058782
45  5.740572 0.000054 0.000725  0.159877 -0.000014 0.000021
46  11.481009 0.000061 0.000934  0.161719 -0.053428 0.096428
47  6.027514 -0.000273 -0.000235  -1.020743 -0.209300 -1.500519
48  -0.000001 11.691974 -0.000004  -1.026093 0.472843 0.808205
49  0.000002 -0.000001 0.000001  2.881454 -0.000041 1.570856
50  -0.000007 -0.000015 0.000005  2.272644 -0.000030 1.570865
51  -6.703446 -11.408311 -2.770058  -2.821621 -0.065602 -0.779642
52  -0.000000 -0.000001 -0.000000  0.008153 -0.000259 0.000009
53  0.000001 0.000000 0.000000  1.565115 0.043565 -0.106862
54  5.719200 -19.733459 -3.901175  -1.695820 -0.731610 -1.595837
55  -0.000001 -0.000000 -0.000001  0.000000 -0.000000 -0.000002
56  0.000030 0.000029 0.000000  -1.571901 -0.044449 -0.106509
57  7.202790 -19.259499 -17.055128  1.570796 -0.000000 0.000000
58  -17.772699 4.002314 -16.454041  1.570796 -0.000000 0.000000
59  2.236387 -2.421983 -5.367696  1.570796 -0.000000 0.000000
60  -0.004311 0.001230 -0.000371  0.006898 -0.005534 -0.284229
61  -1.375872 5.365924 -3.997767  1.570796 -0.000000 0.000000
62  0.000000 0.000000 0.000000  -0.078727 -3.136056 0.284226
63  0.000000 0.000000 0.000000  1.570796 -0.000000 0.000000
64  -1.208330 -16.085934 1.332567  1.600149 -0.402498 0.932619
65  -0.109379 -1.951952 -1.519205  0.000000 -0.000000 0.000000
66  -0.109379 0.057027 25.399252  0.000000 -0.000000 0.000000
67  -0.109379 -1.856732 0.287230  0.000000 -0.000000 0.000000
68  -0.104048 -4.495923 7.879275  0.000000 -0.000000 0.000000
69  -0.195264 4.332631 -6.347188  0.000000 -0.000000 0.000000
70  -1.290112 3.693284 8.579667  0.022713 -0.014049 -0.017451
71  -0.121470 -1.314581 7.402087  0.000000 -0.000000 0.000000
72  -1.107530 -1.063453 4.061647  0.000000 -0.000000 0.000000
73  0.003657 1.612363 10.733982  -0.000000 0.000000 0.224803
74  3.210446 -18.787399 -0.053908  1.600149 -0.402498 0.932619
time 29
0  0.000006 0.000000 0.000000  -1.570800 -1.391899 -1.570792
1  -4.849906 3.337897 2.232070  -1.544956 -1.855077 -0.198630
2  6.027522 -0.000324 0.000193  -1.354000 -1.065830 -1.373078
3  11.692110 0.000644 -0.000739  -1.384585 -0.000017 -1.401392
4  11.479858 0.000615 -0.000695  1.263050 -0.186170 -0.101061
5  3.859509 -0.142879 -1.192050  -0.478600 0.114858 -0.964224
6  1.312590 0.000009 0.000007  -0.003547 0.012109 -0.261959
7  0.729354 0.000052 0.000049  0.138128 -0.056555 -0.039049
8  3.942142 0.046273 -0.431513  -0.155984 -0.001527 -0.861481
9  1.539111 0.000085 0.000004  -0.000906 0.006217 0.029179
10  1.196333 0.000147 0.000031  -0.106460 -0.032066 -0.994504
11  3.883503 -0.047269 0.431381  0.085898 0.021851 -0.587925
12  1.719573 -0.000026 0.000016  0.000015 0.005519 -0.366533
13  1.209180 0.000090 0.000012  0.031052 -0.154429 -0.851836
14  3.859663 -0.138475 1.332409  0.351463 -0.012349 -0.325636
15  1.719449 -0.000009 0.000022  -0.000997 0.034023 -0.280596
16  1.099675 0.000045 0.000006  0.179984 -0.171907 -0.610581
17  0.805993 -0.349050 1.321253  -1.643650 -0.950377 -0.245886
18  1.789818 -0.000004 -0.000019  0.008528 0.007013 -0.005127
19  1.207016 -0.000011 -0.000041  0.359774 -0.020568 0.239258
20  5.740639 0.000410 -0.000702  -0.108156 0.000003 0.000071
21  11.480984 0.000334 -0.000798  -0.057391 -0.015046 -0.038617
22  6.027524 -0.000329 0.000203  1.894490 -0.394740 1.051064
23  0.000002 11.692098 -0.000006  -0.970715 -0.422399 -0.772100
24  0.000001 0.000007 -0.000000  -0.515490 -0.000031 1.570739
25  -0.000001 -0.000012 -0.000000  0.868957 0.000002 1.570712
26  -4.888802 -4.568908 -1.375871  1.473120 1.855075 -0.198639
27  6.027510 -0.000264 -0.000222  1.887489 0.986955 -0.255573
28  11.691993 0.000246 0.000855  0.608925 0.000047 -1.494749
29  11.480325 0.000126 0.000920  -0.840288 -0.344480 0.494505
30  3.859437 -0.132787 1.193061  0.466149 -0.051826 -1.783918
31  1.312559 0.000026 0.000000  -0.013965 -0.041044 -0.156447
32  0.729344 0.000065 -0.000027  -0.128320 -0.117290 -0.954857
33  3.942046 0.050109 0.430997  0.211501 -0.107596 -1.469120
34  1.539095 0.000011 0.000000  0.040712 -0.054386 -1.030469
35  1.196301 0.000076 -0.000004  -0.249391 -0.043040 -0.795120
36  3.883411 -0.050501 -0.431087  0.186407 -0.271796 -1.212184
37  1.719562 -0.000078 -0.000003  0.020974 -0.107650 -1.483528
38  1.209195 0.000036 0.000011  -0.324719 0.069674 -0.493483
39  3.859586 -0.149111 -1.331323  -0.110833 0.118346 -0.118772
40  1.719410 -0.000100 -0.000034  -0.019525 0.026216 -0.112669
41  1.099673 0.000025 0.000007  0.239119 0.043639 -0.299131
42  0.805979 -0.359853 -1.318338  0.991670 0.166767 -0.799535
43  1.789779 -0.000009 -0.000044  0.000057 -0.002451 0.133097
44  1.206997 -0.000006 0.000006  0.000372 -0.000070 1.058781
45  5.740572 0.000055 0.000724  0.160714 -0.000014 0.000021
46  11.481010 0.000061 0.000933  0.162282 -0.053046 0.096453
47  6.027514 -0.000273 -0.000235  -1.021425 -0.208668 -1.500238
48  -0.000001 11.691975 -0.000004  -1.026301 0.473037 0.808338
49  0.000004 -0.000000 0.000001  2.881454 -0.000041 1.570856
50  -0.000007 -0.000015 0.000006  2.272644 -0.000030 1.570865
51  -6.692427 -11.402691 -2.755760  -2.819217 -0.066467 -0.779860
52  0.000001 0.000001 -0.000000  0.008153 -0.000259 0.000009
53  0.000000 0.000001 -0.000000  1.565115 0.043565 -0.106862
54  5.732306 -19.727345 -3.867428  -1.692769 -0.730452 -1.597933
55  0.000001 0.000000 0.000001  0.000000 -0.000000 -0.000002
56  0.000031 0.000030 0.000001  -1.571902 -0.044449 -0.106510
57  7.202790 -19.259499 -17.055128  1.570796 -0.000000 0.000000
58  -17.772699 4.002314 -16.454041  1.570796 -0.000000 0.000000
59  2.236387 -2.421983 -5.367696  1.570796 -0.000000 0.000000
60  -0.004311 0.001230 -0.000371  0.006898 -0.005534 -0.284229
61  -1.375872 5.365924 -3.997767  1.570796 -0.000000 0.000000
62  0.000000 0.000000 0.000000  -0.078727 -3.136056 0.284226
63  0.000000 0.000000 0.000000  1.570796 -0.000000 0.000000
64  -1.207036 -16.085146 1.354361  1.598850 -0.404751 0.933070
65  -0.109378 -1.951951 -1.519206  0.000000 -0.000000 -0.000000
66  -0.109378 0.057028 25.399252  0.000000 -0.000000 -0.000000
67  -0.109379 -1.856731 0.287229  0.000000 -0.000000 -0.000000
68  -0.104047 -4.495923 7.879275  0.000000 -0.000000 -0.000000
69  -0.195264 4.332631 -6.347188  0.000000 -0.000000 -0.000000
70  -1.290111 3.693284 8.579668  0.022713 -0.014049 -0.017451
71  -0.121469 -1.314581 7.402087  0.000000 -0.000000 -0.000000
72  -1.107528 -1.063453 4.061647  0.000000 -0.000000 -0.000000
73  0.003658 1.612363 10.733981  0.000000 -0.000000 0.224832
74  3.214763 -18.785355 -0.024906  1.598850 -0.404751 0.933070
time 30
0  0.000006 0.000000 0.000000  -1.570800 -1.391899 -1.570792
1  -4.849906 3.337897 2.232070  -1.544956 -1.855077 -0.198630
2  6.027522 -0.000324 0.000193  -1.354617 -1.067720 -1.373868
3  11.692110 0.000645 -0.000739  -1.384585 -0.000017 -1.401436
4  11.479856 0.000617 -0.000694  1.264677 -0.188554 -0.097821
5  3.859511 -0.142880 -1.192050  -0.478599 0.114858 -0.964224
6  1.312589 0.000014 0.000006  -0.003547 0.012109 -0.261959
7  0.729355 0.000054 0.000051  0.138128 -0.056555 -0.039049
8  3.942146 0.046274 -0.431512  -0.155984 -0.001527 -0.861481
9  1.539110 0.000086 0.000005  -0.000906 0.006217 0.029179
10  1.196332 0.000145 0.000028  -0.106460 -0.032066 -0.994504
11  3.883507 -0.047268 0.431381  0.085898 0.021851 -0.587925
12  1.719573 -0.000026 0.000015  0.000015 0.005519 -0.366533
13  1.209179 0.000090 0.000012  0.031052 -0.154429 -0.851836
14  3.859665 -0.138474 1.332410  0.351463 -0.012349 -0.325636
15  1.719448 -0.000011 0.000023  -0.000997 0.034023 -0.280596
16  1.099675 0.000051 0.000006  0.179984 -0.171907 -0.610581
17  0.805996 -0.349049 1.321253  -1.643650 -0.950377 -0.245886
18  1.789819 -0.000004 -0.000021  0.008528 0.007013 -0.005127
19  1.207015 -0.000013 -0.000042  0.359774 -0.020568 0.239258
20  5.740636 0.000410 -0.000701  -0.107476 0.000003 0.000071
21  11.480984 0.000333 -0.000797  -0.057040 -0.015604 -0.037988
22  6.027524 -0.000329 0.000203  1.893386 -0.393120 1.050158
23  0.000001 11.692099 -0.000007  -0.970741 -0.422422 -0.772118
24  0.000003 0.000008 -0.000001  -0.515490 -0.000031 1.570738
25  -0.000001 -0.000011 -0.000001  0.868957 0.000002 1.570712
26  -4.888802 -4.568908 -1.375871  1.473120 1.855075 -0.198639
27  6.027510 -0.000264 -0.000222  1.888390 0.987863 -0.254676
28  11.691993 0.000245 0.000856  0.608925 0.000047 -1.494969
29  11.480325 0.000125 0.000919  -0.837369 -0.343528 0.494670
30  3.859435 -0.132788 1.193062  0.466149 -0.051826 -1.783918
31  1.312557 0.000026 0.000000  -0.013965 -0.041044 -0.156447
32  0.729346 0.000065 -0.000027  -0.128320 -0.117290 -0.954857
33  3.942046 0.050109 0.430997  0.211501 -0.107596 -1.469120
34  1.539095 0.000012 0.000000  0.040712 -0.054386 -1.030469
35  1.196298 0.000076 -0.000004  -0.249391 -0.043040 -0.795121
36  3.883411 -0.050502 -0.431087  0.186407 -0.271796 -1.212184
37  1.719563 -0.000079 -0.000003  0.020974 -0.107650 -1.483528
38  1.209197 0.000036 0.000012  -0.324719 0.069674 -0.493483
39  3.859586 -0.149112 -1.331323  -0.110833 0.118346 -0.118772
40  1.719412 -0.000100 -0.000034  -0.019525 0.026216 -0.112669
41  1.099673 0.000025 0.000007  0.239119 0.043639 -0.299131
42  0.805979 -0.359854 -1.318338  0.991670 0.166767 -0.799535
43  1.789779 -0.000009 -0.000043  0.000057 -0.002451 0.133097
44  1.206997 -0.000007 0.000006  0.000372 -0.000070 1.058782
45  5.740573 0.000055 0.000724  0.161510 -0.000014 0.000021
46  11.481010 0.000061 0.000934  0.162818 -0.052693 0.096473
47  6.027514 -0.000273 -0.000235  -1.022141 -0.207907 -1.499945
48  -0.000001 11.691975 -0.000004  -1.026432 0.473159 0.808420
49  0.000003 -0.000001 -0.000000  2.881454 -0.000041 1.570856
50  -0.000007 -0.000016 0.000005  2.272644 -0.000030 1.570865
51  -6.682033 -11.397833 -2.739834  -2.817003 -0.067360 -0.780060
52  0.000000 -0.000000 -0.000000  0.008153 -0.000259 0.000009
53  -0.000000 -0.000000 -0.000000  1.565115 0.043565 -0.106862
54  5.744686 -19.722088 -3.832151  -1.689869 -0.729449 -1.599919
55  0.000001 0.000001 -0.000000  0.000000 -0.000000 -0.000002
56  0.000031 0.000030 0.000001  -1.571901 -0.044449 -0.106509
57  7.202790 -19.259499 -17.055128  1.570796 -0.000000 0.000000
58  -17.772699 4.002314 -16.454041  1.570796 -0.000000 0.000000
59  2.236387 -2.421983 -5.367696  1.570796 -0.000000 0.000000
60  -0.004311 0.001230 -0.000371  0.006898 -0.005534 -0.284229
61  -1.375872 5.365924 -3.997767  1.570796 -0.000000 0.000000
62  0.000000 0.000000 0.000000  -0.078727 -3.136056 0.284226
63  0.000000 0.000000 0.000000  1.570796 -0.000000 0.000000
64  -1.205887 -16.084446 1.377868  1.597546 -0.406810 0.933533
65  -0.109379 -1.951952 -1.519205  0.000000 0.000000 -0.000000
66  -0.109378 0.057027 25.399258  0.000000 0.000000 -0.000000
67  -0.109377 -1.856732 0.287229  0.000000 0.000000 -0.000000
68  -0.104048 -4.495923 7.879278  0.000000 0.000000 -0.000000
69  -0.195264 4.332631 -6.347185  0.000000 0.000000 -0.000000
70  -1.290114 3.693283 8.579673  0.022713 -0.014049 -0.017451
71  -0.121468 -1.314582 7.402088  0.000000 0.000000 -0.000000
72  -1.107529 -1.063453 4.061649  0.000000 0.000000 -0.000000
73  0.003659 1.612363 10.733984  0.000000 0.000000 0.224863
74  3.218784 -18.783588 0.005738  1.597546 -0.406810 0.933533
time 31
0  0.000006 0.000000 0.000000  -1.570800 -1.391899 -1.570792
1  -4.849906 3.337897 2.232070  -1.544956 -1.855077 -0.198630
2  6.027522 -0.000324 0.000193  -1.354958 -1.069301 -1.374536
3  11.692110 0.000644 -0.000739  -1.384585 -0.000017 -1.401623
4  11.479851 0.000615 -0.000699  1.265790 -0.191070 -0.095427
5  3.859510 -0.142879 -1.192049  -0.478600 0.114858 -0.964224
6  1.312590 0.000011 0.000007  -0.003547 0.012109 -0.261959
7  0.729355 0.000053 0.000049  0.138128 -0.056555 -0.039049
8  3.942145 0.046274 -0.431512  -0.155984 -0.001527 -0.861481
9  1.539110 0.000089 0.000005  -0.000907 0.006217 0.029179
10  1.196332 0.000145 0.000030  -0.106460 -0.032066 -0.994504
11  3.883506 -0.047269 0.431381  0.085898 0.021851 -0.587925
12  1.719573 -0.000024 0.000015  0.000015 0.005519 -0.366533
13  1.209179 0.000091 0.000012  0.031052 -0.154429 -0.851836
14  3.859662 -0.138476 1.332410  0.351463 -0.012349 -0.325636
15  1.719449 -0.000012 0.000022  -0.000997 0.034023 -0.280596
16  1.099676 0.000050 0.000006  0.179984 -0.171907 -0.610581
17  0.805995 -0.349049 1.321254  -1.643650 -0.950377 -0.245886
18  1.789819 -0.000003 -0.000018  0.008528 0.007013 -0.005127
19  1.207016 -0.000011 -0.000044  0.359774 -0.020568 0.239258
20  5.740636 0.000410 -0.000705  -0.107097 0.000003 0.000071
21  11.480981 0.000333 -0.000801  -0.056795 -0.016167 -0.037543
22  6.027524 -0.000329 0.000203  1.892395 -0.391821 1.049569
23  0.000002 11.692099 -0.000007  -0.970853 -0.422522 -0.772193
24  0.000003 0.000009 -0.000001  -0.515490 -0.000030 1.570738
25  -0.000001 -0.000012 0.000000  0.868957 0.000002 1.570712
26  -4.888802 -4.568908 -1.375871  1.473120 1.855075 -0.198639
27  6.027510 -0.000264 -0.000222  1.889954 0.988792 -0.253246
28  11.691992 0.000245 0.000856  0.608925 0.000047 -1.495144
29  11.480325 0.000127 0.000919  -0.834876 -0.343105 0.495562
30  3.859437 -0.132786 1.193062  0.466149 -0.051826 -1.783918
31  1.312557 0.000026 -0.000000  -0.013965 -0.041044 -0.156447
32  0.729343 0.000065 -0.000027  -0.128320 -0.117290 -0.954857
33  3.942047 0.050110 0.430997  0.211501 -0.107596 -1.469120
34  1.539097 0.000010 0.000000  0.040712 -0.054386 -1.030469
35  1.196298 0.000076 -0.000004  -0.249391 -0.043040 -0.795120
36  3.883412 -0.050500 -0.431087  0.186407 -0.271796 -1.212184
37  1.719563 -0.000078 -0.000003  0.020974 -0.107650 -1.483528
38  1.209197 0.000036 0.000011  -0.324719 0.069674 -0.493483
39  3.859585 -0.149110 -1.331323  -0.110833 0.118346 -0.118772
40  1.719411 -0.000100 -0.000034  -0.019525 0.026216 -0.112668
41  1.099674 0.000025 0.000007  0.239119 0.043639 -0.299131
42  0.805979 -0.359853 -1.318338  0.991670 0.166767 -0.799535
43  1.789780 -0.000009 -0.000044  0.000057 -0.002451 0.133097
44  1.206996 -0.000006 0.000005  0.000372 -0.000070 1.058781
45  5.740572 0.000056 0.000724  0.162285 -0.000014 0.000021
46  11.481009 0.000062 0.000933  0.163312 -0.052419 0.096655
47  6.027514 -0.000273 -0.000235  -1.022761 -0.206795 -1.499694
48  0.000000 11.691975 -0.000006  -1.026535 0.473256 0.808486
49  0.000002 -0.000001 -0.000000  2.881454 -0.000041 1.570856
50  -0.000006 -0.000015 0.000004  2.272644 -0.000030 1.570865
51  -6.674767 -11.392481 -2.718704  -2.815176 -0.067639 -0.780226
52  0.000001 0.000001 0.000000  0.008153 -0.000259 0.000009
53  0.000001 0.000001 0.000000  1.565115 0.043565 -0.106862
54  5.753207 -19.716072 -3.801772  -1.687928 -0.728306 -1.601254
55  -0.000001 -0.000000 0.000000  0.000000 -0.000000 -0.000002
56  0.000029 0.000029 0.000001  -1.571901 -0.044449 -0.106509
57  7.202790 -19.259499 -17.055128  1.570796 -0.000000 0.000000
58  -17.772699 4.002314 -16.454041  1.570796 -0.000000 0.000000
59  2.236387 -2.421983 -5.367696  1.570796 -0.000000 0.000000
60  -0.004311 0.001230 -0.000371  0.006898 -0.005534 -0.284229
61  -1.375872 5.365924 -3.997767  1.570796 -0.000000 0.000000
62  0.000000 0.000000 0.000000  -0.078727 -3.136056 0.284226
63  0.000000 0.000000 0.000000  1.570796 -0.000000 0.000000
64  -1.204922 -16.083858 1.401947  1.596962 -0.408575 0.933722
65  -0.109379 -1.951952 -1.519206  0.000000 -0.000000 0.000000
66  -0.109379 0.057025 25.399250  0.000000 -0.000000 0.000000
67  -0.109380 -1.856732 0.287229  0.000000 -0.000000 0.000000
68  -0.104048 -4.495924 7.879275  0.000000 -0.000000 0.000000
69  -0.195265 4.332630 -6.347187  0.000000 -0.000000 0.000000
70  -1.290112 3.693282 8.579668  0.022713 -0.014049 -0.017451
71  -0.121471 -1.314582 7.402087  0.000000 -0.000000 0.000000
72  -1.107528 -1.063454 4.061646  0.000000 -0.000000 0.000000
73  0.003658 1.612362 10.733982  -0.000000 0.000000 0.224897
74  3.221663 -18.781681 0.033403  1.596962 -0.408575 0.933722
time 32
0  0.000006 0.000000 0.000000  -1.570800 -1.391899 -1.570792
1  -4.849906 3.337897 2.232070  -1.544956 -1.855077 -0.198630
2  6.027522 -0.000324 0.000193  -1.354815 -1.069971 -1.374840
3  11.692109 0.000646 -0.000739  -1.384585 -0.000017 -1.402380
4  11.479851 0.000616 -0.000697  1.265830 -0.194120 -0.094751
5  3.859510 -0.142879 -1.192049  -0.478600 0.114858 -0.964224
6  1.312589 0.000011 0.000008  -0.003547 0.012109 -0.261959
7  0.729354 0.000055 0.000050  0.138128 -0.056555 -0.039049
8  3.942144 0.046273 -0.431512  -0.155984 -0.001527 -0.861481
9  1.539111 0.000085 0.000006  -0.000907 0.006217 0.029179
10  1.196332 0.000143 0.000028  -0.106460 -0.032066 -0.994504
11  3.883505 -0.047269 0.431381  0.085898 0.021851 -0.587925
12  1.719572 -0.000028 0.000015  0.000015 0.005519 -0.366533
13  1.209180 0.000089 0.000012  0.031052 -0.154429 -0.851836
14  3.859662 -0.138476 1.332410  0.351463 -0.012349 -0.325636
15  1.719448 -0.000012 0.000022  -0.000997 0.034023 -0.280596
16  1.099675 0.000048 0.000005  0.179984 -0.171907 -0.610581
17  0.805993 -0.349051 1.321254  -1.643650 -0.950377 -0.245886
18  1.789817 -0.000003 -0.000018  0.008528 0.007013 -0.005127
19  1.207016 -0.000012 -0.000042  0.359774 -0.020568 0.239258
20  5.740638 0.000411 -0.000701  -0.107373 0.000003 0.000071
21  11.480982 0.000335 -0.000797  -0.056773 -0.016792 -0.037482
22  6.027524 -0.000329 0.000203  1.891863 -0.391361 1.049594
23  0.000001 11.692099 -0.000008  -0.971308 -0.422926 -0.772495
24  0.000003 0.000010 -0.000001  -0.515490 -0.000031 1.570739
25  -0.000001 -0.000011 -0.000001  0.868957 0.000002 1.570712
26  -4.888802 -4.568908 -1.375871  1.473120 1.855075 -0.198639
27  6.027510 -0.000264 -0.000221  1.892820 0.989690 -0.250785
28  11.691993 0.000245 0.000856  0.608925 0.000047 -1.495389
29  11.480321 0.000122 0.000920  -0.833130 -0.343780 0.498201
30  3.859436 -0.132787 1.193062  0.466149 -0.051826 -1.783918
31  1.312559 0.000025 0.000000  -0.013965 -0.041044 -0.156447
32  0.729345 0.000065 -0.000026  -0.128320 -0.117290 -0.954857
33  3.942046 0.050109 0.430996  0.211501 -0.107596 -1.469120
34  1.539096 0.000010 0.000000  0.040712 -0.054386 -1.030469
35  1.196299 0.000076 -0.000004  -0.249391 -0.043040 -0.795121
36  3.883410 -0.050503 -0.431087  0.186407 -0.271796 -1.212184
37  1.719563 -0.000078 -0.000004  0.020974 -0.107650 -1.483529
38  1.209198 0.000036 0.000011  -0.324719 0.069674 -0.493483
39  3.859585 -0.149112 -1.331323  -0.110833 0.118346 -0.118772
40  1.719411 -0.000100 -0.000034  -0.019525 0.026216 -0.112669
41  1.099674 0.000026 0.000007  0.239119 0.043639 -0.299131
42  0.805979 -0.359854 -1.318338  0.991670 0.166767 -0.799535
43  1.789779 -0.000009 -0.000043  0.000057 -0.002451 0.133097
44  1.206996 -0.000006 0.000005  0.000372 -0.000070 1.058781
45  5.740572 0.000054 0.000723  0.163083 -0.000014 0.000021
46  11.481009 0.000060 0.000934  0.163754 -0.052286 0.097219
47  6.027514 -0.000273 -0.000235  -1.023119 -0.205017 -1.499555
48  -0.000001 11.691975 -0.000007  -1.026681 0.473391 0.808578
49  0.000003 -0.000000 0.000000  2.881454 -0.000041 1.570856
50  -0.000007 -0.000015 0.000004  2.272644 -0.000030 1.570865
51  -6.673832 -11.384883 -2.687304  -2.813965 -0.066456 -0.780341
52  0.000000 -0.000001 0.000000  0.008153 -0.000259 0.000009
53  -0.000000 -0.000000 0.000000  1.565115 0.043565 -0.106862
54  5.753868 -19.707047 -3.784340  -1.687986 -0.726615 -1.601249
55  -0.000001 -0.000002 0.000001  0.000000 -0.000000 -0.000002
56  0.000030 0.000028 0.000001  -1.571902 -0.044449 -0.106509
57  7.202790 -19.259499 -17.055128  1.570796 -0.000000 0.000000
58  -17.772699 4.002314 -16.454041  1.570796 -0.000000 0.000000
59  2.236387 -2.421983 -5.367696  1.570796 -0.000000 0.000000
60  -0.004311 0.001230 -0.000371  0.006898 -0.005534 -0.284229
61  -1.375872 5.365924 -3.997767  1.570796 -0.000000 0.000000
62  0.000000 0.000000 0.000000  -0.078727 -3.136056 0.284226
63  0.000000 0.000000 0.000000  1.570796 -0.000000 0.000000
64  -1.204182 -16.083408 1.425454  1.598051 -0.409940 0.933255
65  -0.109379 -1.951952 -1.519206  -0.000000 -0.000000 -0.000000
66  -0.109379 0.057026 25.399254  -0.000000 -0.000000 -0.000000
67  -0.109379 -1.856732 0.287229  -0.000000 -0.000000 -0.000000
68  -0.104048 -4.495924 7.879275  -0.000000 -0.000000 -0.000000
69  -0.195265 4.332630 -6.347188  -0.000000 -0.000000 -0.000000
70  -1.290115 3.693283 8.579667  0.022713 -0.014049 -0.017451
71  -0.121472 -1.314582 7.402088  -0.000000 -0.000000 -0.000000
72  -1.107529 -1.063453 4.061647  -0.000000 -0.000000 -0.000000
73  0.003658 1.612363 10.733983  -0.000000 -0.000000 0.224933
74  3.222323 -18.779062 0.052387  1.598051 -0.409940 0.933255
time 33
0  0.000006 0.000000 0.000000  -1.570800 -1.391899 -1.570792
1  -4.849906 3.337897 2.232070  -1.544956 -1.855077 -0.198630
2  6.027522 -0.000324 0.000193  -1.354189 -1.069710 -1.374771
3  11.692109 0.000645 -0.000739  -1.384585 -0.000017 -1.403654
4  11.479844 0.000614 -0.000706  1.264799 -0.197517 -0.095834
5  3.859508 -0.142880 -1.192050  -0.478599 0.114858 -0.964224
6  1.312590 0.000012 0.000007  -0.003547 0.012109 -0.261959
7  0.729356 0.000052 0.000050  0.138128 -0.056555 -0.039049
8  3.942143 0.046273 -0.431513  -0.155984 -0.001527 -0.861481
9  1.539111 0.000088 0.000005  -0.000907 0.006217 0.029179
10  1.196332 0.000145 0.000028  -0.106460 -0.032066 -0.994504
11  3.883505 -0.047268 0.431381  0.085898 0.021851 -0.587925
12  1.719573 -0.000028 0.000015  0.000015 0.005519 -0.366533
13  1.209179 0.000092 0.000012  0.031052 -0.154429 -0.851836
14  3.859662 -0.138475 1.332409  0.351463 -0.012349 -0.325636
15  1.719449 -0.000011 0.000022  -0.000997 0.034023 -0.280596
16  1.099675 0.000048 0.000006  0.179984 -0.171907 -0.610581
17  0.805995 -0.349049 1.321253  -1.643650 -0.950377 -0.245886
18  1.789819 -0.000004 -0.000015  0.008528 0.007013 -0.005127
19  1.207014 -0.000012 -0.000045  0.359774 -0.020568 0.239258
20  5.740638 0.000410 -0.000704  -0.108295 0.000003 0.000071
21  11.480982 0.000333 -0.000802  -0.056975 -0.017441 -0.037808
22  6.027524 -0.000329 0.000203  1.891803 -0.391755 1.050235
23  0.000001 11.692099 -0.000008  -0.972071 -0.423605 -0.773004
24  0.000003 0.000008 -0.000001  -0.515490 -0.000031 1.570739
25  -0.000001 -0.000012 -0.000001  0.868957 0.000002 1.570712
26  -4.888802 -4.568908 -1.375871  1.473120 1.855075 -0.198639
27  6.027510 -0.000264 -0.000221  1.896848 0.990512 -0.247411
28  11.691993 0.000245 0.000855  0.608925 0.000047 -1.495669
29  11.480320 0.000122 0.000922  -0.832247 -0.345523 0.502425
30  3.859437 -0.132786 1.193062  0.466149 -0.051826 -1.783918
31  1.312557 0.000026 0.000000  -0.013965 -0.041043 -0.156447
32  0.729345 0.000065 -0.000027  -0.128320 -0.117290 -0.954857
33  3.942047 0.050111 0.430997  0.211501 -0.107596 -1.469120
34  1.539096 0.000010 0.000000  0.040712 -0.054386 -1.030469
35  1.196301 0.000077 -0.000004  -0.249391 -0.043040 -0.795120
36  3.883411 -0.050501 -0.431087  0.186407 -0.271796 -1.212184
37  1.719564 -0.000080 -0.000003  0.020974 -0.107650 -1.483528
38  1.209198 0.000036 0.000011  -0.324719 0.069674 -0.493483
39  3.859586 -0.149111 -1.331323  -0.110833 0.118346 -0.118772
40  1.719411 -0.000101 -0.000034  -0.019525 0.026216 -0.112669
41  1.099674 0.000025 0.000007  0.239119 0.043639 -0.299131
42  0.805978 -0.359853 -1.318338  0.991670 0.166767 -0.799535
43  1.789779 -0.000009 -0.000044  0.000057 -0.002451 0.133097
44  1.206996 -0.000007 0.000007  0.000372 -0.000070 1.058781
45  5.740573 0.000056 0.000724  0.163857 -0.000014 0.000021
46  11.481010 0.000060 0.000934  0.164114 -0.052306 0.098132
47  6.027514 -0.000273 -0.000235  -1.023206 -0.202661 -1.499530
48  -0.000000 11.691975 -0.000004  -1.026846 0.473546 0.808683
49  0.000004 0.000000 0.000001  2.881454 -0.000041 1.570856
50  -0.000006 -0.000015 0.000006  2.272644 -0.000030 1.570865
51  -6.679277 -11.375563 -2.647266  -2.813456 -0.063885 -0.780397
52  0.000000 0.000001 0.000000  0.008153 -0.000259 0.000009
53  -0.000000 0.000001 0.000000  1.565115 0.043565 -0.106862
54  5.746592 -19.695601 -3.780612  -1.690035 -0.724490 -1.599913
55  0.000001 -0.000000 -0.000000  0.000000 -0.000000 -0.000002
56  0.000031 0.000028 0.000001  -1.571901 -0.044449 -0.106509
57  7.202790 -19.259499 -17.055128  1.570796 -0.000000 0.000000
58  -17.772699 4.002314 -16.454041  1.570796 -0.000000 0.000000
59  2.236387 -2.421983 -5.367696  1.570796 -0.000000 0.000000
60  -0.004311 0.001230 -0.000371  0.006898 -0.005534 -0.284229
61  -1.375872 5.365924 -3.997767  1.570796 -0.000000 0.000000
62  0.000000 0.000000 0.000000  -0.078727 -3.136056 0.284226
63  0.000000 0.000000 0.000000  1.570796 -0.000000 0.000000
64  -1.203707 -16.083118 1.447249  1.600748 -0.410807 0.932155
65  -0.109378 -1.951952 -1.519205  0.000000 0.000000 -0.000000
66  -0.109379 0.057028 25.399256  0.000000 0.000000 -0.000000
67  -0.109379 -1.856732 0.287229  0.000000 0.000000 -0.000000
68  -0.104048 -4.495923 7.879277  0.000000 0.000000 -0.000000
69  -0.195264 4.332631 -6.347187  0.000000 0.000000 -0.000000
70  -1.290112 3.693285 8.579670  0.022713 -0.014049 -0.017451
71  -0.121470 -1.314581 7.402089  0.000000 0.000000 -0.000000
72  -1.107528 -1.063453 4.061647  0.000000 0.000000 -0.000000
73  0.003658 1.612364 10.733984  0.000000 0.000000 0.224970
74  3.220709 -18.775887 0.061834  1.600748 -0.410807 0.932155
time 34
0  0.000006 0.000000 0.000000  -1.570800 -1.391899 -1.570792
1  -4.849906 3.337897 2.232070  -1.544956 -1.855077 -0.198630
2  6.027522 -0.000324 0.000193  -1.353234 -1.068919 -1.374490
3  11.692110 0.000646 -0.000739  -1.384585 -0.000017 -1.405036
4  11.479836 0.000614 -0.000706  1.263106 -0.200652 -0.098120
5  3.859509 -0.142878 -1.192048  -0.478600 0.114858 -0.964224
6  1.312590 0.000012 0.000007  -0.003547 0.012109 -0.261959
7  0.729354 0.000053 0.000052  0.138128 -0.056555 -0.039049
8  3.942144 0.046275 -0.431512  -0.155984 -0.001527 -0.861481
9  1.539111 0.000086 0.000004  -0.000907 0.006217 0.029179
10  1.196332 0.000148 0.000028  -0.106460 -0.032066 -0.994504
11  3.883505 -0.047268 0.431382  0.085898 0.021851 -0.587925
12  1.719574 -0.000027 0.000015  0.000015 0.005519 -0.366533
13  1.209179 0.000091 0.000012  0.031052 -0.154429 -0.851836
14  3.859662 -0.138474 1.332411  0.351463 -0.012349 -0.325636
15  1.719450 -0.000008 0.000022  -0.000997 0.034023 -0.280596
16  1.099675 0.000046 0.000007  0.179984 -0.171907 -0.610581
17  0.805993 -0.349049 1.321254  -1.643650 -0.950377 -0.245886
18  1.789819 -0.000004 -0.000019  0.008528 0.007013 -0.005127
19  1.207016 -0.000012 -0.000045  0.359774 -0.020568 0.239258
20  5.740637 0.000411 -0.000703  -0.109583 0.000003 0.000071
21  11.480980 0.000333 -0.000799  -0.057320 -0.018008 -0.038386
22  6.027524 -0.000329 0.000203  1.891991 -0.392654 1.051283
23  0.000002 11.692099 -0.000006  -0.972900 -0.424342 -0.773555
24  0.000003 0.000008 -0.000001  -0.515490 -0.000031 1.570738
25  -0.000001 -0.000011 -0.000001  0.868957 0.000002 1.570712
26  -4.888802 -4.568908 -1.375871  1.473120 1.855075 -0.198639
27  6.027510 -0.000264 -0.000221  1.901326 0.991227 -0.243693
28  11.691992 0.000245 0.000855  0.608925 0.000047 -1.495845
29  11.480315 0.000124 0.000921  -0.832193 -0.347866 0.507219
30  3.859437 -0.132787 1.193061  0.466149 -0.051826 -1.783918
31  1.312558 0.000025 -0.000000  -0.013965 -0.041044 -0.156447
32  0.729345 0.000065 -0.000027  -0.128320 -0.117290 -0.954857
33  3.942046 0.050109 0.430997  0.211501 -0.107596 -1.469120
34  1.539096 0.000009 0.000000  0.040712 -0.054386 -1.030469
35  1.196299 0.000076 -0.000003  -0.249391 -0.043040 -0.795120
36  3.883412 -0.050501 -0.431087  0.186407 -0.271796 -1.212184
37  1.719564 -0.000079 -0.000003  0.020974 -0.107650 -1.483528
38  1.209197 0.000036 0.000011  -0.324719 0.069674 -0.493484
39  3.859586 -0.149112 -1.331323  -0.110833 0.118346 -0.118772
40  1.719411 -0.000098 -0.000035  -0.019525 0.026216 -0.112668
41  1.099674 0.000025 0.000007  0.239119 0.043639 -0.299131
42  0.805979 -0.359854 -1.318338  0.991670 0.166767 -0.799535
43  1.789779 -0.000010 -0.000042  0.000057 -0.002451 0.133097
44  1.206996 -0.000006 0.000005  0.000372 -0.000070 1.058781
45  5.740572 0.000055 0.000723  0.164490 -0.000014 0.000021
46  11.481007 0.000061 0.000934  0.164354 -0.052451 0.099174
47  6.027514 -0.000273 -0.000235  -1.023119 -0.200107 -1.499575
48  -0.000000 11.691975 -0.000006  -1.026951 0.473643 0.808749
49  0.000003 -0.000001 0.000001  2.881454 -0.000041 1.570856
50  -0.000006 -0.000016 0.000004  2.272644 -0.000030 1.570865
51  -6.688887 -11.366689 -2.605079  -2.813631 -0.060673 -0.780396
52  -0.000000 0.000000 -0.000000  0.008153 -0.000259 0.000009
53  0.000000 -0.000000 0.000000  1.565115 0.043565 -0.106862
54  5.734122 -19.684368 -3.786079  -1.693323 -0.722422 -1.597746
55  -0.000000 0.000001 -0.000001  0.000000 -0.000000 -0.000002
56  0.000030 0.000030 -0.000000  -1.571901 -0.044449 -0.106509
57  7.202790 -19.259499 -17.055128  1.570796 -0.000000 0.000000
58  -17.772699 4.002314 -16.454041  1.570796 -0.000000 0.000000
59  2.236387 -2.421983 -5.367696  1.570796 -0.000000 0.000000
60  -0.004311 0.001230 -0.000371  0.006898 -0.005534 -0.284229
61  -1.375872 5.365924 -3.997767  1.570796 -0.000000 0.000000
62  0.000000 0.000000 0.000000  -0.078727 -3.136056 0.284226
63  0.000000 0.000000 0.000000  1.570796 -0.000000 0.000000
64  -1.203540 -16.083017 1.466188  1.604243 -0.411086 0.930750
65  -0.109378 -1.951952 -1.519204  0.000000 0.000000 0.000000
66  -0.109378 0.057028 25.399254  0.000000 0.000000 0.000000
67  -0.109379 -1.856731 0.287231  0.000000 0.000000 0.000000
68  -0.104046 -4.495924 7.879277  0.000000 0.000000 0.000000
69  -0.195263 4.332631 -6.347186  0.000000 0.000000 0.000000
70  -1.290111 3.693283 8.579670  0.022713 -0.014049 -0.017451
71  -0.121469 -1.314581 7.402089  0.000000 0.000000 0.000000
72  -1.107527 -1.063453 4.061648  0.000000 0.000000 0.000000
73  0.003659 1.612364 10.733984  0.000000 0.000000 0.225008
74  3.217499 -18.772848 0.064387  1.604243 -0.411086 0.930750
time 35
0  0.000006 0.000000 0.000000  -1.570800 -1.391899 -1.570792
1  -4.849906 3.337897 2.232070  -1.544956 -1.855077 -0.198630
2  6.027522 -0.000324 0.000193  -1.352227 -1.067930 -1.374121
3  11.692109 0.000645 -0.000738  -1.384585 -0.000017 -1.406326
4  11.479826 0.000613 -0.000710  1.261279 -0.203290 -0.100748
5  3.859508 -0.142882 -1.192050  -0.478600 0.114858 -0.964224
6  1.312590 0.000013 0.000007  -0.003547 0.012109 -0.261959
7  0.729355 0.000053 0.000049  0.138128 -0.056555 -0.039049
8  3.942143 0.046273 -0.431512  -0.155984 -0.001527 -0.861481
9  1.539110 0.000089 0.000005  -0.000906 0.006217 0.029179
10  1.196332 0.000147 0.000028  -0.106460 -0.032066 -0.994504
11  3.883506 -0.047269 0.431382  0.085898 0.021851 -0.587925
12  1.719573 -0.000027 0.000014  0.000015 0.005519 -0.366533
13  1.209179 0.000090 0.000012  0.031052 -0.154429 -0.851836
14  3.859662 -0.138475 1.332411  0.351463 -0.012349 -0.325636
15  1.719450 -0.000011 0.000022  -0.000997 0.034023 -0.280596
16  1.099674 0.000047 0.000006  0.179984 -0.171907 -0.610581
17  0.805994 -0.349051 1.321253  -1.643650 -0.950377 -0.245886
18  1.789821 -0.000005 -0.000021  0.008528 0.007013 -0.005127
19  1.207015 -0.000013 -0.000044  0.359774 -0.020568 0.239258
20  5.740636 0.000411 -0.000703  -0.110905 0.000003 0.000071
21  11.480977 0.000334 -0.000799  -0.057696 -0.018466 -0.039024
22  6.027524 -0.000329 0.000203  1.892297 -0.393718 1.052416
23  0.000002 11.692099 -0.000007  -0.973673 -0.425030 -0.774069
24  0.000003 0.000008 -0.000001  -0.515490 -0.000030 1.570738
25  -0.000001 -0.000012 -0.000001  0.868957 0.000002 1.570712
26  -4.888802 -4.568908 -1.375871  1.473120 1.855075 -0.198639
27  6.027510 -0.000264 -0.000221  1.905479 0.991793 -0.240259
28  11.691992 0.000244 0.000855  0.608925 0.000047 -1.495951
29  11.480312 0.000121 0.000920  -0.832573 -0.350232 0.511732
30  3.859436 -0.132785 1.193061  0.466149 -0.051826 -1.783918
31  1.312558 0.000025 0.000000  -0.013965 -0.041043 -0.156447
32  0.729345 0.000065 -0.000028  -0.128320 -0.117290 -0.954857
33  3.942046 0.050111 0.430997  0.211501 -0.107596 -1.469120
34  1.539097 0.000009 0.000000  0.040712 -0.054386 -1.030469
35  1.196299 0.000075 -0.000003  -0.249391 -0.043040 -0.795120
36  3.883411 -0.050501 -0.431087  0.186407 -0.271796 -1.212184
37  1.719563 -0.000077 -0.000003  0.020974 -0.107650 -1.483528
38  1.209196 0.000036 0.000011  -0.324719 0.069674 -0.493483
39  3.859584 -0.149110 -1.331323  -0.110833 0.118346 -0.118772
40  1.719413 -0.000101 -0.000034  -0.019525 0.026216 -0.112668
41  1.099673 0.000022 0.000007  0.239119 0.043639 -0.299131
42  0.805979 -0.359852 -1.318338  0.991670 0.166767 -0.799535
43  1.789779 -0.000009 -0.000043  0.000057 -0.002451 0.133097
44  1.206997 -0.000006 0.000006  0.000372 -0.000070 1.058782
45  5.740571 0.000056 0.000724  0.164978 -0.000014 0.000021
46  11.481005 0.000060 0.000933  0.164505 -0.052642 0.100158
47  6.027514 -0.000273 -0.000235  -1.022954 -0.197770 -1.499649
48  -0.000000 11.691974 -0.000006  -1.027013 0.473701 0.808789
49  0.000003 -0.000000 0.000001  2.881454 -0.000041 1.570856
50  -0.000007 -0.000015 0.000004  2.272644 -0.000030 1.570865
51  -6.699412 -11.359068 -2.567041  -2.814121 -0.057510 -0.780367
52  0.000000 0.000001 0.000000  0.008153 -0.000259 0.000009
53  -0.000001 0.000001 -0.000000  1.565115 0.043565 -0.106862
54  5.720471 -19.674488 -3.795858  -1.696839 -0.720612 -1.595423
55  -0.000001 -0.000000 -0.000000  0.000000 -0.000000 -0.000002
56  0.000029 0.000029 0.000001  -1.571901 -0.044449 -0.106509
57  7.202790 -19.259499 -17.055128  1.570796 -0.000000 0.000000
58  -17.772699 4.002314 -16.454041  1.570796 -0.000000 0.000000
59  2.236387 -2.421983 -5.367696  1.570796 -0.000000 0.000000
60  -0.004311 0.001230 -0.000371  0.006898 -0.005534 -0.284229
61  -1.375872 5.365924 -3.997767  1.570796 -0.000000 0.000000
62  0.000000 0.000000 0.000000  -0.078727 -3.136056 0.284226
63  0.000000 0.000000 0.000000  1.570796 -0.000000 0.000000
64  -1.203540 -16.083017 1.481129  1.607735 -0.411041 0.929354
65  -0.109378 -1.951951 -1.519204  0.000000 0.000000 0.000000
66  -0.109379 0.057027 25.399256  0.000000 0.000000 0.000000
67  -0.109378 -1.856731 0.287230  0.000000 0.000000 0.000000
68  -0.104048 -4.495923 7.879278  0.000000 0.000000 0.000000
69  -0.195263 4.332630 -6.347188  0.000000 0.000000 0.000000
70  -1.290113 3.693283 8.579671  0.022713 -0.014049 -0.017451
71  -0.121470 -1.314580 7.402090  0.000000 0.000000 0.000000
72  -1.107529 -1.063453 4.061649  0.000000 0.000000 0.000000
73  0.003659 1.612364 10.733985  -0.000000 0.000000 0.225047
74  3.213843 -18.770201 0.062824  1.607735 -0.411041 0.929354
time 36
0  0.000006 0.000000 0.000000  -1.570800 -1.391899 -1.570792
1  -4.849906 3.337897 2.232070  -1.544956 -1.855077 -0.198630
2  6.027522 -0.000324 0.000193  -1.351478 -1.067060 -1.373785
3  11.692110 0.000644 -0.000739  -1.384585 -0.000017 -1.407359
4  11.479819 0.000613 -0.000714  1.259866 -0.205258 -0.102798
5  3.859510 -0.142877 -1.192050  -0.478600 0.114858 -0.964224
6  1.312590 0.000012 0.000007  -0.003547 0.012109 -0.261959
7  0.729356 0.000051 0.000050  0.138128 -0.056555 -0.039049
8  3.942142 0.046274 -0.431513  -0.155984 -0.001527 -0.861481
9  1.539111 0.000086 0.000005  -0.000907 0.006217 0.029179
10  1.196332 0.000145 0.000031  -0.106460 -0.032066 -0.994504
11  3.883504 -0.047268 0.431380  0.085898 0.021851 -0.587925
12  1.719573 -0.000029 0.000015  0.000015 0.005519 -0.366533
13  1.209179 0.000092 0.000012  0.031052 -0.154429 -0.851836
14  3.859663 -0.138473 1.332409  0.351463 -0.012349 -0.325636
15  1.719450 -0.000012 0.000023  -0.000997 0.034023 -0.280596
16  1.099675 0.000046 0.000007  0.179984 -0.171907 -0.610581
17  0.805994 -0.349048 1.321253  -1.643650 -0.950377 -0.245886
18  1.789820 -0.000004 -0.000017  0.008528 0.007013 -0.005127
19  1.207016 -0.000012 -0.000045  0.359774 -0.020568 0.239258
20  5.740636 0.000411 -0.000703  -0.111917 0.000003 0.000070
21  11.480974 0.000334 -0.000802  -0.057987 -0.018805 -0.039520
22  6.027524 -0.000329 0.000203  1.892619 -0.394612 1.053284
23  0.000002 11.692101 -0.000009  -0.974293 -0.425582 -0.774481
24  0.000003 0.000007 0.000001  -0.515490 -0.000031 1.570739
25  -0.000001 -0.000011 -0.000002  0.868957 0.000002 1.570712
26  -4.888802 -4.568908 -1.375871  1.473120 1.855075 -0.198639
27  6.027510 -0.000264 -0.000221  1.908517 0.992164 -0.237752
28  11.691992 0.000245 0.000855  0.608925 0.000047 -1.496059
29  11.480315 0.000122 0.000922  -0.832914 -0.352023 0.515148
30  3.859436 -0.132787 1.193062  0.466149 -0.051826 -1.783918
31  1.312559 0.000025 0.000000  -0.013965 -0.041044 -0.156447
32  0.729344 0.000065 -0.000027  -0.128320 -0.117290 -0.954857
33  3.942045 0.050110 0.430997  0.211501 -0.107596 -1.469120
34  1.539097 0.000010 0.000000  0.040712 -0.054386 -1.030469
35  1.196297 0.000075 -0.000004  -0.249391 -0.043040 -0.795121
36  3.883410 -0.050502 -0.431087  0.186407 -0.271796 -1.212184
37  1.719563 -0.000079 -0.000003  0.020974 -0.107650 -1.483528
38  1.209196 0.000035 0.000011  -0.324719 0.069674 -0.493483
39  3.859585 -0.149110 -1.331323  -0.110833 0.118346 -0.118772
40  1.719413 -0.000100 -0.000034  -0.019525 0.026216 -0.112669
41  1.099673 0.000025 0.000007  0.239119 0.043639 -0.299131
42  0.805977 -0.359854 -1.318338  0.991670 0.166767 -0.799535
43  1.789779 -0.000008 -0.000041  0.000057 -0.002451 0.133097
44  1.206997 -0.000007 0.000005  0.000372 -0.000070 1.058782
45  5.740573 0.000055 0.000724  0.165335 -0.000014 0.000021
46  11.481009 0.000060 0.000934  0.164609 -0.052789 0.100902
47  6.027514 -0.000273 -0.000235  -1.022797 -0.196074 -1.499716
48  -0.000000 11.691975 -0.000007  -1.027078 0.473761 0.808830
49  0.000004 -0.000001 0.000001  2.881454 -0.000041 1.570856
50  -0.000007 -0.000015 0.000004  2.272644 -0.000030 1.570865
51  -6.707470 -11.353234 -2.539443  -2.814499 -0.055076 -0.780345
52  0.000000 -0.000000 -0.000000  0.008153 -0.000259 0.000009
53  -0.000001 0.000000 0.000000  1.565115 0.043565 -0.106862
54  5.709927 -19.666853 -3.805036  -1.699537 -0.719216 -1.593645
55  -0.000001 0.000001 -0.000000  0.000000 -0.000000 -0.000002
56  0.000029 0.000030 0.000001  -1.571901 -0.044449 -0.106509
57  7.202790 -19.259499 -17.055128  1.570796 -0.000000 0.000000
58  -17.772699 4.002314 -16.454041  1.570796 -0.000000 0.000000
59  2.236387 -2.421983 -5.367696  1.570796 -0.000000 0.000000
60  -0.004311 0.001230 -0.000371  0.006898 -0.005534 -0.284229
61  -1.375872 5.365924 -3.997767  1.570796 -0.000000 0.000000
62  0.000000 0.000000 0.000000  -0.078727 -3.136056 0.284226
63  0.000000 0.000000 0.000000  1.570796 -0.000000 0.000000
64  -1.203540 -16.083017 1.490932  1.610421 -0.411004 0.928281
65  -0.109378 -1.951951 -1.519205  -0.000000 -0.000000 0.000000
66  -0.109380 0.057027 25.399252  -0.000000 -0.000000 0.000000
67  -0.109379 -1.856731 0.287230  -0.000000 -0.000000 0.000000
68  -0.104047 -4.495923 7.879277  -0.000000 -0.000000 0.000000
69  -0.195264 4.332630 -6.347188  -0.000000 -0.000000 0.000000
70  -1.290112 3.693284 8.579669  0.022713 -0.014049 -0.017451
71  -0.121471 -1.314581 7.402089  -0.000000 -0.000000 0.000000
72  -1.107528 -1.063453 4.061646  -0.000000 -0.000000 0.000000
73  0.003657 1.612364 10.733982  -0.000000 -0.000000 0.225085
74  3.211001 -18.768143 0.059940  1.610421 -0.411004 0.928281
time 37
0  0.000006 0.000000 0.000000  -1.570800 -1.391899 -1.570792
1  -4.849906 3.337897 2.232070  -1.544956 -1.855077 -0.198630
2  6.027522 -0.000324 0.000193  -1.351185 -1.066687 -1.373638
3  11.692108 0.000644 -0.000739  -1.384585 -0.000017 -1.407783
4  11.479819 0.000612 -0.000711  1.259300 -0.206031 -0.103625
5  3.859509 -0.142878 -1.192049  -0.478600 0.114858 -0.964224
6  1.312590 0.000009 0.000008  -0.003547 0.012109 -0.261959
7  0.729355 0.000054 0.000050  0.138128 -0.056555 -0.039049
8  3.942143 0.046273 -0.431512  -0.155984 -0.001527 -0.861481
9  1.539111 0.000085 0.000006  -0.000906 0.006217 0.029179
10  1.196332 0.000144 0.000029  -0.106460 -0.032066 -0.994504
11  3.883504 -0.047268 0.431381  0.085898 0.021851 -0.587925
12  1.719573 -0.000024 0.000015  0.000015 0.005519 -0.366533
13  1.209179 0.000093 0.000012  0.031052 -0.154429 -0.851836
14  3.859662 -0.138475 1.332410  0.351463 -0.012349 -0.325636
15  1.719450 -0.000011 0.000022  -0.000997 0.034023 -0.280596
16  1.099674 0.000047 0.000006  0.179984 -0.171907 -0.610581
17  0.805993 -0.349050 1.321254  -1.643650 -0.950377 -0.245886
18  1.789820 -0.000004 -0.000020  0.008528 0.007013 -0.005127
19  1.207016 -0.000011 -0.000042  0.359774 -0.020568 0.239258
20  5.740637 0.000411 -0.000701  -0.112321 0.000003 0.000071
21  11.480976 0.000334 -0.000800  -0.058105 -0.018937 -0.039720
22  6.027524 -0.000329 0.000203  1.892768 -0.394987 1.053631
23  0.000002 11.692099 -0.000008  -0.974547 -0.425809 -0.774650
24  0.000003 0.000007 -0.000002  -0.515490 -0.000030 1.570739
25  -0.000001 -0.000011 -0.000001  0.868957 0.000002 1.570712
26  -4.888802 -4.568908 -1.375871  1.473120 1.855075 -0.198639
27  6.027510 -0.000264 -0.000221  1.909694 0.992298 -0.236782
28  11.691993 0.000245 0.000856  0.608925 0.000047 -1.496109
29  11.480314 0.000122 0.000922  -0.833062 -0.352731 0.516501
30  3.859435 -0.132787 1.193062  0.466149 -0.051826 -1.783918
31  1.312558 0.000025 -0.000000  -0.013965 -0.041043 -0.156447
32  0.729344 0.000066 -0.000028  -0.128320 -0.117290 -0.954857
33  3.942046 0.050109 0.430997  0.211501 -0.107596 -1.469120
34  1.539096 0.000010 -0.000000  0.040712 -0.054386 -1.030469
35  1.196299 0.000076 -0.000003  -0.249391 -0.043040 -0.795121
36  3.883411 -0.050502 -0.431087  0.186407 -0.271796 -1.212184
37  1.719562 -0.000078 -0.000003  0.020974 -0.107650 -1.483528
38  1.209198 0.000036 0.000011  -0.324719 0.069674 -0.493483
39  3.859585 -0.149112 -1.331323  -0.110833 0.118346 -0.118772
40  1.719413 -0.000100 -0.000034  -0.019525 0.026216 -0.112669
41  1.099674 0.000024 0.000007  0.239119 0.043639 -0.299131
42  0.805979 -0.359854 -1.318338  0.991670 0.166767 -0.799535
43  1.789780 -0.000009 -0.000044  0.000057 -0.002451 0.133097
44  1.206996 -0.000006 0.000006  0.000372 -0.000070 1.058781
45  5.740572 0.000056 0.000724  0.165474 -0.000014 0.000021
46  11.481008 0.000061 0.000933  0.164648 -0.052848 0.101196
47  6.027514 -0.000273 -0.000235  -1.022728 -0.195420 -1.499745
48  0.000000 11.691975 -0.000006  -1.027107 0.473789 0.808849
49  0.000004 -0.000001 0.000000  2.881454 -0.000041 1.570856
50  -0.000006 -0.000015 0.000005  2.272644 -0.000030 1.570865
51  -6.710681 -11.350908 -2.528797  -2.814650 -0.054103 -0.780337
52  -0.000000 -0.000000 0.000000  0.008153 -0.000259 0.000009
53  -0.000000 -0.000000 -0.000000  1.565115 0.043565 -0.106862
54  5.705701 -19.663792 -3.809097  -1.700614 -0.718656 -1.592935
55  0.000000 0.000001 -0.000000  0.000000 -0.000000 -0.000002
56  0.000031 0.000029 0.000001  -1.571901 -0.044449 -0.106509
57  7.202790 -19.259499 -17.055128  1.570796 -0.000000 0.000000
58  -17.772699 4.002314 -16.454041  1.570796 -0.000000 0.000000
59  2.236387 -2.421983 -5.367696  1.570796 -0.000000 0.000000
60  -0.004311 0.001230 -0.000371  0.006898 -0.005534 -0.284229
61  -1.375872 5.365924 -3.997767  1.570796 -0.000000 0.000000
62  0.000000 0.000000 0.000000  -0.078727 -3.136056 0.284226
63  0.000000 0.000000 0.000000  1.570796 -0.000000 0.000000
64  -1.203540 -16.083017 1.494454  1.611495 -0.410988 0.927852
65  -0.109377 -1.951952 -1.519204  -0.000000 0.000000 -0.000000
66  -0.109377 0.057027 25.399252  -0.000000 0.000000 -0.000000
67  -0.109377 -1.856732 0.287231  -0.000000 0.000000 -0.000000
68  -0.104046 -4.495924 7.879277  -0.000000 0.000000 -0.000000
69  -0.195264 4.332631 -6.347188  -0.000000 0.000000 -0.000000
70  -1.290110 3.693283 8.579667  0.022713 -0.014049 -0.017451
71  -0.121470 -1.314581 7.402088  -0.000000 0.000000 -0.000000
72  -1.107527 -1.063453 4.061648  -0.000000 0.000000 -0.000000
73  0.003659 1.612363 10.733983  -0.000000 0.000000 0.225123
74  3.209859 -18.767315 0.058390  1.611495 -0.410988 0.927852
time 38
0  0.000006 0.000000 0.000000  -1.570800 -1.391899 -1.570792
1  -4.849906 3.337897 2.232070  -1.544956 -1.855077 -0.198630
2  6.027522 -0.000324 0.000193  -1.352513 -1.061559 -1.371302
3  11.692108 0.000644 -0.000740  -1.384585 -0.000017 -1.409672
4  11.479807 0.000614 -0.000718  1.258853 -0.202886 -0.104850
5  3.859509 -0.142878 -1.192050  -0.478600 0.114858 -0.964224
6  1.312590 0.000010 0.000008  -0.003547 0.012109 -0.261959
7  0.729355 0.000053 0.000050  0.138128 -0.056555 -0.039049
8  3.942143 0.046273 -0.431512  -0.155984 -0.001527 -0.861481
9  1.539111 0.000085 0.000006  -0.000906 0.006217 0.029179
10  1.196332 0.000145 0.000028  -0.106460 -0.032066 -0.994504
11  3.883504 -0.047268 0.431381  0.085898 0.021851 -0.587925
12  1.719573 -0.000024 0.000015  0.000015 0.005519 -0.366533
13  1.209179 0.000094 0.000012  0.031052 -0.154429 -0.851836
14  3.859662 -0.138475 1.332410  0.351463 -0.012349 -0.325636
15  1.719450 -0.000011 0.000022  -0.000997 0.034023 -0.280596
16  1.099674 0.000047 0.000006  0.179984 -0.171907 -0.610581
17  0.805993 -0.349050 1.321253  -1.643650 -0.950377 -0.245886
18  1.789821 -0.000004 -0.000018  0.008528 0.007013 -0.005127
19  1.207017 -0.000011 -0.000041  0.359774 -0.020568 0.239258
20  5.740638 0.000411 -0.000702  -0.112029 0.000003 0.000071
21  11.480973 0.000334 -0.000802  -0.058211 -0.018278 -0.039898
22  6.027524 -0.000329 0.000203  1.896943 -0.398434 1.053192
23  0.000001 11.692098 -0.000008  -0.975679 -0.426818 -0.775401
24  0.000002 0.000008 -0.000001  -0.515490 -0.000031 1.570739
25  -0.000002 -0.000011 -0.000002  0.868957 0.000002 1.570712
26  -4.888802 -4.568908 -1.375871  1.473120 1.855075 -0.198639
27  6.027510 -0.000264 -0.000221  1.902064 0.989233 -0.243520
28  11.691991 0.000244 0.000855  0.608925 0.000047 -1.497927
29  11.480302 0.000114 0.000927  -0.834971 -0.351176 0.514038
30  3.859435 -0.132787 1.193062  0.466149 -0.051826 -1.783918
31  1.312557 0.000025 -0.000000  -0.013965 -0.041043 -0.156447
32  0.729344 0.000066 -0.000028  -0.128320 -0.117290 -0.954857
33  3.942045 0.050108 0.430997  0.211501 -0.107596 -1.469120
34  1.539096 0.000010 -0.000000  0.040712 -0.054386 -1.030469
35  1.196300 0.000076 -0.000004  -0.249391 -0.043040 -0.795121
36  3.883411 -0.050502 -0.431087  0.186407 -0.271796 -1.212184
37  1.719563 -0.000078 -0.000003  0.020974 -0.107650 -1.483528
38  1.209197 0.000035 0.000011  -0.324719 0.069674 -0.493483
39  3.859585 -0.149112 -1.331323  -0.110833 0.118346 -0.118772
40  1.719412 -0.000100 -0.000034  -0.019525 0.026216 -0.112669
41  1.099673 0.000025 0.000007  0.239119 0.043639 -0.299131
42  0.805978 -0.359854 -1.318338  0.991670 0.166767 -0.799535
43  1.789780 -0.000009 -0.000042  0.000057 -0.002451 0.133097
44  1.206996 -0.000006 0.000006  0.000372 -0.000070 1.058781
45  5.740572 0.000055 0.000724  0.164583 -0.000014 0.000021
46  11.481006 0.000058 0.000934  0.164142 -0.052810 0.100618
47  6.027514 -0.000273 -0.000235  -1.021057 -0.200338 -1.500430
48  -0.000000 11.691975 -0.000005  -1.028184 0.474793 0.809530
49  0.000002 -0.000002 0.000001  2.881454 -0.000041 1.570856
50  -0.000007 -0.000015 0.000006  2.272644 -0.000030 1.570865
51  -6.710681 -11.350908 -2.606857  -2.814650 -0.054103 -0.780337
52  -0.000000 0.000000 0.000000  0.008153 -0.000259 0.000009
53  -0.000000 -0.000001 0.000000  1.565115 0.043565 -0.106862
54  5.705701 -19.663792 -3.887157  -1.700614 -0.718656 -1.592935
55  0.000001 0.000001 -0.000001  0.000000 -0.000000 -0.000002
56  0.000031 0.000029 0.000000  -1.571901 -0.044449 -0.106509
57  7.202790 -19.259499 -17.055128  1.570796 -0.000000 0.000000
58  -17.772699 4.002314 -16.454041  1.570796 -0.000000 0.000000
59  2.236387 -2.421983 -5.367696  1.570796 -0.000000 0.000000
60  -0.004311 0.001230 -0.000371  0.006898 -0.005534 -0.284229
61  -1.375872 5.365924 -3.997767  1.570796 -0.000000 0.000000
62  0.000000 0.000000 0.000000  -0.078727 -3.136056 0.284226
63  0.000000 0.000000 0.000000  1.570796 -0.000000 0.000000
64  -1.203540 -16.083017 1.416394  1.611495 -0.410988 0.927852
65  -0.109377 -1.951951 -1.519205  -0.000000 0.000000 -0.000000
66  -0.109377 0.057027 25.399250  -0.000000 0.000000 -0.000000
67  -0.109378 -1.856731 0.287230  -0.000000 0.000000 -0.000000
68  -0.104046 -4.495923 7.879276  -0.000000 0.000000 -0.000000
69  -0.195265 4.332631 -6.347188  -0.000000 0.000000 -0.000000
70  -1.290110 3.693283 8.579666  0.022713 -0.014049 -0.017451
71  -0.121470 -1.314581 7.402088  -0.000000 0.000000 -0.000000
72  -1.107527 -1.063453 4.061647  -0.000000 0.000000 -0.000000
73  0.003659 1.612363 10.733982  0.000000 -0.000000 0.225160
74  3.209859 -18.767315 -0.019670  1.611495 -0.410988 0.927852
time 39
0  0.000006 0.000000 0.000000  -1.570800 -1.391899 -1.570792
1  -4.849906 3.337897 2.232070  -1.544956 -1.855077 -0.198630
2  6.027522 -0.000324 0.000193  -1.355889 -1.047749 -1.365147
3  11.692108 0.000644 -0.000739  -1.384586 -0.000017 -1.414555
4  11.479781 0.000608 -0.000734  1.257590 -0.194233 -0.108234
5  3.859509 -0.142878 -1.192049  -0.478600 0.114858 -0.964224
6  1.312590 0.000010 0.000008  -0.003547 0.012109 -0.261959
7  0.729355 0.000053 0.000049  0.138128 -0.056555 -0.039049
8  3.942144 0.046273 -0.431512  -0.155984 -0.001527 -0.861481
9  1.539111 0.000085 0.000005  -0.000906 0.006217 0.029179
10  1.196333 0.000146 0.000029  -0.106460 -0.032066 -0.994504
11  3.883504 -0.047268 0.431381  0.085898 0.021851 -0.587925
12  1.719573 -0.000024 0.000015  0.000015 0.005519 -0.366533
13  1.209179 0.000094 0.000012  0.031052 -0.154429 -0.851836
14  3.859662 -0.138475 1.332410  0.351463 -0.012349 -0.325636
15  1.719450 -0.000012 0.000022  -0.000997 0.034023 -0.280596
16  1.099674 0.000049 0.000006  0.179984 -0.171907 -0.610581
17  0.805994 -0.349050 1.321254  -1.643650 -0.950377 -0.245886
18  1.789821 -0.000003 -0.000020  0.008528 0.007013 -0.005127
19  1.207017 -0.000012 -0.000041  0.359774 -0.020568 0.239258
20  5.740636 0.000409 -0.000704  -0.111241 0.000003 0.000071
21  11.480968 0.000332 -0.000805  -0.058507 -0.016464 -0.040390
22  6.027524 -0.000329 0.000203  1.908212 -0.407709 1.051991
23  0.000001 11.692098 -0.000008  -0.978603 -0.429431 -0.777339
24  0.000002 0.000007 -0.000002  -0.515490 -0.000031 1.570739
25  -0.000001 -0.000012 -0.000001  0.868957 0.000002 1.570712
26  -4.888802 -4.568908 -1.375871  1.473120 1.855075 -0.198639
27  6.027510 -0.000264 -0.000222  1.881781 0.980866 -0.261306
28  11.691992 0.000243 0.000856  0.608925 0.000047 -1.502619
29  11.480258 0.000094 0.000943  -0.840172 -0.347036 0.507222
30  3.859435 -0.132787 1.193062  0.466149 -0.051826 -1.783918
31  1.312558 0.000025 -0.000000  -0.013965 -0.041043 -0.156447
32  0.729345 0.000066 -0.000028  -0.128320 -0.117290 -0.954857
33  3.942045 0.050108 0.430997  0.211501 -0.107596 -1.469120
34  1.539096 0.000011 -0.000000  0.040712 -0.054386 -1.030469
35  1.196300 0.000076 -0.000004  -0.249391 -0.043040 -0.795121
36  3.883411 -0.050502 -0.431087  0.186407 -0.271796 -1.212184
37  1.719563 -0.000079 -0.000003  0.020974 -0.107650 -1.483528
38  1.209199 0.000036 0.000011  -0.324719 0.069674 -0.493483
39  3.859584 -0.149112 -1.331323  -0.110833 0.118346 -0.118772
40  1.719412 -0.000099 -0.000034  -0.019525 0.026216 -0.112669
41  1.099674 0.000025 0.000007  0.239119 0.043639 -0.299131
42  0.805978 -0.359854 -1.318338  0.991670 0.166767 -0.799535
43  1.789780 -0.000009 -0.000043  0.000057 -0.002451 0.133097
44  1.206997 -0.000006 0.000006  0.000372 -0.000070 1.058781
45  5.740571 0.000056 0.000726  0.162179 -0.000014 0.000021
46  11.480995 0.000055 0.000940  0.162765 -0.052729 0.099031
47  6.027514 -0.000273 -0.000235  -1.016571 -0.213622 -1.502235
48  0.000000 11.691975 -0.000005  -1.030962 0.477390 0.811286
49  0.000003 -0.000001 0.000000  2.881454 -0.000041 1.570856
50  -0.000006 -0.000015 0.000005  2.272644 -0.000030 1.570865
51  -6.710681 -11.350908 -2.818233  -2.814650 -0.054103 -0.780337
52  0.000000 -0.000001 0.000000  0.008153 -0.000259 0.000009
53  -0.000001 -0.000000 -0.000000  1.565115 0.043565 -0.106862
54  5.705701 -19.663792 -4.098533  -1.700614 -0.718656 -1.592935
55  0.000001 0.000001 -0.000000  0.000000 -0.000000 -0.000002
56  0.000031 0.000030 0.000001  -1.571901 -0.044449 -0.106509
57  7.202790 -19.259499 -17.055128  1.570796 -0.000000 0.000000
58  -17.772699 4.002314 -16.454041  1.570796 -0.000000 0.000000
59  2.236387 -2.421983 -5.367696  1.570796 -0.000000 0.000000
60  -0.004311 0.001230 -0.000371  0.006898 -0.005534 -0.284229
61  -1.375872 5.365924 -3.997767  1.570796 -0.000000 0.000000
62  0.000000 0.000000 0.000000  -0.078727 -3.136056 0.284226
63  0.000000 0.000000 0.000000  1.571617 0.000208 0.000008
64  -1.203540 -16.083017 1.205018  1.611495 -0.410988 0.927852
65  -0.109377 -1.951952 -1.519205  -0.000000 0.000000 -0.000000
66  -0.109377 0.057027 25.399250  -0.000000 0.000000 -0.000000
67  -0.109377 -1.856732 0.287230  -0.000000 0.000000 -0.000000
68  -0.104046 -4.495924 7.879276  -0.000000 0.000000 -0.000000
69  -0.195264 4.332631 -6.347185  -0.000000 0.000000 -0.000000
70  -1.290110 3.693283 8.579669  0.022713 -0.014049 -0.017451
71  -0.121470 -1.314581 7.402088  -0.000000 0.000000 -0.000000
72  -1.107527 -1.063453 4.061647  -0.000000 0.000000 -0.000000
73  0.003659 1.612363 10.733982  -0.000000 0.000000 0.225196
74  3.209859 -18.767315 -0.231046  1.611495 -0.410988 0.927852
time 40
0  0.000006 0.000000 0.000000  -1.570800 -1.391899 -1.570792
1  -4.849906 3.337897 2.232070  -1.544956 -1.855077 -0.198630
2  6.027522 -0.000323 0.000193  -1.360300 -1.027675 -1.356517
3  11.692108 0.000644 -0.000740  -1.384586 -0.000018 -1.421111
4  11.479747 0.000604 -0.000750  1.255589 -0.181172 -0.113378
5  3.859509 -0.142879 -1.192049  -0.478600 0.114858 -0.964224
6  1.312590 0.000010 0.000008  -0.003547 0.012109 -0.261959
7  0.729355 0.000053 0.000050  0.138128 -0.056555 -0.039049
8  3.942143 0.046272 -0.431512  -0.155984 -0.001527 -0.861481
9  1.539111 0.000084 0.000006  -0.000906 0.006217 0.029179
10  1.196332 0.000144 0.000029  -0.106460 -0.032066 -0.994504
11  3.883504 -0.047268 0.431381  0.085898 0.021851 -0.587925
12  1.719573 -0.000025 0.000015  0.000015 0.005519 -0.366533
13  1.209179 0.000094 0.000012  0.031052 -0.154429 -0.851836
14  3.859662 -0.138475 1.332411  0.351463 -0.012349 -0.325636
15  1.719450 -0.000012 0.000022  -0.000997 0.034023 -0.280596
16  1.099674 0.000049 0.000006  0.179984 -0.171907 -0.610581
17  0.805993 -0.349051 1.321254  -1.643650 -0.950377 -0.245886
18  1.789821 -0.000004 -0.000018  0.008528 0.007013 -0.005127
19  1.207017 -0.000011 -0.000041  0.359774 -0.020568 0.239258
20  5.740637 0.000409 -0.000702  -0.110095 0.000003 0.000071
21  11.480962 0.000331 -0.000807  -0.058962 -0.013723 -0.041139
22  6.027524 -0.000329 0.000203  1.924657 -0.421178 1.050199
23  0.000001 11.692099 -0.000007  -0.982526 -0.432947 -0.779932
24  0.000002 0.000006 -0.000001  -0.515490 -0.000031 1.570739
25  -0.000001 -0.000011 -0.000001  0.868957 0.000002 1.570712
26  -4.888802 -4.568908 -1.375871  1.473120 1.855075 -0.198639
27  6.027510 -0.000263 -0.000222  1.852951 0.968419 -0.286248
28  11.691992 0.000245 0.000856  0.608925 0.000048 -1.508904
29  11.480212 0.000070 0.000959  -0.847888 -0.341145 0.496824
30  3.859435 -0.132786 1.193061  0.466149 -0.051826 -1.783918
31  1.312557 0.000025 -0.000000  -0.013965 -0.041043 -0.156447
32  0.729345 0.000066 -0.000028  -0.128320 -0.117290 -0.954857
33  3.942045 0.050109 0.430997  0.211501 -0.107596 -1.469120
34  1.539096 0.000011 -0.000000  0.040712 -0.054386 -1.030469
35  1.196299 0.000076 -0.000004  -0.249391 -0.043040 -0.795121
36  3.883411 -0.050502 -0.431087  0.186407 -0.271796 -1.212184
37  1.719563 -0.000079 -0.000003  0.020974 -0.107650 -1.483528
38  1.209198 0.000036 0.000011  -0.324719 0.069674 -0.493483
39  3.859584 -0.149111 -1.331323  -0.110833 0.118346 -0.118772
40  1.719412 -0.000100 -0.000034  -0.019525 0.026216 -0.112669
41  1.099674 0.000025 0.000007  0.239119 0.043639 -0.299131
42  0.805978 -0.359853 -1.318338  0.991670 0.166767 -0.799535
43  1.789780 -0.000009 -0.000043  0.000057 -0.002451 0.133097
44  1.206996 -0.000006 0.000004  0.000372 -0.000070 1.058781
45  5.740571 0.000055 0.000724  0.158674 -0.000014 0.000021
46  11.480987 0.000050 0.000941  0.160729 -0.052662 0.096638
47  6.027514 -0.000273 -0.000235  -1.010096 -0.233040 -1.504753
48  -0.000001 11.691975 -0.000005  -1.034682 0.480875 0.813629
49  0.000003 -0.000002 0.000001  2.881454 -0.000041 1.570856
50  -0.000007 -0.000016 0.000005  2.272644 -0.000030 1.570865
51  -6.710681 -11.350908 -3.128721  -2.814650 -0.054103 -0.780337
52  -0.000000 -0.000001 0.000000  0.008153 -0.000259 0.000009
53  -0.000000 0.000000 -0.000000  1.565115 0.043565 -0.106862
54  5.705701 -19.663792 -4.409021  -1.700614 -0.718656 -1.592935
55  0.000000 -0.000000 -0.000000  0.000000 -0.000000 -0.000002
56  0.000031 0.000028 0.000001  -1.571901 -0.044449 -0.106509
57  7.202790 -19.259499 -17.055128  1.570796 -0.000000 0.000000
58  -17.772699 4.002314 -16.454041  1.570796 -0.000000 0.000000
59  2.236387 -2.421983 -5.367696  1.570796 -0.000000 0.000000
60  -0.004311 0.001230 -0.000371  0.006898 -0.005534 -0.284229
61  -1.375872 5.365924 -3.997767  1.570796 -0.000000 0.000000
62  0.000000 0.000000 0.000000  -0.078727 -3.136056 0.284226
63  0.000000 0.000000 0.000000  1.573670 0.000726 0.000060
64  -1.203540 -16.083017 0.894530  1.611495 -0.410988 0.927852
65  -0.109377 -1.951952 -1.519205  -0.000000 0.000000 -0.000000
66  -0.109377 0.057027 25.399250  -0.000000 0.000000 -0.000000
67  -0.109378 -1.856732 0.287230  -0.000000 0.000000 -0.000000
68  -0.104047 -4.495924 7.879276  -0.000000 0.000000 -0.000000
69  -0.195264 4.332630 -6.347188  -0.000000 0.000000 -0.000000
70  -1.290110 3.693282 8.579667  0.022713 -0.014049 -0.017451
71  -0.121470 -1.314581 7.402088  -0.000000 0.000000 -0.000000
72  -1.107527 -1.063453 4.061647  -0.000000 0.000000 -0.000000
73  0.003659 1.612363 10.733982  -0.000000 0.000000 0.225230
74  3.209859 -18.767315 -0.541534  1.611495 -0.410988 0.927852
time 41
0  0.000006 0.000000 0.000000  -1.570800 -1.391899 -1.570792
1  -4.849906 3.337897 2.232070  -1.544956 -1.855077 -0.198630
2  6.027522 -0.000323 0.000193  -1.361731 -1.007211 -1.347866
3  11.692109 0.000643 -0.000740  -1.384586 -0.000018 -1.420021
4  11.479751 0.000606 -0.000752  1.239472 -0.156443 -0.112889
5  3.859508 -0.142881 -1.192050  -0.478600 0.114858 -0.964224
6  1.312590 0.000011 0.000008  -0.003547 0.012109 -0.261959
7  0.729355 0.000050 0.000049  0.138128 -0.056555 -0.039049
8  3.942144 0.046272 -0.431512  -0.155984 -0.001527 -0.861481
9  1.539111 0.000086 0.000005  -0.000907 0.006217 0.029179
10  1.196333 0.000145 0.000028  -0.106460 -0.032066 -0.994504
11  3.883505 -0.047270 0.431381  0.085898 0.021851 -0.587925
12  1.719573 -0.000027 0.000015  0.000015 0.005519 -0.366533
13  1.209179 0.000090 0.000012  0.031052 -0.154429 -0.851836
14  3.859664 -0.138476 1.332410  0.351463 -0.012349 -0.325636
15  1.719448 -0.000011 0.000021  -0.000997 0.034023 -0.280596
16  1.099675 0.000046 0.000006  0.179984 -0.171907 -0.610581
17  0.805994 -0.349051 1.321253  -1.643650 -0.950377 -0.245886
18  1.789819 -0.000004 -0.000019  0.008528 0.007013 -0.005127
19  1.207016 -0.000012 -0.000044  0.359774 -0.020568 0.239258
20  5.740638 0.000409 -0.000705  -0.108978 0.000003 0.000071
21  11.480964 0.000332 -0.000811  -0.062191 -0.008761 -0.040803
22  6.027524 -0.000329 0.000203  1.940418 -0.435801 1.051084
23  0.000001 11.692099 -0.000008  -0.981874 -0.432362 -0.779502
24  0.000003 0.000009 0.000001  -0.515490 -0.000031 1.570739
25  -0.000001 -0.000012 -0.000002  0.868957 0.000002 1.570712
26  -4.897202 -4.601413 -1.339802  1.473120 1.855075 -0.198639
27  6.027510 -0.000263 -0.000224  1.815214 0.950855 -0.316601
28  11.691992 0.000242 0.000857  0.608927 0.000048 -1.527288
29  11.480064 -0.000002 0.001008  -0.859321 -0.313518 0.493787
30  3.859437 -0.132787 1.193062  0.466149 -0.051826 -1.783918
31  1.312559 0.000025 0.000000  -0.013965 -0.041044 -0.156447
32  0.729345 0.000066 -0.000027  -0.128320 -0.117290 -0.954857
33  3.942046 0.050109 0.430997  0.211501 -0.107596 -1.469120
34  1.539096 0.000010 0.000001  0.040712 -0.054386 -1.030469
35  1.196299 0.000076 -0.000004  -0.249391 -0.043040 -0.795121
36  3.883411 -0.050501 -0.431087  0.186407 -0.271796 -1.212184
37  1.719563 -0.000077 -0.000004  0.020974 -0.107650 -1.483528
38  1.209198 0.000036 0.000012  -0.324719 0.069674 -0.493483
39  3.859585 -0.149112 -1.331323  -0.110833 0.118346 -0.118772
40  1.719411 -0.000100 -0.000034  -0.019525 0.026216 -0.112669
41  1.099673 0.000025 0.000006  0.239119 0.043639 -0.299131
42  0.805978 -0.359854 -1.318338  0.991670 0.166767 -0.799535
43  1.789779 -0.000009 -0.000042  0.000057 -0.002451 0.133097
44  1.206996 -0.000007 0.000006  0.000372 -0.000070 1.058782
45  5.740571 0.000056 0.000725  0.156552 -0.000014 0.000021
46  11.480956 0.000037 0.000951  0.157290 -0.048095 0.094554
47  6.027515 -0.000273 -0.000237  -1.001197 -0.259549 -1.506368
48  -0.000001 11.691975 -0.000009  -1.045550 0.491110 0.820421
49  0.000002 -0.000000 0.000000  2.881454 -0.000041 1.570856
50  -0.000007 -0.000015 0.000005  2.272644 -0.000030 1.570865
51  -6.612275 -11.220887 -3.506850  -2.817514 -0.054685 -0.795172
52  0.000000 -0.000001 0.000000  0.008153 -0.000259 0.000009
53  -0.000001 0.000000 0.000000  1.565115 0.043565 -0.106862
54  5.676005 -19.722057 -4.786695  -1.702670 -0.721132 -1.606571
55  0.000001 -0.000000 -0.000000  0.000000 -0.000000 -0.000002
56  0.000031 0.000029 0.000001  -1.571901 -0.044449 -0.106509
57  7.202790 -19.259499 -17.055128  1.570796 -0.000000 0.000000
58  -17.772699 4.002314 -16.454041  1.570796 -0.000000 0.000000
59  2.236387 -2.421983 -5.367696  1.570796 -0.000000 0.000000
60  -0.004311 0.001230 -0.000371  0.006898 -0.005534 -0.284229
61  -1.339803 5.399405 -4.000249  1.570796 -0.000000 0.000000
62  0.000000 0.000000 0.000000  -0.078727 -3.136056 0.284226
63  0.000000 0.000000 0.000000  1.576339 0.001401 0.000204
64  -1.170108 -16.025288 0.519135  1.611294 -0.408075 0.912942
65  -0.109378 -1.951952 -1.519205  -0.000000 -0.000000 0.000000
66  -0.109376 0.057025 25.399254  -0.000000 -0.000000 0.000000
67  -0.109378 -1.856733 0.287230  -0.000000 -0.000000 0.000000
68  -0.104048 -4.495923 7.879279  -0.000000 -0.000000 0.000000
69  -0.195265 4.332630 -6.347187  -0.000000 -0.000000 0.000000
70  -1.290114 3.693282 8.579668  0.022713 -0.014049 -0.017451
71  -0.121469 -1.314582 7.402088  -0.000000 -0.000000 0.000000
72  -1.107528 -1.063454 4.061647  -0.000000 -0.000000 0.000000
73  0.003660 1.612362 10.733982  -0.000000 0.000000 0.225262
74  3.200208 -18.778912 -0.917423  1.611294 -0.408075 0.912942
time 42
0  0.000006 0.000000 0.000000  -1.570800 -1.391899 -1.570792
1  -4.849906 3.337897 2.232070  -1.544956 -1.855077 -0.198630
2  6.027522 -0.000323 0.000193  -1.357580 -0.989639 -1.339962
3  11.692109 0.000645 -0.000739  -1.384585 -0.000017 -1.409346
4  11.479812 0.000611 -0.000718  1.200720 -0.116446 -0.103091
5  3.859509 -0.142879 -1.192049  -0.478600 0.114858 -0.964224
6  1.312590 0.000009 0.000009  -0.003547 0.012109 -0.261959
7  0.729354 0.000053 0.000048  0.138128 -0.056555 -0.039049
8  3.942145 0.046274 -0.431512  -0.155984 -0.001527 -0.861481
9  1.539111 0.000085 0.000007  -0.000906 0.006217 0.029179
10  1.196332 0.000147 0.000030  -0.106460 -0.032066 -0.994504
11  3.883507 -0.047269 0.431381  0.085898 0.021851 -0.587925
12  1.719573 -0.000025 0.000015  0.000015 0.005519 -0.366533
13  1.209180 0.000092 0.000012  0.031052 -0.154429 -0.851836
14  3.859665 -0.138474 1.332410  0.351463 -0.012349 -0.325636
15  1.719448 -0.000012 0.000023  -0.000997 0.034023 -0.280596
16  1.099675 0.000048 0.000005  0.179984 -0.171907 -0.610581
17  0.805995 -0.349050 1.321253  -1.643650 -0.950377 -0.245886
18  1.789819 -0.000003 -0.000021  0.008528 0.007013 -0.005127
19  1.207015 -0.000012 -0.000045  0.359774 -0.020568 0.239258
20  5.740638 0.000410 -0.000701  -0.109018 0.000003 0.000071
21  11.480975 0.000334 -0.000800  -0.069931 -0.000991 -0.038582
22  6.027524 -0.000329 0.000203  1.951747 -0.450259 1.057620
23  0.000001 11.692099 -0.000008  -0.975483 -0.426644 -0.775271
24  0.000002 0.000007 -0.000002  -0.515490 -0.000031 1.570739
25  -0.000001 -0.000011 -0.000002  0.868957 0.000002 1.570712
26  -4.922597 -4.699688 -1.230755  1.473120 1.855075 -0.198639
27  6.027510 -0.000263 -0.000223  1.768752 0.926720 -0.349776
28  11.691991 0.000243 0.000856  0.608926 0.000052 -1.566732
29  11.479769 -0.000148 0.001109  -0.875260 -0.249004 0.504908
30  3.859436 -0.132789 1.193062  0.466149 -0.051826 -1.783918
31  1.312559 0.000026 -0.000000  -0.013965 -0.041043 -0.156447
32  0.729345 0.000065 -0.000028  -0.128320 -0.117290 -0.954857
33  3.942046 0.050108 0.430997  0.211501 -0.107596 -1.469120
34  1.539096 0.000009 0.000000  0.040712 -0.054386 -1.030469
35  1.196300 0.000076 -0.000004  -0.249391 -0.043040 -0.795121
36  3.883412 -0.050503 -0.431087  0.186407 -0.271796 -1.212184
37  1.719564 -0.000078 -0.000003  0.020974 -0.107650 -1.483528
38  1.209197 0.000036 0.000011  -0.324719 0.069674 -0.493483
39  3.859585 -0.149114 -1.331323  -0.110833 0.118346 -0.118772
40  1.719412 -0.000098 -0.000034  -0.019525 0.026216 -0.112669
41  1.099673 0.000025 0.000007  0.239119 0.043639 -0.299131
42  0.805979 -0.359855 -1.318338  0.991670 0.166767 -0.799535
43  1.789779 -0.000009 -0.000042  0.000057 -0.002451 0.133097
44  1.206997 -0.000006 0.000006  0.000372 -0.000070 1.058782
45  5.740571 0.000056 0.000725  0.157084 -0.000014 0.000021
46  11.480899 0.000007 0.000971  0.151682 -0.035759 0.093419
47  6.027515 -0.000273 -0.000235  -0.989137 -0.294205 -1.505348
48  0.000000 11.691974 -0.000006  -1.068802 0.513289 0.834696
49  0.000003 -0.000000 0.000002  2.881454 -0.000041 1.570856
50  -0.000006 -0.000015 0.000005  2.272644 -0.000030 1.570865
51  -6.334874 -10.840867 -3.925415  -2.826952 -0.057110 -0.835005
52  0.000000 0.000000 0.000000  0.008153 -0.000259 0.000009
53  -0.000000 -0.000001 0.000000  1.565115 0.043565 -0.106862
54  5.593548 -19.841291 -5.196165  -1.709010 -0.729627 -1.642724
55  -0.000000 0.000001 -0.000000  0.000000 -0.000000 -0.000002
56  0.000030 0.000031 0.000001  -1.571901 -0.044449 -0.106509
57  7.202790 -19.259499 -17.055128  1.570796 -0.000000 0.000000
58  -17.772699 4.002314 -16.454041  1.570796 -0.000000 0.000000
59  2.236387 -2.421983 -5.367696  1.570796 -0.000000 0.000000
60  -0.004311 0.001230 -0.000371  0.006898 -0.005534 -0.284229
61  -1.230755 5.500631 -4.007751  1.570796 -0.000000 0.000000
62  0.000000 0.000000 0.000000  -0.078727 -3.136056 0.284226
63  0.000000 0.000000 0.000000  1.579008 0.002074 0.000484
64  -1.069381 -15.828197 0.113039  1.610084 -0.398409 0.873056
65  -0.109379 -1.951951 -1.519205  0.000000 -0.000000 0.000000
66  -0.109380 0.057026 25.399252  0.000000 -0.000000 0.000000
67  -0.109379 -1.856732 0.287229  0.000000 -0.000000 0.000000
68  -0.104049 -4.495923 7.879277  0.000000 -0.000000 0.000000
69  -0.195264 4.332630 -6.347189  0.000000 -0.000000 0.000000
70  -1.290113 3.693282 8.579666  0.022713 -0.014049 -0.017451
71  -0.121471 -1.314581 7.402087  0.000000 -0.000000 0.000000
72  -1.107528 -1.063453 4.061646  0.000000 -0.000000 0.000000
73  0.003657 1.612363 10.733983  -0.000000 -0.000000 0.225290
74  3.178572 -18.767580 -1.322485  1.610084 -0.398409 0.873056
time 43
0  0.000006 0.000000 0.000000  -1.570800 -1.391899 -1.570792
1  -4.849906 3.337897 2.232070  -1.544956 -1.855077 -0.198630
2  6.027522 -0.000323 0.000193  -1.347972 -0.972604 -1.331249
3  11.692109 0.000643 -0.000739  -1.384585 -0.000016 -1.400487
4  11.479860 0.000616 -0.000692  1.145832 -0.068439 -0.090973
5  3.859510 -0.142879 -1.192048  -0.478600 0.114858 -0.964224
6  1.312590 0.000013 0.000004  -0.003547 0.012109 -0.261959
7  0.729354 0.000054 0.000047  0.138128 -0.056555 -0.039049
8  3.942144 0.046273 -0.431511  -0.155984 -0.001527 -0.861481
9  1.539111 0.000085 0.000006  -0.000906 0.006217 0.029179
10  1.196332 0.000145 0.000030  -0.106460 -0.032066 -0.994504
11  3.883505 -0.047268 0.431383  0.085898 0.021851 -0.587925
12  1.719573 -0.000027 0.000016  0.000015 0.005519 -0.366533
13  1.209179 0.000090 0.000013  0.031052 -0.154429 -0.851836
14  3.859663 -0.138476 1.332411  0.351463 -0.012349 -0.325636
15  1.719450 -0.000012 0.000022  -0.000997 0.034023 -0.280596
16  1.099675 0.000051 0.000005  0.179984 -0.171907 -0.610581
17  0.805993 -0.349051 1.321254  -1.643650 -0.950377 -0.245886
18  1.789819 -0.000004 -0.000018  0.008528 0.007013 -0.005127
19  1.207015 -0.000014 -0.000044  0.359774 -0.020568 0.239258
20  5.740636 0.000410 -0.000704  -0.111627 0.000003 0.000071
21  11.480985 0.000334 -0.000799  -0.080986 0.008206 -0.035641
22  6.027524 -0.000329 0.000203  1.960190 -0.466428 1.070584
23  0.000001 11.692101 -0.000006  -0.970172 -0.421917 -0.771739
24  0.000003 0.000007 -0.000000  -0.515490 -0.000030 1.570739
25  -0.000001 -0.000011 -0.000001  0.868957 0.000002 1.570712
26  -4.964920 -4.863470 -1.049019  1.473120 1.855075 -0.198639
27  6.027511 -0.000262 -0.000224  1.718194 0.896870 -0.381014
28  11.691992 0.000245 0.000856  0.608929 0.000055 -1.624059
29  11.479366 -0.000337 0.001240  -0.894868 -0.155805 0.525847
30  3.859436 -0.132786 1.193062  0.466149 -0.051826 -1.783918
31  1.312558 0.000025 -0.000001  -0.013965 -0.041044 -0.156447
32  0.729345 0.000066 -0.000027  -0.128320 -0.117290 -0.954857
33  3.942046 0.050111 0.430997  0.211501 -0.107596 -1.469120
34  1.539097 0.000009 -0.000000  0.040712 -0.054386 -1.030469
35  1.196299 0.000076 -0.000004  -0.249391 -0.043040 -0.795121
36  3.883411 -0.050500 -0.431087  0.186407 -0.271796 -1.212184
37  1.719564 -0.000078 -0.000003  0.020974 -0.107650 -1.483528
38  1.209197 0.000035 0.000011  -0.324719 0.069674 -0.493483
39  3.859585 -0.149110 -1.331323  -0.110833 0.118346 -0.118772
40  1.719413 -0.000099 -0.000035  -0.019525 0.026216 -0.112668
41  1.099673 0.000023 0.000007  0.239119 0.043639 -0.299131
42  0.805978 -0.359851 -1.318338  0.991670 0.166767 -0.799535
43  1.789779 -0.000009 -0.000042  0.000057 -0.002451 0.133097
44  1.206997 -0.000006 0.000005  0.000372 -0.000070 1.058781
45  5.740571 0.000056 0.000724  0.158878 -0.000014 0.000021
46  11.480817 -0.000031 0.000997  0.143875 -0.017586 0.092920
47  6.027516 -0.000273 -0.000237  -0.974309 -0.334826 -1.501195
48  -0.000000 11.691976 -0.000006  -1.102482 0.546027 0.854692
49  0.000002 -0.000001 -0.000000  2.881454 -0.000041 1.570856
50  -0.000006 -0.000015 0.000006  2.272644 -0.000030 1.570865
51  -5.909261 -10.221999 -4.356205  -2.844714 -0.062459 -0.892762
52  -0.000001 0.000000 -0.000000  0.008153 -0.000259 0.000009
53  -0.000000 0.000002 0.000000  1.565115 0.043565 -0.106862
54  5.456307 -19.927258 -5.597757  -1.720422 -0.746110 -1.693866
55  0.000001 0.000001 0.000001  0.000000 -0.000000 -0.000002
56  0.000030 0.000030 0.000001  -1.571901 -0.044449 -0.106509
57  7.202790 -19.259499 -17.055128  1.570796 -0.000000 0.000000
58  -17.772699 4.002314 -16.454041  1.570796 -0.000000 0.000000
59  2.236387 -2.421983 -5.367696  1.570796 -0.000000 0.000000
60  -0.004311 0.001230 -0.000371  0.006898 -0.005534 -0.284229
61  -1.049020 5.669330 -4.020255  1.570796 -0.000000 0.000000
62  0.000000 0.000000 0.000000  -0.078727 -3.136056 0.284226
63  0.000000 0.000000 0.000000  1.581062 0.002590 0.000942
64  -0.903653 -15.448301 -0.289554  1.606981 -0.380113 0.815416
65  -0.109378 -1.951952 -1.519205  -0.000000 -0.000000 0.000000
66  -0.109378 0.057027 25.399250  -0.000000 -0.000000 0.000000
67  -0.109379 -1.856732 0.287231  -0.000000 -0.000000 0.000000
68  -0.104048 -4.495923 7.879278  -0.000000 -0.000000 0.000000
69  -0.195262 4.332630 -6.347188  -0.000000 -0.000000 0.000000
70  -1.290111 3.693283 8.579668  0.022713 -0.014049 -0.017451
71  -0.121470 -1.314581 7.402088  -0.000000 -0.000000 0.000000
72  -1.107529 -1.063453 4.061648  -0.000000 -0.000000 0.000000
73  0.003659 1.612363 10.733983  -0.000000 -0.000000 0.225316
74  3.149180 -18.654205 -1.718732  1.606981 -0.380113 0.815416
time 44
0  0.000006 0.000000 0.000000  -1.570800 -1.391899 -1.570792
1  -4.849906 3.337897 2.232070  -1.544956 -1.855077 -0.198630
2  6.027522 -0.000323 0.000193  -1.332178 -0.953493 -1.319793
3  11.692108 0.000643 -0.000738  -1.384585 -0.000017 -1.404989
4  11.479833 0.000613 -0.000705  1.079097 -0.019907 -0.085669
5  3.859510 -0.142878 -1.192049  -0.478600 0.114858 -0.964224
6  1.312589 0.000014 0.000010  -0.003547 0.012109 -0.261959
7  0.729355 0.000055 0.000051  0.138128 -0.056555 -0.039049
8  3.942144 0.046275 -0.431512  -0.155984 -0.001527 -0.861481
9  1.539111 0.000084 0.000004  -0.000906 0.006217 0.029179
10  1.196332 0.000145 0.000029  -0.106460 -0.032066 -0.994504
11  3.883505 -0.047268 0.431381  0.085898 0.021851 -0.587925
12  1.719573 -0.000026 0.000014  0.000015 0.005519 -0.366533
13  1.209180 0.000090 0.000012  0.031052 -0.154429 -0.851836
14  3.859664 -0.138473 1.332410  0.351463 -0.012349 -0.325636
15  1.719450 -0.000011 0.000022  -0.000997 0.034023 -0.280596
16  1.099675 0.000046 0.000006  0.179984 -0.171907 -0.610581
17  0.805995 -0.349049 1.321254  -1.643650 -0.950377 -0.245886
18  1.789818 -0.000004 -0.000017  0.008528 0.007013 -0.005127
19  1.207014 -0.000012 -0.000044  0.359774 -0.020568 0.239258
20  5.740636 0.000410 -0.000702  -0.118095 0.000003 0.000071
21  11.480980 0.000335 -0.000800  -0.094468 0.017597 -0.033739
22  6.027524 -0.000329 0.000203  1.967080 -0.486654 1.091845
23  0.000002 11.692097 -0.000008  -0.972872 -0.424317 -0.773536
24  0.000002 0.000008 -0.000001  -0.515490 -0.000030 1.570739
25  -0.000001 -0.000012 -0.000001  0.868957 0.000002 1.570712
26  -5.023472 -5.090055 -0.797595  1.473120 1.855075 -0.198639
27  6.027509 -0.000263 -0.000225  1.668213 0.862056 -0.406114
28  11.691989 0.000244 0.000855  0.608930 0.000060 -1.696513
29  11.480622 0.000269 0.000818  -0.919170 -0.043003 0.553579
30  3.859436 -0.132788 1.193062  0.466149 -0.051826 -1.783918
31  1.312558 0.000025 0.000001  -0.013965 -0.041043 -0.156447
32  0.729345 0.000066 -0.000027  -0.128320 -0.117290 -0.954857
33  3.942046 0.050109 0.430997  0.211501 -0.107596 -1.469120
34  1.539097 0.000010 0.000000  0.040712 -0.054386 -1.030469
35  1.196299 0.000076 -0.000004  -0.249391 -0.043040 -0.795121
36  3.883411 -0.050501 -0.431087  0.186407 -0.271796 -1.212184
37  1.719563 -0.000077 -0.000004  0.020974 -0.107650 -1.483528
38  1.209196 0.000036 0.000011  -0.324719 0.069674 -0.493483
39  3.859584 -0.149112 -1.331323  -0.110833 0.118346 -0.118772
40  1.719412 -0.000100 -0.000034  -0.019525 0.026216 -0.112669
41  1.099675 0.000025 0.000006  0.239119 0.043639 -0.299131
42  0.805979 -0.359853 -1.318338  0.991669 0.166767 -0.799535
43  1.789779 -0.000009 -0.000041  0.000057 -0.002451 0.133097
44  1.206996 -0.000007 0.000006  0.000372 -0.000070 1.058782
45  5.740570 0.000056 0.000724  0.160406 -0.000014 0.000021
46  11.481067 0.000090 0.000914  0.133569 0.004288 0.093007
47  6.027514 -0.000274 -0.000237  -0.956442 -0.378947 -1.494025
48  -0.000002 11.691973 -0.000005  -1.144943 0.588202 0.878664
49  0.000003 -0.000002 -0.000000  2.881454 -0.000041 1.570856
50  -0.000007 -0.000015 0.000005  2.272644 -0.000030 1.570865
51  -5.380543 -9.377835 -4.769850  -2.873582 -0.071931 -0.961223
52  -0.000000 0.000002 -0.000000  0.008153 -0.000259 0.000009
53  -0.000000 -0.000000 -0.000000  1.565115 0.043565 -0.106862
54  5.252128 -19.887886 -5.950896  -1.738889 -0.773315 -1.751545
55  -0.000000 0.000002 0.000001  0.000000 -0.000000 -0.000002
56  0.000031 0.000031 0.000002  -1.571901 -0.044449 -0.106509
57  7.202790 -19.259499 -17.055128  1.570796 -0.000000 0.000000
58  -17.772699 4.002314 -16.454041  1.570796 -0.000000 0.000000
59  2.236387 -2.421983 -5.367696  1.570796 -0.000000 0.000000
60  -0.004311 0.001230 -0.000371  0.006898 -0.005534 -0.284229
61  -0.797595 5.902719 -4.037554  1.570796 -0.000000 0.000000
62  0.000000 0.000000 0.000000  -0.078727 -3.136056 0.284226
63  0.000000 0.000000 0.000000  1.581884 0.002793 0.001620
64  -0.680428 -14.844124 -0.654439  1.601161 -0.350284 0.747095
65  -0.109380 -1.951951 -1.519205  0.000000 0.000000 -0.000000
66  -0.109381 0.057028 25.399256  0.000000 0.000000 -0.000000
67  -0.109380 -1.856732 0.287229  0.000000 0.000000 -0.000000
68  -0.104050 -4.495923 7.879276  0.000000 0.000000 -0.000000
69  -0.195265 4.332631 -6.347186  0.000000 0.000000 -0.000000
70  -1.290115 3.693284 8.579668  0.022713 -0.014049 -0.017451
71  -0.121473 -1.314581 7.402089  0.000000 0.000000 -0.000000
72  -1.107530 -1.063453 4.061648  0.000000 0.000000 -0.000000
73  0.003657 1.612364 10.733983  0.000000 0.000000 0.225338
74  3.110964 -18.361624 -2.068075  1.601161 -0.350284 0.747095
time 45
0  0.000006 0.000000 0.000000  -1.570800 -1.391899 -1.570792
1  -4.786958 3.421720 2.246135  -1.544956 -1.855077 -0.198630
2  6.027523 -0.000323 0.000194  -1.307601 -0.925536 -1.304405
3  11.692109 0.000643 -0.000739  -1.384587 -0.000019 -1.438011
4  11.479657 0.000596 -0.000800  1.004316 0.021454 -0.099533
5  3.859511 -0.142879 -1.192049  -0.478898 0.107301 -0.986168
6  1.312589 0.000012 0.000008  -0.003751 0.012348 -0.265025
7  0.729355 0.000056 0.000050  0.123919 -0.055016 -0.039402
8  3.942142 0.046272 -0.431513  -0.153003 -0.004815 -0.882195
9  1.539111 0.000081 0.000004  -0.000947 0.005982 0.028239
10  1.196333 0.000145 0.000028  -0.104299 -0.033915 -1.004853
11  3.883505 -0.047270 0.431381  0.088353 0.016600 -0.595151
12  1.719572 -0.000028 0.000014  -0.000044 0.005515 -0.379593
13  1.209179 0.000092 0.000013  0.030608 -0.151804 -0.857832
14  3.859663 -0.138475 1.332410  0.351612 -0.017639 -0.327588
15  1.719449 -0.000009 0.000022  0.000190 0.029116 -0.293591
16  1.099675 0.000047 0.000006  0.181880 -0.173283 -0.603177
17  0.805994 -0.349050 1.321254  -1.637774 -0.941475 -0.253318
18  1.789819 -0.000004 -0.000021  0.008301 0.008254 -0.004242
19  1.207015 -0.000012 -0.000043  0.359509 -0.020939 0.240205
20  5.740637 0.000411 -0.000704  -0.129472 0.000003 0.000071
21  11.480945 0.000332 -0.000823  -0.109407 0.026305 -0.035464
22  6.027525 -0.000329 0.000203  1.975741 -0.517218 1.122908
23  0.000001 11.692101 -0.000006  -0.992623 -0.442054 -0.786565
24  0.000002 0.000006 0.000000  -0.515490 -0.000031 1.570739
25  -0.000001 -0.000011 -0.000000  0.868957 0.000002 1.570712
26  -5.096743 -5.373600 -0.482969  1.473120 1.855075 -0.198639
27  6.027509 -0.000261 -0.000226  1.624674 0.825002 -0.420953
28  11.691990 0.000242 0.000854  0.608929 0.000067 -1.776050
29  11.479895 -0.000134 0.001101  -0.953232 0.076993 0.583161
30  3.859436 -0.132789 1.193062  0.466149 -0.051826 -1.783918
31  1.312558 0.000025 -0.000001  -0.013965 -0.041043 -0.156447
32  0.729346 0.000066 -0.000027  -0.128320 -0.117290 -0.954857
33  3.942047 0.050108 0.430997  0.211501 -0.107596 -1.469120
34  1.539097 0.000010 0.000001  0.040712 -0.054386 -1.030469
35  1.196300 0.000076 -0.000004  -0.249391 -0.043040 -0.795121
36  3.883411 -0.050504 -0.431087  0.186407 -0.271796 -1.212184
37  1.719563 -0.000079 -0.000003  0.020974 -0.107650 -1.483528
38  1.209197 0.000036 0.000011  -0.324719 0.069674 -0.493483
39  3.859585 -0.149113 -1.331323  -0.110833 0.118346 -0.118772
40  1.719412 -0.000100 -0.000034  -0.019525 0.026216 -0.112669
41  1.099674 0.000025 0.000007  0.239119 0.043639 -0.299131
42  0.805978 -0.359856 -1.318338  0.991670 0.166767 -0.799535
43  1.789779 -0.000009 -0.000042  0.000057 -0.002451 0.133097
44  1.206997 -0.000006 0.000004  0.000372 -0.000070 1.058782
45  5.740571 0.000055 0.000724  0.159239 -0.000014 0.000021
46  11.480922 0.000009 0.000970  0.120118 0.026809 0.093514
47  6.027514 -0.000273 -0.000237  -0.935982 -0.422021 -1.484311
48  -0.000001 11.691974 -0.000006  -1.191580 0.635443 0.903233
49  0.000004 -0.000000 -0.000000  2.881454 -0.000041 1.570856
50  -0.000006 -0.000015 0.000004  2.272644 -0.000030 1.570865
51  -4.817137 -8.373915 -5.134151  -2.918338 -0.086939 -1.032867
52  0.000001 0.000000 -0.000000  0.008153 -0.000259 0.000009
53  0.000000 -0.000001 0.000000  1.565115 0.043565 -0.106862
54  4.961233 -19.693378 -6.212519  -1.769008 -0.815392 -1.805248
55  -0.000001 -0.000001 0.000000  0.000000 -0.000000 -0.000002
56  0.000029 0.000027 0.000001  -1.571901 -0.044449 -0.106509
57  7.202790 -19.259499 -17.055128  1.570796 -0.000000 0.000000
58  -17.772699 4.002314 -16.454041  1.570796 -0.000000 0.000000
59  2.250453 -2.515669 -5.320668  1.570796 -0.000000 0.000000
60  -0.004311 0.001230 -0.000371  0.006898 -0.005534 -0.284229
61  -0.482969 6.194776 -4.059200  1.570796 -0.000000 0.000000
62  0.000000 0.000000 0.000000  -0.078727 -3.136056 0.284226
63  0.000000 0.000000 0.000000  1.580562 -0.000072 0.002650
64  -0.413548 -14.029675 -0.947412  1.591910 -0.304035 0.674872
65  -0.109379 -1.951951 -1.519206  -0.000000 -0.000000 0.000000
66  -0.109378 0.057026 25.399248  -0.000000 -0.000000 0.000000
67  -0.109379 -1.856732 0.287229  -0.000000 -0.000000 0.000000
68  -0.104048 -4.495923 7.879275  -0.000000 -0.000000 0.000000
69  -0.195265 4.332630 -6.347188  -0.000000 -0.000000 0.000000
70  -1.290114 3.693283 8.579667  0.022713 -0.014049 -0.017451
71  -0.121470 -1.314581 7.402087  -0.000000 -0.000000 0.000000
72  -1.107529 -1.063453 4.061647  -0.000000 -0.000000 0.000000
73  0.003658 1.612363 10.733982  -0.000000 0.000000 0.225356
74  3.059928 -17.872009 -2.332054  1.591910 -0.304035 0.674872
time 46
0  0.000006 0.000000 0.000000  -1.570800 -1.391899 -1.570792
1  -4.599062 3.671921 2.288121  -1.544956 -1.855077 -0.198630
2  6.027521 -0.000323 0.000194  -1.305413 -0.887613 -1.295874
3  11.692110 0.000645 -0.000739  -1.384589 -0.000022 -1.497986
4  11.480481 0.000670 -0.000401  1.031432 -0.008123 -0.049413
5  3.859508 -0.142880 -1.192048  -0.478087 0.084624 -1.052075
6  1.312590 0.000012 0.000006  -0.004567 0.014233 -0.277297
7  0.729355 0.000055 0.000049  0.081592 -0.050024 -0.044961
8  3.942144 0.046273 -0.431511  -0.143412 -0.014292 -0.944467
9  1.539111 0.000084 0.000003  -0.001090 0.005285 0.025434
10  1.196332 0.000143 0.000029  -0.097635 -0.039604 -1.035808
11  3.883505 -0.047270 0.431382  0.096174 0.001020 -0.616823
12  1.719573 -0.000025 0.000014  -0.000150 0.005501 -0.418661
13  1.209179 0.000092 0.000011  0.028953 -0.144063 -0.875715
14  3.859663 -0.138476 1.332410  0.352125 -0.032979 -0.333441
15  1.719449 -0.000010 0.000022  0.004009 0.014916 -0.331474
16  1.099675 0.000049 0.000006  0.187346 -0.177368 -0.581626
17  0.805994 -0.349051 1.321254  -1.621271 -0.914725 -0.274499
18  1.789819 -0.000003 -0.000018  0.007631 0.011960 -0.001602
19  1.207016 -0.000011 -0.000044  0.358715 -0.022044 0.243033
20  5.740639 0.000410 -0.000703  -0.120169 0.000003 0.000071
21  11.481110 0.000346 -0.000740  -0.104264 0.018269 -0.026646
22  6.027524 -0.000330 0.000203  2.003594 -0.546610 1.119033
23  0.000001 11.692101 -0.000007  -1.028276 -0.474849 -0.809509
24  0.000003 0.000006 -0.000000  -0.515490 -0.000031 1.570739
25  -0.000000 -0.000011 -0.000001  0.868957 0.000002 1.570712
26  -5.182281 -5.704612 -0.115670  1.473120 1.855075 -0.198639
27  6.027508 -0.000260 -0.000226  1.596538 0.791311 -0.421179
28  11.691993 0.000245 0.000855  0.608931 0.000071 -1.843983
29  11.479296 -0.000433 0.001307  -1.009844 0.184788 0.602817
30  3.859437 -0.132788 1.193061  0.466149 -0.051826 -1.783918
31  1.312558 0.000026 -0.000000  -0.013965 -0.041044 -0.156447
32  0.729346 0.000065 -0.000028  -0.128320 -0.117290 -0.954857
33  3.942047 0.050108 0.430996  0.211501 -0.107596 -1.469120
34  1.539097 0.000010 -0.000000  0.040712 -0.054386 -1.030469
35  1.196299 0.000076 -0.000003  -0.249391 -0.043040 -0.795120
36  3.883412 -0.050502 -0.431088  0.186407 -0.271796 -1.212184
37  1.719563 -0.000078 -0.000004  0.020974 -0.107650 -1.483528
38  1.209197 0.000036 0.000011  -0.324719 0.069674 -0.493483
39  3.859585 -0.149113 -1.331323  -0.110833 0.118346 -0.118772
40  1.719412 -0.000098 -0.000034  -0.019525 0.026216 -0.112669
41  1.099675 0.000025 0.000007  0.239119 0.043639 -0.299131
42  0.805979 -0.359855 -1.318338  0.991669 0.166767 -0.799535
43  1.789779 -0.000009 -0.000042  0.000057 -0.002451 0.133097
44  1.206997 -0.000006 0.000004  0.000373 -0.000070 1.058782
45  5.740573 0.000056 0.000724  0.151122 -0.000014 0.000021
46  11.480803 -0.000050 0.001011  0.102441 0.045029 0.093703
47  6.027514 -0.000272 -0.000237  -0.914097 -0.455492 -1.473489
48  -0.000001 11.691976 -0.000006  -1.231603 0.676497 0.922683
49  0.000002 0.000001 0.000001  2.881454 -0.000041 1.570856
50  -0.000008 -0.000015 0.000004  2.272644 -0.000030 1.570865
51  -4.319677 -7.404272 -5.409125  -2.988223 -0.109314 -1.099464
52  -0.000001 -0.000001 0.000000  0.008153 -0.000259 0.000009
53  0.000000 -0.000001 -0.000000  1.565115 0.043565 -0.106862
54  4.954898 -19.499546 -6.265433  -1.697701 -0.788294 -1.875057
55  0.000002 0.000001 0.000000  0.000000 -0.000000 -0.000002
56  0.000031 0.000029 0.000001  -1.571901 -0.044449 -0.106509
57  7.202790 -19.259499 -17.055128  1.570796 -0.000000 0.000000
58  -17.772699 4.002314 -16.454041  1.570796 -0.000000 0.000000
59  2.292438 -2.795312 -5.180293  1.570796 -0.000000 0.000000
60  -0.004311 0.001230 -0.000371  0.006898 -0.005534 -0.284229
61  -0.115670 6.535727 -4.084471  1.570796 -0.000000 0.000000
62  0.000000 0.000000 0.000000  -0.078727 -3.136056 0.284226
63  0.000000 0.000000 0.000000  1.577745 -0.005387 0.003734
64  -0.122934 -13.150656 -1.134267  1.578659 -0.232103 0.604938
65  -0.109378 -1.951951 -1.519205  -0.000000 -0.000000 -0.000000
66  -0.109378 0.057027 25.399250  -0.000000 -0.000000 -0.000000
67  -0.109378 -1.856731 0.287230  -0.000000 -0.000000 -0.000000
68  -0.104047 -4.495923 7.879276  -0.000000 -0.000000 -0.000000
69  -0.195264 4.332630 -6.347187  -0.000000 -0.000000 -0.000000
70  -1.290112 3.693283 8.579669  0.022713 -0.014049 -0.017451
71  -0.121470 -1.314581 7.402088  -0.000000 -0.000000 -0.000000
72  -1.107527 -1.063453 4.061647  -0.000000 -0.000000 -0.000000
73  0.003659 1.612363 10.733983  -0.000000 -0.000000 0.225370
74  2.988460 -17.307388 -2.470909  1.578659 -0.232103 0.604938
time 47
0  0.000006 0.000000 0.000000  -1.570800 -1.391899 -1.570792
1  -4.303257 4.065814 2.354218  -1.544956 -1.855077 -0.198630
2  6.027522 -0.000324 0.000194  -1.343784 -0.854654 -1.299057
3  11.692109 0.000644 -0.000739  -1.384591 -0.000025 -1.549150
4  11.480068 0.000622 -0.000653  1.244961 -0.188317 0.107312
5  3.859509 -0.142879 -1.192050  -0.471997 0.049006 -1.156942
6  1.312589 0.000012 0.000008  -0.006448 0.020068 -0.304335
7  0.729354 0.000054 0.000049  0.014975 -0.041946 -0.064983
8  3.942142 0.046273 -0.431513  -0.126430 -0.027998 -1.043623
9  1.539111 0.000081 0.000005  -0.001371 0.004194 0.021017
10  1.196332 0.000144 0.000030  -0.086521 -0.048872 -1.084720
11  3.883503 -0.047270 0.431380  0.109835 -0.023178 -0.651273
12  1.719573 -0.000027 0.000015  -0.000147 0.005480 -0.480367
13  1.209179 0.000091 0.000011  0.025486 -0.132133 -0.903845
14  3.859663 -0.138475 1.332409  0.353080 -0.054872 -0.342305
15  1.719448 -0.000012 0.000023  0.010441 -0.005239 -0.386067
16  1.099675 0.000052 0.000006  0.195054 -0.183444 -0.550643
17  0.805995 -0.349049 1.321254  -1.598131 -0.872142 -0.305106
18  1.789819 -0.000005 -0.000019  0.006595 0.017797 0.002549
19  1.207015 -0.000012 -0.000043  0.357460 -0.023780 0.247486
20  5.740637 0.000409 -0.000702  -0.065714 0.000003 0.000071
21  11.481026 0.000336 -0.000788  -0.059343 -0.020853 0.002304
22  6.027525 -0.000331 0.000202  2.051187 -0.553725 1.061602
23  0.000000 11.692100 -0.000007  -1.058506 -0.503389 -0.828339
24  0.000003 0.000008 -0.000003  -0.515490 -0.000031 1.570739
25  -0.000001 -0.000011 -0.000000  0.868957 0.000002 1.570712
26  -5.276678 -6.069913 0.289674  1.473120 1.855075 -0.198639
27  6.027507 -0.000261 -0.000226  1.594954 0.762624 -0.403505
28  11.691992 0.000242 0.000856  0.608929 0.000075 -1.878146
29  11.478995 -0.000566 0.001400  -1.117643 0.253787 0.591377
30  3.859435 -0.132789 1.193062  0.466149 -0.051826 -1.783918
31  1.312558 0.000025 -0.000000  -0.013965 -0.041044 -0.156447
32  0.729345 0.000065 -0.000028  -0.128320 -0.117290 -0.954857
33  3.942046 0.050108 0.430997  0.211501 -0.107596 -1.469120
34  1.539096 0.000011 -0.000000  0.040712 -0.054386 -1.030469
35  1.196300 0.000076 -0.000004  -0.249391 -0.043040 -0.795121
36  3.883411 -0.050502 -0.431087  0.186407 -0.271796 -1.212184
37  1.719564 -0.000080 -0.000003  0.020974 -0.107650 -1.483528
38  1.209196 0.000036 0.000011  -0.324719 0.069674 -0.493483
39  3.859585 -0.149112 -1.331323  -0.110833 0.118346 -0.118772
40  1.719412 -0.000099 -0.000034  -0.019525 0.026216 -0.112669
41  1.099674 0.000025 0.000007  0.239119 0.043639 -0.299131
42  0.805978 -0.359854 -1.318338  0.991670 0.166767 -0.799535
43  1.789779 -0.000009 -0.000041  0.000057 -0.002451 0.133097
44  1.206996 -0.000006 0.000006  0.000372 -0.000070 1.058782
45  5.740571 0.000055 0.000723  0.128812 -0.000014 0.000021
46  11.480742 -0.000077 0.001030  0.077759 0.051920 0.092090
47  6.027514 -0.000273 -0.000237  -0.886780 -0.470555 -1.466906
48  -0.000002 11.691975 -0.000005  -1.251845 0.697369 0.931902
49  0.000002 -0.000001 0.000000  2.881454 -0.000041 1.570856
50  -0.000007 -0.000015 0.000006  2.272644 -0.000030 1.570865
51  -4.043357 -6.725647 -5.581812  -3.104875 -0.141826 -1.150659
52  -0.000001 0.000000 -0.000000  0.008153 -0.000259 0.000009
53  -0.000000 -0.000001 0.000000  1.565115 0.043565 -0.106862
54  5.444770 -19.600302 -6.102552  -1.456050 -0.588272 -1.919748
55  -0.000001 0.000001 -0.000000  0.000000 -0.000000 -0.000002
56  0.000030 0.000029 0.000001  -1.571901 -0.044449 -0.106509
57  7.282640 -19.316280 -16.991896  1.570796 -0.000000 0.000000
58  -17.772699 4.002314 -16.454041  1.570796 -0.000000 0.000000
59  2.358536 -3.235556 -4.959300  1.570796 -0.000000 0.000000
60  -0.004311 0.001230 -0.000371  0.006898 -0.005534 -0.284229
61  0.289674 6.911995 -4.112359  1.570796 -0.000000 0.000000
62  0.000000 0.000000 0.000000  -0.078727 -3.136056 0.284226
63  0.000000 0.000000 0.000000  1.575165 -0.008245 0.004247
64  0.167681 -12.406811 -1.234452  1.560948 -0.113166 0.542162
65  -0.109379 -1.951951 -1.519206  -0.000000 -0.000000 -0.000000
66  -0.109377 0.057027 25.399252  -0.000000 -0.000000 -0.000000
67  -0.109378 -1.856732 0.287228  -0.000000 -0.000000 -0.000000
68  -0.104048 -4.495923 7.879275  -0.000000 -0.000000 -0.000000
69  -0.195263 4.332630 -6.347186  -0.000000 -0.000000 -0.000000
70  -1.290112 3.693283 8.579671  0.022713 -0.014049 -0.017451
71  -0.121471 -1.314581 7.402087  -0.000000 -0.000000 -0.000000
72  -1.107528 -1.063453 4.061646  -0.000000 -0.000000 -0.000000
73  0.003660 1.612363 10.733983  -0.000000 -0.000000 0.225378
74  2.878104 -16.858181 -2.493310  1.560948 -0.113166 0.542162
time 48
0  0.000006 0.000000 0.000000  -1.570800 -1.391899 -1.570792
1  -3.942920 4.545638 2.434734  -1.544956 -1.855077 -0.198630
2  6.027521 -0.000323 0.000194  -1.353797 -0.853134 -1.292634
3  11.692108 0.000644 -0.000739  -1.384591 -0.000026 -1.552151
4  11.480045 0.000619 -0.000667  1.462087 -0.423826 0.145123
5  3.859511 -0.142879 -1.192049  -0.456242 0.007078 -1.286212
6  1.312589 0.000011 0.000007  -0.010204 0.032535 -0.351982
7  0.729355 0.000053 0.000049  -0.066376 -0.033420 -0.110714
8  3.942146 0.046274 -0.431512  -0.102774 -0.042209 -1.165658
9  1.539110 0.000084 0.000006  -0.001820 0.002879 0.015637
10  1.196332 0.000145 0.000030  -0.071856 -0.060773 -1.144550
11  3.883508 -0.047268 0.431382  0.128845 -0.051970 -0.693831
12  1.719573 -0.000027 0.000015  0.000178 0.005485 -0.555718
13  1.209178 0.000090 0.000012  0.019725 -0.118137 -0.938074
14  3.859665 -0.138475 1.332410  0.354352 -0.076454 -0.352038
15  1.719446 -0.000015 0.000022  0.017965 -0.025006 -0.440791
16  1.099676 0.000048 0.000007  0.202575 -0.189752 -0.519672
17  0.805996 -0.349050 1.321253  -1.573972 -0.819659 -0.338532
18  1.789820 -0.000002 -0.000018  0.005366 0.024914 0.007598
19  1.207016 -0.000012 -0.000043  0.355919 -0.025887 0.252915
20  5.740637 0.000410 -0.000702  -0.024348 0.000003 0.000070
21  11.481020 0.000335 -0.000790  -0.011667 -0.064912 0.013387
22  6.027524 -0.000330 0.000202  2.057909 -0.550142 1.056953
23  0.000001 11.692099 -0.000006  -1.060274 -0.505079 -0.829422
24  0.000002 0.000007 -0.000001  -0.515490 -0.000031 1.570739
25  -0.000000 -0.000012 -0.000001  0.868957 0.000002 1.570712
26  -5.375734 -6.453239 0.715022  1.473120 1.855075 -0.198639
27  6.027506 -0.000261 -0.000227  1.639266 0.733907 -0.362377
28  11.691990 0.000243 0.000856  0.608931 0.000072 -1.858958
29  11.479165 -0.000491 0.001347  -1.347304 0.246004 0.514631
30  3.859436 -0.132788 1.193062  0.466149 -0.051826 -1.783918
31  1.312558 0.000024 -0.000001  -0.013965 -0.041044 -0.156447
32  0.729345 0.000065 -0.000027  -0.128320 -0.117290 -0.954857
33  3.942046 0.050109 0.430997  0.211501 -0.107596 -1.469120
34  1.539096 0.000009 0.000001  0.040712 -0.054386 -1.030469
35  1.196300 0.000076 -0.000003  -0.249391 -0.043040 -0.795121
36  3.883411 -0.050502 -0.431087  0.186407 -0.271796 -1.212184
37  1.719563 -0.000078 -0.000003  0.020974 -0.107650 -1.483528
38  1.209196 0.000036 0.000011  -0.324719 0.069674 -0.493483
39  3.859584 -0.149111 -1.331323  -0.110833 0.118346 -0.118772
40  1.719412 -0.000100 -0.000034  -0.019525 0.026216 -0.112668
41  1.099672 0.000025 0.000007  0.239119 0.043639 -0.299130
42  0.805979 -0.359854 -1.318339  0.991670 0.166767 -0.799535
43  1.789779 -0.000009 -0.000042  0.000057 -0.002451 0.133097
44  1.206997 -0.000006 0.000005  0.000372 -0.000070 1.058782
45  5.740572 0.000054 0.000723  0.076613 -0.000014 0.000021
46  11.480778 -0.000063 0.001018  0.035449 0.037273 0.085209
47  6.027514 -0.000272 -0.000238  -0.841522 -0.455095 -1.476143
48  -0.000001 11.691973 -0.000005  -1.240465 0.685628 0.926771
49  0.000003 -0.000002 0.000000  2.881454 -0.000041 1.570856
50  -0.000006 -0.000015 0.000005  2.272644 -0.000030 1.570865
51  -4.270778 -6.563719 -5.595446  2.949451 -0.197262 -1.167841
52  0.000000 0.000000 0.000001  0.008153 -0.000259 0.000009
53  -0.000000 -0.000000 -0.000000  1.565115 0.043565 -0.106862
54  5.633412 -20.129375 -5.833179  -1.262231 -0.360725 -1.840106
55  0.000003 -0.000000 -0.000000  0.000000 -0.000000 -0.000002
56  0.000032 0.000028 0.000001  -1.571901 -0.044449 -0.106509
57  7.520987 -19.485767 -16.803150  1.570796 -0.000000 0.000000
58  -17.772699 4.002314 -16.454041  1.570796 -0.000000 0.000000
59  2.439053 -3.771842 -4.690095  1.570796 -0.000000 0.000000
60  -0.004311 0.001230 -0.000371  0.006898 -0.005534 -0.284229
61  0.715022 7.306830 -4.141623  1.570796 -0.000000 0.000000
62  0.000000 0.000000 0.000000  -0.078727 -3.136056 0.284226
63  0.000000 0.000000 0.000000  1.573543 -0.007785 0.004018
64  0.434560 -11.882747 -1.297106  1.529223 0.116911 0.486126
65  -0.109379 -1.951951 -1.519206  -0.000000 -0.000000 0.000000
66  -0.109378 0.057027 25.399250  -0.000000 -0.000000 0.000000
67  -0.109379 -1.856732 0.287230  -0.000000 -0.000000 0.000000
68  -0.104048 -4.495924 7.879277  -0.000000 -0.000000 0.000000
69  -0.195264 4.332630 -6.347186  -0.000000 -0.000000 0.000000
70  -1.290112 3.693283 8.579668  0.022713 -0.014049 -0.017451
71  -0.121470 -1.314581 7.402087  -0.000000 -0.000000 0.000000
72  -1.107529 -1.063453 4.061647  -0.000000 -0.000000 0.000000
73  0.003659 1.612363 10.733982  -0.000000 -0.000000 0.225381
74  2.671482 -16.637163 -2.363656  1.529223 0.116911 0.486126
time 49
0  0.000006 0.000000 0.000000  -1.570800 -1.391899 -1.570792
1  -3.582584 5.025463 2.515251  -1.544956 -1.855077 -0.198630
2  6.027523 -0.000323 0.000194  -1.297404 -0.895032 -1.274833
3  11.692109 0.000644 -0.000740  -1.384590 -0.000024 -1.525111
4  11.480259 0.000646 -0.000539  1.453513 -0.540644 0.053316
5  3.859505 -0.142880 -1.192049  -0.429917 -0.031039 -1.416760
6  1.312589 0.000011 0.000007  -0.017182 0.053715 -0.424278
7  0.729353 0.000053 0.000051  -0.148045 -0.029205 -0.191519
8  3.942141 0.046272 -0.431512  -0.075753 -0.052995 -1.288199
9  1.539111 0.000084 0.000005  -0.002449 0.001585 0.010257
10  1.196332 0.000144 0.000029  -0.055592 -0.073979 -1.204578
11  3.883502 -0.047270 0.431381  0.151111 -0.079776 -0.737117
12  1.719573 -0.000028 0.000015  0.001028 0.005584 -0.631070
13  1.209179 0.000088 0.000012  0.011707 -0.105050 -0.972242
14  3.859661 -0.138476 1.332410  0.355579 -0.090949 -0.360250
15  1.719447 -0.000013 0.000022  0.023831 -0.038490 -0.478935
16  1.099676 0.000049 0.000006  0.207692 -0.194271 -0.498144
17  0.805991 -0.349051 1.321253  -1.553519 -0.766695 -0.368447
18  1.789817 -0.000004 -0.000020  0.004173 0.032036 0.012640
19  1.207016 -0.000011 -0.000044  0.354368 -0.027986 0.258347
20  5.740638 0.000410 -0.000702  -0.058761 0.000003 0.000071
21  11.481062 0.000339 -0.000766  -0.014123 -0.087619 -0.006396
22  6.027525 -0.000330 0.000203  1.993443 -0.544359 1.151572
23  0.000003 11.692100 -0.000008  -1.044321 -0.489917 -0.819578
24  0.000003 0.000007 -0.000004  -0.515490 -0.000030 1.570739
25  -0.000000 -0.000011 -0.000001  0.868957 0.000002 1.570712
26  -5.474790 -6.836565 1.140369  1.473120 1.855075 -0.198639
27  6.027507 -0.000262 -0.000225  1.722761 0.719314 -0.305118
28  11.691992 0.000245 0.000854  0.608929 0.000069 -1.798501
29  11.479698 -0.000235 0.001170  -1.654466 0.172790 0.407660
30  3.859436 -0.132788 1.193062  0.466149 -0.051826 -1.783918
31  1.312558 0.000026 0.000000  -0.013965 -0.041044 -0.156447
32  0.729345 0.000065 -0.000028  -0.128320 -0.117290 -0.954857
33  3.942047 0.050109 0.430997  0.211501 -0.107596 -1.469120
34  1.539096 0.000009 -0.000000  0.040712 -0.054386 -1.030469
35  1.196300 0.000076 -0.000003  -0.249391 -0.043040 -0.795120
36  3.883412 -0.050501 -0.431087  0.186407 -0.271796 -1.212184
37  1.719563 -0.000080 -0.000003  0.020974 -0.107650 -1.483528
38  1.209197 0.000035 0.000011  -0.324719 0.069674 -0.493483
39  3.859585 -0.149111 -1.331323  -0.110833 0.118346 -0.118772
40  1.719412 -0.000100 -0.000035  -0.019525 0.026216 -0.112669
41  1.099674 0.000025 0.000007  0.239119 0.043639 -0.299131
42  0.805979 -0.359854 -1.318338  0.991670 0.166767 -0.799535
43  1.789779 -0.000010 -0.000042  0.000057 -0.002451 0.133097
44  1.206996 -0.000006 0.000005  0.000372 -0.000070 1.058781
45  5.740571 0.000056 0.000725  0.005514 -0.000014 0.000021
46  11.480883 -0.000010 0.000984  -0.020011 0.009649 0.073620
47  6.027514 -0.000273 -0.000235  -0.798870 -0.404072 -1.492145
48  -0.000000 11.691975 -0.000005  -1.204780 0.648942 0.909823
49  0.000002 -0.000001 0.000000  2.881454 -0.000041 1.570856
50  -0.000007 -0.000015 0.000006  2.272644 -0.000030 1.570865
51  -4.827826 -6.736240 -5.274537  2.633714 -0.266139 -1.149142
52  -0.000000 -0.000000 0.000000  0.008153 -0.000259 0.000009
53  0.000000 -0.000000 0.000000  1.565115 0.043565 -0.106862
54  5.073067 -20.760519 -5.256129  -1.283460 -0.286765 -1.766226
55  -0.000001 -0.000000 0.000001  0.000000 -0.000000 -0.000002
56  0.000030 0.000029 0.000002  -1.571901 -0.044449 -0.106509
57  7.896216 -19.752594 -16.506008  1.570796 -0.000000 0.000000
58  -17.772699 4.002314 -16.454041  1.570796 -0.000000 0.000000
59  2.519570 -4.308128 -4.420892  1.570796 -0.000000 0.000000
60  -0.004311 0.001230 -0.000371  0.006898 -0.005534 -0.284229
61  1.140369 7.701666 -4.170888  1.570796 -0.000000 0.000000
62  0.000000 0.000000 0.000000  -0.078727 -3.136056 0.284226
63  0.000000 0.000000 0.000000  1.572384 -0.006605 0.003414
64  0.657785 -11.560854 -1.332562  1.470957 0.426706 0.415865
65  -0.109379 -1.951951 -1.519206  0.000000 0.000000 0.000000
66  -0.109380 0.057025 25.399256  0.000000 0.000000 0.000000
67  -0.109379 -1.856732 0.287229  0.000000 0.000000 0.000000
68  -0.104048 -4.495923 7.879274  0.000000 0.000000 0.000000
69  -0.195264 4.332631 -6.347185  0.000000 0.000000 0.000000
70  -1.290112 3.693284 8.579668  0.022713 -0.014049 -0.017451
71  -0.121470 -1.314581 7.402086  0.000000 0.000000 0.000000
72  -1.107529 -1.063453 4.061647  0.000000 0.000000 0.000000
73  0.003659 1.612362 10.733981  0.000000 -0.000000 0.205600
74  2.406984 -16.585630 -1.994182  1.470957 0.426706 0.415865
time 50
0  0.000006 0.000000 0.000000  -1.570800 -1.391899 -1.570792
1  -3.286779 5.419355 2.581348  -1.544956 -1.855077 -0.198630
2  6.027522 -0.000323 0.000193  -1.301574 -0.920245 -1.248900
3  11.692107 0.000643 -0.000738  -1.384593 -0.000028 -1.586007
4  11.479786 0.000592 -0.000817  1.424933 -0.709802 0.131989
5  3.859505 -0.142879 -1.192050  -0.397004 -0.056677 -1.524736
6  1.312589 0.000010 0.000007  -0.029241 0.083952 -0.521716
7  0.729356 0.000053 0.000049  -0.214816 -0.033318 -0.310951
8  3.942140 0.046273 -0.431512  -0.050169 -0.058486 -1.388521
9  1.539110 0.000084 0.000005  -0.003246 0.000558 0.005841
10  1.196332 0.000143 0.000028  -0.040218 -0.087394 -1.253976
11  3.883502 -0.047269 0.431381  0.173366 -0.101545 -0.773326
12  1.719573 -0.000026 0.000015  0.002518 0.005845 -0.692777
13  1.209179 0.000091 0.000012  0.002085 -0.095640 -1.000189
14  3.859660 -0.138475 1.332409  0.356407 -0.095042 -0.365546
15  1.719446 -0.000013 0.000022  0.025975 -0.043083 -0.492103
16  1.099674 0.000051 0.000006  0.209427 -0.195848 -0.490751
17  0.805990 -0.349050 1.321253  -1.539067 -0.722984 -0.390816
18  1.789821 -0.000002 -0.000019  0.003220 0.037888 0.016773
19  1.207014 -0.000012 -0.000044  0.353085 -0.029702 0.262809
20  5.740637 0.000409 -0.000703  -0.075864 0.000003 0.000070
21  11.480965 0.000329 -0.000823  -0.013001 -0.122189 0.004733
22  6.027525 -0.000330 0.000202  1.976552 -0.523601 1.182817
23  0.000002 11.692098 -0.000007  -1.080200 -0.524253 -0.841472
24  0.000003 0.000009 -0.000001  -0.515490 -0.000031 1.570739
25  0.000000 -0.000011 -0.000001  0.868957 0.000002 1.570712
26  -5.569188 -7.201867 1.545714  1.473120 1.855075 -0.198639
27  6.027506 -0.000264 -0.000228  1.734776 0.717549 -0.284166
28  11.691992 0.000244 0.000856  0.608930 0.000064 -1.751723
29  11.480116 -0.000016 0.001017  -1.765740 0.175552 0.310660
30  3.859436 -0.132787 1.193061  0.466149 -0.051826 -1.783918
31  1.312558 0.000025 0.000001  -0.013965 -0.041044 -0.156447
32  0.729344 0.000065 -0.000027  -0.128320 -0.117290 -0.954857
33  3.942046 0.050109 0.430996  0.211501 -0.107596 -1.469120
34  1.539097 0.000010 0.000000  0.040712 -0.054386 -1.030469
35  1.196300 0.000075 -0.000004  -0.249391 -0.043040 -0.795121
36  3.883412 -0.050502 -0.431087  0.186407 -0.271796 -1.212184
37  1.719563 -0.000079 -0.000003  0.020974 -0.107650 -1.483528
38  1.209197 0.000036 0.000012  -0.324719 0.069674 -0.493483
39  3.859586 -0.149112 -1.331324  -0.110833 0.118346 -0.118772
40  1.719411 -0.000099 -0.000035  -0.019525 0.026216 -0.112669
41  1.099674 0.000024 0.000007  0.239119 0.043639 -0.299131
42  0.805979 -0.359854 -1.318339  0.991670 0.166767 -0.799535
43  1.789779 -0.000009 -0.000042  0.000057 -0.002451 0.133097
44  1.206997 -0.000006 0.000005  0.000372 -0.000070 1.058782
45  5.740571 0.000055 0.000724  -0.022481 -0.000014 0.000021
46  11.480967 0.000032 0.000952  -0.041504 0.007656 0.057194
47  6.027515 -0.000275 -0.000238  -0.793458 -0.396320 -1.481210
48  -0.000001 11.691974 -0.000005  -1.177302 0.620895 0.895917
49  0.000004 -0.000000 -0.000000  2.881454 -0.000041 1.570856
50  -0.000007 -0.000015 0.000005  2.272644 -0.000030 1.570865
51  -4.764585 -6.776137 -5.390611  2.527062 -0.329624 -1.153011
52  0.000000 0.000000 -0.000000  0.008153 -0.000259 0.000009
53  0.000000 -0.000000 -0.000001  1.565115 0.043565 -0.106862
54  5.131185 -20.632162 -4.256598  -1.240247 -0.186327 -1.770716
55  0.000000 0.000000 0.000000  0.000000 -0.000000 -0.000002
56  0.000032 0.000030 0.000002  -1.571901 -0.044449 -0.106509
57  8.353305 -20.077629 -16.144043  1.570796 -0.000000 0.000000
58  -17.772699 4.002314 -16.454041  1.570796 -0.000000 0.000000
59  2.585668 -4.748372 -4.199899  1.570796 -0.000000 0.000000
60  -0.004311 0.001230 -0.000371  0.006898 -0.005534 -0.284229
61  1.545714 8.077934 -4.198776  1.570796 -0.000000 0.000000
62  0.000000 0.000000 0.000000  -0.078727 -3.136056 0.284226
63  0.000000 0.000000 0.000000  1.571608 -0.004995 0.002584
64  0.823513 -11.398248 -1.351151  1.395209 0.526186 0.345856
65  -0.109378 -1.951951 -1.519206  0.000000 -0.000000 0.000000
66  -0.109378 0.057027 25.399252  0.000000 -0.000000 0.000000
67  -0.109378 -1.856732 0.287230  0.000000 -0.000000 0.000000
68  -0.104047 -4.495924 7.879277  0.000000 -0.000000 0.000000
69  -0.195264 4.332629 -6.347187  0.000000 -0.000000 0.000000
70  -1.290111 3.693282 8.579667  0.022713 -0.014049 -0.017451
71  -0.121470 -1.314581 7.402087  0.000000 -0.000000 0.000000
72  -1.107528 -1.063453 4.061648  0.000000 -0.000000 0.000000
73  0.003660 1.612363 10.733983  0.000000 0.000000 0.151638
74  2.362652 -16.527161 -1.617847  1.395209 0.526186 0.345855
time 51
0  0.000006 0.000000 0.000000  -1.570800 -1.391899 -1.570792
1  -3.098883 5.669557 2.623333  -1.544956 -1.855077 -0.198630
2  6.027521 -0.000324 0.000192  -1.323704 -0.954859 -1.220820
3  11.692106 0.000645 -0.000739  -1.384596 -0.000034 -1.674785
4  11.479160 0.000529 -0.001154  1.371545 -0.886487 0.261868
5  3.859509 -0.142880 -1.192049  -0.363227 -0.066477 -1.594154
6  1.312590 0.000012 0.000009  -0.048324 0.121464 -0.641359
7  0.729355 0.000054 0.000050  -0.255258 -0.045561 -0.466281
8  3.942144 0.046272 -0.431511  -0.029824 -0.059275 -1.451943
9  1.539111 0.000084 0.000006  -0.004183 -0.000042 0.003036
10  1.196332 0.000147 0.000029  -0.027846 -0.100492 -1.285459
11  3.883505 -0.047270 0.431381  0.192538 -0.114427 -0.796869
12  1.719572 -0.000029 0.000014  0.004658 0.006280 -0.731844
13  1.209179 0.000090 0.000012  -0.008244 -0.091533 -1.017762
14  3.859663 -0.138477 1.332410  0.357776 -0.081814 -0.366992
15  1.719451 -0.000011 0.000022  0.024129 -0.037636 -0.459376
16  1.099677 0.000048 0.000006  0.211179 -0.189598 -0.517967
17  0.805992 -0.349051 1.321254  -1.530844 -0.695156 -0.404140
18  1.789819 -0.000003 -0.000020  0.002628 0.041607 0.019396
19  1.207015 -0.000011 -0.000042  0.352267 -0.030789 0.265645
20  5.740638 0.000410 -0.000703  -0.104267 0.000003 0.000070
21  11.480839 0.000316 -0.000886  -0.009714 -0.158926 0.021215
22  6.027525 -0.000330 0.000202  1.961903 -0.488882 1.200158
23  0.000002 11.692099 -0.000006  -1.132280 -0.575486 -0.871580
24  0.000001 0.000008 -0.000001  -0.515490 -0.000031 1.570738
25  -0.000001 -0.000011 -0.000000  0.868957 0.000002 1.570712
26  -5.654725 -7.532879 1.913013  1.473120 1.855075 -0.198639
27  6.027506 -0.000263 -0.000229  1.732375 0.722536 -0.271006
28  11.691992 0.000244 0.000855  0.608928 0.000061 -1.693285
29  11.480653 0.000283 0.000809  -1.835955 0.183310 0.201086
30  3.859436 -0.132788 1.193063  0.466149 -0.051826 -1.783918
31  1.312558 0.000026 0.000000  -0.013965 -0.041044 -0.156447
32  0.729345 0.000067 -0.000027  -0.128320 -0.117290 -0.954857
33  3.942047 0.050109 0.430998  0.211501 -0.107596 -1.469120
34  1.539097 0.000010 -0.000000  0.040712 -0.054386 -1.030469
35  1.196300 0.000076 -0.000003  -0.249391 -0.043040 -0.795121
36  3.883411 -0.050502 -0.431087  0.186407 -0.271796 -1.212184
37  1.719564 -0.000078 -0.000004  0.020974 -0.107650 -1.483528
38  1.209198 0.000036 0.000010  -0.324719 0.069674 -0.493483
39  3.859586 -0.149112 -1.331323  -0.110833 0.118346 -0.118772
40  1.719411 -0.000100 -0.000033  -0.019525 0.026216 -0.112669
41  1.099673 0.000025 0.000007  0.239119 0.043639 -0.299131
42  0.805979 -0.359854 -1.318337  0.991670 0.166767 -0.799535
43  1.789779 -0.000010 -0.000043  0.000057 -0.002451 0.133097
44  1.206996 -0.000006 0.000006  0.000372 -0.000070 1.058782
45  5.740571 0.000055 0.000723  -0.041471 -0.000014 0.000021
46  11.481074 0.000092 0.000911  -0.055015 0.009547 0.037353
47  6.027514 -0.000273 -0.000239  -0.799205 -0.396170 -1.464249
48  -0.000001 11.691975 -0.000005  -1.143051 0.586305 0.877629
49  0.000004 -0.000001 0.000000  2.881454 -0.000041 1.570856
50  -0.000007 -0.000015 0.000005  2.272644 -0.000030 1.570865
51  -4.658192 -6.944454 -5.637545  2.466615 -0.395400 -1.155930
52  0.000000 -0.000001 -0.000001  0.008153 -0.000259 0.000009
53  -0.000000 -0.000000 0.000001  1.565115 0.043565 -0.106862
54  5.317985 -20.018190 -3.045284  -1.181638 -0.106687 -1.773594
55  0.000001 -0.000000 -0.000001  0.000000 -0.000000 -0.000002
56  0.000032 0.000028 0.000000  -1.571901 -0.044449 -0.106509
57  8.810393 -20.402664 -15.782078  1.570796 -0.000000 0.000000
58  -17.772699 4.002314 -16.454041  1.570796 -0.000000 0.000000
59  2.627653 -5.028015 -4.059524  1.570796 -0.000000 0.000000
60  -0.004311 0.001230 -0.000371  0.006898 -0.005534 -0.284229
61  1.913013 8.418885 -4.224047  1.570796 -0.000000 0.000000
62  0.000000 0.000000 0.000000  -0.078727 -3.136056 0.284226
63  0.000000 0.000000 0.000000  1.571139 -0.003242 0.001678
64  0.924240 -11.357441 -1.363205  1.311537 0.575574 0.277654
65  -0.109378 -1.951952 -1.519205  0.000000 -0.000000 -0.000000
66  -0.109379 0.057028 25.399250  0.000000 -0.000000 -0.000000
67  -0.109378 -1.856732 0.287229  0.000000 -0.000000 -0.000000
68  -0.104047 -4.495924 7.879276  0.000000 -0.000000 -0.000000
69  -0.195263 4.332631 -6.347189  0.000000 -0.000000 -0.000000
70  -1.290112 3.693283 8.579668  0.022713 -0.014049 -0.017451
71  -0.121470 -1.314581 7.402088  0.000000 -0.000000 -0.000000
72  -1.107528 -1.063453 4.061648  0.000000 -0.000000 -0.000000
73  0.003659 1.612363 10.733983  0.000000 -0.000000 0.071577
74  2.336066 -16.528244 -1.239247  1.311537 0.575574 0.277654
time 52
0  0.000006 0.000000 0.000000  -1.570800 -1.391899 -1.570792
1  -3.035934 5.753379 2.637399  -1.544956 -1.855077 -0.198630
2  6.027522 -0.000324 0.000192  -1.335144 -1.001702 -1.197555
3  11.692107 0.000643 -0.000738  -1.384598 -0.000039 -1.752548
4  11.480346 0.000650 -0.000515  1.260340 -0.993457 0.377576
5  3.859506 -0.142881 -1.192050  -0.332311 -0.061520 -1.618951
6  1.312590 0.000011 0.000006  -0.075839 0.162921 -0.778363
7  0.729354 0.000053 0.000049  -0.264116 -0.060610 -0.650713
8  3.942142 0.046272 -0.431512  -0.016356 -0.056925 -1.473351
9  1.539111 0.000084 0.000004  -0.005225 -0.000152 0.002097
10  1.196332 0.000143 0.000029  -0.019729 -0.113157 -1.296155
11  3.883503 -0.047270 0.431381  0.206801 -0.117762 -0.805304
12  1.719573 -0.000027 0.000015  0.007393 0.006832 -0.744901
13  1.209179 0.000087 0.000011  -0.018591 -0.093118 -1.023306
14  3.859662 -0.138476 1.332410  0.360639 -0.047030 -0.364063
15  1.719448 -0.000013 0.000023  0.019865 -0.021907 -0.366865
16  1.099675 0.000053 0.000005  0.212476 -0.172229 -0.594374
17  0.805993 -0.349051 1.321253  -1.528242 -0.685827 -0.408463
18  1.789819 -0.000005 -0.000019  0.002431 0.042853 0.020274
19  1.207013 -0.000012 -0.000044  0.351992 -0.031153 0.266595
20  5.740638 0.000411 -0.000703  -0.169512 0.000003 0.000071
21  11.481073 0.000341 -0.000762  -0.015473 -0.183089 0.028515
22  6.027525 -0.000329 0.000202  1.932716 -0.449417 1.227129
23  0.000004 11.692098 -0.000008  -1.177856 -0.621406 -0.896112
24  0.000003 0.000008 0.000001  -0.515490 -0.000030 1.570739
25  -0.000000 -0.000012 -0.000001  0.868957 0.000002 1.570712
26  -5.727995 -7.816423 2.227638  1.473120 1.855075 -0.198639
27  6.027506 -0.000263 -0.000228  1.743724 0.728478 -0.253615
28  11.691991 0.000245 0.000855  0.608929 0.000056 -1.632401
29  11.479309 -0.000359 0.001256  -1.925831 0.169102 0.096458
30  3.859436 -0.132787 1.193061  0.466149 -0.051826 -1.783918
31  1.312558 0.000026 -0.000000  -0.013965 -0.041043 -0.156447
32  0.729346 0.000067 -0.000028  -0.128320 -0.117290 -0.954857
33  3.942046 0.050109 0.430996  0.211501 -0.107596 -1.469120
34  1.539096 0.000010 0.000000  0.040712 -0.054386 -1.030469
35  1.196299 0.000076 -0.000004  -0.249391 -0.043040 -0.795120
36  3.883411 -0.050502 -0.431088  0.186407 -0.271796 -1.212184
37  1.719564 -0.000079 -0.000003  0.020974 -0.107650 -1.483528
38  1.209196 0.000036 0.000011  -0.324719 0.069674 -0.493483
39  3.859585 -0.149111 -1.331324  -0.110833 0.118346 -0.118772
40  1.719412 -0.000100 -0.000034  -0.019525 0.026216 -0.112668
41  1.099673 0.000025 0.000007  0.239119 0.043639 -0.299131
42  0.805979 -0.359854 -1.318339  0.991670 0.166767 -0.799535
43  1.789780 -0.000009 -0.000042  0.000057 -0.002451 0.133097
44  1.206996 -0.000007 0.000005  0.000372 -0.000070 1.058781
45  5.740572 0.000055 0.000723  -0.064335 -0.000014 0.000021
46  11.480806 -0.000035 0.001000  -0.072141 0.007916 0.018579
47  6.027515 -0.000274 -0.000238  -0.801829 -0.386094 -1.453388
48  -0.000003 11.691975 -0.000003  -1.107375 0.550838 0.857527
49  0.000002 -0.000001 -0.000001  2.881454 -0.000041 1.570856
50  -0.000008 -0.000015 0.000005  2.272644 -0.000030 1.570865
51  -4.720771 -7.151060 -5.761964  2.376161 -0.457824 -1.146336
52  -0.000000 -0.000000 0.000001  0.008153 -0.000259 0.000009
53  0.000000 0.000000 -0.000001  1.565115 0.043565 -0.106862
54  5.333203 -19.168802 -1.957548  -1.172667 -0.098516 -1.784748
55  -0.000000 -0.000000 0.000000  0.000000 -0.000000 -0.000002
56  0.000031 0.000029 0.000001  -1.571901 -0.044449 -0.106509
57  9.185623 -20.669487 -15.484936  1.570796 -0.000000 0.000000
58  -17.772699 4.002314 -16.454041  1.570796 -0.000000 0.000000
59  2.641719 -5.121701 -4.012496  1.570796 -0.000000 0.000000
60  -0.004311 0.001230 -0.000371  0.006898 -0.005534 -0.284229
61  2.227639 8.710942 -4.245693  1.570796 -0.000000 0.000000
62  0.000000 0.000000 0.000000  -0.078727 -3.136056 0.284226
63  0.000000 0.000000 0.000000  1.570898 -0.001633 0.000845
64  0.957672 -11.328784 -1.379055  1.218428 0.645287 0.196350
65  -0.109379 -1.951951 -1.519204  -0.000000 0.000000 0.000000
66  -0.109380 0.057027 25.399252  -0.000000 0.000000 0.000000
67  -0.109379 -1.856731 0.287229  -0.000000 0.000000 0.000000
68  -0.104048 -4.495923 7.879277  -0.000000 0.000000 0.000000
69  -0.195264 4.332631 -6.347187  -0.000000 0.000000 0.000000
70  -1.290112 3.693283 8.579668  0.022713 -0.014049 -0.017451
71  -0.121470 -1.314580 7.402087  -0.000000 0.000000 0.000000
72  -1.107528 -1.063452 4.061647  -0.000000 0.000000 0.000000
73  0.003658 1.612362 10.733982  -0.000000 -0.000000 -0.026176
74  2.241432 -16.507727 -0.853377  1.218428 0.645287 0.196350
time 53
0  0.000006 0.000000 0.000000  -1.570800 -1.391899 -1.570792
1  -3.035934 5.753379 2.637399  -1.544956 -1.855077 -0.198630
2  6.027522 -0.000325 0.000192  -1.330686 -1.039785 -1.183137
3  11.692106 0.000645 -0.000738  -1.384599 -0.000042 -1.804196
4  11.479872 0.000592 -0.000822  1.157922 -1.007738 0.408058
5  3.859508 -0.142880 -1.192049  -0.296348 0.011858 -1.467226
6  1.312590 0.000015 0.000009  -0.161142 0.267651 -1.065521
7  0.729355 0.000053 0.000050  -0.287282 0.037725 -1.110180
8  3.942141 0.046272 -0.431512  -0.013016 -0.041186 -1.442917
9  1.539111 0.000082 0.000005  -0.005305 0.024970 0.069849
10  1.196332 0.000145 0.000030  -0.032899 -0.135644 -1.197150
11  3.883503 -0.047270 0.431381  0.216175 -0.098901 -0.771930
12  1.719573 -0.000026 0.000015  0.013318 0.012469 -0.619805
13  1.209179 0.000092 0.000012  -0.145716 -0.147001 -0.851932
14  3.859661 -0.138476 1.332410  0.364274 -0.003011 -0.358423
15  1.719449 -0.000011 0.000022  0.016555 -0.001238 -0.248094
16  1.099676 0.000049 0.000007  0.205010 -0.151527 -0.691826
17  0.805993 -0.349051 1.321253  -1.528242 -0.685827 -0.408463
18  1.789820 -0.000003 -0.000019  0.002431 0.042853 0.020274
19  1.207012 -0.000014 -0.000043  0.351992 -0.031153 0.266595
20  5.740636 0.000411 -0.000703  -0.250515 0.000003 0.000071
21  11.480978 0.000330 -0.000824  -0.029225 -0.188568 0.023443
22  6.027525 -0.000329 0.000202  1.903421 -0.422022 1.257715
23  0.000004 11.692100 -0.000008  -1.208205 -0.652396 -0.911408
24  0.000003 0.000008 -0.000004  -0.515490 -0.000031 1.570739
25  -0.000001 -0.000011 -0.000002  0.868957 0.000002 1.570712
26  -5.786548 -8.043009 2.479062  1.473120 1.855075 -0.198639
27  6.027506 -0.000263 -0.000228  1.772057 0.727337 -0.232234
28  11.691991 0.000243 0.000855  0.608928 0.000052 -1.591095
29  11.479595 -0.000233 0.001168  -2.042558 0.136527 0.019085
30  3.859436 -0.132788 1.193062  0.466149 -0.051826 -1.783918
31  1.312558 0.000026 0.000000  -0.013965 -0.041043 -0.156447
32  0.729345 0.000066 -0.000027  -0.128320 -0.117290 -0.954857
33  3.942046 0.050109 0.430997  0.211501 -0.107596 -1.469120
34  1.539097 0.000010 0.000001  0.040712 -0.054386 -1.030469
35  1.196299 0.000076 -0.000003  -0.249391 -0.043040 -0.795120
36  3.883412 -0.050502 -0.431087  0.186407 -0.271796 -1.212184
37  1.719563 -0.000079 -0.000003  0.020974 -0.107650 -1.483528
38  1.209196 0.000035 0.000012  -0.324719 0.069674 -0.493483
39  3.859586 -0.149111 -1.331324  -0.110833 0.118346 -0.118772
40  1.719412 -0.000099 -0.000034  -0.019525 0.026216 -0.112669
41  1.099673 0.000024 0.000007  0.239119 0.043639 -0.299131
42  0.805979 -0.359854 -1.318338  0.991670 0.166767 -0.799535
43  1.789779 -0.000009 -0.000042  0.000057 -0.002451 0.133097
44  1.206997 -0.000006 0.000005  0.000372 -0.000070 1.058781
45  5.740572 0.000054 0.000724  -0.092400 -0.000014 0.000021
46  11.480864 -0.000011 0.000984  -0.094934 0.003043 0.005113
47  6.027515 -0.000274 -0.000238  -0.792670 -0.366699 -1.454224
48  -0.000002 11.691975 -0.000005  -1.083130 0.527131 0.843302
49  0.000002 -0.000001 -0.000001  2.881454 -0.000041 1.570856
50  -0.000007 -0.000015 0.000005  2.272644 -0.000030 1.570865
51  -4.938734 -7.222197 -5.683502  2.242665 -0.508339 -1.123841
52  0.000000 0.000000 0.000001  0.008153 -0.000259 0.000009
53  0.000000 -0.000000 0.000000  1.565115 0.043565 -0.106862
54  5.190736 -18.439362 -1.291569  -1.218433 -0.158866 -1.812502
55  -0.000000 0.000000 -0.000000  0.000000 -0.000000 -0.000002
56  0.000030 0.000030 0.000001  -1.571902 -0.044449 -0.106509
57  9.423969 -20.838974 -15.296190  1.570796 -0.000000 0.000000
58  -17.772699 4.002314 -16.454041  1.570796 -0.000000 0.000000
59  2.641719 -5.121701 -4.012496  1.570796 -0.000000 0.000000
60  -0.004311 0.001230 -0.000371  0.006898 -0.005534 -0.284229
61  2.479063 8.944331 -4.262992  1.570796 -0.000000 0.000000
62  0.000000 0.000000 0.000000  -0.078727 -3.136056 0.284226
63  0.000000 0.000000 0.000000  1.570809 -0.000456 0.000236
64  0.950337 -11.214401 -1.406923  1.111093 0.743964 0.087915
65  -0.109378 -1.951951 -1.519205  0.000000 0.000000 0.000000
66  -0.109379 0.057025 25.399256  0.000000 0.000000 0.000000
67  -0.109378 -1.856732 0.287231  0.000000 0.000000 0.000000
68  -0.104047 -4.495924 7.879278  0.000000 0.000000 0.000000
69  -0.195264 4.332631 -6.347188  0.000000 0.000000 0.000000
70  -1.290112 3.693283 8.579668  0.022713 -0.014049 -0.017451
71  -0.121470 -1.314582 7.402089  0.000000 0.000000 0.000000
72  -1.107528 -1.063453 4.061648  0.000000 0.000000 0.000000
73  0.003659 1.612363 10.733984  -0.000000 0.000000 -0.132767
74  2.091384 -16.372324 -0.490593  1.111093 0.743964 0.087915
time 54
0  0.000006 0.000000 0.000000  -1.570800 -1.391899 -1.570792
1  -3.035934 5.753379 2.637399  -1.544956 -1.855077 -0.198630
2  6.027522 -0.000325 0.000192  -1.300851 -1.060550 -1.184132
3  11.692107 0.000643 -0.000737  -1.384599 -0.000043 -1.817071
4  11.479757 0.000579 -0.000892  1.105451 -0.936848 0.313353
5  3.859509 -0.142880 -1.192050  -0.267318 0.074872 -1.312408
6  1.312590 0.000012 0.000008  -0.244760 0.334099 -1.279762
7  0.729355 0.000054 0.000049  -0.350464 0.128724 -1.464736
8  3.942142 0.046272 -0.431513  -0.018262 -0.012007 -1.377358
9  1.539110 0.000084 0.000005  0.001751 0.078208 0.215619
10  1.196332 0.000145 0.000029  -0.073799 -0.160605 -0.982395
11  3.883504 -0.047270 0.431381  0.219391 -0.080897 -0.738130
12  1.719572 -0.000027 0.000014  0.018109 0.017207 -0.494680
13  1.209179 0.000092 0.000012  -0.274739 -0.176714 -0.674724
14  3.859663 -0.138476 1.332409  0.367229 0.031044 -0.353359
15  1.719450 -0.000012 0.000023  0.015702 0.014982 -0.155865
16  1.099675 0.000049 0.000005  0.184077 -0.139742 -0.766821
17  0.805992 -0.349051 1.321252  -1.528242 -0.685827 -0.408463
18  1.789819 -0.000003 -0.000019  0.002431 0.042853 0.020274
19  1.207017 -0.000012 -0.000042  0.351992 -0.031153 0.266595
20  5.740638 0.000410 -0.000702  -0.299838 0.000003 0.000071
21  11.480958 0.000327 -0.000834  -0.049337 -0.174493 0.005294
22  6.027525 -0.000329 0.000202  1.876483 -0.415266 1.293557
23  0.000004 11.692099 -0.000008  -1.215790 -0.660178 -0.915092
24  0.000001 0.000010 -0.000002  -0.515490 -0.000030 1.570739
25  -0.000001 -0.000012 -0.000001  0.868957 0.000002 1.570712
26  -5.828871 -8.206791 2.660799  1.473120 1.855075 -0.198639
27  6.027506 -0.000262 -0.000226  1.819538 0.716598 -0.207231
28  11.691990 0.000243 0.000858  0.608927 0.000053 -1.582617
29  11.479655 -0.000203 0.001145  -2.191600 0.088655 -0.011685
30  3.859437 -0.132787 1.193062  0.466149 -0.051826 -1.783918
31  1.312558 0.000026 -0.000000  -0.013965 -0.041044 -0.156447
32  0.729345 0.000065 -0.000027  -0.128320 -0.117290 -0.954857
33  3.942046 0.050109 0.430997  0.211501 -0.107596 -1.469120
34  1.539097 0.000011 0.000000  0.040712 -0.054386 -1.030469
35  1.196300 0.000076 -0.000003  -0.249391 -0.043040 -0.795120
36  3.883411 -0.050502 -0.431086  0.186407 -0.271796 -1.212184
37  1.719562 -0.000079 -0.000004  0.020974 -0.107650 -1.483528
38  1.209196 0.000036 0.000011  -0.324719 0.069674 -0.493483
39  3.859585 -0.149111 -1.331323  -0.110833 0.118346 -0.118772
40  1.719412 -0.000100 -0.000036  -0.019525 0.026216 -0.112669
41  1.099673 0.000024 0.000007  0.239119 0.043639 -0.299131
42  0.805979 -0.359854 -1.318338  0.991670 0.166767 -0.799535
43  1.789780 -0.000009 -0.000043  0.000057 -0.002451 0.133097
44  1.206996 -0.000006 0.000005  0.000372 -0.000070 1.058781
45  5.740572 0.000055 0.000723  -0.127119 -0.000014 0.000021
46  11.480875 -0.000005 0.000978  -0.124636 -0.005553 0.000346
47  6.027514 -0.000273 -0.000237  -0.769581 -0.336447 -1.468556
48  -0.000000 11.691972 -0.000008  -1.078146 0.522302 0.840327
49  0.000003 -0.000002 -0.000000  2.881454 -0.000041 1.570856
50  -0.000006 -0.000015 0.000005  2.272644 -0.000030 1.570865
51  -5.256913 -7.055394 -5.327456  2.059990 -0.537028 -1.090265
52  0.000000 0.000000 0.000000  0.008153 -0.000259 0.000009
53  -0.000000 0.000000 0.000000  1.565115 0.043565 -0.106862
54  4.861166 -18.153009 -1.078350  -1.316358 -0.271582 -1.848987
55  -0.000001 -0.000001 0.000000  0.000000 -0.000000 -0.000002
56  0.000031 0.000029 0.000001  -1.571901 -0.044449 -0.106509
57  9.503819 -20.895756 -15.232958  1.570796 -0.000000 0.000000
58  -17.772699 4.002314 -16.454041  1.570796 -0.000000 0.000000
59  2.641719 -5.121701 -4.012496  1.570796 -0.000000 0.000000
60  -0.004311 0.001230 -0.000371  0.006898 -0.005534 -0.284229
61  2.660800 9.113030 -4.275496  1.570796 -0.000000 0.000000
62  0.000000 0.000000 0.000000  -0.078727 -3.136056 0.284226
63  0.000000 0.000000 0.000000  1.570796 -0.000000 0.000000
64  0.928983 -11.002739 -1.446587  0.973228 0.873815 -0.069937
65  -0.109378 -1.951952 -1.519206  0.000000 -0.000000 0.000000
66  -0.109379 0.057025 25.399256  0.000000 -0.000000 0.000000
67  -0.109378 -1.856732 0.287229  0.000000 -0.000000 0.000000
68  -0.104048 -4.495924 7.879276  0.000000 -0.000000 0.000000
69  -0.195264 4.332630 -6.347188  0.000000 -0.000000 0.000000
70  -1.290113 3.693281 8.579669  0.022713 -0.014049 -0.017451
71  -0.121470 -1.314581 7.402087  0.000000 -0.000000 0.000000
72  -1.107528 -1.063454 4.061646  0.000000 -0.000000 0.000000
73  0.003659 1.612363 10.733981  0.000000 0.000000 -0.239141
74  1.914438 -16.116295 -0.171341  0.973228 0.873815 -0.069937
time 55
0  0.000006 0.000000 0.000000  -1.570800 -1.391899 -1.570792
1  -3.035934 5.753379 2.637399  -1.544956 -1.855077 -0.198630
2  6.027522 -0.000325 0.000192  -1.256862 -1.069468 -1.192825
3  11.692105 0.000643 -0.000739  -1.384599 -0.000043 -1.816923
4  11.479758 0.000578 -0.000895  1.056977 -0.850456 0.179232
5  3.859509 -0.142880 -1.192049  -0.286799 0.043919 -1.387233
6  1.312590 0.000012 0.000007  -0.195513 0.300842 -1.154340
7  0.729354 0.000054 0.000050  -0.315998 0.090979 -1.267973
8  3.942144 0.046273 -0.431512  -0.021228 0.001402 -1.346772
9  1.539110 0.000084 0.000005  0.007817 0.102508 0.283907
10  1.196332 0.000144 0.000029  -0.094855 -0.167579 -0.882031
11  3.883505 -0.047268 0.431381  0.216127 -0.089723 -0.754376
12  1.719573 -0.000029 0.000015  0.015290 0.014954 -0.555073
13  1.209179 0.000093 0.000012  -0.210307 -0.164813 -0.760868
14  3.859663 -0.138475 1.332410  0.368318 0.043114 -0.351396
15  1.719448 -0.000016 0.000021  0.015787 0.020750 -0.122861
16  1.099676 0.000048 0.000006  0.151510 -0.143055 -0.792203
17  0.805996 -0.349049 1.321254  -1.528242 -0.685827 -0.408463
18  1.789819 -0.000003 -0.000018  0.002431 0.042853 0.020274
19  1.207016 -0.000012 -0.000043  0.351992 -0.031153 0.266595
20  5.740636 0.000410 -0.000705  -0.326801 0.000003 0.000071
21  11.480958 0.000328 -0.000838  -0.071233 -0.155241 -0.018949
22  6.027525 -0.000329 0.000202  1.851950 -0.420835 1.333306
23  0.000003 11.692098 -0.000008  -1.215703 -0.660088 -0.915050
24  0.000002 0.000007 -0.000002  -0.515490 -0.000031 1.570739
25  -0.000001 -0.000011 -0.000002  0.868957 0.000002 1.570712
26  -5.854266 -8.305065 2.769846  1.473120 1.855075 -0.198639
27  6.027506 -0.000264 -0.000225  1.877558 0.697696 -0.183437
28  11.691991 0.000242 0.000856  0.608927 0.000055 -1.609304
29  11.479466 -0.000288 0.001208  -2.343622 0.032754 0.010430
30  3.859436 -0.132787 1.193062  0.466149 -0.051826 -1.783918
31  1.312558 0.000025 0.000000  -0.013965 -0.041043 -0.156447
32  0.729344 0.000065 -0.000028  -0.128320 -0.117290 -0.954857
33  3.942046 0.050109 0.430997  0.211501 -0.107596 -1.469120
34  1.539097 0.000010 -0.000000  0.040712 -0.054386 -1.030469
35  1.196299 0.000076 -0.000004  -0.249391 -0.043040 -0.795121
36  3.883411 -0.050502 -0.431087  0.186407 -0.271796 -1.212184
37  1.719563 -0.000079 -0.000004  0.020974 -0.107650 -1.483528
38  1.209197 0.000036 0.000011  -0.324719 0.069674 -0.493483
39  3.859585 -0.149111 -1.331323  -0.110833 0.118346 -0.118772
40  1.719412 -0.000099 -0.000034  -0.019525 0.026216 -0.112669
41  1.099673 0.000025 0.000007  0.239119 0.043639 -0.299131
42  0.805978 -0.359853 -1.318338  0.991670 0.166767 -0.799535
43  1.789779 -0.000009 -0.000042  0.000057 -0.002451 0.133097
44  1.206997 -0.000006 0.000005  0.000373 -0.000070 1.058781
45  5.740573 0.000055 0.000724  -0.162691 -0.000014 0.000021
46  11.480839 -0.000022 0.000992  -0.154970 -0.018015 0.004432
47  6.027514 -0.000274 -0.000237  -0.737414 -0.299448 -1.492522
48  -0.000002 11.691974 -0.000006  -1.093823 0.537546 0.849632
49  0.000004 -0.000001 -0.000002  2.881454 -0.000041 1.570856
50  -0.000007 -0.000016 0.000006  2.272644 -0.000030 1.570865
51  -5.569448 -6.634992 -4.764336  1.865781 -0.536446 -1.052409
52  0.000000 0.000000 0.000001  0.008153 -0.000259 0.000009
53  -0.000000 -0.000000 0.000000  1.565115 0.043565 -0.106862
54  4.436659 -18.038424 -1.100028  -1.441102 -0.389630 -1.870057
55  0.000001 0.000000 0.000000  0.000000 -0.000000 -0.000002
56  0.000031 0.000029 0.000001  -1.571901 -0.044449 -0.106509
57  9.503819 -20.895756 -15.232958  1.570796 -0.000000 0.000000
58  -17.772699 4.002314 -16.454041  1.570796 -0.000000 0.000000
59  2.641719 -5.121701 -4.012496  1.570796 -0.000000 0.000000
60  -0.004311 0.001230 -0.000371  0.006898 -0.005534 -0.284229
61  2.769847 9.214255 -4.282998  1.570796 -0.000000 0.000000
62  0.000000 0.000000 0.000000  -0.078727 -3.136056 0.284226
63  0.000000 0.000000 0.000000  1.570796 -0.000000 0.000000
64  0.895623 -10.688010 -1.495713  0.798186 1.005272 -0.273357
65  -0.109378 -1.951952 -1.519205  0.000000 0.000000 0.000000
66  -0.109378 0.057027 25.399252  0.000000 0.000000 0.000000
67  -0.109378 -1.856732 0.287230  0.000000 0.000000 0.000000
68  -0.104047 -4.495924 7.879275  0.000000 0.000000 0.000000
69  -0.195264 4.332630 -6.347189  0.000000 0.000000 0.000000
70  -1.290112 3.693282 8.579666  0.022713 -0.014049 -0.017451
71  -0.121470 -1.314581 7.402087  0.000000 0.000000 0.000000
72  -1.107528 -1.063453 4.061646  0.000000 0.000000 0.000000
73  0.003660 1.612363 10.733982  0.000000 0.000000 -0.336479
74  1.774596 -15.746891 0.047318  0.798186 1.005272 -0.273357
time 56
0  0.000006 0.000000 0.000000  -1.570800 -1.391899 -1.570792
1  -3.035934 5.753379 2.637399  -1.544956 -1.855077 -0.198630
2  6.027522 -0.000325 0.000192  -1.223469 -1.068476 -1.195219
3  11.692107 0.000644 -0.000738  -1.384600 -0.000045 -1.837353
4  11.479577 0.000558 -0.001004  1.014219 -0.809335 0.073153
5  3.859510 -0.142881 -1.192050  -0.320510 -0.026918 -1.545805
6  1.312590 0.000013 0.000010  -0.107471 0.211181 -0.894292
7  0.729356 0.000053 0.000049  -0.270112 -0.009990 -0.843485
8  3.942143 0.046272 -0.431513  -0.020995 -0.006690 -1.364244
9  1.539110 0.000085 0.000006  0.004291 0.088622 0.244817
10  1.196332 0.000144 0.000029  -0.083213 -0.161989 -0.939466
11  3.883505 -0.047270 0.431381  0.209617 -0.108782 -0.789099
12  1.719573 -0.000028 0.000015  0.009736 0.009576 -0.684534
13  1.209180 0.000092 0.000012  -0.077093 -0.121226 -0.941855
14  3.859664 -0.138476 1.332410  0.365900 0.020471 -0.344668
15  1.719448 -0.000013 0.000021  0.017579 0.002281 -0.219171
16  1.099675 0.000050 0.000006  0.088655 -0.170507 -0.752379
17  0.805994 -0.349050 1.321254  -1.528242 -0.685827 -0.408463
18  1.789819 -0.000003 -0.000018  0.002431 0.042853 0.020274
19  1.207017 -0.000012 -0.000043  0.351992 -0.031153 0.266595
20  5.740638 0.000409 -0.000704  -0.354652 0.000003 0.000070
21  11.480924 0.000323 -0.000858  -0.087109 -0.144226 -0.039928
22  6.027525 -0.000329 0.000202  1.837986 -0.430697 1.365956
23  0.000004 11.692100 -0.000007  -1.227759 -0.672482 -0.920788
24  0.000005 0.000009 -0.000001  -0.515490 -0.000031 1.570739
25  -0.000000 -0.000012 -0.000002  0.868957 0.000002 1.570712
26  -5.862666 -8.337571 2.805915  1.473120 1.855075 -0.198639
27  6.027506 -0.000264 -0.000228  1.925131 0.675142 -0.169388
28  11.691992 0.000242 0.000855  0.608928 0.000058 -1.656540
29  11.479147 -0.000428 0.001304  -2.455428 -0.013683 0.056506
30  3.859436 -0.132788 1.193062  0.466149 -0.051826 -1.783918
31  1.312558 0.000026 0.000000  -0.013965 -0.041043 -0.156447
32  0.729345 0.000064 -0.000027  -0.128320 -0.117290 -0.954857
33  3.942047 0.050109 0.430997  0.211501 -0.107596 -1.469120
34  1.539096 0.000010 0.000000  0.040712 -0.054386 -1.030469
35  1.196299 0.000075 -0.000003  -0.249391 -0.043040 -0.795120
36  3.883412 -0.050502 -0.431087  0.186407 -0.271796 -1.212184
37  1.719563 -0.000079 -0.000004  0.020974 -0.107650 -1.483528
38  1.209197 0.000036 0.000012  -0.324719 0.069674 -0.493483
39  3.859586 -0.149112 -1.331323  -0.110833 0.118346 -0.118772
40  1.719412 -0.000099 -0.000034  -0.019525 0.026216 -0.112669
41  1.099674 0.000024 0.000007  0.239119 0.043639 -0.299131
42  0.805979 -0.359854 -1.318338  0.991669 0.166767 -0.799535
43  1.789780 -0.000009 -0.000042  0.000057 -0.002451 0.133097
44  1.206996 -0.000007 0.000005  0.000372 -0.000070 1.058781
45  5.740571 0.000055 0.000724  -0.189192 -0.000014 0.000021
46  11.480773 -0.000051 0.001010  -0.176848 -0.030476 0.011883
47  6.027514 -0.000273 -0.000239  -0.705416 -0.269128 -1.517605
48  -0.000000 11.691974 -0.000006  -1.121523 0.564828 0.865623
49  0.000003 -0.000001 0.000001  2.881454 -0.000041 1.570856
50  -0.000006 -0.000015 0.000005  2.272644 -0.000030 1.570865
51  -5.788532 -6.103077 -4.259368  1.718367 -0.520529 -1.020440
52  -0.000000 -0.000000 -0.000000  0.008153 -0.000259 0.000009
53  0.000001 -0.000000 0.000000  1.565115 0.043565 -0.106862
54  4.125325 -17.756699 -1.177795  -1.548320 -0.473152 -1.867614
55  0.000000 0.000001 -0.000000  0.000000 -0.000000 -0.000002
56  0.000030 0.000029 0.000001  -1.571901 -0.044449 -0.106509
57  9.503819 -20.895756 -15.232958  1.570796 -0.000000 0.000000
58  -17.772699 4.002314 -16.454041  1.570796 -0.000000 0.000000
59  2.641719 -5.121701 -4.012496  1.570796 -0.000000 0.000000
60  -0.004311 0.001230 -0.000371  0.006898 -0.005534 -0.284229
61  2.805915 9.247737 -4.285480  1.570796 -0.000000 0.000000
62  0.000000 0.000000 0.000000  -0.078727 -3.136056 0.284226
63  0.000000 0.000000 0.000000  1.570796 -0.000000 0.000000
64  0.853763 -10.281344 -1.551971  0.615749 1.096432 -0.474420
65  -0.109378 -1.951951 -1.519205  0.000000 0.000000 -0.000000
66  -0.109380 0.057027 25.399254  0.000000 0.000000 -0.000000
67  -0.109378 -1.856732 0.287230  0.000000 0.000000 -0.000000
68  -0.104048 -4.495923 7.879276  0.000000 0.000000 -0.000000
69  -0.195264 4.332631 -6.347186  0.000000 0.000000 -0.000000
70  -1.290112 3.693284 8.579668  0.022713 -0.014049 -0.017451
71  -0.121470 -1.314581 7.402088  0.000000 0.000000 -0.000000
72  -1.107529 -1.063452 4.061647  0.000000 0.000000 -0.000000
73  0.003659 1.612363 10.733982  -0.000000 -0.000000 -0.416579
74  1.709828 -15.294025 0.146855  0.615749 1.096432 -0.474420
time 57
0  0.000006 0.000000 0.000000  -1.570800 -1.391899 -1.570792
1  -3.035934 5.753379 2.637399  -1.544956 -1.855077 -0.198630
2  6.027522 -0.000325 0.000192  -1.200368 -1.063870 -1.193944
3  11.692104 0.000645 -0.000737  -1.384600 -0.000047 -1.870469
4  11.479279 0.000526 -0.001167  0.992892 -0.802117 -0.003192
5  3.859510 -0.142880 -1.192049  -0.332311 -0.061520 -1.618951
6  1.312589 0.000011 0.000008  -0.075839 0.162921 -0.778363
7  0.729355 0.000054 0.000050  -0.264116 -0.060610 -0.650712
8  3.942142 0.046273 -0.431512  -0.019716 -0.027839 -1.410000
9  1.539110 0.000085 0.000005  -0.002340 0.051637 0.142648
10  1.196331 0.000145 0.000030  -0.054362 -0.144231 -1.090015
11  3.883506 -0.047269 0.431381  0.206801 -0.117762 -0.805305
12  1.719574 -0.000026 0.000015  0.007393 0.006832 -0.744901
13  1.209179 0.000094 0.000012  -0.018591 -0.093118 -1.023306
14  3.859664 -0.138476 1.332410  0.358832 -0.038795 -0.326912
15  1.719447 -0.000012 0.000022  0.030869 -0.045285 -0.477269
16  1.099674 0.000047 0.000006  -0.015504 -0.216978 -0.647122
17  0.805994 -0.349051 1.321254  -1.528242 -0.685827 -0.408463
18  1.789819 -0.000003 -0.000019  0.002431 0.042853 0.020274
19  1.207016 -0.000012 -0.000045  0.351992 -0.031153 0.266595
20  5.740637 0.000410 -0.000702  -0.379775 0.000003 0.000070
21  11.480864 0.000318 -0.000891  -0.095748 -0.140110 -0.055384
22  6.027525 -0.000329 0.000202  1.830342 -0.440592 1.390679
23  0.000003 11.692096 -0.000008  -1.247366 -0.692684 -0.929799
24  0.000002 0.000010 -0.000002  -0.515490 -0.000031 1.570739
25  -0.000001 -0.000012 -0.000002  0.868957 0.000002 1.570712
26  -5.862666 -8.337571 2.805915  1.473120 1.855075 -0.198639
27  6.027505 -0.000264 -0.000228  1.955669 0.650447 -0.165912
28  11.691990 0.000243 0.000854  0.608928 0.000062 -1.709823
29  11.480498 0.000196 0.000871  -2.524991 -0.042954 0.099168
30  3.859436 -0.132787 1.193062  0.466149 -0.051826 -1.783918
31  1.312558 0.000026 0.000001  -0.013965 -0.041044 -0.156447
32  0.729345 0.000066 -0.000027  -0.128320 -0.117290 -0.954857
33  3.942046 0.050109 0.430997  0.211501 -0.107596 -1.469120
34  1.539096 0.000010 -0.000000  0.040712 -0.054386 -1.030469
35  1.196299 0.000076 -0.000004  -0.249391 -0.043040 -0.795120
36  3.883411 -0.050502 -0.431087  0.186407 -0.271796 -1.212184
37  1.719563 -0.000079 -0.000003  0.020974 -0.107650 -1.483528
38  1.209197 0.000036 0.000012  -0.324719 0.069674 -0.493483
39  3.859585 -0.149112 -1.331323  -0.110833 0.118346 -0.118772
40  1.719412 -0.000100 -0.000034  -0.019525 0.026216 -0.112669
41  1.099674 0.000024 0.000006  0.239119 0.043640 -0.299131
42  0.805978 -0.359854 -1.318339  0.991669 0.166767 -0.799535
43  1.789780 -0.000010 -0.000042  0.000057 -0.002451 0.133097
44  1.206996 -0.000006 0.000005  0.000372 -0.000070 1.058782
45  5.740572 0.000056 0.000725  -0.205340 -0.000014 0.000021
46  11.481045 0.000075 0.000925  -0.190054 -0.039691 0.018646
47  6.027514 -0.000273 -0.000239  -0.675247 -0.250709 -1.540677
48  -0.000001 11.691974 -0.000005  -1.152739 0.596042 0.882907
49  0.000003 -0.000000 -0.000000  2.881454 -0.000041 1.570856
50  -0.000006 -0.000016 0.000006  2.272644 -0.000030 1.570865
51  -5.926581 -5.565889 -3.937914  1.623685 -0.506408 -0.998126
52  -0.000000 0.000000 0.000002  0.008153 -0.000259 0.000009
53  -0.000000 0.000000 0.000000  1.565115 0.043565 -0.106862
54  3.926550 -17.366573 -1.245859  -1.622231 -0.525999 -1.856403
55  0.000001 -0.000001 0.000001  0.000000 -0.000000 -0.000002
56  0.000030 0.000028 0.000002  -1.571901 -0.044449 -0.106509
57  9.503819 -20.895756 -15.232958  1.570796 -0.000000 0.000000
58  -17.772699 4.002314 -16.454041  1.570796 -0.000000 0.000000
59  2.641719 -5.121701 -4.012496  1.570796 -0.000000 0.000000
60  -0.004311 0.001230 -0.000371  0.006898 -0.005534 -0.284229
61  2.805915 9.247737 -4.285480  1.570796 -0.000000 0.000000
62  0.000000 0.000000 0.000000  -0.078727 -3.136056 0.284226
63  0.000000 0.000000 0.000000  1.570796 -0.000000 0.000000
64  0.808182 -9.825685 -1.613026  0.459256 1.145300 -0.639657
65  -0.109378 -1.951951 -1.519205  -0.000000 -0.000000 -0.000000
66  -0.109379 0.057027 25.399254  -0.000000 -0.000000 -0.000000
67  -0.109379 -1.856732 0.287231  -0.000000 -0.000000 -0.000000
68  -0.104048 -4.495923 7.879277  -0.000000 -0.000000 -0.000000
69  -0.195264 4.332631 -6.347187  -0.000000 -0.000000 -0.000000
70  -1.290112 3.693284 8.579666  0.022713 -0.014049 -0.017451
71  -0.121470 -1.314581 7.402088  -0.000000 -0.000000 -0.000000
72  -1.107528 -1.063453 4.061648  -0.000000 -0.000000 -0.000000
73  0.003659 1.612363 10.733982  0.000000 0.000000 -0.471926
74  1.678277 -14.803441 0.178819  0.459256 1.145300 -0.639657
time 58
0  0.000006 0.000000 0.000000  -1.570800 -1.391899 -1.570792
1  -3.035934 5.753379 2.637399  -1.544956 -1.855077 -0.198630
2  6.027522 -0.000325 0.000192  -1.181605 -1.058375 -1.191221
3  11.692104 0.000645 -0.000737  -1.384601 -0.000049 -1.903980
4  11.478980 0.000496 -0.001331  0.983301 -0.809579 -0.057336
5  3.859510 -0.142881 -1.192049  -0.332311 -0.061520 -1.618951
6  1.312591 0.000013 0.000008  -0.075839 0.162921 -0.778363
7  0.729354 0.000053 0.000050  -0.264116 -0.060610 -0.650712
8  3.942143 0.046272 -0.431512  -0.017469 -0.048907 -1.455820
9  1.539110 0.000085 0.000006  -0.005157 0.014170 0.040850
10  1.196332 0.000144 0.000029  -0.028596 -0.122409 -1.239588
11  3.883505 -0.047270 0.431381  0.206801 -0.117762 -0.805304
12  1.719573 -0.000029 0.000014  0.007393 0.006832 -0.744901
13  1.209180 0.000090 0.000012  -0.018591 -0.093118 -1.023306
14  3.859663 -0.138476 1.332410  0.350682 -0.097914 -0.308694
15  1.719448 -0.000014 0.000022  0.055872 -0.087791 -0.736359
16  1.099675 0.000051 0.000006  -0.111985 -0.250360 -0.538334
17  0.805994 -0.349051 1.321253  -1.528242 -0.685827 -0.408463
18  1.789821 -0.000003 -0.000019  0.002431 0.042853 0.020274
19  1.207015 -0.000011 -0.000042  0.351992 -0.031153 0.266595
20  5.740638 0.000410 -0.000702  -0.398089 0.000003 0.000071
21  11.480804 0.000312 -0.000922  -0.100473 -0.139491 -0.066521
22  6.027525 -0.000329 0.000202  1.824852 -0.450050 1.412146
23  0.000004 11.692098 -0.000007  -1.267307 -0.713263 -0.938542
24  0.000002 0.000008 -0.000002  -0.515490 -0.000031 1.570739
25  -0.000001 -0.000011 -0.000002  0.868957 0.000002 1.570712
26  -5.862666 -8.337571 2.805915  1.473120 1.855075 -0.198639
27  6.027505 -0.000263 -0.000228  1.975044 0.626680 -0.167779
28  11.691990 0.000243 0.000857  0.608929 0.000066 -1.759635
29  11.480043 -0.000056 0.001044  -2.566475 -0.058702 0.136061
30  3.859437 -0.132787 1.193061  0.466149 -0.051826 -1.783918
31  1.312558 0.000026 -0.000000  -0.013965 -0.041044 -0.156447
32  0.729345 0.000064 -0.000027  -0.128320 -0.117290 -0.954857
33  3.942046 0.050109 0.430996  0.211501 -0.107596 -1.469120
34  1.539096 0.000010 0.000000  0.040712 -0.054386 -1.030469
35  1.196300 0.000077 -0.000004  -0.249391 -0.043040 -0.795121
36  3.883411 -0.050501 -0.431088  0.186407 -0.271796 -1.212184
37  1.719563 -0.000079 -0.000004  0.020974 -0.107650 -1.483528
38  1.209197 0.000035 0.000012  -0.324719 0.069674 -0.493483
39  3.859585 -0.149111 -1.331324  -0.110833 0.118346 -0.118772
40  1.719412 -0.000099 -0.000034  -0.019525 0.026216 -0.112669
41  1.099673 0.000024 0.000007  0.239119 0.043639 -0.299131
42  0.805979 -0.359853 -1.318338  0.991669 0.166767 -0.799535
43  1.789779 -0.000009 -0.000043  0.000057 -0.002451 0.133097
44  1.206997 -0.000006 0.000006  0.000372 -0.000070 1.058781
45  5.740572 0.000056 0.000724  -0.214071 -0.000014 0.000021
46  11.480952 0.000025 0.000958  -0.197634 -0.045966 0.024782
47  6.027514 -0.000273 -0.000239  -0.648194 -0.239841 -1.560662
48  -0.000001 11.691975 -0.000007  -1.181943 0.625617 0.898317
49  0.000003 -0.000002 -0.000000  2.881454 -0.000041 1.570856
50  -0.000007 -0.000015 0.000004  2.272644 -0.000030 1.570865
51  -6.007538 -5.067439 -3.751407  1.565995 -0.495069 -0.986697
52  0.000001 0.000000 0.000001  0.008153 -0.000259 0.000009
53  -0.000000 0.000000 -0.000000  1.565115 0.043565 -0.106862
54  3.777079 -16.981344 -1.320844  -1.670797 -0.556946 -1.847638
55  0.000000 -0.000001 -0.000000  0.000000 -0.000000 -0.000002
56  0.000029 0.000028 0.000000  -1.571902 -0.044449 -0.106509
57  9.503819 -20.895756 -15.232958  1.570796 -0.000000 0.000000
58  -17.772699 4.002314 -16.454041  1.570796 -0.000000 0.000000
59  2.641719 -5.121701 -4.012496  1.570796 -0.000000 0.000000
60  -0.004311 0.001230 -0.000371  0.006898 -0.005534 -0.284229
61  2.805915 9.247737 -4.285480  1.570796 -0.000000 0.000000
62  0.000000 0.000000 0.000000  -0.078727 -3.136056 0.284226
63  0.000000 0.000000 0.000000  1.570796 -0.000000 0.000000
64  0.764214 -9.397140 -1.676546  0.346587 1.170806 -0.759162
65  -0.109379 -1.951952 -1.519205  0.000000 0.000000 -0.000000
66  -0.109379 0.057026 25.399254  0.000000 0.000000 -0.000000
67  -0.109379 -1.856731 0.287229  0.000000 0.000000 -0.000000
68  -0.104048 -4.495923 7.879275  0.000000 0.000000 -0.000000
69  -0.195264 4.332631 -6.347187  0.000000 0.000000 -0.000000
70  -1.290113 3.693284 8.579669  0.022713 -0.014049 -0.017451
71  -0.121470 -1.314581 7.402088  0.000000 0.000000 -0.000000
72  -1.107528 -1.063453 4.061647  0.000000 0.000000 -0.000000
73  0.003659 1.612363 10.733981  -0.000000 0.000000 -0.495369
74  1.641678 -14.356106 0.163162  0.346587 1.170806 -0.759162
time 59
0  0.000006 0.000000 0.000000  -1.570800 -1.391899 -1.570792
1  -3.035934 5.753379 2.637399  -1.544956 -1.855077 -0.198630
2  6.027522 -0.000325 0.000192  -1.161567 -1.055289 -1.190124
3  11.692104 0.000643 -0.000737  -1.384601 -0.000051 -1.925977
4  11.478781 0.000478 -0.001429  0.972764 -0.815697 -0.092417
5  3.859507 -0.142880 -1.192049  -0.332311 -0.061520 -1.618951
6  1.312590 0.000012 0.000008  -0.075839 0.162921 -0.778363
7  0.729358 0.000054 0.000048  -0.264116 -0.060610 -0.650712
8  3.942140 0.046272 -0.431512  -0.016356 -0.056925 -1.473350
9  1.539110 0.000084 0.000006  -0.005225 -0.000152 0.002097
10  1.196331 0.000144 0.000028  -0.019729 -0.113157 -1.296155
11  3.883502 -0.047270 0.431381  0.206801 -0.117762 -0.805305
12  1.719573 -0.000027 0.000015  0.007393 0.006832 -0.744901
13  1.209178 0.000092 0.000012  -0.018591 -0.093118 -1.023306
14  3.859661 -0.138476 1.332410  0.347271 -0.120444 -0.301586
15  1.719450 -0.000011 0.000022  0.067969 -0.101828 -0.833886
16  1.099675 0.000048 0.000006  -0.147921 -0.260109 -0.496206
17  0.805992 -0.349050 1.321254  -1.528242 -0.685827 -0.408463
18  1.789820 -0.000003 -0.000018  0.002431 0.042853 0.020274
19  1.207015 -0.000011 -0.000042  0.351992 -0.031153 0.266595
20  5.740637 0.000411 -0.000703  -0.405573 0.000003 0.000071
21  11.480763 0.000308 -0.000942  -0.104300 -0.139258 -0.074121
22  6.027525 -0.000329 0.000202  1.817112 -0.457677 1.434086
23  0.000004 11.692097 -0.000009  -1.280463 -0.726842 -0.944069
24  0.000004 0.000008 -0.000000  -0.515490 -0.000031 1.570739
25  -0.000001 -0.000011 -0.000003  0.868957 0.000002 1.570712
26  -5.862666 -8.337571 2.805915  1.473120 1.855075 -0.198639
27  6.027505 -0.000263 -0.000228  1.985454 0.606770 -0.172222
28  11.691994 0.000243 0.000856  0.608929 0.000069 -1.803113
29  11.479656 -0.000255 0.001186  -2.593456 -0.058928 0.169915
30  3.859437 -0.132787 1.193062  0.466149 -0.051826 -1.783918
31  1.312558 0.000025 0.000001  -0.013965 -0.041044 -0.156447
32  0.729345 0.000065 -0.000027  -0.128320 -0.117290 -0.954857
33  3.942047 0.050109 0.430997  0.211501 -0.107596 -1.469120
34  1.539097 0.000011 -0.000000  0.040712 -0.054386 -1.030469
35  1.196299 0.000075 -0.000004  -0.249391 -0.043040 -0.795121
36  3.883412 -0.050501 -0.431087  0.186407 -0.271796 -1.212184
37  1.719563 -0.000079 -0.000003  0.020974 -0.107650 -1.483528
38  1.209197 0.000034 0.000011  -0.324719 0.069674 -0.493483
39  3.859586 -0.149111 -1.331323  -0.110833 0.118346 -0.118772
40  1.719412 -0.000099 -0.000034  -0.019525 0.026216 -0.112669
41  1.099674 0.000024 0.000007  0.239119 0.043639 -0.299131
42  0.805979 -0.359854 -1.318338  0.991670 0.166767 -0.799535
43  1.789780 -0.000010 -0.000041  0.000058 -0.002451 0.133097
44  1.206997 -0.000007 0.000005  0.000372 -0.000070 1.058781
45  5.740572 0.000057 0.000724  -0.217590 -0.000014 0.000021
46  11.480876 -0.000014 0.000987  -0.202461 -0.049065 0.031401
47  6.027514 -0.000273 -0.000239  -0.626515 -0.234888 -1.576224
48  -0.000001 11.691975 -0.000005  -1.207494 0.651724 0.911157
49  0.000003 -0.000001 0.000001  2.881454 -0.000041 1.570856
50  -0.000007 -0.000015 0.000005  2.272644 -0.000030 1.570865
51  -6.025330 -4.642447 -3.657814  1.532729 -0.486616 -0.988778
52  -0.000000 0.000000 0.000000  0.008153 -0.000259 0.000009
53  0.000001 0.000000 0.000000  1.565115 0.043565 -0.106862
54  3.614615 -16.707561 -1.401268  -1.701038 -0.573684 -1.849201
55  -0.000001 0.000000 -0.000000  0.000000 -0.000000 -0.000002
56  0.000029 0.000029 0.000000  -1.571902 -0.044449 -0.106509
57  9.503819 -20.895756 -15.232958  1.570796 -0.000000 0.000000
58  -17.772699 4.002314 -16.454041  1.570796 -0.000000 0.000000
59  2.641719 -5.121701 -4.012496  1.570796 -0.000000 0.000000
60  -0.004311 0.001230 -0.000371  0.006898 -0.005534 -0.284229
61  2.805915 9.247737 -4.285480  1.570796 -0.000000 0.000000
62  0.000000 0.000000 0.000000  -0.078727 -3.136056 0.284226
63  0.000000 0.000000 0.000000  1.570796 -0.000000 0.000000
64  0.726791 -9.074107 -1.740198  0.275416 1.184569 -0.842674
65  -0.109379 -1.951951 -1.519205  0.000000 -0.000000 0.000000
66  -0.109379 0.057027 25.399254  0.000000 -0.000000 0.000000
67  -0.109378 -1.856732 0.287230  0.000000 -0.000000 0.000000
68  -0.104048 -4.495923 7.879277  0.000000 -0.000000 0.000000
69  -0.195264 4.332630 -6.347186  0.000000 -0.000000 0.000000
70  -1.290112 3.693284 8.579668  0.022713 -0.014049 -0.017451
71  -0.121470 -1.314581 7.402089  0.000000 -0.000000 0.000000
72  -1.107528 -1.063452 4.061648  0.000000 -0.000000 0.000000
73  0.003659 1.612364 10.733984  0.000000 -0.000000 -0.500252
74  1.570093 -14.031529 0.119542  0.275416 1.184569 -0.842674
time 60
0  0.000006 0.000000 0.000000  -1.570800 -1.391899 -1.570792
1  -3.035934 5.753379 2.637399  -1.544956 -1.855077 -0.198630
2  6.027522 -0.000325 0.000192  -1.141209 -1.055076 -1.191288
3  11.692105 0.000644 -0.000737  -1.384601 -0.000052 -1.932666
4  11.478721 0.000473 -0.001458  0.957302 -0.813797 -0.110447
5  3.859511 -0.142880 -1.192049  -0.332311 -0.061520 -1.618951
6  1.312590 0.000013 0.000009  -0.075839 0.162921 -0.778363
7  0.729355 0.000053 0.000050  -0.264116 -0.060610 -0.650712
8  3.942143 0.046272 -0.431513  -0.016356 -0.056925 -1.473350
9  1.539111 0.000084 0.000004  -0.005225 -0.000152 0.002097
10  1.196332 0.000147 0.000030  -0.019729 -0.113157 -1.296155
11  3.883507 -0.047270 0.431381  0.206801 -0.117762 -0.805304
12  1.719574 -0.000024 0.000015  0.007393 0.006832 -0.744901
13  1.209178 0.000089 0.000012  -0.018591 -0.093118 -1.023305
14  3.859663 -0.138476 1.332409  0.347271 -0.120444 -0.301586
15  1.719447 -0.000013 0.000022  0.067969 -0.101828 -0.833885
16  1.099675 0.000051 0.000006  -0.147921 -0.260109 -0.496206
17  0.805994 -0.349051 1.321253  -1.528242 -0.685826 -0.408463
18  1.789819 -0.000003 -0.000018  0.002431 0.042853 0.020274
19  1.207015 -0.000012 -0.000044  0.351992 -0.031153 0.266595
20  5.740637 0.000410 -0.000705  -0.403368 0.000003 0.000070
21  11.480751 0.000307 -0.000952  -0.108202 -0.138034 -0.078557
22  6.027525 -0.000329 0.000202  1.807430 -0.462732 1.454933
23  0.000004 11.692097 -0.000007  -1.284475 -0.730982 -0.945715
24  0.000003 0.000008 -0.000001  -0.515490 -0.000031 1.570739
25  -0.000001 -0.000012 -0.000001  0.868957 0.000002 1.570712
26  -5.862666 -8.337571 2.805915  1.473120 1.855075 -0.198639
27  6.027505 -0.000263 -0.000228  1.988214 0.593297 -0.177005
28  11.691993 0.000243 0.000856  0.608929 0.000072 -1.835336
29  11.479369 -0.000396 0.001281  -2.612100 -0.046894 0.197942
30  3.859436 -0.132787 1.193061  0.466149 -0.051826 -1.783918
31  1.312558 0.000026 0.000000  -0.013965 -0.041044 -0.156447
32  0.729345 0.000065 -0.000027  -0.128320 -0.117290 -0.954857
33  3.942046 0.050109 0.430996  0.211501 -0.107596 -1.469120
34  1.539097 0.000010 0.000000  0.040712 -0.054386 -1.030469
35  1.196299 0.000076 -0.000004  -0.249391 -0.043040 -0.795121
36  3.883412 -0.050502 -0.431087  0.186407 -0.271796 -1.212184
37  1.719564 -0.000079 -0.000003  0.020974 -0.107650 -1.483528
38  1.209197 0.000035 0.000011  -0.324719 0.069674 -0.493484
39  3.859585 -0.149112 -1.331324  -0.110833 0.118346 -0.118772
40  1.719412 -0.000100 -0.000034  -0.019525 0.026216 -0.112669
41  1.099673 0.000024 0.000007  0.239119 0.043639 -0.299131
42  0.805979 -0.359854 -1.318338  0.991669 0.166767 -0.799535
43  1.789780 -0.000010 -0.000042  0.000057 -0.002451 0.133097
44  1.206996 -0.000006 0.000005  0.000372 -0.000070 1.058781
45  5.740572 0.000056 0.000724  -0.217874 -0.000014 0.000021
46  11.480820 -0.000043 0.001006  -0.205898 -0.049361 0.037888
47  6.027514 -0.000273 -0.000239  -0.612465 -0.234846 -1.585836
48  -0.000002 11.691975 -0.000006  -1.226491 0.671238 0.920290
49  0.000004 -0.000001 -0.000001  2.881454 -0.000041 1.570856
50  -0.000007 -0.000015 0.000005  2.272644 -0.000030 1.570865
51  -5.990852 -4.339581 -3.632443  1.516117 -0.481243 -1.001109
52  0.000000 0.000000 0.000001  0.008153 -0.000259 0.000009
53  0.000000 0.000000 -0.000000  1.565115 0.043565 -0.106862
54  3.438868 -16.588249 -1.478832  -1.717350 -0.581320 -1.860356
55  -0.000001 0.000000 -0.000000  0.000000 -0.000000 -0.000002
56  0.000029 0.000029 0.000001  -1.571901 -0.044449 -0.106510
57  9.503819 -20.895756 -15.232958  1.570796 -0.000000 0.000000
58  -17.772699 4.002314 -16.454041  1.570796 -0.000000 0.000000
59  2.641719 -5.121701 -4.012496  1.570796 -0.000000 0.000000
60  -0.004311 0.001230 -0.000371  0.006898 -0.005534 -0.284229
61  2.805915 9.247737 -4.285480  1.570796 -0.000000 0.000000
62  0.000000 0.000000 0.000000  -0.078727 -3.136056 0.284226
63  0.000000 0.000000 0.000000  1.570796 -0.000000 0.000000
64  0.699681 -8.899512 -1.801651  0.238134 1.191734 -0.897321
65  -0.109378 -1.951951 -1.519205  0.000000 -0.000000 0.000000
66  -0.109380 0.057027 25.399250  0.000000 -0.000000 0.000000
67  -0.109378 -1.856732 0.287229  0.000000 -0.000000 0.000000
68  -0.104047 -4.495923 7.879275  0.000000 -0.000000 0.000000
69  -0.195264 4.332631 -6.347188  0.000000 -0.000000 0.000000
70  -1.290113 3.693284 8.579668  0.022713 -0.014049 -0.017451
71  -0.121470 -1.314581 7.402086  0.000000 -0.000000 0.000000
72  -1.107528 -1.063453 4.061646  0.000000 -0.000000 0.000000
73  0.003659 1.612363 10.733981  -0.000000 0.000000 -0.504768
74  1.471855 -13.866618 0.063136  0.238134 1.191734 -0.897321
time 61
0  0.000006 0.000000 0.000000  -1.570800 -1.391899 -1.570792
1  -3.035934 5.753379 2.637399  -1.544956 -1.855077 -0.198630
2  6.027522 -0.000325 0.000192  -1.123587 -1.056086 -1.193388
3  11.692102 0.000644 -0.000736  -1.384601 -0.000052 -1.932357
4  11.478724 0.000474 -0.001453  0.941497 -0.809066 -0.115611
5  3.859510 -0.142880 -1.192050  -0.332311 -0.061520 -1.618951
6  1.312588 0.000013 0.000007  -0.075839 0.162921 -0.778363
7  0.729356 0.000054 0.000049  -0.264116 -0.060610 -0.650713
8  3.942145 0.046273 -0.431512  -0.016356 -0.056925 -1.473350
9  1.539111 0.000083 0.000005  -0.005225 -0.000152 0.002097
10  1.196333 0.000145 0.000028  -0.019729 -0.113157 -1.296155
11  3.883505 -0.047269 0.431381  0.206801 -0.117762 -0.805304
12  1.719572 -0.000026 0.000015  0.007393 0.006832 -0.744901
13  1.209179 0.000091 0.000012  -0.018591 -0.093118 -1.023306
14  3.859664 -0.138475 1.332410  0.347271 -0.120444 -0.301586
15  1.719449 -0.000011 0.000022  0.067969 -0.101828 -0.833886
16  1.099675 0.000048 0.000006  -0.147921 -0.260109 -0.496206
17  0.805996 -0.349050 1.321253  -1.528242 -0.685827 -0.408463
18  1.789819 -0.000003 -0.000019  0.002431 0.042853 0.020274
19  1.207017 -0.000011 -0.000044  0.351992 -0.031153 0.266595
20  5.740637 0.000410 -0.000702  -0.397945 0.000003 0.000070
21  11.480755 0.000308 -0.000948  -0.111464 -0.136747 -0.080493
22  6.027525 -0.000329 0.000202  1.798314 -0.465892 1.472250
23  0.000004 11.692098 -0.000007  -1.284289 -0.730791 -0.945639
24  0.000002 0.000008 0.000000  -0.515490 -0.000031 1.570739
25  -0.000002 -0.000011 -0.000001  0.868957 0.000002 1.570712
26  -5.862666 -8.337571 2.805915  1.473120 1.855075 -0.198639
27  6.027505 -0.000263 -0.000229  1.985019 0.583629 -0.182256
28  11.691992 0.000243 0.000857  0.608929 0.000073 -1.859589
29  11.479155 -0.000496 0.001351  -2.623296 -0.027860 0.218410
30  3.859435 -0.132788 1.193062  0.466149 -0.051826 -1.783918
31  1.312559 0.000026 -0.000000  -0.013965 -0.041044 -0.156447
32  0.729345 0.000066 -0.000027  -0.128320 -0.117290 -0.954857
33  3.942045 0.050109 0.430997  0.211501 -0.107596 -1.469120
34  1.539096 0.000010 0.000001  0.040712 -0.054386 -1.030469
35  1.196299 0.000075 -0.000004  -0.249391 -0.043040 -0.795120
36  3.883411 -0.050502 -0.431087  0.186407 -0.271796 -1.212184
37  1.719564 -0.000079 -0.000003  0.020974 -0.107650 -1.483528
38  1.209197 0.000037 0.000011  -0.324719 0.069674 -0.493483
39  3.859585 -0.149112 -1.331323  -0.110833 0.118346 -0.118772
40  1.719413 -0.000100 -0.000034  -0.019525 0.026216 -0.112668
41  1.099674 0.000024 0.000007  0.239119 0.043639 -0.299131
42  0.805979 -0.359854 -1.318338  0.991669 0.166767 -0.799535
43  1.789780 -0.000009 -0.000042  0.000057 -0.002451 0.133097
44  1.206997 -0.000007 0.000006  0.000372 -0.000070 1.058782
45  5.740573 0.000055 0.000724  -0.216128 -0.000014 0.000021
46  11.480776 -0.000064 0.001021  -0.208120 -0.047648 0.043518
47  6.027514 -0.000273 -0.000239  -0.603090 -0.239026 -1.591514
48  -0.000001 11.691976 -0.000005  -1.240837 0.686014 0.926944
49  0.000003 -0.000001 -0.000001  2.881454 -0.000041 1.570856
50  -0.000006 -0.000015 0.000005  2.272644 -0.000030 1.570865
51  -5.927858 -4.125519 -3.661750  1.511343 -0.479339 -1.017476
52  0.000000 -0.000000 0.000000  0.008153 -0.000259 0.000009
53  -0.000000 -0.000001 0.000000  1.565115 0.043565 -0.106862
54  3.282595 -16.545916 -1.543060  -1.722387 -0.583282 -1.876158
55  -0.000001 -0.000000 -0.000001  0.000000 -0.000000 -0.000002
56  0.000029 0.000029 0.000000  -1.571901 -0.044449 -0.106509
57  9.503819 -20.895756 -15.232958  1.570796 -0.000000 0.000000
58  -17.772699 4.002314 -16.454041  1.570796 -0.000000 0.000000
59  2.641719 -5.121701 -4.012496  1.570796 -0.000000 0.000000
60  -0.004311 0.001230 -0.000371  0.006898 -0.005534 -0.284229
61  2.805915 9.247737 -4.285480  1.570796 -0.000000 0.000000
62  0.000000 0.000000 0.000000  -0.078727 -3.136056 0.284226
63  0.000000 0.000000 0.000000  1.570796 -0.000000 0.000000
64  0.685201 -8.807825 -1.858570  0.227215 1.194041 -0.926041
65  -0.109379 -1.951952 -1.519205  0.000000 -0.000000 0.000000
66  -0.109380 0.057028 25.399252  0.000000 -0.000000 0.000000
67  -0.109379 -1.856732 0.287230  0.000000 -0.000000 0.000000
68  -0.104048 -4.495924 7.879278  0.000000 -0.000000 0.000000
69  -0.195263 4.332630 -6.347186  0.000000 -0.000000 0.000000
70  -1.290112 3.693283 8.579669  0.022713 -0.014049 -0.017451
71  -0.121471 -1.314581 7.402089  0.000000 -0.000000 0.000000
72  -1.107529 -1.063453 4.061648  0.000000 -0.000000 0.000000
73  0.003658 1.612363 10.733983  -0.000000 0.000000 -0.508932
74  1.373580 -13.787294 0.006057  0.227215 1.194041 -0.926041
time 62
0  0.000006 0.000000 0.000000  -1.570800 -1.391899 -1.570792
1  -3.035934 5.753379 2.637399  -1.544956 -1.855077 -0.198630
2  6.027522 -0.000325 0.000192  -1.109640 -1.056878 -1.195116
3  11.692103 0.000645 -0.000736  -1.384601 -0.000052 -1.932974
4  11.478719 0.000475 -0.001459  0.929927 -0.806316 -0.117455
5  3.859509 -0.142879 -1.192050  -0.332311 -0.061520 -1.618951
6  1.312590 0.000011 0.000009  -0.075839 0.162921 -0.778363
7  0.729355 0.000054 0.000051  -0.264116 -0.060610 -0.650713
8  3.942143 0.046274 -0.431512  -0.016356 -0.056925 -1.473350
9  1.539110 0.000086 0.000006  -0.005224 -0.000152 0.002097
10  1.196332 0.000146 0.000029  -0.019729 -0.113157 -1.296155
11  3.883505 -0.047269 0.431381  0.206801 -0.117762 -0.805305
12  1.719574 -0.000026 0.000015  0.007393 0.006832 -0.744901
13  1.209179 0.000091 0.000012  -0.018591 -0.093118 -1.023306
14  3.859662 -0.138475 1.332409  0.347271 -0.120444 -0.301586
15  1.719449 -0.000012 0.000022  0.067969 -0.101828 -0.833886
16  1.099675 0.000048 0.000005  -0.147921 -0.260109 -0.496206
17  0.805993 -0.349051 1.321252  -1.528242 -0.685827 -0.408463
18  1.789819 -0.000003 -0.000019  0.002431 0.042853 0.020274
19  1.207016 -0.000012 -0.000045  0.351992 -0.031153 0.266595
20  5.740636 0.000410 -0.000702  -0.393753 0.000003 0.000071
21  11.480751 0.000308 -0.000950  -0.113722 -0.136021 -0.081579
22  6.027525 -0.000329 0.000202  1.791057 -0.468282 1.485932
23  0.000003 11.692098 -0.000007  -1.284660 -0.731173 -0.945790
24  0.000003 0.000010 0.000001  -0.515490 -0.000031 1.570739
25  -0.000001 -0.000011 -0.000001  0.868957 0.000002 1.570712
26  -5.862666 -8.337571 2.805915  1.473120 1.855075 -0.198639
27  6.027505 -0.000263 -0.000229  1.980415 0.575094 -0.187430
28  11.691993 0.000242 0.000856  0.608929 0.000075 -1.879832
29  11.478977 -0.000573 0.001406  -2.630289 -0.010040 0.233077
30  3.859436 -0.132787 1.193061  0.466149 -0.051826 -1.783918
31  1.312559 0.000026 -0.000000  -0.013965 -0.041044 -0.156447
32  0.729345 0.000066 -0.000027  -0.128320 -0.117290 -0.954857
33  3.942046 0.050109 0.430996  0.211501 -0.107596 -1.469120
34  1.539097 0.000010 -0.000001  0.040712 -0.054386 -1.030469
35  1.196299 0.000077 -0.000004  -0.249391 -0.043040 -0.795120
36  3.883412 -0.050502 -0.431088  0.186407 -0.271796 -1.212184
37  1.719564 -0.000079 -0.000003  0.020974 -0.107650 -1.483528
38  1.209197 0.000035 0.000011  -0.324719 0.069674 -0.493483
39  3.859585 -0.149111 -1.331324  -0.110833 0.118346 -0.118772
40  1.719413 -0.000100 -0.000034  -0.019525 0.026216 -0.112669
41  1.099674 0.000025 0.000007  0.239119 0.043639 -0.299131
42  0.805979 -0.359854 -1.318339  0.991670 0.166767 -0.799535
43  1.789779 -0.000009 -0.000042  0.000057 -0.002451 0.133097
44  1.206996 -0.000007 0.000006  0.000372 -0.000070 1.058782
45  5.740572 0.000056 0.000724  -0.214086 -0.000014 0.000021
46  11.480740 -0.000079 0.001031  -0.209600 -0.045635 0.047927
47  6.027514 -0.000273 -0.000239  -0.595053 -0.244204 -1.596090
48  -0.000002 11.691975 -0.000006  -1.252847 0.698403 0.932347
49  0.000003 -0.000001 0.000001  2.881454 -0.000041 1.570856
50  -0.000007 -0.000015 0.000004  2.272644 -0.000030 1.570865
51  -5.869893 -3.950236 -3.708300  1.510307 -0.479198 -1.031474
52  0.000000 -0.000000 -0.000000  0.008153 -0.000259 0.000009
53  0.000000 -0.000000 -0.000001  1.565115 0.043565 -0.106862
54  3.161626 -16.501915 -1.592986  -1.723235 -0.583886 -1.890167
55  -0.000000 0.000000 -0.000000  0.000000 -0.000000 -0.000002
56  0.000030 0.000029 0.000001  -1.571901 -0.044449 -0.106509
57  9.503819 -20.895756 -15.232958  1.570796 -0.000000 0.000000
58  -17.772699 4.002314 -16.454041  1.570796 -0.000000 0.000000
59  2.641719 -5.121701 -4.012496  1.570796 -0.000000 0.000000
60  -0.004311 0.001230 -0.000371  0.006898 -0.005534 -0.284229
61  2.805915 9.247737 -4.285480  1.570796 -0.000000 0.000000
62  0.000000 0.000000 0.000000  -0.078727 -3.136056 0.284226
63  0.000000 0.000000 0.000000  1.570796 -0.000000 0.000000
64  0.676246 -8.727147 -1.909083  0.224760 1.194264 -0.942800
65  -0.109379 -1.951951 -1.519206  0.000000 -0.000000 0.000000
66  -0.109381 0.057028 25.399250  0.000000 -0.000000 0.000000
67  -0.109379 -1.856732 0.287230  0.000000 -0.000000 0.000000
68  -0.104048 -4.495923 7.879276  0.000000 -0.000000 0.000000
69  -0.195264 4.332630 -6.347186  0.000000 -0.000000 0.000000
70  -1.290112 3.693283 8.579670  0.022713 -0.014049 -0.017451
71  -0.121471 -1.314581 7.402088  0.000000 -0.000000 0.000000
72  -1.107529 -1.063453 4.061648  0.000000 -0.000000 0.000000
73  0.003658 1.612363 10.733982  -0.000000 -0.000000 -0.512759
74  1.294079 -13.715405 -0.043237  0.224760 1.194264 -0.942800
time 63
0  0.000006 0.000000 0.000000  -1.570800 -1.391899 -1.570792
1  -3.035934 5.753379 2.637399  -1.544956 -1.855077 -0.198630
2  6.027522 -0.000325 0.000192  -1.102332 -1.055824 -1.194631
3  11.692105 0.000644 -0.000737  -1.384601 -0.000052 -1.936565
4  11.478687 0.000471 -0.001472  0.926307 -0.806509 -0.122264
5  3.859509 -0.142880 -1.192050  -0.332311 -0.061520 -1.618951
6  1.312588 0.000013 0.000009  -0.075839 0.162921 -0.778363
7  0.729354 0.000054 0.000050  -0.264116 -0.060610 -0.650712
8  3.942144 0.046273 -0.431513  -0.016356 -0.056925 -1.473350
9  1.539111 0.000084 0.000005  -0.005225 -0.000152 0.002097
10  1.196332 0.000146 0.000029  -0.019729 -0.113157 -1.296155
11  3.883504 -0.047270 0.431380  0.206801 -0.117762 -0.805304
12  1.719573 -0.000027 0.000015  0.007393 0.006832 -0.744901
13  1.209178 0.000092 0.000012  -0.018591 -0.093118 -1.023306
14  3.859662 -0.138476 1.332409  0.347271 -0.120444 -0.301586
15  1.719448 -0.000013 0.000022  0.067969 -0.101828 -0.833885
16  1.099675 0.000050 0.000006  -0.147921 -0.260109 -0.496206
17  0.805992 -0.349051 1.321252  -1.528242 -0.685827 -0.408463
18  1.789820 -0.000003 -0.000019  0.002431 0.042853 0.020274
19  1.207015 -0.000011 -0.000043  0.351992 -0.031153 0.266595
20  5.740637 0.000411 -0.000704  -0.391981 0.000003 0.000071
21  11.480745 0.000308 -0.000953  -0.114654 -0.135816 -0.082754
22  6.027525 -0.000329 0.000202  1.787959 -0.470813 1.494181
23  0.000004 11.692096 -0.000008  -1.286816 -0.733397 -0.946667
24  0.000003 0.000009 -0.000001  -0.515490 -0.000031 1.570739
25  -0.000001 -0.000011 -0.000002  0.868957 0.000002 1.570712
26  -5.862666 -8.337571 2.805915  1.473120 1.855075 -0.198639
27  6.027505 -0.000263 -0.000229  1.977767 0.568516 -0.191077
28  11.691992 0.000242 0.000857  0.608929 0.000076 -1.892275
29  11.478870 -0.000618 0.001436  -2.634463 -0.002466 0.239918
30  3.859436 -0.132788 1.193061  0.466149 -0.051826 -1.783918
31  1.312558 0.000026 -0.000001  -0.013965 -0.041044 -0.156447
32  0.729345 0.000065 -0.000027  -0.128320 -0.117290 -0.954857
33  3.942046 0.050109 0.430996  0.211501 -0.107596 -1.469120
34  1.539097 0.000010 -0.000000  0.040712 -0.054386 -1.030469
35  1.196299 0.000075 -0.000004  -0.249391 -0.043040 -0.795120
36  3.883411 -0.050501 -0.431088  0.186407 -0.271796 -1.212184
37  1.719563 -0.000079 -0.000003  0.020974 -0.107650 -1.483528
38  1.209197 0.000036 0.000010  -0.324719 0.069674 -0.493483
39  3.859585 -0.149112 -1.331323  -0.110833 0.118346 -0.118772
40  1.719411 -0.000099 -0.000034  -0.019525 0.026216 -0.112669
41  1.099673 0.000025 0.000007  0.239119 0.043639 -0.299131
42  0.805979 -0.359854 -1.318338  0.991670 0.166767 -0.799535
43  1.789779 -0.000009 -0.000042  0.000057 -0.002451 0.133097
44  1.206997 -0.000006 0.000005  0.000372 -0.000070 1.058782
45  5.740573 0.000055 0.000723  -0.213409 -0.000014 0.000021
46  11.480719 -0.000088 0.001036  -0.210467 -0.044861 0.049934
47  6.027514 -0.000273 -0.000239  -0.588731 -0.247462 -1.599843
48  -0.000002 11.691976 -0.000007  -1.260249 0.706042 0.935600
49  0.000003 -0.000000 -0.000001  2.881454 -0.000041 1.570856
50  -0.000008 -0.000015 0.000005  2.272644 -0.000030 1.570865
51  -5.852007 -3.839237 -3.744926  1.508361 -0.478933 -1.037169
52  0.000000 0.000000 -0.000000  0.008153 -0.000259 0.000009
53  0.000000 0.000000 -0.000000  1.565115 0.043565 -0.106862
54  3.100007 -16.448803 -1.635943  -1.724828 -0.585019 -1.895879
55  -0.000000 -0.000000 0.000001  0.000000 -0.000000 -0.000002
56  0.000031 0.000029 0.000002  -1.571901 -0.044449 -0.106509
57  9.503819 -20.895756 -15.232958  1.570796 -0.000000 0.000000
58  -17.772699 4.002314 -16.454041  1.570796 -0.000000 0.000000
59  2.641719 -5.121701 -4.012496  1.570796 -0.000000 0.000000
60  -0.004311 0.001230 -0.000371  0.006898 -0.005534 -0.284229
61  2.805915 9.247737 -4.285480  1.570796 -0.000000 0.000000
62  0.000000 0.000000 0.000000  -0.078727 -3.136056 0.284226
63  0.000000 0.000000 0.000000  1.570796 -0.000000 0.000000
64  0.665414 -8.658027 -1.953148  0.220142 1.194677 -0.953687
65  -0.109379 -1.951951 -1.519206  -0.000000 -0.000000 0.000000
66  -0.109379 0.057026 25.399252  -0.000000 -0.000000 0.000000
67  -0.109379 -1.856732 0.287229  -0.000000 -0.000000 0.000000
68  -0.104048 -4.495923 7.879275  -0.000000 -0.000000 0.000000
69  -0.195264 4.332631 -6.347188  -0.000000 -0.000000 0.000000
70  -1.290111 3.693285 8.579669  0.022713 -0.014049 -0.017451
71  -0.121470 -1.314581 7.402087  -0.000000 -0.000000 0.000000
72  -1.107528 -1.063453 4.061646  -0.000000 -0.000000 0.000000
73  0.003659 1.612363 10.733982  0.000000 0.000000 -0.516264
74  1.253381 -13.649038 -0.085014  0.220142 1.194677 -0.953687
time 64
0  0.000006 0.000000 0.000000  -1.570800 -1.391899 -1.570792
1  -3.035934 5.753379 2.637399  -1.544956 -1.855077 -0.198630
2  6.027522 -0.000325 0.000192  -1.100688 -1.053229 -1.192231
3  11.692102 0.000644 -0.000736  -1.384601 -0.000052 -1.942420
4  11.478636 0.000466 -0.001495  0.929128 -0.809097 -0.129019
5  3.859510 -0.142879 -1.192049  -0.332311 -0.061520 -1.618951
6  1.312590 0.000012 0.000008  -0.075839 0.162921 -0.778363
7  0.729355 0.000054 0.000050  -0.264116 -0.060610 -0.650712
8  3.942144 0.046273 -0.431511  -0.016356 -0.056925 -1.473350
9  1.539111 0.000083 0.000006  -0.005225 -0.000152 0.002097
10  1.196331 0.000147 0.000029  -0.019729 -0.113157 -1.296155
11  3.883505 -0.047269 0.431381  0.206801 -0.117762 -0.805305
12  1.719574 -0.000023 0.000015  0.007393 0.006832 -0.744901
13  1.209180 0.000092 0.000012  -0.018591 -0.093118 -1.023306
14  3.859662 -0.138476 1.332410  0.347271 -0.120444 -0.301586
15  1.719448 -0.000013 0.000022  0.067969 -0.101828 -0.833885
16  1.099675 0.000046 0.000006  -0.147921 -0.260109 -0.496206
17  0.805994 -0.349050 1.321254  -1.528242 -0.685827 -0.408463
18  1.789819 -0.000004 -0.000018  0.002431 0.042853 0.020274
19  1.207017 -0.000011 -0.000044  0.351992 -0.031153 0.266595
20  5.740639 0.000410 -0.000703  -0.392046 0.000003 0.000070
21  11.480737 0.000306 -0.000959  -0.114485 -0.136060 -0.083919
22  6.027525 -0.000329 0.000202  1.788413 -0.473502 1.497804
23  0.000005 11.692097 -0.000007  -1.290336 -0.737028 -0.948086
24  0.000003 0.000008 -0.000000  -0.515490 -0.000031 1.570739
25  -0.000001 -0.000011 -0.000002  0.868957 0.000002 1.570712
26  -5.862666 -8.337571 2.805915  1.473120 1.855075 -0.198639
27  6.027505 -0.000263 -0.000229  1.976638 0.563547 -0.193538
28  11.691991 0.000242 0.000856  0.608929 0.000076 -1.898208
29  11.478817 -0.000639 0.001452  -2.636132 -0.003239 0.240250
30  3.859436 -0.132788 1.193062  0.466149 -0.051826 -1.783918
31  1.312558 0.000026 -0.000000  -0.013965 -0.041044 -0.156447
32  0.729345 0.000065 -0.000028  -0.128320 -0.117290 -0.954857
33  3.942046 0.050109 0.430997  0.211501 -0.107596 -1.469120
34  1.539096 0.000009 -0.000000  0.040712 -0.054386 -1.030469
35  1.196299 0.000076 -0.000004  -0.249391 -0.043040 -0.795120
36  3.883411 -0.050502 -0.431086  0.186407 -0.271796 -1.212184
37  1.719563 -0.000079 -0.000004  0.020974 -0.107650 -1.483528
38  1.209197 0.000036 0.000012  -0.324719 0.069674 -0.493483
39  3.859586 -0.149112 -1.331322  -0.110833 0.118346 -0.118772
40  1.719412 -0.000099 -0.000034  -0.019525 0.026216 -0.112669
41  1.099673 0.000024 0.000006  0.239119 0.043639 -0.299131
42  0.805979 -0.359854 -1.318338  0.991670 0.166767 -0.799535
43  1.789780 -0.000009 -0.000043  0.000057 -0.002451 0.133097
44  1.206996 -0.000007 0.000005  0.000372 -0.000070 1.058781
45  5.740572 0.000056 0.000725  -0.213813 -0.000014 0.000021
46  11.480708 -0.000091 0.001040  -0.210783 -0.045068 0.049945
47  6.027514 -0.000273 -0.000239  -0.583830 -0.249203 -1.602902
48  -0.000001 11.691975 -0.000007  -1.263784 0.709692 0.937132
49  0.000003 0.000000 -0.000001  2.881454 -0.000041 1.570856
50  -0.000006 -0.000015 0.000004  2.272644 -0.000030 1.570865
51  -5.867270 -3.782848 -3.774221  1.506075 -0.478620 -1.036165
52  0.000000 0.000000 0.000000  0.008153 -0.000259 0.000009
53  0.000000 -0.000000 0.000001  1.565115 0.043565 -0.106862
54  3.088129 -16.391253 -1.672667  -1.726704 -0.586351 -1.894892
55  -0.000001 -0.000000 0.000000  0.000000 -0.000000 -0.000002
56  0.000029 0.000029 0.000002  -1.571901 -0.044449 -0.106509
57  9.503819 -20.895756 -15.232958  1.570796 -0.000000 0.000000
58  -17.772699 4.002314 -16.454041  1.570796 -0.000000 0.000000
59  2.641719 -5.121701 -4.012496  1.570796 -0.000000 0.000000
60  -0.004311 0.001230 -0.000371  0.006898 -0.005534 -0.284229
61  2.805915 9.247737 -4.285480  1.570796 -0.000000 0.000000
62  0.000000 0.000000 0.000000  -0.078727 -3.136056 0.284226
63  0.000000 0.000000 0.000000  1.570796 -0.000000 0.000000
64  0.653317 -8.600597 -1.991186  0.214700 1.195152 -0.958799
65  -0.109379 -1.951951 -1.519205  0.000000 0.000000 0.000000
66  -0.109379 0.057026 25.399254  0.000000 0.000000 0.000000
67  -0.109379 -1.856732 0.287230  0.000000 0.000000 0.000000
68  -0.104048 -4.495923 7.879277  0.000000 0.000000 0.000000
69  -0.195265 4.332631 -6.347189  0.000000 0.000000 0.000000
70  -1.290113 3.693284 8.579666  0.022713 -0.014049 -0.017451
71  -0.121471 -1.314581 7.402089  0.000000 0.000000 0.000000
72  -1.107529 -1.063453 4.061648  0.000000 0.000000 0.000000
73  0.003658 1.612364 10.733982  -0.000000 0.000000 -0.519462
74  1.244599 -13.590208 -0.120361  0.214700 1.195152 -0.958799
time 65
0  0.000006 0.000000 0.000000  -1.570800 -1.391899 -1.570792
1  -3.035934 5.753379 2.637399  -1.544956 -1.855077 -0.198630
2  6.027522 -0.000325 0.000192  -1.100145 -1.050746 -1.189852
3  11.692101 0.000646 -0.000737  -1.384601 -0.000052 -1.947739
4  11.478584 0.000461 -0.001516  0.932998 -0.811558 -0.135870
5  3.859510 -0.142879 -1.192050  -0.332311 -0.061520 -1.618951
6  1.312590 0.000013 0.000006  -0.075839 0.162921 -0.778363
7  0.729354 0.000054 0.000050  -0.264116 -0.060610 -0.650712
8  3.942144 0.046273 -0.431512  -0.016356 -0.056925 -1.473350
9  1.539111 0.000083 0.000005  -0.005225 -0.000153 0.002097
10  1.196332 0.000144 0.000030  -0.019729 -0.113157 -1.296155
11  3.883506 -0.047269 0.431380  0.206801 -0.117762 -0.805304
12  1.719574 -0.000026 0.000015  0.007393 0.006832 -0.744901
13  1.209180 0.000089 0.000012  -0.018591 -0.093118 -1.023306
14  3.859664 -0.138474 1.332409  0.347271 -0.120444 -0.301586
15  1.719449 -0.000012 0.000022  0.067969 -0.101828 -0.833886
16  1.099675 0.000047 0.000005  -0.147921 -0.260109 -0.496206
17  0.805995 -0.349049 1.321253  -1.528242 -0.685827 -0.408463
18  1.789820 -0.000003 -0.000018  0.002431 0.042853 0.020274
19  1.207015 -0.000012 -0.000045  0.351992 -0.031153 0.266595
20  5.740637 0.000410 -0.000703  -0.392312 0.000003 0.000070
21  11.480724 0.000305 -0.000962  -0.114141 -0.136288 -0.085014
22  6.027525 -0.000329 0.000202  1.789359 -0.475854 1.500223
23  0.000004 11.692097 -0.000007  -1.293537 -0.740328 -0.949364
24  0.000004 0.000007 -0.000002  -0.515490 -0.000031 1.570739
25  -0.000000 -0.000012 -0.000002  0.868957 0.000002 1.570712
26  -5.862666 -8.337571 2.805915  1.473120 1.855075 -0.198639
27  6.027505 -0.000263 -0.000229  1.976142 0.559544 -0.195386
28  11.691992 0.000242 0.000855  0.608929 0.000077 -1.901814
29  11.478785 -0.000651 0.001460  -2.637370 -0.005988 0.239079
30  3.859436 -0.132787 1.193061  0.466149 -0.051826 -1.783918
31  1.312558 0.000026 -0.000001  -0.013965 -0.041044 -0.156447
32  0.729345 0.000066 -0.000027  -0.128320 -0.117290 -0.954857
33  3.942047 0.050109 0.430997  0.211501 -0.107596 -1.469120
34  1.539097 0.000010 -0.000001  0.040712 -0.054386 -1.030469
35  1.196299 0.000076 -0.000004  -0.249391 -0.043040 -0.795120
36  3.883412 -0.050502 -0.431087  0.186407 -0.271796 -1.212184
37  1.719564 -0.000079 -0.000004  0.020974 -0.107650 -1.483528
38  1.209197 0.000035 0.000011  -0.324719 0.069674 -0.493483
39  3.859586 -0.149112 -1.331324  -0.110833 0.118346 -0.118772
40  1.719412 -0.000099 -0.000034  -0.019525 0.026216 -0.112668
41  1.099673 0.000025 0.000006  0.239119 0.043639 -0.299131
42  0.805979 -0.359854 -1.318339  0.991670 0.166767 -0.799535
43  1.789779 -0.000010 -0.000042  0.000057 -0.002451 0.133097
44  1.206996 -0.000006 0.000005  0.000373 -0.000070 1.058782
45  5.740571 0.000056 0.000724  -0.214508 -0.000014 0.000021
46  11.480700 -0.000094 0.001041  -0.210999 -0.045512 0.049492
47  6.027514 -0.000273 -0.000239  -0.579822 -0.250259 -1.605477
48  -0.000002 11.691976 -0.000005  -1.265933 0.711911 0.938057
49  0.000002 0.000000 -0.000000  2.881454 -0.000041 1.570856
50  -0.000006 -0.000015 0.000006  2.272644 -0.000030 1.570865
51  -5.889858 -3.746388 -3.797305  1.503630 -0.478286 -1.033787
52  -0.000000 0.000000 -0.000001  0.008153 -0.000259 0.000009
53  0.000000 0.000000 -0.000000  1.565115 0.043565 -0.106862
54  3.085595 -16.341846 -1.703677  -1.728711 -0.587776 -1.892528
55  -0.000001 0.000001 -0.000000  0.000000 -0.000000 -0.000002
56  0.000030 0.000030 0.000001  -1.571901 -0.044449 -0.106509
57  9.503819 -20.895756 -15.232958  1.570796 -0.000000 0.000000
58  -17.772699 4.002314 -16.454041  1.570796 -0.000000 0.000000
59  2.641719 -5.121701 -4.012496  1.570796 -0.000000 0.000000
60  -0.004311 0.001230 -0.000371  0.006898 -0.005534 -0.284229
61  2.805915 9.247737 -4.285480  1.570796 -0.000000 0.000000
62  0.000000 0.000000 0.000000  -0.078727 -3.136056 0.284226
63  0.000000 0.000000 0.000000  1.570796 -0.000000 0.000000
64  0.640380 -8.554507 -2.023614  0.208864 1.195646 -0.962976
65  -0.109378 -1.951951 -1.519205  0.000000 0.000000 0.000000
66  -0.109380 0.057026 25.399252  0.000000 0.000000 0.000000
67  -0.109378 -1.856732 0.287229  0.000000 0.000000 0.000000
68  -0.104047 -4.495924 7.879276  0.000000 0.000000 0.000000
69  -0.195264 4.332630 -6.347187  0.000000 0.000000 0.000000
70  -1.290112 3.693282 8.579669  0.022713 -0.014049 -0.017451
71  -0.121471 -1.314580 7.402085  0.000000 0.000000 0.000000
72  -1.107528 -1.063453 4.061647  0.000000 0.000000 0.000000
73  0.003659 1.612363 10.733982  0.000000 -0.000000 -0.522367
74  1.241724 -13.541837 -0.149912  0.208864 1.195646 -0.962976
time 66
0  0.000006 0.000000 0.000000  -1.570800 -1.391899 -1.570792
1  -3.035934 5.753379 2.637399  -1.544956 -1.855077 -0.198630
2  6.027522 -0.000325 0.000192  -1.100609 -1.048358 -1.187504
3  11.692103 0.000645 -0.000736  -1.384601 -0.000053 -1.952553
4  11.478542 0.000458 -0.001538  0.937759 -0.813889 -0.142684
5  3.859509 -0.142882 -1.192050  -0.332311 -0.061520 -1.618951
6  1.312589 0.000013 0.000008  -0.075839 0.162921 -0.778363
7  0.729355 0.000053 0.000050  -0.264116 -0.060610 -0.650713
8  3.942144 0.046272 -0.431513  -0.016356 -0.056925 -1.473350
9  1.539111 0.000083 0.000005  -0.005225 -0.000152 0.002097
10  1.196332 0.000146 0.000030  -0.019729 -0.113157 -1.296155
11  3.883505 -0.047270 0.431381  0.206801 -0.117762 -0.805304
12  1.719573 -0.000026 0.000015  0.007393 0.006832 -0.744901
13  1.209179 0.000092 0.000012  -0.018591 -0.093118 -1.023306
14  3.859664 -0.138477 1.332410  0.347271 -0.120443 -0.301586
15  1.719449 -0.000010 0.000023  0.067969 -0.101828 -0.833886
16  1.099676 0.000047 0.000006  -0.147921 -0.260109 -0.496206
17  0.805995 -0.349051 1.321254  -1.528242 -0.685827 -0.408463
18  1.789821 -0.000003 -0.000018  0.002431 0.042853 0.020274
19  1.207013 -0.000012 -0.000045  0.351992 -0.031153 0.266595
20  5.740639 0.000410 -0.000704  -0.392771 0.000003 0.000071
21  11.480718 0.000305 -0.000965  -0.113641 -0.136506 -0.086026
22  6.027525 -0.000329 0.000202  1.790766 -0.477901 1.501522
23  0.000004 11.692099 -0.000008  -1.296438 -0.743319 -0.950513
24  0.000005 0.000008 -0.000001  -0.515490 -0.000031 1.570739
25  -0.000001 -0.000012 -0.000001  0.868957 0.000002 1.570712
26  -5.862666 -8.337571 2.805915  1.473120 1.855075 -0.198639
27  6.027505 -0.000263 -0.000229  1.976176 0.556443 -0.196689
28  11.691990 0.000243 0.000853  0.608929 0.000077 -1.903328
29  11.478773 -0.000658 0.001465  -2.638172 -0.010422 0.236579
30  3.859435 -0.132787 1.193062  0.466149 -0.051826 -1.783918
31  1.312558 0.000026 0.000000  -0.013965 -0.041044 -0.156447
32  0.729344 0.000065 -0.000028  -0.128320 -0.117290 -0.954857
33  3.942046 0.050109 0.430997  0.211501 -0.107596 -1.469120
34  1.539096 0.000011 -0.000000  0.040712 -0.054386 -1.030469
35  1.196299 0.000076 -0.000004  -0.249391 -0.043040 -0.795120
36  3.883411 -0.050502 -0.431087  0.186407 -0.271796 -1.212184
37  1.719564 -0.000079 -0.000003  0.020974 -0.107650 -1.483528
38  1.209197 0.000036 0.000011  -0.324719 0.069674 -0.493483
39  3.859585 -0.149112 -1.331323  -0.110833 0.118346 -0.118772
40  1.719412 -0.000100 -0.000034  -0.019525 0.026216 -0.112669
41  1.099673 0.000025 0.000007  0.239119 0.043639 -0.299131
42  0.805979 -0.359854 -1.318338  0.991670 0.166767 -0.799535
43  1.789780 -0.000009 -0.000042  0.000057 -0.002451 0.133097
44  1.206997 -0.000007 0.000005  0.000373 -0.000070 1.058782
45  5.740573 0.000054 0.000724  -0.215444 -0.000014 0.000021
46  11.480700 -0.000097 0.001042  -0.211118 -0.046153 0.048633
47  6.027514 -0.000273 -0.000239  -0.576657 -0.250725 -1.607583
48  -0.000003 11.691975 -0.000006  -1.266836 0.712844 0.938444
49  0.000003 -0.000001 -0.000001  2.881454 -0.000041 1.570856
50  -0.000007 -0.000015 0.000004  2.272644 -0.000030 1.570865
51  -5.918548 -3.728016 -3.814936  1.501116 -0.477941 -1.030227
52  0.000000 0.000000 -0.000000  0.008153 -0.000259 0.000009
53  0.000000 0.000000 0.000000  1.565115 0.043565 -0.106862
54  3.091528 -16.300079 -1.729441  -1.730778 -0.589240 -1.888976
55  0.000001 -0.000001 0.000000  0.000000 -0.000000 -0.000002
56  0.000032 0.000028 0.000001  -1.571901 -0.044449 -0.106509
57  9.503819 -20.895756 -15.232958  1.570796 -0.000000 0.000000
58  -17.772699 4.002314 -16.454041  1.570796 -0.000000 0.000000
59  2.641719 -5.121701 -4.012496  1.570796 -0.000000 0.000000
60  -0.004311 0.001230 -0.000371  0.006898 -0.005534 -0.284229
61  2.805915 9.247737 -4.285480  1.570796 -0.000000 0.000000
62  0.000000 0.000000 0.000000  -0.078727 -3.136056 0.284226
63  0.000000 0.000000 0.000000  1.570796 -0.000000 0.000000
64  0.626930 -8.518915 -2.050851  0.202847 1.196141 -0.966172
65  -0.109379 -1.951951 -1.519205  0.000000 -0.000000 0.000000
66  -0.109379 0.057027 25.399252  0.000000 -0.000000 0.000000
67  -0.109379 -1.856732 0.287229  0.000000 -0.000000 0.000000
68  -0.104048 -4.495923 7.879277  0.000000 -0.000000 0.000000
69  -0.195264 4.332630 -6.347187  0.000000 -0.000000 0.000000
70  -1.290113 3.693283 8.579667  0.022713 -0.014049 -0.017451
71  -0.121470 -1.314582 7.402090  0.000000 -0.000000 0.000000
72  -1.107529 -1.063452 4.061646  0.000000 -0.000000 0.000000
73  0.003658 1.612364 10.733982  0.000000 -0.000000 -0.524993
74  1.244183 -13.503187 -0.174191  0.202847 1.196141 -0.966172
time 67
0  0.000006 0.000000 0.000000  -1.570800 -1.391899 -1.570792
1  -3.035934 5.753379 2.637399  -1.544956 -1.855077 -0.198630
2  6.027522 -0.000325 0.000192  -1.101961 -1.046060 -1.185203
3  11.692102 0.000645 -0.000736  -1.384601 -0.000053 -1.956921
4  11.478504 0.000455 -0.001553  0.943258 -0.816106 -0.149373
5  3.859510 -0.142878 -1.192049  -0.332311 -0.061520 -1.618951
6  1.312590 0.000012 0.000009  -0.075839 0.162921 -0.778364
7  0.729355 0.000054 0.000048  -0.264116 -0.060610 -0.650712
8  3.942144 0.046274 -0.431511  -0.016356 -0.056925 -1.473350
9  1.539110 0.000085 0.000006  -0.005224 -0.000152 0.002097
10  1.196332 0.000145 0.000029  -0.019729 -0.113157 -1.296155
11  3.883504 -0.047269 0.431381  0.206801 -0.117762 -0.805304
12  1.719573 -0.000025 0.000015  0.007393 0.006832 -0.744901
13  1.209179 0.000092 0.000012  -0.018591 -0.093118 -1.023306
14  3.859663 -0.138475 1.332410  0.347271 -0.120444 -0.301586
15  1.719447 -0.000012 0.000022  0.067969 -0.101828 -0.833886
16  1.099675 0.000049 0.000005  -0.147921 -0.260109 -0.496206
17  0.805993 -0.349050 1.321254  -1.528242 -0.685827 -0.408463
18  1.789820 -0.000004 -0.000017  0.002431 0.042853 0.020274
19  1.207015 -0.000012 -0.000045  0.351992 -0.031153 0.266595
20  5.740638 0.000409 -0.000702  -0.393419 0.000003 0.000070
21  11.480711 0.000304 -0.000969  -0.113006 -0.136719 -0.086950
22  6.027525 -0.000329 0.000202  1.792586 -0.479670 1.501814
23  0.000003 11.692098 -0.000007  -1.299073 -0.746034 -0.951547
24  0.000003 0.000008 -0.000001  -0.515490 -0.000031 1.570738
25  -0.000001 -0.000011 -0.000001  0.868957 0.000002 1.570712
26  -5.862666 -8.337571 2.805915  1.473120 1.855075 -0.198639
27  6.027505 -0.000263 -0.000229  1.976656 0.554161 -0.197512
28  11.691992 0.000242 0.000856  0.608929 0.000077 -1.903024
29  11.478773 -0.000655 0.001464  -2.638557 -0.016260 0.232952
30  3.859436 -0.132787 1.193061  0.466149 -0.051826 -1.783918
31  1.312558 0.000025 0.000001  -0.013965 -0.041044 -0.156447
32  0.729345 0.000065 -0.000027  -0.128320 -0.117290 -0.954857
33  3.942046 0.050109 0.430996  0.211501 -0.107596 -1.469120
34  1.539096 0.000010 0.000000  0.040712 -0.054386 -1.030469
35  1.196299 0.000076 -0.000004  -0.249391 -0.043040 -0.795120
36  3.883412 -0.050502 -0.431088  0.186407 -0.271796 -1.212184
37  1.719564 -0.000078 -0.000003  0.020974 -0.107650 -1.483528
38  1.209197 0.000035 0.000011  -0.324719 0.069674 -0.493483
39  3.859586 -0.149111 -1.331324  -0.110833 0.118346 -0.118772
40  1.719413 -0.000099 -0.000034  -0.019525 0.026216 -0.112668
41  1.099673 0.000024 0.000007  0.239119 0.043639 -0.299131
42  0.805979 -0.359854 -1.318339  0.991670 0.166767 -0.799535
43  1.789779 -0.000009 -0.000042  0.000057 -0.002451 0.133097
44  1.206997 -0.000007 0.000006  0.000373 -0.000070 1.058781
45  5.740571 0.000056 0.000724  -0.216570 -0.000014 0.000021
46  11.480699 -0.000095 0.001042  -0.211147 -0.046955 0.047430
47  6.027514 -0.000273 -0.000239  -0.574265 -0.250686 -1.609252
48  -0.000001 11.691975 -0.000005  -1.266655 0.712657 0.938367
49  0.000003 -0.000001 0.000000  2.881454 -0.000041 1.570856
50  -0.000007 -0.000015 0.000005  2.272644 -0.000030 1.570865
51  -5.952151 -3.725454 -3.827744  1.498589 -0.477593 -1.025671
52  -0.000000 0.000000 -0.000000  0.008153 -0.000259 0.000009
53  0.000000 0.000000 -0.000001  1.565115 0.043565 -0.106862
54  3.104914 -16.265064 -1.750411  -1.732860 -0.590712 -1.884425
55  0.000000 0.000000 0.000001  0.000000 -0.000000 -0.000002
56  0.000031 0.000029 0.000002  -1.571901 -0.044449 -0.106509
57  9.503819 -20.895756 -15.232958  1.570796 -0.000000 0.000000
58  -17.772699 4.002314 -16.454041  1.570796 -0.000000 0.000000
59  2.641719 -5.121701 -4.012496  1.570796 -0.000000 0.000000
60  -0.004311 0.001230 -0.000371  0.006898 -0.005534 -0.284229
61  2.805915 9.247737 -4.285480  1.570796 -0.000000 0.000000
62  0.000000 0.000000 0.000000  -0.078727 -3.136056 0.284226
63  0.000000 0.000000 0.000000  1.570796 -0.000000 0.000000
64  0.613243 -8.492588 -2.073316  0.196778 1.196623 -0.968426
65  -0.109379 -1.951951 -1.519205  0.000000 0.000000 0.000000
66  -0.109379 0.057026 25.399254  0.000000 0.000000 0.000000
67  -0.109379 -1.856732 0.287229  0.000000 0.000000 0.000000
68  -0.104048 -4.495924 7.879277  0.000000 0.000000 0.000000
69  -0.195264 4.332631 -6.347188  0.000000 0.000000 0.000000
70  -1.290112 3.693283 8.579670  0.022713 -0.014049 -0.017451
71  -0.121471 -1.314581 7.402088  0.000000 0.000000 0.000000
72  -1.107528 -1.063453 4.061648  0.000000 0.000000 0.000000
73  0.003659 1.612363 10.733983  0.000000 -0.000000 -0.527356
74  1.251353 -13.473110 -0.193680  0.196778 1.196623 -0.968426
time 68
0  0.000006 0.000000 0.000000  -1.570800 -1.391899 -1.570792
1  -3.035934 5.753379 2.637399  -1.544956 -1.855077 -0.198630
2  6.027522 -0.000325 0.000192  -1.104068 -1.043849 -1.182968
3  11.692102 0.000645 -0.000736  -1.384601 -0.000054 -1.960916
4  11.478465 0.000452 -0.001572  0.949354 -0.818238 -0.155879
5  3.859509 -0.142880 -1.192049  -0.332311 -0.061520 -1.618951
6  1.312590 0.000011 0.000007  -0.075839 0.162921 -0.778363
7  0.729354 0.000053 0.000048  -0.264116 -0.060610 -0.650712
8  3.942142 0.046272 -0.431512  -0.016356 -0.056925 -1.473350
9  1.539111 0.000083 0.000004  -0.005225 -0.000152 0.002097
10  1.196333 0.000145 0.000029  -0.019729 -0.113157 -1.296155
11  3.883505 -0.047270 0.431381  0.206801 -0.117762 -0.805304
12  1.719573 -0.000027 0.000015  0.007393 0.006832 -0.744901
13  1.209179 0.000091 0.000012  -0.018591 -0.093118 -1.023306
14  3.859662 -0.138477 1.332409  0.347271 -0.120444 -0.301586
15  1.719449 -0.000012 0.000022  0.067969 -0.101828 -0.833885
16  1.099675 0.000049 0.000006  -0.147921 -0.260109 -0.496206
17  0.805993 -0.349051 1.321253  -1.528242 -0.685827 -0.408463
18  1.789819 -0.000003 -0.000018  0.002431 0.042853 0.020274
19  1.207013 -0.000012 -0.000044  0.351992 -0.031153 0.266595
20  5.740637 0.000409 -0.000703  -0.394257 0.000003 0.000070
21  11.480700 0.000303 -0.000974  -0.112257 -0.136935 -0.087789
22  6.027525 -0.000329 0.000202  1.794754 -0.481190 1.501225
23  0.000005 11.692099 -0.000007  -1.301486 -0.748519 -0.952486
24  0.000003 0.000008 -0.000001  -0.515490 -0.000031 1.570739
25  -0.000001 -0.000012 -0.000001  0.868957 0.000002 1.570712
26  -5.862666 -8.337571 2.805915  1.473120 1.855075 -0.198639
27  6.027505 -0.000263 -0.000229  1.977504 0.552603 -0.197918
28  11.691993 0.000242 0.000854  0.608929 0.000077 -1.901199
29  11.478790 -0.000651 0.001460  -2.638552 -0.023220 0.228413
30  3.859437 -0.132787 1.193062  0.466149 -0.051826 -1.783918
31  1.312558 0.000026 0.000000  -0.013965 -0.041044 -0.156447
32  0.729345 0.000066 -0.000027  -0.128320 -0.117290 -0.954857
33  3.942046 0.050109 0.430997  0.211501 -0.107596 -1.469120
34  1.539097 0.000010 -0.000000  0.040712 -0.054386 -1.030469
35  1.196299 0.000075 -0.000004  -0.249391 -0.043040 -0.795120
36  3.883412 -0.050501 -0.431087  0.186407 -0.271796 -1.212184
37  1.719564 -0.000078 -0.000003  0.020974 -0.107650 -1.483528
38  1.209197 0.000036 0.000011  -0.324719 0.069674 -0.493483
39  3.859586 -0.149111 -1.331323  -0.110833 0.118346 -0.118772
40  1.719412 -0.000099 -0.000034  -0.019525 0.026216 -0.112669
41  1.099673 0.000025 0.000007  0.239119 0.043639 -0.299131
42  0.805979 -0.359854 -1.318338  0.991670 0.166767 -0.799535
43  1.789779 -0.000009 -0.000042  0.000057 -0.002451 0.133097
44  1.206997 -0.000007 0.000005  0.000373 -0.000070 1.058782
45  5.740571 0.000056 0.000723  -0.217840 -0.000014 0.000021
46  11.480702 -0.000094 0.001042  -0.211094 -0.047885 0.045952
47  6.027514 -0.000273 -0.000239  -0.572559 -0.250219 -1.610527
48  -0.000001 11.691974 -0.000006  -1.265567 0.711533 0.937900
49  0.000004 -0.000001 -0.000001  2.881454 -0.000041 1.570856
50  -0.000006 -0.000015 0.000005  2.272644 -0.000030 1.570865
51  -5.989488 -3.736151 -3.836297  1.496086 -0.477248 -1.020304
52  0.000000 -0.000000 0.000001  0.008153 -0.000259 0.000009
53  0.000000 0.000000 0.000000  1.565115 0.043565 -0.106862
54  3.124673 -16.235661 -1.767026  -1.734924 -0.592170 -1.879057
55  0.000001 -0.000000 -0.000001  0.000000 -0.000000 -0.000002
56  0.000031 0.000029 -0.000000  -1.571902 -0.044449 -0.106509
57  9.503819 -20.895756 -15.232958  1.570796 -0.000000 0.000000
58  -17.772699 4.002314 -16.454041  1.570796 -0.000000 0.000000
59  2.641719 -5.121701 -4.012496  1.570796 -0.000000 0.000000
60  -0.004311 0.001230 -0.000371  0.006898 -0.005534 -0.284229
61  2.805915 9.247737 -4.285480  1.570796 -0.000000 0.000000
62  0.000000 0.000000 0.000000  -0.078727 -3.136056 0.284226
63  0.000000 0.000000 0.000000  1.570797 -0.000000 0.000000
64  0.599580 -8.474043 -2.091428  0.190753 1.197087 -0.969819
65  -0.109378 -1.951951 -1.519205  0.000000 0.000000 -0.000000
66  -0.109379 0.057025 25.399252  0.000000 0.000000 -0.000000
67  -0.109378 -1.856732 0.287230  0.000000 0.000000 -0.000000
68  -0.104048 -4.495924 7.879276  0.000000 0.000000 -0.000000
69  -0.195264 4.332630 -6.347188  0.000000 0.000000 -0.000000
70  -1.290113 3.693283 8.579668  0.022713 -0.014049 -0.017451
71  -0.121470 -1.314581 7.402088  0.000000 0.000000 -0.000000
72  -1.107528 -1.063453 4.061647  0.000000 0.000000 -0.000000
73  0.003659 1.612362 10.733983  -0.000000 0.000000 -0.529469
74  1.262588 -13.450198 -0.208845  0.190753 1.197087 -0.969818
time 69
0  0.000006 0.000000 0.000000  -1.570800 -1.391899 -1.570792
1  -3.035934 5.753379 2.637399  -1.544956 -1.855077 -0.198630
2  6.027522 -0.000325 0.000192  -1.106789 -1.041728 -1.180816
3  11.692103 0.000644 -0.000737  -1.384601 -0.000054 -1.964613
4  11.478431 0.000451 -0.001585  0.955904 -0.820320 -0.162152
5  3.859509 -0.142880 -1.192050  -0.332311 -0.061520 -1.618951
6  1.312590 0.000014 0.000008  -0.075839 0.162921 -0.778364
7  0.729355 0.000054 0.000052  -0.264116 -0.060610 -0.650712
8  3.942142 0.046273 -0.431512  -0.016356 -0.056925 -1.473350
9  1.539109 0.000085 0.000006  -0.005225 -0.000152 0.002097
10  1.196332 0.000145 0.000029  -0.019729 -0.113157 -1.296155
11  3.883504 -0.047269 0.431381  0.206801 -0.117762 -0.805304
12  1.719573 -0.000028 0.000015  0.007393 0.006832 -0.744901
13  1.209179 0.000091 0.000012  -0.018591 -0.093118 -1.023306
14  3.859662 -0.138476 1.332409  0.347271 -0.120444 -0.301586
15  1.719451 -0.000009 0.000022  0.067969 -0.101828 -0.833886
16  1.099675 0.000047 0.000006  -0.147921 -0.260109 -0.496206
17  0.805993 -0.349050 1.321253  -1.528242 -0.685827 -0.408463
18  1.789820 -0.000003 -0.000020  0.002431 0.042853 0.020274
19  1.207014 -0.000012 -0.000044  0.351992 -0.031153 0.266595
20  5.740636 0.000411 -0.000703  -0.395282 0.000003 0.000071
21  11.480694 0.000303 -0.000975  -0.111418 -0.137162 -0.088545
22  6.027525 -0.000329 0.000202  1.797202 -0.482483 1.499893
23  0.000004 11.692099 -0.000008  -1.303720 -0.750820 -0.953350
24  0.000004 0.000008 -0.000002  -0.515490 -0.000031 1.570739
25  -0.000001 -0.000011 -0.000002  0.868957 0.000002 1.570712
26  -5.862666 -8.337571 2.805915  1.473120 1.855075 -0.198639
27  6.027505 -0.000263 -0.000229  1.978652 0.551668 -0.197972
28  11.691991 0.000243 0.000857  0.608929 0.000076 -1.898157
29  11.478817 -0.000639 0.001451  -2.638191 -0.031025 0.223181
30  3.859436 -0.132787 1.193062  0.466149 -0.051826 -1.783918
31  1.312558 0.000026 0.000001  -0.013965 -0.041044 -0.156447
32  0.729345 0.000065 -0.000027  -0.128320 -0.117290 -0.954857
33  3.942047 0.050109 0.430997  0.211501 -0.107596 -1.469120
34  1.539096 0.000010 0.000000  0.040712 -0.054386 -1.030469
35  1.196299 0.000076 -0.000004  -0.249391 -0.043040 -0.795120
36  3.883411 -0.050502 -0.431087  0.186407 -0.271796 -1.212184
37  1.719564 -0.000078 -0.000004  0.020974 -0.107650 -1.483528
38  1.209197 0.000037 0.000011  -0.324719 0.069674 -0.493483
39  3.859585 -0.149112 -1.331324  -0.110833 0.118346 -0.118772
40  1.719412 -0.000100 -0.000035  -0.019525 0.026216 -0.112669
41  1.099674 0.000025 0.000007  0.239119 0.043639 -0.299131
42  0.805979 -0.359854 -1.318338  0.991670 0.166767 -0.799535
43  1.789780 -0.000009 -0.000042  0.000057 -0.002451 0.133097
44  1.206997 -0.000006 0.000005  0.000372 -0.000070 1.058782
45  5.740571 0.000055 0.000723  -0.219207 -0.000014 0.000021
46  11.480707 -0.000092 0.001039  -0.210969 -0.048908 0.044264
47  6.027514 -0.000273 -0.000239  -0.571447 -0.249401 -1.611458
48  -0.000001 11.691974 -0.000005  -1.263753 0.709661 0.937119
49  0.000002 0.000000 -0.000001  2.881454 -0.000041 1.570856
50  -0.000007 -0.000015 0.000005  2.272644 -0.000030 1.570865
51  -6.029367 -3.757460 -3.841129  1.493639 -0.476911 -1.014312
52  0.000000 0.000000 0.000000  0.008153 -0.000259 0.000009
53  0.000000 -0.000000 -0.000000  1.565115 0.043565 -0.106862
54  3.149719 -16.210674 -1.779726  -1.736945 -0.593595 -1.873060
55  0.000000 0.000000 -0.000001  0.000000 -0.000000 -0.000002
56  0.000030 0.000029 0.000000  -1.571902 -0.044449 -0.106509
57  9.503819 -20.895756 -15.232958  1.570796 -0.000000 0.000000
58  -17.772699 4.002314 -16.454041  1.570796 -0.000000 0.000000
59  2.641719 -5.121701 -4.012496  1.570796 -0.000000 0.000000
60  -0.004311 0.001230 -0.000371  0.006898 -0.005534 -0.284229
61  2.805915 9.247737 -4.285480  1.570796 -0.000000 0.000000
62  0.000000 0.000000 0.000000  -0.078727 -3.136056 0.284226
63  0.000000 0.000000 0.000000  1.570800 -0.000000 0.000000
64  0.586212 -8.461720 -2.105604  0.184844 1.197527 -0.970451
65  -0.109379 -1.951952 -1.519206  0.000000 0.000000 -0.000000
66  -0.109379 0.057027 25.399250  0.000000 0.000000 -0.000000
67  -0.109379 -1.856732 0.287229  0.000000 0.000000 -0.000000
68  -0.104047 -4.495924 7.879277  0.000000 0.000000 -0.000000
69  -0.195263 4.332630 -6.347188  0.000000 0.000000 -0.000000
70  -1.290112 3.693283 8.579668  0.022713 -0.014049 -0.017451
71  -0.121470 -1.314581 7.402087  0.000000 0.000000 -0.000000
72  -1.107528 -1.063453 4.061647  0.000000 0.000000 -0.000000
73  0.003659 1.612364 10.733981  -0.000000 -0.000000 -0.531346
74  1.277253 -13.432967 -0.220140  0.184844 1.197527 -0.970451
time 70
0  0.000006 0.000000 0.000000  -1.570800 -1.391899 -1.570792
1  -3.035934 5.753379 2.637399  -1.544956 -1.855077 -0.198630
2  6.027522 -0.000325 0.000192  -1.109991 -1.039700 -1.178763
3  11.692102 0.000645 -0.000736  -1.384601 -0.000054 -1.968080
4  11.478403 0.000448 -0.001600  0.962766 -0.822380 -0.168144
5  3.859508 -0.142880 -1.192050  -0.332311 -0.061520 -1.618951
6  1.312591 0.000012 0.000009  -0.075839 0.162921 -0.778363
7  0.729356 0.000054 0.000048  -0.264116 -0.060610 -0.650713
8  3.942142 0.046271 -0.431513  -0.016356 -0.056925 -1.473350
9  1.539111 0.000083 0.000005  -0.005225 -0.000152 0.002097
10  1.196333 0.000145 0.000029  -0.019729 -0.113157 -1.296155
11  3.883504 -0.047270 0.431381  0.206801 -0.117762 -0.805304
12  1.719573 -0.000025 0.000015  0.007393 0.006832 -0.744901
13  1.209179 0.000091 0.000012  -0.018591 -0.093118 -1.023306
14  3.859661 -0.138477 1.332409  0.347271 -0.120444 -0.301586
15  1.719450 -0.000011 0.000022  0.067969 -0.101828 -0.833886
16  1.099675 0.000050 0.000006  -0.147921 -0.260109 -0.496206
17  0.805993 -0.349051 1.321252  -1.528242 -0.685827 -0.408463
18  1.789820 -0.000004 -0.000019  0.002431 0.042853 0.020274
19  1.207015 -0.000012 -0.000044  0.351992 -0.031153 0.266595
20  5.740638 0.000411 -0.000703  -0.396488 0.000003 0.000071
21  11.480690 0.000303 -0.000978  -0.110508 -0.137405 -0.089220
22  6.027525 -0.000329 0.000202  1.799860 -0.483575 1.497948
23  0.000004 11.692098 -0.000008  -1.305818 -0.752980 -0.954156
24  0.000004 0.000008 -0.000002  -0.515490 -0.000031 1.570739
25  -0.000000 -0.000011 -0.000002  0.868957 0.000002 1.570712
26  -5.862666 -8.337571 2.805915  1.473120 1.855075 -0.198639
27  6.027505 -0.000263 -0.000229  1.980028 0.551256 -0.197735
28  11.691991 0.000243 0.000856  0.608929 0.000076 -1.894199
29  11.478851 -0.000626 0.001441  -2.637514 -0.039398 0.217475
30  3.859436 -0.132787 1.193061  0.466149 -0.051826 -1.783918
31  1.312558 0.000026 -0.000001  -0.013965 -0.041044 -0.156447
32  0.729346 0.000065 -0.000027  -0.128320 -0.117290 -0.954857
33  3.942046 0.050109 0.430996  0.211501 -0.107596 -1.469120
34  1.539095 0.000010 -0.000000  0.040712 -0.054386 -1.030469
35  1.196298 0.000075 -0.000004  -0.249391 -0.043040 -0.795121
36  3.883411 -0.050502 -0.431088  0.186407 -0.271796 -1.212184
37  1.719563 -0.000079 -0.000003  0.020974 -0.107650 -1.483528
38  1.209197 0.000035 0.000011  -0.324719 0.069674 -0.493483
39  3.859584 -0.149111 -1.331324  -0.110833 0.118346 -0.118772
40  1.719412 -0.000100 -0.000034  -0.019525 0.026216 -0.112669
41  1.099673 0.000024 0.000007  0.239119 0.043639 -0.299131
42  0.805979 -0.359854 -1.318339  0.991670 0.166767 -0.799535
43  1.789779 -0.000009 -0.000042  0.000057 -0.002451 0.133097
44  1.206996 -0.000006 0.000006  0.000372 -0.000070 1.058782
45  5.740572 0.000055 0.000723  -0.220624 -0.000014 0.000021
46  11.480715 -0.000090 0.001038  -0.210782 -0.049994 0.042434
47  6.027514 -0.000273 -0.000239  -0.570839 -0.248307 -1.612092
48  -0.000002 11.691975 -0.000006  -1.261395 0.707226 0.936098
49  0.000003 -0.000001 -0.000000  2.881454 -0.000041 1.570856
50  -0.000006 -0.000015 0.000005  2.272644 -0.000030 1.570865
51  -6.070575 -3.786775 -3.842765  1.491275 -0.476584 -1.007878
52  0.000000 0.000000 0.000000  0.008153 -0.000259 0.000009
53  -0.000000 0.000000 -0.000000  1.565115 0.043565 -0.106862
54  3.179008 -16.188976 -1.788947  -1.738900 -0.594971 -1.866616
55  0.000001 -0.000001 0.000000  0.000000 -0.000000 -0.000002
56  0.000031 0.000028 0.000001  -1.571901 -0.044449 -0.106509
57  9.503819 -20.895756 -15.232958  1.570796 -0.000000 0.000000
58  -17.772699 4.002314 -16.454041  1.570796 -0.000000 0.000000
59  2.641719 -5.121701 -4.012496  1.570796 -0.000000 0.000000
60  -0.004311 0.001230 -0.000371  0.006898 -0.005534 -0.284229
61  2.805915 9.247737 -4.285480  1.570796 -0.000000 0.000000
62  0.000000 0.000000 0.000000  -0.078727 -3.136056 0.284226
63  0.000000 0.000000 0.000000  1.570805 -0.000000 0.000000
64  0.573450 -8.454119 -2.116264  0.179123 1.197940 -0.970430
65  -0.109378 -1.951952 -1.519205  0.000000 0.000000 0.000000
66  -0.109379 0.057027 25.399252  0.000000 0.000000 0.000000
67  -0.109379 -1.856732 0.287229  0.000000 0.000000 0.000000
68  -0.104048 -4.495924 7.879276  0.000000 0.000000 0.000000
69  -0.195265 4.332630 -6.347188  0.000000 0.000000 0.000000
70  -1.290113 3.693282 8.579666  0.022713 -0.014049 -0.017451
71  -0.121471 -1.314581 7.402087  0.000000 0.000000 0.000000
72  -1.107528 -1.063454 4.061648  0.000000 0.000000 0.000000
73  0.003659 1.612362 10.733982  -0.000000 -0.000000 -0.533002
74  1.294755 -13.420008 -0.228014  0.179123 1.197940 -0.970430
time 71
0  0.000006 0.000000 0.000000  -1.570800 -1.391899 -1.570792
1  -3.035934 5.753379 2.637399  -1.544956 -1.855077 -0.198630
2  6.027522 -0.000325 0.000192  -1.113554 -1.037767 -1.176819
3  11.692105 0.000644 -0.000737  -1.384601 -0.000055 -1.971376
4  11.478374 0.000447 -0.001612  0.969787 -0.824435 -0.173791
5  3.859509 -0.142880 -1.192048  -0.332311 -0.061520 -1.618951
6  1.312590 0.000011 0.000008  -0.075839 0.162921 -0.778363
7  0.729354 0.000054 0.000049  -0.264116 -0.060610 -0.650712
8  3.942142 0.046272 -0.431511  -0.016356 -0.056925 -1.473351
9  1.539110 0.000084 0.000005  -0.005225 -0.000152 0.002097
10  1.196332 0.000146 0.000029  -0.019729 -0.113157 -1.296155
11  3.883504 -0.047270 0.431381  0.206801 -0.117762 -0.805304
12  1.719573 -0.000026 0.000014  0.007393 0.006832 -0.744901
13  1.209179 0.000090 0.000013  -0.018591 -0.093118 -1.023306
14  3.859661 -0.138477 1.332411  0.347271 -0.120444 -0.301586
15  1.719448 -0.000011 0.000022  0.067969 -0.101828 -0.833886
16  1.099675 0.000049 0.000006  -0.147921 -0.260109 -0.496206
17  0.805994 -0.349051 1.321254  -1.528242 -0.685827 -0.408463
18  1.789821 -0.000003 -0.000017  0.002431 0.042853 0.020274
19  1.207014 -0.000013 -0.000043  0.351992 -0.031153 0.266595
20  5.740638 0.000411 -0.000704  -0.397865 0.000003 0.000071
21  11.480684 0.000302 -0.000981  -0.109552 -0.137668 -0.089818
22  6.027525 -0.000329 0.000202  1.802667 -0.484487 1.495514
23  0.000005 11.692097 -0.000007  -1.307813 -0.755034 -0.954917
24  0.000002 0.000008 -0.000003  -0.515490 -0.000031 1.570739
25  -0.000001 -0.000012 -0.000001  0.868957 0.000002 1.570712
26  -5.862666 -8.337571 2.805915  1.473120 1.855075 -0.198639
27  6.027505 -0.000263 -0.000229  1.981560 0.551276 -0.197267
28  11.691991 0.000242 0.000856  0.608929 0.000076 -1.889615
29  11.478893 -0.000610 0.001430  -2.636569 -0.048062 0.211508
30  3.859436 -0.132787 1.193062  0.466149 -0.051826 -1.783918
31  1.312559 0.000026 0.000000  -0.013965 -0.041044 -0.156447
32  0.729345 0.000065 -0.000027  -0.128320 -0.117290 -0.954857
33  3.942046 0.050109 0.430997  0.211501 -0.107596 -1.469120
34  1.539097 0.000009 -0.000000  0.040712 -0.054386 -1.030469
35  1.196299 0.000076 -0.000004  -0.249391 -0.043040 -0.795121
36  3.883411 -0.050501 -0.431086  0.186407 -0.271796 -1.212184
37  1.719564 -0.000078 -0.000003  0.020974 -0.107650 -1.483528
38  1.209197 0.000035 0.000011  -0.324719 0.069674 -0.493483
39  3.859585 -0.149112 -1.331323  -0.110833 0.118346 -0.118772
40  1.719412 -0.000099 -0.000034  -0.019525 0.026216 -0.112669
41  1.099673 0.000024 0.000007  0.239119 0.043639 -0.299131
42  0.805979 -0.359854 -1.318338  0.991670 0.166767 -0.799535
43  1.789780 -0.000010 -0.000042  0.000057 -0.002451 0.133097
44  1.206997 -0.000006 0.000005  0.000373 -0.000070 1.058782
45  5.740572 0.000055 0.000724  -0.222048 -0.000014 0.000021
46  11.480722 -0.000087 0.001035  -0.210545 -0.051108 0.040528
47  6.027514 -0.000273 -0.000239  -0.570649 -0.247015 -1.612472
48  -0.000002 11.691976 -0.000007  -1.258665 0.704408 0.934909
49  0.000003 -0.000001 0.000000  2.881454 -0.000041 1.570856
50  -0.000007 -0.000015 0.000005  2.272644 -0.000030 1.570865
51  -6.111830 -3.821630 -3.841725  1.489021 -0.476271 -1.001186
52  0.000000 0.000000 -0.000000  0.008153 -0.000259 0.000009
53  0.000000 0.000000 0.000000  1.565115 0.043565 -0.106862
54  3.211588 -16.169621 -1.795125  -1.740767 -0.596283 -1.859910
55  0.000000 0.000000 -0.000000  0.000000 -0.000000 -0.000002
56  0.000030 0.000029 0.000001  -1.571901 -0.044449 -0.106509
57  9.503819 -20.895756 -15.232958  1.570796 -0.000000 0.000000
58  -17.772699 4.002314 -16.454041  1.570796 -0.000000 0.000000
59  2.641719 -5.121701 -4.012496  1.570796 -0.000000 0.000000
60  -0.004311 0.001230 -0.000371  0.006898 -0.005534 -0.284229
61  2.805915 9.247737 -4.285480  1.570796 -0.000000 0.000000
62  0.000000 0.000000 0.000000  -0.078727 -3.136056 0.284226
63  0.000000 0.000000 0.000000  1.570814 -0.000000 0.000000
64  0.561695 -8.449901 -2.123826  0.173654 1.198321 -0.969864
65  -0.109379 -1.951952 -1.519205  -0.000000 0.000000 0.000000
66  -0.109379 0.057026 25.399250  -0.000000 0.000000 0.000000
67  -0.109379 -1.856732 0.287230  -0.000000 0.000000 0.000000
68  -0.104048 -4.495923 7.879275  -0.000000 0.000000 0.000000
69  -0.195264 4.332629 -6.347188  -0.000000 0.000000 0.000000
70  -1.290112 3.693282 8.579666  0.022713 -0.014049 -0.017451
71  -0.121470 -1.314582 7.402088  -0.000000 0.000000 0.000000
72  -1.107529 -1.063453 4.061646  -0.000000 0.000000 0.000000
73  0.003658 1.612363 10.733980  0.000000 0.000000 -0.534450
74  1.314594 -13.410088 -0.232922  0.173654 1.198321 -0.969864
time 72
0  0.000006 0.000000 0.000000  -1.570800 -1.391899 -1.570792
1  -3.035934 5.753379 2.637399  -1.544956 -1.855077 -0.198630
2  6.027522 -0.000325 0.000192  -1.117384 -1.035925 -1.174988
3  11.692102 0.000644 -0.000738  -1.384601 -0.000055 -1.974542
4  11.478343 0.000442 -0.001623  0.976795 -0.826485 -0.179008
5  3.859511 -0.142880 -1.192049  -0.332311 -0.061520 -1.618951
6  1.312590 0.000012 0.000007  -0.075839 0.162921 -0.778363
7  0.729355 0.000054 0.000049  -0.264116 -0.060610 -0.650712
8  3.942145 0.046273 -0.431513  -0.016356 -0.056925 -1.473350
9  1.539110 0.000084 0.000005  -0.005225 -0.000152 0.002097
10  1.196332 0.000145 0.000028  -0.019729 -0.113157 -1.296155
11  3.883506 -0.047269 0.431381  0.206801 -0.117762 -0.805304
12  1.719572 -0.000029 0.000015  0.007393 0.006832 -0.744901
13  1.209178 0.000091 0.000012  -0.018591 -0.093118 -1.023306
14  3.859664 -0.138475 1.332410  0.347271 -0.120444 -0.301586
15  1.719449 -0.000012 0.000022  0.067969 -0.101828 -0.833886
16  1.099675 0.000045 0.000006  -0.147921 -0.260109 -0.496206
17  0.805996 -0.349050 1.321254  -1.528242 -0.685827 -0.408463
18  1.789822 -0.000002 -0.000018  0.002431 0.042853 0.020274
19  1.207014 -0.000013 -0.000044  0.351992 -0.031153 0.266595
20  5.740637 0.000410 -0.000703  -0.399399 0.000003 0.000070
21  11.480677 0.000301 -0.000982  -0.108575 -0.137953 -0.090333
22  6.027525 -0.000329 0.000202  1.805575 -0.485243 1.492694
23  0.000004 11.692097 -0.000008  -1.309732 -0.757008 -0.955645
24  0.000003 0.000009 -0.000002  -0.515490 -0.000030 1.570739
25  -0.000001 -0.000012 -0.000001  0.868957 0.000002 1.570712
26  -5.862666 -8.337571 2.805915  1.473120 1.855075 -0.198639
27  6.027505 -0.000263 -0.000229  1.983166 0.551647 -0.196624
28  11.691991 0.000242 0.000855  0.608929 0.000075 -1.884680
29  11.478936 -0.000589 0.001417  -2.635412 -0.056731 0.205489
30  3.859436 -0.132787 1.193061  0.466149 -0.051826 -1.783918
31  1.312558 0.000026 -0.000001  -0.013965 -0.041044 -0.156447
32  0.729344 0.000065 -0.000027  -0.128320 -0.117290 -0.954857
33  3.942046 0.050109 0.430997  0.211501 -0.107596 -1.469120
34  1.539096 0.000010 0.000000  0.040712 -0.054386 -1.030469
35  1.196300 0.000075 -0.000004  -0.249391 -0.043040 -0.795120
36  3.883411 -0.050502 -0.431087  0.186407 -0.271796 -1.212184
37  1.719563 -0.000078 -0.000004  0.020974 -0.107650 -1.483528
38  1.209197 0.000036 0.000011  -0.324719 0.069674 -0.493483
39  3.859585 -0.149112 -1.331323  -0.110833 0.118346 -0.118772
40  1.719412 -0.000099 -0.000035  -0.019525 0.026216 -0.112669
41  1.099674 0.000025 0.000007  0.239119 0.043639 -0.299131
42  0.805979 -0.359854 -1.318338  0.991670 0.166767 -0.799535
43  1.789780 -0.000009 -0.000042  0.000057 -0.002451 0.133097
44  1.206997 -0.000006 0.000005  0.000373 -0.000070 1.058782
45  5.740571 0.000055 0.000724  -0.223436 -0.000014 0.000021
46  11.480730 -0.000082 0.001033  -0.210270 -0.052218 0.038611
47  6.027514 -0.000273 -0.000239  -0.570810 -0.245607 -1.612631
48  -0.000002 11.691974 -0.000007  -1.255729 0.701377 0.933621
49  0.000003 -0.000001 -0.000001  2.881454 -0.000041 1.570856
50  -0.000006 -0.000015 0.000004  2.272644 -0.000030 1.570865
51  -6.151697 -3.859746 -3.838534  1.486905 -0.475977 -0.994420
52  0.000000 0.000000 0.000000  0.008153 -0.000259 0.000009
53  0.000000 0.000000 -0.000000  1.565115 0.043565 -0.106862
54  3.246686 -16.151896 -1.798698  -1.742522 -0.597515 -1.853127
55  0.000001 -0.000000 -0.000001  0.000000 -0.000000 -0.000002
56  0.000032 0.000029 0.000000  -1.571901 -0.044449 -0.106509
57  9.503819 -20.895756 -15.232958  1.570796 -0.000000 0.000000
58  -17.772699 4.002314 -16.454041  1.570796 -0.000000 0.000000
59  2.641719 -5.121701 -4.012496  1.570796 -0.000000 0.000000
60  -0.004311 0.001230 -0.000371  0.006898 -0.005534 -0.284229
61  2.805915 9.247737 -4.285480  1.570796 -0.000000 0.000000
62  0.000000 0.000000 0.000000  -0.078727 -3.136056 0.284226
63  0.000000 0.000000 0.000000  1.570826 -0.000000 0.000000
64  0.551520 -8.447923 -2.128710  0.168509 1.198668 -0.968861
65  -0.109378 -1.951951 -1.519205  0.000000 0.000000 0.000000
66  -0.109379 0.057027 25.399250  0.000000 0.000000 0.000000
67  -0.109378 -1.856732 0.287230  0.000000 0.000000 0.000000
68  -0.104047 -4.495923 7.879276  0.000000 0.000000 0.000000
69  -0.195264 4.332630 -6.347187  0.000000 0.000000 0.000000
70  -1.290112 3.693282 8.579670  0.022713 -0.014049 -0.017451
71  -0.121469 -1.314581 7.402089  0.000000 0.000000 0.000000
72  -1.107528 -1.063453 4.061648  0.000000 0.000000 0.000000
73  0.003659 1.612364 10.733980  -0.000000 0.000000 -0.535706
74  1.336443 -13.402189 -0.235312  0.168509 1.198668 -0.968861
time 73
0  0.000006 0.000000 0.000000  -1.570800 -1.391899 -1.570792
1  -3.035934 5.753379 2.637399  -1.544956 -1.855077 -0.198630
2  6.027522 -0.000325 0.000192  -1.121433 -1.034158 -1.173253
3  11.692102 0.000645 -0.000736  -1.384601 -0.000055 -1.977617
4  11.478314 0.000440 -0.001634  0.983594 -0.828510 -0.183656
5  3.859511 -0.142880 -1.192050  -0.332311 -0.061520 -1.618952
6  1.312590 0.000014 0.000009  -0.075839 0.162921 -0.778363
7  0.729354 0.000054 0.000049  -0.264116 -0.060610 -0.650712
8  3.942146 0.046273 -0.431512  -0.016356 -0.056925 -1.473350
9  1.539110 0.000084 0.000006  -0.005225 -0.000152 0.002097
10  1.196333 0.000146 0.000028  -0.019729 -0.113157 -1.296155
11  3.883508 -0.047269 0.431381  0.206801 -0.117762 -0.805305
12  1.719573 -0.000025 0.000015  0.007393 0.006832 -0.744901
13  1.209179 0.000089 0.000013  -0.018591 -0.093118 -1.023306
14  3.859666 -0.138475 1.332409  0.347271 -0.120444 -0.301586
15  1.719451 -0.000012 0.000022  0.067969 -0.101828 -0.833885
16  1.099675 0.000048 0.000006  -0.147921 -0.260109 -0.496206
17  0.805997 -0.349050 1.321254  -1.528242 -0.685827 -0.408463
18  1.789820 -0.000004 -0.000018  0.002431 0.042853 0.020274
19  1.207016 -0.000012 -0.000044  0.351992 -0.031153 0.266595
20  5.740636 0.000410 -0.000703  -0.401083 0.000003 0.000071
21  11.480669 0.000300 -0.000984  -0.107603 -0.138258 -0.090755
22  6.027525 -0.000329 0.000202  1.808569 -0.485866 1.489550
23  0.000004 11.692098 -0.000007  -1.311597 -0.758926 -0.956348
24  0.000004 0.000009 -0.000000  -0.515490 -0.000031 1.570739
25  -0.000001 -0.000011 -0.000001  0.868957 0.000002 1.570712
26  -5.862666 -8.337571 2.805915  1.473120 1.855075 -0.198639
27  6.027505 -0.000263 -0.000229  1.984747 0.552313 -0.195858
28  11.691992 0.000243 0.000856  0.608929 0.000075 -1.879660
29  11.478980 -0.000572 0.001406  -2.634109 -0.065100 0.199631
30  3.859436 -0.132787 1.193062  0.466149 -0.051826 -1.783918
31  1.312558 0.000025 0.000000  -0.013965 -0.041044 -0.156447
32  0.729345 0.000065 -0.000027  -0.128320 -0.117290 -0.954857
33  3.942047 0.050109 0.430998  0.211501 -0.107596 -1.469120
34  1.539096 0.000010 0.000001  0.040712 -0.054386 -1.030469
35  1.196300 0.000076 -0.000004  -0.249391 -0.043040 -0.795120
36  3.883411 -0.050501 -0.431087  0.186407 -0.271796 -1.212184
37  1.719563 -0.000078 -0.000004  0.020974 -0.107650 -1.483528
38  1.209197 0.000036 0.000011  -0.324719 0.069674 -0.493483
39  3.859586 -0.149111 -1.331323  -0.110833 0.118346 -0.118772
40  1.719412 -0.000100 -0.000034  -0.019525 0.026216 -0.112669
41  1.099673 0.000025 0.000007  0.239119 0.043639 -0.299131
42  0.805979 -0.359854 -1.318338  0.991670 0.166767 -0.799535
43  1.789779 -0.000009 -0.000043  0.000057 -0.002451 0.133097
44  1.206996 -0.000006 0.000005  0.000373 -0.000070 1.058782
45  5.740573 0.000054 0.000725  -0.224742 -0.000014 0.000021
46  11.480741 -0.000079 0.001031  -0.209972 -0.053284 0.036752
47  6.027514 -0.000273 -0.000239  -0.571274 -0.244174 -1.612582
48  -0.000000 11.691974 -0.000005  -1.252745 0.698298 0.932302
49  0.000002 -0.000001 -0.000000  2.881454 -0.000041 1.570856
50  -0.000006 -0.000015 0.000006  2.272644 -0.000030 1.570865
51  -6.188410 -3.899034 -3.833729  1.484957 -0.475707 -0.987764
52  0.000000 0.000000 0.000000  0.008153 -0.000259 0.000009
53  0.000000 0.000000 0.000000  1.565115 0.043565 -0.106862
54  3.283915 -16.135332 -1.800106  -1.744138 -0.598648 -1.846453
55  0.000001 0.000000 0.000001  0.000000 -0.000000 -0.000002
56  0.000031 0.000029 0.000002  -1.571901 -0.044449 -0.106509
57  9.503819 -20.895756 -15.232958  1.570796 -0.000000 0.000000
58  -17.772699 4.002314 -16.454041  1.570796 -0.000000 0.000000
59  2.641719 -5.121701 -4.012496  1.570796 -0.000000 0.000000
60  -0.004311 0.001230 -0.000371  0.006898 -0.005534 -0.284229
61  2.805915 9.247737 -4.285480  1.570796 -0.000000 0.000000
62  0.000000 0.000000 0.000000  -0.078727 -3.136056 0.284226
63  0.000000 0.000000 0.000000  1.570844 -0.000000 0.000000
64  0.543862 -8.447258 -2.131333  0.163765 1.198978 -0.967516
65  -0.109379 -1.951951 -1.519205  0.000000 0.000000 0.000000
66  -0.109379 0.057027 25.399252  0.000000 0.000000 0.000000
67  -0.109379 -1.856732 0.287230  0.000000 0.000000 0.000000
68  -0.104047 -4.495924 7.879278  0.000000 0.000000 0.000000
69  -0.195264 4.332631 -6.347187  0.000000 0.000000 0.000000
70  -1.290111 3.693283 8.579670  0.022713 -0.014049 -0.017451
71  -0.121470 -1.314581 7.402088  0.000000 0.000000 0.000000
72  -1.107528 -1.063453 4.061648  0.000000 0.000000 0.000000
73  0.003659 1.612362 10.733983  -0.000000 0.000000 -0.536782
74  1.360351 -13.395541 -0.235641  0.163765 1.198978 -0.967516
time 74
0  0.000006 0.000000 0.000000  -1.570800 -1.391899 -1.570792
1  -3.035934 5.753379 2.637399  -1.544956 -1.855077 -0.198630
2  6.027522 -0.000325 0.000192  -1.125765 -1.032409 -1.171566
3  11.692103 0.000645 -0.000737  -1.384602 -0.000055 -1.980659
4  11.478287 0.000437 -0.001648  0.989926 -0.830471 -0.187483
5  3.859509 -0.142880 -1.192050  -0.332311 -0.061520 -1.618951
6  1.312591 0.000009 0.000006  -0.075839 0.162921 -0.778363
7  0.729355 0.000054 0.000049  -0.264116 -0.060610 -0.650712
8  3.942143 0.046273 -0.431513  -0.016356 -0.056925 -1.473350
9  1.539111 0.000083 0.000006  -0.005225 -0.000152 0.002097
10  1.196332 0.000147 0.000029  -0.019729 -0.113157 -1.296155
11  3.883505 -0.047268 0.431381  0.206801 -0.117762 -0.805304
12  1.719573 -0.000028 0.000015  0.007393 0.006832 -0.744901
13  1.209178 0.000093 0.000011  -0.018591 -0.093118 -1.023306
14  3.859664 -0.138475 1.332410  0.347271 -0.120444 -0.301586
15  1.719449 -0.000012 0.000022  0.067969 -0.101828 -0.833886
16  1.099675 0.000049 0.000006  -0.147921 -0.260109 -0.496206
17  0.805995 -0.349050 1.321253  -1.528242 -0.685827 -0.408463
18  1.789821 -0.000003 -0.000020  0.002431 0.042853 0.020274
19  1.207016 -0.000012 -0.000042  0.351992 -0.031153 0.266595
20  5.740636 0.000410 -0.000705  -0.402928 0.000003 0.000070
21  11.480664 0.000299 -0.000989  -0.106669 -0.138580 -0.091057
22  6.027525 -0.000329 0.000202  1.811708 -0.486388 1.486049
23  0.000003 11.692099 -0.000007  -1.313444 -0.760825 -0.957040
24  0.000003 0.000008 0.000000  -0.515490 -0.000030 1.570738
25  -0.000001 -0.000011 -0.000002  0.868957 0.000002 1.570712
26  -5.862666 -8.337571 2.805915  1.473120 1.855075 -0.198639
27  6.027505 -0.000263 -0.000229  1.986166 0.553258 -0.195017
28  11.691993 0.000243 0.000856  0.608929 0.000075 -1.874830
29  11.479022 -0.000552 0.001392  -2.632738 -0.072796 0.194165
30  3.859436 -0.132787 1.193062  0.466149 -0.051826 -1.783918
31  1.312558 0.000026 -0.000000  -0.013965 -0.041044 -0.156447
32  0.729345 0.000065 -0.000027  -0.128320 -0.117290 -0.954857
33  3.942046 0.050109 0.430997  0.211501 -0.107596 -1.469120
34  1.539097 0.000009 -0.000000  0.040712 -0.054386 -1.030469
35  1.196299 0.000076 -0.000003  -0.249391 -0.043040 -0.795120
36  3.883411 -0.050502 -0.431087  0.186407 -0.271796 -1.212184
37  1.719563 -0.000079 -0.000004  0.020974 -0.107650 -1.483528
38  1.209197 0.000036 0.000012  -0.324719 0.069674 -0.493483
39  3.859585 -0.149112 -1.331323  -0.110833 0.118346 -0.118772
40  1.719412 -0.000100 -0.000034  -0.019525 0.026216 -0.112669
41  1.099674 0.000024 0.000007  0.239119 0.043639 -0.299131
42  0.805979 -0.359853 -1.318338  0.991670 0.166767 -0.799535
43  1.789779 -0.000008 -0.000042  0.000057 -0.002451 0.133097
44  1.206996 -0.000006 0.000005  0.000372 -0.000070 1.058781
45  5.740571 0.000056 0.000724  -0.225911 -0.000014 0.000021
46  11.480747 -0.000074 0.001028  -0.209669 -0.054256 0.035028
47  6.027514 -0.000273 -0.000239  -0.572046 -0.242836 -1.612299
48  -0.000002 11.691974 -0.000006  -1.249876 0.695337 0.931025
49  0.000003 -0.000000 -0.000000  2.881454 -0.000041 1.570856
50  -0.000007 -0.000015 0.000005  2.272644 -0.000030 1.570865
51  -6.219330 -3.937590 -3.827867  1.483215 -0.475464 -0.981403
52  0.000000 0.000000 -0.000000  0.008153 -0.000259 0.000009
53  0.000000 0.000000 0.000000  1.565115 0.043565 -0.106862
54  3.323816 -16.119659 -1.799793  -1.745586 -0.599662 -1.840073
55  0.000001 -0.000001 -0.000000  0.000000 -0.000000 -0.000002
56  0.000031 0.000027 0.000001  -1.571901 -0.044449 -0.106509
57  9.503819 -20.895756 -15.232958  1.570796 -0.000000 0.000000
58  -17.772699 4.002314 -16.454041  1.570796 -0.000000 0.000000
59  2.641719 -5.121701 -4.012496  1.570796 -0.000000 0.000000
60  -0.004311 0.001230 -0.000371  0.006898 -0.005534 -0.284229
61  2.805915 9.247737 -4.285480  1.570796 -0.000000 0.000000
62  0.000000 0.000000 0.000000  -0.078727 -3.136056 0.284226
63  0.000000 0.000000 0.000000  1.570867 -0.000000 0.000000
64  0.540559 -8.447170 -2.132114  0.159514 1.199248 -0.965914
65  -0.109378 -1.951951 -1.519205  -0.000000 -0.000000 0.000000
66  -0.109378 0.057027 25.399254  -0.000000 -0.000000 0.000000
67  -0.109378 -1.856732 0.287230  -0.000000 -0.000000 0.000000
68  -0.104047 -4.495923 7.879277  -0.000000 -0.000000 0.000000
69  -0.195264 4.332631 -6.347187  -0.000000 -0.000000 0.000000
70  -1.290112 3.693284 8.579669  0.022713 -0.014049 -0.017451
71  -0.121469 -1.314581 7.402089  -0.000000 -0.000000 0.000000
72  -1.107528 -1.063453 4.061648  -0.000000 -0.000000 0.000000
73  0.003660 1.612364 10.733983  0.000000 -0.000000 -0.537692
74  1.387262 -13.389585 -0.234368  0.159514 1.199248 -0.965914
time 75
0  0.000006 0.000000 0.000000  -1.570800 -1.391899 -1.570792
1  -3.035934 5.753379 2.637399  -1.544956 -1.855077 -0.198630
2  6.027522 -0.000325 0.000192  -1.130265 -1.032320 -1.171425
3  11.692101 0.000645 -0.000737  -1.384601 -0.000055 -1.982878
4  11.478268 0.000436 -0.001657  0.995086 -0.833219 -0.188673
5  3.859510 -0.142879 -1.192050  -0.332311 -0.061520 -1.618951
6  1.312590 0.000012 0.000007  -0.075839 0.162921 -0.778363
7  0.729354 0.000054 0.000049  -0.264116 -0.060610 -0.650713
8  3.942143 0.046273 -0.431513  -0.016356 -0.056925 -1.473350
9  1.539111 0.000081 0.000005  -0.005225 -0.000152 0.002097
10  1.196333 0.000144 0.000028  -0.019729 -0.113157 -1.296155
11  3.883504 -0.047269 0.431380  0.206801 -0.117762 -0.805305
12  1.719573 -0.000026 0.000016  0.007393 0.006832 -0.744901
13  1.209179 0.000092 0.000012  -0.018591 -0.093118 -1.023306
14  3.859663 -0.138475 1.332409  0.347271 -0.120443 -0.301586
15  1.719448 -0.000012 0.000022  0.067969 -0.101828 -0.833886
16  1.099675 0.000048 0.000006  -0.147921 -0.260109 -0.496206
17  0.805995 -0.349050 1.321252  -1.528242 -0.685827 -0.408463
18  1.789821 -0.000003 -0.000019  0.002431 0.042853 0.020274
19  1.207015 -0.000012 -0.000043  0.351992 -0.031153 0.266595
20  5.740636 0.000410 -0.000703  -0.406019 0.000003 0.000071
21  11.480660 0.000299 -0.000990  -0.105771 -0.139150 -0.090993
22  6.027525 -0.000329 0.000202  1.814062 -0.485388 1.481227
23  0.000003 11.692097 -0.000008  -1.314792 -0.762211 -0.957543
24  0.000003 0.000007 0.000000  -0.515490 -0.000031 1.570739
25  -0.000001 -0.000011 -0.000001  0.868957 0.000002 1.570712
26  -5.862666 -8.337571 2.805915  1.473120 1.855075 -0.198639
27  6.027505 -0.000263 -0.000229  1.989072 0.555640 -0.193089
28  11.691991 0.000242 0.000856  0.608929 0.000074 -1.869938
29  11.479065 -0.000535 0.001379  -2.630758 -0.079940 0.190637
30  3.859436 -0.132787 1.193063  0.466149 -0.051826 -1.783918
31  1.312558 0.000026 -0.000000  -0.013965 -0.041044 -0.156447
32  0.729345 0.000065 -0.000027  -0.128320 -0.117290 -0.954857
33  3.942046 0.050109 0.430997  0.211501 -0.107596 -1.469120
34  1.539097 0.000010 0.000001  0.040712 -0.054386 -1.030469
35  1.196300 0.000076 -0.000004  -0.249391 -0.043040 -0.795120
36  3.883411 -0.050502 -0.431086  0.186407 -0.271796 -1.212184
37  1.719564 -0.000079 -0.000004  0.020974 -0.107650 -1.483528
38  1.209197 0.000036 0.000011  -0.324719 0.069674 -0.493483
39  3.859585 -0.149112 -1.331322  -0.110833 0.118346 -0.118772
40  1.719412 -0.000100 -0.000034  -0.019525 0.026216 -0.112668
41  1.099672 0.000025 0.000007  0.239119 0.043639 -0.299131
42  0.805979 -0.359854 -1.318338  0.991670 0.166767 -0.799535
43  1.789779 -0.000010 -0.000043  0.000057 -0.002451 0.133097
44  1.206996 -0.000007 0.000005  0.000372 -0.000070 1.058782
45  5.740571 0.000055 0.000723  -0.226744 -0.000014 0.000021
46  11.480757 -0.000072 0.001025  -0.209219 -0.055283 0.033718
47  6.027514 -0.000273 -0.000239  -0.574083 -0.240031 -1.611415
48  -0.000002 11.691975 -0.000006  -1.246972 0.692341 0.929723
49  0.000004 -0.000002 -0.000000  2.881454 -0.000041 1.570856
50  -0.000007 -0.000015 0.000005  2.272644 -0.000030 1.570865
51  -6.240957 -3.974994 -3.797979  1.481724 -0.475256 -0.975522
52  -0.000000 0.000000 0.000000  0.008153 -0.000259 0.000009
53  0.000000 0.000000 0.000000  1.565115 0.043565 -0.106862
54  3.367840 -16.106142 -1.774651  -1.746827 -0.600530 -1.834175
55  -0.000001 0.000000 0.000000  0.000000 -0.000000 -0.000002
56  0.000029 0.000028 0.000001  -1.571902 -0.044449 -0.106509
57  9.503819 -20.895756 -15.232958  1.570796 -0.000000 0.000000
58  -17.772699 4.002314 -16.454041  1.570796 -0.000000 0.000000
59  2.641719 -5.121701 -4.012496  1.570796 -0.000000 0.000000
60  -0.004311 0.001230 -0.000371  0.006898 -0.005534 -0.284229
61  2.805915 9.247737 -4.285480  1.570796 -0.000000 0.000000
62  0.000000 0.000000 0.000000  -0.078727 -3.136056 0.284226
63  0.000000 0.000000 0.000000  1.570897 -0.000000 0.000000
64  0.544338 -8.448410 -2.107915  0.155867 1.199474 -0.964114
65  -0.109379 -1.951951 -1.519205  -0.000000 0.000000 -0.000000
66  -0.109379 0.057025 25.399254  -0.000000 0.000000 -0.000000
67  -0.109379 -1.856732 0.287229  -0.000000 0.000000 -0.000000
68  -0.104047 -4.495924 7.879278  -0.000000 0.000000 -0.000000
69  -0.195264 4.332631 -6.347188  -0.000000 0.000000 -0.000000
70  -1.290113 3.693284 8.579668  0.022713 -0.014049 -0.017451
71  -0.121470 -1.314582 7.402088  -0.000000 0.000000 -0.000000
72  -1.107529 -1.063453 4.061647  -0.000000 0.000000 -0.000000
73  0.003659 1.612363 10.733982  -0.000000 0.000000 -0.538451
74  1.419027 -13.385274 -0.208411  0.155867 1.199474 -0.964114
time 76
0  0.000006 0.000000 0.000000  -1.570800 -1.391899 -1.570792
1  -3.035934 5.753379 2.637399  -1.544956 -1.855077 -0.198630
2  6.027522 -0.000325 0.000192  -1.134685 -1.035043 -1.173822
3  11.692104 0.000645 -0.000737  -1.384602 -0.000055 -1.983553
4  11.478263 0.000437 -0.001659  0.998577 -0.837203 -0.186154
5  3.859509 -0.142879 -1.192050  -0.332311 -0.061520 -1.618951
6  1.312589 0.000012 0.000006  -0.075839 0.162921 -0.778363
7  0.729356 0.000054 0.000048  -0.264116 -0.060610 -0.650712
8  3.942143 0.046272 -0.431513  -0.016356 -0.056925 -1.473350
9  1.539111 0.000083 0.000005  -0.005224 -0.000152 0.002097
10  1.196332 0.000145 0.000030  -0.019729 -0.113157 -1.296155
11  3.883505 -0.047268 0.431381  0.206801 -0.117762 -0.805304
12  1.719573 -0.000026 0.000015  0.007393 0.006832 -0.744901
13  1.209178 0.000094 0.000012  -0.018591 -0.093118 -1.023306
14  3.859662 -0.138475 1.332409  0.347271 -0.120444 -0.301586
15  1.719448 -0.000012 0.000022  0.067969 -0.101828 -0.833886
16  1.099675 0.000050 0.000006  -0.147921 -0.260109 -0.496206
17  0.805995 -0.349049 1.321253  -1.528242 -0.685827 -0.408463
18  1.789820 -0.000002 -0.000018  0.002431 0.042853 0.020274
19  1.207017 -0.000012 -0.000043  0.351992 -0.031153 0.266595
20  5.740637 0.000410 -0.000702  -0.410998 0.000003 0.000071
21  11.480660 0.000300 -0.000989  -0.104925 -0.140089 -0.090421
22  6.027525 -0.000329 0.000202  1.814864 -0.481921 1.474660
23  0.000004 11.692097 -0.000006  -1.315202 -0.762632 -0.957695
24  0.000003 0.000008 -0.000001  -0.515490 -0.000031 1.570739
25  -0.000002 -0.000012 -0.000000  0.868957 0.000002 1.570712
26  -5.862666 -8.337571 2.805915  1.473120 1.855075 -0.198639
27  6.027505 -0.000263 -0.000229  1.994540 0.560161 -0.189399
28  11.691992 0.000243 0.000855  0.608929 0.000074 -1.864698
29  11.479113 -0.000515 0.001366  -2.627848 -0.086627 0.189938
30  3.859436 -0.132787 1.193061  0.466149 -0.051826 -1.783918
31  1.312559 0.000025 -0.000001  -0.013965 -0.041044 -0.156447
32  0.729345 0.000066 -0.000027  -0.128320 -0.117290 -0.954857
33  3.942046 0.050109 0.430996  0.211501 -0.107596 -1.469120
34  1.539097 0.000010 0.000000  0.040712 -0.054386 -1.030469
35  1.196299 0.000076 -0.000004  -0.249391 -0.043040 -0.795120
36  3.883411 -0.050501 -0.431087  0.186407 -0.271796 -1.212184
37  1.719564 -0.000079 -0.000003  0.020974 -0.107650 -1.483528
38  1.209197 0.000035 0.000011  -0.324719 0.069674 -0.493483
39  3.859585 -0.149111 -1.331324  -0.110833 0.118346 -0.118772
40  1.719412 -0.000099 -0.000034  -0.019525 0.026216 -0.112669
41  1.099673 0.000025 0.000006  0.239119 0.043639 -0.299131
42  0.805979 -0.359853 -1.318339  0.991670 0.166767 -0.799535
43  1.789779 -0.000009 -0.000042  0.000057 -0.002451 0.133097
44  1.206997 -0.000006 0.000005  0.000372 -0.000070 1.058782
45  5.740573 0.000054 0.000724  -0.227137 -0.000014 0.000021
46  11.480767 -0.000069 0.001023  -0.208534 -0.056455 0.032983
47  6.027514 -0.000273 -0.000239  -0.577961 -0.234763 -1.609708
48  -0.000003 11.691976 -0.000006  -1.243865 0.689136 0.928320
49  0.000003 -0.000001 -0.000001  2.881454 -0.000041 1.570856
50  -0.000007 -0.000015 0.000005  2.272644 -0.000030 1.570865
51  -6.252110 -4.011762 -3.729668  1.480540 -0.475091 -0.970310
52  0.000000 0.000000 -0.000000  0.008153 -0.000259 0.000009
53  -0.000000 0.000000 -0.000000  1.565115 0.043565 -0.106862
54  3.415191 -16.096970 -1.710100  -1.747812 -0.601219 -1.828946
55  -0.000000 0.000000 -0.000000  0.000000 -0.000000 -0.000002
56  0.000029 0.000029 0.000000  -1.571901 -0.044449 -0.106509
57  9.503819 -20.895756 -15.232958  1.570796 -0.000000 0.000000
58  -17.772699 4.002314 -16.454041  1.570796 -0.000000 0.000000
59  2.641719 -5.121701 -4.012496  1.570796 -0.000000 0.000000
60  -0.004311 0.001230 -0.000371  0.006898 -0.005534 -0.284229
61  2.805915 9.247737 -4.285480  1.570796 -0.000000 0.000000
62  0.000000 0.000000 0.000000  -0.078727 -3.136056 0.284226
63  0.000000 0.000000 0.000000  1.570935 -0.000000 0.000000
64  0.555629 -8.452662 -2.044117  0.152970 1.199650 -0.962143
65  -0.109378 -1.951951 -1.519205  0.000000 -0.000000 -0.000000
66  -0.109379 0.057028 25.399252  0.000000 -0.000000 -0.000000
67  -0.109378 -1.856732 0.287231  0.000000 -0.000000 -0.000000
68  -0.104047 -4.495923 7.879277  0.000000 -0.000000 -0.000000
69  -0.195264 4.332630 -6.347187  0.000000 -0.000000 -0.000000
70  -1.290112 3.693283 8.579666  0.022713 -0.014049 -0.017451
71  -0.121470 -1.314581 7.402088  0.000000 -0.000000 -0.000000
72  -1.107528 -1.063453 4.061648  0.000000 -0.000000 -0.000000
73  0.003659 1.612364 10.733982  0.000000 -0.000000 -0.539072
74  1.455195 -13.384517 -0.143219  0.152970 1.199650 -0.962143
time 77
0  0.000006 0.000000 0.000000  -1.570800 -1.391899 -1.570792
1  -3.035934 5.753379 2.637399  -1.544956 -1.855077 -0.198630
2  6.027522 -0.000325 0.000192  -1.139042 -1.039723 -1.177903
3  11.692103 0.000644 -0.000737  -1.384602 -0.000055 -1.982852
4  11.478270 0.000436 -0.001655  1.000350 -0.841708 -0.180597
5  3.859509 -0.142879 -1.192050  -0.332311 -0.061520 -1.618951
6  1.312590 0.000012 0.000006  -0.075839 0.162921 -0.778363
7  0.729354 0.000054 0.000048  -0.264116 -0.060610 -0.650712
8  3.942144 0.046274 -0.431512  -0.016356 -0.056925 -1.473351
9  1.539111 0.000084 0.000005  -0.005225 -0.000152 0.002097
10  1.196333 0.000144 0.000030  -0.019729 -0.113157 -1.296155
11  3.883506 -0.047269 0.431382  0.206801 -0.117762 -0.805305
12  1.719573 -0.000026 0.000015  0.007393 0.006832 -0.744901
13  1.209178 0.000091 0.000012  -0.018591 -0.093118 -1.023305
14  3.859663 -0.138475 1.332410  0.347271 -0.120444 -0.301586
15  1.719450 -0.000012 0.000022  0.067969 -0.101828 -0.833886
16  1.099675 0.000051 0.000006  -0.147921 -0.260109 -0.496206
17  0.805994 -0.349050 1.321253  -1.528242 -0.685827 -0.408463
18  1.789823 -0.000004 -0.000018  0.002431 0.042853 0.020274
19  1.207015 -0.000011 -0.000042  0.351992 -0.031153 0.266595
20  5.740638 0.000410 -0.000702  -0.417222 0.000003 0.000070
21  11.480661 0.000300 -0.000988  -0.104186 -0.141226 -0.089442
22  6.027525 -0.000329 0.000202  1.814556 -0.476750 1.466969
23  0.000004 11.692098 -0.000008  -1.314776 -0.762195 -0.957537
24  0.000003 0.000008 -0.000001  -0.515490 -0.000031 1.570739
25  -0.000001 -0.000011 -0.000002  0.868957 0.000002 1.570712
26  -5.862666 -8.337571 2.805915  1.473120 1.855075 -0.198639
27  6.027505 -0.000263 -0.000229  2.001504 0.566223 -0.184479
28  11.691992 0.000243 0.000855  0.608929 0.000074 -1.859309
29  11.479157 -0.000492 0.001351  -2.624425 -0.092369 0.191345
30  3.859437 -0.132788 1.193061  0.466149 -0.051826 -1.783918
31  1.312558 0.000025 0.000000  -0.013965 -0.041044 -0.156447
32  0.729345 0.000066 -0.000027  -0.128320 -0.117290 -0.954857
33  3.942046 0.050109 0.430996  0.211501 -0.107596 -1.469120
34  1.539096 0.000009 0.000000  0.040712 -0.054386 -1.030469
35  1.196299 0.000076 -0.000003  -0.249391 -0.043040 -0.795121
36  3.883411 -0.050502 -0.431088  0.186407 -0.271796 -1.212184
37  1.719563 -0.000079 -0.000003  0.020974 -0.107650 -1.483528
38  1.209197 0.000035 0.000012  -0.324719 0.069674 -0.493483
39  3.859585 -0.149112 -1.331324  -0.110833 0.118346 -0.118772
40  1.719412 -0.000100 -0.000034  -0.019525 0.026216 -0.112669
41  1.099674 0.000024 0.000007  0.239119 0.043639 -0.299131
42  0.805979 -0.359854 -1.318339  0.991670 0.166767 -0.799535
43  1.789779 -0.000009 -0.000042  0.000057 -0.002451 0.133097
44  1.206997 -0.000006 0.000005  0.000372 -0.000070 1.058782
45  5.740571 0.000056 0.000724  -0.227147 -0.000014 0.000021
46  11.480775 -0.000062 0.001020  -0.207718 -0.057621 0.032731
47  6.027514 -0.000273 -0.000239  -0.583220 -0.228038 -1.607300
48  -0.000002 11.691974 -0.000006  -1.240671 0.685843 0.926868
49  0.000003 -0.000001 -0.000000  2.881454 -0.000041 1.570856
50  -0.000007 -0.000016 0.000005  2.272644 -0.000030 1.570865
51  -6.252241 -4.047947 -3.636431  1.479743 -0.474979 -0.965954
52  0.000000 0.000000 0.000001  0.008153 -0.000259 0.000009
53  0.000000 -0.000000 -0.000001  1.565115 0.043565 -0.106862
54  3.464514 -16.093851 -1.619396  -1.748477 -0.601683 -1.824580
55  0.000001 -0.000001 -0.000000  0.000000 -0.000000 -0.000002
56  0.000031 0.000028 0.000001  -1.571901 -0.044449 -0.106510
57  9.503819 -20.895756 -15.232958  1.570796 -0.000000 0.000000
58  -17.772699 4.002314 -16.454041  1.570796 -0.000000 0.000000
59  2.641719 -5.121701 -4.012496  1.570796 -0.000000 0.000000
60  -0.004311 0.001230 -0.000371  0.006898 -0.005534 -0.284229
61  2.805915 9.247737 -4.285480  1.570796 -0.000000 0.000000
62  0.000000 0.000000 0.000000  -0.078727 -3.136056 0.284226
63  0.000000 0.000000 0.000000  1.570981 -0.000000 0.000000
64  0.574254 -8.461122 -1.953920  0.151017 1.199766 -0.959973
65  -0.109379 -1.951951 -1.519206  0.000000 -0.000000 -0.000000
66  -0.109379 0.057026 25.399252  0.000000 -0.000000 -0.000000
67  -0.109379 -1.856732 0.287229  0.000000 -0.000000 -0.000000
68  -0.104048 -4.495924 7.879278  0.000000 -0.000000 -0.000000
69  -0.195264 4.332630 -6.347188  0.000000 -0.000000 -0.000000
70  -1.290113 3.693282 8.579666  0.022713 -0.014049 -0.017451
71  -0.121470 -1.314582 7.402088  0.000000 -0.000000 -0.000000
72  -1.107529 -1.063453 4.061648  0.000000 -0.000000 -0.000000
73  0.003658 1.612363 10.733982  0.000000 -0.000000 -0.539569
74  1.494723 -13.388754 -0.052080  0.151017 1.199766 -0.959973
time 78
0  0.000006 0.000000 0.000000  -1.570800 -1.391899 -1.570792
1  -3.035934 5.753379 2.637399  -1.544956 -1.855077 -0.198630
2  6.027522 -0.000325 0.000192  -1.143353 -1.045488 -1.182837
3  11.692102 0.000642 -0.000736  -1.384602 -0.000055 -1.980866
4  11.478287 0.000438 -0.001648  1.000350 -0.845946 -0.172642
5  3.859508 -0.142881 -1.192049  -0.332311 -0.061520 -1.618951
6  1.312589 0.000012 0.000006  -0.075839 0.162921 -0.778363
7  0.729355 0.000053 0.000050  -0.264116 -0.060610 -0.650713
8  3.942143 0.046273 -0.431511  -0.016356 -0.056925 -1.473350
9  1.539111 0.000084 0.000005  -0.005225 -0.000152 0.002097
10  1.196333 0.000146 0.000029  -0.019729 -0.113157 -1.296155
11  3.883506 -0.047269 0.431382  0.206801 -0.117762 -0.805304
12  1.719573 -0.000029 0.000016  0.007393 0.006832 -0.744901
13  1.209180 0.000092 0.000012  -0.018591 -0.093118 -1.023306
14  3.859662 -0.138476 1.332410  0.347271 -0.120444 -0.301586
15  1.719450 -0.000012 0.000022  0.067969 -0.101828 -0.833886
16  1.099675 0.000051 0.000006  -0.147921 -0.260109 -0.496206
17  0.805994 -0.349050 1.321254  -1.528242 -0.685827 -0.408463
18  1.789821 -0.000003 -0.000018  0.002431 0.042853 0.020274
19  1.207015 -0.000012 -0.000044  0.351992 -0.031153 0.266595
20  5.740636 0.000410 -0.000703  -0.423949 0.000003 0.000071
21  11.480665 0.000300 -0.000988  -0.103615 -0.142377 -0.088150
22  6.027525 -0.000329 0.000202  1.813604 -0.470648 1.458746
23  0.000004 11.692098 -0.000008  -1.313570 -0.760955 -0.957087
24  0.000004 0.000008 0.000001  -0.515490 -0.000031 1.570739
25  -0.000001 -0.000011 -0.000001  0.868957 0.000002 1.570712
26  -5.862666 -8.337571 2.805915  1.473120 1.855075 -0.198639
27  6.027505 -0.000263 -0.000229  2.008894 0.573276 -0.178866
28  11.691994 0.000243 0.000857  0.608929 0.000073 -1.853869
29  11.479207 -0.000473 0.001335  -2.620876 -0.096708 0.194101
30  3.859436 -0.132788 1.193062  0.466149 -0.051826 -1.783918
31  1.312558 0.000026 -0.000000  -0.013965 -0.041044 -0.156447
32  0.729345 0.000065 -0.000028  -0.128320 -0.117290 -0.954857
33  3.942046 0.050109 0.430997  0.211501 -0.107596 -1.469120
34  1.539096 0.000009 0.000001  0.040712 -0.054386 -1.030469
35  1.196299 0.000076 -0.000003  -0.249391 -0.043040 -0.795120
36  3.883412 -0.050502 -0.431087  0.186407 -0.271796 -1.212184
37  1.719563 -0.000079 -0.000004  0.020974 -0.107650 -1.483528
38  1.209197 0.000035 0.000011  -0.324719 0.069674 -0.493483
39  3.859585 -0.149112 -1.331323  -0.110833 0.118346 -0.118772
40  1.719412 -0.000100 -0.000034  -0.019525 0.026216 -0.112668
41  1.099673 0.000025 0.000007  0.239119 0.043639 -0.299131
42  0.805979 -0.359854 -1.318338  0.991669 0.166767 -0.799535
43  1.789780 -0.000008 -0.000042  0.000057 -0.002451 0.133097
44  1.206996 -0.000007 0.000005  0.000373 -0.000070 1.058781
45  5.740572 0.000055 0.000724  -0.226832 -0.000014 0.000021
46  11.480786 -0.000059 0.001017  -0.206872 -0.058632 0.032859
47  6.027514 -0.000273 -0.000239  -0.589444 -0.220852 -1.604288
48  -0.000002 11.691975 -0.000007  -1.237449 0.682522 0.925392
49  0.000003 -0.000002 -0.000000  2.881454 -0.000041 1.570856
50  -0.000007 -0.000015 0.000004  2.272644 -0.000030 1.570865
51  -6.241058 -4.084671 -3.531892  1.479443 -0.474938 -0.962650
52  -0.000000 0.000000 0.000000  0.008153 -0.000259 0.000009
53  -0.000000 0.000000 0.000000  1.565115 0.043565 -0.106862
54  3.514293 -16.099499 -1.515808  -1.748726 -0.601857 -1.821271
55  0.000000 0.000000 -0.000001  0.000000 -0.000000 -0.000002
56  0.000030 0.000029 -0.000001  -1.571901 -0.044449 -0.106509
57  9.503819 -20.895756 -15.232958  1.570796 -0.000000 0.000000
58  -17.772699 4.002314 -16.454041  1.570796 -0.000000 0.000000
59  2.641719 -5.121701 -4.012496  1.570796 -0.000000 0.000000
60  -0.004311 0.001230 -0.000371  0.006898 -0.005534 -0.284229
61  2.805915 9.247737 -4.285480  1.570796 -0.000000 0.000000
62  0.000000 0.000000 0.000000  -0.078727 -3.136056 0.284226
63  0.000000 0.000000 0.000000  1.571036 -0.000000 0.000000
64  0.599790 -8.476002 -1.850523  0.150283 1.199809 -0.957489
65  -0.109379 -1.951952 -1.519205  -0.000000 0.000000 0.000000
66  -0.109379 0.057027 25.399254  -0.000000 0.000000 0.000000
67  -0.109379 -1.856732 0.287230  -0.000000 0.000000 0.000000
68  -0.104047 -4.495924 7.879278  -0.000000 0.000000 0.000000
69  -0.195264 4.332631 -6.347186  -0.000000 0.000000 0.000000
70  -1.290112 3.693284 8.579670  0.022713 -0.014049 -0.017451
71  -0.121470 -1.314581 7.402088  -0.000000 0.000000 0.000000
72  -1.107528 -1.063453 4.061648  -0.000000 0.000000 0.000000
73  0.003659 1.612364 10.733983  -0.000000 0.000000 -0.539957
74  1.536325 -13.400471 0.051669  0.150283 1.199809 -0.957489
time 79
0  0.000006 0.000000 0.000000  -1.570800 -1.391899 -1.570792
1  -3.035934 5.753379 2.637399  -1.544956 -1.855077 -0.198630
2  6.027522 -0.000325 0.000192  -1.147934 -1.051317 -1.187683
3  11.692103 0.000645 -0.000736  -1.384602 -0.000055 -1.977665
4  11.478315 0.000441 -0.001635  0.998811 -0.849448 -0.162178
5  3.859508 -0.142880 -1.192051  -0.332311 -0.061520 -1.618951
6  1.312590 0.000012 0.000007  -0.075839 0.162921 -0.778363
7  0.729354 0.000053 0.000050  -0.264116 -0.060610 -0.650713
8  3.942143 0.046273 -0.431513  -0.016356 -0.056925 -1.473350
9  1.539110 0.000087 0.000006  -0.005225 -0.000152 0.002097
10  1.196332 0.000145 0.000028  -0.019729 -0.113157 -1.296155
11  3.883503 -0.047270 0.431379  0.206801 -0.117762 -0.805305
12  1.719573 -0.000027 0.000016  0.007393 0.006832 -0.744901
13  1.209179 0.000095 0.000012  -0.018591 -0.093118 -1.023306
14  3.859663 -0.138475 1.332409  0.347271 -0.120444 -0.301586
15  1.719450 -0.000012 0.000022  0.067969 -0.101828 -0.833886
16  1.099675 0.000050 0.000005  -0.147921 -0.260109 -0.496206
17  0.805993 -0.349051 1.321252  -1.528242 -0.685826 -0.408463
18  1.789819 -0.000003 -0.000018  0.002431 0.042853 0.020274
19  1.207015 -0.000012 -0.000044  0.351992 -0.031153 0.266595
20  5.740637 0.000410 -0.000705  -0.430336 0.000003 0.000071
21  11.480671 0.000301 -0.000985  -0.103167 -0.143457 -0.086489
22  6.027525 -0.000329 0.000202  1.812709 -0.464438 1.450333
23  0.000003 11.692098 -0.000007  -1.311626 -0.758956 -0.956359
24  0.000004 0.000009 -0.000002  -0.515490 -0.000031 1.570739
25  -0.000001 -0.000011 -0.000001  0.868957 0.000002 1.570712
26  -5.862666 -8.337571 2.805915  1.473120 1.855075 -0.198639
27  6.027505 -0.000263 -0.000228  2.015301 0.580816 -0.173243
28  11.691992 0.000242 0.000857  0.608929 0.000073 -1.848099
29  11.479257 -0.000448 0.001318  -2.616749 -0.099028 0.196964
30  3.859436 -0.132787 1.193062  0.466149 -0.051826 -1.783918
31  1.312558 0.000026 -0.000000  -0.013965 -0.041044 -0.156447
32  0.729345 0.000066 -0.000028  -0.128320 -0.117290 -0.954857
33  3.942046 0.050109 0.430997  0.211501 -0.107596 -1.469120
34  1.539097 0.000010 0.000000  0.040712 -0.054386 -1.030469
35  1.196299 0.000077 -0.000003  -0.249391 -0.043040 -0.795120
36  3.883411 -0.050502 -0.431087  0.186407 -0.271796 -1.212184
37  1.719564 -0.000079 -0.000004  0.020974 -0.107650 -1.483528
38  1.209197 0.000036 0.000012  -0.324719 0.069674 -0.493483
39  3.859585 -0.149111 -1.331322  -0.110833 0.118346 -0.118772
40  1.719412 -0.000100 -0.000034  -0.019525 0.026216 -0.112669
41  1.099673 0.000025 0.000007  0.239119 0.043639 -0.299131
42  0.805978 -0.359853 -1.318337  0.991670 0.166767 -0.799535
43  1.789779 -0.000009 -0.000042  0.000057 -0.002451 0.133097
44  1.206997 -0.000006 0.000005  0.000372 -0.000070 1.058781
45  5.740571 0.000057 0.000724  -0.226089 -0.000014 0.000021
46  11.480796 -0.000053 0.001012  -0.205942 -0.059260 0.033186
47  6.027514 -0.000273 -0.000239  -0.596295 -0.214453 -1.600681
48  -0.000002 11.691976 -0.000004  -1.234035 0.679004 0.923816
49  0.000003 -0.000002 0.000000  2.881454 -0.000041 1.570856
50  -0.000008 -0.000015 0.000006  2.272644 -0.000030 1.570865
51  -6.218902 -4.127618 -3.433663  1.480799 -0.475127 -0.960706
52  -0.000000 0.000000 -0.000000  0.008153 -0.000259 0.000009
53  -0.000000 0.000000 0.000000  1.565115 0.043565 -0.106862
54  3.565011 -16.118473 -1.413276  -1.747597 -0.601068 -1.819346
55  -0.000000 0.000001 0.000000  0.000000 -0.000000 -0.000002
56  0.000030 0.000029 0.000001  -1.571901 -0.044449 -0.106509
57  9.503819 -20.895756 -15.232958  1.570796 -0.000000 0.000000
58  -17.772699 4.002314 -16.454041  1.570796 -0.000000 0.000000
59  2.641719 -5.121701 -4.012496  1.570796 -0.000000 0.000000
60  -0.004311 0.001230 -0.000371  0.006898 -0.005534 -0.284229
61  2.805915 9.247737 -4.285480  1.570796 -0.000000 0.000000
62  0.000000 0.000000 0.000000  -0.078727 -3.136056 0.284226
63  0.000000 0.000000 0.000000  1.571101 -0.000000 0.000000
64  0.631337 -8.502296 -1.747126  0.153604 1.199612 -0.951830
65  -0.109378 -1.951951 -1.519205  0.000000 0.000000 0.000000
66  -0.109378 0.057026 25.399254  0.000000 0.000000 0.000000
67  -0.109379 -1.856732 0.287229  0.000000 0.000000 0.000000
68  -0.104047 -4.495923 7.879276  0.000000 0.000000 0.000000
69  -0.195264 4.332631 -6.347187  0.000000 0.000000 0.000000
70  -1.290112 3.693284 8.579668  0.022713 -0.014049 -0.017451
71  -0.121470 -1.314580 7.402087  0.000000 0.000000 0.000000
72  -1.107528 -1.063453 4.061647  0.000000 0.000000 0.000000
73  0.003659 1.612364 10.733981  -0.000000 -0.000000 -0.540248
74  1.578410 -13.425365 0.153469  0.153604 1.199612 -0.951830
time 80
0  0.000006 0.000000 0.000000  -1.570800 -1.391899 -1.570792
1  -3.035934 5.753379 2.637399  -1.544956 -1.855077 -0.198630
2  6.027522 -0.000325 0.000192  -1.154625 -1.055516 -1.190866
3  11.692103 0.000645 -0.000737  -1.384601 -0.000055 -1.973359
4  11.478352 0.000443 -0.001620  0.997343 -0.853606 -0.145223
5  3.859508 -0.142880 -1.192049  -0.332311 -0.061520 -1.618951
6  1.312589 0.000011 0.000008  -0.075839 0.162921 -0.778363
7  0.729356 0.000054 0.000049  -0.264116 -0.060610 -0.650713
8  3.942142 0.046273 -0.431512  -0.016356 -0.056925 -1.473350
9  1.539110 0.000085 0.000005  -0.005224 -0.000152 0.002097
10  1.196332 0.000147 0.000029  -0.019729 -0.113157 -1.296155
11  3.883503 -0.047269 0.431381  0.206801 -0.117762 -0.805305
12  1.719573 -0.000026 0.000014  0.007393 0.006832 -0.744901
13  1.209179 0.000090 0.000012  -0.018591 -0.093118 -1.023306
14  3.859662 -0.138475 1.332410  0.347271 -0.120444 -0.301586
15  1.719450 -0.000011 0.000022  0.067969 -0.101828 -0.833886
16  1.099675 0.000049 0.000005  -0.147921 -0.260109 -0.496206
17  0.805992 -0.349051 1.321254  -1.528242 -0.685827 -0.408463
18  1.789821 -0.000003 -0.000019  0.002431 0.042853 0.020274
19  1.207016 -0.000013 -0.000044  0.351992 -0.031153 0.266595
20  5.740635 0.000410 -0.000703  -0.435496 0.000003 0.000071
21  11.480678 0.000301 -0.000983  -0.102276 -0.144915 -0.083658
22  6.027525 -0.000329 0.000202  1.813665 -0.459161 1.440909
23  0.000005 11.692097 -0.000009  -1.309015 -0.756270 -0.955374
24  0.000004 0.000009 0.000001  -0.515490 -0.000031 1.570739
25  -0.000000 -0.000011 -0.000003  0.868957 0.000002 1.570712
26  -5.862666 -8.337571 2.805915  1.473120 1.855075 -0.198639
27  6.027505 -0.000263 -0.000228  2.017568 0.588427 -0.168932
28  11.691991 0.000242 0.000856  0.608929 0.000072 -1.840057
29  11.479328 -0.000417 0.001296  -2.607321 -0.097732 0.196297
30  3.859436 -0.132787 1.193062  0.466149 -0.051826 -1.783918
31  1.312559 0.000027 0.000001  -0.013965 -0.041044 -0.156447
32  0.729345 0.000066 -0.000027  -0.128320 -0.117290 -0.954857
33  3.942046 0.050109 0.430997  0.211501 -0.107596 -1.469120
34  1.539097 0.000010 -0.000000  0.040712 -0.054386 -1.030469
35  1.196299 0.000077 -0.000004  -0.249391 -0.043040 -0.795120
36  3.883411 -0.050501 -0.431087  0.186407 -0.271796 -1.212184
37  1.719563 -0.000079 -0.000003  0.020974 -0.107650 -1.483528
38  1.209198 0.000036 0.000012  -0.324719 0.069674 -0.493483
39  3.859585 -0.149111 -1.331323  -0.110833 0.118346 -0.118772
40  1.719413 -0.000100 -0.000034  -0.019525 0.026216 -0.112669
41  1.099674 0.000024 0.000007  0.239119 0.043639 -0.299131
42  0.805979 -0.359853 -1.318338  0.991669 0.166767 -0.799535
43  1.789779 -0.000009 -0.000043  0.000057 -0.002451 0.133097
44  1.206996 -0.000007 0.000005  0.000373 -0.000070 1.058782
45  5.740573 0.000055 0.000725  -0.223999 -0.000014 0.000021
46  11.480810 -0.000048 0.001009  -0.204091 -0.058830 0.033146
47  6.027514 -0.000273 -0.000239  -0.603725 -0.211494 -1.596050
48  -0.000001 11.691976 -0.000006  -1.229280 0.674108 0.921601
49  0.000003 0.000000 -0.000001  2.881454 -0.000041 1.570856
50  -0.000007 -0.000015 0.000005  2.272644 -0.000030 1.570865
51  -6.187746 -4.202510 -3.379689  1.490295 -0.476448 -0.961036
52  0.000000 -0.000000 -0.000000  0.008153 -0.000259 0.000009
53  0.000000 0.000000 0.000000  1.565115 0.043565 -0.106862
54  3.628672 -16.161613 -1.329011  -1.739711 -0.595542 -1.819768
55  0.000002 0.000001 -0.000000  0.000000 -0.000000 -0.000002
56  0.000031 0.000030 0.000000  -1.571901 -0.044449 -0.106509
57  9.503819 -20.895756 -15.232958  1.570796 -0.000000 0.000000
58  -17.772699 4.002314 -16.454041  1.570796 -0.000000 0.000000
59  2.641719 -5.121701 -4.012496  1.570796 -0.000000 0.000000
60  -0.004311 0.001230 -0.000371  0.006898 -0.005534 -0.284229
61  2.805915 9.247737 -4.285480  1.570796 -0.000000 0.000000
62  0.000000 0.000000 0.000000  -0.078727 -3.136056 0.284226
63  0.000000 0.000000 0.000000  1.571177 -0.000000 0.000000
64  0.666948 -8.556044 -1.656929  0.176747 1.198107 -0.926251
65  -0.109378 -1.951951 -1.519205  -0.000000 -0.000000 -0.000000
66  -0.109378 0.057026 25.399252  -0.000000 -0.000000 -0.000000
67  -0.109378 -1.856732 0.287230  -0.000000 -0.000000 -0.000000
68  -0.104047 -4.495923 7.879276  -0.000000 -0.000000 -0.000000
69  -0.195264 4.332631 -6.347187  -0.000000 -0.000000 -0.000000
70  -1.290112 3.693284 8.579668  0.022713 -0.014049 -0.017451
71  -0.121470 -1.314581 7.402088  -0.000000 -0.000000 -0.000000
72  -1.107528 -1.063452 4.061647  -0.000000 -0.000000 -0.000000
73  0.003659 1.612363 10.733983  -0.000000 -0.000000 -0.540456
74  1.619269 -13.482407 0.232474  0.176746 1.198107 -0.926251
time 81
0  0.000006 0.000000 0.000000  -1.570800 -1.391899 -1.570792
1  -3.035934 5.753379 2.637399  -1.544956 -1.855077 -0.198630
2  6.027522 -0.000325 0.000192  -1.165729 -1.056133 -1.190637
3  11.692102 0.000643 -0.000737  -1.384601 -0.000054 -1.969142
4  11.478392 0.000446 -0.001604  0.999088 -0.861512 -0.117241
5  3.859510 -0.142880 -1.192049  -0.332311 -0.061520 -1.618951
6  1.312589 0.000012 0.000006  -0.075839 0.162921 -0.778363
7  0.729357 0.000053 0.000049  -0.264116 -0.060610 -0.650712
8  3.942144 0.046272 -0.431512  -0.016356 -0.056925 -1.473351
9  1.539111 0.000084 0.000005  -0.005225 -0.000152 0.002097
10  1.196333 0.000147 0.000029  -0.019729 -0.113157 -1.296155
11  3.883505 -0.047270 0.431381  0.206801 -0.117762 -0.805305
12  1.719573 -0.000024 0.000015  0.007393 0.006832 -0.744901
13  1.209179 0.000092 0.000012  -0.018591 -0.093118 -1.023306
14  3.859664 -0.138476 1.332410  0.347271 -0.120444 -0.301586
15  1.719449 -0.000010 0.000022  0.067969 -0.101828 -0.833886
16  1.099675 0.000050 0.000006  -0.147921 -0.260109 -0.496206
17  0.805995 -0.349051 1.321254  -1.528242 -0.685827 -0.408463
18  1.789819 -0.000003 -0.000017  0.002431 0.042853 0.020274
19  1.207015 -0.000013 -0.000044  0.351992 -0.031153 0.266595
20  5.740638 0.000410 -0.000703  -0.438843 0.000003 0.000070
21  11.480687 0.000301 -0.000978  -0.100011 -0.147559 -0.078712
22  6.027525 -0.000329 0.000202  1.818628 -0.455926 1.429281
23  0.000005 11.692097 -0.000008  -1.306460 -0.753641 -0.954402
24  0.000003 0.000008 -0.000001  -0.515490 -0.000031 1.570739
25  -0.000001 -0.000012 -0.000001  0.868957 0.000002 1.570712
26  -5.862666 -8.337571 2.805915  1.473120 1.855075 -0.198639
27  6.027505 -0.000263 -0.000228  2.012207 0.595297 -0.167665
28  11.691993 0.000243 0.000856  0.608929 0.000071 -1.827840
29  11.479433 -0.000366 0.001260  -2.586094 -0.091530 0.187694
30  3.859436 -0.132787 1.193062  0.466149 -0.051826 -1.783918
31  1.312558 0.000025 0.000000  -0.013965 -0.041044 -0.156447
32  0.729345 0.000066 -0.000027  -0.128320 -0.117290 -0.954857
33  3.942046 0.050109 0.430997  0.211501 -0.107596 -1.469120
34  1.539096 0.000011 0.000000  0.040712 -0.054386 -1.030469
35  1.196299 0.000076 -0.000003  -0.249391 -0.043040 -0.795120
36  3.883412 -0.050501 -0.431087  0.186407 -0.271796 -1.212184
37  1.719564 -0.000078 -0.000003  0.020974 -0.107650 -1.483528
38  1.209197 0.000036 0.000011  -0.324719 0.069674 -0.493483
39  3.859585 -0.149111 -1.331323  -0.110833 0.118346 -0.118772
40  1.719413 -0.000100 -0.000034  -0.019525 0.026216 -0.112669
41  1.099673 0.000025 0.000007  0.239119 0.043639 -0.299131
42  0.805979 -0.359854 -1.318338  0.991670 0.166767 -0.799535
43  1.789779 -0.000009 -0.000042  0.000057 -0.002451 0.133097
44  1.206996 -0.000007 0.000006  0.000372 -0.000070 1.058782
45  5.740570 0.000055 0.000724  -0.219387 -0.000014 0.000021
46  11.480829 -0.000037 0.001001  -0.200131 -0.056654 0.031977
47  6.027514 -0.000273 -0.000239  -0.611341 -0.214897 -1.590180
48  -0.000001 11.691975 -0.000006  -1.222067 0.666686 0.918195
49  0.000003 0.000001 -0.000000  2.881454 -0.000041 1.570856
50  -0.000007 -0.000016 0.000005  2.272644 -0.000030 1.570865
51  -6.153352 -4.334859 -3.414542  1.516109 -0.479987 -0.964249
52  -0.000000 -0.000000 -0.000000  0.008153 -0.000259 0.000009
53  -0.000000 0.000000 -0.000000  1.565115 0.043565 -0.106862
54  3.722851 -16.229944 -1.280289  -1.718493 -0.580504 -1.822872
55  -0.000001 -0.000001 -0.000000  0.000000 -0.000000 -0.000002
56  0.000029 0.000028 0.000001  -1.571901 -0.044449 -0.106509
57  9.503819 -20.895756 -15.232958  1.570796 -0.000000 0.000000
58  -17.772699 4.002314 -16.454041  1.570796 -0.000000 0.000000
59  2.641719 -5.121701 -4.012496  1.570796 -0.000000 0.000000
60  -0.004311 0.001230 -0.000371  0.006898 -0.005534 -0.284229
61  2.805915 9.247737 -4.285480  1.570796 -0.000000 0.000000
62  0.000000 0.000000 0.000000  -0.078727 -3.136056 0.284226
63  0.000000 0.000000 0.000000  1.571264 -0.000000 0.000000
64  0.701980 -8.647037 -1.593131  0.238466 1.192984 -0.860155
65  -0.109378 -1.951951 -1.519205  -0.000000 0.000000 0.000000
66  -0.109379 0.057027 25.399252  -0.000000 0.000000 0.000000
67  -0.109379 -1.856731 0.287229  -0.000000 0.000000 0.000000
68  -0.104048 -4.495923 7.879276  -0.000000 0.000000 0.000000
69  -0.195264 4.332630 -6.347187  -0.000000 0.000000 0.000000
70  -1.290112 3.693284 8.579668  0.022713 -0.014049 -0.017451
71  -0.121470 -1.314581 7.402088  -0.000000 0.000000 0.000000
72  -1.107528 -1.063453 4.061648  -0.000000 0.000000 0.000000
73  0.003659 1.612363 10.733981  -0.000000 -0.000000 -0.540596
74  1.658002 -13.584229 0.265892  0.238466 1.192984 -0.860155
time 82
0  0.000006 0.000000 0.000000  -1.570800 -1.391899 -1.570792
1  -3.035934 5.753379 2.637399  -1.544956 -1.855077 -0.198630
2  6.027522 -0.000325 0.000192  -1.180988 -1.050745 -1.185373
3  11.692102 0.000644 -0.000737  -1.384602 -0.000055 -1.976895
4  11.478323 0.000440 -0.001629  1.011055 -0.886858 -0.077034
5  3.859510 -0.142879 -1.192049  -0.332311 -0.061520 -1.618951
6  1.312591 0.000012 0.000007  -0.075839 0.162921 -0.778364
7  0.729353 0.000054 0.000051  -0.264116 -0.060610 -0.650713
8  3.942144 0.046274 -0.431512  -0.016356 -0.056925 -1.473350
9  1.539110 0.000083 0.000004  -0.005225 -0.000152 0.002097
10  1.196332 0.000144 0.000028  -0.019729 -0.113157 -1.296155
11  3.883505 -0.047269 0.431381  0.206801 -0.117762 -0.805305
12  1.719573 -0.000027 0.000015  0.007393 0.006832 -0.744901
13  1.209180 0.000089 0.000011  -0.018591 -0.093118 -1.023306
14  3.859663 -0.138476 1.332409  0.347271 -0.120444 -0.301586
15  1.719450 -0.000012 0.000022  0.067969 -0.101828 -0.833886
16  1.099676 0.000049 0.000006  -0.147921 -0.260109 -0.496206
17  0.805995 -0.349049 1.321254  -1.528242 -0.685827 -0.408463
18  1.789821 -0.000003 -0.000017  0.002431 0.042853 0.020274
19  1.207016 -0.000011 -0.000044  0.351992 -0.031153 0.266595
20  5.740636 0.000410 -0.000703  -0.445038 0.000003 0.000071
21  11.480670 0.000301 -0.000984  -0.094636 -0.154126 -0.071478
22  6.027525 -0.000329 0.000202  1.828916 -0.456755 1.416750
23  0.000003 11.692099 -0.000008  -1.311159 -0.758476 -0.956184
24  0.000004 0.000008 -0.000001  -0.515490 -0.000030 1.570739
25  -0.000001 -0.000011 -0.000001  0.868957 0.000002 1.570712
26  -5.862666 -8.337571 2.805915  1.473120 1.855075 -0.198639
27  6.027505 -0.000263 -0.000228  1.997052 0.594204 -0.173518
28  11.691992 0.000242 0.000856  0.608929 0.000071 -1.821518
29  11.479492 -0.000338 0.001243  -2.544520 -0.078700 0.172164
30  3.859436 -0.132787 1.193061  0.466149 -0.051826 -1.783918
31  1.312558 0.000026 0.000000  -0.013965 -0.041044 -0.156447
32  0.729345 0.000066 -0.000027  -0.128320 -0.117290 -0.954857
33  3.942046 0.050109 0.430996  0.211501 -0.107596 -1.469120
34  1.539097 0.000010 0.000000  0.040712 -0.054386 -1.030469
35  1.196299 0.000076 -0.000003  -0.249391 -0.043040 -0.795120
36  3.883411 -0.050501 -0.431087  0.186407 -0.271796 -1.212184
37  1.719564 -0.000079 -0.000004  0.020974 -0.107650 -1.483528
38  1.209197 0.000036 0.000011  -0.324719 0.069674 -0.493483
39  3.859585 -0.149111 -1.331323  -0.110833 0.118346 -0.118772
40  1.719412 -0.000100 -0.000035  -0.019525 0.026216 -0.112669
41  1.099674 0.000024 0.000008  0.239119 0.043639 -0.299131
42  0.805979 -0.359854 -1.318338  0.991669 0.166767 -0.799535
43  1.789779 -0.000009 -0.000043  0.000057 -0.002451 0.133097
44  1.206996 -0.000006 0.000005  0.000372 -0.000070 1.058782
45  5.740573 0.000055 0.000723  -0.210136 -0.000014 0.000021
46  11.480844 -0.000031 0.000997  -0.192322 -0.052429 0.029903
47  6.027514 -0.000273 -0.000239  -0.612190 -0.227469 -1.587356
48  -0.000001 11.691976 -0.000005  -1.218337 0.662853 0.916414
49  0.000004 -0.000001 -0.000001  2.881454 -0.000041 1.570856
50  -0.000008 -0.000016 0.000005  2.272644 -0.000030 1.570865
51  -6.128469 -4.431913 -3.583666  1.566549 -0.486677 -0.970589
52  0.000000 -0.000000 0.000000  0.008153 -0.000259 0.000009
53  0.000000 0.000000 -0.000001  1.565115 0.043565 -0.106862
54  3.860112 -16.201109 -1.281097  -1.677894 -0.551094 -1.827536
55  0.000002 0.000001 0.000000  0.000000 -0.000000 -0.000002
56  0.000031 0.000029 0.000001  -1.571901 -0.044449 -0.106509
57  9.503819 -20.895756 -15.232958  1.570796 -0.000000 0.000000
58  -17.772699 4.002314 -16.454041  1.570796 -0.000000 0.000000
59  2.641719 -5.121701 -4.012496  1.570796 -0.000000 0.000000
60  -0.004311 0.001230 -0.000371  0.006898 -0.005534 -0.284229
61  2.805915 9.247737 -4.285480  1.570796 -0.000000 0.000000
62  0.000000 0.000000 0.000000  -0.078727 -3.136056 0.284226
63  0.000000 0.000000 0.000000  1.571364 -0.000000 0.000000
64  0.722116 -8.664917 -1.568932  0.352792 1.178865 -0.737069
65  -0.109379 -1.951951 -1.519205  0.000000 -0.000000 -0.000000
66  -0.109379 0.057025 25.399254  0.000000 -0.000000 -0.000000
67  -0.109378 -1.856732 0.287229  0.000000 -0.000000 -0.000000
68  -0.104048 -4.495924 7.879276  0.000000 -0.000000 -0.000000
69  -0.195263 4.332630 -6.347188  0.000000 -0.000000 -0.000000
70  -1.290111 3.693282 8.579668  0.022713 -0.014049 -0.017451
71  -0.121470 -1.314581 7.402088  0.000000 -0.000000 -0.000000
72  -1.107528 -1.063453 4.061648  0.000000 -0.000000 -0.000000
73  0.003659 1.612362 10.733984  -0.000000 -0.000000 -0.540681
74  1.688525 -13.621961 0.230954  0.352792 1.178865 -0.737069
time 83
0  0.000006 0.000000 0.000000  -1.570800 -1.391899 -1.570792
1  -3.035934 5.753379 2.637399  -1.544956 -1.855077 -0.198630
2  6.027522 -0.000325 0.000192  -1.198976 -1.036313 -1.173575
3  11.692104 0.000645 -0.000738  -1.384602 -0.000057 -2.004852
4  11.478071 0.000419 -0.001737  1.036897 -0.939929 -0.022406
5  3.859509 -0.142880 -1.192051  -0.332311 -0.061520 -1.618951
6  1.312592 0.000011 0.000008  -0.075839 0.162921 -0.778363
7  0.729355 0.000053 0.000049  -0.264116 -0.060610 -0.650712
8  3.942142 0.046273 -0.431513  -0.016356 -0.056925 -1.473350
9  1.539111 0.000080 0.000005  -0.005224 -0.000152 0.002097
10  1.196332 0.000144 0.000029  -0.019729 -0.113157 -1.296155
11  3.883506 -0.047269 0.431380  0.206801 -0.117762 -0.805304
12  1.719573 -0.000025 0.000015  0.007393 0.006832 -0.744901
13  1.209179 0.000093 0.000012  -0.018591 -0.093118 -1.023306
14  3.859662 -0.138476 1.332408  0.347271 -0.120444 -0.301586
15  1.719447 -0.000013 0.000022  0.067969 -0.101828 -0.833886
16  1.099675 0.000047 0.000006  -0.147921 -0.260109 -0.496206
17  0.805994 -0.349050 1.321253  -1.528242 -0.685827 -0.408463
18  1.789819 -0.000004 -0.000016  0.002431 0.042853 0.020274
19  1.207014 -0.000013 -0.000044  0.351992 -0.031153 0.266595
20  5.740637 0.000409 -0.000703  -0.456685 0.000003 0.000070
21  11.480620 0.000295 -0.001005  -0.084812 -0.166537 -0.061688
22  6.027525 -0.000329 0.000202  1.845960 -0.464312 1.405428
23  0.000004 11.692097 -0.000008  -1.328186 -0.775957 -0.962414
24  0.000004 0.000008 -0.000002  -0.515490 -0.000031 1.570739
25  -0.000001 -0.000011 -0.000001  0.868957 0.000002 1.570712
26  -5.862666 -8.337571 2.805915  1.473120 1.855075 -0.198639
27  6.027505 -0.000263 -0.000229  1.967362 0.578393 -0.190318
28  11.691993 0.000242 0.000856  0.608929 0.000071 -1.827896
29  11.479436 -0.000367 0.001260  -2.475416 -0.056099 0.147883
30  3.859436 -0.132788 1.193062  0.466149 -0.051826 -1.783918
31  1.312558 0.000026 0.000001  -0.013965 -0.041044 -0.156447
32  0.729345 0.000066 -0.000027  -0.128320 -0.117290 -0.954857
33  3.942047 0.050109 0.430997  0.211501 -0.107596 -1.469120
34  1.539097 0.000010 -0.000000  0.040712 -0.054386 -1.030469
35  1.196299 0.000077 -0.000004  -0.249391 -0.043040 -0.795120
36  3.883411 -0.050502 -0.431087  0.186407 -0.271796 -1.212184
37  1.719563 -0.000078 -0.000004  0.020974 -0.107650 -1.483528
38  1.209197 0.000035 0.000011  -0.324719 0.069674 -0.493483
39  3.859585 -0.149112 -1.331322  -0.110833 0.118346 -0.118772
40  1.719412 -0.000099 -0.000033  -0.019525 0.026216 -0.112669
41  1.099673 0.000025 0.000006  0.239119 0.043639 -0.299131
42  0.805979 -0.359854 -1.318338  0.991670 0.166767 -0.799535
43  1.789779 -0.000009 -0.000042  0.000057 -0.002451 0.133097
44  1.206997 -0.000007 0.000005  0.000372 -0.000070 1.058781
45  5.740572 0.000055 0.000724  -0.194490 -0.000014 0.000021
46  11.480831 -0.000038 0.001002  -0.179235 -0.045435 0.026576
47  6.027514 -0.000273 -0.000239  -0.600280 -0.254447 -1.590570
48  -0.000001 11.691974 -0.000005  -1.222099 0.666720 0.918211
49  0.000003 -0.000001 -0.000001  2.881454 -0.000041 1.570856
50  -0.000007 -0.000016 0.000006  2.272644 -0.000030 1.570865
51  -6.121799 -4.433514 -3.960368  1.650799 -0.497157 -0.981592
52  -0.000000 -0.000000 0.000001  0.008153 -0.000259 0.000009
53  -0.000000 0.000000 0.000000  1.565115 0.043565 -0.106862
54  4.037676 -15.993196 -1.362989  -1.612311 -0.501998 -1.831705
55  0.000001 -0.000001 0.000000  0.000000 -0.000000 -0.000002
56  0.000032 0.000029 0.000002  -1.571901 -0.044449 -0.106509
57  9.503819 -20.895756 -15.232958  1.570796 -0.000000 0.000000
58  -17.772699 4.002314 -16.454041  1.570796 -0.000000 0.000000
59  2.641719 -5.121701 -4.012496  1.570796 -0.000000 0.000000
60  -0.004311 0.001230 -0.000371  0.006898 -0.005534 -0.284229
61  2.805915 9.247737 -4.285480  1.570796 -0.000000 0.000000
62  0.000000 0.000000 0.000000  -0.078727 -3.136056 0.284226
63  0.000000 0.000000 0.000000  1.571477 -0.000000 0.000000
64  0.702210 -8.541244 -1.622113  0.521007 1.144738 -0.553840
65  -0.109379 -1.951951 -1.519205  0.000000 0.000000 -0.000000
66  -0.109378 0.057027 25.399252  0.000000 0.000000 -0.000000
67  -0.109379 -1.856731 0.287228  0.000000 0.000000 -0.000000
68  -0.104048 -4.495922 7.879275  0.000000 0.000000 -0.000000
69  -0.195265 4.332631 -6.347188  0.000000 0.000000 -0.000000
70  -1.290112 3.693283 8.579668  0.022713 -0.014049 -0.017451
71  -0.121470 -1.314581 7.402087  0.000000 0.000000 -0.000000
72  -1.107528 -1.063453 4.061646  0.000000 0.000000 -0.000000
73  0.003659 1.612364 10.733982  0.000000 0.000000 -0.540725
74  1.693820 -13.527772 0.079966  0.521007 1.144738 -0.553840
time 84
0  0.000006 0.000000 0.000000  -1.570800 -1.391899 -1.570792
1  -3.035934 5.753379 2.637399  -1.544956 -1.855077 -0.198630
2  6.027522 -0.000325 0.000192  -1.216220 -1.009492 -1.153965
3  11.692104 0.000645 -0.000738  -1.384602 -0.000060 -2.041479
4  11.480521 0.000683 -0.000353  1.074845 -1.006746 0.039232
5  3.859509 -0.142879 -1.192050  -0.332311 -0.061520 -1.618951
6  1.312590 0.000012 0.000008  -0.075839 0.162921 -0.778363
7  0.729355 0.000054 0.000050  -0.264116 -0.060610 -0.650712
8  3.942142 0.046273 -0.431513  -0.016356 -0.056925 -1.473350
9  1.539111 0.000085 0.000005  -0.005225 -0.000152 0.002097
10  1.196333 0.000145 0.000029  -0.019729 -0.113157 -1.296155
11  3.883505 -0.047269 0.431381  0.206801 -0.117762 -0.805305
12  1.719573 -0.000027 0.000015  0.007393 0.006832 -0.744901
13  1.209179 0.000090 0.000012  -0.018591 -0.093118 -1.023306
14  3.859661 -0.138476 1.332409  0.347271 -0.120444 -0.301586
15  1.719450 -0.000012 0.000022  0.067969 -0.101828 -0.833885
16  1.099675 0.000048 0.000006  -0.147921 -0.260109 -0.496206
17  0.805994 -0.349049 1.321254  -1.528242 -0.685827 -0.408463
18  1.789818 -0.000003 -0.000018  0.002431 0.042853 0.020274
19  1.207015 -0.000011 -0.000042  0.351992 -0.031153 0.266595
20  5.740637 0.000411 -0.000703  -0.460187 0.000003 0.000070
21  11.481110 0.000350 -0.000729  -0.071486 -0.181498 -0.050129
22  6.027525 -0.000329 0.000202  1.870825 -0.481921 1.398985
23  0.000005 11.692098 -0.000007  -1.350716 -0.798972 -0.970096
24  0.000003 0.000009 -0.000001  -0.515490 -0.000031 1.570738
25  -0.000001 -0.000012 -0.000001  0.868957 0.000002 1.570712
26  -5.862666 -8.337571 2.805915  1.473120 1.855075 -0.198639
27  6.027505 -0.000263 -0.000229  1.916981 0.550448 -0.216552
28  11.691991 0.000243 0.000857  0.608929 0.000072 -1.832882
29  11.479391 -0.000386 0.001275  -2.384421 -0.024372 0.103108
30  3.859436 -0.132787 1.193062  0.466149 -0.051826 -1.783918
31  1.312558 0.000025 -0.000000  -0.013965 -0.041044 -0.156447
32  0.729345 0.000066 -0.000028  -0.128320 -0.117290 -0.954857
33  3.942046 0.050109 0.430997  0.211501 -0.107596 -1.469120
34  1.539097 0.000010 -0.000000  0.040712 -0.054386 -1.030469
35  1.196299 0.000075 -0.000005  -0.249391 -0.043040 -0.795120
36  3.883412 -0.050502 -0.431087  0.186407 -0.271796 -1.212184
37  1.719563 -0.000078 -0.000003  0.020974 -0.107650 -1.483528
38  1.209198 0.000036 0.000011  -0.324719 0.069674 -0.493483
39  3.859586 -0.149112 -1.331323  -0.110833 0.118346 -0.118772
40  1.719412 -0.000100 -0.000035  -0.019525 0.026216 -0.112669
41  1.099673 0.000024 0.000007  0.239119 0.043639 -0.299131
42  0.805979 -0.359854 -1.318338  0.991670 0.166767 -0.799535
43  1.789780 -0.000009 -0.000043  0.000057 -0.002451 0.133097
44  1.206997 -0.000007 0.000004  0.000373 -0.000070 1.058782
45  5.740573 0.000056 0.000723  -0.174395 -0.000014 0.000021
46  11.480823 -0.000041 0.001004  -0.162011 -0.035296 0.019334
47  6.027514 -0.000273 -0.000239  -0.579681 -0.301354 -1.595500
48  -0.000001 11.691974 -0.000007  -1.225042 0.669747 0.919606
49  0.000004 -0.000001 -0.000002  2.881454 -0.000041 1.570856
50  -0.000006 -0.000016 0.000006  2.272644 -0.000030 1.570865
51  -6.144753 -4.463010 -4.627991  1.767898 -0.510182 -0.998433
52  0.000000 0.000000 0.000000  0.008153 -0.000259 0.000009
53  0.000000 0.000000 -0.000000  1.565115 0.043565 -0.106862
54  4.206783 -15.743109 -1.596056  -1.524893 -0.434152 -1.831461
55  -0.000000 0.000001 -0.000000  0.000000 -0.000000 -0.000002
56  0.000029 0.000029 0.000001  -1.571901 -0.044449 -0.106509
57  9.503819 -20.895756 -15.232958  1.570796 -0.000000 0.000000
58  -17.772699 4.002314 -16.454041  1.570796 -0.000000 0.000000
59  2.641719 -5.121701 -4.012496  1.570796 -0.000000 0.000000
60  -0.004311 0.001230 -0.000371  0.006898 -0.005534 -0.284229
61  2.805915 9.247737 -4.285480  1.570796 -0.000000 0.000000
62  0.000000 0.000000 0.000000  -0.078727 -3.136056 0.284226
63  0.000000 0.000000 0.000000  1.571604 -0.000000 0.000000
64  0.601229 -8.417570 -1.842104  0.705139 1.080711 -0.348788
65  -0.109378 -1.951951 -1.519205  0.000000 0.000000 0.000000
66  -0.109379 0.057026 25.399256  0.000000 0.000000 0.000000
67  -0.109378 -1.856732 0.287231  0.000000 0.000000 0.000000
68  -0.104047 -4.495923 7.879278  0.000000 0.000000 0.000000
69  -0.195264 4.332631 -6.347188  0.000000 0.000000 0.000000
70  -1.290112 3.693284 8.579670  0.022713 -0.014049 -0.017451
71  -0.121470 -1.314581 7.402089  0.000000 0.000000 0.000000
72  -1.107528 -1.063453 4.061648  0.000000 0.000000 0.000000
73  0.003659 1.612364 10.733983  -0.000000 -0.000000 -0.540741
74  1.639579 -13.438088 -0.273013  0.705139 1.080711 -0.348788
time 85
0  0.000006 0.000000 0.000000  -1.570800 -1.391899 -1.570792
1  -3.035934 5.753379 2.637399  -1.544956 -1.855077 -0.198630
2  6.027522 -0.000324 0.000193  -1.225650 -0.973983 -1.129316
3  11.692103 0.000645 -0.000738  -1.384602 -0.000059 -2.038237
4  11.480529 0.000681 -0.000349  1.097899 -1.051789 0.104885
5  3.859509 -0.142880 -1.192049  -0.332311 -0.061520 -1.618951
6  1.312590 0.000011 0.000009  -0.075839 0.162921 -0.778363
7  0.729356 0.000053 0.000049  -0.264116 -0.060610 -0.650712
8  3.942143 0.046273 -0.431512  -0.016356 -0.056925 -1.473350
9  1.539110 0.000083 0.000006  -0.005225 -0.000152 0.002097
10  1.196332 0.000144 0.000029  -0.019729 -0.113157 -1.296155
11  3.883505 -0.047269 0.431381  0.206801 -0.117762 -0.805304
12  1.719573 -0.000026 0.000015  0.007393 0.006832 -0.744901
13  1.209179 0.000090 0.000012  -0.018591 -0.093118 -1.023306
14  3.859664 -0.138475 1.332410  0.347271 -0.120444 -0.301586
15  1.719449 -0.000010 0.000022  0.067969 -0.101828 -0.833885
16  1.099675 0.000047 0.000006  -0.147921 -0.260109 -0.496206
17  0.805995 -0.349050 1.321253  -1.528242 -0.685827 -0.408463
18  1.789821 -0.000003 -0.000017  0.002431 0.042853 0.020274
19  1.207015 -0.000012 -0.000044  0.351992 -0.031153 0.266595
20  5.740637 0.000410 -0.000703  -0.422038 0.000003 0.000071
21  11.481111 0.000348 -0.000727  -0.060686 -0.191880 -0.038303
22  6.027525 -0.000329 0.000202  1.898425 -0.508336 1.402624
23  0.000003 11.692097 -0.000007  -1.348710 -0.796930 -0.969439
24  0.000003 0.000008 -0.000002  -0.515490 -0.000031 1.570738
25  -0.000001 -0.000012 -0.000001  0.868957 0.000002 1.570712
26  -5.862666 -8.337571 2.805915  1.473120 1.855075 -0.198639
27  6.027504 -0.000262 -0.000230  1.863476 0.540451 -0.234717
28  11.691994 0.000242 0.000856  0.608929 0.000069 -1.797066
29  11.479709 -0.000231 0.001166  -2.276870 0.003031 0.059237
30  3.859437 -0.132786 1.193062  0.466149 -0.051826 -1.783918
31  1.312558 0.000025 0.000000  -0.013965 -0.041043 -0.156447
32  0.729344 0.000065 -0.000027  -0.128320 -0.117290 -0.954857
33  3.942047 0.050109 0.430997  0.211501 -0.107596 -1.469120
34  1.539097 0.000010 -0.000000  0.040712 -0.054386 -1.030469
35  1.196299 0.000075 -0.000003  -0.249391 -0.043040 -0.795120
36  3.883411 -0.050501 -0.431087  0.186407 -0.271796 -1.212184
37  1.719564 -0.000079 -0.000003  0.020974 -0.107650 -1.483528
38  1.209197 0.000036 0.000011  -0.324719 0.069674 -0.493483
39  3.859585 -0.149111 -1.331323  -0.110833 0.118346 -0.118772
40  1.719411 -0.000100 -0.000034  -0.019525 0.026216 -0.112669
41  1.099673 0.000025 0.000007  0.239119 0.043639 -0.299131
42  0.805979 -0.359853 -1.318339  0.991670 0.166767 -0.799535
43  1.789780 -0.000009 -0.000042  0.000057 -0.002451 0.133097
44  1.206996 -0.000007 0.000005  0.000372 -0.000070 1.058781
45  5.740571 0.000056 0.000726  -0.151283 -0.000014 0.000021
46  11.480886 -0.000010 0.000984  -0.141175 -0.026485 0.011163
47  6.027514 -0.000273 -0.000239  -0.579214 -0.348171 -1.586050
48  -0.000001 11.691975 -0.000006  -1.203935 0.648077 0.909406
49  0.000002 -0.000001 -0.000000  2.881454 -0.000041 1.570856
50  -0.000007 -0.000015 0.000005  2.272644 -0.000030 1.570865
51  -6.198890 -4.838729 -5.350774  1.913117 -0.504007 -1.031259
52  -0.000000 0.000000 0.000000  0.008153 -0.000259 0.000009
53  0.000000 0.000000 -0.000000  1.565115 0.043565 -0.106862
54  4.243840 -15.955214 -2.040079  -1.435758 -0.337534 -1.827272
55  -0.000001 -0.000001 0.000001  0.000000 -0.000000 -0.000002
56  0.000030 0.000028 0.000001  -1.571901 -0.044449 -0.106509
57  9.503819 -20.895756 -15.232958  1.570796 -0.000000 0.000000
58  -17.772699 4.002314 -16.454041  1.570796 -0.000000 0.000000
59  2.641719 -5.121701 -4.012496  1.570796 -0.000000 0.000000
60  -0.004311 0.001230 -0.000371  0.006898 -0.005534 -0.284229
61  2.805915 9.247737 -4.285480  1.570796 -0.000000 0.000000
62  0.000000 0.000000 0.000000  -0.078727 -3.136056 0.284226
63  0.000000 0.000000 0.000000  1.571747 -0.000000 0.000000
64  0.382556 -8.757850 -2.151861  0.893947 0.996781 -0.148020
65  -0.109378 -1.951951 -1.519204  -0.000000 -0.000000 -0.000000
66  -0.109380 0.057026 25.399254  -0.000000 -0.000000 -0.000000
67  -0.109378 -1.856731 0.287230  -0.000000 -0.000000 -0.000000
68  -0.104047 -4.495923 7.879278  -0.000000 -0.000000 -0.000000
69  -0.195264 4.332631 -6.347187  -0.000000 -0.000000 -0.000000
70  -1.290112 3.693283 8.579669  0.022713 -0.014049 -0.017451
71  -0.121470 -1.314582 7.402090  -0.000000 -0.000000 -0.000000
72  -1.107528 -1.063453 4.061649  -0.000000 -0.000000 -0.000000
73  0.003659 1.612363 10.733984  -0.000000 -0.000000 -0.540743
74  1.460913 -13.842644 -0.837389  0.893947 0.996782 -0.148020
time 86
0  0.000006 0.000000 0.000000  -1.570800 -1.391899 -1.570792
1  -3.035934 5.753379 2.637399  -1.544956 -1.855077 -0.198630
2  6.027522 -0.000324 0.000193  -1.223535 -0.950350 -1.112047
3  11.692103 0.000645 -0.000737  -1.384601 -0.000054 -1.959838
4  11.478477 0.000453 -0.001563  1.080590 -1.057920 0.194550
5  3.859508 -0.142880 -1.192049  -0.334614 -0.061220 -1.618323
6  1.312590 0.000011 0.000007  -0.075830 0.159724 -0.775754
7  0.729353 0.000054 0.000051  -0.261686 -0.060742 -0.645639
8  3.942141 0.046272 -0.431512  -0.022644 -0.053458 -1.466131
9  1.539111 0.000083 0.000006  -0.005516 -0.001056 -0.011640
10  1.196332 0.000144 0.000030  -0.019876 -0.111644 -1.287567
11  3.883505 -0.047269 0.431382  0.206801 -0.117762 -0.805305
12  1.719574 -0.000027 0.000015  0.007393 0.006832 -0.744901
13  1.209179 0.000090 0.000012  -0.018591 -0.093118 -1.023306
14  3.859662 -0.138476 1.332410  0.343178 -0.112317 -0.300863
15  1.719447 -0.000011 0.000022  0.066397 -0.100613 -0.826723
16  1.099675 0.000048 0.000005  -0.147533 -0.252108 -0.503093
17  0.805994 -0.349050 1.321254  -1.528242 -0.685827 -0.408463
18  1.789819 -0.000004 -0.000018  0.002431 0.042853 0.020274
19  1.207016 -0.000012 -0.000042  0.351992 -0.031153 0.266595
20  5.740636 0.000411 -0.000704  -0.340572 0.000003 0.000071
21  11.480700 0.000302 -0.000970  -0.055980 -0.195226 -0.024545
22  6.027525 -0.000329 0.000202  1.912926 -0.528370 1.414443
23  0.000004 11.692098 -0.000007  -1.300834 -0.747848 -0.952233
24  0.000003 0.000009 -0.000000  -0.515490 -0.000031 1.570739
25  -0.000000 -0.000012 0.000000  0.868957 0.000002 1.570712
26  -5.862666 -8.337571 2.805915  1.473120 1.855075 -0.198639
27  6.027505 -0.000262 -0.000230  1.827955 0.573422 -0.235476
28  11.691991 0.000242 0.000855  0.608929 0.000062 -1.705146
29  11.480541 0.000222 0.000852  -2.152618 0.019891 0.048676
30  3.859435 -0.132787 1.193062  0.466149 -0.051826 -1.783918
31  1.312558 0.000025 0.000000  -0.013965 -0.041043 -0.156447
32  0.729346 0.000066 -0.000028  -0.128320 -0.117290 -0.954857
33  3.942045 0.050109 0.430998  0.211501 -0.107596 -1.469120
34  1.539096 0.000008 -0.000000  0.040712 -0.054386 -1.030469
35  1.196299 0.000076 -0.000004  -0.249391 -0.043040 -0.795120
36  3.883411 -0.050501 -0.431086  0.186407 -0.271796 -1.212184
37  1.719564 -0.000079 -0.000004  0.020974 -0.107650 -1.483528
38  1.209196 0.000036 0.000011  -0.324719 0.069674 -0.493483
39  3.859585 -0.149112 -1.331322  -0.123204 0.061205 0.033517
40  1.719412 -0.000099 -0.000035  -0.034193 0.029293 -0.198559
41  1.099674 0.000024 0.000006  0.371767 0.217735 -0.259481
42  0.805979 -0.359854 -1.318337  0.991670 0.166767 -0.799535
43  1.789779 -0.000009 -0.000042  0.000057 -0.002451 0.133097
44  1.206996 -0.000006 0.000005  0.000372 -0.000070 1.058782
45  5.740571 0.000055 0.000723  -0.124581 -0.000014 0.000021
46  11.481052 0.000080 0.000920  -0.116516 -0.021887 0.008181
47  6.027514 -0.000273 -0.000239  -0.620984 -0.369777 -1.553353
48  -0.000002 11.691974 -0.000006  -1.149999 0.593284 0.881422
49  0.000003 0.000000 0.000000  2.881454 -0.000041 1.570856
50  -0.000007 -0.000014 0.000005  2.272644 -0.000030 1.570865
51  -6.232217 -5.683285 -5.833997  2.078181 -0.464216 -1.085743
52  -0.000000 0.000000 -0.000000  0.008153 -0.000259 0.000009
53  -0.000000 0.000000 0.000001  1.565115 0.043565 -0.106862
54  4.107620 -16.914795 -2.589231  -1.355398 -0.207409 -1.826461
55  0.000000 -0.000000 -0.000000  0.000000 -0.000000 -0.000002
56  0.000030 0.000029 0.000001  -1.571902 -0.044449 -0.106509
57  9.503819 -20.895756 -15.232958  1.570796 -0.000000 0.000000
58  -17.772699 4.002314 -16.454041  1.570796 -0.000000 0.000000
59  2.641719 -5.121701 -4.012496  1.570796 -0.000000 0.000000
60  -0.004311 0.001230 -0.000371  0.006898 -0.005534 -0.284229
61  2.805915 9.247737 -4.285480  1.570796 -0.000000 0.000000
62  0.000000 0.000000 0.000000  -0.078727 -3.136056 0.284226
63  0.000000 0.000000 0.000000  1.573249 -0.000000 0.000000
64  0.079509 -9.812064 -2.366534  1.086073 0.894917 0.030652
65  -0.109378 -1.951951 -1.519205  -0.000000 -0.000000 0.000000
66  -0.109378 0.057028 25.399252  -0.000000 -0.000000 0.000000
67  -0.109379 -1.856731 0.287229  -0.000000 -0.000000 0.000000
68  -0.104048 -4.495924 7.879279  -0.000000 -0.000000 0.000000
69  -0.195264 4.332630 -6.347186  -0.000000 -0.000000 0.000000
70  -1.290112 3.693283 8.579668  0.022713 -0.014049 -0.017451
71  -0.121470 -1.314581 7.402088  -0.000000 -0.000000 0.000000
72  -1.107528 -1.063453 4.061647  -0.000000 -0.000000 0.000000
73  0.003659 1.612363 10.733983  0.000000 -0.000000 -0.515407
74  1.154442 -14.989649 -1.481689  1.086073 0.894917 0.030652
time 87
0  0.000006 0.000000 0.000000  -1.570800 -1.391899 -1.570792
1  -3.063816 5.716251 2.631169  -1.544956 -1.855077 -0.198630
2  6.027521 -0.000325 0.000193  -1.206722 -0.957339 -1.111359
3  11.692103 0.000644 -0.000738  -1.384599 -0.000043 -1.816210
4  11.479764 0.000578 -0.000887  1.038944 -1.035079 0.309883
5  3.859509 -0.142880 -1.192049  -0.341568 -0.060307 -1.616431
6  1.312590 0.000009 0.000008  -0.075852 0.150059 -0.767874
7  0.729354 0.000053 0.000048  -0.254342 -0.061218 -0.630296
8  3.942142 0.046272 -0.431512  -0.041551 -0.042668 -1.444383
9  1.539111 0.000083 0.000005  -0.006326 -0.003831 -0.053450
10  1.196332 0.000146 0.000028  -0.020244 -0.107052 -1.261556
11  3.883505 -0.047270 0.431381  0.198997 -0.109084 -0.799255
12  1.719575 -0.000027 0.000015  0.007043 0.005139 -0.752386
13  1.209179 0.000091 0.000012  -0.018773 -0.091703 -1.015376
14  3.859663 -0.138476 1.332410  0.330828 -0.087673 -0.298879
15  1.719447 -0.000011 0.000022  0.061694 -0.096867 -0.805058
16  1.099675 0.000049 0.000006  -0.146705 -0.227821 -0.523887
17  0.805992 -0.349050 1.321254  -1.528242 -0.685827 -0.408463
18  1.789820 -0.000003 -0.000020  0.002431 0.042853 0.020274
19  1.207014 -0.000013 -0.000043  0.351992 -0.031153 0.266595
20  5.740637 0.000411 -0.000703  -0.252954 0.000003 0.000070
21  11.480957 0.000328 -0.000835  -0.054781 -0.194039 -0.007127
22  6.027524 -0.000330 0.000202  1.899060 -0.528151 1.435833
23  0.000003 11.692097 -0.000008  -1.215283 -0.659657 -0.914847
24  0.000003 0.000009 -0.000001  -0.515490 -0.000031 1.570739
25  -0.000001 -0.000012 -0.000001  0.868957 0.000002 1.570712
26  -5.862666 -8.337571 2.805915  1.473120 1.855075 -0.198639
27  6.027505 -0.000263 -0.000229  1.807763 0.636696 -0.226386
28  11.691991 0.000243 0.000856  0.608927 0.000053 -1.580072
29  11.479672 -0.000195 0.001142  -2.017232 0.033804 0.068763
30  3.859436 -0.132787 1.193061  0.466149 -0.051826 -1.783918
31  1.312558 0.000025 0.000001  -0.013965 -0.041044 -0.156447
32  0.729344 0.000065 -0.000027  -0.128320 -0.117290 -0.954857
33  3.942046 0.050109 0.430996  0.211501 -0.107596 -1.469120
34  1.539096 0.000011 -0.000000  0.040712 -0.054386 -1.030469
35  1.196301 0.000076 -0.000004  -0.249391 -0.043040 -0.795121
36  3.883411 -0.050501 -0.431088  0.186407 -0.271796 -1.212184
37  1.719563 -0.000078 -0.000004  0.020974 -0.107650 -1.483528
38  1.209198 0.000036 0.000011  -0.324719 0.069674 -0.493483
39  3.859585 -0.149112 -1.331324  -0.144908 0.007181 0.209845
40  1.719412 -0.000099 -0.000034  -0.049841 0.029571 -0.346941
41  1.099674 0.000024 0.000006  0.518929 0.384681 -0.193324
42  0.805979 -0.359854 -1.318339  0.991670 0.166767 -0.799535
43  1.789779 -0.000009 -0.000042  0.000057 -0.002451 0.133097
44  1.206997 -0.000006 0.000005  0.000372 -0.000070 1.058782
45  5.740571 0.000056 0.000724  -0.095030 -0.000014 0.000021
46  11.480879 -0.000002 0.000978  -0.089407 -0.018991 0.010629
47  6.027514 -0.000273 -0.000239  -0.691123 -0.368821 -1.507444
48  -0.000002 11.691974 -0.000005  -1.076649 0.520855 0.839429
49  0.000005 -0.000000 0.000001  2.881454 -0.000041 1.570856
50  -0.000006 -0.000015 0.000005  2.272644 -0.000030 1.570865
51  -6.198347 -6.773068 -6.114383  2.251252 -0.400110 -1.155095
52  -0.000001 -0.000000 0.000001  0.008153 -0.000259 0.000009
53  -0.000001 0.000000 -0.000001  1.565115 0.043565 -0.106862
54  3.825742 -18.362726 -3.150435  -1.277218 -0.056447 -1.833457
55  0.000001 0.000000 -0.000001  0.000000 -0.000000 -0.000002
56  0.000030 0.000029 -0.000000  -1.571902 -0.044449 -0.106509
57  9.503819 -20.895756 -15.232958  1.570796 -0.000000 0.000000
58  -17.772699 4.002314 -16.454041  1.570796 -0.000000 0.000000
59  2.635489 -5.080204 -4.033326  1.570796 -0.000000 0.000000
60  -0.004311 0.001230 -0.000371  0.006898 -0.005534 -0.284229
61  2.805915 9.247737 -4.285480  1.570796 -0.000000 0.000000
62  0.000000 0.000000 0.000000  -0.078727 -3.136056 0.284226
63  0.000000 0.000000 0.000000  1.576775 -0.000000 0.000000
64  -0.275689 -11.328735 -2.498306  1.256233 0.769395 0.160174
65  -0.109379 -1.951951 -1.519205  0.000000 0.000000 -0.000000
66  -0.109379 0.057026 25.399252  0.000000 0.000000 -0.000000
67  -0.109379 -1.856732 0.287231  0.000000 0.000000 -0.000000
68  -0.104047 -4.495923 7.879277  0.000000 0.000000 -0.000000
69  -0.195263 4.332629 -6.347187  0.000000 0.000000 -0.000000
70  -1.290111 3.693282 8.579669  0.022713 -0.014049 -0.017451
71  -0.121470 -1.314581 7.402089  0.000000 0.000000 -0.000000
72  -1.107528 -1.063453 4.061649  0.000000 0.000000 -0.000000
73  0.003659 1.612363 10.733984  -0.000000 -0.000000 -0.446685
74  0.746468 -16.580536 -2.152459  1.256233 0.769395 0.160174
time 88
0  0.000006 0.000000 0.000000  -1.570800 -1.391899 -1.570792
1  -3.147987 5.604170 2.612361  -1.544956 -1.855077 -0.198630
2  6.027522 -0.000325 0.000193  -1.166005 -0.993682 -1.133263
3  11.692105 0.000643 -0.000738  -1.384595 -0.000032 -1.645816
4  11.479358 0.000549 -0.001054  1.000842 -1.007910 0.426879
5  3.859509 -0.142880 -1.192049  -0.353082 -0.058766 -1.613310
6  1.312590 0.000009 0.000009  -0.076058 0.134040 -0.754837
7  0.729355 0.000055 0.000052  -0.242174 -0.062256 -0.604844
8  3.942143 0.046273 -0.431512  -0.072520 -0.023783 -1.408609
9  1.539111 0.000084 0.000004  -0.007423 -0.008557 -0.123639
10  1.196333 0.000145 0.000028  -0.020588 -0.099394 -1.218296
11  3.883505 -0.047269 0.431382  0.175679 -0.082466 -0.781344
12  1.719575 -0.000025 0.000015  0.006060 0.000005 -0.775020
13  1.209179 0.000091 0.000012  -0.019255 -0.087416 -0.991396
14  3.859664 -0.138476 1.332410  0.310416 -0.046589 -0.296260
15  1.719446 -0.000012 0.000022  0.054067 -0.090422 -0.769115
16  1.099675 0.000049 0.000005  -0.146477 -0.187277 -0.558303
17  0.805348 -0.359162 1.318625  -1.534698 -0.684432 -0.406371
18  1.789818 -0.000004 -0.000018  0.002328 0.043715 0.027100
19  1.207015 -0.000011 -0.000043  0.348130 -0.033492 0.265751
20  5.740638 0.000410 -0.000703  -0.187841 0.000003 0.000070
21  11.480877 0.000322 -0.000871  -0.053548 -0.192519 0.011484
22  6.027525 -0.000330 0.000203  1.854416 -0.509740 1.469795
23  0.000003 11.692097 -0.000005  -1.115303 -0.558622 -0.861996
24  0.000003 0.000009 -0.000001  -0.515490 -0.000030 1.570739
25  -0.000001 -0.000012 -0.000001  0.868957 0.000002 1.570712
26  -5.883356 -8.360607 2.751700  1.473120 1.855075 -0.198639
27  6.027506 -0.000262 -0.000229  1.798223 0.704452 -0.225747
28  11.691992 0.000245 0.000856  0.595890 0.000044 -1.472838
29  11.480503 0.000207 0.000856  -1.872675 0.054004 0.129973
30  3.859437 -0.132788 1.193063  0.466149 -0.051826 -1.783918
31  1.312558 0.000025 -0.000001  -0.013965 -0.041044 -0.156447
32  0.729345 0.000065 -0.000027  -0.128320 -0.117290 -0.954857
33  3.942047 0.050109 0.430999  0.211501 -0.107596 -1.469120
34  1.539097 0.000010 -0.000000  0.040712 -0.054386 -1.030469
35  1.196299 0.000075 -0.000004  -0.249391 -0.043040 -0.795120
36  3.883412 -0.050502 -0.431085  0.186407 -0.271796 -1.212184
37  1.719563 -0.000078 -0.000003  0.020974 -0.107650 -1.483528
38  1.209196 0.000036 0.000012  -0.324719 0.069674 -0.493483
39  3.859585 -0.149112 -1.331322  -0.146116 0.008053 0.244580
40  1.719411 -0.000100 -0.000034  -0.049391 0.022592 -0.452607
41  1.099673 0.000025 0.000007  0.453139 0.361618 -0.238729
42  0.805979 -0.359854 -1.318337  0.991670 0.166767 -0.799535
43  1.789779 -0.000009 -0.000043  0.000057 -0.002451 0.133097
44  1.206996 -0.000006 0.000005  0.000372 -0.000070 1.058781
45  5.740572 0.000056 0.000724  -0.062212 -0.000014 0.000021
46  11.481044 0.000077 0.000920  -0.060399 -0.015180 0.021021
47  6.027515 -0.000273 -0.000239  -0.762631 -0.355574 -1.475526
48  -0.000002 11.691974 -0.000006  -1.013303 0.460985 0.800043
49  0.000004 -0.000001 -0.000000  2.868419 -0.000041 1.570856
50  -0.000007 -0.000015 0.000004  2.272644 -0.000030 1.570865
51  -6.059488 -7.657189 -6.238655  2.422029 -0.321987 -1.233155
52  -0.000000 0.000000 0.000000  0.008153 -0.000259 0.000009
53  0.000000 -0.000000 0.000001  1.565115 0.043565 -0.106862
54  3.390532 -19.780029 -3.675713  -1.200127 0.097065 -1.843541
55  -0.000000 0.000000 0.000000  0.000000 -0.000000 -0.000002
56  0.000028 0.000029 0.000001  -1.571901 -0.044449 -0.106509
57  9.461697 -20.865803 -15.266315  1.570796 -0.000000 0.000000
58  -17.708195 4.002271 -16.623549  1.570796 -0.000000 0.000000
59  2.616681 -4.954934 -4.096209  1.570796 -0.000000 0.000000
60  -0.004311 0.001230 -0.000371  0.006898 -0.005534 -0.284229
61  2.751700 9.274087 -4.301740  1.570796 -0.000000 0.000000
62  0.000000 0.000000 0.000000  -0.078727 -3.136056 0.284226
63  0.000000 0.000000 0.000000  1.581299 -0.000000 0.000000
64  -0.659288 -12.790917 -2.579327  1.393707 0.625973 0.231246
65  -0.109379 -1.951952 -1.519204  0.000000 -0.000000 -0.000000
66  -0.109379 0.057027 25.399252  0.000000 -0.000000 -0.000000
67  -0.109379 -1.856731 0.287229  0.000000 -0.000000 -0.000000
68  -0.104048 -4.495924 7.879278  0.000000 -0.000000 -0.000000
69  -0.195264 4.332630 -6.347188  0.000000 -0.000000 -0.000000
70  -1.290112 3.693283 8.579669  0.022713 -0.014049 -0.017451
71  -0.121471 -1.314581 7.402090  0.000000 -0.000000 -0.000000
72  -1.107529 -1.063453 4.061647  0.000000 -0.000000 -0.000000
73  0.003659 1.612364 10.733982  -0.000000 -0.000000 -0.345302
74  0.263472 -18.067421 -2.809225  1.393707 0.625973 0.231246
time 89
0  0.000006 0.000000 0.000000  -1.570800 -1.391899 -1.570792
1  -3.286779 5.419355 2.581348  -1.544956 -1.855077 -0.198630
2  6.027522 -0.000325 0.000192  -1.096313 -1.043578 -1.182870
3  11.692109 0.000642 -0.000740  -1.384588 -0.000021 -1.481358
4  11.480622 0.000686 -0.000312  0.988118 -0.988430 0.519745
5  3.859509 -0.142880 -1.192049  -0.368764 -0.056607 -1.609086
6  1.312589 0.000010 0.000010  -0.076678 0.112196 -0.737088
7  0.729358 0.000053 0.000048  -0.225601 -0.064172 -0.570098
8  3.942140 0.046272 -0.431513  -0.113925 0.003931 -1.360449
9  1.539111 0.000083 0.000005  -0.008390 -0.015213 -0.220961
10  1.196332 0.000142 0.000030  -0.020519 -0.088882 -1.159032
11  3.883503 -0.047269 0.431381  0.138010 -0.037270 -0.752981
12  1.719574 -0.000027 0.000014  0.004690 -0.008534 -0.812457
13  1.209179 0.000092 0.000012  -0.019826 -0.080298 -0.951733
14  3.859661 -0.138476 1.332409  0.282606 0.009851 -0.294033
15  1.719445 -0.000010 0.000022  0.044023 -0.081169 -0.720046
16  1.099677 0.000049 0.000006  -0.148464 -0.131538 -0.605274
17  0.803404 -0.389654 1.310700  -1.554114 -0.680162 -0.400141
18  1.789822 -0.000004 -0.000018  0.002054 0.046324 0.047708
19  1.207016 -0.000012 -0.000043  0.336490 -0.040569 0.263259
20  5.740637 0.000410 -0.000701  -0.143652 0.000003 0.000071
21  11.481129 0.000349 -0.000721  -0.049821 -0.191571 0.028012
22  6.027525 -0.000330 0.000202  1.790930 -0.483142 1.509798
23  0.000002 11.692101 -0.000008  -1.018417 -0.465683 -0.803242
24  0.000002 0.000010 -0.000001  -0.515490 -0.000030 1.570739
25  -0.000001 -0.000011 -0.000001  0.868957 0.000002 1.570712
26  -5.945431 -8.429724 2.589037  1.473120 1.855075 -0.198639
27  6.027507 -0.000263 -0.000227  1.792749 0.764564 -0.248392
28  11.691992 0.000244 0.000856  0.556786 0.000040 -1.410828
29  11.479700 -0.000165 0.001072  -1.721120 0.084141 0.232942
30  3.859436 -0.132788 1.193061  0.466149 -0.051826 -1.783918
31  1.312558 0.000026 0.000000  -0.013965 -0.041043 -0.156447
32  0.729345 0.000066 -0.000028  -0.128320 -0.117290 -0.954857
33  3.942046 0.050109 0.430996  0.211501 -0.107596 -1.469120
34  1.539096 0.000009 -0.000000  0.040712 -0.054386 -1.030469
35  1.196300 0.000076 -0.000004  -0.249391 -0.043040 -0.795121
36  3.883411 -0.050502 -0.431087  0.186407 -0.271796 -1.212184
37  1.719564 -0.000077 -0.000003  0.020974 -0.107650 -1.483528
38  1.209196 0.000036 0.000011  -0.324719 0.069674 -0.493483
39  3.859585 -0.149112 -1.331324  -0.146815 0.008588 0.265110
40  1.719411 -0.000100 -0.000035  -0.044711 0.009082 -0.553925
41  1.099674 0.000025 0.000007  0.287717 0.281735 -0.349296
42  0.805979 -0.359854 -1.318338  0.991670 0.166767 -0.799535
43  1.789780 -0.000009 -0.000042  0.000057 -0.002451 0.133097
44  1.206997 -0.000006 0.000005  0.000372 -0.000070 1.058782
45  5.740572 0.000055 0.000723  -0.026148 -0.000014 0.000021
46  11.480884 0.000002 0.000964  -0.030386 -0.008221 0.039376
47  6.027514 -0.000273 -0.000238  -0.824463 -0.339737 -1.473428
48  -0.000001 11.691975 -0.000006  -0.976319 0.427413 0.775898
49  0.000004 0.000000 0.000001  2.829318 -0.000041 1.570856
50  -0.000007 -0.000015 0.000005  2.272644 -0.000030 1.570865
51  -5.798872 -8.127711 -6.248734  2.582376 -0.241220 -1.314773
52  -0.000000 0.000000 0.000001  0.008153 -0.000259 0.000009
53  -0.000001 -0.000001 -0.000000  1.565115 0.043565 -0.106862
54  2.805704 -20.858311 -4.133720  -1.122245 0.232402 -1.849545
55  0.000000 -0.000000 0.000000  0.000000 -0.000000 -0.000002
56  0.000031 0.000029 0.000001  -1.571902 -0.044449 -0.106509
57  9.334682 -20.775482 -15.366897  1.570796 -0.000000 0.000000
58  -17.514662 4.002142 -17.132130  1.570796 -0.000000 0.000000
59  2.585668 -4.748372 -4.199899  1.570796 -0.000000 0.000000
60  -0.004311 0.001230 -0.000371  0.006898 -0.005534 -0.284229
61  2.589038 9.353146 -4.350526  1.570796 -0.000000 0.000000
62  0.000000 0.000000 0.000000  -0.078727 -3.136056 0.284226
63  0.000000 0.000000 0.000000  1.585798 -0.000000 0.000000
64  -1.051720 -13.894630 -2.627243  1.498297 0.476560 0.249283
65  -0.109379 -1.951951 -1.519205  0.000000 0.000000 0.000000
66  -0.109380 0.057027 25.399256  0.000000 0.000000 0.000000
67  -0.109379 -1.856731 0.287230  0.000000 0.000000 0.000000
68  -0.104048 -4.495923 7.879278  0.000000 0.000000 0.000000
69  -0.195264 4.332631 -6.347186  0.000000 0.000000 0.000000
70  -1.290112 3.693284 8.579668  0.022713 -0.014049 -0.017451
71  -0.121471 -1.314581 7.402087  0.000000 0.000000 0.000000
72  -1.107529 -1.063452 4.061646  0.000000 0.000000 0.000000
73  0.003659 1.612364 10.733982  -0.000000 0.000000 -0.222782
74  -0.261409 -19.141678 -3.395180  1.498297 0.476560 0.249283
time 90
0  0.000006 0.000000 0.000000  -1.570800 -1.391899 -1.570792
1  -3.474105 5.169911 2.539490  -1.544956 -1.855077 -0.198630
2  6.027522 -0.000325 0.000191  -0.999014 -1.096180 -1.263592
3  11.692108 0.000644 -0.000739  -1.384582 -0.000013 -1.333040
4  11.480284 0.000658 -0.000463  1.014743 -0.974308 0.571940
5  3.859510 -0.142880 -1.192051  -0.387845 -0.053891 -1.603990
6  1.312590 0.000013 0.000009  -0.077957 0.085591 -0.715488
7  0.729355 0.000054 0.000048  -0.205476 -0.067288 -0.527732
8  3.942144 0.046273 -0.431514  -0.162898 0.040594 -1.302911
9  1.539110 0.000084 0.000005  -0.008684 -0.023539 -0.341543
10  1.196333 0.000145 0.000028  -0.019583 -0.076039 -1.086492
11  3.883506 -0.047269 0.431379  0.088680 0.026066 -0.717045
12  1.719575 -0.000026 0.000015  0.003345 -0.020176 -0.863180
13  1.209179 0.000093 0.000012  -0.020147 -0.070624 -0.898001
14  3.859663 -0.138476 1.332408  0.248585 0.079092 -0.293443
15  1.719450 -0.000012 0.000021  0.032389 -0.069207 -0.660229
16  1.099675 0.000051 0.000006  -0.154478 -0.063254 -0.662814
17  0.800221 -0.439646 1.297705  -1.585770 -0.672950 -0.390194
18  1.789821 -0.000003 -0.000018  0.001719 0.050620 0.081573
19  1.207016 -0.000012 -0.000043  0.317417 -0.052243 0.259348
20  5.740638 0.000410 -0.000703  -0.110774 0.000003 0.000071
21  11.481062 0.000342 -0.000750  -0.042556 -0.189466 0.040853
22  6.027524 -0.000329 0.000202  1.720132 -0.452306 1.546400
23  0.000001 11.692098 -0.000007  -0.929491 -0.386506 -0.744189
24  0.000003 0.000008 -0.000001  -0.515490 -0.000030 1.570738
25  -0.000001 -0.000011 -0.000001  0.868957 0.000002 1.570712
26  -6.045104 -8.540700 2.327856  1.473120 1.855075 -0.198639
27  6.027508 -0.000263 -0.000226  1.782265 0.816932 -0.295939
28  11.691992 0.000246 0.000855  0.494087 0.000039 -1.387777
29  11.479824 -0.000174 0.001032  -1.569849 0.121589 0.357224
30  3.859436 -0.132787 1.193062  0.466149 -0.051826 -1.783918
31  1.312558 0.000025 -0.000000  -0.013965 -0.041043 -0.156447
32  0.729345 0.000065 -0.000027  -0.128320 -0.117290 -0.954857
33  3.942047 0.050110 0.430997  0.211501 -0.107596 -1.469120
34  1.539097 0.000009 -0.000000  0.040712 -0.054386 -1.030469
35  1.196299 0.000077 -0.000004  -0.249391 -0.043040 -0.795121
36  3.883411 -0.050502 -0.431086  0.186407 -0.271796 -1.212184
37  1.719563 -0.000078 -0.000003  0.020974 -0.107650 -1.483528
38  1.209197 0.000036 0.000011  -0.324719 0.069674 -0.493483
39  3.859585 -0.149111 -1.331322  -0.147054 0.008776 0.272198
40  1.719412 -0.000100 -0.000035  -0.037020 -0.003465 -0.648471
41  1.099673 0.000024 0.000006  0.136638 0.168916 -0.443739
42  0.805979 -0.359854 -1.318338  0.991670 0.166767 -0.799535
43  1.789779 -0.000010 -0.000042  0.000057 -0.002451 0.133097
44  1.206997 -0.000006 0.000005  0.000372 -0.000070 1.058782
45  5.740572 0.000055 0.000724  0.011660 -0.000014 0.000021
46  11.480907 0.000002 0.000956  -0.001467 0.002734 0.061316
47  6.027514 -0.000273 -0.000238  -0.879109 -0.328268 -1.495600
48  -0.000002 11.691975 -0.000005  -0.962487 0.415142 0.766673
49  0.000004 -0.000000 -0.000001  2.766619 -0.000041 1.570856
50  -0.000007 -0.000015 0.000005  2.272644 -0.000030 1.570865
51  -5.431101 -8.257256 -6.205218  2.726161 -0.170080 -1.395557
52  0.000000 -0.000000 0.000000  0.008153 -0.000259 0.000009
53  0.000000 0.000000 0.000001  1.565115 0.043565 -0.106862
54  2.123884 -21.558058 -4.489285  -1.040444 0.333457 -1.848797
55  -0.000000 0.000000 0.000000  0.000000 -0.000000 -0.000002
56  0.000029 0.000030 0.000000  -1.571901 -0.044449 -0.106509
57  9.126438 -20.627403 -15.531803  1.570796 -0.000000 0.000000
58  -17.203911 4.001936 -17.948742  1.570796 -0.000000 0.000000
59  2.543810 -4.469575 -4.339849  1.570796 -0.000000 0.000000
60  -0.004311 0.001230 -0.000371  0.006898 -0.005534 -0.284229
61  2.327857 9.480088 -4.428860  1.570796 -0.000000 0.000000
62  0.000000 0.000000 0.000000  -0.078727 -3.136056 0.284226
63  0.000000 0.000000 0.000000  1.589249 -0.000000 0.000000
64  -1.435015 -14.606508 -2.651871  1.572040 0.334145 0.227093
65  -0.109379 -1.951951 -1.519205  0.000000 -0.000000 0.000000
66  -0.109379 0.057026 25.399252  0.000000 -0.000000 0.000000
67  -0.109378 -1.856732 0.287231  0.000000 -0.000000 0.000000
68  -0.104047 -4.495924 7.879277  0.000000 -0.000000 0.000000
69  -0.195264 4.332630 -6.347188  0.000000 -0.000000 0.000000
70  -1.290112 3.693283 8.579667  0.022713 -0.014049 -0.017451
71  -0.121470 -1.314582 7.402088  0.000000 -0.000000 0.000000
72  -1.107528 -1.063453 4.061648  0.000000 -0.000000 0.000000
73  0.003659 1.612363 10.733981  -0.000000 0.000000 -0.092053
74  -0.791979 -19.792219 -3.852169  1.572040 0.334145 0.227093
time 91
0  0.000006 0.000000 0.000000  -1.570800 -1.391899 -1.570792
1  -3.698428 4.871204 2.489366  -1.544956 -1.855077 -0.198630
2  6.027522 -0.000328 0.000192  -0.876969 -1.144173 -1.376776
3  11.692111 0.000643 -0.000738  -1.384574 -0.000006 -1.203246
4  11.480189 0.000659 -0.000457  1.089584 -0.961120 0.567609
5  3.859509 -0.142881 -1.192050  -0.409162 -0.050738 -1.598354
6  1.312590 0.000011 0.000009  -0.080067 0.055859 -0.691324
7  0.729355 0.000052 0.000049  -0.183106 -0.071783 -0.480347
8  3.942144 0.046273 -0.431513  -0.215506 0.085077 -1.240249
9  1.539111 0.000085 0.000006  -0.007805 -0.032933 -0.478155
10  1.196334 0.000147 0.000030  -0.017425 -0.061736 -1.005071
11  3.883507 -0.047269 0.431381  0.031795 0.104915 -0.677605
12  1.719572 -0.000028 0.000013  0.002513 -0.034236 -0.924143
13  1.209178 0.000088 0.000011  -0.019843 -0.058991 -0.833448
14  3.859664 -0.138476 1.332410  0.210061 0.156879 -0.295618
15  1.719451 -0.000011 0.000021  0.020230 -0.054994 -0.593364
16  1.099674 0.000045 0.000006  -0.165921 0.013071 -0.727981
17  0.795980 -0.506258 1.280395  -1.627588 -0.662952 -0.377469
18  1.789817 -0.000003 -0.000018  0.001500 0.056372 0.126818
19  1.207015 -0.000012 -0.000043  0.292025 -0.067928 0.254475
20  5.740636 0.000411 -0.000703  -0.083727 0.000003 0.000070
21  11.481041 0.000344 -0.000751  -0.031654 -0.184578 0.048131
22  6.027524 -0.000332 0.000202  1.649833 -0.419765 1.572841
23  0.000001 11.692100 -0.000007  -0.849808 -0.321422 -0.687973
24  0.000004 0.000008 -0.000003  -0.515490 -0.000030 1.570739
25  -0.000001 -0.000011 -0.000001  0.868957 0.000002 1.570712
26  -6.171900 -8.681880 1.995599  1.473120 1.855075 -0.198639
27  6.027509 -0.000262 -0.000226  1.758942 0.864778 -0.366291
28  11.691992 0.000243 0.000855  0.414650 0.000039 -1.384459
29  11.479840 -0.000245 0.001008  -1.430045 0.160182 0.476508
30  3.859437 -0.132787 1.193061  0.466149 -0.051826 -1.783918
31  1.312559 0.000025 0.000000  -0.013965 -0.041044 -0.156447
32  0.729344 0.000067 -0.000027  -0.128320 -0.117290 -0.954857
33  3.942046 0.050109 0.430996  0.211501 -0.107596 -1.469120
34  1.539097 0.000010 -0.000000  0.040712 -0.054386 -1.030469
35  1.196299 0.000076 -0.000004  -0.249391 -0.043040 -0.795120
36  3.883412 -0.050502 -0.431088  0.186407 -0.271796 -1.212184
37  1.719564 -0.000079 -0.000003  0.020974 -0.107650 -1.483528
38  1.209197 0.000036 0.000010  -0.324719 0.069674 -0.493483
39  3.859586 -0.149111 -1.331324  -0.147082 0.008798 0.273003
40  1.719411 -0.000100 -0.000034  -0.029762 -0.008189 -0.736727
41  1.099674 0.000024 0.000007  0.086636 0.088970 -0.474972
42  0.805979 -0.359854 -1.318339  0.991670 0.166767 -0.799535
43  1.789780 -0.000009 -0.000042  0.000057 -0.002451 0.133097
44  1.206996 -0.000006 0.000006  0.000372 -0.000070 1.058781
45  5.740572 0.000056 0.000724  0.048394 -0.000014 0.000021
46  11.480912 -0.000013 0.000950  0.023942 0.016317 0.081525
47  6.027514 -0.000273 -0.000238  -0.932077 -0.324547 -1.531580
48  -0.000002 11.691973 -0.000005  -0.960492 0.413386 0.765334
49  0.000004 -0.000001 0.000001  2.687183 -0.000041 1.570856
50  -0.000006 -0.000015 0.000005  2.272644 -0.000030 1.570865
51  -5.004022 -8.188787 -6.177491  2.848483 -0.118867 -1.471424
52  -0.000001 -0.000000 0.000001  0.008153 -0.000259 0.000009
53  0.000001 0.000000 -0.000000  1.565115 0.043565 -0.106862
54  1.407771 -21.934326 -4.721605  -0.958321 0.388350 -1.840867
55  -0.000001 -0.000000 0.000000  0.000000 -0.000000 -0.000002
56  0.000030 0.000029 0.000001  -1.571901 -0.044449 -0.106509
57  8.848961 -20.430088 -15.751535  1.570796 -0.000000 0.000000
58  -16.808594 4.001673 -18.987583  1.570796 -0.000000 0.000000
59  2.493685 -4.135718 -4.507438  1.570796 -0.000000 0.000000
60  -0.004311 0.001230 -0.000371  0.006898 -0.005534 -0.284229
61  1.995598 9.641577 -4.528510  1.570796 -0.000000 0.000000
62  0.000000 0.000000 0.000000  -0.078727 -3.136056 0.284226
63  0.000000 0.000000 0.000000  1.590626 -0.000000 0.000000
64  -1.790817 -14.986181 -2.659144  1.616621 0.209926 0.180867
65  -0.109379 -1.951952 -1.519207  0.000000 0.000000 -0.000000
66  -0.109379 0.057027 25.399250  0.000000 0.000000 -0.000000
67  -0.109379 -1.856732 0.287228  0.000000 0.000000 -0.000000
68  -0.104048 -4.495923 7.879275  0.000000 0.000000 -0.000000
69  -0.195264 4.332630 -6.347188  0.000000 0.000000 -0.000000
70  -1.290112 3.693283 8.579668  0.022713 -0.014049 -0.017451
71  -0.121470 -1.314582 7.402085  0.000000 0.000000 -0.000000
72  -1.107529 -1.063453 4.061647  0.000000 0.000000 -0.000000
73  0.003659 1.612363 10.733980  -0.000000 -0.000000 0.032945
74  -1.296361 -20.114632 -4.142494  1.616621 0.209926 0.180867
time 92
0  0.000006 0.000000 0.000000  -1.570800 -1.391899 -1.570792
1  -3.942921 4.545638 2.434734  -1.544956 -1.855077 -0.198630
2  6.027523 -0.000326 0.000192  -0.740214 -1.180461 -1.511765
3  11.692110 0.000642 -0.000739  -1.384568 -0.000002 -1.096685
4  11.480828 0.000719 -0.000142  1.194430 -0.944086 0.512884
5  3.859509 -0.142880 -1.192049  -0.431248 -0.047343 -1.592584
6  1.312590 0.000013 0.000008  -0.083012 0.025078 -0.666220
7  0.729354 0.000054 0.000049  -0.160135 -0.077559 -0.431273
8  3.942142 0.046273 -0.431512  -0.267384 0.134646 -1.177371
9  1.539109 0.000083 0.000005  -0.005536 -0.042499 -0.620570
10  1.196332 0.000145 0.000028  -0.013959 -0.047115 -0.920523
11  3.883505 -0.047269 0.431382  -0.027706 0.193761 -0.639116
12  1.719574 -0.000026 0.000013  0.002584 -0.049620 -0.990761
13  1.209178 0.000089 0.000012  -0.018653 -0.046333 -0.762962
14  3.859662 -0.138476 1.332410  0.169211 0.237546 -0.301173
15  1.719449 -0.000011 0.000022  0.008650 -0.039416 -0.524177
16  1.099676 0.000048 0.000006  -0.183127 0.091453 -0.796938
17  0.791007 -0.584230 1.260130  -1.675975 -0.650717 -0.363365
18  1.789819 -0.000003 -0.000018  0.001576 0.063122 0.179903
19  1.207019 -0.000012 -0.000043  0.262335 -0.086453 0.249268
20  5.740635 0.000410 -0.000701  -0.062206 0.000003 0.000071
21  11.481170 0.000355 -0.000685  -0.019551 -0.177174 0.049094
22  6.027524 -0.000330 0.000202  1.586583 -0.390117 1.588334
23  0.000002 11.692098 -0.000007  -0.782784 -0.271303 -0.638727
24  0.000003 0.000007 0.000000  -0.515490 -0.000031 1.570739
25  -0.000001 -0.000012 -0.000001  0.868957 0.000002 1.570712
26  -6.308701 -8.834195 1.637128  1.473120 1.855075 -0.198639
27  6.027511 -0.000262 -0.000226  1.723309 0.906142 -0.450528
28  11.691992 0.000245 0.000855  0.329618 0.000038 -1.389932
29  11.479814 -0.000346 0.000989  -1.314573 0.193902 0.577662
30  3.859437 -0.132787 1.193062  0.466149 -0.051826 -1.783918
31  1.312558 0.000026 0.000000  -0.013965 -0.041044 -0.156447
32  0.729345 0.000066 -0.000027  -0.128320 -0.117290 -0.954857
33  3.942047 0.050110 0.430997  0.211501 -0.107596 -1.469120
34  1.539097 0.000009 -0.000001  0.040712 -0.054386 -1.030469
35  1.196301 0.000076 -0.000003  -0.249391 -0.043040 -0.795121
36  3.883411 -0.050501 -0.431087  0.186407 -0.271796 -1.212184
37  1.719564 -0.000078 -0.000004  0.020974 -0.107650 -1.483528
38  1.209198 0.000036 0.000011  -0.324719 0.069674 -0.493483
39  3.859585 -0.149111 -1.331323  -0.140680 -0.016587 0.109590
40  1.719411 -0.000100 -0.000034  -0.021974 -0.006008 -0.835389
41  1.099675 0.000025 0.000006  0.109513 0.045038 -0.424478
42  0.805978 -0.359853 -1.318338  0.991670 0.166767 -0.799535
43  1.789780 -0.000009 -0.000043  0.000057 -0.002451 0.133097
44  1.206995 -0.000007 0.000006  0.000372 -0.000070 1.058782
45  5.740573 0.000056 0.000724  0.080812 -0.000014 0.000021
46  11.480908 -0.000033 0.000948  0.043773 0.029837 0.097852
47  6.027514 -0.000273 -0.000238  -0.981680 -0.327937 -1.572322
48  -0.000001 11.691976 -0.000005  -0.963783 0.416284 0.767540
49  0.000003 -0.000001 0.000000  2.602150 -0.000041 1.570856
50  -0.000007 -0.000015 0.000006  2.272644 -0.000030 1.570865
51  -4.587827 -8.009269 -6.167220  2.944083 -0.087989 -1.538350
52  0.000000 0.000000 -0.000000  0.008153 -0.000259 0.000009
53  -0.000000 0.000000 0.000000  1.565115 0.043565 -0.106862
54  0.719791 -22.039745 -4.859777  -0.889159 0.398428 -1.830762
55  0.000001 0.000000 0.000000  0.000000 -0.000000 -0.000002
56  0.000031 0.000030 0.000001  -1.571902 -0.044449 -0.106509
57  8.524160 -20.199123 -16.008743  1.570796 -0.000000 0.000000
58  -16.382090 4.001390 -20.108383  1.570796 -0.000000 0.000000
59  2.439053 -3.771842 -4.690096  1.570796 -0.000000 0.000000
60  -0.004311 0.001230 -0.000371  0.006898 -0.005534 -0.284229
61  1.637127 9.815804 -4.636024  1.570796 -0.000000 0.000000
62  0.000000 0.000000 0.000000  -0.078727 -3.136056 0.284226
63  0.000000 0.000000 0.000000  1.588827 -0.000000 0.000000
64  -2.098313 -15.100023 -2.641384  1.639259 0.112480 0.127458
65  -0.109379 -1.951951 -1.519204  0.000000 -0.000000 0.000000
66  -0.109379 0.057027 25.399250  0.000000 -0.000000 0.000000
67  -0.109378 -1.856732 0.287230  0.000000 -0.000000 0.000000
68  -0.104047 -4.495923 7.879277  0.000000 -0.000000 0.000000
69  -0.195264 4.332630 -6.347188  0.000000 -0.000000 0.000000
70  -1.290112 3.693283 8.579667  0.022713 -0.014049 -0.017451
71  -0.121470 -1.314581 7.402087  0.000000 -0.000000 0.000000
72  -1.107529 -1.063453 4.061647  0.000000 -0.000000 0.000000
73  0.003659 1.612363 10.733982  -0.000000 -0.000000 0.138217
74  -1.750632 -20.194685 -4.275207  1.639259 0.112480 0.127458
time 93
0  0.000006 0.000000 0.000000  -1.570800 -1.391899 -1.570792
1  -4.187413 4.220073 2.380103  -1.544956 -1.855077 -0.198630
2  6.027524 -0.000326 0.000192  -0.607017 -1.203153 -1.649257
3  11.692112 0.000644 -0.000739  -1.384563 0.000001 -1.015626
4  11.480537 0.000699 -0.000246  1.300921 -0.918258 0.427427
5  3.859509 -0.142880 -1.192050  -0.452522 -0.043949 -1.587092
6  1.312591 0.000013 0.000009  -0.086581 -0.004514 -0.641943
7  0.729354 0.000054 0.000049  -0.138284 -0.084181 -0.384099
8  3.942142 0.046273 -0.431513  -0.314615 0.185254 -1.118931
9  1.539110 0.000081 0.000005  -0.002100 -0.051287 -0.757319
10  1.196332 0.000146 0.000029  -0.009468 -0.033365 -0.839133
11  3.883505 -0.047269 0.431380  -0.084929 0.284674 -0.605338
12  1.719572 -0.000026 0.000014  0.003682 -0.064965 -1.057439
13  1.209179 0.000091 0.000012  -0.016574 -0.033790 -0.692496
14  3.859663 -0.138475 1.332409  0.128561 0.314908 -0.309906
15  1.719446 -0.000012 0.000020  -0.001454 -0.023691 -0.457747
16  1.099675 0.000047 0.000007  -0.204961 0.165531 -0.865192
17  0.785782 -0.666262 1.238809  -1.726180 -0.637276 -0.349476
18  1.789820 -0.000003 -0.000017  0.002043 0.070214 0.235819
19  1.207019 -0.000012 -0.000044  0.231137 -0.106107 0.244379
20  5.740636 0.000410 -0.000702  -0.047344 0.000003 0.000070
21  11.481112 0.000351 -0.000706  -0.009265 -0.168126 0.044411
22  6.027525 -0.000330 0.000203  1.534347 -0.365997 1.593907
23  0.000001 11.692101 -0.000005  -0.730716 -0.235377 -0.599434
24  0.000003 0.000009 0.000000  -0.515490 -0.000030 1.570739
25  -0.000002 -0.000011 -0.000000  0.868957 0.000002 1.570712
26  -6.435496 -8.975374 1.304870  1.473120 1.855075 -0.198639
27  6.027511 -0.000261 -0.000226  1.683339 0.938036 -0.533782
28  11.691991 0.000242 0.000856  0.251674 0.000039 -1.398613
29  11.479762 -0.000445 0.000967  -1.235684 0.220199 0.653049
30  3.859435 -0.132788 1.193062  0.466149 -0.051826 -1.783918
31  1.312558 0.000026 0.000000  -0.013965 -0.041043 -0.156447
32  0.729345 0.000065 -0.000027  -0.128320 -0.117290 -0.954857
33  3.942046 0.050109 0.430996  0.211501 -0.107596 -1.469120
34  1.539096 0.000011 -0.000000  0.040712 -0.054386 -1.030469
35  1.196298 0.000076 -0.000005  -0.249391 -0.043040 -0.795120
36  3.883410 -0.050502 -0.431087  0.186407 -0.271796 -1.212184
37  1.719563 -0.000079 -0.000003  0.020974 -0.107650 -1.483528
38  1.209196 0.000035 0.000011  -0.324719 0.069674 -0.493483
39  3.859585 -0.149112 -1.331323  -0.113164 -0.066111 -0.246600
40  1.719411 -0.000100 -0.000034  -0.014108 -0.000833 -0.927672
41  1.099674 0.000023 0.000007  0.149061 0.016419 -0.315672
42  0.805979 -0.359854 -1.318339  0.991670 0.166767 -0.799535
43  1.789779 -0.000009 -0.000042  0.000057 -0.002451 0.133097
44  1.206996 -0.000006 0.000005  0.000372 -0.000070 1.058782
45  5.740572 0.000056 0.000723  0.105458 -0.000014 0.000021
46  11.480896 -0.000053 0.000943  0.056401 0.040819 0.109630
47  6.027514 -0.000272 -0.000238  -1.023326 -0.334960 -1.610166
48  -0.000002 11.691976 -0.000005  -0.968996 0.420896 0.771026
49  0.000004 -0.000000 -0.000001  2.524206 -0.000041 1.570856
50  -0.000007 -0.000015 0.000005  2.272644 -0.000030 1.570865
51  -4.247770 -7.785614 -6.149703  3.006896 -0.075337 -1.592450
52  -0.000000 -0.000000 -0.000000  0.008153 -0.000259 0.000009
53  -0.000000 -0.000000 -0.000000  1.565115 0.043565 -0.106862
54  0.118324 -21.949152 -4.921226  -0.847244 0.372425 -1.824115
55  0.000000 -0.000000 0.000000  0.000000 -0.000000 -0.000002
56  0.000031 0.000029 0.000001  -1.571901 -0.044449 -0.106509
57  8.182448 -19.956135 -16.279343  1.570796 -0.000000 0.000000
58  -15.986773 4.001126 -21.147223  1.570796 -0.000000 0.000000
59  2.384421 -3.407966 -4.872754  1.570796 -0.000000 0.000000
60  -0.004311 0.001230 -0.000371  0.006898 -0.005534 -0.284229
61  1.304869 9.977292 -4.735674  1.570796 -0.000000 0.000000
62  0.000000 0.000000 0.000000  -0.078727 -3.136056 0.284226
63  0.000000 0.000000 0.000000  1.584331 -0.001773 -0.000012
64  -2.331388 -15.030381 -2.579154  1.645751 0.048939 0.079007
65  -0.109379 -1.951951 -1.519204  0.000000 0.000000 -0.000000
66  -0.109379 0.057027 25.399256  0.000000 0.000000 -0.000000
67  -0.109378 -1.856731 0.287231  0.000000 0.000000 -0.000000
68  -0.104047 -4.495924 7.879277  0.000000 0.000000 -0.000000
69  -0.195264 4.332630 -6.347185  0.000000 0.000000 -0.000000
70  -1.290112 3.693284 8.579669  0.022713 -0.014049 -0.017451
71  -0.121470 -1.314582 7.402090  0.000000 0.000000 -0.000000
72  -1.107528 -1.063453 4.061648  0.000000 0.000000 -0.000000
73  0.003659 1.612363 10.733982  -0.000000 0.000000 0.210521
74  -2.129299 -20.116961 -4.261921  1.645751 0.048939 0.079007
time 94
0  0.000006 0.000000 0.000000  -1.570800 -1.391899 -1.570792
1  -4.411736 3.921365 2.329978  -1.544956 -1.855077 -0.198630
2  6.027523 -0.000327 0.000192  -0.494714 -1.217310 -1.775299
3  11.692115 0.000645 -0.000739  -1.384560 0.000003 -0.964881
4  11.480813 0.000720 -0.000132  1.402272 -0.881366 0.317124
5  3.859509 -0.142879 -1.192049  -0.471527 -0.040817 -1.582245
6  1.312589 0.000012 0.000009  -0.090379 -0.030878 -0.620150
7  0.729355 0.000054 0.000051  -0.119050 -0.090953 -0.342093
8  3.942144 0.046273 -0.431513  -0.354421 0.232425 -1.068558
9  1.539111 0.000083 0.000005  0.001909 -0.058594 -0.878126
10  1.196332 0.000143 0.000030  -0.004543 -0.021466 -0.766652
11  3.883505 -0.047269 0.431382  -0.135776 0.369056 -0.578516
12  1.719570 -0.000026 0.000015  0.005585 -0.078922 -1.118562
13  1.209180 0.000090 0.000010  -0.013902 -0.022464 -0.627998
14  3.859665 -0.138475 1.332411  0.090809 0.383402 -0.320726
15  1.719450 -0.000011 0.000023  -0.009563 -0.009133 -0.398671
16  1.099675 0.000049 0.000005  -0.228930 0.229924 -0.928029
17  0.780814 -0.744235 1.218545  -1.773197 -0.624009 -0.337195
18  1.789818 -0.000004 -0.000018  0.002854 0.076916 0.288958
19  1.207014 -0.000012 -0.000042  0.201516 -0.124914 0.240297
20  5.740636 0.000411 -0.000702  -0.039258 0.000003 0.000071
21  11.481169 0.000354 -0.000683  -0.001039 -0.157596 0.034168
22  6.027523 -0.000330 0.000203  1.495061 -0.345695 1.586653
23  0.000002 11.692101 -0.000007  -0.697614 -0.213920 -0.574044
24  0.000003 0.000009 -0.000001  -0.515490 -0.000031 1.570739
25  -0.000001 -0.000012 -0.000000  0.868957 0.000002 1.570712
26  -6.535170 -9.086351 1.043689  1.473120 1.855075 -0.198639
27  6.027512 -0.000262 -0.000226  1.643096 0.952772 -0.605238
28  11.691991 0.000243 0.000856  0.191138 0.000041 -1.410969
29  11.479695 -0.000536 0.000944  -1.205164 0.249550 0.678416
30  3.859436 -0.132788 1.193062  0.466149 -0.051826 -1.783918
31  1.312558 0.000025 -0.000000  -0.013965 -0.041044 -0.156447
32  0.729345 0.000065 -0.000027  -0.128320 -0.117290 -0.954857
33  3.942046 0.050109 0.430998  0.211501 -0.107596 -1.469120
34  1.539097 0.000010 0.000000  0.040712 -0.054386 -1.030469
35  1.196300 0.000076 -0.000004  -0.249391 -0.043040 -0.795121
36  3.883411 -0.050502 -0.431086  0.186407 -0.271796 -1.212184
37  1.719564 -0.000079 -0.000004  0.020974 -0.107650 -1.483528
38  1.209198 0.000035 0.000012  -0.324719 0.069674 -0.493483
39  3.859585 -0.149112 -1.331322  -0.094938 -0.084955 -0.411363
40  1.719414 -0.000099 -0.000034  -0.011248 0.001677 -0.960922
41  1.099673 0.000024 0.000007  0.166487 0.003101 -0.265143
42  0.805979 -0.359854 -1.318337  0.991670 0.166767 -0.799535
43  1.789780 -0.000009 -0.000042  0.000057 -0.002451 0.133097
44  1.206996 -0.000007 0.000005  0.000372 -0.000070 1.058782
45  5.740572 0.000057 0.000725  0.117279 -0.000014 0.000021
46  11.480884 -0.000070 0.000938  0.059894 0.048832 0.112644
47  6.027515 -0.000274 -0.000238  -1.049250 -0.348204 -1.640308
48  -0.000001 11.691973 -0.000007  -0.976402 0.427488 0.775955
49  0.000004 -0.000001 0.000000  2.463671 -0.000041 1.570856
50  -0.000006 -0.000016 0.000004  2.272644 -0.000030 1.570865
51  -4.025243 -7.552963 -6.220847  -0.109701 -3.045736 1.511551
52  -0.000000 0.000000 0.000000  0.008153 -0.000259 0.000009
53  0.000000 -0.000000 0.000001  1.565115 0.043565 -0.106862
54  -0.343055 -21.710470 -4.786716  -0.837677 0.305187 -1.820676
55  0.000002 -0.000001 -0.000001  0.000000 -0.000000 -0.000002
56  0.000032 0.000028 0.000001  -1.571901 -0.044449 -0.106509
57  7.857649 -19.725166 -16.536551  1.570796 -0.000000 0.000000
58  -15.676023 4.000920 -21.963837  1.570796 -0.000000 0.000000
59  2.334296 -3.074109 -5.040343  1.570796 -0.000000 0.000000
60  -0.004311 0.001230 -0.000371  0.006898 -0.005534 -0.284229
61  1.043687 10.104235 -4.814008  1.570796 -0.000000 0.000000
62  0.000000 0.000000 0.000000  -0.078727 -3.136056 0.284226
63  0.000000 0.000000 0.000000  1.578484 -0.005068 0.000325
64  -2.453731 -14.780623 -2.452655  1.622803 0.026236 0.042691
65  -0.109379 -1.951951 -1.519205  0.000000 0.000000 -0.000000
66  -0.109379 0.057027 25.399252  0.000000 0.000000 -0.000000
67  -0.109379 -1.856732 0.287229  0.000000 0.000000 -0.000000
68  -0.104048 -4.495923 7.879276  0.000000 0.000000 -0.000000
69  -0.195265 4.332630 -6.347187  0.000000 0.000000 -0.000000
70  -1.290112 3.693283 8.579668  0.022713 -0.014049 -0.017451
71  -0.121470 -1.314581 7.402089  0.000000 0.000000 -0.000000
72  -1.107529 -1.063453 4.061647  0.000000 0.000000 -0.000000
73  0.003659 1.612363 10.733983  -0.000000 -0.000000 0.237369
74  -2.393577 -19.906839 -4.022407  1.622803 0.026236 0.042691
time 95
0  0.000006 0.000000 0.000000  -1.570800 -1.391899 -1.570792
1  -4.599061 3.671921 2.288121  -1.544956 -1.855077 -0.198630
2  6.027524 -0.000327 0.000192  -0.420947 -1.224156 -1.866489
3  11.692111 0.000644 -0.000738  -1.384560 0.000003 -0.963520
4  11.480822 0.000723 -0.000128  1.483522 -0.853346 0.207165
5  3.859509 -0.142879 -1.192049  -0.487120 -0.038175 -1.578309
6  1.312590 0.000010 0.000009  -0.093927 -0.052441 -0.602177
7  0.729356 0.000053 0.000048  -0.103506 -0.097096 -0.307759
8  3.942142 0.046274 -0.431511  -0.385352 0.272240 -1.028533
9  1.539110 0.000084 0.000004  0.005771 -0.064106 -0.975697
10  1.196332 0.000144 0.000029  0.000107 -0.012039 -0.707459
11  3.883505 -0.047269 0.431382  -0.177303 0.439678 -0.559206
12  1.719573 -0.000028 0.000016  0.007820 -0.090427 -1.169493
13  1.209179 0.000091 0.000011  -0.011128 -0.013190 -0.574340
14  3.859661 -0.138475 1.332411  0.058572 0.438949 -0.331901
15  1.719448 -0.000012 0.000022  -0.015547 0.003113 -0.350445
16  1.099675 0.000047 0.000007  -0.251797 0.281122 -0.981097
17  0.776565 -0.810846 1.201233  -1.812799 -0.612333 -0.327420
18  1.789823 -0.000003 -0.000018  0.003828 0.082590 0.334292
19  1.207014 -0.000012 -0.000044  0.176235 -0.141055 0.237252
20  5.740637 0.000410 -0.000704  -0.039264 0.000003 0.000070
21  11.481171 0.000355 -0.000683  0.005222 -0.150084 0.021120
22  6.027524 -0.000329 0.000203  1.470992 -0.332603 1.572767
23  0.000002 11.692098 -0.000007  -0.696721 -0.213356 -0.573354
24  0.000003 0.000007 -0.000001  -0.515490 -0.000030 1.570739
25  -0.000001 -0.000011 -0.000001  0.868957 0.000002 1.570712
26  -6.597245 -9.155467 0.881027  1.473120 1.855075 -0.198639
27  6.027512 -0.000261 -0.000226  1.613845 0.942379 -0.652738
28  11.691989 0.000246 0.000854  0.153816 0.000042 -1.445734
29  11.478944 -0.001021 0.000994  -1.213400 0.283639 0.666719
30  3.859435 -0.132787 1.193062  0.466149 -0.051826 -1.783918
31  1.312558 0.000025 -0.000000  -0.013965 -0.041043 -0.156447
32  0.729345 0.000065 -0.000027  -0.128320 -0.117290 -0.954857
33  3.942045 0.050109 0.430996  0.211501 -0.107596 -1.469120
34  1.539097 0.000010 0.000000  0.040712 -0.054386 -1.030469
35  1.196300 0.000075 -0.000004  -0.249391 -0.043040 -0.795120
36  3.883411 -0.050502 -0.431087  0.186407 -0.271796 -1.212184
37  1.719563 -0.000079 -0.000003  0.020974 -0.107650 -1.483528
38  1.209198 0.000037 0.000010  -0.324719 0.069674 -0.493484
39  3.859585 -0.149112 -1.331324  -0.094938 -0.084955 -0.411363
40  1.719409 -0.000100 -0.000035  -0.011248 0.001677 -0.960922
41  1.099673 0.000024 0.000007  0.125370 0.005124 -0.391069
42  0.805979 -0.359853 -1.318338  0.991669 0.166767 -0.799535
43  1.789779 -0.000009 -0.000043  0.000057 -0.002451 0.133097
44  1.206996 -0.000006 0.000005  0.000373 -0.000070 1.058782
45  5.740571 0.000055 0.000724  0.119328 -0.000014 0.000021
46  11.480733 -0.000169 0.000949  0.056277 0.054532 0.109467
47  6.027514 -0.000274 -0.000237  -1.049267 -0.368190 -1.664049
48  -0.000002 11.691973 -0.000005  -0.997175 0.446212 0.789611
49  0.000003 -0.000001 0.000000  2.426346 -0.000041 1.570856
50  -0.000006 -0.000015 0.000004  2.272644 -0.000030 1.570865
51  -3.940735 -7.198099 -6.345931  -0.112292 -2.995674 1.490730
52  0.000000 -0.000000 -0.000000  0.008153 -0.000259 0.000009
53  -0.000001 0.000000 -0.000000  1.565115 0.043565 -0.106862
54  -0.669881 -21.244999 -4.402987  -0.850892 0.210884 -1.816127
55  -0.000000 -0.000001 0.000000  0.000000 -0.000000 -0.000002
56  0.000031 0.000028 0.000001  -1.571901 -0.044449 -0.106509
57  7.580172 -19.527855 -16.756283  1.570796 -0.000000 0.000000
58  -15.482490 4.000791 -22.472416  1.570796 -0.000000 0.000000
59  2.292438 -2.795312 -5.180292  1.570796 -0.000000 0.000000
60  -0.004311 0.001230 -0.000371  0.006898 -0.005534 -0.284229
61  0.881025 10.183293 -4.862794  1.570796 -0.000000 0.000000
62  0.000000 0.000000 0.000000  -0.078727 -3.136056 0.284226
63  0.000000 0.000000 0.000000  1.572636 -0.006841 0.000977
64  -2.496387 -14.261444 -2.231201  1.573233 0.033847 0.020067
65  -0.109379 -1.951952 -1.519206  -0.000000 -0.000000 0.000000
66  -0.109379 0.057027 25.399250  -0.000000 -0.000000 0.000000
67  -0.109379 -1.856731 0.287230  -0.000000 -0.000000 0.000000
68  -0.104048 -4.495923 7.879276  -0.000000 -0.000000 0.000000
69  -0.195264 4.332631 -6.347185  -0.000000 -0.000000 0.000000
70  -1.290112 3.693284 8.579670  0.022713 -0.014049 -0.017451
71  -0.121470 -1.314581 7.402087  -0.000000 -0.000000 0.000000
72  -1.107528 -1.063453 4.061649  -0.000000 -0.000000 0.000000
73  0.003658 1.612363 10.733982  -0.000000 -0.000000 0.193339
74  -2.554057 -19.459425 -3.544018  1.573233 0.033847 0.020067
time 96
0  0.000006 0.000000 0.000000  -1.570800 -1.391899 -1.570792
1  -4.737854 3.487107 2.257108  -1.544956 -1.855077 -0.198630
2  6.027524 -0.000327 0.000192  -0.420967 -1.216329 -1.869461
3  11.692114 0.000642 -0.000738  -1.384565 0.000000 -1.039860
4  11.480427 0.000690 -0.000298  1.518257 -0.884149 0.144478
5  3.859507 -0.142880 -1.192048  -0.498555 -0.036199 -1.575448
6  1.312590 0.000012 0.000007  -0.096777 -0.068206 -0.588939
7  0.729355 0.000054 0.000049  -0.092259 -0.101928 -0.282674
8  3.942143 0.046273 -0.431511  -0.407031 0.301945 -0.999928
9  1.539109 0.000083 0.000005  0.008882 -0.067834 -1.046098
10  1.196331 0.000147 0.000031  0.003845 -0.005346 -0.664267
11  3.883505 -0.047269 0.431383  -0.207676 0.491834 -0.546744
12  1.719575 -0.000026 0.000016  0.009847 -0.098837 -1.207127
13  1.209178 0.000091 0.000012  -0.008765 -0.006452 -0.534747
14  3.859662 -0.138475 1.332411  0.034078 0.479206 -0.341508
15  1.719450 -0.000012 0.000020  -0.019542 0.012236 -0.315246
16  1.099675 0.000049 0.000005  -0.270422 0.317553 -1.020960
17  0.773380 -0.860839 1.188240  -1.842167 -0.603384 -0.320521
18  1.789819 -0.000003 -0.000018  0.004725 0.086805 0.368250
19  1.207013 -0.000012 -0.000044  0.157277 -0.153204 0.235235
20  5.740637 0.000410 -0.000702  -0.051301 0.000003 0.000070
21  11.481091 0.000348 -0.000718  0.008105 -0.155635 0.011972
22  6.027524 -0.000330 0.000203  1.468564 -0.340086 1.570578
23  0.000003 11.692101 -0.000009  -0.746385 -0.245908 -0.611345
24  0.000003 0.000008 -0.000000  -0.515490 -0.000031 1.570739
25  -0.000001 -0.000011 -0.000002  0.868957 0.000002 1.570712
26  -6.617934 -9.178503 0.826812  1.473120 1.855075 -0.198639
27  6.027512 -0.000261 -0.000227  1.610061 0.908250 -0.665891
28  11.691989 0.000244 0.000856  0.141446 0.000050 -1.536647
29  11.479994 -0.000499 0.000903  -1.223912 0.305190 0.698521
30  3.859436 -0.132788 1.193063  0.466149 -0.051826 -1.783918
31  1.312559 0.000025 -0.000001  -0.013965 -0.041044 -0.156447
32  0.729345 0.000066 -0.000027  -0.128320 -0.117290 -0.954857
33  3.942046 0.050109 0.430997  0.211501 -0.107596 -1.469120
34  1.539097 0.000010 -0.000000  0.040712 -0.054386 -1.030469
35  1.196299 0.000075 -0.000004  -0.249391 -0.043040 -0.795120
36  3.883411 -0.050502 -0.431086  0.186407 -0.271796 -1.212184
37  1.719564 -0.000079 -0.000004  0.020974 -0.107650 -1.483528
38  1.209198 0.000034 0.000011  -0.324719 0.069674 -0.493483
39  3.859585 -0.149112 -1.331323  -0.094938 -0.084955 -0.411363
40  1.719412 -0.000100 -0.000034  -0.011248 0.001677 -0.960922
41  1.099673 0.000024 0.000007  0.035668 0.001164 -0.662600
42  0.805979 -0.359854 -1.318337  0.991670 0.166767 -0.799535
43  1.789780 -0.000009 -0.000042  0.000057 -0.002451 0.133097
44  1.206996 -0.000006 0.000006  0.000372 -0.000070 1.058782
45  5.740573 0.000055 0.000723  0.127455 -0.000014 0.000021
46  11.480944 -0.000064 0.000930  0.052192 0.058779 0.115425
47  6.027514 -0.000273 -0.000238  -1.019357 -0.388124 -1.685224
48  -0.000003 11.691973 -0.000004  -1.051073 0.496346 0.823847
49  0.000003 -0.000001 0.000001  2.413975 -0.000041 1.570856
50  -0.000008 -0.000016 0.000006  2.272644 -0.000030 1.570865
51  -3.934957 -6.451501 -6.231508  -0.119290 -2.962505 1.481110
52  0.000000 -0.000000 -0.000000  0.008153 -0.000259 0.000009
53  -0.000000 -0.000000 0.000001  1.565115 0.043565 -0.106862
54  -0.886878 -20.393370 -3.996244  -0.868706 0.143992 -1.809016
55  0.000001 -0.000001 0.000000  0.000000 -0.000000 -0.000002
56  0.000032 0.000028 0.000002  -1.571902 -0.044449 -0.106509
57  7.371928 -19.379772 -16.921188  1.570796 -0.000000 0.000000
58  -15.417985 4.000748 -22.641926  1.570796 -0.000000 0.000000
59  2.261425 -2.588750 -5.283983  1.570796 -0.000000 0.000000
60  -0.004311 0.001230 -0.000371  0.006898 -0.005534 -0.284229
61  0.826810 10.209643 -4.879054  1.570796 -0.000000 0.000000
62  0.000000 0.000000 0.000000  -0.078727 -3.136056 0.284226
63  0.000000 0.000000 0.000000  1.568139 -0.004194 0.001333
64  -2.524981 -13.393129 -1.903260  1.540885 0.043996 0.008056
65  -0.109378 -1.951951 -1.519205  -0.000000 -0.000000 0.000000
66  -0.109379 0.057027 25.399250  -0.000000 -0.000000 0.000000
67  -0.109379 -1.856731 0.287229  -0.000000 -0.000000 0.000000
68  -0.104047 -4.495923 7.879276  -0.000000 -0.000000 0.000000
69  -0.195264 4.332629 -6.347186  -0.000000 -0.000000 0.000000
70  -1.290112 3.693283 8.579668  0.022713 -0.014049 -0.017451
71  -0.121470 -1.314581 7.402087  -0.000000 -0.000000 0.000000
72  -1.107528 -1.063453 4.061647  -0.000000 -0.000000 0.000000
73  0.003659 1.612363 10.733983  -0.000000 -0.000000 0.095870
74  -2.650651 -18.629984 -3.045794  1.540885 0.043996 0.008056
time 97
0  0.000006 0.000000 0.000000  -1.570800 -1.391899 -1.570792
1  -4.822024 3.375025 2.238300  -1.544956 -1.855077 -0.198630
2  6.027525 -0.000326 0.000192  -0.453139 -1.202139 -1.828688
3  11.692112 0.000644 -0.000738  -1.384571 -0.000004 -1.137553
4  11.480556 0.000696 -0.000280  1.523733 -0.945110 0.116989
5  3.859508 -0.142879 -1.192049  -0.505456 -0.034989 -1.573732
6  1.312591 0.000009 0.000010  -0.098599 -0.077699 -0.580923
7  0.729355 0.000054 0.000050  -0.085539 -0.104975 -0.267577
8  3.942141 0.046273 -0.431512  -0.419702 0.320043 -0.982966
9  1.539111 0.000084 0.000005  0.010858 -0.069948 -1.088046
10  1.196332 0.000144 0.000028  0.006229 -0.001404 -0.638304
11  3.883503 -0.047269 0.431381  -0.225985 0.523318 -0.539964
12  1.719574 -0.000027 0.000014  0.011227 -0.103881 -1.229898
13  1.209178 0.000091 0.000011  -0.007209 -0.002428 -0.510818
14  3.859661 -0.138475 1.332410  0.018903 0.503274 -0.347916
15  1.719448 -0.000011 0.000023  -0.021792 0.017793 -0.294079
16  1.099674 0.000050 0.000003  -0.282426 0.339033 -1.045428
17  0.771437 -0.891330 1.180314  -1.859929 -0.597853 -0.316496
18  1.789821 -0.000003 -0.000018  0.005342 0.089355 0.388924
19  1.207015 -0.000012 -0.000043  0.145719 -0.160624 0.234119
20  5.740635 0.000411 -0.000706  -0.069825 0.000003 0.000071
21  11.481116 0.000350 -0.000715  0.008414 -0.167718 0.006799
22  6.027525 -0.000329 0.000202  1.475990 -0.356882 1.578722
23  0.000002 11.692101 -0.000005  -0.808674 -0.290150 -0.657939
24  0.000002 0.000009 -0.000001  -0.515490 -0.000030 1.570738
25  -0.000001 -0.000011 -0.000001  0.868957 0.000002 1.570712
26  -6.617934 -9.178503 0.826812  1.473120 1.855075 -0.198639
27  6.027512 -0.000261 -0.000226  1.619704 0.872101 -0.662127
28  11.691992 0.000243 0.000857  0.141447 0.000057 -1.638170
29  11.479270 -0.000907 0.000961  -1.229027 0.310447 0.757384
30  3.859437 -0.132787 1.193062  0.466149 -0.051826 -1.783918
31  1.312557 0.000025 0.000000  -0.013965 -0.041044 -0.156447
32  0.729344 0.000064 -0.000027  -0.128320 -0.117290 -0.954857
33  3.942046 0.050109 0.430997  0.211501 -0.107596 -1.469120
34  1.539097 0.000009 -0.000000  0.040712 -0.054386 -1.030469
35  1.196301 0.000075 -0.000004  -0.249391 -0.043040 -0.795121
36  3.883413 -0.050502 -0.431087  0.186407 -0.271796 -1.212184
37  1.719564 -0.000079 -0.000004  0.020974 -0.107650 -1.483528
38  1.209197 0.000036 0.000010  -0.324719 0.069674 -0.493483
39  3.859585 -0.149112 -1.331323  -0.094938 -0.084955 -0.411363
40  1.719412 -0.000099 -0.000035  -0.011248 0.001677 -0.960922
41  1.099674 0.000026 0.000007  -0.004984 -0.008084 -0.787926
42  0.805979 -0.359854 -1.318338  0.991670 0.166767 -0.799535
43  1.789779 -0.000009 -0.000042  0.000057 -0.002451 0.133097
44  1.206996 -0.000007 0.000005  0.000372 -0.000070 1.058781
45  5.740572 0.000055 0.000724  0.140703 -0.000014 0.000021
46  11.480799 -0.000146 0.000942  0.049590 0.060831 0.127075
47  6.027514 -0.000273 -0.000238  -0.982397 -0.401527 -1.703174
48  -0.000002 11.691974 -0.000006  -1.110756 0.554173 0.859478
49  0.000002 0.000001 -0.000000  2.413975 -0.000041 1.570856
50  -0.000007 -0.000016 0.000005  2.272644 -0.000030 1.570865
51  -3.965281 -5.605721 -6.000814  -0.126539 -2.952625 1.479285
52  -0.000000 0.000000 -0.000000  0.008153 -0.000259 0.000009
53  0.000001 0.000000 0.000000  1.565115 0.043565 -0.106862
54  -0.999970 -19.494276 -3.742169  -0.884707 0.113287 -1.801602
55  0.000001 -0.000001 0.000000  0.000000 -0.000000 -0.000002
56  0.000030 0.000028 0.000001  -1.571901 -0.044449 -0.106509
57  7.244914 -19.289452 -17.021770  1.570796 -0.000000 0.000000
58  -15.417985 4.000748 -22.641926  1.570796 -0.000000 0.000000
59  2.242617 -2.463480 -5.346865  1.570796 -0.000000 0.000000
60  -0.004311 0.001230 -0.000371  0.006898 -0.005534 -0.284229
61  0.826810 10.209643 -4.879054  1.570796 -0.000000 0.000000
62  0.000000 0.000000 0.000000  -0.078727 -3.136056 0.284226
63  0.000000 0.000000 0.000000  1.566343 0.000718 0.000912
64  -2.542325 -12.511777 -1.620225  1.531730 0.052045 0.004465
65  -0.109379 -1.951952 -1.519206  -0.000000 0.000000 -0.000000
66  -0.109379 0.057027 25.399250  -0.000000 0.000000 -0.000000
67  -0.109379 -1.856732 0.287227  -0.000000 0.000000 -0.000000
68  -0.104048 -4.495924 7.879274  -0.000000 0.000000 -0.000000
69  -0.195264 4.332630 -6.347188  -0.000000 0.000000 -0.000000
70  -1.290112 3.693283 8.579666  0.022713 -0.014049 -0.017451
71  -0.121471 -1.314581 7.402085  -0.000000 0.000000 -0.000000
72  -1.107529 -1.063453 4.061645  -0.000000 0.000000 -0.000000
73  0.003659 1.612363 10.733981  -0.000000 -0.000000 -0.002057
74  -2.693448 -17.758472 -2.713457  1.531730 0.052045 0.004465
time 98
0  0.000006 0.000000 0.000000  -1.570800 -1.391899 -1.570792
1  -4.849906 3.337897 2.232070  -1.544956 -1.855077 -0.198630
2  6.027524 -0.000325 0.000192  -0.465683 -1.196018 -1.811144
3  11.692110 0.000644 -0.000739  -1.384573 -0.000005 -1.170968
4  11.480358 0.000675 -0.000375  1.520527 -0.968881 0.107923
5  3.859508 -0.142879 -1.192050  -0.507739 -0.034586 -1.573166
6  1.312590 0.000014 0.000009  -0.099219 -0.080836 -0.578266
7  0.729356 0.000054 0.000051  -0.083327 -0.106005 -0.262589
8  3.942139 0.046273 -0.431512  -0.423826 0.326055 -0.977403
9  1.539110 0.000083 0.000004  0.011526 -0.070624 -1.101829
10  1.196331 0.000144 0.000029  0.007038 -0.000117 -0.629733
11  3.883504 -0.047269 0.431381  -0.232037 0.533715 -0.537849
12  1.719575 -0.000027 0.000014  0.011709 -0.105542 -1.237432
13  1.209179 0.000094 0.000013  -0.006673 -0.001106 -0.502906
14  3.859661 -0.138475 1.332410  0.013813 0.511197 -0.350141
15  1.719448 -0.000013 0.000021  -0.022509 0.019639 -0.287088
16  1.099677 0.000049 0.000005  -0.286525 0.346051 -1.053593
17  0.770793 -0.901442 1.177686  -1.865794 -0.596008 -0.315192
18  1.789817 -0.000004 -0.000020  0.005558 0.090197 0.395774
19  1.207015 -0.000011 -0.000046  0.141886 -0.163086 0.233767
20  5.740637 0.000410 -0.000704  -0.077916 0.000003 0.000070
21  11.481077 0.000345 -0.000732  0.007665 -0.172495 0.004640
22  6.027524 -0.000329 0.000203  1.479018 -0.363967 1.583511
23  0.000001 11.692099 -0.000007  -0.829669 -0.305909 -0.673348
24  0.000003 0.000009 -0.000001  -0.515490 -0.000031 1.570739
25  -0.000001 -0.000011 -0.000001  0.868957 0.000002 1.570712
26  -6.617934 -9.178503 0.826812  1.473120 1.855075 -0.198639
27  6.027512 -0.000260 -0.000227  1.626797 0.860584 -0.658998
28  11.691990 0.000244 0.000856  0.141448 0.000060 -1.672786
29  11.479040 -0.001019 0.000980  -1.232657 0.305093 0.781969
30  3.859436 -0.132788 1.193063  0.466149 -0.051826 -1.783918
31  1.312558 0.000027 -0.000000  -0.013965 -0.041044 -0.156447
32  0.729345 0.000065 -0.000027  -0.128320 -0.117290 -0.954857
33  3.942047 0.050109 0.430998  0.211501 -0.107596 -1.469120
34  1.539097 0.000009 -0.000000  0.040712 -0.054386 -1.030469
35  1.196300 0.000075 -0.000004  -0.249391 -0.043040 -0.795121
36  3.883411 -0.050502 -0.431086  0.186407 -0.271796 -1.212184
37  1.719563 -0.000080 -0.000004  0.020974 -0.107650 -1.483528
38  1.209195 0.000036 0.000011  -0.324719 0.069674 -0.493483
39  3.859585 -0.149112 -1.331322  -0.094938 -0.084955 -0.411363
40  1.719411 -0.000099 -0.000035  -0.011248 0.001677 -0.960922
41  1.099674 0.000026 0.000006  -0.004984 -0.008084 -0.787926
42  0.805978 -0.359854 -1.318338  0.991670 0.166767 -0.799535
43  1.789779 -0.000009 -0.000042  0.000057 -0.002451 0.133097
44  1.206996 -0.000006 0.000005  0.000372 -0.000070 1.058782
45  5.740573 0.000056 0.000724  0.145935 -0.000014 0.000021
46  11.480753 -0.000168 0.000945  0.048778 0.060151 0.132268
47  6.027514 -0.000273 -0.000238  -0.969062 -0.403317 -1.710672
48  -0.000002 11.691974 -0.000006  -1.131042 0.574297 0.870979
49  0.000003 -0.000002 -0.000000  2.413975 -0.000041 1.570856
50  -0.000008 -0.000015 0.000005  2.272644 -0.000030 1.570865
51  -4.003971 -5.307554 -5.894650  -0.132129 -2.954159 1.481271
52  0.000000 -0.000000 0.000000  0.008153 -0.000259 0.000009
53  -0.000000 0.000000 0.000001  1.565115 0.043565 -0.106862
54  -1.032786 -19.183926 -3.706559  -0.893865 0.107508 -1.797475
55  -0.000000 0.000000 -0.000000  0.000000 -0.000000 -0.000002
56  0.000028 0.000029 0.000001  -1.571902 -0.044449 -0.106509
57  7.202790 -19.259499 -17.055128  1.570796 -0.000000 0.000000
58  -15.417985 4.000748 -22.641926  1.570796 -0.000000 0.000000
59  2.236387 -2.421983 -5.367696  1.570796 -0.000000 0.000000
60  -0.004311 0.001230 -0.000371  0.006898 -0.005534 -0.284229
61  0.826810 10.209643 -4.879054  1.570796 -0.000000 0.000000
62  0.000000 0.000000 0.000000  -0.078727 -3.136056 0.284226
63  0.000000 0.000000 0.000000  1.566829 0.003361 -0.000004
64  -2.551231 -12.221106 -1.535711  1.533784 0.057365 0.005517
65  -0.109379 -1.951951 -1.519204  0.000000 0.000000 -0.000000
66  -0.109379 0.057027 25.399254  0.000000 0.000000 -0.000000
67  -0.109379 -1.856732 0.287231  0.000000 0.000000 -0.000000
68  -0.104048 -4.495924 7.879276  0.000000 0.000000 -0.000000
69  -0.195264 4.332630 -6.347186  0.000000 0.000000 -0.000000
70  -1.290112 3.693283 8.579667  0.022713 -0.014049 -0.017451
71  -0.121470 -1.314581 7.402088  0.000000 0.000000 -0.000000
72  -1.107529 -1.063453 4.061647  0.000000 0.000000 -0.000000
73  0.003659 1.612363 10.733984  -0.000000 -0.000000 -0.046595
74  -2.703277 -17.465723 -2.638753  1.533784 0.057365 0.005517
time 99
0  0.000006 0.000000 0.000000  -1.570800 -1.391899 -1.570792
1  -4.849906 3.337897 2.232070  -1.544956 -1.855077 -0.198630
2  6.027524 -0.000325 0.000192  -0.463679 -1.196933 -1.814414
3  11.692110 0.000645 -0.000739  -1.384572 -0.000004 -1.156372
4  11.480441 0.000684 -0.000331  1.517936 -0.960726 0.106740
5  3.859507 -0.142879 -1.192049  -0.507739 -0.034586 -1.573166
6  1.312589 0.000010 0.000009  -0.099219 -0.080836 -0.578266
7  0.729353 0.000054 0.000047  -0.083327 -0.106005 -0.262589
8  3.942142 0.046273 -0.431512  -0.423826 0.326055 -0.977403
9  1.539110 0.000085 0.000006  0.011526 -0.070624 -1.101829
10  1.196333 0.000144 0.000029  0.007038 -0.000117 -0.629733
11  3.883505 -0.047269 0.431382  -0.232037 0.533715 -0.537849
12  1.719572 -0.000025 0.000014  0.011709 -0.105542 -1.237432
13  1.209179 0.000094 0.000013  -0.006673 -0.001106 -0.502906
14  3.859659 -0.138475 1.332410  0.013813 0.511197 -0.350141
15  1.719447 -0.000012 0.000023  -0.022509 0.019639 -0.287088
16  1.099675 0.000048 0.000005  -0.286525 0.346051 -1.053593
17  0.770792 -0.901442 1.177686  -1.865794 -0.596007 -0.315192
18  1.789818 -0.000003 -0.000018  0.005558 0.090197 0.395774
19  1.207015 -0.000012 -0.000044  0.141886 -0.163086 0.233767
20  5.740636 0.000410 -0.000702  -0.075828 0.000003 0.000071
21  11.481092 0.000347 -0.000724  0.006997 -0.170899 0.004264
22  6.027524 -0.000329 0.000203  1.478506 -0.362897 1.582287
23  0.000001 11.692099 -0.000007  -0.820517 -0.298987 -0.666651
24  0.000004 0.000008 0.000000  -0.515490 -0.000030 1.570739
25  -0.000001 -0.000011 -0.000001  0.868957 0.000002 1.570712
26  -6.617934 -9.178503 0.826812  1.473120 1.855075 -0.198639
27  6.027512 -0.000260 -0.000227  1.630119 0.866175 -0.656977
28  11.691990 0.000244 0.000856  0.141448 0.000058 -1.658637
29  11.479133 -0.000975 0.000971  -1.234841 0.297431 0.776669
30  3.859436 -0.132787 1.193062  0.466149 -0.051826 -1.783918
31  1.312558 0.000026 0.000001  -0.013965 -0.041043 -0.156447
32  0.729345 0.000065 -0.000027  -0.128320 -0.117290 -0.954857
33  3.942047 0.050109 0.430997  0.211501 -0.107596 -1.469120
34  1.539096 0.000010 0.000000  0.040712 -0.054386 -1.030469
35  1.196300 0.000076 -0.000004  -0.249391 -0.043040 -0.795121
36  3.883412 -0.050502 -0.431087  0.186407 -0.271796 -1.212184
37  1.719563 -0.000080 -0.000004  0.020974 -0.107650 -1.483528
38  1.209198 0.000036 0.000010  -0.324719 0.069674 -0.493483
39  3.859586 -0.149112 -1.331323  -0.094938 -0.084955 -0.411363
40  1.719412 -0.000100 -0.000034  -0.011248 0.001677 -0.960922
41  1.099673 0.000024 0.000007  -0.004984 -0.008084 -0.787926
42  0.805979 -0.359854 -1.318338  0.991669 0.166767 -0.799535
43  1.789778 -0.000010 -0.000042  0.000057 -0.002451 0.133097
44  1.206996 -0.000006 0.000005  0.000372 -0.000070 1.058781
45  5.740571 0.000054 0.000724  0.143663 -0.000014 0.000021
46  11.480770 -0.000160 0.000943  0.049059 0.058446 0.131577
47  6.027514 -0.000273 -0.000238  -0.973174 -0.398671 -1.709571
48  -0.000002 11.691974 -0.000005  -1.122752 0.566047 0.866318
49  0.000004 0.000001 -0.000000  2.413975 -0.000041 1.570856
50  -0.000008 -0.000015 0.000006  2.272644 -0.000030 1.570865
51  -4.033280 -5.430781 -5.888815  -0.134575 -2.959075 1.484250
52  0.000000 0.000000 -0.000000  0.008153 -0.000259 0.000009
53  0.000000 0.000000 0.000000  1.565115 0.043565 -0.106862
54  -1.022773 -19.310570 -3.777487  -0.896939 0.112048 -1.795282
55  0.000000 0.000000 -0.000000  0.000000 -0.000000 -0.000002
56  0.000029 0.000029 0.000001  -1.571901 -0.044449 -0.106509
57  7.202790 -19.259499 -17.055128  1.570796 -0.000000 0.000000
58  -15.417985 4.000748 -22.641926  1.570796 -0.000000 0.000000
59  2.236387 -2.421983 -5.367696  1.570796 -0.000000 0.000000
60  -0.004311 0.001230 -0.000371  0.006898 -0.005534 -0.284229
61  0.826810 10.209643 -4.879054  1.570796 -0.000000 0.000000
62  0.000000 0.000000 0.000000  -0.078727 -3.136056 0.284226
63  0.000000 0.000000 0.000000  1.567957 0.001879 -0.000911
64  -2.554512 -12.362795 -1.568117  1.538914 0.059292 0.008346
65  -0.109378 -1.951952 -1.519207  0.000000 -0.000000 -0.000000
66  -0.109379 0.057027 25.399252  0.000000 -0.000000 -0.000000
67  -0.109378 -1.856732 0.287228  0.000000 -0.000000 -0.000000
68  -0.104047 -4.495923 7.879275  0.000000 -0.000000 -0.000000
69  -0.195264 4.332631 -6.347187  0.000000 -0.000000 -0.000000
70  -1.290112 3.693283 8.579670  0.022713 -0.014049 -0.017451
71  -0.121470 -1.314581 7.402085  0.000000 -0.000000 -0.000000
72  -1.107528 -1.063453 4.061645  0.000000 -0.000000 -0.000000
73  0.003659 1.612363 10.733979  -0.000000 -0.000000 -0.041750
74  -2.695490 -17.602081 -2.697648  1.538914 0.059292 0.008346
time 100
0  0.000006 0.000000 0.000000  -1.570800 -1.391899 -1.570792
1  -4.849906 3.337897 2.232070  -1.544956 -1.855077 -0.198630
2  6.027524 -0.000325 0.000192  -0.455773 -1.200035 -1.826329
3  11.692111 0.000643 -0.000740  -1.384570 -0.000003 -1.126589
4  11.480626 0.000701 -0.000242  1.519147 -0.942697 0.104662
5  3.859509 -0.142880 -1.192050  -0.507739 -0.034586 -1.573166
6  1.312590 0.000013 0.000008  -0.099219 -0.080836 -0.578266
7  0.729356 0.000052 0.000049  -0.083327 -0.106005 -0.262589
8  3.942143 0.046273 -0.431513  -0.423826 0.326055 -0.977403
9  1.539110 0.000082 0.000006  0.011526 -0.070624 -1.101829
10  1.196334 0.000146 0.000031  0.007038 -0.000117 -0.629733
11  3.883504 -0.047269 0.431381  -0.232037 0.533715 -0.537849
12  1.719573 -0.000026 0.000017  0.011709 -0.105542 -1.237432
13  1.209179 0.000093 0.000013  -0.006673 -0.001106 -0.502906
14  3.859662 -0.138476 1.332409  0.013813 0.511197 -0.350141
15  1.719446 -0.000012 0.000022  -0.022509 0.019639 -0.287088
16  1.099675 0.000048 0.000004  -0.286525 0.346051 -1.053593
17  0.770794 -0.901443 1.177685  -1.865794 -0.596007 -0.315192
18  1.789820 -0.000003 -0.000016  0.005558 0.090197 0.395774
19  1.207017 -0.000012 -0.000044  0.141886 -0.163086 0.233767
20  5.740637 0.000410 -0.000701  -0.070583 0.000003 0.000071
21  11.481132 0.000350 -0.000706  0.006741 -0.167295 0.004158
22  6.027524 -0.000329 0.000203  1.476384 -0.359162 1.578486
23  0.000001 11.692099 -0.000007  -0.801752 -0.285047 -0.652825
24  0.000004 0.000007 0.000000  -0.515490 -0.000031 1.570739
25  -0.000001 -0.000011 -0.000001  0.868957 0.000002 1.570712
26  -6.617934 -9.178503 0.826812  1.473120 1.855075 -0.198639
27  6.027512 -0.000261 -0.000226  1.632007 0.877289 -0.655362
28  11.691991 0.000242 0.000855  0.141447 0.000056 -1.630642
29  11.479321 -0.000880 0.000959  -1.234894 0.289684 0.764169
30  3.859436 -0.132787 1.193062  0.466149 -0.051826 -1.783918
31  1.312558 0.000025 0.000000  -0.013965 -0.041044 -0.156447
32  0.729344 0.000065 -0.000028  -0.128320 -0.117290 -0.954857
33  3.942046 0.050109 0.430998  0.211501 -0.107596 -1.469120
34  1.539097 0.000010 0.000000  0.040712 -0.054386 -1.030469
35  1.196299 0.000077 -0.000004  -0.249391 -0.043040 -0.795121
36  3.883411 -0.050502 -0.431086  0.186407 -0.271796 -1.212184
37  1.719563 -0.000080 -0.000003  0.020974 -0.107650 -1.483528
38  1.209197 0.000036 0.000011  -0.324719 0.069674 -0.493483
39  3.859585 -0.149112 -1.331323  -0.094938 -0.084955 -0.411363
40  1.719412 -0.000099 -0.000034  -0.011248 0.001677 -0.960922
41  1.099673 0.000023 0.000007  -0.004984 -0.008084 -0.787926
42  0.805979 -0.359854 -1.318337  0.991670 0.166767 -0.799535
43  1.789779 -0.000009 -0.000042  0.000057 -0.002451 0.133097
44  1.206996 -0.000005 0.000005  0.000373 -0.000070 1.058782
45  5.740573 0.000056 0.000724  0.139855 -0.000014 0.000021
46  11.480809 -0.000139 0.000942  0.049882 0.056697 0.129373
47  6.027514 -0.000273 -0.000238  -0.982976 -0.392099 -1.705626
48  -0.000001 11.691973 -0.000006  -1.106342 0.549823 0.856932
49  0.000003 -0.000000 -0.000001  2.413975 -0.000041 1.570856
50  -0.000006 -0.000016 0.000005  2.272644 -0.000030 1.570865
51  -4.051158 -5.670995 -5.905952  -0.134606 -2.965403 1.487077
52  -0.000000 0.000000 -0.000000  0.008153 -0.000259 0.000009
53  -0.000000 -0.000000 0.000000  1.565115 0.043565 -0.106862
54  -1.002532 -19.555283 -3.880653  -0.897846 0.118311 -1.792565
55  0.000000 -0.000000 0.000000  0.000000 -0.000000 -0.000002
56  0.000029 0.000029 0.000001  -1.571901 -0.044449 -0.106509
57  7.202790 -19.259499 -17.055128  1.570796 -0.000000 0.000000
58  -15.417985 4.000748 -22.641926  1.570796 -0.000000 0.000000
59  2.236387 -2.421983 -5.367696  1.570796 -0.000000 0.000000
60  -0.004311 0.001230 -0.000371  0.006898 -0.005534 -0.284229
61  0.826810 10.209643 -4.879054  1.570796 -0.000000 0.000000
62  0.000000 0.000000 0.000000  -0.078727 -3.136056 0.284226
63  0.000000 0.000000 0.000000  1.569241 -0.000870 -0.001321
64  -2.554981 -12.625931 -1.628298  1.545228 0.058722 0.011539
65  -0.109379 -1.951951 -1.519206  -0.000000 -0.000000 0.000000
66  -0.109379 0.057027 25.399248  -0.000000 -0.000000 0.000000
67  -0.109379 -1.856732 0.287228  -0.000000 -0.000000 0.000000
68  -0.104048 -4.495923 7.879273  -0.000000 -0.000000 0.000000
69  -0.195264 4.332630 -6.347187  -0.000000 -0.000000 0.000000
70  -1.290112 3.693283 8.579666  0.022713 -0.014049 -0.017451
71  -0.121471 -1.314581 7.402088  -0.000000 -0.000000 0.000000
72  -1.107529 -1.063453 4.061646  -0.000000 -0.000000 0.000000
73  0.003658 1.612363 10.733980  -0.000000 -0.000000 -0.030197
74  -2.680604 -17.858362 -2.790924  1.545228 0.058722 0.011539
time 101
0  0.000006 0.000000 0.000000  -1.570800 -1.391899 -1.570792
1  -4.849906 3.337897 2.232070  -1.544956 -1.855077 -0.198630
2  6.027524 -0.000325 0.000192  -0.453817 -1.201205 -1.830163
3  11.692112 0.000644 -0.000739  -1.384569 -0.000002 -1.111727
4  11.480726 0.000710 -0.000194  1.518741 -0.934942 0.105455
5  3.859510 -0.142880 -1.192049  -0.507739 -0.034586 -1.573166
6  1.312589 0.000014 0.000008  -0.099219 -0.080836 -0.578266
7  0.729356 0.000054 0.000050  -0.083327 -0.106005 -0.262589
8  3.942144 0.046272 -0.431511  -0.423826 0.326055 -0.977403
9  1.539111 0.000085 0.000006  0.011527 -0.070624 -1.101829
10  1.196332 0.000147 0.000027  0.007038 -0.000117 -0.629733
11  3.883504 -0.047269 0.431381  -0.232037 0.533715 -0.537849
12  1.719573 -0.000026 0.000015  0.011709 -0.105542 -1.237432
13  1.209180 0.000091 0.000013  -0.006673 -0.001107 -0.502906
14  3.859664 -0.138476 1.332411  0.013813 0.511197 -0.350141
15  1.719447 -0.000013 0.000022  -0.022509 0.019639 -0.287088
16  1.099675 0.000048 0.000004  -0.286525 0.346051 -1.053593
17  0.770793 -0.901442 1.177686  -1.865794 -0.596007 -0.315192
18  1.789818 -0.000003 -0.000019  0.005558 0.090197 0.395774
19  1.207019 -0.000012 -0.000043  0.141886 -0.163086 0.233767
20  5.740637 0.000410 -0.000703  -0.067924 0.000003 0.000070
21  11.481153 0.000351 -0.000696  0.006590 -0.165755 0.004337
22  6.027524 -0.000329 0.000203  1.475981 -0.357847 1.576618
23  0.000003 11.692098 -0.000008  -0.792341 -0.278184 -0.645845
24  0.000004 0.000009 -0.000003  -0.515490 -0.000030 1.570739
25  -0.000000 -0.000011 -0.000002  0.868957 0.000002 1.570712
26  -6.617934 -9.178503 0.826812  1.473120 1.855075 -0.198639
27  6.027512 -0.000261 -0.000226  1.633250 0.883834 -0.654324
28  11.691991 0.000245 0.000856  0.141447 0.000055 -1.616237
29  11.479420 -0.000829 0.000951  -1.233399 0.284501 0.760547
30  3.859437 -0.132788 1.193062  0.466149 -0.051826 -1.783918
31  1.312558 0.000025 0.000000  -0.013965 -0.041043 -0.156447
32  0.729345 0.000067 -0.000027  -0.128320 -0.117290 -0.954857
33  3.942047 0.050109 0.430997  0.211501 -0.107596 -1.469120
34  1.539096 0.000010 0.000000  0.040712 -0.054386 -1.030469
35  1.196300 0.000075 -0.000004  -0.249391 -0.043040 -0.795121
36  3.883412 -0.050502 -0.431087  0.186407 -0.271796 -1.212184
37  1.719563 -0.000079 -0.000003  0.020974 -0.107650 -1.483528
38  1.209198 0.000035 0.000011  -0.324719 0.069674 -0.493483
39  3.859586 -0.149111 -1.331323  -0.094938 -0.084955 -0.411363
40  1.719412 -0.000100 -0.000034  -0.011248 0.001677 -0.960922
41  1.099673 0.000024 0.000007  -0.004984 -0.008084 -0.787926
42  0.805979 -0.359854 -1.318338  0.991670 0.166767 -0.799535
43  1.789779 -0.000010 -0.000042  0.000057 -0.002451 0.133097
44  1.206997 -0.000006 0.000005  0.000372 -0.000070 1.058782
45  5.740572 0.000055 0.000724  0.138555 -0.000014 0.000021
46  11.480828 -0.000130 0.000940  0.050616 0.055734 0.128774
47  6.027514 -0.000273 -0.000238  -0.988686 -0.388155 -1.703375
48  -0.000000 11.691973 -0.000005  -1.097892 0.541526 0.852018
49  0.000003 0.000001 0.000000  2.413975 -0.000041 1.570856
50  -0.000005 -0.000016 0.000006  2.272644 -0.000030 1.570865
51  -4.055139 -5.792572 -5.903023  -0.133730 -2.970849 1.488727
52  0.000000 0.000000 0.000001  0.008153 -0.000259 0.000009
53  0.000000 -0.000000 0.000000  1.565115 0.043565 -0.106862
54  -0.984108 -19.682007 -3.948081  -0.897740 0.123824 -1.790751
55  0.000001 -0.000000 -0.000001  0.000000 -0.000000 -0.000002
56  0.000030 0.000029 0.000001  -1.571902 -0.044449 -0.106509
57  7.202790 -19.259499 -17.055128  1.570796 -0.000000 0.000000
58  -15.417985 4.000748 -22.641926  1.570796 -0.000000 0.000000
59  2.236387 -2.421983 -5.367696  1.570796 -0.000000 0.000000
60  -0.004311 0.001230 -0.000371  0.006898 -0.005534 -0.284229
61  0.826810 10.209643 -4.879054  1.570796 -0.000000 0.000000
62  0.000000 0.000000 0.000000  -0.078727 -3.136056 0.284226
63  0.000000 0.000000 0.000000  1.570186 -0.002350 -0.001115
64  -2.552000 -12.767619 -1.660703  1.550575 0.057344 0.013651
65  -0.109379 -1.951951 -1.519204  0.000000 0.000000 0.000000
66  -0.109379 0.057027 25.399254  0.000000 0.000000 0.000000
67  -0.109379 -1.856731 0.287231  0.000000 0.000000 0.000000
68  -0.104048 -4.495923 7.879278  0.000000 0.000000 0.000000
69  -0.195264 4.332629 -6.347188  0.000000 0.000000 0.000000
70  -1.290112 3.693283 8.579666  0.022713 -0.014049 -0.017451
71  -0.121470 -1.314581 7.402087  0.000000 0.000000 0.000000
72  -1.107528 -1.063453 4.061648  0.000000 0.000000 0.000000
73  0.003659 1.612363 10.733983  -0.000000 -0.000000 -0.016404
74  -2.666661 -17.993963 -2.851492  1.550575 0.057344 0.013651
time 102
0  0.000006 0.000000 0.000000  -1.570800 -1.391899 -1.570792
1  -4.849906 3.337897 2.232070  -1.544956 -1.855077 -0.198630
2  6.027524 -0.000325 0.000192  -0.461958 -1.199450 -1.821002
3  11.692110 0.000643 -0.000739  -1.384570 -0.000003 -1.121789
4  11.480659 0.000704 -0.000226  1.516934 -0.943577 0.109162
5  3.859511 -0.142880 -1.192050  -0.507739 -0.034586 -1.573166
6  1.312590 0.000011 0.000008  -0.099219 -0.080836 -0.578266
7  0.729355 0.000054 0.000049  -0.083327 -0.106005 -0.262589
8  3.942145 0.046273 -0.431512  -0.423826 0.326055 -0.977403
9  1.539111 0.000085 0.000004  0.011526 -0.070624 -1.101829
10  1.196333 0.000146 0.000030  0.007038 -0.000117 -0.629733
11  3.883506 -0.047270 0.431381  -0.232037 0.533715 -0.537849
12  1.719573 -0.000027 0.000016  0.011709 -0.105542 -1.237432
13  1.209179 0.000093 0.000012  -0.006673 -0.001106 -0.502906
14  3.859666 -0.138476 1.332410  0.013813 0.511197 -0.350141
15  1.719451 -0.000012 0.000023  -0.022509 0.019639 -0.287088
16  1.099675 0.000048 0.000006  -0.286525 0.346051 -1.053593
17  0.770797 -0.901443 1.177686  -1.865794 -0.596008 -0.315192
18  1.789820 -0.000003 -0.000018  0.005558 0.090197 0.395774
19  1.207016 -0.000011 -0.000045  0.141886 -0.163086 0.233767
20  5.740637 0.000409 -0.000704  -0.069276 0.000003 0.000071
21  11.481136 0.000351 -0.000703  0.006687 -0.167493 0.004775
22  6.027524 -0.000329 0.000203  1.478539 -0.360303 1.577291
23  0.000002 11.692099 -0.000007  -0.798715 -0.282823 -0.650576
24  0.000003 0.000008 0.000001  -0.515490 -0.000031 1.570739
25  -0.000001 -0.000012 -0.000001  0.868957 0.000002 1.570712
26  -6.617934 -9.178503 0.826812  1.473120 1.855075 -0.198639
27  6.027512 -0.000261 -0.000226  1.634056 0.882404 -0.653975
28  11.691991 0.000241 0.000855  0.141447 0.000056 -1.623951
29  11.479364 -0.000856 0.000956  -1.230792 0.283145 0.769042
30  3.859436 -0.132787 1.193062  0.466149 -0.051826 -1.783918
31  1.312558 0.000026 -0.000000  -0.013965 -0.041044 -0.156447
32  0.729345 0.000067 -0.000027  -0.128320 -0.117290 -0.954857
33  3.942047 0.050109 0.430996  0.211501 -0.107596 -1.469120
34  1.539096 0.000011 -0.000000  0.040712 -0.054386 -1.030469
35  1.196299 0.000075 -0.000004  -0.249391 -0.043040 -0.795120
36  3.883410 -0.050502 -0.431087  0.186407 -0.271796 -1.212184
37  1.719564 -0.000079 -0.000003  0.020974 -0.107650 -1.483528
38  1.209198 0.000035 0.000011  -0.324719 0.069674 -0.493483
39  3.859585 -0.149111 -1.331324  -0.094938 -0.084955 -0.411363
40  1.719412 -0.000100 -0.000034  -0.011248 0.001677 -0.960922
41  1.099673 0.000025 0.000006  -0.004984 -0.008084 -0.787926
42  0.805979 -0.359854 -1.318339  0.991670 0.166767 -0.799535
43  1.789779 -0.000010 -0.000043  0.000057 -0.002451 0.133097
44  1.206996 -0.000006 0.000006  0.000372 -0.000070 1.058782
45  5.740572 0.000055 0.000724  0.140705 -0.000014 0.000021
46  11.480818 -0.000136 0.000941  0.051037 0.055846 0.130397
47  6.027514 -0.000273 -0.000238  -0.987072 -0.388423 -1.704259
48  -0.000002 11.691974 -0.000005  -1.102417 0.545965 0.854657
49  0.000002 -0.000000 -0.000000  2.413975 -0.000041 1.570856
50  -0.000007 -0.000016 0.000006  2.272644 -0.000030 1.570865
51  -4.046052 -5.725650 -5.868984  -0.132279 -2.973221 1.489103
52  -0.000000 -0.000000 0.000000  0.008153 -0.000259 0.000009
53  -0.000000 0.000000 -0.000000  1.565115 0.043565 -0.106862
54  -0.969543 -19.617540 -3.940276  -0.896640 0.126369 -1.789993
55  -0.000001 0.000000 -0.000000  0.000000 -0.000000 -0.000002
56  0.000029 0.000029 0.000001  -1.571902 -0.044449 -0.106509
57  7.202790 -19.259499 -17.055128  1.570796 -0.000000 0.000000
58  -15.417985 4.000748 -22.641926  1.570796 -0.000000 0.000000
59  2.236387 -2.421983 -5.367696  1.570796 -0.000000 0.000000
60  -0.004311 0.001230 -0.000371  0.006898 -0.005534 -0.284229
61  0.826810 10.209643 -4.879054  1.570796 -0.000000 0.000000
62  0.000000 0.000000 0.000000  -0.078727 -3.136056 0.284226
63  0.000000 0.000000 0.000000  1.570616 -0.001740 -0.000661
64  -2.545441 -12.709282 -1.639914  1.552803 0.055693 0.014398
65  -0.109378 -1.951951 -1.519205  0.000000 0.000000 0.000000
66  -0.109379 0.057027 25.399252  0.000000 0.000000 0.000000
67  -0.109379 -1.856731 0.287231  0.000000 0.000000 0.000000
68  -0.104047 -4.495923 7.879278  0.000000 0.000000 0.000000
69  -0.195264 4.332630 -6.347187  0.000000 0.000000 0.000000
70  -1.290112 3.693283 8.579668  0.022713 -0.014049 -0.017451
71  -0.121470 -1.314581 7.402089  0.000000 0.000000 0.000000
72  -1.107528 -1.063453 4.061648  0.000000 0.000000 0.000000
73  0.003659 1.612363 10.733985  -0.000000 -0.000000 -0.004847
74  -2.654920 -17.933008 -2.842624  1.552803 0.055693 0.014398
time 103
0  0.000006 0.000000 0.000000  -1.570800 -1.391899 -1.570792
1  -4.849906 3.337897 2.232070  -1.544956 -1.855077 -0.198630
2  6.027524 -0.000325 0.000192  -0.464477 -1.199527 -1.819568
3  11.692108 0.000643 -0.000739  -1.384570 -0.000003 -1.128954
4  11.480612 0.000701 -0.000249  1.519729 -0.949160 0.109946
5  3.859511 -0.142880 -1.192050  -0.507739 -0.034586 -1.573166
6  1.312589 0.000014 0.000006  -0.099219 -0.080836 -0.578266
7  0.729354 0.000054 0.000052  -0.083327 -0.106005 -0.262589
8  3.942145 0.046272 -0.431512  -0.423826 0.326055 -0.977403
9  1.539111 0.000084 0.000005  0.011526 -0.070624 -1.101829
10  1.196333 0.000147 0.000030  0.007038 -0.000117 -0.629733
11  3.883506 -0.047269 0.431381  -0.232037 0.533715 -0.537849
12  1.719573 -0.000026 0.000012  0.011709 -0.105542 -1.237432
13  1.209178 0.000091 0.000012  -0.006673 -0.001106 -0.502906
14  3.859661 -0.138476 1.332410  0.013813 0.511197 -0.350141
15  1.719449 -0.000012 0.000021  -0.022509 0.019639 -0.287088
16  1.099675 0.000047 0.000005  -0.286525 0.346051 -1.053593
17  0.770794 -0.901443 1.177685  -1.865794 -0.596008 -0.315192
18  1.789818 -0.000003 -0.000017  0.005558 0.090197 0.395774
19  1.207015 -0.000011 -0.000044  0.141886 -0.163086 0.233767
20  5.740637 0.000410 -0.000703  -0.070033 0.000003 0.000071
21  11.481127 0.000350 -0.000707  0.007318 -0.168575 0.005117
22  6.027524 -0.000329 0.000203  1.479505 -0.360460 1.576037
23  0.000003 11.692098 -0.000007  -0.803246 -0.286144 -0.653930
24  0.000004 0.000008 -0.000001  -0.515490 -0.000031 1.570739
25  -0.000001 -0.000011 -0.000001  0.868957 0.000002 1.570712
26  -6.617934 -9.178503 0.826812  1.473120 1.855075 -0.198639
27  6.027512 -0.000261 -0.000226  1.634250 0.881417 -0.653929
28  11.691993 0.000245 0.000856  0.141447 0.000056 -1.629693
29  11.479324 -0.000879 0.000958  -1.229207 0.284235 0.772316
30  3.859436 -0.132787 1.193061  0.466149 -0.051826 -1.783918
31  1.312558 0.000026 -0.000000  -0.013965 -0.041044 -0.156447
32  0.729344 0.000067 -0.000027  -0.128320 -0.117290 -0.954857
33  3.942046 0.050109 0.430996  0.211501 -0.107596 -1.469120
34  1.539096 0.000011 -0.000001  0.040712 -0.054386 -1.030469
35  1.196301 0.000075 -0.000004  -0.249391 -0.043040 -0.795120
36  3.883411 -0.050502 -0.431087  0.186407 -0.271796 -1.212184
37  1.719564 -0.000079 -0.000004  0.020974 -0.107650 -1.483528
38  1.209198 0.000035 0.000011  -0.324719 0.069674 -0.493483
39  3.859585 -0.149111 -1.331324  -0.094938 -0.084955 -0.411363
40  1.719412 -0.000100 -0.000035  -0.011248 0.001677 -0.960922
41  1.099673 0.000025 0.000007  -0.004984 -0.008084 -0.787926
42  0.805978 -0.359853 -1.318339  0.991670 0.166767 -0.799535
43  1.789780 -0.000008 -0.000042  0.000057 -0.002451 0.133097
44  1.206996 -0.000007 0.000005  0.000372 -0.000070 1.058782
45  5.740572 0.000054 0.000724  0.142104 -0.000014 0.000021
46  11.480808 -0.000140 0.000941  0.051188 0.056232 0.130944
47  6.027514 -0.000273 -0.000238  -0.986080 -0.388807 -1.704739
48  -0.000000 11.691974 -0.000005  -1.105785 0.549275 0.856610
49  0.000003 -0.000000 -0.000001  2.413975 -0.000041 1.570856
50  -0.000006 -0.000016 0.000006  2.272644 -0.000030 1.570865
51  -4.035202 -5.675449 -5.845302  -0.130697 -2.971507 1.489080
52  -0.000000 -0.000000 0.000000  0.008153 -0.000259 0.000009
53  -0.000000 0.000000 -0.000001  1.565115 0.043565 -0.106862
54  -0.958060 -19.563026 -3.886756  -0.894847 0.124885 -1.789525
55  0.000002 -0.000000 0.000000  0.000000 -0.000000 -0.000002
56  0.000031 0.000029 0.000001  -1.571902 -0.044449 -0.106509
57  7.202790 -19.259499 -17.055128  1.570796 -0.000000 0.000000
58  -15.417985 4.000748 -22.641926  1.570796 -0.000000 0.000000
59  2.236387 -2.421983 -5.367696  1.570796 -0.000000 0.000000
60  -0.004311 0.001230 -0.000371  0.006898 -0.005534 -0.284229
61  0.826810 10.209643 -4.879054  1.570796 -0.000000 0.000000
62  0.000000 0.000000 0.000000  -0.078727 -3.136056 0.284226
63  0.000000 0.000000 0.000000  1.570774 -0.000609 -0.000207
64  -2.538882 -12.650944 -1.601305  1.550945 0.054306 0.014539
65  -0.109379 -1.951951 -1.519207  0.000000 -0.000000 0.000000
66  -0.109379 0.057027 25.399254  0.000000 -0.000000 0.000000
67  -0.109379 -1.856731 0.287229  0.000000 -0.000000 0.000000
68  -0.104048 -4.495923 7.879275  0.000000 -0.000000 0.000000
69  -0.195264 4.332630 -6.347189  0.000000 -0.000000 0.000000
70  -1.290112 3.693283 8.579666  0.022713 -0.014049 -0.017451
71  -0.121470 -1.314581 7.402086  0.000000 -0.000000 0.000000
72  -1.107529 -1.063453 4.061647  0.000000 -0.000000 0.000000
73  0.003659 1.612363 10.733980  -0.000000 -0.000000 -0.000000
74  -2.645396 -17.876894 -2.794581  1.550945 0.054306 0.014539
time 104
0  0.000006 0.000000 0.000000  -1.570800 -1.391899 -1.570792
1  -4.849906 3.337897 2.232070  -1.544956 -1.855077 -0.198630
2  6.027524 -0.000325 0.000192  -0.462017 -1.200729 -1.823814
3  11.692111 0.000644 -0.000740  -1.384570 -0.000003 -1.127810
4  11.480619 0.000700 -0.000248  1.522838 -0.948524 0.109134
5  3.859509 -0.142880 -1.192049  -0.507739 -0.034586 -1.573166
6  1.312590 0.000013 0.000007  -0.099219 -0.080836 -0.578266
7  0.729355 0.000054 0.000050  -0.083327 -0.106005 -0.262589
8  3.942142 0.046273 -0.431512  -0.423826 0.326055 -0.977403
9  1.539110 0.000084 0.000006  0.011526 -0.070624 -1.101829
10  1.196333 0.000144 0.000029  0.007038 -0.000117 -0.629733
11  3.883505 -0.047269 0.431381  -0.232037 0.533715 -0.537849
12  1.719573 -0.000026 0.000014  0.011709 -0.105542 -1.237432
13  1.209179 0.000095 0.000013  -0.006673 -0.001107 -0.502906
14  3.859663 -0.138476 1.332410  0.013813 0.511197 -0.350141
15  1.719446 -0.000013 0.000021  -0.022509 0.019639 -0.287088
16  1.099675 0.000046 0.000008  -0.286525 0.346051 -1.053593
17  0.770793 -0.901442 1.177686  -1.865794 -0.596008 -0.315192
18  1.789820 -0.000003 -0.000019  0.005558 0.090197 0.395774
19  1.207016 -0.000012 -0.000043  0.141886 -0.163086 0.233768
20  5.740637 0.000410 -0.000704  -0.069604 0.000003 0.000070
21  11.481129 0.000350 -0.000709  0.007781 -0.168414 0.005253
22  6.027524 -0.000329 0.000203  1.478908 -0.359072 1.574294
23  0.000001 11.692099 -0.000007  -0.802523 -0.285613 -0.653396
24  0.000003 0.000008 -0.000001  -0.515490 -0.000031 1.570739
25  -0.000000 -0.000011 -0.000001  0.868957 0.000002 1.570712
26  -6.617934 -9.178503 0.826812  1.473120 1.855075 -0.198639
27  6.027512 -0.000261 -0.000226  1.634294 0.882425 -0.653847
28  11.691992 0.000242 0.000855  0.141447 0.000056 -1.628682
29  11.479333 -0.000875 0.000957  -1.228905 0.285136 0.770684
30  3.859436 -0.132787 1.193062  0.466149 -0.051826 -1.783918
31  1.312559 0.000026 0.000000  -0.013965 -0.041044 -0.156447
32  0.729345 0.000066 -0.000028  -0.128320 -0.117290 -0.954857
33  3.942047 0.050109 0.430997  0.211501 -0.107596 -1.469120
34  1.539097 0.000011 -0.000001  0.040712 -0.054386 -1.030469
35  1.196299 0.000075 -0.000003  -0.249391 -0.043040 -0.795120
36  3.883411 -0.050501 -0.431087  0.186407 -0.271796 -1.212184
37  1.719564 -0.000080 -0.000003  0.020974 -0.107650 -1.483528
38  1.209197 0.000035 0.000011  -0.324719 0.069674 -0.493483
39  3.859586 -0.149111 -1.331323  -0.094938 -0.084955 -0.411363
40  1.719411 -0.000099 -0.000035  -0.011248 0.001677 -0.960922
41  1.099673 0.000025 0.000006  -0.004984 -0.008084 -0.787926
42  0.805979 -0.359853 -1.318338  0.991670 0.166767 -0.799535
43  1.789780 -0.000009 -0.000042  0.000057 -0.002451 0.133097
44  1.206997 -0.000007 0.000005  0.000372 -0.000070 1.058782
45  5.740574 0.000054 0.000723  0.142093 -0.000014 0.000021
46  11.480812 -0.000139 0.000941  0.051210 0.056383 0.130579
47  6.027514 -0.000273 -0.000238  -0.987010 -0.388281 -1.704338
48  -0.000003 11.691975 -0.000006  -1.105193 0.548692 0.856267
49  0.000003 -0.000001 -0.000000  2.413975 -0.000041 1.570856
50  -0.000008 -0.000015 0.000005  2.272644 -0.000030 1.570865
51  -4.029927 -5.683368 -5.838304  -0.129928 -2.969716 1.488992
52  0.000000 0.000000 -0.000000  0.008153 -0.000259 0.000009
53  0.000000 0.000001 0.000000  1.565115 0.043565 -0.106862
54  -0.953392 -19.567165 -3.852229  -0.893843 0.123214 -1.789358
55  0.000001 0.000000 -0.000000  0.000000 -0.000000 -0.000002
56  0.000030 0.000029 0.000001  -1.571901 -0.044449 -0.106509
57  7.202790 -19.259499 -17.055128  1.570796 -0.000000 0.000000
58  -15.417985 4.000748 -22.641926  1.570796 -0.000000 0.000000
59  2.236387 -2.421983 -5.367696  1.570796 -0.000000 0.000000
60  -0.004311 0.001230 -0.000371  0.006898 -0.005534 -0.284229
61  0.826810 10.209643 -4.879054  1.570796 -0.000000 0.000000
62  0.000000 0.000000 0.000000  -0.078727 -3.136056 0.284226
63  0.000000 0.000000 0.000000  1.570796 -0.000000 0.000000
64  -2.535900 -12.650944 -1.580516  1.549086 0.053723 0.014481
65  -0.109378 -1.951951 -1.519205  -0.000000 0.000000 0.000000
66  -0.109379 0.057027 25.399252  -0.000000 0.000000 0.000000
67  -0.109378 -1.856732 0.287229  -0.000000 0.000000 0.000000
68  -0.104047 -4.495923 7.879278  -0.000000 0.000000 0.000000
69  -0.195264 4.332631 -6.347188  -0.000000 0.000000 0.000000
70  -1.290112 3.693284 8.579670  0.022713 -0.014049 -0.017451
71  -0.121470 -1.314581 7.402088  -0.000000 0.000000 0.000000
72  -1.107528 -1.063453 4.061647  -0.000000 0.000000 0.000000
73  0.003659 1.612363 10.733981  -0.000000 -0.000000 -0.000000
74  -2.641465 -17.879095 -2.764200  1.549086 0.053723 0.014481
end
