version 1
nodes
0 "ValveBiped.Bip01_Spine4" -1
1 "ValveBiped.Bip01_L_Clavicle" 0
2 "ValveBiped.Bip01_L_UpperArm" 1
3 "ValveBiped.Bip01_L_Forearm" 2
4 "ValveBiped.Bip01_L_Hand" 3
5 "ValveBiped.Bip01_L_Finger4" 4
6 "ValveBiped.Bip01_L_Finger41" 5
7 "ValveBiped.Bip01_L_Finger42" 6
8 "ValveBiped.Bip01_L_Finger3" 4
9 "ValveBiped.Bip01_L_Finger31" 8
10 "ValveBiped.Bip01_L_Finger32" 9
11 "ValveBiped.Bip01_L_Finger2" 4
12 "ValveBiped.Bip01_L_Finger21" 11
13 "ValveBiped.Bip01_L_Finger22" 12
14 "ValveBiped.Bip01_L_Finger1" 4
15 "ValveBiped.Bip01_L_Finger11" 14
16 "ValveBiped.Bip01_L_Finger12" 15
17 "ValveBiped.Bip01_L_Finger0" 4
18 "ValveBiped.Bip01_L_Finger01" 17
19 "ValveBiped.Bip01_L_Finger02" 18
20 "ValveBiped.Bip01_L_Ulna" 3
21 "ValveBiped.Bip01_L_Wrist" 3
22 "rig_l_upperarm" 1
23 "rig_l_forearm" 22
24 "rig_d_l_forearm" 23
25 "rig_d_l_upperarm" 22
26 "ValveBiped.Bip01_R_Clavicle" 0
27 "ValveBiped.Bip01_R_UpperArm" 26
28 "ValveBiped.Bip01_R_Forearm" 27
29 "ValveBiped.Bip01_R_Hand" 28
30 "ValveBiped.Bip01_R_Finger4" 29
31 "ValveBiped.Bip01_R_Finger41" 30
32 "ValveBiped.Bip01_R_Finger42" 31
33 "ValveBiped.Bip01_R_Finger3" 29
34 "ValveBiped.Bip01_R_Finger31" 33
35 "ValveBiped.Bip01_R_Finger32" 34
36 "ValveBiped.Bip01_R_Finger2" 29
37 "ValveBiped.Bip01_R_Finger21" 36
38 "ValveBiped.Bip01_R_Finger22" 37
39 "ValveBiped.Bip01_R_Finger1" 29
40 "ValveBiped.Bip01_R_Finger11" 39
41 "ValveBiped.Bip01_R_Finger12" 40
42 "ValveBiped.Bip01_R_Finger0" 29
43 "ValveBiped.Bip01_R_Finger01" 42
44 "ValveBiped.Bip01_R_Finger02" 43
45 "ValveBiped.Bip01_R_Ulna" 28
46 "ValveBiped.Bip01_R_Wrist" 28
47 "rig_r_upperarm" 26
48 "rig_r_forearm" 47
49 "rig_d_r_forearm" 48
50 "rig_d_r_upperarm" 47
51 "rig_r_hand" -1
52 "rig_d_r_hand" 51
53 "rig_d_r_wrist" 52
54 "rig_l_hand" -1
55 "rig_d_l_hand" 54
56 "rig_d_l_wrist" 54
57 "rig_l_pole" -1
58 "rig_r_pole" -1
59 "rig_l_clavicle" -1
60 "rig_d_l_clavicle" 59
61 "rig_r_clavicle" -1
62 "rig_d_r_clavicle" 61
63 "Camera" -1
64 "body" -1
65 "trigger" 64
66 "barrel" 64
67 "bulletdoor" 64
68 "pump" 64
69 "bolt" 68
70 "tac" 68
71 "bullet2" 64
72 "catch" 64
73 "hookontop" 64
74 "bullet1" -1
end
skeleton
time 0
0  0.000006 0.000000 0.000000  -1.570800 -1.391899 -1.570792
1  -4.849906 3.337897 2.232070  -1.544956 -1.855077 -0.198630
2  6.027524 -0.000325 0.000192  -0.486269 -1.205611 -1.818396
3  11.692111 0.000642 -0.000741  -1.384562 0.000002 -0.991008
4  11.480664 0.000709 -0.000194  1.551455 -0.783335 0.080390
5  3.859510 -0.142880 -1.192049  -0.507739 -0.034586 -1.573166
6  1.312590 0.000011 0.000008  -0.118535 -0.048143 -0.280786
7  0.729356 0.000053 0.000052  -0.083327 -0.106005 -0.262589
8  3.942142 0.046273 -0.431513  -0.423826 0.326055 -0.977403
9  1.539110 0.000084 0.000006  -0.009644 -0.070905 -0.804603
10  1.196332 0.000146 0.000029  0.007038 -0.000117 -0.629733
11  3.883505 -0.047269 0.431381  -0.232037 0.533715 -0.537849
12  1.719573 -0.000027 0.000015  -0.029240 -0.102096 -0.847270
13  1.209180 0.000093 0.000013  -0.006673 -0.001106 -0.502906
14  3.859662 -0.138476 1.332410  0.013813 0.511197 -0.350141
15  1.719449 -0.000012 0.000023  -0.022509 0.019639 -0.287088
16  1.099675 0.000045 0.000003  -0.286525 0.346051 -1.053593
17  0.770796 -0.901442 1.177685  -0.989376 -0.626737 -0.584011
18  1.789821 -0.000003 -0.000018  0.005558 0.090197 0.395774
19  1.207014 -0.000012 -0.000043  0.141886 -0.163086 0.233767
20  5.740637 0.000409 -0.000703  -0.039588 0.000003 0.000071
21  11.481141 0.000350 -0.000695  0.008455 -0.135196 0.003380
22  6.027524 -0.000329 0.000203  1.489195 -0.356434 1.553478
23  0.000003 11.692097 -0.000007  -0.714707 -0.224865 -0.587192
24  0.000003 0.000009 -0.000002  -0.515490 -0.000030 1.570739
25  -0.000000 -0.000012 -0.000000  0.868957 0.000002 1.570712
26  -6.617934 -9.178503 0.826812  1.473120 1.855075 -0.198639
27  6.027512 -0.000261 -0.000226  1.634294 0.882425 -0.653847
28  11.691992 0.000242 0.000855  0.141447 0.000056 -1.628682
29  11.479333 -0.000875 0.000957  -1.228905 0.285136 0.770684
30  3.859436 -0.132787 1.193062  0.466149 -0.051826 -1.783918
31  1.312559 0.000026 0.000000  -0.013965 -0.041044 -0.156447
32  0.729345 0.000066 -0.000028  -0.128320 -0.117290 -0.954857
33  3.942047 0.050109 0.430997  0.211501 -0.107596 -1.469120
34  1.539097 0.000011 -0.000001  0.040712 -0.054386 -1.030469
35  1.196299 0.000075 -0.000003  -0.249391 -0.043040 -0.795120
36  3.883411 -0.050501 -0.431087  0.186407 -0.271796 -1.212184
37  1.719564 -0.000080 -0.000003  0.020974 -0.107650 -1.483528
38  1.209197 0.000035 0.000011  -0.324719 0.069674 -0.493483
39  3.859586 -0.149111 -1.331323  -0.094938 -0.084955 -0.411363
40  1.719411 -0.000099 -0.000035  -0.011248 0.001677 -0.960922
41  1.099673 0.000025 0.000006  -0.004984 -0.008084 -0.787926
42  0.805979 -0.359853 -1.318338  0.991670 0.166767 -0.799535
43  1.789780 -0.000009 -0.000042  0.000057 -0.002451 0.133097
44  1.206997 -0.000007 0.000005  0.000372 -0.000070 1.058782
45  5.740574 0.000054 0.000723  0.142093 -0.000014 0.000021
46  11.480812 -0.000139 0.000941  0.051210 0.056383 0.130579
47  6.027514 -0.000273 -0.000238  -0.987010 -0.388281 -1.704338
48  -0.000003 11.691975 -0.000006  -1.105193 0.548692 0.856267
49  0.000003 -0.000001 -0.000000  2.413975 -0.000041 1.570856
50  -0.000008 -0.000015 0.000005  2.272644 -0.000030 1.570865
51  -4.029927 -5.683368 -5.838304  -0.129928 -2.969716 1.488992
52  0.000000 0.000000 -0.000000  0.008153 -0.000259 0.000009
53  0.000000 0.000001 0.000000  1.565115 0.043565 -0.106862
54  -0.565308 -20.803608 -4.766840  -0.895866 0.100789 -1.807455
55  -0.000003 -0.000000 -0.000000  0.000000 -0.000000 -0.000002
56  0.000028 0.000029 0.000001  -1.571901 -0.044449 -0.106509
57  7.202790 -19.259499 -17.055128  1.570796 -0.000000 0.000000
58  -15.417985 4.000748 -22.641926  1.570796 -0.000000 0.000000
59  2.236387 -2.421983 -5.367696  1.570796 -0.000000 0.000000
60  -0.004311 0.001230 -0.000371  0.006898 -0.005534 -0.284229
61  0.826810 10.209643 -4.879054  1.570796 -0.000000 0.000000
62  0.000000 0.000000 0.000000  -0.078727 -3.136056 0.284226
63  0.000000 0.000000 0.000000  1.570796 -0.000000 0.000000
64  -2.535900 -12.650944 -1.580516  1.549086 0.053723 0.014481
65  -0.109378 -1.951951 -1.519205  -0.000000 0.000000 0.000000
66  -0.109379 0.057027 25.399252  -0.000000 0.000000 0.000000
67  -0.109378 -1.856732 0.287229  -0.000000 0.000000 0.000000
68  -0.104047 -4.495923 7.879278  -0.000000 0.000000 0.000000
69  -0.195264 4.332631 -6.347188  -0.000000 0.000000 0.000000
70  -1.290112 3.693284 8.579670  0.022713 -0.014049 -0.017451
71  -0.121470 -1.314581 7.402088  -0.000000 0.000000 0.000000
72  -1.107528 -1.063453 4.061647  -0.000000 0.000000 0.000000
73  0.003659 1.612363 10.733981  -0.000000 0.000000 0.000000
74  -2.641465 -17.879095 -2.764200  1.549086 0.053723 0.014481
time 1
0  0.000006 0.000000 0.000000  -1.570800 -1.391899 -1.570792
1  -4.849906 3.337897 2.232070  -1.544956 -1.855077 -0.198630
2  6.027524 -0.000325 0.000192  -0.500777 -1.204196 -1.806185
3  11.692112 0.000644 -0.000739  -1.384561 0.000002 -0.991087
4  11.480664 0.000709 -0.000194  1.549293 -0.782091 0.085171
5  3.859507 -0.142879 -1.192049  -0.507867 -0.033431 -1.568603
6  1.312591 0.000012 0.000009  -0.117660 -0.047676 -0.280669
7  0.729355 0.000053 0.000050  -0.081688 -0.105445 -0.260933
8  3.942142 0.046273 -0.431512  -0.421557 0.323706 -0.976142
9  1.539110 0.000083 0.000005  -0.009821 -0.070339 -0.798405
10  1.196332 0.000146 0.000029  0.006142 -0.000201 -0.632512
11  3.883505 -0.047269 0.431382  -0.229451 0.529839 -0.537566
12  1.719574 -0.000026 0.000015  -0.029217 -0.101245 -0.843631
13  1.209179 0.000092 0.000012  -0.006592 -0.002308 -0.505527
14  3.859661 -0.138475 1.332410  0.016715 0.507329 -0.349182
15  1.719448 -0.000013 0.000020  -0.022345 0.019749 -0.287040
16  1.099676 0.000045 0.000005  -0.281996 0.343100 -1.049205
17  0.770793 -0.901442 1.177686  -0.989376 -0.626737 -0.584011
18  1.789819 -0.000003 -0.000018  0.005558 0.090197 0.395774
19  1.207015 -0.000012 -0.000043  0.141886 -0.163086 0.233767
20  5.740636 0.000410 -0.000703  -0.038835 0.000003 0.000071
21  11.481139 0.000352 -0.000695  0.008314 -0.134965 0.004125
22  6.027524 -0.000329 0.000203  1.494266 -0.358961 1.550367
23  0.000002 11.692099 -0.000008  -0.714758 -0.224898 -0.587231
24  0.000003 0.000009 -0.000001  -0.515490 -0.000031 1.570738
25  -0.000000 -0.000011 -0.000002  0.868957 0.000002 1.570712
26  -6.604730 -9.143301 0.809990  1.473120 1.855075 -0.198639
27  6.027512 -0.000260 -0.000226  1.628350 0.886102 -0.655647
28  11.691990 0.000243 0.000856  0.144894 0.000055 -1.628103
29  11.479338 -0.000866 0.000960  -1.228484 0.289731 0.777215
30  3.859436 -0.132788 1.193062  0.466149 -0.051826 -1.783918
31  1.312558 0.000025 0.000001  -0.013965 -0.041044 -0.156447
32  0.729345 0.000066 -0.000027  -0.128320 -0.117290 -0.954857
33  3.942046 0.050109 0.430997  0.211501 -0.107596 -1.469120
34  1.539097 0.000009 -0.000001  0.040712 -0.054386 -1.030469
35  1.196300 0.000077 -0.000005  -0.249391 -0.043040 -0.795121
36  3.883413 -0.050502 -0.431087  0.186407 -0.271796 -1.212184
37  1.719564 -0.000079 -0.000004  0.020974 -0.107650 -1.483528
38  1.209198 0.000035 0.000011  -0.324719 0.069674 -0.493483
39  3.859586 -0.149112 -1.331323  -0.098025 -0.084971 -0.389083
40  1.719412 -0.000100 -0.000035  -0.011224 0.000458 -0.973184
41  1.099673 0.000026 0.000007  -0.006172 -0.006468 -0.787908
42  0.805979 -0.359854 -1.318338  0.991670 0.166767 -0.799535
43  1.789780 -0.000009 -0.000043  0.000057 -0.002451 0.133097
44  1.206996 -0.000007 0.000005  0.000372 -0.000070 1.058782
45  5.740573 0.000056 0.000723  0.142441 -0.000014 0.000021
46  11.480812 -0.000136 0.000942  0.050814 0.057428 0.131694
47  6.027514 -0.000273 -0.000239  -0.992487 -0.389705 -1.699465
48  -0.000001 11.691974 -0.000005  -1.104854 0.548358 0.856069
49  0.000002 -0.000002 -0.000001  2.417420 -0.000041 1.570856
50  -0.000007 -0.000015 0.000006  2.272644 -0.000030 1.570865
51  -3.961474 -5.719708 -5.824546  -0.130524 -2.974439 1.489335
52  -0.000000 0.000000 0.000001  0.008153 -0.000259 0.000009
53  0.000000 -0.000000 0.000000  1.565115 0.043565 -0.106862
54  -0.492975 -20.844028 -4.825689  -0.897183 0.105365 -1.807347
55  0.000001 -0.000000 -0.000000  0.000000 -0.000000 -0.000002
56  0.000030 0.000029 0.000001  -1.571901 -0.044449 -0.106509
57  7.202790 -19.259499 -17.055128  1.570796 -0.000000 0.000000
58  -15.435967 4.000760 -22.594671  1.570796 -0.000000 0.000000
59  2.236387 -2.421983 -5.367696  1.570796 -0.000000 0.000000
60  -0.004311 0.001230 -0.000371  0.006898 -0.005534 -0.284229
61  0.809988 10.172653 -4.872324  1.570796 -0.000000 0.000000
62  0.000000 0.000000 0.000000  -0.078727 -3.136056 0.284226
63  0.000000 0.000000 0.000000  1.568900 0.000721 -0.001158
64  -2.464902 -12.707088 -1.600238  1.553851 0.053853 0.014980
65  -0.109378 -1.951952 -1.519205  -0.000000 -0.000000 -0.000000
66  -0.109379 0.057027 25.399252  -0.000000 -0.000000 -0.000000
67  -0.109378 -1.856732 0.287230  -0.000000 -0.000000 -0.000000
68  -0.104047 -4.495924 7.879276  -0.000000 -0.000000 -0.000000
69  -0.195264 4.332630 -6.347187  -0.000000 -0.000000 -0.000000
70  -1.290112 3.693283 8.579668  0.022713 -0.014049 -0.017451
71  -0.120262 -1.317772 7.133816  -0.000000 -0.000000 -0.000000
72  -1.107528 -1.063453 4.061649  -0.000000 -0.000000 -0.000000
73  0.003659 1.612363 10.733982  -0.000000 -0.000000 0.003472
74  -2.561793 -17.916458 -2.672255  1.553851 0.053853 0.014980
time 2
0  0.000006 0.000000 0.000000  -1.570800 -1.391899 -1.570792
1  -4.849906 3.337897 2.232070  -1.544956 -1.855077 -0.198630
2  6.027524 -0.000325 0.000192  -0.544770 -1.197948 -1.766393
3  11.692113 0.000644 -0.000740  -1.384562 0.000002 -0.992798
4  11.480656 0.000710 -0.000201  1.516703 -0.744884 0.122413
5  3.859506 -0.142879 -1.192049  -0.508219 -0.029931 -1.554789
6  1.312589 0.000012 0.000008  -0.115017 -0.046263 -0.280311
7  0.729355 0.000055 0.000050  -0.076723 -0.103770 -0.255920
8  3.942142 0.046273 -0.431511  -0.414719 0.316582 -0.972368
9  1.539109 0.000082 0.000005  -0.010333 -0.068616 -0.779619
10  1.196334 0.000142 0.000030  0.003433 -0.000469 -0.640919
11  3.883502 -0.047269 0.431381  -0.221664 0.518099 -0.536784
12  1.719572 -0.000024 0.000014  -0.029129 -0.098670 -0.832619
13  1.209180 0.000093 0.000012  -0.006327 -0.005942 -0.513458
14  3.859660 -0.138475 1.332410  0.025437 0.495602 -0.346368
15  1.719447 -0.000012 0.000020  -0.021849 0.020083 -0.286893
16  1.099674 0.000048 0.000004  -0.268382 0.334044 -1.036022
17  0.770793 -0.901442 1.177686  -0.989376 -0.626737 -0.584011
18  1.789818 -0.000004 -0.000019  0.005558 0.090197 0.395774
19  1.207016 -0.000012 -0.000043  0.141886 -0.163086 0.233767
20  5.740638 0.000410 -0.000704  -0.037378 0.000003 0.000070
21  11.481137 0.000352 -0.000700  0.003853 -0.127927 0.009015
22  6.027524 -0.000329 0.000203  1.509688 -0.368122 1.543652
23  0.000003 11.692099 -0.000006  -0.715874 -0.225623 -0.588087
24  0.000004 0.000006 -0.000001  -0.515490 -0.000031 1.570739
25  -0.000000 -0.000012 -0.000000  0.868957 0.000002 1.570712
26  -6.564806 -9.036872 0.759134  1.473120 1.855075 -0.198639
27  6.027513 -0.000261 -0.000226  1.613046 0.895353 -0.659982
28  11.691991 0.000242 0.000855  0.155326 0.000056 -1.626746
29  11.479345 -0.000854 0.000970  -1.228358 0.301608 0.793171
30  3.859436 -0.132787 1.193061  0.466149 -0.051826 -1.783918
31  1.312558 0.000025 0.000000  -0.013965 -0.041044 -0.156447
32  0.729345 0.000065 -0.000027  -0.128320 -0.117290 -0.954857
33  3.942046 0.050110 0.430996  0.211501 -0.107596 -1.469120
34  1.539097 0.000010 -0.000000  0.040712 -0.054386 -1.030469
35  1.196300 0.000074 -0.000004  -0.249391 -0.043040 -0.795120
36  3.883410 -0.050501 -0.431088  0.186407 -0.271796 -1.212184
37  1.719564 -0.000079 -0.000004  0.020974 -0.107650 -1.483528
38  1.209197 0.000036 0.000012  -0.324719 0.069674 -0.493483
39  3.859585 -0.149111 -1.331324  -0.107289 -0.084608 -0.322150
40  1.719412 -0.000099 -0.000035  -0.011061 -0.003185 -1.009855
41  1.099674 0.000024 0.000007  -0.009721 -0.001643 -0.787768
42  0.805979 -0.359853 -1.318339  0.991670 0.166767 -0.799535
43  1.789779 -0.000009 -0.000042  0.000057 -0.002451 0.133097
44  1.206996 -0.000006 0.000005  0.000372 -0.000070 1.058782
45  5.740572 0.000056 0.000725  0.142888 -0.000014 0.000021
46  11.480813 -0.000135 0.000944  0.049604 0.060040 0.134425
47  6.027515 -0.000273 -0.000239  -1.006408 -0.393260 -1.686587
48  -0.000001 11.691974 -0.000007  -1.104057 0.547576 0.855609
49  0.000004 -0.000000 -0.000000  2.427853 -0.000041 1.570856
50  -0.000007 -0.000015 0.000005  2.272644 -0.000030 1.570865
51  -3.794547 -5.826824 -5.787854  -0.132617 -2.986566 1.491378
52  0.000000 0.000000 0.000001  0.008153 -0.000259 0.000009
53  0.000000 0.000000 -0.000000  1.565115 0.043565 -0.106862
54  -0.291282 -20.950708 -5.044225  -0.913275 0.105309 -1.842492
55  0.000001 0.000000 0.000000  0.000000 -0.000000 -0.000002
56  0.000029 0.000029 0.000001  -1.571902 -0.044449 -0.106509
57  7.202790 -19.259499 -17.055128  1.570796 -0.000000 0.000000
58  -15.490335 4.000796 -22.451801  1.570796 -0.000000 0.000000
59  2.236387 -2.421983 -5.367696  1.570796 -0.000000 0.000000
60  -0.004311 0.001230 -0.000371  0.006898 -0.005534 -0.284229
61  0.759132 10.060819 -4.851976  1.570796 -0.000000 0.000000
62  0.000000 0.000000 0.000000  -0.078727 -3.136056 0.284226
63  0.000000 0.000000 0.000000  1.565377 0.002406 -0.003312
64  -2.281465 -12.862864 -1.651099  1.566138 0.054740 0.017355
65  -0.109378 -1.951951 -1.519204  0.000000 -0.000000 -0.000000
66  -0.109379 0.057027 25.399256  0.000000 -0.000000 -0.000000
67  -0.109378 -1.856732 0.287230  0.000000 -0.000000 -0.000000
68  -0.104047 -4.495923 7.879277  0.000000 -0.000000 -0.000000
69  -0.195264 4.332631 -6.347188  0.000000 -0.000000 -0.000000
70  -1.290112 3.693284 8.579669  0.022713 -0.014049 -0.017451
71  -0.117382 -1.325381 6.494088  0.000000 -0.000000 -0.000000
72  -1.107528 -1.063453 4.061649  0.000000 -0.000000 -0.000000
73  0.003659 1.612363 10.733983  0.000000 -0.000000 0.013148
74  -2.352139 -18.031540 -2.460943  1.566138 0.054740 0.017355
time 3
0  0.000006 0.000000 0.000000  -1.570800 -1.391899 -1.570792
1  -4.849906 3.337897 2.232070  -1.544956 -1.855077 -0.198630
2  6.027524 -0.000325 0.000192  -0.607800 -1.186235 -1.707683
3  11.692111 0.000644 -0.000738  -1.384562 0.000002 -0.994718
4  11.480646 0.000709 -0.000204  1.450335 -0.652430 0.187760
5  3.859511 -0.142879 -1.192050  -0.508701 -0.024064 -1.531681
6  1.312591 0.000010 0.000008  -0.110605 -0.043907 -0.279706
7  0.729355 0.000054 0.000049  -0.068417 -0.101028 -0.247531
8  3.942145 0.046274 -0.431512  -0.403394 0.304627 -0.966195
9  1.539110 0.000085 0.000006  -0.011120 -0.065706 -0.748123
10  1.196333 0.000147 0.000028  -0.001086 -0.000968 -0.654960
11  3.883507 -0.047269 0.431380  -0.208773 0.498448 -0.535719
12  1.719572 -0.000027 0.000016  -0.028918 -0.094370 -0.814220
13  1.209180 0.000090 0.000011  -0.005819 -0.012006 -0.526706
14  3.859665 -0.138475 1.332409  0.039827 0.475936 -0.341956
15  1.719448 -0.000011 0.000021  -0.021023 0.020640 -0.286649
16  1.099675 0.000048 0.000005  -0.245945 0.318492 -1.014313
17  0.770796 -0.901441 1.177685  -0.989376 -0.626737 -0.584011
18  1.789820 -0.000002 -0.000017  0.005558 0.090197 0.395774
19  1.207016 -0.000012 -0.000043  0.141886 -0.163086 0.233767
20  5.740636 0.000410 -0.000704  -0.037017 0.000003 0.000070
21  11.481139 0.000352 -0.000697  -0.007116 -0.110783 0.018043
22  6.027524 -0.000329 0.000203  1.532813 -0.382858 1.535315
23  0.000003 11.692100 -0.000009  -0.717125 -0.226437 -0.589046
24  0.000004 0.000009 -0.000000  -0.515490 -0.000031 1.570738
25  -0.000000 -0.000011 -0.000002  0.868957 0.000002 1.570712
26  -6.498191 -8.859286 0.674275  1.473120 1.855075 -0.198639
27  6.027513 -0.000262 -0.000227  1.592282 0.907623 -0.665245
28  11.691990 0.000245 0.000857  0.172790 0.000055 -1.624958
29  11.479357 -0.000833 0.000983  -1.230233 0.317806 0.812913
30  3.859437 -0.132788 1.193062  0.466149 -0.051826 -1.783918
31  1.312558 0.000026 -0.000000  -0.013965 -0.041043 -0.156447
32  0.729345 0.000067 -0.000027  -0.128320 -0.117290 -0.954857
33  3.942046 0.050109 0.430996  0.211501 -0.107596 -1.469120
34  1.539096 0.000010 0.000001  0.040712 -0.054386 -1.030469
35  1.196300 0.000076 -0.000003  -0.249391 -0.043040 -0.795121
36  3.883412 -0.050502 -0.431087  0.186407 -0.271796 -1.212184
37  1.719563 -0.000078 -0.000003  0.020974 -0.107650 -1.483528
38  1.209197 0.000036 0.000011  -0.324719 0.069674 -0.493483
39  3.859586 -0.149112 -1.331323  -0.121906 -0.082764 -0.215774
40  1.719411 -0.000100 -0.000034  -0.010533 -0.008918 -1.067757
41  1.099674 0.000024 0.000007  -0.015305 0.005956 -0.787345
42  0.805979 -0.359854 -1.318338  0.991670 0.166767 -0.799535
43  1.789779 -0.000009 -0.000043  0.000057 -0.002451 0.133097
44  1.206997 -0.000005 0.000005  0.000372 -0.000070 1.058782
45  5.740571 0.000055 0.000723  0.142502 -0.000014 0.000021
46  11.480816 -0.000131 0.000945  0.047565 0.063400 0.137822
47  6.027515 -0.000274 -0.000239  -1.025068 -0.397729 -1.668377
48  -0.000000 11.691973 -0.000006  -1.103010 0.546545 0.854998
49  0.000003 0.000000 -0.000001  2.445316 -0.000041 1.570856
50  -0.000006 -0.000015 0.000005  2.272644 -0.000030 1.570865
51  -3.587099 -6.002239 -5.735018  -0.136658 -3.003034 1.496638
52  -0.000000 -0.000000 0.000000  0.008153 -0.000259 0.000009
53  0.000000 -0.000000 -0.000000  1.565115 0.043565 -0.106862
54  -0.000421 -21.103422 -5.415298  -0.953272 0.087385 -1.927293
55  0.000001 -0.000000 -0.000001  0.000000 -0.000000 -0.000002
56  0.000032 0.000029 -0.000001  -1.571901 -0.044449 -0.106509
57  7.202790 -19.259499 -17.055128  1.570796 -0.000000 0.000000
58  -15.581050 4.000857 -22.213413  1.570796 -0.000000 0.000000
59  2.236387 -2.421983 -5.367696  1.570796 -0.000000 0.000000
60  -0.004311 0.001230 -0.000371  0.006898 -0.005534 -0.284229
61  0.674273 9.874213 -4.818025  1.570796 -0.000000 0.000000
62  0.000000 0.000000 0.000000  -0.078727 -3.136056 0.284226
63  0.000000 0.000000 0.000000  1.563475 0.004351 -0.004479
64  -2.029929 -13.099283 -1.720645  1.582943 0.057125 0.022963
65  -0.109379 -1.951951 -1.519206  0.000000 -0.000000 -0.000000
66  -0.109379 0.057027 25.399252  0.000000 -0.000000 -0.000000
67  -0.109378 -1.856732 0.287229  0.000000 -0.000000 -0.000000
68  -0.104047 -4.495923 7.879274  0.000000 -0.000000 -0.000000
69  -0.195264 4.332631 -6.347187  0.000000 -0.000000 -0.000000
70  -1.290112 3.693283 8.579668  0.022713 -0.014049 -0.017451
71  -0.113943 -1.334464 5.730540  0.000000 -0.000000 -0.000000
72  -1.107529 -1.063453 4.061647  0.000000 -0.000000 -0.000000
73  0.003659 1.612363 10.733981  -0.000000 -0.000000 0.027918
74  -2.055783 -18.227758 -2.227347  1.582943 0.057125 0.022963
time 4
0  0.000006 0.000000 0.000000  -1.570800 -1.391899 -1.570792
1  -4.849906 3.337897 2.232070  -1.544956 -1.855077 -0.198630
2  6.027524 -0.000325 0.000192  -0.672197 -1.171927 -1.648448
3  11.692114 0.000643 -0.000739  -1.384561 0.000002 -0.992364
4  11.480657 0.000709 -0.000195  1.376413 -0.522181 0.247445
5  3.859506 -0.142879 -1.192048  -0.509146 -0.015877 -1.499503
6  1.312590 0.000011 0.000010  -0.104481 -0.040643 -0.278850
7  0.729355 0.000052 0.000048  -0.056845 -0.097335 -0.235846
8  3.942142 0.046273 -0.431511  -0.387848 0.287900 -0.957888
9  1.539111 0.000084 0.000008  -0.012063 -0.061602 -0.704134
10  1.196332 0.000146 0.000029  -0.007354 -0.001767 -0.674468
11  3.883502 -0.047268 0.431383  -0.191081 0.471066 -0.534728
12  1.719572 -0.000026 0.000013  -0.028493 -0.088396 -0.788639
13  1.209178 0.000092 0.000012  -0.004980 -0.020420 -0.545123
14  3.859659 -0.138476 1.332411  0.059475 0.448458 -0.336406
15  1.719447 -0.000011 0.000023  -0.019875 0.021411 -0.286308
16  1.099674 0.000051 0.000005  -0.215409 0.296026 -0.984806
17  0.770792 -0.901441 1.177686  -0.989376 -0.626737 -0.584011
18  1.789820 -0.000003 -0.000018  0.005558 0.090197 0.395774
19  1.207015 -0.000013 -0.000045  0.141886 -0.163086 0.233767
20  5.740636 0.000409 -0.000701  -0.039158 0.000003 0.000071
21  11.481140 0.000352 -0.000694  -0.022264 -0.087043 0.027544
22  6.027524 -0.000329 0.000203  1.558307 -0.398769 1.525313
23  0.000003 11.692098 -0.000008  -0.715591 -0.225439 -0.587870
24  0.000004 0.000008 -0.000002  -0.515490 -0.000031 1.570739
25  -0.000000 -0.000012 -0.000000  0.868957 0.000002 1.570712
26  -6.405760 -8.612881 0.556531  1.473120 1.855075 -0.198639
27  6.027512 -0.000261 -0.000225  1.570252 0.920312 -0.669482
28  11.691989 0.000243 0.000855  0.197130 0.000056 -1.623126
29  11.479371 -0.000799 0.001001  -1.236097 0.335213 0.830670
30  3.859436 -0.132787 1.193062  0.466149 -0.051826 -1.783918
31  1.312558 0.000026 0.000000  -0.013965 -0.041044 -0.156447
32  0.729345 0.000065 -0.000028  -0.128320 -0.117290 -0.954857
33  3.942046 0.050109 0.430996  0.211501 -0.107596 -1.469120
34  1.539097 0.000009 0.000000  0.040712 -0.054386 -1.030469
35  1.196301 0.000075 -0.000004  -0.249391 -0.043040 -0.795120
36  3.883412 -0.050501 -0.431087  0.186407 -0.271796 -1.212184
37  1.719563 -0.000079 -0.000004  0.020974 -0.107650 -1.483528
38  1.209197 0.000036 0.000011  -0.324719 0.069674 -0.493483
39  3.859586 -0.149111 -1.331323  -0.139439 -0.078405 -0.085336
40  1.719412 -0.000100 -0.000034  -0.009440 -0.015860 -1.138453
41  1.099674 0.000024 0.000007  -0.022102 0.015219 -0.786438
42  0.805979 -0.359854 -1.318338  0.991670 0.166767 -0.799535
43  1.789780 -0.000009 -0.000042  0.000057 -0.002451 0.133097
44  1.206996 -0.000007 0.000006  0.000372 -0.000070 1.058782
45  5.740572 0.000054 0.000724  0.140393 -0.000014 0.000021
46  11.480819 -0.000124 0.000950  0.044683 0.066644 0.140947
47  6.027514 -0.000274 -0.000236  -1.044595 -0.402024 -1.647564
48  -0.000002 11.691972 -0.000005  -1.101933 0.545489 0.854375
49  0.000003 -0.000000 -0.000001  2.469658 -0.000041 1.570856
50  -0.000007 -0.000015 0.000006  2.272644 -0.000030 1.570865
51  -3.397441 -6.243387 -5.673246  -0.143092 -3.020785 1.506644
52  0.000001 -0.000000 -0.000000  0.008153 -0.000259 0.000009
53  0.000000 0.000000 -0.000000  1.565115 0.043565 -0.106862
54  0.327638 -21.288651 -5.858695  -1.011731 0.048234 -2.034719
55  -0.000001 -0.000000 -0.000000  0.000000 -0.000000 -0.000002
56  0.000028 0.000029 0.000001  -1.571902 -0.044449 -0.106509
57  7.202790 -19.259499 -17.055128  1.570796 -0.000000 0.000000
58  -15.706921 4.000940 -21.882639  1.570796 -0.000000 0.000000
59  2.236387 -2.421983 -5.367696  1.570796 -0.000000 0.000000
60  -0.004311 0.001230 -0.000371  0.006898 -0.005534 -0.284229
61  0.556529 9.615293 -4.770915  1.570796 -0.000000 0.000000
62  0.000000 0.000000 0.000000  -0.078727 -3.136056 0.284226
63  0.000000 0.000000 0.000000  1.566456 0.005986 -0.003462
64  -1.754630 -13.397364 -1.796419  1.601261 0.061751 0.033225
65  -0.109378 -1.951952 -1.519205  -0.000000 -0.000000 -0.000000
66  -0.109379 0.057027 25.399254  -0.000000 -0.000000 -0.000000
67  -0.109379 -1.856732 0.287231  -0.000000 -0.000000 -0.000000
68  -0.104047 -4.495923 7.879277  -0.000000 -0.000000 -0.000000
69  -0.195264 4.332630 -6.347186  -0.000000 -0.000000 -0.000000
70  -1.290112 3.693283 8.579670  0.022713 -0.014049 -0.017451
71  -0.111063 -1.342073 5.090815  -0.000000 -0.000000 -0.000000
72  -1.107528 -1.063453 4.061649  -0.000000 -0.000000 -0.000000
73  0.003659 1.612363 10.733982  0.000000 0.000000 0.046674
74  -1.715518 -18.499607 -2.069660  1.601261 0.061751 0.033225
time 5
0  0.000006 0.000000 0.000000  -1.570800 -1.391899 -1.570792
1  -4.849906 3.337897 2.232070  -1.544956 -1.855077 -0.198630
2  6.027523 -0.000325 0.000192  -0.725674 -1.158639 -1.601112
3  11.692114 0.000644 -0.000739  -1.384561 0.000002 -0.982145
4  11.480714 0.000713 -0.000171  1.305927 -0.371626 0.282430
5  3.859507 -0.142879 -1.192050  -0.509331 -0.005518 -1.458853
6  1.312591 0.000012 0.000007  -0.096772 -0.036542 -0.277744
7  0.729356 0.000053 0.000050  -0.042215 -0.092875 -0.221073
8  3.942140 0.046274 -0.431514  -0.368563 0.266643 -0.947859
9  1.539111 0.000083 0.000003  -0.012999 -0.056346 -0.648377
10  1.196332 0.000145 0.000027  -0.015228 -0.002947 -0.699041
11  3.883504 -0.047268 0.431381  -0.169106 0.436459 -0.534259
12  1.719573 -0.000026 0.000015  -0.027739 -0.080878 -0.756383
13  1.209180 0.000093 0.000010  -0.003702 -0.030998 -0.568345
14  3.859661 -0.138474 1.332409  0.083709 0.413612 -0.330339
15  1.719448 -0.000012 0.000021  -0.018431 0.022382 -0.285879
16  1.099675 0.000050 0.000005  -0.178014 0.266365 -0.948742
17  0.772333 -0.877282 1.183964  -1.008422 -0.672789 -0.580089
18  1.789819 -0.000003 -0.000019  0.003898 0.083268 0.329577
19  1.207016 -0.000012 -0.000043  0.149426 -0.154770 0.203343
20  5.740637 0.000410 -0.000701  -0.044681 0.000003 0.000071
21  11.481153 0.000355 -0.000691  -0.039694 -0.059686 0.034456
22  6.027524 -0.000329 0.000203  1.581218 -0.412117 1.514469
23  0.000001 11.692099 -0.000006  -0.708920 -0.221128 -0.582749
24  0.000004 0.000008 -0.000002  -0.515490 -0.000031 1.570739
25  -0.000001 -0.000011 -0.000001  0.868957 0.000002 1.570712
26  -6.289479 -8.302896 0.408404  1.473120 1.855075 -0.198639
27  6.027512 -0.000261 -0.000226  1.551575 0.930688 -0.670077
28  11.691991 0.000243 0.000855  0.227925 0.000056 -1.621821
29  11.479381 -0.000762 0.001023  -1.248351 0.350470 0.840638
30  3.859436 -0.132788 1.193062  0.466149 -0.051826 -1.783918
31  1.312558 0.000025 -0.000000  -0.013965 -0.041043 -0.156447
32  0.729345 0.000066 -0.000027  -0.128320 -0.117290 -0.954857
33  3.942047 0.050109 0.430997  0.211501 -0.107596 -1.469120
34  1.539097 0.000011 0.000000  0.040712 -0.054386 -1.030469
35  1.196299 0.000076 -0.000003  -0.249391 -0.043040 -0.795121
36  3.883412 -0.050502 -0.431087  0.186407 -0.271796 -1.212184
37  1.719564 -0.000077 -0.000004  0.020974 -0.107650 -1.483528
38  1.209195 0.000036 0.000011  -0.324719 0.069674 -0.493483
39  3.859585 -0.149112 -1.331324  -0.156247 -0.071813 0.044952
40  1.719413 -0.000099 -0.000035  -0.007859 -0.022708 -1.209167
41  1.099674 0.000024 0.000007  -0.028884 0.024498 -0.784849
42  0.805979 -0.359854 -1.318339  0.991670 0.166767 -0.799535
43  1.789779 -0.000009 -0.000042  0.000057 -0.002451 0.133097
44  1.206998 -0.000006 0.000006  0.000372 -0.000070 1.058782
45  5.740572 0.000056 0.000724  0.135762 -0.000014 0.000021
46  11.480821 -0.000116 0.000954  0.040945 0.068848 0.142906
47  6.027515 -0.000273 -0.000238  -1.060817 -0.405386 -1.626866
48  -0.000001 11.691973 -0.000007  -1.101168 0.544738 0.853930
49  0.000003 -0.000002 -0.000001  2.500453 -0.000041 1.570856
50  -0.000007 -0.000014 0.000004  2.272644 -0.000030 1.570865
51  -3.283819 -6.547530 -5.610442  -0.152367 -3.036762 1.522947
52  -0.000000 0.000000 0.000000  0.008153 -0.000259 0.000009
53  0.000000 -0.000000 -0.000000  1.565115 0.043565 -0.106862
54  0.643402 -21.497772 -6.306119  -1.081721 -0.014775 -2.140877
55  -0.000000 -0.000001 -0.000001  0.000000 -0.000000 -0.000002
56  0.000029 0.000028 -0.000000  -1.571901 -0.044449 -0.106509
57  7.202790 -19.259499 -17.055128  1.570796 -0.000000 0.000000
58  -15.865272 4.001046 -21.466515  1.570796 -0.000000 0.000000
59  2.236387 -2.421983 -5.367696  1.570796 -0.000000 0.000000
60  -0.004311 0.001230 -0.000371  0.006898 -0.005534 -0.284229
61  0.408403 9.289562 -4.711650  1.570796 -0.000000 0.000000
62  0.000000 0.000000 0.000000  -0.078727 -3.136056 0.284226
63  0.000000 0.000000 0.000000  1.573570 0.007203 -0.001023
64  -1.499909 -13.738118 -1.865965  1.618094 0.069370 0.049586
65  -0.109379 -1.951951 -1.519205  -0.000000 0.000000 -0.000000
66  -0.109379 0.057026 25.399252  -0.000000 0.000000 -0.000000
67  -0.109379 -1.856732 0.287229  -0.000000 0.000000 -0.000000
68  -0.104048 -4.495924 7.879277  -0.000000 0.000000 -0.000000
69  -0.195264 4.332629 -6.347188  -0.000000 0.000000 -0.000000
70  -1.290112 3.693282 8.579667  0.022713 -0.014049 -0.017451
71  -0.109856 -1.345264 4.822542  -0.000000 0.000000 -0.000000
72  -1.107529 -1.063453 4.061647  -0.000000 0.000000 -0.000000
73  0.003658 1.612363 10.733984  -0.000000 0.000000 0.068301
74  -1.375838 -18.829304 -2.086909  1.618094 0.069370 0.049586
time 6
0  0.000006 0.000000 0.000000  -1.570800 -1.391899 -1.570792
1  -4.849906 3.337897 2.232070  -1.544956 -1.855077 -0.198630
2  6.027523 -0.000324 0.000192  -0.776525 -1.146638 -1.561180
3  11.692113 0.000645 -0.000739  -1.384560 0.000003 -0.970739
4  11.480780 0.000718 -0.000145  1.244236 -0.229272 0.279710
5  3.859509 -0.142879 -1.192049  -0.509007 0.006727 -1.410790
6  1.312589 0.000012 0.000006  -0.087690 -0.031726 -0.276401
7  0.729355 0.000054 0.000048  -0.024897 -0.087897 -0.203587
8  3.942143 0.046272 -0.431512  -0.346235 0.241337 -0.936644
9  1.539110 0.000082 0.000002  -0.013725 -0.050053 -0.582242
10  1.196333 0.000148 0.000032  -0.024472 -0.004586 -0.728004
11  3.883504 -0.047269 0.431381  -0.143581 0.395549 -0.534777
12  1.719572 -0.000027 0.000016  -0.026536 -0.072041 -0.718324
13  1.209180 0.000092 0.000011  -0.001880 -0.043429 -0.595755
14  3.859663 -0.138475 1.332410  0.111619 0.372259 -0.324450
15  1.719449 -0.000013 0.000022  -0.016730 0.023524 -0.285372
16  1.099675 0.000047 0.000005  -0.135505 0.229584 -0.907850
17  0.776776 -0.807584 1.202080  -1.071497 -0.794905 -0.557917
18  1.789819 -0.000003 -0.000019  0.001793 0.063672 0.155186
19  1.207014 -0.000011 -0.000043  0.170132 -0.130122 0.124073
20  5.740635 0.000411 -0.000702  -0.053284 0.000003 0.000070
21  11.481166 0.000356 -0.000687  -0.056593 -0.033345 0.035421
22  6.027524 -0.000329 0.000203  1.604481 -0.422984 1.498494
23  0.000001 11.692098 -0.000006  -0.701456 -0.216355 -0.577006
24  0.000001 0.000008 -0.000000  -0.515490 -0.000030 1.570738
25  -0.000000 -0.000012 -0.000001  0.868957 0.000002 1.570712
26  -6.152597 -7.937987 0.234035  1.473120 1.855075 -0.198639
27  6.027512 -0.000262 -0.000228  1.547887 0.933590 -0.659636
28  11.691990 0.000244 0.000854  0.264408 0.000056 -1.620241
29  11.479391 -0.000720 0.001050  -1.271801 0.345206 0.828609
30  3.859436 -0.132787 1.193062  0.466149 -0.051826 -1.783918
31  1.312558 0.000027 -0.000001  -0.013965 -0.041043 -0.156447
32  0.729346 0.000066 -0.000027  -0.128320 -0.117290 -0.954857
33  3.942046 0.050109 0.430997  0.211501 -0.107596 -1.469120
34  1.539097 0.000010 0.000000  0.040712 -0.054386 -1.030469
35  1.196299 0.000075 -0.000004  -0.249391 -0.043040 -0.795120
36  3.883411 -0.050501 -0.431087  0.186407 -0.271796 -1.212184
37  1.719563 -0.000080 -0.000003  0.020974 -0.107650 -1.483528
38  1.209197 0.000036 0.000012  -0.324719 0.069674 -0.493483
39  3.859586 -0.149111 -1.331323  -0.169211 -0.064865 0.150991
40  1.719413 -0.000100 -0.000034  -0.006206 -0.028223 -1.267108
41  1.099673 0.000023 0.000007  -0.034426 0.032142 -0.782452
42  0.805979 -0.359854 -1.318338  0.991669 0.166767 -0.799535
43  1.789779 -0.000009 -0.000042  0.000057 -0.002451 0.133097
44  1.206996 -0.000007 0.000006  0.000372 -0.000070 1.058782
45  5.740572 0.000055 0.000724  0.126814 -0.000014 0.000021
46  11.480823 -0.000109 0.000959  0.037328 0.066003 0.141776
47  6.027515 -0.000274 -0.000239  -1.064777 -0.405503 -1.611901
48  -0.000001 11.691973 -0.000006  -1.100241 0.543829 0.853389
49  0.000003 -0.000001 0.000001  2.536935 -0.000041 1.570856
50  -0.000006 -0.000015 0.000004  2.272644 -0.000030 1.570865
51  -3.382900 -6.934945 -5.555062  2.976649 -0.093678 -1.583422
52  0.000000 -0.000000 -0.000000  0.008153 -0.000259 0.000009
53  -0.000000 0.000000 0.000000  1.565115 0.043565 -0.106862
54  0.983802 -21.703543 -6.697849  -1.156637 -0.100328 -2.213496
55  0.000000 0.000001 -0.000000  0.000000 -0.000000 -0.000002
56  0.000030 0.000029 0.000001  -1.571901 -0.044449 -0.106509
57  7.202790 -19.259499 -17.055128  1.570796 -0.000000 0.000000
58  -16.051676 4.001169 -20.976669  1.570796 -0.000000 0.000000
59  2.236387 -2.421983 -5.367696  1.570796 -0.000000 0.000000
60  -0.004311 0.001230 -0.000371  0.006898 -0.005534 -0.284229
61  0.234033 8.906121 -4.641886  1.570796 -0.000000 0.000000
62  0.000000 0.000000 0.000000  -0.078727 -3.136056 0.284226
63  0.000000 0.000000 0.000000  1.582066 0.008013 0.001896
64  -1.310102 -14.102562 -1.916827  1.630445 0.080742 0.084490
65  -0.109379 -1.951952 -1.519204  -0.000000 -0.000000 -0.000000
66  -0.109379 0.057026 25.399248  -0.000000 -0.000000 -0.000000
67  -0.109379 -1.856732 0.287230  -0.000000 -0.000000 -0.000000
68  -0.104048 -4.495923 7.879278  -0.000000 -0.000000 -0.000000
69  -0.195264 4.332630 -6.347189  -0.000000 -0.000000 -0.000000
70  -1.290112 3.693283 8.579667  0.022713 -0.014049 -0.017451
71  -0.109855 -1.345264 4.822540  -0.000000 -0.000000 -0.000000
72  -1.107528 -1.063453 4.061647  -0.000000 -0.000000 -0.000000
73  0.003658 1.612363 10.733982  -0.000000 0.000000 0.091669
74  -1.016262 -19.183748 -2.198951  1.630445 0.080742 0.084490
time 7
0  0.000006 0.000000 0.000000  -1.570800 -1.391899 -1.570792
1  -4.849906 3.337897 2.232070  -1.544956 -1.855077 -0.198630
2  6.027523 -0.000324 0.000192  -0.826392 -1.136856 -1.528882
3  11.692113 0.000644 -0.000739  -1.384560 0.000003 -0.961646
4  11.480831 0.000723 -0.000127  1.191898 -0.117300 0.232748
5  3.859506 -0.142881 -1.192051  -0.507944 0.020419 -1.356891
6  1.312589 0.000011 0.000005  -0.077540 -0.026360 -0.274850
7  0.729354 0.000053 0.000049  -0.005442 -0.082689 -0.183945
8  3.942141 0.046272 -0.431512  -0.321754 0.212748 -0.924863
9  1.539110 0.000086 0.000005  -0.014043 -0.042937 -0.507900
10  1.196334 0.000145 0.000028  -0.034749 -0.006736 -0.760379
11  3.883502 -0.047271 0.431381  -0.115423 0.349723 -0.536668
12  1.719573 -0.000026 0.000013  -0.024793 -0.062211 -0.675730
13  1.209179 0.000090 0.000012  0.000564 -0.057266 -0.626458
14  3.859661 -0.138477 1.332410  0.142106 0.325744 -0.319402
15  1.719449 -0.000011 0.000020  -0.014829 0.024798 -0.284803
16  1.099674 0.000048 0.000006  -0.090002 0.186330 -0.864225
17  0.782334 -0.720329 1.224757  -1.172847 -0.918871 -0.502526
18  1.789817 -0.000004 -0.000019  0.003440 0.041476 -0.018969
19  1.207014 -0.000012 -0.000043  0.194549 -0.098807 0.045731
20  5.740636 0.000411 -0.000706  -0.063882 0.000003 0.000070
21  11.481178 0.000358 -0.000686  -0.070773 -0.011414 0.027977
22  6.027524 -0.000329 0.000203  1.628306 -0.430437 1.475582
23  0.000002 11.692099 -0.000007  -0.695491 -0.212580 -0.572405
24  0.000002 0.000008 0.000001  -0.515490 -0.000031 1.570739
25  -0.000001 -0.000011 -0.000001  0.868957 0.000002 1.570712
26  -5.999712 -7.530423 0.039281  1.473120 1.855075 -0.198639
27  6.027512 -0.000261 -0.000226  1.567172 0.925786 -0.632779
28  11.691992 0.000242 0.000854  0.305424 0.000055 -1.615417
29  11.479423 -0.000660 0.001072  -1.309428 0.305634 0.784414
30  3.859436 -0.132788 1.193061  0.466149 -0.051826 -1.783918
31  1.312559 0.000026 0.000001  -0.013965 -0.041043 -0.156447
32  0.729345 0.000064 -0.000027  -0.128320 -0.117290 -0.954857
33  3.942047 0.050109 0.430996  0.211501 -0.107596 -1.469120
34  1.539096 0.000011 -0.000001  0.040712 -0.054386 -1.030469
35  1.196301 0.000075 -0.000003  -0.249391 -0.043040 -0.795120
36  3.883411 -0.050502 -0.431087  0.186407 -0.271796 -1.212184
37  1.719564 -0.000076 -0.000003  0.020974 -0.107650 -1.483528
38  1.209197 0.000035 0.000011  -0.324719 0.069674 -0.493483
39  3.859585 -0.149112 -1.331323  -0.176958 -0.059808 0.217623
40  1.719411 -0.000100 -0.000034  -0.004995 -0.031663 -1.303815
41  1.099673 0.000024 0.000007  -0.037911 0.037037 -0.779227
42  0.805980 -0.359854 -1.318338  0.991670 0.166767 -0.799535
43  1.789780 -0.000009 -0.000042  0.000057 -0.002451 0.133097
44  1.206996 -0.000006 0.000005  0.000372 -0.000070 1.058781
45  5.740572 0.000055 0.000724  0.112134 -0.000014 0.000021
46  11.480828 -0.000097 0.000964  0.034341 0.055223 0.135882
47  6.027514 -0.000273 -0.000237  -1.050650 -0.400494 -1.606040
48  -0.000002 11.691975 -0.000007  -1.097410 0.541055 0.851736
49  0.000004 -0.000001 -0.000001  2.577952 -0.000041 1.570856
50  -0.000007 -0.000014 0.000005  2.272644 -0.000030 1.570865
51  -3.791981 -7.433799 -5.515621  2.960280 -0.090388 -1.521315
52  -0.000000 0.000000 0.000000  0.008153 -0.000259 0.000009
53  0.000001 -0.000000 -0.000000  1.565115 0.043565 -0.106862
54  1.347850 -21.887684 -6.979864  -1.233030 -0.202833 -2.229133
55  0.000000 -0.000001 0.000000  0.000000 -0.000001 -0.000002
56  0.000031 0.000028 0.000002  -1.571901 -0.044449 -0.106509
57  7.202790 -19.259499 -17.055128  1.570796 -0.000000 0.000000
58  -16.259872 4.001308 -20.429558  1.570796 -0.000000 0.000000
59  2.236387 -2.421983 -5.367696  1.570796 -0.000000 0.000000
60  -0.004311 0.001230 -0.000371  0.006898 -0.005534 -0.284229
61  0.039280 8.477857 -4.563965  1.570796 -0.000000 0.000000
62  0.000000 0.000000 0.000000  -0.078727 -3.136056 0.284226
63  0.000000 0.000000 0.000000  1.589184 0.008453 0.004345
64  -1.229550 -14.471709 -1.936549  1.635310 0.096649 0.145523
65  -0.109379 -1.951952 -1.519204  -0.000000 -0.000000 0.000000
66  -0.109379 0.057026 25.399252  -0.000000 -0.000000 0.000000
67  -0.109378 -1.856732 0.287229  -0.000000 -0.000000 0.000000
68  -0.104048 -4.495924 7.879278  -0.000000 -0.000000 0.000000
69  -0.195264 4.332631 -6.347187  -0.000000 -0.000000 0.000000
70  -1.290112 3.693284 8.579671  0.022713 -0.014049 -0.017451
71  -0.109856 -1.345264 4.822542  -0.000000 -0.000000 0.000000
72  -1.107529 -1.063453 4.061647  -0.000000 -0.000000 0.000000
73  0.003659 1.612363 10.733984  -0.000000 -0.000000 0.115637
74  -0.633326 -19.525040 -2.241106  1.635310 0.096649 0.145523
time 8
0  0.000006 0.000000 0.000000  -1.570800 -1.391899 -1.570792
1  -4.849906 3.337897 2.232070  -1.544956 -1.855077 -0.198630
2  6.027523 -0.000324 0.000192  -0.854955 -1.139751 -1.524812
3  11.692113 0.000645 -0.000740  -1.384559 0.000004 -0.946353
4  11.479753 0.000646 -0.000533  1.134235 -0.039598 0.131235
5  3.859508 -0.142881 -1.192050  -0.505993 0.034973 -1.299218
6  1.312590 0.000012 0.000009  -0.066704 -0.020653 -0.273136
7  0.729353 0.000054 0.000050  0.015424 -0.077553 -0.162883
8  3.942143 0.046272 -0.431512  -0.296146 0.181921 -0.913147
9  1.539111 0.000083 0.000008  -0.013795 -0.035308 -0.428266
10  1.196332 0.000147 0.000027  -0.045639 -0.009397 -0.794918
11  3.883505 -0.047270 0.431382  -0.085693 0.300803 -0.540151
12  1.719573 -0.000027 0.000014  -0.022470 -0.051801 -0.630236
13  1.209178 0.000091 0.000012  0.003643 -0.071948 -0.659305
14  3.859660 -0.138477 1.332409  0.173950 0.275874 -0.315718
15  1.719448 -0.000009 0.000023  -0.012801 0.026156 -0.284193
16  1.099675 0.000050 0.000006  -0.043790 0.137957 -0.820101
17  0.786697 -0.651853 1.242554  -1.271741 -0.969694 -0.434520
18  1.789820 -0.000004 -0.000018  0.005865 0.028161 -0.084962
19  1.207014 -0.000012 -0.000043  0.214588 -0.075992 0.016726
20  5.740639 0.000410 -0.000703  -0.079045 0.000003 0.000071
21  11.480964 0.000342 -0.000767  -0.084155 0.006012 0.009271
22  6.027524 -0.000329 0.000203  1.640827 -0.425755 1.448521
23  0.000002 11.692099 -0.000008  -0.685429 -0.206292 -0.564623
24  0.000003 0.000008 0.000001  -0.515490 -0.000031 1.570739
25  -0.000001 -0.000011 -0.000002  0.868957 0.000002 1.570712
26  -5.836648 -7.095719 -0.168441  1.473120 1.855075 -0.198639
27  6.027511 -0.000261 -0.000224  1.620839 0.920589 -0.582330
28  11.691989 0.000244 0.000856  0.349450 0.000054 -1.599754
29  11.479534 -0.000554 0.001079  -1.376156 0.224978 0.720972
30  3.859436 -0.132787 1.193062  0.466149 -0.051826 -1.783918
31  1.312558 0.000026 -0.000000  -0.013965 -0.041043 -0.156447
32  0.729345 0.000065 -0.000027  -0.128320 -0.117290 -0.954857
33  3.942046 0.050109 0.430997  0.211501 -0.107596 -1.469120
34  1.539097 0.000010 0.000000  0.040712 -0.054386 -1.030469
35  1.196300 0.000076 -0.000004  -0.249391 -0.043040 -0.795121
36  3.883411 -0.050501 -0.431086  0.186407 -0.271796 -1.212184
37  1.719563 -0.000079 -0.000003  0.020974 -0.107650 -1.483528
38  1.209197 0.000036 0.000011  -0.324719 0.069674 -0.493483
39  3.859585 -0.149112 -1.331323  -0.179459 -0.058012 0.239788
40  1.719412 -0.000099 -0.000034  -0.004561 -0.032803 -1.316090
41  1.099674 0.000024 0.000007  -0.039027 0.038737 -0.775251
42  0.805979 -0.359853 -1.318337  0.991670 0.166767 -0.799535
43  1.789780 -0.000009 -0.000043  0.000057 -0.002451 0.133097
44  1.206995 -0.000007 0.000005  0.000372 -0.000070 1.058782
45  5.740572 0.000055 0.000724  0.090088 -0.000014 0.000021
46  11.480852 -0.000074 0.000966  0.028467 0.034608 0.127677
47  6.027514 -0.000273 -0.000236  -1.027006 -0.376077 -1.607349
48  -0.000002 11.691972 -0.000005  -1.088215 0.532076 0.846324
49  0.000003 -0.000001 -0.000001  2.621978 -0.000041 1.570856
50  -0.000008 -0.000016 0.000005  2.272644 -0.000030 1.570865
51  -4.497308 -8.067375 -5.275250  2.919290 -0.096479 -1.434576
52  -0.000000 -0.000000 0.000001  0.008153 -0.000259 0.000009
53  0.000000 0.000001 0.000000  1.565115 0.043565 -0.106862
54  1.626960 -22.065634 -6.983092  -1.329000 -0.326805 -2.175782
55  0.000002 0.000002 -0.000001  0.000000 -0.000000 -0.000002
56  0.000031 0.000031 0.000000  -1.571902 -0.044449 -0.106509
57  7.202790 -19.259499 -17.055128  1.570796 -0.000000 0.000000
58  -16.481932 4.001455 -19.846014  1.570796 -0.000000 0.000000
59  2.236387 -2.421983 -5.367696  1.570796 -0.000000 0.000000
60  -0.004311 0.001230 -0.000371  0.006898 -0.005534 -0.284229
61  -0.168442 8.021073 -4.480856  1.570796 -0.000000 0.000000
62  0.000000 0.000000 0.000000  -0.078727 -3.136056 0.284226
63  0.000000 0.000000 0.000000  1.592170 0.008585 0.005373
64  -1.219919 -14.828004 -1.745291  1.633062 0.137853 0.228175
65  -0.109378 -1.951951 -1.519205  0.000000 -0.000000 0.000000
66  -0.109378 0.057027 25.399252  0.000000 -0.000000 0.000000
67  -0.109378 -1.856732 0.287229  0.000000 -0.000000 0.000000
68  -0.104047 -4.495923 7.879275  0.000000 -0.000000 0.000000
69  -0.195264 4.332630 -6.347190  0.000000 -0.000000 0.000000
70  -1.290112 3.693283 8.579666  0.022713 -0.014049 -0.017451
71  -0.109856 -1.345263 4.822541  0.000000 -0.000000 0.000000
72  -1.107528 -1.063453 4.061645  0.000000 -0.000000 0.000000
73  0.003658 1.612363 10.733984  0.000000 -0.000000 0.139050
74  -0.218955 -19.817999 -2.032381  1.633062 0.137853 0.228175
time 9
0  0.000006 0.000000 0.000000  -1.570800 -1.391899 -1.570792
1  -4.849906 3.337897 2.232070  -1.544956 -1.855077 -0.198630
2  6.027523 -0.000324 0.000192  -0.863683 -1.159733 -1.551947
3  11.692112 0.000644 -0.000739  -1.384557 0.000004 -0.924537
4  11.480486 0.000700 -0.000237  1.071592 0.019876 -0.005608
5  3.859511 -0.142879 -1.192048  -0.503131 0.049712 -1.240188
6  1.312590 0.000012 0.000007  -0.055627 -0.014844 -0.271321
7  0.729355 0.000053 0.000051  0.036841 -0.072760 -0.141264
8  3.942144 0.046273 -0.431511  -0.270494 0.150130 -0.902065
9  1.539110 0.000085 0.000004  -0.012915 -0.027549 -0.346809
10  1.196332 0.000146 0.000029  -0.056665 -0.012503 -0.830178
11  3.883507 -0.047269 0.431382  -0.055539 0.250914 -0.545211
12  1.719572 -0.000030 0.000015  -0.019610 -0.041282 -0.583737
13  1.209179 0.000091 0.000014  0.007291 -0.086837 -0.692953
14  3.859664 -0.138476 1.332410  0.205894 0.224801 -0.313684
15  1.719449 -0.000012 0.000021  -0.010729 0.027541 -0.283568
16  1.099675 0.000048 0.000006  0.000957 0.086499 -0.777585
17  0.790271 -0.595821 1.257118  -1.353032 -0.973549 -0.378238
18  1.789819 -0.000003 -0.000016  0.006968 0.021150 -0.081347
19  1.207015 -0.000012 -0.000047  0.234655 -0.060388 0.027579
20  5.740639 0.000410 -0.000702  -0.096878 0.000003 0.000070
21  11.481111 0.000352 -0.000707  -0.096740 0.022194 -0.016383
22  6.027524 -0.000329 0.000203  1.640925 -0.405457 1.413380
23  0.000001 11.692099 -0.000009  -0.671012 -0.197456 -0.553430
24  0.000002 0.000008 -0.000000  -0.515490 -0.000031 1.570739
25  -0.000001 -0.000011 -0.000002  0.868957 0.000002 1.570712
26  -5.670087 -6.651692 -0.380618  1.473120 1.855075 -0.198639
27  6.027511 -0.000262 -0.000224  1.703154 0.930934 -0.509492
28  11.691992 0.000245 0.000854  0.394677 0.000052 -1.564222
29  11.479791 -0.000370 0.001048  -1.451893 0.111958 0.654703
30  3.859436 -0.132788 1.193062  0.466149 -0.051826 -1.783918
31  1.312558 0.000024 0.000001  -0.013965 -0.041044 -0.156447
32  0.729344 0.000065 -0.000027  -0.128320 -0.117290 -0.954857
33  3.942046 0.050109 0.430997  0.211501 -0.107596 -1.469120
34  1.539096 0.000009 0.000000  0.040712 -0.054386 -1.030469
35  1.196298 0.000076 -0.000003  -0.249391 -0.043040 -0.795120
36  3.883411 -0.050502 -0.431087  0.186407 -0.271796 -1.212184
37  1.719563 -0.000079 -0.000004  0.020974 -0.107650 -1.483528
38  1.209199 0.000035 0.000010  -0.324719 0.069674 -0.493483
39  3.859585 -0.149112 -1.331323  -0.170876 -0.043539 0.207556
40  1.719413 -0.000099 -0.000035  -0.008498 -0.028973 -1.213878
41  1.099673 0.000025 0.000007  -0.014921 0.044506 -0.730489
42  0.805978 -0.359854 -1.318338  0.991670 0.166767 -0.799535
43  1.789779 -0.000009 -0.000042  0.000057 -0.002451 0.133097
44  1.206997 -0.000006 0.000005  0.000372 -0.000070 1.058781
45  5.740572 0.000055 0.000724  0.064383 -0.000014 0.000021
46  11.480902 -0.000038 0.000960  0.021541 0.007506 0.118193
47  6.027514 -0.000273 -0.000237  -1.010881 -0.327846 -1.605862
48  -0.000001 11.691975 -0.000004  -1.067324 0.511869 0.833800
49  0.000004 -0.000001 -0.000001  2.667205 -0.000041 1.570856
50  -0.000008 -0.000015 0.000005  2.272644 -0.000030 1.570865
51  -5.324310 -8.840307 -4.733064  2.862521 -0.107763 -1.329975
52  -0.000001 -0.000000 0.000000  0.008153 -0.000259 0.000009
53  0.000000 -0.000000 0.000000  1.565115 0.043565 -0.106862
54  1.852479 -22.252937 -6.607420  -1.451556 -0.471359 -2.068592
55  -0.000004 -0.000000 0.000000  0.000000 -0.000000 -0.000002
56  0.000026 0.000029 0.000002  -1.571901 -0.044449 -0.106509
57  7.202790 -19.259499 -17.055128  1.570796 -0.000000 0.000000
58  -16.708754 4.001606 -19.249954  1.570796 -0.000000 0.000000
59  2.236387 -2.421983 -5.367696  1.570796 -0.000000 0.000000
60  -0.004311 0.001230 -0.000371  0.006898 -0.005534 -0.284229
61  -0.380620 7.554494 -4.395965  1.570796 -0.000000 0.000000
62  0.000000 0.000000 0.000000  -0.078727 -3.136056 0.284226
63  0.000000 0.000000 0.000000  1.588080 0.006401 0.003556
64  -1.213019 -15.159609 -1.258628  1.626732 0.195102 0.325937
65  -0.109378 -1.951951 -1.519205  0.000000 0.000000 0.000000
66  -0.109379 0.057027 25.399252  0.000000 0.000000 0.000000
67  -0.109378 -1.856732 0.287230  0.000000 0.000000 0.000000
68  -0.104047 -4.495924 7.879275  0.000000 0.000000 0.000000
69  -0.195264 4.332630 -6.347188  0.000000 0.000000 0.000000
70  -1.290112 3.693283 8.579666  0.022713 -0.014049 -0.017451
71  -0.109856 -1.345264 4.822541  0.000000 0.000000 0.000000
72  -1.107528 -1.063453 4.061647  0.000000 0.000000 0.000000
73  0.003659 1.612363 10.733981  0.000000 0.000000 0.160749
74  0.261402 -20.032991 -1.504855  1.626732 0.195102 0.325937
time 10
0  0.000006 0.000000 0.000000  -1.570800 -1.391899 -1.570792
1  -4.849906 3.337897 2.232070  -1.544956 -1.855077 -0.198630
2  6.027523 -0.000325 0.000192  -0.876621 -1.188215 -1.588155
3  11.692113 0.000644 -0.000739  -1.384556 0.000005 -0.909528
4  11.480579 0.000708 -0.000201  1.026185 0.075186 -0.130294
5  3.859510 -0.142880 -1.192049  -0.499492 0.063940 -1.182363
6  1.312590 0.000012 0.000004  -0.044774 -0.009177 -0.269483
7  0.729355 0.000053 0.000050  0.057892 -0.068518 -0.120017
8  3.942145 0.046273 -0.431511  -0.245843 0.118760 -0.892065
9  1.539111 0.000085 0.000006  -0.011447 -0.020060 -0.267200
10  1.196333 0.000144 0.000030  -0.067344 -0.015916 -0.864653
11  3.883505 -0.047269 0.431382  -0.026129 0.202278 -0.551588
12  1.719575 -0.000024 0.000015  -0.016342 -0.031129 -0.538228
13  1.209180 0.000092 0.000012  0.011352 -0.101282 -0.725982
14  3.859663 -0.138476 1.332410  0.236719 0.174809 -0.313318
15  1.719448 -0.000014 0.000022  -0.008700 0.028897 -0.282953
16  1.099675 0.000050 0.000005  0.042412 0.034464 -0.738419
17  0.794134 -0.535150 1.272886  -1.434285 -0.972589 -0.329400
18  1.789818 -0.000003 -0.000017  0.007814 0.015446 -0.070640
19  1.207018 -0.000011 -0.000044  0.260244 -0.045737 0.057733
20  5.740635 0.000411 -0.000703  -0.110530 0.000003 0.000071
21  11.481129 0.000353 -0.000701  -0.104606 0.038316 -0.038914
22  6.027524 -0.000329 0.000203  1.640663 -0.376542 1.365338
23  0.000002 11.692099 -0.000009  -0.661050 -0.191470 -0.545665
24  0.000002 0.000008 -0.000001  -0.515490 -0.000031 1.570739
25  -0.000001 -0.000011 -0.000002  0.868957 0.000002 1.570712
26  -5.507023 -6.216988 -0.588340  1.473120 1.855075 -0.198639
27  6.027511 -0.000261 -0.000224  1.787281 0.952674 -0.428897
28  11.691990 0.000244 0.000855  0.439161 0.000048 -1.512248
29  11.480185 -0.000108 0.000962  -1.488471 -0.005793 0.589465
30  3.859436 -0.132788 1.193062  0.466149 -0.051826 -1.783918
31  1.312559 0.000025 -0.000000  -0.013965 -0.041044 -0.156447
32  0.729346 0.000067 -0.000027  -0.128320 -0.117290 -0.954857
33  3.942047 0.050109 0.430996  0.211501 -0.107596 -1.469120
34  1.539097 0.000010 -0.000000  0.040712 -0.054386 -1.030469
35  1.196298 0.000077 -0.000004  -0.249391 -0.043040 -0.795120
36  3.883412 -0.050502 -0.431087  0.186407 -0.271796 -1.212184
37  1.719563 -0.000079 -0.000003  0.020974 -0.107650 -1.483528
38  1.209197 0.000036 0.000012  -0.324719 0.069674 -0.493483
39  3.859586 -0.149112 -1.331324  -0.149173 -0.001167 0.117044
40  1.719412 -0.000100 -0.000034  -0.017563 -0.015652 -0.913042
41  1.099674 0.000024 0.000007  0.054520 0.055171 -0.610852
42  0.805979 -0.359854 -1.318338  0.991670 0.166767 -0.799535
43  1.789780 -0.000008 -0.000042  0.000057 -0.002451 0.133097
44  1.206996 -0.000005 0.000006  0.000372 -0.000070 1.058782
45  5.740571 0.000055 0.000723  0.044589 -0.000014 0.000021
46  11.480982 0.000015 0.000941  0.020859 -0.017985 0.106536
47  6.027514 -0.000272 -0.000237  -1.009380 -0.273821 -1.593757
48  -0.000002 11.691975 -0.000005  -1.036660 0.482732 0.814872
49  0.000003 -0.000001 -0.000000  2.711690 -0.000041 1.570856
50  -0.000008 -0.000015 0.000005  2.272644 -0.000030 1.570865
51  -6.046175 -9.682199 -4.095165  2.834207 -0.119662 -1.220232
52  0.000000 0.000000 0.000000  0.008153 -0.000259 0.000009
53  -0.000000 -0.000000 -0.000000  1.565115 0.043565 -0.106862
54  2.177409 -22.405905 -5.949867  -1.577069 -0.615594 -1.942403
55  -0.000000 -0.000001 0.000001  0.000000 -0.000000 -0.000002
56  0.000029 0.000028 0.000002  -1.571901 -0.044449 -0.106509
57  7.202790 -19.259499 -17.055128  1.570796 -0.000000 0.000000
58  -16.930813 4.001754 -18.666410  1.570796 -0.000000 0.000000
59  2.236387 -2.421983 -5.367696  1.570796 -0.000000 0.000000
60  -0.004311 0.001230 -0.000371  0.006898 -0.005534 -0.284229
61  -0.588341 7.097712 -4.312856  1.570796 -0.000000 0.000000
62  0.000000 0.000000 0.000000  -0.078727 -3.136056 0.284226
63  0.000000 0.000000 0.000000  1.578342 0.001165 -0.000742
64  -1.208393 -15.456116 -0.607220  1.616980 0.224118 0.430438
65  -0.109378 -1.951951 -1.519205  0.000000 -0.000000 -0.000000
66  -0.109380 0.057027 25.399254  0.000000 -0.000000 -0.000000
67  -0.109379 -1.856732 0.287230  0.000000 -0.000000 -0.000000
68  -0.104048 -4.495924 7.879276  0.000000 -0.000000 -0.000000
69  -0.195264 4.332630 -6.347188  0.000000 -0.000000 -0.000000
70  -1.290112 3.693283 8.579667  0.022713 -0.014049 -0.017451
71  -0.109856 -1.345264 4.822542  0.000000 -0.000000 -0.000000
72  -1.107529 -1.063453 4.061647  0.000000 -0.000000 -0.000000
73  0.003658 1.612363 10.733983  0.000000 0.000000 0.179580
74  0.770938 -20.149664 -0.800196  1.616980 0.224118 0.430438
time 11
0  0.000006 0.000000 0.000000  -1.570800 -1.391899 -1.570792
1  -4.849906 3.337897 2.232070  -1.544956 -1.855077 -0.198630
2  6.027523 -0.000325 0.000192  -0.962825 -1.200376 -1.569778
3  11.692113 0.000643 -0.000740  -1.384559 0.000003 -0.951571
4  11.480897 0.000729 -0.000098  1.048451 0.085346 -0.163737
5  3.859509 -0.142879 -1.192049  -0.495344 0.077034 -1.128186
6  1.312590 0.000011 0.000009  -0.034590 -0.003883 -0.267703
7  0.729354 0.000054 0.000048  0.077688 -0.064950 -0.100039
8  3.942144 0.046274 -0.431512  -0.223118 0.089172 -0.883437
9  1.539111 0.000080 0.000005  -0.009543 -0.013195 -0.192905
10  1.196332 0.000146 0.000028  -0.077234 -0.019446 -0.896911
11  3.883504 -0.047269 0.431381  0.001428 0.156973 -0.558809
12  1.719574 -0.000026 0.000016  -0.012868 -0.021769 -0.495609
13  1.209179 0.000090 0.000013  0.015596 -0.114685 -0.757020
14  3.859664 -0.138474 1.332410  0.265319 0.128064 -0.314383
15  1.719449 -0.000011 0.000022  -0.006796 0.030166 -0.282374
16  1.099675 0.000052 0.000006  0.079231 -0.015511 -0.703842
17  0.798001 -0.474504 1.288648  -1.508959 -0.967870 -0.291615
18  1.789819 -0.000003 -0.000018  0.008335 0.011302 -0.054317
19  1.207015 -0.000011 -0.000044  0.289382 -0.033794 0.103212
20  5.740637 0.000410 -0.000702  -0.110811 0.000003 0.000071
21  11.481193 0.000357 -0.000680  -0.099610 0.041725 -0.044963
22  6.027524 -0.000329 0.000203  1.670674 -0.357386 1.292772
23  0.000002 11.692098 -0.000008  -0.688866 -0.208429 -0.567285
24  0.000004 0.000007 0.000000  -0.515490 -0.000031 1.570739
25  -0.000001 -0.000012 -0.000002  0.868957 0.000002 1.570712
26  -5.354139 -5.809424 -0.783094  1.473120 1.855075 -0.198639
27  6.027512 -0.000264 -0.000224  1.836410 0.975374 -0.368633
28  11.691990 0.000244 0.000855  0.481017 0.000045 -1.470976
29  11.480521 0.000118 0.000869  -1.419775 -0.091647 0.538987
30  3.859436 -0.132787 1.193062  0.466149 -0.051826 -1.783918
31  1.312558 0.000026 0.000000  -0.013965 -0.041044 -0.156447
32  0.729344 0.000064 -0.000027  -0.128320 -0.117290 -0.954857
33  3.942046 0.050109 0.430997  0.211501 -0.107596 -1.469120
34  1.539097 0.000009 -0.000000  0.040712 -0.054386 -1.030469
35  1.196300 0.000076 -0.000003  -0.249391 -0.043040 -0.795121
36  3.883410 -0.050502 -0.431087  0.186407 -0.271796 -1.212184
37  1.719563 -0.000079 -0.000004  0.020974 -0.107650 -1.483528
38  1.209196 0.000036 0.000011  -0.324719 0.069674 -0.493483
39  3.859586 -0.149112 -1.331323  -0.126978 0.055985 0.001669
40  1.719411 -0.000099 -0.000034  -0.022783 0.004945 -0.515452
41  1.099673 0.000025 0.000006  0.145171 0.056701 -0.457803
42  0.805979 -0.359853 -1.318338  0.991670 0.166767 -0.799535
43  1.789780 -0.000009 -0.000042  0.000057 -0.002451 0.133097
44  1.206997 -0.000005 0.000006  0.000372 -0.000070 1.058782
45  5.740572 0.000056 0.000724  0.049459 -0.000014 0.000021
46  11.481049 0.000060 0.000923  0.038145 -0.031780 0.096256
47  6.027515 -0.000275 -0.000237  -1.020171 -0.239314 -1.571119
48  -0.000001 11.691975 -0.000005  -1.012196 0.459966 0.799334
49  0.000003 -0.000001 -0.000000  2.753547 -0.000041 1.570856
50  -0.000007 -0.000015 0.000005  2.272644 -0.000030 1.570865
51  -6.394560 -10.391506 -3.626705  2.904193 -0.126130 -1.122364
52  -0.000001 0.000000 0.000000  0.008153 -0.000259 0.000009
53  0.000000 0.000001 0.000001  1.565115 0.043565 -0.106862
54  2.886870 -22.316528 -5.178284  -1.640163 -0.701922 -1.847927
55  0.000001 0.000002 0.000001  0.000000 -0.000000 -0.000002
56  0.000031 0.000031 0.000001  -1.571902 -0.044449 -0.106509
57  7.202790 -19.259499 -17.055128  1.570796 -0.000000 0.000000
58  -17.139008 4.001893 -18.119299  1.570796 -0.000000 0.000000
59  2.236387 -2.421983 -5.367696  1.570796 -0.000000 0.000000
60  -0.004311 0.001230 -0.000371  0.006898 -0.005534 -0.284229
61  -0.783095 6.669447 -4.234936  1.570796 -0.000000 0.000000
62  0.000000 0.000000 0.000000  -0.078727 -3.136056 0.284226
63  0.000000 0.000000 0.000000  1.566748 -0.005139 -0.005804
64  -1.205588 -15.707118 0.078270  1.604558 0.155434 0.534544
65  -0.109379 -1.951951 -1.519205  0.000000 -0.000000 -0.000000
66  -0.109379 0.057027 25.399248  0.000000 -0.000000 -0.000000
67  -0.109378 -1.856732 0.287228  0.000000 -0.000000 -0.000000
68  -0.104047 -4.495923 7.879275  0.000000 -0.000000 -0.000000
69  -0.195264 4.332630 -6.347187  0.000000 -0.000000 -0.000000
70  -1.290111 3.693283 8.579666  0.022713 -0.014049 -0.017451
71  -0.109854 -1.345263 4.822538  0.000000 -0.000000 -0.000000
72  -1.107528 -1.063453 4.061647  0.000000 -0.000000 -0.000000
73  0.003659 1.612363 10.733982  0.000000 -0.000000 0.194418
74  1.272135 -20.159691 -0.062714  1.604558 0.155434 0.534544
time 12
0  0.000006 0.000000 0.000000  -1.570800 -1.391899 -1.570792
1  -4.849906 3.337897 2.232070  -1.544956 -1.855077 -0.198630
2  6.027523 -0.000325 0.000192  -1.108176 -1.185296 -1.500958
3  11.692113 0.000644 -0.000740  -1.384566 -0.000000 -1.057787
4  11.480358 0.000685 -0.000329  1.127598 0.026465 -0.105834
5  3.859508 -0.142880 -1.192050  -0.491045 0.088510 -1.079768
6  1.312589 0.000013 0.000008  -0.025465 0.000841 -0.266065
7  0.729355 0.000053 0.000051  0.095448 -0.062094 -0.082117
8  3.942143 0.046273 -0.431512  -0.203068 0.062568 -0.876314
9  1.539111 0.000081 0.000005  -0.007427 -0.007225 -0.126831
10  1.196332 0.000145 0.000029  -0.085978 -0.022870 -0.925724
11  3.883504 -0.047268 0.431381  0.026144 0.116733 -0.566272
12  1.719574 -0.000025 0.000014  -0.009431 -0.013540 -0.457519
13  1.209179 0.000089 0.000013  0.019749 -0.126552 -0.784862
14  3.859662 -0.138476 1.332409  0.290751 0.086406 -0.316461
15  1.719450 -0.000011 0.000022  -0.005091 0.031302 -0.281853
16  1.099675 0.000048 0.000005  0.110582 -0.061003 -0.674587
17  0.801425 -0.420747 1.302620  -1.569993 -0.961421 -0.266579
18  1.789820 -0.000003 -0.000017  0.008557 0.008751 -0.035796
19  1.207016 -0.000013 -0.000041  0.317915 -0.025926 0.154605
20  5.740637 0.000410 -0.000705  -0.099992 0.000003 0.000070
21  11.481087 0.000348 -0.000728  -0.084648 0.027586 -0.035438
22  6.027524 -0.000329 0.000203  1.729842 -0.352753 1.205888
23  0.000002 11.692098 -0.000008  -0.757919 -0.253816 -0.620067
24  0.000002 0.000007 -0.000001  -0.515490 -0.000031 1.570739
25  -0.000001 -0.000012 -0.000001  0.868957 0.000002 1.570712
26  -5.217257 -5.444517 -0.957463  1.473120 1.855075 -0.198639
27  6.027512 -0.000262 -0.000223  1.845621 0.991145 -0.338854
28  11.691992 0.000245 0.000855  0.518585 0.000044 -1.462645
29  11.480591 0.000189 0.000845  -1.252603 -0.141152 0.515685
30  3.859437 -0.132788 1.193061  0.466149 -0.051826 -1.783918
31  1.312557 0.000027 -0.000000  -0.013965 -0.041044 -0.156447
32  0.729345 0.000066 -0.000027  -0.128320 -0.117290 -0.954857
33  3.942047 0.050109 0.430997  0.211501 -0.107596 -1.469120
34  1.539097 0.000011 0.000000  0.040712 -0.054386 -1.030469
35  1.196298 0.000075 -0.000003  -0.249391 -0.043040 -0.795120
36  3.883413 -0.050502 -0.431087  0.186407 -0.271796 -1.212184
37  1.719563 -0.000078 -0.000003  0.020974 -0.107650 -1.483528
38  1.209198 0.000036 0.000011  -0.324719 0.069674 -0.493483
39  3.859586 -0.149112 -1.331324  -0.114326 0.101888 -0.087360
40  1.719413 -0.000099 -0.000034  -0.021160 0.020975 -0.214798
41  1.099673 0.000024 0.000007  0.214887 0.048461 -0.340218
42  0.805980 -0.359854 -1.318339  0.991669 0.166767 -0.799535
43  1.789779 -0.000010 -0.000042  0.000057 -0.002451 0.133097
44  1.206997 -0.000005 0.000006  0.000372 -0.000070 1.058782
45  5.740572 0.000057 0.000724  0.081023 -0.000014 0.000021
46  11.481062 0.000074 0.000918  0.072985 -0.033659 0.091544
47  6.027515 -0.000272 -0.000237  -1.033431 -0.228902 -1.545931
48  -0.000000 11.691975 -0.000005  -1.007243 0.455412 0.796143
49  0.000003 -0.000000 -0.000000  2.791116 -0.000041 1.570856
50  -0.000007 -0.000015 0.000006  2.272644 -0.000030 1.570865
51  -6.372560 -10.810363 -3.366257  3.069977 -0.123015 -1.039818
52  0.000001 0.000000 -0.000000  0.008153 -0.000259 0.000009
53  0.000000 -0.000000 -0.000000  1.565115 0.043565 -0.106862
54  3.892212 -21.859474 -4.468245  -1.625686 -0.716763 -1.807386
55  -0.000001 -0.000002 -0.000000  0.000000 -0.000000 -0.000002
56  0.000030 0.000028 0.000001  -1.571901 -0.044449 -0.106509
57  7.202790 -19.259499 -17.055128  1.570796 -0.000000 0.000000
58  -17.325413 4.002017 -17.629452  1.570796 -0.000000 0.000000
59  2.236387 -2.421983 -5.367696  1.570796 -0.000000 0.000000
60  -0.004311 0.001230 -0.000371  0.006898 -0.005534 -0.284229
61  -0.957464 6.286006 -4.165171  1.570796 -0.000000 0.000000
62  0.000000 0.000000 0.000000  -0.078727 -3.136056 0.284226
63  0.000000 0.000000 0.000000  1.557059 -0.010466 -0.009989
64  -1.204147 -15.902207 0.667179  1.591870 -0.008606 0.636801
65  -0.109378 -1.951951 -1.519206  -0.000000 0.000000 0.000000
66  -0.109379 0.057027 25.399252  -0.000000 0.000000 0.000000
67  -0.109378 -1.856732 0.287230  -0.000000 0.000000 0.000000
68  -0.104047 -4.495924 7.879278  -0.000000 0.000000 0.000000
69  -0.195264 4.332630 -6.347188  -0.000000 0.000000 0.000000
70  -1.290113 3.693283 8.579669  0.022713 -0.014049 -0.017451
71  -0.109855 -1.345264 4.822541  -0.000000 0.000000 0.000000
72  -1.107527 -1.063453 4.061647  -0.000000 0.000000 0.000000
73  0.003658 1.612363 10.733984  -0.000000 -0.000000 0.204143
74  1.735647 -20.065458 0.570474  1.591870 -0.008606 0.636801
time 13
0  0.000006 0.000000 0.000000  -1.570800 -1.391899 -1.570792
1  -4.849906 3.337897 2.232070  -1.544956 -1.855077 -0.198630
2  6.027522 -0.000325 0.000192  -1.240789 -1.152154 -1.436975
3  11.692109 0.000644 -0.000738  -1.384574 -0.000006 -1.188876
4  11.480264 0.000668 -0.000417  1.210362 -0.080991 -0.024455
5  3.859507 -0.142879 -1.192050  -0.486973 0.098044 -1.038741
6  1.312590 0.000014 0.000010  -0.017709 0.004842 -0.264639
7  0.729355 0.000054 0.000050  0.110551 -0.059921 -0.066876
8  3.942142 0.046274 -0.431512  -0.186241 0.039908 -0.870701
9  1.539111 0.000086 0.000004  -0.005341 -0.002310 -0.071138
10  1.196332 0.000143 0.000028  -0.093313 -0.025970 -0.950137
11  3.883506 -0.047267 0.431382  0.047208 0.082845 -0.573338
12  1.719573 -0.000026 0.000016  -0.006276 -0.006675 -0.425232
13  1.209179 0.000091 0.000012  0.023536 -0.136523 -0.808548
14  3.859663 -0.138475 1.332410  0.312272 0.051221 -0.319040
15  1.719448 -0.000014 0.000022  -0.003642 0.032266 -0.281409
16  1.099675 0.000050 0.000006  0.136065 -0.100057 -0.650953
17  0.803998 -0.380346 1.313119  -1.612703 -0.955508 -0.252920
18  1.789820 -0.000003 -0.000017  0.008588 0.007505 -0.019466
19  1.207015 -0.000012 -0.000043  0.340933 -0.022047 0.199767
20  5.740638 0.000411 -0.000701  -0.085953 0.000003 0.000070
21  11.481065 0.000346 -0.000742  -0.068149 0.003751 -0.021704
22  6.027524 -0.000329 0.000203  1.795317 -0.356474 1.125048
23  0.000001 11.692098 -0.000008  -0.840860 -0.314481 -0.681493
24  0.000003 0.000008 -0.000003  -0.515490 -0.000031 1.570739
25  -0.000002 -0.000011 -0.000002  0.868957 0.000002 1.570712
26  -5.100975 -5.134530 -1.105590  1.473120 1.855075 -0.198639
27  6.027511 -0.000264 -0.000222  1.835486 0.996866 -0.328101
28  11.691991 0.000245 0.000855  0.550548 0.000045 -1.482724
29  11.480424 0.000126 0.000891  -1.052004 -0.175431 0.513794
30  3.859437 -0.132788 1.193062  0.466149 -0.051826 -1.783918
31  1.312560 0.000025 0.000000  -0.013965 -0.041043 -0.156447
32  0.729346 0.000065 -0.000027  -0.128320 -0.117290 -0.954857
33  3.942047 0.050108 0.430997  0.211501 -0.107596 -1.469120
34  1.539097 0.000009 -0.000000  0.040712 -0.054386 -1.030469
35  1.196298 0.000076 -0.000004  -0.249391 -0.043040 -0.795120
36  3.883413 -0.050503 -0.431087  0.186407 -0.271796 -1.212184
37  1.719563 -0.000079 -0.000004  0.020974 -0.107650 -1.483528
38  1.209197 0.000035 0.000011  -0.324719 0.069674 -0.493483
39  3.859587 -0.149112 -1.331323  -0.110833 0.118346 -0.118772
40  1.719412 -0.000099 -0.000034  -0.019525 0.026216 -0.112668
41  1.099673 0.000025 0.000006  0.239119 0.043639 -0.299131
42  0.805980 -0.359855 -1.318338  0.991670 0.166767 -0.799535
43  1.789779 -0.000009 -0.000042  0.000057 -0.002451 0.133097
44  1.206997 -0.000005 0.000004  0.000372 -0.000070 1.058782
45  5.740571 0.000056 0.000724  0.123804 -0.000014 0.000021
46  11.481030 0.000062 0.000927  0.113900 -0.030285 0.091736
47  6.027514 -0.000274 -0.000236  -1.040960 -0.231994 -1.524962
48  -0.000000 11.691973 -0.000006  -1.019173 0.466411 0.803800
49  0.000004 -0.000001 0.000000  2.823077 -0.000041 1.570856
50  -0.000006 -0.000015 0.000005  2.272644 -0.000030 1.570865
51  -6.207749 -10.956261 -3.227199  -3.015984 -0.111263 -0.965298
52  0.000001 -0.000001 -0.000000  0.008153 -0.000259 0.000009
53  0.000001 -0.000001 -0.000000  1.565115 0.043565 -0.106862
54  4.874578 -21.136885 -3.950272  -1.584103 -0.687550 -1.786420
55  0.000001 -0.000002 0.000001  0.000000 -0.000000 -0.000002
56  0.000030 0.000025 0.000002  -1.571902 -0.044449 -0.106509
57  7.202790 -19.259499 -17.055128  1.570796 -0.000000 0.000000
58  -17.483763 4.002122 -17.213327  1.570796 -0.000000 0.000000
59  2.236387 -2.421983 -5.367696  1.570796 -0.000000 0.000000
60  -0.004311 0.001230 -0.000371  0.006898 -0.005534 -0.284229
61  -1.105591 5.960275 -4.105906  1.570796 -0.000000 0.000000
62  0.000000 0.000000 0.000000  -0.078727 -3.136056 0.284226
63  0.000000 0.000000 0.000000  1.553002 -0.012712 -0.011729
64  -1.203616 -16.030975 1.028846  1.580396 -0.204494 0.735672
65  -0.109378 -1.951951 -1.519204  -0.000000 -0.000000 -0.000000
66  -0.109378 0.057027 25.399256  -0.000000 -0.000000 -0.000000
67  -0.109379 -1.856731 0.287231  -0.000000 -0.000000 -0.000000
68  -0.104046 -4.495923 7.879278  -0.000000 -0.000000 -0.000000
69  -0.195264 4.332631 -6.347188  -0.000000 -0.000000 -0.000000
70  -1.290113 3.693284 8.579668  0.022713 -0.014049 -0.017451
71  -0.109854 -1.345264 4.822541  -0.000000 -0.000000 -0.000000
72  -1.107528 -1.063453 4.061648  -0.000000 -0.000000 -0.000000
73  0.003660 1.612363 10.733982  0.000000 -0.000000 0.207645
74  2.140027 -19.878174 0.969444  1.580396 -0.204494 0.735672
time 14
0  0.000006 0.000000 0.000000  -1.570800 -1.391899 -1.570792
1  -4.849906 3.337897 2.232070  -1.544956 -1.855077 -0.198630
2  6.027522 -0.000324 0.000192  -1.328267 -1.116707 -1.399210
3  11.692110 0.000644 -0.000739  -1.384580 -0.000011 -1.308333
4  11.480453 0.000677 -0.000370  1.269441 -0.190365 0.028233
5  3.859507 -0.142881 -1.192049  -0.483472 0.105467 -1.006216
6  1.312590 0.000011 0.000007  -0.011541 0.008013 -0.263484
7  0.729353 0.000055 0.000051  0.122564 -0.058359 -0.054754
8  3.942143 0.046272 -0.431512  -0.172992 0.021867 -0.866524
9  1.539111 0.000085 0.000005  -0.003504 0.001478 -0.027210
10  1.196332 0.000141 0.000029  -0.099080 -0.028557 -0.969495
11  3.883505 -0.047270 0.431381  0.064017 0.056130 -0.579426
12  1.719572 -0.000028 0.000015  -0.003619 -0.001308 -0.399622
13  1.209179 0.000092 0.000012  0.026715 -0.144372 -0.827396
14  3.859661 -0.138478 1.332410  0.329349 0.023416 -0.321617
15  1.719451 -0.000008 0.000022  -0.002490 0.033032 -0.281055
16  1.099676 0.000050 0.000006  0.155597 -0.131290 -0.632938
17  0.805516 -0.356546 1.319306  -1.636466 -0.951654 -0.247188
18  1.789818 -0.000005 -0.000020  0.008551 0.007078 -0.008749
19  1.207016 -0.000011 -0.000042  0.355156 -0.020765 0.229302
20  5.740637 0.000410 -0.000704  -0.075637 0.000003 0.000071
21  11.481102 0.000347 -0.000733  -0.055125 -0.019009 -0.012811
22  6.027524 -0.000329 0.000203  1.849515 -0.363378 1.064419
23  0.000002 11.692100 -0.000007  -0.914473 -0.373797 -0.733811
24  0.000002 0.000009 -0.000001  -0.515490 -0.000030 1.570739
25  -0.000001 -0.000012 -0.000000  0.868957 0.000002 1.570712
26  -5.008545 -4.888124 -1.223334  1.473120 1.855075 -0.198639
27  6.027511 -0.000264 -0.000223  1.829768 0.994873 -0.318677
28  11.691993 0.000244 0.000854  0.575975 0.000047 -1.510331
29  11.480200 0.000033 0.000963  -0.881154 -0.213466 0.516082
30  3.859436 -0.132787 1.193062  0.466149 -0.051826 -1.783918
31  1.312558 0.000025 0.000000  -0.013965 -0.041044 -0.156447
32  0.729345 0.000066 -0.000027  -0.128320 -0.117290 -0.954857
33  3.942045 0.050109 0.430997  0.211501 -0.107596 -1.469120
34  1.539097 0.000009 -0.000000  0.040712 -0.054386 -1.030469
35  1.196299 0.000076 -0.000004  -0.249391 -0.043040 -0.795121
36  3.883411 -0.050502 -0.431087  0.186407 -0.271796 -1.212184
37  1.719563 -0.000079 -0.000004  0.020974 -0.107650 -1.483528
38  1.209196 0.000036 0.000011  -0.324719 0.069674 -0.493483
39  3.859584 -0.149111 -1.331323  -0.110833 0.118346 -0.118772
40  1.719411 -0.000098 -0.000035  -0.019525 0.026216 -0.112668
41  1.099674 0.000026 0.000007  0.239119 0.043639 -0.299131
42  0.805978 -0.359854 -1.318338  0.991670 0.166767 -0.799535
43  1.789779 -0.000009 -0.000044  0.000057 -0.002451 0.133097
44  1.206997 -0.000006 0.000004  0.000372 -0.000070 1.058782
45  5.740571 0.000056 0.000723  0.160939 -0.000014 0.000021
46  11.480984 0.000044 0.000942  0.149138 -0.028537 0.093831
47  6.027515 -0.000274 -0.000237  -1.040229 -0.235618 -1.510909
48  -0.000002 11.691976 -0.000004  -1.035528 0.481666 0.814158
49  0.000003 -0.000001 -0.000000  2.848504 -0.000041 1.570856
50  -0.000007 -0.000015 0.000005  2.272644 -0.000030 1.570865
51  -6.121990 -10.974710 -3.114176  -2.851205 -0.097876 -0.895208
52  0.000000 0.000001 0.000000  0.008153 -0.000259 0.000009
53  -0.000001 -0.000000 0.000000  1.565115 0.043565 -0.106862
54  5.604525 -20.360289 -3.632734  -1.557576 -0.654050 -1.755672
55  -0.000002 -0.000001 -0.000001  0.000000 -0.000000 -0.000002
56  0.000027 0.000028 0.000001  -1.571901 -0.044449 -0.106509
57  7.202790 -19.259499 -17.055128  1.570796 -0.000000 0.000000
58  -17.609634 4.002205 -16.882553  1.570796 -0.000000 0.000000
59  2.236387 -2.421983 -5.367696  1.570796 -0.000000 0.000000
60  -0.004311 0.001230 -0.000371  0.006898 -0.005534 -0.284229
61  -1.223335 5.701354 -4.058797  1.570796 -0.000000 0.000000
62  0.000000 0.000000 0.000000  -0.078727 -3.136056 0.284226
63  0.000000 0.000000 0.000000  1.553908 -0.012162 -0.011434
64  -1.203540 -16.083017 1.201149  1.570318 -0.368632 0.825858
65  -0.109379 -1.951951 -1.519207  -0.000000 0.000000 -0.000000
66  -0.109382 0.057028 25.399254  -0.000000 0.000000 -0.000000
67  -0.109380 -1.856731 0.287229  -0.000000 0.000000 -0.000000
68  -0.104049 -4.495923 7.879276  -0.000000 0.000000 -0.000000
69  -0.195265 4.332632 -6.347186  -0.000000 0.000000 -0.000000
70  -1.290114 3.693284 8.579668  0.022713 -0.014049 -0.017451
71  -0.109857 -1.345263 4.822539  -0.000000 0.000000 -0.000000
72  -1.107530 -1.063452 4.061646  -0.000000 0.000000 -0.000000
73  0.003657 1.612364 10.733982  0.000000 0.000000 0.198132
74  2.468065 -19.618967 1.173643  1.570318 -0.368632 0.825858
time 15
0  0.000006 0.000000 0.000000  -1.570800 -1.391899 -1.570792
1  -4.849906 3.337897 2.232070  -1.544956 -1.855077 -0.198630
2  6.027522 -0.000324 0.000193  -1.364439 -1.095290 -1.384665
3  11.692110 0.000643 -0.000738  -1.384584 -0.000015 -1.377422
4  11.479999 0.000631 -0.000620  1.296698 -0.230410 0.013298
5  3.859507 -0.142881 -1.192049  -0.480807 0.110724 -0.982834
6  1.312590 0.000013 0.000007  -0.007094 0.010293 -0.262640
7  0.729355 0.000052 0.000048  0.131223 -0.057325 -0.046017
8  3.942143 0.046272 -0.431512  -0.163509 0.008854 -0.863667
9  1.539111 0.000085 0.000006  -0.002088 0.004139 0.004236
10  1.196332 0.000148 0.000029  -0.103199 -0.030487 -0.983418
11  3.883503 -0.047271 0.431382  0.076173 0.037012 -0.584069
12  1.719573 -0.000025 0.000015  -0.001623 0.002508 -0.381201
13  1.209179 0.000087 0.000011  0.029097 -0.149982 -0.840989
14  3.859661 -0.138477 1.332410  0.341651 0.003482 -0.323758
15  1.719449 -0.000014 0.000022  -0.001659 0.033583 -0.280800
16  1.099675 0.000047 0.000006  0.169289 -0.153870 -0.620366
17  0.805993 -0.349051 1.321254  -1.643650 -0.950377 -0.245886
18  1.789820 -0.000003 -0.000018  0.008528 0.007013 -0.005127
19  1.207015 -0.000014 -0.000042  0.359774 -0.020568 0.239258
20  5.740637 0.000410 -0.000702  -0.077916 0.000003 0.000071
21  11.481011 0.000337 -0.000782  -0.049404 -0.026429 -0.015935
22  6.027524 -0.000329 0.000203  1.877568 -0.369333 1.036575
23  0.000004 11.692100 -0.000007  -0.956310 -0.409692 -0.762447
24  0.000002 0.000007 -0.000002  -0.515490 -0.000031 1.570738
25  -0.000000 -0.000012 -0.000000  0.868957 0.000002 1.570712
26  -4.941930 -4.710539 -1.308192  1.473120 1.855075 -0.198639
27  6.027510 -0.000263 -0.000223  1.842211 0.991362 -0.299089
28  11.691990 0.000244 0.000856  0.594305 0.000048 -1.513668
29  11.480175 0.000038 0.000970  -0.804660 -0.266276 0.496070
30  3.859437 -0.132786 1.193061  0.466149 -0.051826 -1.783918
31  1.312557 0.000026 0.000000  -0.013965 -0.041044 -0.156447
32  0.729344 0.000065 -0.000028  -0.128320 -0.117290 -0.954857
33  3.942046 0.050110 0.430996  0.211501 -0.107596 -1.469120
34  1.539096 0.000010 -0.000000  0.040712 -0.054386 -1.030469
35  1.196299 0.000076 -0.000004  -0.249391 -0.043040 -0.795121
36  3.883412 -0.050500 -0.431087  0.186407 -0.271796 -1.212184
37  1.719563 -0.000078 -0.000003  0.020974 -0.107650 -1.483528
38  1.209196 0.000035 0.000011  -0.324719 0.069674 -0.493483
39  3.859586 -0.149110 -1.331323  -0.110833 0.118346 -0.118772
40  1.719412 -0.000100 -0.000034  -0.019525 0.026216 -0.112669
41  1.099674 0.000026 0.000007  0.239119 0.043639 -0.299131
42  0.805979 -0.359852 -1.318338  0.991670 0.166767 -0.799535
43  1.789780 -0.000009 -0.000042  0.000057 -0.002451 0.133097
44  1.206997 -0.000006 0.000006  0.000372 -0.000070 1.058782
45  5.740571 0.000055 0.000723  0.173235 -0.000014 0.000021
46  11.480978 0.000043 0.000943  0.166049 -0.035868 0.092967
47  6.027514 -0.000273 -0.000236  -1.034325 -0.230568 -1.503109
48  -0.000000 11.691973 -0.000005  -1.037500 0.483520 0.815398
49  0.000003 -0.000001 -0.000000  2.866834 -0.000041 1.570856
50  -0.000008 -0.000015 0.000005  2.272644 -0.000030 1.570865
51  -6.263761 -11.125668 -3.007646  -2.781827 -0.094083 -0.831650
52  0.000000 0.000002 0.000000  0.008153 -0.000259 0.000009
53  -0.000000 0.000002 -0.000000  1.565115 0.043565 -0.106862
54  5.929954 -19.862400 -3.494871  -1.575510 -0.668526 -1.702282
55  0.000001 -0.000001 0.000001  0.000000 -0.000000 -0.000002
56  0.000031 0.000028 0.000002  -1.571901 -0.044449 -0.106509
57  7.202790 -19.259499 -17.055128  1.570796 -0.000000 0.000000
58  -17.700350 4.002266 -16.644165  1.570796 -0.000000 0.000000
59  2.236387 -2.421983 -5.367696  1.570796 -0.000000 0.000000
60  -0.004311 0.001230 -0.000371  0.006898 -0.005534 -0.284229
61  -1.308193 5.514750 -4.024845  1.570796 -0.000000 0.000000
62  0.000000 0.000000 0.000000  -0.078727 -3.136056 0.284226
63  0.000000 0.000000 0.000000  1.556297 -0.010714 -0.010631
64  -1.207885 -16.090200 1.316649  1.562796 -0.437447 0.899020
65  -0.109378 -1.951951 -1.519205  -0.000000 0.000000 0.000000
66  -0.109377 0.057028 25.399250  -0.000000 0.000000 0.000000
67  -0.109378 -1.856731 0.287229  -0.000000 0.000000 0.000000
68  -0.104046 -4.495923 7.879277  -0.000000 0.000000 0.000000
69  -0.195263 4.332631 -6.347188  -0.000000 0.000000 0.000000
70  -1.290112 3.693284 8.579667  0.022713 -0.014049 -0.017451
71  -0.109855 -1.345263 4.822541  -0.000000 0.000000 0.000000
72  -1.107528 -1.063453 4.061648  -0.000000 0.000000 0.000000
73  0.003659 1.612364 10.733981  -0.000000 0.000000 0.174287
74  2.703401 -19.359182 1.316347  1.562796 -0.437447 0.899020
time 16
0  0.000006 0.000000 0.000000  -1.570800 -1.391899 -1.570792
1  -4.849906 3.337897 2.232070  -1.544956 -1.855077 -0.198630
2  6.027522 -0.000324 0.000193  -1.371569 -1.085506 -1.379971
3  11.692109 0.000646 -0.000738  -1.384585 -0.000017 -1.401442
4  11.479852 0.000618 -0.000696  1.304504 -0.210396 -0.038183
5  3.859509 -0.142878 -1.192049  -0.479155 0.113835 -0.968846
6  1.312590 0.000011 0.000009  -0.004428 0.011658 -0.262129
7  0.729355 0.000053 0.000050  0.136412 -0.056742 -0.040781
8  3.942143 0.046274 -0.431512  -0.157852 0.001053 -0.862017
9  1.539111 0.000085 0.000005  -0.001204 0.005704 0.022992
10  1.196332 0.000147 0.000028  -0.105651 -0.031670 -0.991750
11  3.883505 -0.047267 0.431381  0.083478 0.025612 -0.586954
12  1.719572 -0.000027 0.000014  -0.000396 0.004773 -0.370177
13  1.209179 0.000093 0.000011  0.030562 -0.153326 -0.849140
14  3.859663 -0.138473 1.332410  0.349024 -0.008420 -0.325155
15  1.719450 -0.000009 0.000022  -0.001161 0.033914 -0.280646
16  1.099675 0.000050 0.000006  0.177344 -0.167423 -0.612993
17  0.805993 -0.349049 1.321253  -1.643650 -0.950377 -0.245886
18  1.789820 -0.000002 -0.000016  0.008528 0.007013 -0.005127
19  1.207015 -0.000011 -0.000042  0.359774 -0.020568 0.239258
20  5.740636 0.000410 -0.000704  -0.087658 0.000003 0.000071
21  11.480982 0.000334 -0.000799  -0.048570 -0.021300 -0.025513
22  6.027524 -0.000329 0.000203  1.887180 -0.374469 1.031454
23  0.000002 11.692098 -0.000007  -0.970745 -0.422426 -0.772120
24  0.000002 0.000008 -0.000001  -0.515490 -0.000031 1.570739
25  -0.000001 -0.000012 -0.000001  0.868957 0.000002 1.570712
26  -4.902007 -4.604110 -1.359050  1.473120 1.855075 -0.198639
27  6.027510 -0.000264 -0.000223  1.859686 0.989869 -0.279181
28  11.691990 0.000243 0.000855  0.605292 0.000045 -1.493863
29  11.480330 0.000128 0.000916  -0.803743 -0.319553 0.460752
30  3.859436 -0.132788 1.193062  0.466149 -0.051826 -1.783918
31  1.312559 0.000025 -0.000000  -0.013965 -0.041044 -0.156447
32  0.729345 0.000065 -0.000028  -0.128320 -0.117290 -0.954857
33  3.942047 0.050108 0.430997  0.211501 -0.107596 -1.469120
34  1.539098 0.000009 -0.000001  0.040712 -0.054386 -1.030469
35  1.196301 0.000076 -0.000003  -0.249391 -0.043040 -0.795120
36  3.883411 -0.050503 -0.431087  0.186407 -0.271796 -1.212184
37  1.719564 -0.000079 -0.000003  0.020974 -0.107650 -1.483528
38  1.209196 0.000036 0.000011  -0.324719 0.069674 -0.493483
39  3.859584 -0.149113 -1.331323  -0.110833 0.118346 -0.118772
40  1.719411 -0.000101 -0.000035  -0.019525 0.026216 -0.112668
41  1.099673 0.000024 0.000006  0.239119 0.043639 -0.299131
42  0.805979 -0.359855 -1.318338  0.991670 0.166767 -0.799535
43  1.789779 -0.000009 -0.000043  0.000057 -0.002451 0.133097
44  1.206997 -0.000006 0.000007  0.000372 -0.000070 1.058782
45  5.740572 0.000056 0.000726  0.165786 -0.000014 0.000021
46  11.481010 0.000063 0.000933  0.167543 -0.048459 0.089073
47  6.027514 -0.000273 -0.000237  -1.029438 -0.222124 -1.498912
48  -0.000001 11.691974 -0.000005  -1.025777 0.472548 0.808003
49  0.000003 -0.000000 -0.000001  2.877821 -0.000041 1.570856
50  -0.000007 -0.000015 0.000005  2.272644 -0.000030 1.570865
51  -6.507909 -11.400497 -2.958989  -2.786396 -0.097369 -0.783240
52  0.000000 -0.000001 -0.000000  0.008153 -0.000259 0.000009
53  -0.000000 -0.000001 0.000000  1.565115 0.043565 -0.106862
54  5.983946 -19.685835 -3.496249  -1.618626 -0.714174 -1.642823
55  -0.000001 0.000000 -0.000001  0.000000 -0.000000 -0.000002
56  0.000030 0.000029 0.000000  -1.571901 -0.044449 -0.106509
57  7.202790 -19.259499 -17.055128  1.570796 -0.000000 0.000000
58  -17.754717 4.002302 -16.501295  1.570796 -0.000000 0.000000
59  2.236387 -2.421983 -5.367696  1.570796 -0.000000 0.000000
60  -0.004311 0.001230 -0.000371  0.006898 -0.005534 -0.284229
61  -1.359051 5.402914 -4.004498  1.570796 -0.000000 0.000000
62  0.000000 0.000000 0.000000  -0.078727 -3.136056 0.284226
63  0.000000 0.000000 0.000000  1.559677 -0.008671 -0.009438
64  -1.215954 -16.092846 1.386706  1.560019 -0.432434 0.948163
65  -0.109377 -1.951952 -1.519204  0.000000 -0.000000 -0.000000
66  -0.109378 0.057027 25.399254  0.000000 -0.000000 -0.000000
67  -0.109378 -1.856732 0.287230  0.000000 -0.000000 -0.000000
68  -0.104046 -4.495923 7.879277  0.000000 -0.000000 -0.000000
69  -0.195264 4.332631 -6.347188  0.000000 -0.000000 -0.000000
70  -1.290110 3.693283 8.579666  0.022713 -0.014049 -0.017451
71  -0.109856 -1.345264 4.822543  0.000000 -0.000000 -0.000000
72  -1.107526 -1.063454 4.061647  0.000000 -0.000000 -0.000000
73  0.003661 1.612362 10.733984  -0.000000 0.000000 0.143127
74  2.847602 -19.170465 1.399873  1.560019 -0.432434 0.948163
time 17
0  0.000006 0.000000 0.000000  -1.570800 -1.391899 -1.570792
1  -4.849906 3.337897 2.232070  -1.544956 -1.855077 -0.198630
2  6.027522 -0.000324 0.000193  -1.375467 -1.078554 -1.376898
3  11.692109 0.000644 -0.000739  -1.384586 -0.000018 -1.417169
4  11.479768 0.000610 -0.000742  1.314846 -0.202627 -0.069680
5  3.859509 -0.142878 -1.192049  -0.478600 0.114858 -0.964224
6  1.312590 0.000012 0.000009  -0.003547 0.012109 -0.261959
7  0.729355 0.000052 0.000049  0.138128 -0.056555 -0.039049
8  3.942143 0.046274 -0.431511  -0.155984 -0.001527 -0.861481
9  1.539111 0.000085 0.000005  -0.000906 0.006217 0.029179
10  1.196332 0.000146 0.000029  -0.106460 -0.032066 -0.994504
11  3.883504 -0.047269 0.431382  0.085898 0.021851 -0.587925
12  1.719573 -0.000026 0.000014  0.000015 0.005519 -0.366533
13  1.209179 0.000091 0.000012  0.031052 -0.154429 -0.851836
14  3.859663 -0.138475 1.332410  0.351463 -0.012349 -0.325636
15  1.719448 -0.000013 0.000023  -0.000997 0.034023 -0.280596
16  1.099675 0.000047 0.000007  0.179984 -0.171907 -0.610581
17  0.805993 -0.349049 1.321254  -1.643650 -0.950377 -0.245886
18  1.789819 -0.000001 -0.000018  0.008528 0.007013 -0.005127
19  1.207015 -0.000013 -0.000045  0.359774 -0.020568 0.239258
20  5.740635 0.000412 -0.000703  -0.093090 0.000003 0.000071
21  11.480965 0.000334 -0.000806  -0.046846 -0.019075 -0.031329
22  6.027524 -0.000329 0.000203  1.893645 -0.378410 1.028709
23  0.000002 11.692099 -0.000008  -0.980168 -0.430832 -0.778374
24  0.000003 0.000006 -0.000001  -0.515490 -0.000031 1.570739
25  -0.000001 -0.000012 -0.000002  0.868957 0.000002 1.570712
26  -4.888802 -4.568908 -1.375871  1.473120 1.855075 -0.198639
27  6.027511 -0.000264 -0.000222  1.873461 0.991184 -0.265869
28  11.691993 0.000245 0.000855  0.608924 0.000045 -1.473837
29  11.480497 0.000215 0.000858  -0.811208 -0.358818 0.436263
30  3.859436 -0.132789 1.193062  0.466149 -0.051826 -1.783918
31  1.312559 0.000026 0.000000  -0.013965 -0.041044 -0.156447
32  0.729344 0.000066 -0.000027  -0.128320 -0.117290 -0.954857
33  3.942046 0.050108 0.430997  0.211501 -0.107596 -1.469120
34  1.539098 0.000010 0.000000  0.040712 -0.054386 -1.030469
35  1.196298 0.000076 -0.000004  -0.249391 -0.043040 -0.795121
36  3.883412 -0.050503 -0.431086  0.186407 -0.271796 -1.212184
37  1.719564 -0.000080 -0.000004  0.020974 -0.107650 -1.483528
38  1.209196 0.000036 0.000011  -0.324719 0.069674 -0.493483
39  3.859585 -0.149113 -1.331323  -0.110833 0.118346 -0.118772
40  1.719414 -0.000098 -0.000034  -0.019525 0.026216 -0.112669
41  1.099672 0.000025 0.000007  0.239119 0.043639 -0.299131
42  0.805979 -0.359855 -1.318338  0.991670 0.166767 -0.799535
43  1.789780 -0.000009 -0.000043  0.000057 -0.002451 0.133097
44  1.206997 -0.000006 0.000006  0.000372 -0.000070 1.058782
45  5.740572 0.000056 0.000724  0.158531 -0.000014 0.000021
46  11.481043 0.000079 0.000921  0.166821 -0.058075 0.086397
47  6.027514 -0.000273 -0.000235  -1.028088 -0.214572 -1.497414
48  -0.000001 11.691975 -0.000005  -1.013895 0.461533 0.800425
49  0.000004 -0.000001 0.000000  2.881454 -0.000041 1.570856
50  -0.000007 -0.000015 0.000005  2.272644 -0.000030 1.570865
51  -6.678086 -11.597357 -2.925622  -2.798359 -0.098464 -0.753059
52  -0.000000 0.000000 -0.000000  0.008153 -0.000259 0.000009
53  0.000000 -0.000002 0.000000  1.565115 0.043565 -0.106862
54  6.010805 -19.569981 -3.507886  -1.642060 -0.736549 -1.603366
55  0.000001 0.000002 -0.000000  0.000000 -0.000000 -0.000002
56  0.000032 0.000031 0.000001  -1.571901 -0.044449 -0.106509
57  7.202790 -19.259499 -17.055128  1.570796 -0.000000 0.000000
58  -17.772699 4.002314 -16.454041  1.570796 -0.000000 0.000000
59  2.236387 -2.421983 -5.367696  1.570796 -0.000000 0.000000
60  -0.004311 0.001230 -0.000371  0.006898 -0.005534 -0.284229
61  -1.375872 5.365924 -3.997767  1.570796 -0.000000 0.000000
62  0.000000 0.000000 0.000000  -0.078727 -3.136056 0.284226
63  0.000000 0.000000 0.000000  1.563554 -0.006332 -0.007977
64  -1.220299 -16.093224 1.422681  1.560912 -0.420505 0.976805
65  -0.109378 -1.951951 -1.519206  0.000000 0.000000 0.000000
66  -0.109380 0.057028 25.399250  0.000000 0.000000 0.000000
67  -0.109378 -1.856732 0.287228  0.000000 0.000000 0.000000
68  -0.104047 -4.495922 7.879276  0.000000 0.000000 0.000000
69  -0.195266 4.332631 -6.347187  0.000000 0.000000 0.000000
70  -1.290113 3.693284 8.579667  0.022713 -0.014049 -0.017451
71  -0.109855 -1.345263 4.822540  0.000000 0.000000 0.000000
72  -1.107528 -1.063452 4.061646  0.000000 0.000000 0.000000
73  0.003659 1.612364 10.733981  -0.000000 -0.000000 0.111827
74  2.930908 -19.051561 1.433248  1.560912 -0.420505 0.976806
time 18
0  0.000006 0.000000 0.000000  -1.570800 -1.391899 -1.570792
1  -4.849906 3.337897 2.232070  -1.544956 -1.855077 -0.198630
2  6.027522 -0.000324 0.000193  -1.376654 -1.074401 -1.375195
3  11.692106 0.000643 -0.000739  -1.384586 -0.000018 -1.424802
4  11.479722 0.000605 -0.000761  1.321990 -0.198349 -0.088749
5  3.859510 -0.142880 -1.192049  -0.478600 0.114858 -0.964224
6  1.312590 0.000014 0.000008  -0.003547 0.012109 -0.261959
7  0.729354 0.000055 0.000049  0.138128 -0.056555 -0.039049
8  3.942142 0.046271 -0.431512  -0.155984 -0.001527 -0.861481
9  1.539111 0.000082 0.000004  -0.000906 0.006217 0.029179
10  1.196333 0.000146 0.000029  -0.106460 -0.032066 -0.994504
11  3.883505 -0.047272 0.431381  0.085898 0.021851 -0.587925
12  1.719573 -0.000027 0.000015  0.000015 0.005519 -0.366533
13  1.209179 0.000092 0.000012  0.031052 -0.154429 -0.851836
14  3.859661 -0.138477 1.332411  0.351463 -0.012349 -0.325636
15  1.719450 -0.000011 0.000023  -0.000997 0.034023 -0.280596
16  1.099675 0.000047 0.000006  0.179984 -0.171907 -0.610581
17  0.805994 -0.349050 1.321254  -1.643650 -0.950377 -0.245886
18  1.789821 -0.000003 -0.000020  0.008528 0.007013 -0.005127
19  1.207014 -0.000012 -0.000047  0.359774 -0.020568 0.239258
20  5.740636 0.000410 -0.000703  -0.096175 0.000003 0.000071
21  11.480955 0.000332 -0.000812  -0.045603 -0.017836 -0.034844
22  6.027524 -0.000329 0.000203  1.897100 -0.381107 1.028086
23  0.000002 11.692099 -0.000007  -0.984733 -0.434931 -0.781387
24  0.000003 0.000010 0.000000  -0.515490 -0.000030 1.570739
25  -0.000001 -0.000011 -0.000001  0.868957 0.000002 1.570712
26  -4.888802 -4.568908 -1.375871  1.473120 1.855075 -0.198639
27  6.027511 -0.000264 -0.000221  1.883100 0.993419 -0.257775
28  11.691993 0.000244 0.000856  0.608924 0.000044 -1.457506
29  11.480637 0.000285 0.000808  -0.822847 -0.384054 0.421019
30  3.859435 -0.132787 1.193062  0.466149 -0.051826 -1.783918
31  1.312558 0.000026 0.000001  -0.013965 -0.041044 -0.156447
32  0.729344 0.000066 -0.000027  -0.128320 -0.117290 -0.954857
33  3.942047 0.050110 0.430996  0.211501 -0.107596 -1.469120
34  1.539096 0.000011 -0.000001  0.040712 -0.054386 -1.030469
35  1.196300 0.000076 -0.000004  -0.249391 -0.043040 -0.795121
36  3.883411 -0.050501 -0.431087  0.186407 -0.271796 -1.212184
37  1.719563 -0.000077 -0.000003  0.020974 -0.107650 -1.483528
38  1.209198 0.000036 0.000011  -0.324719 0.069674 -0.493483
39  3.859584 -0.149112 -1.331323  -0.110833 0.118346 -0.118772
40  1.719413 -0.000100 -0.000034  -0.019525 0.026216 -0.112669
41  1.099673 0.000025 0.000006  0.239119 0.043639 -0.299131
42  0.805978 -0.359854 -1.318338  0.991670 0.166767 -0.799535
43  1.789779 -0.000009 -0.000044  0.000057 -0.002451 0.133097
44  1.206997 -0.000006 0.000005  0.000373 -0.000070 1.058782
45  5.740574 0.000057 0.000723  0.152323 -0.000014 0.000021
46  11.481073 0.000094 0.000910  0.164917 -0.064555 0.084635
47  6.027514 -0.000273 -0.000235  -1.028473 -0.208860 -1.497309
48  -0.000000 11.691974 -0.000006  -1.004186 0.452610 0.794167
49  0.000002 -0.000001 0.000001  2.881454 -0.000041 1.570856
50  -0.000007 -0.000016 0.000005  2.272644 -0.000030 1.570865
51  -6.785803 -11.725343 -2.906159  -2.812827 -0.098561 -0.736793
52  -0.000000 0.000001 0.000000  0.008153 -0.000259 0.000009
53  0.000000 -0.000000 -0.000000  1.565115 0.043565 -0.106862
54  6.014233 -19.515215 -3.527980  -1.654902 -0.747399 -1.579846
55  -0.000000 -0.000000 -0.000000  0.000000 -0.000000 -0.000002
56  0.000030 0.000029 0.000001  -1.571901 -0.044449 -0.106509
57  7.202790 -19.259499 -17.055128  1.570796 -0.000000 0.000000
58  -17.772699 4.002314 -16.454041  1.570796 -0.000000 0.000000
59  2.236387 -2.421983 -5.367696  1.570796 -0.000000 0.000000
60  -0.004311 0.001230 -0.000371  0.006898 -0.005534 -0.284229
61  -1.375872 5.365924 -3.997767  1.570796 -0.000000 0.000000
62  0.000000 0.000000 0.000000  -0.078727 -3.136056 0.284226
63  0.000000 0.000000 0.000000  1.567434 -0.004000 -0.006372
64  -1.220132 -16.093122 1.435936  1.563280 -0.406271 0.990696
65  -0.109378 -1.951952 -1.519206  -0.000000 -0.000000 -0.000000
66  -0.109376 0.057026 25.399256  -0.000000 -0.000000 -0.000000
67  -0.109378 -1.856732 0.287229  -0.000000 -0.000000 -0.000000
68  -0.104047 -4.495924 7.879277  -0.000000 -0.000000 -0.000000
69  -0.195263 4.332630 -6.347188  -0.000000 -0.000000 -0.000000
70  -1.290109 3.693283 8.579669  0.022713 -0.014049 -0.017451
71  -0.109855 -1.345264 4.822541  -0.000000 -0.000000 -0.000000
72  -1.107527 -1.063454 4.061648  -0.000000 -0.000000 -0.000000
73  0.003660 1.612363 10.733982  -0.000000 -0.000000 0.087697
74  2.974582 -18.989460 1.437242  1.563280 -0.406271 0.990696
time 19
0  0.000006 0.000000 0.000000  -1.570800 -1.391899 -1.570792
1  -4.849906 3.337897 2.232070  -1.544956 -1.855077 -0.198630
2  6.027522 -0.000324 0.000193  -1.374765 -1.072266 -1.374493
3  11.692108 0.000645 -0.000739  -1.384586 -0.000018 -1.425195
4  11.479724 0.000605 -0.000763  1.320819 -0.190608 -0.103114
5  3.859509 -0.142879 -1.192049  -0.478600 0.114858 -0.964224
6  1.312590 0.000011 0.000007  -0.003547 0.012109 -0.261959
7  0.729354 0.000053 0.000049  0.138128 -0.056555 -0.039049
8  3.942143 0.046273 -0.431511  -0.155984 -0.001527 -0.861481
9  1.539111 0.000086 0.000005  -0.000906 0.006217 0.029179
10  1.196332 0.000146 0.000029  -0.106460 -0.032066 -0.994504
11  3.883505 -0.047270 0.431382  0.085898 0.021851 -0.587925
12  1.719574 -0.000025 0.000015  0.000015 0.005519 -0.366533
13  1.209179 0.000092 0.000012  0.031052 -0.154429 -0.851836
14  3.859662 -0.138476 1.332410  0.351463 -0.012349 -0.325636
15  1.719448 -0.000011 0.000022  -0.000997 0.034023 -0.280596
16  1.099675 0.000047 0.000006  0.179984 -0.171907 -0.610581
17  0.805994 -0.349050 1.321254  -1.643650 -0.950377 -0.245886
18  1.789820 -0.000002 -0.000019  0.008528 0.007013 -0.005127
19  1.207015 -0.000012 -0.000043  0.359774 -0.020568 0.239258
20  5.740637 0.000410 -0.000703  -0.099163 0.000003 0.000071
21  11.480958 0.000332 -0.000810  -0.045959 -0.016000 -0.037585
22  6.027524 -0.000329 0.000203  1.897929 -0.383293 1.030139
23  0.000001 11.692100 -0.000006  -0.984968 -0.435142 -0.781542
24  0.000002 0.000008 -0.000000  -0.515490 -0.000030 1.570739
25  -0.000001 -0.000011 -0.000001  0.868957 0.000002 1.570712
26  -4.888802 -4.568908 -1.375871  1.473120 1.855075 -0.198639
27  6.027511 -0.000264 -0.000221  1.889243 0.994548 -0.252655
28  11.691992 0.000244 0.000856  0.608923 0.000043 -1.448869
29  11.480710 0.000326 0.000780  -0.834363 -0.396588 0.415373
30  3.859437 -0.132787 1.193062  0.466149 -0.051826 -1.783918
31  1.312559 0.000025 -0.000000  -0.013965 -0.041044 -0.156447
32  0.729344 0.000065 -0.000028  -0.128320 -0.117290 -0.954857
33  3.942047 0.050110 0.430997  0.211501 -0.107596 -1.469120
34  1.539096 0.000009 -0.000000  0.040712 -0.054386 -1.030469
35  1.196300 0.000075 -0.000004  -0.249391 -0.043040 -0.795120
36  3.883412 -0.050501 -0.431087  0.186407 -0.271796 -1.212184
37  1.719563 -0.000078 -0.000003  0.020974 -0.107650 -1.483528
38  1.209197 0.000035 0.000011  -0.324719 0.069674 -0.493483
39  3.859586 -0.149111 -1.331323  -0.110833 0.118346 -0.118772
40  1.719412 -0.000100 -0.000035  -0.019525 0.026216 -0.112668
41  1.099674 0.000024 0.000007  0.239119 0.043639 -0.299131
42  0.805979 -0.359854 -1.318338  0.991670 0.166767 -0.799535
43  1.789779 -0.000009 -0.000044  0.000057 -0.002451 0.133097
44  1.206997 -0.000006 0.000005  0.000372 -0.000070 1.058782
45  5.740571 0.000056 0.000724  0.148173 -0.000014 0.000021
46  11.481086 0.000101 0.000904  0.162881 -0.067919 0.084008
47  6.027514 -0.000273 -0.000235  -1.028460 -0.205325 -1.497341
48  -0.000001 11.691974 -0.000007  -0.999043 0.447913 0.790829
49  0.000003 -0.000001 0.000000  2.881454 -0.000041 1.570856
50  -0.000007 -0.000016 0.000004  2.272644 -0.000030 1.570865
51  -6.848979 -11.791132 -2.888151  -2.825170 -0.097195 -0.730140
52  -0.000001 -0.000000 0.000000  0.008153 -0.000259 0.000009
53  0.000001 0.000000 -0.000000  1.565115 0.043565 -0.106862
54  5.987314 -19.516521 -3.564685  -1.667522 -0.755629 -1.565782
55  -0.000000 -0.000000 -0.000000  0.000000 -0.000000 -0.000002
56  0.000030 0.000028 0.000001  -1.571901 -0.044449 -0.106509
57  7.202790 -19.259499 -17.055128  1.570796 -0.000000 0.000000
58  -17.772699 4.002314 -16.454041  1.570796 -0.000000 0.000000
59  2.236387 -2.421983 -5.367696  1.570796 -0.000000 0.000000
60  -0.004311 0.001230 -0.000371  0.006898 -0.005534 -0.284229
61  -1.375872 5.365924 -3.997767  1.570796 -0.000000 0.000000
62  0.000000 0.000000 0.000000  -0.078727 -3.136056 0.284226
63  0.000000 0.000000 0.000000  1.570822 -0.001970 -0.004752
64  -1.219658 -16.092834 1.437829  1.566810 -0.394346 0.994768
65  -0.109379 -1.951951 -1.519206  -0.000000 0.000000 -0.000000
66  -0.109382 0.057027 25.399252  -0.000000 0.000000 -0.000000
67  -0.109379 -1.856732 0.287229  -0.000000 0.000000 -0.000000
68  -0.104049 -4.495922 7.879277  -0.000000 0.000000 -0.000000
69  -0.195265 4.332631 -6.347188  -0.000000 0.000000 -0.000000
70  -1.290114 3.693284 8.579668  0.022713 -0.014049 -0.017451
71  -0.109858 -1.345263 4.822541  -0.000000 0.000000 -0.000000
72  -1.107529 -1.063453 4.061646  -0.000000 0.000000 -0.000000
73  0.003658 1.612363 10.733981  -0.000000 0.000000 0.077952
74  2.990713 -18.966333 1.424002  1.566810 -0.394346 0.994768
time 20
0  0.000006 0.000000 0.000000  -1.570800 -1.391899 -1.570792
1  -4.849906 3.337897 2.232070  -1.544956 -1.855077 -0.198630
2  6.027522 -0.000324 0.000193  -1.373082 -1.069160 -1.373374
3  11.692109 0.000644 -0.000740  -1.384586 -0.000018 -1.425671
4  11.479720 0.000603 -0.000764  1.317292 -0.187339 -0.111232
5  3.859509 -0.142880 -1.192049  -0.478599 0.114858 -0.964224
6  1.312589 0.000013 0.000008  -0.003547 0.012109 -0.261959
7  0.729355 0.000053 0.000050  0.138128 -0.056555 -0.039049
8  3.942142 0.046272 -0.431512  -0.155984 -0.001527 -0.861481
9  1.539111 0.000086 0.000005  -0.000906 0.006217 0.029179
10  1.196332 0.000149 0.000029  -0.106460 -0.032066 -0.994504
11  3.883503 -0.047270 0.431382  0.085898 0.021851 -0.587925
12  1.719573 -0.000026 0.000014  0.000015 0.005519 -0.366533
13  1.209180 0.000088 0.000012  0.031052 -0.154429 -0.851836
14  3.859662 -0.138477 1.332410  0.351463 -0.012349 -0.325636
15  1.719450 -0.000010 0.000022  -0.000997 0.034023 -0.280596
16  1.099675 0.000047 0.000006  0.179984 -0.171907 -0.610581
17  0.805994 -0.349050 1.321254  -1.643650 -0.950377 -0.245886
18  1.789819 -0.000004 -0.000019  0.008528 0.007013 -0.005127
19  1.207014 -0.000012 -0.000046  0.359774 -0.020568 0.239258
20  5.740636 0.000411 -0.000704  -0.101398 0.000003 0.000071
21  11.480956 0.000332 -0.000811  -0.046718 -0.015173 -0.039232
22  6.027524 -0.000329 0.000203  1.899535 -0.386136 1.032132
23  0.000002 11.692098 -0.000007  -0.985253 -0.435398 -0.781729
24  0.000002 0.000007 -0.000000  -0.515490 -0.000031 1.570739
25  -0.000001 -0.000012 -0.000000  0.868957 0.000002 1.570712
26  -4.888802 -4.568908 -1.375871  1.473120 1.855075 -0.198639
27  6.027510 -0.000264 -0.000221  1.891971 0.994187 -0.250550
28  11.691991 0.000244 0.000856  0.608923 0.000043 -1.447119
29  11.480723 0.000332 0.000776  -0.840636 -0.401262 0.417178
30  3.859437 -0.132786 1.193062  0.466149 -0.051826 -1.783918
31  1.312557 0.000025 0.000000  -0.013965 -0.041043 -0.156447
32  0.729346 0.000065 -0.000028  -0.128320 -0.117290 -0.954857
33  3.942047 0.050110 0.430997  0.211501 -0.107596 -1.469120
34  1.539096 0.000010 -0.000000  0.040712 -0.054386 -1.030469
35  1.196299 0.000075 -0.000004  -0.249391 -0.043040 -0.795121
36  3.883411 -0.050501 -0.431087  0.186407 -0.271796 -1.212184
37  1.719563 -0.000077 -0.000004  0.020974 -0.107650 -1.483528
38  1.209195 0.000035 0.000011  -0.324719 0.069674 -0.493483
39  3.859586 -0.149111 -1.331323  -0.110833 0.118346 -0.118772
40  1.719412 -0.000100 -0.000035  -0.019525 0.026216 -0.112669
41  1.099672 0.000026 0.000007  0.239119 0.043639 -0.299131
42  0.805979 -0.359853 -1.318338  0.991670 0.166767 -0.799535
43  1.789779 -0.000009 -0.000042  0.000057 -0.002451 0.133097
44  1.206997 -0.000006 0.000005  0.000373 -0.000070 1.058782
45  5.740573 0.000056 0.000724  0.146691 -0.000014 0.000021
46  11.481090 0.000104 0.000904  0.161863 -0.069020 0.084480
47  6.027514 -0.000273 -0.000235  -1.027626 -0.204031 -1.497694
48  -0.000001 11.691975 -0.000006  -0.998000 0.446963 0.790150
49  0.000003 0.000000 -0.000001  2.881454 -0.000041 1.570856
50  -0.000007 -0.000015 0.000004  2.272644 -0.000030 1.570865
51  -6.878092 -11.803569 -2.877775  -2.830760 -0.093926 -0.728828
52  -0.000000 0.000001 -0.000000  0.008153 -0.000259 0.000009
53  0.000000 0.000001 0.000000  1.565115 0.043565 -0.106862
54  5.959859 -19.520351 -3.618005  -1.675997 -0.757547 -1.559186
55  -0.000001 -0.000002 0.000001  0.000000 -0.000000 -0.000002
56  0.000028 0.000027 0.000002  -1.571901 -0.044449 -0.106509
57  7.202790 -19.259499 -17.055128  1.570796 -0.000000 0.000000
58  -17.772699 4.002314 -16.454041  1.570796 -0.000000 0.000000
59  2.236387 -2.421983 -5.367696  1.570796 -0.000000 0.000000
60  -0.004311 0.001230 -0.000371  0.006898 -0.005534 -0.284229
61  -1.375872 5.365924 -3.997767  1.570796 -0.000000 0.000000
62  0.000000 0.000000 0.000000  -0.078727 -3.136056 0.284226
63  0.000000 0.000000 0.000000  1.573220 -0.000538 -0.003250
64  -1.218918 -16.092382 1.421972  1.571224 -0.389345 0.993861
65  -0.109379 -1.951952 -1.519206  -0.000000 -0.000000 0.000000
66  -0.109381 0.057027 25.399252  -0.000000 -0.000000 0.000000
67  -0.109379 -1.856731 0.287230  -0.000000 -0.000000 0.000000
68  -0.104049 -4.495923 7.879278  -0.000000 -0.000000 0.000000
69  -0.195265 4.332629 -6.347188  -0.000000 -0.000000 0.000000
70  -1.290113 3.693283 8.579668  0.022713 -0.014049 -0.017451
71  -0.109856 -1.345263 4.822541  -0.000000 -0.000000 0.000000
72  -1.107528 -1.063453 4.061647  -0.000000 -0.000000 0.000000
73  0.003658 1.612363 10.733982  -0.000000 0.000000 0.082865
74  2.993542 -18.962648 1.387916  1.571224 -0.389345 0.993861
time 21
0  0.000006 0.000000 0.000000  -1.570800 -1.391899 -1.570792
1  -4.849906 3.337897 2.232070  -1.544956 -1.855077 -0.198630
2  6.027522 -0.000324 0.000193  -1.371730 -1.064723 -1.371681
3  11.692108 0.000644 -0.000739  -1.384586 -0.000018 -1.426511
4  11.479712 0.000603 -0.000766  1.312022 -0.187226 -0.114654
5  3.859507 -0.142882 -1.192050  -0.478600 0.114858 -0.964224
6  1.312589 0.000010 0.000007  -0.003547 0.012109 -0.261959
7  0.729355 0.000051 0.000049  0.138128 -0.056555 -0.039049
8  3.942142 0.046271 -0.431512  -0.155984 -0.001527 -0.861481
9  1.539111 0.000085 0.000005  -0.000907 0.006217 0.029179
10  1.196333 0.000145 0.000028  -0.106460 -0.032066 -0.994504
11  3.883505 -0.047270 0.431381  0.085898 0.021851 -0.587925
12  1.719573 -0.000027 0.000015  0.000015 0.005519 -0.366533
13  1.209179 0.000090 0.000012  0.031052 -0.154429 -0.851836
14  3.859662 -0.138476 1.332410  0.351463 -0.012349 -0.325636
15  1.719449 -0.000011 0.000022  -0.000997 0.034023 -0.280596
16  1.099676 0.000048 0.000006  0.179984 -0.171907 -0.610581
17  0.805993 -0.349051 1.321254  -1.643650 -0.950377 -0.245886
18  1.789819 -0.000004 -0.000015  0.008528 0.007013 -0.005127
19  1.207015 -0.000012 -0.000043  0.359774 -0.020568 0.239258
20  5.740637 0.000410 -0.000702  -0.103019 0.000003 0.000071
21  11.480954 0.000331 -0.000810  -0.047785 -0.015065 -0.040051
22  6.027524 -0.000329 0.000203  1.902230 -0.389863 1.033990
23  0.000001 11.692100 -0.000007  -0.985755 -0.435850 -0.782059
24  0.000003 0.000007 -0.000001  -0.515490 -0.000031 1.570738
25  -0.000002 -0.000012 -0.000001  0.868957 0.000002 1.570712
26  -4.888802 -4.568908 -1.375871  1.473120 1.855075 -0.198639
27  6.027510 -0.000264 -0.000221  1.891241 0.992317 -0.251510
28  11.691992 0.000245 0.000855  0.608924 0.000043 -1.450856
29  11.480691 0.000314 0.000789  -0.843044 -0.399791 0.424332
30  3.859436 -0.132789 1.193062  0.466149 -0.051826 -1.783918
31  1.312559 0.000025 -0.000000  -0.013965 -0.041044 -0.156447
32  0.729346 0.000065 -0.000027  -0.128320 -0.117290 -0.954857
33  3.942047 0.050108 0.430997  0.211501 -0.107596 -1.469120
34  1.539096 0.000010 0.000000  0.040712 -0.054386 -1.030469
35  1.196300 0.000075 -0.000004  -0.249391 -0.043040 -0.795121
36  3.883412 -0.050502 -0.431087  0.186407 -0.271796 -1.212184
37  1.719564 -0.000079 -0.000003  0.020974 -0.107650 -1.483528
38  1.209196 0.000035 0.000011  -0.324719 0.069674 -0.493483
39  3.859586 -0.149112 -1.331323  -0.110833 0.118346 -0.118772
40  1.719412 -0.000098 -0.000034  -0.019525 0.026216 -0.112669
41  1.099673 0.000024 0.000007  0.239119 0.043639 -0.299131
42  0.805979 -0.359854 -1.318338  0.991670 0.166767 -0.799535
43  1.789780 -0.000009 -0.000044  0.000057 -0.002451 0.133097
44  1.206997 -0.000007 0.000006  0.000372 -0.000070 1.058782
45  5.740571 0.000055 0.000724  0.147176 -0.000014 0.000021
46  11.481082 0.000098 0.000908  0.161586 -0.068400 0.085731
47  6.027514 -0.000273 -0.000235  -1.025945 -0.205004 -1.498383
48  -0.000001 11.691976 -0.000005  -1.000226 0.448992 0.791598
49  0.000004 0.000001 0.000000  2.881454 -0.000041 1.570856
50  -0.000007 -0.000016 0.000005  2.272644 -0.000030 1.570865
51  -6.881257 -11.775232 -2.882251  -2.831154 -0.089254 -0.731557
52  -0.000000 0.000000 -0.000000  0.008153 -0.000259 0.000009
53  0.000000 -0.000001 0.000000  1.565115 0.043565 -0.106862
54  5.932409 -19.525291 -3.692316  -1.681094 -0.754678 -1.558454
55  0.000000 0.000001 0.000000  0.000000 -0.000000 -0.000002
56  0.000031 0.000030 0.000001  -1.571901 -0.044449 -0.106509
57  7.202790 -19.259499 -17.055128  1.570796 -0.000000 0.000000
58  -17.772699 4.002314 -16.454041  1.570796 -0.000000 0.000000
59  2.236387 -2.421983 -5.367696  1.570796 -0.000000 0.000000
60  -0.004311 0.001230 -0.000371  0.006898 -0.005534 -0.284229
61  -1.375872 5.365924 -3.997767  1.570796 -0.000000 0.000000
62  0.000000 0.000000 0.000000  -0.078727 -3.136056 0.284226
63  0.000000 0.000000 0.000000  1.574130 0.000003 -0.002000
64  -1.217952 -16.091795 1.384160  1.576280 -0.389660 0.989176
65  -0.109379 -1.951951 -1.519205  -0.000000 -0.000000 0.000000
66  -0.109381 0.057027 25.399254  -0.000000 -0.000000 0.000000
67  -0.109380 -1.856731 0.287230  -0.000000 -0.000000 0.000000
68  -0.104048 -4.495924 7.879277  -0.000000 -0.000000 0.000000
69  -0.195264 4.332630 -6.347187  -0.000000 -0.000000 0.000000
70  -1.290113 3.693282 8.579670  0.022713 -0.014049 -0.017451
71  -0.109856 -1.345264 4.822541  -0.000000 -0.000000 0.000000
72  -1.107530 -1.063453 4.061648  -0.000000 -0.000000 0.000000
73  0.003658 1.612363 10.733982  -0.000000 0.000000 0.096320
74  2.986383 -18.973568 1.326234  1.576280 -0.389660 0.989176
time 22
0  0.000006 0.000000 0.000000  -1.570800 -1.391899 -1.570792
1  -4.849906 3.337897 2.232070  -1.544956 -1.855077 -0.198630
2  6.027522 -0.000324 0.000193  -1.368880 -1.061252 -1.370415
3  11.692107 0.000643 -0.000738  -1.384586 -0.000018 -1.423785
4  11.479732 0.000605 -0.000757  1.302738 -0.185011 -0.116202
5  3.859509 -0.142882 -1.192050  -0.478599 0.114858 -0.964224
6  1.312590 0.000009 0.000009  -0.003547 0.012109 -0.261959
7  0.729354 0.000054 0.000050  0.138128 -0.056555 -0.039049
8  3.942144 0.046271 -0.431512  -0.155984 -0.001527 -0.861481
9  1.539111 0.000086 0.000005  -0.000907 0.006217 0.029179
10  1.196333 0.000145 0.000028  -0.106460 -0.032066 -0.994504
11  3.883506 -0.047271 0.431381  0.085898 0.021851 -0.587925
12  1.719572 -0.000029 0.000015  0.000015 0.005519 -0.366533
13  1.209179 0.000091 0.000012  0.031052 -0.154429 -0.851836
14  3.859663 -0.138477 1.332410  0.351463 -0.012349 -0.325636
15  1.719449 -0.000011 0.000021  -0.000997 0.034023 -0.280596
16  1.099675 0.000049 0.000006  0.179984 -0.171907 -0.610581
17  0.805994 -0.349051 1.321253  -1.643650 -0.950377 -0.245886
18  1.789820 -0.000004 -0.000017  0.008528 0.007013 -0.005127
19  1.207016 -0.000012 -0.000043  0.359774 -0.020568 0.239258
20  5.740636 0.000411 -0.000703  -0.104583 0.000003 0.000070
21  11.480958 0.000332 -0.000809  -0.049636 -0.014561 -0.040559
22  6.027524 -0.000329 0.000203  1.903636 -0.393367 1.037209
23  0.000001 11.692097 -0.000009  -0.984125 -0.434384 -0.780986
24  0.000003 0.000007 0.000001  -0.515490 -0.000031 1.570739
25  -0.000002 -0.000012 -0.000002  0.868957 0.000002 1.570712
26  -4.888802 -4.568908 -1.375871  1.473120 1.855075 -0.198639
27  6.027510 -0.000264 -0.000222  1.888616 0.989751 -0.254116
28  11.691992 0.000245 0.000856  0.608924 0.000044 -1.458172
29  11.480628 0.000280 0.000811  -0.845833 -0.392392 0.435491
30  3.859436 -0.132788 1.193062  0.466149 -0.051826 -1.783918
31  1.312559 0.000026 0.000000  -0.013965 -0.041043 -0.156447
32  0.729345 0.000066 -0.000027  -0.128320 -0.117290 -0.954857
33  3.942045 0.050107 0.430997  0.211501 -0.107596 -1.469120
34  1.539098 0.000010 0.000000  0.040712 -0.054386 -1.030469
35  1.196299 0.000075 -0.000004  -0.249391 -0.043040 -0.795120
36  3.883412 -0.050503 -0.431087  0.186407 -0.271796 -1.212184
37  1.719562 -0.000079 -0.000003  0.020974 -0.107650 -1.483528
38  1.209194 0.000035 0.000011  -0.324719 0.069674 -0.493484
39  3.859584 -0.149113 -1.331323  -0.110833 0.118346 -0.118772
40  1.719413 -0.000099 -0.000034  -0.019525 0.026216 -0.112669
41  1.099674 0.000023 0.000007  0.239119 0.043639 -0.299131
42  0.805978 -0.359854 -1.318338  0.991670 0.166767 -0.799535
43  1.789779 -0.000009 -0.000043  0.000057 -0.002451 0.133097
44  1.206996 -0.000006 0.000005  0.000372 -0.000070 1.058782
45  5.740572 0.000056 0.000725  0.148459 -0.000014 0.000021
46  11.481071 0.000093 0.000913  0.161167 -0.066391 0.087445
47  6.027514 -0.000273 -0.000235  -1.023929 -0.207186 -1.499206
48  -0.000000 11.691976 -0.000005  -1.004582 0.452973 0.794423
49  0.000004 0.000000 0.000001  2.881454 -0.000041 1.570856
50  -0.000007 -0.000015 0.000006  2.272644 -0.000030 1.570865
51  -6.864836 -11.719239 -2.891169  -2.831029 -0.084150 -0.738704
52  0.000001 0.000002 0.000000  0.008153 -0.000259 0.000009
53  -0.000001 -0.000002 -0.000000  1.565115 0.043565 -0.106862
54  5.890074 -19.557547 -3.775968  -1.686117 -0.751124 -1.562155
55  0.000000 -0.000002 -0.000000  0.000000 -0.000000 -0.000002
56  0.000031 0.000027 0.000001  -1.571901 -0.044449 -0.106509
57  7.202790 -19.259499 -17.055128  1.570796 -0.000000 0.000000
58  -17.772699 4.002314 -16.454041  1.570796 -0.000000 0.000000
59  2.236387 -2.421983 -5.367696  1.570796 -0.000000 0.000000
60  -0.004311 0.001230 -0.000371  0.006898 -0.005534 -0.284229
61  -1.375872 5.365924 -3.997767  1.570796 -0.000000 0.000000
62  0.000000 0.000000 0.000000  -0.078727 -3.136056 0.284226
63  0.000000 0.000000 0.000000  1.573783 0.000002 -0.001101
64  -1.216803 -16.091095 1.339030  1.581718 -0.390540 0.979972
65  -0.109379 -1.951950 -1.519205  0.000000 -0.000000 -0.000000
66  -0.109381 0.057028 25.399254  0.000000 -0.000000 -0.000000
67  -0.109379 -1.856731 0.287229  0.000000 -0.000000 -0.000000
68  -0.104048 -4.495922 7.879276  0.000000 -0.000000 -0.000000
69  -0.195266 4.332631 -6.347186  0.000000 -0.000000 -0.000000
70  -1.290111 3.693283 8.579669  0.022713 -0.014049 -0.017451
71  -0.109857 -1.345263 4.822542  0.000000 -0.000000 -0.000000
72  -1.107530 -1.063452 4.061648  0.000000 -0.000000 -0.000000
73  0.003659 1.612364 10.733982  0.000000 -0.000000 0.115900
74  2.966599 -19.002546 1.255393  1.581718 -0.390540 0.979972
time 23
0  0.000006 0.000000 0.000000  -1.570800 -1.391899 -1.570792
1  -4.849906 3.337897 2.232070  -1.544956 -1.855077 -0.198630
2  6.027522 -0.000324 0.000193  -1.364978 -1.059236 -1.369751
3  11.692108 0.000643 -0.000739  -1.384586 -0.000018 -1.418646
4  11.479760 0.000608 -0.000747  1.291253 -0.182091 -0.116193
5  3.859508 -0.142881 -1.192049  -0.478600 0.114858 -0.964224
6  1.312590 0.000010 0.000008  -0.003547 0.012109 -0.261959
7  0.729355 0.000054 0.000050  0.138128 -0.056555 -0.039049
8  3.942143 0.046272 -0.431512  -0.155984 -0.001527 -0.861481
9  1.539111 0.000085 0.000004  -0.000907 0.006217 0.029179
10  1.196332 0.000149 0.000028  -0.106460 -0.032066 -0.994504
11  3.883504 -0.047269 0.431382  0.085898 0.021851 -0.587925
12  1.719573 -0.000025 0.000015  0.000015 0.005519 -0.366533
13  1.209179 0.000091 0.000012  0.031052 -0.154429 -0.851836
14  3.859663 -0.138476 1.332410  0.351463 -0.012349 -0.325636
15  1.719449 -0.000012 0.000022  -0.000997 0.034023 -0.280596
16  1.099675 0.000048 0.000007  0.179984 -0.171907 -0.610581
17  0.805993 -0.349052 1.321253  -1.643650 -0.950377 -0.245886
18  1.789820 -0.000004 -0.000019  0.008528 0.007013 -0.005127
19  1.207016 -0.000013 -0.000046  0.359774 -0.020568 0.239258
20  5.740637 0.000411 -0.000704  -0.106085 0.000003 0.000071
21  11.480965 0.000332 -0.000810  -0.051912 -0.013943 -0.040795
22  6.027524 -0.000329 0.000203  1.903560 -0.396141 1.041307
23  0.000002 11.692099 -0.000007  -0.981052 -0.431624 -0.778959
24  0.000002 0.000008 0.000000  -0.515490 -0.000031 1.570738
25  -0.000001 -0.000012 -0.000000  0.868957 0.000002 1.570712
26  -4.888802 -4.568908 -1.375871  1.473120 1.855075 -0.198639
27  6.027510 -0.000264 -0.000222  1.885817 0.987291 -0.256832
28  11.691992 0.000245 0.000856  0.608924 0.000045 -1.467360
29  11.480548 0.000241 0.000839  -0.848235 -0.381467 0.449244
30  3.859436 -0.132787 1.193062  0.466149 -0.051826 -1.783918
31  1.312558 0.000026 -0.000000  -0.013965 -0.041043 -0.156447
32  0.729345 0.000065 -0.000027  -0.128320 -0.117290 -0.954857
33  3.942046 0.050110 0.430997  0.211501 -0.107596 -1.469120
34  1.539095 0.000010 -0.000000  0.040712 -0.054386 -1.030469
35  1.196300 0.000076 -0.000004  -0.249391 -0.043040 -0.795120
36  3.883411 -0.050500 -0.431087  0.186407 -0.271796 -1.212184
37  1.719564 -0.000079 -0.000003  0.020974 -0.107650 -1.483528
38  1.209197 0.000036 0.000012  -0.324719 0.069674 -0.493483
39  3.859585 -0.149111 -1.331323  -0.110833 0.118346 -0.118772
40  1.719411 -0.000100 -0.000035  -0.019525 0.026216 -0.112669
41  1.099673 0.000023 0.000007  0.239119 0.043639 -0.299131
42  0.805979 -0.359852 -1.318338  0.991670 0.166767 -0.799535
43  1.789779 -0.000008 -0.000041  0.000057 -0.002451 0.133097
44  1.206997 -0.000006 0.000005  0.000372 -0.000070 1.058781
45  5.740571 0.000054 0.000723  0.150388 -0.000014 0.000021
46  11.481052 0.000084 0.000917  0.160767 -0.063517 0.089494
47  6.027514 -0.000273 -0.000235  -1.022053 -0.209433 -1.499972
48  -0.000000 11.691975 -0.000005  -1.010047 0.457987 0.797951
49  0.000002 0.000000 0.000000  2.881454 -0.000041 1.570856
50  -0.000007 -0.000015 0.000006  2.272644 -0.000030 1.570865
51  -6.835069 -11.646669 -2.891948  -2.830439 -0.078910 -0.748517
52  -0.000001 -0.000001 0.000000  0.008153 -0.000259 0.000009
53  -0.000001 0.000001 -0.000000  1.565115 0.043565 -0.106862
54  5.839520 -19.605473 -3.852168  -1.690811 -0.747125 -1.568724
55  -0.000001 -0.000002 0.000001  0.000000 -0.000000 -0.000002
56  0.000030 0.000027 0.000002  -1.571901 -0.044449 -0.106509
57  7.202790 -19.259499 -17.055128  1.570796 -0.000000 0.000000
58  -17.772699 4.002314 -16.454041  1.570796 -0.000000 0.000000
59  2.236387 -2.421983 -5.367696  1.570796 -0.000000 0.000000
60  -0.004311 0.001230 -0.000371  0.006898 -0.005534 -0.284229
61  -1.375872 5.365924 -3.997767  1.570796 -0.000000 0.000000
62  0.000000 0.000000 0.000000  -0.078727 -3.136056 0.284226
63  0.000000 0.000000 0.000000  1.572956 0.000001 -0.000519
64  -1.215510 -16.090307 1.301218  1.587232 -0.391889 0.968104
65  -0.109378 -1.951952 -1.519207  -0.000000 -0.000000 0.000000
66  -0.109380 0.057027 25.399254  -0.000000 -0.000000 0.000000
67  -0.109377 -1.856732 0.287228  -0.000000 -0.000000 0.000000
68  -0.104048 -4.495923 7.879276  -0.000000 -0.000000 0.000000
69  -0.195263 4.332630 -6.347188  -0.000000 -0.000000 0.000000
70  -1.290110 3.693282 8.579666  0.022713 -0.014049 -0.017451
71  -0.109854 -1.345265 4.822538  -0.000000 -0.000000 0.000000
72  -1.107529 -1.063453 4.061647  -0.000000 -0.000000 0.000000
73  0.003659 1.612363 10.733981  -0.000000 -0.000000 0.139155
74  2.938929 -19.042084 1.191491  1.587232 -0.391889 0.968104
time 24
0  0.000006 0.000000 0.000000  -1.570800 -1.391899 -1.570792
1  -4.849906 3.337897 2.232070  -1.544956 -1.855077 -0.198630
2  6.027522 -0.000324 0.000193  -1.360518 -1.059207 -1.369917
3  11.692109 0.000644 -0.000740  -1.384585 -0.000017 -1.412201
4  11.479795 0.000609 -0.000726  1.279467 -0.179763 -0.114817
5  3.859508 -0.142879 -1.192049  -0.478600 0.114858 -0.964224
6  1.312590 0.000013 0.000008  -0.003547 0.012109 -0.261959
7  0.729355 0.000050 0.000049  0.138128 -0.056555 -0.039049
8  3.942143 0.046272 -0.431512  -0.155984 -0.001527 -0.861481
9  1.539111 0.000081 0.000005  -0.000907 0.006217 0.029179
10  1.196332 0.000148 0.000029  -0.106460 -0.032066 -0.994504
11  3.883505 -0.047269 0.431382  0.085898 0.021851 -0.587925
12  1.719573 -0.000029 0.000014  0.000015 0.005519 -0.366533
13  1.209179 0.000091 0.000012  0.031052 -0.154429 -0.851836
14  3.859661 -0.138477 1.332409  0.351463 -0.012349 -0.325636
15  1.719448 -0.000013 0.000022  -0.000997 0.034023 -0.280596
16  1.099675 0.000044 0.000006  0.179984 -0.171907 -0.610581
17  0.805993 -0.349051 1.321253  -1.643650 -0.950377 -0.245886
18  1.789819 -0.000003 -0.000020  0.008528 0.007013 -0.005127
19  1.207015 -0.000012 -0.000044  0.359774 -0.020568 0.239258
20  5.740638 0.000411 -0.000702  -0.107467 0.000003 0.000071
21  11.480972 0.000332 -0.000804  -0.054241 -0.013474 -0.040774
22  6.027524 -0.000329 0.000203  1.901814 -0.397616 1.045704
23  0.000002 11.692099 -0.000008  -0.977193 -0.428171 -0.776406
24  0.000004 0.000009 -0.000001  -0.515490 -0.000031 1.570739
25  -0.000001 -0.000012 -0.000002  0.868957 0.000002 1.570712
26  -4.888802 -4.568908 -1.375871  1.473120 1.855075 -0.198639
27  6.027510 -0.000264 -0.000222  1.884448 0.985726 -0.258230
28  11.691992 0.000246 0.000857  0.608924 0.000045 -1.476718
29  11.480474 0.000202 0.000866  -0.849537 -0.369374 0.464062
30  3.859437 -0.132788 1.193062  0.466149 -0.051826 -1.783918
31  1.312559 0.000026 -0.000001  -0.013965 -0.041044 -0.156447
32  0.729345 0.000065 -0.000027  -0.128320 -0.117290 -0.954857
33  3.942048 0.050109 0.430996  0.211501 -0.107596 -1.469120
34  1.539096 0.000010 0.000000  0.040712 -0.054386 -1.030469
35  1.196301 0.000076 -0.000004  -0.249391 -0.043040 -0.795121
36  3.883413 -0.050502 -0.431087  0.186407 -0.271796 -1.212184
37  1.719563 -0.000078 -0.000003  0.020974 -0.107650 -1.483528
38  1.209196 0.000036 0.000011  -0.324719 0.069674 -0.493483
39  3.859586 -0.149112 -1.331324  -0.110833 0.118346 -0.118772
40  1.719413 -0.000099 -0.000035  -0.019525 0.026216 -0.112669
41  1.099673 0.000024 0.000007  0.239119 0.043639 -0.299131
42  0.805980 -0.359854 -1.318339  0.991670 0.166767 -0.799535
43  1.789779 -0.000008 -0.000044  0.000057 -0.002451 0.133097
44  1.206996 -0.000007 0.000006  0.000372 -0.000070 1.058781
45  5.740573 0.000056 0.000724  0.152802 -0.000014 0.000021
46  11.481039 0.000077 0.000922  0.160540 -0.060298 0.091716
47  6.027514 -0.000273 -0.000235  -1.020787 -0.210652 -1.500491
48  0.000000 11.691975 -0.000006  -1.015606 0.463113 0.801522
49  0.000002 -0.000001 0.000001  2.881454 -0.000041 1.570856
50  -0.000007 -0.000015 0.000004  2.272644 -0.000030 1.570865
51  -6.798089 -11.568891 -2.872968  -2.829416 -0.073958 -0.759247
52  0.000000 -0.000002 0.000000  0.008153 -0.000259 0.000009
53  0.000001 0.000000 -0.000000  1.565115 0.043565 -0.106862
54  5.788130 -19.658115 -3.903129  -1.694783 -0.742997 -1.576683
55  0.000001 -0.000000 -0.000000  0.000000 -0.000000 -0.000002
56  0.000031 0.000028 0.000001  -1.571901 -0.044449 -0.106509
57  7.202790 -19.259499 -17.055128  1.570796 -0.000000 0.000000
58  -17.772699 4.002314 -16.454041  1.570796 -0.000000 0.000000
59  2.236387 -2.421983 -5.367696  1.570796 -0.000000 0.000000
60  -0.004311 0.001230 -0.000371  0.006898 -0.005534 -0.284229
61  -1.375872 5.365924 -3.997767  1.570796 -0.000000 0.000000
62  0.000000 0.000000 0.000000  -0.078727 -3.136056 0.284226
63  0.000000 0.000000 0.000000  1.571970 0.000000 -0.000186
64  -1.214115 -16.089458 1.285362  1.592376 -0.393614 0.955483
65  -0.109378 -1.951952 -1.519207  -0.000000 -0.000000 0.000000
66  -0.109379 0.057026 25.399248  -0.000000 -0.000000 0.000000
67  -0.109379 -1.856732 0.287228  -0.000000 -0.000000 0.000000
68  -0.104047 -4.495924 7.879274  -0.000000 -0.000000 0.000000
69  -0.195264 4.332630 -6.347188  -0.000000 -0.000000 0.000000
70  -1.290113 3.693282 8.579667  0.022713 -0.014049 -0.017451
71  -0.109856 -1.345264 4.822539  -0.000000 -0.000000 0.000000
72  -1.107529 -1.063454 4.061646  -0.000000 -0.000000 0.000000
73  0.003658 1.612363 10.733979  -0.000000 0.000000 0.163586
74  2.908296 -19.084814 1.151294  1.592376 -0.393614 0.955483
time 25
0  0.000006 0.000000 0.000000  -1.570800 -1.391899 -1.570792
1  -4.849906 3.337897 2.232070  -1.544956 -1.855077 -0.198630
2  6.027522 -0.000324 0.000193  -1.356315 -1.060555 -1.370670
3  11.692109 0.000644 -0.000739  -1.384585 -0.000017 -1.405936
4  11.479831 0.000613 -0.000708  1.269179 -0.178583 -0.112494
5  3.859509 -0.142880 -1.192050  -0.478599 0.114858 -0.964224
6  1.312590 0.000011 0.000009  -0.003547 0.012109 -0.261959
7  0.729355 0.000053 0.000051  0.138128 -0.056555 -0.039049
8  3.942145 0.046274 -0.431512  -0.155984 -0.001527 -0.861481
9  1.539111 0.000085 0.000007  -0.000906 0.006217 0.029179
10  1.196332 0.000147 0.000029  -0.106460 -0.032066 -0.994504
11  3.883508 -0.047266 0.431381  0.085898 0.021851 -0.587925
12  1.719572 -0.000029 0.000014  0.000015 0.005519 -0.366533
13  1.209179 0.000089 0.000012  0.031052 -0.154429 -0.851836
14  3.859665 -0.138474 1.332410  0.351463 -0.012349 -0.325636
15  1.719448 -0.000014 0.000022  -0.000997 0.034023 -0.280596
16  1.099675 0.000049 0.000006  0.179984 -0.171907 -0.610581
17  0.805996 -0.349048 1.321254  -1.643650 -0.950377 -0.245886
18  1.789820 -0.000003 -0.000018  0.008528 0.007013 -0.005127
19  1.207014 -0.000011 -0.000040  0.359774 -0.020568 0.239258
20  5.740638 0.000410 -0.000702  -0.108585 0.000003 0.000071
21  11.480978 0.000333 -0.000800  -0.056267 -0.013266 -0.040549
22  6.027524 -0.000329 0.000203  1.899175 -0.397966 1.049640
23  0.000002 11.692099 -0.000007  -0.973440 -0.424822 -0.773914
24  0.000002 0.000007 0.000000  -0.515490 -0.000031 1.570739
25  -0.000001 -0.000012 -0.000001  0.868957 0.000002 1.570712
26  -4.888802 -4.568908 -1.375871  1.473120 1.855075 -0.198639
27  6.027510 -0.000264 -0.000222  1.884480 0.985113 -0.258326
28  11.691992 0.000245 0.000855  0.608924 0.000046 -1.484952
29  11.480404 0.000167 0.000891  -0.849563 -0.358181 0.477875
30  3.859436 -0.132787 1.193062  0.466149 -0.051826 -1.783918
31  1.312559 0.000026 -0.000000  -0.013965 -0.041043 -0.156447
32  0.729344 0.000065 -0.000027  -0.128320 -0.117290 -0.954857
33  3.942047 0.050110 0.430996  0.211501 -0.107596 -1.469120
34  1.539097 0.000009 0.000000  0.040712 -0.054386 -1.030469
35  1.196299 0.000076 -0.000004  -0.249391 -0.043040 -0.795120
36  3.883412 -0.050501 -0.431087  0.186407 -0.271796 -1.212184
37  1.719563 -0.000077 -0.000003  0.020974 -0.107650 -1.483528
38  1.209197 0.000035 0.000011  -0.324719 0.069674 -0.493483
39  3.859585 -0.149111 -1.331323  -0.110833 0.118346 -0.118772
40  1.719412 -0.000100 -0.000035  -0.019525 0.026216 -0.112669
41  1.099673 0.000025 0.000007  0.239119 0.043639 -0.299131
42  0.805979 -0.359853 -1.318338  0.991670 0.166767 -0.799535
43  1.789779 -0.000009 -0.000045  0.000057 -0.002451 0.133097
44  1.206997 -0.000006 0.000005  0.000372 -0.000070 1.058782
45  5.740572 0.000054 0.000725  0.155350 -0.000014 0.000021
46  11.481025 0.000068 0.000928  0.160530 -0.057254 0.093815
47  6.027514 -0.000273 -0.000235  -1.020187 -0.210833 -1.500740
48  0.000000 11.691974 -0.000006  -1.020493 0.467637 0.804645
49  0.000004 -0.000001 -0.000001  2.881454 -0.000041 1.570856
50  -0.000006 -0.000015 0.000004  2.272644 -0.000030 1.570865
51  -6.760509 -11.497174 -2.840090  -2.827986 -0.069752 -0.769143
52  -0.000000 0.000001 -0.000000  0.008153 -0.000259 0.000009
53  -0.000000 0.000000 -0.000000  1.565115 0.043565 -0.106862
54  5.743738 -19.705078 -3.928067  -1.697613 -0.739078 -1.584565
55  -0.000000 -0.000000 -0.000000  0.000000 -0.000000 -0.000002
56  0.000031 0.000030 0.000000  -1.571902 -0.044449 -0.106509
57  7.202790 -19.259499 -17.055128  1.570796 -0.000000 0.000000
58  -17.772699 4.002314 -16.454041  1.570796 -0.000000 0.000000
59  2.236387 -2.421983 -5.367696  1.570796 -0.000000 0.000000
60  -0.004311 0.001230 -0.000371  0.006898 -0.005534 -0.284229
61  -1.375872 5.365924 -3.997767  1.570796 -0.000000 0.000000
62  0.000000 0.000000 0.000000  -0.078727 -3.136056 0.284226
63  0.000000 0.000000 0.000000  1.571143 0.000000 -0.000035
64  -1.212658 -16.088570 1.288883  1.596665 -0.395625 0.944042
65  -0.109379 -1.951951 -1.519206  0.000000 0.000000 -0.000000
66  -0.109383 0.057029 25.399256  0.000000 0.000000 -0.000000
67  -0.109379 -1.856731 0.287229  0.000000 0.000000 -0.000000
68  -0.104047 -4.495923 7.879276  0.000000 0.000000 -0.000000
69  -0.195265 4.332631 -6.347187  0.000000 0.000000 -0.000000
70  -1.290114 3.693284 8.579669  0.022713 -0.014049 -0.017451
71  -0.109855 -1.345263 4.822541  0.000000 0.000000 -0.000000
72  -1.107528 -1.063453 4.061647  0.000000 0.000000 -0.000000
73  0.003658 1.612364 10.733983  0.000000 0.000000 0.186767
74  2.879930 -19.123581 1.134518  1.596665 -0.395625 0.944042
time 26
0  0.000006 0.000000 0.000000  -1.570800 -1.391899 -1.570792
1  -4.849906 3.337897 2.232070  -1.544956 -1.855077 -0.198630
2  6.027522 -0.000324 0.000193  -1.353396 -1.061986 -1.371424
3  11.692108 0.000643 -0.000739  -1.384585 -0.000017 -1.401558
4  11.479853 0.000617 -0.000696  1.262104 -0.178688 -0.109836
5  3.859510 -0.142881 -1.192049  -0.478599 0.114858 -0.964224
6  1.312590 0.000010 0.000009  -0.003547 0.012109 -0.261959
7  0.729354 0.000053 0.000052  0.138128 -0.056555 -0.039049
8  3.942146 0.046273 -0.431511  -0.155984 -0.001527 -0.861481
9  1.539111 0.000084 0.000006  -0.000906 0.006217 0.029179
10  1.196332 0.000149 0.000030  -0.106460 -0.032066 -0.994504
11  3.883506 -0.047270 0.431382  0.085898 0.021851 -0.587925
12  1.719573 -0.000028 0.000015  0.000015 0.005519 -0.366533
13  1.209179 0.000091 0.000012  0.031052 -0.154429 -0.851836
14  3.859662 -0.138476 1.332410  0.351463 -0.012349 -0.325636
15  1.719448 -0.000010 0.000022  -0.000997 0.034023 -0.280596
16  1.099675 0.000048 0.000006  0.179984 -0.171907 -0.610581
17  0.805995 -0.349051 1.321254  -1.643650 -0.950377 -0.245886
18  1.789820 -0.000003 -0.000020  0.008528 0.007013 -0.005127
19  1.207017 -0.000012 -0.000043  0.359774 -0.020568 0.239258
20  5.740636 0.000410 -0.000703  -0.109255 0.000003 0.000071
21  11.480981 0.000334 -0.000799  -0.057652 -0.013334 -0.040204
22  6.027524 -0.000329 0.000203  1.896990 -0.397829 1.052281
23  0.000002 11.692098 -0.000008  -0.970814 -0.422487 -0.772167
24  0.000004 0.000007 -0.000001  -0.515490 -0.000031 1.570739
25  -0.000001 -0.000011 -0.000001  0.868957 0.000002 1.570712
26  -4.888802 -4.568908 -1.375871  1.473120 1.855075 -0.198639
27  6.027510 -0.000264 -0.000222  1.884904 0.985013 -0.258011
28  11.691992 0.000243 0.000855  0.608925 0.000046 -1.491057
29  11.480354 0.000142 0.000908  -0.848503 -0.349770 0.488290
30  3.859436 -0.132785 1.193061  0.466149 -0.051826 -1.783918
31  1.312557 0.000026 0.000000  -0.013965 -0.041044 -0.156447
32  0.729345 0.000065 -0.000027  -0.128320 -0.117290 -0.954857
33  3.942046 0.050110 0.430997  0.211501 -0.107596 -1.469120
34  1.539097 0.000010 0.000000  0.040712 -0.054386 -1.030469
35  1.196299 0.000076 -0.000004  -0.249391 -0.043040 -0.795120
36  3.883411 -0.050501 -0.431087  0.186407 -0.271796 -1.212184
37  1.719563 -0.000079 -0.000003  0.020974 -0.107650 -1.483528
38  1.209200 0.000037 0.000011  -0.324719 0.069674 -0.493483
39  3.859585 -0.149111 -1.331323  -0.110833 0.118346 -0.118772
40  1.719412 -0.000100 -0.000035  -0.019525 0.026216 -0.112669
41  1.099673 0.000025 0.000007  0.239119 0.043639 -0.299131
42  0.805978 -0.359853 -1.318338  0.991670 0.166767 -0.799535
43  1.789780 -0.000008 -0.000042  0.000057 -0.002451 0.133097
44  1.206997 -0.000007 0.000005  0.000372 -0.000070 1.058782
45  5.740572 0.000056 0.000724  0.157538 -0.000014 0.000021
46  11.481015 0.000064 0.000931  0.160713 -0.054908 0.095415
47  6.027514 -0.000273 -0.000235  -1.020013 -0.210643 -1.500814
48  -0.000001 11.691975 -0.000006  -1.024113 0.471000 0.806949
49  0.000002 -0.000001 -0.000000  2.881454 -0.000041 1.570856
50  -0.000007 -0.000015 0.000004  2.272644 -0.000030 1.570865
51  -6.729512 -11.442566 -2.809721  -2.826178 -0.066750 -0.776452
52  -0.000000 0.000002 -0.000000  0.008153 -0.000259 0.000009
53  -0.000001 0.000001 0.000000  1.565115 0.043565 -0.106862
54  5.714463 -19.736357 -3.936745  -1.698893 -0.735707 -1.590890
55  0.000001 0.000001 -0.000001  0.000000 -0.000000 -0.000002
56  0.000031 0.000030 -0.000000  -1.571901 -0.044449 -0.106509
57  7.202790 -19.259499 -17.055128  1.570796 -0.000000 0.000000
58  -17.772699 4.002314 -16.454041  1.570796 -0.000000 0.000000
59  2.236387 -2.421983 -5.367696  1.570796 -0.000000 0.000000
60  -0.004311 0.001230 -0.000371  0.006898 -0.005534 -0.284229
61  -1.375872 5.365924 -3.997767  1.570796 -0.000000 0.000000
62  0.000000 0.000000 0.000000  -0.078727 -3.136056 0.284226
63  0.000000 0.000000 0.000000  1.570796 -0.000000 0.000000
64  -1.211181 -16.087671 1.298686  1.599611 -0.397835 0.935718
65  -0.109379 -1.951951 -1.519204  0.000000 0.000000 0.000000
66  -0.109379 0.057028 25.399252  0.000000 0.000000 0.000000
67  -0.109378 -1.856732 0.287230  0.000000 0.000000 0.000000
68  -0.104048 -4.495922 7.879279  0.000000 0.000000 0.000000
69  -0.195264 4.332631 -6.347188  0.000000 0.000000 0.000000
70  -1.290111 3.693283 8.579667  0.022713 -0.014049 -0.017451
71  -0.109856 -1.345263 4.822543  0.000000 0.000000 0.000000
72  -1.107529 -1.063452 4.061649  0.000000 0.000000 0.000000
73  0.003660 1.612363 10.733983  -0.000000 0.000000 0.206290
74  2.859351 -19.151464 1.130360  1.599611 -0.397835 0.935718
time 27
0  0.000006 0.000000 0.000000  -1.570800 -1.391899 -1.570792
1  -4.849906 3.337897 2.232070  -1.544956 -1.855077 -0.198630
2  6.027522 -0.000324 0.000193  -1.352615 -1.062997 -1.371906
3  11.692108 0.000644 -0.000738  -1.384585 -0.000016 -1.400478
4  11.479862 0.000618 -0.000692  1.260018 -0.180724 -0.107293
5  3.859510 -0.142880 -1.192049  -0.478600 0.114858 -0.964224
6  1.312590 0.000009 0.000008  -0.003547 0.012109 -0.261959
7  0.729355 0.000053 0.000051  0.138128 -0.056555 -0.039049
8  3.942145 0.046273 -0.431512  -0.155984 -0.001527 -0.861481
9  1.539111 0.000087 0.000007  -0.000907 0.006217 0.029179
10  1.196332 0.000149 0.000029  -0.106460 -0.032066 -0.994504
11  3.883507 -0.047269 0.431382  0.085898 0.021851 -0.587925
12  1.719573 -0.000027 0.000015  0.000015 0.005519 -0.366533
13  1.209179 0.000089 0.000013  0.031052 -0.154429 -0.851836
14  3.859664 -0.138476 1.332410  0.351463 -0.012349 -0.325636
15  1.719448 -0.000014 0.000023  -0.000997 0.034023 -0.280596
16  1.099676 0.000049 0.000006  0.179984 -0.171907 -0.610581
17  0.805996 -0.349049 1.321254  -1.643650 -0.950377 -0.245886
18  1.789821 -0.000003 -0.000017  0.008528 0.007013 -0.005127
19  1.207016 -0.000012 -0.000043  0.359774 -0.020568 0.239258
20  5.740637 0.000410 -0.000703  -0.109335 0.000003 0.000071
21  11.480984 0.000335 -0.000797  -0.058046 -0.013798 -0.039802
22  6.027524 -0.000329 0.000203  1.895959 -0.397317 1.052880
23  0.000002 11.692099 -0.000006  -0.970167 -0.421912 -0.771735
24  0.000003 0.000007 -0.000001  -0.515490 -0.000030 1.570739
25  -0.000001 -0.000012 -0.000001  0.868957 0.000002 1.570712
26  -4.888802 -4.568908 -1.375871  1.473120 1.855075 -0.198639
27  6.027510 -0.000264 -0.000222  1.885840 0.985408 -0.257190
28  11.691993 0.000243 0.000855  0.608925 0.000046 -1.493829
29  11.480334 0.000132 0.000915  -0.846304 -0.346237 0.493308
30  3.859436 -0.132787 1.193061  0.466149 -0.051826 -1.783918
31  1.312558 0.000027 -0.000000  -0.013965 -0.041044 -0.156447
32  0.729346 0.000065 -0.000027  -0.128320 -0.117290 -0.954857
33  3.942046 0.050108 0.430997  0.211501 -0.107596 -1.469120
34  1.539096 0.000010 0.000000  0.040712 -0.054386 -1.030469
35  1.196299 0.000076 -0.000004  -0.249391 -0.043040 -0.795121
36  3.883411 -0.050503 -0.431087  0.186407 -0.271796 -1.212184
37  1.719564 -0.000078 -0.000004  0.020974 -0.107650 -1.483528
38  1.209198 0.000036 0.000011  -0.324719 0.069674 -0.493483
39  3.859585 -0.149113 -1.331323  -0.110833 0.118346 -0.118772
40  1.719413 -0.000099 -0.000034  -0.019525 0.026216 -0.112669
41  1.099673 0.000025 0.000007  0.239119 0.043639 -0.299131
42  0.805979 -0.359855 -1.318338  0.991670 0.166767 -0.799535
43  1.789780 -0.000009 -0.000044  0.000057 -0.002451 0.133097
44  1.206997 -0.000007 0.000006  0.000372 -0.000070 1.058781
45  5.740572 0.000056 0.000724  0.158979 -0.000014 0.000021
46  11.481012 0.000062 0.000932  0.161145 -0.053788 0.096234
47  6.027514 -0.000273 -0.000235  -1.020226 -0.210026 -1.500730
48  -0.000000 11.691976 -0.000006  -1.025756 0.472529 0.807992
49  0.000004 -0.000000 0.000000  2.881454 -0.000041 1.570856
50  -0.000007 -0.000015 0.000005  2.272644 -0.000030 1.570865
51  -6.712596 -11.415934 -2.786316  -2.824018 -0.065410 -0.779422
52  0.000000 0.000001 0.000000  0.008153 -0.000259 0.000009
53  0.000000 -0.000001 -0.000000  1.565115 0.043565 -0.106862
54  5.708514 -19.742071 -3.926987  -1.698214 -0.733219 -1.594173
55  -0.000001 -0.000001 -0.000000  0.000000 -0.000000 -0.000002
56  0.000030 0.000028 0.000000  -1.571901 -0.044449 -0.106509
57  7.202790 -19.259499 -17.055128  1.570796 -0.000000 0.000000
58  -17.772699 4.002314 -16.454041  1.570796 -0.000000 0.000000
59  2.236387 -2.421983 -5.367696  1.570796 -0.000000 0.000000
60  -0.004311 0.001230 -0.000371  0.006898 -0.005534 -0.284229
61  -1.375872 5.365924 -3.997767  1.570796 -0.000000 0.000000
62  0.000000 0.000000 0.000000  -0.078727 -3.136056 0.284226
63  0.000000 0.000000 0.000000  1.570796 -0.000000 0.000000
64  -1.209725 -16.086784 1.313627  1.600722 -0.400158 0.932459
65  -0.109379 -1.951951 -1.519204  0.000000 0.000000 0.000000
66  -0.109377 0.057026 25.399252  0.000000 0.000000 0.000000
67  -0.109379 -1.856732 0.287230  0.000000 0.000000 0.000000
68  -0.104048 -4.495923 7.879278  0.000000 0.000000 0.000000
69  -0.195264 4.332630 -6.347188  0.000000 0.000000 0.000000
70  -1.290110 3.693283 8.579668  0.022713 -0.014049 -0.017451
71  -0.109855 -1.345264 4.822541  0.000000 0.000000 0.000000
72  -1.107527 -1.063454 4.061647  0.000000 0.000000 0.000000
73  0.003658 1.612363 10.733984  0.000000 0.000000 0.219763
74  2.852225 -19.161652 1.139968  1.600722 -0.400158 0.932459
time 28
0  0.000006 0.000000 0.000000  -1.570800 -1.391899 -1.570792
1  -4.849906 3.337897 2.232070  -1.544956 -1.855077 -0.198630
2  6.027522 -0.000324 0.000193  -1.353276 -1.064100 -1.372359
3  11.692109 0.000645 -0.000739  -1.384585 -0.000016 -1.401175
4  11.479856 0.000614 -0.000695  1.261349 -0.183651 -0.104451
5  3.859510 -0.142879 -1.192049  -0.478599 0.114858 -0.964224
6  1.312590 0.000013 0.000009  -0.003547 0.012109 -0.261959
7  0.729355 0.000053 0.000049  0.138128 -0.056555 -0.039049
8  3.942144 0.046275 -0.431512  -0.155984 -0.001527 -0.861481
9  1.539111 0.000084 0.000006  -0.000906 0.006217 0.029179
10  1.196332 0.000145 0.000028  -0.106460 -0.032066 -0.994504
11  3.883505 -0.047268 0.431381  0.085898 0.021851 -0.587925
12  1.719573 -0.000027 0.000015  0.000015 0.005519 -0.366533
13  1.209179 0.000091 0.000012  0.031052 -0.154429 -0.851836
14  3.859663 -0.138475 1.332410  0.351463 -0.012349 -0.325636
15  1.719449 -0.000014 0.000022  -0.000997 0.034023 -0.280596
16  1.099675 0.000047 0.000005  0.179984 -0.171907 -0.610581
17  0.805996 -0.349048 1.321253  -1.643650 -0.950377 -0.245886
18  1.789820 -0.000002 -0.000018  0.008528 0.007013 -0.005127
19  1.207015 -0.000011 -0.000043  0.359774 -0.020568 0.239258
20  5.740638 0.000410 -0.000704  -0.108865 0.000003 0.000071
21  11.480982 0.000333 -0.000799  -0.057757 -0.014456 -0.039275
22  6.027524 -0.000329 0.000203  1.895435 -0.396274 1.052052
23  0.000001 11.692099 -0.000009  -0.970585 -0.422284 -0.772014
24  0.000003 0.000008 -0.000002  -0.515490 -0.000031 1.570739
25  -0.000002 -0.000012 -0.000003  0.868957 0.000002 1.570712
26  -4.888802 -4.568908 -1.375871  1.473120 1.855075 -0.198639
27  6.027510 -0.000264 -0.000222  1.886792 0.986120 -0.256293
28  11.691991 0.000244 0.000855  0.608925 0.000047 -1.494397
29  11.480326 0.000127 0.000919  -0.843359 -0.345527 0.494305
30  3.859436 -0.132787 1.193062  0.466149 -0.051826 -1.783918
31  1.312557 0.000026 0.000000  -0.013965 -0.041044 -0.156447
32  0.729346 0.000065 -0.000027  -0.128320 -0.117290 -0.954857
33  3.942047 0.050110 0.430997  0.211501 -0.107596 -1.469120
34  1.539096 0.000009 0.000000  0.040712 -0.054386 -1.030469
35  1.196299 0.000076 -0.000004  -0.249391 -0.043040 -0.795121
36  3.883411 -0.050501 -0.431087  0.186407 -0.271796 -1.212184
37  1.719563 -0.000078 -0.000004  0.020974 -0.107650 -1.483528
38  1.209198 0.000036 0.000011  -0.324719 0.069674 -0.493483
39  3.859585 -0.149111 -1.331323  -0.110833 0.118346 -0.118772
40  1.719412 -0.000100 -0.000034  -0.019525 0.026216 -0.112668
41  1.099672 0.000023 0.000006  0.239119 0.043639 -0.299131
42  0.805980 -0.359853 -1.318338  0.991670 0.166767 -0.799535
43  1.789780 -0.000009 -0.000042  0.000057 -0.002451 0.133097
44  1.206996 -0.000006 0.000005  0.000372 -0.000070 1.058782
45  5.740572 0.000054 0.000725  0.159877 -0.000014 0.000021
46  11.481009 0.000061 0.000934  0.161719 -0.053428 0.096428
47  6.027514 -0.000273 -0.000235  -1.020743 -0.209300 -1.500519
48  -0.000001 11.691974 -0.000004  -1.026093 0.472843 0.808205
49  0.000002 -0.000001 0.000001  2.881454 -0.000041 1.570856
50  -0.000007 -0.000015 0.000005  2.272644 -0.000030 1.570865
51  -6.703446 -11.408311 -2.770058  -2.821621 -0.065602 -0.779642
52  -0.000000 -0.000001 -0.000000  0.008153 -0.000259 0.000009
53  0.000001 0.000000 0.000000  1.565115 0.043565 -0.106862
54  5.719200 -19.733459 -3.901175  -1.695820 -0.731610 -1.595837
55  -0.000001 -0.000000 -0.000001  0.000000 -0.000000 -0.000002
56  0.000030 0.000029 0.000000  -1.571901 -0.044449 -0.106509
57  7.202790 -19.259499 -17.055128  1.570796 -0.000000 0.000000
58  -17.772699 4.002314 -16.454041  1.570796 -0.000000 0.000000
59  2.236387 -2.421983 -5.367696  1.570796 -0.000000 0.000000
60  -0.004311 0.001230 -0.000371  0.006898 -0.005534 -0.284229
61  -1.375872 5.365924 -3.997767  1.570796 -0.000000 0.000000
62  0.000000 0.000000 0.000000  -0.078727 -3.136056 0.284226
63  0.000000 0.000000 0.000000  1.570796 -0.000000 0.000000
64  -1.208330 -16.085934 1.332567  1.600149 -0.402498 0.932619
65  -0.109379 -1.951952 -1.519205  0.000000 -0.000000 0.000000
66  -0.109379 0.057027 25.399252  0.000000 -0.000000 0.000000
67  -0.109379 -1.856732 0.287230  0.000000 -0.000000 0.000000
68  -0.104048 -4.495923 7.879275  0.000000 -0.000000 0.000000
69  -0.195264 4.332631 -6.347188  0.000000 -0.000000 0.000000
70  -1.290112 3.693284 8.579667  0.022713 -0.014049 -0.017451
71  -0.109856 -1.345264 4.822541  0.000000 -0.000000 0.000000
72  -1.107530 -1.063453 4.061647  0.000000 -0.000000 0.000000
73  0.003657 1.612363 10.733982  -0.000000 0.000000 0.224803
74  2.853737 -19.160789 1.161479  1.600149 -0.402498 0.932619
time 29
0  0.000006 0.000000 0.000000  -1.570800 -1.391899 -1.570792
1  -4.849906 3.337897 2.232070  -1.544956 -1.855077 -0.198630
2  6.027522 -0.000324 0.000193  -1.354000 -1.065830 -1.373078
3  11.692110 0.000644 -0.000739  -1.384585 -0.000017 -1.401392
4  11.479858 0.000615 -0.000695  1.263050 -0.186170 -0.101061
5  3.859509 -0.142879 -1.192050  -0.478600 0.114858 -0.964224
6  1.312590 0.000009 0.000007  -0.003547 0.012109 -0.261959
7  0.729354 0.000052 0.000049  0.138128 -0.056555 -0.039049
8  3.942142 0.046273 -0.431513  -0.155984 -0.001527 -0.861481
9  1.539111 0.000085 0.000004  -0.000906 0.006217 0.029179
10  1.196333 0.000147 0.000031  -0.106460 -0.032066 -0.994504
11  3.883503 -0.047269 0.431381  0.085898 0.021851 -0.587925
12  1.719573 -0.000026 0.000016  0.000015 0.005519 -0.366533
13  1.209180 0.000090 0.000012  0.031052 -0.154429 -0.851836
14  3.859663 -0.138475 1.332409  0.351463 -0.012349 -0.325636
15  1.719449 -0.000009 0.000022  -0.000997 0.034023 -0.280596
16  1.099675 0.000045 0.000006  0.179984 -0.171907 -0.610581
17  0.805993 -0.349050 1.321253  -1.643650 -0.950377 -0.245886
18  1.789818 -0.000004 -0.000019  0.008528 0.007013 -0.005127
19  1.207016 -0.000011 -0.000041  0.359774 -0.020568 0.239258
20  5.740639 0.000410 -0.000702  -0.108156 0.000003 0.000071
21  11.480984 0.000334 -0.000798  -0.057391 -0.015046 -0.038617
22  6.027524 -0.000329 0.000203  1.894490 -0.394740 1.051064
23  0.000002 11.692098 -0.000006  -0.970715 -0.422399 -0.772100
24  0.000001 0.000007 -0.000000  -0.515490 -0.000031 1.570739
25  -0.000001 -0.000012 -0.000000  0.868957 0.000002 1.570712
26  -4.888802 -4.568908 -1.375871  1.473120 1.855075 -0.198639
27  6.027510 -0.000264 -0.000222  1.887489 0.986955 -0.255573
28  11.691993 0.000246 0.000855  0.608925 0.000047 -1.494749
29  11.480325 0.000126 0.000920  -0.840288 -0.344480 0.494505
30  3.859437 -0.132787 1.193061  0.466149 -0.051826 -1.783918
31  1.312559 0.000026 0.000000  -0.013965 -0.041044 -0.156447
32  0.729344 0.000065 -0.000027  -0.128320 -0.117290 -0.954857
33  3.942046 0.050109 0.430997  0.211501 -0.107596 -1.469120
34  1.539095 0.000011 0.000000  0.040712 -0.054386 -1.030469
35  1.196301 0.000076 -0.000004  -0.249391 -0.043040 -0.795120
36  3.883411 -0.050501 -0.431087  0.186407 -0.271796 -1.212184
37  1.719562 -0.000078 -0.000003  0.020974 -0.107650 -1.483528
38  1.209195 0.000036 0.000011  -0.324719 0.069674 -0.493483
39  3.859586 -0.149111 -1.331323  -0.110833 0.118346 -0.118772
40  1.719410 -0.000100 -0.000034  -0.019525 0.026216 -0.112669
41  1.099673 0.000025 0.000007  0.239119 0.043639 -0.299131
42  0.805979 -0.359853 -1.318338  0.991670 0.166767 -0.799535
43  1.789779 -0.000009 -0.000044  0.000057 -0.002451 0.133097
44  1.206997 -0.000006 0.000006  0.000372 -0.000070 1.058781
45  5.740572 0.000055 0.000724  0.160714 -0.000014 0.000021
46  11.481010 0.000061 0.000933  0.162282 -0.053046 0.096453
47  6.027514 -0.000273 -0.000235  -1.021425 -0.208668 -1.500238
48  -0.000001 11.691975 -0.000004  -1.026301 0.473037 0.808338
49  0.000004 -0.000000 0.000001  2.881454 -0.000041 1.570856
50  -0.000007 -0.000015 0.000006  2.272644 -0.000030 1.570865
51  -6.692427 -11.402691 -2.755760  -2.819217 -0.066467 -0.779860
52  0.000001 0.000001 -0.000000  0.008153 -0.000259 0.000009
53  0.000000 0.000001 -0.000000  1.565115 0.043565 -0.106862
54  5.732306 -19.727345 -3.867428  -1.692769 -0.730452 -1.597933
55  0.000001 0.000000 0.000001  0.000000 -0.000000 -0.000002
56  0.000031 0.000030 0.000001  -1.571902 -0.044449 -0.106510
57  7.202790 -19.259499 -17.055128  1.570796 -0.000000 0.000000
58  -17.772699 4.002314 -16.454041  1.570796 -0.000000 0.000000
59  2.236387 -2.421983 -5.367696  1.570796 -0.000000 0.000000
60  -0.004311 0.001230 -0.000371  0.006898 -0.005534 -0.284229
61  -1.375872 5.365924 -3.997767  1.570796 -0.000000 0.000000
62  0.000000 0.000000 0.000000  -0.078727 -3.136056 0.284226
63  0.000000 0.000000 0.000000  1.570796 -0.000000 0.000000
64  -1.207036 -16.085146 1.354361  1.598850 -0.404751 0.933070
65  -0.109378 -1.951951 -1.519206  0.000000 -0.000000 -0.000000
66  -0.109378 0.057028 25.399252  0.000000 -0.000000 -0.000000
67  -0.109379 -1.856731 0.287229  0.000000 -0.000000 -0.000000
68  -0.104047 -4.495923 7.879275  0.000000 -0.000000 -0.000000
69  -0.195264 4.332631 -6.347188  0.000000 -0.000000 -0.000000
70  -1.290111 3.693284 8.579668  0.022713 -0.014049 -0.017451
71  -0.109855 -1.345264 4.822540  0.000000 -0.000000 -0.000000
72  -1.107528 -1.063453 4.061647  0.000000 -0.000000 -0.000000
73  0.003658 1.612363 10.733981  0.000000 -0.000000 0.224832
74  2.855235 -19.160059 1.189246  1.598850 -0.404751 0.933070
time 30
0  0.000006 0.000000 0.000000  -1.570800 -1.391899 -1.570792
1  -4.849906 3.337897 2.232070  -1.544956 -1.855077 -0.198630
2  6.027522 -0.000324 0.000193  -1.354617 -1.067720 -1.373868
3  11.692110 0.000645 -0.000739  -1.384585 -0.000017 -1.401436
4  11.479856 0.000617 -0.000694  1.264677 -0.188554 -0.097821
5  3.859511 -0.142880 -1.192050  -0.478599 0.114858 -0.964224
6  1.312589 0.000014 0.000006  -0.003547 0.012109 -0.261959
7  0.729355 0.000054 0.000051  0.138128 -0.056555 -0.039049
8  3.942146 0.046274 -0.431512  -0.155984 -0.001527 -0.861481
9  1.539110 0.000086 0.000005  -0.000906 0.006217 0.029179
10  1.196332 0.000145 0.000028  -0.106460 -0.032066 -0.994504
11  3.883507 -0.047268 0.431381  0.085898 0.021851 -0.587925
12  1.719573 -0.000026 0.000015  0.000015 0.005519 -0.366533
13  1.209179 0.000090 0.000012  0.031052 -0.154429 -0.851836
14  3.859665 -0.138474 1.332410  0.351463 -0.012349 -0.325636
15  1.719448 -0.000011 0.000023  -0.000997 0.034023 -0.280596
16  1.099675 0.000051 0.000006  0.179984 -0.171907 -0.610581
17  0.805996 -0.349049 1.321253  -1.643650 -0.950377 -0.245886
18  1.789819 -0.000004 -0.000021  0.008528 0.007013 -0.005127
19  1.207015 -0.000013 -0.000042  0.359774 -0.020568 0.239258
20  5.740636 0.000410 -0.000701  -0.107476 0.000003 0.000071
21  11.480984 0.000333 -0.000797  -0.057040 -0.015604 -0.037988
22  6.027524 -0.000329 0.000203  1.893386 -0.393120 1.050158
23  0.000001 11.692099 -0.000007  -0.970741 -0.422422 -0.772118
24  0.000003 0.000008 -0.000001  -0.515490 -0.000031 1.570738
25  -0.000001 -0.000011 -0.000001  0.868957 0.000002 1.570712
26  -4.888802 -4.568908 -1.375871  1.473120 1.855075 -0.198639
27  6.027510 -0.000264 -0.000222  1.888390 0.987863 -0.254676
28  11.691993 0.000245 0.000856  0.608925 0.000047 -1.494969
29  11.480325 0.000125 0.000919  -0.837369 -0.343528 0.494670
30  3.859435 -0.132788 1.193062  0.466149 -0.051826 -1.783918
31  1.312557 0.000026 0.000000  -0.013965 -0.041044 -0.156447
32  0.729346 0.000065 -0.000027  -0.128320 -0.117290 -0.954857
33  3.942046 0.050109 0.430997  0.211501 -0.107596 -1.469120
34  1.539095 0.000012 0.000000  0.040712 -0.054386 -1.030469
35  1.196298 0.000076 -0.000004  -0.249391 -0.043040 -0.795121
36  3.883411 -0.050502 -0.431087  0.186407 -0.271796 -1.212184
37  1.719563 -0.000079 -0.000003  0.020974 -0.107650 -1.483528
38  1.209197 0.000036 0.000012  -0.324719 0.069674 -0.493483
39  3.859586 -0.149112 -1.331323  -0.110833 0.118346 -0.118772
40  1.719412 -0.000100 -0.000034  -0.019525 0.026216 -0.112669
41  1.099673 0.000025 0.000007  0.239119 0.043639 -0.299131
42  0.805979 -0.359854 -1.318338  0.991670 0.166767 -0.799535
43  1.789779 -0.000009 -0.000043  0.000057 -0.002451 0.133097
44  1.206997 -0.000007 0.000006  0.000372 -0.000070 1.058782
45  5.740573 0.000055 0.000724  0.161510 -0.000014 0.000021
46  11.481010 0.000061 0.000934  0.162818 -0.052693 0.096473
47  6.027514 -0.000273 -0.000235  -1.022141 -0.207907 -1.499945
48  -0.000001 11.691975 -0.000004  -1.026432 0.473159 0.808420
49  0.000003 -0.000001 -0.000000  2.881454 -0.000041 1.570856
50  -0.000007 -0.000016 0.000005  2.272644 -0.000030 1.570865
51  -6.682033 -11.397833 -2.739834  -2.817003 -0.067360 -0.780060
52  0.000000 -0.000000 -0.000000  0.008153 -0.000259 0.000009
53  -0.000000 -0.000000 -0.000000  1.565115 0.043565 -0.106862
54  5.744686 -19.722088 -3.832151  -1.689869 -0.729449 -1.599919
55  0.000001 0.000001 -0.000000  0.000000 -0.000000 -0.000002
56  0.000031 0.000030 0.000001  -1.571901 -0.044449 -0.106509
57  7.202790 -19.259499 -17.055128  1.570796 -0.000000 0.000000
58  -17.772699 4.002314 -16.454041  1.570796 -0.000000 0.000000
59  2.236387 -2.421983 -5.367696  1.570796 -0.000000 0.000000
60  -0.004311 0.001230 -0.000371  0.006898 -0.005534 -0.284229
61  -1.375872 5.365924 -3.997767  1.570796 -0.000000 0.000000
62  0.000000 0.000000 0.000000  -0.078727 -3.136056 0.284226
63  0.000000 0.000000 0.000000  1.570796 -0.000000 0.000000
64  -1.205887 -16.084446 1.377868  1.597546 -0.406810 0.933533
65  -0.109379 -1.951952 -1.519205  0.000000 0.000000 -0.000000
66  -0.109378 0.057027 25.399258  0.000000 0.000000 -0.000000
67  -0.109377 -1.856732 0.287229  0.000000 0.000000 -0.000000
68  -0.104048 -4.495923 7.879278  0.000000 0.000000 -0.000000
69  -0.195264 4.332631 -6.347185  0.000000 0.000000 -0.000000
70  -1.290114 3.693283 8.579673  0.022713 -0.014049 -0.017451
71  -0.109854 -1.345264 4.822541  0.000000 0.000000 -0.000000
72  -1.107529 -1.063453 4.061649  0.000000 0.000000 -0.000000
73  0.003659 1.612363 10.733984  0.000000 0.000000 0.224863
74  2.856582 -19.159416 1.218747  1.597546 -0.406810 0.933533
time 31
0  0.000006 0.000000 0.000000  -1.570800 -1.391899 -1.570792
1  -4.849906 3.337897 2.232070  -1.544956 -1.855077 -0.198630
2  6.027522 -0.000324 0.000193  -1.354958 -1.069301 -1.374536
3  11.692110 0.000644 -0.000739  -1.384585 -0.000017 -1.401623
4  11.479851 0.000615 -0.000699  1.265790 -0.191070 -0.095427
5  3.859510 -0.142879 -1.192049  -0.478600 0.114858 -0.964224
6  1.312590 0.000011 0.000007  -0.003547 0.012109 -0.261959
7  0.729355 0.000053 0.000049  0.138128 -0.056555 -0.039049
8  3.942145 0.046274 -0.431512  -0.155984 -0.001527 -0.861481
9  1.539110 0.000089 0.000005  -0.000907 0.006217 0.029179
10  1.196332 0.000145 0.000030  -0.106460 -0.032066 -0.994504
11  3.883506 -0.047269 0.431381  0.085898 0.021851 -0.587925
12  1.719573 -0.000024 0.000015  0.000015 0.005519 -0.366533
13  1.209179 0.000091 0.000012  0.031052 -0.154429 -0.851836
14  3.859662 -0.138476 1.332410  0.351463 -0.012349 -0.325636
15  1.719449 -0.000012 0.000022  -0.000997 0.034023 -0.280596
16  1.099676 0.000050 0.000006  0.179984 -0.171907 -0.610581
17  0.805995 -0.349049 1.321254  -1.643650 -0.950377 -0.245886
18  1.789819 -0.000003 -0.000018  0.008528 0.007013 -0.005127
19  1.207016 -0.000011 -0.000044  0.359774 -0.020568 0.239258
20  5.740636 0.000410 -0.000705  -0.107097 0.000003 0.000071
21  11.480981 0.000333 -0.000801  -0.056795 -0.016167 -0.037543
22  6.027524 -0.000329 0.000203  1.892395 -0.391821 1.049569
23  0.000002 11.692099 -0.000007  -0.970853 -0.422522 -0.772193
24  0.000003 0.000009 -0.000001  -0.515490 -0.000030 1.570738
25  -0.000001 -0.000012 0.000000  0.868957 0.000002 1.570712
26  -4.888802 -4.568908 -1.375871  1.473120 1.855075 -0.198639
27  6.027510 -0.000264 -0.000222  1.889954 0.988792 -0.253246
28  11.691992 0.000245 0.000856  0.608925 0.000047 -1.495144
29  11.480325 0.000127 0.000919  -0.834876 -0.343105 0.495562
30  3.859437 -0.132786 1.193062  0.466149 -0.051826 -1.783918
31  1.312557 0.000026 -0.000000  -0.013965 -0.041044 -0.156447
32  0.729343 0.000065 -0.000027  -0.128320 -0.117290 -0.954857
33  3.942047 0.050110 0.430997  0.211501 -0.107596 -1.469120
34  1.539097 0.000010 0.000000  0.040712 -0.054386 -1.030469
35  1.196298 0.000076 -0.000004  -0.249391 -0.043040 -0.795120
36  3.883412 -0.050500 -0.431087  0.186407 -0.271796 -1.212184
37  1.719563 -0.000078 -0.000003  0.020974 -0.107650 -1.483528
38  1.209197 0.000036 0.000011  -0.324719 0.069674 -0.493483
39  3.859585 -0.149110 -1.331323  -0.110833 0.118346 -0.118772
40  1.719411 -0.000100 -0.000034  -0.019525 0.026216 -0.112668
41  1.099674 0.000025 0.000007  0.239119 0.043639 -0.299131
42  0.805979 -0.359853 -1.318338  0.991670 0.166767 -0.799535
43  1.789780 -0.000009 -0.000044  0.000057 -0.002451 0.133097
44  1.206996 -0.000006 0.000005  0.000372 -0.000070 1.058781
45  5.740572 0.000056 0.000724  0.162285 -0.000014 0.000021
46  11.481009 0.000062 0.000933  0.163312 -0.052419 0.096655
47  6.027514 -0.000273 -0.000235  -1.022761 -0.206795 -1.499694
48  0.000000 11.691975 -0.000006  -1.026535 0.473256 0.808486
49  0.000002 -0.000001 -0.000000  2.881454 -0.000041 1.570856
50  -0.000006 -0.000015 0.000004  2.272644 -0.000030 1.570865
51  -6.674767 -11.392481 -2.718704  -2.815176 -0.067639 -0.780226
52  0.000001 0.000001 0.000000  0.008153 -0.000259 0.000009
53  0.000001 0.000001 0.000000  1.565115 0.043565 -0.106862
54  5.753207 -19.716072 -3.801772  -1.687928 -0.728306 -1.601254
55  -0.000001 -0.000000 0.000000  0.000000 -0.000000 -0.000002
56  0.000029 0.000029 0.000001  -1.571901 -0.044449 -0.106509
57  7.202790 -19.259499 -17.055128  1.570796 -0.000000 0.000000
58  -17.772699 4.002314 -16.454041  1.570796 -0.000000 0.000000
59  2.236387 -2.421983 -5.367696  1.570796 -0.000000 0.000000
60  -0.004311 0.001230 -0.000371  0.006898 -0.005534 -0.284229
61  -1.375872 5.365924 -3.997767  1.570796 -0.000000 0.000000
62  0.000000 0.000000 0.000000  -0.078727 -3.136056 0.284226
63  0.000000 0.000000 0.000000  1.570796 -0.000000 0.000000
64  -1.204922 -16.083858 1.401947  1.596962 -0.408575 0.933722
65  -0.109379 -1.951952 -1.519206  0.000000 -0.000000 0.000000
66  -0.109379 0.057025 25.399250  0.000000 -0.000000 0.000000
67  -0.109380 -1.856732 0.287229  0.000000 -0.000000 0.000000
68  -0.104048 -4.495924 7.879275  0.000000 -0.000000 0.000000
69  -0.195265 4.332630 -6.347187  0.000000 -0.000000 0.000000
70  -1.290112 3.693282 8.579668  0.022713 -0.014049 -0.017451
71  -0.109856 -1.345265 4.822540  0.000000 -0.000000 0.000000
72  -1.107528 -1.063454 4.061646  0.000000 -0.000000 0.000000
73  0.003658 1.612362 10.733982  -0.000000 0.000000 0.224897
74  2.857649 -19.158827 1.245460  1.596962 -0.408575 0.933722
time 32
0  0.000006 0.000000 0.000000  -1.570800 -1.391899 -1.570792
1  -4.849906 3.337897 2.232070  -1.544956 -1.855077 -0.198630
2  6.027522 -0.000324 0.000193  -1.354815 -1.069971 -1.374840
3  11.692109 0.000646 -0.000739  -1.384585 -0.000017 -1.402380
4  11.479851 0.000616 -0.000697  1.265830 -0.194120 -0.094751
5  3.859510 -0.142879 -1.192049  -0.478600 0.114858 -0.964224
6  1.312589 0.000011 0.000008  -0.003547 0.012109 -0.261959
7  0.729354 0.000055 0.000050  0.138128 -0.056555 -0.039049
8  3.942144 0.046273 -0.431512  -0.155984 -0.001527 -0.861481
9  1.539111 0.000085 0.000006  -0.000907 0.006217 0.029179
10  1.196332 0.000143 0.000028  -0.106460 -0.032066 -0.994504
11  3.883505 -0.047269 0.431381  0.085898 0.021851 -0.587925
12  1.719572 -0.000028 0.000015  0.000015 0.005519 -0.366533
13  1.209180 0.000089 0.000012  0.031052 -0.154429 -0.851836
14  3.859662 -0.138476 1.332410  0.351463 -0.012349 -0.325636
15  1.719448 -0.000012 0.000022  -0.000997 0.034023 -0.280596
16  1.099675 0.000048 0.000005  0.179984 -0.171907 -0.610581
17  0.805993 -0.349051 1.321254  -1.643650 -0.950377 -0.245886
18  1.789817 -0.000003 -0.000018  0.008528 0.007013 -0.005127
19  1.207016 -0.000012 -0.000042  0.359774 -0.020568 0.239258
20  5.740638 0.000411 -0.000701  -0.107373 0.000003 0.000071
21  11.480982 0.000335 -0.000797  -0.056773 -0.016792 -0.037482
22  6.027524 -0.000329 0.000203  1.891863 -0.391361 1.049594
23  0.000001 11.692099 -0.000008  -0.971308 -0.422926 -0.772495
24  0.000003 0.000010 -0.000001  -0.515490 -0.000031 1.570739
25  -0.000001 -0.000011 -0.000001  0.868957 0.000002 1.570712
26  -4.888802 -4.568908 -1.375871  1.473120 1.855075 -0.198639
27  6.027510 -0.000264 -0.000221  1.892820 0.989690 -0.250785
28  11.691993 0.000245 0.000856  0.608925 0.000047 -1.495389
29  11.480321 0.000122 0.000920  -0.833130 -0.343780 0.498201
30  3.859436 -0.132787 1.193062  0.466149 -0.051826 -1.783918
31  1.312559 0.000025 0.000000  -0.013965 -0.041044 -0.156447
32  0.729345 0.000065 -0.000026  -0.128320 -0.117290 -0.954857
33  3.942046 0.050109 0.430996  0.211501 -0.107596 -1.469120
34  1.539096 0.000010 0.000000  0.040712 -0.054386 -1.030469
35  1.196299 0.000076 -0.000004  -0.249391 -0.043040 -0.795121
36  3.883410 -0.050503 -0.431087  0.186407 -0.271796 -1.212184
37  1.719563 -0.000078 -0.000004  0.020974 -0.107650 -1.483529
38  1.209198 0.000036 0.000011  -0.324719 0.069674 -0.493483
39  3.859585 -0.149112 -1.331323  -0.110833 0.118346 -0.118772
40  1.719411 -0.000100 -0.000034  -0.019525 0.026216 -0.112669
41  1.099674 0.000026 0.000007  0.239119 0.043639 -0.299131
42  0.805979 -0.359854 -1.318338  0.991670 0.166767 -0.799535
43  1.789779 -0.000009 -0.000043  0.000057 -0.002451 0.133097
44  1.206996 -0.000006 0.000005  0.000372 -0.000070 1.058781
45  5.740572 0.000054 0.000723  0.163083 -0.000014 0.000021
46  11.481009 0.000060 0.000934  0.163754 -0.052286 0.097219
47  6.027514 -0.000273 -0.000235  -1.023119 -0.205017 -1.499555
48  -0.000001 11.691975 -0.000007  -1.026681 0.473391 0.808578
49  0.000003 -0.000000 0.000000  2.881454 -0.000041 1.570856
50  -0.000007 -0.000015 0.000004  2.272644 -0.000030 1.570865
51  -6.673832 -11.384883 -2.687304  -2.813965 -0.066456 -0.780341
52  0.000000 -0.000001 0.000000  0.008153 -0.000259 0.000009
53  -0.000000 -0.000000 0.000000  1.565115 0.043565 -0.106862
54  5.753868 -19.707047 -3.784340  -1.687986 -0.726615 -1.601249
55  -0.000001 -0.000002 0.000001  0.000000 -0.000000 -0.000002
56  0.000030 0.000028 0.000001  -1.571902 -0.044449 -0.106509
57  7.202790 -19.259499 -17.055128  1.570796 -0.000000 0.000000
58  -17.772699 4.002314 -16.454041  1.570796 -0.000000 0.000000
59  2.236387 -2.421983 -5.367696  1.570796 -0.000000 0.000000
60  -0.004311 0.001230 -0.000371  0.006898 -0.005534 -0.284229
61  -1.375872 5.365924 -3.997767  1.570796 -0.000000 0.000000
62  0.000000 0.000000 0.000000  -0.078727 -3.136056 0.284226
63  0.000000 0.000000 0.000000  1.570796 -0.000000 0.000000
64  -1.204182 -16.083408 1.425454  1.598051 -0.409940 0.933255
65  -0.109379 -1.951952 -1.519206  -0.000000 -0.000000 -0.000000
66  -0.109379 0.057026 25.399254  -0.000000 -0.000000 -0.000000
67  -0.109379 -1.856732 0.287229  -0.000000 -0.000000 -0.000000
68  -0.104048 -4.495924 7.879275  -0.000000 -0.000000 -0.000000
69  -0.195265 4.332630 -6.347188  -0.000000 -0.000000 -0.000000
70  -1.290115 3.693283 8.579667  0.022713 -0.014049 -0.017451
71  -0.109856 -1.345264 4.822541  -0.000000 -0.000000 -0.000000
72  -1.107529 -1.063453 4.061647  -0.000000 -0.000000 -0.000000
73  0.003658 1.612363 10.733983  -0.000000 -0.000000 0.224933
74  2.858285 -19.158245 1.263801  1.598051 -0.409940 0.933255
time 33
0  0.000006 0.000000 0.000000  -1.570800 -1.391899 -1.570792
1  -4.849906 3.337897 2.232070  -1.544956 -1.855077 -0.198630
2  6.027522 -0.000324 0.000193  -1.354189 -1.069710 -1.374771
3  11.692109 0.000645 -0.000739  -1.384585 -0.000017 -1.403654
4  11.479844 0.000614 -0.000706  1.264799 -0.197517 -0.095834
5  3.859508 -0.142880 -1.192050  -0.478599 0.114858 -0.964224
6  1.312590 0.000012 0.000007  -0.003547 0.012109 -0.261959
7  0.729356 0.000052 0.000050  0.138128 -0.056555 -0.039049
8  3.942143 0.046273 -0.431513  -0.155984 -0.001527 -0.861481
9  1.539111 0.000088 0.000005  -0.000907 0.006217 0.029179
10  1.196332 0.000145 0.000028  -0.106460 -0.032066 -0.994504
11  3.883505 -0.047268 0.431381  0.085898 0.021851 -0.587925
12  1.719573 -0.000028 0.000015  0.000015 0.005519 -0.366533
13  1.209179 0.000092 0.000012  0.031052 -0.154429 -0.851836
14  3.859662 -0.138475 1.332409  0.351463 -0.012349 -0.325636
15  1.719449 -0.000011 0.000022  -0.000997 0.034023 -0.280596
16  1.099675 0.000048 0.000006  0.179984 -0.171907 -0.610581
17  0.805995 -0.349049 1.321253  -1.643650 -0.950377 -0.245886
18  1.789819 -0.000004 -0.000015  0.008528 0.007013 -0.005127
19  1.207014 -0.000012 -0.000045  0.359774 -0.020568 0.239258
20  5.740638 0.000410 -0.000704  -0.108295 0.000003 0.000071
21  11.480982 0.000333 -0.000802  -0.056975 -0.017441 -0.037808
22  6.027524 -0.000329 0.000203  1.891803 -0.391755 1.050235
23  0.000001 11.692099 -0.000008  -0.972071 -0.423605 -0.773004
24  0.000003 0.000008 -0.000001  -0.515490 -0.000031 1.570739
25  -0.000001 -0.000012 -0.000001  0.868957 0.000002 1.570712
26  -4.888802 -4.568908 -1.375871  1.473120 1.855075 -0.198639
27  6.027510 -0.000264 -0.000221  1.896848 0.990512 -0.247411
28  11.691993 0.000245 0.000855  0.608925 0.000047 -1.495669
29  11.480320 0.000122 0.000922  -0.832247 -0.345523 0.502425
30  3.859437 -0.132786 1.193062  0.466149 -0.051826 -1.783918
31  1.312557 0.000026 0.000000  -0.013965 -0.041043 -0.156447
32  0.729345 0.000065 -0.000027  -0.128320 -0.117290 -0.954857
33  3.942047 0.050111 0.430997  0.211501 -0.107596 -1.469120
34  1.539096 0.000010 0.000000  0.040712 -0.054386 -1.030469
35  1.196301 0.000077 -0.000004  -0.249391 -0.043040 -0.795120
36  3.883411 -0.050501 -0.431087  0.186407 -0.271796 -1.212184
37  1.719564 -0.000080 -0.000003  0.020974 -0.107650 -1.483528
38  1.209198 0.000036 0.000011  -0.324719 0.069674 -0.493483
39  3.859586 -0.149111 -1.331323  -0.110833 0.118346 -0.118772
40  1.719411 -0.000101 -0.000034  -0.019525 0.026216 -0.112669
41  1.099674 0.000025 0.000007  0.239119 0.043639 -0.299131
42  0.805978 -0.359853 -1.318338  0.991670 0.166767 -0.799535
43  1.789779 -0.000009 -0.000044  0.000057 -0.002451 0.133097
44  1.206996 -0.000007 0.000007  0.000372 -0.000070 1.058781
45  5.740573 0.000056 0.000724  0.163857 -0.000014 0.000021
46  11.481010 0.000060 0.000934  0.164114 -0.052306 0.098132
47  6.027514 -0.000273 -0.000235  -1.023206 -0.202661 -1.499530
48  -0.000000 11.691975 -0.000004  -1.026846 0.473546 0.808683
49  0.000004 0.000000 0.000001  2.881454 -0.000041 1.570856
50  -0.000006 -0.000015 0.000006  2.272644 -0.000030 1.570865
51  -6.679277 -11.375563 -2.647266  -2.813456 -0.063885 -0.780397
52  0.000000 0.000001 0.000000  0.008153 -0.000259 0.000009
53  -0.000000 0.000001 0.000000  1.565115 0.043565 -0.106862
54  5.746592 -19.695601 -3.780612  -1.690035 -0.724490 -1.599913
55  0.000001 -0.000000 -0.000000  0.000000 -0.000000 -0.000002
56  0.000031 0.000028 0.000001  -1.571901 -0.044449 -0.106509
57  7.202790 -19.259499 -17.055128  1.570796 -0.000000 0.000000
58  -17.772699 4.002314 -16.454041  1.570796 -0.000000 0.000000
59  2.236387 -2.421983 -5.367696  1.570796 -0.000000 0.000000
60  -0.004311 0.001230 -0.000371  0.006898 -0.005534 -0.284229
61  -1.375872 5.365924 -3.997767  1.570796 -0.000000 0.000000
62  0.000000 0.000000 0.000000  -0.078727 -3.136056 0.284226
63  0.000000 0.000000 0.000000  1.570796 -0.000000 0.000000
64  -1.203707 -16.083118 1.447249  1.600748 -0.410807 0.932155
65  -0.109378 -1.951952 -1.519205  0.000000 0.000000 -0.000000
66  -0.109379 0.057028 25.399256  0.000000 0.000000 -0.000000
67  -0.109379 -1.856732 0.287229  0.000000 0.000000 -0.000000
68  -0.104048 -4.495923 7.879277  0.000000 0.000000 -0.000000
69  -0.195264 4.332631 -6.347187  0.000000 0.000000 -0.000000
70  -1.290112 3.693285 8.579670  0.022713 -0.014049 -0.017451
71  -0.109855 -1.345264 4.822541  0.000000 0.000000 -0.000000
72  -1.107528 -1.063453 4.061647  0.000000 0.000000 -0.000000
73  0.003658 1.612364 10.733984  0.000000 0.000000 0.224970
74  2.858441 -19.157688 1.272957  1.600748 -0.410807 0.932155
time 34
0  0.000006 0.000000 0.000000  -1.570800 -1.391899 -1.570792
1  -4.849906 3.337897 2.232070  -1.544956 -1.855077 -0.198630
2  6.027522 -0.000324 0.000193  -1.353234 -1.068919 -1.374490
3  11.692110 0.000646 -0.000739  -1.384585 -0.000017 -1.405036
4  11.479836 0.000614 -0.000706  1.263106 -0.200652 -0.098120
5  3.859509 -0.142878 -1.192048  -0.478600 0.114858 -0.964224
6  1.312590 0.000012 0.000007  -0.003547 0.012109 -0.261959
7  0.729354 0.000053 0.000052  0.138128 -0.056555 -0.039049
8  3.942144 0.046275 -0.431512  -0.155984 -0.001527 -0.861481
9  1.539111 0.000086 0.000004  -0.000907 0.006217 0.029179
10  1.196332 0.000148 0.000028  -0.106460 -0.032066 -0.994504
11  3.883505 -0.047268 0.431382  0.085898 0.021851 -0.587925
12  1.719574 -0.000027 0.000015  0.000015 0.005519 -0.366533
13  1.209179 0.000091 0.000012  0.031052 -0.154429 -0.851836
14  3.859662 -0.138474 1.332411  0.351463 -0.012349 -0.325636
15  1.719450 -0.000008 0.000022  -0.000997 0.034023 -0.280596
16  1.099675 0.000046 0.000007  0.179984 -0.171907 -0.610581
17  0.805993 -0.349049 1.321254  -1.643650 -0.950377 -0.245886
18  1.789819 -0.000004 -0.000019  0.008528 0.007013 -0.005127
19  1.207016 -0.000012 -0.000045  0.359774 -0.020568 0.239258
20  5.740637 0.000411 -0.000703  -0.109583 0.000003 0.000071
21  11.480980 0.000333 -0.000799  -0.057320 -0.018008 -0.038386
22  6.027524 -0.000329 0.000203  1.891991 -0.392654 1.051283
23  0.000002 11.692099 -0.000006  -0.972900 -0.424342 -0.773555
24  0.000003 0.000008 -0.000001  -0.515490 -0.000031 1.570738
25  -0.000001 -0.000011 -0.000001  0.868957 0.000002 1.570712
26  -4.888802 -4.568908 -1.375871  1.473120 1.855075 -0.198639
27  6.027510 -0.000264 -0.000221  1.901326 0.991227 -0.243693
28  11.691992 0.000245 0.000855  0.608925 0.000047 -1.495845
29  11.480315 0.000124 0.000921  -0.832193 -0.347866 0.507219
30  3.859437 -0.132787 1.193061  0.466149 -0.051826 -1.783918
31  1.312558 0.000025 -0.000000  -0.013965 -0.041044 -0.156447
32  0.729345 0.000065 -0.000027  -0.128320 -0.117290 -0.954857
33  3.942046 0.050109 0.430997  0.211501 -0.107596 -1.469120
34  1.539096 0.000009 0.000000  0.040712 -0.054386 -1.030469
35  1.196299 0.000076 -0.000003  -0.249391 -0.043040 -0.795120
36  3.883412 -0.050501 -0.431087  0.186407 -0.271796 -1.212184
37  1.719564 -0.000079 -0.000003  0.020974 -0.107650 -1.483528
38  1.209197 0.000036 0.000011  -0.324719 0.069674 -0.493484
39  3.859586 -0.149112 -1.331323  -0.110833 0.118346 -0.118772
40  1.719411 -0.000098 -0.000035  -0.019525 0.026216 -0.112668
41  1.099674 0.000025 0.000007  0.239119 0.043639 -0.299131
42  0.805979 -0.359854 -1.318338  0.991670 0.166767 -0.799535
43  1.789779 -0.000010 -0.000042  0.000057 -0.002451 0.133097
44  1.206996 -0.000006 0.000005  0.000372 -0.000070 1.058781
45  5.740572 0.000055 0.000723  0.164490 -0.000014 0.000021
46  11.481007 0.000061 0.000934  0.164354 -0.052451 0.099174
47  6.027514 -0.000273 -0.000235  -1.023119 -0.200107 -1.499575
48  -0.000000 11.691975 -0.000006  -1.026951 0.473643 0.808749
49  0.000003 -0.000001 0.000001  2.881454 -0.000041 1.570856
50  -0.000006 -0.000016 0.000004  2.272644 -0.000030 1.570865
51  -6.688887 -11.366689 -2.605079  -2.813631 -0.060673 -0.780396
52  -0.000000 0.000000 -0.000000  0.008153 -0.000259 0.000009
53  0.000000 -0.000000 0.000000  1.565115 0.043565 -0.106862
54  5.734122 -19.684368 -3.786079  -1.693323 -0.722422 -1.597746
55  -0.000000 0.000001 -0.000001  0.000000 -0.000000 -0.000002
56  0.000030 0.000030 -0.000000  -1.571901 -0.044449 -0.106509
57  7.202790 -19.259499 -17.055128  1.570796 -0.000000 0.000000
58  -17.772699 4.002314 -16.454041  1.570796 -0.000000 0.000000
59  2.236387 -2.421983 -5.367696  1.570796 -0.000000 0.000000
60  -0.004311 0.001230 -0.000371  0.006898 -0.005534 -0.284229
61  -1.375872 5.365924 -3.997767  1.570796 -0.000000 0.000000
62  0.000000 0.000000 0.000000  -0.078727 -3.136056 0.284226
63  0.000000 0.000000 0.000000  1.570796 -0.000000 0.000000
64  -1.203540 -16.083017 1.466188  1.604243 -0.411086 0.930750
65  -0.109378 -1.951952 -1.519204  0.000000 0.000000 0.000000
66  -0.109378 0.057028 25.399254  0.000000 0.000000 0.000000
67  -0.109379 -1.856731 0.287231  0.000000 0.000000 0.000000
68  -0.104046 -4.495924 7.879277  0.000000 0.000000 0.000000
69  -0.195263 4.332631 -6.347186  0.000000 0.000000 0.000000
70  -1.290111 3.693283 8.579670  0.022713 -0.014049 -0.017451
71  -0.109855 -1.345263 4.822542  0.000000 0.000000 0.000000
72  -1.107527 -1.063453 4.061648  0.000000 0.000000 0.000000
73  0.003659 1.612364 10.733984  0.000000 0.000000 0.225008
74  2.858142 -19.157232 1.275559  1.604243 -0.411086 0.930750
time 35
0  0.000006 0.000000 0.000000  -1.570800 -1.391899 -1.570792
1  -4.849906 3.337897 2.232070  -1.544956 -1.855077 -0.198630
2  6.027522 -0.000324 0.000193  -1.352227 -1.067930 -1.374121
3  11.692109 0.000645 -0.000738  -1.384585 -0.000017 -1.406326
4  11.479826 0.000613 -0.000710  1.261279 -0.203290 -0.100748
5  3.859508 -0.142882 -1.192050  -0.478600 0.114858 -0.964224
6  1.312590 0.000013 0.000007  -0.003547 0.012109 -0.261959
7  0.729355 0.000053 0.000049  0.138128 -0.056555 -0.039049
8  3.942143 0.046273 -0.431512  -0.155984 -0.001527 -0.861481
9  1.539110 0.000089 0.000005  -0.000906 0.006217 0.029179
10  1.196332 0.000147 0.000028  -0.106460 -0.032066 -0.994504
11  3.883506 -0.047269 0.431382  0.085898 0.021851 -0.587925
12  1.719573 -0.000027 0.000014  0.000015 0.005519 -0.366533
13  1.209179 0.000090 0.000012  0.031052 -0.154429 -0.851836
14  3.859662 -0.138475 1.332411  0.351463 -0.012349 -0.325636
15  1.719450 -0.000011 0.000022  -0.000997 0.034023 -0.280596
16  1.099674 0.000047 0.000006  0.179984 -0.171907 -0.610581
17  0.805994 -0.349051 1.321253  -1.643650 -0.950377 -0.245886
18  1.789821 -0.000005 -0.000021  0.008528 0.007013 -0.005127
19  1.207015 -0.000013 -0.000044  0.359774 -0.020568 0.239258
20  5.740636 0.000411 -0.000703  -0.110905 0.000003 0.000071
21  11.480977 0.000334 -0.000799  -0.057696 -0.018466 -0.039024
22  6.027524 -0.000329 0.000203  1.892297 -0.393718 1.052416
23  0.000002 11.692099 -0.000007  -0.973673 -0.425030 -0.774069
24  0.000003 0.000008 -0.000001  -0.515490 -0.000030 1.570738
25  -0.000001 -0.000012 -0.000001  0.868957 0.000002 1.570712
26  -4.888802 -4.568908 -1.375871  1.473120 1.855075 -0.198639
27  6.027510 -0.000264 -0.000221  1.905479 0.991793 -0.240259
28  11.691992 0.000244 0.000855  0.608925 0.000047 -1.495951
29  11.480312 0.000121 0.000920  -0.832573 -0.350232 0.511732
30  3.859436 -0.132785 1.193061  0.466149 -0.051826 -1.783918
31  1.312558 0.000025 0.000000  -0.013965 -0.041043 -0.156447
32  0.729345 0.000065 -0.000028  -0.128320 -0.117290 -0.954857
33  3.942046 0.050111 0.430997  0.211501 -0.107596 -1.469120
34  1.539097 0.000009 0.000000  0.040712 -0.054386 -1.030469
35  1.196299 0.000075 -0.000003  -0.249391 -0.043040 -0.795120
36  3.883411 -0.050501 -0.431087  0.186407 -0.271796 -1.212184
37  1.719563 -0.000077 -0.000003  0.020974 -0.107650 -1.483528
38  1.209196 0.000036 0.000011  -0.324719 0.069674 -0.493483
39  3.859584 -0.149110 -1.331323  -0.110833 0.118346 -0.118772
40  1.719413 -0.000101 -0.000034  -0.019525 0.026216 -0.112668
41  1.099673 0.000022 0.000007  0.239119 0.043639 -0.299131
42  0.805979 -0.359852 -1.318338  0.991670 0.166767 -0.799535
43  1.789779 -0.000009 -0.000043  0.000057 -0.002451 0.133097
44  1.206997 -0.000006 0.000006  0.000372 -0.000070 1.058782
45  5.740571 0.000056 0.000724  0.164978 -0.000014 0.000021
46  11.481005 0.000060 0.000933  0.164505 -0.052642 0.100158
47  6.027514 -0.000273 -0.000235  -1.022954 -0.197770 -1.499649
48  -0.000000 11.691974 -0.000006  -1.027013 0.473701 0.808789
49  0.000003 -0.000000 0.000001  2.881454 -0.000041 1.570856
50  -0.000007 -0.000015 0.000004  2.272644 -0.000030 1.570865
51  -6.699412 -11.359068 -2.567041  -2.814121 -0.057510 -0.780367
52  0.000000 0.000001 0.000000  0.008153 -0.000259 0.000009
53  -0.000001 0.000001 -0.000000  1.565115 0.043565 -0.106862
54  5.720471 -19.674488 -3.795858  -1.696839 -0.720612 -1.595423
55  -0.000001 -0.000000 -0.000000  0.000000 -0.000000 -0.000002
56  0.000029 0.000029 0.000001  -1.571901 -0.044449 -0.106509
57  7.202790 -19.259499 -17.055128  1.570796 -0.000000 0.000000
58  -17.772699 4.002314 -16.454041  1.570796 -0.000000 0.000000
59  2.236387 -2.421983 -5.367696  1.570796 -0.000000 0.000000
60  -0.004311 0.001230 -0.000371  0.006898 -0.005534 -0.284229
61  -1.375872 5.365924 -3.997767  1.570796 -0.000000 0.000000
62  0.000000 0.000000 0.000000  -0.078727 -3.136056 0.284226
63  0.000000 0.000000 0.000000  1.570796 -0.000000 0.000000
64  -1.203540 -16.083017 1.481129  1.607735 -0.411041 0.929354
65  -0.109378 -1.951951 -1.519204  0.000000 0.000000 0.000000
66  -0.109379 0.057027 25.399256  0.000000 0.000000 0.000000
67  -0.109378 -1.856731 0.287230  0.000000 0.000000 0.000000
68  -0.104048 -4.495923 7.879278  0.000000 0.000000 0.000000
69  -0.195263 4.332630 -6.347188  0.000000 0.000000 0.000000
70  -1.290113 3.693283 8.579671  0.022713 -0.014049 -0.017451
71  -0.109856 -1.345263 4.822543  0.000000 0.000000 0.000000
72  -1.107529 -1.063453 4.061649  0.000000 0.000000 0.000000
73  0.003659 1.612364 10.733985  -0.000000 0.000000 0.225047
74  2.857627 -19.156860 1.274200  1.607735 -0.411041 0.929354
time 36
0  0.000006 0.000000 0.000000  -1.570800 -1.391899 -1.570792
1  -4.849906 3.337897 2.232070  -1.544956 -1.855077 -0.198630
2  6.027522 -0.000324 0.000193  -1.351478 -1.067060 -1.373785
3  11.692110 0.000644 -0.000739  -1.384585 -0.000017 -1.407359
4  11.479819 0.000613 -0.000714  1.259866 -0.205258 -0.102798
5  3.859510 -0.142877 -1.192050  -0.478600 0.114858 -0.964224
6  1.312590 0.000012 0.000007  -0.003547 0.012109 -0.261959
7  0.729356 0.000051 0.000050  0.138128 -0.056555 -0.039049
8  3.942142 0.046274 -0.431513  -0.155984 -0.001527 -0.861481
9  1.539111 0.000086 0.000005  -0.000907 0.006217 0.029179
10  1.196332 0.000145 0.000031  -0.106460 -0.032066 -0.994504
11  3.883504 -0.047268 0.431380  0.085898 0.021851 -0.587925
12  1.719573 -0.000029 0.000015  0.000015 0.005519 -0.366533
13  1.209179 0.000092 0.000012  0.031052 -0.154429 -0.851836
14  3.859663 -0.138473 1.332409  0.351463 -0.012349 -0.325636
15  1.719450 -0.000012 0.000023  -0.000997 0.034023 -0.280596
16  1.099675 0.000046 0.000007  0.179984 -0.171907 -0.610581
17  0.805994 -0.349048 1.321253  -1.643650 -0.950377 -0.245886
18  1.789820 -0.000004 -0.000017  0.008528 0.007013 -0.005127
19  1.207016 -0.000012 -0.000045  0.359774 -0.020568 0.239258
20  5.740636 0.000411 -0.000703  -0.111917 0.000003 0.000070
21  11.480974 0.000334 -0.000802  -0.057987 -0.018805 -0.039520
22  6.027524 -0.000329 0.000203  1.892619 -0.394612 1.053284
23  0.000002 11.692101 -0.000009  -0.974293 -0.425582 -0.774481
24  0.000003 0.000007 0.000001  -0.515490 -0.000031 1.570739
25  -0.000001 -0.000011 -0.000002  0.868957 0.000002 1.570712
26  -4.888802 -4.568908 -1.375871  1.473120 1.855075 -0.198639
27  6.027510 -0.000264 -0.000221  1.908517 0.992164 -0.237752
28  11.691992 0.000245 0.000855  0.608925 0.000047 -1.496059
29  11.480315 0.000122 0.000922  -0.832914 -0.352023 0.515148
30  3.859436 -0.132787 1.193062  0.466149 -0.051826 -1.783918
31  1.312559 0.000025 0.000000  -0.013965 -0.041044 -0.156447
32  0.729344 0.000065 -0.000027  -0.128320 -0.117290 -0.954857
33  3.942045 0.050110 0.430997  0.211501 -0.107596 -1.469120
34  1.539097 0.000010 0.000000  0.040712 -0.054386 -1.030469
35  1.196297 0.000075 -0.000004  -0.249391 -0.043040 -0.795121
36  3.883410 -0.050502 -0.431087  0.186407 -0.271796 -1.212184
37  1.719563 -0.000079 -0.000003  0.020974 -0.107650 -1.483528
38  1.209196 0.000035 0.000011  -0.324719 0.069674 -0.493483
39  3.859585 -0.149110 -1.331323  -0.110833 0.118346 -0.118772
40  1.719413 -0.000100 -0.000034  -0.019525 0.026216 -0.112669
41  1.099673 0.000025 0.000007  0.239119 0.043639 -0.299131
42  0.805977 -0.359854 -1.318338  0.991670 0.166767 -0.799535
43  1.789779 -0.000008 -0.000041  0.000057 -0.002451 0.133097
44  1.206997 -0.000007 0.000005  0.000372 -0.000070 1.058782
45  5.740573 0.000055 0.000724  0.165335 -0.000014 0.000021
46  11.481009 0.000060 0.000934  0.164609 -0.052789 0.100902
47  6.027514 -0.000273 -0.000235  -1.022797 -0.196074 -1.499716
48  -0.000000 11.691975 -0.000007  -1.027078 0.473761 0.808830
49  0.000004 -0.000001 0.000001  2.881454 -0.000041 1.570856
50  -0.000007 -0.000015 0.000004  2.272644 -0.000030 1.570865
51  -6.707470 -11.353234 -2.539443  -2.814499 -0.055076 -0.780345
52  0.000000 -0.000000 -0.000000  0.008153 -0.000259 0.000009
53  -0.000001 0.000000 0.000000  1.565115 0.043565 -0.106862
54  5.709927 -19.666853 -3.805036  -1.699537 -0.719216 -1.593645
55  -0.000001 0.000001 -0.000000  0.000000 -0.000000 -0.000002
56  0.000029 0.000030 0.000001  -1.571901 -0.044449 -0.106509
57  7.202790 -19.259499 -17.055128  1.570796 -0.000000 0.000000
58  -17.772699 4.002314 -16.454041  1.570796 -0.000000 0.000000
59  2.236387 -2.421983 -5.367696  1.570796 -0.000000 0.000000
60  -0.004311 0.001230 -0.000371  0.006898 -0.005534 -0.284229
61  -1.375872 5.365924 -3.997767  1.570796 -0.000000 0.000000
62  0.000000 0.000000 0.000000  -0.078727 -3.136056 0.284226
63  0.000000 0.000000 0.000000  1.570796 -0.000000 0.000000
64  -1.203540 -16.083017 1.490932  1.610421 -0.411004 0.928281
65  -0.109378 -1.951951 -1.519205  -0.000000 -0.000000 0.000000
66  -0.109380 0.057027 25.399252  -0.000000 -0.000000 0.000000
67  -0.109379 -1.856731 0.287230  -0.000000 -0.000000 0.000000
68  -0.104047 -4.495923 7.879277  -0.000000 -0.000000 0.000000
69  -0.195264 4.332630 -6.347188  -0.000000 -0.000000 0.000000
70  -1.290112 3.693284 8.579669  0.022713 -0.014049 -0.017451
71  -0.109857 -1.345263 4.822542  -0.000000 -0.000000 0.000000
72  -1.107528 -1.063453 4.061646  -0.000000 -0.000000 0.000000
73  0.003657 1.612364 10.733982  -0.000000 -0.000000 0.225085
74  2.857201 -19.156551 1.271465  1.610421 -0.411004 0.928281
time 37
0  0.000006 0.000000 0.000000  -1.570800 -1.391899 -1.570792
1  -4.849906 3.337897 2.232070  -1.544956 -1.855077 -0.198630
2  6.027522 -0.000324 0.000193  -1.351185 -1.066687 -1.373638
3  11.692108 0.000644 -0.000739  -1.384585 -0.000017 -1.407783
4  11.479819 0.000612 -0.000711  1.259300 -0.206031 -0.103625
5  3.859509 -0.142878 -1.192049  -0.478600 0.114858 -0.964224
6  1.312590 0.000009 0.000008  -0.003547 0.012109 -0.261959
7  0.729355 0.000054 0.000050  0.138128 -0.056555 -0.039049
8  3.942143 0.046273 -0.431512  -0.155984 -0.001527 -0.861481
9  1.539111 0.000085 0.000006  -0.000906 0.006217 0.029179
10  1.196332 0.000144 0.000029  -0.106460 -0.032066 -0.994504
11  3.883504 -0.047268 0.431381  0.085898 0.021851 -0.587925
12  1.719573 -0.000024 0.000015  0.000015 0.005519 -0.366533
13  1.209179 0.000093 0.000012  0.031052 -0.154429 -0.851836
14  3.859662 -0.138475 1.332410  0.351463 -0.012349 -0.325636
15  1.719450 -0.000011 0.000022  -0.000997 0.034023 -0.280596
16  1.099674 0.000047 0.000006  0.179984 -0.171907 -0.610581
17  0.805993 -0.349050 1.321254  -1.643650 -0.950377 -0.245886
18  1.789820 -0.000004 -0.000020  0.008528 0.007013 -0.005127
19  1.207016 -0.000011 -0.000042  0.359774 -0.020568 0.239258
20  5.740637 0.000411 -0.000701  -0.112321 0.000003 0.000071
21  11.480976 0.000334 -0.000800  -0.058105 -0.018937 -0.039720
22  6.027524 -0.000329 0.000203  1.892768 -0.394987 1.053631
23  0.000002 11.692099 -0.000008  -0.974547 -0.425809 -0.774650
24  0.000003 0.000007 -0.000002  -0.515490 -0.000030 1.570739
25  -0.000001 -0.000011 -0.000001  0.868957 0.000002 1.570712
26  -4.888802 -4.568908 -1.375871  1.473120 1.855075 -0.198639
27  6.027510 -0.000264 -0.000221  1.909694 0.992298 -0.236782
28  11.691993 0.000245 0.000856  0.608925 0.000047 -1.496109
29  11.480314 0.000122 0.000922  -0.833062 -0.352731 0.516501
30  3.859435 -0.132787 1.193062  0.466149 -0.051826 -1.783918
31  1.312558 0.000025 -0.000000  -0.013965 -0.041043 -0.156447
32  0.729344 0.000066 -0.000028  -0.128320 -0.117290 -0.954857
33  3.942046 0.050109 0.430997  0.211501 -0.107596 -1.469120
34  1.539096 0.000010 -0.000000  0.040712 -0.054386 -1.030469
35  1.196299 0.000076 -0.000003  -0.249391 -0.043040 -0.795121
36  3.883411 -0.050502 -0.431087  0.186407 -0.271796 -1.212184
37  1.719562 -0.000078 -0.000003  0.020974 -0.107650 -1.483528
38  1.209198 0.000036 0.000011  -0.324719 0.069674 -0.493483
39  3.859585 -0.149112 -1.331323  -0.110833 0.118346 -0.118772
40  1.719413 -0.000100 -0.000034  -0.019525 0.026216 -0.112669
41  1.099674 0.000024 0.000007  0.239119 0.043639 -0.299131
42  0.805979 -0.359854 -1.318338  0.991670 0.166767 -0.799535
43  1.789780 -0.000009 -0.000044  0.000057 -0.002451 0.133097
44  1.206996 -0.000006 0.000006  0.000372 -0.000070 1.058781
45  5.740572 0.000056 0.000724  0.165474 -0.000014 0.000021
46  11.481008 0.000061 0.000933  0.164648 -0.052848 0.101196
47  6.027514 -0.000273 -0.000235  -1.022728 -0.195420 -1.499745
48  0.000000 11.691975 -0.000006  -1.027107 0.473789 0.808849
49  0.000004 -0.000001 0.000000  2.881454 -0.000041 1.570856
50  -0.000006 -0.000015 0.000005  2.272644 -0.000030 1.570865
51  -6.710681 -11.350908 -2.528797  -2.814650 -0.054103 -0.780337
52  -0.000000 -0.000000 0.000000  0.008153 -0.000259 0.000009
53  -0.000000 -0.000000 -0.000000  1.565115 0.043565 -0.106862
54  5.705701 -19.663792 -3.809097  -1.700614 -0.718656 -1.592935
55  0.000000 0.000001 -0.000000  0.000000 -0.000000 -0.000002
56  0.000031 0.000029 0.000001  -1.571901 -0.044449 -0.106509
57  7.202790 -19.259499 -17.055128  1.570796 -0.000000 0.000000
58  -17.772699 4.002314 -16.454041  1.570796 -0.000000 0.000000
59  2.236387 -2.421983 -5.367696  1.570796 -0.000000 0.000000
60  -0.004311 0.001230 -0.000371  0.006898 -0.005534 -0.284229
61  -1.375872 5.365924 -3.997767  1.570796 -0.000000 0.000000
62  0.000000 0.000000 0.000000  -0.078727 -3.136056 0.284226
63  0.000000 0.000000 0.000000  1.570796 -0.000000 0.000000
64  -1.203540 -16.083017 1.494454  1.611495 -0.410988 0.927852
65  -0.109377 -1.951952 -1.519204  -0.000000 0.000000 -0.000000
66  -0.109377 0.057027 25.399252  -0.000000 0.000000 -0.000000
67  -0.109377 -1.856732 0.287231  -0.000000 0.000000 -0.000000
68  -0.104046 -4.495924 7.879277  -0.000000 0.000000 -0.000000
69  -0.195264 4.332631 -6.347188  -0.000000 0.000000 -0.000000
70  -1.290110 3.693283 8.579667  0.022713 -0.014049 -0.017451
71  -0.109853 -1.345264 4.822540  -0.000000 0.000000 -0.000000
72  -1.107527 -1.063453 4.061648  -0.000000 0.000000 -0.000000
73  0.003659 1.612363 10.733983  -0.000000 0.000000 0.225123
74  2.857024 -19.156424 1.269972  1.611495 -0.410988 0.927852
time 38
0  0.000006 0.000000 0.000000  -1.570800 -1.391899 -1.570792
1  -4.849906 3.337897 2.232070  -1.544956 -1.855077 -0.198630
2  6.027522 -0.000324 0.000193  -1.352513 -1.061559 -1.371302
3  11.692108 0.000644 -0.000740  -1.384585 -0.000017 -1.409672
4  11.479807 0.000614 -0.000718  1.258853 -0.202886 -0.104850
5  3.859509 -0.142878 -1.192050  -0.478600 0.114858 -0.964224
6  1.312590 0.000010 0.000008  -0.003547 0.012109 -0.261959
7  0.729355 0.000053 0.000050  0.138128 -0.056555 -0.039049
8  3.942143 0.046273 -0.431512  -0.155984 -0.001527 -0.861481
9  1.539111 0.000085 0.000006  -0.000906 0.006217 0.029179
10  1.196332 0.000145 0.000028  -0.106460 -0.032066 -0.994504
11  3.883504 -0.047268 0.431381  0.085898 0.021851 -0.587925
12  1.719573 -0.000024 0.000015  0.000015 0.005519 -0.366533
13  1.209179 0.000094 0.000012  0.031052 -0.154429 -0.851836
14  3.859662 -0.138475 1.332410  0.351463 -0.012349 -0.325636
15  1.719450 -0.000011 0.000022  -0.000997 0.034023 -0.280596
16  1.099674 0.000047 0.000006  0.179984 -0.171907 -0.610581
17  0.805993 -0.349050 1.321253  -1.643650 -0.950377 -0.245886
18  1.789821 -0.000004 -0.000018  0.008528 0.007013 -0.005127
19  1.207017 -0.000011 -0.000041  0.359774 -0.020568 0.239258
20  5.740638 0.000411 -0.000702  -0.112029 0.000003 0.000071
21  11.480973 0.000334 -0.000802  -0.058211 -0.018278 -0.039898
22  6.027524 -0.000329 0.000203  1.896943 -0.398434 1.053192
23  0.000001 11.692098 -0.000008  -0.975679 -0.426818 -0.775401
24  0.000002 0.000008 -0.000001  -0.515490 -0.000031 1.570739
25  -0.000002 -0.000011 -0.000002  0.868957 0.000002 1.570712
26  -4.888802 -4.568908 -1.375871  1.473120 1.855075 -0.198639
27  6.027510 -0.000264 -0.000221  1.902064 0.989233 -0.243520
28  11.691991 0.000244 0.000855  0.608925 0.000047 -1.497927
29  11.480302 0.000114 0.000927  -0.834971 -0.351176 0.514038
30  3.859435 -0.132787 1.193062  0.466149 -0.051826 -1.783918
31  1.312557 0.000025 -0.000000  -0.013965 -0.041043 -0.156447
32  0.729344 0.000066 -0.000028  -0.128320 -0.117290 -0.954857
33  3.942045 0.050108 0.430997  0.211501 -0.107596 -1.469120
34  1.539096 0.000010 -0.000000  0.040712 -0.054386 -1.030469
35  1.196300 0.000076 -0.000004  -0.249391 -0.043040 -0.795121
36  3.883411 -0.050502 -0.431087  0.186407 -0.271796 -1.212184
37  1.719563 -0.000078 -0.000003  0.020974 -0.107650 -1.483528
38  1.209197 0.000035 0.000011  -0.324719 0.069674 -0.493483
39  3.859585 -0.149112 -1.331323  -0.110833 0.118346 -0.118772
40  1.719412 -0.000100 -0.000034  -0.019525 0.026216 -0.112669
41  1.099673 0.000025 0.000007  0.239119 0.043639 -0.299131
42  0.805978 -0.359854 -1.318338  0.991670 0.166767 -0.799535
43  1.789780 -0.000009 -0.000042  0.000057 -0.002451 0.133097
44  1.206996 -0.000006 0.000006  0.000372 -0.000070 1.058781
45  5.740572 0.000055 0.000724  0.164583 -0.000014 0.000021
46  11.481006 0.000058 0.000934  0.164142 -0.052810 0.100618
47  6.027514 -0.000273 -0.000235  -1.021057 -0.200338 -1.500430
48  -0.000000 11.691975 -0.000005  -1.028184 0.474793 0.809530
49  0.000002 -0.000002 0.000001  2.881454 -0.000041 1.570856
50  -0.000007 -0.000015 0.000006  2.272644 -0.000030 1.570865
51  -6.710681 -11.350908 -2.606857  -2.814650 -0.054103 -0.780337
52  -0.000000 0.000000 0.000000  0.008153 -0.000259 0.000009
53  -0.000000 -0.000001 0.000000  1.565115 0.043565 -0.106862
54  5.705701 -19.663792 -3.887157  -1.700614 -0.718656 -1.592935
55  0.000001 0.000001 -0.000001  0.000000 -0.000000 -0.000002
56  0.000031 0.000029 0.000000  -1.571901 -0.044449 -0.106509
57  7.202790 -19.259499 -17.055128  1.570796 -0.000000 0.000000
58  -17.772699 4.002314 -16.454041  1.570796 -0.000000 0.000000
59  2.236387 -2.421983 -5.367696  1.570796 -0.000000 0.000000
60  -0.004311 0.001230 -0.000371  0.006898 -0.005534 -0.284229
61  -1.375872 5.365924 -3.997767  1.570796 -0.000000 0.000000
62  0.000000 0.000000 0.000000  -0.078727 -3.136056 0.284226
63  0.000000 0.000000 0.000000  1.570796 -0.000000 0.000000
64  -1.203540 -16.083017 1.416394  1.611495 -0.410988 0.927852
65  -0.109377 -1.951951 -1.519205  -0.000000 0.000000 -0.000000
66  -0.109377 0.057027 25.399250  -0.000000 0.000000 -0.000000
67  -0.109378 -1.856731 0.287230  -0.000000 0.000000 -0.000000
68  -0.104046 -4.495923 7.879276  -0.000000 0.000000 -0.000000
69  -0.195265 4.332631 -6.347188  -0.000000 0.000000 -0.000000
70  -1.290110 3.693283 8.579666  0.022713 -0.014049 -0.017451
71  -0.109853 -1.345264 4.822539  -0.000000 0.000000 -0.000000
72  -1.107527 -1.063453 4.061647  -0.000000 0.000000 -0.000000
73  0.003659 1.612363 10.733982  0.000000 -0.000000 0.225160
74  2.857024 -19.156424 1.191911  1.611495 -0.410988 0.927852
time 39
0  0.000006 0.000000 0.000000  -1.570800 -1.391899 -1.570792
1  -4.849906 3.337897 2.232070  -1.544956 -1.855077 -0.198630
2  6.027522 -0.000324 0.000193  -1.355889 -1.047749 -1.365147
3  11.692108 0.000644 -0.000739  -1.384586 -0.000017 -1.414555
4  11.479781 0.000608 -0.000734  1.257590 -0.194233 -0.108234
5  3.859509 -0.142878 -1.192049  -0.478600 0.114858 -0.964224
6  1.312590 0.000010 0.000008  -0.003547 0.012109 -0.261959
7  0.729355 0.000053 0.000049  0.138128 -0.056555 -0.039049
8  3.942144 0.046273 -0.431512  -0.155984 -0.001527 -0.861481
9  1.539111 0.000085 0.000005  -0.000906 0.006217 0.029179
10  1.196333 0.000146 0.000029  -0.106460 -0.032066 -0.994504
11  3.883504 -0.047268 0.431381  0.085898 0.021851 -0.587925
12  1.719573 -0.000024 0.000015  0.000015 0.005519 -0.366533
13  1.209179 0.000094 0.000012  0.031052 -0.154429 -0.851836
14  3.859662 -0.138475 1.332410  0.351463 -0.012349 -0.325636
15  1.719450 -0.000012 0.000022  -0.000997 0.034023 -0.280596
16  1.099674 0.000049 0.000006  0.179984 -0.171907 -0.610581
17  0.805994 -0.349050 1.321254  -1.643650 -0.950377 -0.245886
18  1.789821 -0.000003 -0.000020  0.008528 0.007013 -0.005127
19  1.207017 -0.000012 -0.000041  0.359774 -0.020568 0.239258
20  5.740636 0.000409 -0.000704  -0.111241 0.000003 0.000071
21  11.480968 0.000332 -0.000805  -0.058507 -0.016464 -0.040390
22  6.027524 -0.000329 0.000203  1.908212 -0.407709 1.051991
23  0.000001 11.692098 -0.000008  -0.978603 -0.429431 -0.777339
24  0.000002 0.000007 -0.000002  -0.515490 -0.000031 1.570739
25  -0.000001 -0.000012 -0.000001  0.868957 0.000002 1.570712
26  -4.888802 -4.568908 -1.375871  1.473120 1.855075 -0.198639
27  6.027510 -0.000264 -0.000222  1.881781 0.980866 -0.261306
28  11.691992 0.000243 0.000856  0.608925 0.000047 -1.502619
29  11.480258 0.000094 0.000943  -0.840172 -0.347036 0.507222
30  3.859435 -0.132787 1.193062  0.466149 -0.051826 -1.783918
31  1.312558 0.000025 -0.000000  -0.013965 -0.041043 -0.156447
32  0.729345 0.000066 -0.000028  -0.128320 -0.117290 -0.954857
33  3.942045 0.050108 0.430997  0.211501 -0.107596 -1.469120
34  1.539096 0.000011 -0.000000  0.040712 -0.054386 -1.030469
35  1.196300 0.000076 -0.000004  -0.249391 -0.043040 -0.795121
36  3.883411 -0.050502 -0.431087  0.186407 -0.271796 -1.212184
37  1.719563 -0.000079 -0.000003  0.020974 -0.107650 -1.483528
38  1.209199 0.000036 0.000011  -0.324719 0.069674 -0.493483
39  3.859584 -0.149112 -1.331323  -0.110833 0.118346 -0.118772
40  1.719412 -0.000099 -0.000034  -0.019525 0.026216 -0.112669
41  1.099674 0.000025 0.000007  0.239119 0.043639 -0.299131
42  0.805978 -0.359854 -1.318338  0.991670 0.166767 -0.799535
43  1.789780 -0.000009 -0.000043  0.000057 -0.002451 0.133097
44  1.206997 -0.000006 0.000006  0.000372 -0.000070 1.058781
45  5.740571 0.000056 0.000726  0.162179 -0.000014 0.000021
46  11.480995 0.000055 0.000940  0.162765 -0.052729 0.099031
47  6.027514 -0.000273 -0.000235  -1.016571 -0.213622 -1.502235
48  0.000000 11.691975 -0.000005  -1.030962 0.477390 0.811286
49  0.000003 -0.000001 0.000000  2.881454 -0.000041 1.570856
50  -0.000006 -0.000015 0.000005  2.272644 -0.000030 1.570865
51  -6.710681 -11.350908 -2.818233  -2.814650 -0.054103 -0.780337
52  0.000000 -0.000001 0.000000  0.008153 -0.000259 0.000009
53  -0.000001 -0.000000 -0.000000  1.565115 0.043565 -0.106862
54  5.705701 -19.663792 -4.098533  -1.700614 -0.718656 -1.592935
55  0.000001 0.000001 -0.000000  0.000000 -0.000000 -0.000002
56  0.000031 0.000030 0.000001  -1.571901 -0.044449 -0.106509
57  7.202790 -19.259499 -17.055128  1.570796 -0.000000 0.000000
58  -17.772699 4.002314 -16.454041  1.570796 -0.000000 0.000000
59  2.236387 -2.421983 -5.367696  1.570796 -0.000000 0.000000
60  -0.004311 0.001230 -0.000371  0.006898 -0.005534 -0.284229
61  -1.375872 5.365924 -3.997767  1.570796 -0.000000 0.000000
62  0.000000 0.000000 0.000000  -0.078727 -3.136056 0.284226
63  0.000000 0.000000 0.000000  1.571617 0.000208 0.000008
64  -1.203540 -16.083017 1.205018  1.611495 -0.410988 0.927852
65  -0.109377 -1.951952 -1.519205  -0.000000 0.000000 -0.000000
66  -0.109377 0.057027 25.399250  -0.000000 0.000000 -0.000000
67  -0.109377 -1.856732 0.287230  -0.000000 0.000000 -0.000000
68  -0.104046 -4.495924 7.879276  -0.000000 0.000000 -0.000000
69  -0.195264 4.332631 -6.347185  -0.000000 0.000000 -0.000000
70  -1.290110 3.693283 8.579669  0.022713 -0.014049 -0.017451
71  -0.109853 -1.345264 4.822539  -0.000000 0.000000 -0.000000
72  -1.107527 -1.063453 4.061647  -0.000000 0.000000 -0.000000
73  0.003659 1.612363 10.733982  -0.000000 0.000000 0.225196
74  2.857024 -19.156424 0.980536  1.611495 -0.410988 0.927852
time 40
0  0.000006 0.000000 0.000000  -1.570800 -1.391899 -1.570792
1  -4.849906 3.337897 2.232070  -1.544956 -1.855077 -0.198630
2  6.027522 -0.000323 0.000193  -1.360300 -1.027675 -1.356517
3  11.692108 0.000644 -0.000740  -1.384586 -0.000018 -1.421111
4  11.479747 0.000604 -0.000750  1.255589 -0.181172 -0.113378
5  3.859509 -0.142879 -1.192049  -0.478600 0.114858 -0.964224
6  1.312590 0.000010 0.000008  -0.003547 0.012109 -0.261959
7  0.729355 0.000053 0.000050  0.138128 -0.056555 -0.039049
8  3.942143 0.046272 -0.431512  -0.155984 -0.001527 -0.861481
9  1.539111 0.000084 0.000006  -0.000906 0.006217 0.029179
10  1.196332 0.000144 0.000029  -0.106460 -0.032066 -0.994504
11  3.883504 -0.047268 0.431381  0.085898 0.021851 -0.587925
12  1.719573 -0.000025 0.000015  0.000015 0.005519 -0.366533
13  1.209179 0.000094 0.000012  0.031052 -0.154429 -0.851836
14  3.859662 -0.138475 1.332411  0.351463 -0.012349 -0.325636
15  1.719450 -0.000012 0.000022  -0.000997 0.034023 -0.280596
16  1.099674 0.000049 0.000006  0.179984 -0.171907 -0.610581
17  0.805993 -0.349051 1.321254  -1.643650 -0.950377 -0.245886
18  1.789821 -0.000004 -0.000018  0.008528 0.007013 -0.005127
19  1.207017 -0.000011 -0.000041  0.359774 -0.020568 0.239258
20  5.740637 0.000409 -0.000702  -0.110095 0.000003 0.000071
21  11.480962 0.000331 -0.000807  -0.058962 -0.013723 -0.041139
22  6.027524 -0.000329 0.000203  1.924657 -0.421178 1.050199
23  0.000001 11.692099 -0.000007  -0.982526 -0.432947 -0.779932
24  0.000002 0.000006 -0.000001  -0.515490 -0.000031 1.570739
25  -0.000001 -0.000011 -0.000001  0.868957 0.000002 1.570712
26  -4.888802 -4.568908 -1.375871  1.473120 1.855075 -0.198639
27  6.027510 -0.000263 -0.000222  1.852951 0.968419 -0.286248
28  11.691992 0.000245 0.000856  0.608925 0.000048 -1.508904
29  11.480212 0.000070 0.000959  -0.847888 -0.341145 0.496824
30  3.859435 -0.132786 1.193061  0.466149 -0.051826 -1.783918
31  1.312557 0.000025 -0.000000  -0.013965 -0.041043 -0.156447
32  0.729345 0.000066 -0.000028  -0.128320 -0.117290 -0.954857
33  3.942045 0.050109 0.430997  0.211501 -0.107596 -1.469120
34  1.539096 0.000011 -0.000000  0.040712 -0.054386 -1.030469
35  1.196299 0.000076 -0.000004  -0.249391 -0.043040 -0.795121
36  3.883411 -0.050502 -0.431087  0.186407 -0.271796 -1.212184
37  1.719563 -0.000079 -0.000003  0.020974 -0.107650 -1.483528
38  1.209198 0.000036 0.000011  -0.324719 0.069674 -0.493483
39  3.859584 -0.149111 -1.331323  -0.110833 0.118346 -0.118772
40  1.719412 -0.000100 -0.000034  -0.019525 0.026216 -0.112669
41  1.099674 0.000025 0.000007  0.239119 0.043639 -0.299131
42  0.805978 -0.359853 -1.318338  0.991670 0.166767 -0.799535
43  1.789780 -0.000009 -0.000043  0.000057 -0.002451 0.133097
44  1.206996 -0.000006 0.000004  0.000372 -0.000070 1.058781
45  5.740571 0.000055 0.000724  0.158674 -0.000014 0.000021
46  11.480987 0.000050 0.000941  0.160729 -0.052662 0.096638
47  6.027514 -0.000273 -0.000235  -1.010096 -0.233040 -1.504753
48  -0.000001 11.691975 -0.000005  -1.034682 0.480875 0.813629
49  0.000003 -0.000002 0.000001  2.881454 -0.000041 1.570856
50  -0.000007 -0.000016 0.000005  2.272644 -0.000030 1.570865
51  -6.710681 -11.350908 -3.128721  -2.814650 -0.054103 -0.780337
52  -0.000000 -0.000001 0.000000  0.008153 -0.000259 0.000009
53  -0.000000 0.000000 -0.000000  1.565115 0.043565 -0.106862
54  5.705701 -19.663792 -4.409021  -1.700614 -0.718656 -1.592935
55  0.000000 -0.000000 -0.000000  0.000000 -0.000000 -0.000002
56  0.000031 0.000028 0.000001  -1.571901 -0.044449 -0.106509
57  7.202790 -19.259499 -17.055128  1.570796 -0.000000 0.000000
58  -17.772699 4.002314 -16.454041  1.570796 -0.000000 0.000000
59  2.236387 -2.421983 -5.367696  1.570796 -0.000000 0.000000
60  -0.004311 0.001230 -0.000371  0.006898 -0.005534 -0.284229
61  -1.375872 5.365924 -3.997767  1.570796 -0.000000 0.000000
62  0.000000 0.000000 0.000000  -0.078727 -3.136056 0.284226
63  0.000000 0.000000 0.000000  1.573670 0.000726 0.000060
64  -1.203540 -16.083017 0.894530  1.611495 -0.410988 0.927852
65  -0.109377 -1.951952 -1.519205  -0.000000 0.000000 -0.000000
66  -0.109377 0.057027 25.399250  -0.000000 0.000000 -0.000000
67  -0.109378 -1.856732 0.287230  -0.000000 0.000000 -0.000000
68  -0.104047 -4.495924 7.879276  -0.000000 0.000000 -0.000000
69  -0.195264 4.332630 -6.347188  -0.000000 0.000000 -0.000000
70  -1.290110 3.693282 8.579667  0.022713 -0.014049 -0.017451
71  -0.109853 -1.345264 4.822540  -0.000000 0.000000 -0.000000
72  -1.107527 -1.063453 4.061647  -0.000000 0.000000 -0.000000
73  0.003659 1.612363 10.733982  -0.000000 0.000000 0.225230
74  2.857024 -19.156424 0.670048  1.611495 -0.410988 0.927852
time 41
0  0.000006 0.000000 0.000000  -1.570800 -1.391899 -1.570792
1  -4.849906 3.337897 2.232070  -1.544956 -1.855077 -0.198630
2  6.027522 -0.000323 0.000193  -1.361731 -1.007211 -1.347866
3  11.692109 0.000643 -0.000740  -1.384586 -0.000018 -1.420021
4  11.479751 0.000606 -0.000752  1.239472 -0.156443 -0.112889
5  3.859508 -0.142881 -1.192050  -0.478600 0.114858 -0.964224
6  1.312590 0.000011 0.000008  -0.003547 0.012109 -0.261959
7  0.729355 0.000050 0.000049  0.138128 -0.056555 -0.039049
8  3.942144 0.046272 -0.431512  -0.155984 -0.001527 -0.861481
9  1.539111 0.000086 0.000005  -0.000907 0.006217 0.029179
10  1.196333 0.000145 0.000028  -0.106460 -0.032066 -0.994504
11  3.883505 -0.047270 0.431381  0.085898 0.021851 -0.587925
12  1.719573 -0.000027 0.000015  0.000015 0.005519 -0.366533
13  1.209179 0.000090 0.000012  0.031052 -0.154429 -0.851836
14  3.859664 -0.138476 1.332410  0.351463 -0.012349 -0.325636
15  1.719448 -0.000011 0.000021  -0.000997 0.034023 -0.280596
16  1.099675 0.000046 0.000006  0.179984 -0.171907 -0.610581
17  0.805994 -0.349051 1.321253  -1.643650 -0.950377 -0.245886
18  1.789819 -0.000004 -0.000019  0.008528 0.007013 -0.005127
19  1.207016 -0.000012 -0.000044  0.359774 -0.020568 0.239258
20  5.740638 0.000409 -0.000705  -0.108978 0.000003 0.000071
21  11.480964 0.000332 -0.000811  -0.062191 -0.008761 -0.040803
22  6.027524 -0.000329 0.000203  1.940418 -0.435801 1.051084
23  0.000001 11.692099 -0.000008  -0.981874 -0.432362 -0.779502
24  0.000003 0.000009 0.000001  -0.515490 -0.000031 1.570739
25  -0.000001 -0.000012 -0.000002  0.868957 0.000002 1.570712
26  -4.897202 -4.601413 -1.339802  1.473120 1.855075 -0.198639
27  6.027510 -0.000263 -0.000224  1.815214 0.950855 -0.316601
28  11.691992 0.000242 0.000857  0.608927 0.000048 -1.527288
29  11.480064 -0.000002 0.001008  -0.859321 -0.313518 0.493787
30  3.859437 -0.132787 1.193062  0.466149 -0.051826 -1.783918
31  1.312559 0.000025 0.000000  -0.013965 -0.041044 -0.156447
32  0.729345 0.000066 -0.000027  -0.128320 -0.117290 -0.954857
33  3.942046 0.050109 0.430997  0.211501 -0.107596 -1.469120
34  1.539096 0.000010 0.000001  0.040712 -0.054386 -1.030469
35  1.196299 0.000076 -0.000004  -0.249391 -0.043040 -0.795121
36  3.883411 -0.050501 -0.431087  0.186407 -0.271796 -1.212184
37  1.719563 -0.000077 -0.000004  0.020974 -0.107650 -1.483528
38  1.209198 0.000036 0.000012  -0.324719 0.069674 -0.493483
39  3.859585 -0.149112 -1.331323  -0.110833 0.118346 -0.118772
40  1.719411 -0.000100 -0.000034  -0.019525 0.026216 -0.112669
41  1.099673 0.000025 0.000006  0.239119 0.043639 -0.299131
42  0.805978 -0.359854 -1.318338  0.991670 0.166767 -0.799535
43  1.789779 -0.000009 -0.000042  0.000057 -0.002451 0.133097
44  1.206996 -0.000007 0.000006  0.000372 -0.000070 1.058782
45  5.740571 0.000056 0.000725  0.156552 -0.000014 0.000021
46  11.480956 0.000037 0.000951  0.157290 -0.048095 0.094554
47  6.027515 -0.000273 -0.000237  -1.001197 -0.259549 -1.506368
48  -0.000001 11.691975 -0.000009  -1.045550 0.491110 0.820421
49  0.000002 -0.000000 0.000000  2.881454 -0.000041 1.570856
50  -0.000007 -0.000015 0.000005  2.272644 -0.000030 1.570865
51  -6.612275 -11.220887 -3.506850  -2.817514 -0.054685 -0.795172
52  0.000000 -0.000001 0.000000  0.008153 -0.000259 0.000009
53  -0.000001 0.000000 0.000000  1.565115 0.043565 -0.106862
54  5.676005 -19.722057 -4.786695  -1.702670 -0.721132 -1.606571
55  0.000001 -0.000000 -0.000000  0.000000 -0.000000 -0.000002
56  0.000031 0.000029 0.000001  -1.571901 -0.044449 -0.106509
57  7.202790 -19.259499 -17.055128  1.570796 -0.000000 0.000000
58  -17.772699 4.002314 -16.454041  1.570796 -0.000000 0.000000
59  2.236387 -2.421983 -5.367696  1.570796 -0.000000 0.000000
60  -0.004311 0.001230 -0.000371  0.006898 -0.005534 -0.284229
61  -1.339803 5.399405 -4.000249  1.570796 -0.000000 0.000000
62  0.000000 0.000000 0.000000  -0.078727 -3.136056 0.284226
63  0.000000 0.000000 0.000000  1.576339 0.001401 0.000204
64  -1.170108 -16.025288 0.519135  1.611294 -0.408075 0.912942
65  -0.109378 -1.951952 -1.519205  -0.000000 -0.000000 0.000000
66  -0.109376 0.057025 25.399254  -0.000000 -0.000000 0.000000
67  -0.109378 -1.856733 0.287230  -0.000000 -0.000000 0.000000
68  -0.104048 -4.495923 7.879279  -0.000000 -0.000000 0.000000
69  -0.195265 4.332630 -6.347187  -0.000000 -0.000000 0.000000
70  -1.290114 3.693282 8.579668  0.022713 -0.014049 -0.017451
71  -0.109855 -1.345264 4.822541  -0.000000 -0.000000 0.000000
72  -1.107528 -1.063454 4.061647  -0.000000 -0.000000 0.000000
73  0.003660 1.612362 10.733982  -0.000000 0.000000 0.225262
74  2.843562 -19.159758 0.295668  1.611294 -0.408075 0.912942
time 42
0  0.000006 0.000000 0.000000  -1.570800 -1.391899 -1.570792
1  -4.849906 3.337897 2.232070  -1.544956 -1.855077 -0.198630
2  6.027522 -0.000323 0.000193  -1.357580 -0.989639 -1.339962
3  11.692109 0.000645 -0.000739  -1.384585 -0.000017 -1.409346
4  11.479812 0.000611 -0.000718  1.200720 -0.116446 -0.103091
5  3.859509 -0.142879 -1.192049  -0.478600 0.114858 -0.964224
6  1.312590 0.000009 0.000009  -0.003547 0.012109 -0.261959
7  0.729354 0.000053 0.000048  0.138128 -0.056555 -0.039049
8  3.942145 0.046274 -0.431512  -0.155984 -0.001527 -0.861481
9  1.539111 0.000085 0.000007  -0.000906 0.006217 0.029179
10  1.196332 0.000147 0.000030  -0.106460 -0.032066 -0.994504
11  3.883507 -0.047269 0.431381  0.085898 0.021851 -0.587925
12  1.719573 -0.000025 0.000015  0.000015 0.005519 -0.366533
13  1.209180 0.000092 0.000012  0.031052 -0.154429 -0.851836
14  3.859665 -0.138474 1.332410  0.351463 -0.012349 -0.325636
15  1.719448 -0.000012 0.000023  -0.000997 0.034023 -0.280596
16  1.099675 0.000048 0.000005  0.179984 -0.171907 -0.610581
17  0.805995 -0.349050 1.321253  -1.643650 -0.950377 -0.245886
18  1.789819 -0.000003 -0.000021  0.008528 0.007013 -0.005127
19  1.207015 -0.000012 -0.000045  0.359774 -0.020568 0.239258
20  5.740638 0.000410 -0.000701  -0.109018 0.000003 0.000071
21  11.480975 0.000334 -0.000800  -0.069931 -0.000991 -0.038582
22  6.027524 -0.000329 0.000203  1.951747 -0.450259 1.057620
23  0.000001 11.692099 -0.000008  -0.975483 -0.426644 -0.775271
24  0.000002 0.000007 -0.000002  -0.515490 -0.000031 1.570739
25  -0.000001 -0.000011 -0.000002  0.868957 0.000002 1.570712
26  -4.922597 -4.699688 -1.230755  1.473120 1.855075 -0.198639
27  6.027510 -0.000263 -0.000223  1.768752 0.926720 -0.349776
28  11.691991 0.000243 0.000856  0.608926 0.000052 -1.566732
29  11.479769 -0.000148 0.001109  -0.875260 -0.249004 0.504908
30  3.859436 -0.132789 1.193062  0.466149 -0.051826 -1.783918
31  1.312559 0.000026 -0.000000  -0.013965 -0.041043 -0.156447
32  0.729345 0.000065 -0.000028  -0.128320 -0.117290 -0.954857
33  3.942046 0.050108 0.430997  0.211501 -0.107596 -1.469120
34  1.539096 0.000009 0.000000  0.040712 -0.054386 -1.030469
35  1.196300 0.000076 -0.000004  -0.249391 -0.043040 -0.795121
36  3.883412 -0.050503 -0.431087  0.186407 -0.271796 -1.212184
37  1.719564 -0.000078 -0.000003  0.020974 -0.107650 -1.483528
38  1.209197 0.000036 0.000011  -0.324719 0.069674 -0.493483
39  3.859585 -0.149114 -1.331323  -0.110833 0.118346 -0.118772
40  1.719412 -0.000098 -0.000034  -0.019525 0.026216 -0.112669
41  1.099673 0.000025 0.000007  0.239119 0.043639 -0.299131
42  0.805979 -0.359855 -1.318338  0.991670 0.166767 -0.799535
43  1.789779 -0.000009 -0.000042  0.000057 -0.002451 0.133097
44  1.206997 -0.000006 0.000006  0.000372 -0.000070 1.058782
45  5.740571 0.000056 0.000725  0.157084 -0.000014 0.000021
46  11.480899 0.000007 0.000971  0.151682 -0.035759 0.093419
47  6.027515 -0.000273 -0.000235  -0.989137 -0.294205 -1.505348
48  0.000000 11.691974 -0.000006  -1.068802 0.513289 0.834696
49  0.000003 -0.000000 0.000002  2.881454 -0.000041 1.570856
50  -0.000006 -0.000015 0.000005  2.272644 -0.000030 1.570865
51  -6.334874 -10.840867 -3.925415  -2.826952 -0.057110 -0.835005
52  0.000000 0.000000 0.000000  0.008153 -0.000259 0.000009
53  -0.000000 -0.000001 0.000000  1.565115 0.043565 -0.106862
54  5.593548 -19.841291 -5.196165  -1.709010 -0.729627 -1.642724
55  -0.000000 0.000001 -0.000000  0.000000 -0.000000 -0.000002
56  0.000030 0.000031 0.000001  -1.571901 -0.044449 -0.106509
57  7.202790 -19.259499 -17.055128  1.570796 -0.000000 0.000000
58  -17.772699 4.002314 -16.454041  1.570796 -0.000000 0.000000
59  2.236387 -2.421983 -5.367696  1.570796 -0.000000 0.000000
60  -0.004311 0.001230 -0.000371  0.006898 -0.005534 -0.284229
61  -1.230755 5.500631 -4.007751  1.570796 -0.000000 0.000000
62  0.000000 0.000000 0.000000  -0.078727 -3.136056 0.284226
63  0.000000 0.000000 0.000000  1.579008 0.002074 0.000484
64  -1.069381 -15.828197 0.113039  1.610084 -0.398409 0.873056
65  -0.109379 -1.951951 -1.519205  0.000000 -0.000000 0.000000
66  -0.109380 0.057026 25.399252  0.000000 -0.000000 0.000000
67  -0.109379 -1.856732 0.287229  0.000000 -0.000000 0.000000
68  -0.104049 -4.495923 7.879277  0.000000 -0.000000 0.000000
69  -0.195264 4.332630 -6.347189  0.000000 -0.000000 0.000000
70  -1.290113 3.693282 8.579666  0.022713 -0.014049 -0.017451
71  -0.109856 -1.345264 4.822542  0.000000 -0.000000 0.000000
72  -1.107528 -1.063453 4.061646  0.000000 -0.000000 0.000000
73  0.003657 1.612363 10.733983  -0.000000 -0.000000 0.225290
74  2.813365 -19.123854 -0.104486  1.610084 -0.398409 0.873056
time 43
0  0.000006 0.000000 0.000000  -1.570800 -1.391899 -1.570792
1  -4.849906 3.337897 2.232070  -1.544956 -1.855077 -0.198630
2  6.027522 -0.000323 0.000193  -1.347972 -0.972604 -1.331249
3  11.692109 0.000643 -0.000739  -1.384585 -0.000016 -1.400487
4  11.479860 0.000616 -0.000692  1.145832 -0.068439 -0.090973
5  3.859510 -0.142879 -1.192048  -0.478600 0.114858 -0.964224
6  1.312590 0.000013 0.000004  -0.003547 0.012109 -0.261959
7  0.729354 0.000054 0.000047  0.138128 -0.056555 -0.039049
8  3.942144 0.046273 -0.431511  -0.155984 -0.001527 -0.861481
9  1.539111 0.000085 0.000006  -0.000906 0.006217 0.029179
10  1.196332 0.000145 0.000030  -0.106460 -0.032066 -0.994504
11  3.883505 -0.047268 0.431383  0.085898 0.021851 -0.587925
12  1.719573 -0.000027 0.000016  0.000015 0.005519 -0.366533
13  1.209179 0.000090 0.000013  0.031052 -0.154429 -0.851836
14  3.859663 -0.138476 1.332411  0.351463 -0.012349 -0.325636
15  1.719450 -0.000012 0.000022  -0.000997 0.034023 -0.280596
16  1.099675 0.000051 0.000005  0.179984 -0.171907 -0.610581
17  0.805993 -0.349051 1.321254  -1.643650 -0.950377 -0.245886
18  1.789819 -0.000004 -0.000018  0.008528 0.007013 -0.005127
19  1.207015 -0.000014 -0.000044  0.359774 -0.020568 0.239258
20  5.740636 0.000410 -0.000704  -0.111627 0.000003 0.000071
21  11.480985 0.000334 -0.000799  -0.080986 0.008206 -0.035641
22  6.027524 -0.000329 0.000203  1.960190 -0.466428 1.070584
23  0.000001 11.692101 -0.000006  -0.970172 -0.421917 -0.771739
24  0.000003 0.000007 -0.000000  -0.515490 -0.000030 1.570739
25  -0.000001 -0.000011 -0.000001  0.868957 0.000002 1.570712
26  -4.964920 -4.863470 -1.049019  1.473120 1.855075 -0.198639
27  6.027511 -0.000262 -0.000224  1.718194 0.896870 -0.381014
28  11.691992 0.000245 0.000856  0.608929 0.000055 -1.624059
29  11.479366 -0.000337 0.001240  -0.894868 -0.155805 0.525847
30  3.859436 -0.132786 1.193062  0.466149 -0.051826 -1.783918
31  1.312558 0.000025 -0.000001  -0.013965 -0.041044 -0.156447
32  0.729345 0.000066 -0.000027  -0.128320 -0.117290 -0.954857
33  3.942046 0.050111 0.430997  0.211501 -0.107596 -1.469120
34  1.539097 0.000009 -0.000000  0.040712 -0.054386 -1.030469
35  1.196299 0.000076 -0.000004  -0.249391 -0.043040 -0.795121
36  3.883411 -0.050500 -0.431087  0.186407 -0.271796 -1.212184
37  1.719564 -0.000078 -0.000003  0.020974 -0.107650 -1.483528
38  1.209197 0.000035 0.000011  -0.324719 0.069674 -0.493483
39  3.859585 -0.149110 -1.331323  -0.110833 0.118346 -0.118772
40  1.719413 -0.000099 -0.000035  -0.019525 0.026216 -0.112668
41  1.099673 0.000023 0.000007  0.239119 0.043639 -0.299131
42  0.805978 -0.359851 -1.318338  0.991670 0.166767 -0.799535
43  1.789779 -0.000009 -0.000042  0.000057 -0.002451 0.133097
44  1.206997 -0.000006 0.000005  0.000372 -0.000070 1.058781
45  5.740571 0.000056 0.000724  0.158878 -0.000014 0.000021
46  11.480817 -0.000031 0.000997  0.143875 -0.017586 0.092920
47  6.027516 -0.000273 -0.000237  -0.974309 -0.334826 -1.501195
48  -0.000000 11.691976 -0.000006  -1.102482 0.546027 0.854692
49  0.000002 -0.000001 -0.000000  2.881454 -0.000041 1.570856
50  -0.000006 -0.000015 0.000006  2.272644 -0.000030 1.570865
51  -5.909261 -10.221999 -4.356205  -2.844714 -0.062459 -0.892762
52  -0.000001 0.000000 -0.000000  0.008153 -0.000259 0.000009
53  -0.000000 0.000002 0.000000  1.565115 0.043565 -0.106862
54  5.456307 -19.927258 -5.597757  -1.720422 -0.746110 -1.693866
55  0.000001 0.000001 0.000001  0.000000 -0.000000 -0.000002
56  0.000030 0.000030 0.000001  -1.571901 -0.044449 -0.106509
57  7.202790 -19.259499 -17.055128  1.570796 -0.000000 0.000000
58  -17.772699 4.002314 -16.454041  1.570796 -0.000000 0.000000
59  2.236387 -2.421983 -5.367696  1.570796 -0.000000 0.000000
60  -0.004311 0.001230 -0.000371  0.006898 -0.005534 -0.284229
61  -1.049020 5.669330 -4.020255  1.570796 -0.000000 0.000000
62  0.000000 0.000000 0.000000  -0.078727 -3.136056 0.284226
63  0.000000 0.000000 0.000000  1.581062 0.002590 0.000942
64  -0.903653 -15.448301 -0.289554  1.606981 -0.380113 0.815416
65  -0.109378 -1.951952 -1.519205  -0.000000 -0.000000 0.000000
66  -0.109378 0.057027 25.399250  -0.000000 -0.000000 0.000000
67  -0.109379 -1.856732 0.287231  -0.000000 -0.000000 0.000000
68  -0.104048 -4.495923 7.879278  -0.000000 -0.000000 0.000000
69  -0.195262 4.332630 -6.347188  -0.000000 -0.000000 0.000000
70  -1.290111 3.693283 8.579668  0.022713 -0.014049 -0.017451
71  -0.109855 -1.345264 4.822542  -0.000000 -0.000000 0.000000
72  -1.107529 -1.063453 4.061648  -0.000000 -0.000000 0.000000
73  0.003659 1.612363 10.733983  -0.000000 -0.000000 0.225316
74  2.776450 -18.969713 -0.491802  1.606981 -0.380113 0.815416
time 44
0  0.000006 0.000000 0.000000  -1.570800 -1.391899 -1.570792
1  -4.849906 3.337897 2.232070  -1.544956 -1.855077 -0.198630
2  6.027522 -0.000323 0.000193  -1.332178 -0.953493 -1.319793
3  11.692108 0.000643 -0.000738  -1.384585 -0.000017 -1.404989
4  11.479833 0.000613 -0.000705  1.079097 -0.019907 -0.085669
5  3.859510 -0.142878 -1.192049  -0.478600 0.114858 -0.964224
6  1.312589 0.000014 0.000010  -0.003547 0.012109 -0.261959
7  0.729355 0.000055 0.000051  0.138128 -0.056555 -0.039049
8  3.942144 0.046275 -0.431512  -0.155984 -0.001527 -0.861481
9  1.539111 0.000084 0.000004  -0.000906 0.006217 0.029179
10  1.196332 0.000145 0.000029  -0.106460 -0.032066 -0.994504
11  3.883505 -0.047268 0.431381  0.085898 0.021851 -0.587925
12  1.719573 -0.000026 0.000014  0.000015 0.005519 -0.366533
13  1.209180 0.000090 0.000012  0.031052 -0.154429 -0.851836
14  3.859664 -0.138473 1.332410  0.351463 -0.012349 -0.325636
15  1.719450 -0.000011 0.000022  -0.000997 0.034023 -0.280596
16  1.099675 0.000046 0.000006  0.179984 -0.171907 -0.610581
17  0.805995 -0.349049 1.321254  -1.643650 -0.950377 -0.245886
18  1.789818 -0.000004 -0.000017  0.008528 0.007013 -0.005127
19  1.207014 -0.000012 -0.000044  0.359774 -0.020568 0.239258
20  5.740636 0.000410 -0.000702  -0.118095 0.000003 0.000071
21  11.480980 0.000335 -0.000800  -0.094468 0.017597 -0.033739
22  6.027524 -0.000329 0.000203  1.967080 -0.486654 1.091845
23  0.000002 11.692097 -0.000008  -0.972872 -0.424317 -0.773536
24  0.000002 0.000008 -0.000001  -0.515490 -0.000030 1.570739
25  -0.000001 -0.000012 -0.000001  0.868957 0.000002 1.570712
26  -5.023472 -5.090055 -0.797595  1.473120 1.855075 -0.198639
27  6.027509 -0.000263 -0.000225  1.668213 0.862056 -0.406114
28  11.691989 0.000244 0.000855  0.608930 0.000060 -1.696513
29  11.480622 0.000269 0.000818  -0.919170 -0.043003 0.553579
30  3.859436 -0.132788 1.193062  0.466149 -0.051826 -1.783918
31  1.312558 0.000025 0.000001  -0.013965 -0.041043 -0.156447
32  0.729345 0.000066 -0.000027  -0.128320 -0.117290 -0.954857
33  3.942046 0.050109 0.430997  0.211501 -0.107596 -1.469120
34  1.539097 0.000010 0.000000  0.040712 -0.054386 -1.030469
35  1.196299 0.000076 -0.000004  -0.249391 -0.043040 -0.795121
36  3.883411 -0.050501 -0.431087  0.186407 -0.271796 -1.212184
37  1.719563 -0.000077 -0.000004  0.020974 -0.107650 -1.483528
38  1.209196 0.000036 0.000011  -0.324719 0.069674 -0.493483
39  3.859584 -0.149112 -1.331323  -0.110833 0.118346 -0.118772
40  1.719412 -0.000100 -0.000034  -0.019525 0.026216 -0.112669
41  1.099675 0.000025 0.000006  0.239119 0.043639 -0.299131
42  0.805979 -0.359853 -1.318338  0.991669 0.166767 -0.799535
43  1.789779 -0.000009 -0.000041  0.000057 -0.002451 0.133097
44  1.206996 -0.000007 0.000006  0.000372 -0.000070 1.058782
45  5.740570 0.000056 0.000724  0.160406 -0.000014 0.000021
46  11.481067 0.000090 0.000914  0.133569 0.004288 0.093007
47  6.027514 -0.000274 -0.000237  -0.956442 -0.378947 -1.494025
48  -0.000002 11.691973 -0.000005  -1.144943 0.588202 0.878664
49  0.000003 -0.000002 -0.000000  2.881454 -0.000041 1.570856
50  -0.000007 -0.000015 0.000005  2.272644 -0.000030 1.570865
51  -5.380543 -9.377835 -4.769850  -2.873582 -0.071931 -0.961223
52  -0.000000 0.000002 -0.000000  0.008153 -0.000259 0.000009
53  -0.000000 -0.000000 -0.000000  1.565115 0.043565 -0.106862
54  5.252128 -19.887886 -5.950896  -1.738889 -0.773315 -1.751545
55  -0.000000 0.000002 0.000001  0.000000 -0.000000 -0.000002
56  0.000031 0.000031 0.000002  -1.571901 -0.044449 -0.106509
57  7.202790 -19.259499 -17.055128  1.570796 -0.000000 0.000000
58  -17.772699 4.002314 -16.454041  1.570796 -0.000000 0.000000
59  2.236387 -2.421983 -5.367696  1.570796 -0.000000 0.000000
60  -0.004311 0.001230 -0.000371  0.006898 -0.005534 -0.284229
61  -0.797595 5.902719 -4.037554  1.570796 -0.000000 0.000000
62  0.000000 0.000000 0.000000  -0.078727 -3.136056 0.284226
63  0.000000 0.000000 0.000000  1.581884 0.002793 0.001620
64  -0.680428 -14.844124 -0.654439  1.601161 -0.350284 0.747095
65  -0.109380 -1.951951 -1.519205  0.000000 0.000000 -0.000000
66  -0.109381 0.057028 25.399256  0.000000 0.000000 -0.000000
67  -0.109380 -1.856732 0.287229  0.000000 0.000000 -0.000000
68  -0.104050 -4.495923 7.879276  0.000000 0.000000 -0.000000
69  -0.195265 4.332631 -6.347186  0.000000 0.000000 -0.000000
70  -1.290115 3.693284 8.579668  0.022713 -0.014049 -0.017451
71  -0.109858 -1.345263 4.822542  0.000000 0.000000 -0.000000
72  -1.107530 -1.063453 4.061648  0.000000 0.000000 -0.000000
73  0.003657 1.612364 10.733983  0.000000 0.000000 0.225338
74  2.739439 -18.620224 -0.827542  1.601161 -0.350284 0.747095
time 45
0  0.000006 0.000000 0.000000  -1.570800 -1.391899 -1.570792
1  -4.786958 3.421720 2.246135  -1.544956 -1.855077 -0.198630
2  6.027523 -0.000323 0.000194  -1.307601 -0.925536 -1.304405
3  11.692109 0.000643 -0.000739  -1.384587 -0.000019 -1.438011
4  11.479657 0.000596 -0.000800  1.004316 0.021454 -0.099533
5  3.859511 -0.142879 -1.192049  -0.478898 0.107301 -0.986168
6  1.312589 0.000012 0.000008  -0.003751 0.012348 -0.265025
7  0.729355 0.000056 0.000050  0.123919 -0.055016 -0.039402
8  3.942142 0.046272 -0.431513  -0.153003 -0.004815 -0.882195
9  1.539111 0.000081 0.000004  -0.000947 0.005982 0.028239
10  1.196333 0.000145 0.000028  -0.104299 -0.033915 -1.004853
11  3.883505 -0.047270 0.431381  0.088353 0.016600 -0.595151
12  1.719572 -0.000028 0.000014  -0.000044 0.005515 -0.379593
13  1.209179 0.000092 0.000013  0.030608 -0.151804 -0.857832
14  3.859663 -0.138475 1.332410  0.351612 -0.017639 -0.327588
15  1.719449 -0.000009 0.000022  0.000190 0.029116 -0.293591
16  1.099675 0.000047 0.000006  0.181880 -0.173283 -0.603177
17  0.805994 -0.349050 1.321254  -1.637774 -0.941475 -0.253318
18  1.789819 -0.000004 -0.000021  0.008301 0.008254 -0.004242
19  1.207015 -0.000012 -0.000043  0.359509 -0.020939 0.240205
20  5.740637 0.000411 -0.000704  -0.129472 0.000003 0.000071
21  11.480945 0.000332 -0.000823  -0.109407 0.026305 -0.035464
22  6.027525 -0.000329 0.000203  1.975741 -0.517218 1.122908
23  0.000001 11.692101 -0.000006  -0.992623 -0.442054 -0.786565
24  0.000002 0.000006 0.000000  -0.515490 -0.000031 1.570739
25  -0.000001 -0.000011 -0.000000  0.868957 0.000002 1.570712
26  -5.096743 -5.373600 -0.482969  1.473120 1.855075 -0.198639
27  6.027509 -0.000261 -0.000226  1.624674 0.825002 -0.420953
28  11.691990 0.000242 0.000854  0.608929 0.000067 -1.776050
29  11.479895 -0.000134 0.001101  -0.953232 0.076993 0.583161
30  3.859436 -0.132789 1.193062  0.466149 -0.051826 -1.783918
31  1.312558 0.000025 -0.000001  -0.013965 -0.041043 -0.156447
32  0.729346 0.000066 -0.000027  -0.128320 -0.117290 -0.954857
33  3.942047 0.050108 0.430997  0.211501 -0.107596 -1.469120
34  1.539097 0.000010 0.000001  0.040712 -0.054386 -1.030469
35  1.196300 0.000076 -0.000004  -0.249391 -0.043040 -0.795121
36  3.883411 -0.050504 -0.431087  0.186407 -0.271796 -1.212184
37  1.719563 -0.000079 -0.000003  0.020974 -0.107650 -1.483528
38  1.209197 0.000036 0.000011  -0.324719 0.069674 -0.493483
39  3.859585 -0.149113 -1.331323  -0.110833 0.118346 -0.118772
40  1.719412 -0.000100 -0.000034  -0.019525 0.026216 -0.112669
41  1.099674 0.000025 0.000007  0.239119 0.043639 -0.299131
42  0.805978 -0.359856 -1.318338  0.991670 0.166767 -0.799535
43  1.789779 -0.000009 -0.000042  0.000057 -0.002451 0.133097
44  1.206997 -0.000006 0.000004  0.000372 -0.000070 1.058782
45  5.740571 0.000055 0.000724  0.159239 -0.000014 0.000021
46  11.480922 0.000009 0.000970  0.120118 0.026809 0.093514
47  6.027514 -0.000273 -0.000237  -0.935982 -0.422021 -1.484311
48  -0.000001 11.691974 -0.000006  -1.191580 0.635443 0.903233
49  0.000004 -0.000000 -0.000000  2.881454 -0.000041 1.570856
50  -0.000006 -0.000015 0.000004  2.272644 -0.000030 1.570865
51  -4.817137 -8.373915 -5.134151  -2.918338 -0.086939 -1.032867
52  0.000001 0.000000 -0.000000  0.008153 -0.000259 0.000009
53  0.000000 -0.000001 0.000000  1.565115 0.043565 -0.106862
54  4.961233 -19.693378 -6.212519  -1.769008 -0.815392 -1.805248
55  -0.000001 -0.000001 0.000000  0.000000 -0.000000 -0.000002
56  0.000029 0.000027 0.000001  -1.571901 -0.044449 -0.106509
57  7.202790 -19.259499 -17.055128  1.570796 -0.000000 0.000000
58  -17.772699 4.002314 -16.454041  1.570796 -0.000000 0.000000
59  2.250453 -2.515669 -5.320668  1.570796 -0.000000 0.000000
60  -0.004311 0.001230 -0.000371  0.006898 -0.005534 -0.284229
61  -0.482969 6.194776 -4.059200  1.570796 -0.000000 0.000000
62  0.000000 0.000000 0.000000  -0.078727 -3.136056 0.284226
63  0.000000 0.000000 0.000000  1.580562 -0.000072 0.002650
64  -0.413548 -14.029675 -0.947412  1.591910 -0.304035 0.674872
65  -0.109379 -1.951951 -1.519206  -0.000000 -0.000000 0.000000
66  -0.109378 0.057026 25.399248  -0.000000 -0.000000 0.000000
67  -0.109379 -1.856732 0.287229  -0.000000 -0.000000 0.000000
68  -0.104048 -4.495923 7.879275  -0.000000 -0.000000 0.000000
69  -0.195265 4.332630 -6.347188  -0.000000 -0.000000 0.000000
70  -1.290114 3.693283 8.579667  0.022713 -0.014049 -0.017451
71  -0.109855 -1.345264 4.822539  -0.000000 -0.000000 0.000000
72  -1.107529 -1.063453 4.061647  -0.000000 -0.000000 0.000000
73  0.003658 1.612363 10.733982  -0.000000 0.000000 0.225356
74  2.708393 -18.057350 -1.072729  1.591910 -0.304035 0.674872
time 46
0  0.000006 0.000000 0.000000  -1.570800 -1.391899 -1.570792
1  -4.599062 3.671921 2.288121  -1.544956 -1.855077 -0.198630
2  6.027521 -0.000323 0.000194  -1.277875 -0.884969 -1.286753
3  11.692110 0.000643 -0.000739  -1.384591 -0.000024 -1.534226
4  11.480186 0.000638 -0.000585  1.027141 -0.046368 -0.077051
5  3.859509 -0.142881 -1.192049  -0.478087 0.084624 -1.052075
6  1.312590 0.000012 0.000008  -0.004567 0.014233 -0.277297
7  0.729355 0.000054 0.000050  0.081592 -0.050024 -0.044961
8  3.942145 0.046273 -0.431510  -0.143412 -0.014292 -0.944467
9  1.539110 0.000084 0.000003  -0.001090 0.005285 0.025434
10  1.196332 0.000144 0.000030  -0.097635 -0.039604 -1.035808
11  3.883506 -0.047270 0.431382  0.096174 0.001020 -0.616823
12  1.719573 -0.000027 0.000015  -0.000150 0.005501 -0.418661
13  1.209180 0.000091 0.000012  0.028953 -0.144063 -0.875715
14  3.859663 -0.138477 1.332411  0.352125 -0.032979 -0.333441
15  1.719450 -0.000011 0.000023  0.004009 0.014916 -0.331474
16  1.099675 0.000049 0.000005  0.187346 -0.177368 -0.581626
17  0.805995 -0.349051 1.321254  -1.621271 -0.914725 -0.274499
18  1.789819 -0.000003 -0.000020  0.007631 0.011960 -0.001602
19  1.207017 -0.000011 -0.000042  0.358715 -0.022044 0.243033
20  5.740636 0.000411 -0.000703  -0.129889 0.000003 0.000070
21  11.481050 0.000341 -0.000778  -0.104804 0.011914 -0.033844
22  6.027524 -0.000330 0.000203  1.990139 -0.559992 1.156560
23  0.000002 11.692101 -0.000006  -1.049703 -0.495013 -0.822918
24  0.000001 0.000009 0.000000  -0.515490 -0.000031 1.570739
25  -0.000000 -0.000011 -0.000000  0.868957 0.000002 1.570712
26  -5.182281 -5.704612 -0.115670  1.473120 1.855075 -0.198639
27  6.027508 -0.000260 -0.000226  1.596538 0.791311 -0.421179
28  11.691993 0.000245 0.000855  0.608931 0.000071 -1.843983
29  11.479296 -0.000433 0.001307  -1.009844 0.184788 0.602817
30  3.859437 -0.132788 1.193061  0.466149 -0.051826 -1.783918
31  1.312558 0.000026 -0.000000  -0.013965 -0.041044 -0.156447
32  0.729346 0.000065 -0.000028  -0.128320 -0.117290 -0.954857
33  3.942047 0.050108 0.430996  0.211501 -0.107596 -1.469120
34  1.539097 0.000010 -0.000000  0.040712 -0.054386 -1.030469
35  1.196299 0.000076 -0.000003  -0.249391 -0.043040 -0.795120
36  3.883412 -0.050502 -0.431088  0.186407 -0.271796 -1.212184
37  1.719563 -0.000078 -0.000004  0.020974 -0.107650 -1.483528
38  1.209197 0.000036 0.000011  -0.324719 0.069674 -0.493483
39  3.859585 -0.149113 -1.331323  -0.110833 0.118346 -0.118772
40  1.719412 -0.000098 -0.000034  -0.019525 0.026216 -0.112669
41  1.099675 0.000025 0.000007  0.239119 0.043639 -0.299131
42  0.805979 -0.359855 -1.318338  0.991669 0.166767 -0.799535
43  1.789779 -0.000009 -0.000042  0.000057 -0.002451 0.133097
44  1.206997 -0.000006 0.000004  0.000373 -0.000070 1.058782
45  5.740573 0.000056 0.000724  0.151122 -0.000014 0.000021
46  11.480803 -0.000050 0.001011  0.102441 0.045029 0.093703
47  6.027514 -0.000272 -0.000237  -0.914097 -0.455492 -1.473489
48  -0.000001 11.691976 -0.000006  -1.231603 0.676497 0.922683
49  0.000002 0.000001 0.000001  2.881454 -0.000041 1.570856
50  -0.000008 -0.000015 0.000004  2.272644 -0.000030 1.570865
51  -4.319677 -7.404272 -5.409125  -2.988223 -0.109314 -1.099464
52  -0.000001 -0.000001 0.000000  0.008153 -0.000259 0.000009
53  0.000000 -0.000001 -0.000000  1.565115 0.043565 -0.106862
54  4.641873 -19.136616 -6.122449  -1.697701 -0.788294 -1.875057
55  0.000001 -0.000001 -0.000001  0.000000 -0.000000 -0.000002
56  0.000031 0.000028 -0.000000  -1.571901 -0.044449 -0.106509
57  7.202790 -19.259499 -17.055128  1.570796 -0.000000 0.000000
58  -17.772699 4.002314 -16.454041  1.570796 -0.000000 0.000000
59  2.292438 -2.795312 -5.180293  1.570796 -0.000000 0.000000
60  -0.004311 0.001230 -0.000371  0.006898 -0.005534 -0.284229
61  -0.115670 6.535727 -4.084471  1.570796 -0.000000 0.000000
62  0.000000 0.000000 0.000000  -0.078727 -3.136056 0.284226
63  0.000000 0.000000 0.000000  1.577745 -0.005387 0.003734
64  -0.122934 -13.150656 -1.134267  1.578659 -0.232103 0.604938
65  -0.109378 -1.951951 -1.519205  -0.000000 -0.000000 -0.000000
66  -0.109378 0.057027 25.399250  -0.000000 -0.000000 -0.000000
67  -0.109378 -1.856731 0.287230  -0.000000 -0.000000 -0.000000
68  -0.104047 -4.495923 7.879276  -0.000000 -0.000000 -0.000000
69  -0.195264 4.332630 -6.347187  -0.000000 -0.000000 -0.000000
70  -1.290112 3.693283 8.579669  0.022713 -0.014049 -0.017451
71  -0.109855 -1.345263 4.822540  -0.000000 -0.000000 -0.000000
72  -1.107527 -1.063453 4.061647  -0.000000 -0.000000 -0.000000
73  0.003659 1.612363 10.733983  -0.000000 -0.000000 0.225370
74  2.690387 -17.401155 -1.187870  1.578659 -0.232103 0.604938
time 47
0  0.000006 0.000000 0.000000  -1.570800 -1.391899 -1.570792
1  -4.303257 4.065814 2.354218  -1.544956 -1.855077 -0.198630
2  6.027522 -0.000324 0.000194  -1.253623 -0.843157 -1.265077
3  11.692106 0.000644 -0.000740  -1.384596 -0.000034 -1.688256
4  11.479068 0.000520 -0.001200  1.222207 -0.328438 0.021076
5  3.859509 -0.142880 -1.192050  -0.471997 0.049006 -1.156942
6  1.312589 0.000013 0.000007  -0.006448 0.020068 -0.304335
7  0.729355 0.000055 0.000048  0.014975 -0.041946 -0.064983
8  3.942142 0.046272 -0.431512  -0.126430 -0.027998 -1.043623
9  1.539111 0.000083 0.000004  -0.001371 0.004194 0.021017
10  1.196332 0.000143 0.000030  -0.086521 -0.048872 -1.084720
11  3.883505 -0.047269 0.431381  0.109835 -0.023178 -0.651273
12  1.719572 -0.000028 0.000015  -0.000147 0.005480 -0.480367
13  1.209179 0.000091 0.000012  0.025486 -0.132133 -0.903845
14  3.859662 -0.138475 1.332409  0.353080 -0.054872 -0.342305
15  1.719449 -0.000010 0.000022  0.010441 -0.005239 -0.386067
16  1.099675 0.000049 0.000006  0.195054 -0.183444 -0.550643
17  0.805995 -0.349049 1.321253  -1.598131 -0.872142 -0.305106
18  1.789819 -0.000003 -0.000019  0.006595 0.017797 0.002549
19  1.207013 -0.000012 -0.000044  0.357460 -0.023780 0.247486
20  5.740636 0.000411 -0.000706  -0.112258 0.000003 0.000071
21  11.480824 0.000316 -0.000900  -0.062564 -0.046629 -0.019451
22  6.027525 -0.000331 0.000202  2.007640 -0.602208 1.187075
23  0.000001 11.692100 -0.000007  -1.140172 -0.583373 -0.875955
24  0.000003 0.000008 -0.000001  -0.515490 -0.000031 1.570739
25  -0.000001 -0.000012 -0.000001  0.868957 0.000002 1.570712
26  -5.276678 -6.069913 0.289674  1.473120 1.855075 -0.198639
27  6.027507 -0.000261 -0.000226  1.595069 0.762695 -0.403441
28  11.691992 0.000243 0.000856  0.608929 0.000075 -1.878143
29  11.478996 -0.000566 0.001400  -1.117591 0.253747 0.591478
30  3.859436 -0.132788 1.193062  0.466149 -0.051826 -1.783918
31  1.312558 0.000025 -0.000000  -0.013965 -0.041044 -0.156447
32  0.729343 0.000065 -0.000028  -0.128320 -0.117290 -0.954857
33  3.942046 0.050108 0.430997  0.211501 -0.107596 -1.469120
34  1.539096 0.000010 0.000000  0.040712 -0.054386 -1.030469
35  1.196299 0.000076 -0.000004  -0.249391 -0.043040 -0.795121
36  3.883411 -0.050502 -0.431087  0.186407 -0.271796 -1.212184
37  1.719564 -0.000080 -0.000003  0.020974 -0.107650 -1.483528
38  1.209196 0.000036 0.000012  -0.324719 0.069674 -0.493483
39  3.859585 -0.149112 -1.331323  -0.110833 0.118346 -0.118772
40  1.719411 -0.000099 -0.000034  -0.019525 0.026216 -0.112669
41  1.099672 0.000025 0.000007  0.239119 0.043639 -0.299131
42  0.805979 -0.359854 -1.318338  0.991670 0.166767 -0.799535
43  1.789779 -0.000009 -0.000041  0.000057 -0.002451 0.133097
44  1.206996 -0.000006 0.000006  0.000372 -0.000070 1.058782
45  5.740571 0.000054 0.000724  0.128839 -0.000014 0.000021
46  11.480743 -0.000078 0.001030  0.077769 0.051919 0.092109
47  6.027514 -0.000273 -0.000237  -0.886805 -0.470448 -1.466911
48  -0.000000 11.691974 -0.000006  -1.251844 0.697367 0.931902
49  0.000003 -0.000001 0.000001  2.881454 -0.000041 1.570856
50  -0.000006 -0.000015 0.000005  2.272644 -0.000030 1.570865
51  -4.043357 -6.725647 -5.580315  -3.104875 -0.141826 -1.150659
52  -0.000000 0.000000 0.000000  0.008153 -0.000259 0.000009
53  0.000000 -0.000000 -0.000000  1.565115 0.043565 -0.106862
54  4.450263 -18.176941 -5.594585  -1.456050 -0.588272 -1.919748
55  -0.000000 -0.000000 0.000000  0.000000 -0.000000 -0.000002
56  0.000030 0.000028 0.000002  -1.571901 -0.044449 -0.106509
57  7.282640 -19.316280 -16.991896  1.570796 -0.000000 0.000000
58  -17.772699 4.002314 -16.454041  1.570796 -0.000000 0.000000
59  2.358536 -3.235556 -4.959300  1.570796 -0.000000 0.000000
60  -0.004311 0.001230 -0.000371  0.006898 -0.005534 -0.284229
61  0.289674 6.911995 -4.112359  1.570796 -0.000000 0.000000
62  0.000000 0.000000 0.000000  -0.078727 -3.136056 0.284226
63  0.000000 0.000000 0.000000  1.575165 -0.008245 0.004247
64  0.167681 -12.406811 -1.232955  1.560948 -0.113166 0.542162
65  -0.109378 -1.951951 -1.519206  -0.000000 -0.000000 -0.000000
66  -0.109377 0.057027 25.399252  -0.000000 -0.000000 -0.000000
67  -0.109378 -1.856732 0.287228  -0.000000 -0.000000 -0.000000
68  -0.104047 -4.495924 7.879274  -0.000000 -0.000000 -0.000000
69  -0.195263 4.332630 -6.347187  -0.000000 -0.000000 -0.000000
70  -1.290111 3.693283 8.579670  0.022713 -0.014049 -0.017451
71  -0.109855 -1.345264 4.822540  -0.000000 -0.000000 -0.000000
72  -1.107527 -1.063453 4.061646  -0.000000 -0.000000 -0.000000
73  0.003660 1.612363 10.733982  -0.000000 -0.000000 0.225378
74  2.695100 -16.833342 -1.184250  1.560948 -0.113166 0.542162
time 48
0  0.000006 0.000000 0.000000  -1.570800 -1.391899 -1.570792
1  -3.942920 4.545638 2.434734  -1.544956 -1.855077 -0.198630
2  6.027520 -0.000323 0.000194  -1.220650 -0.824991 -1.237812
3  11.692103 0.000647 -0.000738  -1.384599 -0.000043 -1.811330
4  11.479810 0.000584 -0.000863  1.427292 -0.672015 0.030490
5  3.859510 -0.142880 -1.192050  -0.456242 0.007078 -1.286212
6  1.312589 0.000013 0.000009  -0.010204 0.032535 -0.351982
7  0.729356 0.000055 0.000049  -0.066376 -0.033420 -0.110714
8  3.942144 0.046273 -0.431512  -0.102774 -0.042209 -1.165658
9  1.539111 0.000084 0.000006  -0.001820 0.002879 0.015637
10  1.196333 0.000144 0.000030  -0.071856 -0.060773 -1.144550
11  3.883504 -0.047269 0.431381  0.128845 -0.051970 -0.693831
12  1.719573 -0.000026 0.000015  0.000178 0.005485 -0.555718
13  1.209179 0.000092 0.000012  0.019725 -0.118137 -0.938074
14  3.859662 -0.138475 1.332410  0.354352 -0.076454 -0.352038
15  1.719447 -0.000013 0.000022  0.017965 -0.025006 -0.440791
16  1.099675 0.000049 0.000006  0.202575 -0.189752 -0.519672
17  0.805993 -0.349050 1.321252  -1.573972 -0.819659 -0.338532
18  1.789822 -0.000002 -0.000018  0.005366 0.024914 0.007598
19  1.207015 -0.000012 -0.000043  0.355919 -0.025887 0.252915
20  5.740636 0.000410 -0.000703  -0.123271 0.000003 0.000071
21  11.480969 0.000327 -0.000831  -0.018119 -0.113826 -0.013991
22  6.027524 -0.000330 0.000202  2.000361 -0.630233 1.242972
23  0.000001 11.692100 -0.000006  -1.212407 -0.656705 -0.913455
24  0.000001 0.000009 -0.000000  -0.515490 -0.000031 1.570739
25  -0.000001 -0.000011 -0.000002  0.868957 0.000002 1.570712
26  -5.375734 -6.453239 0.715022  1.473120 1.855075 -0.198639
27  6.027506 -0.000261 -0.000227  1.639632 0.734123 -0.362179
28  11.691991 0.000244 0.000856  0.608931 0.000073 -1.858949
29  11.479164 -0.000490 0.001348  -1.347146 0.245883 0.514954
30  3.859436 -0.132787 1.193061  0.466149 -0.051826 -1.783918
31  1.312558 0.000026 -0.000000  -0.013965 -0.041044 -0.156447
32  0.729345 0.000065 -0.000027  -0.128320 -0.117290 -0.954857
33  3.942046 0.050109 0.430997  0.211501 -0.107596 -1.469120
34  1.539096 0.000009 0.000000  0.040712 -0.054386 -1.030469
35  1.196300 0.000076 -0.000004  -0.249391 -0.043040 -0.795121
36  3.883411 -0.050502 -0.431087  0.186407 -0.271796 -1.212184
37  1.719563 -0.000078 -0.000003  0.020974 -0.107650 -1.483528
38  1.209197 0.000036 0.000011  -0.324719 0.069674 -0.493483
39  3.859585 -0.149111 -1.331324  -0.110833 0.118346 -0.118772
40  1.719412 -0.000100 -0.000034  -0.019525 0.026216 -0.112668
41  1.099672 0.000024 0.000007  0.239119 0.043639 -0.299130
42  0.805979 -0.359854 -1.318339  0.991670 0.166767 -0.799535
43  1.789779 -0.000009 -0.000042  0.000057 -0.002451 0.133097
44  1.206997 -0.000007 0.000005  0.000372 -0.000070 1.058782
45  5.740573 0.000056 0.000724  0.076688 -0.000014 0.000021
46  11.480777 -0.000062 0.001020  0.035481 0.037262 0.085270
47  6.027514 -0.000272 -0.000238  -0.841603 -0.454756 -1.476155
48  -0.000002 11.691974 -0.000006  -1.240460 0.685623 0.926769
49  0.000004 -0.000000 0.000001  2.881454 -0.000041 1.570856
50  -0.000007 -0.000015 0.000005  2.272644 -0.000030 1.570865
51  -4.270778 -6.563719 -5.590657  2.949451 -0.197262 -1.167841
52  -0.000000 0.000000 0.000001  0.008153 -0.000259 0.000009
53  -0.000000 0.000000 -0.000000  1.565115 0.043565 -0.106862
54  4.221754 -17.468214 -5.022888  -1.262231 -0.360725 -1.840106
55  0.000001 0.000001 -0.000000  0.000000 -0.000000 -0.000002
56  0.000031 0.000029 0.000001  -1.571901 -0.044449 -0.106509
57  7.520987 -19.485767 -16.803150  1.570796 -0.000000 0.000000
58  -17.772699 4.002314 -16.454041  1.570796 -0.000000 0.000000
59  2.439053 -3.771842 -4.690095  1.570796 -0.000000 0.000000
60  -0.004311 0.001230 -0.000371  0.006898 -0.005534 -0.284229
61  0.715022 7.306830 -4.141623  1.570796 -0.000000 0.000000
62  0.000000 0.000000 0.000000  -0.078727 -3.136056 0.284226
63  0.000000 0.000000 0.000000  1.573543 -0.007785 0.004018
64  0.434560 -11.882747 -1.292317  1.529223 0.116911 0.486126
65  -0.109379 -1.951951 -1.519205  -0.000000 -0.000000 0.000000
66  -0.109378 0.057027 25.399250  -0.000000 -0.000000 0.000000
67  -0.109379 -1.856732 0.287230  -0.000000 -0.000000 0.000000
68  -0.104049 -4.495924 7.879277  -0.000000 -0.000000 0.000000
69  -0.195265 4.332630 -6.347187  -0.000000 -0.000000 0.000000
70  -1.290112 3.693283 8.579668  0.022713 -0.014049 -0.017451
71  -0.109856 -1.345264 4.822541  -0.000000 -0.000000 0.000000
72  -1.107529 -1.063453 4.061648  -0.000000 -0.000000 0.000000
73  0.003658 1.612363 10.733982  -0.000000 -0.000000 0.225381
74  2.737243 -16.424419 -1.057236  1.529223 0.116911 0.486126
time 49
0  0.000006 0.000000 0.000000  -1.570800 -1.391899 -1.570792
1  -3.582584 5.025463 2.515251  -1.544956 -1.855077 -0.198630
2  6.027522 -0.000323 0.000194  -1.175712 -0.843646 -1.214177
3  11.692104 0.000647 -0.000738  -1.384600 -0.000046 -1.852289
4  11.479443 0.000544 -0.001083  1.456055 -0.832359 -0.066954
5  3.859508 -0.142879 -1.192049  -0.429918 -0.031039 -1.416760
6  1.312589 0.000013 0.000006  -0.017182 0.053715 -0.424278
7  0.729353 0.000054 0.000050  -0.148044 -0.029205 -0.191519
8  3.942145 0.046274 -0.431512  -0.075753 -0.052995 -1.288199
9  1.539111 0.000082 0.000005  -0.002449 0.001585 0.010257
10  1.196332 0.000148 0.000029  -0.055592 -0.073979 -1.204578
11  3.883505 -0.047269 0.431381  0.151111 -0.079776 -0.737117
12  1.719573 -0.000028 0.000015  0.001028 0.005584 -0.631070
13  1.209179 0.000092 0.000012  0.011707 -0.105050 -0.972242
14  3.859661 -0.138475 1.332410  0.355579 -0.090949 -0.360250
15  1.719448 -0.000013 0.000022  0.023831 -0.038490 -0.478935
16  1.099675 0.000049 0.000007  0.207692 -0.194271 -0.498144
17  0.805995 -0.349049 1.321254  -1.553519 -0.766695 -0.368447
18  1.789819 -0.000002 -0.000018  0.004173 0.032036 0.012640
19  1.207015 -0.000012 -0.000044  0.354368 -0.027986 0.258347
20  5.740637 0.000410 -0.000703  -0.178729 0.000003 0.000070
21  11.480895 0.000319 -0.000874  -0.016496 -0.145029 -0.032025
22  6.027525 -0.000330 0.000203  1.956530 -0.632989 1.325785
23  0.000001 11.692100 -0.000005  -1.236592 -0.681576 -0.924897
24  0.000002 0.000009 -0.000001  -0.515490 -0.000030 1.570738
25  -0.000001 -0.000011 -0.000001  0.868957 0.000002 1.570712
26  -5.474790 -6.836565 1.140369  1.473120 1.855075 -0.198639
27  6.027507 -0.000262 -0.000225  1.723452 0.719657 -0.304736
28  11.691992 0.000243 0.000856  0.608929 0.000069 -1.798295
29  11.479699 -0.000236 0.001170  -1.654192 0.172224 0.407947
30  3.859436 -0.132787 1.193063  0.466149 -0.051826 -1.783918
31  1.312558 0.000024 -0.000000  -0.013965 -0.041044 -0.156447
32  0.729344 0.000065 -0.000028  -0.128320 -0.117290 -0.954857
33  3.942046 0.050109 0.430997  0.211501 -0.107596 -1.469120
34  1.539096 0.000009 -0.000001  0.040712 -0.054386 -1.030469
35  1.196298 0.000076 -0.000003  -0.249391 -0.043040 -0.795121
36  3.883411 -0.050502 -0.431086  0.186407 -0.271796 -1.212184
37  1.719563 -0.000079 -0.000003  0.020974 -0.107650 -1.483528
38  1.209197 0.000036 0.000011  -0.324719 0.069674 -0.493484
39  3.859586 -0.149111 -1.331322  -0.110833 0.118346 -0.118772
40  1.719411 -0.000100 -0.000035  -0.019525 0.026216 -0.112668
41  1.099674 0.000025 0.000007  0.239119 0.043639 -0.299131
42  0.805979 -0.359853 -1.318337  0.991670 0.166767 -0.799535
43  1.789780 -0.000009 -0.000042  0.000057 -0.002451 0.133097
44  1.206996 -0.000007 0.000005  0.000372 -0.000070 1.058782
45  5.740572 0.000055 0.000723  0.005586 -0.000014 0.000021
46  11.480885 -0.000011 0.000984  -0.019939 0.009546 0.073666
47  6.027514 -0.000273 -0.000235  -0.799004 -0.403462 -1.492166
48  0.000000 11.691974 -0.000007  -1.204658 0.648818 0.909763
49  0.000003 -0.000000 0.000001  2.881454 -0.000041 1.570856
50  -0.000007 -0.000015 0.000004  2.272644 -0.000030 1.570865
51  -4.829167 -6.737765 -5.266456  2.633714 -0.266139 -1.148864
52  0.000000 0.000001 -0.000000  0.008153 -0.000259 0.000009
53  0.000000 0.000000 0.000001  1.565115 0.043565 -0.106862
54  3.830863 -17.434269 -4.537811  -1.283460 -0.286765 -1.765948
55  -0.000001 -0.000001 -0.000001  0.000000 -0.000000 -0.000002
56  0.000030 0.000028 0.000001  -1.571901 -0.044449 -0.106509
57  7.896216 -19.752594 -16.506008  1.570796 -0.000000 0.000000
58  -17.772699 4.002314 -16.454041  1.570796 -0.000000 0.000000
59  2.519570 -4.308128 -4.420892  1.570796 -0.000000 0.000000
60  -0.004311 0.001230 -0.000371  0.006898 -0.005534 -0.284229
61  1.140369 7.701666 -4.170888  1.570796 -0.000000 0.000000
62  0.000000 0.000000 0.000000  -0.078727 -3.136056 0.284226
63  0.000000 0.000000 0.000000  1.572384 -0.006605 0.003414
64  0.657785 -11.560854 -1.324481  1.470957 0.426706 0.416143
65  -0.109379 -1.951951 -1.519206  -0.000000 -0.000000 0.000000
66  -0.109379 0.057027 25.399252  -0.000000 -0.000000 0.000000
67  -0.109378 -1.856731 0.287229  -0.000000 -0.000000 0.000000
68  -0.104048 -4.495922 7.879276  -0.000000 -0.000000 0.000000
69  -0.195264 4.332631 -6.347187  -0.000000 -0.000000 0.000000
70  -1.290112 3.693283 8.579668  0.022713 -0.014049 -0.017451
71  -0.109855 -1.345263 4.822540  -0.000000 -0.000000 0.000000
72  -1.107528 -1.063453 4.061647  -0.000000 -0.000000 0.000000
73  0.003658 1.612363 10.733981  -0.000000 -0.000000 0.212109
74  2.809884 -16.152456 -0.804827  1.470957 0.426706 0.416143
time 50
0  0.000006 0.000000 0.000000  -1.570800 -1.391899 -1.570792
1  -3.286779 5.419355 2.581348  -1.544956 -1.855077 -0.198630
2  6.027521 -0.000323 0.000193  -1.203739 -0.863639 -1.196579
3  11.692104 0.000643 -0.000740  -1.384601 -0.000049 -1.891438
4  11.479092 0.000507 -0.001273  1.404094 -0.972361 0.054592
5  3.859507 -0.142880 -1.192050  -0.397004 -0.056677 -1.524736
6  1.312591 0.000013 0.000009  -0.029241 0.083952 -0.521716
7  0.729355 0.000054 0.000050  -0.214816 -0.033318 -0.310951
8  3.942141 0.046273 -0.431512  -0.050169 -0.058486 -1.388521
9  1.539110 0.000084 0.000005  -0.003246 0.000558 0.005841
10  1.196332 0.000147 0.000029  -0.040218 -0.087394 -1.253976
11  3.883504 -0.047269 0.431381  0.173366 -0.101545 -0.773326
12  1.719572 -0.000027 0.000015  0.002518 0.005845 -0.692777
13  1.209179 0.000091 0.000012  0.002085 -0.095640 -1.000189
14  3.859660 -0.138476 1.332410  0.356407 -0.095043 -0.365546
15  1.719449 -0.000009 0.000023  0.025975 -0.043083 -0.492103
16  1.099674 0.000049 0.000006  0.209427 -0.195848 -0.490751
17  0.805993 -0.349050 1.321254  -1.539067 -0.722984 -0.390816
18  1.789821 -0.000003 -0.000016  0.003220 0.037888 0.016773
19  1.207015 -0.000012 -0.000044  0.353085 -0.029702 0.262809
20  5.740636 0.000409 -0.000703  -0.207713 0.000003 0.000071
21  11.480823 0.000312 -0.000912  -0.015794 -0.173980 -0.015737
22  6.027525 -0.000330 0.000202  1.960893 -0.606037 1.319724
23  0.000003 11.692100 -0.000007  -1.259831 -0.705546 -0.935316
24  0.000003 0.000008 -0.000002  -0.515490 -0.000030 1.570739
25  -0.000001 -0.000011 -0.000001  0.868957 0.000002 1.570712
26  -5.569188 -7.201867 1.545714  1.473120 1.855075 -0.198639
27  6.027506 -0.000264 -0.000228  1.735716 0.717980 -0.283659
28  11.691992 0.000243 0.000855  0.608930 0.000064 -1.751112
29  11.480120 -0.000014 0.001016  -1.765275 0.174165 0.310567
30  3.859437 -0.132787 1.193061  0.466149 -0.051826 -1.783918
31  1.312558 0.000025 -0.000000  -0.013965 -0.041044 -0.156447
32  0.729345 0.000066 -0.000027  -0.128320 -0.117290 -0.954857
33  3.942046 0.050110 0.430997  0.211501 -0.107596 -1.469120
34  1.539096 0.000010 -0.000000  0.040712 -0.054386 -1.030469
35  1.196301 0.000076 -0.000003  -0.249391 -0.043040 -0.795121
36  3.883412 -0.050502 -0.431087  0.186407 -0.271796 -1.212184
37  1.719563 -0.000079 -0.000003  0.020974 -0.107650 -1.483528
38  1.209197 0.000036 0.000012  -0.324719 0.069674 -0.493483
39  3.859585 -0.149112 -1.331324  -0.110833 0.118346 -0.118772
40  1.719411 -0.000099 -0.000035  -0.019525 0.026216 -0.112669
41  1.099673 0.000024 0.000005  0.239119 0.043639 -0.299131
42  0.805979 -0.359854 -1.318338  0.991670 0.166767 -0.799535
43  1.789779 -0.000009 -0.000042  0.000057 -0.002451 0.133097
44  1.206996 -0.000006 0.000006  0.000372 -0.000070 1.058782
45  5.740571 0.000055 0.000725  -0.022459 -0.000014 0.000021
46  11.480967 0.000033 0.000953  -0.041374 0.007396 0.057142
47  6.027515 -0.000275 -0.000238  -0.793613 -0.395504 -1.481262
48  -0.000001 11.691974 -0.000005  -1.176944 0.620531 0.895731
49  0.000003 -0.000001 -0.000001  2.881454 -0.000041 1.570856
50  -0.000007 -0.000015 0.000005  2.272644 -0.000030 1.570865
51  -4.768696 -6.781111 -5.381033  2.527062 -0.329624 -1.152121
52  -0.000000 0.000000 0.000000  0.008153 -0.000259 0.000009
53  0.000000 0.000000 -0.000000  1.565115 0.043565 -0.106862
54  4.157075 -17.504530 -3.830978  -1.240247 -0.186327 -1.769826
55  -0.000001 -0.000001 0.000000  0.000000 -0.000000 -0.000002
56  0.000029 0.000028 0.000001  -1.571901 -0.044449 -0.106509
57  8.353305 -20.077629 -16.144043  1.570796 -0.000000 0.000000
58  -17.772699 4.002314 -16.454041  1.570796 -0.000000 0.000000
59  2.585668 -4.748372 -4.199899  1.570796 -0.000000 0.000000
60  -0.004311 0.001230 -0.000371  0.006898 -0.005534 -0.284229
61  1.545714 8.077934 -4.198776  1.570796 -0.000000 0.000000
62  0.000000 0.000000 0.000000  -0.078727 -3.136056 0.284226
63  0.000000 0.000000 0.000000  1.571608 -0.004995 0.002584
64  0.823513 -11.398248 -1.341573  1.395209 0.526186 0.346745
65  -0.109379 -1.951951 -1.519206  -0.000000 -0.000000 -0.000000
66  -0.109380 0.057027 25.399254  -0.000000 -0.000000 -0.000000
67  -0.109379 -1.856732 0.287229  -0.000000 -0.000000 -0.000000
68  -0.104048 -4.495923 7.879275  -0.000000 -0.000000 -0.000000
69  -0.195264 4.332630 -6.347188  -0.000000 -0.000000 -0.000000
70  -1.290112 3.693283 8.579668  0.022713 -0.014049 -0.017451
71  -0.109856 -1.345264 4.822540  -0.000000 -0.000000 -0.000000
72  -1.107528 -1.063452 4.061646  -0.000000 -0.000000 -0.000000
73  0.003659 1.612363 10.733983  0.000000 -0.000000 0.175068
74  2.862266 -15.994804 -0.505180  1.395209 0.526186 0.346745
time 51
0  0.000006 0.000000 0.000000  -1.570800 -1.391899 -1.570792
1  -3.098883 5.669557 2.623333  -1.544956 -1.855077 -0.198630
2  6.027521 -0.000324 0.000193  -1.259164 -0.909025 -1.188546
3  11.692103 0.000645 -0.000740  -1.384601 -0.000049 -1.898842
4  11.479026 0.000500 -0.001305  1.310942 -1.072754 0.255872
5  3.859507 -0.142880 -1.192050  -0.363227 -0.066477 -1.594154
6  1.312590 0.000011 0.000008  -0.048324 0.121464 -0.641359
7  0.729354 0.000054 0.000050  -0.255258 -0.045561 -0.466281
8  3.942141 0.046273 -0.431513  -0.029824 -0.059275 -1.451943
9  1.539111 0.000085 0.000004  -0.004183 -0.000042 0.003036
10  1.196332 0.000145 0.000029  -0.027846 -0.100492 -1.285459
11  3.883505 -0.047269 0.431381  0.192538 -0.114427 -0.796869
12  1.719573 -0.000027 0.000015  0.004658 0.006280 -0.731844
13  1.209180 0.000089 0.000012  -0.008244 -0.091533 -1.017762
14  3.859661 -0.138476 1.332409  0.357776 -0.081814 -0.366992
15  1.719451 -0.000011 0.000022  0.024129 -0.037636 -0.459376
16  1.099676 0.000047 0.000006  0.211179 -0.189598 -0.517967
17  0.805994 -0.349050 1.321253  -1.530844 -0.695156 -0.404140
18  1.789820 -0.000002 -0.000019  0.002628 0.041607 0.019396
19  1.207016 -0.000012 -0.000042  0.352267 -0.030789 0.265645
20  5.740637 0.000410 -0.000704  -0.228248 0.000003 0.000071
21  11.480809 0.000310 -0.000920  -0.012727 -0.196312 0.008719
22  6.027525 -0.000330 0.000202  1.961625 -0.548712 1.284401
23  0.000001 11.692098 -0.000008  -1.264242 -0.710099 -0.937227
24  0.000001 0.000008 -0.000001  -0.515490 -0.000031 1.570739
25  -0.000001 -0.000012 -0.000002  0.868957 0.000002 1.570712
26  -5.654725 -7.532879 1.913013  1.473120 1.855075 -0.198639
27  6.027506 -0.000263 -0.000229  1.733273 0.722958 -0.270527
28  11.691992 0.000243 0.000854  0.608928 0.000061 -1.692266
29  11.480665 0.000291 0.000804  -1.835276 0.181224 0.200435
30  3.859436 -0.132787 1.193061  0.466149 -0.051826 -1.783918
31  1.312558 0.000026 -0.000001  -0.013965 -0.041044 -0.156447
32  0.729346 0.000067 -0.000026  -0.128320 -0.117290 -0.954857
33  3.942046 0.050109 0.430997  0.211501 -0.107596 -1.469120
34  1.539096 0.000009 0.000000  0.040712 -0.054386 -1.030469
35  1.196300 0.000076 -0.000004  -0.249391 -0.043040 -0.795121
36  3.883411 -0.050502 -0.431087  0.186407 -0.271796 -1.212184
37  1.719563 -0.000078 -0.000004  0.020974 -0.107650 -1.483528
38  1.209198 0.000035 0.000010  -0.324719 0.069674 -0.493483
39  3.859585 -0.149111 -1.331323  -0.110833 0.118346 -0.118772
40  1.719411 -0.000099 -0.000035  -0.019525 0.026216 -0.112669
41  1.099674 0.000025 0.000007  0.239119 0.043639 -0.299131
42  0.805979 -0.359854 -1.318337  0.991669 0.166767 -0.799535
43  1.789780 -0.000010 -0.000042  0.000057 -0.002451 0.133097
44  1.206996 -0.000006 0.000006  0.000372 -0.000070 1.058781
45  5.740573 0.000056 0.000724  -0.041508 -0.000014 0.000021
46  11.481079 0.000095 0.000910  -0.054842 0.009160 0.037160
47  6.027514 -0.000273 -0.000239  -0.799360 -0.395389 -1.464303
48  -0.000001 11.691975 -0.000005  -1.142454 0.585707 0.877301
49  0.000002 -0.000000 -0.000000  2.881454 -0.000041 1.570856
50  -0.000006 -0.000014 0.000004  2.272644 -0.000030 1.570865
51  -4.664811 -6.952840 -5.630062  2.466615 -0.395400 -1.154428
52  0.000000 0.000000 -0.000000  0.008153 -0.000259 0.000009
53  0.000000 0.000000 0.000000  1.565115 0.043565 -0.106862
54  4.682794 -17.709885 -2.907230  -1.181638 -0.106687 -1.772092
55  0.000002 -0.000000 -0.000000  0.000000 -0.000000 -0.000002
56  0.000031 0.000028 0.000001  -1.571901 -0.044449 -0.106509
57  8.810393 -20.402664 -15.782078  1.570796 -0.000000 0.000000
58  -17.772699 4.002314 -16.454041  1.570796 -0.000000 0.000000
59  2.627653 -5.028015 -4.059524  1.570796 -0.000000 0.000000
60  -0.004311 0.001230 -0.000371  0.006898 -0.005534 -0.284229
61  1.913013 8.418885 -4.224047  1.570796 -0.000000 0.000000
62  0.000000 0.000000 0.000000  -0.078727 -3.136056 0.284226
63  0.000000 0.000000 0.000000  1.571139 -0.003242 0.001678
64  0.924240 -11.357441 -1.355722  1.311537 0.575574 0.279156
65  -0.109378 -1.951951 -1.519207  0.000000 -0.000000 0.000000
66  -0.109380 0.057028 25.399250  0.000000 -0.000000 0.000000
67  -0.109379 -1.856731 0.287228  0.000000 -0.000000 0.000000
68  -0.104048 -4.495923 7.879276  0.000000 -0.000000 0.000000
69  -0.195264 4.332631 -6.347187  0.000000 -0.000000 0.000000
70  -1.290114 3.693284 8.579668  0.022713 -0.014049 -0.017451
71  -0.109855 -1.345263 4.822538  0.000000 -0.000000 0.000000
72  -1.107529 -1.063452 4.061646  0.000000 -0.000000 0.000000
73  0.003658 1.612363 10.733983  0.000000 -0.000000 0.118383
74  2.879263 -15.918225 -0.188881  1.311537 0.575574 0.279156
time 52
0  0.000006 0.000000 0.000000  -1.570800 -1.391899 -1.570792
1  -3.035934 5.753379 2.637399  -1.544956 -1.855077 -0.198630
2  6.027522 -0.000324 0.000193  -1.305773 -0.975195 -1.183597
3  11.692104 0.000643 -0.000739  -1.384600 -0.000047 -1.869953
4  11.479281 0.000525 -0.001169  1.207463 -1.086587 0.399955
5  3.859508 -0.142880 -1.192049  -0.332311 -0.061520 -1.618951
6  1.312589 0.000012 0.000009  -0.075839 0.162921 -0.778363
7  0.729354 0.000053 0.000049  -0.264116 -0.060610 -0.650712
8  3.942141 0.046272 -0.431512  -0.016356 -0.056925 -1.473351
9  1.539111 0.000082 0.000004  -0.005225 -0.000152 0.002097
10  1.196332 0.000145 0.000030  -0.019729 -0.113157 -1.296155
11  3.883502 -0.047269 0.431382  0.206801 -0.117762 -0.805304
12  1.719571 -0.000030 0.000016  0.007393 0.006832 -0.744901
13  1.209180 0.000091 0.000012  -0.018591 -0.093118 -1.023306
14  3.859661 -0.138476 1.332410  0.360639 -0.047030 -0.364063
15  1.719449 -0.000012 0.000022  0.019865 -0.021907 -0.366865
16  1.099676 0.000048 0.000006  0.212476 -0.172229 -0.594374
17  0.805994 -0.349050 1.321254  -1.528242 -0.685827 -0.408463
18  1.789817 -0.000003 -0.000020  0.002431 0.042853 0.020274
19  1.207018 -0.000012 -0.000044  0.351992 -0.031153 0.266595
20  5.740638 0.000410 -0.000702  -0.249798 0.000003 0.000071
21  11.480861 0.000315 -0.000891  -0.016835 -0.202201 0.022845
22  6.027525 -0.000329 0.000202  1.938197 -0.480067 1.263164
23  0.000003 11.692098 -0.000008  -1.247060 -0.692368 -0.929662
24  0.000003 0.000009 -0.000000  -0.515490 -0.000031 1.570739
25  -0.000001 -0.000012 -0.000002  0.868957 0.000002 1.570712
26  -5.727995 -7.816423 2.227638  1.473120 1.855075 -0.198639
27  6.027506 -0.000263 -0.000228  1.744093 0.728603 -0.253425
28  11.691990 0.000245 0.000855  0.608929 0.000055 -1.631398
29  11.479315 -0.000356 0.001254  -1.925083 0.166942 0.095267
30  3.859437 -0.132788 1.193062  0.466149 -0.051826 -1.783918
31  1.312558 0.000025 -0.000000  -0.013965 -0.041044 -0.156447
32  0.729345 0.000065 -0.000027  -0.128320 -0.117290 -0.954857
33  3.942046 0.050109 0.430996  0.211501 -0.107596 -1.469120
34  1.539097 0.000010 -0.000000  0.040712 -0.054386 -1.030469
35  1.196301 0.000076 -0.000004  -0.249391 -0.043040 -0.795121
36  3.883412 -0.050502 -0.431087  0.186407 -0.271796 -1.212184
37  1.719564 -0.000079 -0.000004  0.020974 -0.107650 -1.483528
38  1.209196 0.000036 0.000011  -0.324719 0.069674 -0.493483
39  3.859586 -0.149112 -1.331324  -0.110833 0.118346 -0.118772
40  1.719412 -0.000100 -0.000034  -0.019525 0.026216 -0.112669
41  1.099673 0.000025 0.000006  0.239119 0.043639 -0.299131
42  0.805978 -0.359854 -1.318339  0.991670 0.166767 -0.799535
43  1.789780 -0.000010 -0.000042  0.000057 -0.002451 0.133097
44  1.206997 -0.000006 0.000005  0.000372 -0.000070 1.058781
45  5.740570 0.000056 0.000724  -0.064412 -0.000014 0.000021
46  11.480804 -0.000034 0.001000  -0.071972 0.007530 0.018260
47  6.027515 -0.000274 -0.000238  -0.801846 -0.385793 -1.453437
48  -0.000000 11.691975 -0.000005  -1.106787 0.550259 0.857187
49  0.000002 0.000001 -0.000000  2.881454 -0.000041 1.570856
50  -0.000007 -0.000015 0.000004  2.272644 -0.000030 1.570865
51  -4.728196 -7.159008 -5.761964  2.376161 -0.457824 -1.144556
52  -0.000000 -0.000000 0.000001  0.008153 -0.000259 0.000009
53  -0.000000 -0.000000 -0.000000  1.565115 0.043565 -0.106862
54  5.049700 -17.965658 -1.982146  -1.172667 -0.098516 -1.782968
55  0.000001 0.000000 -0.000000  0.000000 -0.000000 -0.000002
56  0.000030 0.000029 0.000001  -1.571901 -0.044449 -0.106509
57  9.185623 -20.669487 -15.484936  1.570796 -0.000000 0.000000
58  -17.772699 4.002314 -16.454041  1.570796 -0.000000 0.000000
59  2.641719 -5.121701 -4.012496  1.570796 -0.000000 0.000000
60  -0.004311 0.001230 -0.000371  0.006898 -0.005534 -0.284229
61  2.227639 8.710942 -4.245693  1.570796 -0.000000 0.000000
62  0.000000 0.000000 0.000000  -0.078727 -3.136056 0.284226
63  0.000000 0.000000 0.000000  1.570898 -0.001633 0.000845
64  0.957672 -11.326621 -1.379055  1.218428 0.645287 0.198129
65  -0.109379 -1.951951 -1.519205  0.000000 -0.000000 -0.000000
66  -0.109380 0.057027 25.399254  0.000000 -0.000000 -0.000000
67  -0.109379 -1.856731 0.287229  0.000000 -0.000000 -0.000000
68  -0.104048 -4.495923 7.879277  0.000000 -0.000000 -0.000000
69  -0.195264 4.332630 -6.347186  0.000000 -0.000000 -0.000000
70  -1.290112 3.693283 8.579669  0.022713 -0.014049 -0.017451
71  -0.109856 -1.345264 4.822542  0.000000 -0.000000 -0.000000
72  -1.107529 -1.063453 4.061648  0.000000 -0.000000 -0.000000
73  0.003659 1.612363 10.733982  0.000000 -0.000000 0.046270
74  2.853559 -15.820442 0.102694  1.218428 0.645287 0.198129
time 53
0  0.000006 0.000000 0.000000  -1.570800 -1.391899 -1.570792
1  -3.035934 5.753379 2.637399  -1.544956 -1.855077 -0.198630
2  6.027522 -0.000324 0.000192  -1.324579 -1.030397 -1.178850
3  11.692103 0.000645 -0.000738  -1.384600 -0.000045 -1.837372
4  11.479576 0.000559 -0.001002  1.145235 -1.032527 0.413611
5  3.859510 -0.142880 -1.192050  -0.296348 0.011858 -1.467226
6  1.312590 0.000014 0.000007  -0.161142 0.267651 -1.065521
7  0.729355 0.000054 0.000049  -0.287282 0.037726 -1.110180
8  3.942143 0.046273 -0.431512  -0.013016 -0.041186 -1.442917
9  1.539111 0.000081 0.000005  -0.005305 0.024970 0.069849
10  1.196333 0.000144 0.000029  -0.032899 -0.135644 -1.197150
11  3.883504 -0.047269 0.431381  0.216175 -0.098901 -0.771930
12  1.719572 -0.000029 0.000015  0.013318 0.012469 -0.619805
13  1.209179 0.000092 0.000012  -0.145716 -0.147001 -0.851932
14  3.859661 -0.138476 1.332410  0.364274 -0.003011 -0.358423
15  1.719449 -0.000010 0.000022  0.016555 -0.001238 -0.248094
16  1.099673 0.000048 0.000006  0.205010 -0.151527 -0.691826
17  0.805993 -0.349050 1.321253  -1.528242 -0.685827 -0.408463
18  1.789819 -0.000004 -0.000018  0.002431 0.042853 0.020274
19  1.207014 -0.000012 -0.000041  0.351992 -0.031153 0.266595
20  5.740639 0.000411 -0.000701  -0.274239 0.000003 0.000070
21  11.480921 0.000324 -0.000857  -0.029259 -0.193590 0.021832
22  6.027525 -0.000329 0.000202  1.907434 -0.431215 1.265593
23  0.000003 11.692098 -0.000008  -1.227771 -0.672494 -0.920793
24  0.000001 0.000009 -0.000000  -0.515490 -0.000031 1.570739
25  -0.000001 -0.000012 -0.000001  0.868957 0.000002 1.570712
26  -5.786548 -8.043009 2.479062  1.473120 1.855075 -0.198639
27  6.027506 -0.000263 -0.000228  1.771278 0.726593 -0.232730
28  11.691991 0.000243 0.000855  0.608928 0.000053 -1.591122
29  11.479592 -0.000232 0.001168  -2.042176 0.135343 0.017663
30  3.859436 -0.132788 1.193062  0.466149 -0.051826 -1.783918
31  1.312558 0.000025 0.000001  -0.013965 -0.041044 -0.156447
32  0.729345 0.000065 -0.000027  -0.128320 -0.117290 -0.954857
33  3.942047 0.050109 0.430997  0.211501 -0.107596 -1.469120
34  1.539097 0.000010 -0.000001  0.040712 -0.054386 -1.030469
35  1.196300 0.000075 -0.000004  -0.249391 -0.043040 -0.795120
36  3.883412 -0.050501 -0.431087  0.186407 -0.271796 -1.212184
37  1.719564 -0.000078 -0.000004  0.020974 -0.107650 -1.483528
38  1.209196 0.000035 0.000011  -0.324719 0.069674 -0.493483
39  3.859585 -0.149111 -1.331323  -0.110833 0.118346 -0.118772
40  1.719413 -0.000100 -0.000033  -0.019525 0.026216 -0.112669
41  1.099673 0.000024 0.000007  0.239119 0.043639 -0.299131
42  0.805979 -0.359854 -1.318338  0.991670 0.166767 -0.799535
43  1.789780 -0.000008 -0.000042  0.000057 -0.002451 0.133097
44  1.206996 -0.000007 0.000005  0.000372 -0.000070 1.058781
45  5.740572 0.000056 0.000725  -0.092483 -0.000014 0.000021
46  11.480864 -0.000010 0.000984  -0.094856 0.002864 0.004777
47  6.027515 -0.000274 -0.000238  -0.792134 -0.367501 -1.454395
48  -0.000002 11.691976 -0.000005  -1.083146 0.527146 0.843312
49  0.000003 -0.000001 0.000000  2.881454 -0.000041 1.570856
50  -0.000007 -0.000014 0.000005  2.272644 -0.000030 1.570865
51  -4.944280 -7.221640 -5.697337  2.242665 -0.508339 -1.122450
52  0.000000 -0.000000 -0.000000  0.008153 -0.000259 0.000009
53  0.000000 0.000000 0.000000  1.565115 0.043565 -0.106862
54  5.134068 -18.110836 -1.335641  -1.218433 -0.158866 -1.811111
55  -0.000001 0.000001 -0.000000  0.000000 -0.000000 -0.000002
56  0.000030 0.000029 0.000001  -1.571901 -0.044449 -0.106509
57  9.423969 -20.838974 -15.296190  1.570796 -0.000000 0.000000
58  -17.772699 4.002314 -16.454041  1.570796 -0.000000 0.000000
59  2.641719 -5.121701 -4.012496  1.570796 -0.000000 0.000000
60  -0.004311 0.001230 -0.000371  0.006898 -0.005534 -0.284229
61  2.479063 8.944331 -4.262992  1.570796 -0.000000 0.000000
62  0.000000 0.000000 0.000000  -0.078727 -3.136056 0.284226
63  0.000000 0.000000 0.000000  1.570809 -0.000456 0.000236
64  0.950337 -11.205653 -1.420758  1.111093 0.743963 0.089305
65  -0.109379 -1.951951 -1.519206  0.000000 0.000000 -0.000000
66  -0.109378 0.057027 25.399256  0.000000 0.000000 -0.000000
67  -0.109379 -1.856732 0.287230  0.000000 0.000000 -0.000000
68  -0.104047 -4.495924 7.879276  0.000000 0.000000 -0.000000
69  -0.195264 4.332630 -6.347188  0.000000 0.000000 -0.000000
70  -1.290113 3.693284 8.579668  0.022713 -0.014049 -0.017451
71  -0.109855 -1.345264 4.822542  0.000000 0.000000 -0.000000
72  -1.107528 -1.063453 4.061648  0.000000 0.000000 -0.000000
73  0.003659 1.612363 10.733984  0.000000 -0.000000 -0.036850
74  2.806716 -15.619668 0.327018  1.111093 0.743963 0.089305
time 54
0  0.000006 0.000000 0.000000  -1.570800 -1.391899 -1.570792
1  -3.035934 5.753379 2.637399  -1.544956 -1.855077 -0.198630
2  6.027522 -0.000325 0.000192  -1.301032 -1.057707 -1.182600
3  11.692104 0.000644 -0.000739  -1.384599 -0.000043 -1.820139
4  11.479728 0.000574 -0.000910  1.105789 -0.937260 0.312013
5  3.859508 -0.142880 -1.192049  -0.267318 0.074872 -1.312408
6  1.312590 0.000013 0.000007  -0.244760 0.334099 -1.279762
7  0.729355 0.000054 0.000048  -0.350464 0.128724 -1.464736
8  3.942142 0.046272 -0.431512  -0.018262 -0.012007 -1.377358
9  1.539111 0.000087 0.000005  0.001751 0.078208 0.215619
10  1.196332 0.000145 0.000029  -0.073799 -0.160605 -0.982395
11  3.883505 -0.047269 0.431381  0.219391 -0.080897 -0.738130
12  1.719573 -0.000027 0.000014  0.018109 0.017207 -0.494680
13  1.209179 0.000089 0.000012  -0.274739 -0.176714 -0.674724
14  3.859662 -0.138476 1.332410  0.367229 0.031044 -0.353359
15  1.719451 -0.000011 0.000022  0.015702 0.014982 -0.155865
16  1.099674 0.000047 0.000006  0.184077 -0.139742 -0.766821
17  0.805991 -0.349051 1.321253  -1.528242 -0.685827 -0.408463
18  1.789818 -0.000004 -0.000018  0.002431 0.042853 0.020274
19  1.207016 -0.000011 -0.000043  0.351992 -0.031153 0.266595
20  5.740636 0.000409 -0.000704  -0.300088 0.000003 0.000070
21  11.480950 0.000327 -0.000839  -0.049352 -0.174535 0.005061
22  6.027525 -0.000329 0.000202  1.878476 -0.417450 1.294124
23  0.000004 11.692099 -0.000007  -1.217599 -0.662036 -0.915962
24  0.000003 0.000008 -0.000002  -0.515490 -0.000031 1.570739
25  -0.000001 -0.000011 -0.000001  0.868957 0.000002 1.570712
26  -5.828871 -8.206791 2.660799  1.473120 1.855075 -0.198639
27  6.027506 -0.000262 -0.000227  1.817116 0.714317 -0.208849
28  11.691990 0.000243 0.000857  0.608927 0.000053 -1.585109
29  11.479639 -0.000211 0.001151  -2.192259 0.089746 -0.012533
30  3.859436 -0.132787 1.193061  0.466149 -0.051826 -1.783918
31  1.312559 0.000027 -0.000000  -0.013965 -0.041044 -0.156447
32  0.729345 0.000066 -0.000026  -0.128320 -0.117290 -0.954857
33  3.942047 0.050109 0.430997  0.211501 -0.107596 -1.469120
34  1.539096 0.000010 0.000000  0.040712 -0.054386 -1.030469
35  1.196300 0.000076 -0.000004  -0.249391 -0.043040 -0.795120
36  3.883411 -0.050502 -0.431087  0.186407 -0.271796 -1.212184
37  1.719563 -0.000077 -0.000003  0.020974 -0.107650 -1.483528
38  1.209197 0.000036 0.000011  -0.324719 0.069674 -0.493483
39  3.859585 -0.149112 -1.331323  -0.110833 0.118346 -0.118772
40  1.719411 -0.000100 -0.000035  -0.019525 0.026216 -0.112669
41  1.099673 0.000025 0.000007  0.239119 0.043639 -0.299131
42  0.805979 -0.359854 -1.318338  0.991670 0.166767 -0.799535
43  1.789780 -0.000009 -0.000042  0.000057 -0.002451 0.133097
44  1.206996 -0.000007 0.000004  0.000372 -0.000070 1.058781
45  5.740573 0.000055 0.000724  -0.127148 -0.000014 0.000021
46  11.480873 -0.000007 0.000980  -0.124765 -0.005297 0.000247
47  6.027514 -0.000273 -0.000237  -0.767870 -0.338884 -1.469152
48  0.000001 11.691973 -0.000008  -1.079610 0.523720 0.841204
49  0.000003 -0.000001 -0.000001  2.881454 -0.000041 1.570856
50  -0.000007 -0.000015 0.000004  2.272644 -0.000030 1.570865
51  -5.256913 -7.035856 -5.359117  2.059990 -0.537028 -1.090265
52  -0.000000 0.000000 0.000000  0.008153 -0.000259 0.000009
53  0.000000 0.000000 0.000000  1.565115 0.043565 -0.106862
54  4.861166 -18.133472 -1.110010  -1.316358 -0.271582 -1.848987
55  -0.000001 -0.000000 0.000000  0.000000 -0.000000 -0.000002
56  0.000029 0.000029 0.000001  -1.571901 -0.044449 -0.106509
57  9.503819 -20.895756 -15.232958  1.570796 -0.000000 0.000000
58  -17.772699 4.002314 -16.454041  1.570796 -0.000000 0.000000
59  2.641719 -5.121701 -4.012496  1.570796 -0.000000 0.000000
60  -0.004311 0.001230 -0.000371  0.006898 -0.005534 -0.284229
61  2.660800 9.113030 -4.275496  1.570796 -0.000000 0.000000
62  0.000000 0.000000 0.000000  -0.078727 -3.136056 0.284226
63  0.000000 0.000000 0.000000  1.570796 -0.000000 0.000000
64  0.928983 -10.983201 -1.478247  0.973228 0.873815 -0.069937
65  -0.109379 -1.951952 -1.519206  0.000000 -0.000000 0.000000
66  -0.109379 0.057026 25.399254  0.000000 -0.000000 0.000000
67  -0.109378 -1.856732 0.287229  0.000000 -0.000000 0.000000
68  -0.104048 -4.495925 7.879277  0.000000 -0.000000 0.000000
69  -0.195264 4.332630 -6.347187  0.000000 -0.000000 0.000000
70  -1.290112 3.693282 8.579669  0.022713 -0.014049 -0.017451
71  -0.109855 -1.345264 4.822540  0.000000 -0.000000 0.000000
72  -1.107528 -1.063454 4.061647  0.000000 -0.000000 0.000000
73  0.003659 1.612363 10.733983  0.000000 0.000000 -0.126354
74  2.763398 -15.328539 0.454980  0.973228 0.873815 -0.069937
time 55
0  0.000006 0.000000 0.000000  -1.570800 -1.391899 -1.570792
1  -3.035934 5.753379 2.637399  -1.544956 -1.855077 -0.198630
2  6.027522 -0.000325 0.000192  -1.252102 -1.067088 -1.191742
3  11.692107 0.000643 -0.000738  -1.384599 -0.000043 -1.818076
4  11.479747 0.000579 -0.000900  1.051168 -0.846719 0.179357
5  3.859509 -0.142881 -1.192051  -0.284213 0.044602 -1.387311
6  1.312590 0.000013 0.000006  -0.198217 0.302587 -1.160758
7  0.729355 0.000054 0.000050  -0.311872 0.090065 -1.283843
8  3.942142 0.046273 -0.431513  -0.021228 0.001402 -1.346772
9  1.539111 0.000084 0.000005  0.007817 0.102508 0.283907
10  1.196332 0.000144 0.000028  -0.094855 -0.167579 -0.882031
11  3.883505 -0.047269 0.431381  0.216127 -0.089723 -0.754376
12  1.719573 -0.000027 0.000015  0.015290 0.014954 -0.555073
13  1.209179 0.000090 0.000012  -0.210307 -0.164813 -0.760868
14  3.859661 -0.138476 1.332409  0.368318 0.043114 -0.351396
15  1.719450 -0.000012 0.000022  0.015787 0.020750 -0.122861
16  1.099675 0.000049 0.000006  0.151510 -0.143055 -0.792203
17  0.805994 -0.349050 1.321253  -1.528242 -0.685827 -0.408463
18  1.789819 -0.000003 -0.000018  0.002431 0.042853 0.020274
19  1.207015 -0.000012 -0.000042  0.351992 -0.031153 0.266595
20  5.740636 0.000411 -0.000701  -0.325129 0.000003 0.000071
21  11.480955 0.000328 -0.000838  -0.072414 -0.154591 -0.019216
22  6.027525 -0.000329 0.000202  1.851396 -0.424100 1.338789
23  0.000003 11.692098 -0.000007  -1.216383 -0.660786 -0.915377
24  0.000001 0.000008 -0.000002  -0.515490 -0.000030 1.570739
25  -0.000001 -0.000012 -0.000001  0.868957 0.000002 1.570712
26  -5.854266 -8.305065 2.769846  1.473120 1.855075 -0.198639
27  6.027506 -0.000264 -0.000226  1.872460 0.692400 -0.187202
28  11.691992 0.000242 0.000855  0.608927 0.000056 -1.619366
29  11.479397 -0.000322 0.001229  -2.348232 0.042462 0.015047
30  3.859437 -0.132787 1.193062  0.466149 -0.051826 -1.783918
31  1.312558 0.000026 0.000000  -0.013965 -0.041043 -0.156447
32  0.729344 0.000066 -0.000027  -0.128320 -0.117290 -0.954857
33  3.942046 0.050109 0.430997  0.211501 -0.107596 -1.469120
34  1.539096 0.000010 -0.000000  0.040712 -0.054386 -1.030469
35  1.196299 0.000075 -0.000004  -0.249391 -0.043040 -0.795120
36  3.883412 -0.050502 -0.431086  0.186407 -0.271796 -1.212184
37  1.719564 -0.000080 -0.000003  0.020974 -0.107650 -1.483528
38  1.209197 0.000035 0.000012  -0.324719 0.069674 -0.493483
39  3.859585 -0.149112 -1.331323  -0.110833 0.118346 -0.118772
40  1.719412 -0.000099 -0.000034  -0.019525 0.026216 -0.112669
41  1.099674 0.000024 0.000006  0.239119 0.043639 -0.299131
42  0.805979 -0.359854 -1.318338  0.991670 0.166767 -0.799535
43  1.789780 -0.000009 -0.000042  0.000057 -0.002451 0.133097
44  1.206996 -0.000006 0.000005  0.000373 -0.000070 1.058782
45  5.740572 0.000054 0.000723  -0.162286 -0.000014 0.000021
46  11.480824 -0.000030 0.000994  -0.155847 -0.016420 0.006020
47  6.027514 -0.000274 -0.000237  -0.733122 -0.304605 -1.494298
48  -0.000001 11.691974 -0.000007  -1.099728 0.543325 0.853090
49  0.000004 -0.000001 0.000000  2.881454 -0.000041 1.570856
50  -0.000005 -0.000015 0.000004  2.272644 -0.000030 1.570865
51  -5.541677 -6.557642 -4.814619  1.865781 -0.536446 -1.059224
52  0.000000 -0.000000 -0.000001  0.008153 -0.000259 0.000009
53  0.000000 -0.000000 0.000001  1.565115 0.043565 -0.106862
54  4.386485 -18.028999 -1.150312  -1.441102 -0.389630 -1.876871
55  0.000000 -0.000000 0.000001  0.000000 -0.000000 -0.000002
56  0.000030 0.000029 0.000002  -1.571901 -0.044449 -0.106509
57  9.503819 -20.895756 -15.232958  1.570796 -0.000000 0.000000
58  -17.772699 4.002314 -16.454041  1.570796 -0.000000 0.000000
59  2.641719 -5.121701 -4.012496  1.570796 -0.000000 0.000000
60  -0.004311 0.001230 -0.000371  0.006898 -0.005534 -0.284229
61  2.769847 9.214255 -4.282998  1.570796 -0.000000 0.000000
62  0.000000 0.000000 0.000000  -0.078727 -3.136056 0.284226
63  0.000000 0.000000 0.000000  1.570796 -0.000000 0.000000
64  0.895623 -10.654625 -1.545997  0.798186 1.005272 -0.280172
65  -0.109378 -1.951951 -1.519205  -0.000000 -0.000000 0.000000
66  -0.109378 0.057026 25.399256  -0.000000 -0.000000 0.000000
67  -0.109378 -1.856732 0.287229  -0.000000 -0.000000 0.000000
68  -0.104048 -4.495924 7.879277  -0.000000 -0.000000 0.000000
69  -0.195264 4.332630 -6.347187  -0.000000 -0.000000 0.000000
70  -1.290113 3.693284 8.579670  0.022713 -0.014049 -0.017451
71  -0.109855 -1.345263 4.822541  -0.000000 -0.000000 0.000000
72  -1.107528 -1.063452 4.061646  -0.000000 -0.000000 0.000000
73  0.003659 1.612364 10.733982  0.000000 -0.000000 -0.217506
74  2.723687 -14.969605 0.459875  0.798186 1.005272 -0.280172
time 56
0  0.000006 0.000000 0.000000  -1.570800 -1.391899 -1.570792
1  -3.035934 5.753379 2.637399  -1.544956 -1.855077 -0.198630
2  6.027522 -0.000325 0.000192  -1.208427 -1.068781 -1.196793
3  11.692103 0.000643 -0.000738  -1.384599 -0.000044 -1.833175
4  11.479613 0.000562 -0.000982  0.996238 -0.798784 0.076276
5  3.859508 -0.142881 -1.192050  -0.315130 -0.025019 -1.546144
6  1.312591 0.000011 0.000008  -0.112019 0.216202 -0.907508
7  0.729356 0.000054 0.000050  -0.260329 -0.012263 -0.880584
8  3.942143 0.046273 -0.431512  -0.020995 -0.006690 -1.364244
9  1.539110 0.000084 0.000005  0.004291 0.088622 0.244817
10  1.196332 0.000145 0.000029  -0.083213 -0.161989 -0.939466
11  3.883506 -0.047270 0.431382  0.209617 -0.108782 -0.789099
12  1.719574 -0.000027 0.000015  0.009736 0.009576 -0.684534
13  1.209180 0.000088 0.000012  -0.077093 -0.121226 -0.941855
14  3.859661 -0.138476 1.332409  0.365900 0.020471 -0.344668
15  1.719448 -0.000011 0.000022  0.017579 0.002281 -0.219172
16  1.099674 0.000049 0.000006  0.088655 -0.170507 -0.752379
17  0.805994 -0.349051 1.321253  -1.528242 -0.685827 -0.408463
18  1.789819 -0.000003 -0.000018  0.002431 0.042853 0.020274
19  1.207016 -0.000012 -0.000044  0.351992 -0.031153 0.266595
20  5.740637 0.000409 -0.000704  -0.348880 0.000003 0.000071
21  11.480930 0.000325 -0.000853  -0.090526 -0.142372 -0.040215
22  6.027525 -0.000329 0.000202  1.831101 -0.434362 1.380453
23  0.000003 11.692098 -0.000007  -1.225291 -0.669943 -0.919625
24  0.000003 0.000009 -0.000001  -0.515490 -0.000031 1.570739
25  -0.000000 -0.000012 -0.000001  0.868957 0.000002 1.570712
26  -5.862666 -8.337571 2.805915  1.473120 1.855075 -0.198639
27  6.027506 -0.000264 -0.000228  1.916695 0.665869 -0.176092
28  11.691993 0.000242 0.000855  0.608928 0.000060 -1.679289
29  11.478999 -0.000484 0.001342  -2.466703 0.011544 0.072758
30  3.859436 -0.132787 1.193062  0.466149 -0.051826 -1.783918
31  1.312558 0.000026 0.000001  -0.013965 -0.041043 -0.156447
32  0.729344 0.000065 -0.000027  -0.128320 -0.117290 -0.954857
33  3.942046 0.050110 0.430997  0.211501 -0.107596 -1.469120
34  1.539096 0.000009 0.000000  0.040712 -0.054386 -1.030469
35  1.196299 0.000076 -0.000004  -0.249391 -0.043040 -0.795120
36  3.883411 -0.050502 -0.431087  0.186407 -0.271796 -1.212184
37  1.719564 -0.000078 -0.000003  0.020974 -0.107650 -1.483528
38  1.209197 0.000035 0.000011  -0.324719 0.069674 -0.493483
39  3.859585 -0.149111 -1.331324  -0.110833 0.118346 -0.118772
40  1.719411 -0.000099 -0.000035  -0.019525 0.026216 -0.112669
41  1.099674 0.000024 0.000007  0.239119 0.043639 -0.299131
42  0.805979 -0.359854 -1.318339  0.991670 0.166767 -0.799535
43  1.789779 -0.000009 -0.000042  0.000057 -0.002451 0.133097
44  1.206996 -0.000007 0.000005  0.000372 -0.000070 1.058782
45  5.740572 0.000055 0.000723  -0.187593 -0.000014 0.000021
46  11.480744 -0.000061 0.001017  -0.179023 -0.026825 0.017001
47  6.027514 -0.000273 -0.000239  -0.697553 -0.277633 -1.521190
48  -0.000001 11.691974 -0.000006  -1.134852 0.578099 0.873101
49  0.000004 -0.000001 0.000000  2.881454 -0.000041 1.570856
50  -0.000006 -0.000015 0.000005  2.272644 -0.000030 1.570865
51  -5.705098 -5.925897 -4.325881  1.718367 -0.520529 -1.040102
52  0.000001 0.000000 -0.000000  0.008153 -0.000259 0.000009
53  0.000000 0.000000 -0.000000  1.565115 0.043565 -0.106862
54  3.977717 -17.772186 -1.244308  -1.548320 -0.473152 -1.887276
55  0.000000 -0.000000 -0.000001  0.000000 -0.000000 -0.000002
56  0.000030 0.000028 0.000000  -1.571901 -0.044449 -0.106509
57  9.503819 -20.895756 -15.232958  1.570796 -0.000000 0.000000
58  -17.772699 4.002314 -16.454041  1.570796 -0.000000 0.000000
59  2.641719 -5.121701 -4.012496  1.570796 -0.000000 0.000000
60  -0.004311 0.001230 -0.000371  0.006898 -0.005534 -0.284229
61  2.805915 9.247737 -4.285480  1.570796 -0.000000 0.000000
62  0.000000 0.000000 0.000000  -0.078727 -3.136056 0.284226
63  0.000000 0.000000 0.000000  1.570797 -0.000000 0.000000
64  0.853763 -10.233952 -1.618484  0.615749 1.096432 -0.494083
65  -0.109378 -1.951951 -1.519206  0.000000 0.000000 -0.000000
66  -0.109378 0.057027 25.399252  0.000000 0.000000 -0.000000
67  -0.109378 -1.856732 0.287229  0.000000 0.000000 -0.000000
68  -0.104047 -4.495923 7.879275  0.000000 0.000000 -0.000000
69  -0.195264 4.332631 -6.347188  0.000000 0.000000 -0.000000
70  -1.290112 3.693284 8.579666  0.022713 -0.014049 -0.017451
71  -0.109855 -1.345263 4.822540  0.000000 0.000000 -0.000000
72  -1.107528 -1.063453 4.061646  0.000000 0.000000 -0.000000
73  0.003659 1.612363 10.733981  0.000000 0.000000 -0.305634
74  2.680619 -14.550444 0.385236  0.615749 1.096432 -0.494083
time 57
0  0.000006 0.000000 0.000000  -1.570800 -1.391899 -1.570792
1  -3.035934 5.753379 2.637399  -1.544956 -1.855077 -0.198630
2  6.027522 -0.000325 0.000192  -1.173890 -1.067706 -1.199193
3  11.692103 0.000644 -0.000737  -1.384600 -0.000046 -1.859991
4  11.479372 0.000536 -0.001118  0.961583 -0.785284 0.003057
5  3.859509 -0.142879 -1.192050  -0.332311 -0.061520 -1.618951
6  1.312591 0.000011 0.000006  -0.075839 0.162921 -0.778363
7  0.729356 0.000053 0.000049  -0.264116 -0.060610 -0.650712
8  3.942143 0.046273 -0.431513  -0.019716 -0.027839 -1.410000
9  1.539111 0.000082 0.000004  -0.002340 0.051637 0.142648
10  1.196333 0.000141 0.000029  -0.054362 -0.144231 -1.090015
11  3.883505 -0.047269 0.431381  0.206801 -0.117762 -0.805305
12  1.719573 -0.000026 0.000015  0.007393 0.006832 -0.744901
13  1.209178 0.000092 0.000012  -0.018591 -0.093118 -1.023306
14  3.859663 -0.138474 1.332410  0.358832 -0.038795 -0.326912
15  1.719449 -0.000011 0.000022  0.030869 -0.045285 -0.477269
16  1.099675 0.000049 0.000006  -0.015504 -0.216978 -0.647122
17  0.805994 -0.349050 1.321253  -1.528242 -0.685827 -0.408463
18  1.789820 -0.000004 -0.000017  0.002431 0.042853 0.020274
19  1.207018 -0.000012 -0.000044  0.351992 -0.031153 0.266595
20  5.740637 0.000410 -0.000700  -0.368774 0.000003 0.000071
21  11.480882 0.000320 -0.000881  -0.101544 -0.137048 -0.055764
22  6.027525 -0.000329 0.000202  1.816011 -0.443919 1.414737
23  0.000004 11.692097 -0.000008  -1.241153 -0.686277 -0.926987
24  0.000004 0.000009 -0.000000  -0.515490 -0.000031 1.570739
25  -0.000001 -0.000011 -0.000002  0.868957 0.000002 1.570712
26  -5.862666 -8.337571 2.805915  1.473120 1.855075 -0.198639
27  6.027505 -0.000263 -0.000228  1.944591 0.638124 -0.174966
28  11.691991 0.000243 0.000856  0.608929 0.000065 -1.744702
29  11.480179 0.000019 0.000994  -2.542571 -0.001787 0.128297
30  3.859436 -0.132787 1.193062  0.466149 -0.051826 -1.783918
31  1.312558 0.000025 0.000000  -0.013965 -0.041044 -0.156447
32  0.729345 0.000066 -0.000026  -0.128320 -0.117290 -0.954857
33  3.942047 0.050109 0.430997  0.211501 -0.107596 -1.469120
34  1.539097 0.000010 0.000000  0.040712 -0.054386 -1.030469
35  1.196299 0.000076 -0.000004  -0.249391 -0.043040 -0.795120
36  3.883412 -0.050502 -0.431087  0.186407 -0.271796 -1.212184
37  1.719563 -0.000078 -0.000003  0.020974 -0.107650 -1.483528
38  1.209197 0.000035 0.000011  -0.324719 0.069674 -0.493483
39  3.859585 -0.149112 -1.331323  -0.110833 0.118346 -0.118772
40  1.719412 -0.000099 -0.000034  -0.019525 0.026216 -0.112669
41  1.099673 0.000025 0.000006  0.239119 0.043639 -0.299131
42  0.805979 -0.359854 -1.318338  0.991670 0.166767 -0.799535
43  1.789779 -0.000009 -0.000042  0.000057 -0.002451 0.133097
44  1.206996 -0.000007 0.000005  0.000372 -0.000070 1.058782
45  5.740573 0.000055 0.000723  -0.202040 -0.000014 0.000021
46  11.480981 0.000040 0.000947  -0.193526 -0.034200 0.027673
47  6.027514 -0.000273 -0.000239  -0.664558 -0.261818 -1.545786
48  -0.000001 11.691975 -0.000006  -1.173183 0.616712 0.893775
49  0.000002 -0.000000 -0.000001  2.881454 -0.000041 1.570856
50  -0.000007 -0.000015 0.000005  2.272644 -0.000030 1.570865
51  -5.781682 -5.288657 -4.015069  1.623685 -0.506408 -1.031279
52  0.000000 -0.000000 -0.000000  0.008153 -0.000259 0.000009
53  0.000000 -0.000000 -0.000000  1.565115 0.043565 -0.106862
54  3.674882 -17.409454 -1.323015  -1.622231 -0.525999 -1.889556
55  0.000001 -0.000000 0.000000  0.000000 -0.000000 -0.000002
56  0.000031 0.000028 0.000001  -1.571901 -0.044449 -0.106509
57  9.503819 -20.895756 -15.232958  1.570796 -0.000000 0.000000
58  -17.772699 4.002314 -16.454041  1.570796 -0.000000 0.000000
59  2.641719 -5.121701 -4.012496  1.570796 -0.000000 0.000000
60  -0.004311 0.001230 -0.000371  0.006898 -0.005534 -0.284229
61  2.805915 9.247737 -4.285480  1.570796 -0.000000 0.000000
62  0.000000 0.000000 0.000000  -0.078727 -3.136056 0.284226
63  0.000000 0.000000 0.000000  1.570799 -0.000000 0.000000
64  0.808182 -9.769346 -1.690181  0.459256 1.145300 -0.672810
65  -0.109379 -1.951951 -1.519205  -0.000000 -0.000000 0.000000
66  -0.109380 0.057027 25.399254  -0.000000 -0.000000 0.000000
67  -0.109379 -1.856731 0.287230  -0.000000 -0.000000 0.000000
68  -0.104048 -4.495923 7.879277  -0.000000 -0.000000 0.000000
69  -0.195264 4.332631 -6.347188  -0.000000 -0.000000 0.000000
70  -1.290112 3.693285 8.579666  0.022713 -0.014049 -0.017451
71  -0.109856 -1.345263 4.822542  -0.000000 -0.000000 0.000000
72  -1.107529 -1.063453 4.061649  -0.000000 -0.000000 0.000000
73  0.003658 1.612363 10.733982  -0.000000 -0.000000 -0.386292
74  2.628224 -14.094824 0.300318  0.459256 1.145300 -0.672810
time 58
0  0.000006 0.000000 0.000000  -1.570800 -1.391899 -1.570792
1  -3.035934 5.753379 2.637399  -1.544956 -1.855077 -0.198630
2  6.027522 -0.000325 0.000192  -1.147268 -1.065155 -1.199519
3  11.692105 0.000644 -0.000737  -1.384600 -0.000049 -1.888454
4  11.479116 0.000512 -0.001261  0.942791 -0.788903 -0.048833
5  3.859509 -0.142880 -1.192050  -0.342360 -0.064524 -1.615183
6  1.312590 0.000012 0.000008  -0.068893 0.152730 -0.754687
7  0.729355 0.000053 0.000051  -0.284134 -0.054077 -0.580823
8  3.942141 0.046272 -0.431514  -0.017470 -0.048907 -1.455820
9  1.539111 0.000083 0.000004  -0.005157 0.014170 0.040850
10  1.196333 0.000144 0.000029  -0.028596 -0.122409 -1.239588
11  3.883505 -0.047269 0.431381  0.206801 -0.117762 -0.805305
12  1.719573 -0.000028 0.000015  0.007393 0.006832 -0.744901
13  1.209179 0.000092 0.000012  -0.018591 -0.093118 -1.023306
14  3.859662 -0.138475 1.332409  0.350682 -0.097914 -0.308694
15  1.719450 -0.000012 0.000022  0.055872 -0.087791 -0.736359
16  1.099675 0.000051 0.000006  -0.111985 -0.250360 -0.538334
17  0.805993 -0.349051 1.321253  -1.528242 -0.685827 -0.408463
18  1.789820 -0.000003 -0.000018  0.002431 0.042853 0.020274
19  1.207016 -0.000012 -0.000043  0.351992 -0.031153 0.266595
20  5.740636 0.000410 -0.000703  -0.382823 0.000003 0.000070
21  11.480831 0.000315 -0.000909  -0.107841 -0.135601 -0.067002
22  6.027525 -0.000329 0.000202  1.804970 -0.452462 1.442503
23  0.000004 11.692097 -0.000007  -1.258055 -0.703712 -0.934540
24  0.000003 0.000009 -0.000000  -0.515490 -0.000031 1.570738
25  -0.000001 -0.000012 -0.000001  0.868957 0.000002 1.570712
26  -5.862666 -8.337571 2.805915  1.473120 1.855075 -0.198639
27  6.027505 -0.000263 -0.000228  1.962914 0.613530 -0.177624
28  11.691990 0.000242 0.000858  0.608929 0.000069 -1.800958
29  11.479671 -0.000246 0.001179  -2.587525 -0.007499 0.173798
30  3.859436 -0.132787 1.193062  0.466149 -0.051826 -1.783918
31  1.312558 0.000027 -0.000000  -0.013965 -0.041044 -0.156447
32  0.729345 0.000064 -0.000028  -0.128320 -0.117290 -0.954857
33  3.942046 0.050109 0.430997  0.211501 -0.107596 -1.469120
34  1.539096 0.000010 0.000001  0.040712 -0.054386 -1.030469
35  1.196300 0.000076 -0.000003  -0.249391 -0.043040 -0.795121
36  3.883411 -0.050501 -0.431087  0.186407 -0.271796 -1.212184
37  1.719563 -0.000079 -0.000004  0.020974 -0.107650 -1.483528
38  1.209197 0.000036 0.000012  -0.324719 0.069674 -0.493483
39  3.859586 -0.149111 -1.331323  -0.110833 0.118346 -0.118772
40  1.719412 -0.000099 -0.000035  -0.019525 0.026216 -0.112669
41  1.099674 0.000025 0.000006  0.239119 0.043639 -0.299131
42  0.805979 -0.359853 -1.318338  0.991670 0.166767 -0.799535
43  1.789779 -0.000009 -0.000042  0.000057 -0.002451 0.133097
44  1.206996 -0.000006 0.000005  0.000373 -0.000070 1.058782
45  5.740572 0.000057 0.000724  -0.209286 -0.000014 0.000021
46  11.480879 -0.000012 0.000985  -0.201898 -0.039486 0.036427
47  6.027514 -0.000273 -0.000239  -0.636678 -0.251907 -1.566262
48  -0.000001 11.691974 -0.000006  -1.206225 0.650424 0.910534
49  0.000004 0.000000 0.000000  2.881454 -0.000041 1.570856
50  -0.000007 -0.000016 0.000006  2.272644 -0.000030 1.570865
51  -5.820255 -4.733847 -3.830425  1.565995 -0.495069 -1.028592
52  0.000000 -0.000000 0.000000  0.008153 -0.000259 0.000009
53  -0.000000 0.000000 0.000000  1.565115 0.043565 -0.106862
54  3.456784 -17.047108 -1.399861  -1.670797 -0.556946 -1.889534
55  0.000000 0.000000 -0.000001  0.000000 -0.000000 -0.000002
56  0.000030 0.000029 -0.000000  -1.571902 -0.044449 -0.106509
57  9.503819 -20.895756 -15.232958  1.570796 -0.000000 0.000000
58  -17.772699 4.002314 -16.454041  1.570796 -0.000000 0.000000
59  2.641719 -5.121701 -4.012496  1.570796 -0.000000 0.000000
60  -0.004311 0.001230 -0.000371  0.006898 -0.005534 -0.284229
61  2.805915 9.247737 -4.285480  1.570796 -0.000000 0.000000
62  0.000000 0.000000 0.000000  -0.078727 -3.136056 0.284226
63  0.000000 0.000000 0.000000  1.570802 -0.000000 0.000000
64  0.764214 -9.343370 -1.755563  0.346587 1.170806 -0.801058
65  -0.109379 -1.951951 -1.519205  0.000000 0.000000 -0.000000
66  -0.109379 0.057025 25.399252  0.000000 0.000000 -0.000000
67  -0.109379 -1.856731 0.287229  0.000000 0.000000 -0.000000
68  -0.104048 -4.495922 7.879276  0.000000 0.000000 -0.000000
69  -0.195264 4.332629 -6.347186  0.000000 0.000000 -0.000000
70  -1.290112 3.693283 8.579670  0.022713 -0.014049 -0.017451
71  -0.109855 -1.345264 4.822541  0.000000 0.000000 -0.000000
72  -1.107528 -1.063453 4.061647  0.000000 0.000000 -0.000000
73  0.003659 1.612364 10.733983  0.000000 0.000000 -0.455375
74  2.573427 -13.681865 0.216394  0.346587 1.170806 -0.801058
time 59
0  0.000006 0.000000 0.000000  -1.570800 -1.391899 -1.570792
1  -3.035934 5.753379 2.637399  -1.544956 -1.855077 -0.198630
2  6.027522 -0.000325 0.000192  -1.127836 -1.062848 -1.199195
3  11.692103 0.000644 -0.000736  -1.384601 -0.000050 -1.909159
4  11.478930 0.000493 -0.001354  0.932957 -0.795413 -0.083808
5  3.859511 -0.142879 -1.192050  -0.352045 -0.065453 -1.605691
6  1.312590 0.000014 0.000007  -0.062801 0.143326 -0.733255
7  0.729356 0.000054 0.000049  -0.304397 -0.046414 -0.516913
8  3.942144 0.046273 -0.431513  -0.016356 -0.056925 -1.473351
9  1.539112 0.000083 0.000006  -0.005225 -0.000152 0.002097
10  1.196332 0.000144 0.000029  -0.019729 -0.113157 -1.296155
11  3.883506 -0.047269 0.431380  0.206801 -0.117762 -0.805304
12  1.719573 -0.000027 0.000015  0.007393 0.006832 -0.744901
13  1.209180 0.000091 0.000012  -0.018591 -0.093118 -1.023306
14  3.859664 -0.138475 1.332408  0.347271 -0.120444 -0.301586
15  1.719450 -0.000010 0.000022  0.067969 -0.101828 -0.833886
16  1.099675 0.000047 0.000005  -0.147921 -0.260109 -0.496206
17  0.805994 -0.349051 1.321251  -1.528242 -0.685827 -0.408463
18  1.789819 -0.000004 -0.000020  0.002431 0.042853 0.020274
19  1.207014 -0.000012 -0.000044  0.351992 -0.031153 0.266595
20  5.740636 0.000411 -0.000702  -0.390028 0.000003 0.000070
21  11.480793 0.000312 -0.000928  -0.111475 -0.135348 -0.074565
22  6.027525 -0.000329 0.000202  1.796906 -0.458930 1.463365
23  0.000005 11.692099 -0.000008  -1.270400 -0.716455 -0.939859
24  0.000004 0.000007 -0.000002  -0.515490 -0.000031 1.570739
25  -0.000001 -0.000012 -0.000001  0.868957 0.000002 1.570712
26  -5.862666 -8.337571 2.805915  1.473120 1.855075 -0.198639
27  6.027505 -0.000263 -0.000228  1.974489 0.595908 -0.180680
28  11.691993 0.000242 0.000856  0.608929 0.000072 -1.840603
29  11.479320 -0.000417 0.001297  -2.613044 -0.009803 0.206345
30  3.859436 -0.132788 1.193062  0.466149 -0.051826 -1.783918
31  1.312558 0.000026 -0.000000  -0.013965 -0.041044 -0.156447
32  0.729345 0.000065 -0.000027  -0.128320 -0.117290 -0.954857
33  3.942046 0.050109 0.430997  0.211501 -0.107596 -1.469120
34  1.539096 0.000010 0.000000  0.040712 -0.054386 -1.030469
35  1.196299 0.000076 -0.000004  -0.249391 -0.043040 -0.795121
36  3.883411 -0.050502 -0.431087  0.186407 -0.271796 -1.212184
37  1.719564 -0.000079 -0.000003  0.020974 -0.107650 -1.483528
38  1.209197 0.000036 0.000011  -0.324719 0.069674 -0.493483
39  3.859585 -0.149112 -1.331323  -0.110833 0.118346 -0.118772
40  1.719412 -0.000100 -0.000035  -0.019525 0.026216 -0.112669
41  1.099673 0.000024 0.000007  0.239119 0.043639 -0.299131
42  0.805979 -0.359854 -1.318338  0.991670 0.166767 -0.799535
43  1.789780 -0.000010 -0.000042  0.000058 -0.002451 0.133097
44  1.206997 -0.000006 0.000005  0.000372 -0.000070 1.058782
45  5.740571 0.000056 0.000723  -0.212574 -0.000014 0.000021
46  11.480807 -0.000047 0.001009  -0.206534 -0.043018 0.042699
47  6.027514 -0.000273 -0.000239  -0.617055 -0.245626 -1.580730
48  -0.000001 11.691973 -0.000005  -1.229603 0.674440 0.921751
49  0.000004 -0.000001 -0.000001  2.881454 -0.000041 1.570856
50  -0.000006 -0.000016 0.000005  2.272644 -0.000030 1.570865
51  -5.840527 -4.337764 -3.726722  1.532729 -0.486616 -1.029243
52  0.000000 0.000000 -0.000000  0.008153 -0.000259 0.000009
53  0.000000 -0.000000 0.000000  1.565115 0.043565 -0.106862
54  3.303450 -16.782972 -1.470175  -1.701038 -0.573684 -1.889666
55  -0.000001 0.000000 -0.000001  0.000000 -0.000000 -0.000002
56  0.000030 0.000029 -0.000000  -1.571902 -0.044449 -0.106509
57  9.503819 -20.895756 -15.232958  1.570796 -0.000000 0.000000
58  -17.772699 4.002314 -16.454041  1.570796 -0.000000 0.000000
59  2.641719 -5.121701 -4.012496  1.570796 -0.000000 0.000000
60  -0.004311 0.001230 -0.000371  0.006898 -0.005534 -0.284229
61  2.805915 9.247737 -4.285480  1.570796 -0.000000 0.000000
62  0.000000 0.000000 0.000000  -0.078727 -3.136056 0.284226
63  0.000000 0.000000 0.000000  1.570807 -0.000000 0.000000
64  0.726791 -9.038942 -1.809106  0.275416 1.184569 -0.883139
65  -0.109378 -1.951951 -1.519205  0.000000 0.000000 0.000000
66  -0.109378 0.057027 25.399250  0.000000 0.000000 0.000000
67  -0.109378 -1.856732 0.287230  0.000000 0.000000 0.000000
68  -0.104047 -4.495923 7.879277  0.000000 0.000000 0.000000
69  -0.195263 4.332630 -6.347188  0.000000 0.000000 0.000000
70  -1.290111 3.693284 8.579667  0.022713 -0.014049 -0.017451
71  -0.109855 -1.345263 4.822541  0.000000 0.000000 0.000000
72  -1.107528 -1.063453 4.061648  0.000000 0.000000 0.000000
73  0.003659 1.612363 10.733982  0.000000 0.000000 -0.509117
74  2.522920 -13.391394 0.143965  0.275416 1.184569 -0.883139
time 60
0  0.000006 0.000000 0.000000  -1.570800 -1.391899 -1.570792
1  -3.035934 5.753379 2.637399  -1.544956 -1.855077 -0.198630
2  6.027522 -0.000325 0.000192  -1.115625 -1.061790 -1.199258
3  11.692103 0.000645 -0.000736  -1.384601 -0.000050 -1.917325
4  11.478858 0.000487 -0.001391  0.926629 -0.796992 -0.103131
5  3.859511 -0.142880 -1.192049  -0.361282 -0.064317 -1.590847
6  1.312590 0.000011 0.000007  -0.057524 0.134795 -0.714131
7  0.729354 0.000054 0.000051  -0.324645 -0.037864 -0.459561
8  3.942145 0.046273 -0.431512  -0.016452 -0.056272 -1.471920
9  1.539111 0.000082 0.000003  -0.005240 0.001014 0.005253
10  1.196332 0.000147 0.000030  -0.020430 -0.113928 -1.291559
11  3.883507 -0.047268 0.431382  0.206801 -0.117762 -0.805304
12  1.719573 -0.000024 0.000015  0.007393 0.006832 -0.744901
13  1.209178 0.000092 0.000012  -0.018591 -0.093118 -1.023306
14  3.859663 -0.138476 1.332410  0.347556 -0.118607 -0.302170
15  1.719451 -0.000011 0.000022  0.066935 -0.100733 -0.825964
16  1.099674 0.000051 0.000006  -0.144350 -0.259299 -0.499741
17  0.805995 -0.349050 1.321254  -1.528242 -0.685827 -0.408463
18  1.789821 -0.000002 -0.000017  0.002431 0.042853 0.020274
19  1.207016 -0.000011 -0.000044  0.351992 -0.031153 0.266595
20  5.740635 0.000410 -0.000703  -0.391289 0.000003 0.000071
21  11.480778 0.000311 -0.000937  -0.113709 -0.134778 -0.078705
22  6.027525 -0.000329 0.000202  1.791533 -0.462578 1.476357
23  0.000003 11.692098 -0.000006  -1.275282 -0.721494 -0.941916
24  0.000004 0.000008 -0.000001  -0.515490 -0.000031 1.570738
25  -0.000001 -0.000011 -0.000000  0.868957 0.000002 1.570712
26  -5.862666 -8.337571 2.805915  1.473120 1.855075 -0.198639
27  6.027505 -0.000263 -0.000228  1.980438 0.587265 -0.182258
28  11.691994 0.000242 0.000857  0.608929 0.000074 -1.860328
29  11.479151 -0.000498 0.001354  -2.626531 -0.010257 0.224585
30  3.859437 -0.132787 1.193061  0.466149 -0.051826 -1.783918
31  1.312558 0.000026 0.000000  -0.013965 -0.041044 -0.156447
32  0.729345 0.000064 -0.000028  -0.128320 -0.117290 -0.954857
33  3.942046 0.050109 0.430996  0.211501 -0.107596 -1.469120
34  1.539097 0.000010 0.000000  0.040712 -0.054386 -1.030469
35  1.196300 0.000076 -0.000005  -0.249391 -0.043040 -0.795120
36  3.883412 -0.050501 -0.431087  0.186407 -0.271796 -1.212184
37  1.719564 -0.000078 -0.000003  0.020974 -0.107650 -1.483528
38  1.209197 0.000035 0.000011  -0.324719 0.069674 -0.493484
39  3.859586 -0.149111 -1.331324  -0.110833 0.118346 -0.118772
40  1.719412 -0.000100 -0.000035  -0.019525 0.026216 -0.112669
41  1.099673 0.000025 0.000007  0.239119 0.043639 -0.299131
42  0.805979 -0.359854 -1.318339  0.991669 0.166767 -0.799535
43  1.789779 -0.000009 -0.000043  0.000057 -0.002451 0.133097
44  1.206997 -0.000007 0.000005  0.000372 -0.000070 1.058782
45  5.740573 0.000055 0.000725  -0.214047 -0.000014 0.000021
46  11.480776 -0.000064 0.001020  -0.208967 -0.044881 0.046260
47  6.027514 -0.000273 -0.000239  -0.607423 -0.242202 -1.587951
48  -0.000001 11.691975 -0.000007  -1.241275 0.686465 0.927143
49  0.000004 -0.000001 -0.000000  2.881454 -0.000041 1.570856
50  -0.000006 -0.000015 0.000005  2.272644 -0.000030 1.570865
51  -5.848968 -4.138063 -3.676076  1.516117 -0.481243 -1.031550
52  -0.000000 -0.000000 0.000000  0.008153 -0.000259 0.000009
53  0.000000 0.000000 -0.000001  1.565115 0.043565 -0.106862
54  3.203587 -16.668058 -1.522464  -1.717350 -0.581320 -1.890796
55  -0.000000 0.000000 -0.000000  0.000000 -0.000000 -0.000002
56  0.000031 0.000029 0.000000  -1.571901 -0.044449 -0.106510
57  9.503819 -20.895756 -15.232958  1.570796 -0.000000 0.000000
58  -17.772699 4.002314 -16.454041  1.570796 -0.000000 0.000000
59  2.641719 -5.121701 -4.012496  1.570796 -0.000000 0.000000
60  -0.004311 0.001230 -0.000371  0.006898 -0.005534 -0.284229
61  2.805915 9.247737 -4.285480  1.570796 -0.000000 0.000000
62  0.000000 0.000000 0.000000  -0.078727 -3.136056 0.284226
63  0.000000 0.000000 0.000000  1.570816 -0.000000 0.000000
64  0.699681 -8.899512 -1.845283  0.238134 1.191734 -0.927762
65  -0.109379 -1.951951 -1.519204  -0.000000 -0.000000 0.000000
66  -0.109379 0.057027 25.399250  -0.000000 -0.000000 0.000000
67  -0.109379 -1.856731 0.287229  -0.000000 -0.000000 0.000000
68  -0.104047 -4.495924 7.879276  -0.000000 -0.000000 0.000000
69  -0.195264 4.332629 -6.347186  -0.000000 -0.000000 0.000000
70  -1.290112 3.693283 8.579668  0.022713 -0.014049 -0.017451
71  -0.109856 -1.345263 4.822541  -0.000000 -0.000000 0.000000
72  -1.107528 -1.063453 4.061649  -0.000000 -0.000000 0.000000
73  0.003660 1.612363 10.733982  -0.000000 -0.000000 -0.543975
74  2.481981 -13.264165 0.093173  0.238134 1.191734 -0.927762
time 61
0  0.000006 0.000000 0.000000  -1.570800 -1.391899 -1.570792
1  -3.035934 5.753379 2.637399  -1.544956 -1.855077 -0.198630
2  6.027522 -0.000325 0.000192  -1.109363 -1.062042 -1.200022
3  11.692102 0.000643 -0.000736  -1.384601 -0.000051 -1.918903
4  11.478845 0.000485 -0.001397  0.922997 -0.797004 -0.109245
5  3.859510 -0.142880 -1.192050  -0.369950 -0.061197 -1.571183
6  1.312591 0.000013 0.000007  -0.053018 0.127201 -0.697346
7  0.729355 0.000053 0.000051  -0.344633 -0.028719 -0.409148
8  3.942144 0.046273 -0.431513  -0.016737 -0.054298 -1.467599
9  1.539111 0.000082 0.000005  -0.005263 0.004542 0.014797
10  1.196333 0.000146 0.000031  -0.022573 -0.116242 -1.277648
11  3.883506 -0.047269 0.431381  0.206801 -0.117762 -0.805304
12  1.719574 -0.000024 0.000016  0.007393 0.006832 -0.744901
13  1.209179 0.000091 0.000012  -0.018591 -0.093118 -1.023306
14  3.859664 -0.138475 1.332409  0.348409 -0.113056 -0.303933
15  1.719449 -0.000011 0.000022  0.063857 -0.097365 -0.801969
16  1.099675 0.000048 0.000005  -0.133569 -0.256773 -0.510409
17  0.805995 -0.349049 1.321253  -1.528242 -0.685827 -0.408463
18  1.789819 -0.000004 -0.000018  0.002431 0.042853 0.020274
19  1.207015 -0.000012 -0.000044  0.351992 -0.031153 0.266595
20  5.740637 0.000409 -0.000704  -0.390823 0.000003 0.000070
21  11.480777 0.000310 -0.000939  -0.114722 -0.134483 -0.080113
22  6.027525 -0.000329 0.000202  1.788356 -0.463714 1.482481
23  0.000003 11.692097 -0.000006  -1.276226 -0.722469 -0.942310
24  0.000003 0.000008 0.000000  -0.515490 -0.000030 1.570739
25  -0.000001 -0.000012 -0.000000  0.868957 0.000002 1.570712
26  -5.862666 -8.337571 2.805915  1.473120 1.855075 -0.198639
27  6.027505 -0.000263 -0.000229  1.982191 0.583882 -0.183101
28  11.691991 0.000242 0.000857  0.608929 0.000074 -1.868224
29  11.479078 -0.000527 0.001373  -2.631147 -0.008435 0.232336
30  3.859436 -0.132787 1.193062  0.466149 -0.051826 -1.783918
31  1.312558 0.000026 -0.000000  -0.013965 -0.041044 -0.156447
32  0.729345 0.000065 -0.000027  -0.128320 -0.117290 -0.954857
33  3.942046 0.050109 0.430997  0.211501 -0.107596 -1.469120
34  1.539096 0.000010 -0.000001  0.040712 -0.054386 -1.030469
35  1.196299 0.000075 -0.000004  -0.249391 -0.043040 -0.795120
36  3.883411 -0.050501 -0.431087  0.186407 -0.271796 -1.212184
37  1.719563 -0.000079 -0.000003  0.020974 -0.107650 -1.483529
38  1.209197 0.000036 0.000011  -0.324719 0.069674 -0.493483
39  3.859585 -0.149112 -1.331323  -0.110833 0.118346 -0.118772
40  1.719412 -0.000100 -0.000034  -0.019525 0.026216 -0.112669
41  1.099673 0.000025 0.000006  0.239119 0.043639 -0.299131
42  0.805979 -0.359854 -1.318338  0.991670 0.166767 -0.799535
43  1.789779 -0.000009 -0.000043  0.000057 -0.002451 0.133097
44  1.206996 -0.000006 0.000004  0.000372 -0.000070 1.058781
45  5.740570 0.000056 0.000723  -0.214170 -0.000014 0.000021
46  11.480759 -0.000070 0.001023  -0.209809 -0.045282 0.047936
47  6.027514 -0.000273 -0.000239  -0.603739 -0.241313 -1.590646
48  -0.000001 11.691975 -0.000006  -1.245956 0.691293 0.929266
49  0.000003 -0.000001 -0.000000  2.881454 -0.000041 1.570856
50  -0.000006 -0.000014 0.000005  2.272644 -0.000030 1.570865
51  -5.847584 -4.059610 -3.661750  1.511343 -0.479339 -1.034418
52  0.000000 0.000000 -0.000000  0.008153 -0.000259 0.000009
53  0.000000 0.000000 -0.000000  1.565115 0.043565 -0.106862
54  3.151129 -16.634258 -1.543060  -1.722387 -0.583282 -1.893100
55  0.000001 0.000000 -0.000000  0.000000 -0.000000 -0.000002
56  0.000032 0.000030 0.000001  -1.571902 -0.044449 -0.106509
57  9.503819 -20.895756 -15.232958  1.570796 -0.000000 0.000000
58  -17.772699 4.002314 -16.454041  1.570796 -0.000000 0.000000
59  2.641719 -5.121701 -4.012496  1.570796 -0.000000 0.000000
60  -0.004311 0.001230 -0.000371  0.006898 -0.005534 -0.284229
61  2.805915 9.247737 -4.285480  1.570796 -0.000000 0.000000
62  0.000000 0.000000 0.000000  -0.078727 -3.136056 0.284226
63  0.000000 0.000000 0.000000  1.570827 -0.000000 0.000000
64  0.685201 -8.853277 -1.858570  0.227215 1.194041 -0.942983
65  -0.109378 -1.951951 -1.519205  0.000000 0.000000 0.000000
66  -0.109379 0.057027 25.399252  0.000000 0.000000 0.000000
67  -0.109378 -1.856731 0.287229  0.000000 0.000000 0.000000
68  -0.104047 -4.495923 7.879275  0.000000 0.000000 0.000000
69  -0.195264 4.332630 -6.347189  0.000000 0.000000 0.000000
70  -1.290112 3.693283 8.579665  0.022713 -0.014049 -0.017451
71  -0.109855 -1.345263 4.822540  0.000000 0.000000 0.000000
72  -1.107527 -1.063453 4.061648  0.000000 0.000000 0.000000
73  0.003660 1.612363 10.733983  -0.000000 0.000000 -0.556416
74  2.454262 -13.225905 0.074029  0.227215 1.194041 -0.942983
time 62
0  0.000006 0.000000 0.000000  -1.570800 -1.391899 -1.570792
1  -3.035934 5.753379 2.637399  -1.544956 -1.855077 -0.198630
2  6.027522 -0.000325 0.000192  -1.106174 -1.063088 -1.201295
3  11.692104 0.000644 -0.000736  -1.384601 -0.000051 -1.920175
4  11.478833 0.000483 -0.001404  0.921647 -0.798841 -0.109365
5  3.859510 -0.142880 -1.192049  -0.377911 -0.056257 -1.547408
6  1.312590 0.000012 0.000008  -0.049236 0.120585 -0.682894
7  0.729354 0.000054 0.000051  -0.364120 -0.019299 -0.365847
8  3.942144 0.046273 -0.431512  -0.017191 -0.051016 -1.460425
9  1.539111 0.000085 0.000005  -0.005228 0.010405 0.030659
10  1.196332 0.000147 0.000030  -0.026210 -0.120023 -1.254490
11  3.883507 -0.047269 0.431381  0.206801 -0.117762 -0.805304
12  1.719573 -0.000027 0.000015  0.007393 0.006832 -0.744901
13  1.209180 0.000091 0.000012  -0.018591 -0.093118 -1.023306
14  3.859664 -0.138475 1.332410  0.349802 -0.103833 -0.306849
15  1.719450 -0.000011 0.000022  0.058905 -0.091584 -0.761958
16  1.099675 0.000047 0.000006  -0.115721 -0.252327 -0.528071
17  0.805996 -0.349050 1.321253  -1.528242 -0.685827 -0.408463
18  1.789819 -0.000003 -0.000017  0.002431 0.042853 0.020274
19  1.207014 -0.000012 -0.000044  0.351992 -0.031153 0.266595
20  5.740637 0.000410 -0.000705  -0.391333 0.000003 0.000070
21  11.480774 0.000309 -0.000940  -0.114924 -0.134828 -0.080330
22  6.027525 -0.000329 0.000202  1.786283 -0.463461 1.484922
23  0.000004 11.692100 -0.000007  -1.276987 -0.723255 -0.942628
24  0.000003 0.000008 -0.000001  -0.515490 -0.000031 1.570739
25  -0.000001 -0.000011 -0.000001  0.868957 0.000002 1.570712
26  -5.862666 -8.337571 2.805915  1.473120 1.855075 -0.198639
27  6.027505 -0.000263 -0.000229  1.982806 0.581939 -0.183723
28  11.691991 0.000242 0.000856  0.608929 0.000075 -1.873075
29  11.479038 -0.000546 0.001387  -2.631332 -0.005918 0.236215
30  3.859437 -0.132787 1.193062  0.466149 -0.051826 -1.783918
31  1.312558 0.000026 0.000000  -0.013965 -0.041044 -0.156447
32  0.729345 0.000066 -0.000028  -0.128320 -0.117290 -0.954857
33  3.942047 0.050109 0.430997  0.211501 -0.107596 -1.469120
34  1.539096 0.000010 -0.000001  0.040712 -0.054386 -1.030469
35  1.196299 0.000076 -0.000004  -0.249391 -0.043040 -0.795120
36  3.883411 -0.050502 -0.431086  0.186407 -0.271796 -1.212184
37  1.719564 -0.000079 -0.000003  0.020974 -0.107650 -1.483528
38  1.209197 0.000035 0.000011  -0.324719 0.069674 -0.493483
39  3.859586 -0.149112 -1.331323  -0.110833 0.118346 -0.118772
40  1.719412 -0.000100 -0.000035  -0.019525 0.026216 -0.112668
41  1.099674 0.000025 0.000007  0.239119 0.043639 -0.299131
42  0.805979 -0.359854 -1.318338  0.991670 0.166767 -0.799535
43  1.789780 -0.000009 -0.000042  0.000057 -0.002451 0.133097
44  1.206996 -0.000006 0.000004  0.000372 -0.000070 1.058782
45  5.740573 0.000055 0.000724  -0.213561 -0.000014 0.000021
46  11.480752 -0.000073 0.001027  -0.209834 -0.045140 0.048896
47  6.027514 -0.000273 -0.000239  -0.601679 -0.241121 -1.592098
48  -0.000000 11.691974 -0.000006  -1.248834 0.694262 0.930559
49  0.000003 -0.000001 -0.000001  2.881454 -0.000041 1.570856
50  -0.000006 -0.000015 0.000004  2.272644 -0.000030 1.570865
51  -5.842309 -4.012836 -3.656413  1.511438 -0.479352 -1.036695
52  0.000000 0.000000 -0.000000  0.008153 -0.000259 0.000009
53  -0.000000 0.000000 0.000001  1.565115 0.043565 -0.106862
54  3.128137 -16.607615 -1.537415  -1.722310 -0.583227 -1.895375
55  0.000000 -0.000001 -0.000001  0.000000 -0.000000 -0.000002
56  0.000030 0.000028 0.000000  -1.571901 -0.044449 -0.106509
57  9.503819 -20.895756 -15.232958  1.570796 -0.000000 0.000000
58  -17.772699 4.002314 -16.454041  1.570796 -0.000000 0.000000
59  2.641719 -5.121701 -4.012496  1.570796 -0.000000 0.000000
60  -0.004311 0.001230 -0.000371  0.006898 -0.005534 -0.284229
61  2.805915 9.247737 -4.285480  1.570796 -0.000000 0.000000
62  0.000000 0.000000 0.000000  -0.078727 -3.136056 0.284226
63  0.000000 0.000000 0.000000  1.570842 -0.000000 0.000000
64  0.679614 -8.821136 -1.852871  0.227440 1.194021 -0.945008
65  -0.109379 -1.951951 -1.519205  -0.000000 -0.000000 -0.000000
66  -0.109382 0.057028 25.399250  -0.000000 -0.000000 -0.000000
67  -0.109379 -1.856731 0.287229  -0.000000 -0.000000 -0.000000
68  -0.104049 -4.495923 7.879277  -0.000000 -0.000000 -0.000000
69  -0.195265 4.332630 -6.347188  -0.000000 -0.000000 -0.000000
70  -1.290112 3.693282 8.579668  0.022713 -0.014049 -0.017451
71  -0.109856 -1.345263 4.822541  -0.000000 -0.000000 -0.000000
72  -1.107529 -1.063453 4.061648  -0.000000 -0.000000 -0.000000
73  0.003658 1.612363 10.733984  -0.000000 -0.000000 -0.556411
74  2.438753 -13.197765 0.079729  0.227440 1.194021 -0.945007
time 63
0  0.000006 0.000000 0.000000  -1.570800 -1.391899 -1.570792
1  -3.035934 5.753379 2.637399  -1.544956 -1.855077 -0.198630
2  6.027522 -0.000325 0.000192  -1.104721 -1.064304 -1.202592
3  11.692103 0.000644 -0.000737  -1.384601 -0.000051 -1.921061
4  11.478826 0.000484 -0.001407  0.921285 -0.800981 -0.108495
5  3.859508 -0.142880 -1.192049  -0.385023 -0.049747 -1.520401
6  1.312590 0.000013 0.000008  -0.046121 0.114959 -0.670725
7  0.729354 0.000054 0.000049  -0.382874 -0.009928 -0.329607
8  3.942142 0.046272 -0.431512  -0.017775 -0.046509 -1.450588
9  1.539111 0.000082 0.000003  -0.005029 0.018451 0.052439
10  1.196332 0.000147 0.000028  -0.031354 -0.125081 -1.222623
11  3.883502 -0.047270 0.431381  0.206801 -0.117762 -0.805304
12  1.719573 -0.000029 0.000015  0.007393 0.006832 -0.744901
13  1.209180 0.000092 0.000011  -0.018591 -0.093118 -1.023306
14  3.859660 -0.138476 1.332410  0.351669 -0.091174 -0.310823
15  1.719448 -0.000011 0.000022  0.052461 -0.083287 -0.706797
16  1.099675 0.000047 0.000006  -0.091368 -0.245724 -0.552167
17  0.805993 -0.349051 1.321254  -1.528242 -0.685827 -0.408463
18  1.789819 -0.000003 -0.000017  0.002431 0.042853 0.020274
19  1.207013 -0.000013 -0.000045  0.351992 -0.031153 0.266595
20  5.740638 0.000411 -0.000703  -0.392402 0.000003 0.000071
21  11.480774 0.000311 -0.000940  -0.114881 -0.135284 -0.080304
22  6.027525 -0.000329 0.000202  1.784978 -0.462678 1.485478
23  0.000005 11.692098 -0.000007  -1.277518 -0.723802 -0.942849
24  0.000004 0.000008 0.000001  -0.515490 -0.000031 1.570739
25  -0.000001 -0.000011 -0.000001  0.868957 0.000002 1.570712
26  -5.862666 -8.337571 2.805915  1.473120 1.855075 -0.198639
27  6.027505 -0.000263 -0.000229  1.984073 0.581330 -0.183559
28  11.691993 0.000243 0.000856  0.608929 0.000075 -1.875461
29  11.479018 -0.000554 0.001394  -2.630516 -0.005141 0.238700
30  3.859436 -0.132787 1.193062  0.466149 -0.051826 -1.783918
31  1.312558 0.000026 -0.000000  -0.013965 -0.041044 -0.156447
32  0.729345 0.000066 -0.000028  -0.128320 -0.117290 -0.954857
33  3.942045 0.050109 0.430997  0.211501 -0.107596 -1.469120
34  1.539096 0.000009 -0.000000  0.040712 -0.054386 -1.030469
35  1.196300 0.000075 -0.000004  -0.249391 -0.043040 -0.795120
36  3.883411 -0.050501 -0.431086  0.186407 -0.271796 -1.212184
37  1.719564 -0.000078 -0.000003  0.020974 -0.107650 -1.483528
38  1.209196 0.000036 0.000011  -0.324719 0.069674 -0.493483
39  3.859585 -0.149111 -1.331322  -0.110833 0.118346 -0.118772
40  1.719413 -0.000099 -0.000034  -0.019525 0.026216 -0.112669
41  1.099673 0.000024 0.000008  0.239119 0.043639 -0.299131
42  0.805979 -0.359853 -1.318337  0.991669 0.166767 -0.799535
43  1.789779 -0.000009 -0.000042  0.000057 -0.002451 0.133097
44  1.206996 -0.000007 0.000006  0.000372 -0.000070 1.058781
45  5.740574 0.000056 0.000725  -0.213076 -0.000014 0.000021
46  11.480749 -0.000075 0.001028  -0.209650 -0.045191 0.049428
47  6.027514 -0.000273 -0.000239  -0.600885 -0.240175 -1.592820
48  -0.000001 11.691975 -0.000007  -1.250250 0.695723 0.931192
49  0.000003 -0.000001 0.000000  2.881454 -0.000041 1.570856
50  -0.000007 -0.000015 0.000004  2.272644 -0.000030 1.570865
51  -5.840660 -3.987601 -3.642514  1.511923 -0.479418 -1.037583
52  -0.000000 0.000000 -0.000000  0.008153 -0.000259 0.000009
53  0.000000 0.000000 0.000001  1.565115 0.043565 -0.106862
54  3.120554 -16.588686 -1.521933  -1.721912 -0.582944 -1.896259
55  -0.000000 -0.000001 -0.000000  0.000000 -0.000000 -0.000002
56  0.000030 0.000028 0.000001  -1.571901 -0.044449 -0.106509
57  9.503819 -20.895756 -15.232958  1.570796 -0.000000 0.000000
58  -17.772699 4.002314 -16.454041  1.570796 -0.000000 0.000000
59  2.641719 -5.121701 -4.012496  1.570796 -0.000000 0.000000
60  -0.004311 0.001230 -0.000371  0.006898 -0.005534 -0.284229
61  2.805915 9.247737 -4.285480  1.570796 -0.000000 0.000000
62  0.000000 0.000000 0.000000  -0.078727 -3.136056 0.284226
63  0.000000 0.000000 0.000000  1.570861 -0.000000 0.000000
64  0.677336 -8.800528 -1.837115  0.228589 1.193915 -0.944604
65  -0.109378 -1.951951 -1.519206  0.000000 -0.000000 0.000000
66  -0.109379 0.057027 25.399252  0.000000 -0.000000 0.000000
67  -0.109378 -1.856731 0.287229  0.000000 -0.000000 0.000000
68  -0.104047 -4.495923 7.879276  0.000000 -0.000000 0.000000
69  -0.195264 4.332631 -6.347188  0.000000 -0.000000 0.000000
70  -1.290112 3.693283 8.579668  0.022713 -0.014049 -0.017451
71  -0.109855 -1.345263 4.822541  0.000000 -0.000000 0.000000
72  -1.107528 -1.063453 4.061647  0.000000 -0.000000 0.000000
73  0.003659 1.612364 10.733982  -0.000000 -0.000000 -0.556379
74  2.432784 -13.178639 0.095485  0.228589 1.193915 -0.944604
time 64
0  0.000006 0.000000 0.000000  -1.570800 -1.391899 -1.570792
1  -3.035934 5.753379 2.637399  -1.544956 -1.855077 -0.198630
2  6.027522 -0.000325 0.000192  -1.106250 -1.065070 -1.203190
3  11.692104 0.000644 -0.000736  -1.384601 -0.000051 -1.922651
4  11.478811 0.000482 -0.001415  0.923576 -0.804370 -0.107251
5  3.859510 -0.142880 -1.192049  -0.391164 -0.042003 -1.491188
6  1.312590 0.000012 0.000008  -0.043613 0.110305 -0.660738
7  0.729354 0.000053 0.000050  -0.400665 -0.000912 -0.300161
8  3.942144 0.046272 -0.431512  -0.018433 -0.040949 -1.438475
9  1.539110 0.000087 0.000005  -0.004541 0.028366 0.079307
10  1.196333 0.000143 0.000030  -0.037929 -0.131098 -1.183214
11  3.883507 -0.047269 0.431382  0.206801 -0.117762 -0.805304
12  1.719573 -0.000023 0.000015  0.007393 0.006832 -0.744901
13  1.209179 0.000090 0.000012  -0.018591 -0.093118 -1.023306
14  3.859664 -0.138476 1.332410  0.353896 -0.075565 -0.315682
15  1.719449 -0.000010 0.000022  0.045126 -0.072522 -0.638491
16  1.099675 0.000046 0.000005  -0.061601 -0.236796 -0.581614
17  0.805995 -0.349050 1.321254  -1.528242 -0.685827 -0.408463
18  1.789819 -0.000004 -0.000018  0.002431 0.042853 0.020274
19  1.207017 -0.000012 -0.000044  0.351992 -0.031153 0.266595
20  5.740638 0.000411 -0.000705  -0.394501 0.000003 0.000071
21  11.480771 0.000310 -0.000943  -0.114304 -0.136025 -0.080073
22  6.027525 -0.000329 0.000202  1.785347 -0.461665 1.483378
23  0.000004 11.692098 -0.000006  -1.278470 -0.724785 -0.943244
24  0.000004 0.000009 -0.000000  -0.515490 -0.000031 1.570739
25  -0.000001 -0.000012 0.000000  0.868957 0.000002 1.570712
26  -5.862666 -8.337571 2.805915  1.473120 1.855075 -0.198639
27  6.027505 -0.000263 -0.000229  1.986053 0.581935 -0.182637
28  11.691992 0.000241 0.000857  0.608929 0.000075 -1.874514
29  11.479024 -0.000553 0.001390  -2.627985 -0.007787 0.238316
30  3.859436 -0.132787 1.193061  0.466149 -0.051826 -1.783918
31  1.312558 0.000026 0.000000  -0.013965 -0.041044 -0.156447
32  0.729345 0.000066 -0.000028  -0.128320 -0.117290 -0.954857
33  3.942046 0.050109 0.430996  0.211501 -0.107596 -1.469120
34  1.539097 0.000010 -0.000000  0.040712 -0.054386 -1.030469
35  1.196300 0.000076 -0.000004  -0.249391 -0.043040 -0.795121
36  3.883411 -0.050502 -0.431087  0.186407 -0.271796 -1.212184
37  1.719563 -0.000079 -0.000004  0.020974 -0.107650 -1.483528
38  1.209196 0.000037 0.000011  -0.324719 0.069674 -0.493483
39  3.859585 -0.149112 -1.331323  -0.110833 0.118346 -0.118772
40  1.719412 -0.000099 -0.000035  -0.019525 0.026216 -0.112669
41  1.099673 0.000025 0.000007  0.239119 0.043639 -0.299131
42  0.805979 -0.359854 -1.318338  0.991670 0.166767 -0.799535
43  1.789780 -0.000008 -0.000042  0.000057 -0.002451 0.133097
44  1.206996 -0.000007 0.000005  0.000372 -0.000070 1.058781
45  5.740572 0.000055 0.000724  -0.212909 -0.000014 0.000021
46  11.480748 -0.000075 0.001027  -0.209103 -0.045615 0.049098
47  6.027514 -0.000273 -0.000239  -0.601226 -0.238446 -1.592904
48  -0.000001 11.691974 -0.000005  -1.249689 0.695143 0.930941
49  0.000004 -0.000001 0.000000  2.881454 -0.000041 1.570856
50  -0.000007 -0.000015 0.000006  2.272644 -0.000030 1.570865
51  -5.850643 -3.991094 -3.622649  1.512953 -0.479558 -1.035643
52  -0.000000 -0.000000 -0.000000  0.008153 -0.000259 0.000009
53  0.000000 0.000000 -0.000000  1.565115 0.043565 -0.106862
54  3.139159 -16.571234 -1.498710  -1.721071 -0.582344 -1.894307
55  0.000000 -0.000001 0.000000  0.000000 -0.000000 -0.000002
56  0.000030 0.000028 0.000001  -1.571901 -0.044449 -0.106509
57  9.503819 -20.895756 -15.232958  1.570796 -0.000000 0.000000
58  -17.772699 4.002314 -16.454041  1.570796 -0.000000 0.000000
59  2.641719 -5.121701 -4.012496  1.570796 -0.000000 0.000000
60  -0.004311 0.001230 -0.000371  0.006898 -0.005534 -0.284229
61  2.805915 9.247737 -4.285480  1.570796 -0.000000 0.000000
62  0.000000 0.000000 0.000000  -0.078727 -3.136056 0.284226
63  0.000000 0.000000 0.000000  1.570886 -0.000000 0.000000
64  0.677408 -8.788888 -1.813314  0.231023 1.193690 -0.939926
65  -0.109379 -1.951951 -1.519205  0.000000 -0.000000 0.000000
66  -0.109380 0.057027 25.399252  0.000000 -0.000000 0.000000
67  -0.109379 -1.856732 0.287230  0.000000 -0.000000 0.000000
68  -0.104048 -4.495924 7.879277  0.000000 -0.000000 0.000000
69  -0.195264 4.332630 -6.347187  0.000000 -0.000000 0.000000
70  -1.290112 3.693283 8.579669  0.022713 -0.014049 -0.017451
71  -0.109856 -1.345263 4.822541  0.000000 -0.000000 0.000000
72  -1.107529 -1.063453 4.061647  0.000000 -0.000000 0.000000
73  0.003658 1.612364 10.733982  0.000000 -0.000000 -0.556291
74  2.441768 -13.163415 0.119287  0.231023 1.193690 -0.939926
time 65
0  0.000006 0.000000 0.000000  -1.570800 -1.391899 -1.570792
1  -3.035934 5.753379 2.637399  -1.544956 -1.855077 -0.198630
2  6.027522 -0.000325 0.000192  -1.111281 -1.065036 -1.202706
3  11.692103 0.000645 -0.000736  -1.384601 -0.000051 -1.925588
4  11.478785 0.000481 -0.001428  0.929342 -0.809519 -0.106015
5  3.859509 -0.142880 -1.192049  -0.396259 -0.033430 -1.460907
6  1.312590 0.000010 0.000009  -0.041648 0.106578 -0.652789
7  0.729354 0.000053 0.000048  -0.417266 0.007477 -0.277042
8  3.942143 0.046272 -0.431512  -0.019101 -0.034605 -1.424683
9  1.539110 0.000083 0.000005  -0.003660 0.039649 0.109957
10  1.196333 0.000144 0.000028  -0.045724 -0.137643 -1.138157
11  3.883505 -0.047269 0.431382  0.206801 -0.117762 -0.805304
12  1.719573 -0.000027 0.000015  0.007393 0.006832 -0.744901
13  1.209178 0.000092 0.000012  -0.018591 -0.093118 -1.023306
14  3.859663 -0.138476 1.332409  0.356339 -0.057768 -0.321169
15  1.719447 -0.000012 0.000022  0.037656 -0.059611 -0.560393
16  1.099675 0.000048 0.000006  -0.028065 -0.225582 -0.614782
17  0.805994 -0.349050 1.321253  -1.528242 -0.685827 -0.408463
18  1.789818 -0.000004 -0.000019  0.002431 0.042853 0.020274
19  1.207016 -0.000012 -0.000043  0.351992 -0.031153 0.266595
20  5.740637 0.000410 -0.000703  -0.397896 0.000003 0.000071
21  11.480764 0.000309 -0.000943  -0.113058 -0.137141 -0.079666
22  6.027525 -0.000329 0.000202  1.787805 -0.460618 1.478366
23  0.000004 11.692097 -0.000008  -1.280230 -0.726601 -0.943973
24  0.000002 0.000008 -0.000001  -0.515490 -0.000031 1.570739
25  -0.000001 -0.000012 -0.000001  0.868957 0.000002 1.570712
26  -5.862666 -8.337571 2.805915  1.473120 1.855075 -0.198639
27  6.027505 -0.000263 -0.000228  1.988680 0.583579 -0.181042
28  11.691991 0.000242 0.000857  0.608929 0.000074 -1.870003
29  11.479063 -0.000536 0.001379  -2.623397 -0.014531 0.234396
30  3.859436 -0.132787 1.193062  0.466149 -0.051826 -1.783918
31  1.312558 0.000026 0.000000  -0.013965 -0.041044 -0.156447
32  0.729344 0.000065 -0.000027  -0.128320 -0.117290 -0.954857
33  3.942046 0.050109 0.430997  0.211501 -0.107596 -1.469120
34  1.539096 0.000010 0.000000  0.040712 -0.054386 -1.030469
35  1.196300 0.000076 -0.000004  -0.249391 -0.043040 -0.795121
36  3.883411 -0.050502 -0.431086  0.186407 -0.271796 -1.212184
37  1.719564 -0.000079 -0.000003  0.020974 -0.107650 -1.483528
38  1.209196 0.000036 0.000011  -0.324719 0.069674 -0.493483
39  3.859585 -0.149112 -1.331323  -0.110833 0.118346 -0.118772
40  1.719412 -0.000099 -0.000034  -0.019525 0.026216 -0.112669
41  1.099673 0.000025 0.000006  0.239119 0.043639 -0.299131
42  0.805979 -0.359854 -1.318337  0.991670 0.166767 -0.799535
43  1.789779 -0.000009 -0.000043  0.000058 -0.002451 0.133097
44  1.206996 -0.000006 0.000005  0.000372 -0.000070 1.058782
45  5.740571 0.000056 0.000723  -0.213136 -0.000014 0.000021
46  11.480756 -0.000071 0.001025  -0.208125 -0.046478 0.047720
47  6.027514 -0.000273 -0.000239  -0.602536 -0.236017 -1.592448
48  -0.000001 11.691975 -0.000006  -1.247011 0.692381 0.929741
49  0.000003 -0.000002 0.000000  2.881454 -0.000041 1.570856
50  -0.000006 -0.000015 0.000006  2.272644 -0.000030 1.570865
51  -5.875752 -4.025184 -3.599195  1.514621 -0.479785 -1.030245
52  -0.000000 0.000000 0.000000  0.008153 -0.000259 0.000009
53  -0.000001 0.000000 0.000001  1.565115 0.043565 -0.106862
54  3.188519 -16.550846 -1.469809  -1.719708 -0.581372 -1.888888
55  0.000002 0.000000 0.000000  0.000000 -0.000000 -0.000002
56  0.000031 0.000029 0.000002  -1.571901 -0.044449 -0.106509
57  9.503819 -20.895756 -15.232958  1.570796 -0.000000 0.000000
58  -17.772699 4.002314 -16.454041  1.570796 -0.000000 0.000000
59  2.641719 -5.121701 -4.012496  1.570796 -0.000000 0.000000
60  -0.004311 0.001230 -0.000371  0.006898 -0.005534 -0.284229
61  2.805915 9.247737 -4.285480  1.570796 -0.000000 0.000000
62  0.000000 0.000000 0.000000  -0.078727 -3.136056 0.284226
63  0.000000 0.000000 0.000000  1.570915 -0.000000 0.000000
64  0.679253 -8.783656 -1.783479  0.234960 1.193319 -0.930098
65  -0.109379 -1.951951 -1.519205  -0.000000 -0.000000 0.000000
66  -0.109378 0.057027 25.399258  -0.000000 -0.000000 0.000000
67  -0.109379 -1.856732 0.287230  -0.000000 -0.000000 0.000000
68  -0.104048 -4.495923 7.879277  -0.000000 -0.000000 0.000000
69  -0.195264 4.332630 -6.347186  -0.000000 -0.000000 0.000000
70  -1.290113 3.693283 8.579669  0.022713 -0.014049 -0.017451
71  -0.109856 -1.345263 4.822541  -0.000000 -0.000000 0.000000
72  -1.107529 -1.063453 4.061648  -0.000000 -0.000000 0.000000
73  0.003658 1.612363 10.733982  -0.000000 -0.000000 -0.556120
74  2.467883 -13.148315 0.149124  0.234960 1.193319 -0.930098
time 66
0  0.000006 0.000000 0.000000  -1.570800 -1.391899 -1.570792
1  -3.035934 5.753379 2.637399  -1.544956 -1.855077 -0.198630
2  6.027522 -0.000325 0.000192  -1.118967 -1.064348 -1.201381
3  11.692105 0.000645 -0.000736  -1.384601 -0.000051 -1.929691
4  11.478747 0.000476 -0.001446  0.937864 -0.816180 -0.104695
5  3.859509 -0.142879 -1.192049  -0.400287 -0.024480 -1.430747
6  1.312590 0.000012 0.000008  -0.040158 0.103701 -0.646684
7  0.729356 0.000054 0.000050  -0.432456 0.015021 -0.259614
8  3.942144 0.046273 -0.431511  -0.019716 -0.027839 -1.410000
9  1.539111 0.000083 0.000005  -0.002340 0.051637 0.142648
10  1.196332 0.000143 0.000029  -0.054362 -0.144231 -1.090015
11  3.883505 -0.047270 0.431381  0.206801 -0.117762 -0.805304
12  1.719573 -0.000028 0.000015  0.007393 0.006832 -0.744901
13  1.209180 0.000088 0.000012  -0.018591 -0.093118 -1.023306
14  3.859662 -0.138476 1.332410  0.358831 -0.038796 -0.326961
15  1.719449 -0.000009 0.000022  0.030820 -0.045215 -0.477100
16  1.099676 0.000049 0.000006  0.007151 -0.212451 -0.649603
17  0.805995 -0.349050 1.321254  -1.528242 -0.685827 -0.408463
18  1.789821 -0.000003 -0.000018  0.002431 0.042853 0.020274
19  1.207014 -0.000013 -0.000045  0.351992 -0.031153 0.266595
20  5.740638 0.000410 -0.000704  -0.402402 0.000003 0.000070
21  11.480758 0.000307 -0.000947  -0.111274 -0.138580 -0.079101
22  6.027525 -0.000329 0.000202  1.791866 -0.459563 1.471165
23  0.000004 11.692100 -0.000007  -1.282690 -0.729140 -0.944985
24  0.000002 0.000008 -0.000000  -0.515490 -0.000031 1.570738
25  -0.000001 -0.000011 -0.000001  0.868957 0.000002 1.570712
26  -5.862666 -8.337571 2.805915  1.473120 1.855075 -0.198639
27  6.027505 -0.000263 -0.000228  1.991662 0.585953 -0.178999
28  11.691992 0.000242 0.000856  0.608929 0.000074 -1.862871
29  11.479126 -0.000507 0.001358  -2.617033 -0.024218 0.227730
30  3.859436 -0.132787 1.193061  0.466149 -0.051826 -1.783918
31  1.312558 0.000026 -0.000000  -0.013965 -0.041044 -0.156447
32  0.729345 0.000065 -0.000027  -0.128320 -0.117290 -0.954857
33  3.942046 0.050109 0.430996  0.211501 -0.107596 -1.469120
34  1.539097 0.000010 -0.000000  0.040712 -0.054386 -1.030469
35  1.196299 0.000076 -0.000004  -0.249391 -0.043040 -0.795121
36  3.883411 -0.050501 -0.431087  0.186407 -0.271796 -1.212184
37  1.719563 -0.000079 -0.000004  0.020974 -0.107650 -1.483528
38  1.209197 0.000035 0.000011  -0.324719 0.069674 -0.493483
39  3.859585 -0.149111 -1.331323  -0.110833 0.118346 -0.118772
40  1.719413 -0.000100 -0.000034  -0.019525 0.026216 -0.112669
41  1.099674 0.000025 0.000007  0.239119 0.043639 -0.299131
42  0.805979 -0.359854 -1.318339  0.991670 0.166767 -0.799535
43  1.789780 -0.000009 -0.000043  0.000058 -0.002451 0.133097
44  1.206997 -0.000007 0.000005  0.000372 -0.000070 1.058781
45  5.740570 0.000056 0.000723  -0.213609 -0.000014 0.000021
46  11.480768 -0.000067 0.001020  -0.206784 -0.047641 0.045553
47  6.027514 -0.000273 -0.000239  -0.604542 -0.233188 -1.591584
48  -0.000001 11.691975 -0.000006  -1.242781 0.688019 0.927829
49  0.000003 -0.000000 -0.000001  2.881454 -0.000041 1.570856
50  -0.000007 -0.000015 0.000006  2.272644 -0.000030 1.570865
51  -5.911788 -4.081909 -3.574499  1.517015 -0.480110 -1.022284
52  0.000000 0.000000 0.000000  0.008153 -0.000259 0.000009
53  0.000000 0.000000 -0.000000  1.565115 0.043565 -0.106862
54  3.261449 -16.526649 -1.437278  -1.717754 -0.579976 -1.880894
55  -0.000000 -0.000001 0.000000  0.000000 -0.000000 -0.000002
56  0.000030 0.000028 0.000001  -1.571902 -0.044449 -0.106509
57  9.503819 -20.895756 -15.232958  1.570796 -0.000000 0.000000
58  -17.772699 4.002314 -16.454041  1.570796 -0.000000 0.000000
59  2.641719 -5.121701 -4.012496  1.570796 -0.000000 0.000000
60  -0.004311 0.001230 -0.000371  0.006898 -0.005534 -0.284229
61  2.805915 9.247737 -4.285480  1.570796 -0.000000 0.000000
62  0.000000 0.000000 0.000000  -0.078727 -3.136056 0.284226
63  0.000000 0.000000 0.000000  1.570951 -0.000000 0.000000
64  0.682485 -8.782268 -1.749621  0.240598 1.192777 -0.915791
65  -0.109378 -1.951951 -1.519205  -0.000000 0.000000 0.000000
66  -0.109380 0.057027 25.399250  -0.000000 0.000000 0.000000
67  -0.109378 -1.856732 0.287230  -0.000000 0.000000 0.000000
68  -0.104047 -4.495924 7.879277  -0.000000 0.000000 0.000000
69  -0.195264 4.332630 -6.347188  -0.000000 0.000000 0.000000
70  -1.290112 3.693284 8.579668  0.022713 -0.014049 -0.017451
71  -0.109855 -1.345263 4.822540  -0.000000 0.000000 0.000000
72  -1.107528 -1.063453 4.061647  -0.000000 0.000000 0.000000
73  0.003659 1.612363 10.733982  -0.000000 0.000000 -0.555837
74  2.506784 -13.132136 0.182985  0.240598 1.192777 -0.915791
time 67
0  0.000006 0.000000 0.000000  -1.570800 -1.391899 -1.570792
1  -3.035934 5.753379 2.637399  -1.544956 -1.855077 -0.198630
2  6.027522 -0.000325 0.000192  -1.128470 -1.063142 -1.199461
3  11.692103 0.000644 -0.000735  -1.384601 -0.000052 -1.934783
4  11.478699 0.000473 -0.001466  0.948415 -0.824111 -0.103174
5  3.859509 -0.142880 -1.192049  -0.403294 -0.015618 -1.401889
6  1.312589 0.000012 0.000009  -0.039073 0.101579 -0.642197
7  0.729355 0.000053 0.000049  -0.446025 0.021563 -0.247118
8  3.942143 0.046272 -0.431512  -0.020232 -0.021064 -1.395323
9  1.539110 0.000086 0.000005  -0.000627 0.063575 0.175377
10  1.196332 0.000146 0.000029  -0.063319 -0.150398 -1.041771
11  3.883504 -0.047270 0.431381  0.206801 -0.117762 -0.805304
12  1.719573 -0.000026 0.000015  0.007393 0.006832 -0.744901
13  1.209178 0.000093 0.000012  -0.018591 -0.093118 -1.023306
14  3.859662 -0.138476 1.332410  0.361212 -0.019809 -0.332703
15  1.719448 -0.000013 0.000022  0.025209 -0.030302 -0.393953
16  1.099676 0.000049 0.000006  0.041780 -0.198140 -0.683831
17  0.805994 -0.349051 1.321253  -1.528242 -0.685827 -0.408463
18  1.789820 -0.000003 -0.000019  0.002431 0.042853 0.020274
19  1.207016 -0.000011 -0.000044  0.351992 -0.031153 0.266595
20  5.740635 0.000410 -0.000704  -0.407837 0.000003 0.000070
21  11.480747 0.000308 -0.000951  -0.109084 -0.140293 -0.078395
22  6.027525 -0.000329 0.000202  1.797060 -0.458528 1.462477
23  0.000005 11.692099 -0.000008  -1.285746 -0.732293 -0.946233
24  0.000002 0.000008 -0.000002  -0.515490 -0.000030 1.570739
25  -0.000001 -0.000012 -0.000002  0.868957 0.000002 1.570712
26  -5.862666 -8.337571 2.805915  1.473120 1.855075 -0.198639
27  6.027505 -0.000263 -0.000228  1.994698 0.588749 -0.176735
28  11.691992 0.000241 0.000856  0.608929 0.000073 -1.854063
29  11.479203 -0.000473 0.001336  -2.609161 -0.035689 0.219121
30  3.859436 -0.132787 1.193061  0.466149 -0.051826 -1.783918
31  1.312558 0.000026 -0.000000  -0.013965 -0.041044 -0.156447
32  0.729345 0.000066 -0.000027  -0.128320 -0.117290 -0.954857
33  3.942047 0.050109 0.430997  0.211501 -0.107596 -1.469120
34  1.539097 0.000010 -0.000001  0.040712 -0.054386 -1.030469
35  1.196300 0.000076 -0.000004  -0.249391 -0.043040 -0.795121
36  3.883411 -0.050502 -0.431087  0.186407 -0.271796 -1.212184
37  1.719563 -0.000079 -0.000003  0.020974 -0.107650 -1.483528
38  1.209197 0.000037 0.000011  -0.324719 0.069674 -0.493483
39  3.859585 -0.149112 -1.331323  -0.110833 0.118346 -0.118772
40  1.719412 -0.000099 -0.000035  -0.019525 0.026216 -0.112668
41  1.099673 0.000025 0.000007  0.239119 0.043639 -0.299131
42  0.805979 -0.359854 -1.318338  0.991670 0.166767 -0.799535
43  1.789779 -0.000009 -0.000042  0.000057 -0.002451 0.133097
44  1.206996 -0.000006 0.000005  0.000372 -0.000070 1.058782
45  5.740571 0.000055 0.000724  -0.214170 -0.000014 0.000021
46  11.480783 -0.000059 0.001016  -0.205147 -0.048965 0.042860
47  6.027514 -0.000273 -0.000239  -0.606972 -0.230253 -1.590444
48  -0.000001 11.691974 -0.000006  -1.237564 0.682641 0.925445
49  0.000003 -0.000002 -0.000001  2.881454 -0.000041 1.570856
50  -0.000006 -0.000016 0.000006  2.272644 -0.000030 1.570865
51  -5.954436 -4.153302 -3.550949  1.520234 -0.480545 -1.012655
52  0.000000 0.000000 -0.000000  0.008153 -0.000259 0.000009
53  0.000000 0.000000 -0.000000  1.565115 0.043565 -0.106862
54  3.350894 -16.497751 -1.403174  -1.715131 -0.578100 -1.871213
55  -0.000002 0.000000 -0.000001  0.000000 -0.000000 -0.000002
56  0.000029 0.000029 0.000000  -1.571902 -0.044449 -0.106509
57  9.503819 -20.895756 -15.232958  1.570796 -0.000000 0.000000
58  -17.772699 4.002314 -16.454041  1.570796 -0.000000 0.000000
59  2.641719 -5.121701 -4.012496  1.570796 -0.000000 0.000000
60  -0.004311 0.001230 -0.000371  0.006898 -0.005534 -0.284229
61  2.805915 9.247737 -4.285480  1.570796 -0.000000 0.000000
62  0.000000 0.000000 0.000000  -0.078727 -3.136056 0.284226
63  0.000000 0.000000 0.000000  1.570992 -0.000000 0.000000
64  0.686825 -8.782161 -1.713751  0.248148 1.192029 -0.897659
65  -0.109379 -1.951951 -1.519205  -0.000000 -0.000000 -0.000000
66  -0.109380 0.057027 25.399252  -0.000000 -0.000000 -0.000000
67  -0.109379 -1.856732 0.287230  -0.000000 -0.000000 -0.000000
68  -0.104048 -4.495923 7.879278  -0.000000 -0.000000 -0.000000
69  -0.195264 4.332630 -6.347188  -0.000000 -0.000000 -0.000000
70  -1.290111 3.693283 8.579669  0.022713 -0.014049 -0.017451
71  -0.109856 -1.345264 4.822541  -0.000000 -0.000000 -0.000000
72  -1.107529 -1.063453 4.061646  -0.000000 -0.000000 -0.000000
73  0.003658 1.612364 10.733981  -0.000000 -0.000000 -0.555415
74  2.554241 -13.113694 0.218858  0.248148 1.192029 -0.897659
time 68
0  0.000006 0.000000 0.000000  -1.570800 -1.391899 -1.570792
1  -3.035934 5.753379 2.637399  -1.544956 -1.855077 -0.198630
2  6.027522 -0.000325 0.000192  -1.138980 -1.061541 -1.197169
3  11.692102 0.000644 -0.000737  -1.384601 -0.000052 -1.940695
4  11.478648 0.000467 -0.001491  0.960251 -0.833078 -0.101301
5  3.859509 -0.142880 -1.192050  -0.405389 -0.007293 -1.375439
6  1.312589 0.000012 0.000009  -0.038324 0.100100 -0.639076
7  0.729355 0.000053 0.000049  -0.457785 0.027012 -0.238718
8  3.942144 0.046273 -0.431512  -0.020625 -0.014698 -1.381550
9  1.539110 0.000082 0.000005  0.001337 0.074722 0.206132
10  1.196332 0.000145 0.000029  -0.071992 -0.155788 -0.996436
11  3.883505 -0.047269 0.431381  0.206801 -0.117762 -0.805304
12  1.719573 -0.000027 0.000015  0.007393 0.006832 -0.744901
13  1.209180 0.000091 0.000011  -0.018591 -0.093118 -1.023306
14  3.859663 -0.138476 1.332410  0.363347 -0.001974 -0.338051
15  1.719449 -0.000013 0.000022  0.021099 -0.015971 -0.316253
16  1.099674 0.000047 0.000005  0.073700 -0.183679 -0.715371
17  0.805993 -0.349051 1.321253  -1.528242 -0.685827 -0.408463
18  1.789819 -0.000004 -0.000018  0.002431 0.042853 0.020274
19  1.207014 -0.000013 -0.000042  0.351992 -0.031153 0.266595
20  5.740636 0.000410 -0.000704  -0.413999 0.000003 0.000070
21  11.480737 0.000306 -0.000958  -0.106620 -0.142233 -0.077560
22  6.027525 -0.000329 0.000202  1.802938 -0.457556 1.452989
23  0.000004 11.692096 -0.000005  -1.289298 -0.735957 -0.947670
24  0.000004 0.000009 -0.000002  -0.515490 -0.000031 1.570739
25  -0.000001 -0.000012 -0.000000  0.868957 0.000002 1.570712
26  -5.862666 -8.337571 2.805915  1.473120 1.855075 -0.198639
27  6.027505 -0.000263 -0.000228  1.997490 0.591649 -0.174491
28  11.691992 0.000243 0.000857  0.608929 0.000072 -1.844546
29  11.479287 -0.000435 0.001308  -2.600052 -0.047793 0.209381
30  3.859437 -0.132788 1.193062  0.466149 -0.051826 -1.783918
31  1.312558 0.000026 -0.000000  -0.013965 -0.041044 -0.156447
32  0.729345 0.000065 -0.000027  -0.128320 -0.117290 -0.954857
33  3.942047 0.050109 0.430997  0.211501 -0.107596 -1.469120
34  1.539097 0.000010 0.000001  0.040712 -0.054386 -1.030469
35  1.196299 0.000076 -0.000004  -0.249391 -0.043040 -0.795120
36  3.883412 -0.050502 -0.431087  0.186407 -0.271796 -1.212184
37  1.719564 -0.000079 -0.000003  0.020974 -0.107650 -1.483528
38  1.209196 0.000036 0.000011  -0.324719 0.069674 -0.493483
39  3.859586 -0.149112 -1.331323  -0.110833 0.118346 -0.118772
40  1.719412 -0.000099 -0.000034  -0.019525 0.026216 -0.112668
41  1.099674 0.000024 0.000006  0.239119 0.043639 -0.299131
42  0.805979 -0.359854 -1.318338  0.991670 0.166767 -0.799535
43  1.789779 -0.000008 -0.000042  0.000057 -0.002451 0.133097
44  1.206996 -0.000006 0.000005  0.000372 -0.000070 1.058781
45  5.740573 0.000055 0.000724  -0.214657 -0.000014 0.000021
46  11.480802 -0.000051 0.001011  -0.203278 -0.050309 0.039901
47  6.027514 -0.000273 -0.000239  -0.609542 -0.227509 -1.589171
48  -0.000001 11.691973 -0.000007  -1.231934 0.676840 0.922840
49  0.000003 0.000001 0.000000  2.881454 -0.000041 1.570856
50  -0.000007 -0.000016 0.000005  2.272644 -0.000030 1.570865
51  -5.999453 -4.231307 -3.531004  1.524394 -0.481106 -1.002256
52  0.000000 0.000000 0.000001  0.008153 -0.000259 0.000009
53  -0.000000 -0.000000 0.000000  1.565115 0.043565 -0.106862
54  3.449944 -16.463421 -1.369551  -1.711748 -0.575675 -1.860734
55  0.000001 0.000000 -0.000000  0.000000 -0.000000 -0.000002
56  0.000030 0.000029 0.000001  -1.571902 -0.044449 -0.106509
57  9.503819 -20.895756 -15.232958  1.570796 -0.000000 0.000000
58  -17.772699 4.002314 -16.454041  1.570796 -0.000000 0.000000
59  2.641719 -5.121701 -4.012496  1.570796 -0.000000 0.000000
60  -0.004311 0.001230 -0.000371  0.006898 -0.005534 -0.284229
61  2.805915 9.247737 -4.285480  1.570796 -0.000000 0.000000
62  0.000000 0.000000 0.000000  -0.078727 -3.136056 0.284226
63  0.000000 0.000000 0.000000  1.571041 -0.000000 0.000000
64  0.692056 -8.780773 -1.677881  0.257855 1.191028 -0.876318
65  -0.109378 -1.951952 -1.519205  0.000000 -0.000000 0.000000
66  -0.109379 0.057028 25.399254  0.000000 -0.000000 0.000000
67  -0.109378 -1.856732 0.287230  0.000000 -0.000000 0.000000
68  -0.104047 -4.495923 7.879277  0.000000 -0.000000 0.000000
69  -0.195264 4.332630 -6.347187  0.000000 -0.000000 0.000000
70  -1.290113 3.693282 8.579669  0.022713 -0.014049 -0.017451
71  -0.109855 -1.345263 4.822540  0.000000 -0.000000 0.000000
72  -1.107528 -1.063453 4.061648  0.000000 -0.000000 0.000000
73  0.003659 1.612363 10.733983  0.000000 -0.000000 -0.554826
74  2.606119 -13.091896 0.254728  0.257855 1.191028 -0.876318
time 69
0  0.000006 0.000000 0.000000  -1.570800 -1.391899 -1.570792
1  -3.035934 5.753379 2.637399  -1.544956 -1.855077 -0.198630
2  6.027522 -0.000325 0.000192  -1.149727 -1.059650 -1.194695
3  11.692101 0.000644 -0.000738  -1.384601 -0.000053 -1.947261
4  11.478591 0.000463 -0.001515  0.972603 -0.842865 -0.098871
5  3.859508 -0.142880 -1.192050  -0.406722 0.000096 -1.352384
6  1.312590 0.000011 0.000008  -0.037843 0.099142 -0.637060
7  0.729353 0.000054 0.000051  -0.467577 0.031339 -0.233553
8  3.942143 0.046273 -0.431512  -0.020898 -0.009105 -1.369462
9  1.539111 0.000081 0.000005  0.003343 0.084445 0.233149
10  1.196333 0.000145 0.000029  -0.079794 -0.160188 -0.956640
11  3.883503 -0.047270 0.431381  0.206801 -0.117762 -0.805304
12  1.719572 -0.000028 0.000015  0.007393 0.006832 -0.744901
13  1.209178 0.000091 0.000012  -0.018591 -0.093118 -1.023306
14  3.859662 -0.138475 1.332410  0.365143 0.013690 -0.342713
15  1.719449 -0.000013 0.000022  0.018431 -0.003234 -0.248493
16  1.099675 0.000051 0.000006  0.101215 -0.170204 -0.742550
17  0.805993 -0.349051 1.321254  -1.528242 -0.685827 -0.408463
18  1.789819 -0.000004 -0.000018  0.002431 0.042853 0.020274
19  1.207016 -0.000012 -0.000046  0.351992 -0.031153 0.266595
20  5.740637 0.000412 -0.000704  -0.420644 0.000003 0.000070
21  11.480726 0.000306 -0.000962  -0.104013 -0.144358 -0.076602
22  6.027525 -0.000329 0.000202  1.809083 -0.456713 1.443373
23  0.000004 11.692097 -0.000008  -1.293249 -0.740031 -0.949250
24  0.000002 0.000008 0.000001  -0.515490 -0.000031 1.570739
25  -0.000001 -0.000011 -0.000002  0.868957 0.000002 1.570712
26  -5.862666 -8.337571 2.805915  1.473120 1.855075 -0.198639
27  6.027505 -0.000263 -0.000228  1.999739 0.594304 -0.172529
28  11.691994 0.000242 0.000855  0.608929 0.000072 -1.835309
29  11.479367 -0.000395 0.001283  -2.589974 -0.059397 0.199331
30  3.859436 -0.132787 1.193062  0.466149 -0.051826 -1.783918
31  1.312558 0.000025 -0.000000  -0.013965 -0.041044 -0.156447
32  0.729345 0.000065 -0.000027  -0.128320 -0.117290 -0.954857
33  3.942047 0.050109 0.430997  0.211501 -0.107596 -1.469120
34  1.539097 0.000010 -0.000000  0.040712 -0.054386 -1.030469
35  1.196299 0.000076 -0.000003  -0.249391 -0.043040 -0.795121
36  3.883412 -0.050501 -0.431087  0.186407 -0.271796 -1.212184
37  1.719563 -0.000079 -0.000003  0.020974 -0.107650 -1.483528
38  1.209198 0.000035 0.000011  -0.324719 0.069674 -0.493483
39  3.859586 -0.149112 -1.331323  -0.110833 0.118346 -0.118772
40  1.719412 -0.000099 -0.000034  -0.019525 0.026216 -0.112668
41  1.099673 0.000025 0.000006  0.239119 0.043639 -0.299131
42  0.805979 -0.359854 -1.318338  0.991670 0.166767 -0.799535
43  1.789779 -0.000009 -0.000042  0.000057 -0.002451 0.133097
44  1.206997 -0.000006 0.000005  0.000372 -0.000070 1.058782
45  5.740571 0.000057 0.000723  -0.214906 -0.000014 0.000021
46  11.480816 -0.000042 0.001006  -0.201239 -0.051537 0.036935
47  6.027514 -0.000273 -0.000239  -0.611936 -0.225254 -1.587928
48  -0.000002 11.691975 -0.000006  -1.226475 0.671222 0.920283
49  0.000003 0.000000 -0.000001  2.881454 -0.000041 1.570856
50  -0.000006 -0.000015 0.000005  2.272644 -0.000030 1.570865
51  -6.042775 -4.307750 -3.517239  1.529642 -0.481811 -0.991989
52  0.000000 -0.000000 0.000000  0.008153 -0.000259 0.000009
53  0.000000 0.000000 -0.000000  1.565115 0.043565 -0.106862
54  3.551887 -16.423155 -1.338467  -1.707492 -0.572616 -1.850349
55  0.000000 -0.000000 -0.000000  0.000000 -0.000000 -0.000002
56  0.000031 0.000028 0.000000  -1.571902 -0.044449 -0.106510
57  9.503819 -20.895756 -15.232958  1.570796 -0.000000 0.000000
58  -17.772699 4.002314 -16.454041  1.570796 -0.000000 0.000000
59  2.641719 -5.121701 -4.012496  1.570796 -0.000000 0.000000
60  -0.004311 0.001230 -0.000371  0.006898 -0.005534 -0.284229
61  2.805915 9.247737 -4.285480  1.570796 -0.000000 0.000000
62  0.000000 0.000000 0.000000  -0.078727 -3.136056 0.284226
63  0.000000 0.000000 0.000000  1.571097 -0.000000 0.000000
64  0.697990 -8.775540 -1.644023  0.270019 1.189714 -0.852327
65  -0.109379 -1.951952 -1.519205  -0.000000 0.000000 -0.000000
66  -0.109379 0.057026 25.399252  -0.000000 0.000000 -0.000000
67  -0.109379 -1.856732 0.287229  -0.000000 0.000000 -0.000000
68  -0.104048 -4.495924 7.879276  -0.000000 0.000000 -0.000000
69  -0.195264 4.332630 -6.347187  -0.000000 0.000000 -0.000000
70  -1.290112 3.693284 8.579666  0.022713 -0.014049 -0.017451
71  -0.109856 -1.345264 4.822540  -0.000000 0.000000 -0.000000
72  -1.107529 -1.063453 4.061646  -0.000000 0.000000 -0.000000
73  0.003658 1.612364 10.733980  -0.000000 -0.000000 -0.554043
74  2.658371 -13.065799 0.288586  0.270019 1.189714 -0.852327
time 70
0  0.000006 0.000000 0.000000  -1.570800 -1.391899 -1.570792
1  -3.035934 5.753379 2.637399  -1.544956 -1.855077 -0.198630
2  6.027522 -0.000325 0.000192  -1.159984 -1.057559 -1.192186
3  11.692101 0.000645 -0.000738  -1.384601 -0.000053 -1.954318
4  11.478525 0.000457 -0.001544  0.984671 -0.853276 -0.095614
5  3.859509 -0.142880 -1.192049  -0.407474 0.006209 -1.333550
6  1.312589 0.000012 0.000007  -0.037564 0.098586 -0.635889
7  0.729355 0.000055 0.000050  -0.475280 0.034567 -0.230781
8  3.942144 0.046273 -0.431512  -0.021070 -0.004564 -1.359653
9  1.539112 0.000085 0.000005  0.005165 0.092286 0.255086
10  1.196332 0.000144 0.000028  -0.086244 -0.163524 -0.924362
11  3.883505 -0.047270 0.431381  0.206801 -0.117762 -0.805304
12  1.719573 -0.000029 0.000015  0.007393 0.006832 -0.744901
13  1.209179 0.000092 0.000012  -0.018591 -0.093118 -1.023306
14  3.859662 -0.138475 1.332410  0.366546 0.026407 -0.346478
15  1.719449 -0.000013 0.000022  0.016912 0.007146 -0.193898
16  1.099676 0.000051 0.000006  0.123181 -0.158755 -0.764240
17  0.805996 -0.349049 1.321255  -1.528242 -0.685826 -0.408463
18  1.789818 -0.000003 -0.000018  0.002431 0.042853 0.020274
19  1.207015 -0.000011 -0.000043  0.351992 -0.031153 0.266595
20  5.740636 0.000411 -0.000703  -0.427473 0.000003 0.000070
21  11.480711 0.000305 -0.000967  -0.101393 -0.146631 -0.075523
22  6.027525 -0.000329 0.000202  1.815109 -0.456088 1.434285
23  0.000003 11.692098 -0.000007  -1.297503 -0.744416 -0.950931
24  0.000003 0.000008 -0.000001  -0.515490 -0.000030 1.570739
25  -0.000001 -0.000012 -0.000001  0.868957 0.000002 1.570712
26  -5.862666 -8.337571 2.805915  1.473120 1.855075 -0.198639
27  6.027505 -0.000263 -0.000228  2.001142 0.596330 -0.171134
28  11.691992 0.000242 0.000857  0.608929 0.000071 -1.827367
29  11.479441 -0.000361 0.001258  -2.579188 -0.069385 0.189796
30  3.859436 -0.132788 1.193062  0.466149 -0.051826 -1.783918
31  1.312558 0.000025 0.000000  -0.013965 -0.041044 -0.156447
32  0.729346 0.000067 -0.000027  -0.128320 -0.117290 -0.954857
33  3.942046 0.050109 0.430998  0.211501 -0.107596 -1.469120
34  1.539097 0.000010 0.000000  0.040712 -0.054386 -1.030469
35  1.196299 0.000076 -0.000003  -0.249391 -0.043040 -0.795120
36  3.883411 -0.050502 -0.431087  0.186407 -0.271796 -1.212184
37  1.719564 -0.000079 -0.000004  0.020974 -0.107650 -1.483528
38  1.209197 0.000035 0.000011  -0.324719 0.069674 -0.493483
39  3.859585 -0.149112 -1.331322  -0.110833 0.118346 -0.118772
40  1.719412 -0.000100 -0.000034  -0.019525 0.026216 -0.112669
41  1.099673 0.000024 0.000007  0.239119 0.043639 -0.299131
42  0.805979 -0.359854 -1.318338  0.991670 0.166767 -0.799535
43  1.789779 -0.000009 -0.000042  0.000057 -0.002451 0.133097
44  1.206996 -0.000007 0.000005  0.000372 -0.000070 1.058782
45  5.740574 0.000056 0.000722  -0.214751 -0.000014 0.000021
46  11.480833 -0.000036 0.001001  -0.199085 -0.052509 0.034215
47  6.027514 -0.000273 -0.000239  -0.613805 -0.223794 -1.586904
48  -0.000002 11.691975 -0.000006  -1.221787 0.666399 0.918062
49  0.000003 -0.000000 -0.000000  2.881454 -0.000041 1.570856
50  -0.000007 -0.000016 0.000005  2.272644 -0.000030 1.570865
51  -6.080586 -4.374340 -3.512399  1.536166 -0.482683 -0.982763
52  -0.000000 0.000000 0.000000  0.008153 -0.000259 0.000009
53  -0.000000 0.000000 0.000001  1.565115 0.043565 -0.106862
54  3.650212 -16.376726 -1.311995  -1.702218 -0.568812 -1.840946
55  -0.000000 -0.000001 -0.000001  0.000000 -0.000000 -0.000002
56  0.000030 0.000028 0.000000  -1.571901 -0.044449 -0.106509
57  9.503819 -20.895756 -15.232958  1.570796 -0.000000 0.000000
58  -17.772699 4.002314 -16.454041  1.570796 -0.000000 0.000000
59  2.641719 -5.121701 -4.012496  1.570796 -0.000000 0.000000
60  -0.004311 0.001230 -0.000371  0.006898 -0.005534 -0.284229
61  2.805915 9.247737 -4.285480  1.570796 -0.000000 0.000000
62  0.000000 0.000000 0.000000  -0.078727 -3.136056 0.284226
63  0.000000 0.000000 0.000000  1.571162 -0.000000 0.000000
64  0.704437 -8.763901 -1.614188  0.285012 1.187998 -0.826162
65  -0.109378 -1.951951 -1.519205  0.000000 -0.000000 0.000000
66  -0.109377 0.057027 25.399254  0.000000 -0.000000 0.000000
67  -0.109378 -1.856732 0.287230  0.000000 -0.000000 0.000000
68  -0.104047 -4.495923 7.879277  0.000000 -0.000000 0.000000
69  -0.195264 4.332631 -6.347186  0.000000 -0.000000 0.000000
70  -1.290112 3.693285 8.579669  0.022713 -0.014049 -0.017451
71  -0.109854 -1.345264 4.822543  0.000000 -0.000000 0.000000
72  -1.107528 -1.063453 4.061647  0.000000 -0.000000 0.000000
73  0.003660 1.612363 10.733984  0.000000 -0.000000 -0.553037
74  2.707013 -13.034630 0.318417  0.285012 1.187998 -0.826162
time 71
0  0.000006 0.000000 0.000000  -1.570800 -1.391899 -1.570792
1  -3.035934 5.753379 2.637399  -1.544956 -1.855077 -0.198630
2  6.027522 -0.000325 0.000192  -1.169070 -1.055335 -1.189746
3  11.692102 0.000645 -0.000738  -1.384601 -0.000054 -1.961712
4  11.478458 0.000453 -0.001573  0.995636 -0.864143 -0.091180
5  3.859510 -0.142879 -1.192050  -0.407826 0.010781 -1.319592
6  1.312589 0.000012 0.000009  -0.037428 0.098313 -0.635316
7  0.729354 0.000054 0.000050  -0.480811 0.036758 -0.229618
8  3.942145 0.046273 -0.431513  -0.021167 -0.001252 -1.352502
9  1.539109 0.000085 0.000004  0.006601 0.097972 0.271084
10  1.196333 0.000146 0.000028  -0.091006 -0.165821 -0.900852
11  3.883507 -0.047268 0.431381  0.206801 -0.117762 -0.805304
12  1.719573 -0.000028 0.000016  0.007393 0.006832 -0.744901
13  1.209179 0.000091 0.000011  -0.018591 -0.093118 -1.023306
14  3.859664 -0.138475 1.332409  0.367540 0.035681 -0.349211
15  1.719450 -0.000010 0.000022  0.016167 0.014707 -0.154362
16  1.099675 0.000052 0.000006  0.138982 -0.150130 -0.779838
17  0.805996 -0.349050 1.321253  -1.528242 -0.685827 -0.408463
18  1.789819 -0.000003 -0.000020  0.002431 0.042853 0.020274
19  1.207015 -0.000012 -0.000044  0.351992 -0.031153 0.266595
20  5.740636 0.000411 -0.000703  -0.434123 0.000003 0.000071
21  11.480700 0.000304 -0.000973  -0.098885 -0.149024 -0.074319
22  6.027525 -0.000329 0.000202  1.820660 -0.455795 1.426370
23  0.000003 11.692098 -0.000009  -1.301966 -0.749015 -0.952673
24  0.000003 0.000008 -0.000002  -0.515490 -0.000031 1.570739
25  -0.000001 -0.000011 -0.000002  0.868957 0.000002 1.570712
26  -5.862666 -8.337571 2.805915  1.473120 1.855075 -0.198639
27  6.027505 -0.000263 -0.000228  2.001384 0.597308 -0.170613
28  11.691993 0.000243 0.000857  0.608929 0.000071 -1.821747
29  11.479489 -0.000339 0.001242  -2.567929 -0.076654 0.181592
30  3.859436 -0.132788 1.193062  0.466149 -0.051826 -1.783918
31  1.312558 0.000026 -0.000000  -0.013965 -0.041044 -0.156447
32  0.729345 0.000065 -0.000027  -0.128320 -0.117290 -0.954857
33  3.942046 0.050109 0.430996  0.211501 -0.107596 -1.469120
34  1.539097 0.000010 -0.000000  0.040712 -0.054386 -1.030469
35  1.196299 0.000076 -0.000004  -0.249391 -0.043040 -0.795120
36  3.883411 -0.050502 -0.431087  0.186407 -0.271796 -1.212184
37  1.719563 -0.000080 -0.000003  0.020974 -0.107650 -1.483528
38  1.209197 0.000035 0.000011  -0.324719 0.069674 -0.493483
39  3.859585 -0.149112 -1.331323  -0.110833 0.118346 -0.118772
40  1.719412 -0.000099 -0.000035  -0.019525 0.026216 -0.112668
41  1.099673 0.000025 0.000007  0.239119 0.043639 -0.299131
42  0.805979 -0.359854 -1.318338  0.991670 0.166767 -0.799535
43  1.789780 -0.000009 -0.000042  0.000057 -0.002451 0.133097
44  1.206996 -0.000006 0.000005  0.000372 -0.000070 1.058782
45  5.740571 0.000055 0.000724  -0.214024 -0.000014 0.000021
46  11.480842 -0.000033 0.000998  -0.196865 -0.053083 0.031987
47  6.027514 -0.000273 -0.000239  -0.614765 -0.223445 -1.586307
48  -0.000001 11.691975 -0.000006  -1.218472 0.662992 0.916479
49  0.000004 -0.000001 0.000000  2.881454 -0.000041 1.570856
50  -0.000007 -0.000015 0.000005  2.272644 -0.000030 1.570865
51  -6.109350 -4.422728 -3.519480  1.544223 -0.483753 -0.975494
52  0.000000 -0.000000 -0.000000  0.008153 -0.000259 0.000009
53  -0.000000 -0.000000 -0.000000  1.565115 0.043565 -0.106862
54  3.738629 -16.324160 -1.292208  -1.695729 -0.564114 -1.833416
55  -0.000000 -0.000001 -0.000000  0.000000 -0.000000 -0.000002
56  0.000030 0.000028 0.000000  -1.571902 -0.044449 -0.106510
57  9.503819 -20.895756 -15.232958  1.570796 -0.000000 0.000000
58  -17.772699 4.002314 -16.454041  1.570796 -0.000000 0.000000
59  2.641719 -5.121701 -4.012496  1.570796 -0.000000 0.000000
60  -0.004311 0.001230 -0.000371  0.006898 -0.005534 -0.284229
61  2.805915 9.247737 -4.285480  1.570796 -0.000000 0.000000
62  0.000000 0.000000 0.000000  -0.078727 -3.136056 0.284226
63  0.000000 0.000000 0.000000  1.571235 -0.000000 0.000000
64  0.711156 -8.743293 -1.590386  0.303321 1.185757 -0.798173
65  -0.109379 -1.951952 -1.519206  -0.000000 -0.000000 0.000000
66  -0.109379 0.057027 25.399252  -0.000000 -0.000000 0.000000
67  -0.109379 -1.856732 0.287230  -0.000000 -0.000000 0.000000
68  -0.104048 -4.495924 7.879277  -0.000000 -0.000000 0.000000
69  -0.195263 4.332630 -6.347186  -0.000000 -0.000000 0.000000
70  -1.290111 3.693284 8.579669  0.022713 -0.014049 -0.017451
71  -0.109855 -1.345264 4.822541  -0.000000 -0.000000 0.000000
72  -1.107529 -1.063453 4.061647  -0.000000 -0.000000 0.000000
73  0.003659 1.612362 10.733983  0.000000 0.000000 -0.551779
74  2.748072 -12.997756 0.342207  0.303321 1.185757 -0.798173
time 72
0  0.000006 0.000000 0.000000  -1.570800 -1.391899 -1.570792
1  -3.035934 5.753379 2.637399  -1.544956 -1.855077 -0.198630
2  6.027522 -0.000325 0.000192  -1.176327 -1.053034 -1.187447
3  11.692102 0.000645 -0.000738  -1.384601 -0.000054 -1.969295
4  11.478389 0.000445 -0.001602  1.004674 -0.875345 -0.085129
5  3.859509 -0.142879 -1.192050  -0.407943 0.013617 -1.310993
6  1.312589 0.000013 0.000009  -0.037380 0.098218 -0.635116
7  0.729355 0.000053 0.000049  -0.484130 0.037999 -0.229358
8  3.942143 0.046273 -0.431513  -0.021214 0.000742 -1.348197
9  1.539110 0.000083 0.000004  0.007510 0.101382 0.280719
10  1.196333 0.000143 0.000028  -0.093895 -0.167149 -0.886708
11  3.883504 -0.047269 0.431380  0.206801 -0.117762 -0.805305
12  1.719573 -0.000024 0.000015  0.007393 0.006832 -0.744901
13  1.209179 0.000091 0.000011  -0.018591 -0.093118 -1.023306
14  3.859662 -0.138476 1.332409  0.368126 0.041266 -0.350853
15  1.719450 -0.000010 0.000022  0.015864 0.019250 -0.130676
16  1.099676 0.000050 0.000006  0.148407 -0.144827 -0.789140
17  0.805994 -0.349050 1.321253  -1.528242 -0.685827 -0.408463
18  1.789820 -0.000003 -0.000018  0.002431 0.042853 0.020274
19  1.207016 -0.000012 -0.000044  0.351992 -0.031153 0.266595
20  5.740636 0.000410 -0.000703  -0.440158 0.000003 0.000070
21  11.480683 0.000302 -0.000976  -0.096601 -0.151522 -0.072975
22  6.027525 -0.000329 0.000202  1.825400 -0.455969 1.420272
23  0.000003 11.692098 -0.000008  -1.306553 -0.753737 -0.954437
24  0.000004 0.000008 -0.000000  -0.515490 -0.000031 1.570739
25  -0.000001 -0.000011 -0.000002  0.868957 0.000002 1.570712
26  -5.862666 -8.337571 2.805915  1.473120 1.855075 -0.198639
27  6.027505 -0.000263 -0.000228  2.000130 0.596780 -0.171293
28  11.691993 0.000243 0.000857  0.608929 0.000070 -1.819475
29  11.479509 -0.000329 0.001236  -2.556368 -0.080105 0.175496
30  3.859436 -0.132787 1.193061  0.466149 -0.051826 -1.783918
31  1.312558 0.000026 -0.000000  -0.013965 -0.041044 -0.156447
32  0.729345 0.000065 -0.000027  -0.128320 -0.117290 -0.954857
33  3.942046 0.050109 0.430997  0.211501 -0.107596 -1.469120
34  1.539095 0.000009 -0.000000  0.040712 -0.054386 -1.030469
35  1.196299 0.000076 -0.000004  -0.249391 -0.043040 -0.795120
36  3.883412 -0.050502 -0.431087  0.186407 -0.271796 -1.212184
37  1.719563 -0.000078 -0.000003  0.020974 -0.107650 -1.483528
38  1.209196 0.000037 0.000011  -0.324719 0.069674 -0.493483
39  3.859585 -0.149112 -1.331323  -0.110833 0.118346 -0.118772
40  1.719412 -0.000100 -0.000034  -0.019525 0.026216 -0.112669
41  1.099674 0.000024 0.000007  0.239119 0.043639 -0.299131
42  0.805979 -0.359854 -1.318338  0.991670 0.166767 -0.799535
43  1.789780 -0.000009 -0.000042  0.000057 -0.002451 0.133097
44  1.206997 -0.000006 0.000005  0.000372 -0.000070 1.058782
45  5.740572 0.000056 0.000724  -0.212548 -0.000014 0.000021
46  11.480846 -0.000029 0.000997  -0.194609 -0.053108 0.030483
47  6.027514 -0.000273 -0.000239  -0.614394 -0.224551 -1.586364
48  -0.000001 11.691975 -0.000005  -1.217132 0.661615 0.915836
49  0.000003 0.000000 -0.000001  2.881454 -0.000041 1.570856
50  -0.000007 -0.000015 0.000006  2.272644 -0.000030 1.570865
51  -6.125886 -4.444611 -3.541881  1.554173 -0.485064 -0.971117
52  -0.000000 0.000000 -0.000000  0.008153 -0.000259 0.000009
53  0.000000 -0.000000 -0.000000  1.565115 0.043565 -0.106862
54  3.810982 -16.265589 -1.281204  -1.687755 -0.558311 -1.828650
55  0.000002 0.000000 -0.000001  0.000000 -0.000000 -0.000002
56  0.000031 0.000029 -0.000000  -1.571901 -0.044449 -0.106509
57  9.503819 -20.895756 -15.232958  1.570796 -0.000000 0.000000
58  -17.772699 4.002314 -16.454041  1.570796 -0.000000 0.000000
59  2.641719 -5.121701 -4.012496  1.570796 -0.000000 0.000000
60  -0.004311 0.001230 -0.000371  0.006898 -0.005534 -0.284229
61  2.805915 9.247737 -4.285480  1.570796 -0.000000 0.000000
62  0.000000 0.000000 0.000000  -0.078727 -3.136056 0.284226
63  0.000000 0.000000 0.000000  1.571317 -0.000000 0.000000
64  0.717690 -8.711153 -1.574630  0.325603 1.182808 -0.768525
65  -0.109378 -1.951952 -1.519205  0.000000 -0.000000 0.000000
66  -0.109378 0.057028 25.399252  0.000000 -0.000000 0.000000
67  -0.109378 -1.856732 0.287229  0.000000 -0.000000 0.000000
68  -0.104047 -4.495924 7.879276  0.000000 -0.000000 0.000000
69  -0.195264 4.332630 -6.347188  0.000000 -0.000000 0.000000
70  -1.290112 3.693283 8.579666  0.022713 -0.014049 -0.017451
71  -0.109855 -1.345264 4.822541  0.000000 -0.000000 0.000000
72  -1.107528 -1.063453 4.061647  0.000000 -0.000000 0.000000
73  0.003659 1.612363 10.733982  0.000000 -0.000000 -0.550243
74  2.777400 -12.954638 0.357942  0.325603 1.182808 -0.768525
time 73
0  0.000006 0.000000 0.000000  -1.570800 -1.391899 -1.570792
1  -3.035934 5.753379 2.637399  -1.544956 -1.855077 -0.198630
2  6.027522 -0.000325 0.000192  -1.180988 -1.050745 -1.185373
3  11.692102 0.000644 -0.000737  -1.384602 -0.000055 -1.976895
4  11.478323 0.000440 -0.001629  1.011055 -0.886858 -0.077034
5  3.859510 -0.142879 -1.192049  -0.407959 0.014582 -1.308078
6  1.312589 0.000012 0.000008  -0.037374 0.098205 -0.635089
7  0.729356 0.000054 0.000050  -0.485231 0.038391 -0.229392
8  3.942144 0.046274 -0.431512  -0.021228 0.001402 -1.346772
9  1.539111 0.000084 0.000004  0.007817 0.102508 0.283907
10  1.196332 0.000143 0.000029  -0.094855 -0.167579 -0.882031
11  3.883505 -0.047269 0.431381  0.206801 -0.117762 -0.805305
12  1.719573 -0.000027 0.000015  0.007393 0.006832 -0.744901
13  1.209180 0.000089 0.000011  -0.018591 -0.093118 -1.023306
14  3.859663 -0.138476 1.332409  0.368318 0.043114 -0.351396
15  1.719448 -0.000011 0.000023  0.015787 0.020750 -0.122861
16  1.099675 0.000049 0.000006  0.151510 -0.143055 -0.792203
17  0.805995 -0.349049 1.321254  -1.528242 -0.685827 -0.408463
18  1.789821 -0.000003 -0.000017  0.002431 0.042853 0.020274
19  1.207016 -0.000011 -0.000044  0.351992 -0.031153 0.266595
20  5.740636 0.000410 -0.000703  -0.445038 0.000003 0.000071
21  11.480670 0.000301 -0.000984  -0.094636 -0.154126 -0.071478
22  6.027525 -0.000329 0.000202  1.828916 -0.456755 1.416750
23  0.000003 11.692099 -0.000008  -1.311159 -0.758476 -0.956184
24  0.000004 0.000008 -0.000001  -0.515490 -0.000030 1.570739
25  -0.000001 -0.000011 -0.000001  0.868957 0.000002 1.570712
26  -5.862666 -8.337571 2.805915  1.473120 1.855075 -0.198639
27  6.027505 -0.000263 -0.000228  1.997052 0.594204 -0.173518
28  11.691992 0.000242 0.000856  0.608929 0.000071 -1.821518
29  11.479492 -0.000338 0.001243  -2.544520 -0.078700 0.172164
30  3.859436 -0.132787 1.193061  0.466149 -0.051826 -1.783918
31  1.312558 0.000026 0.000000  -0.013965 -0.041044 -0.156447
32  0.729345 0.000066 -0.000027  -0.128320 -0.117290 -0.954857
33  3.942046 0.050109 0.430996  0.211501 -0.107596 -1.469120
34  1.539097 0.000010 0.000000  0.040712 -0.054386 -1.030469
35  1.196299 0.000076 -0.000003  -0.249391 -0.043040 -0.795120
36  3.883411 -0.050501 -0.431087  0.186407 -0.271796 -1.212184
37  1.719564 -0.000079 -0.000004  0.020974 -0.107650 -1.483528
38  1.209197 0.000036 0.000011  -0.324719 0.069674 -0.493483
39  3.859585 -0.149111 -1.331323  -0.110833 0.118346 -0.118772
40  1.719412 -0.000100 -0.000035  -0.019525 0.026216 -0.112669
41  1.099674 0.000024 0.000008  0.239119 0.043639 -0.299131
42  0.805979 -0.359854 -1.318338  0.991669 0.166767 -0.799535
43  1.789779 -0.000009 -0.000043  0.000057 -0.002451 0.133097
44  1.206996 -0.000006 0.000005  0.000372 -0.000070 1.058782
45  5.740573 0.000055 0.000723  -0.210136 -0.000014 0.000021
46  11.480844 -0.000031 0.000997  -0.192322 -0.052429 0.029903
47  6.027514 -0.000273 -0.000239  -0.612190 -0.227469 -1.587356
48  -0.000001 11.691976 -0.000005  -1.218337 0.662853 0.916414
49  0.000004 -0.000001 -0.000001  2.881454 -0.000041 1.570856
50  -0.000008 -0.000016 0.000005  2.272644 -0.000030 1.570865
51  -6.128469 -4.431913 -3.583666  1.566549 -0.486677 -0.970589
52  0.000000 -0.000000 0.000000  0.008153 -0.000259 0.000009
53  0.000000 0.000000 -0.000001  1.565115 0.043565 -0.106862
54  3.860112 -16.201109 -1.281097  -1.677894 -0.551094 -1.827536
55  0.000002 0.000001 0.000000  0.000000 -0.000000 -0.000002
56  0.000031 0.000029 0.000001  -1.571901 -0.044449 -0.106509
57  9.503819 -20.895756 -15.232958  1.570796 -0.000000 0.000000
58  -17.772699 4.002314 -16.454041  1.570796 -0.000000 0.000000
59  2.641719 -5.121701 -4.012496  1.570796 -0.000000 0.000000
60  -0.004311 0.001230 -0.000371  0.006898 -0.005534 -0.284229
61  2.805915 9.247737 -4.285480  1.570796 -0.000000 0.000000
62  0.000000 0.000000 0.000000  -0.078727 -3.136056 0.284226
63  0.000000 0.000000 0.000000  1.571408 -0.000000 0.000000
64  0.722116 -8.664917 -1.568932  0.352792 1.178865 -0.737069
65  -0.109379 -1.951951 -1.519205  0.000000 -0.000000 -0.000000
66  -0.109379 0.057025 25.399254  0.000000 -0.000000 -0.000000
67  -0.109378 -1.856732 0.287229  0.000000 -0.000000 -0.000000
68  -0.104048 -4.495924 7.879276  0.000000 -0.000000 -0.000000
69  -0.195263 4.332630 -6.347188  0.000000 -0.000000 -0.000000
70  -1.290111 3.693282 8.579668  0.022713 -0.014049 -0.017451
71  -0.109855 -1.345263 4.822540  0.000000 -0.000000 -0.000000
72  -1.107528 -1.063453 4.061648  0.000000 -0.000000 -0.000000
73  0.003659 1.612362 10.733984  0.000000 0.000000 -0.548400
74  2.789364 -12.904754 0.363598  0.352792 1.178865 -0.737069
time 74
0  0.000006 0.000000 0.000000  -1.570800 -1.391899 -1.570792
1  -3.035934 5.753379 2.637399  -1.544956 -1.855077 -0.198630
2  6.027522 -0.000325 0.000192  -1.187840 -1.041379 -1.177755
3  11.692103 0.000645 -0.000737  -1.384602 -0.000056 -1.997928
4  11.478134 0.000425 -0.001711  1.026892 -0.917753 -0.055497
5  3.859511 -0.142880 -1.192049  -0.391378 -0.007817 -1.381531
6  1.312589 0.000009 0.000008  -0.044348 0.114485 -0.669271
7  0.729355 0.000054 0.000049  -0.445031 0.008322 -0.329124
8  3.942143 0.046272 -0.431512  -0.018241 -0.012000 -1.377358
9  1.539110 0.000084 0.000004  0.003466 0.080979 0.233931
10  1.196332 0.000146 0.000029  -0.077164 -0.160968 -0.982109
11  3.883506 -0.047270 0.431382  0.206801 -0.117762 -0.805305
12  1.719573 -0.000027 0.000015  0.007393 0.006832 -0.744901
13  1.209180 0.000092 0.000012  -0.018591 -0.093118 -1.023306
14  3.859663 -0.138476 1.332410  0.364431 0.003467 -0.339777
15  1.719448 -0.000010 0.000022  0.020061 -0.011504 -0.292374
16  1.099675 0.000050 0.000006  0.083430 -0.179023 -0.724983
17  0.805996 -0.349050 1.321253  -1.528242 -0.685827 -0.408463
18  1.789819 -0.000003 -0.000018  0.002431 0.042853 0.020274
19  1.207014 -0.000012 -0.000044  0.351992 -0.031153 0.266595
20  5.740636 0.000409 -0.000702  -0.452265 0.000003 0.000071
21  11.480633 0.000297 -0.001000  -0.089538 -0.161051 -0.067578
22  6.027525 -0.000329 0.000202  1.837606 -0.462989 1.414581
23  0.000005 11.692098 -0.000008  -1.323956 -0.771621 -0.960899
24  0.000004 0.000009 0.000000  -0.515490 -0.000031 1.570739
25  -0.000001 -0.000012 -0.000003  0.868957 0.000002 1.570712
26  -5.862666 -8.337571 2.805915  1.473120 1.855075 -0.198639
27  6.027505 -0.000263 -0.000229  1.981727 0.580733 -0.184596
28  11.691991 0.000243 0.000856  0.608929 0.000072 -1.832840
29  11.479390 -0.000385 0.001276  -2.510746 -0.067273 0.162212
30  3.859436 -0.132787 1.193061  0.466149 -0.051826 -1.783918
31  1.312558 0.000026 0.000000  -0.013965 -0.041044 -0.156447
32  0.729345 0.000065 -0.000027  -0.128320 -0.117290 -0.954857
33  3.942046 0.050109 0.430997  0.211501 -0.107596 -1.469120
34  1.539096 0.000010 -0.000000  0.040712 -0.054386 -1.030469
35  1.196299 0.000076 -0.000004  -0.249391 -0.043040 -0.795121
36  3.883411 -0.050501 -0.431087  0.186407 -0.271796 -1.212184
37  1.719564 -0.000079 -0.000003  0.020974 -0.107650 -1.483528
38  1.209196 0.000036 0.000012  -0.324719 0.069674 -0.493483
39  3.859585 -0.149111 -1.331323  -0.110833 0.118346 -0.118772
40  1.719412 -0.000100 -0.000034  -0.019525 0.026216 -0.112669
41  1.099673 0.000025 0.000007  0.239119 0.043639 -0.299131
42  0.805979 -0.359854 -1.318338  0.991670 0.166767 -0.799535
43  1.789779 -0.000009 -0.000042  0.000057 -0.002451 0.133097
44  1.206997 -0.000007 0.000006  0.000372 -0.000070 1.058782
45  5.740572 0.000056 0.000723  -0.202292 -0.000014 0.000021
46  11.480823 -0.000041 0.001004  -0.185912 -0.049059 0.028717
47  6.027514 -0.000273 -0.000239  -0.600604 -0.242207 -1.592635
48  -0.000001 11.691974 -0.000007  -1.225018 0.669722 0.919595
49  0.000002 0.000000 -0.000001  2.881454 -0.000041 1.570856
50  -0.000006 -0.000015 0.000004  2.272644 -0.000030 1.570865
51  -6.138736 -4.356520 -3.792508  1.607086 -0.491831 -0.975760
52  0.000000 0.000000 0.000000  0.008153 -0.000259 0.000009
53  0.000000 -0.000000 0.000000  1.565115 0.043565 -0.106862
54  3.935458 -16.024122 -1.350126  -1.646016 -0.527457 -1.830026
55  -0.000001 0.000000 -0.000000  0.000000 -0.000000 -0.000002
56  0.000028 0.000029 0.000001  -1.571901 -0.044449 -0.106509
57  9.503819 -20.895756 -15.232958  1.570796 -0.000000 0.000000
58  -17.772699 4.002314 -16.454041  1.570796 -0.000000 0.000000
59  2.641719 -5.121701 -4.012496  1.570796 -0.000000 0.000000
60  -0.004311 0.001230 -0.000371  0.006898 -0.005534 -0.284229
61  2.805915 9.247737 -4.285480  1.570796 -0.000000 0.000000
62  0.000000 0.000000 0.000000  -0.078727 -3.136056 0.284226
63  0.000000 0.000000 0.000000  1.571510 -0.000000 0.000000
64  0.702210 -8.527710 -1.622113  0.437503 1.163943 -0.645134
65  -0.109379 -1.951951 -1.519205  0.000000 -0.000000 -0.000000
66  -0.109379 0.057028 25.399250  0.000000 -0.000000 -0.000000
67  -0.109378 -1.856731 0.287229  0.000000 -0.000000 -0.000000
68  -0.104048 -4.495923 7.879276  0.000000 -0.000000 -0.000000
69  -0.195264 4.332630 -6.347188  0.000000 -0.000000 -0.000000
70  -1.290112 3.693282 8.579669  0.022713 -0.014049 -0.017451
71  -0.109856 -1.345263 4.822540  0.000000 -0.000000 -0.000000
72  -1.107528 -1.063453 4.061646  0.000000 -0.000000 -0.000000
73  0.003659 1.612363 10.733982  0.000000 0.000000 -0.546221
74  2.765561 -12.769553 0.310178  0.437503 1.163943 -0.645134
time 75
0  0.000006 0.000000 0.000000  -1.570800 -1.391899 -1.570792
1  -3.035934 5.753379 2.637399  -1.544956 -1.855077 -0.198630
2  6.027522 -0.000325 0.000192  -1.199151 -1.016927 -1.158938
3  11.692102 0.000644 -0.000737  -1.384602 -0.000059 -2.028263
4  11.480546 0.000684 -0.000343  1.061364 -0.966744 -0.018391
5  3.859506 -0.142881 -1.192050  -0.351170 -0.049479 -1.541528
6  1.312591 0.000013 0.000009  -0.062644 0.148272 -0.743210
7  0.729354 0.000054 0.000048  -0.340348 -0.042988 -0.547357
8  3.942142 0.046273 -0.431513  -0.012971 -0.041171 -1.442918
9  1.539111 0.000084 0.000005  -0.003063 0.031399 0.109136
10  1.196333 0.000147 0.000028  -0.039908 -0.137182 -1.196643
11  3.883504 -0.047270 0.431381  0.206801 -0.117762 -0.805304
12  1.719573 -0.000028 0.000015  0.007393 0.006832 -0.744901
13  1.209178 0.000089 0.000012  -0.018591 -0.093118 -1.023306
14  3.859663 -0.138476 1.332409  0.354086 -0.081120 -0.314222
15  1.719446 -0.000014 0.000022  0.047625 -0.076372 -0.662542
16  1.099675 0.000051 0.000006  -0.072034 -0.240033 -0.571294
17  0.805992 -0.349051 1.321252  -1.528242 -0.685827 -0.408463
18  1.789821 -0.000003 -0.000019  0.002431 0.042853 0.020274
19  1.207017 -0.000012 -0.000043  0.351992 -0.031153 0.266595
20  5.740636 0.000410 -0.000702  -0.450818 0.000003 0.000071
21  11.481115 0.000350 -0.000727  -0.079466 -0.172006 -0.059951
22  6.027525 -0.000329 0.000202  1.857708 -0.480634 1.414569
23  0.000005 11.692099 -0.000007  -1.342555 -0.790654 -0.967389
24  0.000003 0.000008 -0.000002  -0.515490 -0.000030 1.570739
25  -0.000001 -0.000012 -0.000000  0.868957 0.000002 1.570712
26  -5.862666 -8.337571 2.805915  1.473120 1.855075 -0.198639
27  6.027505 -0.000263 -0.000229  1.941148 0.554779 -0.207888
28  11.691992 0.000242 0.000855  0.608929 0.000072 -1.838074
29  11.479344 -0.000405 0.001292  -2.442754 -0.045194 0.124233
30  3.859436 -0.132787 1.193061  0.466149 -0.051826 -1.783918
31  1.312558 0.000026 0.000000  -0.013965 -0.041044 -0.156447
32  0.729345 0.000065 -0.000027  -0.128320 -0.117290 -0.954857
33  3.942046 0.050109 0.430997  0.211501 -0.107596 -1.469120
34  1.539097 0.000010 -0.000000  0.040712 -0.054386 -1.030469
35  1.196299 0.000075 -0.000004  -0.249391 -0.043040 -0.795121
36  3.883411 -0.050501 -0.431086  0.186407 -0.271796 -1.212184
37  1.719564 -0.000078 -0.000003  0.020974 -0.107650 -1.483528
38  1.209197 0.000036 0.000011  -0.324719 0.069674 -0.493483
39  3.859585 -0.149112 -1.331323  -0.110833 0.118346 -0.118772
40  1.719412 -0.000100 -0.000034  -0.019525 0.026216 -0.112668
41  1.099673 0.000024 0.000007  0.239119 0.043639 -0.299131
42  0.805979 -0.359854 -1.318338  0.991670 0.166767 -0.799535
43  1.789779 -0.000009 -0.000042  0.000057 -0.002451 0.133097
44  1.206997 -0.000007 0.000005  0.000372 -0.000070 1.058781
45  5.740571 0.000056 0.000724  -0.187788 -0.000014 0.000021
46  11.480812 -0.000045 0.001008  -0.173195 -0.041296 0.022554
47  6.027514 -0.000273 -0.000239  -0.580163 -0.280338 -1.599385
48  -0.000002 11.691975 -0.000004  -1.228109 0.672902 0.921051
49  0.000003 -0.000000 -0.000000  2.881454 -0.000041 1.570856
50  -0.000007 -0.000015 0.000006  2.272644 -0.000030 1.570865
51  -6.198828 -4.370626 -4.349985  1.695041 -0.502295 -0.987753
52  0.000000 0.000000 -0.000001  0.008153 -0.000259 0.000009
53  -0.000000 0.000000 0.000000  1.565115 0.043565 -0.106862
54  4.039468 -15.822960 -1.591562  -1.578830 -0.476290 -1.832397
55  -0.000001 -0.000000 -0.000000  0.000000 -0.000000 -0.000002
56  0.000030 0.000029 0.000000  -1.571902 -0.044449 -0.106509
57  9.503819 -20.895756 -15.232958  1.570796 -0.000000 0.000000
58  -17.772699 4.002314 -16.454041  1.570796 -0.000000 0.000000
59  2.641719 -5.121701 -4.012496  1.570796 -0.000000 0.000000
60  -0.004311 0.001230 -0.000371  0.006898 -0.005534 -0.284229
61  2.805915 9.247737 -4.285480  1.570796 -0.000000 0.000000
62  0.000000 0.000000 0.000000  -0.078727 -3.136056 0.284226
63  0.000000 0.000000 0.000000  1.571623 -0.000000 0.000000
64  0.601229 -8.417570 -1.842104  0.597145 1.122465 -0.469811
65  -0.109379 -1.951951 -1.519205  -0.000000 -0.000000 0.000000
66  -0.109379 0.057025 25.399254  -0.000000 -0.000000 0.000000
67  -0.109379 -1.856732 0.287229  -0.000000 -0.000000 0.000000
68  -0.104047 -4.495924 7.879276  -0.000000 -0.000000 0.000000
69  -0.195264 4.332631 -6.347188  -0.000000 -0.000000 0.000000
70  -1.290112 3.693283 8.579668  0.022713 -0.014049 -0.017451
71  -0.109855 -1.345264 4.822541  -0.000000 -0.000000 0.000000
72  -1.107529 -1.063453 4.061646  -0.000000 -0.000000 0.000000
73  0.003659 1.612363 10.733981  0.000000 0.000000 -0.543679
74  2.656307 -12.663907 0.089133  0.597145 1.122465 -0.469811
time 76
0  0.000006 0.000000 0.000000  -1.570800 -1.391899 -1.570792
1  -3.035934 5.753379 2.637399  -1.544956 -1.855077 -0.198630
2  6.027522 -0.000325 0.000193  -1.206375 -0.981645 -1.132757
3  11.692103 0.000644 -0.000738  -1.384602 -0.000058 -2.022468
4  11.480558 0.000685 -0.000339  1.084091 -1.001795 0.031693
5  3.859510 -0.142880 -1.192049  -0.332311 -0.061520 -1.618951
6  1.312590 0.000012 0.000008  -0.075839 0.162921 -0.778363
7  0.729354 0.000053 0.000050  -0.264116 -0.060610 -0.650712
8  3.942144 0.046273 -0.431512  -0.016356 -0.056925 -1.473350
9  1.539110 0.000082 0.000005  -0.005224 -0.000152 0.002097
10  1.196332 0.000143 0.000029  -0.019729 -0.113157 -1.296155
11  3.883507 -0.047269 0.431382  0.206801 -0.117762 -0.805304
12  1.719572 -0.000030 0.000015  0.007393 0.006832 -0.744901
13  1.209180 0.000091 0.000012  -0.018591 -0.093118 -1.023306
14  3.859662 -0.138476 1.332409  0.347271 -0.120444 -0.301586
15  1.719448 -0.000010 0.000022  0.067969 -0.101828 -0.833886
16  1.099675 0.000049 0.000005  -0.147921 -0.260109 -0.496206
17  0.805995 -0.349050 1.321254  -1.528242 -0.685827 -0.408463
18  1.789818 -0.000004 -0.000019  0.002431 0.042853 0.020274
19  1.207015 -0.000012 -0.000047  0.351992 -0.031153 0.266595
20  5.740637 0.000411 -0.000703  -0.413965 0.000003 0.000070
21  11.481117 0.000350 -0.000725  -0.070689 -0.180329 -0.050387
22  6.027525 -0.000329 0.000202  1.883298 -0.508068 1.422529
23  0.000003 11.692100 -0.000007  -1.338989 -0.787012 -0.966178
24  0.000003 0.000008 -0.000001  -0.515490 -0.000031 1.570739
25  -0.000001 -0.000011 -0.000001  0.868957 0.000002 1.570712
26  -5.862666 -8.337571 2.805915  1.473120 1.855075 -0.198639
27  6.027504 -0.000262 -0.000230  1.893274 0.544573 -0.225278
28  11.691991 0.000243 0.000857  0.608929 0.000069 -1.801667
29  11.479668 -0.000251 0.001180  -2.348079 -0.025039 0.081763
30  3.859436 -0.132787 1.193062  0.466149 -0.051826 -1.783918
31  1.312558 0.000025 0.000000  -0.013965 -0.041043 -0.156447
32  0.729345 0.000066 -0.000027  -0.128320 -0.117290 -0.954857
33  3.942045 0.050109 0.430997  0.211501 -0.107596 -1.469120
34  1.539096 0.000010 0.000000  0.040712 -0.054386 -1.030469
35  1.196300 0.000076 -0.000004  -0.249391 -0.043040 -0.795120
36  3.883411 -0.050501 -0.431088  0.186407 -0.271796 -1.212184
37  1.719564 -0.000078 -0.000004  0.020974 -0.107650 -1.483528
38  1.209196 0.000036 0.000011  -0.324719 0.069674 -0.493483
39  3.859585 -0.149111 -1.331323  -0.110833 0.118346 -0.118772
40  1.719411 -0.000099 -0.000036  -0.019525 0.026216 -0.112668
41  1.099674 0.000024 0.000007  0.239119 0.043639 -0.299131
42  0.805979 -0.359854 -1.318339  0.991670 0.166767 -0.799535
43  1.789780 -0.000009 -0.000042  0.000057 -0.002451 0.133097
44  1.206996 -0.000006 0.000004  0.000372 -0.000070 1.058782
45  5.740573 0.000055 0.000724  -0.168061 -0.000014 0.000021
46  11.480878 -0.000014 0.000986  -0.155006 -0.033775 0.014744
47  6.027514 -0.000273 -0.000239  -0.577807 -0.322355 -1.592460
48  0.000000 11.691974 -0.000007  -1.206642 0.650851 0.910739
49  0.000003 -0.000002 -0.000000  2.881454 -0.000041 1.570856
50  -0.000007 -0.000016 0.000004  2.272644 -0.000030 1.570865
51  -6.301254 -4.752810 -5.014433  1.824030 -0.496065 -1.016958
52  0.000001 0.000000 -0.000000  0.008153 -0.000259 0.000009
53  -0.000000 0.000000 -0.000000  1.565115 0.043565 -0.106862
54  4.044880 -16.058758 -2.061368  -1.499777 -0.388462 -1.832960
55  0.000000 -0.000000 0.000000  0.000000 -0.000000 -0.000002
56  0.000031 0.000029 0.000001  -1.571901 -0.044449 -0.106509
57  9.503819 -20.895756 -15.232958  1.570796 -0.000000 0.000000
58  -17.772699 4.002314 -16.454041  1.570796 -0.000000 0.000000
59  2.641719 -5.121701 -4.012496  1.570796 -0.000000 0.000000
60  -0.004311 0.001230 -0.000371  0.006898 -0.005534 -0.284229
61  2.805915 9.247737 -4.285480  1.570796 -0.000000 0.000000
62  0.000000 0.000000 0.000000  -0.078727 -3.136056 0.284226
63  0.000000 0.000000 0.000000  1.571747 -0.000000 0.000000
64  0.382556 -8.757850 -2.151861  0.802209 1.059534 -0.255067
65  -0.109378 -1.951951 -1.519205  -0.000000 0.000000 0.000000
66  -0.109380 0.057026 25.399252  -0.000000 0.000000 0.000000
67  -0.109379 -1.856731 0.287230  -0.000000 0.000000 0.000000
68  -0.104048 -4.495924 7.879278  -0.000000 0.000000 0.000000
69  -0.195264 4.332630 -6.347185  -0.000000 0.000000 0.000000
70  -1.290112 3.693284 8.579669  0.022713 -0.014049 -0.017451
71  -0.109855 -1.345264 4.822542  -0.000000 0.000000 0.000000
72  -1.107528 -1.063453 4.061648  -0.000000 0.000000 0.000000
73  0.003659 1.612363 10.733984  0.000000 -0.000000 -0.540743
74  2.403436 -13.062554 -0.316114  0.802209 1.059534 -0.255067
time 77
0  0.000006 0.000000 0.000000  -1.570800 -1.391899 -1.570792
1  -3.035934 5.753379 2.637399  -1.544956 -1.855077 -0.198630
2  6.027522 -0.000324 0.000193  -1.204380 -0.957034 -1.113776
3  11.692103 0.000645 -0.000739  -1.384601 -0.000052 -1.943655
4  11.478621 0.000466 -0.001500  1.066051 -1.005103 0.115673
5  3.859507 -0.142879 -1.192050  -0.337473 -0.054272 -1.621435
6  1.312590 0.000013 0.000009  -0.080902 0.159234 -0.772282
7  0.729354 0.000053 0.000051  -0.227909 -0.063429 -0.646374
8  3.942144 0.046274 -0.431511  -0.031640 -0.056549 -1.465745
9  1.539110 0.000084 0.000005  -0.006601 -0.012597 -0.076497
10  1.196333 0.000147 0.000029  -0.013142 -0.097282 -1.288038
11  3.883505 -0.047269 0.431382  0.206801 -0.117762 -0.805305
12  1.719574 -0.000026 0.000015  0.007393 0.006832 -0.744901
13  1.209179 0.000092 0.000012  -0.018591 -0.093118 -1.023306
14  3.859662 -0.138475 1.332410  0.341487 -0.112247 -0.300392
15  1.719447 -0.000011 0.000022  0.066397 -0.100613 -0.826723
16  1.099675 0.000048 0.000006  -0.147533 -0.252108 -0.503093
17  0.805993 -0.349050 1.321253  -1.528242 -0.685827 -0.408463
18  1.789821 -0.000004 -0.000019  0.002431 0.042853 0.020274
19  1.207016 -0.000012 -0.000044  0.351992 -0.031153 0.266595
20  5.740635 0.000411 -0.000702  -0.339930 0.000003 0.000071
21  11.480729 0.000305 -0.000957  -0.067170 -0.183235 -0.037266
22  6.027525 -0.000329 0.000202  1.897962 -0.529158 1.435886
23  0.000003 11.692098 -0.000008  -1.291079 -0.737794 -0.948384
24  0.000003 0.000009 -0.000003  -0.515490 -0.000031 1.570739
25  -0.000001 -0.000011 -0.000002  0.868957 0.000002 1.570712
26  -5.862666 -8.337571 2.805915  1.473120 1.855075 -0.198639
27  6.027505 -0.000262 -0.000229  1.859350 0.577006 -0.224977
28  11.691991 0.000242 0.000855  0.608928 0.000062 -1.706316
29  11.480530 0.000214 0.000857  -2.229297 -0.012335 0.067159
30  3.859436 -0.132787 1.193061  0.466149 -0.051826 -1.783918
31  1.312558 0.000025 -0.000000  -0.013965 -0.041043 -0.156447
32  0.729345 0.000066 -0.000028  -0.128320 -0.117290 -0.954857
33  3.942046 0.050110 0.430996  0.211501 -0.107596 -1.469120
34  1.539097 0.000010 -0.000001  0.040712 -0.054386 -1.030469
35  1.196300 0.000075 -0.000004  -0.249391 -0.043040 -0.795120
36  3.883412 -0.050501 -0.431088  0.186407 -0.271796 -1.212184
37  1.719564 -0.000078 -0.000003  0.020974 -0.107650 -1.483528
38  1.209196 0.000036 0.000011  -0.324719 0.069674 -0.493483
39  3.859586 -0.149112 -1.331324  -0.123204 0.061205 0.033517
40  1.719411 -0.000099 -0.000035  -0.034193 0.029293 -0.198559
41  1.099672 0.000024 0.000006  0.371767 0.217735 -0.259481
42  0.805979 -0.359853 -1.318338  0.991669 0.166767 -0.799535
43  1.789780 -0.000009 -0.000043  0.000057 -0.002451 0.133097
44  1.206996 -0.000006 0.000005  0.000372 -0.000070 1.058782
45  5.740571 0.000055 0.000725  -0.142783 -0.000014 0.000021
46  11.481049 0.000079 0.000922  -0.131499 -0.029636 0.011241
47  6.027514 -0.000273 -0.000239  -0.617909 -0.343349 -1.561007
48  -0.000003 11.691974 -0.000006  -1.150684 0.593973 0.881794
49  0.000003 -0.000001 -0.000000  2.881454 -0.000041 1.570856
50  -0.000007 -0.000015 0.000005  2.272644 -0.000030 1.570865
51  -6.378880 -5.632609 -5.485731  1.984395 -0.458102 -1.069660
52  0.000000 0.000000 -0.000000  0.008153 -0.000259 0.000009
53  0.000000 0.000000 -0.000000  1.565115 0.043565 -0.106862
54  3.904558 -17.024240 -2.645085  -1.422635 -0.260455 -1.836540
55  -0.000001 -0.000000 -0.000000  0.000000 -0.000000 -0.000002
56  0.000029 0.000029 0.000001  -1.571901 -0.044449 -0.106509
57  9.503819 -20.895756 -15.232958  1.570796 -0.000000 0.000000
58  -17.772699 4.002314 -16.454041  1.570796 -0.000000 0.000000
59  2.641719 -5.121701 -4.012496  1.570796 -0.000000 0.000000
60  -0.004311 0.001230 -0.000371  0.006898 -0.005534 -0.284229
61  2.805915 9.247737 -4.285480  1.570796 -0.000000 0.000000
62  0.000000 0.000000 0.000000  -0.078727 -3.136056 0.284226
63  0.000000 0.000000 0.000000  1.573235 -0.000000 0.000000
64  0.079509 -9.812064 -2.366534  1.027599 0.971618 -0.042051
65  -0.109379 -1.951951 -1.519205  0.000000 -0.000000 -0.000000
66  -0.109379 0.057028 25.399250  0.000000 -0.000000 -0.000000
67  -0.109379 -1.856732 0.287228  0.000000 -0.000000 -0.000000
68  -0.104048 -4.495924 7.879277  0.000000 -0.000000 -0.000000
69  -0.195264 4.332632 -6.347188  0.000000 -0.000000 -0.000000
70  -1.290112 3.693285 8.579668  0.022713 -0.014049 -0.017451
71  -0.109855 -1.345264 4.822541  0.000000 -0.000000 -0.000000
72  -1.107528 -1.063454 4.061648  0.000000 -0.000000 -0.000000
73  0.003659 1.612362 10.733983  0.000000 -0.000000 -0.512907
74  2.014358 -14.253984 -0.782206  1.027599 0.971618 -0.042051
time 78
0  0.000006 0.000000 0.000000  -1.570800 -1.391899 -1.570792
1  -3.076149 5.699830 2.628413  -1.544956 -1.855077 -0.198630
2  6.027520 -0.000324 0.000192  -1.189490 -0.963438 -1.112112
3  11.692105 0.000645 -0.000739  -1.384599 -0.000042 -1.799481
4  11.479917 0.000597 -0.000794  1.022259 -0.983980 0.235236
5  3.859508 -0.142879 -1.192050  -0.346584 -0.048141 -1.621946
6  1.312589 0.000009 0.000009  -0.084552 0.150147 -0.752991
7  0.729354 0.000054 0.000050  -0.194967 -0.066376 -0.631633
8  3.942142 0.046273 -0.431512  -0.057439 -0.047920 -1.443708
9  1.539111 0.000085 0.000006  -0.007529 -0.024114 -0.159911
10  1.196332 0.000145 0.000030  -0.008089 -0.081952 -1.262309
11  3.883504 -0.047269 0.431381  0.198997 -0.109084 -0.799255
12  1.719573 -0.000025 0.000015  0.006747 0.005189 -0.746502
13  1.209179 0.000092 0.000012  -0.018773 -0.091703 -1.015376
14  3.859660 -0.138475 1.332410  0.327827 -0.087464 -0.298084
15  1.719451 -0.000011 0.000023  0.061694 -0.096867 -0.805057
16  1.099675 0.000051 0.000006  -0.146705 -0.227821 -0.523887
17  0.805992 -0.349050 1.321253  -1.528242 -0.685827 -0.408463
18  1.789819 -0.000004 -0.000018  0.002431 0.042853 0.020274
19  1.207013 -0.000011 -0.000044  0.351992 -0.031153 0.266595
20  5.740635 0.000410 -0.000702  -0.258895 0.000003 0.000071
21  11.480988 0.000332 -0.000816  -0.066440 -0.182743 -0.018974
22  6.027524 -0.000330 0.000202  1.885625 -0.528509 1.455974
23  0.000003 11.692099 -0.000005  -1.205430 -0.649552 -0.910046
24  0.000002 0.000009 -0.000000  -0.515490 -0.000031 1.570739
25  -0.000000 -0.000012 -0.000000  0.868957 0.000002 1.570712
26  -5.862666 -8.337571 2.805915  1.473120 1.855075 -0.198639
27  6.027505 -0.000263 -0.000228  1.837600 0.639777 -0.214731
28  11.691993 0.000243 0.000857  0.608926 0.000053 -1.576412
29  11.479700 -0.000183 0.001134  -2.093074 0.000838 0.080079
30  3.859436 -0.132788 1.193063  0.466149 -0.051826 -1.783918
31  1.312558 0.000026 -0.000000  -0.013965 -0.041043 -0.156447
32  0.729345 0.000064 -0.000027  -0.128320 -0.117290 -0.954857
33  3.942046 0.050109 0.430999  0.211501 -0.107596 -1.469120
34  1.539097 0.000010 0.000000  0.040712 -0.054386 -1.030469
35  1.196299 0.000076 -0.000005  -0.249391 -0.043040 -0.795121
36  3.883411 -0.050501 -0.431085  0.186407 -0.271796 -1.212184
37  1.719564 -0.000079 -0.000003  0.020974 -0.107650 -1.483528
38  1.209198 0.000036 0.000011  -0.324719 0.069674 -0.493483
39  3.859584 -0.149112 -1.331321  -0.144908 0.007181 0.209845
40  1.719412 -0.000100 -0.000034  -0.049841 0.029571 -0.346941
41  1.099673 0.000025 0.000007  0.518929 0.384681 -0.193324
42  0.805978 -0.359854 -1.318337  0.991670 0.166767 -0.799535
43  1.789779 -0.000009 -0.000042  0.000057 -0.002451 0.133097
44  1.206997 -0.000006 0.000006  0.000372 -0.000070 1.058782
45  5.740573 0.000055 0.000724  -0.112881 -0.000014 0.000021
46  11.480885 -0.000000 0.000978  -0.104218 -0.026609 0.012673
47  6.027514 -0.000273 -0.000239  -0.687211 -0.344941 -1.514934
48  -0.000000 11.691975 -0.000005  -1.074497 0.518776 0.838135
49  0.000002 -0.000001 -0.000001  2.881454 -0.000041 1.570856
50  -0.000006 -0.000015 0.000006  2.272644 -0.000030 1.570865
51  -6.376489 -6.766555 -5.795993  2.162203 -0.396755 -1.139261
52  -0.000000 0.000001 -0.000001  0.008153 -0.000259 0.000009
53  -0.000000 0.000000 0.000001  1.565115 0.043565 -0.106862
54  3.639973 -18.459202 -3.238642  -1.342710 -0.106315 -1.846864
55  -0.000002 0.000000 -0.000000  0.000000 -0.000000 -0.000002
56  0.000028 0.000029 0.000001  -1.571902 -0.044449 -0.106509
57  9.503819 -20.895756 -15.232958  1.570796 -0.000000 0.000000
58  -17.772699 4.002314 -16.454041  1.570796 -0.000000 0.000000
59  2.632733 -5.061851 -4.042539  1.570796 -0.000000 0.000000
60  -0.004311 0.001230 -0.000371  0.006898 -0.005534 -0.284229
61  2.805915 9.247737 -4.285480  1.570796 -0.000000 0.000000
62  0.000000 0.000000 0.000000  -0.078727 -3.136056 0.284226
63  0.000000 0.000000 0.000000  1.576757 -0.000000 0.000000
64  -0.275689 -11.328735 -2.498306  1.227677 0.849141 0.120754
65  -0.109379 -1.951952 -1.519205  0.000000 -0.000000 -0.000000
66  -0.109380 0.057028 25.399250  0.000000 -0.000000 -0.000000
67  -0.109379 -1.856732 0.287230  0.000000 -0.000000 -0.000000
68  -0.104048 -4.495923 7.879277  0.000000 -0.000000 -0.000000
69  -0.195264 4.332631 -6.347188  0.000000 -0.000000 -0.000000
70  -1.290112 3.693283 8.579669  0.022713 -0.014049 -0.017451
71  -0.109855 -1.345263 4.822540  0.000000 -0.000000 -0.000000
72  -1.107529 -1.063453 4.061649  0.000000 -0.000000 -0.000000
73  0.003659 1.612363 10.733985  -0.000000 0.000000 -0.442792
74  1.513876 -15.942003 -1.273721  1.227677 0.849141 0.120754
time 79
0  0.000006 0.000000 0.000000  -1.570800 -1.391899 -1.570792
1  -3.197176 5.538670 2.601370  -1.544956 -1.855077 -0.198630
2  6.027522 -0.000324 0.000192  -1.149878 -1.001257 -1.136738
3  11.692106 0.000643 -0.000740  -1.384594 -0.000030 -1.621510
4  11.479529 0.000565 -0.000964  0.991504 -0.957270 0.352034
5  3.859512 -0.142880 -1.192050  -0.359503 -0.043185 -1.620497
6  1.312590 0.000011 0.000007  -0.087074 0.135776 -0.720691
7  0.729354 0.000053 0.000052  -0.165836 -0.069839 -0.606617
8  3.942142 0.046273 -0.431514  -0.093121 -0.030160 -1.407796
9  1.539110 0.000084 0.000006  -0.008058 -0.034515 -0.246998
10  1.196333 0.000145 0.000028  -0.004255 -0.067410 -1.219177
11  3.883506 -0.047269 0.431380  0.175679 -0.082466 -0.781344
12  1.719574 -0.000028 0.000016  0.004813 0.000222 -0.751329
13  1.209180 0.000093 0.000012  -0.019255 -0.087416 -0.991396
14  3.859666 -0.138475 1.332409  0.306493 -0.046139 -0.295310
15  1.719449 -0.000012 0.000022  0.054067 -0.090422 -0.769115
16  1.099675 0.000049 0.000006  -0.146477 -0.187277 -0.558303
17  0.805352 -0.359162 1.318624  -1.518183 -0.685451 -0.411999
18  1.789820 -0.000004 -0.000019  0.002328 0.043715 0.027100
19  1.207012 -0.000011 -0.000045  0.348130 -0.033492 0.265751
20  5.740637 0.000411 -0.000705  -0.194674 0.000003 0.000071
21  11.480911 0.000325 -0.000851  -0.064434 -0.181430 0.000623
22  6.027526 -0.000329 0.000202  1.841393 -0.507611 1.486213
23  0.000002 11.692097 -0.000007  -1.101049 -0.544580 -0.853774
24  0.000003 0.000010 -0.000000  -0.515490 -0.000030 1.570739
25  -0.000001 -0.000012 -0.000001  0.868957 0.000002 1.570712
26  -5.883356 -8.360607 2.751700  1.473120 1.855075 -0.198639
27  6.027506 -0.000262 -0.000229  1.824401 0.707060 -0.213928
28  11.691992 0.000245 0.000857  0.595890 0.000043 -1.465163
29  11.480569 0.000240 0.000832  -1.942126 0.023417 0.133726
30  3.859435 -0.132788 1.193062  0.466149 -0.051826 -1.783918
31  1.312558 0.000025 0.000000  -0.013965 -0.041044 -0.156447
32  0.729346 0.000064 -0.000028  -0.128320 -0.117290 -0.954857
33  3.942046 0.050109 0.430997  0.211501 -0.107596 -1.469120
34  1.539096 0.000010 -0.000000  0.040712 -0.054386 -1.030469
35  1.196299 0.000075 -0.000004  -0.249391 -0.043040 -0.795120
36  3.883411 -0.050502 -0.431087  0.186407 -0.271796 -1.212184
37  1.719563 -0.000078 -0.000004  0.020974 -0.107650 -1.483528
38  1.209197 0.000036 0.000012  -0.324719 0.069674 -0.493483
39  3.859586 -0.149112 -1.331322  -0.146116 0.008053 0.244580
40  1.719413 -0.000100 -0.000034  -0.049391 0.022592 -0.452607
41  1.099673 0.000025 0.000008  0.453139 0.361618 -0.238729
42  0.805979 -0.359854 -1.318338  0.991670 0.166767 -0.799535
43  1.789780 -0.000009 -0.000043  0.000057 -0.002451 0.133097
44  1.206997 -0.000007 0.000005  0.000372 -0.000070 1.058781
45  5.740571 0.000056 0.000725  -0.078274 -0.000014 0.000021
46  11.481057 0.000085 0.000916  -0.073822 -0.022343 0.022022
47  6.027515 -0.000273 -0.000239  -0.758772 -0.335811 -1.481995
48  -0.000002 11.691975 -0.000006  -1.008742 0.456787 0.797108
49  0.000002 -0.000000 -0.000000  2.868419 -0.000041 1.570856
50  -0.000008 -0.000016 0.000004  2.272644 -0.000030 1.570865
51  -6.250340 -7.684435 -5.981087  2.344542 -0.321334 -1.219255
52  -0.000000 -0.000000 -0.000001  0.008153 -0.000259 0.000009
53  0.000000 -0.000001 0.000000  1.565115 0.043565 -0.106862
54  3.224448 -19.886116 -3.808540  -1.261932 0.051476 -1.855927
55  -0.000002 0.000001 -0.000000  0.000000 -0.000000 -0.000002
56  0.000030 0.000030 0.000001  -1.571901 -0.044449 -0.106509
57  9.440785 -20.850933 -15.282873  1.570796 -0.000000 0.000000
58  -17.708195 4.002271 -16.623549  1.570796 -0.000000 0.000000
59  2.605690 -4.881726 -4.132958  1.570796 -0.000000 0.000000
60  -0.004311 0.001230 -0.000371  0.006898 -0.005534 -0.284229
61  2.751700 9.274087 -4.301740  1.570796 -0.000000 0.000000
62  0.000000 0.000000 0.000000  -0.078727 -3.136056 0.284226
63  0.000000 0.000000 0.000000  1.581284 -0.000000 0.000000
64  -0.659288 -12.790917 -2.579327  1.383195 0.699019 0.214167
65  -0.109379 -1.951951 -1.519205  0.000000 -0.000000 0.000000
66  -0.109379 0.057026 25.399246  0.000000 -0.000000 0.000000
67  -0.109379 -1.856732 0.287229  0.000000 -0.000000 0.000000
68  -0.104048 -4.495923 7.879276  0.000000 -0.000000 0.000000
69  -0.195264 4.332629 -6.347187  0.000000 -0.000000 0.000000
70  -1.290112 3.693282 8.579664  0.022713 -0.014049 -0.017451
71  -0.109855 -1.345263 4.822540  0.000000 -0.000000 0.000000
72  -1.107529 -1.063453 4.061647  0.000000 -0.000000 0.000000
73  0.003658 1.612363 10.733981  0.000000 -0.000000 -0.340923
74  0.924804 -17.568022 -1.770423  1.383194 0.699019 0.214167
time 80
0  0.000006 0.000000 0.000000  -1.570800 -1.391899 -1.570792
1  -3.393961 5.276631 2.557399  -1.544956 -1.855077 -0.198630
2  6.027521 -0.000325 0.000191  -1.076849 -1.054035 -1.196288
3  11.692109 0.000645 -0.000740  -1.384586 -0.000019 -1.437810
4  11.479656 0.000596 -0.000798  1.006624 -0.933623 0.424736
5  3.859509 -0.142880 -1.192048  -0.375836 -0.039408 -1.617196
6  1.312590 0.000013 0.000009  -0.088988 0.116540 -0.676426
7  0.729356 0.000054 0.000049  -0.141024 -0.074033 -0.572140
8  3.942143 0.046273 -0.431511  -0.137001 -0.002579 -1.359697
9  1.539112 0.000082 0.000005  -0.008277 -0.043620 -0.335917
10  1.196333 0.000145 0.000028  -0.001341 -0.053893 -1.159909
11  3.883504 -0.047269 0.431382  0.138010 -0.037270 -0.752981
12  1.719574 -0.000027 0.000014  0.001674 -0.007990 -0.759271
13  1.209179 0.000091 0.000012  -0.019826 -0.080298 -0.951733
14  3.859661 -0.138476 1.332410  0.278152 0.010620 -0.293102
15  1.719449 -0.000011 0.000023  0.044023 -0.081169 -0.720046
16  1.099674 0.000049 0.000006  -0.148464 -0.131538 -0.605274
17  0.803406 -0.389654 1.310701  -1.487829 -0.684150 -0.422643
18  1.789823 -0.000003 -0.000018  0.002054 0.046324 0.047708
19  1.207018 -0.000011 -0.000046  0.336490 -0.040569 0.263259
20  5.740638 0.000409 -0.000702  -0.146563 0.000003 0.000070
21  11.480936 0.000331 -0.000818  -0.058149 -0.178722 0.016569
22  6.027524 -0.000329 0.000201  1.776024 -0.477776 1.520142
23  0.000001 11.692099 -0.000008  -0.992503 -0.441945 -0.786487
24  0.000003 0.000008 -0.000001  -0.515490 -0.000031 1.570739
25  -0.000001 -0.000011 -0.000001  0.868957 0.000002 1.570712
26  -5.945431 -8.429724 2.589037  1.473120 1.855075 -0.198639
27  6.027507 -0.000263 -0.000227  1.813884 0.766287 -0.237889
28  11.691991 0.000245 0.000856  0.556786 0.000039 -1.401980
29  11.479747 -0.000143 0.001058  -1.779781 0.058789 0.230888
30  3.859436 -0.132787 1.193061  0.466149 -0.051826 -1.783918
31  1.312558 0.000026 0.000000  -0.013965 -0.041044 -0.156447
32  0.729344 0.000065 -0.000028  -0.128320 -0.117290 -0.954857
33  3.942046 0.050109 0.430996  0.211501 -0.107596 -1.469120
34  1.539096 0.000009 0.000000  0.040712 -0.054386 -1.030469
35  1.196300 0.000075 -0.000004  -0.249391 -0.043040 -0.795120
36  3.883411 -0.050501 -0.431088  0.186407 -0.271796 -1.212184
37  1.719564 -0.000079 -0.000004  0.020974 -0.107650 -1.483528
38  1.209197 0.000035 0.000010  -0.324719 0.069674 -0.493483
39  3.859585 -0.149112 -1.331324  -0.146815 0.008588 0.265110
40  1.719411 -0.000100 -0.000034  -0.044711 0.009082 -0.553925
41  1.099672 0.000024 0.000006  0.287717 0.281735 -0.349296
42  0.805979 -0.359854 -1.318339  0.991669 0.166767 -0.799535
43  1.789779 -0.000010 -0.000042  0.000058 -0.002451 0.133097
44  1.206997 -0.000006 0.000005  0.000372 -0.000070 1.058782
45  5.740571 0.000056 0.000723  -0.039438 -0.000014 0.000021
46  11.480892 0.000008 0.000961  -0.041472 -0.014583 0.039649
47  6.027514 -0.000273 -0.000238  -0.820839 -0.324787 -1.478751
48  -0.000002 11.691975 -0.000006  -0.971016 0.422689 0.772372
49  0.000003 -0.000001 -0.000002  2.829318 -0.000041 1.570856
50  -0.000007 -0.000015 0.000005  2.272644 -0.000030 1.570865
51  -5.980247 -8.168096 -6.065908  2.520538 -0.242487 -1.303833
52  -0.000001 -0.000001 -0.000001  0.008153 -0.000259 0.000009
53  -0.000000 -0.000000 -0.000000  1.565115 0.043565 -0.106862
54  2.653893 -21.026920 -4.367186  -1.179232 0.186794 -1.854384
55  0.000000 0.000000 0.000000  0.000000 -0.000000 -0.000002
56  0.000030 0.000029 0.000001  -1.571902 -0.044449 -0.106509
57  9.251665 -20.716450 -15.432637  1.570796 -0.000000 0.000000
58  -17.514662 4.002142 -17.132130  1.570796 -0.000000 0.000000
59  2.561718 -4.588853 -4.279973  1.570796 -0.000000 0.000000
60  -0.004311 0.001230 -0.000371  0.006898 -0.005534 -0.284229
61  2.589038 9.353146 -4.350526  1.570796 -0.000000 0.000000
62  0.000000 0.000000 0.000000  -0.078727 -3.136056 0.284226
63  0.000000 0.000000 0.000000  1.585789 -0.000000 0.000000
64  -1.051720 -13.894630 -2.627243  1.495836 0.536573 0.244214
65  -0.109378 -1.951951 -1.519205  0.000000 0.000000 0.000000
66  -0.109379 0.057026 25.399254  0.000000 0.000000 0.000000
67  -0.109378 -1.856732 0.287229  0.000000 0.000000 0.000000
68  -0.104047 -4.495923 7.879275  0.000000 0.000000 0.000000
69  -0.195264 4.332630 -6.347190  0.000000 0.000000 0.000000
70  -1.290112 3.693283 8.579665  0.022713 -0.014049 -0.017451
71  -0.109855 -1.345264 4.822540  0.000000 0.000000 0.000000
72  -1.107528 -1.063452 4.061645  0.000000 0.000000 0.000000
73  0.003659 1.612363 10.733981  0.000000 -0.000000 -0.218657
74  0.277840 -18.799740 -2.231573  1.495836 0.536573 0.244214
time 81
0  0.000006 0.000000 0.000000  -1.570800 -1.391899 -1.570792
1  -3.651345 4.933899 2.499887  -1.544956 -1.855077 -0.198630
2  6.027522 -0.000326 0.000192  -0.971440 -1.108862 -1.294075
3  11.692111 0.000643 -0.000739  -1.384578 -0.000009 -1.260957
4  11.480813 0.000712 -0.000174  1.078009 -0.908780 0.438694
5  3.859507 -0.142879 -1.192050  -0.394868 -0.036743 -1.612283
6  1.312589 0.000011 0.000006  -0.090945 0.093317 -0.622332
7  0.729355 0.000053 0.000047  -0.120908 -0.078941 -0.529892
8  3.942141 0.046273 -0.431513  -0.186253 0.034745 -1.302428
9  1.539110 0.000081 0.000004  -0.008307 -0.051296 -0.424123
10  1.196332 0.000145 0.000030  0.000909 -0.041643 -1.087256
11  3.883503 -0.047269 0.431381  0.088680 0.026066 -0.717045
12  1.719573 -0.000025 0.000014  -0.002460 -0.019117 -0.769954
13  1.209180 0.000095 0.000011  -0.020147 -0.070624 -0.898001
14  3.859661 -0.138476 1.332409  0.243987 0.080184 -0.292678
15  1.719447 -0.000011 0.000022  0.032389 -0.069207 -0.660230
16  1.099676 0.000050 0.000005  -0.154478 -0.063254 -0.662814
17  0.800220 -0.439645 1.297707  -1.438029 -0.681468 -0.439994
18  1.789819 -0.000003 -0.000018  0.001719 0.050620 0.081573
19  1.207018 -0.000012 -0.000044  0.317417 -0.052243 0.259348
20  5.740636 0.000411 -0.000702  -0.107489 0.000003 0.000070
21  11.481168 0.000355 -0.000692  -0.046838 -0.172659 0.027080
22  6.027524 -0.000330 0.000202  1.702638 -0.444113 1.548106
23  0.000001 11.692100 -0.000008  -0.885484 -0.349840 -0.713484
24  0.000003 0.000009 -0.000001  -0.515490 -0.000031 1.570738
25  -0.000001 -0.000012 -0.000000  0.868957 0.000002 1.570712
26  -6.045104 -8.540700 2.327856  1.473120 1.855075 -0.198639
27  6.027508 -0.000263 -0.000226  1.797678 0.817365 -0.287870
28  11.691993 0.000245 0.000855  0.494086 0.000039 -1.380796
29  11.479862 -0.000155 0.001021  -1.614550 0.103395 0.352372
30  3.859436 -0.132788 1.193061  0.466149 -0.051826 -1.783918
31  1.312558 0.000025 -0.000000  -0.013965 -0.041044 -0.156447
32  0.729345 0.000065 -0.000027  -0.128320 -0.117290 -0.954857
33  3.942047 0.050109 0.430997  0.211501 -0.107596 -1.469120
34  1.539096 0.000010 0.000000  0.040712 -0.054386 -1.030469
35  1.196298 0.000076 -0.000004  -0.249391 -0.043040 -0.795121
36  3.883411 -0.050502 -0.431088  0.186407 -0.271796 -1.212184
37  1.719564 -0.000077 -0.000003  0.020974 -0.107650 -1.483528
38  1.209198 0.000035 0.000011  -0.324719 0.069674 -0.493483
39  3.859585 -0.149112 -1.331323  -0.147054 0.008776 0.272198
40  1.719412 -0.000099 -0.000034  -0.037020 -0.003465 -0.648471
41  1.099675 0.000026 0.000006  0.136638 0.168916 -0.443739
42  0.805978 -0.359854 -1.318338  0.991670 0.166767 -0.799535
43  1.789780 -0.000009 -0.000042  0.000057 -0.002451 0.133097
44  1.206996 -0.000007 0.000005  0.000372 -0.000070 1.058782
45  5.740571 0.000057 0.000723  0.001723 -0.000014 0.000021
46  11.480916 0.000006 0.000953  -0.009653 -0.002354 0.061277
47  6.027514 -0.000273 -0.000238  -0.875566 -0.318261 -1.499897
48  -0.000002 11.691977 -0.000005  -0.958289 0.411449 0.763852
49  0.000004 -0.000000 -0.000000  2.766619 -0.000041 1.570856
50  -0.000007 -0.000015 0.000005  2.272644 -0.000030 1.570865
51  -5.581450 -8.292068 -6.093225  2.681544 -0.172175 -1.387906
52  -0.000001 0.000000 0.000000  0.008153 -0.000259 0.000009
53  -0.000000 -0.000001 0.000000  1.565115 0.043565 -0.106862
54  1.998973 -21.824020 -4.894813  -1.090715 0.281334 -1.842037
55  0.000000 0.000000 -0.000001  0.000000 -0.000000 -0.000002
56  0.000030 0.000028 0.000000  -1.571901 -0.044449 -0.106509
57  8.947998 -20.500515 -15.673109  1.570796 -0.000000 0.000000
58  -17.203911 4.001936 -17.948742  1.570796 -0.000000 0.000000
59  2.504205 -4.205791 -4.472263  1.570796 -0.000000 0.000000
60  -0.004311 0.001230 -0.000371  0.006898 -0.005534 -0.284229
61  2.327857 9.480088 -4.428860  1.570796 -0.000000 0.000000
62  0.000000 0.000000 0.000000  -0.078727 -3.136056 0.284226
63  0.000000 0.000000 0.000000  1.589246 -0.000000 0.000000
64  -1.435015 -14.606508 -2.651871  1.572060 0.378160 0.227152
65  -0.109379 -1.951951 -1.519205  0.000000 0.000000 0.000000
66  -0.109379 0.057027 25.399250  0.000000 0.000000 0.000000
67  -0.109379 -1.856731 0.287230  0.000000 0.000000 0.000000
68  -0.104048 -4.495923 7.879278  0.000000 0.000000 0.000000
69  -0.195264 4.332630 -6.347189  0.000000 0.000000 0.000000
70  -1.290112 3.693283 8.579664  0.022713 -0.014049 -0.017451
71  -0.109856 -1.345263 4.822542  0.000000 0.000000 0.000000
72  -1.107529 -1.063453 4.061648  0.000000 0.000000 0.000000
73  0.003659 1.612363 10.733979  -0.000000 0.000000 -0.088719
74  -0.387596 -19.595011 -2.605381  1.572060 0.378160 0.227152
time 82
0  0.000006 0.000000 0.000000  -1.570800 -1.391899 -1.570792
1  -3.942921 4.545638 2.434734  -1.544956 -1.855077 -0.198630
2  6.027523 -0.000326 0.000192  -0.837569 -1.157623 -1.430199
3  11.692111 0.000643 -0.000739  -1.384568 -0.000002 -1.096087
4  11.480835 0.000718 -0.000140  1.201688 -0.873020 0.390630
5  3.859508 -0.142878 -1.192049  -0.415556 -0.035052 -1.606150
6  1.312590 0.000011 0.000008  -0.093550 0.067513 -0.561708
7  0.729357 0.000053 0.000049  -0.105612 -0.084317 -0.482482
8  3.942147 0.046274 -0.431510  -0.237168 0.080369 -1.240176
9  1.539110 0.000087 0.000005  -0.008276 -0.057488 -0.508542
10  1.196332 0.000144 0.000028  0.002689 -0.030884 -1.005651
11  3.883506 -0.047268 0.431382  0.031795 0.104915 -0.677605
12  1.719570 -0.000028 0.000013  -0.007258 -0.032503 -0.782695
13  1.209179 0.000089 0.000011  -0.019843 -0.058991 -0.833447
14  3.859664 -0.138475 1.332411  0.205679 0.158199 -0.295112
15  1.719448 -0.000012 0.000021  0.020230 -0.054994 -0.593364
16  1.099676 0.000048 0.000005  -0.165921 0.013071 -0.727981
17  0.795978 -0.506256 1.280397  -1.371735 -0.676843 -0.462822
18  1.789818 -0.000003 -0.000019  0.001500 0.056372 0.126818
19  1.207013 -0.000012 -0.000045  0.292025 -0.067928 0.254475
20  5.740637 0.000410 -0.000702  -0.073559 0.000003 0.000071
21  11.481174 0.000355 -0.000685  -0.031238 -0.161719 0.030970
22  6.027524 -0.000330 0.000202  1.630054 -0.409229 1.563363
23  0.000003 11.692100 -0.000006  -0.782404 -0.271031 -0.638443
24  0.000003 0.000008 -0.000001  -0.515490 -0.000030 1.570739
25  -0.000000 -0.000011 -0.000000  0.868957 0.000002 1.570712
26  -6.171900 -8.681880 1.995599  1.473120 1.855075 -0.198639
27  6.027509 -0.000262 -0.000226  1.768741 0.864249 -0.361001
28  11.691990 0.000244 0.000854  0.414650 0.000039 -1.380646
29  11.479864 -0.000235 0.001005  -1.459283 0.149307 0.471810
30  3.859437 -0.132787 1.193062  0.466149 -0.051826 -1.783918
31  1.312558 0.000025 -0.000001  -0.013965 -0.041044 -0.156447
32  0.729345 0.000065 -0.000028  -0.128320 -0.117290 -0.954857
33  3.942048 0.050110 0.430997  0.211501 -0.107596 -1.469120
34  1.539097 0.000011 0.000000  0.040712 -0.054386 -1.030469
35  1.196300 0.000076 -0.000004  -0.249391 -0.043040 -0.795120
36  3.883413 -0.050502 -0.431087  0.186407 -0.271796 -1.212184
37  1.719563 -0.000080 -0.000003  0.020974 -0.107650 -1.483528
38  1.209197 0.000035 0.000011  -0.324719 0.069674 -0.493483
39  3.859586 -0.149111 -1.331323  -0.147082 0.008798 0.273003
40  1.719412 -0.000099 -0.000034  -0.029762 -0.008189 -0.736727
41  1.099673 0.000025 0.000007  0.086636 0.088970 -0.474972
42  0.805980 -0.359854 -1.318338  0.991669 0.166767 -0.799535
43  1.789779 -0.000009 -0.000042  0.000057 -0.002451 0.133097
44  1.206997 -0.000006 0.000005  0.000372 -0.000070 1.058782
45  5.740574 0.000055 0.000724  0.041986 -0.000014 0.000021
46  11.480917 -0.000011 0.000951  0.018764 0.012875 0.081460
47  6.027514 -0.000273 -0.000238  -0.928945 -0.318900 -1.534735
48  -0.000002 11.691974 -0.000005  -0.958198 0.411370 0.763791
49  0.000003 -0.000001 -0.000000  2.687183 -0.000041 1.570856
50  -0.000006 -0.000015 0.000006  2.272644 -0.000030 1.570865
51  -5.108177 -8.209417 -6.120154  2.820525 -0.120803 -1.466834
52  0.000000 0.000000 0.000000  0.008153 -0.000259 0.000009
53  0.000000 0.000000 0.000000  1.565115 0.043565 -0.106862
54  1.342331 -22.321245 -5.350846  -1.001455 0.323877 -1.823006
55  -0.000002 -0.000001 0.000001  0.000000 -0.000000 -0.000002
56  0.000029 0.000028 0.000002  -1.571901 -0.044449 -0.106509
57  8.561695 -20.225815 -15.979019  1.570796 -0.000000 0.000000
58  -16.808594 4.001673 -18.987583  1.570796 -0.000000 0.000000
59  2.439053 -3.771842 -4.690096  1.570796 -0.000000 0.000000
60  -0.004311 0.001230 -0.000371  0.006898 -0.005534 -0.284229
61  1.995598 9.641577 -4.528510  1.570796 -0.000000 0.000000
62  0.000000 0.000000 0.000000  -0.078727 -3.136056 0.284226
63  0.000000 0.000000 0.000000  1.590626 -0.000000 0.000000
64  -1.790817 -14.986181 -2.659144  1.616912 0.237749 0.182179
65  -0.109379 -1.951952 -1.519205  -0.000000 0.000000 -0.000000
66  -0.109379 0.057027 25.399252  -0.000000 0.000000 -0.000000
67  -0.109379 -1.856732 0.287230  -0.000000 0.000000 -0.000000
68  -0.104048 -4.495924 7.879275  -0.000000 0.000000 -0.000000
69  -0.195264 4.332630 -6.347183  -0.000000 0.000000 -0.000000
70  -1.290112 3.693283 8.579669  0.022713 -0.014049 -0.017451
71  -0.109855 -1.345263 4.822541  -0.000000 0.000000 -0.000000
72  -1.107529 -1.063453 4.061647  -0.000000 0.000000 -0.000000
73  0.003659 1.612363 10.733982  -0.000000 0.000000 0.035199
74  -1.027941 -20.022663 -2.849592  1.616912 0.237749 0.182179
time 83
0  0.000006 0.000000 0.000000  -1.570800 -1.391899 -1.570792
1  -4.234495 4.157378 2.369583  -1.544956 -1.855077 -0.198630
2  6.027524 -0.000326 0.000192  -0.687900 -1.193632 -1.590068
3  11.692116 0.000644 -0.000739  -1.384559 0.000003 -0.952168
4  11.480891 0.000727 -0.000104  1.340456 -0.820315 0.306735
5  3.859509 -0.142880 -1.192050  -0.436597 -0.034145 -1.599324
6  1.312590 0.000012 0.000008  -0.097143 0.040965 -0.498776
7  0.729355 0.000051 0.000050  -0.094905 -0.089741 -0.433235
8  3.942144 0.046273 -0.431512  -0.285830 0.131223 -1.177711
9  1.539110 0.000086 0.000004  -0.008295 -0.062239 -0.585967
10  1.196332 0.000144 0.000029  0.004116 -0.021788 -0.920896
11  3.883507 -0.047269 0.431381  -0.027706 0.193761 -0.639116
12  1.719573 -0.000026 0.000017  -0.012296 -0.047164 -0.796519
13  1.209180 0.000088 0.000012  -0.018652 -0.046333 -0.762961
14  3.859663 -0.138476 1.332410  0.165350 0.238923 -0.300944
15  1.719446 -0.000012 0.000022  0.008650 -0.039416 -0.524177
16  1.099674 0.000050 0.000007  -0.183127 0.091453 -0.796938
17  0.791010 -0.584230 1.260131  -1.294462 -0.669933 -0.488927
18  1.789823 -0.000003 -0.000017  0.001576 0.063122 0.179902
19  1.207017 -0.000012 -0.000042  0.262336 -0.086453 0.249268
20  5.740637 0.000409 -0.000704  -0.045800 0.000003 0.000071
21  11.481182 0.000356 -0.000680  -0.014991 -0.147028 0.028880
22  6.027525 -0.000329 0.000203  1.565277 -0.377210 1.566519
23  0.000002 11.692100 -0.000006  -0.689259 -0.208674 -0.567589
24  0.000003 0.000008 0.000000  -0.515490 -0.000031 1.570739
25  -0.000000 -0.000011 -0.000000  0.868957 0.000002 1.570712
26  -6.308701 -8.834195 1.637128  1.473120 1.855075 -0.198639
27  6.027511 -0.000262 -0.000225  1.728240 0.905471 -0.447785
28  11.691993 0.000244 0.000855  0.329618 0.000038 -1.388617
29  11.479820 -0.000343 0.000989  -1.329338 0.188919 0.574839
30  3.859436 -0.132787 1.193062  0.466149 -0.051826 -1.783918
31  1.312559 0.000024 -0.000000  -0.013965 -0.041044 -0.156447
32  0.729345 0.000065 -0.000026  -0.128320 -0.117290 -0.954857
33  3.942047 0.050110 0.430996  0.211501 -0.107596 -1.469120
34  1.539097 0.000011 0.000000  0.040712 -0.054386 -1.030469
35  1.196300 0.000076 -0.000004  -0.249391 -0.043040 -0.795120
36  3.883412 -0.050501 -0.431087  0.186407 -0.271796 -1.212184
37  1.719564 -0.000078 -0.000003  0.020974 -0.107650 -1.483528
38  1.209198 0.000036 0.000011  -0.324719 0.069674 -0.493483
39  3.859586 -0.149111 -1.331323  -0.140680 -0.016587 0.109590
40  1.719411 -0.000100 -0.000035  -0.021974 -0.006008 -0.835389
41  1.099676 0.000026 0.000006  0.109513 0.045038 -0.424478
42  0.805979 -0.359854 -1.318338  0.991670 0.166767 -0.799535
43  1.789779 -0.000009 -0.000041  0.000057 -0.002451 0.133097
44  1.206996 -0.000006 0.000005  0.000372 -0.000070 1.058782
45  5.740572 0.000055 0.000724  0.077609 -0.000014 0.000021
46  11.480909 -0.000033 0.000948  0.041236 0.028061 0.097842
47  6.027514 -0.000273 -0.000238  -0.979653 -0.325483 -1.574110
48  -0.000003 11.691975 -0.000006  -0.962993 0.415587 0.767010
49  0.000005 -0.000001 -0.000001  2.602150 -0.000041 1.570856
50  -0.000007 -0.000015 0.000006  2.272644 -0.000030 1.570865
51  -4.642338 -8.017385 -6.144548  2.930357 -0.089171 -1.536201
52  0.000001 0.000001 -0.000000  0.008153 -0.000259 0.000009
53  0.000000 0.000000 -0.000000  1.565115 0.043565 -0.106862
54  0.749388 -22.569443 -5.716926  -0.926681 0.320463 -1.806776
55  0.000000 -0.000000 -0.000000  0.000000 -0.000000 -0.000002
56  0.000030 0.000029 0.000001  -1.571901 -0.044449 -0.106509
57  8.144915 -19.929443 -16.309067  1.570796 -0.000000 0.000000
58  -16.382090 4.001390 -20.108383  1.570796 -0.000000 0.000000
59  2.373901 -3.337894 -4.907928  1.570796 -0.000000 0.000000
60  -0.004311 0.001230 -0.000371  0.006898 -0.005534 -0.284229
61  1.637127 9.815804 -4.636024  1.570796 -0.000000 0.000000
62  0.000000 0.000000 0.000000  -0.078727 -3.136056 0.284226
63  0.000000 0.000000 0.000000  1.588827 -0.000000 0.000000
64  -2.098313 -15.100023 -2.641384  1.639372 0.126202 0.128406
65  -0.109379 -1.951951 -1.519204  -0.000000 -0.000000 0.000000
66  -0.109379 0.057027 25.399252  -0.000000 -0.000000 0.000000
67  -0.109379 -1.856731 0.287230  -0.000000 -0.000000 0.000000
68  -0.104048 -4.495923 7.879276  -0.000000 -0.000000 0.000000
69  -0.195264 4.332629 -6.347187  -0.000000 -0.000000 0.000000
70  -1.290113 3.693283 8.579669  0.022713 -0.014049 -0.017451
71  -0.109855 -1.345263 4.822542  -0.000000 -0.000000 0.000000
72  -1.107528 -1.063453 4.061646  -0.000000 -0.000000 0.000000
73  0.003659 1.612363 10.733981  -0.000000 -0.000000 0.139381
74  -1.600282 -20.162979 -2.962079  1.639372 0.126202 0.128406
time 84
0  0.000006 0.000000 0.000000  -1.570800 -1.391899 -1.570792
1  -4.491879 3.814645 2.312070  -1.544956 -1.855077 -0.198630
2  6.027524 -0.000327 0.000192  -0.541446 -1.216147 -1.750628
3  11.692115 0.000645 -0.000738  -1.384551 0.000006 -0.836297
4  11.480906 0.000730 -0.000078  1.452586 -0.753833 0.220776
5  3.859509 -0.142880 -1.192048  -0.456610 -0.033806 -1.592407
6  1.312589 0.000010 0.000008  -0.101654 0.015654 -0.438105
7  0.729354 0.000055 0.000046  -0.088187 -0.094753 -0.385749
8  3.942142 0.046272 -0.431512  -0.328934 0.183000 -1.119542
9  1.539111 0.000085 0.000006  -0.008426 -0.065691 -0.653566
10  1.196333 0.000145 0.000028  0.005236 -0.014433 -0.839329
11  3.883504 -0.047269 0.431382  -0.084929 0.284674 -0.605338
12  1.719573 -0.000027 0.000015  -0.017134 -0.061893 -0.810280
13  1.209177 0.000091 0.000013  -0.016574 -0.033790 -0.692496
14  3.859662 -0.138476 1.332411  0.125446 0.316149 -0.309898
15  1.719450 -0.000013 0.000022  -0.001454 -0.023691 -0.457747
16  1.099676 0.000050 0.000006  -0.204961 0.165531 -0.865192
17  0.785779 -0.666263 1.238810  -1.213857 -0.660982 -0.515435
18  1.789819 -0.000002 -0.000017  0.002043 0.070214 0.235819
19  1.207015 -0.000011 -0.000044  0.231137 -0.106107 0.244379
20  5.740638 0.000410 -0.000700  -0.026446 0.000003 0.000071
21  11.481188 0.000356 -0.000669  -0.002304 -0.130987 0.022878
22  6.027524 -0.000330 0.000203  1.511725 -0.349984 1.561809
23  0.000003 11.692101 -0.000006  -0.611930 -0.163370 -0.507047
24  0.000004 0.000007 -0.000002  -0.515490 -0.000030 1.570739
25  -0.000001 -0.000011 -0.000000  0.868957 0.000002 1.570712
26  -6.435496 -8.975374 1.304870  1.473120 1.855075 -0.198639
27  6.027511 -0.000261 -0.000226  1.684740 0.937766 -0.532976
28  11.691991 0.000244 0.000855  0.251674 0.000039 -1.398420
29  11.479761 -0.000444 0.000966  -1.239797 0.218917 0.652212
30  3.859436 -0.132788 1.193062  0.466149 -0.051826 -1.783918
31  1.312558 0.000026 -0.000000  -0.013965 -0.041044 -0.156447
32  0.729345 0.000066 -0.000027  -0.128320 -0.117290 -0.954857
33  3.942047 0.050109 0.430998  0.211501 -0.107596 -1.469120
34  1.539097 0.000010 -0.000001  0.040712 -0.054386 -1.030469
35  1.196299 0.000076 -0.000004  -0.249391 -0.043040 -0.795120
36  3.883411 -0.050502 -0.431087  0.186407 -0.271796 -1.212184
37  1.719563 -0.000078 -0.000004  0.020974 -0.107650 -1.483528
38  1.209198 0.000036 0.000012  -0.324719 0.069674 -0.493483
39  3.859585 -0.149112 -1.331323  -0.113164 -0.066111 -0.246600
40  1.719412 -0.000098 -0.000034  -0.014108 -0.000833 -0.927672
41  1.099674 0.000024 0.000007  0.149061 0.016419 -0.315672
42  0.805979 -0.359854 -1.318338  0.991670 0.166767 -0.799535
43  1.789779 -0.000008 -0.000042  0.000057 -0.002451 0.133097
44  1.206996 -0.000007 0.000006  0.000372 -0.000070 1.058781
45  5.740571 0.000054 0.000723  0.104572 -0.000014 0.000021
46  11.480896 -0.000053 0.000943  0.055710 0.040318 0.109641
47  6.027514 -0.000272 -0.000238  -1.022659 -0.334357 -1.610708
48  -0.000002 11.691975 -0.000005  -0.968880 0.420793 0.770948
49  0.000002 -0.000001 -0.000001  2.524206 -0.000041 1.570856
50  -0.000007 -0.000015 0.000006  2.272644 -0.000030 1.570865
51  -4.263240 -7.787171 -6.144522  3.003131 -0.075701 -1.591883
52  -0.000000 -0.000000 -0.000000  0.008153 -0.000259 0.000009
53  0.000000 -0.000001 0.000000  1.565115 0.043565 -0.106862
54  0.254269 -22.640894 -5.960225  -0.880857 0.286465 -1.800244
55  0.000001 0.000000 -0.000000  0.000000 -0.000000 -0.000002
56  0.000031 0.000029 0.000001  -1.571901 -0.044449 -0.106509
57  7.758612 -19.654743 -16.614977  1.570796 -0.000000 0.000000
58  -15.986773 4.001126 -21.147223  1.570796 -0.000000 0.000000
59  2.316388 -2.954831 -5.100218  1.570796 -0.000000 0.000000
60  -0.004311 0.001230 -0.000371  0.006898 -0.005534 -0.284229
61  1.304869 9.977292 -4.735674  1.570796 -0.000000 0.000000
62  0.000000 0.000000 0.000000  -0.078727 -3.136056 0.284226
63  0.000000 0.000000 0.000000  1.584331 -0.001773 -0.000012
64  -2.331388 -15.030381 -2.579154  1.645765 0.052712 0.079291
65  -0.109379 -1.951952 -1.519205  0.000000 0.000000 -0.000000
66  -0.109379 0.057027 25.399250  0.000000 0.000000 -0.000000
67  -0.109379 -1.856732 0.287229  0.000000 0.000000 -0.000000
68  -0.104048 -4.495923 7.879275  0.000000 0.000000 -0.000000
69  -0.195264 4.332630 -6.347186  0.000000 0.000000 -0.000000
70  -1.290111 3.693283 8.579669  0.022713 -0.014049 -0.017451
71  -0.109855 -1.345263 4.822539  0.000000 0.000000 -0.000000
72  -1.107529 -1.063453 4.061647  0.000000 0.000000 -0.000000
73  0.003659 1.612363 10.733981  -0.000000 0.000000 0.210851
74  -2.060524 -20.107664 -2.942779  1.645765 0.052712 0.079291
time 85
0  0.000006 0.000000 0.000000  -1.570800 -1.391899 -1.570792
1  -4.688665 3.552607 2.268099  -1.544956 -1.855077 -0.198630
2  6.027524 -0.000326 0.000191  -0.411613 -1.231223 -1.899119
3  11.692116 0.000646 -0.000739  -1.384545 0.000008 -0.756346
4  11.480844 0.000730 -0.000087  1.528579 -0.681067 0.140310
5  3.859507 -0.142879 -1.192050  -0.474329 -0.033828 -1.585990
6  1.312591 0.000011 0.000007  -0.106623 -0.006662 -0.383906
7  0.729355 0.000053 0.000051  -0.084585 -0.098978 -0.343325
8  3.942143 0.046273 -0.431512  -0.364368 0.231088 -1.069221
9  1.539111 0.000082 0.000007  -0.008673 -0.068050 -0.709306
10  1.196333 0.000147 0.000028  0.006063 -0.008785 -0.766727
11  3.883502 -0.047269 0.431381  -0.135777 0.369056 -0.578516
12  1.719573 -0.000026 0.000015  -0.021398 -0.075462 -0.822852
13  1.209180 0.000090 0.000013  -0.013902 -0.022464 -0.627998
14  3.859662 -0.138475 1.332409  0.088559 0.384360 -0.320840
15  1.719449 -0.000013 0.000021  -0.009563 -0.009133 -0.398671
16  1.099675 0.000049 0.000006  -0.228930 0.229924 -0.928029
17  0.780811 -0.744235 1.218544  -1.138184 -0.650965 -0.539506
18  1.789818 -0.000002 -0.000018  0.002854 0.076916 0.288958
19  1.207018 -0.000013 -0.000043  0.201516 -0.124914 0.240297
20  5.740636 0.000410 -0.000702  -0.015926 0.000003 0.000071
21  11.481174 0.000356 -0.000675  0.005709 -0.115068 0.013787
22  6.027524 -0.000329 0.000202  1.470047 -0.324921 1.549232
23  0.000003 11.692101 -0.000007  -0.557324 -0.134886 -0.463531
24  0.000003 0.000010 -0.000002  -0.515490 -0.000031 1.570739
25  -0.000000 -0.000011 -0.000002  0.868957 0.000002 1.570712
26  -6.535170 -9.086351 1.043689  1.473120 1.855075 -0.198639
27  6.027512 -0.000262 -0.000226  1.643096 0.952772 -0.605238
28  11.691991 0.000243 0.000856  0.191138 0.000041 -1.410969
29  11.479695 -0.000536 0.000944  -1.205164 0.249550 0.678416
30  3.859436 -0.132788 1.193062  0.466149 -0.051826 -1.783918
31  1.312558 0.000025 -0.000000  -0.013965 -0.041044 -0.156447
32  0.729345 0.000065 -0.000027  -0.128320 -0.117290 -0.954857
33  3.942046 0.050109 0.430998  0.211501 -0.107596 -1.469120
34  1.539097 0.000010 0.000000  0.040712 -0.054386 -1.030469
35  1.196300 0.000076 -0.000004  -0.249391 -0.043040 -0.795121
36  3.883411 -0.050502 -0.431086  0.186407 -0.271796 -1.212184
37  1.719564 -0.000079 -0.000004  0.020974 -0.107650 -1.483528
38  1.209198 0.000035 0.000012  -0.324719 0.069674 -0.493483
39  3.859585 -0.149112 -1.331322  -0.094938 -0.084955 -0.411363
40  1.719414 -0.000099 -0.000034  -0.011248 0.001677 -0.960922
41  1.099673 0.000024 0.000007  0.166487 0.003101 -0.265143
42  0.805979 -0.359854 -1.318337  0.991670 0.166767 -0.799535
43  1.789780 -0.000009 -0.000042  0.000057 -0.002451 0.133097
44  1.206996 -0.000007 0.000005  0.000372 -0.000070 1.058782
45  5.740572 0.000057 0.000725  0.117279 -0.000014 0.000021
46  11.480884 -0.000070 0.000938  0.059894 0.048832 0.112644
47  6.027515 -0.000274 -0.000238  -1.049250 -0.348204 -1.640308
48  -0.000001 11.691973 -0.000007  -0.976402 0.427488 0.775955
49  0.000004 -0.000001 0.000000  2.463671 -0.000041 1.570856
50  -0.000006 -0.000016 0.000004  2.272644 -0.000030 1.570865
51  -4.025243 -7.552963 -6.220847  -0.109701 -3.045736 1.511551
52  -0.000000 0.000000 0.000000  0.008153 -0.000259 0.000009
53  0.000000 -0.000000 0.000001  1.565115 0.043565 -0.106862
54  -0.129122 -22.589418 -5.917561  -0.868967 0.221052 -1.802055
55  0.000000 0.000001 0.000000  0.000000 -0.000000 -0.000002
56  0.000030 0.000029 0.000001  -1.571901 -0.044449 -0.106509
57  7.454946 -19.438808 -16.855450  1.570796 -0.000000 0.000000
58  -15.676023 4.000920 -21.963837  1.570796 -0.000000 0.000000
59  2.272417 -2.661958 -5.247234  1.570796 -0.000000 0.000000
60  -0.004311 0.001230 -0.000371  0.006898 -0.005534 -0.284229
61  1.043687 10.104235 -4.814008  1.570796 -0.000000 0.000000
62  0.000000 0.000000 0.000000  -0.078727 -3.136056 0.284226
63  0.000000 0.000000 0.000000  1.578484 -0.005068 0.000325
64  -2.453731 -14.780623 -2.452655  1.622803 0.026236 0.042691
65  -0.109379 -1.951951 -1.519205  0.000000 0.000000 -0.000000
66  -0.109379 0.057027 25.399252  0.000000 0.000000 -0.000000
67  -0.109379 -1.856732 0.287229  0.000000 0.000000 -0.000000
68  -0.104048 -4.495923 7.879276  0.000000 0.000000 -0.000000
69  -0.195265 4.332630 -6.347187  0.000000 0.000000 -0.000000
70  -1.290112 3.693283 8.579668  0.022713 -0.014049 -0.017451
71  -0.109856 -1.345263 4.822540  0.000000 0.000000 -0.000000
72  -1.107529 -1.063453 4.061647  0.000000 0.000000 -0.000000
73  0.003659 1.612363 10.733983  -0.000000 -0.000000 0.237369
74  -2.355809 -19.871025 -2.702892  1.622803 0.026236 0.042691
time 86
0  0.000006 0.000000 0.000000  -1.570800 -1.391899 -1.570792
1  -4.809692 3.391446 2.241056  -1.544956 -1.855077 -0.198630
2  6.027524 -0.000327 0.000192  -0.336039 -1.238248 -1.990698
3  11.692116 0.000645 -0.000740  -1.384545 0.000008 -0.747242
4  11.480885 0.000732 -0.000074  1.570897 -0.638277 0.077997
5  3.859508 -0.142879 -1.192048  -0.488773 -0.034035 -1.580568
6  1.312590 0.000012 0.000008  -0.111371 -0.024710 -0.339466
7  0.729355 0.000054 0.000049  -0.083127 -0.102208 -0.308538
8  3.942141 0.046273 -0.431511  -0.391284 0.271546 -1.029054
9  1.539111 0.000083 0.000003  -0.008992 -0.069546 -0.752137
10  1.196333 0.000147 0.000029  0.006609 -0.004716 -0.707474
11  3.883503 -0.047269 0.431382  -0.177303 0.439678 -0.559206
12  1.719571 -0.000028 0.000014  -0.024829 -0.086829 -0.833313
13  1.209179 0.000091 0.000010  -0.011128 -0.013190 -0.574340
14  3.859660 -0.138475 1.332410  0.057181 0.439562 -0.332034
15  1.719448 -0.000010 0.000022  -0.015546 0.003113 -0.350445
16  1.099675 0.000048 0.000009  -0.251797 0.281122 -0.981097
17  0.776567 -0.810846 1.201232  -1.074451 -0.641320 -0.559065
18  1.789820 -0.000003 -0.000018  0.003828 0.082590 0.334292
19  1.207016 -0.000011 -0.000043  0.176235 -0.141056 0.237252
20  5.740636 0.000411 -0.000702  -0.014135 0.000003 0.000071
21  11.481186 0.000356 -0.000671  0.010046 -0.106041 0.004781
22  6.027524 -0.000330 0.000203  1.447879 -0.309869 1.535923
23  0.000000 11.692099 -0.000008  -0.551041 -0.131793 -0.458488
24  0.000002 0.000009 -0.000001  -0.515490 -0.000030 1.570738
25  -0.000001 -0.000011 -0.000001  0.868957 0.000002 1.570712
26  -6.597245 -9.155467 0.881027  1.473120 1.855075 -0.198639
27  6.027512 -0.000261 -0.000226  1.613845 0.942379 -0.652738
28  11.691989 0.000246 0.000854  0.153816 0.000042 -1.445734
29  11.478944 -0.001021 0.000994  -1.213400 0.283639 0.666719
30  3.859435 -0.132787 1.193062  0.466149 -0.051826 -1.783918
31  1.312558 0.000025 -0.000000  -0.013965 -0.041043 -0.156447
32  0.729345 0.000065 -0.000027  -0.128320 -0.117290 -0.954857
33  3.942045 0.050109 0.430996  0.211501 -0.107596 -1.469120
34  1.539097 0.000010 0.000000  0.040712 -0.054386 -1.030469
35  1.196300 0.000075 -0.000004  -0.249391 -0.043040 -0.795120
36  3.883411 -0.050502 -0.431087  0.186407 -0.271796 -1.212184
37  1.719563 -0.000079 -0.000003  0.020974 -0.107650 -1.483528
38  1.209198 0.000037 0.000010  -0.324719 0.069674 -0.493484
39  3.859585 -0.149112 -1.331324  -0.094938 -0.084955 -0.411363
40  1.719409 -0.000100 -0.000035  -0.011248 0.001677 -0.960922
41  1.099673 0.000024 0.000007  0.125370 0.005124 -0.391069
42  0.805979 -0.359853 -1.318338  0.991669 0.166767 -0.799535
43  1.789779 -0.000009 -0.000043  0.000057 -0.002451 0.133097
44  1.206996 -0.000006 0.000005  0.000373 -0.000070 1.058782
45  5.740571 0.000055 0.000724  0.119328 -0.000014 0.000021
46  11.480733 -0.000169 0.000949  0.056277 0.054532 0.109467
47  6.027514 -0.000274 -0.000237  -1.049267 -0.368190 -1.664049
48  -0.000002 11.691973 -0.000005  -0.997175 0.446212 0.789611
49  0.000003 -0.000001 0.000000  2.426346 -0.000041 1.570856
50  -0.000006 -0.000015 0.000004  2.272644 -0.000030 1.570865
51  -3.940735 -7.198099 -6.345931  -0.112292 -2.995674 1.490730
52  0.000000 -0.000000 -0.000000  0.008153 -0.000259 0.000009
53  -0.000001 0.000000 -0.000000  1.565115 0.043565 -0.106862
54  -0.408866 -22.313889 -5.511369  -0.877536 0.139580 -1.806600
55  -0.000001 -0.000001 0.000000  0.000000 -0.000000 -0.000002
56  0.000029 0.000029 0.000001  -1.571901 -0.044449 -0.106509
57  7.265824 -19.304325 -17.005211  1.570796 -0.000000 0.000000
58  -15.482490 4.000791 -22.472416  1.570796 -0.000000 0.000000
59  2.245373 -2.481833 -5.337652  1.570796 -0.000000 0.000000
60  -0.004311 0.001230 -0.000371  0.006898 -0.005534 -0.284229
61  0.881025 10.183293 -4.862794  1.570796 -0.000000 0.000000
62  0.000000 0.000000 0.000000  -0.078727 -3.136056 0.284226
63  0.000000 0.000000 0.000000  1.572636 -0.006841 0.000977
64  -2.496387 -14.261444 -2.231201  1.573233 0.033847 0.020067
65  -0.109379 -1.951952 -1.519206  -0.000000 -0.000000 0.000000
66  -0.109379 0.057027 25.399250  -0.000000 -0.000000 0.000000
67  -0.109379 -1.856731 0.287230  -0.000000 -0.000000 0.000000
68  -0.104048 -4.495923 7.879276  -0.000000 -0.000000 0.000000
69  -0.195264 4.332631 -6.347185  -0.000000 -0.000000 0.000000
70  -1.290112 3.693284 8.579670  0.022713 -0.014049 -0.017451
71  -0.109856 -1.345264 4.822540  -0.000000 -0.000000 0.000000
72  -1.107528 -1.063453 4.061649  -0.000000 -0.000000 0.000000
73  0.003658 1.612363 10.733982  -0.000000 -0.000000 0.193339
74  -2.506873 -19.358921 -2.228153  1.573233 0.033847 0.020067
time 87
0  0.000006 0.000000 0.000000  -1.570800 -1.391899 -1.570792
1  -4.849906 3.337897 2.232070  -1.544956 -1.855077 -0.198630
2  6.027524 -0.000325 0.000192  -0.388686 -1.227064 -1.932165
3  11.692113 0.000644 -0.000740  -1.384552 0.000006 -0.858921
4  11.480791 0.000725 -0.000124  1.576249 -0.689042 0.064565
5  3.859508 -0.142880 -1.192049  -0.499313 -0.034293 -1.576501
6  1.312590 0.000015 0.000008  -0.115228 -0.037771 -0.306909
7  0.729354 0.000057 0.000049  -0.082898 -0.104401 -0.283050
8  3.942143 0.046273 -0.431511  -0.409774 0.301657 -1.000213
9  1.539111 0.000083 0.000006  -0.009311 -0.070399 -0.781903
10  1.196332 0.000145 0.000027  0.006907 -0.002043 -0.664264
11  3.883503 -0.047269 0.431381  -0.207676 0.491834 -0.546744
12  1.719573 -0.000026 0.000016  -0.027296 -0.095270 -0.841043
13  1.209180 0.000091 0.000012  -0.008765 -0.006452 -0.534747
14  3.859662 -0.138476 1.332410  0.033417 0.479502 -0.341593
15  1.719448 -0.000011 0.000021  -0.019542 0.012236 -0.315246
16  1.099676 0.000046 0.000006  -0.270422 0.317553 -1.020960
17  0.773381 -0.860838 1.188239  -1.027261 -0.633471 -0.573076
18  1.789818 -0.000003 -0.000020  0.004725 0.086805 0.368250
19  1.207016 -0.000012 -0.000044  0.157277 -0.153204 0.235235
20  5.740638 0.000410 -0.000705  -0.023362 0.000003 0.000071
21  11.481166 0.000355 -0.000684  0.011005 -0.116151 0.002445
22  6.027524 -0.000329 0.000203  1.460971 -0.326461 1.540692
23  0.000002 11.692098 -0.000007  -0.627197 -0.171852 -0.519106
24  0.000004 0.000009 -0.000001  -0.515490 -0.000031 1.570739
25  -0.000001 -0.000011 -0.000001  0.868957 0.000002 1.570712
26  -6.617934 -9.178503 0.826812  1.473120 1.855075 -0.198639
27  6.027512 -0.000261 -0.000227  1.610061 0.908250 -0.665891
28  11.691989 0.000244 0.000856  0.141446 0.000050 -1.536647
29  11.479994 -0.000499 0.000903  -1.223912 0.305190 0.698521
30  3.859436 -0.132788 1.193063  0.466149 -0.051826 -1.783918
31  1.312559 0.000025 -0.000001  -0.013965 -0.041044 -0.156447
32  0.729345 0.000066 -0.000027  -0.128320 -0.117290 -0.954857
33  3.942046 0.050109 0.430997  0.211501 -0.107596 -1.469120
34  1.539097 0.000010 -0.000000  0.040712 -0.054386 -1.030469
35  1.196299 0.000075 -0.000004  -0.249391 -0.043040 -0.795120
36  3.883411 -0.050502 -0.431086  0.186407 -0.271796 -1.212184
37  1.719564 -0.000079 -0.000004  0.020974 -0.107650 -1.483528
38  1.209198 0.000034 0.000011  -0.324719 0.069674 -0.493483
39  3.859585 -0.149112 -1.331323  -0.094938 -0.084955 -0.411363
40  1.719412 -0.000100 -0.000034  -0.011248 0.001677 -0.960922
41  1.099673 0.000024 0.000007  0.035668 0.001164 -0.662600
42  0.805979 -0.359854 -1.318337  0.991670 0.166767 -0.799535
43  1.789780 -0.000009 -0.000042  0.000057 -0.002451 0.133097
44  1.206996 -0.000006 0.000006  0.000372 -0.000070 1.058782
45  5.740573 0.000055 0.000723  0.127455 -0.000014 0.000021
46  11.480944 -0.000064 0.000930  0.052192 0.058779 0.115425
47  6.027514 -0.000273 -0.000238  -1.019357 -0.388124 -1.685224
48  -0.000003 11.691973 -0.000004  -1.051073 0.496346 0.823847
49  0.000003 -0.000001 0.000001  2.413975 -0.000041 1.570856
50  -0.000008 -0.000016 0.000006  2.272644 -0.000030 1.570865
51  -3.934957 -6.451501 -6.231508  -0.119290 -2.962505 1.481110
52  0.000000 -0.000000 -0.000000  0.008153 -0.000259 0.000009
53  -0.000000 -0.000000 0.000001  1.565115 0.043565 -0.106862
54  -0.572753 -21.583015 -5.004291  -0.884358 0.095263 -1.812353
55  -0.000000 0.000000 -0.000001  0.000000 -0.000000 -0.000002
56  0.000032 0.000029 0.000000  -1.571902 -0.044449 -0.106509
57  7.202790 -19.259499 -17.055128  1.570796 -0.000000 0.000000
58  -15.417985 4.000748 -22.641926  1.570796 -0.000000 0.000000
59  2.236387 -2.421983 -5.367696  1.570796 -0.000000 0.000000
60  -0.004311 0.001230 -0.000371  0.006898 -0.005534 -0.284229
61  0.826810 10.209643 -4.879054  1.570796 -0.000000 0.000000
62  0.000000 0.000000 0.000000  -0.078727 -3.136056 0.284226
63  0.000000 0.000000 0.000000  1.568139 -0.004194 0.001333
64  -2.524981 -13.393129 -1.903260  1.540885 0.043996 0.008056
65  -0.109378 -1.951951 -1.519205  -0.000000 -0.000000 0.000000
66  -0.109379 0.057027 25.399250  -0.000000 -0.000000 0.000000
67  -0.109379 -1.856731 0.287229  -0.000000 -0.000000 0.000000
68  -0.104047 -4.495923 7.879276  -0.000000 -0.000000 0.000000
69  -0.195264 4.332629 -6.347186  -0.000000 -0.000000 0.000000
70  -1.290112 3.693283 8.579668  0.022713 -0.014049 -0.017451
71  -0.109855 -1.345264 4.822540  -0.000000 -0.000000 0.000000
72  -1.107528 -1.063453 4.061647  -0.000000 -0.000000 0.000000
73  0.003659 1.612363 10.733983  -0.000000 -0.000000 0.095870
74  -2.589427 -18.487413 -1.734400  1.540885 0.043996 0.008056
time 88
0  0.000006 0.000000 0.000000  -1.570800 -1.391899 -1.570792
1  -4.849906 3.337897 2.232070  -1.544956 -1.855077 -0.198630
2  6.027524 -0.000325 0.000192  -0.470559 -1.207552 -1.832750
3  11.692112 0.000643 -0.000739  -1.384562 0.000002 -0.994056
4  11.480652 0.000707 -0.000199  1.560073 -0.773969 0.075624
5  3.859511 -0.142879 -1.192049  -0.505649 -0.034502 -1.574003
6  1.312590 0.000010 0.000006  -0.117699 -0.045574 -0.287278
7  0.729353 0.000052 0.000050  -0.083150 -0.105625 -0.267676
8  3.942144 0.046273 -0.431512  -0.420405 0.319974 -0.983046
9  1.539111 0.000084 0.000004  -0.009551 -0.070801 -0.799099
10  1.196333 0.000149 0.000030  0.007022 -0.000571 -0.638302
11  3.883506 -0.047269 0.431382  -0.225985 0.523318 -0.539964
12  1.719574 -0.000028 0.000015  -0.028760 -0.100397 -0.845722
13  1.209179 0.000089 0.000012  -0.007209 -0.002428 -0.510818
14  3.859663 -0.138475 1.332410  0.018731 0.503352 -0.347941
15  1.719446 -0.000012 0.000023  -0.021792 0.017793 -0.294079
16  1.099675 0.000049 0.000006  -0.282426 0.339033 -1.045428
17  0.771439 -0.891330 1.180314  -0.998773 -0.628443 -0.581326
18  1.789820 -0.000003 -0.000018  0.005342 0.089355 0.388924
19  1.207017 -0.000012 -0.000044  0.145719 -0.160624 0.234119
20  5.740637 0.000411 -0.000702  -0.038834 0.000003 0.000071
21  11.481138 0.000351 -0.000696  0.009617 -0.133246 0.003167
22  6.027524 -0.000329 0.000203  1.483885 -0.353226 1.555648
23  0.000002 11.692100 -0.000006  -0.716694 -0.226156 -0.588715
24  0.000004 0.000007 -0.000000  -0.515490 -0.000031 1.570739
25  -0.000001 -0.000011 -0.000000  0.868957 0.000002 1.570712
26  -6.617934 -9.178503 0.826812  1.473120 1.855075 -0.198639
27  6.027512 -0.000261 -0.000226  1.619704 0.872101 -0.662127
28  11.691992 0.000243 0.000857  0.141447 0.000057 -1.638170
29  11.479270 -0.000907 0.000961  -1.229027 0.310447 0.757384
30  3.859437 -0.132787 1.193062  0.466149 -0.051826 -1.783918
31  1.312557 0.000025 0.000000  -0.013965 -0.041044 -0.156447
32  0.729344 0.000064 -0.000027  -0.128320 -0.117290 -0.954857
33  3.942046 0.050109 0.430997  0.211501 -0.107596 -1.469120
34  1.539097 0.000009 -0.000000  0.040712 -0.054386 -1.030469
35  1.196301 0.000075 -0.000004  -0.249391 -0.043040 -0.795121
36  3.883413 -0.050502 -0.431087  0.186407 -0.271796 -1.212184
37  1.719564 -0.000079 -0.000004  0.020974 -0.107650 -1.483528
38  1.209197 0.000036 0.000010  -0.324719 0.069674 -0.493483
39  3.859585 -0.149112 -1.331323  -0.094938 -0.084955 -0.411363
40  1.719412 -0.000099 -0.000035  -0.011248 0.001677 -0.960922
41  1.099674 0.000026 0.000007  -0.004984 -0.008084 -0.787926
42  0.805979 -0.359854 -1.318338  0.991670 0.166767 -0.799535
43  1.789779 -0.000009 -0.000042  0.000057 -0.002451 0.133097
44  1.206996 -0.000007 0.000005  0.000372 -0.000070 1.058781
45  5.740572 0.000055 0.000724  0.140703 -0.000014 0.000021
46  11.480799 -0.000146 0.000942  0.049590 0.060831 0.127075
47  6.027514 -0.000273 -0.000238  -0.982397 -0.401527 -1.703174
48  -0.000002 11.691974 -0.000006  -1.110756 0.554173 0.859478
49  0.000002 0.000001 -0.000000  2.413975 -0.000041 1.570856
50  -0.000007 -0.000016 0.000005  2.272644 -0.000030 1.570865
51  -3.965281 -5.605721 -6.000814  -0.126539 -2.952625 1.479285
52  -0.000000 0.000000 -0.000000  0.008153 -0.000259 0.000009
53  0.000001 0.000000 0.000000  1.565115 0.043565 -0.106862
54  -0.640504 -20.735973 -4.661197  -0.889921 0.084413 -1.816004
55  -0.000001 -0.000000 -0.000000  0.000000 -0.000000 -0.000002
56  0.000028 0.000029 0.000001  -1.571901 -0.044449 -0.106509
57  7.202790 -19.259499 -17.055128  1.570796 -0.000000 0.000000
58  -15.417985 4.000748 -22.641926  1.570796 -0.000000 0.000000
59  2.236387 -2.421983 -5.367696  1.570796 -0.000000 0.000000
60  -0.004311 0.001230 -0.000371  0.006898 -0.005534 -0.284229
61  0.826810 10.209643 -4.879054  1.570796 -0.000000 0.000000
62  0.000000 0.000000 0.000000  -0.078727 -3.136056 0.284226
63  0.000000 0.000000 0.000000  1.566343 0.000718 0.000912
64  -2.542325 -12.511777 -1.620225  1.531730 0.052045 0.004465
65  -0.109379 -1.951952 -1.519206  -0.000000 0.000000 -0.000000
66  -0.109379 0.057027 25.399250  -0.000000 0.000000 -0.000000
67  -0.109379 -1.856732 0.287227  -0.000000 0.000000 -0.000000
68  -0.104048 -4.495924 7.879274  -0.000000 0.000000 -0.000000
69  -0.195264 4.332630 -6.347188  -0.000000 0.000000 -0.000000
70  -1.290112 3.693283 8.579666  0.022713 -0.014049 -0.017451
71  -0.109856 -1.345264 4.822538  -0.000000 0.000000 -0.000000
72  -1.107529 -1.063453 4.061645  -0.000000 0.000000 -0.000000
73  0.003659 1.612363 10.733981  -0.000000 -0.000000 -0.002057
74  -2.621282 -17.604063 -1.403961  1.531730 0.052045 0.004465
time 89
0  0.000006 0.000000 0.000000  -1.570800 -1.391899 -1.570792
1  -4.849906 3.337897 2.232070  -1.544956 -1.855077 -0.198630
2  6.027524 -0.000325 0.000192  -0.497103 -1.199265 -1.798070
3  11.692112 0.000643 -0.000738  -1.384565 0.000000 -1.038906
4  11.480432 0.000692 -0.000298  1.548429 -0.805067 0.079774
5  3.859512 -0.142879 -1.192049  -0.507739 -0.034586 -1.573166
6  1.312590 0.000011 0.000007  -0.118535 -0.048143 -0.280786
7  0.729355 0.000054 0.000050  -0.083327 -0.106005 -0.262589
8  3.942144 0.046273 -0.431512  -0.423826 0.326055 -0.977403
9  1.539111 0.000084 0.000004  -0.009644 -0.070905 -0.804603
10  1.196332 0.000144 0.000027  0.007038 -0.000117 -0.629733
11  3.883506 -0.047270 0.431381  -0.232037 0.533715 -0.537849
12  1.719573 -0.000026 0.000015  -0.029240 -0.102096 -0.847270
13  1.209180 0.000092 0.000011  -0.006673 -0.001106 -0.502906
14  3.859664 -0.138475 1.332410  0.013813 0.511197 -0.350141
15  1.719449 -0.000013 0.000020  -0.022509 0.019639 -0.287088
16  1.099675 0.000051 0.000006  -0.286525 0.346051 -1.053593
17  0.770796 -0.901442 1.177686  -0.989376 -0.626737 -0.584011
18  1.789821 -0.000002 -0.000017  0.005558 0.090197 0.395774
19  1.207013 -0.000012 -0.000044  0.141886 -0.163086 0.233767
20  5.740637 0.000411 -0.000705  -0.045940 0.000003 0.000071
21  11.481093 0.000348 -0.000718  0.008171 -0.139564 0.002929
22  6.027524 -0.000329 0.000203  1.491746 -0.363490 1.562798
23  0.000004 11.692098 -0.000008  -0.745770 -0.245491 -0.610879
24  0.000003 0.000009 -0.000001  -0.515490 -0.000030 1.570739
25  -0.000000 -0.000012 -0.000002  0.868957 0.000002 1.570712
26  -6.617934 -9.178503 0.826812  1.473120 1.855075 -0.198639
27  6.027512 -0.000260 -0.000227  1.626797 0.860584 -0.658998
28  11.691990 0.000244 0.000856  0.141448 0.000060 -1.672786
29  11.479040 -0.001019 0.000980  -1.232657 0.305093 0.781969
30  3.859436 -0.132788 1.193063  0.466149 -0.051826 -1.783918
31  1.312558 0.000027 -0.000000  -0.013965 -0.041044 -0.156447
32  0.729345 0.000065 -0.000027  -0.128320 -0.117290 -0.954857
33  3.942047 0.050109 0.430998  0.211501 -0.107596 -1.469120
34  1.539097 0.000009 -0.000000  0.040712 -0.054386 -1.030469
35  1.196300 0.000075 -0.000004  -0.249391 -0.043040 -0.795121
36  3.883411 -0.050502 -0.431086  0.186407 -0.271796 -1.212184
37  1.719563 -0.000080 -0.000004  0.020974 -0.107650 -1.483528
38  1.209195 0.000036 0.000011  -0.324719 0.069674 -0.493483
39  3.859585 -0.149112 -1.331322  -0.094938 -0.084955 -0.411363
40  1.719411 -0.000099 -0.000035  -0.011248 0.001677 -0.960922
41  1.099674 0.000026 0.000006  -0.004984 -0.008084 -0.787926
42  0.805978 -0.359854 -1.318338  0.991670 0.166767 -0.799535
43  1.789779 -0.000009 -0.000042  0.000057 -0.002451 0.133097
44  1.206996 -0.000006 0.000005  0.000372 -0.000070 1.058782
45  5.740573 0.000056 0.000724  0.145935 -0.000014 0.000021
46  11.480753 -0.000168 0.000945  0.048778 0.060151 0.132268
47  6.027514 -0.000273 -0.000238  -0.969062 -0.403317 -1.710672
48  -0.000002 11.691974 -0.000006  -1.131042 0.574297 0.870979
49  0.000003 -0.000002 -0.000000  2.413975 -0.000041 1.570856
50  -0.000008 -0.000015 0.000005  2.272644 -0.000030 1.570865
51  -4.003971 -5.307554 -5.894650  -0.132129 -2.954159 1.481271
52  0.000000 -0.000000 0.000000  0.008153 -0.000259 0.000009
53  -0.000000 0.000000 0.000001  1.565115 0.043565 -0.106862
54  -0.657965 -20.437334 -4.603436  -0.895603 0.085084 -1.815545
55  0.000001 -0.000000 -0.000000  0.000000 -0.000000 -0.000002
56  0.000031 0.000029 0.000001  -1.571901 -0.044449 -0.106509
57  7.202790 -19.259499 -17.055128  1.570796 -0.000000 0.000000
58  -15.417985 4.000748 -22.641926  1.570796 -0.000000 0.000000
59  2.236387 -2.421983 -5.367696  1.570796 -0.000000 0.000000
60  -0.004311 0.001230 -0.000371  0.006898 -0.005534 -0.284229
61  0.826810 10.209643 -4.879054  1.570796 -0.000000 0.000000
62  0.000000 0.000000 0.000000  -0.078727 -3.136056 0.284226
63  0.000000 0.000000 0.000000  1.566829 0.003361 -0.000004
64  -2.551231 -12.221106 -1.535711  1.533784 0.057365 0.005517
65  -0.109379 -1.951951 -1.519204  0.000000 0.000000 -0.000000
66  -0.109379 0.057027 25.399254  0.000000 0.000000 -0.000000
67  -0.109379 -1.856732 0.287231  0.000000 0.000000 -0.000000
68  -0.104048 -4.495924 7.879276  0.000000 0.000000 -0.000000
69  -0.195264 4.332630 -6.347186  0.000000 0.000000 -0.000000
70  -1.290112 3.693283 8.579667  0.022713 -0.014049 -0.017451
71  -0.109856 -1.345264 4.822542  0.000000 0.000000 -0.000000
72  -1.107529 -1.063453 4.061647  0.000000 0.000000 -0.000000
73  0.003659 1.612363 10.733984  -0.000000 -0.000000 -0.046595
74  -2.624277 -17.313892 -1.329350  1.533784 0.057365 0.005517
time 90
0  0.000006 0.000000 0.000000  -1.570800 -1.391899 -1.570792
1  -4.849906 3.337897 2.232070  -1.544956 -1.855077 -0.198630
2  6.027524 -0.000325 0.000192  -0.491986 -1.200748 -1.804406
3  11.692113 0.000645 -0.000740  -1.384563 0.000001 -1.022438
4  11.480510 0.000697 -0.000263  1.545753 -0.796355 0.078328
5  3.859509 -0.142880 -1.192049  -0.507739 -0.034586 -1.573166
6  1.312589 0.000014 0.000008  -0.118535 -0.048143 -0.280786
7  0.729356 0.000051 0.000050  -0.083327 -0.106005 -0.262589
8  3.942143 0.046272 -0.431512  -0.423826 0.326055 -0.977403
9  1.539112 0.000084 0.000004  -0.009644 -0.070905 -0.804603
10  1.196333 0.000146 0.000029  0.007038 -0.000117 -0.629733
11  3.883506 -0.047269 0.431382  -0.232037 0.533715 -0.537849
12  1.719573 -0.000026 0.000013  -0.029240 -0.102096 -0.847270
13  1.209180 0.000094 0.000012  -0.006673 -0.001106 -0.502906
14  3.859661 -0.138476 1.332410  0.013813 0.511197 -0.350141
15  1.719447 -0.000012 0.000021  -0.022509 0.019639 -0.287088
16  1.099676 0.000048 0.000006  -0.286525 0.346051 -1.053593
17  0.770794 -0.901443 1.177686  -0.989376 -0.626737 -0.584011
18  1.789820 -0.000004 -0.000018  0.005558 0.090197 0.395774
19  1.207014 -0.000012 -0.000043  0.141886 -0.163086 0.233767
20  5.740638 0.000410 -0.000703  -0.044605 0.000003 0.000071
21  11.481110 0.000349 -0.000709  0.007496 -0.137853 0.002493
22  6.027524 -0.000329 0.000203  1.490161 -0.361636 1.561793
23  0.000001 11.692099 -0.000007  -0.735129 -0.238319 -0.602796
24  0.000003 0.000009 -0.000001  -0.515490 -0.000031 1.570739
25  -0.000001 -0.000011 -0.000001  0.868957 0.000002 1.570712
26  -6.617934 -9.178503 0.826812  1.473120 1.855075 -0.198639
27  6.027512 -0.000260 -0.000227  1.630119 0.866175 -0.656977
28  11.691990 0.000244 0.000856  0.141448 0.000058 -1.658637
29  11.479133 -0.000975 0.000971  -1.234841 0.297431 0.776669
30  3.859436 -0.132787 1.193062  0.466149 -0.051826 -1.783918
31  1.312558 0.000026 0.000001  -0.013965 -0.041043 -0.156447
32  0.729345 0.000065 -0.000027  -0.128320 -0.117290 -0.954857
33  3.942047 0.050109 0.430997  0.211501 -0.107596 -1.469120
34  1.539096 0.000010 0.000000  0.040712 -0.054386 -1.030469
35  1.196300 0.000076 -0.000004  -0.249391 -0.043040 -0.795121
36  3.883412 -0.050502 -0.431087  0.186407 -0.271796 -1.212184
37  1.719563 -0.000080 -0.000004  0.020974 -0.107650 -1.483528
38  1.209198 0.000036 0.000010  -0.324719 0.069674 -0.493483
39  3.859586 -0.149112 -1.331323  -0.094938 -0.084955 -0.411363
40  1.719412 -0.000100 -0.000034  -0.011248 0.001677 -0.960922
41  1.099673 0.000024 0.000007  -0.004984 -0.008084 -0.787926
42  0.805979 -0.359854 -1.318338  0.991669 0.166767 -0.799535
43  1.789778 -0.000010 -0.000042  0.000057 -0.002451 0.133097
44  1.206996 -0.000006 0.000005  0.000372 -0.000070 1.058781
45  5.740571 0.000054 0.000724  0.143663 -0.000014 0.000021
46  11.480770 -0.000160 0.000943  0.049059 0.058446 0.131577
47  6.027514 -0.000273 -0.000238  -0.973174 -0.398671 -1.709571
48  -0.000002 11.691974 -0.000005  -1.122752 0.566047 0.866318
49  0.000004 0.000001 -0.000000  2.413975 -0.000041 1.570856
50  -0.000008 -0.000015 0.000006  2.272644 -0.000030 1.570865
51  -4.033280 -5.430781 -5.888815  -0.134575 -2.959075 1.484250
52  0.000000 0.000000 -0.000000  0.008153 -0.000259 0.000009
53  0.000000 0.000000 0.000000  1.565115 0.043565 -0.106862
54  -0.646554 -20.558432 -4.681490  -0.898752 0.089568 -1.813290
55  0.000001 -0.000001 -0.000000  0.000000 -0.000000 -0.000002
56  0.000031 0.000029 0.000001  -1.571901 -0.044449 -0.106509
57  7.202790 -19.259499 -17.055128  1.570796 -0.000000 0.000000
58  -15.417985 4.000748 -22.641926  1.570796 -0.000000 0.000000
59  2.236387 -2.421983 -5.367696  1.570796 -0.000000 0.000000
60  -0.004311 0.001230 -0.000371  0.006898 -0.005534 -0.284229
61  0.826810 10.209643 -4.879054  1.570796 -0.000000 0.000000
62  0.000000 0.000000 0.000000  -0.078727 -3.136056 0.284226
63  0.000000 0.000000 0.000000  1.567957 0.001879 -0.000911
64  -2.554512 -12.362795 -1.568117  1.538914 0.059292 0.008346
65  -0.109378 -1.951952 -1.519207  0.000000 -0.000000 -0.000000
66  -0.109379 0.057027 25.399252  0.000000 -0.000000 -0.000000
67  -0.109378 -1.856732 0.287228  0.000000 -0.000000 -0.000000
68  -0.104047 -4.495923 7.879275  0.000000 -0.000000 -0.000000
69  -0.195264 4.332631 -6.347187  0.000000 -0.000000 -0.000000
70  -1.290112 3.693283 8.579670  0.022713 -0.014049 -0.017451
71  -0.109855 -1.345264 4.822539  0.000000 -0.000000 -0.000000
72  -1.107528 -1.063453 4.061645  0.000000 -0.000000 -0.000000
73  0.003659 1.612363 10.733979  -0.000000 -0.000000 -0.041750
74  -2.614295 -17.456739 -1.387644  1.538914 0.059292 0.008346
time 91
0  0.000006 0.000000 0.000000  -1.570800 -1.391899 -1.570792
1  -4.849906 3.337897 2.232070  -1.544956 -1.855077 -0.198630
2  6.027524 -0.000325 0.000192  -0.477345 -1.205275 -1.823392
3  11.692112 0.000644 -0.000739  -1.384561 0.000002 -0.988338
4  11.480680 0.000710 -0.000188  1.546746 -0.776976 0.076263
5  3.859511 -0.142879 -1.192050  -0.507739 -0.034586 -1.573166
6  1.312590 0.000014 0.000008  -0.118535 -0.048143 -0.280786
7  0.729355 0.000054 0.000047  -0.083327 -0.106005 -0.262589
8  3.942142 0.046273 -0.431512  -0.423826 0.326055 -0.977403
9  1.539110 0.000083 0.000005  -0.009644 -0.070905 -0.804603
10  1.196332 0.000147 0.000029  0.007038 -0.000117 -0.629733
11  3.883504 -0.047269 0.431381  -0.232037 0.533715 -0.537849
12  1.719572 -0.000027 0.000016  -0.029240 -0.102096 -0.847270
13  1.209179 0.000089 0.000011  -0.006673 -0.001106 -0.502906
14  3.859662 -0.138475 1.332409  0.013813 0.511197 -0.350141
15  1.719447 -0.000013 0.000021  -0.022509 0.019639 -0.287088
16  1.099674 0.000050 0.000006  -0.286525 0.346051 -1.053593
17  0.770795 -0.901442 1.177686  -0.989376 -0.626737 -0.584011
18  1.789820 -0.000003 -0.000017  0.005558 0.090197 0.395774
19  1.207016 -0.000012 -0.000043  0.141886 -0.163086 0.233767
20  5.740637 0.000411 -0.000703  -0.040694 0.000003 0.000071
21  11.481144 0.000352 -0.000696  0.007302 -0.133978 0.002274
22  6.027524 -0.000329 0.000203  1.485803 -0.356019 1.558000
23  0.000002 11.692099 -0.000007  -0.712965 -0.223736 -0.585855
24  0.000003 0.000008 -0.000002  -0.515490 -0.000030 1.570739
25  -0.000000 -0.000011 -0.000001  0.868957 0.000002 1.570712
26  -6.617934 -9.178503 0.826812  1.473120 1.855075 -0.198639
27  6.027512 -0.000261 -0.000226  1.632007 0.877289 -0.655362
28  11.691991 0.000242 0.000855  0.141447 0.000056 -1.630642
29  11.479321 -0.000880 0.000959  -1.234894 0.289684 0.764169
30  3.859436 -0.132787 1.193062  0.466149 -0.051826 -1.783918
31  1.312558 0.000025 0.000000  -0.013965 -0.041044 -0.156447
32  0.729344 0.000065 -0.000028  -0.128320 -0.117290 -0.954857
33  3.942046 0.050109 0.430998  0.211501 -0.107596 -1.469120
34  1.539097 0.000010 0.000000  0.040712 -0.054386 -1.030469
35  1.196299 0.000077 -0.000004  -0.249391 -0.043040 -0.795121
36  3.883411 -0.050502 -0.431086  0.186407 -0.271796 -1.212184
37  1.719563 -0.000080 -0.000003  0.020974 -0.107650 -1.483528
38  1.209197 0.000036 0.000011  -0.324719 0.069674 -0.493483
39  3.859585 -0.149112 -1.331323  -0.094938 -0.084955 -0.411363
40  1.719412 -0.000099 -0.000034  -0.011248 0.001677 -0.960922
41  1.099673 0.000023 0.000007  -0.004984 -0.008084 -0.787926
42  0.805979 -0.359854 -1.318337  0.991670 0.166767 -0.799535
43  1.789779 -0.000009 -0.000042  0.000057 -0.002451 0.133097
44  1.206996 -0.000005 0.000005  0.000373 -0.000070 1.058782
45  5.740573 0.000056 0.000724  0.139855 -0.000014 0.000021
46  11.480809 -0.000139 0.000942  0.049882 0.056697 0.129373
47  6.027514 -0.000273 -0.000238  -0.982976 -0.392099 -1.705626
48  -0.000001 11.691973 -0.000006  -1.106342 0.549823 0.856932
49  0.000003 -0.000000 -0.000001  2.413975 -0.000041 1.570856
50  -0.000006 -0.000016 0.000005  2.272644 -0.000030 1.570865
51  -4.051158 -5.670995 -5.905952  -0.134606 -2.965403 1.487077
52  -0.000000 0.000000 -0.000000  0.008153 -0.000259 0.000009
53  -0.000000 -0.000000 0.000000  1.565115 0.043565 -0.106862
54  -0.622343 -20.796349 -4.792314  -0.899770 0.095815 -1.810563
55  0.000002 0.000000 0.000000  0.000000 -0.000000 -0.000002
56  0.000031 0.000029 0.000001  -1.571901 -0.044449 -0.106509
57  7.202790 -19.259499 -17.055128  1.570796 -0.000000 0.000000
58  -15.417985 4.000748 -22.641926  1.570796 -0.000000 0.000000
59  2.236387 -2.421983 -5.367696  1.570796 -0.000000 0.000000
60  -0.004311 0.001230 -0.000371  0.006898 -0.005534 -0.284229
61  0.826810 10.209643 -4.879054  1.570796 -0.000000 0.000000
62  0.000000 0.000000 0.000000  -0.078727 -3.136056 0.284226
63  0.000000 0.000000 0.000000  1.569241 -0.000870 -0.001321
64  -2.554981 -12.625931 -1.628298  1.545228 0.058722 0.011539
65  -0.109379 -1.951951 -1.519206  -0.000000 -0.000000 0.000000
66  -0.109379 0.057027 25.399248  -0.000000 -0.000000 0.000000
67  -0.109379 -1.856732 0.287228  -0.000000 -0.000000 0.000000
68  -0.104048 -4.495923 7.879273  -0.000000 -0.000000 0.000000
69  -0.195264 4.332630 -6.347187  -0.000000 -0.000000 0.000000
70  -1.290112 3.693283 8.579666  0.022713 -0.014049 -0.017451
71  -0.109856 -1.345263 4.822539  -0.000000 -0.000000 0.000000
72  -1.107529 -1.063453 4.061646  -0.000000 -0.000000 0.000000
73  0.003658 1.612363 10.733980  -0.000000 -0.000000 -0.030197
74  -2.600473 -17.721058 -1.479987  1.545228 0.058722 0.011539
time 92
0  0.000006 0.000000 0.000000  -1.570800 -1.391899 -1.570792
1  -4.849906 3.337897 2.232070  -1.544956 -1.855077 -0.198630
2  6.027524 -0.000325 0.000192  -0.472324 -1.207038 -1.830409
3  11.692112 0.000644 -0.000740  -1.384560 0.000003 -0.971522
4  11.480774 0.000718 -0.000147  1.546649 -0.768612 0.076686
5  3.859506 -0.142880 -1.192049  -0.507739 -0.034586 -1.573166
6  1.312589 0.000011 0.000009  -0.118535 -0.048143 -0.280786
7  0.729355 0.000053 0.000049  -0.083327 -0.106005 -0.262589
8  3.942143 0.046273 -0.431511  -0.423826 0.326055 -0.977403
9  1.539111 0.000085 0.000005  -0.009644 -0.070905 -0.804603
10  1.196332 0.000147 0.000030  0.007038 -0.000117 -0.629733
11  3.883502 -0.047269 0.431382  -0.232037 0.533715 -0.537849
12  1.719572 -0.000028 0.000017  -0.029240 -0.102096 -0.847270
13  1.209180 0.000090 0.000011  -0.006673 -0.001106 -0.502906
14  3.859662 -0.138475 1.332411  0.013813 0.511197 -0.350141
15  1.719450 -0.000011 0.000022  -0.022509 0.019639 -0.287088
16  1.099675 0.000051 0.000008  -0.286525 0.346051 -1.053593
17  0.770792 -0.901442 1.177687  -0.989376 -0.626737 -0.584011
18  1.789821 -0.000004 -0.000017  0.005558 0.090197 0.395774
19  1.207013 -0.000012 -0.000043  0.141886 -0.163086 0.233767
20  5.740636 0.000410 -0.000702  -0.038725 0.000003 0.000070
21  11.481161 0.000352 -0.000686  0.007198 -0.132309 0.002386
22  6.027524 -0.000329 0.000203  1.484400 -0.353878 1.556161
23  0.000002 11.692099 -0.000008  -0.701969 -0.216682 -0.577401
24  0.000003 0.000007 0.000000  -0.515490 -0.000031 1.570739
25  -0.000000 -0.000011 -0.000002  0.868957 0.000002 1.570712
26  -6.617934 -9.178503 0.826812  1.473120 1.855075 -0.198639
27  6.027512 -0.000261 -0.000226  1.633250 0.883834 -0.654324
28  11.691991 0.000245 0.000856  0.141447 0.000055 -1.616237
29  11.479420 -0.000829 0.000951  -1.233399 0.284501 0.760547
30  3.859437 -0.132788 1.193062  0.466149 -0.051826 -1.783918
31  1.312558 0.000025 0.000000  -0.013965 -0.041043 -0.156447
32  0.729345 0.000067 -0.000027  -0.128320 -0.117290 -0.954857
33  3.942047 0.050109 0.430997  0.211501 -0.107596 -1.469120
34  1.539096 0.000010 0.000000  0.040712 -0.054386 -1.030469
35  1.196300 0.000075 -0.000004  -0.249391 -0.043040 -0.795121
36  3.883412 -0.050502 -0.431087  0.186407 -0.271796 -1.212184
37  1.719563 -0.000079 -0.000003  0.020974 -0.107650 -1.483528
38  1.209198 0.000035 0.000011  -0.324719 0.069674 -0.493483
39  3.859586 -0.149111 -1.331323  -0.094938 -0.084955 -0.411363
40  1.719412 -0.000100 -0.000034  -0.011248 0.001677 -0.960922
41  1.099673 0.000024 0.000007  -0.004984 -0.008084 -0.787926
42  0.805979 -0.359854 -1.318338  0.991670 0.166767 -0.799535
43  1.789779 -0.000010 -0.000042  0.000057 -0.002451 0.133097
44  1.206997 -0.000006 0.000005  0.000372 -0.000070 1.058782
45  5.740572 0.000055 0.000724  0.138555 -0.000014 0.000021
46  11.480828 -0.000130 0.000940  0.050616 0.055734 0.128774
47  6.027514 -0.000273 -0.000238  -0.988686 -0.388155 -1.703375
48  -0.000000 11.691973 -0.000005  -1.097892 0.541526 0.852018
49  0.000003 0.000001 0.000000  2.413975 -0.000041 1.570856
50  -0.000005 -0.000016 0.000006  2.272644 -0.000030 1.570865
51  -4.055139 -5.792572 -5.903023  -0.133730 -2.970849 1.488727
52  0.000000 0.000000 0.000001  0.008153 -0.000259 0.000009
53  0.000000 -0.000000 0.000000  1.565115 0.043565 -0.106862
54  -0.600488 -20.917486 -4.865873  -0.899763 0.101328 -1.808761
55  0.000000 -0.000001 0.000000  0.000000 -0.000000 -0.000002
56  0.000031 0.000028 0.000001  -1.571901 -0.044449 -0.106509
57  7.202790 -19.259499 -17.055128  1.570796 -0.000000 0.000000
58  -15.417985 4.000748 -22.641926  1.570796 -0.000000 0.000000
59  2.236387 -2.421983 -5.367696  1.570796 -0.000000 0.000000
60  -0.004311 0.001230 -0.000371  0.006898 -0.005534 -0.284229
61  0.826810 10.209643 -4.879054  1.570796 -0.000000 0.000000
62  0.000000 0.000000 0.000000  -0.078727 -3.136056 0.284226
63  0.000000 0.000000 0.000000  1.570186 -0.002350 -0.001115
64  -2.552000 -12.767619 -1.660703  1.550575 0.057344 0.013651
65  -0.109379 -1.951951 -1.519204  0.000000 0.000000 0.000000
66  -0.109379 0.057027 25.399254  0.000000 0.000000 0.000000
67  -0.109379 -1.856731 0.287231  0.000000 0.000000 0.000000
68  -0.104048 -4.495923 7.879278  0.000000 0.000000 0.000000
69  -0.195264 4.332629 -6.347188  0.000000 0.000000 0.000000
70  -1.290112 3.693283 8.579666  0.022713 -0.014049 -0.017451
71  -0.109855 -1.345263 4.822542  0.000000 0.000000 0.000000
72  -1.107528 -1.063453 4.061648  0.000000 0.000000 0.000000
73  0.003659 1.612363 10.733983  -0.000000 -0.000000 -0.016404
74  -2.588490 -17.863541 -1.539734  1.550575 0.057344 0.013651
time 93
0  0.000006 0.000000 0.000000  -1.570800 -1.391899 -1.570792
1  -4.849906 3.337897 2.232070  -1.544956 -1.855077 -0.198630
2  6.027524 -0.000325 0.000192  -0.483889 -1.204563 -1.817637
3  11.692114 0.000643 -0.000740  -1.384561 0.000002 -0.983753
4  11.480705 0.000713 -0.000176  1.545629 -0.778003 0.079811
5  3.859506 -0.142880 -1.192049  -0.507739 -0.034586 -1.573166
6  1.312589 0.000014 0.000006  -0.118535 -0.048143 -0.280786
7  0.729355 0.000053 0.000050  -0.083327 -0.106005 -0.262589
8  3.942141 0.046273 -0.431511  -0.423826 0.326055 -0.977403
9  1.539111 0.000084 0.000006  -0.009644 -0.070905 -0.804603
10  1.196333 0.000146 0.000030  0.007038 -0.000117 -0.629733
11  3.883502 -0.047269 0.431382  -0.232037 0.533715 -0.537849
12  1.719575 -0.000026 0.000015  -0.029240 -0.102096 -0.847270
13  1.209179 0.000091 0.000014  -0.006673 -0.001107 -0.502906
14  3.859660 -0.138475 1.332411  0.013813 0.511197 -0.350141
15  1.719449 -0.000012 0.000019  -0.022509 0.019639 -0.287088
16  1.099674 0.000048 0.000004  -0.286525 0.346051 -1.053593
17  0.770791 -0.901442 1.177686  -0.989376 -0.626737 -0.584011
18  1.789819 -0.000003 -0.000018  0.005558 0.090197 0.395774
19  1.207014 -0.000012 -0.000044  0.141886 -0.163086 0.233767
20  5.740637 0.000410 -0.000703  -0.039738 0.000003 0.000070
21  11.481149 0.000352 -0.000692  0.007309 -0.134191 0.002855
22  6.027524 -0.000329 0.000203  1.488054 -0.357259 1.556858
23  0.000003 11.692101 -0.000008  -0.709971 -0.221804 -0.583557
24  0.000003 0.000009 -0.000000  -0.515490 -0.000031 1.570738
25  -0.000000 -0.000011 -0.000002  0.868957 0.000002 1.570712
26  -6.617934 -9.178503 0.826812  1.473120 1.855075 -0.198639
27  6.027512 -0.000261 -0.000226  1.634056 0.882404 -0.653975
28  11.691991 0.000241 0.000855  0.141447 0.000056 -1.623951
29  11.479364 -0.000856 0.000956  -1.230792 0.283145 0.769042
30  3.859436 -0.132787 1.193062  0.466149 -0.051826 -1.783918
31  1.312558 0.000026 -0.000000  -0.013965 -0.041044 -0.156447
32  0.729345 0.000067 -0.000027  -0.128320 -0.117290 -0.954857
33  3.942047 0.050109 0.430996  0.211501 -0.107596 -1.469120
34  1.539096 0.000011 -0.000000  0.040712 -0.054386 -1.030469
35  1.196299 0.000075 -0.000004  -0.249391 -0.043040 -0.795120
36  3.883410 -0.050502 -0.431087  0.186407 -0.271796 -1.212184
37  1.719564 -0.000079 -0.000003  0.020974 -0.107650 -1.483528
38  1.209198 0.000035 0.000011  -0.324719 0.069674 -0.493483
39  3.859585 -0.149111 -1.331324  -0.094938 -0.084955 -0.411363
40  1.719412 -0.000100 -0.000034  -0.011248 0.001677 -0.960922
41  1.099673 0.000025 0.000006  -0.004984 -0.008084 -0.787926
42  0.805979 -0.359854 -1.318339  0.991670 0.166767 -0.799535
43  1.789779 -0.000010 -0.000043  0.000057 -0.002451 0.133097
44  1.206996 -0.000006 0.000006  0.000372 -0.000070 1.058782
45  5.740572 0.000055 0.000724  0.140705 -0.000014 0.000021
46  11.480818 -0.000136 0.000941  0.051037 0.055846 0.130397
47  6.027514 -0.000273 -0.000238  -0.987072 -0.388423 -1.704259
48  -0.000002 11.691974 -0.000005  -1.102417 0.545965 0.854657
49  0.000002 -0.000000 -0.000000  2.413975 -0.000041 1.570856
50  -0.000007 -0.000016 0.000006  2.272644 -0.000030 1.570865
51  -4.046052 -5.725650 -5.868984  -0.132279 -2.973221 1.489103
52  -0.000000 -0.000000 0.000000  0.008153 -0.000259 0.000009
53  -0.000000 0.000000 -0.000000  1.565115 0.043565 -0.106862
54  -0.583669 -20.850718 -4.860218  -0.898712 0.103893 -1.808033
55  -0.000001 0.000000 -0.000001  0.000000 -0.000000 -0.000002
56  0.000030 0.000029 0.000000  -1.571902 -0.044449 -0.106509
57  7.202790 -19.259499 -17.055128  1.570796 -0.000000 0.000000
58  -15.417985 4.000748 -22.641926  1.570796 -0.000000 0.000000
59  2.236387 -2.421983 -5.367696  1.570796 -0.000000 0.000000
60  -0.004311 0.001230 -0.000371  0.006898 -0.005534 -0.284229
61  0.826810 10.209643 -4.879054  1.570796 -0.000000 0.000000
62  0.000000 0.000000 0.000000  -0.078727 -3.136056 0.284226
63  0.000000 0.000000 0.000000  1.570616 -0.001740 -0.000661
64  -2.545441 -12.709282 -1.639914  1.552803 0.055693 0.014398
65  -0.109378 -1.951951 -1.519205  0.000000 0.000000 0.000000
66  -0.109379 0.057027 25.399252  0.000000 0.000000 0.000000
67  -0.109379 -1.856731 0.287231  0.000000 0.000000 0.000000
68  -0.104047 -4.495923 7.879278  0.000000 0.000000 0.000000
69  -0.195264 4.332630 -6.347187  0.000000 0.000000 0.000000
70  -1.290112 3.693283 8.579668  0.022713 -0.014049 -0.017451
71  -0.109855 -1.345263 4.822540  0.000000 0.000000 0.000000
72  -1.107528 -1.063453 4.061648  0.000000 0.000000 0.000000
73  0.003659 1.612363 10.733985  -0.000000 -0.000000 -0.004847
74  -2.578954 -17.805485 -1.530452  1.552803 0.055693 0.014398
time 94
0  0.000006 0.000000 0.000000  -1.570800 -1.391899 -1.570792
1  -4.849906 3.337897 2.232070  -1.544956 -1.855077 -0.198630
2  6.027524 -0.000325 0.000192  -0.488788 -1.204272 -1.813917
3  11.692112 0.000644 -0.000739  -1.384562 0.000002 -0.992302
4  11.480659 0.000709 -0.000197  1.548548 -0.784032 0.080815
5  3.859508 -0.142880 -1.192049  -0.507739 -0.034586 -1.573166
6  1.312590 0.000013 0.000007  -0.118535 -0.048143 -0.280786
7  0.729356 0.000053 0.000047  -0.083327 -0.106005 -0.262589
8  3.942141 0.046273 -0.431512  -0.423826 0.326055 -0.977403
9  1.539111 0.000084 0.000008  -0.009644 -0.070905 -0.804603
10  1.196333 0.000144 0.000032  0.007038 -0.000117 -0.629733
11  3.883503 -0.047269 0.431382  -0.232037 0.533715 -0.537849
12  1.719574 -0.000026 0.000015  -0.029240 -0.102096 -0.847270
13  1.209180 0.000089 0.000013  -0.006673 -0.001106 -0.502906
14  3.859660 -0.138476 1.332410  0.013813 0.511197 -0.350141
15  1.719446 -0.000012 0.000021  -0.022509 0.019639 -0.287088
16  1.099675 0.000048 0.000006  -0.286525 0.346051 -1.053593
17  0.770793 -0.901442 1.177686  -0.989376 -0.626737 -0.584011
18  1.789818 -0.000005 -0.000018  0.005558 0.090197 0.395774
19  1.207015 -0.000013 -0.000044  0.141886 -0.163086 0.233767
20  5.740638 0.000410 -0.000703  -0.040091 0.000003 0.000071
21  11.481139 0.000351 -0.000697  0.007968 -0.135364 0.003236
22  6.027524 -0.000329 0.000203  1.489807 -0.357943 1.555391
23  0.000002 11.692098 -0.000007  -0.715551 -0.225413 -0.587839
24  0.000001 0.000008 -0.000003  -0.515490 -0.000030 1.570738
25  -0.000001 -0.000011 -0.000001  0.868957 0.000002 1.570712
26  -6.617934 -9.178503 0.826812  1.473120 1.855075 -0.198639
27  6.027512 -0.000261 -0.000226  1.634250 0.881417 -0.653929
28  11.691993 0.000245 0.000856  0.141447 0.000056 -1.629693
29  11.479324 -0.000879 0.000958  -1.229207 0.284235 0.772316
30  3.859436 -0.132787 1.193061  0.466149 -0.051826 -1.783918
31  1.312558 0.000026 -0.000000  -0.013965 -0.041044 -0.156447
32  0.729344 0.000067 -0.000027  -0.128320 -0.117290 -0.954857
33  3.942046 0.050109 0.430996  0.211501 -0.107596 -1.469120
34  1.539096 0.000011 -0.000001  0.040712 -0.054386 -1.030469
35  1.196301 0.000075 -0.000004  -0.249391 -0.043040 -0.795120
36  3.883411 -0.050502 -0.431087  0.186407 -0.271796 -1.212184
37  1.719564 -0.000079 -0.000004  0.020974 -0.107650 -1.483528
38  1.209198 0.000035 0.000011  -0.324719 0.069674 -0.493483
39  3.859585 -0.149111 -1.331324  -0.094938 -0.084955 -0.411363
40  1.719412 -0.000100 -0.000035  -0.011248 0.001677 -0.960922
41  1.099673 0.000025 0.000007  -0.004984 -0.008084 -0.787926
42  0.805978 -0.359853 -1.318339  0.991670 0.166767 -0.799535
43  1.789780 -0.000008 -0.000042  0.000057 -0.002451 0.133097
44  1.206996 -0.000007 0.000005  0.000372 -0.000070 1.058782
45  5.740572 0.000054 0.000724  0.142104 -0.000014 0.000021
46  11.480808 -0.000140 0.000941  0.051188 0.056232 0.130944
47  6.027514 -0.000273 -0.000238  -0.986080 -0.388807 -1.704739
48  -0.000000 11.691974 -0.000005  -1.105785 0.549275 0.856610
49  0.000003 -0.000000 -0.000001  2.413975 -0.000041 1.570856
50  -0.000006 -0.000016 0.000006  2.272644 -0.000030 1.570865
51  -4.035202 -5.675449 -5.845302  -0.130697 -2.971507 1.489080
52  -0.000000 -0.000000 0.000000  0.008153 -0.000259 0.000009
53  -0.000000 0.000000 -0.000001  1.565115 0.043565 -0.106862
54  -0.570588 -20.797792 -4.803887  -0.896897 0.102442 -1.807603
55  0.000000 0.000001 -0.000000  0.000000 -0.000000 -0.000002
56  0.000028 0.000030 0.000001  -1.571902 -0.044449 -0.106509
57  7.202790 -19.259499 -17.055128  1.570796 -0.000000 0.000000
58  -15.417985 4.000748 -22.641926  1.570796 -0.000000 0.000000
59  2.236387 -2.421983 -5.367696  1.570796 -0.000000 0.000000
60  -0.004311 0.001230 -0.000371  0.006898 -0.005534 -0.284229
61  0.826810 10.209643 -4.879054  1.570796 -0.000000 0.000000
62  0.000000 0.000000 0.000000  -0.078727 -3.136056 0.284226
63  0.000000 0.000000 0.000000  1.570774 -0.000609 -0.000207
64  -2.538882 -12.650944 -1.601305  1.550945 0.054306 0.014539
65  -0.109379 -1.951951 -1.519207  0.000000 -0.000000 0.000000
66  -0.109379 0.057027 25.399254  0.000000 -0.000000 0.000000
67  -0.109379 -1.856731 0.287229  0.000000 -0.000000 0.000000
68  -0.104048 -4.495923 7.879275  0.000000 -0.000000 0.000000
69  -0.195264 4.332630 -6.347189  0.000000 -0.000000 0.000000
70  -1.290112 3.693283 8.579666  0.022713 -0.014049 -0.017451
71  -0.109855 -1.345263 4.822539  0.000000 -0.000000 0.000000
72  -1.107529 -1.063453 4.061647  0.000000 -0.000000 0.000000
73  0.003659 1.612363 10.733980  -0.000000 -0.000000 -0.000000
74  -2.571316 -17.746946 -1.482539  1.550945 0.054306 0.014539
time 95
0  0.000006 0.000000 0.000000  -1.570800 -1.391899 -1.570792
1  -4.849906 3.337897 2.232070  -1.544956 -1.855077 -0.198630
2  6.027524 -0.000325 0.000192  -0.486269 -1.205611 -1.818396
3  11.692111 0.000642 -0.000741  -1.384562 0.000002 -0.991008
4  11.480664 0.000709 -0.000194  1.551455 -0.783335 0.080390
5  3.859510 -0.142880 -1.192049  -0.507739 -0.034586 -1.573166
6  1.312590 0.000011 0.000008  -0.118535 -0.048143 -0.280786
7  0.729356 0.000053 0.000052  -0.083327 -0.106005 -0.262589
8  3.942142 0.046273 -0.431513  -0.423826 0.326055 -0.977403
9  1.539110 0.000084 0.000006  -0.009644 -0.070905 -0.804603
10  1.196332 0.000146 0.000029  0.007038 -0.000117 -0.629733
11  3.883505 -0.047269 0.431381  -0.232037 0.533715 -0.537849
12  1.719573 -0.000027 0.000015  -0.029240 -0.102096 -0.847270
13  1.209180 0.000093 0.000013  -0.006673 -0.001106 -0.502906
14  3.859662 -0.138476 1.332410  0.013813 0.511197 -0.350141
15  1.719449 -0.000012 0.000023  -0.022509 0.019639 -0.287088
16  1.099675 0.000045 0.000003  -0.286525 0.346051 -1.053593
17  0.770796 -0.901442 1.177685  -0.989376 -0.626737 -0.584011
18  1.789821 -0.000003 -0.000018  0.005558 0.090197 0.395774
19  1.207014 -0.000012 -0.000043  0.141886 -0.163086 0.233767
20  5.740637 0.000409 -0.000703  -0.039588 0.000003 0.000071
21  11.481141 0.000350 -0.000695  0.008455 -0.135196 0.003380
22  6.027524 -0.000329 0.000203  1.489195 -0.356434 1.553478
23  0.000003 11.692097 -0.000007  -0.714707 -0.224865 -0.587192
24  0.000003 0.000009 -0.000002  -0.515490 -0.000030 1.570739
25  -0.000000 -0.000012 -0.000000  0.868957 0.000002 1.570712
26  -6.617934 -9.178503 0.826812  1.473120 1.855075 -0.198639
27  6.027512 -0.000261 -0.000226  1.634294 0.882425 -0.653847
28  11.691992 0.000242 0.000855  0.141447 0.000056 -1.628682
29  11.479333 -0.000875 0.000957  -1.228905 0.285136 0.770684
30  3.859436 -0.132787 1.193062  0.466149 -0.051826 -1.783918
31  1.312559 0.000026 0.000000  -0.013965 -0.041044 -0.156447
32  0.729345 0.000066 -0.000028  -0.128320 -0.117290 -0.954857
33  3.942047 0.050109 0.430997  0.211501 -0.107596 -1.469120
34  1.539097 0.000011 -0.000001  0.040712 -0.054386 -1.030469
35  1.196299 0.000075 -0.000003  -0.249391 -0.043040 -0.795120
36  3.883411 -0.050501 -0.431087  0.186407 -0.271796 -1.212184
37  1.719564 -0.000080 -0.000003  0.020974 -0.107650 -1.483528
38  1.209197 0.000035 0.000011  -0.324719 0.069674 -0.493483
39  3.859586 -0.149111 -1.331323  -0.094938 -0.084955 -0.411363
40  1.719411 -0.000099 -0.000035  -0.011248 0.001677 -0.960922
41  1.099673 0.000025 0.000006  -0.004984 -0.008084 -0.787926
42  0.805979 -0.359853 -1.318338  0.991670 0.166767 -0.799535
43  1.789780 -0.000009 -0.000042  0.000057 -0.002451 0.133097
44  1.206997 -0.000007 0.000005  0.000372 -0.000070 1.058782
45  5.740574 0.000054 0.000723  0.142093 -0.000014 0.000021
46  11.480812 -0.000139 0.000941  0.051210 0.056383 0.130579
47  6.027514 -0.000273 -0.000238  -0.987010 -0.388281 -1.704338
48  -0.000003 11.691975 -0.000006  -1.105193 0.548692 0.856267
49  0.000003 -0.000001 -0.000000  2.413975 -0.000041 1.570856
50  -0.000008 -0.000015 0.000005  2.272644 -0.000030 1.570865
51  -4.029927 -5.683368 -5.838304  -0.129928 -2.969716 1.488992
52  0.000000 0.000000 -0.000000  0.008153 -0.000259 0.000009
53  0.000000 0.000001 0.000000  1.565115 0.043565 -0.106862
54  -0.565308 -20.803608 -4.766840  -0.895866 0.100789 -1.807455
55  -0.000003 -0.000000 -0.000000  0.000000 -0.000000 -0.000002
56  0.000028 0.000029 0.000001  -1.571901 -0.044449 -0.106509
57  7.202790 -19.259499 -17.055128  1.570796 -0.000000 0.000000
58  -15.417985 4.000748 -22.641926  1.570796 -0.000000 0.000000
59  2.236387 -2.421983 -5.367696  1.570796 -0.000000 0.000000
60  -0.004311 0.001230 -0.000371  0.006898 -0.005534 -0.284229
61  0.826810 10.209643 -4.879054  1.570796 -0.000000 0.000000
62  0.000000 0.000000 0.000000  -0.078727 -3.136056 0.284226
63  0.000000 0.000000 0.000000  1.570796 -0.000000 0.000000
64  -2.535900 -12.650944 -1.580516  1.549086 0.053723 0.014481
65  -0.109378 -1.951951 -1.519205  -0.000000 0.000000 0.000000
66  -0.109379 0.057027 25.399252  -0.000000 0.000000 0.000000
67  -0.109378 -1.856732 0.287229  -0.000000 0.000000 0.000000
68  -0.104047 -4.495923 7.879278  -0.000000 0.000000 0.000000
69  -0.195264 4.332631 -6.347188  -0.000000 0.000000 0.000000
70  -1.290112 3.693284 8.579670  0.022713 -0.014049 -0.017451
71  -0.109855 -1.345264 4.822540  -0.000000 0.000000 0.000000
72  -1.107528 -1.063453 4.061647  -0.000000 0.000000 0.000000
73  0.003659 1.612363 10.733981  -0.000000 -0.000000 -0.000000
74  -2.568190 -17.746719 -1.452356  1.549086 0.053723 0.014481
end
