version 1
nodes
0 "ValveBiped.Bip01_Spine4" -1
1 "ValveBiped.Bip01_L_Clavicle" 0
2 "ValveBiped.Bip01_L_UpperArm" 1
3 "ValveBiped.Bip01_L_Forearm" 2
4 "ValveBiped.Bip01_L_Hand" 3
5 "ValveBiped.Bip01_L_Finger4" 4
6 "ValveBiped.Bip01_L_Finger41" 5
7 "ValveBiped.Bip01_L_Finger42" 6
8 "ValveBiped.Bip01_L_Finger3" 4
9 "ValveBiped.Bip01_L_Finger31" 8
10 "ValveBiped.Bip01_L_Finger32" 9
11 "ValveBiped.Bip01_L_Finger2" 4
12 "ValveBiped.Bip01_L_Finger21" 11
13 "ValveBiped.Bip01_L_Finger22" 12
14 "ValveBiped.Bip01_L_Finger1" 4
15 "ValveBiped.Bip01_L_Finger11" 14
16 "ValveBiped.Bip01_L_Finger12" 15
17 "ValveBiped.Bip01_L_Finger0" 4
18 "ValveBiped.Bip01_L_Finger01" 17
19 "ValveBiped.Bip01_L_Finger02" 18
20 "ValveBiped.Bip01_L_Ulna" 3
21 "ValveBiped.Bip01_L_Wrist" 3
22 "rig_l_upperarm" 1
23 "rig_l_forearm" 22
24 "rig_d_l_forearm" 23
25 "rig_d_l_upperarm" 22
26 "ValveBiped.Bip01_R_Clavicle" 0
27 "ValveBiped.Bip01_R_UpperArm" 26
28 "ValveBiped.Bip01_R_Forearm" 27
29 "ValveBiped.Bip01_R_Hand" 28
30 "ValveBiped.Bip01_R_Finger4" 29
31 "ValveBiped.Bip01_R_Finger41" 30
32 "ValveBiped.Bip01_R_Finger42" 31
33 "ValveBiped.Bip01_R_Finger3" 29
34 "ValveBiped.Bip01_R_Finger31" 33
35 "ValveBiped.Bip01_R_Finger32" 34
36 "ValveBiped.Bip01_R_Finger2" 29
37 "ValveBiped.Bip01_R_Finger21" 36
38 "ValveBiped.Bip01_R_Finger22" 37
39 "ValveBiped.Bip01_R_Finger1" 29
40 "ValveBiped.Bip01_R_Finger11" 39
41 "ValveBiped.Bip01_R_Finger12" 40
42 "ValveBiped.Bip01_R_Finger0" 29
43 "ValveBiped.Bip01_R_Finger01" 42
44 "ValveBiped.Bip01_R_Finger02" 43
45 "ValveBiped.Bip01_R_Ulna" 28
46 "ValveBiped.Bip01_R_Wrist" 28
47 "rig_r_upperarm" 26
48 "rig_r_forearm" 47
49 "rig_d_r_forearm" 48
50 "rig_d_r_upperarm" 47
51 "rig_r_hand" -1
52 "rig_d_r_hand" 51
53 "rig_d_r_wrist" 52
54 "rig_l_hand" -1
55 "rig_d_l_hand" 54
56 "rig_d_l_wrist" 54
57 "rig_l_pole" -1
58 "rig_r_pole" -1
59 "rig_l_clavicle" -1
60 "rig_d_l_clavicle" 59
61 "rig_r_clavicle" -1
62 "rig_d_r_clavicle" 61
63 "Camera" -1
64 "body" -1
65 "trigger" 64
66 "barrel" 64
67 "bulletdoor" 64
68 "pump" 64
69 "bolt" 68
70 "tac" 68
71 "bullet2" 64
72 "catch" 64
73 "hookontop" 64
74 "bullet1" -1
end
skeleton
time 0
0  0.000006 0.000000 0.000000  -1.570800 -1.391899 -1.570792
1  2.033349 1.000767 1.937657  -1.544960 -1.855077 -0.198626
2  6.027515 -0.000326 0.000204  -1.583281 0.045956 -0.585171
3  11.692120 0.000528 -0.000741  -0.000018 -0.000000 -0.056697
4  11.481219 0.000216 -0.000752  1.576890 -0.106581 0.041970
5  3.859509 -0.142883 -1.192049  -0.468164 0.151540 -0.880272
6  1.312589 0.000013 0.000007  -0.000026 0.000045 -0.439738
7  0.729353 0.000051 0.000049  0.000017 0.000021 -0.244318
8  3.942146 0.046269 -0.431512  -0.151810 0.073212 -0.811101
9  1.539109 0.000083 0.000005  -0.000007 0.000021 -0.247841
10  1.196331 0.000143 0.000029  0.000012 0.000019 -0.430771
11  3.883508 -0.047272 0.431381  0.085898 0.021851 -0.587925
12  1.719575 -0.000028 0.000015  0.000015 0.005519 -0.366533
13  1.209179 0.000091 0.000012  0.000004 0.003092 -0.216437
14  3.859662 -0.138478 1.332410  0.354468 -0.042725 -0.531804
15  1.719453 -0.000009 0.000021  0.000029 0.004070 -0.363021
16  1.099675 0.000047 0.000006  0.000003 0.002579 -0.244381
17  0.805995 -0.349054 1.321254  -1.222687 -0.679194 -0.788886
18  1.789818 -0.000004 -0.000018  0.000012 -0.000024 0.228522
19  1.207011 -0.000013 -0.000045  0.000002 -0.000008 0.362858
20  5.740637 0.000410 -0.000702  0.003119 0.000003 0.000071
21  11.481257 0.000262 -0.000831  0.004951 0.000185 -0.001480
22  6.027524 -0.000330 0.000203  0.059584 -2.453119 -2.193916
23  0.000001 11.692101 -0.000006  -0.043310 -0.000838 -0.036607
24  0.000003 0.000009 0.000001  0.868996 -0.000031 1.570739
25  -0.000000 -0.000012 -0.000001  0.868957 0.000002 1.570712
26  2.033355 1.000772 -1.937609  1.473131 1.855076 -0.198627
27  6.027508 -0.000258 -0.000237  1.639678 -0.005938 -0.586605
28  11.691988 0.000145 0.000867  -0.000046 -0.000001 -0.056062
29  11.481175 0.000050 0.000829  -1.565092 0.106516 0.042004
30  3.859437 -0.132786 1.193062  0.466291 -0.158048 -0.878829
31  1.312561 0.000025 -0.000001  0.000011 -0.000044 -0.439710
32  0.729343 0.000065 -0.000028  -0.000023 -0.000019 -0.244285
33  3.942049 0.050108 0.430997  0.150090 -0.079180 -0.810199
34  1.539095 0.000009 -0.000000  0.000010 -0.000008 -0.247820
35  1.196298 0.000074 -0.000003  -0.000007 -0.000009 -0.430783
36  3.883413 -0.050504 -0.431087  -0.085915 -0.026391 -0.587671
37  1.719565 -0.000079 -0.000003  -0.000006 -0.007962 -0.366483
38  1.209196 0.000035 0.000011  0.000002 -0.004460 -0.216413
39  3.859587 -0.149112 -1.331323  -0.354446 0.038580 -0.531963
40  1.719414 -0.000101 -0.000035  -0.000028 -0.006585 -0.363032
41  1.099673 0.000024 0.000006  0.000004 -0.004187 -0.244346
42  0.805980 -0.359856 -1.318338  1.221444 0.673631 -0.793566
43  1.789782 -0.000009 -0.000044  -0.000028 0.000031 0.228552
44  1.206996 -0.000006 0.000005  -0.000017 0.000020 0.362911
45  5.740572 0.000055 0.000723  0.002082 -0.000014 0.000021
46  11.481179 0.000045 0.000935  -0.000025 -0.000087 -0.001749
47  6.027515 -0.000273 -0.000237  0.007374 -0.632955 -2.161837
48  -0.000000 11.691975 -0.000006  -0.042810 0.000798 0.036188
49  0.000003 -0.000003 -0.000000  2.272569 -0.000041 1.570856
50  -0.000007 -0.000015 0.000005  2.272644 -0.000030 1.570865
51  -22.676567 -0.984331 -17.554111  -1.605366 2.379717 -0.041994
52  0.000001 0.000002 -0.000000  0.008153 -0.000259 0.000009
53  -0.000000 -0.000001 0.000000  1.565115 0.043565 -0.106862
54  22.676517 -0.984221 -17.554199  1.605712 0.761853 0.042358
55  0.000001 -0.000003 -0.000000  0.000000 -0.000000 -0.000002
56  0.000032 0.000027 0.000001  -1.571901 -0.044449 -0.106509
57  15.265023 8.339654 -8.787539  1.570796 -0.000000 0.000000
58  -15.265000 8.339654 -8.787539  1.570796 -0.000000 0.000000
59  1.941978 -1.346989 1.821586  1.570796 -0.000000 0.000000
60  -0.004311 0.001230 -0.000371  0.006898 -0.005534 -0.284229
61  -1.937603 -1.346625 1.822824  1.570796 -0.000000 0.000000
62  0.000000 0.000000 0.000000  -0.078727 -3.136056 0.284226
63  0.000000 0.000000 0.000000  1.570796 -0.000000 0.000000
64  -3.258810 -12.631968 -3.682181  1.570796 -0.000000 0.000000
65  -0.109379 -1.951951 -1.519205  0.000000 -0.000000 0.000000
66  -0.109379 0.057027 25.399252  0.000000 -0.000000 0.000000
67  -0.109379 -1.856732 0.287230  0.000000 -0.000000 0.000000
68  -0.104048 -4.495923 7.879276  0.000000 -0.000000 0.000000
69  -0.195264 4.332630 -6.347187  0.000000 -0.000000 0.000000
70  -1.052893 4.470086 6.958893  0.000000 -0.000000 0.000000
71  -0.104049 -1.582848 2.554636  0.000000 -0.000000 0.000000
72  -1.107528 -1.063453 4.061647  0.000000 -0.000000 0.000000
73  0.003659 1.612363 10.733982  0.000000 -0.000000 0.000000
74  -3.362859 -12.987121 -5.265029  1.570796 -0.000000 0.000000
end
triangles
lowpoly_plastic
0  -4.131190 -19.546257 -5.181637  -0.797659 -0.000010 -0.603109  0.064370 0.664198 1 64 1.000000
0  -3.702034 -19.463917 -5.749250  -0.797680 0.000020 -0.603081  0.064370 0.664198 1 64 1.000000
0  -3.702036 -19.546261 -5.749250  -0.797676 0.000013 -0.603087  0.064370 0.664198 1 64 1.000000
lowpoly_plastic
0  -3.702036 -19.546261 -5.749250  0.000002 0.000000 -1.000000  0.064370 0.664198 1 64 1.000000
0  -3.546437 -19.463915 -5.749250  -0.000000 0.000000 -1.000000  0.064370 0.664198 1 64 1.000000
0  -3.546439 -19.546259 -5.749250  -0.000001 0.000000 -1.000000  0.064370 0.664198 1 64 1.000000
lowpoly_plastic
0  -4.131190 -19.546257 -5.181637  -1.000000 -0.000013 0.000000  0.064370 0.664198 1 64 1.000000
0  -4.131194 -19.463917 -4.165145  -1.000000 -0.000067 0.000000  0.064370 0.664198 1 64 1.000000
0  -4.131194 -19.463917 -5.181637  -1.000000 -0.000046 0.000000  0.064370 0.664198 1 64 1.000000
lowpoly_plastic
0  -4.131194 -19.463917 -4.165145  -0.000206 -1.000000 -0.000001  0.075349 0.627009 1 64 1.000000
0  -4.149724 -19.463913 -5.179889  -0.000206 -1.000000 -0.000000  0.075349 0.627009 1 64 1.000000
0  -4.131194 -19.463917 -5.181637  -0.000184 -1.000000 -0.000069  0.075349 0.627009 1 64 1.000000
lowpoly_plastic
0  -4.131194 -19.463917 -5.181637  -0.000184 -1.000000 -0.000069  0.075349 0.627009 1 64 1.000000
0  -4.149724 -19.463913 -5.188522  -0.000184 -1.000000 -0.000072  0.075349 0.627009 1 64 1.000000
0  -3.712443 -19.463917 -5.759870  0.000039 -1.000000 -0.000083  0.075349 0.627009 1 64 1.000000
lowpoly_plastic
0  -4.131193 -19.710947 -4.165145  -1.000000 0.000021 0.000000  0.064370 0.664198 1 64 1.000000
0  -4.131191 -19.628603 -5.181637  -1.000000 0.000022 0.000000  0.064370 0.664198 1 64 1.000000
0  -4.131193 -19.710947 -5.181637  -1.000000 0.000023 0.000000  0.064370 0.664198 1 64 1.000000
lowpoly_plastic
0  -4.131191 -19.628603 -4.066411  -1.000000 0.000028 0.000000  0.064370 0.664198 1 64 1.000000
0  -4.131190 -19.546257 -5.181637  -1.000000 -0.000013 0.000000  0.064370 0.664198 1 64 1.000000
0  -4.131191 -19.628603 -5.181637  -1.000000 0.000022 0.000000  0.064370 0.664198 1 64 1.000000
lowpoly_plastic
0  -3.702036 -19.710943 -5.749250  0.000004 -0.000007 -1.000000  0.064370 0.664198 1 64 1.000000
0  -3.546435 -19.628599 -5.749250  0.000002 -0.000008 -1.000000  0.064370 0.664198 1 64 1.000000
0  -3.546436 -19.710945 -5.749248  0.000014 -0.000023 -1.000000  0.064370 0.664198 1 64 1.000000
lowpoly_plastic
0  -3.702036 -19.628607 -5.749250  0.000000 0.000000 -1.000000  0.064370 0.664198 1 64 1.000000
0  -3.546439 -19.546259 -5.749250  -0.000001 0.000000 -1.000000  0.064370 0.664198 1 64 1.000000
0  -3.546435 -19.628599 -5.749250  0.000002 -0.000008 -1.000000  0.064370 0.664198 1 64 1.000000
lowpoly_plastic
0  -4.131193 -19.710947 -5.181637  -0.797677 0.000015 -0.603086  0.064370 0.664198 1 64 1.000000
0  -3.702036 -19.628607 -5.749250  -0.797668 0.000001 -0.603097  0.064370 0.664198 1 64 1.000000
0  -3.702036 -19.710943 -5.749250  -0.797664 0.000000 -0.603102  0.064370 0.664198 1 64 1.000000
lowpoly_plastic
0  -4.131191 -19.628603 -5.181637  -0.797666 0.000016 -0.603100  0.064370 0.664198 1 64 1.000000
0  -3.702036 -19.546261 -5.749250  -0.797676 0.000013 -0.603087  0.064370 0.664198 1 64 1.000000
0  -3.702036 -19.628607 -5.749250  -0.797668 0.000001 -0.603097  0.064370 0.664198 1 64 1.000000
lowpoly_plastic
0  -4.131190 -20.020554 -5.181637  -0.797678 -0.000009 -0.603084  0.064370 0.664198 1 64 1.000000
0  -3.702034 -19.938213 -5.749250  -0.797668 0.000001 -0.603097  0.064370 0.664198 1 64 1.000000
0  -3.702034 -20.020550 -5.749250  -0.797671 -0.000006 -0.603093  0.064370 0.664198 1 64 1.000000
lowpoly_plastic
0  -3.702034 -20.020550 -5.749250  -0.000000 -0.000012 -1.000000  0.064370 0.664198 1 64 1.000000
0  -3.546433 -19.938208 -5.749250  -0.000000 0.000000 -1.000000  0.064370 0.664198 1 64 1.000000
0  -3.546434 -20.020554 -5.749250  0.000000 -0.000012 -1.000000  0.064370 0.664198 1 64 1.000000
lowpoly_plastic
0  -4.131190 -20.020554 -5.181637  -1.000000 -0.000003 -0.000002  0.064370 0.664198 1 64 1.000000
0  -4.131188 -19.938211 -4.165145  -1.000000 0.000030 0.000000  0.064370 0.664198 1 64 1.000000
0  -4.131189 -19.938211 -5.181637  -1.000000 0.000023 0.000000  0.064370 0.664198 1 64 1.000000
lowpoly_plastic
0  -4.131188 -19.938211 -4.165145  0.000000 -1.000000 -0.000000  0.075349 0.627009 1 64 1.000000
0  -4.149726 -19.938211 -5.179889  0.000000 -1.000000 -0.000000  0.075349 0.627009 1 64 1.000000
0  -4.131189 -19.938211 -5.181637  -0.000001 -1.000000 -0.000002  0.075349 0.627009 1 64 1.000000
lowpoly_plastic
0  -4.131189 -19.938211 -5.181637  -0.000001 -1.000000 -0.000002  0.075349 0.627009 1 64 1.000000
0  -4.149726 -19.938211 -5.188522  0.000000 -1.000000 0.000000  0.075349 0.627009 1 64 1.000000
0  -3.712439 -19.938210 -5.759870  -0.000165 -1.000000 -0.000281  0.075349 0.627009 1 64 1.000000
lowpoly_plastic
0  -4.131186 -20.185242 -4.165145  -1.000000 -0.000090 -0.000005  0.064370 0.664198 1 64 1.000000
0  -4.131187 -20.102896 -5.181637  -1.000000 -0.000015 -0.000003  0.064370 0.664198 1 64 1.000000
0  -4.131187 -20.185242 -5.181635  -1.000000 0.000006 0.000000  0.064370 0.664198 1 64 1.000000
lowpoly_plastic
0  -4.131193 -20.102900 -4.066411  -1.000000 -0.000009 -0.000002  0.064370 0.664198 1 64 1.000000
0  -4.131190 -20.020554 -5.181637  -1.000000 -0.000003 -0.000002  0.064370 0.664198 1 64 1.000000
0  -4.131187 -20.102896 -5.181637  -1.000000 -0.000015 -0.000003  0.064370 0.664198 1 64 1.000000
lowpoly_plastic
0  -3.702037 -20.185238 -5.749248  0.000000 0.000000 -1.000000  0.064370 0.664198 1 64 1.000000
0  -3.546436 -20.102896 -5.749248  0.000000 -0.000012 -1.000000  0.064370 0.664198 1 64 1.000000
0  -3.546439 -20.185244 -5.749248  0.000000 0.000000 -1.000000  0.064370 0.664198 1 64 1.000000
lowpoly_plastic
0  -3.546436 -20.102896 -5.749248  0.000000 -0.000012 -1.000000  0.064370 0.664198 1 64 1.000000
0  -3.702034 -20.020550 -5.749250  -0.000000 -0.000012 -1.000000  0.064370 0.664198 1 64 1.000000
0  -3.546434 -20.020554 -5.749250  0.000000 -0.000012 -1.000000  0.064370 0.664198 1 64 1.000000
lowpoly_plastic
0  -4.131187 -20.185242 -5.181635  -0.797668 -0.000006 -0.603097  0.064370 0.664198 1 64 1.000000
0  -3.702034 -20.102894 -5.749248  -0.797673 0.000005 -0.603090  0.064370 0.664198 1 64 1.000000
0  -3.702037 -20.185238 -5.749248  -0.797671 0.000024 -0.603093  0.064370 0.664198 1 64 1.000000
lowpoly_plastic
0  -4.131187 -20.102896 -5.181637  -0.797669 -0.000020 -0.603095  0.064370 0.664198 1 64 1.000000
0  -3.702034 -20.020550 -5.749250  -0.797671 -0.000006 -0.603093  0.064370 0.664198 1 64 1.000000
0  -3.702034 -20.102894 -5.749248  -0.797673 0.000005 -0.603090  0.064370 0.664198 1 64 1.000000
lowpoly_plastic
0  -4.131186 -20.494848 -5.181635  -0.797663 -0.000010 -0.603104  0.064370 0.664198 1 64 1.000000
0  -3.702034 -20.412500 -5.749248  -0.797677 0.000019 -0.603085  0.064370 0.664198 1 64 1.000000
0  -3.702036 -20.494846 -5.749248  -0.797677 0.000017 -0.603085  0.064370 0.664198 1 64 1.000000
lowpoly_plastic
0  -3.546436 -20.494850 -5.749248  0.000000 0.000000 -1.000000  0.064370 0.664198 1 64 1.000000
0  -3.702034 -20.412500 -5.749248  0.000000 0.000000 -1.000000  0.064370 0.664198 1 64 1.000000
0  -3.546435 -20.412506 -5.749248  0.000001 0.000000 -1.000000  0.064370 0.664198 1 64 1.000000
lowpoly_plastic
0  -4.131186 -20.494848 -5.181635  -1.000000 -0.000018 0.000000  0.064370 0.664198 1 64 1.000000
0  -4.131191 -20.412506 -4.165145  -1.000000 -0.000071 0.000000  0.064370 0.664198 1 64 1.000000
0  -4.131192 -20.412506 -5.181635  -1.000000 -0.000068 0.000000  0.064370 0.664198 1 64 1.000000
lowpoly_plastic
0  -4.131191 -20.412506 -4.165145  -0.000103 -1.000000 -0.000002  0.075349 0.627009 1 64 1.000000
0  -4.149722 -20.412504 -5.179887  -0.000103 -1.000000 0.000002  0.075349 0.627009 1 64 1.000000
0  -4.131192 -20.412506 -5.181635  -0.000090 -1.000000 0.000003  0.075349 0.627009 1 64 1.000000
lowpoly_plastic
0  -4.131192 -20.412506 -5.181635  -0.000090 -1.000000 0.000003  0.075349 0.627009 1 64 1.000000
0  -4.149722 -20.412504 -5.188522  -0.000092 -1.000000 0.000000  0.075349 0.627009 1 64 1.000000
0  -3.712441 -20.412508 -5.759870  0.000492 -1.000000 0.000222  0.075349 0.627009 1 64 1.000000
lowpoly_plastic
0  -4.131193 -20.659531 -4.165145  -1.000000 0.000062 0.000000  0.064370 0.664198 1 64 1.000000
0  -4.131189 -20.577194 -5.181635  -1.000000 0.000039 0.000000  0.064370 0.664198 1 64 1.000000
0  -4.131194 -20.659531 -5.181635  -1.000000 0.000046 0.000000  0.064370 0.664198 1 64 1.000000
lowpoly_plastic
0  -4.131188 -20.577194 -4.066411  -1.000000 0.000048 0.000000  0.064370 0.664198 1 64 1.000000
0  -4.131186 -20.494848 -5.181635  -1.000000 -0.000018 0.000000  0.064370 0.664198 1 64 1.000000
0  -4.131189 -20.577194 -5.181635  -1.000000 0.000039 0.000000  0.064370 0.664198 1 64 1.000000
lowpoly_plastic
0  -3.702032 -20.659531 -5.749248  -0.000000 0.000000 -1.000000  0.064370 0.664198 1 64 1.000000
0  -3.546442 -20.577188 -5.749248  -0.000000 0.000000 -1.000000  0.064370 0.664198 1 64 1.000000
0  -3.546437 -20.659531 -5.749248  0.000000 0.000000 -1.000000  0.064370 0.664198 1 64 1.000000
lowpoly_plastic
0  -3.702037 -20.577192 -5.749248  -0.000000 0.000000 -1.000000  0.064370 0.664198 1 64 1.000000
0  -3.546436 -20.494850 -5.749248  0.000000 0.000000 -1.000000  0.064370 0.664198 1 64 1.000000
0  -3.546442 -20.577188 -5.749248  -0.000000 0.000000 -1.000000  0.064370 0.664198 1 64 1.000000
lowpoly_plastic
0  -4.131194 -20.659531 -5.181635  -0.797666 0.000041 -0.603099  0.064370 0.664198 1 64 1.000000
0  -3.702037 -20.577192 -5.749248  -0.797672 -0.000021 -0.603092  0.064370 0.664198 1 64 1.000000
0  -3.702032 -20.659531 -5.749248  -0.797668 -0.000057 -0.603097  0.064370 0.664198 1 64 1.000000
lowpoly_plastic
0  -4.131189 -20.577194 -5.181635  -0.797667 0.000036 -0.603098  0.064370 0.664198 1 64 1.000000
0  -3.702036 -20.494846 -5.749248  -0.797677 0.000017 -0.603085  0.064370 0.664198 1 64 1.000000
0  -3.702037 -20.577192 -5.749248  -0.797672 -0.000021 -0.603092  0.064370 0.664198 1 64 1.000000
lowpoly_plastic
0  -4.131192 -20.969139 -5.181635  -0.797668 0.000031 -0.603097  0.064370 0.664198 1 64 1.000000
0  -3.702035 -20.886799 -5.749248  -0.797678 0.000011 -0.603084  0.064370 0.664198 1 64 1.000000
0  -3.702036 -20.969143 -5.749248  -0.797674 -0.000014 -0.603089  0.064370 0.664198 1 64 1.000000
lowpoly_plastic
0  -3.702036 -20.969143 -5.749248  -0.000000 0.000000 -1.000000  0.064370 0.664198 1 64 1.000000
0  -3.546436 -20.886801 -5.749248  0.000000 0.000000 -1.000000  0.064370 0.664198 1 64 1.000000
0  -3.546435 -20.969137 -5.749248  -0.000000 0.000000 -1.000000  0.064370 0.664198 1 64 1.000000
lowpoly_plastic
0  -4.131192 -20.969139 -5.181635  -1.000000 0.000043 -0.000001  0.064370 0.664198 1 64 1.000000
0  -4.131190 -20.886795 -4.165145  -1.000000 -0.000002 0.000000  0.064370 0.664198 1 64 1.000000
0  -4.131187 -20.886801 -5.181635  -1.000000 0.000068 -0.000003  0.064370 0.664198 1 64 1.000000
lowpoly_plastic
0  -4.131190 -20.886795 -4.165145  -0.000003 -1.000000 0.000003  0.075349 0.627009 1 64 1.000000
0  -4.149727 -20.886795 -5.179887  -0.000307 -1.000000 0.000003  0.075349 0.627009 1 64 1.000000
0  -4.131187 -20.886801 -5.181635  -0.000275 -1.000000 -0.000067  0.075349 0.627009 1 64 1.000000
lowpoly_plastic
0  -4.131187 -20.886801 -5.181635  -0.000275 -1.000000 -0.000067  0.075349 0.627009 1 64 1.000000
0  -4.149727 -20.886795 -5.188522  -0.000274 -1.000000 -0.000072  0.075349 0.627009 1 64 1.000000
0  -3.712446 -20.886797 -5.759870  -0.000184 -1.000000 -0.000083  0.075349 0.627009 1 64 1.000000
lowpoly_plastic
0  -4.131188 -21.133825 -4.165145  -1.000000 -0.000052 0.000000  0.064370 0.664198 1 64 1.000000
0  -4.131194 -21.051483 -5.181635  -1.000000 -0.000023 0.000000  0.064370 0.664198 1 64 1.000000
0  -4.131189 -21.133825 -5.181635  -1.000000 -0.000068 0.000000  0.064370 0.664198 1 64 1.000000
lowpoly_plastic
0  -4.131193 -21.051483 -4.066411  -1.000000 0.000005 0.000000  0.064370 0.664198 1 64 1.000000
0  -4.131192 -20.969139 -5.181635  -1.000000 0.000043 -0.000001  0.064370 0.664198 1 64 1.000000
0  -4.131194 -21.051483 -5.181635  -1.000000 -0.000023 0.000000  0.064370 0.664198 1 64 1.000000
lowpoly_plastic
0  -3.702038 -21.133821 -5.749248  -0.000000 0.000000 -1.000000  0.064370 0.664198 1 64 1.000000
0  -3.546437 -21.051481 -5.749248  -0.000000 0.000000 -1.000000  0.064370 0.664198 1 64 1.000000
0  -3.546437 -21.133827 -5.749248  0.000000 0.000000 -1.000000  0.064370 0.664198 1 64 1.000000
lowpoly_plastic
0  -3.702033 -21.051485 -5.749248  -0.000000 0.000000 -1.000000  0.064370 0.664198 1 64 1.000000
0  -3.546435 -20.969137 -5.749248  -0.000000 0.000000 -1.000000  0.064370 0.664198 1 64 1.000000
0  -3.546437 -21.051481 -5.749248  -0.000000 0.000000 -1.000000  0.064370 0.664198 1 64 1.000000
lowpoly_plastic
0  -4.131189 -21.133825 -5.181635  -0.797671 -0.000034 -0.603093  0.064370 0.664198 1 64 1.000000
0  -3.702033 -21.051485 -5.749248  -0.797672 0.000005 -0.603092  0.064370 0.664198 1 64 1.000000
0  -3.702038 -21.133821 -5.749248  -0.797673 0.000057 -0.603090  0.064370 0.664198 1 64 1.000000
lowpoly_plastic
0  -4.131194 -21.051483 -5.181635  -0.797667 -0.000014 -0.603099  0.064370 0.664198 1 64 1.000000
0  -3.702036 -20.969143 -5.749248  -0.797674 -0.000014 -0.603089  0.064370 0.664198 1 64 1.000000
0  -3.702033 -21.051485 -5.749248  -0.797672 0.000005 -0.603092  0.064370 0.664198 1 64 1.000000
lowpoly_plastic
0  -4.131194 -21.443436 -5.181635  -0.797680 -0.000014 -0.603080  0.064370 0.664198 1 64 1.000000
0  -3.702036 -21.361094 -5.749248  -0.797651 -0.000037 -0.603119  0.064370 0.664198 1 64 1.000000
0  -3.702033 -21.443436 -5.749248  -0.797654 -0.000007 -0.603115  0.064370 0.664198 1 64 1.000000
lowpoly_plastic
0  -3.702033 -21.443436 -5.749248  -0.000000 0.000000 -1.000000  0.064370 0.664198 1 64 1.000000
0  -3.546435 -21.361090 -5.749248  -0.000000 0.000000 -1.000000  0.064370 0.664198 1 64 1.000000
0  -3.546437 -21.443434 -5.749248  -0.000003 0.000004 -1.000000  0.064370 0.664198 1 64 1.000000
lowpoly_plastic
0  -4.131194 -21.443436 -5.181635  -1.000000 -0.000019 0.000000  0.064370 0.664198 1 64 1.000000
0  -4.131191 -21.361090 -4.165145  -1.000000 0.000024 0.000000  0.064370 0.664198 1 64 1.000000
0  -4.131192 -21.361090 -5.181635  -1.000000 0.000023 0.000000  0.064370 0.664198 1 64 1.000000
lowpoly_plastic
0  -4.131191 -21.361090 -4.165145  0.000103 -1.000000 0.000001  0.075349 0.627009 1 64 1.000000
0  -4.149728 -21.361092 -5.179887  0.000103 -1.000000 0.000000  0.075349 0.627009 1 64 1.000000
0  -4.131192 -21.361090 -5.181635  0.000091 -1.000000 0.000000  0.075349 0.627009 1 64 1.000000
lowpoly_plastic
0  -4.131192 -21.361090 -5.181635  0.000091 -1.000000 0.000000  0.075349 0.627009 1 64 1.000000
0  -4.149728 -21.361092 -5.188522  0.000092 -1.000000 0.000000  0.075349 0.627009 1 64 1.000000
0  -3.712441 -21.361090 -5.759870  -0.000125 -1.000000 -0.000237  0.075349 0.627009 1 64 1.000000
lowpoly_plastic
0  -4.131189 -21.608120 -4.165145  -1.000000 0.000020 0.000000  0.064370 0.664198 1 64 1.000000
0  -4.131189 -21.525776 -5.181635  -1.000000 -0.000031 0.000000  0.064370 0.664198 1 64 1.000000
0  -4.131190 -21.608120 -5.181635  -1.000000 0.000000 0.000000  0.064370 0.664198 1 64 1.000000
lowpoly_plastic
0  -4.131188 -21.525776 -4.066411  -1.000000 -0.000030 0.000000  0.064370 0.664198 1 64 1.000000
0  -4.131194 -21.443436 -5.181635  -1.000000 -0.000019 0.000000  0.064370 0.664198 1 64 1.000000
0  -4.131189 -21.525776 -5.181635  -1.000000 -0.000031 0.000000  0.064370 0.664198 1 64 1.000000
lowpoly_plastic
0  -3.546434 -21.608118 -5.749249  -0.000006 -0.000000 -1.000000  0.064370 0.664198 1 64 1.000000
0  -3.702036 -21.525774 -5.749248  -0.000005 0.000002 -1.000000  0.064370 0.664198 1 64 1.000000
0  -3.546437 -21.525778 -5.749249  -0.000007 0.000006 -1.000000  0.064370 0.664198 1 64 1.000000
lowpoly_plastic
0  -3.702036 -21.525774 -5.749248  -0.000005 0.000002 -1.000000  0.064370 0.664198 1 64 1.000000
0  -3.546437 -21.443434 -5.749248  -0.000003 0.000004 -1.000000  0.064370 0.664198 1 64 1.000000
0  -3.546437 -21.525778 -5.749249  -0.000007 0.000006 -1.000000  0.064370 0.664198 1 64 1.000000
lowpoly_plastic
0  -4.131190 -21.608120 -5.181635  -0.797677 0.000009 -0.603085  0.064370 0.664198 1 64 1.000000
0  -3.702036 -21.525774 -5.749248  -0.797667 0.000028 -0.603099  0.064370 0.664198 1 64 1.000000
0  -3.702038 -21.608118 -5.749248  -0.797675 0.000024 -0.603087  0.064370 0.664198 1 64 1.000000
lowpoly_plastic
0  -4.131189 -21.525776 -5.181635  -0.797678 -0.000014 -0.603084  0.064370 0.664198 1 64 1.000000
0  -3.702033 -21.443436 -5.749248  -0.797654 -0.000007 -0.603115  0.064370 0.664198 1 64 1.000000
0  -3.702036 -21.525774 -5.749248  -0.797667 0.000028 -0.603099  0.064370 0.664198 1 64 1.000000
lowpoly_plastic
0  -4.131190 -21.917728 -5.181635  -0.797656 -0.000013 -0.603112  0.064370 0.664198 1 64 1.000000
0  -3.702035 -21.835382 -5.749249  -0.797667 0.000020 -0.603098  0.064370 0.664198 1 64 1.000000
0  -3.702038 -21.917727 -5.749249  -0.797673 0.000024 -0.603090  0.064370 0.664198 1 64 1.000000
lowpoly_plastic
0  -3.546439 -21.917730 -5.749249  0.000000 0.000000 -1.000000  0.064370 0.664198 1 64 1.000000
0  -3.702035 -21.835382 -5.749249  0.000000 0.000000 -1.000000  0.064370 0.664198 1 64 1.000000
0  -3.546436 -21.835386 -5.749249  0.000000 0.000000 -1.000000  0.064370 0.664198 1 64 1.000000
lowpoly_plastic
0  -4.131190 -21.917728 -5.181635  -1.000000 -0.000012 0.000000  0.064370 0.664198 1 64 1.000000
0  -4.131193 -21.835388 -4.165145  -1.000000 -0.000046 0.000000  0.064370 0.664198 1 64 1.000000
0  -4.131194 -21.835388 -5.181635  -1.000000 -0.000046 0.000000  0.064370 0.664198 1 64 1.000000
lowpoly_plastic
0  -4.131193 -21.835388 -4.165145  -0.000103 -1.000000 0.000002  0.075349 0.627009 1 64 1.000000
0  -4.149723 -21.835386 -5.179887  -0.000103 -1.000000 -0.000002  0.075349 0.627009 1 64 1.000000
0  -4.131194 -21.835388 -5.181635  -0.000090 -1.000000 0.000001  0.075349 0.627009 1 64 1.000000
lowpoly_plastic
0  -4.131194 -21.835388 -5.181635  -0.000090 -1.000000 0.000001  0.075349 0.627009 1 64 1.000000
0  -4.149723 -21.835386 -5.188522  -0.000092 -1.000000 0.000000  0.075349 0.627009 1 64 1.000000
0  -3.712443 -21.835388 -5.759871  0.000430 -1.000000 0.000163  0.075349 0.627009 1 64 1.000000
lowpoly_plastic
0  -4.131192 -22.082417 -4.165146  -1.000000 0.000031 0.000000  0.064370 0.664198 1 64 1.000000
0  -4.131191 -22.000072 -5.181635  -1.000000 0.000020 0.000000  0.064370 0.664198 1 64 1.000000
0  -4.131193 -22.082417 -5.181636  -1.000000 0.000020 0.000000  0.064370 0.664198 1 64 1.000000
lowpoly_plastic
0  -4.131191 -22.000072 -5.181635  -1.000000 0.000020 0.000000  0.064370 0.664198 1 64 1.000000
0  -4.131189 -21.917728 -4.066411  -1.000000 -0.000013 0.000000  0.064370 0.664198 1 64 1.000000
0  -4.131190 -21.917728 -5.181635  -1.000000 -0.000012 0.000000  0.064370 0.664198 1 64 1.000000
lowpoly_plastic
0  -3.702034 -22.082411 -5.749249  0.000000 0.000000 -1.000000  0.064370 0.664198 1 64 1.000000
0  -3.546432 -22.000072 -5.749249  0.000000 0.000000 -1.000000  0.064370 0.664198 1 64 1.000000
0  -3.546440 -22.082411 -5.749249  0.000000 0.000000 -1.000000  0.064370 0.664198 1 64 1.000000
lowpoly_plastic
0  -3.546432 -22.000072 -5.749249  0.000000 0.000000 -1.000000  0.064370 0.664198 1 64 1.000000
0  -3.702038 -21.917727 -5.749249  0.000000 0.000000 -1.000000  0.064370 0.664198 1 64 1.000000
0  -3.546439 -21.917730 -5.749249  0.000000 0.000000 -1.000000  0.064370 0.664198 1 64 1.000000
lowpoly_plastic
0  -4.131193 -22.082417 -5.181636  -0.797679 0.000018 -0.603083  0.064370 0.664198 1 64 1.000000
0  -3.702040 -22.000071 -5.749249  -0.797680 -0.000018 -0.603081  0.064370 0.664198 1 64 1.000000
0  -3.702034 -22.082411 -5.749249  -0.797684 -0.000065 -0.603076  0.064370 0.664198 1 64 1.000000
lowpoly_plastic
0  -3.702040 -22.000071 -5.749249  -0.797680 -0.000018 -0.603081  0.064370 0.664198 1 64 1.000000
0  -4.131190 -21.917728 -5.181635  -0.797656 -0.000013 -0.603112  0.064370 0.664198 1 64 1.000000
0  -3.702038 -21.917727 -5.749249  -0.797673 0.000024 -0.603090  0.064370 0.664198 1 64 1.000000
lowpoly_plastic
0  -3.702038 -22.392023 -5.749249  -0.797672 -0.000014 -0.603092  0.064370 0.664198 1 64 1.000000
0  -4.131188 -22.309681 -5.181636  -0.797673 0.000023 -0.603090  0.064370 0.664198 1 64 1.000000
0  -3.702037 -22.309677 -5.749249  -0.797684 0.000008 -0.603076  0.064370 0.664198 1 64 1.000000
lowpoly_plastic
0  -3.702038 -22.392023 -5.749249  -0.000000 0.000000 -1.000000  0.064370 0.664198 1 64 1.000000
0  -3.546437 -22.309683 -5.749249  0.000000 0.000000 -1.000000  0.064370 0.664198 1 64 1.000000
0  -3.546437 -22.392017 -5.749249  -0.000000 0.000000 -1.000000  0.064370 0.664198 1 64 1.000000
lowpoly_plastic
0  -4.131190 -22.392025 -5.181636  -1.000000 0.000012 0.000000  0.064370 0.664198 1 64 1.000000
0  -4.131187 -22.309681 -4.165146  -1.000000 0.000022 0.000000  0.064370 0.664198 1 64 1.000000
0  -4.131188 -22.309681 -5.181636  -1.000000 0.000023 0.000000  0.064370 0.664198 1 64 1.000000
lowpoly_plastic
0  -4.131187 -22.309681 -4.165146  0.000000 -1.000000 0.000000  0.075349 0.627009 1 64 1.000000
0  -4.149726 -22.309681 -5.179888  0.000000 -1.000000 0.000000  0.075349 0.627009 1 64 1.000000
0  -4.131188 -22.309681 -5.181636  0.000001 -1.000000 -0.000001  0.075349 0.627009 1 64 1.000000
lowpoly_plastic
0  -4.131188 -22.309681 -5.181636  0.000001 -1.000000 -0.000001  0.075349 0.627009 1 64 1.000000
0  -4.149726 -22.309681 -5.188523  0.000001 -1.000000 0.000000  0.075349 0.627009 1 64 1.000000
0  -3.712447 -22.309677 -5.759871  -0.000079 -1.000000 0.000037  0.075349 0.627009 1 64 1.000000
lowpoly_plastic
0  -4.131190 -22.556705 -4.165146  -1.000000 0.000000 0.000000  0.064370 0.664198 1 64 1.000000
0  -4.131191 -22.474371 -5.181636  -1.000000 0.000000 0.000000  0.064370 0.664198 1 64 1.000000
0  -4.131191 -22.556705 -5.181636  -1.000000 0.000000 0.000000  0.064370 0.664198 1 64 1.000000
lowpoly_plastic
0  -4.131190 -22.474371 -4.066412  -1.000000 0.000014 0.000000  0.064370 0.664198 1 64 1.000000
0  -4.131190 -22.392025 -5.181636  -1.000000 0.000012 0.000000  0.064370 0.664198 1 64 1.000000
0  -4.131191 -22.474371 -5.181636  -1.000000 0.000000 0.000000  0.064370 0.664198 1 64 1.000000
lowpoly_plastic
0  -3.702035 -22.556709 -5.749249  -0.000000 0.000000 -1.000000  0.064370 0.664198 1 64 1.000000
0  -3.546439 -22.474361 -5.749249  -0.000000 0.000000 -1.000000  0.064370 0.664198 1 64 1.000000
0  -3.546440 -22.556705 -5.749249  0.000000 0.000000 -1.000000  0.064370 0.664198 1 64 1.000000
lowpoly_plastic
0  -3.702034 -22.474363 -5.749249  -0.000000 0.000000 -1.000000  0.064370 0.664198 1 64 1.000000
0  -3.546437 -22.392017 -5.749249  -0.000000 0.000000 -1.000000  0.064370 0.664198 1 64 1.000000
0  -3.546439 -22.474361 -5.749249  -0.000000 0.000000 -1.000000  0.064370 0.664198 1 64 1.000000
lowpoly_plastic
0  -4.131191 -22.556705 -5.181636  -0.797675 0.000001 -0.603088  0.064370 0.664198 1 64 1.000000
0  -3.702034 -22.474363 -5.749249  -0.797668 -0.000017 -0.603097  0.064370 0.664198 1 64 1.000000
0  -3.702035 -22.556709 -5.749249  -0.797676 0.000008 -0.603086  0.064370 0.664198 1 64 1.000000
lowpoly_plastic
0  -4.131191 -22.474371 -5.181636  -0.797671 0.000002 -0.603092  0.064370 0.664198 1 64 1.000000
0  -3.702038 -22.392023 -5.749249  -0.797672 -0.000014 -0.603092  0.064370 0.664198 1 64 1.000000
0  -3.702034 -22.474363 -5.749249  -0.797668 -0.000017 -0.603097  0.064370 0.664198 1 64 1.000000
lowpoly_plastic
0  -4.131196 -22.866316 -5.181636  -0.797681 -0.000027 -0.603080  0.064370 0.664198 1 64 1.000000
0  -3.702039 -22.783976 -5.749249  -0.797656 -0.000052 -0.603113  0.064370 0.664198 1 64 1.000000
0  -3.702034 -22.866318 -5.749249  -0.797664 -0.000023 -0.603102  0.064370 0.664198 1 64 1.000000
lowpoly_plastic
0  -3.702034 -22.866318 -5.749249  -0.000000 0.000000 -1.000000  0.064370 0.664198 1 64 1.000000
0  -3.546435 -22.783972 -5.749249  -0.000000 0.000000 -1.000000  0.064370 0.664198 1 64 1.000000
0  -3.546436 -22.866316 -5.749249  -0.000000 0.000000 -1.000000  0.064370 0.664198 1 64 1.000000
lowpoly_plastic
0  -4.131196 -22.866316 -5.181636  -1.000000 -0.000025 0.000000  0.064370 0.664198 1 64 1.000000
0  -4.131194 -22.783972 -4.165146  -1.000000 -0.000001 0.000000  0.064370 0.664198 1 64 1.000000
0  -4.131195 -22.783972 -5.181636  -1.000000 0.000023 0.000000  0.064370 0.664198 1 64 1.000000
lowpoly_plastic
0  -4.131194 -22.783972 -4.165146  0.000107 -1.000000 0.000002  0.075349 0.627009 1 64 1.000000
0  -4.149726 -22.783979 -5.179888  0.000361 -1.000000 -0.000668  0.075349 0.627009 1 64 1.000000
0  -4.131195 -22.783972 -5.181636  0.000156 -1.000000 -0.000237  0.075349 0.627009 1 64 1.000000
lowpoly_plastic
0  -4.131195 -22.783972 -5.181636  0.000156 -1.000000 -0.000237  0.075349 0.627009 1 64 1.000000
0  -4.149724 -22.783970 -5.188523  0.000109 -1.000000 -0.000768  0.075349 0.627009 1 64 1.000000
0  -3.712442 -22.783972 -5.759871  -0.000288 -1.000000 -0.000083  0.075349 0.627009 1 64 1.000000
lowpoly_plastic
0  -4.131192 -23.031002 -4.165146  -1.000000 0.000041 0.000000  0.064370 0.664198 1 64 1.000000
0  -4.131190 -22.948658 -5.181636  -1.000000 -0.000024 0.000000  0.064370 0.664198 1 64 1.000000
0  -4.131193 -23.031002 -5.181636  -1.000000 0.000023 0.000000  0.064370 0.664198 1 64 1.000000
lowpoly_plastic
0  -4.131189 -22.948658 -4.066412  -1.000000 -0.000031 0.000000  0.064370 0.664198 1 64 1.000000
0  -4.131196 -22.866316 -5.181636  -1.000000 -0.000025 0.000000  0.064370 0.664198 1 64 1.000000
0  -4.131190 -22.948658 -5.181636  -1.000000 -0.000024 0.000000  0.064370 0.664198 1 64 1.000000
lowpoly_plastic
0  -3.546434 -23.031000 -5.749249  0.000000 0.000000 -1.000000  0.064370 0.664198 1 64 1.000000
0  -3.702035 -22.948660 -5.749249  -0.000000 0.000000 -1.000000  0.064370 0.664198 1 64 1.000000
0  -3.546440 -22.948660 -5.749249  0.000000 0.000000 -1.000000  0.064370 0.664198 1 64 1.000000
lowpoly_plastic
0  -3.702035 -22.948660 -5.749249  -0.000000 0.000000 -1.000000  0.064370 0.664198 1 64 1.000000
0  -3.546436 -22.866316 -5.749249  -0.000000 0.000000 -1.000000  0.064370 0.664198 1 64 1.000000
0  -3.546440 -22.948660 -5.749249  0.000000 0.000000 -1.000000  0.064370 0.664198 1 64 1.000000
lowpoly_plastic
0  -4.131193 -23.031002 -5.181636  -0.797675 0.000033 -0.603087  0.064370 0.664198 1 64 1.000000
0  -3.702035 -22.948660 -5.749249  -0.797664 0.000024 -0.603102  0.064370 0.664198 1 64 1.000000
0  -3.702039 -23.031006 -5.749249  -0.797653 0.000033 -0.603116  0.064370 0.664198 1 64 1.000000
lowpoly_plastic
0  -4.131190 -22.948658 -5.181636  -0.797681 -0.000010 -0.603079  0.064370 0.664198 1 64 1.000000
0  -3.702034 -22.866318 -5.749249  -0.797664 -0.000023 -0.603102  0.064370 0.664198 1 64 1.000000
0  -3.702035 -22.948660 -5.749249  -0.797664 0.000024 -0.603102  0.064370 0.664198 1 64 1.000000
lowpoly_plastic
0  -4.131190 -23.340611 -5.181636  -0.797681 0.000003 -0.603079  0.064370 0.664198 1 64 1.000000
0  -3.702034 -23.258268 -5.749249  -0.797663 0.000037 -0.603103  0.064370 0.664198 1 64 1.000000
0  -3.702038 -23.340609 -5.749249  -0.797670 -0.000008 -0.603094  0.064370 0.664198 1 64 1.000000
lowpoly_plastic
0  -3.702038 -23.340609 -5.749249  0.000000 0.000000 -1.000000  0.064370 0.664198 1 64 1.000000
0  -3.546438 -23.258268 -5.749249  0.000000 0.000000 -1.000000  0.064370 0.664198 1 64 1.000000
0  -3.546440 -23.340611 -5.749249  0.000000 0.000000 -1.000000  0.064370 0.664198 1 64 1.000000
lowpoly_plastic
0  -4.131190 -23.340611 -5.181636  -1.000000 -0.000002 -0.000002  0.064370 0.664198 1 64 1.000000
0  -4.131195 -23.258266 -4.165146  -1.000000 -0.000068 0.000000  0.064370 0.664198 1 64 1.000000
0  -4.131191 -23.258263 -5.181636  -1.000000 -0.000023 -0.000004  0.064370 0.664198 1 64 1.000000
lowpoly_plastic
0  -4.131195 -23.258266 -4.165146  0.000002 -1.000000 -0.000000  0.075349 0.627009 1 64 1.000000
0  -4.149725 -23.258266 -5.179888  0.000204 -1.000000 -0.000002  0.075349 0.627009 1 64 1.000000
0  -4.131191 -23.258263 -5.181636  0.000182 -1.000000 -0.000001  0.075349 0.627009 1 64 1.000000
lowpoly_plastic
0  -4.131191 -23.258263 -5.181636  0.000182 -1.000000 -0.000001  0.075349 0.627009 1 64 1.000000
0  -4.149725 -23.258266 -5.188523  0.000182 -1.000000 0.000000  0.075349 0.627009 1 64 1.000000
0  -3.712444 -23.258268 -5.759871  0.000079 -1.000000 0.000000  0.075349 0.627009 1 64 1.000000
lowpoly_plastic
0  -4.131193 -23.505299 -4.165146  -1.000000 0.000031 0.000000  0.064370 0.664198 1 64 1.000000
0  -4.131192 -23.422955 -5.181636  -1.000000 0.000022 0.000000  0.064370 0.664198 1 64 1.000000
0  -4.131194 -23.505299 -5.181636  -1.000000 0.000023 0.000000  0.064370 0.664198 1 64 1.000000
lowpoly_plastic
0  -4.131191 -23.422955 -4.066412  -1.000000 0.000024 0.000000  0.064370 0.664198 1 64 1.000000
0  -4.131190 -23.340611 -5.181636  -1.000000 -0.000002 -0.000002  0.064370 0.664198 1 64 1.000000
0  -4.131192 -23.422955 -5.181636  -1.000000 0.000022 0.000000  0.064370 0.664198 1 64 1.000000
lowpoly_plastic
0  -3.702036 -23.505293 -5.749249  0.000000 0.000000 -1.000000  0.064370 0.664198 1 64 1.000000
0  -3.546436 -23.422953 -5.749249  0.000000 0.000000 -1.000000  0.064370 0.664198 1 64 1.000000
0  -3.546436 -23.505299 -5.749249  0.000000 0.000000 -1.000000  0.064370 0.664198 1 64 1.000000
lowpoly_plastic
0  -3.702033 -23.422949 -5.749249  0.000000 0.000000 -1.000000  0.064370 0.664198 1 64 1.000000
0  -3.546440 -23.340611 -5.749249  0.000000 0.000000 -1.000000  0.064370 0.664198 1 64 1.000000
0  -3.546436 -23.422953 -5.749249  0.000000 0.000000 -1.000000  0.064370 0.664198 1 64 1.000000
lowpoly_plastic
0  -4.131194 -23.505299 -5.181636  -0.797662 0.000018 -0.603105  0.064370 0.664198 1 64 1.000000
0  -3.702033 -23.422949 -5.749249  -0.797671 -0.000006 -0.603092  0.064370 0.664198 1 64 1.000000
0  -3.702036 -23.505293 -5.749249  -0.797664 0.000041 -0.603102  0.064370 0.664198 1 64 1.000000
lowpoly_plastic
0  -3.702033 -23.422949 -5.749249  -0.797671 -0.000006 -0.603092  0.064370 0.664198 1 64 1.000000
0  -4.131190 -23.340611 -5.181636  -0.797681 0.000003 -0.603079  0.064370 0.664198 1 64 1.000000
0  -3.702038 -23.340609 -5.749249  -0.797670 -0.000008 -0.603094  0.064370 0.664198 1 64 1.000000
lowpoly_plastic
0  -4.131192 -23.814905 -5.181636  -0.797684 0.000022 -0.603075  0.064370 0.664198 1 64 1.000000
0  -3.702038 -23.732559 -5.749249  -0.797659 -0.000037 -0.603109  0.064370 0.664198 1 64 1.000000
0  -3.702034 -23.814901 -5.749249  -0.797658 -0.000017 -0.603110  0.064370 0.664198 1 64 1.000000
lowpoly_plastic
0  -3.702034 -23.814901 -5.749249  0.000000 -0.000012 -1.000000  0.064370 0.664198 1 64 1.000000
0  -3.546434 -23.732559 -5.749249  0.000000 0.000000 -1.000000  0.064370 0.664198 1 64 1.000000
0  -3.546436 -23.814903 -5.749249  0.000000 -0.000012 -1.000000  0.064370 0.664198 1 64 1.000000
lowpoly_plastic
0  -4.131192 -23.814905 -5.181636  -1.000000 0.000027 0.000000  0.064370 0.664198 1 64 1.000000
0  -4.131189 -23.732563 -4.165146  -1.000000 0.000023 0.000000  0.064370 0.664198 1 64 1.000000
0  -4.131190 -23.732563 -5.181636  -1.000000 0.000023 0.000000  0.064370 0.664198 1 64 1.000000
lowpoly_plastic
0  -4.131189 -23.732563 -4.165146  0.000103 -1.000000 0.000001  0.075349 0.627009 1 64 1.000000
0  -4.149726 -23.732565 -5.179888  0.000103 -1.000000 0.000000  0.075349 0.627009 1 64 1.000000
0  -4.131190 -23.732563 -5.181636  0.000093 -1.000000 -0.000001  0.075349 0.627009 1 64 1.000000
lowpoly_plastic
0  -4.131190 -23.732563 -5.181636  0.000093 -1.000000 -0.000001  0.075349 0.627009 1 64 1.000000
0  -4.149726 -23.732565 -5.188523  0.000093 -1.000000 0.000000  0.075349 0.627009 1 64 1.000000
0  -3.712442 -23.732557 -5.759869  -0.000140 -1.000000 -0.000081  0.075349 0.627009 1 64 1.000000
lowpoly_plastic
0  -4.131191 -23.979588 -4.165146  -1.000000 -0.000032 0.000000  0.064370 0.664198 1 64 1.000000
0  -4.131195 -23.897251 -5.181636  -1.000000 -0.000007 0.000000  0.064370 0.664198 1 64 1.000000
0  -4.131192 -23.979588 -5.181636  -1.000000 -0.000046 0.000000  0.064370 0.664198 1 64 1.000000
lowpoly_plastic
0  -4.131194 -23.897251 -4.066411  -1.000000 0.000019 0.000000  0.064370 0.664198 1 64 1.000000
0  -4.131192 -23.814905 -5.181636  -1.000000 0.000027 0.000000  0.064370 0.664198 1 64 1.000000
0  -4.131195 -23.897251 -5.181636  -1.000000 -0.000007 0.000000  0.064370 0.664198 1 64 1.000000
lowpoly_plastic
0  -3.702037 -23.979589 -5.749249  -0.000001 0.000023 -1.000000  0.064370 0.664198 1 64 1.000000
0  -3.546435 -23.897251 -5.749247  -0.000001 0.000000 -1.000000  0.064370 0.664198 1 64 1.000000
0  -3.546436 -23.979584 -5.749249  -0.000005 0.000023 -1.000000  0.064370 0.664198 1 64 1.000000
lowpoly_plastic
0  -3.702036 -23.897243 -5.749247  0.000001 -0.000000 -1.000000  0.064370 0.664198 1 64 1.000000
0  -3.546436 -23.814903 -5.749249  0.000000 -0.000012 -1.000000  0.064370 0.664198 1 64 1.000000
0  -3.546435 -23.897251 -5.749247  -0.000001 0.000000 -1.000000  0.064370 0.664198 1 64 1.000000
lowpoly_plastic
0  -4.131192 -23.979588 -5.181636  -0.797667 -0.000028 -0.603099  0.064370 0.664198 1 64 1.000000
0  -3.702036 -23.897243 -5.749247  -0.797671 0.000014 -0.603093  0.064370 0.664198 1 64 1.000000
0  -3.702037 -23.979589 -5.749249  -0.797685 0.000028 -0.603074  0.064370 0.664198 1 64 1.000000
lowpoly_plastic
0  -4.131195 -23.897251 -5.181636  -0.797674 -0.000001 -0.603089  0.064370 0.664198 1 64 1.000000
0  -3.702034 -23.814901 -5.749249  -0.797658 -0.000017 -0.603110  0.064370 0.664198 1 64 1.000000
0  -3.702036 -23.897243 -5.749247  -0.797671 0.000014 -0.603093  0.064370 0.664198 1 64 1.000000
lowpoly_plastic
0  -4.131186 -24.289200 -5.181636  -0.797675 0.000004 -0.603088  0.064370 0.664198 1 64 1.000000
0  -3.702034 -24.206852 -5.749247  -0.797670 0.000028 -0.603095  0.064370 0.664198 1 64 1.000000
0  -3.702036 -24.289196 -5.749249  -0.797674 0.000032 -0.603089  0.064370 0.664198 1 64 1.000000
lowpoly_plastic
0  -3.702036 -24.289196 -5.749249  -0.000000 0.000012 -1.000000  0.064370 0.664198 1 64 1.000000
0  -3.546438 -24.206850 -5.749247  -0.000000 0.000023 -1.000000  0.064370 0.664198 1 64 1.000000
0  -3.546441 -24.289196 -5.749249  0.000000 0.000012 -1.000000  0.064370 0.664198 1 64 1.000000
lowpoly_plastic
0  -4.131186 -24.289200 -5.181636  -1.000000 0.000000 -0.000001  0.064370 0.664198 1 64 1.000000
0  -4.131195 -24.206854 -4.165146  -1.000000 -0.000075 -0.000003  0.064370 0.664198 1 64 1.000000
0  -4.131194 -24.206858 -5.181636  -1.000000 -0.000091 -0.000001  0.064370 0.664198 1 64 1.000000
lowpoly_plastic
0  -4.131195 -24.206854 -4.165146  -0.000203 -1.000000 0.000007  0.075349 0.627009 1 64 1.000000
0  -4.149723 -24.206858 -5.179888  -0.000040 -1.000000 -0.000432  0.075349 0.627009 1 64 1.000000
0  -4.131194 -24.206858 -5.181636  -0.000166 -1.000000 -0.000245  0.075349 0.627009 1 64 1.000000
lowpoly_plastic
0  -4.131194 -24.206858 -5.181636  -0.000166 -1.000000 -0.000245  0.075349 0.627009 1 64 1.000000
0  -4.149726 -24.206850 -5.188523  -0.000206 -1.000000 -0.000594  0.075349 0.627009 1 64 1.000000
0  -3.712446 -24.206854 -5.759869  0.000102 -1.000000 0.000235  0.075349 0.627009 1 64 1.000000
lowpoly_plastic
0  -4.131194 -24.453884 -4.165144  -1.000000 0.000020 0.000000  0.064370 0.664198 1 64 1.000000
0  -4.131194 -24.371540 -5.181636  -1.000000 0.000047 0.000000  0.064370 0.664198 1 64 1.000000
0  -4.131195 -24.453884 -5.181636  -1.000000 0.000000 0.000000  0.064370 0.664198 1 64 1.000000
lowpoly_plastic
0  -4.131193 -24.371540 -4.066411  -1.000000 0.000037 -0.000002  0.064370 0.664198 1 64 1.000000
0  -4.131186 -24.289200 -5.181636  -1.000000 0.000000 -0.000001  0.064370 0.664198 1 64 1.000000
0  -4.131194 -24.371540 -5.181636  -1.000000 0.000047 0.000000  0.064370 0.664198 1 64 1.000000
lowpoly_plastic
0  -3.702032 -24.453884 -5.749249  -0.000000 0.000000 -1.000000  0.064370 0.664198 1 64 1.000000
0  -3.546436 -24.371534 -5.749249  -0.000000 0.000000 -1.000000  0.064370 0.664198 1 64 1.000000
0  -3.546437 -24.453880 -5.749249  0.000000 0.000000 -1.000000  0.064370 0.664198 1 64 1.000000
lowpoly_plastic
0  -3.702039 -24.371540 -5.749249  -0.000000 0.000000 -1.000000  0.064370 0.664198 1 64 1.000000
0  -3.546441 -24.289196 -5.749249  0.000000 0.000012 -1.000000  0.064370 0.664198 1 64 1.000000
0  -3.546436 -24.371534 -5.749249  -0.000000 0.000000 -1.000000  0.064370 0.664198 1 64 1.000000
lowpoly_plastic
0  -4.131195 -24.453884 -5.181636  -0.797662 0.000009 -0.603105  0.064370 0.664198 1 64 1.000000
0  -3.702039 -24.371540 -5.749249  -0.797672 -0.000025 -0.603092  0.064370 0.664198 1 64 1.000000
0  -3.702032 -24.453884 -5.749249  -0.797666 -0.000081 -0.603099  0.064370 0.664198 1 64 1.000000
lowpoly_plastic
0  -4.131194 -24.371540 -5.181636  -0.797671 0.000043 -0.603093  0.064370 0.664198 1 64 1.000000
0  -3.702036 -24.289196 -5.749249  -0.797674 0.000032 -0.603089  0.064370 0.664198 1 64 1.000000
0  -3.702039 -24.371540 -5.749249  -0.797672 -0.000025 -0.603092  0.064370 0.664198 1 64 1.000000
lowpoly_plastic
0  -4.131192 -24.763491 -5.181634  -0.797667 0.000018 -0.603099  0.064370 0.664198 1 64 1.000000
0  -3.702034 -24.681150 -5.749247  -0.797682 0.000040 -0.603078  0.064370 0.664198 1 64 1.000000
0  -3.702037 -24.763496 -5.749249  -0.797671 0.000023 -0.603093  0.064370 0.664198 1 64 1.000000
lowpoly_plastic
0  -3.702037 -24.763496 -5.749249  -0.000000 0.000012 -1.000000  0.064370 0.664198 1 64 1.000000
0  -3.546441 -24.681147 -5.749247  -0.000000 0.000023 -1.000000  0.064370 0.664198 1 64 1.000000
0  -3.546434 -24.763491 -5.749249  -0.000000 0.000012 -1.000000  0.064370 0.664198 1 64 1.000000
lowpoly_plastic
0  -4.131192 -24.763491 -5.181634  -1.000000 0.000030 0.000000  0.064370 0.664198 1 64 1.000000
0  -4.131190 -24.681147 -4.165144  -1.000000 -0.000003 0.000000  0.064370 0.664198 1 64 1.000000
0  -4.131191 -24.681147 -5.181636  -1.000000 0.000034 0.000000  0.064370 0.664198 1 64 1.000000
lowpoly_plastic
0  -4.131190 -24.681147 -4.165144  0.000103 -1.000000 0.000000  0.075349 0.627009 1 64 1.000000
0  -4.149727 -24.681149 -5.179888  0.000103 -1.000000 0.000000  0.075349 0.627009 1 64 1.000000
0  -4.131191 -24.681147 -5.181636  0.000091 -1.000000 0.000135  0.075349 0.627009 1 64 1.000000
lowpoly_plastic
0  -4.131191 -24.681147 -5.181636  0.000091 -1.000000 0.000135  0.075349 0.627009 1 64 1.000000
0  -4.149727 -24.681149 -5.188523  0.000092 -1.000000 0.000144  0.075349 0.627009 1 64 1.000000
0  -3.712447 -24.681147 -5.759869  -0.000206 -1.000000 -0.000197  0.075349 0.627009 1 64 1.000000
lowpoly_plastic
0  -4.131187 -24.928177 -4.165144  -1.000000 -0.000083 0.000000  0.064370 0.664198 1 64 1.000000
0  -4.131195 -24.845833 -5.181636  -1.000000 -0.000033 0.000000  0.064370 0.664198 1 64 1.000000
0  -4.131188 -24.928177 -5.181636  -1.000000 -0.000091 0.000000  0.064370 0.664198 1 64 1.000000
lowpoly_plastic
0  -4.131194 -24.845833 -4.066411  -1.000000 0.000010 0.000000  0.064370 0.664198 1 64 1.000000
0  -4.131192 -24.763491 -5.181634  -1.000000 0.000030 0.000000  0.064370 0.664198 1 64 1.000000
0  -4.131195 -24.845833 -5.181636  -1.000000 -0.000033 0.000000  0.064370 0.664198 1 64 1.000000
lowpoly_plastic
0  -3.546439 -24.928179 -5.749247  0.000000 -0.000023 -1.000000  0.064370 0.664198 1 64 1.000000
0  -3.702037 -24.845831 -5.749249  -0.000000 -0.000012 -1.000000  0.064370 0.664198 1 64 1.000000
0  -3.546437 -24.845835 -5.749249  0.000000 -0.000012 -1.000000  0.064370 0.664198 1 64 1.000000
lowpoly_plastic
0  -3.702037 -24.845831 -5.749249  -0.000000 -0.000012 -1.000000  0.064370 0.664198 1 64 1.000000
0  -3.546434 -24.763491 -5.749249  -0.000000 0.000012 -1.000000  0.064370 0.664198 1 64 1.000000
0  -3.546437 -24.845835 -5.749249  0.000000 -0.000012 -1.000000  0.064370 0.664198 1 64 1.000000
lowpoly_plastic
0  -4.131188 -24.928177 -5.181636  -0.797664 -0.000060 -0.603103  0.064370 0.664198 1 64 1.000000
0  -3.702037 -24.845831 -5.749249  -0.797673 -0.000000 -0.603090  0.064370 0.664198 1 64 1.000000
0  -3.702039 -24.928173 -5.749247  -0.797689 0.000005 -0.603069  0.064370 0.664198 1 64 1.000000
lowpoly_plastic
0  -4.131195 -24.845833 -5.181636  -0.797659 -0.000014 -0.603109  0.064370 0.664198 1 64 1.000000
0  -3.702037 -24.763496 -5.749249  -0.797671 0.000023 -0.603093  0.064370 0.664198 1 64 1.000000
0  -3.702037 -24.845831 -5.749249  -0.797673 -0.000000 -0.603090  0.064370 0.664198 1 64 1.000000
lowpoly_plastic
0  -4.149724 -18.894789 -3.872228  -1.000000 -0.000003 -0.000000  0.075349 0.627009 1 64 1.000000
0  -4.149724 -16.791492 -5.479147  -1.000000 0.000001 -0.000000  0.075349 0.627009 1 64 1.000000
0  -4.149721 -18.894794 -5.479148  -1.000000 0.000002 -0.000002  0.075349 0.627009 1 64 1.000000
lowpoly_plastic
0  -4.149724 -19.175234 -5.249238  -1.000000 0.000010 -0.000001  0.075349 0.627009 1 64 1.000000
0  -4.149724 -18.894789 -3.872228  -1.000000 -0.000003 -0.000000  0.075349 0.627009 1 64 1.000000
0  -4.149721 -18.894794 -5.479148  -1.000000 0.000002 -0.000002  0.075349 0.627009 1 64 1.000000
lowpoly_plastic
0  -4.149725 -21.525780 -4.064662  -1.000000 -0.000003 0.000014  0.075349 0.627009 1 64 1.000000
0  -4.149727 -21.608124 -4.163396  -1.000000 -0.000010 0.000008  0.075349 0.627009 1 64 1.000000
0  -4.149724 -21.917730 -4.064662  -1.000000 0.000025 -0.000354  0.075349 0.627009 1 64 1.000000
lowpoly_plastic
0  -3.957222 -26.124838 -3.872225  -0.000012 -1.000000 -0.000003  0.075349 0.627009 1 64 1.000000
0  -4.149730 -26.124832 -5.188523  -0.000003 -1.000000 -0.000001  0.075349 0.627009 1 64 1.000000
0  -3.373454 -26.124836 -3.872225  0.000003 -1.000000 -0.000000  0.075349 0.627009 1 64 1.000000
lowpoly_plastic
0  -3.957218 -16.791492 -3.872227  0.000000 -0.000000 1.000000  0.075349 0.627009 1 64 1.000000
0  -4.149724 -18.894789 -3.872228  0.000002 -0.000000 1.000000  0.075349 0.627009 1 64 1.000000
0  -3.957215 -18.894794 -3.872228  0.000000 -0.000000 1.000000  0.075349 0.627009 1 64 1.000000
lowpoly_plastic
0  -3.957222 -19.455669 -3.872228  -0.000002 0.000000 1.000000  0.075349 0.627009 1 64 1.000000
0  -4.149730 -26.124832 -3.872225  -0.000002 0.000000 1.000000  0.075349 0.627009 1 64 1.000000
0  -3.957222 -26.124838 -3.872225  -0.000001 0.000000 1.000000  0.075349 0.627009 1 64 1.000000
lowpoly_plastic
0  -4.149723 -16.408638 -5.258132  -0.000002 1.000000 0.000000  0.075349 0.627009 1 64 1.000000
0  -3.957216 -16.408638 -5.090406  -0.000004 1.000000 0.000000  0.075349 0.627009 1 64 1.000000
0  -3.701117 -16.408634 -5.844275  -0.000006 1.000000 0.000000  0.075349 0.627009 1 64 1.000000
lowpoly_plastic
0  -3.546432 -22.000072 -5.774665  0.000000 -0.000000 -1.000000  0.075349 0.627009 1 64 1.000000
0  -3.546439 -21.917730 -5.774665  0.000000 0.000000 -1.000000  0.075349 0.627009 1 64 1.000000
0  -3.373450 -19.455673 -5.774664  0.000000 0.000000 -1.000000  0.075349 0.627009 1 64 1.000000
lowpoly_plastic
0  -4.149724 -16.791492 -5.479147  -1.000000 0.000001 -0.000000  0.075349 0.627009 1 64 1.000000
0  -4.149723 -16.408638 -5.090406  -1.000000 0.000004 0.000000  0.075349 0.627009 1 64 1.000000
0  -4.149723 -16.408638 -5.258132  -1.000000 0.000002 0.000000  0.075349 0.627009 1 64 1.000000
lowpoly_plastic
0  -3.957215 -18.894794 -3.872228  0.000000 -0.000000 1.000000  0.075349 0.627009 1 64 1.000000
0  -4.149723 -19.175234 -3.872228  0.000000 0.000000 1.000000  0.075349 0.627009 1 64 1.000000
0  -3.957217 -19.175234 -3.872228  -0.000002 0.000000 1.000000  0.075349 0.627009 1 64 1.000000
lowpoly_plastic
0  -3.373447 -19.175236 -5.835381  0.000001 -0.211602 -0.977356  0.075349 0.627009 1 64 1.000000
0  -3.701120 -19.455679 -5.774664  -0.000000 -0.211599 -0.977357  0.075349 0.627009 1 64 1.000000
0  -3.701123 -19.175232 -5.835381  -0.000003 -0.211599 -0.977357  0.075349 0.627009 1 64 1.000000
lowpoly_plastic
0  -3.373447 -18.894791 -6.065288  0.000000 0.000000 -1.000000  0.075349 0.627009 1 64 1.000000
0  -3.701119 -16.791491 -6.065287  -0.000001 0.000000 -1.000000  0.075349 0.627009 1 64 1.000000
0  -3.373447 -16.791494 -6.065287  -0.000000 0.000000 -1.000000  0.075349 0.627009 1 64 1.000000
lowpoly_plastic
0  -3.373446 -16.791496 -4.160543  0.146488 0.943703 0.296592  0.075349 0.627009 1 64 1.000000
0  -3.957216 -16.408638 -5.090406  0.146488 0.943703 0.296592  0.075349 0.627009 1 64 1.000000
0  -3.957218 -16.791492 -3.872227  0.146488 0.943703 0.296592  0.075349 0.627009 1 64 1.000000
lowpoly_plastic
0  -3.712443 -19.463917 -5.759870  -0.794148 -0.000033 -0.607724  0.075349 0.627009 1 64 1.000000
0  -4.149724 -19.463913 -5.188522  -0.794060 -0.000241 -0.607839  0.075349 0.627009 1 64 1.000000
0  -4.149727 -19.455673 -5.188522  -0.794061 -0.000240 -0.607838  0.075349 0.627009 1 64 1.000000
lowpoly_plastic
0  -3.701120 -19.455679 -5.774664  -0.787321 -0.130462 -0.602582  0.075349 0.627009 1 64 1.000000
0  -4.149724 -19.175234 -5.249238  -0.787321 -0.130453 -0.602584  0.075349 0.627009 1 64 1.000000
0  -3.701123 -19.175232 -5.835381  -0.787321 -0.130465 -0.602581  0.075349 0.627009 1 64 1.000000
lowpoly_plastic
0  -3.701117 -18.894794 -6.065288  -0.794110 -0.000001 -0.607775  0.075349 0.627009 1 64 1.000000
0  -4.149724 -16.791492 -5.479147  -0.794110 -0.000000 -0.607775  0.075349 0.627009 1 64 1.000000
0  -3.701119 -16.791491 -6.065287  -0.794110 -0.000000 -0.607775  0.075349 0.627009 1 64 1.000000
lowpoly_plastic
0  -3.701117 -16.408634 -5.844275  -0.749327 0.331070 -0.573500  0.075349 0.627009 1 64 1.000000
0  -4.149724 -16.791492 -5.479147  -0.749328 0.331071 -0.573498  0.075349 0.627009 1 64 1.000000
0  -4.149723 -16.408638 -5.258132  -0.749329 0.331071 -0.573496  0.075349 0.627009 1 64 1.000000
lowpoly_plastic
0  -3.701119 -16.791491 -6.065287  0.000002 0.499946 -0.866057  0.075349 0.627009 1 64 1.000000
0  -3.373449 -16.408632 -5.844275  0.000001 0.499948 -0.866056  0.075349 0.627009 1 64 1.000000
0  -3.373447 -16.791494 -6.065287  -0.000000 0.499944 -0.866058  0.075349 0.627009 1 64 1.000000
lowpoly_plastic
0  -3.701123 -19.175232 -5.835381  -0.710772 -0.445961 -0.543987  0.075349 0.627009 1 64 1.000000
0  -4.149721 -18.894794 -5.479148  -0.710773 -0.445963 -0.543983  0.075349 0.627009 1 64 1.000000
0  -3.701117 -18.894794 -6.065288  -0.710771 -0.445959 -0.543989  0.075349 0.627009 1 64 1.000000
lowpoly_plastic
0  -3.373447 -19.175236 -5.835381  -0.000001 -0.633991 -0.773341  0.075349 0.627009 1 64 1.000000
0  -3.701117 -18.894794 -6.065288  0.000000 -0.633989 -0.773342  0.075349 0.627009 1 64 1.000000
0  -3.373447 -18.894791 -6.065288  -0.000002 -0.633985 -0.773345  0.075349 0.627009 1 64 1.000000
lowpoly_plastic
0  -3.957217 -19.175234 -3.872228  -0.000002 0.000000 1.000000  0.075349 0.627009 1 64 1.000000
0  -4.149727 -19.455673 -3.872228  -0.000000 0.000000 1.000000  0.075349 0.627009 1 64 1.000000
0  -3.957222 -19.455669 -3.872228  -0.000002 0.000000 1.000000  0.075349 0.627009 1 64 1.000000
lowpoly_plastic
0  -4.149727 -19.455673 -5.188522  -1.000000 -0.000171 0.000000  0.075349 0.627009 1 64 1.000000
0  -4.149723 -19.175234 -3.872228  -1.000000 0.000003 0.000000  0.075349 0.627009 1 64 1.000000
0  -4.149724 -19.175234 -5.249238  -1.000000 0.000010 -0.000001  0.075349 0.627009 1 64 1.000000
lowpoly_plastic
0  -3.702036 -21.361094 -5.749248  -0.000091 -1.000000 -0.000222  0.075349 0.627009 1 64 1.000000
0  -3.712441 -21.361090 -5.759870  -0.000125 -1.000000 -0.000237  0.075349 0.627009 1 64 1.000000
0  -3.701120 -21.361086 -5.774664  -0.000002 -1.000000 -0.000353  0.075349 0.627009 1 64 1.000000
lowpoly_plastic
0  -4.149728 -20.969141 -4.064662  -0.093930 0.000001 -0.995579  0.075349 0.627009 1 64 1.000000
0  -4.131193 -21.051483 -4.066411  -0.093950 -0.000004 -0.995577  0.075349 0.627009 1 64 1.000000
0  -4.149723 -21.051481 -4.064662  -0.093954 -0.000005 -0.995577  0.075349 0.627009 1 64 1.000000
lowpoly_plastic
0  -3.546439 -20.185244 -5.749248  -1.000000 0.000036 0.000000  0.075349 0.627009 1 64 1.000000
0  -3.546436 -20.102896 -5.774664  -1.000000 0.000028 0.000000  0.075349 0.627009 1 64 1.000000
0  -3.546439 -20.185244 -5.774664  -1.000000 0.000036 0.000000  0.075349 0.627009 1 64 1.000000
lowpoly_plastic
0  -4.131192 -22.082417 -4.165146  0.000000 1.000000 0.000001  0.075349 0.627009 1 64 1.000000
0  -4.149722 -22.082417 -5.179888  0.000039 1.000000 0.000525  0.075349 0.627009 1 64 1.000000
0  -4.149721 -22.082417 -4.163397  0.000000 1.000000 0.000001  0.075349 0.627009 1 64 1.000000
lowpoly_plastic
0  -4.131191 -19.628603 -4.066411  -0.060196 0.766578 -0.639324  0.075349 0.627009 1 64 1.000000
0  -4.149722 -19.710945 -4.163396  -0.060272 0.766576 -0.639318  0.075349 0.627009 1 64 1.000000
0  -4.149721 -19.628599 -4.064662  -0.060187 0.766578 -0.639324  0.075349 0.627009 1 64 1.000000
lowpoly_plastic
0  -3.546434 -24.763491 -5.749249  -1.000000 -0.000024 0.000000  0.075349 0.627009 1 64 1.000000
0  -3.546441 -24.681147 -5.774663  -1.000000 -0.000080 0.000000  0.075349 0.627009 1 64 1.000000
0  -3.546434 -24.763491 -5.774665  -1.000000 -0.000025 0.000000  0.075349 0.627009 1 64 1.000000
lowpoly_plastic
0  -3.702034 -20.412500 -5.749248  0.000275 -1.000000 0.000283  0.075349 0.627009 1 64 1.000000
0  -3.712441 -20.412508 -5.759870  0.000492 -1.000000 0.000222  0.075349 0.627009 1 64 1.000000
0  -3.701119 -20.412504 -5.774664  0.000130 -1.000000 0.000215  0.075349 0.627009 1 64 1.000000
lowpoly_plastic
0  -3.546437 -21.133827 -5.749248  0.000015 1.000000 -0.000025  0.075349 0.627009 1 64 1.000000
0  -3.546437 -21.133827 -5.774664  0.000012 1.000000 0.000000  0.075349 0.627009 1 64 1.000000
0  -3.701123 -21.133825 -5.774664  -0.000130 1.000000 -0.000217  0.075349 0.627009 1 64 1.000000
lowpoly_plastic
0  -3.546437 -24.453880 -5.749249  -1.000000 0.000013 0.000000  0.075349 0.627009 1 64 1.000000
0  -3.546436 -24.371534 -5.774665  -1.000000 -0.000024 0.000000  0.075349 0.627009 1 64 1.000000
0  -3.546437 -24.453880 -5.774665  -1.000000 0.000014 0.000000  0.075349 0.627009 1 64 1.000000
lowpoly_plastic
0  -3.546441 -24.289196 -5.749249  -1.000000 -0.000011 0.000000  0.075349 0.627009 1 64 1.000000
0  -3.546438 -24.206850 -5.774665  -1.000000 0.000036 0.000000  0.075349 0.627009 1 64 1.000000
0  -3.546441 -24.289196 -5.774665  -1.000000 -0.000011 0.000000  0.075349 0.627009 1 64 1.000000
lowpoly_plastic
0  -4.131189 -22.392025 -4.066412  -0.093938 0.000000 -0.995578  0.075349 0.627009 1 64 1.000000
0  -4.149726 -22.474363 -4.064663  -0.093934 0.000001 -0.995578  0.075349 0.627009 1 64 1.000000
0  -4.149726 -22.392029 -4.064663  -0.093939 0.000000 -0.995578  0.075349 0.627009 1 64 1.000000
lowpoly_plastic
0  -4.131190 -22.000072 -4.066411  -0.060409 0.766556 -0.639329  0.075349 0.627009 1 64 1.000000
0  -4.149721 -22.082417 -4.163397  -0.060347 0.766569 -0.639319  0.075349 0.627009 1 64 1.000000
0  -4.149727 -22.000074 -4.064662  -0.060416 0.766555 -0.639331  0.075349 0.627009 1 64 1.000000
lowpoly_plastic
0  -4.149724 -21.917730 -4.064662  -0.093937 0.000001 -0.995578  0.075349 0.627009 1 64 1.000000
0  -4.131190 -22.000072 -4.066411  -0.093936 0.000003 -0.995578  0.075349 0.627009 1 64 1.000000
0  -4.149727 -22.000074 -4.064662  -0.093936 0.000003 -0.995578  0.075349 0.627009 1 64 1.000000
lowpoly_plastic
0  -3.546434 -21.608118 -5.749249  0.000000 1.000000 -0.000012  0.075349 0.627009 1 64 1.000000
0  -3.546434 -21.608118 -5.774665  0.000000 1.000000 0.000000  0.075349 0.627009 1 64 1.000000
0  -3.701119 -21.608118 -5.774664  0.000098 1.000000 -0.000078  0.075349 0.627009 1 64 1.000000
lowpoly_plastic
0  -3.546439 -24.928179 -5.749247  0.000004 1.000000 -0.000012  0.075349 0.627009 1 64 1.000000
0  -3.546439 -24.928179 -5.774663  0.000000 1.000000 0.000000  0.075349 0.627009 1 64 1.000000
0  -3.701123 -24.928179 -5.774663  -0.000111 1.000000 -0.000199  0.075349 0.627009 1 64 1.000000
lowpoly_plastic
0  -3.546437 -24.845835 -5.749249  -1.000000 0.000028 0.000000  0.075349 0.627009 1 64 1.000000
0  -3.546434 -24.763491 -5.774665  -1.000000 -0.000025 0.000000  0.075349 0.627009 1 64 1.000000
0  -3.546437 -24.845835 -5.774665  -1.000000 0.000029 0.000000  0.075349 0.627009 1 64 1.000000
lowpoly_plastic
0  -3.702034 -24.681150 -5.749247  -0.000121 -1.000000 -0.000199  0.075349 0.627009 1 64 1.000000
0  -3.712447 -24.681147 -5.759869  -0.000206 -1.000000 -0.000197  0.075349 0.627009 1 64 1.000000
0  -3.701125 -24.681147 -5.774665  -0.000041 -1.000000 -0.000196  0.075349 0.627009 1 64 1.000000
lowpoly_plastic
0  -3.546434 -23.031000 -5.749249  -0.000004 1.000000 0.000012  0.075349 0.627009 1 64 1.000000
0  -3.546434 -23.031000 -5.774665  0.000000 1.000000 0.000000  0.075349 0.627009 1 64 1.000000
0  -3.701119 -23.031000 -5.774665  0.000013 1.000000 0.000108  0.075349 0.627009 1 64 1.000000
lowpoly_plastic
0  -4.131193 -22.082417 -5.181636  0.000166 1.000000 0.000269  0.075349 0.627009 1 64 1.000000
0  -3.712446 -22.082411 -5.759871  0.000081 1.000000 -0.000038  0.075349 0.627009 1 64 1.000000
0  -4.149725 -22.082409 -5.188523  0.000205 1.000000 0.000689  0.075349 0.627009 1 64 1.000000
lowpoly_plastic
0  -4.149729 -22.783974 -4.163397  -0.060242 -0.766579 -0.639319  0.075349 0.627009 1 64 1.000000
0  -4.131195 -22.866316 -4.066412  -0.060413 -0.766600 -0.639276  0.075349 0.627009 1 64 1.000000
0  -4.149726 -22.866314 -4.064663  -0.060431 -0.766603 -0.639272  0.075349 0.627009 1 64 1.000000
lowpoly_plastic
0  -3.546439 -19.546259 -5.749250  -1.000000 -0.000011 0.000000  0.075349 0.627009 1 64 1.000000
0  -3.546437 -19.463915 -5.774664  -1.000000 0.000028 0.000000  0.075349 0.627009 1 64 1.000000
0  -3.546439 -19.546259 -5.774664  -1.000000 -0.000011 0.000000  0.075349 0.627009 1 64 1.000000
lowpoly_plastic
0  -4.149727 -20.886795 -4.163396  -0.060333 -0.766563 -0.639329  0.075349 0.627009 1 64 1.000000
0  -4.131191 -20.969139 -4.066411  -0.060255 -0.766580 -0.639316  0.075349 0.627009 1 64 1.000000
0  -4.149728 -20.969141 -4.064662  -0.060246 -0.766581 -0.639315  0.075349 0.627009 1 64 1.000000
lowpoly_plastic
0  -4.131189 -22.948658 -4.066412  -0.060312 0.766573 -0.639319  0.075349 0.627009 1 64 1.000000
0  -4.149728 -23.031002 -4.163397  -0.060319 0.766566 -0.639326  0.075349 0.627009 1 64 1.000000
0  -4.149727 -22.948658 -4.064663  -0.060311 0.766573 -0.639318  0.075349 0.627009 1 64 1.000000
lowpoly_plastic
0  -3.546439 -21.917730 -5.774665  -1.000000 -0.000024 0.000000  0.075349 0.627009 1 64 1.000000
0  -3.546436 -21.835386 -5.749249  -1.000000 0.000036 0.000000  0.075349 0.627009 1 64 1.000000
0  -3.546436 -21.835386 -5.774665  -1.000000 0.000036 0.000000  0.075349 0.627009 1 64 1.000000
lowpoly_plastic
0  -4.131191 -23.422955 -4.066412  -0.060262 0.766568 -0.639329  0.075349 0.627009 1 64 1.000000
0  -4.149723 -23.505297 -4.163397  -0.060252 0.766573 -0.639324  0.075349 0.627009 1 64 1.000000
0  -4.149721 -23.422953 -4.064663  -0.060263 0.766567 -0.639330  0.075349 0.627009 1 64 1.000000
lowpoly_plastic
0  -3.546434 -20.020554 -5.749250  -1.000000 -0.000005 0.000018  0.075349 0.627009 1 64 1.000000
0  -3.546438 -19.938211 -5.774664  -1.000000 0.000002 0.000152  0.075349 0.627009 1 64 1.000000
0  -3.546434 -20.020554 -5.774664  -1.000000 -0.000011 0.000000  0.075349 0.627009 1 64 1.000000
lowpoly_plastic
0  -3.546440 -23.340611 -5.749249  -1.000000 -0.000014 0.000000  0.075349 0.627009 1 64 1.000000
0  -3.546438 -23.258268 -5.774665  -1.000000 0.000027 0.000000  0.075349 0.627009 1 64 1.000000
0  -3.546440 -23.340611 -5.774665  -1.000000 -0.000014 0.000000  0.075349 0.627009 1 64 1.000000
lowpoly_plastic
0  -4.131191 -22.556705 -5.181636  0.000001 1.000000 0.000068  0.075349 0.627009 1 64 1.000000
0  -3.712446 -22.556707 -5.759871  0.000064 1.000000 0.000117  0.075349 0.627009 1 64 1.000000
0  -4.149727 -22.556705 -5.188523  0.000000 1.000000 0.000072  0.075349 0.627009 1 64 1.000000
lowpoly_plastic
0  -4.131189 -23.340611 -4.066412  -0.093951 -0.000007 -0.995577  0.075349 0.627009 1 64 1.000000
0  -4.149721 -23.422953 -4.064663  -0.093956 0.000001 -0.995576  0.075349 0.627009 1 64 1.000000
0  -4.149729 -23.340611 -4.064663  -0.093950 -0.000009 -0.995577  0.075349 0.627009 1 64 1.000000
lowpoly_plastic
0  -4.131186 -20.185242 -4.165145  0.000000 1.000000 -0.000000  0.075349 0.627009 1 64 1.000000
0  -4.149725 -20.185242 -5.179889  0.000049 1.000000 0.000350  0.075349 0.627009 1 64 1.000000
0  -4.149725 -20.185242 -4.163396  0.000000 1.000000 -0.000000  0.075349 0.627009 1 64 1.000000
lowpoly_plastic
0  -3.546437 -21.443434 -5.749248  -1.000000 0.000011 0.000000  0.075349 0.627009 1 64 1.000000
0  -3.546435 -21.361090 -5.774664  -1.000000 0.000021 0.000000  0.075349 0.627009 1 64 1.000000
0  -3.546437 -21.443434 -5.774664  -1.000000 0.000011 0.000000  0.075349 0.627009 1 64 1.000000
lowpoly_plastic
0  -3.546437 -21.525778 -5.749249  -1.000000 -0.000018 0.000000  0.075349 0.627009 1 64 1.000000
0  -3.546437 -21.443434 -5.774664  -1.000000 0.000011 0.000000  0.075349 0.627009 1 64 1.000000
0  -3.546437 -21.525778 -5.774665  -1.000000 -0.000018 0.000000  0.075349 0.627009 1 64 1.000000
lowpoly_plastic
0  -4.131195 -22.866316 -4.066412  -0.093950 0.000000 -0.995577  0.075349 0.627009 1 64 1.000000
0  -4.149727 -22.948658 -4.064663  -0.093929 -0.000006 -0.995579  0.075349 0.627009 1 64 1.000000
0  -4.149726 -22.866314 -4.064663  -0.093954 0.000001 -0.995577  0.075349 0.627009 1 64 1.000000
lowpoly_plastic
0  -3.546437 -24.453880 -5.749249  -0.000003 1.000000 0.000012  0.075349 0.627009 1 64 1.000000
0  -3.546437 -24.453880 -5.774665  0.000000 1.000000 0.000000  0.075349 0.627009 1 64 1.000000
0  -3.701122 -24.453880 -5.774665  -0.000106 1.000000 0.000078  0.075349 0.627009 1 64 1.000000
lowpoly_plastic
0  -4.131188 -24.928177 -5.181636  -0.000001 1.000000 -0.000001  0.075349 0.627009 1 64 1.000000
0  -3.712444 -24.928181 -5.759869  -0.000451 1.000000 -0.000351  0.075349 0.627009 1 64 1.000000
0  -4.149727 -24.928177 -5.188523  0.000001 1.000000 0.000000  0.075349 0.627009 1 64 1.000000
lowpoly_plastic
0  -3.546436 -22.866316 -5.749249  -1.000000 0.000028 0.000000  0.075349 0.627009 1 64 1.000000
0  -3.546435 -22.783972 -5.774665  -1.000000 0.000008 0.000000  0.075349 0.627009 1 64 1.000000
0  -3.546436 -22.866316 -5.774665  -1.000000 0.000028 0.000000  0.075349 0.627009 1 64 1.000000
lowpoly_plastic
0  -4.149726 -24.206850 -4.163397  -0.060465 -0.766565 -0.639313  0.075349 0.627009 1 64 1.000000
0  -4.131189 -24.289196 -4.066411  -0.060289 -0.766573 -0.639321  0.075349 0.627009 1 64 1.000000
0  -4.149725 -24.289196 -4.064663  -0.060270 -0.766573 -0.639322  0.075349 0.627009 1 64 1.000000
lowpoly_plastic
0  -4.131194 -23.897251 -4.066411  -0.060190 0.766619 -0.639275  0.075349 0.627009 1 64 1.000000
0  -4.149730 -23.979586 -4.163397  -0.060222 0.766610 -0.639283  0.075349 0.627009 1 64 1.000000
0  -4.149725 -23.897249 -4.064663  -0.060187 0.766620 -0.639275  0.075349 0.627009 1 64 1.000000
lowpoly_plastic
0  -3.546440 -22.082411 -5.749249  -1.000000 0.000093 0.000000  0.075349 0.627009 1 64 1.000000
0  -3.546432 -22.000072 -5.774665  -1.000000 0.000007 0.000000  0.075349 0.627009 1 64 1.000000
0  -3.546440 -22.082411 -5.774665  -1.000000 0.000093 0.000000  0.075349 0.627009 1 64 1.000000
lowpoly_plastic
0  -4.131191 -24.763491 -4.066411  -0.093944 -0.000005 -0.995578  0.075349 0.627009 1 64 1.000000
0  -4.149723 -24.845833 -4.064662  -0.093993 0.000002 -0.995573  0.075349 0.627009 1 64 1.000000
0  -4.149729 -24.763493 -4.064662  -0.093934 -0.000006 -0.995578  0.075349 0.627009 1 64 1.000000
lowpoly_plastic
0  -4.131187 -24.928177 -4.165144  0.000000 1.000000 -0.000000  0.075349 0.627009 1 64 1.000000
0  -4.149727 -24.928177 -5.179888  0.000000 1.000000 -0.000000  0.075349 0.627009 1 64 1.000000
0  -4.149727 -24.928177 -4.163397  0.000000 1.000000 -0.000000  0.075349 0.627009 1 64 1.000000
lowpoly_plastic
0  -4.131193 -20.659531 -4.165145  0.000000 1.000000 0.000002  0.075349 0.627009 1 64 1.000000
0  -4.149724 -20.659531 -5.179887  0.000000 1.000000 -0.000002  0.075349 0.627009 1 64 1.000000
0  -4.149723 -20.659531 -4.163396  0.000000 1.000000 0.000002  0.075349 0.627009 1 64 1.000000
lowpoly_plastic
0  -4.131187 -20.185242 -5.181635  0.000209 1.000000 0.000225  0.075349 0.627009 1 64 1.000000
0  -3.712441 -20.185234 -5.759870  0.000287 1.000000 0.000024  0.075349 0.627009 1 64 1.000000
0  -4.149722 -20.185232 -5.188522  0.000256 1.000000 0.000507  0.075349 0.627009 1 64 1.000000
lowpoly_plastic
0  -4.131194 -20.659531 -5.181635  -0.000000 1.000000 0.000067  0.075349 0.627009 1 64 1.000000
0  -3.712443 -20.659533 -5.759870  -0.000062 1.000000 -0.000184  0.075349 0.627009 1 64 1.000000
0  -4.149724 -20.659531 -5.188522  0.000000 1.000000 0.000072  0.075349 0.627009 1 64 1.000000
lowpoly_plastic
0  -3.546436 -19.710945 -5.749248  0.000001 1.000000 0.000000  0.075349 0.627009 1 64 1.000000
0  -3.546436 -19.710945 -5.774664  0.000000 1.000000 0.000000  0.075349 0.627009 1 64 1.000000
0  -3.701121 -19.710945 -5.774664  -0.000070 1.000000 0.000030  0.075349 0.627009 1 64 1.000000
lowpoly_plastic
0  -3.546439 -24.928179 -5.749247  -1.000000 0.000026 0.000000  0.075349 0.627009 1 64 1.000000
0  -3.546437 -24.845835 -5.774665  -1.000000 0.000029 0.000000  0.075349 0.627009 1 64 1.000000
0  -3.546439 -24.928179 -5.774663  -1.000000 0.000028 0.000000  0.075349 0.627009 1 64 1.000000
lowpoly_plastic
0  -3.546436 -19.710945 -5.774664  -1.000000 0.000015 0.000000  0.075349 0.627009 1 64 1.000000
0  -3.546435 -19.628599 -5.749250  -1.000000 -0.000018 0.000000  0.075349 0.627009 1 64 1.000000
0  -3.546435 -19.628599 -5.774664  -1.000000 -0.000018 0.000000  0.075349 0.627009 1 64 1.000000
lowpoly_plastic
0  -4.149726 -19.938211 -4.163396  -0.060316 -0.766593 -0.639294  0.075349 0.627009 1 64 1.000000
0  -4.131190 -20.020554 -4.066411  -0.060330 -0.766573 -0.639317  0.075349 0.627009 1 64 1.000000
0  -4.149722 -20.020554 -4.064662  -0.060331 -0.766571 -0.639319  0.075349 0.627009 1 64 1.000000
lowpoly_plastic
0  -4.131193 -23.505299 -4.165146  0.000103 1.000000 -0.000003  0.075349 0.627009 1 64 1.000000
0  -4.149724 -23.505297 -5.179888  0.000103 1.000000 0.000002  0.075349 0.627009 1 64 1.000000
0  -4.149723 -23.505297 -4.163397  0.000103 1.000000 -0.000003  0.075349 0.627009 1 64 1.000000
lowpoly_plastic
0  -4.131191 -23.979588 -4.165146  0.000103 1.000000 -0.000001  0.075349 0.627009 1 64 1.000000
0  -4.149730 -23.979586 -5.179888  0.000103 1.000000 -0.000000  0.075349 0.627009 1 64 1.000000
0  -4.149730 -23.979586 -4.163397  0.000103 1.000000 -0.000001  0.075349 0.627009 1 64 1.000000
lowpoly_plastic
0  -3.546436 -23.505299 -5.749249  0.000026 1.000000 -0.000012  0.075349 0.627009 1 64 1.000000
0  -3.546436 -23.505299 -5.774665  0.000025 1.000000 0.000000  0.075349 0.627009 1 64 1.000000
0  -3.701122 -23.505295 -5.774665  -0.000003 1.000000 -0.000078  0.075349 0.627009 1 64 1.000000
lowpoly_plastic
0  -4.131192 -23.979588 -5.181636  0.000092 1.000000 0.000068  0.075349 0.627009 1 64 1.000000
0  -3.712442 -23.979586 -5.759869  0.000246 1.000000 -0.000023  0.075349 0.627009 1 64 1.000000
0  -4.149730 -23.979586 -5.188523  0.000091 1.000000 0.000072  0.075349 0.627009 1 64 1.000000
lowpoly_plastic
0  -3.546439 -20.185244 -5.749248  0.000037 1.000000 0.000000  0.075349 0.627009 1 64 1.000000
0  -3.546439 -20.185244 -5.774664  0.000037 1.000000 0.000000  0.075349 0.627009 1 64 1.000000
0  -3.701116 -20.185238 -5.774664  0.000125 1.000000 0.000000  0.075349 0.627009 1 64 1.000000
lowpoly_plastic
0  -4.131191 -23.814905 -4.066411  -0.093846 0.000004 -0.995587  0.075349 0.627009 1 64 1.000000
0  -4.149725 -23.897249 -4.064663  -0.093862 0.000003 -0.995585  0.075349 0.627009 1 64 1.000000
0  -4.149722 -23.814905 -4.064663  -0.093843 0.000004 -0.995587  0.075349 0.627009 1 64 1.000000
lowpoly_plastic
0  -3.702037 -22.309677 -5.749249  -0.000042 -1.000000 -0.000026  0.075349 0.627009 1 64 1.000000
0  -3.712447 -22.309677 -5.759871  -0.000079 -1.000000 0.000037  0.075349 0.627009 1 64 1.000000
0  -3.701122 -22.309681 -5.774665  -0.000066 -1.000000 0.000073  0.075349 0.627009 1 64 1.000000
lowpoly_plastic
0  -4.131193 -21.443436 -4.066411  -0.093955 0.000000 -0.995576  0.075349 0.627009 1 64 1.000000
0  -4.149725 -21.525780 -4.064662  -0.093951 -0.000005 -0.995577  0.075349 0.627009 1 64 1.000000
0  -4.149724 -21.443434 -4.064662  -0.093956 0.000001 -0.995576  0.075349 0.627009 1 64 1.000000
lowpoly_plastic
0  -4.131188 -20.577194 -4.066411  -0.060327 0.766600 -0.639284  0.075349 0.627009 1 64 1.000000
0  -4.149723 -20.659531 -4.163396  -0.060339 0.766595 -0.639290  0.075349 0.627009 1 64 1.000000
0  -4.149723 -20.577194 -4.064662  -0.060325 0.766601 -0.639284  0.075349 0.627009 1 64 1.000000
lowpoly_plastic
0  -4.131190 -22.556705 -4.165146  0.000000 1.000000 -0.000000  0.075349 0.627009 1 64 1.000000
0  -4.149727 -22.556705 -5.179888  0.000000 1.000000 -0.000000  0.075349 0.627009 1 64 1.000000
0  -4.149727 -22.556705 -4.163397  0.000000 1.000000 -0.000000  0.075349 0.627009 1 64 1.000000
lowpoly_plastic
0  -4.131190 -21.608120 -5.181635  -0.000100 1.000000 0.000045  0.075349 0.627009 1 64 1.000000
0  -3.712442 -21.608114 -5.759870  0.000284 1.000000 0.000168  0.075349 0.627009 1 64 1.000000
0  -4.149722 -21.608120 -5.188522  -0.000082 1.000000 0.000182  0.075349 0.627009 1 64 1.000000
lowpoly_plastic
0  -3.546434 -23.031000 -5.774665  -1.000000 -0.000071 0.000000  0.075349 0.627009 1 64 1.000000
0  -3.546440 -22.948660 -5.749249  -1.000000 -0.000011 0.000000  0.075349 0.627009 1 64 1.000000
0  -3.546440 -22.948660 -5.774665  -1.000000 -0.000011 0.000000  0.075349 0.627009 1 64 1.000000
lowpoly_plastic
0  -3.546436 -20.494850 -5.774664  -1.000000 0.000034 -0.000025  0.075349 0.627009 1 64 1.000000
0  -3.546435 -20.412506 -5.749248  -1.000000 0.000008 0.000000  0.075349 0.627009 1 64 1.000000
0  -3.546435 -20.412506 -5.774664  -1.000000 0.000007 0.000000  0.075349 0.627009 1 64 1.000000
lowpoly_plastic
0  -3.546435 -20.969137 -5.774664  -1.000000 0.000006 0.000000  0.075349 0.627009 1 64 1.000000
0  -3.546436 -20.886801 -5.749248  -1.000000 -0.000013 0.000000  0.075349 0.627009 1 64 1.000000
0  -3.546436 -20.886801 -5.774664  -1.000000 -0.000014 0.000000  0.075349 0.627009 1 64 1.000000
lowpoly_plastic
0  -4.131194 -24.845833 -4.066411  -0.060334 0.766576 -0.639313  0.075349 0.627009 1 64 1.000000
0  -4.149727 -24.928177 -4.163397  -0.060265 0.766577 -0.639318  0.075349 0.627009 1 64 1.000000
0  -4.149723 -24.845833 -4.064662  -0.060341 0.766576 -0.639312  0.075349 0.627009 1 64 1.000000
lowpoly_plastic
0  -4.149727 -24.681149 -4.163397  -0.060173 -0.766565 -0.639341  0.075349 0.627009 1 64 1.000000
0  -4.131191 -24.763491 -4.066411  -0.060236 -0.766576 -0.639322  0.075349 0.627009 1 64 1.000000
0  -4.149729 -24.763493 -4.064662  -0.060242 -0.766577 -0.639320  0.075349 0.627009 1 64 1.000000
lowpoly_plastic
0  -3.702035 -20.886799 -5.749248  -0.000098 -1.000000 0.000003  0.075349 0.627009 1 64 1.000000
0  -3.712446 -20.886797 -5.759870  -0.000184 -1.000000 -0.000083  0.075349 0.627009 1 64 1.000000
0  -3.701121 -20.886801 -5.774664  -0.000078 -1.000000 0.000138  0.075349 0.627009 1 64 1.000000
lowpoly_plastic
0  -3.546436 -23.814903 -5.749249  -1.000000 -0.000019 0.000018  0.075349 0.627009 1 64 1.000000
0  -3.546439 -23.732563 -5.774665  -1.000000 0.000016 0.000152  0.075349 0.627009 1 64 1.000000
0  -3.546436 -23.814903 -5.774665  -1.000000 -0.000024 0.000000  0.075349 0.627009 1 64 1.000000
lowpoly_plastic
0  -3.546434 -21.608118 -5.749249  -1.000000 -0.000036 0.000000  0.075349 0.627009 1 64 1.000000
0  -3.546437 -21.525778 -5.774665  -1.000000 -0.000018 0.000000  0.075349 0.627009 1 64 1.000000
0  -3.546434 -21.608118 -5.774665  -1.000000 -0.000036 0.000000  0.075349 0.627009 1 64 1.000000
lowpoly_plastic
0  -4.131188 -21.525776 -4.066411  -0.060489 0.766564 -0.639313  0.075349 0.627009 1 64 1.000000
0  -4.149727 -21.608124 -4.163396  -0.060488 0.766561 -0.639316  0.075349 0.627009 1 64 1.000000
0  -4.149725 -21.525780 -4.064662  -0.060489 0.766564 -0.639312  0.075349 0.627009 1 64 1.000000
lowpoly_plastic
0  -3.546440 -22.082411 -5.749249  -0.000022 1.000000 -0.000012  0.075349 0.627009 1 64 1.000000
0  -3.546440 -22.082411 -5.774665  -0.000025 1.000000 0.000000  0.075349 0.627009 1 64 1.000000
0  -3.701119 -22.082415 -5.774665  0.000039 1.000000 -0.000108  0.075349 0.627009 1 64 1.000000
lowpoly_plastic
0  -3.702034 -23.258268 -5.749249  0.000027 -1.000000 -0.000066  0.075349 0.627009 1 64 1.000000
0  -3.712444 -23.258268 -5.759871  0.000079 -1.000000 0.000000  0.075349 0.627009 1 64 1.000000
0  -3.701125 -23.258265 -5.774665  0.000039 -1.000000 -0.000114  0.075349 0.627009 1 64 1.000000
lowpoly_plastic
0  -4.131194 -23.505299 -5.181636  0.000090 1.000000 0.000069  0.075349 0.627009 1 64 1.000000
0  -3.712446 -23.505295 -5.759871  -0.000104 1.000000 -0.000023  0.075349 0.627009 1 64 1.000000
0  -4.149724 -23.505297 -5.188523  0.000091 1.000000 0.000072  0.075349 0.627009 1 64 1.000000
lowpoly_plastic
0  -3.546437 -20.659531 -5.749248  -0.000022 1.000000 -0.000012  0.075349 0.627009 1 64 1.000000
0  -3.546437 -20.659531 -5.774664  -0.000025 1.000000 0.000000  0.075349 0.627009 1 64 1.000000
0  -3.701116 -20.659534 -5.774664  -0.000010 1.000000 -0.000169  0.075349 0.627009 1 64 1.000000
lowpoly_plastic
0  -4.149726 -22.309681 -4.163397  -0.060298 -0.766561 -0.639335  0.075349 0.627009 1 64 1.000000
0  -4.131189 -22.392025 -4.066412  -0.060187 -0.766572 -0.639331  0.075349 0.627009 1 64 1.000000
0  -4.149726 -22.392029 -4.064663  -0.060176 -0.766574 -0.639331  0.075349 0.627009 1 64 1.000000
lowpoly_plastic
0  -3.546436 -23.505299 -5.749249  -1.000000 0.000000 0.000000  0.075349 0.627009 1 64 1.000000
0  -3.546436 -23.422953 -5.774665  -1.000000 -0.000021 0.000000  0.075349 0.627009 1 64 1.000000
0  -3.546436 -23.505299 -5.774665  -1.000000 0.000000 0.000000  0.075349 0.627009 1 64 1.000000
lowpoly_plastic
0  -4.131193 -23.031002 -5.181636  0.000043 1.000000 0.000001  0.075349 0.627009 1 64 1.000000
0  -3.712441 -23.031002 -5.759871  0.000167 1.000000 0.000128  0.075349 0.627009 1 64 1.000000
0  -4.149724 -23.031000 -5.188523  0.000052 1.000000 0.000000  0.075349 0.627009 1 64 1.000000
lowpoly_plastic
0  -3.546437 -21.051481 -5.749248  -1.000000 0.000011 0.000000  0.075349 0.627009 1 64 1.000000
0  -3.546435 -20.969137 -5.774664  -1.000000 0.000006 0.000000  0.075349 0.627009 1 64 1.000000
0  -3.546437 -21.051481 -5.774664  -1.000000 0.000011 0.000000  0.075349 0.627009 1 64 1.000000
lowpoly_plastic
0  -3.546436 -23.422953 -5.749249  -1.000000 -0.000022 0.000000  0.075349 0.627009 1 64 1.000000
0  -3.546440 -23.340611 -5.774665  -1.000000 -0.000014 0.000000  0.075349 0.627009 1 64 1.000000
0  -3.546436 -23.422953 -5.774665  -1.000000 -0.000021 0.000000  0.075349 0.627009 1 64 1.000000
lowpoly_plastic
0  -4.131190 -22.474371 -4.066412  -0.060025 0.766615 -0.639296  0.075349 0.627009 1 64 1.000000
0  -4.149727 -22.556705 -4.163397  -0.060290 0.766599 -0.639289  0.075349 0.627009 1 64 1.000000
0  -4.149726 -22.474363 -4.064663  -0.059996 0.766616 -0.639296  0.075349 0.627009 1 64 1.000000
lowpoly_plastic
0  -4.149726 -23.732565 -4.163397  -0.060223 -0.766571 -0.639330  0.075349 0.627009 1 64 1.000000
0  -4.131191 -23.814905 -4.066411  -0.060278 -0.766586 -0.639306  0.075349 0.627009 1 64 1.000000
0  -4.149722 -23.814905 -4.064663  -0.060284 -0.766587 -0.639304  0.075349 0.627009 1 64 1.000000
lowpoly_plastic
0  -4.131193 -20.102900 -4.066411  -0.060267 0.766582 -0.639311  0.075349 0.627009 1 64 1.000000
0  -4.149725 -20.185242 -4.163396  -0.060306 0.766567 -0.639326  0.075349 0.627009 1 64 1.000000
0  -4.149723 -20.102898 -4.064662  -0.060263 0.766584 -0.639310  0.075349 0.627009 1 64 1.000000
lowpoly_plastic
0  -4.149725 -23.258266 -4.163397  -0.060336 -0.766572 -0.639317  0.075349 0.627009 1 64 1.000000
0  -4.131189 -23.340611 -4.066412  -0.060310 -0.766560 -0.639335  0.075349 0.627009 1 64 1.000000
0  -4.149729 -23.340611 -4.064663  -0.060307 -0.766558 -0.639337  0.075349 0.627009 1 64 1.000000
lowpoly_plastic
0  -4.131193 -19.710947 -4.165145  0.000103 1.000000 0.000000  0.075349 0.627009 1 64 1.000000
0  -4.149722 -19.710945 -5.179889  0.000103 1.000000 0.000000  0.075349 0.627009 1 64 1.000000
0  -4.149722 -19.710945 -4.163396  0.000103 1.000000 0.000000  0.075349 0.627009 1 64 1.000000
lowpoly_plastic
0  -4.131193 -24.371540 -4.066411  -0.060260 0.766580 -0.639315  0.075349 0.627009 1 64 1.000000
0  -4.149723 -24.453880 -4.163397  -0.060130 0.766593 -0.639311  0.075349 0.627009 1 64 1.000000
0  -4.149728 -24.371540 -4.064663  -0.060274 0.766579 -0.639316  0.075349 0.627009 1 64 1.000000
lowpoly_plastic
0  -3.546437 -22.392017 -5.749249  -1.000000 0.000011 0.000000  0.075349 0.627009 1 64 1.000000
0  -3.546437 -22.309683 -5.774665  -1.000000 0.000000 0.000000  0.075349 0.627009 1 64 1.000000
0  -3.546437 -22.392017 -5.774665  -1.000000 0.000011 0.000000  0.075349 0.627009 1 64 1.000000
lowpoly_plastic
0  -4.131193 -19.710947 -5.181637  0.000091 1.000000 0.000067  0.075349 0.627009 1 64 1.000000
0  -3.712442 -19.710947 -5.759870  -0.000246 1.000000 -0.000020  0.075349 0.627009 1 64 1.000000
0  -4.149722 -19.710945 -5.188522  0.000092 1.000000 0.000072  0.075349 0.627009 1 64 1.000000
lowpoly_plastic
0  -4.131189 -21.133825 -5.181635  -0.000001 1.000000 -0.000001  0.075349 0.627009 1 64 1.000000
0  -3.712443 -21.133829 -5.759870  -0.000491 1.000000 -0.000284  0.075349 0.627009 1 64 1.000000
0  -4.149726 -21.133825 -5.188522  0.000001 1.000000 0.000000  0.075349 0.627009 1 64 1.000000
lowpoly_plastic
0  -3.546436 -23.979584 -5.749249  -0.000015 1.000000 -0.000192  0.075349 0.627009 1 64 1.000000
0  -3.546441 -23.979586 -5.774665  -0.000012 1.000000 -0.000243  0.075349 0.627009 1 64 1.000000
0  -3.701118 -23.979588 -5.774665  0.000053 1.000000 0.000139  0.075349 0.627009 1 64 1.000000
lowpoly_plastic
0  -3.546435 -23.897251 -5.749247  -1.000000 -0.000001 0.000000  0.075349 0.627009 1 64 1.000000
0  -3.546436 -23.814903 -5.774665  -1.000000 -0.000024 0.000000  0.075349 0.627009 1 64 1.000000
0  -3.546435 -23.897251 -5.774663  -1.000000 0.000006 0.000018  0.075349 0.627009 1 64 1.000000
lowpoly_plastic
0  -4.131190 -20.020554 -4.066411  -0.093959 0.000001 -0.995576  0.075349 0.627009 1 64 1.000000
0  -4.149723 -20.102898 -4.064662  -0.093984 0.000003 -0.995574  0.075349 0.627009 1 64 1.000000
0  -4.149722 -20.020554 -4.064662  -0.093954 0.000001 -0.995577  0.075349 0.627009 1 64 1.000000
lowpoly_plastic
0  -4.131193 -21.051483 -4.066411  -0.060268 0.766572 -0.639324  0.075349 0.627009 1 64 1.000000
0  -4.149726 -21.133825 -4.163396  -0.060310 0.766591 -0.639297  0.075349 0.627009 1 64 1.000000
0  -4.149723 -21.051481 -4.064662  -0.060264 0.766570 -0.639327  0.075349 0.627009 1 64 1.000000
lowpoly_plastic
0  -4.131186 -20.494848 -4.066411  -0.093929 0.000000 -0.995579  0.075349 0.627009 1 64 1.000000
0  -4.149723 -20.577194 -4.064662  -0.093967 0.000003 -0.995575  0.075349 0.627009 1 64 1.000000
0  -4.149723 -20.494848 -4.064662  -0.093921 0.000000 -0.995580  0.075349 0.627009 1 64 1.000000
lowpoly_plastic
0  -3.702035 -21.835382 -5.749249  0.000230 -1.000000 0.000148  0.075349 0.627009 1 64 1.000000
0  -3.712443 -21.835388 -5.759871  0.000430 -1.000000 0.000163  0.075349 0.627009 1 64 1.000000
0  -3.701120 -21.835382 -5.774665  0.000129 -1.000000 -0.000010  0.075349 0.627009 1 64 1.000000
lowpoly_plastic
0  -3.546442 -20.577188 -5.749248  -1.000000 -0.000027 -0.000238  0.075349 0.627009 1 64 1.000000
0  -3.546436 -20.494850 -5.774664  -1.000000 0.000034 -0.000025  0.075349 0.627009 1 64 1.000000
0  -3.546435 -20.577185 -5.774664  -1.000000 -0.000028 -0.000238  0.075349 0.627009 1 64 1.000000
lowpoly_plastic
0  -4.149727 -19.546261 -4.064662  -0.093962 0.000001 -0.995576  0.075349 0.627009 1 64 1.000000
0  -4.131191 -19.628603 -4.066411  -0.093987 -0.000005 -0.995573  0.075349 0.627009 1 64 1.000000
0  -4.149721 -19.628599 -4.064662  -0.093992 -0.000007 -0.995573  0.075349 0.627009 1 64 1.000000
lowpoly_plastic
0  -4.131195 -24.453884 -5.181636  0.000183 1.000000 -0.000067  0.075349 0.627009 1 64 1.000000
0  -3.712443 -24.453886 -5.759869  -0.000222 1.000000 -0.000006  0.075349 0.627009 1 64 1.000000
0  -4.149724 -24.453880 -5.188523  0.000184 1.000000 -0.000072  0.075349 0.627009 1 64 1.000000
lowpoly_plastic
0  -3.546435 -19.628599 -5.774664  -1.000000 -0.000018 0.000000  0.075349 0.627009 1 64 1.000000
0  -3.546439 -19.546259 -5.749250  -1.000000 -0.000011 0.000000  0.075349 0.627009 1 64 1.000000
0  -3.546439 -19.546259 -5.774664  -1.000000 -0.000011 0.000000  0.075349 0.627009 1 64 1.000000
lowpoly_plastic
0  -3.546440 -22.556705 -5.749249  -0.000003 1.000000 0.000012  0.075349 0.627009 1 64 1.000000
0  -3.546440 -22.556705 -5.774665  0.000000 1.000000 0.000000  0.075349 0.627009 1 64 1.000000
0  -3.701126 -22.556705 -5.774665  -0.000008 1.000000 0.000139  0.075349 0.627009 1 64 1.000000
lowpoly_plastic
0  -4.131194 -24.453884 -4.165144  0.000206 1.000000 -0.000002  0.075349 0.627009 1 64 1.000000
0  -4.149724 -24.453880 -5.179888  0.000206 1.000000 0.000002  0.075349 0.627009 1 64 1.000000
0  -4.149723 -24.453880 -4.163397  0.000206 1.000000 -0.000002  0.075349 0.627009 1 64 1.000000
lowpoly_plastic
0  -3.702034 -19.938213 -5.749250  -0.000101 -1.000000 -0.000256  0.075349 0.627009 1 64 1.000000
0  -3.712439 -19.938210 -5.759870  -0.000165 -1.000000 -0.000281  0.075349 0.627009 1 64 1.000000
0  -3.701118 -19.938208 -5.774664  -0.000015 -1.000000 -0.000144  0.075349 0.627009 1 64 1.000000
lowpoly_plastic
0  -4.149724 -19.463913 -4.163396  -0.060482 -0.766579 -0.639296  0.075349 0.627009 1 64 1.000000
0  -4.131189 -19.546257 -4.066411  -0.060179 -0.766551 -0.639358  0.075349 0.627009 1 64 1.000000
0  -4.149727 -19.546261 -4.064662  -0.060147 -0.766548 -0.639364  0.075349 0.627009 1 64 1.000000
lowpoly_plastic
0  -3.546437 -21.133827 -5.749248  -1.000000 0.000000 0.000000  0.075349 0.627009 1 64 1.000000
0  -3.546437 -21.051481 -5.774664  -1.000000 0.000011 0.000000  0.075349 0.627009 1 64 1.000000
0  -3.546437 -21.133827 -5.774664  -1.000000 0.000000 0.000000  0.075349 0.627009 1 64 1.000000
lowpoly_plastic
0  -4.131188 -21.133825 -4.165145  0.000000 1.000000 -0.000003  0.075349 0.627009 1 64 1.000000
0  -4.149726 -21.133825 -5.179887  0.000000 1.000000 0.000002  0.075349 0.627009 1 64 1.000000
0  -4.149726 -21.133825 -4.163396  0.000000 1.000000 -0.000003  0.075349 0.627009 1 64 1.000000
lowpoly_plastic
0  -3.546436 -24.371534 -5.749249  -1.000000 -0.000025 0.000000  0.075349 0.627009 1 64 1.000000
0  -3.546441 -24.289196 -5.774665  -1.000000 -0.000011 0.000000  0.075349 0.627009 1 64 1.000000
0  -3.546436 -24.371534 -5.774665  -1.000000 -0.000024 0.000000  0.075349 0.627009 1 64 1.000000
lowpoly_plastic
0  -3.701121 -19.710945 -5.774664  -0.794174 -0.000011 -0.607690  0.075349 0.627009 1 64 1.000000
0  -3.701118 -19.938208 -5.774664  -0.794157 -0.000011 -0.607713  0.075349 0.627009 1 64 1.000000
0  -3.712439 -19.938210 -5.759870  -0.794133 -0.000011 -0.607744  0.075349 0.627009 1 64 1.000000
lowpoly_plastic
0  -3.712441 -20.185234 -5.759870  -0.794085 0.000005 -0.607807  0.075349 0.627009 1 64 1.000000
0  -3.712441 -20.412508 -5.759870  -0.794139 0.000000 -0.607736  0.075349 0.627009 1 64 1.000000
0  -4.149722 -20.412504 -5.188522  -0.794111 0.000000 -0.607773  0.075349 0.627009 1 64 1.000000
lowpoly_plastic
0  -3.712443 -20.659533 -5.759870  -0.794059 0.000014 -0.607840  0.075349 0.627009 1 64 1.000000
0  -3.712446 -20.886797 -5.759870  -0.794072 0.000009 -0.607824  0.075349 0.627009 1 64 1.000000
0  -4.149727 -20.886795 -5.188522  -0.794111 0.000013 -0.607773  0.075349 0.627009 1 64 1.000000
lowpoly_plastic
0  -3.712443 -21.133829 -5.759870  -0.794132 -0.000006 -0.607745  0.075349 0.627009 1 64 1.000000
0  -3.712441 -21.361090 -5.759870  -0.794140 -0.000006 -0.607735  0.075349 0.627009 1 64 1.000000
0  -4.149728 -21.361092 -5.188522  -0.794106 0.000004 -0.607779  0.075349 0.627009 1 64 1.000000
lowpoly_plastic
0  -3.712442 -21.608114 -5.759870  -0.794115 0.000006 -0.607767  0.075349 0.627009 1 64 1.000000
0  -3.712443 -21.835388 -5.759871  -0.794110 0.000006 -0.607774  0.075349 0.627009 1 64 1.000000
0  -4.149723 -21.835386 -5.188522  -0.794112 0.000003 -0.607771  0.075349 0.627009 1 64 1.000000
lowpoly_plastic
0  -3.712446 -22.082411 -5.759871  -0.794068 0.000006 -0.607829  0.075349 0.627009 1 64 1.000000
0  -3.701122 -22.309681 -5.774665  -0.794037 0.000004 -0.607870  0.075349 0.627009 1 64 1.000000
0  -3.712447 -22.309677 -5.759871  -0.794075 0.000003 -0.607819  0.075349 0.627009 1 64 1.000000
lowpoly_plastic
0  -3.712446 -22.556707 -5.759871  -0.794145 -0.000021 -0.607729  0.075349 0.627009 1 64 1.000000
0  -3.712442 -22.783972 -5.759871  -0.794084 -0.000014 -0.607809  0.075349 0.627009 1 64 1.000000
0  -4.149724 -22.783970 -5.188523  -0.794111 -0.000010 -0.607773  0.075349 0.627009 1 64 1.000000
lowpoly_plastic
0  -3.712441 -23.031002 -5.759871  -0.794136 0.000015 -0.607740  0.075349 0.627009 1 64 1.000000
0  -3.712444 -23.258268 -5.759871  -0.794158 0.000011 -0.607711  0.075349 0.627009 1 64 1.000000
0  -4.149725 -23.258266 -5.188523  -0.794110 0.000007 -0.607774  0.075349 0.627009 1 64 1.000000
lowpoly_plastic
0  -3.712446 -23.505295 -5.759871  -0.794094 -0.000013 -0.607795  0.075349 0.627009 1 64 1.000000
0  -3.712442 -23.732557 -5.759869  -0.794125 -0.000018 -0.607754  0.075349 0.627009 1 64 1.000000
0  -4.149726 -23.732565 -5.188523  -0.794109 0.000004 -0.607775  0.075349 0.627009 1 64 1.000000
lowpoly_plastic
0  -3.712442 -23.979586 -5.759869  -0.794113 0.000006 -0.607770  0.075349 0.627009 1 64 1.000000
0  -3.712446 -24.206854 -5.759869  -0.794079 0.000013 -0.607815  0.075349 0.627009 1 64 1.000000
0  -4.149726 -24.206850 -5.188523  -0.794106 -0.000009 -0.607779  0.075349 0.627009 1 64 1.000000
lowpoly_plastic
0  -3.701122 -24.453880 -5.774665  -0.794204 0.000014 -0.607651  0.075349 0.627009 1 64 1.000000
0  -3.701125 -24.681147 -5.774665  -0.794172 0.000011 -0.607693  0.075349 0.627009 1 64 1.000000
0  -3.712447 -24.681147 -5.759869  -0.794139 0.000013 -0.607736  0.075349 0.627009 1 64 1.000000
lowpoly_plastic
0  -3.712444 -24.928181 -5.759869  -0.794134 -0.000001 -0.607742  0.075349 0.627009 1 64 1.000000
0  -3.701118 -26.124834 -5.774664  -0.794106 -0.000002 -0.607779  0.075349 0.627009 1 64 1.000000
0  -4.149730 -26.124832 -5.188523  -0.794107 -0.000000 -0.607779  0.075349 0.627009 1 64 1.000000
lowpoly_plastic
0  -3.702034 -19.463917 -5.749250  0.000019 -1.000000 -0.000118  0.075349 0.627009 1 64 1.000000
0  -3.712443 -19.463917 -5.759870  0.000039 -1.000000 -0.000083  0.075349 0.627009 1 64 1.000000
0  -3.701122 -19.463915 -5.774664  0.000028 -1.000000 -0.000071  0.075349 0.627009 1 64 1.000000
lowpoly_plastic
0  -4.131189 -24.289196 -4.066411  -0.093822 0.000004 -0.995589  0.075349 0.627009 1 64 1.000000
0  -4.149728 -24.371540 -4.064663  -0.093856 0.000004 -0.995586  0.075349 0.627009 1 64 1.000000
0  -4.149725 -24.289196 -4.064663  -0.093815 0.000004 -0.995590  0.075349 0.627009 1 64 1.000000
lowpoly_plastic
0  -3.702034 -24.206852 -5.749247  0.000071 -1.000000 0.000055  0.075349 0.627009 1 64 1.000000
0  -3.712446 -24.206854 -5.759869  0.000102 -1.000000 0.000235  0.075349 0.627009 1 64 1.000000
0  -3.701119 -24.206854 -5.774665  0.000038 -1.000000 0.000067  0.075349 0.627009 1 64 1.000000
lowpoly_plastic
0  -4.149721 -20.412504 -4.163396  -0.060428 -0.766576 -0.639304  0.075349 0.627009 1 64 1.000000
0  -4.131186 -20.494848 -4.066411  -0.060324 -0.766568 -0.639324  0.075349 0.627009 1 64 1.000000
0  -4.149723 -20.494848 -4.064662  -0.060313 -0.766567 -0.639326  0.075349 0.627009 1 64 1.000000
lowpoly_plastic
0  -4.131192 -23.031002 -4.165146  0.000000 1.000000 0.000002  0.075349 0.627009 1 64 1.000000
0  -4.149728 -23.031002 -5.179888  0.000010 1.000000 0.000000  0.075349 0.627009 1 64 1.000000
0  -4.149728 -23.031002 -4.163397  0.000000 1.000000 0.000002  0.075349 0.627009 1 64 1.000000
lowpoly_plastic
0  -3.702039 -22.783976 -5.749249  -0.000150 -1.000000 -0.000058  0.075349 0.627009 1 64 1.000000
0  -3.712442 -22.783972 -5.759871  -0.000288 -1.000000 -0.000083  0.075349 0.627009 1 64 1.000000
0  -3.701117 -22.783976 -5.774665  -0.000080 -1.000000 0.000032  0.075349 0.627009 1 64 1.000000
lowpoly_plastic
0  -3.546436 -23.979584 -5.749249  -1.000000 0.000060 0.000152  0.075349 0.627009 1 64 1.000000
0  -3.546435 -23.897251 -5.774663  -1.000000 0.000006 0.000018  0.075349 0.627009 1 64 1.000000
0  -3.546441 -23.979586 -5.774665  -1.000000 0.000072 0.000188  0.075349 0.627009 1 64 1.000000
lowpoly_plastic
0  -3.702038 -23.732559 -5.749249  -0.000077 -1.000000 -0.000046  0.075349 0.627009 1 64 1.000000
0  -3.712442 -23.732557 -5.759869  -0.000140 -1.000000 -0.000081  0.075349 0.627009 1 64 1.000000
0  -3.701118 -23.732559 -5.774665  -0.000051 -1.000000 0.000059  0.075349 0.627009 1 64 1.000000
lowpoly_plastic
0  -3.546439 -22.474361 -5.749249  -1.000000 0.000017 0.000000  0.075349 0.627009 1 64 1.000000
0  -3.546437 -22.392017 -5.774665  -1.000000 0.000011 0.000000  0.075349 0.627009 1 64 1.000000
0  -3.546439 -22.474361 -5.774665  -1.000000 0.000018 0.000000  0.075349 0.627009 1 64 1.000000
lowpoly_plastic
0  -4.149728 -21.361092 -4.163396  -0.060256 -0.766566 -0.639333  0.075349 0.627009 1 64 1.000000
0  -4.131193 -21.443436 -4.066411  -0.060391 -0.766570 -0.639315  0.075349 0.627009 1 64 1.000000
0  -4.149724 -21.443434 -4.064662  -0.060405 -0.766570 -0.639313  0.075349 0.627009 1 64 1.000000
lowpoly_plastic
0  -3.546436 -20.102896 -5.749248  -1.000000 0.000029 0.000000  0.075349 0.627009 1 64 1.000000
0  -3.546434 -20.020554 -5.774664  -1.000000 -0.000011 0.000000  0.075349 0.627009 1 64 1.000000
0  -3.546436 -20.102896 -5.774664  -1.000000 0.000028 0.000000  0.075349 0.627009 1 64 1.000000
lowpoly_plastic
0  -4.149722 -21.835386 -4.163396  -0.060425 -0.766590 -0.639288  0.075349 0.627009 1 64 1.000000
0  -4.131189 -21.917728 -4.066411  -0.060269 -0.766569 -0.639328  0.075349 0.627009 1 64 1.000000
0  -4.149724 -21.917730 -4.064662  -0.060253 -0.766566 -0.639332  0.075349 0.627009 1 64 1.000000
lowpoly_plastic
0  -3.546432 -22.000072 -5.749249  -1.000000 0.000006 0.000000  0.075349 0.627009 1 64 1.000000
0  -3.546439 -21.917730 -5.774665  -1.000000 -0.000024 0.000000  0.075349 0.627009 1 64 1.000000
0  -3.546432 -22.000072 -5.774665  -1.000000 0.000007 0.000000  0.075349 0.627009 1 64 1.000000
lowpoly_plastic
0  -4.131189 -21.608120 -4.165145  -0.000206 1.000000 0.000002  0.075349 0.627009 1 64 1.000000
0  -4.149727 -21.608124 -5.179887  -0.000186 1.000000 0.000173  0.075349 0.627009 1 64 1.000000
0  -4.149727 -21.608124 -4.163396  -0.000206 1.000000 0.000002  0.075349 0.627009 1 64 1.000000
lowpoly_plastic
0  -3.546440 -22.948660 -5.774665  -1.000000 -0.000011 0.000000  0.075349 0.627009 1 64 1.000000
0  -3.546436 -22.866316 -5.749249  -1.000000 0.000028 0.000000  0.075349 0.627009 1 64 1.000000
0  -3.546436 -22.866316 -5.774665  -1.000000 0.000028 0.000000  0.075349 0.627009 1 64 1.000000
lowpoly_plastic
0  -3.546440 -22.556705 -5.749249  -1.000000 0.000013 0.000000  0.075349 0.627009 1 64 1.000000
0  -3.546439 -22.474361 -5.774665  -1.000000 0.000018 0.000000  0.075349 0.627009 1 64 1.000000
0  -3.546440 -22.556705 -5.774665  -1.000000 0.000014 0.000000  0.075349 0.627009 1 64 1.000000
lowpoly_plastic
0  -3.546437 -20.659531 -5.749248  -1.000000 0.000006 -0.000050  0.075349 0.627009 1 64 1.000000
0  -3.546435 -20.577185 -5.774664  -1.000000 -0.000028 -0.000238  0.075349 0.627009 1 64 1.000000
0  -3.546437 -20.659531 -5.774664  -1.000000 0.000021 0.000000  0.075349 0.627009 1 64 1.000000
lowpoly_plastic
0  -3.373446 -19.175238 -3.872225  -0.000002 0.000000 1.000000  0.075349 0.627009 1 64 1.000000
0  -3.957222 -19.455669 -3.872228  -0.000002 0.000000 1.000000  0.075349 0.627009 1 64 1.000000
0  -3.373449 -19.455675 -3.872225  -0.000002 0.000000 1.000000  0.075349 0.627009 1 64 1.000000
lowpoly_plastic
0  -3.957218 -16.791492 -3.872227  0.000000 0.953993 0.299828  0.075349 0.627009 1 64 1.000000
0  -4.149723 -16.408638 -5.090406  0.000000 0.953994 0.299827  0.075349 0.627009 1 64 1.000000
0  -4.149724 -16.791492 -3.872227  0.000000 0.953993 0.299828  0.075349 0.627009 1 64 1.000000
lowpoly_plastic
0  -3.373446 -19.175238 -3.872225  -0.000002 0.000000 1.000000  0.075349 0.627009 1 64 1.000000
0  -3.957215 -18.894794 -3.872228  0.000000 -0.000000 1.000000  0.075349 0.627009 1 64 1.000000
0  -3.957217 -19.175234 -3.872228  -0.000002 0.000000 1.000000  0.075349 0.627009 1 64 1.000000
lowpoly_plastic
0  -3.373449 -19.455675 -3.872225  -0.000002 0.000000 1.000000  0.075349 0.627009 1 64 1.000000
0  -3.957222 -26.124838 -3.872225  -0.000001 0.000000 1.000000  0.075349 0.627009 1 64 1.000000
0  -3.373454 -26.124836 -3.872225  -0.000000 0.000000 1.000000  0.075349 0.627009 1 64 1.000000
lowpoly_plastic
0  -3.373446 -16.791496 -4.160543  0.442821 0.000000 0.896610  0.075349 0.627009 1 64 1.000000
0  -3.957215 -18.894794 -3.872228  0.442821 0.000000 0.896610  0.075349 0.627009 1 64 1.000000
0  -3.373446 -18.894793 -4.160542  0.442820 0.000001 0.896610  0.075349 0.627009 1 64 1.000000
lowpoly_plastic
0  -3.044864 -19.546261 -5.749250  0.797674 0.000017 -0.603088  0.064370 0.664198 1 64 1.000000
0  -2.615708 -19.463915 -5.181635  0.797672 0.000018 -0.603092  0.064370 0.664198 1 64 1.000000
0  -2.615706 -19.546257 -5.181635  0.797666 0.000006 -0.603099  0.064370 0.664198 1 64 1.000000
lowpoly_plastic
0  -3.200458 -19.463919 -5.749250  0.000000 0.000000 -1.000000  0.064370 0.664198 1 64 1.000000
0  -3.044864 -19.546261 -5.749250  0.000000 0.000000 -1.000000  0.064370 0.664198 1 64 1.000000
0  -3.200461 -19.546263 -5.749250  0.000000 0.000000 -1.000000  0.064370 0.664198 1 64 1.000000
lowpoly_plastic
0  -2.615706 -19.546257 -5.181635  1.000000 0.000006 -0.000000  0.064370 0.664198 1 64 1.000000
0  -2.615707 -19.463915 -4.165145  1.000000 0.000023 -0.000000  0.064370 0.664198 1 64 1.000000
0  -2.615705 -19.546257 -4.066411  1.000000 -0.000000 -0.000000  0.064370 0.664198 1 64 1.000000
lowpoly_plastic
0  -2.597175 -19.463915 -5.179887  0.000010 -1.000000 -0.000176  0.075349 0.627009 1 64 1.000000
0  -2.615707 -19.463915 -4.165145  0.000000 -1.000000 -0.000000  0.075349 0.627009 1 64 1.000000
0  -2.615708 -19.463915 -5.181635  0.000042 -1.000000 -0.000049  0.075349 0.627009 1 64 1.000000
lowpoly_plastic
0  -2.597171 -19.463913 -5.188522  0.000052 -1.000000 -0.000186  0.075349 0.627009 1 64 1.000000
0  -2.597175 -19.463915 -5.179887  0.000010 -1.000000 -0.000176  0.075349 0.627009 1 64 1.000000
0  -2.615708 -19.463915 -5.181635  0.000042 -1.000000 -0.000049  0.075349 0.627009 1 64 1.000000
lowpoly_plastic
0  -2.615707 -19.628603 -5.181635  1.000000 0.000015 0.000003  0.064370 0.664198 1 64 1.000000
0  -2.615709 -19.710947 -4.165145  1.000000 -0.000034 -0.000000  0.064370 0.664198 1 64 1.000000
0  -2.615703 -19.710943 -5.181635  1.000000 0.000046 0.000006  0.064370 0.664198 1 64 1.000000
lowpoly_plastic
0  -2.615707 -19.628603 -5.181635  1.000000 0.000015 0.000003  0.064370 0.664198 1 64 1.000000
0  -2.615705 -19.546257 -4.066411  1.000000 -0.000000 -0.000000  0.064370 0.664198 1 64 1.000000
0  -2.615706 -19.628603 -4.066411  1.000000 -0.000018 -0.000000  0.064370 0.664198 1 64 1.000000
lowpoly_plastic
0  -3.200460 -19.710939 -5.749250  0.000004 -0.000007 -1.000000  0.064370 0.664198 1 64 1.000000
0  -3.044858 -19.628601 -5.749250  0.000005 -0.000008 -1.000000  0.064370 0.664198 1 64 1.000000
0  -3.044861 -19.710947 -5.749248  0.000014 -0.000023 -1.000000  0.064370 0.664198 1 64 1.000000
lowpoly_plastic
0  -3.200461 -19.546263 -5.749250  0.000000 0.000000 -1.000000  0.064370 0.664198 1 64 1.000000
0  -3.044858 -19.628601 -5.749250  0.000005 -0.000008 -1.000000  0.064370 0.664198 1 64 1.000000
0  -3.200466 -19.628601 -5.749250  0.000000 0.000000 -1.000000  0.064370 0.664198 1 64 1.000000
lowpoly_plastic
0  -3.044858 -19.628601 -5.749250  0.797674 0.000009 -0.603088  0.064370 0.664198 1 64 1.000000
0  -2.615703 -19.710943 -5.181635  0.797660 0.000031 -0.603107  0.064370 0.664198 1 64 1.000000
0  -3.044861 -19.710947 -5.749248  0.797668 -0.000041 -0.603096  0.064370 0.664198 1 64 1.000000
lowpoly_plastic
0  -3.044864 -19.546261 -5.749250  0.797674 0.000017 -0.603088  0.064370 0.664198 1 64 1.000000
0  -2.615707 -19.628603 -5.181635  0.797661 0.000016 -0.603106  0.064370 0.664198 1 64 1.000000
0  -3.044858 -19.628601 -5.749250  0.797674 0.000009 -0.603088  0.064370 0.664198 1 64 1.000000
lowpoly_plastic
0  -3.044864 -19.938211 -5.749248  0.797676 0.000051 -0.603086  0.064370 0.664198 1 64 1.000000
0  -2.615709 -20.020555 -5.181635  0.797671 0.000021 -0.603093  0.064370 0.664198 1 64 1.000000
0  -3.044858 -20.020555 -5.749248  0.797670 0.000018 -0.603094  0.064370 0.664198 1 64 1.000000
lowpoly_plastic
0  -3.200463 -19.938208 -5.749250  0.000014 -0.000000 -1.000000  0.064370 0.664198 1 64 1.000000
0  -3.044858 -20.020555 -5.749248  0.000009 -0.000004 -1.000000  0.064370 0.664198 1 64 1.000000
0  -3.200466 -20.020552 -5.749250  0.000014 -0.000012 -1.000000  0.064370 0.664198 1 64 1.000000
lowpoly_plastic
0  -2.615709 -20.020555 -5.181635  1.000000 0.000023 0.000002  0.064370 0.664198 1 64 1.000000
0  -2.615705 -19.938211 -4.165145  1.000000 -0.000034 -0.000000  0.064370 0.664198 1 64 1.000000
0  -2.615708 -20.020555 -4.066411  1.000000 -0.000010 -0.000000  0.064370 0.664198 1 64 1.000000
lowpoly_plastic
0  -2.597175 -19.938213 -5.179887  -0.000083 -1.000000 -0.000525  0.075349 0.627009 1 64 1.000000
0  -2.615705 -19.938211 -4.165145  -0.000103 -1.000000 -0.000000  0.075349 0.627009 1 64 1.000000
0  -2.615706 -19.938211 -5.181635  -0.000008 -1.000000 -0.000202  0.075349 0.627009 1 64 1.000000
lowpoly_plastic
0  -2.597170 -19.938210 -5.188522  0.000012 -1.000000 -0.000620  0.075349 0.627009 1 64 1.000000
0  -2.597175 -19.938213 -5.179887  -0.000083 -1.000000 -0.000525  0.075349 0.627009 1 64 1.000000
0  -2.615706 -19.938211 -5.181635  -0.000008 -1.000000 -0.000202  0.075349 0.627009 1 64 1.000000
lowpoly_plastic
0  -2.615702 -20.102898 -5.181635  1.000000 0.000021 0.000003  0.064370 0.664198 1 64 1.000000
0  -2.615705 -20.185242 -4.165145  1.000000 0.000021 0.000005  0.064370 0.664198 1 64 1.000000
0  -2.615706 -20.185242 -5.181635  1.000000 -0.000046 -0.000000  0.064370 0.664198 1 64 1.000000
lowpoly_plastic
0  -2.615709 -20.020555 -5.181635  1.000000 0.000023 0.000002  0.064370 0.664198 1 64 1.000000
0  -2.615708 -20.102901 -4.066411  1.000000 0.000010 0.000002  0.064370 0.664198 1 64 1.000000
0  -2.615702 -20.102898 -5.181635  1.000000 0.000021 0.000003  0.064370 0.664198 1 64 1.000000
lowpoly_plastic
0  -3.200460 -20.102894 -5.749248  0.000005 -0.000008 -1.000000  0.064370 0.664198 1 64 1.000000
0  -3.044862 -20.185244 -5.749248  -0.000000 0.000000 -1.000000  0.064370 0.664198 1 64 1.000000
0  -3.200463 -20.185238 -5.749248  -0.000001 0.000000 -1.000000  0.064370 0.664198 1 64 1.000000
lowpoly_plastic
0  -3.200460 -20.102894 -5.749248  0.000005 -0.000008 -1.000000  0.064370 0.664198 1 64 1.000000
0  -3.044858 -20.020555 -5.749248  0.000009 -0.000004 -1.000000  0.064370 0.664198 1 64 1.000000
0  -3.044861 -20.102900 -5.749248  0.000000 0.000000 -1.000000  0.064370 0.664198 1 64 1.000000
lowpoly_plastic
0  -3.044861 -20.102900 -5.749248  0.797669 -0.000019 -0.603095  0.064370 0.664198 1 64 1.000000
0  -2.615706 -20.185242 -5.181635  0.797669 -0.000035 -0.603096  0.064370 0.664198 1 64 1.000000
0  -3.044862 -20.185244 -5.749248  0.797677 -0.000008 -0.603084  0.064370 0.664198 1 64 1.000000
lowpoly_plastic
0  -3.044858 -20.020555 -5.749248  0.797670 0.000018 -0.603094  0.064370 0.664198 1 64 1.000000
0  -2.615702 -20.102898 -5.181635  0.797672 0.000011 -0.603091  0.064370 0.664198 1 64 1.000000
0  -3.044861 -20.102900 -5.749248  0.797669 -0.000019 -0.603095  0.064370 0.664198 1 64 1.000000
lowpoly_plastic
0  -3.044858 -20.412506 -5.749248  0.797671 -0.000043 -0.603092  0.064370 0.664198 1 64 1.000000
0  -2.615703 -20.494848 -5.181635  0.797662 0.000007 -0.603105  0.064370 0.664198 1 64 1.000000
0  -3.044863 -20.494844 -5.749248  0.797667 -0.000038 -0.603098  0.064370 0.664198 1 64 1.000000
lowpoly_plastic
0  -3.200458 -20.412502 -5.749248  0.000000 0.000000 -1.000000  0.064370 0.664198 1 64 1.000000
0  -3.044863 -20.494844 -5.749248  0.000000 0.000000 -1.000000  0.064370 0.664198 1 64 1.000000
0  -3.200460 -20.494844 -5.749248  0.000000 0.000000 -1.000000  0.064370 0.664198 1 64 1.000000
lowpoly_plastic
0  -2.615703 -20.494848 -5.181635  1.000000 0.000012 -0.000000  0.064370 0.664198 1 64 1.000000
0  -2.615705 -20.412508 -4.165145  1.000000 0.000038 -0.000000  0.064370 0.664198 1 64 1.000000
0  -2.615703 -20.494848 -4.066411  1.000000 0.000001 -0.000000  0.064370 0.664198 1 64 1.000000
lowpoly_plastic
0  -2.597170 -20.412506 -5.179887  0.000103 -1.000000 0.000001  0.075349 0.627009 1 64 1.000000
0  -2.615705 -20.412508 -4.165145  0.000103 -1.000000 0.000000  0.075349 0.627009 1 64 1.000000
0  -2.615706 -20.412508 -5.181635  0.000091 -1.000000 -0.000031  0.075349 0.627009 1 64 1.000000
lowpoly_plastic
0  -2.597170 -20.412506 -5.188522  0.000090 -1.000000 -0.000034  0.075349 0.627009 1 64 1.000000
0  -2.597170 -20.412506 -5.179887  0.000103 -1.000000 0.000001  0.075349 0.627009 1 64 1.000000
0  -2.615706 -20.412508 -5.181635  0.000091 -1.000000 -0.000031  0.075349 0.627009 1 64 1.000000
lowpoly_plastic
0  -2.615704 -20.577192 -5.181635  1.000000 -0.000019 -0.000000  0.064370 0.664198 1 64 1.000000
0  -2.615705 -20.659538 -4.165146  1.000000 -0.000021 -0.000000  0.064370 0.664198 1 64 1.000000
0  -2.615706 -20.659538 -5.181636  1.000000 -0.000028 -0.000000  0.064370 0.664198 1 64 1.000000
lowpoly_plastic
0  -2.615703 -20.494848 -5.181635  1.000000 0.000012 -0.000000  0.064370 0.664198 1 64 1.000000
0  -2.615704 -20.577192 -4.066411  1.000000 -0.000017 -0.000000  0.064370 0.664198 1 64 1.000000
0  -2.615704 -20.577192 -5.181635  1.000000 -0.000019 -0.000000  0.064370 0.664198 1 64 1.000000
lowpoly_plastic
0  -3.200461 -20.577192 -5.749248  0.000000 0.000000 -1.000000  0.064370 0.664198 1 64 1.000000
0  -3.044860 -20.659531 -5.749248  0.000000 0.000000 -1.000000  0.064370 0.664198 1 64 1.000000
0  -3.200457 -20.659533 -5.749248  0.000000 0.000000 -1.000000  0.064370 0.664198 1 64 1.000000
lowpoly_plastic
0  -3.200460 -20.494844 -5.749248  0.000000 0.000000 -1.000000  0.064370 0.664198 1 64 1.000000
0  -3.044866 -20.577188 -5.749248  0.000000 0.000000 -1.000000  0.064370 0.664198 1 64 1.000000
0  -3.200461 -20.577192 -5.749248  0.000000 0.000000 -1.000000  0.064370 0.664198 1 64 1.000000
lowpoly_plastic
0  -3.044866 -20.577188 -5.749248  0.797659 0.000012 -0.603109  0.064370 0.664198 1 64 1.000000
0  -2.615706 -20.659538 -5.181636  0.797678 -0.000007 -0.603083  0.064370 0.664198 1 64 1.000000
0  -3.044860 -20.659531 -5.749248  0.797654 0.000057 -0.603115  0.064370 0.664198 1 64 1.000000
lowpoly_plastic
0  -3.044863 -20.494844 -5.749248  0.797667 -0.000038 -0.603098  0.064370 0.664198 1 64 1.000000
0  -2.615704 -20.577192 -5.181635  0.797674 -0.000011 -0.603088  0.064370 0.664198 1 64 1.000000
0  -3.044866 -20.577188 -5.749248  0.797659 0.000012 -0.603109  0.064370 0.664198 1 64 1.000000
lowpoly_plastic
0  -3.044864 -20.886797 -5.749248  0.797663 -0.000019 -0.603104  0.064370 0.664198 1 64 1.000000
0  -2.615703 -20.969145 -5.181636  0.797676 -0.000037 -0.603086  0.064370 0.664198 1 64 1.000000
0  -3.044866 -20.969141 -5.749248  0.797666 0.000012 -0.603100  0.064370 0.664198 1 64 1.000000
lowpoly_plastic
0  -3.200461 -20.886799 -5.749248  0.000000 0.000000 -1.000000  0.064370 0.664198 1 64 1.000000
0  -3.044866 -20.969141 -5.749248  0.000000 0.000006 -1.000000  0.064370 0.664198 1 64 1.000000
0  -3.200462 -20.969143 -5.749248  -0.000003 0.000002 -1.000000  0.064370 0.664198 1 64 1.000000
lowpoly_plastic
0  -2.615703 -20.969145 -5.181636  1.000000 -0.000047 -0.000000  0.064370 0.664198 1 64 1.000000
0  -2.615703 -20.886799 -4.165146  1.000000 -0.000001 -0.000000  0.064370 0.664198 1 64 1.000000
0  -2.615703 -20.969145 -4.066412  1.000000 -0.000065 -0.000000  0.064370 0.664198 1 64 1.000000
lowpoly_plastic
0  -2.597171 -20.886803 -5.179888  -0.000167 -1.000000 -0.000350  0.075349 0.627009 1 64 1.000000
0  -2.615703 -20.886799 -4.165146  -0.000206 -1.000000 -0.000000  0.075349 0.627009 1 64 1.000000
0  -2.615703 -20.886799 -5.181636  -0.000016 -1.000000 -0.000146  0.075349 0.627009 1 64 1.000000
lowpoly_plastic
0  -2.597176 -20.886795 -5.188523  0.000022 -1.000000 -0.000422  0.075349 0.627009 1 64 1.000000
0  -2.597171 -20.886803 -5.179888  -0.000167 -1.000000 -0.000350  0.075349 0.627009 1 64 1.000000
0  -2.615703 -20.886799 -5.181636  -0.000016 -1.000000 -0.000146  0.075349 0.627009 1 64 1.000000
lowpoly_plastic
0  -2.615711 -21.051483 -5.181636  1.000000 -0.000007 -0.000000  0.064370 0.664198 1 64 1.000000
0  -2.615704 -21.133823 -4.165146  1.000000 0.000080 -0.000000  0.064370 0.664198 1 64 1.000000
0  -2.615704 -21.133823 -5.181636  1.000000 0.000080 -0.000000  0.064370 0.664198 1 64 1.000000
lowpoly_plastic
0  -2.615703 -20.969145 -5.181636  1.000000 -0.000047 -0.000000  0.064370 0.664198 1 64 1.000000
0  -2.615710 -21.051483 -4.066412  1.000000 -0.000040 -0.000000  0.064370 0.664198 1 64 1.000000
0  -2.615711 -21.051483 -5.181636  1.000000 -0.000007 -0.000000  0.064370 0.664198 1 64 1.000000
lowpoly_plastic
0  -3.200457 -21.051483 -5.749248  -0.000009 -0.000000 -1.000000  0.064370 0.664198 1 64 1.000000
0  -3.044863 -21.133825 -5.749249  -0.000006 0.000000 -1.000000  0.064370 0.664198 1 64 1.000000
0  -3.200463 -21.133823 -5.749248  -0.000010 0.000000 -1.000000  0.064370 0.664198 1 64 1.000000
lowpoly_plastic
0  -3.200462 -20.969143 -5.749248  -0.000003 0.000002 -1.000000  0.064370 0.664198 1 64 1.000000
0  -3.044861 -21.051483 -5.749249  -0.000004 0.000004 -1.000000  0.064370 0.664198 1 64 1.000000
0  -3.200457 -21.051483 -5.749248  -0.000009 -0.000000 -1.000000  0.064370 0.664198 1 64 1.000000
lowpoly_plastic
0  -3.044861 -21.051483 -5.749249  0.797671 0.000019 -0.603093  0.064370 0.664198 1 64 1.000000
0  -2.615704 -21.133823 -5.181636  0.797674 0.000059 -0.603089  0.064370 0.664198 1 64 1.000000
0  -3.044863 -21.133825 -5.749249  0.797671 -0.000020 -0.603093  0.064370 0.664198 1 64 1.000000
lowpoly_plastic
0  -3.044866 -20.969141 -5.749248  0.797666 0.000012 -0.603100  0.064370 0.664198 1 64 1.000000
0  -2.615711 -21.051483 -5.181636  0.797673 0.000001 -0.603091  0.064370 0.664198 1 64 1.000000
0  -3.044861 -21.051483 -5.749249  0.797671 0.000019 -0.603093  0.064370 0.664198 1 64 1.000000
lowpoly_plastic
0  -3.044860 -21.361090 -5.749249  0.797663 -0.000008 -0.603103  0.064370 0.664198 1 64 1.000000
0  -2.615710 -21.443436 -5.181636  0.797682 0.000012 -0.603079  0.064370 0.664198 1 64 1.000000
0  -3.044861 -21.443434 -5.749249  0.797658 -0.000006 -0.603110  0.064370 0.664198 1 64 1.000000
lowpoly_plastic
0  -3.200462 -21.361094 -5.749249  -0.000000 0.000000 -1.000000  0.064370 0.664198 1 64 1.000000
0  -3.044861 -21.443434 -5.749249  -0.000000 0.000000 -1.000000  0.064370 0.664198 1 64 1.000000
0  -3.200461 -21.443430 -5.749249  -0.000000 0.000000 -1.000000  0.064370 0.664198 1 64 1.000000
lowpoly_plastic
0  -2.615710 -21.443436 -5.181636  1.000000 0.000018 -0.000000  0.064370 0.664198 1 64 1.000000
0  -2.615708 -21.361092 -4.165146  1.000000 -0.000014 -0.000000  0.064370 0.664198 1 64 1.000000
0  -2.615709 -21.443436 -4.066412  1.000000 0.000028 -0.000000  0.064370 0.664198 1 64 1.000000
lowpoly_plastic
0  -2.597171 -21.361090 -5.179888  0.000103 -1.000000 0.000000  0.075349 0.627009 1 64 1.000000
0  -2.615708 -21.361092 -4.165146  0.000103 -1.000000 0.000000  0.075349 0.627009 1 64 1.000000
0  -2.615709 -21.361092 -5.181636  0.000091 -1.000000 0.000006  0.075349 0.627009 1 64 1.000000
lowpoly_plastic
0  -2.597171 -21.361090 -5.188523  0.000092 -1.000000 0.000007  0.075349 0.627009 1 64 1.000000
0  -2.597171 -21.361090 -5.179888  0.000103 -1.000000 0.000000  0.075349 0.627009 1 64 1.000000
0  -2.615709 -21.361092 -5.181636  0.000091 -1.000000 0.000006  0.075349 0.627009 1 64 1.000000
lowpoly_plastic
0  -2.615706 -21.525776 -5.181636  1.000000 0.000018 -0.000000  0.064370 0.664198 1 64 1.000000
0  -2.615706 -21.608122 -4.165146  1.000000 -0.000011 -0.000000  0.064370 0.664198 1 64 1.000000
0  -2.615707 -21.608122 -5.181636  1.000000 -0.000011 -0.000000  0.064370 0.664198 1 64 1.000000
lowpoly_plastic
0  -2.615710 -21.443436 -5.181636  1.000000 0.000018 -0.000000  0.064370 0.664198 1 64 1.000000
0  -2.615705 -21.525776 -4.066412  1.000000 0.000029 -0.000000  0.064370 0.664198 1 64 1.000000
0  -2.615706 -21.525776 -5.181636  1.000000 0.000018 -0.000000  0.064370 0.664198 1 64 1.000000
lowpoly_plastic
0  -3.200463 -21.525774 -5.749249  -0.000000 0.000000 -1.000000  0.064370 0.664198 1 64 1.000000
0  -3.044858 -21.608120 -5.749249  0.000000 0.000000 -1.000000  0.064370 0.664198 1 64 1.000000
0  -3.200463 -21.608120 -5.749249  0.000000 0.000000 -1.000000  0.064370 0.664198 1 64 1.000000
lowpoly_plastic
0  -3.200461 -21.443430 -5.749249  -0.000000 0.000000 -1.000000  0.064370 0.664198 1 64 1.000000
0  -3.044862 -21.525780 -5.749249  -0.000000 0.000000 -1.000000  0.064370 0.664198 1 64 1.000000
0  -3.200463 -21.525774 -5.749249  -0.000000 0.000000 -1.000000  0.064370 0.664198 1 64 1.000000
lowpoly_plastic
0  -3.044858 -21.608120 -5.749249  0.797679 0.000033 -0.603082  0.064370 0.664198 1 64 1.000000
0  -2.615706 -21.525776 -5.181636  0.797676 0.000014 -0.603086  0.064370 0.664198 1 64 1.000000
0  -2.615707 -21.608122 -5.181636  0.797675 -0.000008 -0.603087  0.064370 0.664198 1 64 1.000000
lowpoly_plastic
0  -3.044861 -21.443434 -5.749249  0.797658 -0.000006 -0.603110  0.064370 0.664198 1 64 1.000000
0  -2.615706 -21.525776 -5.181636  0.797676 0.000014 -0.603086  0.064370 0.664198 1 64 1.000000
0  -3.044862 -21.525780 -5.749249  0.797666 0.000014 -0.603099  0.064370 0.664198 1 64 1.000000
lowpoly_plastic
0  -3.044860 -21.835386 -5.749249  0.797667 -0.000050 -0.603098  0.064370 0.664198 1 64 1.000000
0  -2.615705 -21.917728 -5.181636  0.797669 0.000014 -0.603095  0.064370 0.664198 1 64 1.000000
0  -3.044866 -21.917723 -5.749249  0.797655 0.000008 -0.603114  0.064370 0.664198 1 64 1.000000
lowpoly_plastic
0  -3.200461 -21.835382 -5.749249  0.000000 0.000000 -1.000000  0.064370 0.664198 1 64 1.000000
0  -3.044866 -21.917723 -5.749249  0.000000 0.000000 -1.000000  0.064370 0.664198 1 64 1.000000
0  -3.200462 -21.917727 -5.749249  0.000000 0.000000 -1.000000  0.064370 0.664198 1 64 1.000000
lowpoly_plastic
0  -2.615705 -21.917728 -5.181636  1.000000 0.000015 -0.000000  0.064370 0.664198 1 64 1.000000
0  -2.615708 -21.835386 -4.165146  1.000000 0.000049 -0.000000  0.064370 0.664198 1 64 1.000000
0  -2.615705 -21.917728 -4.066412  1.000000 0.000008 -0.000000  0.064370 0.664198 1 64 1.000000
lowpoly_plastic
0  -2.597173 -21.835388 -5.179888  -0.000103 -1.000000 -0.000001  0.075349 0.627009 1 64 1.000000
0  -2.615708 -21.835386 -4.165146  -0.000103 -1.000000 -0.000000  0.075349 0.627009 1 64 1.000000
0  -2.615709 -21.835386 -5.181636  -0.000092 -1.000000 0.000027  0.075349 0.627009 1 64 1.000000
lowpoly_plastic
0  -2.597173 -21.835388 -5.188523  -0.000092 -1.000000 0.000029  0.075349 0.627009 1 64 1.000000
0  -2.597173 -21.835388 -5.179888  -0.000103 -1.000000 -0.000001  0.075349 0.627009 1 64 1.000000
0  -2.615709 -21.835386 -5.181636  -0.000092 -1.000000 0.000027  0.075349 0.627009 1 64 1.000000
lowpoly_plastic
0  -2.615706 -22.000072 -5.181636  1.000000 -0.000019 -0.000000  0.064370 0.664198 1 64 1.000000
0  -2.615707 -22.082417 -4.165146  1.000000 -0.000023 -0.000000  0.064370 0.664198 1 64 1.000000
0  -2.615708 -22.082417 -5.181636  1.000000 -0.000023 -0.000000  0.064370 0.664198 1 64 1.000000
lowpoly_plastic
0  -2.615705 -21.917728 -5.181636  1.000000 0.000015 -0.000000  0.064370 0.664198 1 64 1.000000
0  -2.615705 -22.000072 -4.066412  1.000000 -0.000014 -0.000000  0.064370 0.664198 1 64 1.000000
0  -2.615706 -22.000072 -5.181636  1.000000 -0.000019 -0.000000  0.064370 0.664198 1 64 1.000000
lowpoly_plastic
0  -3.200463 -22.000071 -5.749249  0.000000 0.000000 -1.000000  0.064370 0.664198 1 64 1.000000
0  -3.044863 -22.082411 -5.749249  0.000000 0.000000 -1.000000  0.064370 0.664198 1 64 1.000000
0  -3.200459 -22.082413 -5.749249  0.000000 0.000000 -1.000000  0.064370 0.664198 1 64 1.000000
lowpoly_plastic
0  -3.200462 -21.917727 -5.749249  0.000000 0.000000 -1.000000  0.064370 0.664198 1 64 1.000000
0  -3.044858 -22.000071 -5.749249  0.000000 0.000000 -1.000000  0.064370 0.664198 1 64 1.000000
0  -3.200463 -22.000071 -5.749249  0.000000 0.000000 -1.000000  0.064370 0.664198 1 64 1.000000
lowpoly_plastic
0  -3.044858 -22.000071 -5.749249  0.797662 0.000012 -0.603105  0.064370 0.664198 1 64 1.000000
0  -2.615708 -22.082417 -5.181636  0.797676 -0.000022 -0.603086  0.064370 0.664198 1 64 1.000000
0  -3.044863 -22.082411 -5.749249  0.797679 -0.000045 -0.603082  0.064370 0.664198 1 64 1.000000
lowpoly_plastic
0  -3.044858 -22.000071 -5.749249  0.797662 0.000012 -0.603105  0.064370 0.664198 1 64 1.000000
0  -2.615705 -21.917728 -5.181636  0.797669 0.000014 -0.603095  0.064370 0.664198 1 64 1.000000
0  -2.615706 -22.000072 -5.181636  0.797669 -0.000014 -0.603095  0.064370 0.664198 1 64 1.000000
lowpoly_plastic
0  -3.044861 -22.392017 -5.749249  0.797674 0.000010 -0.603089  0.064370 0.664198 1 64 1.000000
0  -2.615705 -22.309681 -5.181636  0.797661 -0.000019 -0.603106  0.064370 0.664198 1 64 1.000000
0  -2.615708 -22.392025 -5.181636  0.797670 -0.000022 -0.603094  0.064370 0.664198 1 64 1.000000
lowpoly_plastic
0  -3.200462 -22.309679 -5.749249  0.000001 0.000000 -1.000000  0.064370 0.664198 1 64 1.000000
0  -3.044861 -22.392017 -5.749249  0.000000 0.000000 -1.000000  0.064370 0.664198 1 64 1.000000
0  -3.200464 -22.392025 -5.749249  0.000000 0.000000 -1.000000  0.064370 0.664198 1 64 1.000000
lowpoly_plastic
0  -2.615708 -22.392025 -5.181636  1.000000 -0.000028 -0.000000  0.064370 0.664198 1 64 1.000000
0  -2.615705 -22.309681 -4.165146  1.000000 -0.000036 -0.000000  0.064370 0.664198 1 64 1.000000
0  -2.615707 -22.392025 -4.066412  1.000000 -0.000026 -0.000000  0.064370 0.664198 1 64 1.000000
lowpoly_plastic
0  -2.597174 -22.309683 -5.179888  -0.000103 -1.000000 0.000000  0.075349 0.627009 1 64 1.000000
0  -2.615705 -22.309681 -4.165146  -0.000103 -1.000000 0.000000  0.075349 0.627009 1 64 1.000000
0  -2.615705 -22.309681 -5.181636  -0.000093 -1.000000 0.000040  0.075349 0.627009 1 64 1.000000
lowpoly_plastic
0  -2.597174 -22.309683 -5.188523  -0.000093 -1.000000 0.000043  0.075349 0.627009 1 64 1.000000
0  -2.597174 -22.309683 -5.179888  -0.000103 -1.000000 0.000000  0.075349 0.627009 1 64 1.000000
0  -2.615705 -22.309681 -5.181636  -0.000093 -1.000000 0.000040  0.075349 0.627009 1 64 1.000000
lowpoly_plastic
0  -2.615710 -22.474369 -5.181636  1.000000 0.000012 -0.000000  0.064370 0.664198 1 64 1.000000
0  -2.615705 -22.556705 -4.165146  1.000000 0.000044 -0.000000  0.064370 0.664198 1 64 1.000000
0  -2.615706 -22.556705 -5.181636  1.000000 0.000046 -0.000000  0.064370 0.664198 1 64 1.000000
lowpoly_plastic
0  -2.615708 -22.392025 -5.181636  1.000000 -0.000028 -0.000000  0.064370 0.664198 1 64 1.000000
0  -2.615709 -22.474369 -4.066411  1.000000 -0.000001 -0.000000  0.064370 0.664198 1 64 1.000000
0  -2.615710 -22.474369 -5.181636  1.000000 0.000012 -0.000000  0.064370 0.664198 1 64 1.000000
lowpoly_plastic
0  -3.200458 -22.474363 -5.749249  0.000000 0.000000 -1.000000  0.064370 0.664198 1 64 1.000000
0  -3.044865 -22.556707 -5.749249  0.000000 0.000000 -1.000000  0.064370 0.664198 1 64 1.000000
0  -3.200462 -22.556707 -5.749249  0.000000 0.000000 -1.000000  0.064370 0.664198 1 64 1.000000
lowpoly_plastic
0  -3.200464 -22.392025 -5.749249  0.000000 0.000000 -1.000000  0.064370 0.664198 1 64 1.000000
0  -3.044863 -22.474363 -5.749249  0.000000 0.000000 -1.000000  0.064370 0.664198 1 64 1.000000
0  -3.200458 -22.474363 -5.749249  0.000000 0.000000 -1.000000  0.064370 0.664198 1 64 1.000000
lowpoly_plastic
0  -3.044863 -22.474363 -5.749249  0.797673 -0.000018 -0.603090  0.064370 0.664198 1 64 1.000000
0  -2.615706 -22.556705 -5.181636  0.797667 0.000036 -0.603098  0.064370 0.664198 1 64 1.000000
0  -3.044865 -22.556707 -5.749249  0.797662 -0.000020 -0.603105  0.064370 0.664198 1 64 1.000000
lowpoly_plastic
0  -3.044861 -22.392017 -5.749249  0.797674 0.000010 -0.603089  0.064370 0.664198 1 64 1.000000
0  -2.615710 -22.474369 -5.181636  0.797673 0.000010 -0.603090  0.064370 0.664198 1 64 1.000000
0  -3.044863 -22.474363 -5.749249  0.797673 -0.000018 -0.603090  0.064370 0.664198 1 64 1.000000
lowpoly_plastic
0  -3.044860 -22.783970 -5.749249  0.797683 -0.000023 -0.603076  0.064370 0.664198 1 64 1.000000
0  -2.615711 -22.866316 -5.181636  0.797671 -0.000013 -0.603092  0.064370 0.664198 1 64 1.000000
0  -3.044862 -22.866316 -5.749249  0.797677 -0.000022 -0.603085  0.064370 0.664198 1 64 1.000000
lowpoly_plastic
0  -3.200464 -22.783976 -5.749249  0.000000 0.000000 -1.000000  0.064370 0.664198 1 64 1.000000
0  -3.044862 -22.866316 -5.749249  0.000000 0.000000 -1.000000  0.064370 0.664198 1 64 1.000000
0  -3.200459 -22.866316 -5.749249  0.000000 0.000000 -1.000000  0.064370 0.664198 1 64 1.000000
lowpoly_plastic
0  -2.615711 -22.866316 -5.181636  1.000000 -0.000016 -0.000000  0.064370 0.664198 1 64 1.000000
0  -2.615705 -22.783981 -4.165146  1.000000 -0.000069 -0.000000  0.064370 0.664198 1 64 1.000000
0  -2.615710 -22.866316 -4.066411  1.000000 0.000000 -0.000000  0.064370 0.664198 1 64 1.000000
lowpoly_plastic
0  -2.597169 -22.783978 -5.179888  0.000245 -1.000000 -0.000524  0.075349 0.627009 1 64 1.000000
0  -2.615705 -22.783981 -4.165146  0.000206 -1.000000 0.000000  0.075349 0.627009 1 64 1.000000
0  -2.615705 -22.783981 -5.181636  0.000348 -1.000000 -0.000351  0.075349 0.627009 1 64 1.000000
lowpoly_plastic
0  -2.597173 -22.783970 -5.188523  0.000388 -1.000000 -0.000777  0.075349 0.627009 1 64 1.000000
0  -2.597169 -22.783978 -5.179888  0.000245 -1.000000 -0.000524  0.075349 0.627009 1 64 1.000000
0  -2.615705 -22.783981 -5.181636  0.000348 -1.000000 -0.000351  0.075349 0.627009 1 64 1.000000
lowpoly_plastic
0  -2.615708 -22.948658 -5.181636  1.000000 0.000007 -0.000000  0.064370 0.664198 1 64 1.000000
0  -2.615709 -23.031000 -4.165144  1.000000 -0.000021 -0.000000  0.064370 0.664198 1 64 1.000000
0  -2.615710 -23.031000 -5.181636  1.000000 -0.000023 -0.000000  0.064370 0.664198 1 64 1.000000
lowpoly_plastic
0  -2.615708 -22.948658 -5.181636  1.000000 0.000007 -0.000000  0.064370 0.664198 1 64 1.000000
0  -2.615710 -22.866316 -4.066411  1.000000 0.000000 -0.000000  0.064370 0.664198 1 64 1.000000
0  -2.615707 -22.948658 -4.066411  1.000000 0.000015 -0.000000  0.064370 0.664198 1 64 1.000000
lowpoly_plastic
0  -3.200465 -23.031000 -5.749249  -0.000000 0.000000 -1.000000  0.064370 0.664198 1 64 1.000000
0  -3.044865 -22.948658 -5.749249  0.000000 0.000000 -1.000000  0.064370 0.664198 1 64 1.000000
0  -3.044858 -23.031004 -5.749249  0.000000 0.000000 -1.000000  0.064370 0.664198 1 64 1.000000
lowpoly_plastic
0  -3.200459 -22.866316 -5.749249  0.000000 0.000000 -1.000000  0.064370 0.664198 1 64 1.000000
0  -3.044865 -22.948658 -5.749249  0.000000 0.000000 -1.000000  0.064370 0.664198 1 64 1.000000
0  -3.200460 -22.948664 -5.749249  -0.000000 0.000000 -1.000000  0.064370 0.664198 1 64 1.000000
lowpoly_plastic
0  -3.044865 -22.948658 -5.749249  0.797670 0.000015 -0.603095  0.064370 0.664198 1 64 1.000000
0  -2.615710 -23.031000 -5.181636  0.797671 -0.000010 -0.603093  0.064370 0.664198 1 64 1.000000
0  -3.044858 -23.031004 -5.749249  0.797668 0.000065 -0.603096  0.064370 0.664198 1 64 1.000000
lowpoly_plastic
0  -3.044862 -22.866316 -5.749249  0.797677 -0.000022 -0.603085  0.064370 0.664198 1 64 1.000000
0  -2.615708 -22.948658 -5.181636  0.797669 0.000004 -0.603096  0.064370 0.664198 1 64 1.000000
0  -3.044865 -22.948658 -5.749249  0.797670 0.000015 -0.603095  0.064370 0.664198 1 64 1.000000
lowpoly_plastic
0  -3.044862 -23.258266 -5.749249  0.797662 -0.000023 -0.603105  0.064370 0.664198 1 64 1.000000
0  -2.615707 -23.340607 -5.181636  0.797663 0.000020 -0.603103  0.064370 0.664198 1 64 1.000000
0  -3.044865 -23.340611 -5.749249  0.797666 0.000018 -0.603099  0.064370 0.664198 1 64 1.000000
lowpoly_plastic
0  -3.200461 -23.258265 -5.749249  -0.000000 0.000000 -1.000000  0.064370 0.664198 1 64 1.000000
0  -3.044865 -23.340611 -5.749249  -0.000000 0.000000 -1.000000  0.064370 0.664198 1 64 1.000000
0  -3.200463 -23.340609 -5.749249  -0.000000 0.000000 -1.000000  0.064370 0.664198 1 64 1.000000
lowpoly_plastic
0  -2.615707 -23.340607 -5.181636  1.000000 0.000023 -0.000000  0.064370 0.664198 1 64 1.000000
0  -2.615710 -23.258268 -4.165144  1.000000 0.000047 -0.000000  0.064370 0.664198 1 64 1.000000
0  -2.615706 -23.340607 -4.066411  1.000000 0.000015 -0.000000  0.064370 0.664198 1 64 1.000000
lowpoly_plastic
0  -2.597176 -23.258266 -5.179888  0.000103 -1.000000 -0.000000  0.075349 0.627009 1 64 1.000000
0  -2.615710 -23.258268 -4.165144  0.000103 -1.000000 -0.000000  0.075349 0.627009 1 64 1.000000
0  -2.615711 -23.258268 -5.181636  0.000091 -1.000000 -0.000095  0.075349 0.627009 1 64 1.000000
lowpoly_plastic
0  -2.597176 -23.258266 -5.188523  0.000092 -1.000000 -0.000101  0.075349 0.627009 1 64 1.000000
0  -2.597176 -23.258266 -5.179888  0.000103 -1.000000 -0.000000  0.075349 0.627009 1 64 1.000000
0  -2.615711 -23.258268 -5.181636  0.000091 -1.000000 -0.000095  0.075349 0.627009 1 64 1.000000
lowpoly_plastic
0  -2.615707 -23.422956 -5.181636  1.000000 -0.000011 -0.000000  0.064370 0.664198 1 64 1.000000
0  -2.615708 -23.505299 -4.165144  1.000000 -0.000025 -0.000000  0.064370 0.664198 1 64 1.000000
0  -2.615709 -23.505299 -5.181636  1.000000 -0.000023 -0.000000  0.064370 0.664198 1 64 1.000000
lowpoly_plastic
0  -2.615707 -23.422956 -5.181636  1.000000 -0.000011 -0.000000  0.064370 0.664198 1 64 1.000000
0  -2.615706 -23.340607 -4.066411  1.000000 0.000015 -0.000000  0.064370 0.664198 1 64 1.000000
0  -2.615706 -23.422956 -4.066411  1.000000 -0.000008 -0.000000  0.064370 0.664198 1 64 1.000000
lowpoly_plastic
0  -3.200466 -23.422953 -5.749249  0.000000 0.000000 -1.000000  0.064370 0.664198 1 64 1.000000
0  -3.044864 -23.505291 -5.749249  0.000000 0.000000 -1.000000  0.064370 0.664198 1 64 1.000000
0  -3.200461 -23.505293 -5.749249  0.000000 0.000000 -1.000000  0.064370 0.664198 1 64 1.000000
lowpoly_plastic
0  -3.200463 -23.340609 -5.749249  -0.000000 0.000000 -1.000000  0.064370 0.664198 1 64 1.000000
0  -3.044858 -23.422953 -5.749249  0.000000 0.000000 -1.000000  0.064370 0.664198 1 64 1.000000
0  -3.200466 -23.422953 -5.749249  0.000000 0.000000 -1.000000  0.064370 0.664198 1 64 1.000000
lowpoly_plastic
0  -3.044858 -23.422953 -5.749249  0.797671 0.000003 -0.603092  0.064370 0.664198 1 64 1.000000
0  -2.615709 -23.505299 -5.181636  0.797672 -0.000023 -0.603092  0.064370 0.664198 1 64 1.000000
0  -3.044864 -23.505291 -5.749249  0.797673 -0.000057 -0.603091  0.064370 0.664198 1 64 1.000000
lowpoly_plastic
0  -3.044858 -23.422953 -5.749249  0.797671 0.000003 -0.603092  0.064370 0.664198 1 64 1.000000
0  -2.615707 -23.340607 -5.181636  0.797663 0.000020 -0.603103  0.064370 0.664198 1 64 1.000000
0  -2.615707 -23.422956 -5.181636  0.797669 -0.000010 -0.603095  0.064370 0.664198 1 64 1.000000
lowpoly_plastic
0  -3.044857 -23.732561 -5.749249  0.797671 -0.000069 -0.603093  0.064370 0.664198 1 64 1.000000
0  -2.615708 -23.814907 -5.181636  0.797659 0.000016 -0.603108  0.064370 0.664198 1 64 1.000000
0  -3.044864 -23.814899 -5.749249  0.797674 -0.000046 -0.603089  0.064370 0.664198 1 64 1.000000
lowpoly_plastic
0  -3.200464 -23.732559 -5.749249  0.000000 0.000000 -1.000000  0.064370 0.664198 1 64 1.000000
0  -3.044864 -23.814899 -5.749249  0.000000 -0.000012 -1.000000  0.064370 0.664198 1 64 1.000000
0  -3.200459 -23.814901 -5.749249  0.000000 -0.000012 -1.000000  0.064370 0.664198 1 64 1.000000
lowpoly_plastic
0  -2.615708 -23.814907 -5.181636  1.000000 0.000022 -0.000000  0.064370 0.664198 1 64 1.000000
0  -2.615705 -23.732559 -4.165144  1.000000 -0.000024 -0.000000  0.064370 0.664198 1 64 1.000000
0  -2.615707 -23.814907 -4.066411  1.000000 0.000043 -0.000000  0.064370 0.664198 1 64 1.000000
lowpoly_plastic
0  -2.597175 -23.732565 -5.179888  -0.000289 -1.000000 -0.000525  0.075349 0.627009 1 64 1.000000
0  -2.615705 -23.732559 -4.165144  -0.000309 -1.000000 0.000000  0.075349 0.627009 1 64 1.000000
0  -2.615706 -23.732559 -5.181636  -0.000191 -1.000000 -0.000115  0.075349 0.627009 1 64 1.000000
lowpoly_plastic
0  -2.597169 -23.732561 -5.188523  -0.000172 -1.000000 -0.000528  0.075349 0.627009 1 64 1.000000
0  -2.597175 -23.732565 -5.179888  -0.000289 -1.000000 -0.000525  0.075349 0.627009 1 64 1.000000
0  -2.615706 -23.732559 -5.181636  -0.000191 -1.000000 -0.000115  0.075349 0.627009 1 64 1.000000
lowpoly_plastic
0  -2.615702 -23.897247 -5.181636  1.000000 0.000022 -0.000000  0.064370 0.664198 1 64 1.000000
0  -2.615704 -23.979591 -4.165144  1.000000 -0.000020 -0.000000  0.064370 0.664198 1 64 1.000000
0  -2.615704 -23.979591 -5.181636  1.000000 -0.000023 -0.000000  0.064370 0.664198 1 64 1.000000
lowpoly_plastic
0  -2.615708 -23.814907 -5.181636  1.000000 0.000022 -0.000000  0.064370 0.664198 1 64 1.000000
0  -2.615702 -23.897247 -4.066411  1.000000 0.000044 -0.000000  0.064370 0.664198 1 64 1.000000
0  -2.615702 -23.897247 -5.181636  1.000000 0.000022 -0.000000  0.064370 0.664198 1 64 1.000000
lowpoly_plastic
0  -3.200462 -23.897243 -5.749247  0.000000 -0.000000 -1.000000  0.064370 0.664198 1 64 1.000000
0  -3.044867 -23.979586 -5.749249  0.000000 0.000023 -1.000000  0.064370 0.664198 1 64 1.000000
0  -3.200462 -23.979589 -5.749249  0.000000 0.000023 -1.000000  0.064370 0.664198 1 64 1.000000
lowpoly_plastic
0  -3.200459 -23.814901 -5.749249  0.000000 -0.000012 -1.000000  0.064370 0.664198 1 64 1.000000
0  -3.044865 -23.897243 -5.749247  0.000000 0.000000 -1.000000  0.064370 0.664198 1 64 1.000000
0  -3.200462 -23.897243 -5.749247  0.000000 -0.000000 -1.000000  0.064370 0.664198 1 64 1.000000
lowpoly_plastic
0  -3.044865 -23.897243 -5.749247  0.797673 -0.000015 -0.603090  0.064370 0.664198 1 64 1.000000
0  -2.615704 -23.979591 -5.181636  0.797663 -0.000015 -0.603103  0.064370 0.664198 1 64 1.000000
0  -3.044867 -23.979586 -5.749249  0.797670 -0.000004 -0.603094  0.064370 0.664198 1 64 1.000000
lowpoly_plastic
0  -3.044864 -23.814899 -5.749249  0.797674 -0.000046 -0.603089  0.064370 0.664198 1 64 1.000000
0  -2.615702 -23.897247 -5.181636  0.797665 0.000015 -0.603101  0.064370 0.664198 1 64 1.000000
0  -3.044865 -23.897243 -5.749247  0.797673 -0.000015 -0.603090  0.064370 0.664198 1 64 1.000000
lowpoly_plastic
0  -3.044863 -24.289198 -5.749249  0.797681 0.000003 -0.603080  0.064370 0.664198 1 64 1.000000
0  -2.615708 -24.206860 -5.181637  0.797651 0.000035 -0.603119  0.064370 0.664198 1 64 1.000000
0  -2.615704 -24.289200 -5.181637  0.797657 -0.000010 -0.603112  0.064370 0.664198 1 64 1.000000
lowpoly_plastic
0  -3.200459 -24.206856 -5.749247  0.000000 0.000023 -1.000000  0.064370 0.664198 1 64 1.000000
0  -3.044863 -24.289198 -5.749249  0.000000 0.000012 -1.000000  0.064370 0.664198 1 64 1.000000
0  -3.200460 -24.289198 -5.749249  0.000000 0.000012 -1.000000  0.064370 0.664198 1 64 1.000000
lowpoly_plastic
0  -2.615704 -24.289200 -5.181637  1.000000 -0.000011 -0.000000  0.064370 0.664198 1 64 1.000000
0  -2.615707 -24.206860 -4.165145  1.000000 0.000005 0.000003  0.064370 0.664198 1 64 1.000000
0  -2.615707 -24.289194 -4.066411  1.000000 -0.000013 0.000003  0.064370 0.664198 1 64 1.000000
lowpoly_plastic
0  -2.597170 -24.206856 -5.179889  0.000235 -1.000000 -0.000174  0.075349 0.627009 1 64 1.000000
0  -2.615707 -24.206860 -4.165145  0.000206 -1.000000 -0.000003  0.075349 0.627009 1 64 1.000000
0  -2.615708 -24.206860 -5.181637  0.000307 -1.000000 -0.000169  0.075349 0.627009 1 64 1.000000
lowpoly_plastic
0  -2.597175 -24.206850 -5.188523  0.000337 -1.000000 -0.000314  0.075349 0.627009 1 64 1.000000
0  -2.597170 -24.206856 -5.179889  0.000235 -1.000000 -0.000174  0.075349 0.627009 1 64 1.000000
0  -2.615708 -24.206860 -5.181637  0.000307 -1.000000 -0.000169  0.075349 0.627009 1 64 1.000000
lowpoly_plastic
0  -2.615710 -24.371536 -5.181637  1.000000 -0.000028 -0.000000  0.064370 0.664198 1 64 1.000000
0  -2.615708 -24.453884 -4.165145  1.000000 0.000009 -0.000000  0.064370 0.664198 1 64 1.000000
0  -2.615709 -24.453884 -5.181637  1.000000 0.000011 -0.000000  0.064370 0.664198 1 64 1.000000
lowpoly_plastic
0  -2.615704 -24.289200 -5.181637  1.000000 -0.000011 -0.000000  0.064370 0.664198 1 64 1.000000
0  -2.615709 -24.371536 -4.066411  1.000000 -0.000013 0.000002  0.064370 0.664198 1 64 1.000000
0  -2.615710 -24.371536 -5.181637  1.000000 -0.000028 -0.000000  0.064370 0.664198 1 64 1.000000
lowpoly_plastic
0  -3.200462 -24.371542 -5.749249  -0.000000 0.000000 -1.000000  0.064370 0.664198 1 64 1.000000
0  -3.044861 -24.453882 -5.749249  -0.000000 0.000000 -1.000000  0.064370 0.664198 1 64 1.000000
0  -3.200462 -24.453876 -5.749249  -0.000001 0.000000 -1.000000  0.064370 0.664198 1 64 1.000000
lowpoly_plastic
0  -3.200460 -24.289198 -5.749249  0.000000 0.000012 -1.000000  0.064370 0.664198 1 64 1.000000
0  -3.044864 -24.371542 -5.749249  0.000000 0.000000 -1.000000  0.064370 0.664198 1 64 1.000000
0  -3.200462 -24.371542 -5.749249  -0.000000 0.000000 -1.000000  0.064370 0.664198 1 64 1.000000
lowpoly_plastic
0  -3.044864 -24.371542 -5.749249  0.797671 0.000009 -0.603093  0.064370 0.664198 1 64 1.000000
0  -2.615709 -24.453884 -5.181637  0.797679 0.000010 -0.603082  0.064370 0.664198 1 64 1.000000
0  -3.044861 -24.453882 -5.749249  0.797664 0.000028 -0.603103  0.064370 0.664198 1 64 1.000000
lowpoly_plastic
0  -3.044863 -24.289198 -5.749249  0.797681 0.000003 -0.603080  0.064370 0.664198 1 64 1.000000
0  -2.615710 -24.371536 -5.181637  0.797674 -0.000023 -0.603089  0.064370 0.664198 1 64 1.000000
0  -3.044864 -24.371542 -5.749249  0.797671 0.000009 -0.603093  0.064370 0.664198 1 64 1.000000
lowpoly_plastic
0  -3.044865 -24.681150 -5.749248  0.797674 0.000066 -0.603089  0.064370 0.664198 1 64 1.000000
0  -2.615708 -24.763493 -5.181635  0.797673 -0.000013 -0.603091  0.064370 0.664198 1 64 1.000000
0  -3.044859 -24.763489 -5.749250  0.797672 0.000029 -0.603092  0.064370 0.664198 1 64 1.000000
lowpoly_plastic
0  -3.200460 -24.681150 -5.749247  -0.000002 0.000031 -1.000000  0.064370 0.664198 1 64 1.000000
0  -3.044859 -24.763489 -5.749250  -0.000004 0.000013 -1.000000  0.064370 0.664198 1 64 1.000000
0  -3.200468 -24.763487 -5.749250  0.000001 0.000017 -1.000000  0.064370 0.664198 1 64 1.000000
lowpoly_plastic
0  -2.615708 -24.763493 -5.181635  1.000000 -0.000017 -0.000000  0.064370 0.664198 1 64 1.000000
0  -2.615705 -24.681149 -4.165145  1.000000 -0.000024 -0.000000  0.064370 0.664198 1 64 1.000000
0  -2.615707 -24.763493 -4.066411  1.000000 -0.000015 -0.000000  0.064370 0.664198 1 64 1.000000
lowpoly_plastic
0  -2.597176 -24.681150 -5.179889  -0.000103 -1.000000 0.000000  0.075349 0.627009 1 64 1.000000
0  -2.615705 -24.681149 -4.165145  -0.000103 -1.000000 0.000000  0.075349 0.627009 1 64 1.000000
0  -2.615706 -24.681149 -5.181635  -0.000091 -1.000000 0.000019  0.075349 0.627009 1 64 1.000000
lowpoly_plastic
0  -2.597176 -24.681150 -5.188523  -0.000092 -1.000000 0.000020  0.075349 0.627009 1 64 1.000000
0  -2.597176 -24.681150 -5.179889  -0.000103 -1.000000 0.000000  0.075349 0.627009 1 64 1.000000
0  -2.615706 -24.681149 -5.181635  -0.000091 -1.000000 0.000019  0.075349 0.627009 1 64 1.000000
lowpoly_plastic
0  -2.615709 -24.845835 -5.181635  1.000000 0.000012 -0.000000  0.064370 0.664198 1 64 1.000000
0  -2.615705 -24.928177 -4.165145  1.000000 0.000034 -0.000000  0.064370 0.664198 1 64 1.000000
0  -2.615706 -24.928177 -5.181635  1.000000 0.000034 -0.000000  0.064370 0.664198 1 64 1.000000
lowpoly_plastic
0  -2.615708 -24.763493 -5.181635  1.000000 -0.000017 -0.000000  0.064370 0.664198 1 64 1.000000
0  -2.615708 -24.845835 -4.066411  1.000000 0.000003 -0.000000  0.064370 0.664198 1 64 1.000000
0  -2.615709 -24.845835 -5.181635  1.000000 0.000012 -0.000000  0.064370 0.664198 1 64 1.000000
lowpoly_plastic
0  -3.200460 -24.845831 -5.749250  0.000002 -0.000012 -1.000000  0.064370 0.664198 1 64 1.000000
0  -3.044864 -24.928179 -5.749248  -0.000000 -0.000023 -1.000000  0.064370 0.664198 1 64 1.000000
0  -3.200462 -24.928175 -5.749248  -0.000000 -0.000023 -1.000000  0.064370 0.664198 1 64 1.000000
lowpoly_plastic
0  -3.200468 -24.763487 -5.749250  0.000001 0.000017 -1.000000  0.064370 0.664198 1 64 1.000000
0  -3.044861 -24.845835 -5.749250  -0.000001 -0.000012 -1.000000  0.064370 0.664198 1 64 1.000000
0  -3.200460 -24.845831 -5.749250  0.000002 -0.000012 -1.000000  0.064370 0.664198 1 64 1.000000
lowpoly_plastic
0  -3.044861 -24.845835 -5.749250  0.797674 -0.000028 -0.603089  0.064370 0.664198 1 64 1.000000
0  -2.615706 -24.928177 -5.181635  0.797682 0.000023 -0.603079  0.064370 0.664198 1 64 1.000000
0  -3.044864 -24.928179 -5.749248  0.797677 -0.000045 -0.603084  0.064370 0.664198 1 64 1.000000
lowpoly_plastic
0  -3.044859 -24.763489 -5.749250  0.797672 0.000029 -0.603092  0.064370 0.664198 1 64 1.000000
0  -2.615709 -24.845835 -5.181635  0.797678 0.000008 -0.603083  0.064370 0.664198 1 64 1.000000
0  -3.044861 -24.845835 -5.749250  0.797674 -0.000028 -0.603089  0.064370 0.664198 1 64 1.000000
lowpoly_plastic
0  -2.597173 -16.791494 -5.479147  1.000000 -0.000001 -0.000000  0.075349 0.627009 1 64 1.000000
0  -2.597169 -18.894794 -3.872225  1.000000 -0.000006 -0.000000  0.075349 0.627009 1 64 1.000000
0  -2.597170 -18.894794 -5.479148  1.000000 -0.000004 -0.000000  0.075349 0.627009 1 64 1.000000
lowpoly_plastic
0  -2.597174 -19.175236 -5.249238  1.000000 -0.000007 -0.000000  0.075349 0.627009 1 64 1.000000
0  -2.597169 -18.894794 -3.872225  1.000000 -0.000006 -0.000000  0.075349 0.627009 1 64 1.000000
0  -2.597173 -19.175236 -3.872225  1.000000 -0.000004 -0.000000  0.075349 0.627009 1 64 1.000000
lowpoly_plastic
0  -2.597176 -22.948658 -4.064662  1.000000 -0.000019 -0.000313  0.075349 0.627009 1 64 1.000000
0  -2.597174 -22.866314 -4.064663  1.000000 -0.000002 -0.000008  0.075349 0.627009 1 64 1.000000
0  -2.597169 -26.124836 -3.872225  1.000000 0.000004 -0.000003  0.075349 0.627009 1 64 1.000000
lowpoly_plastic
0  -2.597169 -26.124836 -5.188523  -0.000000 -1.000000 -0.000004  0.075349 0.627009 1 64 1.000000
0  -2.597169 -26.124836 -3.872225  -0.000030 -1.000000 0.000000  0.075349 0.627009 1 64 1.000000
0  -2.789679 -26.124830 -3.872225  -0.000008 -1.000000 0.000003  0.075349 0.627009 1 64 1.000000
lowpoly_plastic
0  -2.597169 -18.894794 -3.872225  0.000002 0.000000 1.000000  0.075349 0.627009 1 64 1.000000
0  -2.789675 -16.791492 -3.872227  -0.000001 0.000001 1.000000  0.075349 0.627009 1 64 1.000000
0  -2.789679 -18.894791 -3.872225  0.000002 0.000000 1.000000  0.075349 0.627009 1 64 1.000000
lowpoly_plastic
0  -2.597169 -26.124836 -3.872225  0.000000 0.000000 1.000000  0.075349 0.627009 1 64 1.000000
0  -2.789680 -19.455673 -3.872225  0.000000 0.000000 1.000000  0.075349 0.627009 1 64 1.000000
0  -2.789679 -26.124830 -3.872225  0.000000 0.000000 1.000000  0.075349 0.627009 1 64 1.000000
lowpoly_plastic
0  -3.373448 -16.408634 -5.090406  0.000002 1.000000 0.000002  0.075349 0.627009 1 64 1.000000
0  -2.789677 -16.408640 -5.090406  0.000000 1.000000 0.000003  0.075349 0.627009 1 64 1.000000
0  -3.045774 -16.408636 -5.844275  0.000009 1.000000 0.000002  0.075349 0.627009 1 64 1.000000
lowpoly_plastic
0  -3.200463 -22.000071 -5.774665  -0.000003 -0.000000 -1.000000  0.075349 0.627009 1 64 1.000000
0  -3.200459 -22.082413 -5.774665  0.000000 0.000000 -1.000000  0.075349 0.627009 1 64 1.000000
0  -3.373450 -19.455673 -5.774664  0.000000 0.000000 -1.000000  0.075349 0.627009 1 64 1.000000
lowpoly_plastic
0  -2.597173 -16.791494 -5.479147  1.000000 -0.000001 -0.000000  0.075349 0.627009 1 64 1.000000
0  -2.597171 -16.408638 -5.090406  1.000000 -0.000004 -0.000000  0.075349 0.627009 1 64 1.000000
0  -2.597172 -16.791494 -3.872227  1.000000 0.000001 -0.000000  0.075349 0.627009 1 64 1.000000
lowpoly_plastic
0  -2.597173 -19.175236 -3.872225  -0.000000 0.000000 1.000000  0.075349 0.627009 1 64 1.000000
0  -2.789679 -18.894791 -3.872225  0.000002 0.000000 1.000000  0.075349 0.627009 1 64 1.000000
0  -2.789678 -19.175236 -3.872225  0.000000 0.000000 1.000000  0.075349 0.627009 1 64 1.000000
lowpoly_plastic
0  -3.045774 -19.175232 -5.835381  0.000001 -0.211601 -0.977356  0.075349 0.627009 1 64 1.000000
0  -3.373450 -19.455673 -5.774664  0.000002 -0.211600 -0.977356  0.075349 0.627009 1 64 1.000000
0  -3.373447 -19.175236 -5.835381  0.000001 -0.211602 -0.977356  0.075349 0.627009 1 64 1.000000
lowpoly_plastic
0  -3.045776 -16.791491 -6.065287  0.000000 0.000000 -1.000000  0.075349 0.627009 1 64 1.000000
0  -3.373447 -18.894791 -6.065288  0.000000 0.000000 -1.000000  0.075349 0.627009 1 64 1.000000
0  -3.373447 -16.791494 -6.065287  -0.000000 0.000000 -1.000000  0.075349 0.627009 1 64 1.000000
lowpoly_plastic
0  -2.789677 -16.408640 -5.090406  -0.146488 0.943703 0.296591  0.075349 0.627009 1 64 1.000000
0  -3.373446 -16.791496 -4.160543  -0.146488 0.943703 0.296591  0.075349 0.627009 1 64 1.000000
0  -2.789675 -16.791492 -3.872227  -0.146488 0.943703 0.296591  0.075349 0.627009 1 64 1.000000
lowpoly_plastic
0  -2.597172 -19.455671 -5.188522  0.793879 0.000081 -0.608076  0.075349 0.627009 1 64 1.000000
0  -3.034451 -19.463917 -5.759870  0.794136 0.000057 -0.607740  0.075349 0.627009 1 64 1.000000
0  -3.045775 -19.455677 -5.774664  0.793998 -0.000185 -0.607921  0.075349 0.627009 1 64 1.000000
lowpoly_plastic
0  -2.597174 -19.175236 -5.249238  0.787328 -0.130459 -0.602574  0.075349 0.627009 1 64 1.000000
0  -3.045775 -19.455677 -5.774664  0.787326 -0.130461 -0.602576  0.075349 0.627009 1 64 1.000000
0  -3.045774 -19.175232 -5.835381  0.787325 -0.130461 -0.602577  0.075349 0.627009 1 64 1.000000
lowpoly_plastic
0  -2.597173 -16.791494 -5.479147  0.794109 -0.000001 -0.607775  0.075349 0.627009 1 64 1.000000
0  -3.045780 -18.894796 -6.065288  0.794107 0.000001 -0.607778  0.075349 0.627009 1 64 1.000000
0  -3.045776 -16.791491 -6.065287  0.794110 -0.000001 -0.607774  0.075349 0.627009 1 64 1.000000
lowpoly_plastic
0  -3.045774 -16.408636 -5.844275  0.749331 0.331063 -0.573499  0.075349 0.627009 1 64 1.000000
0  -2.597173 -16.791494 -5.479147  0.749331 0.331064 -0.573497  0.075349 0.627009 1 64 1.000000
0  -3.045776 -16.791491 -6.065287  0.749330 0.331061 -0.573501  0.075349 0.627009 1 64 1.000000
lowpoly_plastic
0  -3.373449 -16.408632 -5.844275  0.000001 0.499948 -0.866056  0.075349 0.627009 1 64 1.000000
0  -3.045776 -16.791491 -6.065287  -0.000001 0.499947 -0.866056  0.075349 0.627009 1 64 1.000000
0  -3.373447 -16.791494 -6.065287  -0.000000 0.499944 -0.866058  0.075349 0.627009 1 64 1.000000
lowpoly_plastic
0  -2.597170 -18.894794 -5.479148  0.710767 -0.445972 -0.543985  0.075349 0.627009 1 64 1.000000
0  -3.045774 -19.175232 -5.835381  0.710764 -0.445963 -0.543996  0.075349 0.627009 1 64 1.000000
0  -3.045780 -18.894796 -6.065288  0.710763 -0.445959 -0.544001  0.075349 0.627009 1 64 1.000000
lowpoly_plastic
0  -3.045780 -18.894796 -6.065288  -0.000002 -0.633991 -0.773340  0.075349 0.627009 1 64 1.000000
0  -3.373447 -19.175236 -5.835381  -0.000001 -0.633991 -0.773341  0.075349 0.627009 1 64 1.000000
0  -3.373447 -18.894791 -6.065288  -0.000002 -0.633985 -0.773345  0.075349 0.627009 1 64 1.000000
lowpoly_plastic
0  -2.789680 -19.455673 -3.872225  0.000000 0.000000 1.000000  0.075349 0.627009 1 64 1.000000
0  -2.597173 -19.175236 -3.872225  -0.000000 0.000000 1.000000  0.075349 0.627009 1 64 1.000000
0  -2.789678 -19.175236 -3.872225  0.000000 0.000000 1.000000  0.075349 0.627009 1 64 1.000000
lowpoly_plastic
0  -2.597172 -19.455671 -5.188522  1.000000 -0.000040 0.000106  0.075349 0.627009 1 64 1.000000
0  -2.597173 -19.175236 -3.872225  1.000000 -0.000004 -0.000000  0.075349 0.627009 1 64 1.000000
0  -2.597172 -19.455671 -3.872225  1.000000 0.000003 -0.000001  0.075349 0.627009 1 64 1.000000
lowpoly_plastic
0  -3.045780 -21.361090 -5.774665  -0.000080 -1.000000 -0.000078  0.075349 0.627009 1 64 1.000000
0  -3.044860 -21.361090 -5.749249  -0.000150 -1.000000 -0.000083  0.075349 0.627009 1 64 1.000000
0  -3.200462 -21.361094 -5.749249  0.000025 -1.000000 -0.000012  0.075349 0.627009 1 64 1.000000
lowpoly_plastic
0  -2.597173 -21.051483 -4.064663  0.093936 -0.000007 -0.995578  0.075349 0.627009 1 64 1.000000
0  -2.615703 -20.969145 -4.066412  0.093965 0.000003 -0.995576  0.075349 0.627009 1 64 1.000000
0  -2.597178 -20.969139 -4.064663  0.093971 0.000005 -0.995575  0.075349 0.627009 1 64 1.000000
lowpoly_plastic
0  -3.200460 -20.102894 -5.774664  1.000000 0.000015 0.000000  0.075349 0.627009 1 64 1.000000
0  -3.200463 -20.185238 -5.749248  1.000000 -0.000030 0.000000  0.075349 0.627009 1 64 1.000000
0  -3.200463 -20.185238 -5.774664  1.000000 -0.000028 0.000000  0.075349 0.627009 1 64 1.000000
lowpoly_plastic
0  -2.597172 -22.082417 -5.179888  -0.000029 1.000000 0.000430  0.075349 0.627009 1 64 1.000000
0  -2.615707 -22.082417 -4.165146  0.000000 1.000000 0.000000  0.075349 0.627009 1 64 1.000000
0  -2.597172 -22.082417 -4.163397  0.000000 1.000000 0.000000  0.075349 0.627009 1 64 1.000000
lowpoly_plastic
0  -2.597172 -19.710947 -4.163396  0.060330 0.766570 -0.639321  0.075349 0.627009 1 64 1.000000
0  -2.615706 -19.628603 -4.066411  0.060259 0.766574 -0.639322  0.075349 0.627009 1 64 1.000000
0  -2.597172 -19.628601 -4.064662  0.060252 0.766575 -0.639322  0.075349 0.627009 1 64 1.000000
lowpoly_plastic
0  -3.200468 -24.763487 -5.774666  1.000000 0.000000 0.000000  0.075349 0.627009 1 64 1.000000
0  -3.200460 -24.681150 -5.749247  1.000000 -0.000093 0.000000  0.075349 0.627009 1 64 1.000000
0  -3.200468 -24.763487 -5.749250  1.000000 0.000000 0.000000  0.075349 0.627009 1 64 1.000000
lowpoly_plastic
0  -3.045781 -20.412508 -5.774664  0.000100 -1.000000 0.000187  0.075349 0.627009 1 64 1.000000
0  -3.044858 -20.412506 -5.749248  0.000163 -1.000000 0.000127  0.075349 0.627009 1 64 1.000000
0  -3.200458 -20.412502 -5.749248  -0.000036 -1.000000 0.000025  0.075349 0.627009 1 64 1.000000
lowpoly_plastic
0  -3.045778 -21.133823 -5.774665  0.000078 1.000000 0.000060  0.075349 0.627009 1 64 1.000000
0  -3.200463 -21.133823 -5.749248  0.000001 1.000000 0.000000  0.075349 0.627009 1 64 1.000000
0  -3.044863 -21.133825 -5.749249  0.000098 1.000000 -0.000034  0.075349 0.627009 1 64 1.000000
lowpoly_plastic
0  -3.200462 -24.371542 -5.774665  1.000000 -0.000011 0.000000  0.075349 0.627009 1 64 1.000000
0  -3.200462 -24.453876 -5.749249  1.000000 0.000000 0.000000  0.075349 0.627009 1 64 1.000000
0  -3.200462 -24.453876 -5.774665  1.000000 0.000000 0.000000  0.075349 0.627009 1 64 1.000000
lowpoly_plastic
0  -3.200459 -24.206856 -5.774665  1.000000 -0.000010 0.000000  0.075349 0.627009 1 64 1.000000
0  -3.200460 -24.289198 -5.749249  1.000000 -0.000017 0.000000  0.075349 0.627009 1 64 1.000000
0  -3.200460 -24.289198 -5.774665  1.000000 -0.000018 0.000000  0.075349 0.627009 1 64 1.000000
lowpoly_plastic
0  -2.597170 -22.474371 -4.064663  0.093816 -0.000022 -0.995590  0.075349 0.627009 1 64 1.000000
0  -2.615707 -22.392025 -4.066412  0.093910 -0.000003 -0.995581  0.075349 0.627009 1 64 1.000000
0  -2.597171 -22.392025 -4.064663  0.093928 0.000001 -0.995579  0.075349 0.627009 1 64 1.000000
lowpoly_plastic
0  -2.597172 -22.082417 -4.163397  0.060312 0.766569 -0.639323  0.075349 0.627009 1 64 1.000000
0  -2.615705 -22.000072 -4.066412  0.060253 0.766579 -0.639317  0.075349 0.627009 1 64 1.000000
0  -2.597169 -22.000071 -4.064663  0.060247 0.766580 -0.639316  0.075349 0.627009 1 64 1.000000
lowpoly_plastic
0  -2.597169 -22.000071 -4.064663  0.093936 -0.000000 -0.995578  0.075349 0.627009 1 64 1.000000
0  -2.615705 -21.917728 -4.066412  0.093980 0.000006 -0.995574  0.075349 0.627009 1 64 1.000000
0  -2.597175 -21.917732 -4.064663  0.093988 0.000007 -0.995573  0.075349 0.627009 1 64 1.000000
lowpoly_plastic
0  -3.045778 -21.608120 -5.774665  -0.000049 1.000000 0.000000  0.075349 0.627009 1 64 1.000000
0  -3.200463 -21.608120 -5.749249  0.000000 1.000000 0.000000  0.075349 0.627009 1 64 1.000000
0  -3.044858 -21.608120 -5.749249  -0.000078 1.000000 0.000000  0.075349 0.627009 1 64 1.000000
lowpoly_plastic
0  -3.045779 -24.928177 -5.774664  -0.000110 1.000000 0.000139  0.075349 0.627009 1 64 1.000000
0  -3.200462 -24.928175 -5.749248  0.000014 1.000000 0.000012  0.075349 0.627009 1 64 1.000000
0  -3.044864 -24.928179 -5.749248  -0.000214 1.000000 0.000166  0.075349 0.627009 1 64 1.000000
lowpoly_plastic
0  -3.200468 -24.763487 -5.774666  1.000000 0.000000 0.000000  0.075349 0.627009 1 64 1.000000
0  -3.200460 -24.845831 -5.749250  1.000000 0.000037 0.000000  0.075349 0.627009 1 64 1.000000
0  -3.200460 -24.845831 -5.774666  1.000000 0.000037 0.000000  0.075349 0.627009 1 64 1.000000
lowpoly_plastic
0  -3.045779 -24.681147 -5.774666  0.000010 -1.000000 -0.000078  0.075349 0.627009 1 64 1.000000
0  -3.044865 -24.681150 -5.749248  0.000050 -1.000000 -0.000038  0.075349 0.627009 1 64 1.000000
0  -3.200460 -24.681150 -5.749247  0.000022 -1.000000 -0.000012  0.075349 0.627009 1 64 1.000000
lowpoly_plastic
0  -3.045781 -23.031000 -5.774665  0.000106 1.000000 0.000139  0.075349 0.627009 1 64 1.000000
0  -3.200465 -23.031000 -5.749249  0.000003 1.000000 0.000012  0.075349 0.627009 1 64 1.000000
0  -3.044858 -23.031004 -5.749249  0.000116 1.000000 0.000089  0.075349 0.627009 1 64 1.000000
lowpoly_plastic
0  -3.034453 -22.082411 -5.759871  -0.000040 1.000000 -0.000118  0.075349 0.627009 1 64 1.000000
0  -3.044863 -22.082411 -5.749249  -0.000017 1.000000 -0.000043  0.075349 0.627009 1 64 1.000000
0  -2.615708 -22.082417 -5.181636  -0.000124 1.000000 0.000109  0.075349 0.627009 1 64 1.000000
lowpoly_plastic
0  -2.597169 -22.783978 -4.163397  0.060481 -0.766617 -0.639250  0.075349 0.627009 1 64 1.000000
0  -2.615710 -22.866316 -4.066411  0.060330 -0.766598 -0.639287  0.075349 0.627009 1 64 1.000000
0  -2.615705 -22.783981 -4.165146  0.060498 -0.766619 -0.639246  0.075349 0.627009 1 64 1.000000
lowpoly_plastic
0  -3.200461 -19.546263 -5.774664  1.000000 -0.000050 0.000000  0.075349 0.627009 1 64 1.000000
0  -3.200458 -19.463919 -5.749250  1.000000 -0.000043 0.000000  0.075349 0.627009 1 64 1.000000
0  -3.200461 -19.546263 -5.749250  1.000000 -0.000050 0.000000  0.075349 0.627009 1 64 1.000000
lowpoly_plastic
0  -2.597171 -20.886803 -4.163397  0.060218 -0.766560 -0.639343  0.075349 0.627009 1 64 1.000000
0  -2.615703 -20.969145 -4.066412  0.060554 -0.766589 -0.639276  0.075349 0.627009 1 64 1.000000
0  -2.615703 -20.886799 -4.165146  0.060182 -0.766557 -0.639351  0.075349 0.627009 1 64 1.000000
lowpoly_plastic
0  -2.597172 -23.030998 -4.163397  0.060180 0.766601 -0.639298  0.075349 0.627009 1 64 1.000000
0  -2.615707 -22.948658 -4.066411  0.060317 0.766585 -0.639304  0.075349 0.627009 1 64 1.000000
0  -2.597176 -22.948658 -4.064662  0.060332 0.766583 -0.639305  0.075349 0.627009 1 64 1.000000
lowpoly_plastic
0  -3.200461 -21.835382 -5.774665  1.000000 -0.000013 0.000000  0.075349 0.627009 1 64 1.000000
0  -3.200462 -21.917727 -5.749249  1.000000 -0.000011 0.000000  0.075349 0.627009 1 64 1.000000
0  -3.200462 -21.917727 -5.774665  1.000000 -0.000010 0.000000  0.075349 0.627009 1 64 1.000000
lowpoly_plastic
0  -2.597173 -23.505299 -4.163397  0.060262 0.766583 -0.639312  0.075349 0.627009 1 64 1.000000
0  -2.615706 -23.422956 -4.066411  0.060184 0.766573 -0.639331  0.075349 0.627009 1 64 1.000000
0  -2.597170 -23.422953 -4.064662  0.060176 0.766572 -0.639333  0.075349 0.627009 1 64 1.000000
lowpoly_plastic
0  -3.200463 -19.938208 -5.774664  1.000000 -0.000036 0.000000  0.075349 0.627009 1 64 1.000000
0  -3.200466 -20.020552 -5.749250  1.000000 0.000019 0.000000  0.075349 0.627009 1 64 1.000000
0  -3.200466 -20.020552 -5.774664  1.000000 0.000018 0.000000  0.075349 0.627009 1 64 1.000000
lowpoly_plastic
0  -3.200461 -23.258265 -5.774665  1.000000 -0.000021 0.000000  0.075349 0.627009 1 64 1.000000
0  -3.200463 -23.340609 -5.749249  1.000000 -0.000028 0.000000  0.075349 0.627009 1 64 1.000000
0  -3.200463 -23.340609 -5.774665  1.000000 -0.000028 0.000000  0.075349 0.627009 1 64 1.000000
lowpoly_plastic
0  -3.034454 -22.556707 -5.759871  0.000080 1.000000 0.000117  0.075349 0.627009 1 64 1.000000
0  -3.044865 -22.556707 -5.749249  0.000029 1.000000 0.000043  0.075349 0.627009 1 64 1.000000
0  -2.615706 -22.556705 -5.181636  0.000091 1.000000 -0.000068  0.075349 0.627009 1 64 1.000000
lowpoly_plastic
0  -2.597170 -23.422953 -4.064662  0.093958 0.000001 -0.995576  0.075349 0.627009 1 64 1.000000
0  -2.615706 -23.340607 -4.066411  0.093968 0.000005 -0.995575  0.075349 0.627009 1 64 1.000000
0  -2.597175 -23.340614 -4.064662  0.093970 0.000005 -0.995575  0.075349 0.627009 1 64 1.000000
lowpoly_plastic
0  -2.597173 -20.185242 -5.179887  -0.000039 1.000000 0.000513  0.075349 0.627009 1 64 1.000000
0  -2.615705 -20.185242 -4.165145  0.000000 1.000000 -0.000000  0.075349 0.627009 1 64 1.000000
0  -2.597173 -20.185242 -4.163396  0.000000 1.000000 0.000000  0.075349 0.627009 1 64 1.000000
lowpoly_plastic
0  -3.200461 -21.443430 -5.774665  1.000000 -0.000004 0.000000  0.075349 0.627009 1 64 1.000000
0  -3.200462 -21.361094 -5.749249  1.000000 0.000008 0.000000  0.075349 0.627009 1 64 1.000000
0  -3.200461 -21.443430 -5.749249  1.000000 -0.000004 0.000000  0.075349 0.627009 1 64 1.000000
lowpoly_plastic
0  -3.200461 -21.443430 -5.774665  1.000000 -0.000004 0.000000  0.075349 0.627009 1 64 1.000000
0  -3.200463 -21.525774 -5.749249  1.000000 -0.000011 0.000000  0.075349 0.627009 1 64 1.000000
0  -3.200463 -21.525774 -5.774665  1.000000 -0.000011 0.000000  0.075349 0.627009 1 64 1.000000
lowpoly_plastic
0  -2.597176 -22.948658 -4.064662  0.093967 -0.000001 -0.995575  0.075349 0.627009 1 64 1.000000
0  -2.615710 -22.866316 -4.066411  0.093841 -0.000021 -0.995587  0.075349 0.627009 1 64 1.000000
0  -2.597174 -22.866314 -4.064663  0.093817 -0.000026 -0.995589  0.075349 0.627009 1 64 1.000000
lowpoly_plastic
0  -3.045776 -24.453880 -5.774665  0.000095 1.000000 0.000217  0.075349 0.627009 1 64 1.000000
0  -3.200462 -24.453876 -5.749249  0.000026 1.000000 0.000025  0.075349 0.627009 1 64 1.000000
0  -3.044861 -24.453882 -5.749249  0.000108 1.000000 0.000057  0.075349 0.627009 1 64 1.000000
lowpoly_plastic
0  -3.034456 -24.928173 -5.759870  -0.000388 1.000000 0.000199  0.075349 0.627009 1 64 1.000000
0  -3.044864 -24.928179 -5.749248  -0.000214 1.000000 0.000166  0.075349 0.627009 1 64 1.000000
0  -2.615706 -24.928177 -5.181635  -0.000001 1.000000 -0.000067  0.075349 0.627009 1 64 1.000000
lowpoly_plastic
0  -3.200459 -22.866316 -5.774665  1.000000 0.000024 0.000000  0.075349 0.627009 1 64 1.000000
0  -3.200464 -22.783976 -5.749249  1.000000 0.000058 0.000000  0.075349 0.627009 1 64 1.000000
0  -3.200459 -22.866316 -5.749249  1.000000 0.000025 0.000000  0.075349 0.627009 1 64 1.000000
lowpoly_plastic
0  -2.597170 -24.206856 -4.163396  0.060449 -0.766605 -0.639268  0.075349 0.627009 1 64 1.000000
0  -2.615707 -24.289194 -4.066411  0.060056 -0.766575 -0.639340  0.075349 0.627009 1 64 1.000000
0  -2.615707 -24.206860 -4.165145  0.060491 -0.766608 -0.639260  0.075349 0.627009 1 64 1.000000
lowpoly_plastic
0  -2.597175 -23.979593 -4.163395  0.060439 0.766567 -0.639314  0.075349 0.627009 1 64 1.000000
0  -2.615702 -23.897247 -4.066411  0.060414 0.766563 -0.639322  0.075349 0.627009 1 64 1.000000
0  -2.597173 -23.897249 -4.064662  0.060411 0.766562 -0.639322  0.075349 0.627009 1 64 1.000000
lowpoly_plastic
0  -3.200463 -22.000071 -5.774665  1.000000 0.000018 0.000000  0.075349 0.627009 1 64 1.000000
0  -3.200459 -22.082413 -5.749249  1.000000 0.000048 0.000000  0.075349 0.627009 1 64 1.000000
0  -3.200459 -22.082413 -5.774665  1.000000 0.000050 0.000000  0.075349 0.627009 1 64 1.000000
lowpoly_plastic
0  -2.597174 -24.845833 -4.064662  0.093941 -0.000002 -0.995578  0.075349 0.627009 1 64 1.000000
0  -2.615707 -24.763493 -4.066411  0.093937 -0.000004 -0.995578  0.075349 0.627009 1 64 1.000000
0  -2.597170 -24.763489 -4.064662  0.093936 -0.000004 -0.995578  0.075349 0.627009 1 64 1.000000
lowpoly_plastic
0  -2.597175 -24.928177 -5.179889  0.000000 1.000000 -0.000000  0.075349 0.627009 1 64 1.000000
0  -2.615705 -24.928177 -4.165145  0.000000 1.000000 -0.000000  0.075349 0.627009 1 64 1.000000
0  -2.597175 -24.928177 -4.163396  0.000000 1.000000 0.000000  0.075349 0.627009 1 64 1.000000
lowpoly_plastic
0  -2.597169 -20.659534 -5.179888  -0.000235 1.000000 0.000277  0.075349 0.627009 1 64 1.000000
0  -2.615705 -20.659538 -4.165146  -0.000206 1.000000 -0.000003  0.075349 0.627009 1 64 1.000000
0  -2.597169 -20.659534 -4.163397  -0.000206 1.000000 -0.000003  0.075349 0.627009 1 64 1.000000
lowpoly_plastic
0  -3.034457 -20.185236 -5.759870  -0.000493 1.000000 0.000223  0.075349 0.627009 1 64 1.000000
0  -3.044862 -20.185244 -5.749248  -0.000274 1.000000 0.000267  0.075349 0.627009 1 64 1.000000
0  -2.615706 -20.185242 -5.181635  -0.000168 1.000000 0.000200  0.075349 0.627009 1 64 1.000000
lowpoly_plastic
0  -3.034457 -20.659533 -5.759870  -0.000019 1.000000 -0.000235  0.075349 0.627009 1 64 1.000000
0  -3.044860 -20.659531 -5.749248  0.000019 1.000000 -0.000223  0.075349 0.627009 1 64 1.000000
0  -2.615706 -20.659538 -5.181636  -0.000307 1.000000 0.000207  0.075349 0.627009 1 64 1.000000
lowpoly_plastic
0  -3.045777 -19.710943 -5.774664  -0.000122 1.000000 0.000108  0.075349 0.627009 1 64 1.000000
0  -3.200460 -19.710939 -5.749250  0.000027 1.000000 0.000012  0.075349 0.627009 1 64 1.000000
0  -3.044861 -19.710947 -5.749248  -0.000270 1.000000 0.000221  0.075349 0.627009 1 64 1.000000
lowpoly_plastic
0  -3.200460 -24.845831 -5.774666  1.000000 0.000037 0.000000  0.075349 0.627009 1 64 1.000000
0  -3.200462 -24.928175 -5.749248  1.000000 -0.000021 0.000000  0.075349 0.627009 1 64 1.000000
0  -3.200462 -24.928175 -5.774664  1.000000 -0.000021 0.000000  0.075349 0.627009 1 64 1.000000
lowpoly_plastic
0  -3.200460 -19.710939 -5.774664  1.000000 0.000071 0.000000  0.075349 0.627009 1 64 1.000000
0  -3.200466 -19.628601 -5.749250  1.000000 0.000007 0.000000  0.075349 0.627009 1 64 1.000000
0  -3.200460 -19.710939 -5.749250  1.000000 0.000071 0.000000  0.075349 0.627009 1 64 1.000000
lowpoly_plastic
0  -2.597175 -19.938213 -4.163396  0.060272 -0.766573 -0.639323  0.075349 0.627009 1 64 1.000000
0  -2.615708 -20.020555 -4.066411  0.060372 -0.766603 -0.639278  0.075349 0.627009 1 64 1.000000
0  -2.615705 -19.938211 -4.165145  0.060262 -0.766569 -0.639328  0.075349 0.627009 1 64 1.000000
lowpoly_plastic
0  -2.597173 -23.505299 -5.179888  0.000000 1.000000 0.000000  0.075349 0.627009 1 64 1.000000
0  -2.615708 -23.505299 -4.165144  0.000000 1.000000 0.000000  0.075349 0.627009 1 64 1.000000
0  -2.597173 -23.505299 -4.163397  0.000000 1.000000 0.000000  0.075349 0.627009 1 64 1.000000
lowpoly_plastic
0  -2.597175 -23.979593 -5.179888  0.000074 1.000000 0.000069  0.075349 0.627009 1 64 1.000000
0  -2.615704 -23.979591 -4.165144  0.000103 1.000000 -0.000003  0.075349 0.627009 1 64 1.000000
0  -2.597175 -23.979593 -4.163395  0.000103 1.000000 -0.000003  0.075349 0.627009 1 64 1.000000
lowpoly_plastic
0  -3.045775 -23.505295 -5.774665  -0.000097 1.000000 -0.000157  0.075349 0.627009 1 64 1.000000
0  -3.200461 -23.505293 -5.749249  0.000010 1.000000 -0.000025  0.075349 0.627009 1 64 1.000000
0  -3.044864 -23.505291 -5.749249  -0.000110 1.000000 -0.000014  0.075349 0.627009 1 64 1.000000
lowpoly_plastic
0  -3.034456 -23.979589 -5.759869  0.000286 1.000000 -0.000160  0.075349 0.627009 1 64 1.000000
0  -3.044867 -23.979586 -5.749249  0.000151 1.000000 -0.000154  0.075349 0.627009 1 64 1.000000
0  -2.615704 -23.979591 -5.181636  -0.000032 1.000000 0.000152  0.075349 0.627009 1 64 1.000000
lowpoly_plastic
0  -3.045777 -20.185240 -5.774664  -0.000130 1.000000 0.000187  0.075349 0.627009 1 64 1.000000
0  -3.200463 -20.185238 -5.749248  0.000015 1.000000 0.000025  0.075349 0.627009 1 64 1.000000
0  -3.044862 -20.185244 -5.749248  -0.000274 1.000000 0.000267  0.075349 0.627009 1 64 1.000000
lowpoly_plastic
0  -2.597173 -23.897249 -4.064662  0.093967 0.000005 -0.995575  0.075349 0.627009 1 64 1.000000
0  -2.615707 -23.814907 -4.066411  0.093932 -0.000001 -0.995579  0.075349 0.627009 1 64 1.000000
0  -2.597171 -23.814907 -4.064662  0.093925 -0.000002 -0.995579  0.075349 0.627009 1 64 1.000000
lowpoly_plastic
0  -3.045778 -22.309679 -5.774665  0.000078 -1.000000 0.000108  0.075349 0.627009 1 64 1.000000
0  -3.044866 -22.309677 -5.749249  0.000097 -1.000000 0.000024  0.075349 0.627009 1 64 1.000000
0  -3.200462 -22.309679 -5.749249  0.000001 -1.000000 0.000012  0.075349 0.627009 1 64 1.000000
lowpoly_plastic
0  -2.597174 -21.525780 -4.064663  0.093953 0.000003 -0.995577  0.075349 0.627009 1 64 1.000000
0  -2.615709 -21.443436 -4.066412  0.093933 -0.000001 -0.995579  0.075349 0.627009 1 64 1.000000
0  -2.597172 -21.443434 -4.064663  0.093929 -0.000002 -0.995579  0.075349 0.627009 1 64 1.000000
lowpoly_plastic
0  -2.597169 -20.659534 -4.163397  0.060211 0.766562 -0.639341  0.075349 0.627009 1 64 1.000000
0  -2.615704 -20.577192 -4.066411  0.060390 0.766593 -0.639288  0.075349 0.627009 1 64 1.000000
0  -2.597174 -20.577194 -4.064662  0.060409 0.766596 -0.639282  0.075349 0.627009 1 64 1.000000
lowpoly_plastic
0  -2.597176 -22.556707 -5.179888  0.000103 1.000000 -0.000000  0.075349 0.627009 1 64 1.000000
0  -2.615705 -22.556705 -4.165146  0.000103 1.000000 -0.000000  0.075349 0.627009 1 64 1.000000
0  -2.597176 -22.556707 -4.163397  0.000103 1.000000 0.000000  0.075349 0.627009 1 64 1.000000
lowpoly_plastic
0  -3.034458 -21.608118 -5.759871  -0.000142 1.000000 0.000001  0.075349 0.627009 1 64 1.000000
0  -3.044858 -21.608120 -5.749249  -0.000078 1.000000 0.000000  0.075349 0.627009 1 64 1.000000
0  -2.615707 -21.608122 -5.181636  -0.000091 1.000000 0.000069  0.075349 0.627009 1 64 1.000000
lowpoly_plastic
0  -3.200465 -23.031000 -5.774665  1.000000 -0.000057 0.000000  0.075349 0.627009 1 64 1.000000
0  -3.200460 -22.948664 -5.749249  1.000000 -0.000036 0.000000  0.075349 0.627009 1 64 1.000000
0  -3.200465 -23.031000 -5.749249  1.000000 -0.000057 0.000000  0.075349 0.627009 1 64 1.000000
lowpoly_plastic
0  -3.200458 -20.412502 -5.774664  1.000000 -0.000023 0.000000  0.075349 0.627009 1 64 1.000000
0  -3.200460 -20.494844 -5.749248  1.000000 -0.000017 0.000000  0.075349 0.627009 1 64 1.000000
0  -3.200460 -20.494844 -5.774664  1.000000 -0.000018 0.000000  0.075349 0.627009 1 64 1.000000
lowpoly_plastic
0  -3.200462 -20.969143 -5.774664  1.000000 0.000024 0.000000  0.075349 0.627009 1 64 1.000000
0  -3.200461 -20.886799 -5.749248  1.000000 -0.000013 0.000000  0.075349 0.627009 1 64 1.000000
0  -3.200462 -20.969143 -5.749248  1.000000 0.000025 0.000000  0.075349 0.627009 1 64 1.000000
lowpoly_plastic
0  -2.597175 -24.928177 -4.163396  0.060329 0.766565 -0.639327  0.075349 0.627009 1 64 1.000000
0  -2.615708 -24.845835 -4.066411  0.060259 0.766575 -0.639321  0.075349 0.627009 1 64 1.000000
0  -2.597174 -24.845833 -4.064662  0.060252 0.766576 -0.639321  0.075349 0.627009 1 64 1.000000
lowpoly_plastic
0  -2.597176 -24.681150 -4.163396  0.060283 -0.766575 -0.639318  0.075349 0.627009 1 64 1.000000
0  -2.615707 -24.763493 -4.066411  0.060460 -0.766589 -0.639285  0.075349 0.627009 1 64 1.000000
0  -2.615705 -24.681149 -4.165145  0.060264 -0.766574 -0.639322  0.075349 0.627009 1 64 1.000000
lowpoly_plastic
0  -3.045776 -20.886799 -5.774664  0.000078 -1.000000 0.000030  0.075349 0.627009 1 64 1.000000
0  -3.044864 -20.886797 -5.749248  0.000098 -1.000000 -0.000113  0.075349 0.627009 1 64 1.000000
0  -3.200461 -20.886799 -5.749248  0.000001 -1.000000 0.000000  0.075349 0.627009 1 64 1.000000
lowpoly_plastic
0  -3.200464 -23.732559 -5.774665  1.000000 0.000058 0.000000  0.075349 0.627009 1 64 1.000000
0  -3.200459 -23.814901 -5.749249  1.000000 0.000011 0.000000  0.075349 0.627009 1 64 1.000000
0  -3.200459 -23.814901 -5.774665  1.000000 0.000013 0.000000  0.075349 0.627009 1 64 1.000000
lowpoly_plastic
0  -3.200463 -21.525774 -5.774665  1.000000 -0.000011 0.000000  0.075349 0.627009 1 64 1.000000
0  -3.200463 -21.608120 -5.749249  1.000000 0.000000 0.000000  0.075349 0.627009 1 64 1.000000
0  -3.200463 -21.608120 -5.774665  1.000000 0.000000 0.000000  0.075349 0.627009 1 64 1.000000
lowpoly_plastic
0  -2.597169 -21.608120 -4.163397  0.060263 0.766574 -0.639322  0.075349 0.627009 1 64 1.000000
0  -2.615705 -21.525776 -4.066412  0.060474 0.766574 -0.639302  0.075349 0.627009 1 64 1.000000
0  -2.597174 -21.525780 -4.064663  0.060497 0.766574 -0.639300  0.075349 0.627009 1 64 1.000000
lowpoly_plastic
0  -3.045774 -22.082413 -5.774665  -0.000028 1.000000 -0.000060  0.075349 0.627009 1 64 1.000000
0  -3.200459 -22.082413 -5.749249  -0.000001 1.000000 0.000000  0.075349 0.627009 1 64 1.000000
0  -3.044863 -22.082411 -5.749249  -0.000017 1.000000 -0.000043  0.075349 0.627009 1 64 1.000000
lowpoly_plastic
0  -3.045777 -23.258265 -5.774665  -0.000078 -1.000000 -0.000048  0.075349 0.627009 1 64 1.000000
0  -3.044862 -23.258266 -5.749249  -0.000099 -1.000000 0.000092  0.075349 0.627009 1 64 1.000000
0  -3.200461 -23.258265 -5.749249  -0.000001 -1.000000 -0.000012  0.075349 0.627009 1 64 1.000000
lowpoly_plastic
0  -3.034455 -23.505289 -5.759871  -0.000220 1.000000 0.000081  0.075349 0.627009 1 64 1.000000
0  -3.044864 -23.505291 -5.749249  -0.000110 1.000000 -0.000014  0.075349 0.627009 1 64 1.000000
0  -2.615709 -23.505299 -5.181636  0.000002 1.000000 0.000001  0.075349 0.627009 1 64 1.000000
lowpoly_plastic
0  -3.045779 -20.659538 -5.774664  -0.000038 1.000000 -0.000356  0.075349 0.627009 1 64 1.000000
0  -3.200457 -20.659533 -5.749248  0.000032 1.000000 -0.000037  0.075349 0.627009 1 64 1.000000
0  -3.044860 -20.659531 -5.749248  0.000019 1.000000 -0.000223  0.075349 0.627009 1 64 1.000000
lowpoly_plastic
0  -2.597174 -22.309683 -4.163397  0.060243 -0.766576 -0.639322  0.075349 0.627009 1 64 1.000000
0  -2.615707 -22.392025 -4.066412  0.060310 -0.766568 -0.639324  0.075349 0.627009 1 64 1.000000
0  -2.615705 -22.309681 -4.165146  0.060235 -0.766577 -0.639321  0.075349 0.627009 1 64 1.000000
lowpoly_plastic
0  -3.200466 -23.422953 -5.774665  1.000000 0.000011 0.000000  0.075349 0.627009 1 64 1.000000
0  -3.200461 -23.505293 -5.749249  1.000000 0.000057 0.000000  0.075349 0.627009 1 64 1.000000
0  -3.200461 -23.505293 -5.774665  1.000000 0.000057 0.000000  0.075349 0.627009 1 64 1.000000
lowpoly_plastic
0  -3.034455 -23.031006 -5.759871  0.000221 1.000000 0.000120  0.075349 0.627009 1 64 1.000000
0  -3.044858 -23.031004 -5.749249  0.000116 1.000000 0.000089  0.075349 0.627009 1 64 1.000000
0  -2.615710 -23.031000 -5.181636  -0.000093 1.000000 0.000069  0.075349 0.627009 1 64 1.000000
lowpoly_plastic
0  -3.200462 -20.969143 -5.774664  1.000000 0.000024 0.000000  0.075349 0.627009 1 64 1.000000
0  -3.200457 -21.051483 -5.749248  1.000000 -0.000007 0.000000  0.075349 0.627009 1 64 1.000000
0  -3.200457 -21.051483 -5.774664  1.000000 -0.000006 0.000000  0.075349 0.627009 1 64 1.000000
lowpoly_plastic
0  -3.200463 -23.340609 -5.774665  1.000000 -0.000028 0.000000  0.075349 0.627009 1 64 1.000000
0  -3.200466 -23.422953 -5.749249  1.000000 0.000011 0.000000  0.075349 0.627009 1 64 1.000000
0  -3.200466 -23.422953 -5.774665  1.000000 0.000011 0.000000  0.075349 0.627009 1 64 1.000000
lowpoly_plastic
0  -2.597176 -22.556707 -4.163397  0.060428 0.766589 -0.639288  0.075349 0.627009 1 64 1.000000
0  -2.615709 -22.474369 -4.066411  0.060315 0.766606 -0.639279  0.075349 0.627009 1 64 1.000000
0  -2.597170 -22.474371 -4.064663  0.060303 0.766608 -0.639278  0.075349 0.627009 1 64 1.000000
lowpoly_plastic
0  -2.597175 -23.732565 -4.163395  0.060129 -0.766580 -0.639327  0.075349 0.627009 1 64 1.000000
0  -2.615707 -23.814907 -4.066411  0.060298 -0.766578 -0.639314  0.075349 0.627009 1 64 1.000000
0  -2.615705 -23.732559 -4.165144  0.060111 -0.766580 -0.639329  0.075349 0.627009 1 64 1.000000
lowpoly_plastic
0  -2.597173 -20.185242 -4.163396  0.060316 0.766583 -0.639307  0.075349 0.627009 1 64 1.000000
0  -2.615708 -20.102901 -4.066411  0.060190 0.766564 -0.639340  0.075349 0.627009 1 64 1.000000
0  -2.597172 -20.102898 -4.064662  0.060177 0.766562 -0.639344  0.075349 0.627009 1 64 1.000000
lowpoly_plastic
0  -2.597176 -23.258266 -4.163397  0.060320 -0.766583 -0.639306  0.075349 0.627009 1 64 1.000000
0  -2.615706 -23.340607 -4.066411  0.060055 -0.766573 -0.639343  0.075349 0.627009 1 64 1.000000
0  -2.615710 -23.258268 -4.165144  0.060349 -0.766584 -0.639302  0.075349 0.627009 1 64 1.000000
lowpoly_plastic
0  -2.597172 -19.710947 -5.179887  0.000204 1.000000 0.000002  0.075349 0.627009 1 64 1.000000
0  -2.615709 -19.710947 -4.165145  0.000002 1.000000 0.000000  0.075349 0.627009 1 64 1.000000
0  -2.597172 -19.710947 -4.163396  0.000000 1.000000 0.000000  0.075349 0.627009 1 64 1.000000
lowpoly_plastic
0  -2.597172 -24.453882 -4.163396  0.060261 0.766547 -0.639354  0.075349 0.627009 1 64 1.000000
0  -2.615709 -24.371536 -4.066411  0.060475 0.766564 -0.639314  0.075349 0.627009 1 64 1.000000
0  -2.597178 -24.371540 -4.064662  0.060498 0.766566 -0.639310  0.075349 0.627009 1 64 1.000000
lowpoly_plastic
0  -3.200462 -22.309679 -5.774665  1.000000 -0.000023 0.000000  0.075349 0.627009 1 64 1.000000
0  -3.200464 -22.392025 -5.749249  1.000000 0.000022 0.000000  0.075349 0.627009 1 64 1.000000
0  -3.200464 -22.392025 -5.774665  1.000000 0.000021 0.000000  0.075349 0.627009 1 64 1.000000
lowpoly_plastic
0  -3.034455 -19.710939 -5.759870  -0.000490 1.000000 0.000220  0.075349 0.627009 1 64 1.000000
0  -3.044861 -19.710947 -5.749248  -0.000270 1.000000 0.000221  0.075349 0.627009 1 64 1.000000
0  -2.615703 -19.710943 -5.181635  0.000182 1.000000 -0.000133  0.075349 0.627009 1 64 1.000000
lowpoly_plastic
0  -3.034451 -21.133827 -5.759871  0.000183 1.000000 0.000036  0.075349 0.627009 1 64 1.000000
0  -3.044863 -21.133825 -5.749249  0.000098 1.000000 -0.000034  0.075349 0.627009 1 64 1.000000
0  -2.615704 -21.133823 -5.181636  0.000183 1.000000 -0.000069  0.075349 0.627009 1 64 1.000000
lowpoly_plastic
0  -3.045783 -23.979586 -5.774665  0.000080 1.000000 0.000000  0.075349 0.627009 1 64 1.000000
0  -3.200462 -23.979589 -5.749249  -0.000025 1.000000 0.000000  0.075349 0.627009 1 64 1.000000
0  -3.044867 -23.979586 -5.749249  0.000151 1.000000 -0.000154  0.075349 0.627009 1 64 1.000000
lowpoly_plastic
0  -3.200459 -23.814901 -5.774665  1.000000 0.000013 0.000000  0.075349 0.627009 1 64 1.000000
0  -3.200462 -23.897243 -5.749247  1.000000 -0.000016 0.000000  0.075349 0.627009 1 64 1.000000
0  -3.200462 -23.897243 -5.774663  1.000000 -0.000014 0.000000  0.075349 0.627009 1 64 1.000000
lowpoly_plastic
0  -2.597172 -20.102898 -4.064662  0.093955 -0.000000 -0.995576  0.075349 0.627009 1 64 1.000000
0  -2.615708 -20.020555 -4.066411  0.093930 -0.000002 -0.995579  0.075349 0.627009 1 64 1.000000
0  -2.597170 -20.020554 -4.064662  0.093925 -0.000002 -0.995579  0.075349 0.627009 1 64 1.000000
lowpoly_plastic
0  -2.597175 -21.133827 -4.163397  0.060499 0.766566 -0.639309  0.075349 0.627009 1 64 1.000000
0  -2.615710 -21.051483 -4.066412  0.060331 0.766565 -0.639326  0.075349 0.627009 1 64 1.000000
0  -2.597173 -21.051483 -4.064663  0.060313 0.766565 -0.639328  0.075349 0.627009 1 64 1.000000
lowpoly_plastic
0  -2.597174 -20.577194 -4.064662  0.093961 -0.000001 -0.995576  0.075349 0.627009 1 64 1.000000
0  -2.615703 -20.494848 -4.066411  0.093958 -0.000000 -0.995576  0.075349 0.627009 1 64 1.000000
0  -2.597174 -20.494850 -4.064662  0.093957 0.000000 -0.995576  0.075349 0.627009 1 64 1.000000
lowpoly_plastic
0  -3.045776 -21.835382 -5.774665  -0.000057 -1.000000 -0.000108  0.075349 0.627009 1 64 1.000000
0  -3.044860 -21.835386 -5.749249  -0.000039 -1.000000 -0.000049  0.075349 0.627009 1 64 1.000000
0  -3.200461 -21.835382 -5.749249  -0.000003 -1.000000 -0.000012  0.075349 0.627009 1 64 1.000000
lowpoly_plastic
0  -3.200460 -20.494844 -5.774664  1.000000 -0.000018 0.000000  0.075349 0.627009 1 64 1.000000
0  -3.200461 -20.577192 -5.749248  1.000000 0.000018 0.000000  0.075349 0.627009 1 64 1.000000
0  -3.200461 -20.577192 -5.774664  1.000000 0.000018 0.000000  0.075349 0.627009 1 64 1.000000
lowpoly_plastic
0  -2.597172 -19.628601 -4.064662  0.093969 -0.000001 -0.995575  0.075349 0.627009 1 64 1.000000
0  -2.615705 -19.546257 -4.066411  0.093947 -0.000000 -0.995577  0.075349 0.627009 1 64 1.000000
0  -2.597172 -19.546257 -4.064662  0.093943 0.000000 -0.995578  0.075349 0.627009 1 64 1.000000
lowpoly_plastic
0  -3.034457 -24.453884 -5.759869  0.000183 1.000000 0.000037  0.075349 0.627009 1 64 1.000000
0  -3.044861 -24.453882 -5.749249  0.000108 1.000000 0.000057  0.075349 0.627009 1 64 1.000000
0  -2.615709 -24.453884 -5.181637  -0.000091 1.000000 -0.000002  0.075349 0.627009 1 64 1.000000
lowpoly_plastic
0  -3.200461 -19.546263 -5.774664  1.000000 -0.000050 0.000000  0.075349 0.627009 1 64 1.000000
0  -3.200466 -19.628601 -5.749250  1.000000 0.000007 0.000000  0.075349 0.627009 1 64 1.000000
0  -3.200466 -19.628601 -5.774664  1.000000 0.000007 0.000000  0.075349 0.627009 1 64 1.000000
lowpoly_plastic
0  -3.045780 -22.556704 -5.774665  0.000039 1.000000 0.000060  0.075349 0.627009 1 64 1.000000
0  -3.200462 -22.556707 -5.749249  -0.000022 1.000000 0.000000  0.075349 0.627009 1 64 1.000000
0  -3.044865 -22.556707 -5.749249  0.000029 1.000000 0.000043  0.075349 0.627009 1 64 1.000000
lowpoly_plastic
0  -2.597172 -24.453882 -5.179889  -0.000103 1.000000 -0.000001  0.075349 0.627009 1 64 1.000000
0  -2.615708 -24.453884 -4.165145  -0.000103 1.000000 0.000003  0.075349 0.627009 1 64 1.000000
0  -2.597172 -24.453882 -4.163396  -0.000103 1.000000 0.000003  0.075349 0.627009 1 64 1.000000
lowpoly_plastic
0  -3.045778 -19.938210 -5.774664  -0.000086 -1.000000 0.000000  0.075349 0.627009 1 64 1.000000
0  -3.044864 -19.938211 -5.749248  -0.000103 -1.000000 0.000036  0.075349 0.627009 1 64 1.000000
0  -3.200463 -19.938208 -5.749250  -0.000014 -1.000000 0.000000  0.075349 0.627009 1 64 1.000000
lowpoly_plastic
0  -2.597175 -19.463915 -4.163396  0.060329 -0.766577 -0.639312  0.075349 0.627009 1 64 1.000000
0  -2.615705 -19.546257 -4.066411  0.060325 -0.766564 -0.639328  0.075349 0.627009 1 64 1.000000
0  -2.615707 -19.463915 -4.165145  0.060329 -0.766578 -0.639310  0.075349 0.627009 1 64 1.000000
lowpoly_plastic
0  -3.200457 -21.051483 -5.774664  1.000000 -0.000006 0.000000  0.075349 0.627009 1 64 1.000000
0  -3.200463 -21.133823 -5.749248  1.000000 -0.000065 0.000000  0.075349 0.627009 1 64 1.000000
0  -3.200463 -21.133823 -5.774664  1.000000 -0.000064 0.000000  0.075349 0.627009 1 64 1.000000
lowpoly_plastic
0  -2.597175 -21.133827 -5.179888  0.000206 1.000000 0.000000  0.075349 0.627009 1 64 1.000000
0  -2.615704 -21.133823 -4.165146  0.000206 1.000000 0.000000  0.075349 0.627009 1 64 1.000000
0  -2.597175 -21.133827 -4.163397  0.000206 1.000000 0.000000  0.075349 0.627009 1 64 1.000000
lowpoly_plastic
0  -3.200460 -24.289198 -5.774665  1.000000 -0.000018 0.000000  0.075349 0.627009 1 64 1.000000
0  -3.200462 -24.371542 -5.749249  1.000000 -0.000011 0.000000  0.075349 0.627009 1 64 1.000000
0  -3.200462 -24.371542 -5.774665  1.000000 -0.000011 0.000000  0.075349 0.627009 1 64 1.000000
lowpoly_plastic
0  -3.034453 -19.938213 -5.759870  0.794080 0.000002 -0.607814  0.075349 0.627009 1 64 1.000000
0  -3.045777 -19.710943 -5.774664  0.794147 0.000006 -0.607726  0.075349 0.627009 1 64 1.000000
0  -3.034455 -19.710939 -5.759870  0.794130 0.000007 -0.607747  0.075349 0.627009 1 64 1.000000
lowpoly_plastic
0  -3.034457 -20.412502 -5.759870  0.794089 0.000000 -0.607801  0.075349 0.627009 1 64 1.000000
0  -3.045781 -20.412508 -5.774664  0.794082 -0.000001 -0.607811  0.075349 0.627009 1 64 1.000000
0  -3.034457 -20.185236 -5.759870  0.794142 -0.000005 -0.607732  0.075349 0.627009 1 64 1.000000
lowpoly_plastic
0  -3.034454 -20.886795 -5.759870  0.794122 0.000010 -0.607758  0.075349 0.627009 1 64 1.000000
0  -3.045776 -20.886799 -5.774664  0.794133 0.000011 -0.607743  0.075349 0.627009 1 64 1.000000
0  -3.034457 -20.659533 -5.759870  0.794119 0.000008 -0.607762  0.075349 0.627009 1 64 1.000000
lowpoly_plastic
0  -3.034456 -21.361094 -5.759871  0.794094 -0.000017 -0.607795  0.075349 0.627009 1 64 1.000000
0  -3.045780 -21.361090 -5.774665  0.794076 -0.000017 -0.607819  0.075349 0.627009 1 64 1.000000
0  -3.034451 -21.133827 -5.759871  0.794060 -0.000009 -0.607839  0.075349 0.627009 1 64 1.000000
lowpoly_plastic
0  -3.034451 -21.835386 -5.759871  0.794090 0.000023 -0.607800  0.075349 0.627009 1 64 1.000000
0  -3.045776 -21.835382 -5.774665  0.794075 0.000022 -0.607820  0.075349 0.627009 1 64 1.000000
0  -3.034458 -21.608118 -5.759871  0.794137 0.000012 -0.607738  0.075349 0.627009 1 64 1.000000
lowpoly_plastic
0  -3.034456 -22.309675 -5.759871  0.794118 -0.000012 -0.607763  0.075349 0.627009 1 64 1.000000
0  -3.045774 -22.082413 -5.774665  0.794158 -0.000009 -0.607711  0.075349 0.627009 1 64 1.000000
0  -3.034453 -22.082411 -5.759871  0.794136 -0.000008 -0.607740  0.075349 0.627009 1 64 1.000000
lowpoly_plastic
0  -3.034457 -22.783972 -5.759871  0.794158 -0.000010 -0.607712  0.075349 0.627009 1 64 1.000000
0  -3.045777 -22.783979 -5.774665  0.794196 -0.000009 -0.607662  0.075349 0.627009 1 64 1.000000
0  -3.034454 -22.556707 -5.759871  0.794072 0.000002 -0.607823  0.075349 0.627009 1 64 1.000000
lowpoly_plastic
0  -3.034451 -23.258268 -5.759871  0.794085 0.000013 -0.607806  0.075349 0.627009 1 64 1.000000
0  -3.045777 -23.258265 -5.774665  0.794048 0.000012 -0.607855  0.075349 0.627009 1 64 1.000000
0  -3.034455 -23.031006 -5.759871  0.794076 0.000011 -0.607819  0.075349 0.627009 1 64 1.000000
lowpoly_plastic
0  -3.034459 -23.732559 -5.759871  0.794127 -0.000013 -0.607752  0.075349 0.627009 1 64 1.000000
0  -3.045780 -23.732559 -5.774665  0.794147 -0.000013 -0.607726  0.075349 0.627009 1 64 1.000000
0  -3.034455 -23.505289 -5.759871  0.794151 -0.000013 -0.607720  0.075349 0.627009 1 64 1.000000
lowpoly_plastic
0  -3.034460 -24.206854 -5.759869  0.794238 -0.000013 -0.607607  0.075349 0.627009 1 64 1.000000
0  -3.045774 -24.206856 -5.774665  0.794352 -0.000010 -0.607458  0.075349 0.627009 1 64 1.000000
0  -3.034456 -23.979589 -5.759869  0.794084 0.000007 -0.607808  0.075349 0.627009 1 64 1.000000
lowpoly_plastic
0  -3.034454 -24.681149 -5.759870  0.794106 0.000003 -0.607780  0.075349 0.627009 1 64 1.000000
0  -3.045776 -24.453880 -5.774665  0.794221 0.000011 -0.607628  0.075349 0.627009 1 64 1.000000
0  -3.034457 -24.453884 -5.759869  0.794170 0.000010 -0.607696  0.075349 0.627009 1 64 1.000000
lowpoly_plastic
0  -3.045782 -26.124830 -5.774664  0.794105 -0.000002 -0.607780  0.075349 0.627009 1 64 1.000000
0  -3.045779 -24.928177 -5.774664  0.794116 -0.000002 -0.607766  0.075349 0.627009 1 64 1.000000
0  -3.034456 -24.928173 -5.759870  0.794113 0.000000 -0.607771  0.075349 0.627009 1 64 1.000000
lowpoly_plastic
0  -3.045778 -19.463913 -5.774664  -0.000051 -1.000000 -0.000108  0.075349 0.627009 1 64 1.000000
0  -3.044863 -19.463915 -5.749250  -0.000084 -1.000000 -0.000043  0.075349 0.627009 1 64 1.000000
0  -3.200458 -19.463919 -5.749250  0.000036 -1.000000 -0.000012  0.075349 0.627009 1 64 1.000000
lowpoly_plastic
0  -2.597178 -24.371540 -4.064662  0.093956 -0.000003 -0.995576  0.075349 0.627009 1 64 1.000000
0  -2.615707 -24.289194 -4.066411  0.093946 -0.000006 -0.995577  0.075349 0.627009 1 64 1.000000
0  -2.597172 -24.289202 -4.064662  0.093944 -0.000006 -0.995577  0.075349 0.627009 1 64 1.000000
lowpoly_plastic
0  -3.045774 -24.206856 -5.774665  -0.000013 -1.000000 0.000217  0.075349 0.627009 1 64 1.000000
0  -3.044863 -24.206850 -5.749247  -0.000104 -1.000000 0.000101  0.075349 0.627009 1 64 1.000000
0  -3.200459 -24.206856 -5.749247  0.000004 -1.000000 0.000025  0.075349 0.627009 1 64 1.000000
lowpoly_plastic
0  -2.597170 -20.412506 -4.163396  0.060407 -0.766565 -0.639320  0.075349 0.627009 1 64 1.000000
0  -2.615703 -20.494848 -4.066411  0.060283 -0.766578 -0.639315  0.075349 0.627009 1 64 1.000000
0  -2.615705 -20.412508 -4.165145  0.060420 -0.766563 -0.639320  0.075349 0.627009 1 64 1.000000
lowpoly_plastic
0  -2.597172 -23.030998 -5.179888  -0.000103 1.000000 0.000001  0.075349 0.627009 1 64 1.000000
0  -2.615709 -23.031000 -4.165144  -0.000103 1.000000 0.000000  0.075349 0.627009 1 64 1.000000
0  -2.597172 -23.030998 -4.163397  -0.000103 1.000000 0.000000  0.075349 0.627009 1 64 1.000000
lowpoly_plastic
0  -3.045777 -22.783979 -5.774665  0.000076 -1.000000 0.000325  0.075349 0.627009 1 64 1.000000
0  -3.044860 -22.783970 -5.749249  0.000004 -1.000000 0.000227  0.075349 0.627009 1 64 1.000000
0  -3.200464 -22.783976 -5.749249  -0.000018 -1.000000 0.000037  0.075349 0.627009 1 64 1.000000
lowpoly_plastic
0  -3.200462 -23.979589 -5.774665  1.000000 -0.000002 0.000000  0.075349 0.627009 1 64 1.000000
0  -3.200462 -23.897243 -5.749247  1.000000 -0.000016 0.000000  0.075349 0.627009 1 64 1.000000
0  -3.200462 -23.979589 -5.749249  1.000000 -0.000002 0.000000  0.075349 0.627009 1 64 1.000000
lowpoly_plastic
0  -3.045780 -23.732559 -5.774665  0.000021 -1.000000 0.000000  0.075349 0.627009 1 64 1.000000
0  -3.044857 -23.732561 -5.749249  0.000061 -1.000000 0.000007  0.075349 0.627009 1 64 1.000000
0  -3.200464 -23.732559 -5.749249  -0.000001 -1.000000 0.000000  0.075349 0.627009 1 64 1.000000
lowpoly_plastic
0  -3.200464 -22.392025 -5.774665  1.000000 0.000021 0.000000  0.075349 0.627009 1 64 1.000000
0  -3.200458 -22.474363 -5.749249  1.000000 0.000011 0.000000  0.075349 0.627009 1 64 1.000000
0  -3.200458 -22.474363 -5.774665  1.000000 0.000011 0.000000  0.075349 0.627009 1 64 1.000000
lowpoly_plastic
0  -2.597171 -21.361090 -4.163397  0.060410 -0.766572 -0.639311  0.075349 0.627009 1 64 1.000000
0  -2.615709 -21.443436 -4.066412  0.060386 -0.766562 -0.639324  0.075349 0.627009 1 64 1.000000
0  -2.615708 -21.361092 -4.165146  0.060413 -0.766573 -0.639309  0.075349 0.627009 1 64 1.000000
lowpoly_plastic
0  -3.200466 -20.020552 -5.774664  1.000000 0.000018 0.000000  0.075349 0.627009 1 64 1.000000
0  -3.200460 -20.102894 -5.749248  1.000000 0.000015 0.000000  0.075349 0.627009 1 64 1.000000
0  -3.200460 -20.102894 -5.774664  1.000000 0.000015 0.000000  0.075349 0.627009 1 64 1.000000
lowpoly_plastic
0  -2.597173 -21.835388 -4.163397  0.060239 -0.766585 -0.639311  0.075349 0.627009 1 64 1.000000
0  -2.615705 -21.917728 -4.066412  0.060180 -0.766574 -0.639330  0.075349 0.627009 1 64 1.000000
0  -2.615708 -21.835386 -4.165146  0.060245 -0.766586 -0.639309  0.075349 0.627009 1 64 1.000000
lowpoly_plastic
0  -3.200462 -21.917727 -5.774665  1.000000 -0.000010 0.000000  0.075349 0.627009 1 64 1.000000
0  -3.200463 -22.000071 -5.749249  1.000000 0.000017 0.000000  0.075349 0.627009 1 64 1.000000
0  -3.200463 -22.000071 -5.774665  1.000000 0.000018 0.000000  0.075349 0.627009 1 64 1.000000
lowpoly_plastic
0  -2.597169 -21.608120 -5.179888  -0.000103 1.000000 0.000001  0.075349 0.627009 1 64 1.000000
0  -2.615706 -21.608122 -4.165146  -0.000103 1.000000 -0.000003  0.075349 0.627009 1 64 1.000000
0  -2.597169 -21.608120 -4.163397  -0.000103 1.000000 -0.000003  0.075349 0.627009 1 64 1.000000
lowpoly_plastic
0  -3.200459 -22.866316 -5.774665  1.000000 0.000024 0.000000  0.075349 0.627009 1 64 1.000000
0  -3.200460 -22.948664 -5.749249  1.000000 -0.000036 0.000000  0.075349 0.627009 1 64 1.000000
0  -3.200460 -22.948664 -5.774665  1.000000 -0.000036 0.000000  0.075349 0.627009 1 64 1.000000
lowpoly_plastic
0  -3.200458 -22.474363 -5.774665  1.000000 0.000011 0.000000  0.075349 0.627009 1 64 1.000000
0  -3.200462 -22.556707 -5.749249  1.000000 -0.000044 0.000000  0.075349 0.627009 1 64 1.000000
0  -3.200462 -22.556707 -5.774665  1.000000 -0.000043 0.000000  0.075349 0.627009 1 64 1.000000
lowpoly_plastic
0  -3.200457 -20.659533 -5.774664  1.000000 0.000044 0.000000  0.075349 0.627009 1 64 1.000000
0  -3.200461 -20.577192 -5.749248  1.000000 0.000018 0.000000  0.075349 0.627009 1 64 1.000000
0  -3.200457 -20.659533 -5.749248  1.000000 0.000043 0.000000  0.075349 0.627009 1 64 1.000000
lowpoly_plastic
0  -2.789680 -19.455673 -3.872225  0.000000 0.000000 1.000000  0.075349 0.627009 1 64 1.000000
0  -3.373446 -19.175238 -3.872225  -0.000002 0.000000 1.000000  0.075349 0.627009 1 64 1.000000
0  -3.373449 -19.455675 -3.872225  -0.000002 0.000000 1.000000  0.075349 0.627009 1 64 1.000000
lowpoly_plastic
0  -2.597171 -16.408638 -5.090406  -0.000007 0.953994 0.299825  0.075349 0.627009 1 64 1.000000
0  -2.789675 -16.791492 -3.872227  0.000008 0.953994 0.299825  0.075349 0.627009 1 64 1.000000
0  -2.597172 -16.791494 -3.872227  0.000010 0.953994 0.299825  0.075349 0.627009 1 64 1.000000
lowpoly_plastic
0  -3.373446 -19.175238 -3.872225  -0.325601 0.677757 0.659264  0.075349 0.627009 1 64 1.000000
0  -2.789679 -18.894791 -3.872225  -0.325601 0.677757 0.659264  0.075349 0.627009 1 64 1.000000
0  -3.373446 -18.894793 -4.160542  -0.325601 0.677757 0.659264  0.075349 0.627009 1 64 1.000000
lowpoly_plastic
0  -2.789679 -26.124830 -3.872225  0.000000 0.000000 1.000000  0.075349 0.627009 1 64 1.000000
0  -3.373449 -19.455675 -3.872225  -0.000002 0.000000 1.000000  0.075349 0.627009 1 64 1.000000
0  -3.373454 -26.124836 -3.872225  -0.000000 0.000000 1.000000  0.075349 0.627009 1 64 1.000000
lowpoly_plastic
0  -2.789679 -18.894791 -3.872225  -0.442825 0.000001 0.896608  0.075349 0.627009 1 64 1.000000
0  -3.373446 -16.791496 -4.160543  -0.442823 0.000001 0.896609  0.075349 0.627009 1 64 1.000000
0  -3.373446 -18.894793 -4.160542  -0.442825 0.000000 0.896608  0.075349 0.627009 1 64 1.000000
lowpoly_plastic
0  -4.054561 -24.758888 -3.446576  -0.908136 0.000031 0.418674  0.064370 0.664198 1 64 1.000000
0  -3.790037 -24.841234 -2.872811  -0.908131 0.000011 0.418686  0.064370 0.664198 1 64 1.000000
0  -3.790036 -24.758890 -2.872811  -0.908134 -0.000024 0.418680  0.064370 0.664198 1 64 1.000000
lowpoly_plastic
0  -3.790036 -24.758890 -2.872811  -0.019864 -0.000015 0.999803  0.064370 0.664198 1 64 1.000000
0  -3.484431 -24.841234 -2.866739  -0.019864 0.000000 0.999803  0.064370 0.664198 1 64 1.000000
0  -3.484429 -24.758890 -2.866739  -0.019860 -0.000002 0.999803  0.064370 0.664198 1 64 1.000000
lowpoly_plastic
0  -4.054561 -24.758888 -3.446576  -0.999645 0.000034 0.026654  0.064370 0.664198 1 64 1.000000
0  -4.061453 -24.841234 -3.704963  -0.999645 0.000034 0.026654  0.064370 0.664198 1 64 1.000000
0  -4.054564 -24.841232 -3.446576  -0.999645 0.000034 0.026654  0.064370 0.664198 1 64 1.000000
lowpoly_plastic
0  -4.061453 -24.841234 -3.704963  -0.000004 1.000000 -0.000001  0.075349 0.627009 1 64 1.000000
0  -4.078726 -24.841234 -3.448854  -0.000074 1.000000 0.000014  0.075349 0.627009 1 64 1.000000
0  -4.054564 -24.841232 -3.446576  -0.000050 1.000000 0.000005  0.075349 0.627009 1 64 1.000000
lowpoly_plastic
0  -4.054564 -24.841232 -3.446576  -0.000050 1.000000 0.000005  0.075349 0.627009 1 64 1.000000
0  -4.078721 -24.841232 -3.419492  -0.000017 1.000000 0.000015  0.075349 0.627009 1 64 1.000000
0  -3.790037 -24.841234 -2.872811  0.000074 1.000000 -0.000008  0.075349 0.627009 1 64 1.000000
lowpoly_plastic
0  -4.061453 -24.594206 -3.704963  -0.999644 -0.000022 0.026667  0.064370 0.664198 1 64 1.000000
0  -4.054558 -24.676542 -3.446576  -0.999644 -0.000022 0.026667  0.064370 0.664198 1 64 1.000000
0  -4.054560 -24.594210 -3.446576  -0.999644 -0.000022 0.026667  0.064370 0.664198 1 64 1.000000
lowpoly_plastic
0  -4.061447 -24.676544 -3.803696  -0.999814 0.000025 0.019285  0.064370 0.664198 1 64 1.000000
0  -4.054561 -24.758888 -3.446576  -0.999814 0.000031 0.019287  0.064370 0.664198 1 64 1.000000
0  -4.054558 -24.676542 -3.446576  -0.999814 0.000032 0.019287  0.064370 0.664198 1 64 1.000000
lowpoly_plastic
0  -3.484425 -24.594202 -2.866739  -0.019854 0.000000 0.999803  0.064370 0.664198 1 64 1.000000
0  -3.790041 -24.676546 -2.872808  -0.019859 -0.000012 0.999803  0.064370 0.664198 1 64 1.000000
0  -3.484427 -24.676548 -2.866739  -0.019855 0.000000 0.999803  0.064370 0.664198 1 64 1.000000
lowpoly_plastic
0  -3.790041 -24.676546 -2.872808  -0.019859 -0.000012 0.999803  0.064370 0.664198 1 64 1.000000
0  -3.484429 -24.758890 -2.866739  -0.019860 -0.000002 0.999803  0.064370 0.664198 1 64 1.000000
0  -3.484427 -24.676548 -2.866739  -0.019855 0.000000 0.999803  0.064370 0.664198 1 64 1.000000
lowpoly_plastic
0  -4.054560 -24.594210 -3.446576  -0.908135 -0.000024 0.418678  0.064370 0.664198 1 64 1.000000
0  -3.790041 -24.676546 -2.872808  -0.908140 -0.000025 0.418667  0.064370 0.664198 1 64 1.000000
0  -3.790040 -24.594204 -2.872808  -0.908144 0.000018 0.418658  0.064370 0.664198 1 64 1.000000
lowpoly_plastic
0  -4.054558 -24.676542 -3.446576  -0.908136 0.000000 0.418675  0.064370 0.664198 1 64 1.000000
0  -3.790036 -24.758890 -2.872811  -0.908134 -0.000024 0.418680  0.064370 0.664198 1 64 1.000000
0  -3.790041 -24.676546 -2.872808  -0.908140 -0.000025 0.418667  0.064370 0.664198 1 64 1.000000
lowpoly_plastic
0  -4.054557 -24.284595 -3.446574  -0.908136 -0.000021 0.418675  0.064370 0.664198 1 64 1.000000
0  -3.790036 -24.366940 -2.872810  -0.908145 -0.000077 0.418656  0.064370 0.664198 1 64 1.000000
0  -3.790043 -24.284595 -2.872808  -0.908144 -0.000023 0.418658  0.064370 0.664198 1 64 1.000000
lowpoly_plastic
0  -3.790043 -24.284595 -2.872808  -0.019856 -0.000012 0.999803  0.064370 0.664198 1 64 1.000000
0  -3.484429 -24.366938 -2.866739  -0.019855 -0.000005 0.999803  0.064370 0.664198 1 64 1.000000
0  -3.484430 -24.284592 -2.866739  -0.019854 0.000000 0.999803  0.064370 0.664198 1 64 1.000000
lowpoly_plastic
0  -4.054557 -24.284595 -3.446574  -0.999644 0.000000 0.026663  0.064370 0.664198 1 64 1.000000
0  -4.061449 -24.366938 -3.704963  -0.999644 0.000000 0.026663  0.064370 0.664198 1 64 1.000000
0  -4.054557 -24.366943 -3.446576  -0.999644 0.000000 0.026663  0.064370 0.664198 1 64 1.000000
lowpoly_plastic
0  -4.061449 -24.366938 -3.704963  -0.000096 1.000000 0.000000  0.075349 0.627009 1 64 1.000000
0  -4.078725 -24.366940 -3.448854  0.000151 1.000000 0.000000  0.075349 0.627009 1 64 1.000000
0  -4.054557 -24.366943 -3.446576  0.000138 1.000000 -0.000015  0.075349 0.627009 1 64 1.000000
lowpoly_plastic
0  -4.054557 -24.366943 -3.446576  0.000138 1.000000 -0.000015  0.075349 0.627009 1 64 1.000000
0  -4.078725 -24.366940 -3.419492  0.000115 1.000000 -0.000033  0.075349 0.627009 1 64 1.000000
0  -3.790036 -24.366940 -2.872810  0.000071 1.000000 -0.000001  0.075349 0.627009 1 64 1.000000
lowpoly_plastic
0  -4.061448 -24.119911 -3.704963  -0.999645 0.000034 0.026657  0.064370 0.664198 1 64 1.000000
0  -4.054561 -24.202255 -3.446576  -0.999645 0.000034 0.026657  0.064370 0.664198 1 64 1.000000
0  -4.054558 -24.119911 -3.446576  -0.999645 0.000034 0.026657  0.064370 0.664198 1 64 1.000000
lowpoly_plastic
0  -4.054561 -24.202255 -3.446576  -0.999814 -0.000041 0.019287  0.064370 0.664198 1 64 1.000000
0  -4.061446 -24.284597 -3.803696  -0.999814 -0.000041 0.019286  0.064370 0.664198 1 64 1.000000
0  -4.054557 -24.284595 -3.446574  -0.999814 -0.000041 0.019287  0.064370 0.664198 1 64 1.000000
lowpoly_plastic
0  -3.790034 -24.119915 -2.872808  -0.019854 0.000001 0.999803  0.064370 0.664198 1 64 1.000000
0  -3.484429 -24.202257 -2.866739  -0.019854 0.000000 0.999803  0.064370 0.664198 1 64 1.000000
0  -3.484428 -24.119915 -2.866739  -0.019854 0.000000 0.999803  0.064370 0.664198 1 64 1.000000
lowpoly_plastic
0  -3.790040 -24.202251 -2.872808  -0.019853 0.000001 0.999803  0.064370 0.664198 1 64 1.000000
0  -3.484430 -24.284592 -2.866739  -0.019854 0.000000 0.999803  0.064370 0.664198 1 64 1.000000
0  -3.484429 -24.202257 -2.866739  -0.019854 0.000000 0.999803  0.064370 0.664198 1 64 1.000000
lowpoly_plastic
0  -4.054558 -24.119911 -3.446576  -0.908136 0.000031 0.418676  0.064370 0.664198 1 64 1.000000
0  -3.790040 -24.202251 -2.872808  -0.908138 0.000046 0.418670  0.064370 0.664198 1 64 1.000000
0  -3.790034 -24.119915 -2.872808  -0.908135 0.000064 0.418677  0.064370 0.664198 1 64 1.000000
lowpoly_plastic
0  -3.790040 -24.202251 -2.872808  -0.908138 0.000046 0.418670  0.064370 0.664198 1 64 1.000000
0  -4.054557 -24.284595 -3.446574  -0.908136 -0.000021 0.418675  0.064370 0.664198 1 64 1.000000
0  -3.790043 -24.284595 -2.872808  -0.908144 -0.000023 0.418658  0.064370 0.664198 1 64 1.000000
lowpoly_plastic
0  -4.054561 -23.810305 -3.446576  -0.908141 -0.000013 0.418664  0.064370 0.664198 1 64 1.000000
0  -3.790043 -23.892645 -2.872810  -0.908135 0.000063 0.418677  0.064370 0.664198 1 64 1.000000
0  -3.790035 -23.810307 -2.872808  -0.908133 0.000041 0.418682  0.064370 0.664198 1 64 1.000000
lowpoly_plastic
0  -3.790035 -23.810307 -2.872808  -0.019859 -0.000011 0.999803  0.064370 0.664198 1 64 1.000000
0  -3.484424 -23.892647 -2.866739  -0.019856 -0.000006 0.999803  0.064370 0.664198 1 64 1.000000
0  -3.484430 -23.810307 -2.866739  -0.019856 -0.000000 0.999803  0.064370 0.664198 1 64 1.000000
lowpoly_plastic
0  -4.054561 -23.810305 -3.446576  -0.999645 -0.000056 0.026655  0.064370 0.664198 1 64 1.000000
0  -4.061445 -23.892647 -3.704963  -0.999645 -0.000056 0.026655  0.064370 0.664198 1 64 1.000000
0  -4.054556 -23.892643 -3.446574  -0.999645 -0.000056 0.026655  0.064370 0.664198 1 64 1.000000
lowpoly_plastic
0  -4.061445 -23.892647 -3.704963  0.000100 1.000000 -0.000001  0.075349 0.627009 1 64 1.000000
0  -4.078721 -23.892645 -3.448854  -0.000074 1.000000 -0.000010  0.075349 0.627009 1 64 1.000000
0  -4.054556 -23.892643 -3.446574  -0.000069 1.000000 0.000022  0.075349 0.627009 1 64 1.000000
lowpoly_plastic
0  -4.054556 -23.892643 -3.446574  -0.000069 1.000000 0.000022  0.075349 0.627009 1 64 1.000000
0  -4.078721 -23.892645 -3.419492  -0.000060 1.000000 0.000066  0.075349 0.627009 1 64 1.000000
0  -3.790043 -23.892645 -2.872810  -0.000205 1.000000 0.000043  0.075349 0.627009 1 64 1.000000
lowpoly_plastic
0  -4.061446 -23.645613 -3.704963  -0.999645 0.000045 0.026657  0.064370 0.664198 1 64 1.000000
0  -4.054560 -23.727959 -3.446574  -0.999645 0.000045 0.026657  0.064370 0.664198 1 64 1.000000
0  -4.054556 -23.645617 -3.446574  -0.999645 0.000045 0.026657  0.064370 0.664198 1 64 1.000000
lowpoly_plastic
0  -4.054560 -23.727959 -3.446574  -0.999814 0.000010 0.019287  0.064370 0.664198 1 64 1.000000
0  -4.061450 -23.810305 -3.803696  -0.999814 0.000022 0.019285  0.064370 0.664198 1 64 1.000000
0  -4.054561 -23.810305 -3.446576  -0.999814 0.000008 0.019288  0.064370 0.664198 1 64 1.000000
lowpoly_plastic
0  -3.484427 -23.645615 -2.866739  -0.019855 -0.000001 0.999803  0.064370 0.664198 1 64 1.000000
0  -3.790034 -23.727962 -2.872808  -0.019856 -0.000001 0.999803  0.064370 0.664198 1 64 1.000000
0  -3.484426 -23.727962 -2.866739  -0.019856 0.000000 0.999803  0.064370 0.664198 1 64 1.000000
lowpoly_plastic
0  -3.790034 -23.727962 -2.872808  -0.019856 -0.000001 0.999803  0.064370 0.664198 1 64 1.000000
0  -3.484430 -23.810307 -2.866739  -0.019856 -0.000000 0.999803  0.064370 0.664198 1 64 1.000000
0  -3.484426 -23.727962 -2.866739  -0.019856 0.000000 0.999803  0.064370 0.664198 1 64 1.000000
lowpoly_plastic
0  -4.054556 -23.645617 -3.446574  -0.908132 0.000036 0.418684  0.064370 0.664198 1 64 1.000000
0  -3.790034 -23.727962 -2.872808  -0.908135 -0.000027 0.418678  0.064370 0.664198 1 64 1.000000
0  -3.790041 -23.645618 -2.872808  -0.908139 -0.000073 0.418668  0.064370 0.664198 1 64 1.000000
lowpoly_plastic
0  -4.054560 -23.727959 -3.446574  -0.908135 0.000027 0.418678  0.064370 0.664198 1 64 1.000000
0  -3.790035 -23.810307 -2.872808  -0.908133 0.000041 0.418682  0.064370 0.664198 1 64 1.000000
0  -3.790034 -23.727962 -2.872808  -0.908135 -0.000027 0.418678  0.064370 0.664198 1 64 1.000000
lowpoly_plastic
0  -4.054558 -23.336006 -3.446574  -0.908141 -0.000010 0.418663  0.064370 0.664198 1 64 1.000000
0  -3.790038 -23.418352 -2.872808  -0.908132 0.000019 0.418684  0.064370 0.664198 1 64 1.000000
0  -3.790036 -23.336008 -2.872808  -0.908132 -0.000014 0.418685  0.064370 0.664198 1 64 1.000000
lowpoly_plastic
0  -3.790036 -23.336008 -2.872808  -0.019855 -0.000000 0.999803  0.064370 0.664198 1 64 1.000000
0  -3.484428 -23.418354 -2.866739  -0.019854 0.000001 0.999803  0.064370 0.664198 1 64 1.000000
0  -3.484426 -23.336012 -2.866739  -0.019855 0.000000 0.999803  0.064370 0.664198 1 64 1.000000
lowpoly_plastic
0  -4.054558 -23.336006 -3.446574  -0.999645 0.000022 0.026653  0.064370 0.664198 1 64 1.000000
0  -4.061449 -23.418354 -3.704963  -0.999645 0.000022 0.026653  0.064370 0.664198 1 64 1.000000
0  -4.054560 -23.418352 -3.446574  -0.999645 0.000022 0.026653  0.064370 0.664198 1 64 1.000000
lowpoly_plastic
0  -4.061449 -23.418354 -3.704963  0.000301 1.000000 0.000032  0.075349 0.627009 1 64 1.000000
0  -4.078724 -23.418356 -3.448854  -0.000147 1.000000 0.000001  0.075349 0.627009 1 64 1.000000
0  -4.054560 -23.418352 -3.446574  -0.000140 1.000000 0.000015  0.075349 0.627009 1 64 1.000000
lowpoly_plastic
0  -4.054560 -23.418352 -3.446574  -0.000140 1.000000 0.000015  0.075349 0.627009 1 64 1.000000
0  -4.078724 -23.418356 -3.419492  -0.000119 1.000000 0.000033  0.075349 0.627009 1 64 1.000000
0  -3.790038 -23.418352 -2.872808  -0.000095 1.000000 -0.000150  0.075349 0.627009 1 64 1.000000
lowpoly_plastic
0  -4.061451 -23.171322 -3.704963  -0.999645 0.000010 0.026652  0.064370 0.664198 1 64 1.000000
0  -4.054563 -23.253668 -3.446576  -0.999645 0.000010 0.026652  0.064370 0.664198 1 64 1.000000
0  -4.054562 -23.171320 -3.446574  -0.999645 0.000010 0.026652  0.064370 0.664198 1 64 1.000000
lowpoly_plastic
0  -4.054563 -23.253668 -3.446576  -0.999814 -0.000057 0.019287  0.064370 0.664198 1 64 1.000000
0  -4.061447 -23.336010 -3.803696  -0.999814 -0.000016 0.019278  0.064370 0.664198 1 64 1.000000
0  -4.054558 -23.336006 -3.446574  -0.999814 -0.000065 0.019289  0.064370 0.664198 1 64 1.000000
lowpoly_plastic
0  -3.790038 -23.171324 -2.872808  -0.019855 0.000000 0.999803  0.064370 0.664198 1 64 1.000000
0  -3.484427 -23.253662 -2.866739  -0.019855 -0.000000 0.999803  0.064370 0.664198 1 64 1.000000
0  -3.484430 -23.171322 -2.866739  -0.019854 -0.000001 0.999803  0.064370 0.664198 1 64 1.000000
lowpoly_plastic
0  -3.790040 -23.253668 -2.872808  -0.019855 -0.000000 0.999803  0.064370 0.664198 1 64 1.000000
0  -3.484426 -23.336012 -2.866739  -0.019855 0.000000 0.999803  0.064370 0.664198 1 64 1.000000
0  -3.484427 -23.253662 -2.866739  -0.019855 -0.000000 0.999803  0.064370 0.664198 1 64 1.000000
lowpoly_plastic
0  -3.790038 -23.171324 -2.872808  -0.908136 0.000025 0.418676  0.064370 0.664198 1 64 1.000000
0  -4.054563 -23.253668 -3.446576  -0.908141 -0.000024 0.418665  0.064370 0.664198 1 64 1.000000
0  -3.790040 -23.253668 -2.872808  -0.908133 -0.000009 0.418682  0.064370 0.664198 1 64 1.000000
lowpoly_plastic
0  -4.054563 -23.253668 -3.446576  -0.908141 -0.000024 0.418665  0.064370 0.664198 1 64 1.000000
0  -3.790036 -23.336008 -2.872808  -0.908132 -0.000014 0.418685  0.064370 0.664198 1 64 1.000000
0  -3.790040 -23.253668 -2.872808  -0.908133 -0.000009 0.418682  0.064370 0.664198 1 64 1.000000
lowpoly_plastic
0  -4.054564 -22.861712 -3.446574  -0.908136 0.000005 0.418676  0.064370 0.664198 1 64 1.000000
0  -3.790034 -22.944057 -2.872808  -0.908130 -0.000046 0.418689  0.064370 0.664198 1 64 1.000000
0  -3.790040 -22.861715 -2.872810  -0.908133 -0.000016 0.418681  0.064370 0.664198 1 64 1.000000
lowpoly_plastic
0  -3.790040 -22.861715 -2.872810  -0.019860 0.000012 0.999803  0.064370 0.664198 1 64 1.000000
0  -3.484429 -22.944056 -2.866739  -0.019863 0.000005 0.999803  0.064370 0.664198 1 64 1.000000
0  -3.484425 -22.861712 -2.866739  -0.019864 -0.000000 0.999803  0.064370 0.664198 1 64 1.000000
lowpoly_plastic
0  -4.054564 -22.861712 -3.446574  -0.999645 -0.000056 0.026657  0.064370 0.664198 1 64 1.000000
0  -4.061449 -22.944056 -3.704963  -0.999645 -0.000056 0.026657  0.064370 0.664198 1 64 1.000000
0  -4.054559 -22.944056 -3.446574  -0.999645 -0.000056 0.026657  0.064370 0.664198 1 64 1.000000
lowpoly_plastic
0  -4.061449 -22.944056 -3.704963  -0.000109 1.000000 0.000000  0.075349 0.627009 1 64 1.000000
0  -4.078722 -22.944057 -3.448854  -0.000080 1.000000 0.000000  0.075349 0.627009 1 64 1.000000
0  -4.054559 -22.944056 -3.446574  -0.000069 1.000000 0.000015  0.075349 0.627009 1 64 1.000000
lowpoly_plastic
0  -4.054559 -22.944056 -3.446574  -0.000069 1.000000 0.000015  0.075349 0.627009 1 64 1.000000
0  -4.078722 -22.944057 -3.419492  -0.000057 1.000000 0.000033  0.075349 0.627009 1 64 1.000000
0  -3.790034 -22.944057 -2.872808  -0.000014 1.000000 -0.000032  0.075349 0.627009 1 64 1.000000
lowpoly_plastic
0  -4.061447 -22.697033 -3.704963  -0.999645 0.000000 0.026653  0.064370 0.664198 1 64 1.000000
0  -4.054558 -22.779377 -3.446574  -0.999645 0.000000 0.026653  0.064370 0.664198 1 64 1.000000
0  -4.054558 -22.697031 -3.446574  -0.999645 0.000000 0.026653  0.064370 0.664198 1 64 1.000000
lowpoly_plastic
0  -4.054558 -22.779377 -3.446574  -0.999814 0.000051 0.019278  0.064370 0.664198 1 64 1.000000
0  -4.061448 -22.861712 -3.803696  -0.999814 -0.000018 0.019295  0.064370 0.664198 1 64 1.000000
0  -4.054564 -22.861712 -3.446574  -0.999814 0.000065 0.019274  0.064370 0.664198 1 64 1.000000
lowpoly_plastic
0  -3.484426 -22.697033 -2.866739  -0.019863 0.000001 0.999803  0.064370 0.664198 1 64 1.000000
0  -3.790039 -22.779371 -2.872810  -0.019864 0.000000 0.999803  0.064370 0.664198 1 64 1.000000
0  -3.484431 -22.779371 -2.866739  -0.019863 -0.000000 0.999803  0.064370 0.664198 1 64 1.000000
lowpoly_plastic
0  -3.790039 -22.779371 -2.872810  -0.019864 0.000000 0.999803  0.064370 0.664198 1 64 1.000000
0  -3.484425 -22.861712 -2.866739  -0.019864 -0.000000 0.999803  0.064370 0.664198 1 64 1.000000
0  -3.484431 -22.779371 -2.866739  -0.019863 -0.000000 0.999803  0.064370 0.664198 1 64 1.000000
lowpoly_plastic
0  -3.790036 -22.697025 -2.872810  -0.908144 0.000025 0.418657  0.064370 0.664198 1 64 1.000000
0  -4.054558 -22.779377 -3.446574  -0.908138 0.000031 0.418672  0.064370 0.664198 1 64 1.000000
0  -3.790039 -22.779371 -2.872810  -0.908141 0.000018 0.418665  0.064370 0.664198 1 64 1.000000
lowpoly_plastic
0  -4.054558 -22.779377 -3.446574  -0.908138 0.000031 0.418672  0.064370 0.664198 1 64 1.000000
0  -3.790040 -22.861715 -2.872810  -0.908133 -0.000016 0.418681  0.064370 0.664198 1 64 1.000000
0  -3.790039 -22.779371 -2.872810  -0.908141 0.000018 0.418665  0.064370 0.664198 1 64 1.000000
lowpoly_plastic
0  -4.054559 -22.387423 -3.446576  -0.908140 0.000018 0.418667  0.064370 0.664198 1 64 1.000000
0  -3.790039 -22.469761 -2.872810  -0.908133 0.000018 0.418681  0.064370 0.664198 1 64 1.000000
0  -3.790038 -22.387419 -2.872810  -0.908132 0.000002 0.418683  0.064370 0.664198 1 64 1.000000
lowpoly_plastic
0  -3.484427 -22.387424 -2.866739  -0.019862 -0.000003 0.999803  0.064370 0.664198 1 64 1.000000
0  -3.790039 -22.469761 -2.872810  -0.019861 0.000000 0.999803  0.064370 0.664198 1 64 1.000000
0  -3.484425 -22.469761 -2.866739  -0.019862 -0.000000 0.999803  0.064370 0.664198 1 64 1.000000
lowpoly_plastic
0  -4.054559 -22.387423 -3.446576  -0.999645 0.000022 0.026640  0.064370 0.664198 1 64 1.000000
0  -4.061446 -22.469759 -3.704963  -0.999645 0.000022 0.026640  0.064370 0.664198 1 64 1.000000
0  -4.054561 -22.469769 -3.446576  -0.999645 0.000022 0.026640  0.064370 0.664198 1 64 1.000000
lowpoly_plastic
0  -4.061446 -22.469759 -3.704963  -0.000087 1.000000 0.000001  0.075349 0.627009 1 64 1.000000
0  -4.078722 -22.469761 -3.448854  0.000305 1.000000 0.000010  0.075349 0.627009 1 64 1.000000
0  -4.054561 -22.469769 -3.446576  0.000276 1.000000 -0.000022  0.075349 0.627009 1 64 1.000000
lowpoly_plastic
0  -4.054561 -22.469769 -3.446576  0.000276 1.000000 -0.000022  0.075349 0.627009 1 64 1.000000
0  -4.078722 -22.469761 -3.419492  0.000227 1.000000 -0.000065  0.075349 0.627009 1 64 1.000000
0  -3.790039 -22.469761 -2.872810  -0.000049 1.000000 0.000099  0.075349 0.627009 1 64 1.000000
lowpoly_plastic
0  -4.061444 -22.222734 -3.704963  -0.999645 -0.000067 0.026628  0.064370 0.664198 1 64 1.000000
0  -4.054556 -22.305079 -3.446574  -0.999645 -0.000067 0.026628  0.064370 0.664198 1 64 1.000000
0  -4.054562 -22.222736 -3.446574  -0.999645 -0.000067 0.026628  0.064370 0.664198 1 64 1.000000
lowpoly_plastic
0  -4.061446 -22.305079 -3.803696  -0.999814 0.000020 0.019288  0.064370 0.664198 1 64 1.000000
0  -4.054559 -22.387423 -3.446576  -0.999814 0.000036 0.019290  0.064370 0.664198 1 64 1.000000
0  -4.054556 -22.305079 -3.446574  -0.999814 0.000040 0.019291  0.064370 0.664198 1 64 1.000000
lowpoly_plastic
0  -3.790036 -22.222740 -2.872810  -0.019862 0.000001 0.999803  0.064370 0.664198 1 64 1.000000
0  -3.484425 -22.305079 -2.866738  -0.019863 -0.000002 0.999803  0.064370 0.664198 1 64 1.000000
0  -3.484424 -22.222736 -2.866738  -0.019864 0.000000 0.999803  0.064370 0.664198 1 64 1.000000
lowpoly_plastic
0  -3.484425 -22.305079 -2.866738  -0.019863 -0.000002 0.999803  0.064370 0.664198 1 64 1.000000
0  -3.790038 -22.387419 -2.872810  -0.019862 -0.000001 0.999803  0.064370 0.664198 1 64 1.000000
0  -3.484427 -22.387424 -2.866739  -0.019862 -0.000003 0.999803  0.064370 0.664198 1 64 1.000000
lowpoly_plastic
0  -4.054562 -22.222736 -3.446574  -0.908144 -0.000055 0.418658  0.064370 0.664198 1 64 1.000000
0  -3.790040 -22.305084 -2.872810  -0.908134 0.000009 0.418681  0.064370 0.664198 1 64 1.000000
0  -3.790036 -22.222740 -2.872810  -0.908134 0.000046 0.418680  0.064370 0.664198 1 64 1.000000
lowpoly_plastic
0  -4.054556 -22.305079 -3.446574  -0.908140 -0.000024 0.418667  0.064370 0.664198 1 64 1.000000
0  -3.790038 -22.387419 -2.872810  -0.908132 0.000002 0.418683  0.064370 0.664198 1 64 1.000000
0  -3.790040 -22.305084 -2.872810  -0.908134 0.000009 0.418681  0.064370 0.664198 1 64 1.000000
lowpoly_plastic
0  -3.790039 -21.913132 -2.872808  -0.908135 0.000005 0.418678  0.064370 0.664198 1 64 1.000000
0  -4.054559 -21.995470 -3.446574  -0.908140 0.000015 0.418668  0.064370 0.664198 1 64 1.000000
0  -3.790039 -21.995466 -2.872808  -0.908131 0.000000 0.418687  0.064370 0.664198 1 64 1.000000
lowpoly_plastic
0  -3.790039 -21.913132 -2.872808  -0.019855 0.000000 0.999803  0.064370 0.664198 1 64 1.000000
0  -3.484428 -21.995472 -2.866738  -0.019856 0.000000 0.999803  0.064370 0.664198 1 64 1.000000
0  -3.484426 -21.913128 -2.866738  -0.019856 -0.000000 0.999803  0.064370 0.664198 1 64 1.000000
lowpoly_plastic
0  -4.054557 -21.913126 -3.446573  -0.999645 0.000022 0.026654  0.064370 0.664198 1 64 1.000000
0  -4.061448 -21.995470 -3.704963  -0.999645 0.000022 0.026654  0.064370 0.664198 1 64 1.000000
0  -4.054559 -21.995470 -3.446574  -0.999645 0.000022 0.026654  0.064370 0.664198 1 64 1.000000
lowpoly_plastic
0  -4.061448 -21.995470 -3.704963  0.000109 1.000000 0.000000  0.075349 0.627009 1 64 1.000000
0  -4.078726 -21.995468 -3.448853  0.000080 1.000000 0.000000  0.075349 0.627009 1 64 1.000000
0  -4.054559 -21.995470 -3.446574  0.000069 1.000000 0.000000  0.075349 0.627009 1 64 1.000000
lowpoly_plastic
0  -4.054559 -21.995470 -3.446574  0.000069 1.000000 0.000000  0.075349 0.627009 1 64 1.000000
0  -4.078726 -21.995468 -3.419491  0.000053 1.000000 0.000001  0.075349 0.627009 1 64 1.000000
0  -3.790039 -21.995466 -2.872808  -0.000127 1.000000 0.000092  0.075349 0.627009 1 64 1.000000
lowpoly_plastic
0  -4.061449 -21.748440 -3.704962  -0.999645 0.000034 0.026656  0.064370 0.664198 1 64 1.000000
0  -4.054562 -21.830784 -3.446573  -0.999645 0.000034 0.026656  0.064370 0.664198 1 64 1.000000
0  -4.054559 -21.748440 -3.446573  -0.999645 0.000034 0.026656  0.064370 0.664198 1 64 1.000000
lowpoly_plastic
0  -4.061445 -21.830784 -3.803695  -0.999814 0.000006 0.019285  0.064370 0.664198 1 64 1.000000
0  -4.054557 -21.913126 -3.446573  -0.999814 -0.000046 0.019275  0.064370 0.664198 1 64 1.000000
0  -4.054562 -21.830784 -3.446573  -0.999814 -0.000057 0.019273  0.064370 0.664198 1 64 1.000000
lowpoly_plastic
0  -3.790036 -21.748444 -2.872808  -0.019855 0.000000 0.999803  0.064370 0.664198 1 64 1.000000
0  -3.484430 -21.830788 -2.866738  -0.019856 -0.000000 0.999803  0.064370 0.664198 1 64 1.000000
0  -3.484428 -21.748442 -2.866738  -0.019855 0.000000 0.999803  0.064370 0.664198 1 64 1.000000
lowpoly_plastic
0  -3.790038 -21.830786 -2.872808  -0.019855 0.000000 0.999803  0.064370 0.664198 1 64 1.000000
0  -3.484426 -21.913128 -2.866738  -0.019856 -0.000000 0.999803  0.064370 0.664198 1 64 1.000000
0  -3.484430 -21.830788 -2.866738  -0.019856 -0.000000 0.999803  0.064370 0.664198 1 64 1.000000
lowpoly_plastic
0  -3.790036 -21.748444 -2.872808  -0.908138 0.000020 0.418672  0.064370 0.664198 1 64 1.000000
0  -4.054562 -21.830784 -3.446573  -0.908133 -0.000010 0.418681  0.064370 0.664198 1 64 1.000000
0  -3.790038 -21.830786 -2.872808  -0.908138 0.000011 0.418671  0.064370 0.664198 1 64 1.000000
lowpoly_plastic
0  -3.790038 -21.830786 -2.872808  -0.908138 0.000011 0.418671  0.064370 0.664198 1 64 1.000000
0  -4.054557 -21.913126 -3.446573  -0.908137 -0.000017 0.418673  0.064370 0.664198 1 64 1.000000
0  -3.790039 -21.913132 -2.872808  -0.908135 0.000005 0.418678  0.064370 0.664198 1 64 1.000000
lowpoly_plastic
0  -4.054562 -21.438833 -3.446573  -0.908135 -0.000016 0.418678  0.064370 0.664198 1 64 1.000000
0  -3.790040 -21.521179 -2.872810  -0.908135 -0.000005 0.418677  0.064370 0.664198 1 64 1.000000
0  -3.790039 -21.438835 -2.872808  -0.908132 0.000013 0.418684  0.064370 0.664198 1 64 1.000000
lowpoly_plastic
0  -3.790039 -21.438835 -2.872808  -0.019858 -0.000012 0.999803  0.064370 0.664198 1 64 1.000000
0  -3.484425 -21.521175 -2.866738  -0.019856 -0.000005 0.999803  0.064370 0.664198 1 64 1.000000
0  -3.484424 -21.438831 -2.866738  -0.019856 -0.000000 0.999803  0.064370 0.664198 1 64 1.000000
lowpoly_plastic
0  -4.054562 -21.438833 -3.446573  -0.999645 -0.000045 0.026651  0.064370 0.664198 1 64 1.000000
0  -4.061446 -21.521175 -3.704962  -0.999645 -0.000045 0.026651  0.064370 0.664198 1 64 1.000000
0  -4.054558 -21.521175 -3.446575  -0.999645 -0.000045 0.026651  0.064370 0.664198 1 64 1.000000
lowpoly_plastic
0  -4.061446 -21.521175 -3.704962  -0.000109 1.000000 0.000000  0.075349 0.627009 1 64 1.000000
0  -4.078720 -21.521177 -3.448853  -0.000080 1.000000 0.000000  0.075349 0.627009 1 64 1.000000
0  -4.054558 -21.521175 -3.446575  -0.000069 1.000000 0.000015  0.075349 0.627009 1 64 1.000000
lowpoly_plastic
0  -4.054558 -21.521175 -3.446575  -0.000069 1.000000 0.000015  0.075349 0.627009 1 64 1.000000
0  -4.078720 -21.521177 -3.419491  -0.000055 1.000000 0.000033  0.075349 0.627009 1 64 1.000000
0  -3.790040 -21.521179 -2.872810  -0.000037 1.000000 -0.000083  0.075349 0.627009 1 64 1.000000
lowpoly_plastic
0  -4.061448 -21.274145 -3.704962  -0.999645 0.000022 0.026653  0.064370 0.664198 1 64 1.000000
0  -4.054561 -21.356487 -3.446573  -0.999645 0.000022 0.026653  0.064370 0.664198 1 64 1.000000
0  -4.054559 -21.274143 -3.446573  -0.999645 0.000022 0.026653  0.064370 0.664198 1 64 1.000000
lowpoly_plastic
0  -4.061449 -21.356489 -3.803695  -0.999814 -0.000047 0.019271  0.064370 0.664198 1 64 1.000000
0  -4.054562 -21.438833 -3.446573  -0.999814 -0.000001 0.019283  0.064370 0.664198 1 64 1.000000
0  -4.054561 -21.356487 -3.446573  -0.999814 0.000008 0.019285  0.064370 0.664198 1 64 1.000000
lowpoly_plastic
0  -3.790034 -21.274145 -2.872808  -0.019855 0.000000 0.999803  0.064370 0.664198 1 64 1.000000
0  -3.484430 -21.356491 -2.866738  -0.019856 -0.000000 0.999803  0.064370 0.664198 1 64 1.000000
0  -3.484427 -21.274143 -2.866738  -0.019853 0.000001 0.999803  0.064370 0.664198 1 64 1.000000
lowpoly_plastic
0  -3.790036 -21.356489 -2.872808  -0.019855 0.000000 0.999803  0.064370 0.664198 1 64 1.000000
0  -3.484424 -21.438831 -2.866738  -0.019856 -0.000000 0.999803  0.064370 0.664198 1 64 1.000000
0  -3.484430 -21.356491 -2.866738  -0.019856 -0.000000 0.999803  0.064370 0.664198 1 64 1.000000
lowpoly_plastic
0  -4.054559 -21.274143 -3.446573  -0.908135 0.000027 0.418678  0.064370 0.664198 1 64 1.000000
0  -3.790036 -21.356489 -2.872808  -0.908131 0.000023 0.418686  0.064370 0.664198 1 64 1.000000
0  -3.790034 -21.274145 -2.872808  -0.908133 0.000018 0.418682  0.064370 0.664198 1 64 1.000000
lowpoly_plastic
0  -4.054561 -21.356487 -3.446573  -0.908133 0.000019 0.418682  0.064370 0.664198 1 64 1.000000
0  -3.790039 -21.438835 -2.872808  -0.908132 0.000013 0.418684  0.064370 0.664198 1 64 1.000000
0  -3.790036 -21.356489 -2.872808  -0.908131 0.000023 0.418686  0.064370 0.664198 1 64 1.000000
lowpoly_plastic
0  -3.790037 -20.964539 -2.872808  -0.908138 -0.000009 0.418671  0.064370 0.664198 1 64 1.000000
0  -4.054563 -21.046881 -3.446573  -0.908137 0.000076 0.418672  0.064370 0.664198 1 64 1.000000
0  -3.790037 -21.046883 -2.872808  -0.908128 0.000000 0.418693  0.064370 0.664198 1 64 1.000000
lowpoly_plastic
0  -3.790037 -20.964539 -2.872808  -0.019855 -0.000000 0.999803  0.064370 0.664198 1 64 1.000000
0  -3.484429 -21.046883 -2.866738  -0.019855 0.000000 0.999803  0.064370 0.664198 1 64 1.000000
0  -3.484428 -20.964539 -2.866738  -0.019855 0.000001 0.999803  0.064370 0.664198 1 64 1.000000
lowpoly_plastic
0  -4.054555 -20.964542 -3.446573  -0.999645 0.000090 0.026627  0.064370 0.664198 1 64 1.000000
0  -4.061445 -21.046879 -3.704962  -0.999645 0.000090 0.026627  0.064370 0.664198 1 64 1.000000
0  -4.054563 -21.046881 -3.446573  -0.999645 0.000090 0.026627  0.064370 0.664198 1 64 1.000000
lowpoly_plastic
0  -4.061445 -21.046879 -3.704962  -0.000322 1.000000 0.000001  0.075349 0.627009 1 64 1.000000
0  -4.078726 -21.046885 -3.448853  -0.000148 1.000000 -0.000128  0.075349 0.627009 1 64 1.000000
0  -4.054563 -21.046881 -3.446573  -0.000047 1.000000 -0.000099  0.075349 0.627009 1 64 1.000000
lowpoly_plastic
0  -4.054563 -21.046881 -3.446573  -0.000047 1.000000 -0.000099  0.075349 0.627009 1 64 1.000000
0  -4.078723 -21.046875 -3.419491  0.000080 1.000000 -0.000145  0.075349 0.627009 1 64 1.000000
0  -3.790037 -21.046883 -2.872808  0.000001 1.000000 -0.000068  0.075349 0.627009 1 64 1.000000
lowpoly_plastic
0  -4.061451 -20.799858 -3.704962  -0.999645 -0.000056 0.026660  0.064370 0.664198 1 64 1.000000
0  -4.054555 -20.882196 -3.446573  -0.999645 -0.000056 0.026660  0.064370 0.664198 1 64 1.000000
0  -4.054560 -20.799858 -3.446573  -0.999645 -0.000056 0.026660  0.064370 0.664198 1 64 1.000000
lowpoly_plastic
0  -4.061444 -20.882198 -3.803695  -0.999814 0.000049 0.019300  0.064370 0.664198 1 64 1.000000
0  -4.054555 -20.964542 -3.446573  -0.999814 0.000008 0.019289  0.064370 0.664198 1 64 1.000000
0  -4.054555 -20.882196 -3.446573  -0.999814 0.000000 0.019287  0.064370 0.664198 1 64 1.000000
lowpoly_plastic
0  -3.790040 -20.799850 -2.872809  -0.019856 0.000019 0.999803  0.064370 0.664198 1 64 1.000000
0  -3.484423 -20.882198 -2.866738  -0.019858 0.000002 0.999803  0.064370 0.664198 1 64 1.000000
0  -3.484430 -20.799858 -2.866738  -0.019862 -0.000001 0.999803  0.064370 0.664198 1 64 1.000000
lowpoly_plastic
0  -3.790040 -20.882196 -2.872808  -0.019855 0.000011 0.999803  0.064370 0.664198 1 64 1.000000
0  -3.484428 -20.964539 -2.866738  -0.019855 0.000001 0.999803  0.064370 0.664198 1 64 1.000000
0  -3.484423 -20.882198 -2.866738  -0.019858 0.000002 0.999803  0.064370 0.664198 1 64 1.000000
lowpoly_plastic
0  -4.054560 -20.799858 -3.446573  -0.908138 -0.000050 0.418672  0.064370 0.664198 1 64 1.000000
0  -3.790040 -20.882196 -2.872808  -0.908143 -0.000013 0.418659  0.064370 0.664198 1 64 1.000000
0  -3.790040 -20.799850 -2.872809  -0.908138 0.000006 0.418671  0.064370 0.664198 1 64 1.000000
lowpoly_plastic
0  -4.054555 -20.882196 -3.446573  -0.908135 -0.000029 0.418677  0.064370 0.664198 1 64 1.000000
0  -3.790037 -20.964539 -2.872808  -0.908138 -0.000009 0.418671  0.064370 0.664198 1 64 1.000000
0  -3.790040 -20.882196 -2.872808  -0.908143 -0.000013 0.418659  0.064370 0.664198 1 64 1.000000
lowpoly_plastic
0  -4.054555 -20.490246 -3.446573  -0.908140 -0.000016 0.418666  0.064370 0.664198 1 64 1.000000
0  -3.790037 -20.572586 -2.872807  -0.908140 -0.000032 0.418668  0.064370 0.664198 1 64 1.000000
0  -3.790041 -20.490244 -2.872807  -0.908136 0.000001 0.418675  0.064370 0.664198 1 64 1.000000
lowpoly_plastic
0  -3.790041 -20.490244 -2.872807  -0.019854 -0.000000 0.999803  0.064370 0.664198 1 64 1.000000
0  -3.484425 -20.572592 -2.866738  -0.019854 -0.000005 0.999803  0.064370 0.664198 1 64 1.000000
0  -3.484425 -20.490248 -2.866738  -0.019854 -0.000003 0.999803  0.064370 0.664198 1 64 1.000000
lowpoly_plastic
0  -4.054555 -20.490246 -3.446573  -0.999645 0.000022 0.026653  0.064370 0.664198 1 64 1.000000
0  -4.061446 -20.572592 -3.704962  -0.999645 0.000022 0.026653  0.064370 0.664198 1 64 1.000000
0  -4.054557 -20.572590 -3.446573  -0.999645 0.000022 0.026653  0.064370 0.664198 1 64 1.000000
lowpoly_plastic
0  -4.061446 -20.572592 -3.704962  0.000213 1.000000 0.000000  0.075349 0.627009 1 64 1.000000
0  -4.078725 -20.572588 -3.448853  0.000082 1.000000 0.000000  0.075349 0.627009 1 64 1.000000
0  -4.054557 -20.572590 -3.446573  0.000069 1.000000 -0.000030  0.075349 0.627009 1 64 1.000000
lowpoly_plastic
0  -4.054557 -20.572590 -3.446573  0.000069 1.000000 -0.000030  0.075349 0.627009 1 64 1.000000
0  -4.078725 -20.572588 -3.419491  0.000053 1.000000 -0.000062  0.075349 0.627009 1 64 1.000000
0  -3.790037 -20.572586 -2.872807  -0.000117 1.000000 0.000125  0.075349 0.627009 1 64 1.000000
lowpoly_plastic
0  -4.061447 -20.325562 -3.704962  -0.999645 0.000022 0.026653  0.064370 0.664198 1 64 1.000000
0  -4.054560 -20.407904 -3.446575  -0.999645 0.000022 0.026653  0.064370 0.664198 1 64 1.000000
0  -4.054558 -20.325560 -3.446575  -0.999645 0.000022 0.026653  0.064370 0.664198 1 64 1.000000
lowpoly_plastic
0  -4.061449 -20.407906 -3.803695  -0.999814 -0.000050 0.019290  0.064370 0.664198 1 64 1.000000
0  -4.054555 -20.490246 -3.446573  -0.999814 -0.000055 0.019289  0.064370 0.664198 1 64 1.000000
0  -4.054560 -20.407904 -3.446575  -0.999814 -0.000056 0.019288  0.064370 0.664198 1 64 1.000000
lowpoly_plastic
0  -3.790035 -20.325562 -2.872807  -0.019856 0.000000 0.999803  0.064370 0.664198 1 64 1.000000
0  -3.484428 -20.407906 -2.866738  -0.019855 -0.000000 0.999803  0.064370 0.664198 1 64 1.000000
0  -3.484426 -20.325563 -2.866738  -0.019855 0.000000 0.999803  0.064370 0.664198 1 64 1.000000
lowpoly_plastic
0  -3.790036 -20.407907 -2.872807  -0.019856 0.000001 0.999803  0.064370 0.664198 1 64 1.000000
0  -3.484425 -20.490248 -2.866738  -0.019854 -0.000003 0.999803  0.064370 0.664198 1 64 1.000000
0  -3.484428 -20.407906 -2.866738  -0.019855 -0.000000 0.999803  0.064370 0.664198 1 64 1.000000
lowpoly_plastic
0  -4.054558 -20.325560 -3.446575  -0.908135 0.000026 0.418677  0.064370 0.664198 1 64 1.000000
0  -3.790036 -20.407907 -2.872807  -0.908133 0.000028 0.418682  0.064370 0.664198 1 64 1.000000
0  -3.790035 -20.325562 -2.872807  -0.908134 0.000009 0.418679  0.064370 0.664198 1 64 1.000000
lowpoly_plastic
0  -4.054560 -20.407904 -3.446575  -0.908140 -0.000005 0.418667  0.064370 0.664198 1 64 1.000000
0  -3.790041 -20.490244 -2.872807  -0.908136 0.000001 0.418675  0.064370 0.664198 1 64 1.000000
0  -3.790036 -20.407907 -2.872807  -0.908133 0.000028 0.418682  0.064370 0.664198 1 64 1.000000
lowpoly_plastic
0  -4.054560 -20.015953 -3.446573  -0.908133 -0.000011 0.418682  0.064370 0.664198 1 64 1.000000
0  -3.790037 -20.098299 -2.872807  -0.908137 0.000013 0.418674  0.064370 0.664198 1 64 1.000000
0  -3.790035 -20.015953 -2.872807  -0.908136 0.000018 0.418675  0.064370 0.664198 1 64 1.000000
lowpoly_plastic
0  -3.790035 -20.015953 -2.872807  -0.019855 0.000000 0.999803  0.064370 0.664198 1 64 1.000000
0  -3.484423 -20.098293 -2.866738  -0.019856 -0.000001 0.999803  0.064370 0.664198 1 64 1.000000
0  -3.484428 -20.015955 -2.866738  -0.019856 -0.000000 0.999803  0.064370 0.664198 1 64 1.000000
lowpoly_plastic
0  -4.054560 -20.015953 -3.446573  -0.999645 -0.000056 0.026655  0.064370 0.664198 1 64 1.000000
0  -4.061444 -20.098293 -3.704962  -0.999645 -0.000056 0.026655  0.064370 0.664198 1 64 1.000000
0  -4.054555 -20.098291 -3.446573  -0.999645 -0.000056 0.026655  0.064370 0.664198 1 64 1.000000
lowpoly_plastic
0  -4.061444 -20.098293 -3.704962  0.000104 1.000000 -0.000001  0.075349 0.627009 1 64 1.000000
0  -4.078722 -20.098291 -3.448853  0.000003 1.000000 -0.000010  0.075349 0.627009 1 64 1.000000
0  -4.054555 -20.098291 -3.446573  0.000004 1.000000 -0.000008  0.075349 0.627009 1 64 1.000000
lowpoly_plastic
0  -4.054555 -20.098291 -3.446573  0.000004 1.000000 -0.000008  0.075349 0.627009 1 64 1.000000
0  -4.078722 -20.098291 -3.419493  0.000008 1.000000 -0.000001  0.075349 0.627009 1 64 1.000000
0  -3.790037 -20.098299 -2.872807  0.000037 1.000000 -0.000158  0.075349 0.627009 1 64 1.000000
lowpoly_plastic
0  -4.061445 -19.851265 -3.704962  -0.999645 0.000022 0.026653  0.064370 0.664198 1 64 1.000000
0  -4.054558 -19.933609 -3.446573  -0.999645 0.000022 0.026653  0.064370 0.664198 1 64 1.000000
0  -4.054556 -19.851261 -3.446573  -0.999645 0.000022 0.026653  0.064370 0.664198 1 64 1.000000
lowpoly_plastic
0  -4.054558 -19.933609 -3.446573  -0.999814 0.000021 0.019289  0.064370 0.664198 1 64 1.000000
0  -4.061449 -20.015955 -3.803695  -0.999814 0.000004 0.019290  0.064370 0.664198 1 64 1.000000
0  -4.054560 -20.015953 -3.446573  -0.999814 0.000024 0.019288  0.064370 0.664198 1 64 1.000000
lowpoly_plastic
0  -3.790040 -19.851269 -2.872807  -0.019855 -0.000001 0.999803  0.064370 0.664198 1 64 1.000000
0  -3.484426 -19.933609 -2.866738  -0.019856 0.000000 0.999803  0.064370 0.664198 1 64 1.000000
0  -3.484424 -19.851265 -2.866738  -0.019856 0.000000 0.999803  0.064370 0.664198 1 64 1.000000
lowpoly_plastic
0  -3.790033 -19.933609 -2.872807  -0.019856 -0.000001 0.999803  0.064370 0.664198 1 64 1.000000
0  -3.484428 -20.015955 -2.866738  -0.019856 -0.000000 0.999803  0.064370 0.664198 1 64 1.000000
0  -3.484426 -19.933609 -2.866738  -0.019856 0.000000 0.999803  0.064370 0.664198 1 64 1.000000
lowpoly_plastic
0  -4.054556 -19.851261 -3.446573  -0.908129 0.000019 0.418690  0.064370 0.664198 1 64 1.000000
0  -3.790033 -19.933609 -2.872807  -0.908136 -0.000023 0.418675  0.064370 0.664198 1 64 1.000000
0  -3.790040 -19.851269 -2.872807  -0.908138 -0.000073 0.418671  0.064370 0.664198 1 64 1.000000
lowpoly_plastic
0  -4.054558 -19.933609 -3.446573  -0.908132 0.000023 0.418685  0.064370 0.664198 1 64 1.000000
0  -3.790035 -20.015953 -2.872807  -0.908136 0.000018 0.418675  0.064370 0.664198 1 64 1.000000
0  -3.790033 -19.933609 -2.872807  -0.908136 -0.000023 0.418675  0.064370 0.664198 1 64 1.000000
lowpoly_plastic
0  -4.054557 -19.541655 -3.446573  -0.908140 0.000013 0.418666  0.064370 0.664198 1 64 1.000000
0  -3.790035 -19.624002 -2.872807  -0.908139 0.000002 0.418669  0.064370 0.664198 1 64 1.000000
0  -3.790035 -19.541656 -2.872807  -0.908134 -0.000012 0.418680  0.064370 0.664198 1 64 1.000000
lowpoly_plastic
0  -3.790035 -19.541656 -2.872807  -0.019856 -0.000000 0.999803  0.064370 0.664198 1 64 1.000000
0  -3.484429 -19.624001 -2.866738  -0.019855 0.000000 0.999803  0.064370 0.664198 1 64 1.000000
0  -3.484426 -19.541658 -2.866738  -0.019855 0.000000 0.999803  0.064370 0.664198 1 64 1.000000
lowpoly_plastic
0  -4.054557 -19.541655 -3.446573  -0.999645 0.000011 0.026655  0.064370 0.664198 1 64 1.000000
0  -4.061449 -19.624001 -3.704962  -0.999645 0.000011 0.026655  0.064370 0.664198 1 64 1.000000
0  -4.054559 -19.624001 -3.446573  -0.999645 0.000011 0.026655  0.064370 0.664198 1 64 1.000000
lowpoly_plastic
0  -4.061449 -19.624001 -3.704962  -0.000217 1.000000 0.000000  0.075349 0.627009 1 64 1.000000
0  -4.078722 -19.624004 -3.448853  -0.000159 1.000000 0.000000  0.075349 0.627009 1 64 1.000000
0  -4.054559 -19.624001 -3.446573  -0.000140 1.000000 0.000030  0.075349 0.627009 1 64 1.000000
lowpoly_plastic
0  -4.054559 -19.624001 -3.446573  -0.000140 1.000000 0.000030  0.075349 0.627009 1 64 1.000000
0  -4.078722 -19.624004 -3.419493  -0.000115 1.000000 0.000064  0.075349 0.627009 1 64 1.000000
0  -3.790035 -19.624002 -2.872807  0.000036 1.000000 -0.000166  0.075349 0.627009 1 64 1.000000
lowpoly_plastic
0  -4.061450 -19.376970 -3.704962  -0.999644 -0.000011 0.026671  0.064370 0.664198 1 64 1.000000
0  -4.054556 -19.459311 -3.446573  -0.999644 -0.000011 0.026671  0.064370 0.664198 1 64 1.000000
0  -4.054556 -19.376976 -3.446573  -0.999644 -0.000011 0.026671  0.064370 0.664198 1 64 1.000000
lowpoly_plastic
0  -4.061447 -19.459311 -3.803695  -0.999814 0.000008 0.019290  0.064370 0.664198 1 64 1.000000
0  -4.054557 -19.541655 -3.446573  -0.999814 0.000008 0.019291  0.064370 0.664198 1 64 1.000000
0  -4.054556 -19.459311 -3.446573  -0.999814 0.000008 0.019291  0.064370 0.664198 1 64 1.000000
lowpoly_plastic
0  -3.790036 -19.376972 -2.872807  -0.019855 0.000000 0.999803  0.064370 0.664198 1 64 1.000000
0  -3.484426 -19.459312 -2.866738  -0.019855 -0.000000 0.999803  0.064370 0.664198 1 64 1.000000
0  -3.484429 -19.376972 -2.866738  -0.019856 -0.000001 0.999803  0.064370 0.664198 1 64 1.000000
lowpoly_plastic
0  -3.790038 -19.459316 -2.872807  -0.019856 -0.000000 0.999803  0.064370 0.664198 1 64 1.000000
0  -3.484426 -19.541658 -2.866738  -0.019855 0.000000 0.999803  0.064370 0.664198 1 64 1.000000
0  -3.484426 -19.459312 -2.866738  -0.019855 -0.000000 0.999803  0.064370 0.664198 1 64 1.000000
lowpoly_plastic
0  -4.054556 -19.376976 -3.446573  -0.908144 0.000001 0.418658  0.064370 0.664198 1 64 1.000000
0  -3.790038 -19.459316 -2.872807  -0.908134 -0.000010 0.418680  0.064370 0.664198 1 64 1.000000
0  -3.790036 -19.376972 -2.872807  -0.908140 0.000009 0.418667  0.064370 0.664198 1 64 1.000000
lowpoly_plastic
0  -4.054556 -19.459311 -3.446573  -0.908143 0.000003 0.418661  0.064370 0.664198 1 64 1.000000
0  -3.790035 -19.541656 -2.872807  -0.908134 -0.000012 0.418680  0.064370 0.664198 1 64 1.000000
0  -3.790038 -19.459316 -2.872807  -0.908134 -0.000010 0.418680  0.064370 0.664198 1 64 1.000000
lowpoly_plastic
0  -3.373453 -26.125582 -2.848027  0.000000 -0.000000 1.000000  0.075349 0.627009 1 64 1.000000
0  -3.484427 -22.387424 -2.848028  -0.000205 -0.000006 1.000000  0.075349 0.627009 1 64 1.000000
0  -3.484425 -22.469761 -2.848028  0.000091 -0.000000 1.000000  0.075349 0.627009 1 64 1.000000
lowpoly_plastic
0  -3.931707 -26.125591 -3.878406  -0.000001 -0.000000 -1.000000  0.075349 0.627009 1 64 1.000000
0  -4.078721 -17.075523 -3.878408  -0.000001 -0.000000 -1.000000  0.075349 0.627009 1 64 1.000000
0  -3.931706 -17.075520 -3.878408  -0.000001 -0.000000 -1.000000  0.075349 0.627009 1 64 1.000000
lowpoly_plastic
0  -3.373453 -26.125582 -2.848027  0.000001 -1.000000 -0.000003  0.075349 0.627009 1 64 1.000000
0  -4.078722 -26.125586 -3.419493  0.000005 -1.000000 0.000005  0.075349 0.627009 1 64 1.000000
0  -3.373453 -26.125582 -3.878406  -0.000000 -1.000000 0.000005  0.075349 0.627009 1 64 1.000000
lowpoly_plastic
0  -4.078720 -23.253670 -3.805327  -1.000000 0.000001 0.000078  0.075349 0.627009 1 64 1.000000
0  -4.078721 -22.861713 -3.805327  -0.999997 -0.000054 0.002418  0.075349 0.627009 1 64 1.000000
0  -4.078722 -26.125586 -3.878406  -1.000000 -0.000003 -0.000003  0.075349 0.627009 1 64 1.000000
lowpoly_plastic
0  -3.801986 -24.841232 -2.860616  -0.896132 0.000001 0.443787  0.075349 0.627009 1 64 1.000000
0  -4.078721 -24.841232 -3.419492  -0.896154 -0.000000 0.443744  0.075349 0.627009 1 64 1.000000
0  -4.078722 -26.125586 -3.419493  -0.896155 0.000001 0.443742  0.075349 0.627009 1 64 1.000000
lowpoly_plastic
0  -4.078721 -17.075523 -3.419492  -0.000003 1.000000 0.000001  0.075349 0.627009 1 64 1.000000
0  -3.834767 -17.075523 -3.384395  -0.000001 1.000000 -0.000003  0.075349 0.627009 1 64 1.000000
0  -3.931706 -17.075520 -3.878408  -0.000019 1.000000 0.000002  0.075349 0.627009 1 64 1.000000
lowpoly_plastic
0  -3.790034 -22.944057 -2.872808  -0.000014 1.000000 -0.000032  0.075349 0.627009 1 64 1.000000
0  -3.801987 -22.944057 -2.860615  -0.000062 1.000000 0.000080  0.075349 0.627009 1 64 1.000000
0  -3.795755 -22.944056 -2.848028  -0.000035 1.000000 -0.000037  0.075349 0.627009 1 64 1.000000
lowpoly_plastic
0  -4.078722 -23.336012 -3.805327  -0.093988 -0.000000 0.995573  0.075349 0.627009 1 64 1.000000
0  -4.061448 -23.253662 -3.803696  -0.094000 0.000002 0.995572  0.075349 0.627009 1 64 1.000000
0  -4.078720 -23.253670 -3.805327  -0.094002 0.000002 0.995572  0.075349 0.627009 1 64 1.000000
lowpoly_plastic
0  -3.484428 -24.119915 -2.866739  -1.000000 0.000010 0.000000  0.075349 0.627009 1 64 1.000000
0  -3.484429 -24.202257 -2.848027  -1.000000 0.000010 0.000000  0.075349 0.627009 1 64 1.000000
0  -3.484428 -24.119915 -2.848027  -1.000000 0.000010 0.000000  0.075349 0.627009 1 64 1.000000
lowpoly_plastic
0  -4.061444 -22.222734 -3.704963  -0.000113 -1.000000 -0.000001  0.075349 0.627009 1 64 1.000000
0  -4.078723 -22.222733 -3.448854  -0.000157 -1.000000 -0.000010  0.075349 0.627009 1 64 1.000000
0  -4.078723 -22.222733 -3.706593  -0.000110 -1.000000 0.000000  0.075349 0.627009 1 64 1.000000
lowpoly_plastic
0  -4.061447 -24.676544 -3.803696  -0.060187 -0.766582 0.639320  0.075349 0.627009 1 64 1.000000
0  -4.078721 -24.594204 -3.706593  -0.060406 -0.766586 0.639295  0.075349 0.627009 1 64 1.000000
0  -4.078723 -24.676548 -3.805327  -0.060165 -0.766581 0.639322  0.075349 0.627009 1 64 1.000000
lowpoly_plastic
0  -3.484426 -19.541658 -2.866738  -1.000000 0.000019 0.000000  0.075349 0.627009 1 64 1.000000
0  -3.484429 -19.624001 -2.848027  -1.000000 0.000029 0.000000  0.075349 0.627009 1 64 1.000000
0  -3.484426 -19.541658 -2.848027  -1.000000 0.000019 0.000000  0.075349 0.627009 1 64 1.000000
lowpoly_plastic
0  -3.790043 -23.892645 -2.872810  -0.000205 1.000000 0.000043  0.075349 0.627009 1 64 1.000000
0  -3.801986 -23.892651 -2.860615  -0.000440 1.000000 0.000037  0.075349 0.627009 1 64 1.000000
0  -3.795750 -23.892647 -2.848026  -0.000177 1.000000 0.000000  0.075349 0.627009 1 64 1.000000
lowpoly_plastic
0  -3.790038 -23.171324 -2.872808  -0.000078 -1.000000 -0.000051  0.075349 0.627009 1 64 1.000000
0  -3.484430 -23.171322 -2.848026  0.000007 -1.000000 -0.000013  0.075349 0.627009 1 64 1.000000
0  -3.795749 -23.171326 -2.848026  -0.000097 -1.000000 -0.000253  0.075349 0.627009 1 64 1.000000
lowpoly_plastic
0  -3.484424 -19.851265 -2.866738  -1.000000 0.000021 0.000000  0.075349 0.627009 1 64 1.000000
0  -3.484426 -19.933609 -2.848027  -1.000000 0.000024 0.000000  0.075349 0.627009 1 64 1.000000
0  -3.484424 -19.851265 -2.848027  -1.000000 0.000019 0.000000  0.075349 0.627009 1 64 1.000000
lowpoly_plastic
0  -3.484428 -20.015955 -2.866738  -1.000000 -0.000015 0.000000  0.075349 0.627009 1 64 1.000000
0  -3.484423 -20.098293 -2.848027  -1.000000 -0.000058 0.000000  0.075349 0.627009 1 64 1.000000
0  -3.484428 -20.015955 -2.848027  -1.000000 -0.000015 0.000000  0.075349 0.627009 1 64 1.000000
lowpoly_plastic
0  -4.061446 -21.913128 -3.803695  -0.093976 0.000007 0.995574  0.075349 0.627009 1 64 1.000000
0  -4.078718 -21.830786 -3.805326  -0.094010 0.000002 0.995571  0.075349 0.627009 1 64 1.000000
0  -4.078725 -21.913124 -3.805326  -0.093970 0.000008 0.995575  0.075349 0.627009 1 64 1.000000
lowpoly_plastic
0  -4.061446 -22.305079 -3.803696  -0.060495 -0.766578 0.639295  0.075349 0.627009 1 64 1.000000
0  -4.078723 -22.222733 -3.706593  -0.060401 -0.766553 0.639334  0.075349 0.627009 1 64 1.000000
0  -4.078724 -22.305075 -3.805327  -0.060505 -0.766580 0.639292  0.075349 0.627009 1 64 1.000000
lowpoly_plastic
0  -4.061448 -22.387424 -3.803696  -0.093970 0.000001 0.995575  0.075349 0.627009 1 64 1.000000
0  -4.078724 -22.305075 -3.805327  -0.093973 0.000002 0.995575  0.075349 0.627009 1 64 1.000000
0  -4.078725 -22.387421 -3.805327  -0.093969 0.000001 0.995575  0.075349 0.627009 1 64 1.000000
lowpoly_plastic
0  -3.790036 -22.697025 -2.872810  0.000094 -1.000000 -0.000225  0.075349 0.627009 1 64 1.000000
0  -3.484426 -22.697033 -2.848028  -0.000024 -1.000000 -0.000019  0.075349 0.627009 1 64 1.000000
0  -3.795753 -22.697033 -2.848028  0.000002 -1.000000 -0.000334  0.075349 0.627009 1 64 1.000000
lowpoly_plastic
0  -3.790036 -19.376972 -2.872807  -0.000147 -1.000000 0.000001  0.075349 0.627009 1 64 1.000000
0  -3.484429 -19.376972 -2.848027  0.000000 -1.000000 0.000000  0.075349 0.627009 1 64 1.000000
0  -3.795748 -19.376972 -2.848027  -0.000141 -1.000000 0.000000  0.075349 0.627009 1 64 1.000000
lowpoly_plastic
0  -3.484426 -19.459312 -2.848027  -1.000000 -0.000019 0.000000  0.075349 0.627009 1 64 1.000000
0  -3.484426 -19.541658 -2.866738  -1.000000 0.000019 0.000000  0.075349 0.627009 1 64 1.000000
0  -3.484426 -19.541658 -2.848027  -1.000000 0.000019 0.000000  0.075349 0.627009 1 64 1.000000
lowpoly_plastic
0  -3.790035 -19.624002 -2.872807  0.000036 1.000000 -0.000166  0.075349 0.627009 1 64 1.000000
0  -3.801982 -19.624001 -2.860616  -0.000020 1.000000 -0.000157  0.075349 0.627009 1 64 1.000000
0  -3.795750 -19.623997 -2.848027  -0.000025 1.000000 -0.000230  0.075349 0.627009 1 64 1.000000
lowpoly_plastic
0  -3.790036 -22.222740 -2.872810  -0.000041 -1.000000 0.000084  0.075349 0.627009 1 64 1.000000
0  -3.801985 -22.222738 -2.860615  0.000016 -1.000000 0.000160  0.075349 0.627009 1 64 1.000000
0  -4.078723 -22.222733 -3.419492  -0.000122 -1.000000 0.000033  0.075349 0.627009 1 64 1.000000
lowpoly_plastic
0  -4.078720 -21.521177 -3.706592  -0.060420 0.766559 0.639325  0.075349 0.627009 1 64 1.000000
0  -4.061444 -21.438829 -3.803695  -0.060511 0.766566 0.639308  0.075349 0.627009 1 64 1.000000
0  -4.078718 -21.438833 -3.805326  -0.060520 0.766567 0.639307  0.075349 0.627009 1 64 1.000000
lowpoly_plastic
0  -3.790034 -21.274145 -2.872808  0.000118 -1.000000 -0.000143  0.075349 0.627009 1 64 1.000000
0  -3.484427 -21.274143 -2.848028  0.000007 -1.000000 -0.000019  0.075349 0.627009 1 64 1.000000
0  -3.795752 -21.274151 -2.848028  0.000053 -1.000000 -0.000334  0.075349 0.627009 1 64 1.000000
lowpoly_plastic
0  -3.484429 -24.758890 -2.848027  -1.000000 0.000020 0.000000  0.075349 0.627009 1 64 1.000000
0  -3.484431 -24.841234 -2.866739  -1.000000 0.000028 0.000000  0.075349 0.627009 1 64 1.000000
0  -3.484431 -24.841234 -2.848027  -1.000000 0.000029 0.000000  0.075349 0.627009 1 64 1.000000
lowpoly_plastic
0  -4.078728 -23.418348 -3.706593  -0.060104 0.766590 0.639317  0.075349 0.627009 1 64 1.000000
0  -4.061447 -23.336010 -3.803696  -0.060395 0.766591 0.639289  0.075349 0.627009 1 64 1.000000
0  -4.078722 -23.336012 -3.805327  -0.060424 0.766591 0.639286  0.075349 0.627009 1 64 1.000000
lowpoly_plastic
0  -4.061449 -21.356489 -3.803695  -0.060277 -0.766575 0.639319  0.075349 0.627009 1 64 1.000000
0  -4.078721 -21.274147 -3.706592  -0.060261 -0.766565 0.639333  0.075349 0.627009 1 64 1.000000
0  -4.078723 -21.356491 -3.805326  -0.060278 -0.766576 0.639318  0.075349 0.627009 1 64 1.000000
lowpoly_plastic
0  -3.484427 -22.387424 -2.866739  -1.000000 -0.000001 0.000000  0.075349 0.627009 1 64 1.000000
0  -3.484425 -22.469761 -2.848028  -1.000000 -0.000028 0.000000  0.075349 0.627009 1 64 1.000000
0  -3.484427 -22.387424 -2.848028  -1.000000 0.000001 0.000000  0.075349 0.627009 1 64 1.000000
lowpoly_plastic
0  -3.484430 -24.284592 -2.866739  -1.000000 0.000000 0.000000  0.075349 0.627009 1 64 1.000000
0  -3.484429 -24.366938 -2.848027  -1.000000 -0.000010 0.000000  0.075349 0.627009 1 64 1.000000
0  -3.484430 -24.284592 -2.848027  -1.000000 0.000000 0.000000  0.075349 0.627009 1 64 1.000000
lowpoly_plastic
0  -4.061444 -20.882198 -3.803695  -0.060405 -0.766583 0.639298  0.075349 0.627009 1 64 1.000000
0  -4.078727 -20.799854 -3.706592  -0.060471 -0.766563 0.639316  0.075349 0.627009 1 64 1.000000
0  -4.078722 -20.882196 -3.805326  -0.060398 -0.766585 0.639296  0.075349 0.627009 1 64 1.000000
lowpoly_plastic
0  -3.484428 -20.964539 -2.866738  -1.000000 0.000009 0.000018  0.075349 0.627009 1 64 1.000000
0  -3.484424 -21.046879 -2.848028  -1.000000 0.000001 0.000219  0.075349 0.627009 1 64 1.000000
0  -3.484428 -20.964539 -2.848028  -1.000000 0.000002 -0.000014  0.075349 0.627009 1 64 1.000000
lowpoly_plastic
0  -3.790036 -21.748444 -2.872808  -0.000108 -1.000000 0.000149  0.075349 0.627009 1 64 1.000000
0  -3.801983 -21.748440 -2.860615  -0.000147 -1.000000 0.000000  0.075349 0.627009 1 64 1.000000
0  -4.078724 -21.748446 -3.419491  0.000171 -1.000000 -0.000033  0.075349 0.627009 1 64 1.000000
lowpoly_plastic
0  -4.061448 -24.119911 -3.704963  -0.000109 -1.000000 0.000000  0.075349 0.627009 1 64 1.000000
0  -4.078727 -24.119909 -3.448854  -0.000080 -1.000000 0.000000  0.075349 0.627009 1 64 1.000000
0  -4.078727 -24.119909 -3.706593  -0.000110 -1.000000 0.000000  0.075349 0.627009 1 64 1.000000
lowpoly_plastic
0  -4.061449 -20.964537 -3.803695  -0.093981 0.000002 0.995574  0.075349 0.627009 1 64 1.000000
0  -4.078722 -20.882196 -3.805326  -0.093963 0.000005 0.995576  0.075349 0.627009 1 64 1.000000
0  -4.078724 -20.964540 -3.805326  -0.093985 0.000002 0.995574  0.075349 0.627009 1 64 1.000000
lowpoly_plastic
0  -3.484425 -22.861712 -2.848026  -1.000000 -0.000015 0.000000  0.075349 0.627009 1 64 1.000000
0  -3.484429 -22.944056 -2.866739  -1.000000 0.000048 0.000000  0.075349 0.627009 1 64 1.000000
0  -3.484429 -22.944056 -2.848026  -1.000000 0.000048 0.000000  0.075349 0.627009 1 64 1.000000
lowpoly_plastic
0  -3.484431 -22.779371 -2.848028  -1.000000 -0.000006 0.000000  0.075349 0.627009 1 64 1.000000
0  -3.484425 -22.861712 -2.866739  -1.000000 -0.000014 0.000000  0.075349 0.627009 1 64 1.000000
0  -3.484425 -22.861712 -2.848026  -1.000000 -0.000015 0.000000  0.075349 0.627009 1 64 1.000000
lowpoly_plastic
0  -4.061444 -21.438829 -3.803695  -0.093994 -0.000005 0.995573  0.075349 0.627009 1 64 1.000000
0  -4.078723 -21.356491 -3.805326  -0.094019 -0.000006 0.995570  0.075349 0.627009 1 64 1.000000
0  -4.078718 -21.438833 -3.805326  -0.093990 -0.000005 0.995573  0.075349 0.627009 1 64 1.000000
lowpoly_plastic
0  -3.790040 -19.851269 -2.872807  -0.000067 -1.000000 0.000041  0.075349 0.627009 1 64 1.000000
0  -3.484424 -19.851265 -2.848027  0.000012 -1.000000 0.000000  0.075349 0.627009 1 64 1.000000
0  -3.795748 -19.851269 -2.848027  -0.000062 -1.000000 0.000000  0.075349 0.627009 1 64 1.000000
lowpoly_plastic
0  -3.484424 -21.438831 -2.866738  -1.000000 -0.000067 -0.000331  0.075349 0.627009 1 64 1.000000
0  -3.484425 -21.521175 -2.848028  -1.000000 -0.000001 -0.000051  0.075349 0.627009 1 64 1.000000
0  -3.484431 -21.438835 -2.848028  -1.000000 -0.000066 -0.000331  0.075349 0.627009 1 64 1.000000
lowpoly_plastic
0  -3.790036 -19.376972 -2.872807  -0.000147 -1.000000 0.000001  0.075349 0.627009 1 64 1.000000
0  -3.801983 -19.376968 -2.860614  -0.000335 -1.000000 0.000000  0.075349 0.627009 1 64 1.000000
0  -4.078725 -19.376972 -3.419493  -0.000116 -1.000000 0.000065  0.075349 0.627009 1 64 1.000000
lowpoly_plastic
0  -4.078722 -20.098291 -3.706592  -0.060226 0.766590 0.639306  0.075349 0.627009 1 64 1.000000
0  -4.061449 -20.015955 -3.803695  -0.060083 0.766584 0.639327  0.075349 0.627009 1 64 1.000000
0  -4.078726 -20.015949 -3.805326  -0.060069 0.766584 0.639329  0.075349 0.627009 1 64 1.000000
lowpoly_plastic
0  -4.061449 -20.407906 -3.803695  -0.060403 -0.766555 0.639332  0.075349 0.627009 1 64 1.000000
0  -4.078727 -20.325558 -3.706592  -0.060483 -0.766568 0.639308  0.075349 0.627009 1 64 1.000000
0  -4.078727 -20.407904 -3.805326  -0.060395 -0.766553 0.639334  0.075349 0.627009 1 64 1.000000
lowpoly_plastic
0  -3.484424 -22.222736 -2.866738  -1.000000 0.000010 0.000000  0.075349 0.627009 1 64 1.000000
0  -3.484425 -22.305079 -2.848028  -1.000000 0.000019 0.000000  0.075349 0.627009 1 64 1.000000
0  -3.484424 -22.222736 -2.848028  -1.000000 0.000010 0.000000  0.075349 0.627009 1 64 1.000000
lowpoly_plastic
0  -4.061447 -19.541656 -3.803695  -0.094025 0.000002 0.995570  0.075349 0.627009 1 64 1.000000
0  -4.078721 -19.459316 -3.805326  -0.093975 0.000000 0.995575  0.075349 0.627009 1 64 1.000000
0  -4.078722 -19.541658 -3.805326  -0.094033 0.000003 0.995569  0.075349 0.627009 1 64 1.000000
lowpoly_plastic
0  -4.061450 -19.376970 -3.704962  0.000096 -1.000000 -0.000001  0.075349 0.627009 1 64 1.000000
0  -4.078725 -19.376972 -3.448853  -0.000151 -1.000000 -0.000010  0.075349 0.627009 1 64 1.000000
0  -4.078725 -19.376972 -3.706592  0.000110 -1.000000 0.000000  0.075349 0.627009 1 64 1.000000
lowpoly_plastic
0  -4.061446 -23.645613 -3.704963  0.000317 -1.000000 -0.000001  0.075349 0.627009 1 64 1.000000
0  -4.078720 -23.645618 -3.448854  0.000085 -1.000000 -0.000010  0.075349 0.627009 1 64 1.000000
0  -4.078720 -23.645618 -3.706593  0.000331 -1.000000 0.000000  0.075349 0.627009 1 64 1.000000
lowpoly_plastic
0  -3.790034 -24.119915 -2.872808  -0.000251 -1.000000 0.000234  0.075349 0.627009 1 64 1.000000
0  -3.801985 -24.119907 -2.860615  -0.000423 -1.000000 0.000075  0.075349 0.627009 1 64 1.000000
0  -4.078727 -24.119909 -3.419492  -0.000066 -1.000000 0.000034  0.075349 0.627009 1 64 1.000000
lowpoly_plastic
0  -3.790041 -23.645618 -2.872808  0.000100 -1.000000 0.000099  0.075349 0.627009 1 64 1.000000
0  -3.801986 -23.645620 -2.860615  0.000292 -1.000000 0.000000  0.075349 0.627009 1 64 1.000000
0  -4.078720 -23.645618 -3.419492  0.000058 -1.000000 -0.000033  0.075349 0.627009 1 64 1.000000
lowpoly_plastic
0  -3.790040 -24.594204 -2.872808  -0.000105 -1.000000 -0.000181  0.075349 0.627009 1 64 1.000000
0  -3.484431 -24.594206 -2.848027  0.000010 -1.000000 -0.000040  0.075349 0.627009 1 64 1.000000
0  -3.795749 -24.594208 -2.848027  -0.000136 -1.000000 -0.000334  0.075349 0.627009 1 64 1.000000
lowpoly_plastic
0  -3.484431 -24.594206 -2.848027  -1.000000 0.000010 -0.000262  0.075349 0.627009 1 64 1.000000
0  -3.484427 -24.676548 -2.866739  -1.000000 -0.000005 -0.000022  0.075349 0.627009 1 64 1.000000
0  -3.484427 -24.676548 -2.848027  -1.000000 -0.000010 0.000000  0.075349 0.627009 1 64 1.000000
lowpoly_plastic
0  -3.484429 -19.376972 -2.866738  -1.000000 -0.000039 0.000000  0.075349 0.627009 1 64 1.000000
0  -3.484426 -19.459312 -2.848027  -1.000000 -0.000019 0.000000  0.075349 0.627009 1 64 1.000000
0  -3.484429 -19.376972 -2.848027  -1.000000 -0.000039 0.000000  0.075349 0.627009 1 64 1.000000
lowpoly_plastic
0  -4.078725 -24.366940 -3.706593  -0.060394 0.766550 0.639338  0.075349 0.627009 1 64 1.000000
0  -4.061446 -24.284597 -3.803696  -0.060273 0.766581 0.639313  0.075349 0.627009 1 64 1.000000
0  -4.078721 -24.284595 -3.805327  -0.060261 0.766584 0.639310  0.075349 0.627009 1 64 1.000000
lowpoly_plastic
0  -4.061451 -20.799858 -3.704962  -0.000217 -1.000000 0.000001  0.075349 0.627009 1 64 1.000000
0  -4.078727 -20.799854 -3.448853  -0.000165 -1.000000 0.000010  0.075349 0.627009 1 64 1.000000
0  -4.078727 -20.799854 -3.706592  -0.000221 -1.000000 0.000000  0.075349 0.627009 1 64 1.000000
lowpoly_plastic
0  -3.790040 -20.799850 -2.872809  0.000184 -1.000000 -0.000115  0.075349 0.627009 1 64 1.000000
0  -3.484430 -20.799858 -2.848028  -0.000024 -1.000000 -0.000006  0.075349 0.627009 1 64 1.000000
0  -3.795750 -20.799854 -2.848027  0.000134 -1.000000 -0.000037  0.075349 0.627009 1 64 1.000000
lowpoly_plastic
0  -4.061447 -20.325562 -3.704962  -0.000213 -1.000000 0.000002  0.075349 0.627009 1 64 1.000000
0  -4.078727 -20.325558 -3.448853  -0.000082 -1.000000 0.000015  0.075349 0.627009 1 64 1.000000
0  -4.078727 -20.325558 -3.706592  -0.000221 -1.000000 0.000000  0.075349 0.627009 1 64 1.000000
lowpoly_plastic
0  -3.790034 -24.119915 -2.872808  -0.000251 -1.000000 0.000234  0.075349 0.627009 1 64 1.000000
0  -3.484428 -24.119915 -2.848027  -0.000001 -1.000000 0.000019  0.075349 0.627009 1 64 1.000000
0  -3.795748 -24.119907 -2.848026  -0.000160 -1.000000 0.000245  0.075349 0.627009 1 64 1.000000
lowpoly_plastic
0  -3.790035 -20.325562 -2.872807  0.000005 -1.000000 0.000000  0.075349 0.627009 1 64 1.000000
0  -3.801981 -20.325562 -2.860614  0.000061 -1.000000 0.000000  0.075349 0.627009 1 64 1.000000
0  -4.078727 -20.325558 -3.419493  -0.000061 -1.000000 0.000000  0.075349 0.627009 1 64 1.000000
lowpoly_plastic
0  -4.061445 -20.490246 -3.803695  -0.093984 -0.000006 0.995574  0.075349 0.627009 1 64 1.000000
0  -4.078727 -20.407904 -3.805326  -0.093999 -0.000004 0.995572  0.075349 0.627009 1 64 1.000000
0  -4.078722 -20.490242 -3.805326  -0.093981 -0.000006 0.995574  0.075349 0.627009 1 64 1.000000
lowpoly_plastic
0  -3.790039 -21.995466 -2.872808  -0.000127 1.000000 0.000092  0.075349 0.627009 1 64 1.000000
0  -3.801981 -21.995470 -2.860615  -0.000274 1.000000 0.000037  0.075349 0.627009 1 64 1.000000
0  -3.795749 -21.995468 -2.848028  -0.000098 1.000000 0.000082  0.075349 0.627009 1 64 1.000000
lowpoly_plastic
0  -4.061448 -22.861712 -3.803696  -0.094030 -0.000006 0.995569  0.075349 0.627009 1 64 1.000000
0  -4.078727 -22.779373 -3.805327  -0.093980 -0.000004 0.995574  0.075349 0.627009 1 64 1.000000
0  -4.078721 -22.861713 -3.805327  -0.094039 -0.000007 0.995569  0.075349 0.627009 1 64 1.000000
lowpoly_plastic
0  -4.061448 -23.727962 -3.803696  -0.060623 -0.766582 0.639278  0.075349 0.627009 1 64 1.000000
0  -4.078720 -23.645618 -3.706593  -0.060125 -0.766556 0.639356  0.075349 0.627009 1 64 1.000000
0  -4.078725 -23.727955 -3.805327  -0.060672 -0.766585 0.639270  0.075349 0.627009 1 64 1.000000
lowpoly_plastic
0  -4.061449 -21.748440 -3.704962  0.000326 -1.000000 0.000000  0.075349 0.627009 1 64 1.000000
0  -4.078724 -21.748446 -3.448853  0.000239 -1.000000 0.000000  0.075349 0.627009 1 64 1.000000
0  -4.078724 -21.748446 -3.706592  0.000331 -1.000000 0.000000  0.075349 0.627009 1 64 1.000000
lowpoly_plastic
0  -3.790036 -22.697025 -2.872810  0.000094 -1.000000 -0.000225  0.075349 0.627009 1 64 1.000000
0  -3.801988 -22.697029 -2.860615  0.000087 -1.000000 -0.000197  0.075349 0.627009 1 64 1.000000
0  -4.078723 -22.697029 -3.419492  -0.000051 -1.000000 0.000032  0.075349 0.627009 1 64 1.000000
lowpoly_plastic
0  -3.484430 -23.810307 -2.866739  -1.000000 -0.000014 0.000000  0.075349 0.627009 1 64 1.000000
0  -3.484424 -23.892647 -2.848026  -1.000000 -0.000068 0.000000  0.075349 0.627009 1 64 1.000000
0  -3.484430 -23.810307 -2.848026  -1.000000 -0.000015 0.000000  0.075349 0.627009 1 64 1.000000
lowpoly_plastic
0  -3.484427 -21.274143 -2.866738  -1.000000 0.000037 0.000000  0.075349 0.627009 1 64 1.000000
0  -3.484430 -21.356491 -2.848028  -1.000000 0.000025 0.000000  0.075349 0.627009 1 64 1.000000
0  -3.484427 -21.274143 -2.848028  -1.000000 0.000039 0.000000  0.075349 0.627009 1 64 1.000000
lowpoly_plastic
0  -3.484426 -23.336012 -2.866739  -1.000000 0.000006 0.000000  0.075349 0.627009 1 64 1.000000
0  -3.484428 -23.418354 -2.848026  -1.000000 0.000028 0.000000  0.075349 0.627009 1 64 1.000000
0  -3.484426 -23.336012 -2.848026  -1.000000 0.000005 0.000000  0.075349 0.627009 1 64 1.000000
lowpoly_plastic
0  -4.061447 -19.459311 -3.803695  -0.060124 -0.766601 0.639303  0.075349 0.627009 1 64 1.000000
0  -4.078725 -19.376972 -3.706592  -0.060220 -0.766600 0.639295  0.075349 0.627009 1 64 1.000000
0  -4.078721 -19.459316 -3.805326  -0.060115 -0.766601 0.639304  0.075349 0.627009 1 64 1.000000
lowpoly_plastic
0  -4.078722 -19.624004 -3.706592  -0.060512 0.766542 0.639337  0.075349 0.627009 1 64 1.000000
0  -4.061447 -19.541656 -3.803695  -0.060427 0.766549 0.639337  0.075349 0.627009 1 64 1.000000
0  -4.078722 -19.541658 -3.805326  -0.060419 0.766550 0.639337  0.075349 0.627009 1 64 1.000000
lowpoly_plastic
0  -3.790038 -23.418352 -2.872808  -0.000095 1.000000 -0.000150  0.075349 0.627009 1 64 1.000000
0  -3.801982 -23.418354 -2.860615  -0.000294 1.000000 -0.000240  0.075349 0.627009 1 64 1.000000
0  -3.795751 -23.418348 -2.848026  -0.000128 1.000000 -0.000297  0.075349 0.627009 1 64 1.000000
lowpoly_plastic
0  -3.484425 -20.490248 -2.866738  -1.000000 -0.000019 0.000000  0.075349 0.627009 1 64 1.000000
0  -3.484425 -20.572592 -2.848028  -1.000000 0.000000 0.000000  0.075349 0.627009 1 64 1.000000
0  -3.484425 -20.490248 -2.848027  -1.000000 -0.000019 0.000000  0.075349 0.627009 1 64 1.000000
lowpoly_plastic
0  -3.484426 -22.697033 -2.866739  -1.000000 0.000058 0.000000  0.075349 0.627009 1 64 1.000000
0  -3.484431 -22.779371 -2.848028  -1.000000 -0.000006 0.000000  0.075349 0.627009 1 64 1.000000
0  -3.484426 -22.697033 -2.848028  -1.000000 0.000058 0.000000  0.075349 0.627009 1 64 1.000000
lowpoly_plastic
0  -4.061451 -22.779371 -3.803696  -0.060289 -0.766575 0.639319  0.075349 0.627009 1 64 1.000000
0  -4.078723 -22.697029 -3.706593  -0.060461 -0.766582 0.639294  0.075349 0.627009 1 64 1.000000
0  -4.078727 -22.779373 -3.805327  -0.060272 -0.766574 0.639321  0.075349 0.627009 1 64 1.000000
lowpoly_plastic
0  -3.790036 -22.222740 -2.872810  -0.000041 -1.000000 0.000084  0.075349 0.627009 1 64 1.000000
0  -3.484424 -22.222736 -2.848028  0.000012 -1.000000 0.000006  0.075349 0.627009 1 64 1.000000
0  -3.795751 -22.222734 -2.848028  0.000030 -1.000000 0.000171  0.075349 0.627009 1 64 1.000000
lowpoly_plastic
0  -3.790037 -21.046883 -2.872808  0.000001 1.000000 -0.000068  0.075349 0.627009 1 64 1.000000
0  -3.801986 -21.046883 -2.860615  0.000004 1.000000 -0.000080  0.075349 0.627009 1 64 1.000000
0  -3.795748 -21.046883 -2.848028  -0.000008 1.000000 -0.000126  0.075349 0.627009 1 64 1.000000
lowpoly_plastic
0  -3.790040 -20.799850 -2.872809  0.000184 -1.000000 -0.000115  0.075349 0.627009 1 64 1.000000
0  -3.801983 -20.799856 -2.860614  0.000378 -1.000000 0.000005  0.075349 0.627009 1 64 1.000000
0  -4.078721 -20.799850 -3.419491  -0.000186 -1.000000 0.000096  0.075349 0.627009 1 64 1.000000
lowpoly_plastic
0  -3.790041 -23.645618 -2.872808  0.000100 -1.000000 0.000099  0.075349 0.627009 1 64 1.000000
0  -3.484427 -23.645615 -2.848026  0.000012 -1.000000 0.000013  0.075349 0.627009 1 64 1.000000
0  -3.795753 -23.645615 -2.848026  0.000140 -1.000000 0.000164  0.075349 0.627009 1 64 1.000000
lowpoly_plastic
0  -4.078726 -21.995468 -3.706592  -0.060186 0.766590 0.639310  0.075349 0.627009 1 64 1.000000
0  -4.061446 -21.913128 -3.803695  -0.060183 0.766587 0.639314  0.075349 0.627009 1 64 1.000000
0  -4.078725 -21.913124 -3.805326  -0.060182 0.766586 0.639315  0.075349 0.627009 1 64 1.000000
lowpoly_plastic
0  -3.484430 -20.799858 -2.866738  -1.000000 -0.000037 -0.000029  0.075349 0.627009 1 64 1.000000
0  -3.484427 -20.882193 -2.848028  -1.000000 -0.000030 -0.000189  0.075349 0.627009 1 64 1.000000
0  -3.484430 -20.799858 -2.848028  -1.000000 -0.000029 0.000000  0.075349 0.627009 1 64 1.000000
lowpoly_plastic
0  -3.790034 -21.274145 -2.872808  0.000118 -1.000000 -0.000143  0.075349 0.627009 1 64 1.000000
0  -3.801987 -21.274149 -2.860615  0.000149 -1.000000 -0.000122  0.075349 0.627009 1 64 1.000000
0  -4.078721 -21.274147 -3.419491  0.000118 -1.000000 -0.000097  0.075349 0.627009 1 64 1.000000
lowpoly_plastic
0  -3.484427 -23.253662 -2.866739  -1.000000 -0.000024 0.000000  0.075349 0.627009 1 64 1.000000
0  -3.484426 -23.336012 -2.848026  -1.000000 0.000005 0.000000  0.075349 0.627009 1 64 1.000000
0  -3.484427 -23.253662 -2.848026  -1.000000 -0.000023 0.000000  0.075349 0.627009 1 64 1.000000
lowpoly_plastic
0  -3.484423 -20.882198 -2.866738  -1.000000 -0.000031 -0.000189  0.075349 0.627009 1 64 1.000000
0  -3.484428 -20.964539 -2.848028  -1.000000 0.000002 -0.000014  0.075349 0.627009 1 64 1.000000
0  -3.484427 -20.882193 -2.848028  -1.000000 -0.000030 -0.000189  0.075349 0.627009 1 64 1.000000
lowpoly_plastic
0  -4.061445 -21.830784 -3.803695  -0.060266 -0.766605 0.639284  0.075349 0.627009 1 64 1.000000
0  -4.078724 -21.748446 -3.706592  -0.060093 -0.766582 0.639328  0.075349 0.627009 1 64 1.000000
0  -4.078718 -21.830786 -3.805326  -0.060283 -0.766608 0.639280  0.075349 0.627009 1 64 1.000000
lowpoly_plastic
0  -4.078725 -20.572588 -3.706592  -0.060130 0.766576 0.639332  0.075349 0.627009 1 64 1.000000
0  -4.061445 -20.490246 -3.803695  -0.060158 0.766569 0.639337  0.075349 0.627009 1 64 1.000000
0  -4.078722 -20.490242 -3.805326  -0.060160 0.766569 0.639338  0.075349 0.627009 1 64 1.000000
lowpoly_plastic
0  -4.061449 -24.202257 -3.803696  -0.060562 -0.766568 0.639300  0.075349 0.627009 1 64 1.000000
0  -4.078727 -24.119909 -3.706593  -0.060407 -0.766566 0.639318  0.075349 0.627009 1 64 1.000000
0  -4.078729 -24.202251 -3.805327  -0.060578 -0.766569 0.639299  0.075349 0.627009 1 64 1.000000
lowpoly_plastic
0  -4.078726 -21.046885 -3.706592  -0.060546 0.766571 0.639299  0.075349 0.627009 1 64 1.000000
0  -4.061449 -20.964537 -3.803695  -0.060517 0.766549 0.639329  0.075349 0.627009 1 64 1.000000
0  -4.078724 -20.964540 -3.805326  -0.060514 0.766546 0.639332  0.075349 0.627009 1 64 1.000000
lowpoly_plastic
0  -4.061453 -24.594206 -3.704963  -0.000117 -1.000000 -0.000001  0.075349 0.627009 1 64 1.000000
0  -4.078721 -24.594204 -3.448854  -0.000245 -1.000000 0.000148  0.075349 0.627009 1 64 1.000000
0  -4.078721 -24.594204 -3.706593  -0.000110 -1.000000 0.000000  0.075349 0.627009 1 64 1.000000
lowpoly_plastic
0  -3.790040 -24.594204 -2.872808  -0.000105 -1.000000 -0.000181  0.075349 0.627009 1 64 1.000000
0  -3.801988 -24.594202 -2.860616  -0.000296 -1.000000 -0.000160  0.075349 0.627009 1 64 1.000000
0  -4.078726 -24.594196 -3.419492  -0.000329 -1.000000 0.000222  0.075349 0.627009 1 64 1.000000
lowpoly_plastic
0  -3.484426 -21.913128 -2.866738  -1.000000 -0.000013 0.000000  0.075349 0.627009 1 64 1.000000
0  -3.484428 -21.995472 -2.848028  -1.000000 0.000028 0.000000  0.075349 0.627009 1 64 1.000000
0  -3.484426 -21.913128 -2.848028  -1.000000 -0.000015 0.000000  0.075349 0.627009 1 64 1.000000
lowpoly_plastic
0  -4.061449 -19.933609 -3.803695  -0.060180 -0.766582 0.639320  0.075349 0.627009 1 64 1.000000
0  -4.078721 -19.851267 -3.706592  -0.060246 -0.766559 0.639342  0.075349 0.627009 1 64 1.000000
0  -4.078721 -19.933613 -3.805326  -0.060174 -0.766585 0.639318  0.075349 0.627009 1 64 1.000000
lowpoly_plastic
0  -3.790038 -23.171324 -2.872808  -0.000078 -1.000000 -0.000051  0.075349 0.627009 1 64 1.000000
0  -3.801985 -23.171322 -2.860615  -0.000229 -1.000000 -0.000085  0.075349 0.627009 1 64 1.000000
0  -4.078726 -23.171326 -3.419492  0.000172 -1.000000 -0.000063  0.075349 0.627009 1 64 1.000000
lowpoly_plastic
0  -3.801988 -24.594202 -2.860616  -0.896079 0.000016 0.443894  0.075349 0.627009 1 64 1.000000
0  -3.795747 -24.366940 -2.848026  -0.896088 0.000018 0.443877  0.075349 0.627009 1 64 1.000000
0  -3.801983 -24.366938 -2.860615  -0.896121 0.000018 0.443809  0.075349 0.627009 1 64 1.000000
lowpoly_plastic
0  -3.795748 -24.119907 -2.848026  -0.896084 -0.000005 0.443885  0.075349 0.627009 1 64 1.000000
0  -3.795750 -23.892647 -2.848026  -0.896114 -0.000007 0.443825  0.075349 0.627009 1 64 1.000000
0  -3.801986 -23.892651 -2.860615  -0.896131 -0.000002 0.443789  0.075349 0.627009 1 64 1.000000
lowpoly_plastic
0  -3.801986 -23.645620 -2.860615  -0.896172 0.000009 0.443707  0.075349 0.627009 1 64 1.000000
0  -3.801982 -23.418354 -2.860615  -0.896197 0.000015 0.443657  0.075349 0.627009 1 64 1.000000
0  -4.078724 -23.418356 -3.419492  -0.896155 -0.000009 0.443742  0.075349 0.627009 1 64 1.000000
lowpoly_plastic
0  -3.801985 -23.171322 -2.860615  -0.896136 -0.000012 0.443780  0.075349 0.627009 1 64 1.000000
0  -3.801987 -22.944057 -2.860615  -0.896159 -0.000013 0.443732  0.075349 0.627009 1 64 1.000000
0  -4.078722 -22.944057 -3.419492  -0.896151 0.000010 0.443750  0.075349 0.627009 1 64 1.000000
lowpoly_plastic
0  -3.801988 -22.697029 -2.860615  -0.896120 0.000006 0.443811  0.075349 0.627009 1 64 1.000000
0  -3.801986 -22.469763 -2.860615  -0.896123 0.000007 0.443806  0.075349 0.627009 1 64 1.000000
0  -4.078722 -22.469761 -3.419492  -0.896155 0.000004 0.443742  0.075349 0.627009 1 64 1.000000
lowpoly_plastic
0  -3.801985 -22.222738 -2.860615  -0.896147 0.000010 0.443758  0.075349 0.627009 1 64 1.000000
0  -3.795749 -21.995468 -2.848028  -0.896184 0.000016 0.443683  0.075349 0.627009 1 64 1.000000
0  -3.801981 -21.995470 -2.860615  -0.896167 0.000012 0.443716  0.075349 0.627009 1 64 1.000000
lowpoly_plastic
0  -3.801983 -21.748440 -2.860615  -0.896176 -0.000009 0.443699  0.075349 0.627009 1 64 1.000000
0  -3.801986 -21.521179 -2.860615  -0.896187 -0.000011 0.443677  0.075349 0.627009 1 64 1.000000
0  -4.078720 -21.521177 -3.419491  -0.896149 0.000011 0.443753  0.075349 0.627009 1 64 1.000000
lowpoly_plastic
0  -3.801987 -21.274149 -2.860615  -0.896115 0.000009 0.443821  0.075349 0.627009 1 64 1.000000
0  -3.801986 -21.046883 -2.860615  -0.896093 0.000007 0.443866  0.075349 0.627009 1 64 1.000000
0  -4.078723 -21.046875 -3.419491  -0.896155 -0.000004 0.443742  0.075349 0.627009 1 64 1.000000
lowpoly_plastic
0  -3.801983 -20.799856 -2.860614  -0.896165 0.000004 0.443720  0.075349 0.627009 1 64 1.000000
0  -3.795752 -20.572590 -2.848027  -0.896325 0.000013 0.443397  0.075349 0.627009 1 64 1.000000
0  -3.801979 -20.572590 -2.860614  -0.896242 0.000011 0.443565  0.075349 0.627009 1 64 1.000000
lowpoly_plastic
0  -3.801981 -20.325562 -2.860614  -0.896246 0.000004 0.443556  0.075349 0.627009 1 64 1.000000
0  -3.795750 -20.098293 -2.848027  -0.896141 -0.000010 0.443769  0.075349 0.627009 1 64 1.000000
0  -3.801984 -20.098297 -2.860614  -0.896140 -0.000008 0.443771  0.075349 0.627009 1 64 1.000000
lowpoly_plastic
0  -3.801985 -19.851267 -2.860616  -0.896109 0.000003 0.443834  0.075349 0.627009 1 64 1.000000
0  -3.801982 -19.624001 -2.860616  -0.896172 0.000014 0.443708  0.075349 0.627009 1 64 1.000000
0  -4.078722 -19.624004 -3.419493  -0.896154 -0.000002 0.443743  0.075349 0.627009 1 64 1.000000
lowpoly_plastic
0  -3.801983 -19.376968 -2.860614  -0.896125 -0.000000 0.443801  0.075349 0.627009 1 64 1.000000
0  -3.795752 -17.075520 -2.848026  -0.896154 -0.000001 0.443743  0.075349 0.627009 1 64 1.000000
0  -4.078721 -17.075523 -3.419492  -0.896154 -0.000000 0.443744  0.075349 0.627009 1 64 1.000000
lowpoly_plastic
0  -3.484428 -20.407906 -2.866738  -1.000000 -0.000005 0.000000  0.075349 0.627009 1 64 1.000000
0  -3.484425 -20.490248 -2.848027  -1.000000 -0.000019 0.000000  0.075349 0.627009 1 64 1.000000
0  -3.484428 -20.407906 -2.848027  -1.000000 -0.000006 0.000000  0.075349 0.627009 1 64 1.000000
lowpoly_plastic
0  -3.790035 -20.325562 -2.872807  0.000005 -1.000000 0.000000  0.075349 0.627009 1 64 1.000000
0  -3.484426 -20.325563 -2.848027  -0.000007 -1.000000 0.000000  0.075349 0.627009 1 64 1.000000
0  -3.795755 -20.325560 -2.848027  0.000027 -1.000000 0.000000  0.075349 0.627009 1 64 1.000000
lowpoly_plastic
0  -4.078721 -24.284595 -3.805327  -0.093960 -0.000004 0.995576  0.075349 0.627009 1 64 1.000000
0  -4.061449 -24.202257 -3.803696  -0.093979 -0.000008 0.995574  0.075349 0.627009 1 64 1.000000
0  -4.078729 -24.202251 -3.805327  -0.093983 -0.000009 0.995574  0.075349 0.627009 1 64 1.000000
lowpoly_plastic
0  -4.061448 -23.253662 -3.803696  -0.060028 -0.766582 0.639335  0.075349 0.627009 1 64 1.000000
0  -4.078726 -23.171326 -3.706593  -0.060140 -0.766578 0.639329  0.075349 0.627009 1 64 1.000000
0  -4.078720 -23.253670 -3.805327  -0.060017 -0.766582 0.639336  0.075349 0.627009 1 64 1.000000
lowpoly_plastic
0  -4.061450 -23.810305 -3.803696  -0.093973 0.000003 0.995575  0.075349 0.627009 1 64 1.000000
0  -4.078725 -23.727955 -3.805327  -0.093977 0.000003 0.995574  0.075349 0.627009 1 64 1.000000
0  -4.078728 -23.810301 -3.805327  -0.093972 0.000003 0.995575  0.075349 0.627009 1 64 1.000000
lowpoly_plastic
0  -3.790039 -22.469761 -2.872810  -0.000049 1.000000 0.000099  0.075349 0.627009 1 64 1.000000
0  -3.801986 -22.469763 -2.860615  -0.000043 1.000000 0.000240  0.075349 0.627009 1 64 1.000000
0  -3.795750 -22.469765 -2.848026  -0.000009 1.000000 0.000215  0.075349 0.627009 1 64 1.000000
lowpoly_plastic
0  -3.484426 -23.727962 -2.848026  -1.000000 0.000019 0.000000  0.075349 0.627009 1 64 1.000000
0  -3.484430 -23.810307 -2.866739  -1.000000 -0.000014 0.000000  0.075349 0.627009 1 64 1.000000
0  -3.484430 -23.810307 -2.848026  -1.000000 -0.000015 0.000000  0.075349 0.627009 1 64 1.000000
lowpoly_plastic
0  -4.061449 -24.758890 -3.803696  -0.094022 0.000001 0.995570  0.075349 0.627009 1 64 1.000000
0  -4.078723 -24.676548 -3.805327  -0.093983 0.000002 0.995574  0.075349 0.627009 1 64 1.000000
0  -4.078724 -24.758892 -3.805327  -0.094029 0.000001 0.995569  0.075349 0.627009 1 64 1.000000
lowpoly_plastic
0  -3.484427 -24.676548 -2.848027  -1.000000 -0.000010 0.000000  0.075349 0.627009 1 64 1.000000
0  -3.484429 -24.758890 -2.866739  -1.000000 0.000020 0.000000  0.075349 0.627009 1 64 1.000000
0  -3.484429 -24.758890 -2.848027  -1.000000 0.000020 0.000000  0.075349 0.627009 1 64 1.000000
lowpoly_plastic
0  -3.790040 -19.851269 -2.872807  -0.000067 -1.000000 0.000041  0.075349 0.627009 1 64 1.000000
0  -3.801985 -19.851267 -2.860616  -0.000168 -1.000000 0.000037  0.075349 0.627009 1 64 1.000000
0  -4.078721 -19.851267 -3.419493  0.000168 -1.000000 -0.000064  0.075349 0.627009 1 64 1.000000
lowpoly_plastic
0  -3.790036 -21.748444 -2.872808  -0.000108 -1.000000 0.000149  0.075349 0.627009 1 64 1.000000
0  -3.484428 -21.748442 -2.848028  0.000005 -1.000000 0.000019  0.075349 0.627009 1 64 1.000000
0  -3.795751 -21.748438 -2.848028  -0.000045 -1.000000 0.000245  0.075349 0.627009 1 64 1.000000
lowpoly_plastic
0  -4.061445 -19.851265 -3.704962  0.000117 -1.000000 0.000000  0.075349 0.627009 1 64 1.000000
0  -4.078721 -19.851267 -3.448853  0.000234 -1.000000 0.000000  0.075349 0.627009 1 64 1.000000
0  -4.078721 -19.851267 -3.706592  0.000110 -1.000000 0.000000  0.075349 0.627009 1 64 1.000000
lowpoly_plastic
0  -3.790036 -24.366940 -2.872810  0.000071 1.000000 -0.000001  0.075349 0.627009 1 64 1.000000
0  -3.801983 -24.366938 -2.860615  0.000167 1.000000 0.000000  0.075349 0.627009 1 64 1.000000
0  -3.795747 -24.366940 -2.848026  0.000067 1.000000 0.000000  0.075349 0.627009 1 64 1.000000
lowpoly_plastic
0  -4.078726 -24.841234 -3.706593  -0.060343 0.766570 0.639320  0.075349 0.627009 1 64 1.000000
0  -4.061449 -24.758890 -3.803696  -0.060415 0.766564 0.639319  0.075349 0.627009 1 64 1.000000
0  -4.078724 -24.758892 -3.805327  -0.060422 0.766564 0.639319  0.075349 0.627009 1 64 1.000000
lowpoly_plastic
0  -3.484430 -23.171322 -2.866739  -1.000000 -0.000030 0.000000  0.075349 0.627009 1 64 1.000000
0  -3.484427 -23.253662 -2.848026  -1.000000 -0.000023 0.000000  0.075349 0.627009 1 64 1.000000
0  -3.484430 -23.171322 -2.848026  -1.000000 -0.000029 0.000000  0.075349 0.627009 1 64 1.000000
lowpoly_plastic
0  -4.061451 -23.171322 -3.704963  0.000222 -1.000000 0.000001  0.075349 0.627009 1 64 1.000000
0  -4.078726 -23.171326 -3.448854  0.000236 -1.000000 0.000010  0.075349 0.627009 1 64 1.000000
0  -4.078726 -23.171326 -3.706593  0.000221 -1.000000 0.000000  0.075349 0.627009 1 64 1.000000
lowpoly_plastic
0  -3.484426 -19.933609 -2.848027  -1.000000 0.000024 0.000000  0.075349 0.627009 1 64 1.000000
0  -3.484428 -20.015955 -2.866738  -1.000000 -0.000015 0.000000  0.075349 0.627009 1 64 1.000000
0  -3.484428 -20.015955 -2.848027  -1.000000 -0.000015 0.000000  0.075349 0.627009 1 64 1.000000
lowpoly_plastic
0  -3.790037 -24.841234 -2.872811  0.000074 1.000000 -0.000008  0.075349 0.627009 1 64 1.000000
0  -3.801986 -24.841232 -2.860616  0.000168 1.000000 0.000037  0.075349 0.627009 1 64 1.000000
0  -3.795750 -24.841234 -2.848027  0.000071 1.000000 -0.000082  0.075349 0.627009 1 64 1.000000
lowpoly_plastic
0  -3.790037 -20.098299 -2.872807  0.000037 1.000000 -0.000158  0.075349 0.627009 1 64 1.000000
0  -3.801984 -20.098297 -2.860614  -0.000016 1.000000 -0.000117  0.075349 0.627009 1 64 1.000000
0  -3.795750 -20.098293 -2.848027  -0.000034 1.000000 -0.000208  0.075349 0.627009 1 64 1.000000
lowpoly_plastic
0  -4.061449 -20.015955 -3.803695  -0.093951 0.000005 0.995577  0.075349 0.627009 1 64 1.000000
0  -4.078721 -19.933613 -3.805326  -0.093985 0.000001 0.995574  0.075349 0.627009 1 64 1.000000
0  -4.078726 -20.015949 -3.805326  -0.093945 0.000006 0.995577  0.075349 0.627009 1 64 1.000000
lowpoly_plastic
0  -4.078721 -23.892645 -3.706593  -0.060215 0.766575 0.639325  0.075349 0.627009 1 64 1.000000
0  -4.061450 -23.810305 -3.803696  -0.060162 0.766575 0.639331  0.075349 0.627009 1 64 1.000000
0  -4.078728 -23.810301 -3.805327  -0.060157 0.766575 0.639331  0.075349 0.627009 1 64 1.000000
lowpoly_plastic
0  -4.061448 -21.274145 -3.704962  0.000113 -1.000000 0.000000  0.075349 0.627009 1 64 1.000000
0  -4.078721 -21.274147 -3.448853  0.000157 -1.000000 0.000000  0.075349 0.627009 1 64 1.000000
0  -4.078721 -21.274147 -3.706592  0.000110 -1.000000 0.000000  0.075349 0.627009 1 64 1.000000
lowpoly_plastic
0  -3.790040 -21.521179 -2.872810  -0.000037 1.000000 -0.000083  0.075349 0.627009 1 64 1.000000
0  -3.801986 -21.521179 -2.860615  -0.000186 1.000000 -0.000160  0.075349 0.627009 1 64 1.000000
0  -3.795755 -21.521173 -2.848028  -0.000100 1.000000 -0.000171  0.075349 0.627009 1 64 1.000000
lowpoly_plastic
0  -3.484426 -20.325563 -2.866738  -1.000000 0.000021 0.000000  0.075349 0.627009 1 64 1.000000
0  -3.484428 -20.407906 -2.848027  -1.000000 -0.000006 0.000000  0.075349 0.627009 1 64 1.000000
0  -3.484426 -20.325563 -2.848027  -1.000000 0.000019 0.000000  0.075349 0.627009 1 64 1.000000
lowpoly_plastic
0  -3.790037 -20.572586 -2.872807  -0.000117 1.000000 0.000125  0.075349 0.627009 1 64 1.000000
0  -3.801979 -20.572590 -2.860614  -0.000211 1.000000 0.000112  0.075349 0.627009 1 64 1.000000
0  -3.795752 -20.572590 -2.848027  -0.000068 1.000000 0.000000  0.075349 0.627009 1 64 1.000000
lowpoly_plastic
0  -3.484430 -21.830788 -2.848028  -1.000000 -0.000010 0.000000  0.075349 0.627009 1 64 1.000000
0  -3.484426 -21.913128 -2.866738  -1.000000 -0.000013 0.000000  0.075349 0.627009 1 64 1.000000
0  -3.484426 -21.913128 -2.848028  -1.000000 -0.000015 0.000000  0.075349 0.627009 1 64 1.000000
lowpoly_plastic
0  -4.078722 -22.944057 -3.706593  -0.060416 0.766560 0.639324  0.075349 0.627009 1 64 1.000000
0  -4.061448 -22.861712 -3.803696  -0.060427 0.766558 0.639326  0.075349 0.627009 1 64 1.000000
0  -4.078721 -22.861713 -3.805327  -0.060428 0.766558 0.639326  0.075349 0.627009 1 64 1.000000
lowpoly_plastic
0  -3.484429 -24.202257 -2.866739  -1.000000 0.000010 0.000000  0.075349 0.627009 1 64 1.000000
0  -3.484430 -24.284592 -2.848027  -1.000000 0.000000 0.000000  0.075349 0.627009 1 64 1.000000
0  -3.484429 -24.202257 -2.848027  -1.000000 0.000010 0.000000  0.075349 0.627009 1 64 1.000000
lowpoly_plastic
0  -4.078722 -22.469761 -3.706593  -0.060365 0.766596 0.639287  0.075349 0.627009 1 64 1.000000
0  -4.061448 -22.387424 -3.803696  -0.060206 0.766604 0.639291  0.075349 0.627009 1 64 1.000000
0  -4.078725 -22.387421 -3.805327  -0.060190 0.766605 0.639291  0.075349 0.627009 1 64 1.000000
lowpoly_plastic
0  -3.484425 -22.305079 -2.866738  -1.000000 0.000019 0.000000  0.075349 0.627009 1 64 1.000000
0  -3.484427 -22.387424 -2.848028  -1.000000 0.000001 0.000000  0.075349 0.627009 1 64 1.000000
0  -3.484425 -22.305079 -2.848028  -1.000000 0.000019 0.000000  0.075349 0.627009 1 64 1.000000
lowpoly_plastic
0  -4.061447 -22.697033 -3.704963  -0.000213 -1.000000 0.000001  0.075349 0.627009 1 64 1.000000
0  -4.078723 -22.697029 -3.448854  -0.000082 -1.000000 0.000010  0.075349 0.627009 1 64 1.000000
0  -4.078723 -22.697029 -3.706593  -0.000221 -1.000000 0.000000  0.075349 0.627009 1 64 1.000000
lowpoly_plastic
0  -3.484427 -23.645615 -2.848026  -1.000000 -0.000010 0.000000  0.075349 0.627009 1 64 1.000000
0  -3.484426 -23.727962 -2.866739  -1.000000 0.000019 0.000000  0.075349 0.627009 1 64 1.000000
0  -3.484426 -23.727962 -2.848026  -1.000000 0.000019 0.000000  0.075349 0.627009 1 64 1.000000
lowpoly_plastic
0  -3.484430 -21.356491 -2.866738  -1.000000 0.000017 -0.000025  0.075349 0.627009 1 64 1.000000
0  -3.484431 -21.438835 -2.848028  -1.000000 -0.000066 -0.000331  0.075349 0.627009 1 64 1.000000
0  -3.484430 -21.356491 -2.848028  -1.000000 0.000025 0.000000  0.075349 0.627009 1 64 1.000000
lowpoly_plastic
0  -3.484428 -21.748442 -2.866738  -1.000000 0.000019 0.000000  0.075349 0.627009 1 64 1.000000
0  -3.484430 -21.830788 -2.848028  -1.000000 -0.000010 0.000000  0.075349 0.627009 1 64 1.000000
0  -3.484428 -21.748442 -2.848028  -1.000000 0.000019 0.000000  0.075349 0.627009 1 64 1.000000
lowpoly_plastic
0  -2.956861 -24.841236 -2.872808  0.908144 -0.000008 0.418657  0.064370 0.664198 1 64 1.000000
0  -2.692342 -24.758886 -3.446575  0.908135 0.000020 0.418678  0.064370 0.664198 1 64 1.000000
0  -2.956861 -24.758894 -2.872808  0.908142 -0.000018 0.418662  0.064370 0.664198 1 64 1.000000
lowpoly_plastic
0  -3.262473 -24.841230 -2.866739  0.019856 -0.000000 0.999803  0.064370 0.664198 1 64 1.000000
0  -2.956861 -24.758894 -2.872808  0.019855 -0.000000 0.999803  0.064370 0.664198 1 64 1.000000
0  -3.262471 -24.758888 -2.866739  0.019855 -0.000000 0.999803  0.064370 0.664198 1 64 1.000000
lowpoly_plastic
0  -2.692342 -24.758886 -3.446575  0.999547 0.023111 0.019285  0.064370 0.664198 1 64 1.000000
0  -2.685452 -24.841230 -3.704964  0.999547 0.023111 0.019285  0.064370 0.664198 1 64 1.000000
0  -2.685452 -24.758888 -3.803697  0.999547 0.023111 0.019285  0.064370 0.664198 1 64 1.000000
lowpoly_plastic
0  -2.668176 -24.841232 -3.448855  0.000003 1.000000 0.000000  0.075349 0.627009 1 64 1.000000
0  -2.685452 -24.841230 -3.704964  0.000104 1.000000 0.000000  0.075349 0.627009 1 64 1.000000
0  -2.692342 -24.841232 -3.446575  -0.000001 1.000000 -0.000015  0.075349 0.627009 1 64 1.000000
lowpoly_plastic
0  -2.668176 -24.841232 -3.419493  -0.000006 1.000000 -0.000034  0.075349 0.627009 1 64 1.000000
0  -2.668176 -24.841232 -3.448855  0.000003 1.000000 0.000000  0.075349 0.627009 1 64 1.000000
0  -2.692342 -24.841232 -3.446575  -0.000001 1.000000 -0.000015  0.075349 0.627009 1 64 1.000000
lowpoly_plastic
0  -2.692346 -24.676544 -3.446575  0.999645 -0.000073 0.026650  0.064370 0.664198 1 64 1.000000
0  -2.685452 -24.594208 -3.704964  0.999645 -0.000073 0.026650  0.064370 0.664198 1 64 1.000000
0  -2.692340 -24.594210 -3.446575  0.999645 -0.000073 0.026650  0.064370 0.664198 1 64 1.000000
lowpoly_plastic
0  -2.692342 -24.758886 -3.446575  0.999814 0.000040 0.019297  0.064370 0.664198 1 64 1.000000
0  -2.685452 -24.676550 -3.803697  0.999814 0.000017 0.019292  0.064370 0.664198 1 64 1.000000
0  -2.692346 -24.676544 -3.446575  0.999814 0.000045 0.019298  0.064370 0.664198 1 64 1.000000
lowpoly_plastic
0  -3.262473 -24.676550 -2.866739  0.019855 0.000000 0.999803  0.064370 0.664198 1 64 1.000000
0  -2.956864 -24.594204 -2.872808  0.019854 0.000001 0.999803  0.064370 0.664198 1 64 1.000000
0  -3.262470 -24.594206 -2.866739  0.019856 -0.000001 0.999803  0.064370 0.664198 1 64 1.000000
lowpoly_plastic
0  -3.262471 -24.758888 -2.866739  0.019855 -0.000000 0.999803  0.064370 0.664198 1 64 1.000000
0  -2.956858 -24.676548 -2.872808  0.019854 0.000001 0.999803  0.064370 0.664198 1 64 1.000000
0  -3.262473 -24.676550 -2.866739  0.019855 0.000000 0.999803  0.064370 0.664198 1 64 1.000000
lowpoly_plastic
0  -2.956858 -24.676548 -2.872808  0.908137 0.000015 0.418672  0.064370 0.664198 1 64 1.000000
0  -2.692340 -24.594210 -3.446575  0.908146 -0.000053 0.418653  0.064370 0.664198 1 64 1.000000
0  -2.956864 -24.594204 -2.872808  0.908135 0.000073 0.418677  0.064370 0.664198 1 64 1.000000
lowpoly_plastic
0  -2.956861 -24.758894 -2.872808  0.908142 -0.000018 0.418662  0.064370 0.664198 1 64 1.000000
0  -2.692346 -24.676544 -3.446575  0.908142 -0.000014 0.418662  0.064370 0.664198 1 64 1.000000
0  -2.956858 -24.676548 -2.872808  0.908137 0.000015 0.418672  0.064370 0.664198 1 64 1.000000
lowpoly_plastic
0  -2.956862 -24.366938 -2.872808  0.908138 -0.000013 0.418672  0.064370 0.664198 1 64 1.000000
0  -2.692342 -24.284601 -3.446575  0.908134 0.000014 0.418679  0.064370 0.664198 1 64 1.000000
0  -2.956861 -24.284595 -2.872808  0.908135 0.000009 0.418677  0.064370 0.664198 1 64 1.000000
lowpoly_plastic
0  -3.262470 -24.366940 -2.866739  0.019855 0.000001 0.999803  0.064370 0.664198 1 64 1.000000
0  -2.956861 -24.284595 -2.872808  0.019856 0.000000 0.999803  0.064370 0.664198 1 64 1.000000
0  -3.262473 -24.284597 -2.866739  0.019855 0.000000 0.999803  0.064370 0.664198 1 64 1.000000
lowpoly_plastic
0  -2.692342 -24.284601 -3.446575  0.999545 0.023180 0.019283  0.064370 0.664198 1 64 1.000000
0  -2.685448 -24.366940 -3.704964  0.999545 0.023180 0.019283  0.064370 0.664198 1 64 1.000000
0  -2.685452 -24.284599 -3.803697  0.999545 0.023180 0.019283  0.064370 0.664198 1 64 1.000000
lowpoly_plastic
0  -2.668175 -24.366938 -3.448855  -0.000157 1.000000 -0.000002  0.075349 0.627009 1 64 1.000000
0  -2.685448 -24.366940 -3.704964  -0.000113 1.000000 -0.000000  0.075349 0.627009 1 64 1.000000
0  -2.692337 -24.366941 -3.446575  -0.000139 1.000000 -0.000032  0.075349 0.627009 1 64 1.000000
lowpoly_plastic
0  -2.668175 -24.366938 -3.419493  -0.000113 1.000000 -0.000063  0.075349 0.627009 1 64 1.000000
0  -2.668175 -24.366938 -3.448855  -0.000157 1.000000 -0.000002  0.075349 0.627009 1 64 1.000000
0  -2.692337 -24.366941 -3.446575  -0.000139 1.000000 -0.000032  0.075349 0.627009 1 64 1.000000
lowpoly_plastic
0  -2.692341 -24.202257 -3.446574  0.999645 -0.000022 0.026659  0.064370 0.664198 1 64 1.000000
0  -2.685448 -24.119911 -3.704963  0.999645 -0.000022 0.026659  0.064370 0.664198 1 64 1.000000
0  -2.692339 -24.119911 -3.446574  0.999645 -0.000022 0.026659  0.064370 0.664198 1 64 1.000000
lowpoly_plastic
0  -2.692341 -24.202257 -3.446574  0.999814 -0.000012 0.019287  0.064370 0.664198 1 64 1.000000
0  -2.685452 -24.284599 -3.803697  0.999814 -0.000012 0.019288  0.064370 0.664198 1 64 1.000000
0  -2.685452 -24.202255 -3.803697  0.999814 -0.000012 0.019288  0.064370 0.664198 1 64 1.000000
lowpoly_plastic
0  -3.262472 -24.202255 -2.866739  0.019856 -0.000000 0.999803  0.064370 0.664198 1 64 1.000000
0  -2.956862 -24.119911 -2.872808  0.019855 -0.000001 0.999803  0.064370 0.664198 1 64 1.000000
0  -3.262469 -24.119911 -2.866739  0.019856 -0.000001 0.999803  0.064370 0.664198 1 64 1.000000
lowpoly_plastic
0  -3.262472 -24.202255 -2.866739  0.019856 -0.000000 0.999803  0.064370 0.664198 1 64 1.000000
0  -2.956861 -24.284595 -2.872808  0.019856 0.000000 0.999803  0.064370 0.664198 1 64 1.000000
0  -2.956864 -24.202253 -2.872808  0.019856 0.000000 0.999803  0.064370 0.664198 1 64 1.000000
lowpoly_plastic
0  -2.956864 -24.202253 -2.872808  0.908132 0.000009 0.418685  0.064370 0.664198 1 64 1.000000
0  -2.692339 -24.119911 -3.446574  0.908140 -0.000019 0.418666  0.064370 0.664198 1 64 1.000000
0  -2.956862 -24.119911 -2.872808  0.908131 -0.000023 0.418686  0.064370 0.664198 1 64 1.000000
lowpoly_plastic
0  -2.956861 -24.284595 -2.872808  0.908135 0.000009 0.418677  0.064370 0.664198 1 64 1.000000
0  -2.692341 -24.202257 -3.446574  0.908139 -0.000015 0.418668  0.064370 0.664198 1 64 1.000000
0  -2.956864 -24.202253 -2.872808  0.908132 0.000009 0.418685  0.064370 0.664198 1 64 1.000000
lowpoly_plastic
0  -2.956860 -23.892643 -2.872808  0.908122 0.000049 0.418705  0.064370 0.664198 1 64 1.000000
0  -2.692339 -23.810305 -3.446574  0.908141 -0.000004 0.418663  0.064370 0.664198 1 64 1.000000
0  -2.956864 -23.810303 -2.872808  0.908130 0.000013 0.418689  0.064370 0.664198 1 64 1.000000
lowpoly_plastic
0  -3.262473 -23.892647 -2.866739  0.019857 -0.000005 0.999803  0.064370 0.664198 1 64 1.000000
0  -2.956864 -23.810303 -2.872808  0.019857 -0.000000 0.999803  0.064370 0.664198 1 64 1.000000
0  -3.262470 -23.810303 -2.866739  0.019857 -0.000003 0.999803  0.064370 0.664198 1 64 1.000000
lowpoly_plastic
0  -2.692339 -23.810305 -3.446574  0.999547 0.023101 0.019282  0.064370 0.664198 1 64 1.000000
0  -2.685452 -23.892647 -3.704963  0.999547 0.023101 0.019282  0.064370 0.664198 1 64 1.000000
0  -2.685450 -23.810305 -3.803696  0.999547 0.023101 0.019282  0.064370 0.664198 1 64 1.000000
lowpoly_plastic
0  -2.668178 -23.892647 -3.448854  -0.000154 1.000000 0.000010  0.075349 0.627009 1 64 1.000000
0  -2.685452 -23.892647 -3.704963  -0.000009 1.000000 0.000001  0.075349 0.627009 1 64 1.000000
0  -2.692341 -23.892651 -3.446574  -0.000137 1.000000 -0.000007  0.075349 0.627009 1 64 1.000000
lowpoly_plastic
0  -2.668178 -23.892647 -3.419492  -0.000111 1.000000 -0.000033  0.075349 0.627009 1 64 1.000000
0  -2.668178 -23.892647 -3.448854  -0.000154 1.000000 0.000010  0.075349 0.627009 1 64 1.000000
0  -2.692341 -23.892651 -3.446574  -0.000137 1.000000 -0.000007  0.075349 0.627009 1 64 1.000000
lowpoly_plastic
0  -2.692340 -23.727959 -3.446574  0.999645 0.000034 0.026651  0.064370 0.664198 1 64 1.000000
0  -2.685453 -23.645617 -3.704963  0.999645 0.000034 0.026651  0.064370 0.664198 1 64 1.000000
0  -2.692343 -23.645618 -3.446574  0.999645 0.000034 0.026651  0.064370 0.664198 1 64 1.000000
lowpoly_plastic
0  -2.692339 -23.810305 -3.446574  0.999814 0.000009 0.019291  0.064370 0.664198 1 64 1.000000
0  -2.685449 -23.727959 -3.803696  0.999814 -0.000009 0.019289  0.064370 0.664198 1 64 1.000000
0  -2.692340 -23.727959 -3.446574  0.999814 0.000012 0.019292  0.064370 0.664198 1 64 1.000000
lowpoly_plastic
0  -3.262476 -23.645615 -2.866739  0.019857 0.000001 0.999803  0.064370 0.664198 1 64 1.000000
0  -2.956861 -23.727957 -2.872808  0.019857 -0.000001 0.999803  0.064370 0.664198 1 64 1.000000
0  -2.956858 -23.645618 -2.872808  0.019856 -0.000001 0.999803  0.064370 0.664198 1 64 1.000000
lowpoly_plastic
0  -3.262468 -23.727959 -2.866739  0.019857 0.000001 0.999803  0.064370 0.664198 1 64 1.000000
0  -2.956864 -23.810303 -2.872808  0.019857 -0.000000 0.999803  0.064370 0.664198 1 64 1.000000
0  -2.956861 -23.727957 -2.872808  0.019857 -0.000001 0.999803  0.064370 0.664198 1 64 1.000000
lowpoly_plastic
0  -2.956861 -23.727957 -2.872808  0.908141 -0.000034 0.418665  0.064370 0.664198 1 64 1.000000
0  -2.692343 -23.645618 -3.446574  0.908130 0.000026 0.418689  0.064370 0.664198 1 64 1.000000
0  -2.956858 -23.645618 -2.872808  0.908145 -0.000041 0.418656  0.064370 0.664198 1 64 1.000000
lowpoly_plastic
0  -2.956864 -23.810303 -2.872808  0.908130 0.000013 0.418689  0.064370 0.664198 1 64 1.000000
0  -2.692340 -23.727959 -3.446574  0.908135 0.000019 0.418677  0.064370 0.664198 1 64 1.000000
0  -2.956861 -23.727957 -2.872808  0.908141 -0.000034 0.418665  0.064370 0.664198 1 64 1.000000
lowpoly_plastic
0  -2.956859 -23.418358 -2.872808  0.908148 0.000011 0.418649  0.064370 0.664198 1 64 1.000000
0  -2.692340 -23.336008 -3.446574  0.908133 0.000006 0.418682  0.064370 0.664198 1 64 1.000000
0  -2.956860 -23.336010 -2.872808  0.908145 -0.000002 0.418656  0.064370 0.664198 1 64 1.000000
lowpoly_plastic
0  -3.262472 -23.418348 -2.866739  0.019855 -0.000000 0.999803  0.064370 0.664198 1 64 1.000000
0  -2.956860 -23.336010 -2.872808  0.019854 -0.000000 0.999803  0.064370 0.664198 1 64 1.000000
0  -3.262471 -23.336004 -2.866739  0.019856 -0.000000 0.999803  0.064370 0.664198 1 64 1.000000
lowpoly_plastic
0  -2.692340 -23.336008 -3.446574  0.999547 0.023113 0.019283  0.064370 0.664198 1 64 1.000000
0  -2.685452 -23.418348 -3.704963  0.999547 0.023113 0.019283  0.064370 0.664198 1 64 1.000000
0  -2.685451 -23.336006 -3.803696  0.999547 0.023113 0.019283  0.064370 0.664198 1 64 1.000000
lowpoly_plastic
0  -2.668173 -23.418354 -3.448854  0.000162 1.000000 0.000012  0.075349 0.627009 1 64 1.000000
0  -2.685452 -23.418348 -3.704963  0.000322 1.000000 0.000001  0.075349 0.627009 1 64 1.000000
0  -2.692342 -23.418350 -3.446574  0.000137 1.000000 0.000025  0.075349 0.627009 1 64 1.000000
lowpoly_plastic
0  -2.668173 -23.418354 -3.419492  0.000108 1.000000 0.000032  0.075349 0.627009 1 64 1.000000
0  -2.668173 -23.418354 -3.448854  0.000162 1.000000 0.000012  0.075349 0.627009 1 64 1.000000
0  -2.692342 -23.418350 -3.446574  0.000137 1.000000 0.000025  0.075349 0.627009 1 64 1.000000
lowpoly_plastic
0  -2.692343 -23.253666 -3.446574  0.999644 -0.000011 0.026666  0.064370 0.664198 1 64 1.000000
0  -2.685449 -23.171326 -3.704963  0.999644 -0.000011 0.026666  0.064370 0.664198 1 64 1.000000
0  -2.692342 -23.171324 -3.446574  0.999644 -0.000011 0.026666  0.064370 0.664198 1 64 1.000000
lowpoly_plastic
0  -2.692343 -23.253666 -3.446574  0.999814 0.000033 0.019288  0.064370 0.664198 1 64 1.000000
0  -2.685451 -23.336006 -3.803696  0.999814 0.000036 0.019287  0.064370 0.664198 1 64 1.000000
0  -2.685453 -23.253664 -3.803696  0.999814 0.000036 0.019287  0.064370 0.664198 1 64 1.000000
lowpoly_plastic
0  -3.262470 -23.253672 -2.866739  0.019856 -0.000000 0.999803  0.064370 0.664198 1 64 1.000000
0  -2.956861 -23.171326 -2.872808  0.019854 0.000001 0.999803  0.064370 0.664198 1 64 1.000000
0  -3.262468 -23.171326 -2.866739  0.019857 -0.000000 0.999803  0.064370 0.664198 1 64 1.000000
lowpoly_plastic
0  -3.262471 -23.336004 -2.866739  0.019856 -0.000000 0.999803  0.064370 0.664198 1 64 1.000000
0  -2.956858 -23.253666 -2.872808  0.019854 0.000000 0.999803  0.064370 0.664198 1 64 1.000000
0  -3.262470 -23.253672 -2.866739  0.019856 -0.000000 0.999803  0.064370 0.664198 1 64 1.000000
lowpoly_plastic
0  -2.956858 -23.253666 -2.872808  0.908141 0.000007 0.418663  0.064370 0.664198 1 64 1.000000
0  -2.692342 -23.171324 -3.446574  0.908136 -0.000005 0.418676  0.064370 0.664198 1 64 1.000000
0  -2.956861 -23.171326 -2.872808  0.908142 0.000041 0.418663  0.064370 0.664198 1 64 1.000000
lowpoly_plastic
0  -2.956860 -23.336010 -2.872808  0.908145 -0.000002 0.418656  0.064370 0.664198 1 64 1.000000
0  -2.692343 -23.253666 -3.446574  0.908133 0.000009 0.418682  0.064370 0.664198 1 64 1.000000
0  -2.956858 -23.253666 -2.872808  0.908141 0.000007 0.418663  0.064370 0.664198 1 64 1.000000
lowpoly_plastic
0  -2.956860 -22.944059 -2.872808  0.908129 0.000052 0.418691  0.064370 0.664198 1 64 1.000000
0  -2.692344 -22.861717 -3.446574  0.908139 0.000003 0.418669  0.064370 0.664198 1 64 1.000000
0  -2.956864 -22.861719 -2.872808  0.908131 0.000009 0.418686  0.064370 0.664198 1 64 1.000000
lowpoly_plastic
0  -3.262476 -22.944057 -2.866739  0.019856 -0.000001 0.999803  0.064370 0.664198 1 64 1.000000
0  -2.956864 -22.861719 -2.872808  0.019855 0.000000 0.999803  0.064370 0.664198 1 64 1.000000
0  -3.262470 -22.861719 -2.866739  0.019856 -0.000001 0.999803  0.064370 0.664198 1 64 1.000000
lowpoly_plastic
0  -2.692344 -22.861717 -3.446574  0.999546 0.023147 0.019296  0.064370 0.664198 1 64 1.000000
0  -2.685449 -22.944054 -3.704963  0.999546 0.023147 0.019296  0.064370 0.664198 1 64 1.000000
0  -2.685450 -22.861719 -3.803696  0.999546 0.023147 0.019296  0.064370 0.664198 1 64 1.000000
lowpoly_plastic
0  -2.668178 -22.944061 -3.448854  0.000242 1.000000 0.000005  0.075349 0.627009 1 64 1.000000
0  -2.685449 -22.944054 -3.704963  0.000430 1.000000 0.000001  0.075349 0.627009 1 64 1.000000
0  -2.692338 -22.944056 -3.446574  0.000209 1.000000 0.000034  0.075349 0.627009 1 64 1.000000
lowpoly_plastic
0  -2.668178 -22.944061 -3.419492  0.000174 1.000000 0.000065  0.075349 0.627009 1 64 1.000000
0  -2.668178 -22.944061 -3.448854  0.000242 1.000000 0.000005  0.075349 0.627009 1 64 1.000000
0  -2.692338 -22.944056 -3.446574  0.000209 1.000000 0.000034  0.075349 0.627009 1 64 1.000000
lowpoly_plastic
0  -2.692338 -22.779373 -3.446574  0.999645 -0.000011 0.026657  0.064370 0.664198 1 64 1.000000
0  -2.685447 -22.697029 -3.704963  0.999645 -0.000011 0.026657  0.064370 0.664198 1 64 1.000000
0  -2.692337 -22.697029 -3.446574  0.999645 -0.000011 0.026657  0.064370 0.664198 1 64 1.000000
lowpoly_plastic
0  -2.692338 -22.779373 -3.446574  0.999814 -0.000061 0.019299  0.064370 0.664198 1 64 1.000000
0  -2.685450 -22.861719 -3.803696  0.999814 -0.000020 0.019289  0.064370 0.664198 1 64 1.000000
0  -2.685449 -22.779371 -3.803696  0.999814 -0.000012 0.019287  0.064370 0.664198 1 64 1.000000
lowpoly_plastic
0  -3.262471 -22.779373 -2.866739  0.019855 0.000000 0.999803  0.064370 0.664198 1 64 1.000000
0  -2.956860 -22.697031 -2.872808  0.019856 -0.000000 0.999803  0.064370 0.664198 1 64 1.000000
0  -3.262474 -22.697031 -2.866739  0.019855 0.000001 0.999803  0.064370 0.664198 1 64 1.000000
lowpoly_plastic
0  -3.262470 -22.861719 -2.866739  0.019856 -0.000001 0.999803  0.064370 0.664198 1 64 1.000000
0  -2.956861 -22.779375 -2.872808  0.019855 -0.000000 0.999803  0.064370 0.664198 1 64 1.000000
0  -3.262471 -22.779373 -2.866739  0.019855 0.000000 0.999803  0.064370 0.664198 1 64 1.000000
lowpoly_plastic
0  -2.956860 -22.697031 -2.872808  0.908135 -0.000022 0.418677  0.064370 0.664198 1 64 1.000000
0  -2.692338 -22.779373 -3.446574  0.908137 -0.000035 0.418673  0.064370 0.664198 1 64 1.000000
0  -2.692337 -22.697029 -3.446574  0.908139 -0.000009 0.418669  0.064370 0.664198 1 64 1.000000
lowpoly_plastic
0  -2.956861 -22.779375 -2.872808  0.908135 -0.000029 0.418677  0.064370 0.664198 1 64 1.000000
0  -2.692344 -22.861717 -3.446574  0.908139 0.000003 0.418669  0.064370 0.664198 1 64 1.000000
0  -2.692338 -22.779373 -3.446574  0.908137 -0.000035 0.418673  0.064370 0.664198 1 64 1.000000
lowpoly_plastic
0  -2.956864 -22.469767 -2.872808  0.908132 -0.000032 0.418684  0.064370 0.664198 1 64 1.000000
0  -2.692338 -22.387423 -3.446574  0.908139 -0.000021 0.418669  0.064370 0.664198 1 64 1.000000
0  -2.956861 -22.387421 -2.872808  0.908132 -0.000021 0.418684  0.064370 0.664198 1 64 1.000000
lowpoly_plastic
0  -3.262471 -22.469765 -2.866739  0.019857 -0.000000 0.999803  0.064370 0.664198 1 64 1.000000
0  -2.956861 -22.387421 -2.872808  0.019857 -0.000000 0.999803  0.064370 0.664198 1 64 1.000000
0  -3.262469 -22.387421 -2.866739  0.019855 0.000000 0.999803  0.064370 0.664198 1 64 1.000000
lowpoly_plastic
0  -2.692338 -22.387423 -3.446574  0.999547 0.023118 0.019280  0.064370 0.664198 1 64 1.000000
0  -2.685450 -22.469769 -3.704963  0.999547 0.023118 0.019280  0.064370 0.664198 1 64 1.000000
0  -2.685450 -22.387421 -3.803696  0.999547 0.023118 0.019280  0.064370 0.664198 1 64 1.000000
lowpoly_plastic
0  -2.668178 -22.469763 -3.448854  -0.000162 1.000000 -0.000002  0.075349 0.627009 1 64 1.000000
0  -2.685450 -22.469769 -3.704963  -0.000322 1.000000 -0.000000  0.075349 0.627009 1 64 1.000000
0  -2.692341 -22.469767 -3.446574  -0.000141 1.000000 -0.000017  0.075349 0.627009 1 64 1.000000
lowpoly_plastic
0  -2.668178 -22.469763 -3.419492  -0.000121 1.000000 -0.000034  0.075349 0.627009 1 64 1.000000
0  -2.668178 -22.469763 -3.448854  -0.000162 1.000000 -0.000002  0.075349 0.627009 1 64 1.000000
0  -2.692341 -22.469767 -3.446574  -0.000141 1.000000 -0.000017  0.075349 0.627009 1 64 1.000000
lowpoly_plastic
0  -2.692337 -22.305080 -3.446574  0.999645 0.000050 0.026654  0.064370 0.664198 1 64 1.000000
0  -2.685452 -22.222736 -3.704963  0.999645 0.000050 0.026654  0.064370 0.664198 1 64 1.000000
0  -2.692341 -22.222736 -3.446574  0.999645 0.000050 0.026654  0.064370 0.664198 1 64 1.000000
lowpoly_plastic
0  -2.692338 -22.387423 -3.446574  0.999814 -0.000000 0.019270  0.064370 0.664198 1 64 1.000000
0  -2.685455 -22.305080 -3.803696  0.999814 0.000057 0.019282  0.064370 0.664198 1 64 1.000000
0  -2.692337 -22.305080 -3.446574  0.999814 -0.000012 0.019268  0.064370 0.664198 1 64 1.000000
lowpoly_plastic
0  -3.262475 -22.305080 -2.866739  0.019855 0.000000 0.999803  0.064370 0.664198 1 64 1.000000
0  -2.956865 -22.222734 -2.872808  0.019856 0.000001 0.999803  0.064370 0.664198 1 64 1.000000
0  -3.262471 -22.222736 -2.866739  0.019856 -0.000001 0.999803  0.064370 0.664198 1 64 1.000000
lowpoly_plastic
0  -3.262469 -22.387421 -2.866739  0.019855 0.000000 0.999803  0.064370 0.664198 1 64 1.000000
0  -2.956861 -22.305075 -2.872808  0.019856 0.000001 0.999803  0.064370 0.664198 1 64 1.000000
0  -3.262475 -22.305080 -2.866739  0.019855 0.000000 0.999803  0.064370 0.664198 1 64 1.000000
lowpoly_plastic
0  -2.956861 -22.305075 -2.872808  0.908136 0.000022 0.418675  0.064370 0.664198 1 64 1.000000
0  -2.692341 -22.222736 -3.446574  0.908136 0.000042 0.418675  0.064370 0.664198 1 64 1.000000
0  -2.956865 -22.222734 -2.872808  0.908141 0.000055 0.418663  0.064370 0.664198 1 64 1.000000
lowpoly_plastic
0  -2.956861 -22.387421 -2.872808  0.908132 -0.000021 0.418684  0.064370 0.664198 1 64 1.000000
0  -2.692337 -22.305080 -3.446574  0.908138 0.000014 0.418672  0.064370 0.664198 1 64 1.000000
0  -2.956861 -22.305075 -2.872808  0.908136 0.000022 0.418675  0.064370 0.664198 1 64 1.000000
lowpoly_plastic
0  -2.956861 -21.913124 -2.872808  0.908134 -0.000011 0.418679  0.064370 0.664198 1 64 1.000000
0  -2.692340 -21.995472 -3.446574  0.908133 -0.000019 0.418682  0.064370 0.664198 1 64 1.000000
0  -2.692338 -21.913126 -3.446574  0.908139 0.000014 0.418668  0.064370 0.664198 1 64 1.000000
lowpoly_plastic
0  -3.262470 -21.995468 -2.866738  0.019856 0.000001 0.999803  0.064370 0.664198 1 64 1.000000
0  -2.956861 -21.913124 -2.872808  0.019857 -0.000000 0.999803  0.064370 0.664198 1 64 1.000000
0  -3.262474 -21.913128 -2.866738  0.019856 0.000000 0.999803  0.064370 0.664198 1 64 1.000000
lowpoly_plastic
0  -2.692338 -21.913126 -3.446574  0.999547 0.023139 0.019268  0.064370 0.664198 1 64 1.000000
0  -2.685451 -21.995470 -3.704963  0.999547 0.023139 0.019268  0.064370 0.664198 1 64 1.000000
0  -2.685453 -21.913128 -3.803696  0.999547 0.023139 0.019268  0.064370 0.664198 1 64 1.000000
lowpoly_plastic
0  -2.668175 -21.995468 -3.448854  -0.000157 1.000000 -0.000002  0.075349 0.627009 1 64 1.000000
0  -2.685451 -21.995470 -3.704963  -0.000113 1.000000 -0.000000  0.075349 0.627009 1 64 1.000000
0  -2.692340 -21.995472 -3.446574  -0.000139 1.000000 -0.000017  0.075349 0.627009 1 64 1.000000
lowpoly_plastic
0  -2.668175 -21.995468 -3.419492  -0.000113 1.000000 -0.000033  0.075349 0.627009 1 64 1.000000
0  -2.668175 -21.995468 -3.448854  -0.000157 1.000000 -0.000002  0.075349 0.627009 1 64 1.000000
0  -2.692340 -21.995472 -3.446574  -0.000139 1.000000 -0.000017  0.075349 0.627009 1 64 1.000000
lowpoly_plastic
0  -2.692343 -21.830786 -3.446574  0.999645 -0.000022 0.026652  0.064370 0.664198 1 64 1.000000
0  -2.685452 -21.748440 -3.704963  0.999645 -0.000022 0.026652  0.064370 0.664198 1 64 1.000000
0  -2.692341 -21.748440 -3.446574  0.999645 -0.000022 0.026652  0.064370 0.664198 1 64 1.000000
lowpoly_plastic
0  -2.692338 -21.913126 -3.446574  0.999814 0.000047 0.019289  0.064370 0.664198 1 64 1.000000
0  -2.685452 -21.830784 -3.803696  0.999814 0.000001 0.019277  0.064370 0.664198 1 64 1.000000
0  -2.692343 -21.830786 -3.446574  0.999814 0.000057 0.019291  0.064370 0.664198 1 64 1.000000
lowpoly_plastic
0  -3.262472 -21.830782 -2.866738  0.019856 -0.000001 0.999803  0.064370 0.664198 1 64 1.000000
0  -2.956861 -21.748446 -2.872808  0.019857 -0.000005 0.999803  0.064370 0.664198 1 64 1.000000
0  -3.262471 -21.748438 -2.866738  0.019856 -0.000000 0.999803  0.064370 0.664198 1 64 1.000000
lowpoly_plastic
0  -3.262474 -21.913128 -2.866738  0.019856 0.000000 0.999803  0.064370 0.664198 1 64 1.000000
0  -2.956861 -21.830788 -2.872808  0.019857 -0.000003 0.999803  0.064370 0.664198 1 64 1.000000
0  -3.262472 -21.830782 -2.866738  0.019856 -0.000001 0.999803  0.064370 0.664198 1 64 1.000000
lowpoly_plastic
0  -2.956861 -21.748446 -2.872808  0.908138 -0.000014 0.418671  0.064370 0.664198 1 64 1.000000
0  -2.692343 -21.830786 -3.446574  0.908142 0.000016 0.418662  0.064370 0.664198 1 64 1.000000
0  -2.692341 -21.748440 -3.446574  0.908138 -0.000018 0.418672  0.064370 0.664198 1 64 1.000000
lowpoly_plastic
0  -2.956861 -21.830788 -2.872808  0.908137 -0.000005 0.418674  0.064370 0.664198 1 64 1.000000
0  -2.692338 -21.913126 -3.446574  0.908139 0.000014 0.418668  0.064370 0.664198 1 64 1.000000
0  -2.692343 -21.830786 -3.446574  0.908142 0.000016 0.418662  0.064370 0.664198 1 64 1.000000
lowpoly_plastic
0  -2.956861 -21.521173 -2.872808  0.908137 0.000014 0.418673  0.064370 0.664198 1 64 1.000000
0  -2.692344 -21.438833 -3.446574  0.908135 0.000013 0.418677  0.064370 0.664198 1 64 1.000000
0  -2.956862 -21.438839 -2.872808  0.908140 -0.000001 0.418667  0.064370 0.664198 1 64 1.000000
lowpoly_plastic
0  -3.262475 -21.521175 -2.866738  0.019856 -0.000000 0.999803  0.064370 0.664198 1 64 1.000000
0  -2.956862 -21.438839 -2.872808  0.019855 -0.000000 0.999803  0.064370 0.664198 1 64 1.000000
0  -3.262474 -21.438831 -2.866738  0.019856 -0.000001 0.999803  0.064370 0.664198 1 64 1.000000
lowpoly_plastic
0  -2.692344 -21.438833 -3.446574  0.999547 0.023114 0.019285  0.064370 0.664198 1 64 1.000000
0  -2.685454 -21.521175 -3.704963  0.999547 0.023114 0.019285  0.064370 0.664198 1 64 1.000000
0  -2.685453 -21.438831 -3.803696  0.999547 0.023114 0.019285  0.064370 0.664198 1 64 1.000000
lowpoly_plastic
0  -2.668177 -21.521179 -3.448854  0.000236 1.000000 -0.000007  0.075349 0.627009 1 64 1.000000
0  -2.685454 -21.521175 -3.704963  0.000222 1.000000 -0.000001  0.075349 0.627009 1 64 1.000000
0  -2.692337 -21.521173 -3.446574  0.000210 1.000000 0.000009  0.075349 0.627009 1 64 1.000000
lowpoly_plastic
0  -2.668177 -21.521179 -3.419492  0.000176 1.000000 0.000032  0.075349 0.627009 1 64 1.000000
0  -2.668177 -21.521179 -3.448854  0.000236 1.000000 -0.000007  0.075349 0.627009 1 64 1.000000
0  -2.692337 -21.521173 -3.446574  0.000210 1.000000 0.000009  0.075349 0.627009 1 64 1.000000
lowpoly_plastic
0  -2.692340 -21.356487 -3.446574  0.999645 -0.000028 0.026639  0.064370 0.664198 1 64 1.000000
0  -2.685452 -21.274153 -3.704963  0.999645 -0.000028 0.026639  0.064370 0.664198 1 64 1.000000
0  -2.692338 -21.274143 -3.446574  0.999645 -0.000028 0.026639  0.064370 0.664198 1 64 1.000000
lowpoly_plastic
0  -2.692344 -21.438833 -3.446574  0.999814 -0.000043 0.019287  0.064370 0.664198 1 64 1.000000
0  -2.685451 -21.356485 -3.803696  0.999814 -0.000038 0.019290  0.064370 0.664198 1 64 1.000000
0  -2.692340 -21.356487 -3.446574  0.999814 -0.000045 0.019287  0.064370 0.664198 1 64 1.000000
lowpoly_plastic
0  -3.262467 -21.356491 -2.866738  0.019856 -0.000000 0.999803  0.064370 0.664198 1 64 1.000000
0  -2.956861 -21.274149 -2.872808  0.019855 0.000000 0.999803  0.064370 0.664198 1 64 1.000000
0  -3.262472 -21.274153 -2.866738  0.019856 0.000001 0.999803  0.064370 0.664198 1 64 1.000000
lowpoly_plastic
0  -3.262474 -21.438831 -2.866738  0.019856 -0.000001 0.999803  0.064370 0.664198 1 64 1.000000
0  -2.956861 -21.356491 -2.872808  0.019855 -0.000000 0.999803  0.064370 0.664198 1 64 1.000000
0  -3.262467 -21.356491 -2.866738  0.019856 -0.000000 0.999803  0.064370 0.664198 1 64 1.000000
lowpoly_plastic
0  -2.956861 -21.356491 -2.872808  0.908140 -0.000010 0.418666  0.064370 0.664198 1 64 1.000000
0  -2.692338 -21.274143 -3.446574  0.908134 -0.000022 0.418681  0.064370 0.664198 1 64 1.000000
0  -2.956861 -21.274149 -2.872808  0.908138 -0.000009 0.418670  0.064370 0.664198 1 64 1.000000
lowpoly_plastic
0  -2.956862 -21.438839 -2.872808  0.908140 -0.000001 0.418667  0.064370 0.664198 1 64 1.000000
0  -2.692340 -21.356487 -3.446574  0.908136 -0.000031 0.418676  0.064370 0.664198 1 64 1.000000
0  -2.956861 -21.356491 -2.872808  0.908140 -0.000010 0.418666  0.064370 0.664198 1 64 1.000000
lowpoly_plastic
0  -2.956863 -21.046885 -2.872808  0.908135 -0.000042 0.418677  0.064370 0.664198 1 64 1.000000
0  -2.692337 -20.964542 -3.446574  0.908137 -0.000032 0.418674  0.064370 0.664198 1 64 1.000000
0  -2.956860 -20.964540 -2.872808  0.908135 -0.000025 0.418677  0.064370 0.664198 1 64 1.000000
lowpoly_plastic
0  -3.262473 -21.046877 -2.866738  0.019856 -0.000001 0.999803  0.064370 0.664198 1 64 1.000000
0  -2.956860 -20.964540 -2.872808  0.019855 -0.000001 0.999803  0.064370 0.664198 1 64 1.000000
0  -3.262467 -20.964540 -2.866738  0.019855 -0.000000 0.999803  0.064370 0.664198 1 64 1.000000
lowpoly_plastic
0  -2.692337 -20.964542 -3.446574  0.999548 0.023060 0.019285  0.064370 0.664198 1 64 1.000000
0  -2.685452 -21.046879 -3.704963  0.999548 0.023060 0.019285  0.064370 0.664198 1 64 1.000000
0  -2.685447 -20.964542 -3.803696  0.999548 0.023060 0.019285  0.064370 0.664198 1 64 1.000000
lowpoly_plastic
0  -2.668175 -21.046883 -3.448854  0.000082 1.000000 0.000010  0.075349 0.627009 1 64 1.000000
0  -2.685452 -21.046879 -3.704963  0.000213 1.000000 0.000001  0.075349 0.627009 1 64 1.000000
0  -2.692342 -21.046881 -3.446574  0.000069 1.000000 0.000008  0.075349 0.627009 1 64 1.000000
lowpoly_plastic
0  -2.668175 -21.046883 -3.419492  0.000056 1.000000 0.000001  0.075349 0.627009 1 64 1.000000
0  -2.668175 -21.046883 -3.448854  0.000082 1.000000 0.000010  0.075349 0.627009 1 64 1.000000
0  -2.692342 -21.046881 -3.446574  0.000069 1.000000 0.000008  0.075349 0.627009 1 64 1.000000
lowpoly_plastic
0  -2.692336 -20.882198 -3.446574  0.999645 0.000045 0.026656  0.064370 0.664198 1 64 1.000000
0  -2.685450 -20.799856 -3.704963  0.999645 0.000045 0.026656  0.064370 0.664198 1 64 1.000000
0  -2.692340 -20.799854 -3.446574  0.999645 0.000045 0.026656  0.064370 0.664198 1 64 1.000000
lowpoly_plastic
0  -2.692337 -20.964542 -3.446574  0.999814 -0.000002 0.019277  0.064370 0.664198 1 64 1.000000
0  -2.685452 -20.882200 -3.803696  0.999814 0.000047 0.019288  0.064370 0.664198 1 64 1.000000
0  -2.692336 -20.882198 -3.446574  0.999814 -0.000012 0.019274  0.064370 0.664198 1 64 1.000000
lowpoly_plastic
0  -3.262474 -20.882200 -2.866738  0.019855 0.000001 0.999803  0.064370 0.664198 1 64 1.000000
0  -2.956864 -20.799854 -2.872808  0.019856 0.000001 0.999803  0.064370 0.664198 1 64 1.000000
0  -3.262470 -20.799854 -2.866738  0.019856 -0.000001 0.999803  0.064370 0.664198 1 64 1.000000
lowpoly_plastic
0  -3.262467 -20.964540 -2.866738  0.019855 -0.000000 0.999803  0.064370 0.664198 1 64 1.000000
0  -2.956859 -20.882196 -2.872808  0.019855 0.000001 0.999803  0.064370 0.664198 1 64 1.000000
0  -3.262474 -20.882200 -2.866738  0.019855 0.000001 0.999803  0.064370 0.664198 1 64 1.000000
lowpoly_plastic
0  -2.956859 -20.882196 -2.872808  0.908134 0.000024 0.418681  0.064370 0.664198 1 64 1.000000
0  -2.692340 -20.799854 -3.446574  0.908140 0.000043 0.418668  0.064370 0.664198 1 64 1.000000
0  -2.956864 -20.799854 -2.872808  0.908131 0.000060 0.418686  0.064370 0.664198 1 64 1.000000
lowpoly_plastic
0  -2.956860 -20.964540 -2.872808  0.908135 -0.000025 0.418677  0.064370 0.664198 1 64 1.000000
0  -2.692336 -20.882198 -3.446574  0.908138 0.000016 0.418670  0.064370 0.664198 1 64 1.000000
0  -2.956859 -20.882196 -2.872808  0.908134 0.000024 0.418681  0.064370 0.664198 1 64 1.000000
lowpoly_plastic
0  -2.956861 -20.572590 -2.872808  0.908132 -0.000006 0.418684  0.064370 0.664198 1 64 1.000000
0  -2.692341 -20.490250 -3.446573  0.908137 0.000014 0.418673  0.064370 0.664198 1 64 1.000000
0  -2.956860 -20.490244 -2.872808  0.908132 0.000014 0.418685  0.064370 0.664198 1 64 1.000000
lowpoly_plastic
0  -3.262468 -20.572588 -2.866738  0.019855 0.000001 0.999803  0.064370 0.664198 1 64 1.000000
0  -2.956860 -20.490244 -2.872808  0.019856 0.000000 0.999803  0.064370 0.664198 1 64 1.000000
0  -3.262472 -20.490248 -2.866738  0.019855 0.000000 0.999803  0.064370 0.664198 1 64 1.000000
lowpoly_plastic
0  -2.692341 -20.490250 -3.446573  0.999546 0.023156 0.019282  0.064370 0.664198 1 64 1.000000
0  -2.685449 -20.572588 -3.704962  0.999546 0.023156 0.019282  0.064370 0.664198 1 64 1.000000
0  -2.685452 -20.490248 -3.803695  0.999546 0.023156 0.019282  0.064370 0.664198 1 64 1.000000
lowpoly_plastic
0  -2.668173 -20.572586 -3.448853  -0.000157 1.000000 0.000002  0.075349 0.627009 1 64 1.000000
0  -2.685449 -20.572588 -3.704962  -0.000113 1.000000 0.000000  0.075349 0.627009 1 64 1.000000
0  -2.692338 -20.572590 -3.446573  -0.000140 1.000000 -0.000028  0.075349 0.627009 1 64 1.000000
lowpoly_plastic
0  -2.668173 -20.572586 -3.419491  -0.000118 1.000000 -0.000064  0.075349 0.627009 1 64 1.000000
0  -2.668173 -20.572586 -3.448853  -0.000157 1.000000 0.000002  0.075349 0.627009 1 64 1.000000
0  -2.692338 -20.572590 -3.446573  -0.000140 1.000000 -0.000028  0.075349 0.627009 1 64 1.000000
lowpoly_plastic
0  -2.692341 -20.407904 -3.446573  0.999645 -0.000022 0.026652  0.064370 0.664198 1 64 1.000000
0  -2.685450 -20.325560 -3.704962  0.999645 -0.000022 0.026652  0.064370 0.664198 1 64 1.000000
0  -2.692339 -20.325562 -3.446573  0.999645 -0.000022 0.026652  0.064370 0.664198 1 64 1.000000
lowpoly_plastic
0  -2.692341 -20.490250 -3.446573  0.999814 -0.000002 0.019290  0.064370 0.664198 1 64 1.000000
0  -2.685451 -20.407904 -3.803695  0.999814 -0.000010 0.019288  0.064370 0.664198 1 64 1.000000
0  -2.692341 -20.407904 -3.446573  0.999814 0.000000 0.019290  0.064370 0.664198 1 64 1.000000
lowpoly_plastic
0  -3.262470 -20.407904 -2.866738  0.019856 -0.000003 0.999803  0.064370 0.664198 1 64 1.000000
0  -2.956861 -20.325558 -2.872808  0.019856 -0.000001 0.999803  0.064370 0.664198 1 64 1.000000
0  -3.262470 -20.325558 -2.866738  0.019858 -0.000006 0.999803  0.064370 0.664198 1 64 1.000000
lowpoly_plastic
0  -3.262472 -20.490248 -2.866738  0.019855 0.000000 0.999803  0.064370 0.664198 1 64 1.000000
0  -2.956863 -20.407902 -2.872808  0.019856 0.000000 0.999803  0.064370 0.664198 1 64 1.000000
0  -3.262470 -20.407904 -2.866738  0.019856 -0.000003 0.999803  0.064370 0.664198 1 64 1.000000
lowpoly_plastic
0  -2.956863 -20.407902 -2.872808  0.908130 0.000011 0.418688  0.064370 0.664198 1 64 1.000000
0  -2.692339 -20.325562 -3.446573  0.908141 -0.000023 0.418665  0.064370 0.664198 1 64 1.000000
0  -2.956861 -20.325558 -2.872808  0.908128 -0.000018 0.418693  0.064370 0.664198 1 64 1.000000
lowpoly_plastic
0  -2.956860 -20.490244 -2.872808  0.908132 0.000014 0.418685  0.064370 0.664198 1 64 1.000000
0  -2.692341 -20.407904 -3.446573  0.908140 -0.000010 0.418667  0.064370 0.664198 1 64 1.000000
0  -2.956863 -20.407902 -2.872808  0.908130 0.000011 0.418688  0.064370 0.664198 1 64 1.000000
lowpoly_plastic
0  -2.956858 -20.098291 -2.872808  0.908141 0.000061 0.418665  0.064370 0.664198 1 64 1.000000
0  -2.692339 -20.015953 -3.446573  0.908135 -0.000014 0.418676  0.064370 0.664198 1 64 1.000000
0  -2.956863 -20.015951 -2.872809  0.908136 0.000005 0.418676  0.064370 0.664198 1 64 1.000000
lowpoly_plastic
0  -3.262472 -20.098295 -2.866738  0.019862 0.000004 0.999803  0.064370 0.664198 1 64 1.000000
0  -2.956863 -20.015951 -2.872809  0.019861 -0.000005 0.999803  0.064370 0.664198 1 64 1.000000
0  -3.262472 -20.015951 -2.866738  0.019860 -0.000003 0.999803  0.064370 0.664198 1 64 1.000000
lowpoly_plastic
0  -2.692339 -20.015953 -3.446573  0.999547 0.023098 0.019279  0.064370 0.664198 1 64 1.000000
0  -2.685452 -20.098297 -3.704962  0.999547 0.023098 0.019279  0.064370 0.664198 1 64 1.000000
0  -2.685451 -20.015951 -3.803695  0.999547 0.023098 0.019279  0.064370 0.664198 1 64 1.000000
lowpoly_plastic
0  -2.668175 -20.098299 -3.448853  0.000080 1.000000 0.000000  0.075349 0.627009 1 64 1.000000
0  -2.685452 -20.098297 -3.704962  0.000109 1.000000 0.000000  0.075349 0.627009 1 64 1.000000
0  -2.692342 -20.098297 -3.446573  0.000073 1.000000 0.000015  0.075349 0.627009 1 64 1.000000
lowpoly_plastic
0  -2.668175 -20.098299 -3.419491  0.000065 1.000000 0.000034  0.075349 0.627009 1 64 1.000000
0  -2.668175 -20.098299 -3.448853  0.000080 1.000000 0.000000  0.075349 0.627009 1 64 1.000000
0  -2.692342 -20.098297 -3.446573  0.000073 1.000000 0.000015  0.075349 0.627009 1 64 1.000000
lowpoly_plastic
0  -2.692338 -19.933607 -3.446573  0.999645 0.000067 0.026655  0.064370 0.664198 1 64 1.000000
0  -2.685454 -19.851265 -3.704962  0.999645 0.000067 0.026655  0.064370 0.664198 1 64 1.000000
0  -2.692344 -19.851267 -3.446573  0.999645 0.000067 0.026655  0.064370 0.664198 1 64 1.000000
lowpoly_plastic
0  -2.692339 -20.015953 -3.446573  0.999814 -0.000016 0.019290  0.064370 0.664198 1 64 1.000000
0  -2.685448 -19.933607 -3.803695  0.999814 -0.000033 0.019286  0.064370 0.664198 1 64 1.000000
0  -2.692338 -19.933607 -3.446573  0.999814 -0.000012 0.019291  0.064370 0.664198 1 64 1.000000
lowpoly_plastic
0  -3.262468 -19.933605 -2.866738  0.019855 -0.000000 0.999803  0.064370 0.664198 1 64 1.000000
0  -2.956857 -19.851265 -2.872807  0.019856 -0.000000 0.999803  0.064370 0.664198 1 64 1.000000
0  -3.262470 -19.851271 -2.866738  0.019856 0.000000 0.999803  0.064370 0.664198 1 64 1.000000
lowpoly_plastic
0  -3.262472 -20.015951 -2.866738  0.019860 -0.000003 0.999803  0.064370 0.664198 1 64 1.000000
0  -2.956859 -19.933613 -2.872807  0.019859 -0.000013 0.999803  0.064370 0.664198 1 64 1.000000
0  -3.262468 -19.933605 -2.866738  0.019855 -0.000000 0.999803  0.064370 0.664198 1 64 1.000000
lowpoly_plastic
0  -2.956859 -19.933613 -2.872807  0.908134 -0.000040 0.418680  0.064370 0.664198 1 64 1.000000
0  -2.692344 -19.851267 -3.446573  0.908146 0.000057 0.418655  0.064370 0.664198 1 64 1.000000
0  -2.956857 -19.851265 -2.872807  0.908135 -0.000023 0.418677  0.064370 0.664198 1 64 1.000000
lowpoly_plastic
0  -2.956863 -20.015951 -2.872809  0.908136 0.000005 0.418676  0.064370 0.664198 1 64 1.000000
0  -2.692338 -19.933607 -3.446573  0.908139 0.000025 0.418669  0.064370 0.664198 1 64 1.000000
0  -2.956859 -19.933613 -2.872807  0.908134 -0.000040 0.418680  0.064370 0.664198 1 64 1.000000
lowpoly_plastic
0  -2.956860 -19.624004 -2.872807  0.908138 -0.000002 0.418670  0.064370 0.664198 1 64 1.000000
0  -2.692339 -19.541656 -3.446573  0.908135 -0.000011 0.418676  0.064370 0.664198 1 64 1.000000
0  -2.956860 -19.541658 -2.872807  0.908137 -0.000013 0.418674  0.064370 0.664198 1 64 1.000000
lowpoly_plastic
0  -3.262465 -19.541660 -2.866738  0.019855 -0.000000 0.999803  0.064370 0.664198 1 64 1.000000
0  -2.956860 -19.624004 -2.872807  0.019857 -0.000000 0.999803  0.064370 0.664198 1 64 1.000000
0  -2.956860 -19.541658 -2.872807  0.019856 -0.000000 0.999803  0.064370 0.664198 1 64 1.000000
lowpoly_plastic
0  -2.692339 -19.541656 -3.446573  0.999547 0.023121 0.019279  0.064370 0.664198 1 64 1.000000
0  -2.685451 -19.623999 -3.704962  0.999547 0.023121 0.019279  0.064370 0.664198 1 64 1.000000
0  -2.685451 -19.541655 -3.803695  0.999547 0.023121 0.019279  0.064370 0.664198 1 64 1.000000
lowpoly_plastic
0  -2.668173 -19.624001 -3.448853  0.000080 1.000000 0.000002  0.075349 0.627009 1 64 1.000000
0  -2.685451 -19.623999 -3.704962  0.000109 1.000000 0.000000  0.075349 0.627009 1 64 1.000000
0  -2.692341 -19.623999 -3.446573  0.000068 1.000000 0.000017  0.075349 0.627009 1 64 1.000000
lowpoly_plastic
0  -2.668173 -19.624001 -3.419491  0.000051 1.000000 0.000032  0.075349 0.627009 1 64 1.000000
0  -2.668173 -19.624001 -3.448853  0.000080 1.000000 0.000002  0.075349 0.627009 1 64 1.000000
0  -2.692341 -19.623999 -3.446573  0.000068 1.000000 0.000017  0.075349 0.627009 1 64 1.000000
lowpoly_plastic
0  -2.692339 -19.459312 -3.446573  0.999645 -0.000022 0.026652  0.064370 0.664198 1 64 1.000000
0  -2.685448 -19.376974 -3.704962  0.999645 -0.000022 0.026652  0.064370 0.664198 1 64 1.000000
0  -2.692337 -19.376976 -3.446573  0.999645 -0.000022 0.026652  0.064370 0.664198 1 64 1.000000
lowpoly_plastic
0  -2.692339 -19.541656 -3.446573  0.999814 -0.000009 0.019297  0.064370 0.664198 1 64 1.000000
0  -2.685446 -19.459318 -3.803695  0.999814 -0.000052 0.019287  0.064370 0.664198 1 64 1.000000
0  -2.692339 -19.459312 -3.446573  0.999814 0.000000 0.019299  0.064370 0.664198 1 64 1.000000
lowpoly_plastic
0  -3.262469 -19.459320 -2.866738  0.019855 0.000000 0.999803  0.064370 0.664198 1 64 1.000000
0  -2.956861 -19.376974 -2.872807  0.019855 0.000001 0.999803  0.064370 0.664198 1 64 1.000000
0  -3.262468 -19.376972 -2.866738  0.019854 -0.000000 0.999803  0.064370 0.664198 1 64 1.000000
lowpoly_plastic
0  -3.262465 -19.541660 -2.866738  0.019855 -0.000000 0.999803  0.064370 0.664198 1 64 1.000000
0  -2.956857 -19.459314 -2.872807  0.019856 0.000000 0.999803  0.064370 0.664198 1 64 1.000000
0  -3.262469 -19.459320 -2.866738  0.019855 0.000000 0.999803  0.064370 0.664198 1 64 1.000000
lowpoly_plastic
0  -2.956857 -19.459314 -2.872807  0.908138 0.000006 0.418671  0.064370 0.664198 1 64 1.000000
0  -2.692337 -19.376976 -3.446573  0.908137 -0.000017 0.418674  0.064370 0.664198 1 64 1.000000
0  -2.956861 -19.376974 -2.872807  0.908142 0.000046 0.418663  0.064370 0.664198 1 64 1.000000
lowpoly_plastic
0  -2.956860 -19.541658 -2.872807  0.908137 -0.000013 0.418674  0.064370 0.664198 1 64 1.000000
0  -2.692339 -19.459312 -3.446573  0.908136 -0.000013 0.418676  0.064370 0.664198 1 64 1.000000
0  -2.956857 -19.459314 -2.872807  0.908138 0.000006 0.418671  0.064370 0.664198 1 64 1.000000
lowpoly_plastic
0  -3.262474 -21.913128 -2.848028  0.000001 -0.000000 1.000000  0.075349 0.627009 1 64 1.000000
0  -3.262472 -21.830782 -2.848028  0.000000 -0.000000 1.000000  0.075349 0.627009 1 64 1.000000
0  -3.373453 -26.125582 -2.848027  0.000000 -0.000000 1.000000  0.075349 0.627009 1 64 1.000000
lowpoly_plastic
0  -2.668173 -17.075523 -3.878408  0.000000 -0.000000 -1.000000  0.075349 0.627009 1 64 1.000000
0  -2.815191 -26.125589 -3.878406  0.000000 -0.000000 -1.000000  0.075349 0.627009 1 64 1.000000
0  -2.815192 -17.075520 -3.878408  0.000000 -0.000000 -1.000000  0.075349 0.627009 1 64 1.000000
lowpoly_plastic
0  -2.815191 -26.125589 -3.878406  -0.000014 -1.000000 0.000000  0.075349 0.627009 1 64 1.000000
0  -2.668179 -26.125587 -3.419491  -0.000009 -1.000000 -0.000000  0.075349 0.627009 1 64 1.000000
0  -3.373453 -26.125582 -3.878406  -0.000000 -1.000000 0.000005  0.075349 0.627009 1 64 1.000000
lowpoly_plastic
0  -2.668175 -21.438835 -3.805327  1.000000 -0.000000 -0.000010  0.075349 0.627009 1 64 1.000000
0  -2.668177 -21.521179 -3.706593  1.000000 0.000008 0.000007  0.075349 0.627009 1 64 1.000000
0  -2.668175 -21.830786 -3.805327  1.000000 0.000002 -0.000038  0.075349 0.627009 1 64 1.000000
lowpoly_plastic
0  -2.668179 -26.125587 -3.419491  0.896151 0.000001 0.443749  0.075349 0.627009 1 64 1.000000
0  -2.944920 -24.841232 -2.860616  0.896253 -0.000002 0.443543  0.075349 0.627009 1 64 1.000000
0  -2.951150 -26.125584 -2.848027  0.896154 0.000002 0.443744  0.075349 0.627009 1 64 1.000000
lowpoly_plastic
0  -2.912131 -17.075518 -3.384395  0.000018 1.000000 0.000004  0.075349 0.627009 1 64 1.000000
0  -2.951147 -17.075521 -2.848027  0.000006 1.000000 0.000005  0.075349 0.627009 1 64 1.000000
0  -2.668173 -17.075523 -3.419492  0.000024 1.000000 0.000002  0.075349 0.627009 1 64 1.000000
lowpoly_plastic
0  -2.951148 -22.944059 -2.848026  0.000067 1.000000 0.000000  0.075349 0.627009 1 64 1.000000
0  -2.956860 -22.944059 -2.872808  0.000073 1.000000 0.000008  0.075349 0.627009 1 64 1.000000
0  -3.262472 -22.944061 -2.848026  0.000009 1.000000 0.000475  0.075349 0.627009 1 64 1.000000
lowpoly_plastic
0  -2.668171 -23.336010 -3.805327  0.093970 0.000003 0.995575  0.075349 0.627009 1 64 1.000000
0  -2.685453 -23.253664 -3.803696  0.093982 0.000004 0.995574  0.075349 0.627009 1 64 1.000000
0  -2.685451 -23.336006 -3.803696  0.093967 0.000003 0.995575  0.075349 0.627009 1 64 1.000000
lowpoly_plastic
0  -3.262472 -24.202255 -2.848027  1.000000 -0.000022 0.000000  0.075349 0.627009 1 64 1.000000
0  -3.262469 -24.119911 -2.866739  1.000000 -0.000034 0.000000  0.075349 0.627009 1 64 1.000000
0  -3.262469 -24.119911 -2.848027  1.000000 -0.000034 0.000000  0.075349 0.627009 1 64 1.000000
lowpoly_plastic
0  -2.668180 -22.222733 -3.448854  0.000159 -1.000000 -0.000002  0.075349 0.627009 1 64 1.000000
0  -2.685452 -22.222736 -3.704963  0.000217 -1.000000 -0.000000  0.075349 0.627009 1 64 1.000000
0  -2.668180 -22.222733 -3.706593  0.000221 -1.000000 0.000000  0.075349 0.627009 1 64 1.000000
lowpoly_plastic
0  -2.668176 -24.594204 -3.706594  0.060507 -0.766564 0.639311  0.075349 0.627009 1 64 1.000000
0  -2.685452 -24.676550 -3.803697  0.060436 -0.766574 0.639305  0.075349 0.627009 1 64 1.000000
0  -2.668180 -24.676548 -3.805328  0.060428 -0.766575 0.639305  0.075349 0.627009 1 64 1.000000
lowpoly_plastic
0  -3.262470 -19.623999 -2.848027  1.000000 -0.000046 0.000051  0.075349 0.627009 1 64 1.000000
0  -3.262465 -19.541660 -2.866738  1.000000 -0.000009 0.000306  0.075349 0.627009 1 64 1.000000
0  -3.262472 -19.541664 -2.848027  1.000000 -0.000010 0.000357  0.075349 0.627009 1 64 1.000000
lowpoly_plastic
0  -2.951143 -23.892651 -2.848027  -0.000131 1.000000 0.000423  0.075349 0.627009 1 64 1.000000
0  -2.956860 -23.892643 -2.872808  -0.000047 1.000000 0.000217  0.075349 0.627009 1 64 1.000000
0  -3.262473 -23.892647 -2.848027  -0.000011 1.000000 0.000019  0.075349 0.627009 1 64 1.000000
lowpoly_plastic
0  -3.262468 -23.171326 -2.848026  0.000000 -1.000000 0.000000  0.075349 0.627009 1 64 1.000000
0  -3.262468 -23.171326 -2.866739  0.000000 -1.000000 0.000000  0.075349 0.627009 1 64 1.000000
0  -2.956861 -23.171326 -2.872808  -0.000146 -1.000000 -0.000001  0.075349 0.627009 1 64 1.000000
lowpoly_plastic
0  -3.262468 -19.933605 -2.848027  1.000000 -0.000012 0.000000  0.075349 0.627009 1 64 1.000000
0  -3.262470 -19.851271 -2.866738  1.000000 0.000024 0.000000  0.075349 0.627009 1 64 1.000000
0  -3.262470 -19.851271 -2.848027  1.000000 0.000024 0.000000  0.075349 0.627009 1 64 1.000000
lowpoly_plastic
0  -3.262472 -20.098295 -2.848027  1.000000 0.000000 0.000000  0.075349 0.627009 1 64 1.000000
0  -3.262472 -20.015951 -2.866738  1.000000 -0.000024 0.000000  0.075349 0.627009 1 64 1.000000
0  -3.262472 -20.015951 -2.848027  1.000000 -0.000024 0.000000  0.075349 0.627009 1 64 1.000000
lowpoly_plastic
0  -2.668175 -21.830786 -3.805327  0.093936 -0.000001 0.995578  0.075349 0.627009 1 64 1.000000
0  -2.685453 -21.913128 -3.803696  0.093968 -0.000002 0.995575  0.075349 0.627009 1 64 1.000000
0  -2.668177 -21.913132 -3.805327  0.093973 -0.000002 0.995575  0.075349 0.627009 1 64 1.000000
lowpoly_plastic
0  -2.668180 -22.222733 -3.706593  0.060473 -0.766556 0.639324  0.075349 0.627009 1 64 1.000000
0  -2.685455 -22.305080 -3.803696  0.060203 -0.766550 0.639356  0.075349 0.627009 1 64 1.000000
0  -2.668176 -22.305084 -3.805327  0.060177 -0.766550 0.639359  0.075349 0.627009 1 64 1.000000
lowpoly_plastic
0  -2.668176 -22.305084 -3.805327  0.093970 0.000006 0.995575  0.075349 0.627009 1 64 1.000000
0  -2.685450 -22.387421 -3.803696  0.093991 0.000002 0.995573  0.075349 0.627009 1 64 1.000000
0  -2.668175 -22.387417 -3.805327  0.093995 0.000001 0.995573  0.075349 0.627009 1 64 1.000000
lowpoly_plastic
0  -3.262474 -22.697031 -2.848026  -0.000000 -1.000000 -0.000006  0.075349 0.627009 1 64 1.000000
0  -3.262474 -22.697031 -2.866739  0.000000 -1.000000 0.000000  0.075349 0.627009 1 64 1.000000
0  -2.956860 -22.697031 -2.872808  0.000088 -1.000000 -0.000025  0.075349 0.627009 1 64 1.000000
lowpoly_plastic
0  -3.262468 -19.376972 -2.848027  -0.000006 -1.000000 -0.000006  0.075349 0.627009 1 64 1.000000
0  -3.262468 -19.376972 -2.866738  -0.000006 -1.000000 0.000000  0.075349 0.627009 1 64 1.000000
0  -2.956861 -19.376974 -2.872807  -0.000073 -1.000000 -0.000066  0.075349 0.627009 1 64 1.000000
lowpoly_plastic
0  -3.262469 -19.459320 -2.848027  1.000000 0.000013 0.000025  0.075349 0.627009 1 64 1.000000
0  -3.262465 -19.541660 -2.866738  1.000000 -0.000009 0.000306  0.075349 0.627009 1 64 1.000000
0  -3.262469 -19.459320 -2.866738  1.000000 0.000019 0.000000  0.075349 0.627009 1 64 1.000000
lowpoly_plastic
0  -2.951143 -19.624001 -2.848027  -0.000068 1.000000 0.000000  0.075349 0.627009 1 64 1.000000
0  -2.956860 -19.624004 -2.872807  -0.000118 1.000000 -0.000041  0.075349 0.627009 1 64 1.000000
0  -3.262470 -19.623999 -2.848027  0.000018 1.000000 0.000000  0.075349 0.627009 1 64 1.000000
lowpoly_plastic
0  -2.668180 -22.222733 -3.419492  0.000117 -1.000000 0.000098  0.075349 0.627009 1 64 1.000000
0  -2.956865 -22.222734 -2.872808  0.000088 -1.000000 -0.000099  0.075349 0.627009 1 64 1.000000
0  -2.692341 -22.222736 -3.446574  0.000140 -1.000000 0.000043  0.075349 0.627009 1 64 1.000000
lowpoly_plastic
0  -2.668177 -21.521179 -3.706593  0.060482 0.766559 0.639320  0.075349 0.627009 1 64 1.000000
0  -2.685453 -21.438831 -3.803696  0.060498 0.766562 0.639314  0.075349 0.627009 1 64 1.000000
0  -2.685454 -21.521175 -3.704963  0.060480 0.766558 0.639320  0.075349 0.627009 1 64 1.000000
lowpoly_plastic
0  -3.262472 -21.274153 -2.848028  0.000013 -1.000000 0.000000  0.075349 0.627009 1 64 1.000000
0  -3.262472 -21.274153 -2.866738  0.000012 -1.000000 0.000000  0.075349 0.627009 1 64 1.000000
0  -2.956861 -21.274149 -2.872808  -0.000004 -1.000000 0.000049  0.075349 0.627009 1 64 1.000000
lowpoly_plastic
0  -3.262468 -24.758890 -2.848027  1.000000 0.000015 -0.000142  0.075349 0.627009 1 64 1.000000
0  -3.262473 -24.841230 -2.866739  1.000000 -0.000053 -0.000022  0.075349 0.627009 1 64 1.000000
0  -3.262471 -24.758888 -2.866739  1.000000 0.000015 -0.000142  0.075349 0.627009 1 64 1.000000
lowpoly_plastic
0  -2.668173 -23.418354 -3.706593  0.060527 0.766583 0.639286  0.075349 0.627009 1 64 1.000000
0  -2.685451 -23.336006 -3.803696  0.060501 0.766560 0.639316  0.075349 0.627009 1 64 1.000000
0  -2.685452 -23.418348 -3.704963  0.060530 0.766585 0.639283  0.075349 0.627009 1 64 1.000000
lowpoly_plastic
0  -2.668178 -21.274149 -3.706593  0.060461 -0.766589 0.639286  0.075349 0.627009 1 64 1.000000
0  -2.685451 -21.356485 -3.803696  0.060129 -0.766599 0.639305  0.075349 0.627009 1 64 1.000000
0  -2.668174 -21.356491 -3.805327  0.060096 -0.766600 0.639307  0.075349 0.627009 1 64 1.000000
lowpoly_plastic
0  -3.262471 -22.469765 -2.848026  1.000000 -0.000024 0.000000  0.075349 0.627009 1 64 1.000000
0  -3.262469 -22.387421 -2.866739  1.000000 0.000024 0.000000  0.075349 0.627009 1 64 1.000000
0  -3.262469 -22.387421 -2.848028  1.000000 0.000024 0.000000  0.075349 0.627009 1 64 1.000000
lowpoly_plastic
0  -3.262470 -24.366940 -2.848027  1.000000 0.000038 0.000000  0.075349 0.627009 1 64 1.000000
0  -3.262473 -24.284597 -2.866739  1.000000 0.000010 0.000000  0.075349 0.627009 1 64 1.000000
0  -3.262473 -24.284597 -2.848027  1.000000 0.000010 0.000000  0.075349 0.627009 1 64 1.000000
lowpoly_plastic
0  -2.668178 -20.799852 -3.706593  0.060495 -0.766557 0.639320  0.075349 0.627009 1 64 1.000000
0  -2.685452 -20.882200 -3.803696  0.060456 -0.766558 0.639323  0.075349 0.627009 1 64 1.000000
0  -2.668178 -20.882198 -3.805327  0.060452 -0.766558 0.639323  0.075349 0.627009 1 64 1.000000
lowpoly_plastic
0  -3.262473 -21.046877 -2.848028  1.000000 -0.000068 0.000000  0.075349 0.627009 1 64 1.000000
0  -3.262467 -20.964540 -2.866738  1.000000 0.000005 0.000000  0.075349 0.627009 1 64 1.000000
0  -3.262467 -20.964540 -2.848028  1.000000 0.000005 0.000000  0.075349 0.627009 1 64 1.000000
lowpoly_plastic
0  -2.668173 -21.748442 -3.419492  -0.000050 -1.000000 0.000002  0.075349 0.627009 1 64 1.000000
0  -2.956861 -21.748446 -2.872808  0.000199 -1.000000 0.000155  0.075349 0.627009 1 64 1.000000
0  -2.692341 -21.748440 -3.446574  -0.000068 -1.000000 0.000002  0.075349 0.627009 1 64 1.000000
lowpoly_plastic
0  -2.668173 -24.119911 -3.448854  0.000010 -1.000000 0.000102  0.075349 0.627009 1 64 1.000000
0  -2.685448 -24.119911 -3.704963  0.000207 -1.000000 -0.000013  0.075349 0.627009 1 64 1.000000
0  -2.668177 -24.119907 -3.706593  0.000219 -1.000000 -0.000013  0.075349 0.627009 1 64 1.000000
lowpoly_plastic
0  -2.668173 -20.964537 -3.805327  0.093994 0.000005 0.995573  0.075349 0.627009 1 64 1.000000
0  -2.685452 -20.882200 -3.803696  0.093979 0.000006 0.995574  0.075349 0.627009 1 64 1.000000
0  -2.685447 -20.964542 -3.803696  0.093997 0.000005 0.995572  0.075349 0.627009 1 64 1.000000
lowpoly_plastic
0  -3.262470 -22.861719 -2.848026  1.000000 -0.000026 -0.000014  0.075349 0.627009 1 64 1.000000
0  -3.262476 -22.944057 -2.866739  1.000000 -0.000031 -0.000175  0.075349 0.627009 1 64 1.000000
0  -3.262470 -22.861719 -2.866739  1.000000 -0.000029 0.000000  0.075349 0.627009 1 64 1.000000
lowpoly_plastic
0  -3.262471 -22.779373 -2.848026  1.000000 0.000022 0.000000  0.075349 0.627009 1 64 1.000000
0  -3.262470 -22.861719 -2.866739  1.000000 -0.000029 0.000000  0.075349 0.627009 1 64 1.000000
0  -3.262471 -22.779373 -2.866739  1.000000 0.000022 0.000000  0.075349 0.627009 1 64 1.000000
lowpoly_plastic
0  -2.668174 -21.356491 -3.805327  0.093972 -0.000003 0.995575  0.075349 0.627009 1 64 1.000000
0  -2.685453 -21.438831 -3.803696  0.093967 -0.000002 0.995575  0.075349 0.627009 1 64 1.000000
0  -2.668175 -21.438835 -3.805327  0.093966 -0.000001 0.995575  0.075349 0.627009 1 64 1.000000
lowpoly_plastic
0  -3.262470 -19.851271 -2.848027  0.000018 -1.000000 0.000000  0.075349 0.627009 1 64 1.000000
0  -3.262470 -19.851271 -2.866738  0.000019 -1.000000 0.000000  0.075349 0.627009 1 64 1.000000
0  -2.956857 -19.851265 -2.872807  -0.000130 -1.000000 -0.000035  0.075349 0.627009 1 64 1.000000
lowpoly_plastic
0  -3.262475 -21.521175 -2.848028  1.000000 -0.000010 0.000000  0.075349 0.627009 1 64 1.000000
0  -3.262474 -21.438831 -2.866738  1.000000 -0.000048 0.000000  0.075349 0.627009 1 64 1.000000
0  -3.262474 -21.438831 -2.848028  1.000000 -0.000048 0.000000  0.075349 0.627009 1 64 1.000000
lowpoly_plastic
0  -2.668174 -19.376972 -3.419491  0.000115 -1.000000 0.000065  0.075349 0.627009 1 64 1.000000
0  -2.956861 -19.376974 -2.872807  -0.000073 -1.000000 -0.000066  0.075349 0.627009 1 64 1.000000
0  -2.692337 -19.376976 -3.446573  0.000139 -1.000000 0.000026  0.075349 0.627009 1 64 1.000000
lowpoly_plastic
0  -2.668175 -20.098299 -3.706592  0.060409 0.766553 0.639333  0.075349 0.627009 1 64 1.000000
0  -2.685451 -20.015951 -3.803695  0.060499 0.766556 0.639321  0.075349 0.627009 1 64 1.000000
0  -2.685452 -20.098297 -3.704962  0.060400 0.766553 0.639334  0.075349 0.627009 1 64 1.000000
lowpoly_plastic
0  -2.668172 -20.325562 -3.706592  0.060230 -0.766582 0.639316  0.075349 0.627009 1 64 1.000000
0  -2.685451 -20.407904 -3.803695  0.060162 -0.766567 0.639340  0.075349 0.627009 1 64 1.000000
0  -2.668172 -20.407907 -3.805326  0.060156 -0.766566 0.639342  0.075349 0.627009 1 64 1.000000
lowpoly_plastic
0  -3.262475 -22.305080 -2.848028  1.000000 0.000010 0.000000  0.075349 0.627009 1 64 1.000000
0  -3.262471 -22.222736 -2.866739  1.000000 -0.000044 0.000000  0.075349 0.627009 1 64 1.000000
0  -3.262471 -22.222736 -2.848026  1.000000 -0.000044 0.000000  0.075349 0.627009 1 64 1.000000
lowpoly_plastic
0  -2.668178 -19.459316 -3.805326  0.094019 -0.000003 0.995570  0.075349 0.627009 1 64 1.000000
0  -2.685451 -19.541655 -3.803695  0.093953 0.000006 0.995577  0.075349 0.627009 1 64 1.000000
0  -2.668171 -19.541656 -3.805326  0.093941 0.000008 0.995578  0.075349 0.627009 1 64 1.000000
lowpoly_plastic
0  -2.668174 -19.376972 -3.448853  0.000157 -1.000000 -0.000005  0.075349 0.627009 1 64 1.000000
0  -2.685448 -19.376974 -3.704962  0.000113 -1.000000 -0.000001  0.075349 0.627009 1 64 1.000000
0  -2.668174 -19.376972 -3.706592  0.000110 -1.000000 0.000000  0.075349 0.627009 1 64 1.000000
lowpoly_plastic
0  -2.668177 -23.645620 -3.448854  -0.000082 -1.000000 -0.000002  0.075349 0.627009 1 64 1.000000
0  -2.685453 -23.645617 -3.704963  -0.000213 -1.000000 -0.000000  0.075349 0.627009 1 64 1.000000
0  -2.668177 -23.645620 -3.706593  -0.000221 -1.000000 0.000000  0.075349 0.627009 1 64 1.000000
lowpoly_plastic
0  -2.668177 -24.119907 -3.419492  0.000078 -1.000000 0.000093  0.075349 0.627009 1 64 1.000000
0  -2.956862 -24.119911 -2.872808  0.000014 -1.000000 0.000029  0.075349 0.627009 1 64 1.000000
0  -2.692339 -24.119911 -3.446574  0.000037 -1.000000 0.000072  0.075349 0.627009 1 64 1.000000
lowpoly_plastic
0  -2.668177 -23.645620 -3.419492  -0.000056 -1.000000 0.000001  0.075349 0.627009 1 64 1.000000
0  -2.956858 -23.645618 -2.872808  0.000201 -1.000000 0.000068  0.075349 0.627009 1 64 1.000000
0  -2.692343 -23.645618 -3.446574  -0.000070 -1.000000 -0.000002  0.075349 0.627009 1 64 1.000000
lowpoly_plastic
0  -3.262470 -24.594206 -2.848027  0.000007 -1.000000 0.000000  0.075349 0.627009 1 64 1.000000
0  -3.262470 -24.594206 -2.866739  0.000006 -1.000000 0.000000  0.075349 0.627009 1 64 1.000000
0  -2.956864 -24.594204 -2.872808  -0.000006 -1.000000 -0.000027  0.075349 0.627009 1 64 1.000000
lowpoly_plastic
0  -3.262470 -24.594206 -2.848027  1.000000 -0.000038 0.000000  0.075349 0.627009 1 64 1.000000
0  -3.262473 -24.676550 -2.866739  1.000000 -0.000005 0.000000  0.075349 0.627009 1 64 1.000000
0  -3.262470 -24.594206 -2.866739  1.000000 -0.000039 0.000000  0.075349 0.627009 1 64 1.000000
lowpoly_plastic
0  -3.262469 -19.459320 -2.848027  1.000000 0.000013 0.000025  0.075349 0.627009 1 64 1.000000
0  -3.262468 -19.376972 -2.866738  1.000000 -0.000009 0.000000  0.075349 0.627009 1 64 1.000000
0  -3.262468 -19.376972 -2.848027  1.000000 -0.000010 0.000000  0.075349 0.627009 1 64 1.000000
lowpoly_plastic
0  -2.668175 -24.366938 -3.706594  0.060231 0.766590 0.639306  0.075349 0.627009 1 64 1.000000
0  -2.685452 -24.284599 -3.803697  0.060260 0.766589 0.639304  0.075349 0.627009 1 64 1.000000
0  -2.685448 -24.366940 -3.704964  0.060228 0.766590 0.639306  0.075349 0.627009 1 64 1.000000
lowpoly_plastic
0  -2.668178 -20.799852 -3.448854  0.000082 -1.000000 -0.000002  0.075349 0.627009 1 64 1.000000
0  -2.685450 -20.799856 -3.704963  0.000213 -1.000000 -0.000000  0.075349 0.627009 1 64 1.000000
0  -2.668178 -20.799852 -3.706593  0.000221 -1.000000 0.000000  0.075349 0.627009 1 64 1.000000
lowpoly_plastic
0  -3.262470 -20.799854 -2.848028  -0.000000 -1.000000 0.000000  0.075349 0.627009 1 64 1.000000
0  -3.262470 -20.799854 -2.866738  0.000000 -1.000000 0.000000  0.075349 0.627009 1 64 1.000000
0  -2.956864 -20.799854 -2.872808  -0.000060 -1.000000 -0.000023  0.075349 0.627009 1 64 1.000000
lowpoly_plastic
0  -2.668172 -20.325562 -3.448853  0.000006 -1.000000 0.000145  0.075349 0.627009 1 64 1.000000
0  -2.685450 -20.325560 -3.704962  -0.000104 -1.000000 -0.000000  0.075349 0.627009 1 64 1.000000
0  -2.668172 -20.325562 -3.706592  -0.000110 -1.000000 0.000000  0.075349 0.627009 1 64 1.000000
lowpoly_plastic
0  -3.262469 -24.119911 -2.848027  -0.000000 -1.000000 0.000006  0.075349 0.627009 1 64 1.000000
0  -3.262469 -24.119911 -2.866739  0.000000 -1.000000 0.000000  0.075349 0.627009 1 64 1.000000
0  -2.956862 -24.119911 -2.872808  0.000014 -1.000000 0.000029  0.075349 0.627009 1 64 1.000000
lowpoly_plastic
0  -2.668175 -20.325556 -3.419491  0.000113 -1.000000 0.000118  0.075349 0.627009 1 64 1.000000
0  -2.956861 -20.325558 -2.872808  -0.000048 -1.000000 -0.000095  0.075349 0.627009 1 64 1.000000
0  -2.692339 -20.325562 -3.446573  0.000054 -1.000000 0.000096  0.075349 0.627009 1 64 1.000000
lowpoly_plastic
0  -2.668178 -20.490246 -3.805326  0.093991 -0.000002 0.995573  0.075349 0.627009 1 64 1.000000
0  -2.685451 -20.407904 -3.803695  0.093978 -0.000006 0.995574  0.075349 0.627009 1 64 1.000000
0  -2.685452 -20.490248 -3.803695  0.093993 -0.000001 0.995573  0.075349 0.627009 1 64 1.000000
lowpoly_plastic
0  -2.951148 -21.995472 -2.848028  0.000009 1.000000 0.000089  0.075349 0.627009 1 64 1.000000
0  -2.956863 -21.995468 -2.872808  0.000050 1.000000 0.000033  0.075349 0.627009 1 64 1.000000
0  -3.262470 -21.995468 -2.848028  0.000001 1.000000 0.000000  0.075349 0.627009 1 64 1.000000
lowpoly_plastic
0  -2.668176 -22.779371 -3.805327  0.093991 -0.000001 0.995573  0.075349 0.627009 1 64 1.000000
0  -2.685450 -22.861719 -3.803696  0.093980 -0.000002 0.995574  0.075349 0.627009 1 64 1.000000
0  -2.668178 -22.861713 -3.805327  0.093978 -0.000002 0.995574  0.075349 0.627009 1 64 1.000000
lowpoly_plastic
0  -2.668177 -23.645620 -3.706593  0.060145 -0.766576 0.639331  0.075349 0.627009 1 64 1.000000
0  -2.685449 -23.727959 -3.803696  0.060245 -0.766599 0.639293  0.075349 0.627009 1 64 1.000000
0  -2.668171 -23.727961 -3.805327  0.060254 -0.766602 0.639289  0.075349 0.627009 1 64 1.000000
lowpoly_plastic
0  -2.668173 -21.748442 -3.448854  -0.000080 -1.000000 0.000002  0.075349 0.627009 1 64 1.000000
0  -2.685452 -21.748440 -3.704963  -0.000109 -1.000000 0.000000  0.075349 0.627009 1 64 1.000000
0  -2.668173 -21.748442 -3.706593  -0.000110 -1.000000 0.000000  0.075349 0.627009 1 64 1.000000
lowpoly_plastic
0  -2.668174 -22.697025 -3.419492  0.000081 -1.000000 0.000043  0.075349 0.627009 1 64 1.000000
0  -2.956860 -22.697031 -2.872808  0.000088 -1.000000 -0.000025  0.075349 0.627009 1 64 1.000000
0  -2.692337 -22.697029 -3.446574  0.000038 -1.000000 0.000041  0.075349 0.627009 1 64 1.000000
lowpoly_plastic
0  -3.262473 -23.892647 -2.848027  1.000000 -0.000036 0.000000  0.075349 0.627009 1 64 1.000000
0  -3.262470 -23.810303 -2.866739  1.000000 -0.000029 0.000000  0.075349 0.627009 1 64 1.000000
0  -3.262470 -23.810303 -2.848026  1.000000 -0.000029 0.000000  0.075349 0.627009 1 64 1.000000
lowpoly_plastic
0  -3.262472 -21.274153 -2.848028  1.000000 0.000058 0.000000  0.075349 0.627009 1 64 1.000000
0  -3.262467 -21.356491 -2.866738  1.000000 -0.000010 0.000000  0.075349 0.627009 1 64 1.000000
0  -3.262472 -21.274153 -2.866738  1.000000 0.000058 0.000000  0.075349 0.627009 1 64 1.000000
lowpoly_plastic
0  -3.262472 -23.418348 -2.848026  1.000000 -0.000010 0.000000  0.075349 0.627009 1 64 1.000000
0  -3.262471 -23.336004 -2.866739  1.000000 -0.000012 0.000000  0.075349 0.627009 1 64 1.000000
0  -3.262471 -23.336004 -2.848026  1.000000 -0.000012 0.000000  0.075349 0.627009 1 64 1.000000
lowpoly_plastic
0  -2.668174 -19.376972 -3.706592  0.060416 -0.766570 0.639312  0.075349 0.627009 1 64 1.000000
0  -2.685446 -19.459318 -3.803695  0.060465 -0.766561 0.639319  0.075349 0.627009 1 64 1.000000
0  -2.668178 -19.459316 -3.805326  0.060469 -0.766560 0.639319  0.075349 0.627009 1 64 1.000000
lowpoly_plastic
0  -2.668173 -19.624001 -3.706592  0.060401 0.766557 0.639330  0.075349 0.627009 1 64 1.000000
0  -2.685451 -19.541655 -3.803695  0.060430 0.766573 0.639308  0.075349 0.627009 1 64 1.000000
0  -2.685451 -19.623999 -3.704962  0.060398 0.766555 0.639332  0.075349 0.627009 1 64 1.000000
lowpoly_plastic
0  -2.951149 -23.418354 -2.848026  -0.000130 1.000000 -0.000164  0.075349 0.627009 1 64 1.000000
0  -2.956859 -23.418358 -2.872808  -0.000185 1.000000 -0.000141  0.075349 0.627009 1 64 1.000000
0  -3.262472 -23.418348 -2.848026  0.000031 1.000000 -0.000013  0.075349 0.627009 1 64 1.000000
lowpoly_plastic
0  -3.262468 -20.572588 -2.848028  1.000000 0.000048 0.000000  0.075349 0.627009 1 64 1.000000
0  -3.262472 -20.490248 -2.866738  1.000000 0.000012 0.000000  0.075349 0.627009 1 64 1.000000
0  -3.262472 -20.490248 -2.848028  1.000000 0.000012 0.000000  0.075349 0.627009 1 64 1.000000
lowpoly_plastic
0  -3.262471 -22.779373 -2.848026  1.000000 0.000022 0.000000  0.075349 0.627009 1 64 1.000000
0  -3.262474 -22.697031 -2.866739  1.000000 0.000038 0.000000  0.075349 0.627009 1 64 1.000000
0  -3.262474 -22.697031 -2.848026  1.000000 0.000039 0.000000  0.075349 0.627009 1 64 1.000000
lowpoly_plastic
0  -2.668174 -22.697025 -3.706593  0.060484 -0.766581 0.639293  0.075349 0.627009 1 64 1.000000
0  -2.685449 -22.779371 -3.803696  0.060372 -0.766565 0.639323  0.075349 0.627009 1 64 1.000000
0  -2.668176 -22.779371 -3.805327  0.060361 -0.766563 0.639326  0.075349 0.627009 1 64 1.000000
lowpoly_plastic
0  -3.262471 -22.222736 -2.848026  0.000006 -1.000000 -0.000006  0.075349 0.627009 1 64 1.000000
0  -3.262471 -22.222736 -2.866739  0.000006 -1.000000 0.000000  0.075349 0.627009 1 64 1.000000
0  -2.956865 -22.222734 -2.872808  0.000088 -1.000000 -0.000099  0.075349 0.627009 1 64 1.000000
lowpoly_plastic
0  -2.951145 -21.046881 -2.848028  0.000148 1.000000 -0.000260  0.075349 0.627009 1 64 1.000000
0  -2.956863 -21.046885 -2.872808  0.000104 1.000000 -0.000076  0.075349 0.627009 1 64 1.000000
0  -3.262473 -21.046877 -2.848028  0.000024 1.000000 -0.000006  0.075349 0.627009 1 64 1.000000
lowpoly_plastic
0  -2.668178 -20.799852 -3.419492  0.000058 -1.000000 -0.000000  0.075349 0.627009 1 64 1.000000
0  -2.956864 -20.799854 -2.872808  -0.000060 -1.000000 -0.000023  0.075349 0.627009 1 64 1.000000
0  -2.692340 -20.799854 -3.446574  0.000071 -1.000000 -0.000002  0.075349 0.627009 1 64 1.000000
lowpoly_plastic
0  -3.262476 -23.645615 -2.848026  -0.000012 -1.000000 0.000006  0.075349 0.627009 1 64 1.000000
0  -3.262476 -23.645615 -2.866739  -0.000012 -1.000000 0.000000  0.075349 0.627009 1 64 1.000000
0  -2.956858 -23.645618 -2.872808  0.000201 -1.000000 0.000068  0.075349 0.627009 1 64 1.000000
lowpoly_plastic
0  -2.668175 -21.995468 -3.706593  0.060244 0.766579 0.639318  0.075349 0.627009 1 64 1.000000
0  -2.685453 -21.913128 -3.803696  0.060485 0.766594 0.639277  0.075349 0.627009 1 64 1.000000
0  -2.685451 -21.995470 -3.704963  0.060220 0.766577 0.639322  0.075349 0.627009 1 64 1.000000
lowpoly_plastic
0  -3.262474 -20.882200 -2.848028  1.000000 0.000019 0.000000  0.075349 0.627009 1 64 1.000000
0  -3.262470 -20.799854 -2.866738  1.000000 -0.000048 0.000000  0.075349 0.627009 1 64 1.000000
0  -3.262470 -20.799854 -2.848028  1.000000 -0.000048 0.000000  0.075349 0.627009 1 64 1.000000
lowpoly_plastic
0  -2.668173 -21.274145 -3.419492  -0.000093 -1.000000 0.000056  0.075349 0.627009 1 64 1.000000
0  -2.956861 -21.274149 -2.872808  -0.000004 -1.000000 0.000049  0.075349 0.627009 1 64 1.000000
0  -2.692338 -21.274143 -3.446574  -0.000170 -1.000000 0.000079  0.075349 0.627009 1 64 1.000000
lowpoly_plastic
0  -3.262471 -23.336004 -2.848026  1.000000 -0.000012 0.000000  0.075349 0.627009 1 64 1.000000
0  -3.262470 -23.253672 -2.866739  1.000000 -0.000017 0.000000  0.075349 0.627009 1 64 1.000000
0  -3.262470 -23.253672 -2.848026  1.000000 -0.000017 0.000000  0.075349 0.627009 1 64 1.000000
lowpoly_plastic
0  -3.262467 -20.964540 -2.848028  1.000000 0.000005 0.000000  0.075349 0.627009 1 64 1.000000
0  -3.262474 -20.882200 -2.866738  1.000000 0.000019 0.000000  0.075349 0.627009 1 64 1.000000
0  -3.262474 -20.882200 -2.848028  1.000000 0.000019 0.000000  0.075349 0.627009 1 64 1.000000
lowpoly_plastic
0  -2.668173 -21.748442 -3.706593  0.060212 -0.766565 0.639337  0.075349 0.627009 1 64 1.000000
0  -2.685452 -21.830784 -3.803696  0.060247 -0.766565 0.639335  0.075349 0.627009 1 64 1.000000
0  -2.668175 -21.830786 -3.805327  0.060251 -0.766565 0.639334  0.075349 0.627009 1 64 1.000000
lowpoly_plastic
0  -2.668173 -20.572586 -3.706592  0.060222 0.766604 0.639290  0.075349 0.627009 1 64 1.000000
0  -2.685452 -20.490248 -3.803695  0.060262 0.766570 0.639327  0.075349 0.627009 1 64 1.000000
0  -2.685449 -20.572588 -3.704962  0.060219 0.766607 0.639286  0.075349 0.627009 1 64 1.000000
lowpoly_plastic
0  -2.668177 -24.119907 -3.706593  0.060520 -0.766567 0.639306  0.075349 0.627009 1 64 1.000000
0  -2.685452 -24.202255 -3.803697  0.060426 -0.766552 0.639333  0.075349 0.627009 1 64 1.000000
0  -2.668176 -24.202253 -3.805328  0.060416 -0.766550 0.639336  0.075349 0.627009 1 64 1.000000
lowpoly_plastic
0  -2.668175 -21.046883 -3.706593  0.060451 0.766580 0.639297  0.075349 0.627009 1 64 1.000000
0  -2.685447 -20.964542 -3.803696  0.060135 0.766570 0.639339  0.075349 0.627009 1 64 1.000000
0  -2.685452 -21.046879 -3.704963  0.060482 0.766581 0.639293  0.075349 0.627009 1 64 1.000000
lowpoly_plastic
0  -2.668176 -24.594204 -3.448855  0.000236 -1.000000 -0.000010  0.075349 0.627009 1 64 1.000000
0  -2.685452 -24.594208 -3.704964  0.000222 -1.000000 -0.000001  0.075349 0.627009 1 64 1.000000
0  -2.668176 -24.594204 -3.706594  0.000221 -1.000000 0.000000  0.075349 0.627009 1 64 1.000000
lowpoly_plastic
0  -2.668176 -24.594204 -3.419493  0.000171 -1.000000 0.000097  0.075349 0.627009 1 64 1.000000
0  -2.956864 -24.594204 -2.872808  -0.000006 -1.000000 -0.000027  0.075349 0.627009 1 64 1.000000
0  -2.692340 -24.594210 -3.446575  0.000208 -1.000000 0.000037  0.075349 0.627009 1 64 1.000000
lowpoly_plastic
0  -3.262470 -21.995468 -2.848028  1.000000 0.000048 0.000000  0.075349 0.627009 1 64 1.000000
0  -3.262474 -21.913128 -2.866738  1.000000 0.000010 0.000000  0.075349 0.627009 1 64 1.000000
0  -3.262474 -21.913128 -2.848028  1.000000 0.000010 0.000000  0.075349 0.627009 1 64 1.000000
lowpoly_plastic
0  -2.668176 -19.851269 -3.706592  0.060133 -0.766580 0.639327  0.075349 0.627009 1 64 1.000000
0  -2.685448 -19.933607 -3.803695  0.060163 -0.766586 0.639318  0.075349 0.627009 1 64 1.000000
0  -2.668172 -19.933611 -3.805326  0.060166 -0.766586 0.639317  0.075349 0.627009 1 64 1.000000
lowpoly_plastic
0  -2.668173 -23.171326 -3.419492  -0.000059 -1.000000 -0.000000  0.075349 0.627009 1 64 1.000000
0  -2.956861 -23.171326 -2.872808  -0.000146 -1.000000 -0.000001  0.075349 0.627009 1 64 1.000000
0  -2.692342 -23.171324 -3.446574  -0.000069 -1.000000 -0.000004  0.075349 0.627009 1 64 1.000000
lowpoly_plastic
0  -2.951151 -24.366938 -2.848027  0.896057 0.000014 0.443938  0.075349 0.627009 1 64 1.000000
0  -2.951146 -24.594202 -2.848027  0.896080 0.000019 0.443893  0.075349 0.627009 1 64 1.000000
0  -2.944910 -24.594204 -2.860616  0.896117 0.000016 0.443818  0.075349 0.627009 1 64 1.000000
lowpoly_plastic
0  -2.944913 -23.892643 -2.860616  0.896196 -0.000014 0.443658  0.075349 0.627009 1 64 1.000000
0  -2.951149 -24.119913 -2.848027  0.896145 -0.000008 0.443762  0.075349 0.627009 1 64 1.000000
0  -2.944915 -24.119911 -2.860616  0.896146 -0.000007 0.443759  0.075349 0.627009 1 64 1.000000
lowpoly_plastic
0  -2.944917 -23.418352 -2.860615  0.896174 0.000002 0.443702  0.075349 0.627009 1 64 1.000000
0  -2.951149 -23.418354 -2.848026  0.896199 0.000003 0.443652  0.075349 0.627009 1 64 1.000000
0  -2.944916 -23.645613 -2.860616  0.896196 0.000004 0.443658  0.075349 0.627009 1 64 1.000000
lowpoly_plastic
0  -2.944912 -22.944061 -2.860615  0.896121 -0.000012 0.443810  0.075349 0.627009 1 64 1.000000
0  -2.951148 -22.944059 -2.848026  0.896087 -0.000011 0.443878  0.075349 0.627009 1 64 1.000000
0  -2.944915 -23.171329 -2.860615  0.896131 -0.000006 0.443790  0.075349 0.627009 1 64 1.000000
lowpoly_plastic
0  -2.944912 -22.469761 -2.860615  0.896120 -0.000009 0.443812  0.075349 0.627009 1 64 1.000000
0  -2.951147 -22.469761 -2.848028  0.896091 -0.000009 0.443871  0.075349 0.627009 1 64 1.000000
0  -2.944914 -22.697029 -2.860615  0.896170 0.000003 0.443711  0.075349 0.627009 1 64 1.000000
lowpoly_plastic
0  -2.951148 -21.995472 -2.848028  0.896191 0.000014 0.443669  0.075349 0.627009 1 64 1.000000
0  -2.951144 -22.222736 -2.848028  0.896195 0.000016 0.443660  0.075349 0.627009 1 64 1.000000
0  -2.944913 -22.222733 -2.860615  0.896174 0.000016 0.443702  0.075349 0.627009 1 64 1.000000
lowpoly_plastic
0  -2.944915 -21.521172 -2.860615  0.896141 -0.000012 0.443768  0.075349 0.627009 1 64 1.000000
0  -2.951148 -21.521175 -2.848028  0.896132 -0.000011 0.443787  0.075349 0.627009 1 64 1.000000
0  -2.944918 -21.748440 -2.860615  0.896158 -0.000006 0.443735  0.075349 0.627009 1 64 1.000000
lowpoly_plastic
0  -2.944915 -21.046886 -2.860615  0.896189 0.000011 0.443673  0.075349 0.627009 1 64 1.000000
0  -2.951145 -21.046881 -2.848028  0.896217 0.000011 0.443615  0.075349 0.627009 1 64 1.000000
0  -2.944912 -21.274149 -2.860615  0.896110 -0.000001 0.443832  0.075349 0.627009 1 64 1.000000
lowpoly_plastic
0  -2.944915 -20.572590 -2.860615  0.896136 0.000004 0.443780  0.075349 0.627009 1 64 1.000000
0  -2.951143 -20.799856 -2.848028  0.896319 -0.000006 0.443409  0.075349 0.627009 1 64 1.000000
0  -2.944917 -20.799856 -2.860615  0.896241 -0.000008 0.443568  0.075349 0.627009 1 64 1.000000
lowpoly_plastic
0  -2.951145 -20.098297 -2.848028  0.896140 -0.000016 0.443772  0.075349 0.627009 1 64 1.000000
0  -2.951148 -20.325562 -2.848028  0.896167 -0.000009 0.443717  0.075349 0.627009 1 64 1.000000
0  -2.944916 -20.325560 -2.860615  0.896160 -0.000012 0.443732  0.075349 0.627009 1 64 1.000000
lowpoly_plastic
0  -2.944917 -19.624001 -2.860614  0.896235 0.000025 0.443579  0.075349 0.627009 1 64 1.000000
0  -2.951143 -19.624001 -2.848027  0.896312 0.000024 0.443424  0.075349 0.627009 1 64 1.000000
0  -2.944910 -19.851269 -2.860614  0.896109 0.000005 0.443835  0.075349 0.627009 1 64 1.000000
lowpoly_plastic
0  -2.951147 -17.075521 -2.848027  0.896151 -0.000001 0.443749  0.075349 0.627009 1 64 1.000000
0  -2.951151 -19.376974 -2.848027  0.896084 -0.000002 0.443886  0.075349 0.627009 1 64 1.000000
0  -2.944916 -19.376976 -2.860614  0.896117 -0.000001 0.443818  0.075349 0.627009 1 64 1.000000
lowpoly_plastic
0  -3.262472 -20.490248 -2.848028  1.000000 0.000012 0.000000  0.075349 0.627009 1 64 1.000000
0  -3.262470 -20.407904 -2.866738  1.000000 -0.000013 0.000000  0.075349 0.627009 1 64 1.000000
0  -3.262470 -20.407904 -2.848028  1.000000 -0.000013 0.000000  0.075349 0.627009 1 64 1.000000
lowpoly_plastic
0  -3.262470 -20.325558 -2.848027  -0.000001 -1.000000 -0.000006  0.075349 0.627009 1 64 1.000000
0  -3.262470 -20.325558 -2.866738  0.000000 -1.000000 0.000000  0.075349 0.627009 1 64 1.000000
0  -2.956861 -20.325558 -2.872808  -0.000048 -1.000000 -0.000095  0.075349 0.627009 1 64 1.000000
lowpoly_plastic
0  -2.668178 -24.284597 -3.805328  0.093948 -0.000001 0.995577  0.075349 0.627009 1 64 1.000000
0  -2.685452 -24.202255 -3.803697  0.093958 -0.000002 0.995576  0.075349 0.627009 1 64 1.000000
0  -2.685452 -24.284599 -3.803697  0.093946 -0.000001 0.995577  0.075349 0.627009 1 64 1.000000
lowpoly_plastic
0  -2.668173 -23.171326 -3.706593  0.060306 -0.766603 0.639284  0.075349 0.627009 1 64 1.000000
0  -2.685453 -23.253664 -3.803696  0.060083 -0.766584 0.639327  0.075349 0.627009 1 64 1.000000
0  -2.668175 -23.253670 -3.805327  0.060061 -0.766583 0.639331  0.075349 0.627009 1 64 1.000000
lowpoly_plastic
0  -2.668171 -23.727961 -3.805327  0.093972 -0.000002 0.995575  0.075349 0.627009 1 64 1.000000
0  -2.685450 -23.810305 -3.803696  0.093998 -0.000006 0.995572  0.075349 0.627009 1 64 1.000000
0  -2.668177 -23.810301 -3.805327  0.094003 -0.000007 0.995572  0.075349 0.627009 1 64 1.000000
lowpoly_plastic
0  -2.951147 -22.469761 -2.848028  -0.000116 1.000000 -0.000171  0.075349 0.627009 1 64 1.000000
0  -2.956864 -22.469767 -2.872808  -0.000186 1.000000 -0.000168  0.075349 0.627009 1 64 1.000000
0  -3.262471 -22.469765 -2.848026  0.000005 1.000000 -0.000006  0.075349 0.627009 1 64 1.000000
lowpoly_plastic
0  -3.262470 -23.810303 -2.848026  1.000000 -0.000029 0.000000  0.075349 0.627009 1 64 1.000000
0  -3.262468 -23.727959 -2.866739  1.000000 0.000034 0.000000  0.075349 0.627009 1 64 1.000000
0  -3.262468 -23.727959 -2.848026  1.000000 0.000034 0.000000  0.075349 0.627009 1 64 1.000000
lowpoly_plastic
0  -2.668180 -24.676548 -3.805328  0.094000 0.000002 0.995572  0.075349 0.627009 1 64 1.000000
0  -2.685452 -24.758888 -3.803697  0.093998 0.000006 0.995572  0.075349 0.627009 1 64 1.000000
0  -2.668174 -24.758890 -3.805328  0.093998 0.000007 0.995572  0.075349 0.627009 1 64 1.000000
lowpoly_plastic
0  -3.262473 -24.676550 -2.848027  1.000000 -0.000002 -0.000011  0.075349 0.627009 1 64 1.000000
0  -3.262471 -24.758888 -2.866739  1.000000 0.000015 -0.000142  0.075349 0.627009 1 64 1.000000
0  -3.262473 -24.676550 -2.866739  1.000000 -0.000005 0.000000  0.075349 0.627009 1 64 1.000000
lowpoly_plastic
0  -2.668176 -19.851269 -3.419491  -0.000063 -1.000000 -0.000033  0.075349 0.627009 1 64 1.000000
0  -2.956857 -19.851265 -2.872807  -0.000130 -1.000000 -0.000035  0.075349 0.627009 1 64 1.000000
0  -2.692344 -19.851267 -3.446573  -0.000071 -1.000000 -0.000023  0.075349 0.627009 1 64 1.000000
lowpoly_plastic
0  -3.262471 -21.748438 -2.848028  -0.000025 -1.000000 0.000006  0.075349 0.627009 1 64 1.000000
0  -3.262471 -21.748438 -2.866738  -0.000025 -1.000000 0.000000  0.075349 0.627009 1 64 1.000000
0  -2.956861 -21.748446 -2.872808  0.000199 -1.000000 0.000155  0.075349 0.627009 1 64 1.000000
lowpoly_plastic
0  -2.668176 -19.851269 -3.448853  -0.000082 -1.000000 -0.000010  0.075349 0.627009 1 64 1.000000
0  -2.685454 -19.851265 -3.704962  -0.000213 -1.000000 -0.000001  0.075349 0.627009 1 64 1.000000
0  -2.668176 -19.851269 -3.706592  -0.000221 -1.000000 0.000000  0.075349 0.627009 1 64 1.000000
lowpoly_plastic
0  -2.951151 -24.366938 -2.848027  0.000067 1.000000 0.000000  0.075349 0.627009 1 64 1.000000
0  -2.956862 -24.366938 -2.872808  0.000069 1.000000 0.000083  0.075349 0.627009 1 64 1.000000
0  -3.262470 -24.366940 -2.848027  -0.000006 1.000000 0.000000  0.075349 0.627009 1 64 1.000000
lowpoly_plastic
0  -2.668176 -24.841232 -3.706594  0.060406 0.766567 0.639316  0.075349 0.627009 1 64 1.000000
0  -2.685452 -24.758888 -3.803697  0.060435 0.766569 0.639312  0.075349 0.627009 1 64 1.000000
0  -2.685452 -24.841230 -3.704964  0.060403 0.766567 0.639317  0.075349 0.627009 1 64 1.000000
lowpoly_plastic
0  -3.262470 -23.253672 -2.848026  1.000000 -0.000017 0.000000  0.075349 0.627009 1 64 1.000000
0  -3.262468 -23.171326 -2.866739  1.000000 -0.000023 0.000000  0.075349 0.627009 1 64 1.000000
0  -3.262468 -23.171326 -2.848026  1.000000 -0.000024 0.000000  0.075349 0.627009 1 64 1.000000
lowpoly_plastic
0  -2.668173 -23.171326 -3.448854  -0.000077 -1.000000 -0.000005  0.075349 0.627009 1 64 1.000000
0  -2.685449 -23.171326 -3.704963  -0.000004 -1.000000 -0.000001  0.075349 0.627009 1 64 1.000000
0  -2.668173 -23.171326 -3.706593  0.000000 -1.000000 0.000000  0.075349 0.627009 1 64 1.000000
lowpoly_plastic
0  -3.262468 -19.933605 -2.848027  1.000000 -0.000012 0.000000  0.075349 0.627009 1 64 1.000000
0  -3.262472 -20.015951 -2.866738  1.000000 -0.000024 0.000000  0.075349 0.627009 1 64 1.000000
0  -3.262468 -19.933605 -2.866738  1.000000 -0.000012 0.000000  0.075349 0.627009 1 64 1.000000
lowpoly_plastic
0  -2.951146 -24.841230 -2.848027  -0.000037 1.000000 -0.000253  0.075349 0.627009 1 64 1.000000
0  -2.956861 -24.841236 -2.872808  -0.000108 1.000000 -0.000176  0.075349 0.627009 1 64 1.000000
0  -3.262473 -24.841230 -2.848027  0.000018 1.000000 -0.000013  0.075349 0.627009 1 64 1.000000
lowpoly_plastic
0  -2.951145 -20.098297 -2.848028  -0.000030 1.000000 0.000164  0.075349 0.627009 1 64 1.000000
0  -2.956858 -20.098291 -2.872808  0.000040 1.000000 0.000142  0.075349 0.627009 1 64 1.000000
0  -3.262472 -20.098295 -2.848027  -0.000012 1.000000 0.000013  0.075349 0.627009 1 64 1.000000
lowpoly_plastic
0  -2.668172 -19.933611 -3.805326  0.093979 -0.000003 0.995574  0.075349 0.627009 1 64 1.000000
0  -2.685451 -20.015951 -3.803695  0.093981 -0.000002 0.995574  0.075349 0.627009 1 64 1.000000
0  -2.668174 -20.015955 -3.805326  0.093981 -0.000002 0.995574  0.075349 0.627009 1 64 1.000000
lowpoly_plastic
0  -2.668178 -23.892647 -3.706593  0.060298 0.766568 0.639325  0.075349 0.627009 1 64 1.000000
0  -2.685450 -23.810305 -3.803696  0.060210 0.766571 0.639331  0.075349 0.627009 1 64 1.000000
0  -2.685452 -23.892647 -3.704963  0.060306 0.766568 0.639325  0.075349 0.627009 1 64 1.000000
lowpoly_plastic
0  -2.668178 -21.274149 -3.448854  -0.000220 -1.000000 0.000162  0.075349 0.627009 1 64 1.000000
0  -2.685452 -21.274153 -3.704963  0.000196 -1.000000 0.000001  0.075349 0.627009 1 64 1.000000
0  -2.668178 -21.274149 -3.706593  0.000221 -1.000000 0.000000  0.075349 0.627009 1 64 1.000000
lowpoly_plastic
0  -2.951148 -21.521175 -2.848028  -0.000105 1.000000 0.000007  0.075349 0.627009 1 64 1.000000
0  -2.956861 -21.521173 -2.872808  -0.000081 1.000000 -0.000057  0.075349 0.627009 1 64 1.000000
0  -3.262475 -21.521175 -2.848028  -0.000006 1.000000 -0.000006  0.075349 0.627009 1 64 1.000000
lowpoly_plastic
0  -3.262470 -20.407904 -2.848028  1.000000 -0.000013 0.000000  0.075349 0.627009 1 64 1.000000
0  -3.262470 -20.325558 -2.866738  1.000000 -0.000000 0.000000  0.075349 0.627009 1 64 1.000000
0  -3.262470 -20.325558 -2.848027  1.000000 0.000000 0.000000  0.075349 0.627009 1 64 1.000000
lowpoly_plastic
0  -2.951149 -20.572586 -2.848028  0.000065 1.000000 -0.000297  0.075349 0.627009 1 64 1.000000
0  -2.956861 -20.572590 -2.872808  0.000021 1.000000 -0.000110  0.075349 0.627009 1 64 1.000000
0  -3.262468 -20.572588 -2.848028  0.000006 1.000000 -0.000013  0.075349 0.627009 1 64 1.000000
lowpoly_plastic
0  -3.262472 -21.830782 -2.848028  1.000000 -0.000017 0.000000  0.075349 0.627009 1 64 1.000000
0  -3.262474 -21.913128 -2.866738  1.000000 0.000010 0.000000  0.075349 0.627009 1 64 1.000000
0  -3.262472 -21.830782 -2.866738  1.000000 -0.000017 0.000000  0.075349 0.627009 1 64 1.000000
lowpoly_plastic
0  -2.668178 -22.944061 -3.706593  0.060594 0.766583 0.639280  0.075349 0.627009 1 64 1.000000
0  -2.685450 -22.861719 -3.803696  0.060156 0.766580 0.639325  0.075349 0.627009 1 64 1.000000
0  -2.685449 -22.944054 -3.704963  0.060637 0.766583 0.639276  0.075349 0.627009 1 64 1.000000
lowpoly_plastic
0  -3.262473 -24.284597 -2.848027  1.000000 0.000010 0.000000  0.075349 0.627009 1 64 1.000000
0  -3.262472 -24.202255 -2.866739  1.000000 -0.000022 0.000000  0.075349 0.627009 1 64 1.000000
0  -3.262472 -24.202255 -2.848027  1.000000 -0.000022 0.000000  0.075349 0.627009 1 64 1.000000
lowpoly_plastic
0  -2.668178 -22.469763 -3.706593  0.060107 0.766577 0.639334  0.075349 0.627009 1 64 1.000000
0  -2.685450 -22.387421 -3.803696  0.060187 0.766565 0.639340  0.075349 0.627009 1 64 1.000000
0  -2.685450 -22.469769 -3.704963  0.060099 0.766578 0.639333  0.075349 0.627009 1 64 1.000000
lowpoly_plastic
0  -3.262469 -22.387421 -2.848028  1.000000 0.000024 0.000000  0.075349 0.627009 1 64 1.000000
0  -3.262475 -22.305080 -2.866739  1.000000 0.000010 0.000000  0.075349 0.627009 1 64 1.000000
0  -3.262475 -22.305080 -2.848028  1.000000 0.000010 0.000000  0.075349 0.627009 1 64 1.000000
lowpoly_plastic
0  -2.668180 -22.697029 -3.448854  0.000010 -1.000000 0.000072  0.075349 0.627009 1 64 1.000000
0  -2.685447 -22.697029 -3.704963  0.000207 -1.000000 -0.000013  0.075349 0.627009 1 64 1.000000
0  -2.668174 -22.697025 -3.706593  0.000219 -1.000000 -0.000013  0.075349 0.627009 1 64 1.000000
lowpoly_plastic
0  -3.262476 -23.645615 -2.848026  1.000000 0.000092 0.000000  0.075349 0.627009 1 64 1.000000
0  -3.262468 -23.727959 -2.866739  1.000000 0.000034 0.000000  0.075349 0.627009 1 64 1.000000
0  -3.262476 -23.645615 -2.866739  1.000000 0.000092 0.000000  0.075349 0.627009 1 64 1.000000
lowpoly_plastic
0  -3.262474 -21.438831 -2.848028  1.000000 -0.000048 0.000000  0.075349 0.627009 1 64 1.000000
0  -3.262467 -21.356491 -2.866738  1.000000 -0.000010 0.000000  0.075349 0.627009 1 64 1.000000
0  -3.262467 -21.356491 -2.848028  1.000000 -0.000010 0.000000  0.075349 0.627009 1 64 1.000000
lowpoly_plastic
0  -3.262472 -21.830782 -2.848028  1.000000 -0.000017 0.000000  0.075349 0.627009 1 64 1.000000
0  -3.262471 -21.748438 -2.866738  1.000000 -0.000010 0.000000  0.075349 0.627009 1 64 1.000000
0  -3.262471 -21.748438 -2.848028  1.000000 -0.000010 0.000000  0.075349 0.627009 1 64 1.000000
lowpoly_plastic
0  -4.131190 -19.546257 -5.181637  -0.797659 -0.000010 -0.603109  0.064370 0.664198 1 64 1.000000
0  -4.131194 -19.463917 -5.181637  -0.797664 -0.000041 -0.603102  0.064370 0.664198 1 64 1.000000
0  -3.702034 -19.463917 -5.749250  -0.797680 0.000020 -0.603081  0.064370 0.664198 1 64 1.000000
lowpoly_plastic
0  -3.702036 -19.546261 -5.749250  0.000002 0.000000 -1.000000  0.064370 0.664198 1 64 1.000000
0  -3.702034 -19.463917 -5.749250  -0.000000 0.000000 -1.000000  0.064370 0.664198 1 64 1.000000
0  -3.546437 -19.463915 -5.749250  -0.000000 0.000000 -1.000000  0.064370 0.664198 1 64 1.000000
lowpoly_plastic
0  -4.131190 -19.546257 -5.181637  -1.000000 -0.000013 0.000000  0.064370 0.664198 1 64 1.000000
0  -4.131189 -19.546257 -4.066411  -1.000000 0.000001 0.000000  0.064370 0.664198 1 64 1.000000
0  -4.131194 -19.463917 -4.165145  -1.000000 -0.000067 0.000000  0.064370 0.664198 1 64 1.000000
lowpoly_plastic
0  -4.131194 -19.463917 -4.165145  -0.000206 -1.000000 -0.000001  0.075349 0.627009 1 64 1.000000
0  -4.149724 -19.463913 -4.163396  -0.000206 -1.000000 -0.000001  0.075349 0.627009 1 64 1.000000
0  -4.149724 -19.463913 -5.179889  -0.000206 -1.000000 -0.000000  0.075349 0.627009 1 64 1.000000
lowpoly_plastic
0  -3.712443 -19.463917 -5.759870  0.000039 -1.000000 -0.000083  0.075349 0.627009 1 64 1.000000
0  -3.702034 -19.463917 -5.749250  0.000019 -1.000000 -0.000118  0.075349 0.627009 1 64 1.000000
0  -4.131194 -19.463917 -5.181637  -0.000184 -1.000000 -0.000069  0.075349 0.627009 1 64 1.000000
lowpoly_plastic
0  -4.131194 -19.463917 -5.181637  -0.000184 -1.000000 -0.000069  0.075349 0.627009 1 64 1.000000
0  -4.149724 -19.463913 -5.179889  -0.000206 -1.000000 -0.000000  0.075349 0.627009 1 64 1.000000
0  -4.149724 -19.463913 -5.188522  -0.000184 -1.000000 -0.000072  0.075349 0.627009 1 64 1.000000
lowpoly_plastic
0  -4.131193 -19.710947 -4.165145  -1.000000 0.000021 0.000000  0.064370 0.664198 1 64 1.000000
0  -4.131191 -19.628603 -4.066411  -1.000000 0.000028 0.000000  0.064370 0.664198 1 64 1.000000
0  -4.131191 -19.628603 -5.181637  -1.000000 0.000022 0.000000  0.064370 0.664198 1 64 1.000000
lowpoly_plastic
0  -4.131191 -19.628603 -4.066411  -1.000000 0.000028 0.000000  0.064370 0.664198 1 64 1.000000
0  -4.131189 -19.546257 -4.066411  -1.000000 0.000001 0.000000  0.064370 0.664198 1 64 1.000000
0  -4.131190 -19.546257 -5.181637  -1.000000 -0.000013 0.000000  0.064370 0.664198 1 64 1.000000
lowpoly_plastic
0  -3.702036 -19.710943 -5.749250  0.000004 -0.000007 -1.000000  0.064370 0.664198 1 64 1.000000
0  -3.702036 -19.628607 -5.749250  0.000000 0.000000 -1.000000  0.064370 0.664198 1 64 1.000000
0  -3.546435 -19.628599 -5.749250  0.000002 -0.000008 -1.000000  0.064370 0.664198 1 64 1.000000
lowpoly_plastic
0  -3.702036 -19.628607 -5.749250  0.000000 0.000000 -1.000000  0.064370 0.664198 1 64 1.000000
0  -3.702036 -19.546261 -5.749250  0.000002 0.000000 -1.000000  0.064370 0.664198 1 64 1.000000
0  -3.546439 -19.546259 -5.749250  -0.000001 0.000000 -1.000000  0.064370 0.664198 1 64 1.000000
lowpoly_plastic
0  -4.131193 -19.710947 -5.181637  -0.797677 0.000015 -0.603086  0.064370 0.664198 1 64 1.000000
0  -4.131191 -19.628603 -5.181637  -0.797666 0.000016 -0.603100  0.064370 0.664198 1 64 1.000000
0  -3.702036 -19.628607 -5.749250  -0.797668 0.000001 -0.603097  0.064370 0.664198 1 64 1.000000
lowpoly_plastic
0  -4.131191 -19.628603 -5.181637  -0.797666 0.000016 -0.603100  0.064370 0.664198 1 64 1.000000
0  -4.131190 -19.546257 -5.181637  -0.797659 -0.000010 -0.603109  0.064370 0.664198 1 64 1.000000
0  -3.702036 -19.546261 -5.749250  -0.797676 0.000013 -0.603087  0.064370 0.664198 1 64 1.000000
lowpoly_plastic
0  -4.131190 -20.020554 -5.181637  -0.797678 -0.000009 -0.603084  0.064370 0.664198 1 64 1.000000
0  -4.131189 -19.938211 -5.181637  -0.797686 0.000016 -0.603073  0.064370 0.664198 1 64 1.000000
0  -3.702034 -19.938213 -5.749250  -0.797668 0.000001 -0.603097  0.064370 0.664198 1 64 1.000000
lowpoly_plastic
0  -3.702034 -20.020550 -5.749250  -0.000000 -0.000012 -1.000000  0.064370 0.664198 1 64 1.000000
0  -3.702034 -19.938213 -5.749250  -0.000001 0.000000 -1.000000  0.064370 0.664198 1 64 1.000000
0  -3.546433 -19.938208 -5.749250  -0.000000 0.000000 -1.000000  0.064370 0.664198 1 64 1.000000
lowpoly_plastic
0  -4.131190 -20.020554 -5.181637  -1.000000 -0.000003 -0.000002  0.064370 0.664198 1 64 1.000000
0  -4.131190 -20.020554 -4.066411  -1.000000 0.000031 0.000000  0.064370 0.664198 1 64 1.000000
0  -4.131188 -19.938211 -4.165145  -1.000000 0.000030 0.000000  0.064370 0.664198 1 64 1.000000
lowpoly_plastic
0  -4.131188 -19.938211 -4.165145  0.000000 -1.000000 -0.000000  0.075349 0.627009 1 64 1.000000
0  -4.149726 -19.938211 -4.163396  0.000000 -1.000000 -0.000000  0.075349 0.627009 1 64 1.000000
0  -4.149726 -19.938211 -5.179889  0.000000 -1.000000 -0.000000  0.075349 0.627009 1 64 1.000000
lowpoly_plastic
0  -3.712439 -19.938210 -5.759870  -0.000165 -1.000000 -0.000281  0.075349 0.627009 1 64 1.000000
0  -3.702034 -19.938213 -5.749250  -0.000101 -1.000000 -0.000256  0.075349 0.627009 1 64 1.000000
0  -4.131189 -19.938211 -5.181637  -0.000001 -1.000000 -0.000002  0.075349 0.627009 1 64 1.000000
lowpoly_plastic
0  -4.131189 -19.938211 -5.181637  -0.000001 -1.000000 -0.000002  0.075349 0.627009 1 64 1.000000
0  -4.149726 -19.938211 -5.179889  0.000000 -1.000000 -0.000000  0.075349 0.627009 1 64 1.000000
0  -4.149726 -19.938211 -5.188522  0.000000 -1.000000 0.000000  0.075349 0.627009 1 64 1.000000
lowpoly_plastic
0  -4.131186 -20.185242 -4.165145  -1.000000 -0.000090 -0.000005  0.064370 0.664198 1 64 1.000000
0  -4.131193 -20.102900 -4.066411  -1.000000 -0.000009 -0.000002  0.064370 0.664198 1 64 1.000000
0  -4.131187 -20.102896 -5.181637  -1.000000 -0.000015 -0.000003  0.064370 0.664198 1 64 1.000000
lowpoly_plastic
0  -4.131193 -20.102900 -4.066411  -1.000000 -0.000009 -0.000002  0.064370 0.664198 1 64 1.000000
0  -4.131190 -20.020554 -4.066411  -1.000000 0.000031 0.000000  0.064370 0.664198 1 64 1.000000
0  -4.131190 -20.020554 -5.181637  -1.000000 -0.000003 -0.000002  0.064370 0.664198 1 64 1.000000
lowpoly_plastic
0  -3.702037 -20.185238 -5.749248  0.000000 0.000000 -1.000000  0.064370 0.664198 1 64 1.000000
0  -3.702034 -20.102894 -5.749248  0.000000 -0.000012 -1.000000  0.064370 0.664198 1 64 1.000000
0  -3.546436 -20.102896 -5.749248  0.000000 -0.000012 -1.000000  0.064370 0.664198 1 64 1.000000
lowpoly_plastic
0  -3.546436 -20.102896 -5.749248  0.000000 -0.000012 -1.000000  0.064370 0.664198 1 64 1.000000
0  -3.702034 -20.102894 -5.749248  0.000000 -0.000012 -1.000000  0.064370 0.664198 1 64 1.000000
0  -3.702034 -20.020550 -5.749250  -0.000000 -0.000012 -1.000000  0.064370 0.664198 1 64 1.000000
lowpoly_plastic
0  -4.131187 -20.185242 -5.181635  -0.797668 -0.000006 -0.603097  0.064370 0.664198 1 64 1.000000
0  -4.131187 -20.102896 -5.181637  -0.797669 -0.000020 -0.603095  0.064370 0.664198 1 64 1.000000
0  -3.702034 -20.102894 -5.749248  -0.797673 0.000005 -0.603090  0.064370 0.664198 1 64 1.000000
lowpoly_plastic
0  -4.131187 -20.102896 -5.181637  -0.797669 -0.000020 -0.603095  0.064370 0.664198 1 64 1.000000
0  -4.131190 -20.020554 -5.181637  -0.797678 -0.000009 -0.603084  0.064370 0.664198 1 64 1.000000
0  -3.702034 -20.020550 -5.749250  -0.797671 -0.000006 -0.603093  0.064370 0.664198 1 64 1.000000
lowpoly_plastic
0  -4.131186 -20.494848 -5.181635  -0.797663 -0.000010 -0.603104  0.064370 0.664198 1 64 1.000000
0  -4.131192 -20.412506 -5.181635  -0.797655 -0.000049 -0.603114  0.064370 0.664198 1 64 1.000000
0  -3.702034 -20.412500 -5.749248  -0.797677 0.000019 -0.603085  0.064370 0.664198 1 64 1.000000
lowpoly_plastic
0  -3.546436 -20.494850 -5.749248  0.000000 0.000000 -1.000000  0.064370 0.664198 1 64 1.000000
0  -3.702036 -20.494846 -5.749248  0.000000 0.000000 -1.000000  0.064370 0.664198 1 64 1.000000
0  -3.702034 -20.412500 -5.749248  0.000000 0.000000 -1.000000  0.064370 0.664198 1 64 1.000000
lowpoly_plastic
0  -4.131186 -20.494848 -5.181635  -1.000000 -0.000018 0.000000  0.064370 0.664198 1 64 1.000000
0  -4.131186 -20.494848 -4.066411  -1.000000 0.000007 0.000000  0.064370 0.664198 1 64 1.000000
0  -4.131191 -20.412506 -4.165145  -1.000000 -0.000071 0.000000  0.064370 0.664198 1 64 1.000000
lowpoly_plastic
0  -4.131191 -20.412506 -4.165145  -0.000103 -1.000000 -0.000002  0.075349 0.627009 1 64 1.000000
0  -4.149721 -20.412504 -4.163396  -0.000103 -1.000000 -0.000002  0.075349 0.627009 1 64 1.000000
0  -4.149722 -20.412504 -5.179887  -0.000103 -1.000000 0.000002  0.075349 0.627009 1 64 1.000000
lowpoly_plastic
0  -3.712441 -20.412508 -5.759870  0.000492 -1.000000 0.000222  0.075349 0.627009 1 64 1.000000
0  -3.702034 -20.412500 -5.749248  0.000275 -1.000000 0.000283  0.075349 0.627009 1 64 1.000000
0  -4.131192 -20.412506 -5.181635  -0.000090 -1.000000 0.000003  0.075349 0.627009 1 64 1.000000
lowpoly_plastic
0  -4.131192 -20.412506 -5.181635  -0.000090 -1.000000 0.000003  0.075349 0.627009 1 64 1.000000
0  -4.149722 -20.412504 -5.179887  -0.000103 -1.000000 0.000002  0.075349 0.627009 1 64 1.000000
0  -4.149722 -20.412504 -5.188522  -0.000092 -1.000000 0.000000  0.075349 0.627009 1 64 1.000000
lowpoly_plastic
0  -4.131193 -20.659531 -4.165145  -1.000000 0.000062 0.000000  0.064370 0.664198 1 64 1.000000
0  -4.131188 -20.577194 -4.066411  -1.000000 0.000048 0.000000  0.064370 0.664198 1 64 1.000000
0  -4.131189 -20.577194 -5.181635  -1.000000 0.000039 0.000000  0.064370 0.664198 1 64 1.000000
lowpoly_plastic
0  -4.131188 -20.577194 -4.066411  -1.000000 0.000048 0.000000  0.064370 0.664198 1 64 1.000000
0  -4.131186 -20.494848 -4.066411  -1.000000 0.000007 0.000000  0.064370 0.664198 1 64 1.000000
0  -4.131186 -20.494848 -5.181635  -1.000000 -0.000018 0.000000  0.064370 0.664198 1 64 1.000000
lowpoly_plastic
0  -3.702032 -20.659531 -5.749248  -0.000000 0.000000 -1.000000  0.064370 0.664198 1 64 1.000000
0  -3.702037 -20.577192 -5.749248  -0.000000 0.000000 -1.000000  0.064370 0.664198 1 64 1.000000
0  -3.546442 -20.577188 -5.749248  -0.000000 0.000000 -1.000000  0.064370 0.664198 1 64 1.000000
lowpoly_plastic
0  -3.702037 -20.577192 -5.749248  -0.000000 0.000000 -1.000000  0.064370 0.664198 1 64 1.000000
0  -3.702036 -20.494846 -5.749248  0.000000 0.000000 -1.000000  0.064370 0.664198 1 64 1.000000
0  -3.546436 -20.494850 -5.749248  0.000000 0.000000 -1.000000  0.064370 0.664198 1 64 1.000000
lowpoly_plastic
0  -4.131194 -20.659531 -5.181635  -0.797666 0.000041 -0.603099  0.064370 0.664198 1 64 1.000000
0  -4.131189 -20.577194 -5.181635  -0.797667 0.000036 -0.603098  0.064370 0.664198 1 64 1.000000
0  -3.702037 -20.577192 -5.749248  -0.797672 -0.000021 -0.603092  0.064370 0.664198 1 64 1.000000
lowpoly_plastic
0  -4.131189 -20.577194 -5.181635  -0.797667 0.000036 -0.603098  0.064370 0.664198 1 64 1.000000
0  -4.131186 -20.494848 -5.181635  -0.797663 -0.000010 -0.603104  0.064370 0.664198 1 64 1.000000
0  -3.702036 -20.494846 -5.749248  -0.797677 0.000017 -0.603085  0.064370 0.664198 1 64 1.000000
lowpoly_plastic
0  -4.131192 -20.969139 -5.181635  -0.797668 0.000031 -0.603097  0.064370 0.664198 1 64 1.000000
0  -4.131187 -20.886801 -5.181635  -0.797673 0.000049 -0.603090  0.064370 0.664198 1 64 1.000000
0  -3.702035 -20.886799 -5.749248  -0.797678 0.000011 -0.603084  0.064370 0.664198 1 64 1.000000
lowpoly_plastic
0  -3.702036 -20.969143 -5.749248  -0.000000 0.000000 -1.000000  0.064370 0.664198 1 64 1.000000
0  -3.702035 -20.886799 -5.749248  0.000000 0.000000 -1.000000  0.064370 0.664198 1 64 1.000000
0  -3.546436 -20.886801 -5.749248  0.000000 0.000000 -1.000000  0.064370 0.664198 1 64 1.000000
lowpoly_plastic
0  -4.131192 -20.969139 -5.181635  -1.000000 0.000043 -0.000001  0.064370 0.664198 1 64 1.000000
0  -4.131191 -20.969139 -4.066411  -1.000000 0.000020 0.000000  0.064370 0.664198 1 64 1.000000
0  -4.131190 -20.886795 -4.165145  -1.000000 -0.000002 0.000000  0.064370 0.664198 1 64 1.000000
lowpoly_plastic
0  -4.131190 -20.886795 -4.165145  -0.000003 -1.000000 0.000003  0.075349 0.627009 1 64 1.000000
0  -4.149727 -20.886795 -4.163396  0.000000 -1.000000 0.000003  0.075349 0.627009 1 64 1.000000
0  -4.149727 -20.886795 -5.179887  -0.000307 -1.000000 0.000003  0.075349 0.627009 1 64 1.000000
lowpoly_plastic
0  -3.712446 -20.886797 -5.759870  -0.000184 -1.000000 -0.000083  0.075349 0.627009 1 64 1.000000
0  -3.702035 -20.886799 -5.749248  -0.000098 -1.000000 0.000003  0.075349 0.627009 1 64 1.000000
0  -4.131187 -20.886801 -5.181635  -0.000275 -1.000000 -0.000067  0.075349 0.627009 1 64 1.000000
lowpoly_plastic
0  -4.131187 -20.886801 -5.181635  -0.000275 -1.000000 -0.000067  0.075349 0.627009 1 64 1.000000
0  -4.149727 -20.886795 -5.179887  -0.000307 -1.000000 0.000003  0.075349 0.627009 1 64 1.000000
0  -4.149727 -20.886795 -5.188522  -0.000274 -1.000000 -0.000072  0.075349 0.627009 1 64 1.000000
lowpoly_plastic
0  -4.131188 -21.133825 -4.165145  -1.000000 -0.000052 0.000000  0.064370 0.664198 1 64 1.000000
0  -4.131193 -21.051483 -4.066411  -1.000000 0.000005 0.000000  0.064370 0.664198 1 64 1.000000
0  -4.131194 -21.051483 -5.181635  -1.000000 -0.000023 0.000000  0.064370 0.664198 1 64 1.000000
lowpoly_plastic
0  -4.131193 -21.051483 -4.066411  -1.000000 0.000005 0.000000  0.064370 0.664198 1 64 1.000000
0  -4.131191 -20.969139 -4.066411  -1.000000 0.000020 0.000000  0.064370 0.664198 1 64 1.000000
0  -4.131192 -20.969139 -5.181635  -1.000000 0.000043 -0.000001  0.064370 0.664198 1 64 1.000000
lowpoly_plastic
0  -3.702038 -21.133821 -5.749248  -0.000000 0.000000 -1.000000  0.064370 0.664198 1 64 1.000000
0  -3.702033 -21.051485 -5.749248  -0.000000 0.000000 -1.000000  0.064370 0.664198 1 64 1.000000
0  -3.546437 -21.051481 -5.749248  -0.000000 0.000000 -1.000000  0.064370 0.664198 1 64 1.000000
lowpoly_plastic
0  -3.702033 -21.051485 -5.749248  -0.000000 0.000000 -1.000000  0.064370 0.664198 1 64 1.000000
0  -3.702036 -20.969143 -5.749248  -0.000000 0.000000 -1.000000  0.064370 0.664198 1 64 1.000000
0  -3.546435 -20.969137 -5.749248  -0.000000 0.000000 -1.000000  0.064370 0.664198 1 64 1.000000
lowpoly_plastic
0  -4.131189 -21.133825 -5.181635  -0.797671 -0.000034 -0.603093  0.064370 0.664198 1 64 1.000000
0  -4.131194 -21.051483 -5.181635  -0.797667 -0.000014 -0.603099  0.064370 0.664198 1 64 1.000000
0  -3.702033 -21.051485 -5.749248  -0.797672 0.000005 -0.603092  0.064370 0.664198 1 64 1.000000
lowpoly_plastic
0  -4.131194 -21.051483 -5.181635  -0.797667 -0.000014 -0.603099  0.064370 0.664198 1 64 1.000000
0  -4.131192 -20.969139 -5.181635  -0.797668 0.000031 -0.603097  0.064370 0.664198 1 64 1.000000
0  -3.702036 -20.969143 -5.749248  -0.797674 -0.000014 -0.603089  0.064370 0.664198 1 64 1.000000
lowpoly_plastic
0  -4.131194 -21.443436 -5.181635  -0.797680 -0.000014 -0.603080  0.064370 0.664198 1 64 1.000000
0  -4.131192 -21.361090 -5.181635  -0.797684 0.000016 -0.603076  0.064370 0.664198 1 64 1.000000
0  -3.702036 -21.361094 -5.749248  -0.797651 -0.000037 -0.603119  0.064370 0.664198 1 64 1.000000
lowpoly_plastic
0  -3.702033 -21.443436 -5.749248  -0.000000 0.000000 -1.000000  0.064370 0.664198 1 64 1.000000
0  -3.702036 -21.361094 -5.749248  -0.000000 0.000000 -1.000000  0.064370 0.664198 1 64 1.000000
0  -3.546435 -21.361090 -5.749248  -0.000000 0.000000 -1.000000  0.064370 0.664198 1 64 1.000000
lowpoly_plastic
0  -4.131194 -21.443436 -5.181635  -1.000000 -0.000019 0.000000  0.064370 0.664198 1 64 1.000000
0  -4.131193 -21.443436 -4.066411  -1.000000 -0.000029 0.000000  0.064370 0.664198 1 64 1.000000
0  -4.131191 -21.361090 -4.165145  -1.000000 0.000024 0.000000  0.064370 0.664198 1 64 1.000000
lowpoly_plastic
0  -4.131191 -21.361090 -4.165145  0.000103 -1.000000 0.000001  0.075349 0.627009 1 64 1.000000
0  -4.149728 -21.361092 -4.163396  0.000103 -1.000000 0.000001  0.075349 0.627009 1 64 1.000000
0  -4.149728 -21.361092 -5.179887  0.000103 -1.000000 0.000000  0.075349 0.627009 1 64 1.000000
lowpoly_plastic
0  -3.712441 -21.361090 -5.759870  -0.000125 -1.000000 -0.000237  0.075349 0.627009 1 64 1.000000
0  -3.702036 -21.361094 -5.749248  -0.000091 -1.000000 -0.000222  0.075349 0.627009 1 64 1.000000
0  -4.131192 -21.361090 -5.181635  0.000091 -1.000000 0.000000  0.075349 0.627009 1 64 1.000000
lowpoly_plastic
0  -4.131192 -21.361090 -5.181635  0.000091 -1.000000 0.000000  0.075349 0.627009 1 64 1.000000
0  -4.149728 -21.361092 -5.179887  0.000103 -1.000000 0.000000  0.075349 0.627009 1 64 1.000000
0  -4.149728 -21.361092 -5.188522  0.000092 -1.000000 0.000000  0.075349 0.627009 1 64 1.000000
lowpoly_plastic
0  -4.131189 -21.608120 -4.165145  -1.000000 0.000020 0.000000  0.064370 0.664198 1 64 1.000000
0  -4.131188 -21.525776 -4.066411  -1.000000 -0.000030 0.000000  0.064370 0.664198 1 64 1.000000
0  -4.131189 -21.525776 -5.181635  -1.000000 -0.000031 0.000000  0.064370 0.664198 1 64 1.000000
lowpoly_plastic
0  -4.131188 -21.525776 -4.066411  -1.000000 -0.000030 0.000000  0.064370 0.664198 1 64 1.000000
0  -4.131193 -21.443436 -4.066411  -1.000000 -0.000029 0.000000  0.064370 0.664198 1 64 1.000000
0  -4.131194 -21.443436 -5.181635  -1.000000 -0.000019 0.000000  0.064370 0.664198 1 64 1.000000
lowpoly_plastic
0  -3.546434 -21.608118 -5.749249  -0.000006 -0.000000 -1.000000  0.064370 0.664198 1 64 1.000000
0  -3.702038 -21.608118 -5.749248  -0.000009 0.000000 -1.000000  0.064370 0.664198 1 64 1.000000
0  -3.702036 -21.525774 -5.749248  -0.000005 0.000002 -1.000000  0.064370 0.664198 1 64 1.000000
lowpoly_plastic
0  -3.702036 -21.525774 -5.749248  -0.000005 0.000002 -1.000000  0.064370 0.664198 1 64 1.000000
0  -3.702033 -21.443436 -5.749248  -0.000000 0.000000 -1.000000  0.064370 0.664198 1 64 1.000000
0  -3.546437 -21.443434 -5.749248  -0.000003 0.000004 -1.000000  0.064370 0.664198 1 64 1.000000
lowpoly_plastic
0  -4.131190 -21.608120 -5.181635  -0.797677 0.000009 -0.603085  0.064370 0.664198 1 64 1.000000
0  -4.131189 -21.525776 -5.181635  -0.797678 -0.000014 -0.603084  0.064370 0.664198 1 64 1.000000
0  -3.702036 -21.525774 -5.749248  -0.797667 0.000028 -0.603099  0.064370 0.664198 1 64 1.000000
lowpoly_plastic
0  -4.131189 -21.525776 -5.181635  -0.797678 -0.000014 -0.603084  0.064370 0.664198 1 64 1.000000
0  -4.131194 -21.443436 -5.181635  -0.797680 -0.000014 -0.603080  0.064370 0.664198 1 64 1.000000
0  -3.702033 -21.443436 -5.749248  -0.797654 -0.000007 -0.603115  0.064370 0.664198 1 64 1.000000
lowpoly_plastic
0  -4.131190 -21.917728 -5.181635  -0.797656 -0.000013 -0.603112  0.064370 0.664198 1 64 1.000000
0  -4.131194 -21.835388 -5.181635  -0.797649 -0.000041 -0.603123  0.064370 0.664198 1 64 1.000000
0  -3.702035 -21.835382 -5.749249  -0.797667 0.000020 -0.603098  0.064370 0.664198 1 64 1.000000
lowpoly_plastic
0  -3.546439 -21.917730 -5.749249  0.000000 0.000000 -1.000000  0.064370 0.664198 1 64 1.000000
0  -3.702038 -21.917727 -5.749249  0.000000 0.000000 -1.000000  0.064370 0.664198 1 64 1.000000
0  -3.702035 -21.835382 -5.749249  0.000000 0.000000 -1.000000  0.064370 0.664198 1 64 1.000000
lowpoly_plastic
0  -4.131190 -21.917728 -5.181635  -1.000000 -0.000012 0.000000  0.064370 0.664198 1 64 1.000000
0  -4.131189 -21.917728 -4.066411  -1.000000 -0.000013 0.000000  0.064370 0.664198 1 64 1.000000
0  -4.131193 -21.835388 -4.165145  -1.000000 -0.000046 0.000000  0.064370 0.664198 1 64 1.000000
lowpoly_plastic
0  -4.131193 -21.835388 -4.165145  -0.000103 -1.000000 0.000002  0.075349 0.627009 1 64 1.000000
0  -4.149722 -21.835386 -4.163396  -0.000103 -1.000000 0.000002  0.075349 0.627009 1 64 1.000000
0  -4.149723 -21.835386 -5.179887  -0.000103 -1.000000 -0.000002  0.075349 0.627009 1 64 1.000000
lowpoly_plastic
0  -3.712443 -21.835388 -5.759871  0.000430 -1.000000 0.000163  0.075349 0.627009 1 64 1.000000
0  -3.702035 -21.835382 -5.749249  0.000230 -1.000000 0.000148  0.075349 0.627009 1 64 1.000000
0  -4.131194 -21.835388 -5.181635  -0.000090 -1.000000 0.000001  0.075349 0.627009 1 64 1.000000
lowpoly_plastic
0  -4.131194 -21.835388 -5.181635  -0.000090 -1.000000 0.000001  0.075349 0.627009 1 64 1.000000
0  -4.149723 -21.835386 -5.179887  -0.000103 -1.000000 -0.000002  0.075349 0.627009 1 64 1.000000
0  -4.149723 -21.835386 -5.188522  -0.000092 -1.000000 0.000000  0.075349 0.627009 1 64 1.000000
lowpoly_plastic
0  -4.131192 -22.082417 -4.165146  -1.000000 0.000031 0.000000  0.064370 0.664198 1 64 1.000000
0  -4.131190 -22.000072 -4.066411  -1.000000 0.000010 0.000000  0.064370 0.664198 1 64 1.000000
0  -4.131191 -22.000072 -5.181635  -1.000000 0.000020 0.000000  0.064370 0.664198 1 64 1.000000
lowpoly_plastic
0  -4.131191 -22.000072 -5.181635  -1.000000 0.000020 0.000000  0.064370 0.664198 1 64 1.000000
0  -4.131190 -22.000072 -4.066411  -1.000000 0.000010 0.000000  0.064370 0.664198 1 64 1.000000
0  -4.131189 -21.917728 -4.066411  -1.000000 -0.000013 0.000000  0.064370 0.664198 1 64 1.000000
lowpoly_plastic
0  -3.702034 -22.082411 -5.749249  0.000000 0.000000 -1.000000  0.064370 0.664198 1 64 1.000000
0  -3.702040 -22.000071 -5.749249  0.000000 0.000000 -1.000000  0.064370 0.664198 1 64 1.000000
0  -3.546432 -22.000072 -5.749249  0.000000 0.000000 -1.000000  0.064370 0.664198 1 64 1.000000
lowpoly_plastic
0  -3.546432 -22.000072 -5.749249  0.000000 0.000000 -1.000000  0.064370 0.664198 1 64 1.000000
0  -3.702040 -22.000071 -5.749249  0.000000 0.000000 -1.000000  0.064370 0.664198 1 64 1.000000
0  -3.702038 -21.917727 -5.749249  0.000000 0.000000 -1.000000  0.064370 0.664198 1 64 1.000000
lowpoly_plastic
0  -4.131193 -22.082417 -5.181636  -0.797679 0.000018 -0.603083  0.064370 0.664198 1 64 1.000000
0  -4.131191 -22.000072 -5.181635  -0.797670 0.000016 -0.603094  0.064370 0.664198 1 64 1.000000
0  -3.702040 -22.000071 -5.749249  -0.797680 -0.000018 -0.603081  0.064370 0.664198 1 64 1.000000
lowpoly_plastic
0  -3.702040 -22.000071 -5.749249  -0.797680 -0.000018 -0.603081  0.064370 0.664198 1 64 1.000000
0  -4.131191 -22.000072 -5.181635  -0.797670 0.000016 -0.603094  0.064370 0.664198 1 64 1.000000
0  -4.131190 -21.917728 -5.181635  -0.797656 -0.000013 -0.603112  0.064370 0.664198 1 64 1.000000
lowpoly_plastic
0  -3.702038 -22.392023 -5.749249  -0.797672 -0.000014 -0.603092  0.064370 0.664198 1 64 1.000000
0  -4.131190 -22.392025 -5.181636  -0.797670 0.000016 -0.603094  0.064370 0.664198 1 64 1.000000
0  -4.131188 -22.309681 -5.181636  -0.797673 0.000023 -0.603090  0.064370 0.664198 1 64 1.000000
lowpoly_plastic
0  -3.702038 -22.392023 -5.749249  -0.000000 0.000000 -1.000000  0.064370 0.664198 1 64 1.000000
0  -3.702037 -22.309677 -5.749249  0.000001 0.000000 -1.000000  0.064370 0.664198 1 64 1.000000
0  -3.546437 -22.309683 -5.749249  0.000000 0.000000 -1.000000  0.064370 0.664198 1 64 1.000000
lowpoly_plastic
0  -4.131190 -22.392025 -5.181636  -1.000000 0.000012 0.000000  0.064370 0.664198 1 64 1.000000
0  -4.131189 -22.392025 -4.066412  -1.000000 0.000021 0.000000  0.064370 0.664198 1 64 1.000000
0  -4.131187 -22.309681 -4.165146  -1.000000 0.000022 0.000000  0.064370 0.664198 1 64 1.000000
lowpoly_plastic
0  -4.131187 -22.309681 -4.165146  0.000000 -1.000000 0.000000  0.075349 0.627009 1 64 1.000000
0  -4.149726 -22.309681 -4.163397  0.000000 -1.000000 0.000000  0.075349 0.627009 1 64 1.000000
0  -4.149726 -22.309681 -5.179888  0.000000 -1.000000 0.000000  0.075349 0.627009 1 64 1.000000
lowpoly_plastic
0  -3.712447 -22.309677 -5.759871  -0.000079 -1.000000 0.000037  0.075349 0.627009 1 64 1.000000
0  -3.702037 -22.309677 -5.749249  -0.000042 -1.000000 -0.000026  0.075349 0.627009 1 64 1.000000
0  -4.131188 -22.309681 -5.181636  0.000001 -1.000000 -0.000001  0.075349 0.627009 1 64 1.000000
lowpoly_plastic
0  -4.131188 -22.309681 -5.181636  0.000001 -1.000000 -0.000001  0.075349 0.627009 1 64 1.000000
0  -4.149726 -22.309681 -5.179888  0.000000 -1.000000 0.000000  0.075349 0.627009 1 64 1.000000
0  -4.149726 -22.309681 -5.188523  0.000001 -1.000000 0.000000  0.075349 0.627009 1 64 1.000000
lowpoly_plastic
0  -4.131190 -22.556705 -4.165146  -1.000000 0.000000 0.000000  0.064370 0.664198 1 64 1.000000
0  -4.131190 -22.474371 -4.066412  -1.000000 0.000014 0.000000  0.064370 0.664198 1 64 1.000000
0  -4.131191 -22.474371 -5.181636  -1.000000 0.000000 0.000000  0.064370 0.664198 1 64 1.000000
lowpoly_plastic
0  -4.131190 -22.474371 -4.066412  -1.000000 0.000014 0.000000  0.064370 0.664198 1 64 1.000000
0  -4.131189 -22.392025 -4.066412  -1.000000 0.000021 0.000000  0.064370 0.664198 1 64 1.000000
0  -4.131190 -22.392025 -5.181636  -1.000000 0.000012 0.000000  0.064370 0.664198 1 64 1.000000
lowpoly_plastic
0  -3.702035 -22.556709 -5.749249  -0.000000 0.000000 -1.000000  0.064370 0.664198 1 64 1.000000
0  -3.702034 -22.474363 -5.749249  -0.000000 0.000000 -1.000000  0.064370 0.664198 1 64 1.000000
0  -3.546439 -22.474361 -5.749249  -0.000000 0.000000 -1.000000  0.064370 0.664198 1 64 1.000000
lowpoly_plastic
0  -3.702034 -22.474363 -5.749249  -0.000000 0.000000 -1.000000  0.064370 0.664198 1 64 1.000000
0  -3.702038 -22.392023 -5.749249  -0.000000 0.000000 -1.000000  0.064370 0.664198 1 64 1.000000
0  -3.546437 -22.392017 -5.749249  -0.000000 0.000000 -1.000000  0.064370 0.664198 1 64 1.000000
lowpoly_plastic
0  -4.131191 -22.556705 -5.181636  -0.797675 0.000001 -0.603088  0.064370 0.664198 1 64 1.000000
0  -4.131191 -22.474371 -5.181636  -0.797671 0.000002 -0.603092  0.064370 0.664198 1 64 1.000000
0  -3.702034 -22.474363 -5.749249  -0.797668 -0.000017 -0.603097  0.064370 0.664198 1 64 1.000000
lowpoly_plastic
0  -4.131191 -22.474371 -5.181636  -0.797671 0.000002 -0.603092  0.064370 0.664198 1 64 1.000000
0  -4.131190 -22.392025 -5.181636  -0.797670 0.000016 -0.603094  0.064370 0.664198 1 64 1.000000
0  -3.702038 -22.392023 -5.749249  -0.797672 -0.000014 -0.603092  0.064370 0.664198 1 64 1.000000
lowpoly_plastic
0  -4.131196 -22.866316 -5.181636  -0.797681 -0.000027 -0.603080  0.064370 0.664198 1 64 1.000000
0  -4.131195 -22.783972 -5.181636  -0.797677 0.000008 -0.603085  0.064370 0.664198 1 64 1.000000
0  -3.702039 -22.783976 -5.749249  -0.797656 -0.000052 -0.603113  0.064370 0.664198 1 64 1.000000
lowpoly_plastic
0  -3.702034 -22.866318 -5.749249  -0.000000 0.000000 -1.000000  0.064370 0.664198 1 64 1.000000
0  -3.702039 -22.783976 -5.749249  -0.000000 0.000000 -1.000000  0.064370 0.664198 1 64 1.000000
0  -3.546435 -22.783972 -5.749249  -0.000000 0.000000 -1.000000  0.064370 0.664198 1 64 1.000000
lowpoly_plastic
0  -4.131196 -22.866316 -5.181636  -1.000000 -0.000025 0.000000  0.064370 0.664198 1 64 1.000000
0  -4.131195 -22.866316 -4.066412  -1.000000 -0.000044 0.000000  0.064370 0.664198 1 64 1.000000
0  -4.131194 -22.783972 -4.165146  -1.000000 -0.000001 0.000000  0.064370 0.664198 1 64 1.000000
lowpoly_plastic
0  -4.131194 -22.783972 -4.165146  0.000107 -1.000000 0.000002  0.075349 0.627009 1 64 1.000000
0  -4.149729 -22.783974 -4.163397  0.000103 -1.000000 0.000002  0.075349 0.627009 1 64 1.000000
0  -4.149726 -22.783979 -5.179888  0.000361 -1.000000 -0.000668  0.075349 0.627009 1 64 1.000000
lowpoly_plastic
0  -3.712442 -22.783972 -5.759871  -0.000288 -1.000000 -0.000083  0.075349 0.627009 1 64 1.000000
0  -3.702039 -22.783976 -5.749249  -0.000150 -1.000000 -0.000058  0.075349 0.627009 1 64 1.000000
0  -4.131195 -22.783972 -5.181636  0.000156 -1.000000 -0.000237  0.075349 0.627009 1 64 1.000000
lowpoly_plastic
0  -4.131195 -22.783972 -5.181636  0.000156 -1.000000 -0.000237  0.075349 0.627009 1 64 1.000000
0  -4.149726 -22.783979 -5.179888  0.000361 -1.000000 -0.000668  0.075349 0.627009 1 64 1.000000
0  -4.149724 -22.783970 -5.188523  0.000109 -1.000000 -0.000768  0.075349 0.627009 1 64 1.000000
lowpoly_plastic
0  -4.131192 -23.031002 -4.165146  -1.000000 0.000041 0.000000  0.064370 0.664198 1 64 1.000000
0  -4.131189 -22.948658 -4.066412  -1.000000 -0.000031 0.000000  0.064370 0.664198 1 64 1.000000
0  -4.131190 -22.948658 -5.181636  -1.000000 -0.000024 0.000000  0.064370 0.664198 1 64 1.000000
lowpoly_plastic
0  -4.131189 -22.948658 -4.066412  -1.000000 -0.000031 0.000000  0.064370 0.664198 1 64 1.000000
0  -4.131195 -22.866316 -4.066412  -1.000000 -0.000044 0.000000  0.064370 0.664198 1 64 1.000000
0  -4.131196 -22.866316 -5.181636  -1.000000 -0.000025 0.000000  0.064370 0.664198 1 64 1.000000
lowpoly_plastic
0  -3.546434 -23.031000 -5.749249  0.000000 0.000000 -1.000000  0.064370 0.664198 1 64 1.000000
0  -3.702039 -23.031006 -5.749249  0.000000 0.000000 -1.000000  0.064370 0.664198 1 64 1.000000
0  -3.702035 -22.948660 -5.749249  -0.000000 0.000000 -1.000000  0.064370 0.664198 1 64 1.000000
lowpoly_plastic
0  -3.702035 -22.948660 -5.749249  -0.000000 0.000000 -1.000000  0.064370 0.664198 1 64 1.000000
0  -3.702034 -22.866318 -5.749249  -0.000000 0.000000 -1.000000  0.064370 0.664198 1 64 1.000000
0  -3.546436 -22.866316 -5.749249  -0.000000 0.000000 -1.000000  0.064370 0.664198 1 64 1.000000
lowpoly_plastic
0  -4.131193 -23.031002 -5.181636  -0.797675 0.000033 -0.603087  0.064370 0.664198 1 64 1.000000
0  -4.131190 -22.948658 -5.181636  -0.797681 -0.000010 -0.603079  0.064370 0.664198 1 64 1.000000
0  -3.702035 -22.948660 -5.749249  -0.797664 0.000024 -0.603102  0.064370 0.664198 1 64 1.000000
lowpoly_plastic
0  -4.131190 -22.948658 -5.181636  -0.797681 -0.000010 -0.603079  0.064370 0.664198 1 64 1.000000
0  -4.131196 -22.866316 -5.181636  -0.797681 -0.000027 -0.603080  0.064370 0.664198 1 64 1.000000
0  -3.702034 -22.866318 -5.749249  -0.797664 -0.000023 -0.603102  0.064370 0.664198 1 64 1.000000
lowpoly_plastic
0  -4.131190 -23.340611 -5.181636  -0.797681 0.000003 -0.603079  0.064370 0.664198 1 64 1.000000
0  -4.131191 -23.258263 -5.181636  -0.797691 -0.000008 -0.603067  0.064370 0.664198 1 64 1.000000
0  -3.702034 -23.258268 -5.749249  -0.797663 0.000037 -0.603103  0.064370 0.664198 1 64 1.000000
lowpoly_plastic
0  -3.702038 -23.340609 -5.749249  0.000000 0.000000 -1.000000  0.064370 0.664198 1 64 1.000000
0  -3.702034 -23.258268 -5.749249  0.000000 0.000000 -1.000000  0.064370 0.664198 1 64 1.000000
0  -3.546438 -23.258268 -5.749249  0.000000 0.000000 -1.000000  0.064370 0.664198 1 64 1.000000
lowpoly_plastic
0  -4.131190 -23.340611 -5.181636  -1.000000 -0.000002 -0.000002  0.064370 0.664198 1 64 1.000000
0  -4.131189 -23.340611 -4.066412  -1.000000 -0.000007 0.000000  0.064370 0.664198 1 64 1.000000
0  -4.131195 -23.258266 -4.165146  -1.000000 -0.000068 0.000000  0.064370 0.664198 1 64 1.000000
lowpoly_plastic
0  -4.131195 -23.258266 -4.165146  0.000002 -1.000000 -0.000000  0.075349 0.627009 1 64 1.000000
0  -4.149725 -23.258266 -4.163397  0.000000 -1.000000 -0.000000  0.075349 0.627009 1 64 1.000000
0  -4.149725 -23.258266 -5.179888  0.000204 -1.000000 -0.000002  0.075349 0.627009 1 64 1.000000
lowpoly_plastic
0  -3.712444 -23.258268 -5.759871  0.000079 -1.000000 0.000000  0.075349 0.627009 1 64 1.000000
0  -3.702034 -23.258268 -5.749249  0.000027 -1.000000 -0.000066  0.075349 0.627009 1 64 1.000000
0  -4.131191 -23.258263 -5.181636  0.000182 -1.000000 -0.000001  0.075349 0.627009 1 64 1.000000
lowpoly_plastic
0  -4.131191 -23.258263 -5.181636  0.000182 -1.000000 -0.000001  0.075349 0.627009 1 64 1.000000
0  -4.149725 -23.258266 -5.179888  0.000204 -1.000000 -0.000002  0.075349 0.627009 1 64 1.000000
0  -4.149725 -23.258266 -5.188523  0.000182 -1.000000 0.000000  0.075349 0.627009 1 64 1.000000
lowpoly_plastic
0  -4.131193 -23.505299 -4.165146  -1.000000 0.000031 0.000000  0.064370 0.664198 1 64 1.000000
0  -4.131191 -23.422955 -4.066412  -1.000000 0.000024 0.000000  0.064370 0.664198 1 64 1.000000
0  -4.131192 -23.422955 -5.181636  -1.000000 0.000022 0.000000  0.064370 0.664198 1 64 1.000000
lowpoly_plastic
0  -4.131191 -23.422955 -4.066412  -1.000000 0.000024 0.000000  0.064370 0.664198 1 64 1.000000
0  -4.131189 -23.340611 -4.066412  -1.000000 -0.000007 0.000000  0.064370 0.664198 1 64 1.000000
0  -4.131190 -23.340611 -5.181636  -1.000000 -0.000002 -0.000002  0.064370 0.664198 1 64 1.000000
lowpoly_plastic
0  -3.702036 -23.505293 -5.749249  0.000000 0.000000 -1.000000  0.064370 0.664198 1 64 1.000000
0  -3.702033 -23.422949 -5.749249  0.000000 0.000000 -1.000000  0.064370 0.664198 1 64 1.000000
0  -3.546436 -23.422953 -5.749249  0.000000 0.000000 -1.000000  0.064370 0.664198 1 64 1.000000
lowpoly_plastic
0  -3.702033 -23.422949 -5.749249  0.000000 0.000000 -1.000000  0.064370 0.664198 1 64 1.000000
0  -3.702038 -23.340609 -5.749249  0.000000 0.000000 -1.000000  0.064370 0.664198 1 64 1.000000
0  -3.546440 -23.340611 -5.749249  0.000000 0.000000 -1.000000  0.064370 0.664198 1 64 1.000000
lowpoly_plastic
0  -4.131194 -23.505299 -5.181636  -0.797662 0.000018 -0.603105  0.064370 0.664198 1 64 1.000000
0  -4.131192 -23.422955 -5.181636  -0.797667 0.000016 -0.603098  0.064370 0.664198 1 64 1.000000
0  -3.702033 -23.422949 -5.749249  -0.797671 -0.000006 -0.603092  0.064370 0.664198 1 64 1.000000
lowpoly_plastic
0  -3.702033 -23.422949 -5.749249  -0.797671 -0.000006 -0.603092  0.064370 0.664198 1 64 1.000000
0  -4.131192 -23.422955 -5.181636  -0.797667 0.000016 -0.603098  0.064370 0.664198 1 64 1.000000
0  -4.131190 -23.340611 -5.181636  -0.797681 0.000003 -0.603079  0.064370 0.664198 1 64 1.000000
lowpoly_plastic
0  -4.131192 -23.814905 -5.181636  -0.797684 0.000022 -0.603075  0.064370 0.664198 1 64 1.000000
0  -4.131190 -23.732563 -5.181636  -0.797686 0.000016 -0.603072  0.064370 0.664198 1 64 1.000000
0  -3.702038 -23.732559 -5.749249  -0.797659 -0.000037 -0.603109  0.064370 0.664198 1 64 1.000000
lowpoly_plastic
0  -3.702034 -23.814901 -5.749249  0.000000 -0.000012 -1.000000  0.064370 0.664198 1 64 1.000000
0  -3.702038 -23.732559 -5.749249  0.000000 0.000000 -1.000000  0.064370 0.664198 1 64 1.000000
0  -3.546434 -23.732559 -5.749249  0.000000 0.000000 -1.000000  0.064370 0.664198 1 64 1.000000
lowpoly_plastic
0  -4.131192 -23.814905 -5.181636  -1.000000 0.000027 0.000000  0.064370 0.664198 1 64 1.000000
0  -4.131191 -23.814905 -4.066411  -1.000000 0.000036 0.000000  0.064370 0.664198 1 64 1.000000
0  -4.131189 -23.732563 -4.165146  -1.000000 0.000023 0.000000  0.064370 0.664198 1 64 1.000000
lowpoly_plastic
0  -4.131189 -23.732563 -4.165146  0.000103 -1.000000 0.000001  0.075349 0.627009 1 64 1.000000
0  -4.149726 -23.732565 -4.163397  0.000103 -1.000000 0.000001  0.075349 0.627009 1 64 1.000000
0  -4.149726 -23.732565 -5.179888  0.000103 -1.000000 0.000000  0.075349 0.627009 1 64 1.000000
lowpoly_plastic
0  -3.712442 -23.732557 -5.759869  -0.000140 -1.000000 -0.000081  0.075349 0.627009 1 64 1.000000
0  -3.702038 -23.732559 -5.749249  -0.000077 -1.000000 -0.000046  0.075349 0.627009 1 64 1.000000
0  -4.131190 -23.732563 -5.181636  0.000093 -1.000000 -0.000001  0.075349 0.627009 1 64 1.000000
lowpoly_plastic
0  -4.131190 -23.732563 -5.181636  0.000093 -1.000000 -0.000001  0.075349 0.627009 1 64 1.000000
0  -4.149726 -23.732565 -5.179888  0.000103 -1.000000 0.000000  0.075349 0.627009 1 64 1.000000
0  -4.149726 -23.732565 -5.188523  0.000093 -1.000000 0.000000  0.075349 0.627009 1 64 1.000000
lowpoly_plastic
0  -4.131191 -23.979588 -4.165146  -1.000000 -0.000032 0.000000  0.064370 0.664198 1 64 1.000000
0  -4.131194 -23.897251 -4.066411  -1.000000 0.000019 0.000000  0.064370 0.664198 1 64 1.000000
0  -4.131195 -23.897251 -5.181636  -1.000000 -0.000007 0.000000  0.064370 0.664198 1 64 1.000000
lowpoly_plastic
0  -4.131194 -23.897251 -4.066411  -1.000000 0.000019 0.000000  0.064370 0.664198 1 64 1.000000
0  -4.131191 -23.814905 -4.066411  -1.000000 0.000036 0.000000  0.064370 0.664198 1 64 1.000000
0  -4.131192 -23.814905 -5.181636  -1.000000 0.000027 0.000000  0.064370 0.664198 1 64 1.000000
lowpoly_plastic
0  -3.702037 -23.979589 -5.749249  -0.000001 0.000023 -1.000000  0.064370 0.664198 1 64 1.000000
0  -3.702036 -23.897243 -5.749247  0.000001 -0.000000 -1.000000  0.064370 0.664198 1 64 1.000000
0  -3.546435 -23.897251 -5.749247  -0.000001 0.000000 -1.000000  0.064370 0.664198 1 64 1.000000
lowpoly_plastic
0  -3.702036 -23.897243 -5.749247  0.000001 -0.000000 -1.000000  0.064370 0.664198 1 64 1.000000
0  -3.702034 -23.814901 -5.749249  0.000000 -0.000012 -1.000000  0.064370 0.664198 1 64 1.000000
0  -3.546436 -23.814903 -5.749249  0.000000 -0.000012 -1.000000  0.064370 0.664198 1 64 1.000000
lowpoly_plastic
0  -4.131192 -23.979588 -5.181636  -0.797667 -0.000028 -0.603099  0.064370 0.664198 1 64 1.000000
0  -4.131195 -23.897251 -5.181636  -0.797674 -0.000001 -0.603089  0.064370 0.664198 1 64 1.000000
0  -3.702036 -23.897243 -5.749247  -0.797671 0.000014 -0.603093  0.064370 0.664198 1 64 1.000000
lowpoly_plastic
0  -4.131195 -23.897251 -5.181636  -0.797674 -0.000001 -0.603089  0.064370 0.664198 1 64 1.000000
0  -4.131192 -23.814905 -5.181636  -0.797684 0.000022 -0.603075  0.064370 0.664198 1 64 1.000000
0  -3.702034 -23.814901 -5.749249  -0.797658 -0.000017 -0.603110  0.064370 0.664198 1 64 1.000000
lowpoly_plastic
0  -4.131186 -24.289200 -5.181636  -0.797675 0.000004 -0.603088  0.064370 0.664198 1 64 1.000000
0  -4.131194 -24.206858 -5.181636  -0.797670 -0.000073 -0.603095  0.064370 0.664198 1 64 1.000000
0  -3.702034 -24.206852 -5.749247  -0.797670 0.000028 -0.603095  0.064370 0.664198 1 64 1.000000
lowpoly_plastic
0  -3.702036 -24.289196 -5.749249  -0.000000 0.000012 -1.000000  0.064370 0.664198 1 64 1.000000
0  -3.702034 -24.206852 -5.749247  -0.000000 0.000023 -1.000000  0.064370 0.664198 1 64 1.000000
0  -3.546438 -24.206850 -5.749247  -0.000000 0.000023 -1.000000  0.064370 0.664198 1 64 1.000000
lowpoly_plastic
0  -4.131186 -24.289200 -5.181636  -1.000000 0.000000 -0.000001  0.064370 0.664198 1 64 1.000000
0  -4.131189 -24.289196 -4.066411  -1.000000 0.000006 -0.000003  0.064370 0.664198 1 64 1.000000
0  -4.131195 -24.206854 -4.165146  -1.000000 -0.000075 -0.000003  0.064370 0.664198 1 64 1.000000
lowpoly_plastic
0  -4.131195 -24.206854 -4.165146  -0.000203 -1.000000 0.000007  0.075349 0.627009 1 64 1.000000
0  -4.149726 -24.206850 -4.163397  -0.000205 -1.000000 0.000007  0.075349 0.627009 1 64 1.000000
0  -4.149723 -24.206858 -5.179888  -0.000040 -1.000000 -0.000432  0.075349 0.627009 1 64 1.000000
lowpoly_plastic
0  -3.712446 -24.206854 -5.759869  0.000102 -1.000000 0.000235  0.075349 0.627009 1 64 1.000000
0  -3.702034 -24.206852 -5.749247  0.000071 -1.000000 0.000055  0.075349 0.627009 1 64 1.000000
0  -4.131194 -24.206858 -5.181636  -0.000166 -1.000000 -0.000245  0.075349 0.627009 1 64 1.000000
lowpoly_plastic
0  -4.131194 -24.206858 -5.181636  -0.000166 -1.000000 -0.000245  0.075349 0.627009 1 64 1.000000
0  -4.149723 -24.206858 -5.179888  -0.000040 -1.000000 -0.000432  0.075349 0.627009 1 64 1.000000
0  -4.149726 -24.206850 -5.188523  -0.000206 -1.000000 -0.000594  0.075349 0.627009 1 64 1.000000
lowpoly_plastic
0  -4.131194 -24.453884 -4.165144  -1.000000 0.000020 0.000000  0.064370 0.664198 1 64 1.000000
0  -4.131193 -24.371540 -4.066411  -1.000000 0.000037 -0.000002  0.064370 0.664198 1 64 1.000000
0  -4.131194 -24.371540 -5.181636  -1.000000 0.000047 0.000000  0.064370 0.664198 1 64 1.000000
lowpoly_plastic
0  -4.131193 -24.371540 -4.066411  -1.000000 0.000037 -0.000002  0.064370 0.664198 1 64 1.000000
0  -4.131189 -24.289196 -4.066411  -1.000000 0.000006 -0.000003  0.064370 0.664198 1 64 1.000000
0  -4.131186 -24.289200 -5.181636  -1.000000 0.000000 -0.000001  0.064370 0.664198 1 64 1.000000
lowpoly_plastic
0  -3.702032 -24.453884 -5.749249  -0.000000 0.000000 -1.000000  0.064370 0.664198 1 64 1.000000
0  -3.702039 -24.371540 -5.749249  -0.000000 0.000000 -1.000000  0.064370 0.664198 1 64 1.000000
0  -3.546436 -24.371534 -5.749249  -0.000000 0.000000 -1.000000  0.064370 0.664198 1 64 1.000000
lowpoly_plastic
0  -3.702039 -24.371540 -5.749249  -0.000000 0.000000 -1.000000  0.064370 0.664198 1 64 1.000000
0  -3.702036 -24.289196 -5.749249  -0.000000 0.000012 -1.000000  0.064370 0.664198 1 64 1.000000
0  -3.546441 -24.289196 -5.749249  0.000000 0.000012 -1.000000  0.064370 0.664198 1 64 1.000000
lowpoly_plastic
0  -4.131195 -24.453884 -5.181636  -0.797662 0.000009 -0.603105  0.064370 0.664198 1 64 1.000000
0  -4.131194 -24.371540 -5.181636  -0.797671 0.000043 -0.603093  0.064370 0.664198 1 64 1.000000
0  -3.702039 -24.371540 -5.749249  -0.797672 -0.000025 -0.603092  0.064370 0.664198 1 64 1.000000
lowpoly_plastic
0  -4.131194 -24.371540 -5.181636  -0.797671 0.000043 -0.603093  0.064370 0.664198 1 64 1.000000
0  -4.131186 -24.289200 -5.181636  -0.797675 0.000004 -0.603088  0.064370 0.664198 1 64 1.000000
0  -3.702036 -24.289196 -5.749249  -0.797674 0.000032 -0.603089  0.064370 0.664198 1 64 1.000000
lowpoly_plastic
0  -4.131192 -24.763491 -5.181634  -0.797667 0.000018 -0.603099  0.064370 0.664198 1 64 1.000000
0  -4.131191 -24.681147 -5.181636  -0.797676 -0.000008 -0.603086  0.064370 0.664198 1 64 1.000000
0  -3.702034 -24.681150 -5.749247  -0.797682 0.000040 -0.603078  0.064370 0.664198 1 64 1.000000
lowpoly_plastic
0  -3.702037 -24.763496 -5.749249  -0.000000 0.000012 -1.000000  0.064370 0.664198 1 64 1.000000
0  -3.702034 -24.681150 -5.749247  -0.000000 0.000023 -1.000000  0.064370 0.664198 1 64 1.000000
0  -3.546441 -24.681147 -5.749247  -0.000000 0.000023 -1.000000  0.064370 0.664198 1 64 1.000000
lowpoly_plastic
0  -4.131192 -24.763491 -5.181634  -1.000000 0.000030 0.000000  0.064370 0.664198 1 64 1.000000
0  -4.131191 -24.763491 -4.066411  -1.000000 0.000035 0.000000  0.064370 0.664198 1 64 1.000000
0  -4.131190 -24.681147 -4.165144  -1.000000 -0.000003 0.000000  0.064370 0.664198 1 64 1.000000
lowpoly_plastic
0  -4.131190 -24.681147 -4.165144  0.000103 -1.000000 0.000000  0.075349 0.627009 1 64 1.000000
0  -4.149727 -24.681149 -4.163397  0.000103 -1.000000 0.000000  0.075349 0.627009 1 64 1.000000
0  -4.149727 -24.681149 -5.179888  0.000103 -1.000000 0.000000  0.075349 0.627009 1 64 1.000000
lowpoly_plastic
0  -3.712447 -24.681147 -5.759869  -0.000206 -1.000000 -0.000197  0.075349 0.627009 1 64 1.000000
0  -3.702034 -24.681150 -5.749247  -0.000121 -1.000000 -0.000199  0.075349 0.627009 1 64 1.000000
0  -4.131191 -24.681147 -5.181636  0.000091 -1.000000 0.000135  0.075349 0.627009 1 64 1.000000
lowpoly_plastic
0  -4.131191 -24.681147 -5.181636  0.000091 -1.000000 0.000135  0.075349 0.627009 1 64 1.000000
0  -4.149727 -24.681149 -5.179888  0.000103 -1.000000 0.000000  0.075349 0.627009 1 64 1.000000
0  -4.149727 -24.681149 -5.188523  0.000092 -1.000000 0.000144  0.075349 0.627009 1 64 1.000000
lowpoly_plastic
0  -4.131187 -24.928177 -4.165144  -1.000000 -0.000083 0.000000  0.064370 0.664198 1 64 1.000000
0  -4.131194 -24.845833 -4.066411  -1.000000 0.000010 0.000000  0.064370 0.664198 1 64 1.000000
0  -4.131195 -24.845833 -5.181636  -1.000000 -0.000033 0.000000  0.064370 0.664198 1 64 1.000000
lowpoly_plastic
0  -4.131194 -24.845833 -4.066411  -1.000000 0.000010 0.000000  0.064370 0.664198 1 64 1.000000
0  -4.131191 -24.763491 -4.066411  -1.000000 0.000035 0.000000  0.064370 0.664198 1 64 1.000000
0  -4.131192 -24.763491 -5.181634  -1.000000 0.000030 0.000000  0.064370 0.664198 1 64 1.000000
lowpoly_plastic
0  -3.546439 -24.928179 -5.749247  0.000000 -0.000023 -1.000000  0.064370 0.664198 1 64 1.000000
0  -3.702039 -24.928173 -5.749247  0.000000 -0.000023 -1.000000  0.064370 0.664198 1 64 1.000000
0  -3.702037 -24.845831 -5.749249  -0.000000 -0.000012 -1.000000  0.064370 0.664198 1 64 1.000000
lowpoly_plastic
0  -3.702037 -24.845831 -5.749249  -0.000000 -0.000012 -1.000000  0.064370 0.664198 1 64 1.000000
0  -3.702037 -24.763496 -5.749249  -0.000000 0.000012 -1.000000  0.064370 0.664198 1 64 1.000000
0  -3.546434 -24.763491 -5.749249  -0.000000 0.000012 -1.000000  0.064370 0.664198 1 64 1.000000
lowpoly_plastic
0  -4.131188 -24.928177 -5.181636  -0.797664 -0.000060 -0.603103  0.064370 0.664198 1 64 1.000000
0  -4.131195 -24.845833 -5.181636  -0.797659 -0.000014 -0.603109  0.064370 0.664198 1 64 1.000000
0  -3.702037 -24.845831 -5.749249  -0.797673 -0.000000 -0.603090  0.064370 0.664198 1 64 1.000000
lowpoly_plastic
0  -4.131195 -24.845833 -5.181636  -0.797659 -0.000014 -0.603109  0.064370 0.664198 1 64 1.000000
0  -4.131192 -24.763491 -5.181634  -0.797667 0.000018 -0.603099  0.064370 0.664198 1 64 1.000000
0  -3.702037 -24.763496 -5.749249  -0.797671 0.000023 -0.603093  0.064370 0.664198 1 64 1.000000
lowpoly_plastic
0  -4.149724 -18.894789 -3.872228  -1.000000 -0.000003 -0.000000  0.075349 0.627009 1 64 1.000000
0  -4.149724 -16.791492 -3.872227  -1.000000 0.000001 0.000000  0.075349 0.627009 1 64 1.000000
0  -4.149724 -16.791492 -5.479147  -1.000000 0.000001 -0.000000  0.075349 0.627009 1 64 1.000000
lowpoly_plastic
0  -4.149724 -19.175234 -5.249238  -1.000000 0.000010 -0.000001  0.075349 0.627009 1 64 1.000000
0  -4.149723 -19.175234 -3.872228  -1.000000 0.000003 0.000000  0.075349 0.627009 1 64 1.000000
0  -4.149724 -18.894789 -3.872228  -1.000000 -0.000003 -0.000000  0.075349 0.627009 1 64 1.000000
lowpoly_plastic
0  -4.149727 -24.928177 -5.188523  -1.000000 0.000002 0.000000  0.075349 0.627009 1 64 1.000000
0  -4.149730 -26.124832 -5.188523  -1.000000 0.000002 0.000000  0.075349 0.627009 1 64 1.000000
0  -4.149727 -24.928177 -5.179888  -1.000000 0.000003 0.000000  0.075349 0.627009 1 64 1.000000
lowpoly_plastic
0  -4.149727 -19.455673 -3.872228  -1.000000 0.000001 -0.000006  0.075349 0.627009 1 64 1.000000
0  -4.149727 -19.455673 -5.188522  -1.000000 -0.000171 0.000000  0.075349 0.627009 1 64 1.000000
0  -4.149724 -19.463913 -4.163396  -1.000000 -0.000211 -0.000002  0.075349 0.627009 1 64 1.000000
lowpoly_plastic
0  -4.149724 -19.463913 -5.188522  -1.000000 -0.000419 0.000000  0.075349 0.627009 1 64 1.000000
0  -4.149724 -19.463913 -5.179889  -1.000000 -0.000360 0.000000  0.075349 0.627009 1 64 1.000000
0  -4.149727 -19.455673 -5.188522  -1.000000 -0.000171 0.000000  0.075349 0.627009 1 64 1.000000
lowpoly_plastic
0  -4.149727 -19.455673 -5.188522  -1.000000 -0.000171 0.000000  0.075349 0.627009 1 64 1.000000
0  -4.149724 -19.463913 -5.179889  -1.000000 -0.000360 0.000000  0.075349 0.627009 1 64 1.000000
0  -4.149724 -19.463913 -4.163396  -1.000000 -0.000211 -0.000002  0.075349 0.627009 1 64 1.000000
lowpoly_plastic
0  -4.149727 -24.928177 -5.179888  -1.000000 0.000003 0.000000  0.075349 0.627009 1 64 1.000000
0  -4.149730 -26.124832 -5.188523  -1.000000 0.000002 0.000000  0.075349 0.627009 1 64 1.000000
0  -4.149727 -24.928177 -4.163397  -1.000000 0.000006 0.000016  0.075349 0.627009 1 64 1.000000
lowpoly_plastic
0  -4.149727 -24.928177 -4.163397  -1.000000 0.000006 0.000016  0.075349 0.627009 1 64 1.000000
0  -4.149730 -26.124832 -5.188523  -1.000000 0.000002 0.000000  0.075349 0.627009 1 64 1.000000
0  -4.149730 -26.124832 -3.872225  -1.000000 0.000001 -0.000001  0.075349 0.627009 1 64 1.000000
lowpoly_plastic
0  -4.149727 -19.455673 -3.872228  -1.000000 0.000001 -0.000006  0.075349 0.627009 1 64 1.000000
0  -4.149724 -19.463913 -4.163396  -1.000000 -0.000211 -0.000002  0.075349 0.627009 1 64 1.000000
0  -4.149727 -19.546261 -4.064662  -1.000000 -0.000024 0.000011  0.075349 0.627009 1 64 1.000000
lowpoly_plastic
0  -4.149727 -19.455673 -3.872228  -1.000000 0.000001 -0.000006  0.075349 0.627009 1 64 1.000000
0  -4.149727 -19.546261 -4.064662  -1.000000 -0.000024 0.000011  0.075349 0.627009 1 64 1.000000
0  -4.149721 -19.628599 -4.064662  -1.000000 -0.000013 -0.000010  0.075349 0.627009 1 64 1.000000
lowpoly_plastic
0  -4.149723 -24.845833 -4.064662  -1.000000 -0.000048 -0.000362  0.075349 0.627009 1 64 1.000000
0  -4.149727 -24.928177 -4.163397  -1.000000 0.000006 0.000016  0.075349 0.627009 1 64 1.000000
0  -4.149730 -26.124832 -3.872225  -1.000000 0.000001 -0.000001  0.075349 0.627009 1 64 1.000000
lowpoly_plastic
0  -4.149729 -24.763493 -4.064662  -1.000000 -0.000001 -0.000012  0.075349 0.627009 1 64 1.000000
0  -4.149723 -24.845833 -4.064662  -1.000000 -0.000048 -0.000362  0.075349 0.627009 1 64 1.000000
0  -4.149730 -26.124832 -3.872225  -1.000000 0.000001 -0.000001  0.075349 0.627009 1 64 1.000000
lowpoly_plastic
0  -4.149730 -26.124832 -3.872225  -1.000000 0.000001 -0.000001  0.075349 0.627009 1 64 1.000000
0  -4.149729 -23.340611 -4.064663  -1.000000 0.000003 0.000019  0.075349 0.627009 1 64 1.000000
0  -4.149721 -23.422953 -4.064663  -0.999999 -0.000067 -0.001024  0.075349 0.627009 1 64 1.000000
lowpoly_plastic
0  -4.149727 -24.681149 -5.188523  -1.000000 0.000019 0.000000  0.075349 0.627009 1 64 1.000000
0  -4.149727 -24.681149 -5.179888  -1.000000 0.000018 0.000000  0.075349 0.627009 1 64 1.000000
0  -4.149724 -24.453880 -5.179888  -1.000000 0.000016 0.000000  0.075349 0.627009 1 64 1.000000
lowpoly_plastic
0  -4.149724 -24.453880 -5.179888  -1.000000 0.000016 0.000000  0.075349 0.627009 1 64 1.000000
0  -4.149724 -24.453880 -5.188523  -1.000000 0.000015 0.000000  0.075349 0.627009 1 64 1.000000
0  -4.149727 -24.681149 -5.188523  -1.000000 0.000019 0.000000  0.075349 0.627009 1 64 1.000000
lowpoly_plastic
0  -4.149723 -24.453880 -4.163397  -1.000000 0.000018 -0.000037  0.075349 0.627009 1 64 1.000000
0  -4.149724 -24.453880 -5.179888  -1.000000 0.000016 0.000000  0.075349 0.627009 1 64 1.000000
0  -4.149727 -24.681149 -5.179888  -1.000000 0.000018 0.000000  0.075349 0.627009 1 64 1.000000
lowpoly_plastic
0  -4.149723 -24.453880 -4.163397  -1.000000 0.000018 -0.000037  0.075349 0.627009 1 64 1.000000
0  -4.149727 -24.681149 -5.179888  -1.000000 0.000018 0.000000  0.075349 0.627009 1 64 1.000000
0  -4.149727 -24.681149 -4.163397  -1.000000 0.000009 -0.000014  0.075349 0.627009 1 64 1.000000
lowpoly_plastic
0  -4.149728 -24.371540 -4.064663  -1.000000 0.000031 0.000222  0.075349 0.627009 1 64 1.000000
0  -4.149723 -24.453880 -4.163397  -1.000000 0.000018 -0.000037  0.075349 0.627009 1 64 1.000000
0  -4.149727 -24.681149 -4.163397  -1.000000 0.000009 -0.000014  0.075349 0.627009 1 64 1.000000
lowpoly_plastic
0  -4.149728 -24.371540 -4.064663  -1.000000 0.000031 0.000222  0.075349 0.627009 1 64 1.000000
0  -4.149727 -24.681149 -4.163397  -1.000000 0.000009 -0.000014  0.075349 0.627009 1 64 1.000000
0  -4.149729 -24.763493 -4.064662  -1.000000 -0.000001 -0.000012  0.075349 0.627009 1 64 1.000000
lowpoly_plastic
0  -4.149728 -24.371540 -4.064663  -1.000000 0.000031 0.000222  0.075349 0.627009 1 64 1.000000
0  -4.149729 -24.763493 -4.064662  -1.000000 -0.000001 -0.000012  0.075349 0.627009 1 64 1.000000
0  -4.149730 -26.124832 -3.872225  -1.000000 0.000001 -0.000001  0.075349 0.627009 1 64 1.000000
lowpoly_plastic
0  -4.149722 -19.710945 -5.179889  -1.000000 0.000016 0.000000  0.075349 0.627009 1 64 1.000000
0  -4.149722 -19.710945 -5.188522  -1.000000 0.000015 0.000000  0.075349 0.627009 1 64 1.000000
0  -4.149726 -19.938211 -5.188522  -1.000000 0.000023 0.000000  0.075349 0.627009 1 64 1.000000
lowpoly_plastic
0  -4.149726 -19.938211 -5.188522  -1.000000 0.000023 0.000000  0.075349 0.627009 1 64 1.000000
0  -4.149726 -19.938211 -5.179889  -1.000000 0.000020 0.000000  0.075349 0.627009 1 64 1.000000
0  -4.149722 -19.710945 -5.179889  -1.000000 0.000016 0.000000  0.075349 0.627009 1 64 1.000000
lowpoly_plastic
0  -4.149722 -19.710945 -5.179889  -1.000000 0.000016 0.000000  0.075349 0.627009 1 64 1.000000
0  -4.149726 -19.938211 -5.179889  -1.000000 0.000020 0.000000  0.075349 0.627009 1 64 1.000000
0  -4.149726 -19.938211 -4.163396  -1.000000 0.000018 0.000031  0.075349 0.627009 1 64 1.000000
lowpoly_plastic
0  -4.149722 -19.710945 -4.163396  -1.000000 0.000009 0.000008  0.075349 0.627009 1 64 1.000000
0  -4.149722 -19.710945 -5.179889  -1.000000 0.000016 0.000000  0.075349 0.627009 1 64 1.000000
0  -4.149726 -19.938211 -4.163396  -1.000000 0.000018 0.000031  0.075349 0.627009 1 64 1.000000
lowpoly_plastic
0  -4.149722 -19.710945 -4.163396  -1.000000 0.000009 0.000008  0.075349 0.627009 1 64 1.000000
0  -4.149726 -19.938211 -4.163396  -1.000000 0.000018 0.000031  0.075349 0.627009 1 64 1.000000
0  -4.149722 -20.020554 -4.064662  -1.000000 0.000013 -0.000036  0.075349 0.627009 1 64 1.000000
lowpoly_plastic
0  -4.149725 -24.289196 -4.064663  -1.000000 0.000001 -0.000009  0.075349 0.627009 1 64 1.000000
0  -4.149728 -24.371540 -4.064663  -1.000000 0.000031 0.000222  0.075349 0.627009 1 64 1.000000
0  -4.149730 -26.124832 -3.872225  -1.000000 0.000001 -0.000001  0.075349 0.627009 1 64 1.000000
lowpoly_plastic
0  -4.149726 -24.206850 -5.188523  -1.000000 -0.000015 0.000442  0.075349 0.627009 1 64 1.000000
0  -4.149723 -24.206858 -5.179888  -1.000000 -0.000024 0.000214  0.075349 0.627009 1 64 1.000000
0  -4.149730 -23.979586 -5.188523  -1.000000 -0.000034 0.000011  0.075349 0.627009 1 64 1.000000
lowpoly_plastic
0  -4.149730 -23.979586 -5.188523  -1.000000 -0.000034 0.000011  0.075349 0.627009 1 64 1.000000
0  -4.149723 -24.206858 -5.179888  -1.000000 -0.000024 0.000214  0.075349 0.627009 1 64 1.000000
0  -4.149730 -23.979586 -5.179888  -1.000000 -0.000032 -0.000001  0.075349 0.627009 1 64 1.000000
lowpoly_plastic
0  -4.149730 -23.979586 -5.179888  -1.000000 -0.000032 -0.000001  0.075349 0.627009 1 64 1.000000
0  -4.149723 -24.206858 -5.179888  -1.000000 -0.000024 0.000214  0.075349 0.627009 1 64 1.000000
0  -4.149726 -24.206850 -4.163397  -1.000000 -0.000009 0.000010  0.075349 0.627009 1 64 1.000000
lowpoly_plastic
0  -4.149730 -23.979586 -4.163397  -1.000000 -0.000018 0.000037  0.075349 0.627009 1 64 1.000000
0  -4.149730 -23.979586 -5.179888  -1.000000 -0.000032 -0.000001  0.075349 0.627009 1 64 1.000000
0  -4.149726 -24.206850 -4.163397  -1.000000 -0.000009 0.000010  0.075349 0.627009 1 64 1.000000
lowpoly_plastic
0  -4.149725 -23.897249 -4.064663  -1.000000 0.000026 0.000296  0.075349 0.627009 1 64 1.000000
0  -4.149730 -23.979586 -4.163397  -1.000000 -0.000018 0.000037  0.075349 0.627009 1 64 1.000000
0  -4.149726 -24.206850 -4.163397  -1.000000 -0.000009 0.000010  0.075349 0.627009 1 64 1.000000
lowpoly_plastic
0  -4.149725 -23.897249 -4.064663  -1.000000 0.000026 0.000296  0.075349 0.627009 1 64 1.000000
0  -4.149726 -24.206850 -4.163397  -1.000000 -0.000009 0.000010  0.075349 0.627009 1 64 1.000000
0  -4.149725 -24.289196 -4.064663  -1.000000 0.000001 -0.000009  0.075349 0.627009 1 64 1.000000
lowpoly_plastic
0  -4.149722 -23.814905 -4.064663  -1.000000 0.000003 0.000009  0.075349 0.627009 1 64 1.000000
0  -4.149725 -23.897249 -4.064663  -1.000000 0.000026 0.000296  0.075349 0.627009 1 64 1.000000
0  -4.149730 -26.124832 -3.872225  -1.000000 0.000001 -0.000001  0.075349 0.627009 1 64 1.000000
lowpoly_plastic
0  -4.149721 -19.628599 -4.064662  -1.000000 -0.000013 -0.000010  0.075349 0.627009 1 64 1.000000
0  -4.149722 -19.710945 -4.163396  -1.000000 0.000009 0.000008  0.075349 0.627009 1 64 1.000000
0  -4.149722 -20.020554 -4.064662  -1.000000 0.000013 -0.000036  0.075349 0.627009 1 64 1.000000
lowpoly_plastic
0  -4.149727 -19.455673 -3.872228  -1.000000 0.000001 -0.000006  0.075349 0.627009 1 64 1.000000
0  -4.149721 -19.628599 -4.064662  -1.000000 -0.000013 -0.000010  0.075349 0.627009 1 64 1.000000
0  -4.149722 -20.020554 -4.064662  -1.000000 0.000013 -0.000036  0.075349 0.627009 1 64 1.000000
lowpoly_plastic
0  -4.149725 -23.897249 -4.064663  -1.000000 0.000026 0.000296  0.075349 0.627009 1 64 1.000000
0  -4.149725 -24.289196 -4.064663  -1.000000 0.000001 -0.000009  0.075349 0.627009 1 64 1.000000
0  -4.149730 -26.124832 -3.872225  -1.000000 0.000001 -0.000001  0.075349 0.627009 1 64 1.000000
lowpoly_plastic
0  -4.149726 -23.732565 -5.188523  -1.000000 0.000011 0.000000  0.075349 0.627009 1 64 1.000000
0  -4.149726 -23.732565 -5.179888  -1.000000 0.000010 0.000000  0.075349 0.627009 1 64 1.000000
0  -4.149724 -23.505297 -5.188523  -1.000000 0.000011 0.000000  0.075349 0.627009 1 64 1.000000
lowpoly_plastic
0  -4.149724 -23.505297 -5.188523  -1.000000 0.000011 0.000000  0.075349 0.627009 1 64 1.000000
0  -4.149726 -23.732565 -5.179888  -1.000000 0.000010 0.000000  0.075349 0.627009 1 64 1.000000
0  -4.149724 -23.505297 -5.179888  -1.000000 0.000010 0.000000  0.075349 0.627009 1 64 1.000000
lowpoly_plastic
0  -4.149724 -23.505297 -5.179888  -1.000000 0.000010 0.000000  0.075349 0.627009 1 64 1.000000
0  -4.149726 -23.732565 -5.179888  -1.000000 0.000010 0.000000  0.075349 0.627009 1 64 1.000000
0  -4.149726 -23.732565 -4.163397  -1.000000 0.000009 0.000022  0.075349 0.627009 1 64 1.000000
lowpoly_plastic
0  -4.149723 -23.505297 -4.163397  -1.000000 0.000015 0.000005  0.075349 0.627009 1 64 1.000000
0  -4.149724 -23.505297 -5.179888  -1.000000 0.000010 0.000000  0.075349 0.627009 1 64 1.000000
0  -4.149726 -23.732565 -4.163397  -1.000000 0.000009 0.000022  0.075349 0.627009 1 64 1.000000
lowpoly_plastic
0  -4.149721 -23.422953 -4.064663  -0.999999 -0.000067 -0.001024  0.075349 0.627009 1 64 1.000000
0  -4.149723 -23.505297 -4.163397  -1.000000 0.000015 0.000005  0.075349 0.627009 1 64 1.000000
0  -4.149726 -23.732565 -4.163397  -1.000000 0.000009 0.000022  0.075349 0.627009 1 64 1.000000
lowpoly_plastic
0  -4.149721 -23.422953 -4.064663  -0.999999 -0.000067 -0.001024  0.075349 0.627009 1 64 1.000000
0  -4.149726 -23.732565 -4.163397  -1.000000 0.000009 0.000022  0.075349 0.627009 1 64 1.000000
0  -4.149722 -23.814905 -4.064663  -1.000000 0.000003 0.000009  0.075349 0.627009 1 64 1.000000
lowpoly_plastic
0  -4.149721 -23.422953 -4.064663  -0.999999 -0.000067 -0.001024  0.075349 0.627009 1 64 1.000000
0  -4.149722 -23.814905 -4.064663  -1.000000 0.000003 0.000009  0.075349 0.627009 1 64 1.000000
0  -4.149730 -26.124832 -3.872225  -1.000000 0.000001 -0.000001  0.075349 0.627009 1 64 1.000000
lowpoly_plastic
0  -4.149727 -19.455673 -3.872228  -1.000000 0.000001 -0.000006  0.075349 0.627009 1 64 1.000000
0  -4.149722 -20.020554 -4.064662  -1.000000 0.000013 -0.000036  0.075349 0.627009 1 64 1.000000
0  -4.149723 -20.102898 -4.064662  -1.000000 -0.000002 -0.000015  0.075349 0.627009 1 64 1.000000
lowpoly_plastic
0  -4.149730 -26.124832 -3.872225  -1.000000 0.000001 -0.000001  0.075349 0.627009 1 64 1.000000
0  -4.149727 -19.455673 -3.872228  -1.000000 0.000001 -0.000006  0.075349 0.627009 1 64 1.000000
0  -4.149726 -22.866314 -4.064663  -1.000000 0.000000 -0.000001  0.075349 0.627009 1 64 1.000000
lowpoly_plastic
0  -4.149725 -20.185242 -5.179889  -1.000000 -0.000008 -0.000215  0.075349 0.627009 1 64 1.000000
0  -4.149722 -20.185232 -5.188522  -1.000000 0.000000 -0.000442  0.075349 0.627009 1 64 1.000000
0  -4.149722 -20.412504 -5.188522  -1.000000 -0.000017 -0.000011  0.075349 0.627009 1 64 1.000000
lowpoly_plastic
0  -4.149722 -20.412504 -5.188522  -1.000000 -0.000017 -0.000011  0.075349 0.627009 1 64 1.000000
0  -4.149722 -20.412504 -5.179887  -1.000000 -0.000017 0.000000  0.075349 0.627009 1 64 1.000000
0  -4.149725 -20.185242 -5.179889  -1.000000 -0.000008 -0.000215  0.075349 0.627009 1 64 1.000000
lowpoly_plastic
0  -4.149725 -20.185242 -5.179889  -1.000000 -0.000008 -0.000215  0.075349 0.627009 1 64 1.000000
0  -4.149722 -20.412504 -5.179887  -1.000000 -0.000017 0.000000  0.075349 0.627009 1 64 1.000000
0  -4.149721 -20.412504 -4.163396  -1.000000 -0.000008 -0.000007  0.075349 0.627009 1 64 1.000000
lowpoly_plastic
0  -4.149725 -20.185242 -4.163396  -1.000000 -0.000018 0.000020  0.075349 0.627009 1 64 1.000000
0  -4.149725 -20.185242 -5.179889  -1.000000 -0.000008 -0.000215  0.075349 0.627009 1 64 1.000000
0  -4.149721 -20.412504 -4.163396  -1.000000 -0.000008 -0.000007  0.075349 0.627009 1 64 1.000000
lowpoly_plastic
0  -4.149725 -20.185242 -4.163396  -1.000000 -0.000018 0.000020  0.075349 0.627009 1 64 1.000000
0  -4.149721 -20.412504 -4.163396  -1.000000 -0.000008 -0.000007  0.075349 0.627009 1 64 1.000000
0  -4.149723 -20.102898 -4.064662  -1.000000 -0.000002 -0.000015  0.075349 0.627009 1 64 1.000000
lowpoly_plastic
0  -4.149725 -23.258266 -5.188523  -1.000000 -0.000015 -0.000013  0.075349 0.627009 1 64 1.000000
0  -4.149725 -23.258266 -5.179888  -1.000000 -0.000012 0.000000  0.075349 0.627009 1 64 1.000000
0  -4.149728 -23.031002 -5.179888  -1.000000 0.000001 -0.000269  0.075349 0.627009 1 64 1.000000
lowpoly_plastic
0  -4.149728 -23.031002 -5.179888  -1.000000 0.000001 -0.000269  0.075349 0.627009 1 64 1.000000
0  -4.149724 -23.031000 -5.188523  -1.000000 0.000011 -0.000552  0.075349 0.627009 1 64 1.000000
0  -4.149725 -23.258266 -5.188523  -1.000000 -0.000015 -0.000013  0.075349 0.627009 1 64 1.000000
lowpoly_plastic
0  -4.149728 -23.031002 -4.163397  -1.000000 -0.000014 0.000012  0.075349 0.627009 1 64 1.000000
0  -4.149728 -23.031002 -5.179888  -1.000000 0.000001 -0.000269  0.075349 0.627009 1 64 1.000000
0  -4.149725 -23.258266 -5.179888  -1.000000 -0.000012 0.000000  0.075349 0.627009 1 64 1.000000
lowpoly_plastic
0  -4.149728 -23.031002 -4.163397  -1.000000 -0.000014 0.000012  0.075349 0.627009 1 64 1.000000
0  -4.149725 -23.258266 -5.179888  -1.000000 -0.000012 0.000000  0.075349 0.627009 1 64 1.000000
0  -4.149725 -23.258266 -4.163397  -1.000000 -0.000005 -0.000016  0.075349 0.627009 1 64 1.000000
lowpoly_plastic
0  -4.149727 -22.948658 -4.064663  -1.000000 0.000004 0.000136  0.075349 0.627009 1 64 1.000000
0  -4.149728 -23.031002 -4.163397  -1.000000 -0.000014 0.000012  0.075349 0.627009 1 64 1.000000
0  -4.149725 -23.258266 -4.163397  -1.000000 -0.000005 -0.000016  0.075349 0.627009 1 64 1.000000
lowpoly_plastic
0  -4.149727 -22.948658 -4.064663  -1.000000 0.000004 0.000136  0.075349 0.627009 1 64 1.000000
0  -4.149725 -23.258266 -4.163397  -1.000000 -0.000005 -0.000016  0.075349 0.627009 1 64 1.000000
0  -4.149729 -23.340611 -4.064663  -1.000000 0.000003 0.000019  0.075349 0.627009 1 64 1.000000
lowpoly_plastic
0  -4.149726 -22.866314 -4.064663  -1.000000 0.000000 -0.000001  0.075349 0.627009 1 64 1.000000
0  -4.149727 -22.948658 -4.064663  -1.000000 0.000004 0.000136  0.075349 0.627009 1 64 1.000000
0  -4.149730 -26.124832 -3.872225  -1.000000 0.000001 -0.000001  0.075349 0.627009 1 64 1.000000
lowpoly_plastic
0  -4.149723 -20.102898 -4.064662  -1.000000 -0.000002 -0.000015  0.075349 0.627009 1 64 1.000000
0  -4.149721 -20.412504 -4.163396  -1.000000 -0.000008 -0.000007  0.075349 0.627009 1 64 1.000000
0  -4.149723 -20.494848 -4.064662  -1.000000 0.000000 -0.000020  0.075349 0.627009 1 64 1.000000
lowpoly_plastic
0  -4.149727 -22.948658 -4.064663  -1.000000 0.000004 0.000136  0.075349 0.627009 1 64 1.000000
0  -4.149729 -23.340611 -4.064663  -1.000000 0.000003 0.000019  0.075349 0.627009 1 64 1.000000
0  -4.149730 -26.124832 -3.872225  -1.000000 0.000001 -0.000001  0.075349 0.627009 1 64 1.000000
lowpoly_plastic
0  -4.149724 -22.783970 -5.188523  -1.000000 -0.000015 -0.000221  0.075349 0.627009 1 64 1.000000
0  -4.149726 -22.783979 -5.179888  -1.000000 -0.000007 -0.000109  0.075349 0.627009 1 64 1.000000
0  -4.149727 -22.556705 -5.188523  -1.000000 -0.000004 -0.000005  0.075349 0.627009 1 64 1.000000
lowpoly_plastic
0  -4.149727 -22.556705 -5.188523  -1.000000 -0.000004 -0.000005  0.075349 0.627009 1 64 1.000000
0  -4.149726 -22.783979 -5.179888  -1.000000 -0.000007 -0.000109  0.075349 0.627009 1 64 1.000000
0  -4.149727 -22.556705 -5.179888  -1.000000 -0.000001 -0.000001  0.075349 0.627009 1 64 1.000000
lowpoly_plastic
0  -4.149727 -22.556705 -5.179888  -1.000000 -0.000001 -0.000001  0.075349 0.627009 1 64 1.000000
0  -4.149726 -22.783979 -5.179888  -1.000000 -0.000007 -0.000109  0.075349 0.627009 1 64 1.000000
0  -4.149729 -22.783974 -4.163397  -1.000000 0.000004 0.000015  0.075349 0.627009 1 64 1.000000
lowpoly_plastic
0  -4.149727 -22.556705 -4.163397  -1.000000 0.000008 0.000002  0.075349 0.627009 1 64 1.000000
0  -4.149727 -22.556705 -5.179888  -1.000000 -0.000001 -0.000001  0.075349 0.627009 1 64 1.000000
0  -4.149729 -22.783974 -4.163397  -1.000000 0.000004 0.000015  0.075349 0.627009 1 64 1.000000
lowpoly_plastic
0  -4.149726 -22.474363 -4.064663  -1.000000 0.000001 -0.000001  0.075349 0.627009 1 64 1.000000
0  -4.149727 -22.556705 -4.163397  -1.000000 0.000008 0.000002  0.075349 0.627009 1 64 1.000000
0  -4.149729 -22.783974 -4.163397  -1.000000 0.000004 0.000015  0.075349 0.627009 1 64 1.000000
lowpoly_plastic
0  -4.149726 -22.474363 -4.064663  -1.000000 0.000001 -0.000001  0.075349 0.627009 1 64 1.000000
0  -4.149729 -22.783974 -4.163397  -1.000000 0.000004 0.000015  0.075349 0.627009 1 64 1.000000
0  -4.149726 -22.866314 -4.064663  -1.000000 0.000000 -0.000001  0.075349 0.627009 1 64 1.000000
lowpoly_plastic
0  -4.149726 -22.392029 -4.064663  -1.000000 -0.000000 -0.000004  0.075349 0.627009 1 64 1.000000
0  -4.149726 -22.474363 -4.064663  -1.000000 0.000001 -0.000001  0.075349 0.627009 1 64 1.000000
0  -4.149727 -19.455673 -3.872228  -1.000000 0.000001 -0.000006  0.075349 0.627009 1 64 1.000000
lowpoly_plastic
0  -4.149724 -20.659531 -5.179887  -1.000000 0.000016 0.000000  0.075349 0.627009 1 64 1.000000
0  -4.149724 -20.659531 -5.188522  -1.000000 0.000015 0.000000  0.075349 0.627009 1 64 1.000000
0  -4.149727 -20.886795 -5.188522  -1.000000 0.000019 0.000000  0.075349 0.627009 1 64 1.000000
lowpoly_plastic
0  -4.149727 -20.886795 -5.188522  -1.000000 0.000019 0.000000  0.075349 0.627009 1 64 1.000000
0  -4.149727 -20.886795 -5.179887  -1.000000 0.000018 0.000000  0.075349 0.627009 1 64 1.000000
0  -4.149724 -20.659531 -5.179887  -1.000000 0.000016 0.000000  0.075349 0.627009 1 64 1.000000
lowpoly_plastic
0  -4.149724 -20.659531 -5.179887  -1.000000 0.000016 0.000000  0.075349 0.627009 1 64 1.000000
0  -4.149727 -20.886795 -5.179887  -1.000000 0.000018 0.000000  0.075349 0.627009 1 64 1.000000
0  -4.149727 -20.886795 -4.163396  -1.000000 0.000018 0.000003  0.075349 0.627009 1 64 1.000000
lowpoly_plastic
0  -4.149723 -20.659531 -4.163396  -1.000000 0.000015 -0.000005  0.075349 0.627009 1 64 1.000000
0  -4.149724 -20.659531 -5.179887  -1.000000 0.000016 0.000000  0.075349 0.627009 1 64 1.000000
0  -4.149727 -20.886795 -4.163396  -1.000000 0.000018 0.000003  0.075349 0.627009 1 64 1.000000
lowpoly_plastic
0  -4.149723 -20.659531 -4.163396  -1.000000 0.000015 -0.000005  0.075349 0.627009 1 64 1.000000
0  -4.149727 -20.886795 -4.163396  -1.000000 0.000018 0.000003  0.075349 0.627009 1 64 1.000000
0  -4.149728 -20.969141 -4.064662  -1.000000 -0.000041 0.000343  0.075349 0.627009 1 64 1.000000
lowpoly_plastic
0  -4.149723 -20.577194 -4.064662  -1.000000 0.000012 -0.000070  0.075349 0.627009 1 64 1.000000
0  -4.149723 -20.659531 -4.163396  -1.000000 0.000015 -0.000005  0.075349 0.627009 1 64 1.000000
0  -4.149728 -20.969141 -4.064662  -1.000000 -0.000041 0.000343  0.075349 0.627009 1 64 1.000000
lowpoly_plastic
0  -4.149723 -20.577194 -4.064662  -1.000000 0.000012 -0.000070  0.075349 0.627009 1 64 1.000000
0  -4.149728 -20.969141 -4.064662  -1.000000 -0.000041 0.000343  0.075349 0.627009 1 64 1.000000
0  -4.149727 -19.455673 -3.872228  -1.000000 0.000001 -0.000006  0.075349 0.627009 1 64 1.000000
lowpoly_plastic
0  -4.149723 -20.494848 -4.064662  -1.000000 0.000000 -0.000020  0.075349 0.627009 1 64 1.000000
0  -4.149723 -20.577194 -4.064662  -1.000000 0.000012 -0.000070  0.075349 0.627009 1 64 1.000000
0  -4.149727 -19.455673 -3.872228  -1.000000 0.000001 -0.000006  0.075349 0.627009 1 64 1.000000
lowpoly_plastic
0  -4.149723 -20.102898 -4.064662  -1.000000 -0.000002 -0.000015  0.075349 0.627009 1 64 1.000000
0  -4.149723 -20.494848 -4.064662  -1.000000 0.000000 -0.000020  0.075349 0.627009 1 64 1.000000
0  -4.149727 -19.455673 -3.872228  -1.000000 0.000001 -0.000006  0.075349 0.627009 1 64 1.000000
lowpoly_plastic
0  -4.149726 -22.474363 -4.064663  -1.000000 0.000001 -0.000001  0.075349 0.627009 1 64 1.000000
0  -4.149726 -22.866314 -4.064663  -1.000000 0.000000 -0.000001  0.075349 0.627009 1 64 1.000000
0  -4.149727 -19.455673 -3.872228  -1.000000 0.000001 -0.000006  0.075349 0.627009 1 64 1.000000
lowpoly_plastic
0  -4.149726 -22.309681 -5.188523  -1.000000 0.000004 0.000000  0.075349 0.627009 1 64 1.000000
0  -4.149726 -22.309681 -5.179888  -1.000000 0.000010 0.000006  0.075349 0.627009 1 64 1.000000
0  -4.149725 -22.082409 -5.188523  -1.000000 0.000019 0.000431  0.075349 0.627009 1 64 1.000000
lowpoly_plastic
0  -4.149725 -22.082409 -5.188523  -1.000000 0.000019 0.000431  0.075349 0.627009 1 64 1.000000
0  -4.149726 -22.309681 -5.179888  -1.000000 0.000010 0.000006  0.075349 0.627009 1 64 1.000000
0  -4.149722 -22.082417 -5.179888  -1.000000 0.000018 0.000221  0.075349 0.627009 1 64 1.000000
lowpoly_plastic
0  -4.149722 -22.082417 -5.179888  -1.000000 0.000018 0.000221  0.075349 0.627009 1 64 1.000000
0  -4.149726 -22.309681 -5.179888  -1.000000 0.000010 0.000006  0.075349 0.627009 1 64 1.000000
0  -4.149726 -22.309681 -4.163397  -1.000000 0.000011 -0.000007  0.075349 0.627009 1 64 1.000000
lowpoly_plastic
0  -4.149721 -22.082417 -4.163397  -1.000000 0.000023 -0.000044  0.075349 0.627009 1 64 1.000000
0  -4.149722 -22.082417 -5.179888  -1.000000 0.000018 0.000221  0.075349 0.627009 1 64 1.000000
0  -4.149726 -22.309681 -4.163397  -1.000000 0.000011 -0.000007  0.075349 0.627009 1 64 1.000000
lowpoly_plastic
0  -4.149727 -22.000074 -4.064662  -1.000000 0.000002 0.000005  0.075349 0.627009 1 64 1.000000
0  -4.149721 -22.082417 -4.163397  -1.000000 0.000023 -0.000044  0.075349 0.627009 1 64 1.000000
0  -4.149726 -22.309681 -4.163397  -1.000000 0.000011 -0.000007  0.075349 0.627009 1 64 1.000000
lowpoly_plastic
0  -4.149727 -22.000074 -4.064662  -1.000000 0.000002 0.000005  0.075349 0.627009 1 64 1.000000
0  -4.149726 -22.309681 -4.163397  -1.000000 0.000011 -0.000007  0.075349 0.627009 1 64 1.000000
0  -4.149726 -22.392029 -4.064663  -1.000000 -0.000000 -0.000004  0.075349 0.627009 1 64 1.000000
lowpoly_plastic
0  -4.149724 -21.917730 -4.064662  -1.000000 0.000025 -0.000354  0.075349 0.627009 1 64 1.000000
0  -4.149727 -22.000074 -4.064662  -1.000000 0.000002 0.000005  0.075349 0.627009 1 64 1.000000
0  -4.149727 -19.455673 -3.872228  -1.000000 0.000001 -0.000006  0.075349 0.627009 1 64 1.000000
lowpoly_plastic
0  -4.149726 -21.133825 -5.179887  -1.000000 0.000010 0.000000  0.075349 0.627009 1 64 1.000000
0  -4.149726 -21.133825 -5.188522  -1.000000 0.000011 0.000000  0.075349 0.627009 1 64 1.000000
0  -4.149728 -21.361092 -5.188522  -1.000000 0.000008 0.000000  0.075349 0.627009 1 64 1.000000
lowpoly_plastic
0  -4.149728 -21.361092 -5.188522  -1.000000 0.000008 0.000000  0.075349 0.627009 1 64 1.000000
0  -4.149728 -21.361092 -5.179887  -1.000000 0.000008 0.000000  0.075349 0.627009 1 64 1.000000
0  -4.149726 -21.133825 -5.179887  -1.000000 0.000010 0.000000  0.075349 0.627009 1 64 1.000000
lowpoly_plastic
0  -4.149726 -21.133825 -5.179887  -1.000000 0.000010 0.000000  0.075349 0.627009 1 64 1.000000
0  -4.149728 -21.361092 -5.179887  -1.000000 0.000008 0.000000  0.075349 0.627009 1 64 1.000000
0  -4.149728 -21.361092 -4.163396  -1.000000 0.000008 0.000027  0.075349 0.627009 1 64 1.000000
lowpoly_plastic
0  -4.149726 -21.133825 -4.163396  -1.000000 0.000006 0.000018  0.075349 0.627009 1 64 1.000000
0  -4.149726 -21.133825 -5.179887  -1.000000 0.000010 0.000000  0.075349 0.627009 1 64 1.000000
0  -4.149728 -21.361092 -4.163396  -1.000000 0.000008 0.000027  0.075349 0.627009 1 64 1.000000
lowpoly_plastic
0  -4.149726 -21.133825 -4.163396  -1.000000 0.000006 0.000018  0.075349 0.627009 1 64 1.000000
0  -4.149728 -21.361092 -4.163396  -1.000000 0.000008 0.000027  0.075349 0.627009 1 64 1.000000
0  -4.149724 -21.443434 -4.064662  -1.000000 0.000013 -0.000094  0.075349 0.627009 1 64 1.000000
lowpoly_plastic
0  -4.149723 -21.051481 -4.064662  -1.000000 0.000000 -0.000010  0.075349 0.627009 1 64 1.000000
0  -4.149726 -21.133825 -4.163396  -1.000000 0.000006 0.000018  0.075349 0.627009 1 64 1.000000
0  -4.149724 -21.443434 -4.064662  -1.000000 0.000013 -0.000094  0.075349 0.627009 1 64 1.000000
lowpoly_plastic
0  -4.149728 -20.969141 -4.064662  -1.000000 -0.000041 0.000343  0.075349 0.627009 1 64 1.000000
0  -4.149723 -21.051481 -4.064662  -1.000000 0.000000 -0.000010  0.075349 0.627009 1 64 1.000000
0  -4.149727 -19.455673 -3.872228  -1.000000 0.000001 -0.000006  0.075349 0.627009 1 64 1.000000
lowpoly_plastic
0  -4.149727 -22.000074 -4.064662  -1.000000 0.000002 0.000005  0.075349 0.627009 1 64 1.000000
0  -4.149726 -22.392029 -4.064663  -1.000000 -0.000000 -0.000004  0.075349 0.627009 1 64 1.000000
0  -4.149727 -19.455673 -3.872228  -1.000000 0.000001 -0.000006  0.075349 0.627009 1 64 1.000000
lowpoly_plastic
0  -4.149723 -21.835386 -5.188522  -1.000000 0.000008 0.000000  0.075349 0.627009 1 64 1.000000
0  -4.149723 -21.835386 -5.179887  -1.000000 -0.000009 -0.000008  0.075349 0.627009 1 64 1.000000
0  -4.149722 -21.608120 -5.188522  -1.000000 -0.000022 -0.000647  0.075349 0.627009 1 64 1.000000
lowpoly_plastic
0  -4.149724 -21.917730 -4.064662  -1.000000 0.000025 -0.000354  0.075349 0.627009 1 64 1.000000
0  -4.149727 -19.455673 -3.872228  -1.000000 0.000001 -0.000006  0.075349 0.627009 1 64 1.000000
0  -4.149725 -21.525780 -4.064662  -1.000000 -0.000003 0.000014  0.075349 0.627009 1 64 1.000000
lowpoly_plastic
0  -4.149722 -21.608120 -5.188522  -1.000000 -0.000022 -0.000647  0.075349 0.627009 1 64 1.000000
0  -4.149723 -21.835386 -5.179887  -1.000000 -0.000009 -0.000008  0.075349 0.627009 1 64 1.000000
0  -4.149727 -21.608124 -5.179887  -1.000000 -0.000023 -0.000331  0.075349 0.627009 1 64 1.000000
lowpoly_plastic
0  -4.149727 -19.455673 -3.872228  -1.000000 0.000001 -0.000006  0.075349 0.627009 1 64 1.000000
0  -4.149723 -21.051481 -4.064662  -1.000000 0.000000 -0.000010  0.075349 0.627009 1 64 1.000000
0  -4.149724 -21.443434 -4.064662  -1.000000 0.000013 -0.000094  0.075349 0.627009 1 64 1.000000
lowpoly_plastic
0  -4.149727 -19.455673 -3.872228  -1.000000 0.000001 -0.000006  0.075349 0.627009 1 64 1.000000
0  -4.149724 -21.443434 -4.064662  -1.000000 0.000013 -0.000094  0.075349 0.627009 1 64 1.000000
0  -4.149725 -21.525780 -4.064662  -1.000000 -0.000003 0.000014  0.075349 0.627009 1 64 1.000000
lowpoly_plastic
0  -4.149727 -21.608124 -5.179887  -1.000000 -0.000023 -0.000331  0.075349 0.627009 1 64 1.000000
0  -4.149723 -21.835386 -5.179887  -1.000000 -0.000009 -0.000008  0.075349 0.627009 1 64 1.000000
0  -4.149722 -21.835386 -4.163396  -1.000000 -0.000020 -0.000022  0.075349 0.627009 1 64 1.000000
lowpoly_plastic
0  -4.149722 -21.835386 -4.163396  -1.000000 -0.000020 -0.000022  0.075349 0.627009 1 64 1.000000
0  -4.149724 -21.917730 -4.064662  -1.000000 0.000025 -0.000354  0.075349 0.627009 1 64 1.000000
0  -4.149727 -21.608124 -4.163396  -1.000000 -0.000010 0.000008  0.075349 0.627009 1 64 1.000000
lowpoly_plastic
0  -4.149727 -21.608124 -4.163396  -1.000000 -0.000010 0.000008  0.075349 0.627009 1 64 1.000000
0  -4.149727 -21.608124 -5.179887  -1.000000 -0.000023 -0.000331  0.075349 0.627009 1 64 1.000000
0  -4.149722 -21.835386 -4.163396  -1.000000 -0.000020 -0.000022  0.075349 0.627009 1 64 1.000000
lowpoly_plastic
0  -3.701118 -26.124834 -5.774664  0.000000 -1.000000 0.000000  0.075349 0.627009 1 64 1.000000
0  -3.373455 -26.124834 -5.774664  0.000001 -1.000000 -0.000008  0.075349 0.627009 1 64 1.000000
0  -4.149730 -26.124832 -5.188523  -0.000003 -1.000000 -0.000001  0.075349 0.627009 1 64 1.000000
lowpoly_plastic
0  -3.957222 -26.124838 -3.872225  -0.000012 -1.000000 -0.000003  0.075349 0.627009 1 64 1.000000
0  -4.149730 -26.124832 -3.872225  -0.000030 -1.000000 -0.000000  0.075349 0.627009 1 64 1.000000
0  -4.149730 -26.124832 -5.188523  -0.000003 -1.000000 -0.000001  0.075349 0.627009 1 64 1.000000
lowpoly_plastic
0  -3.373455 -26.124834 -5.774664  0.000001 -1.000000 -0.000008  0.075349 0.627009 1 64 1.000000
0  -3.373454 -26.124836 -3.872225  0.000003 -1.000000 -0.000000  0.075349 0.627009 1 64 1.000000
0  -4.149730 -26.124832 -5.188523  -0.000003 -1.000000 -0.000001  0.075349 0.627009 1 64 1.000000
lowpoly_plastic
0  -3.957218 -16.791492 -3.872227  0.000000 -0.000000 1.000000  0.075349 0.627009 1 64 1.000000
0  -4.149724 -16.791492 -3.872227  0.000000 -0.000000 1.000000  0.075349 0.627009 1 64 1.000000
0  -4.149724 -18.894789 -3.872228  0.000002 -0.000000 1.000000  0.075349 0.627009 1 64 1.000000
lowpoly_plastic
0  -3.957222 -19.455669 -3.872228  -0.000002 0.000000 1.000000  0.075349 0.627009 1 64 1.000000
0  -4.149727 -19.455673 -3.872228  -0.000000 0.000000 1.000000  0.075349 0.627009 1 64 1.000000
0  -4.149730 -26.124832 -3.872225  -0.000002 0.000000 1.000000  0.075349 0.627009 1 64 1.000000
lowpoly_plastic
0  -3.373449 -16.408632 -5.844275  0.000003 1.000000 0.000000  0.075349 0.627009 1 64 1.000000
0  -3.701117 -16.408634 -5.844275  -0.000006 1.000000 0.000000  0.075349 0.627009 1 64 1.000000
0  -3.373448 -16.408634 -5.090406  0.000002 1.000000 0.000002  0.075349 0.627009 1 64 1.000000
lowpoly_plastic
0  -4.149723 -16.408638 -5.258132  -0.000002 1.000000 0.000000  0.075349 0.627009 1 64 1.000000
0  -4.149723 -16.408638 -5.090406  0.000000 1.000000 0.000000  0.075349 0.627009 1 64 1.000000
0  -3.957216 -16.408638 -5.090406  -0.000004 1.000000 0.000000  0.075349 0.627009 1 64 1.000000
lowpoly_plastic
0  -3.957216 -16.408638 -5.090406  -0.000004 1.000000 0.000000  0.075349 0.627009 1 64 1.000000
0  -3.373448 -16.408634 -5.090406  0.000002 1.000000 0.000002  0.075349 0.627009 1 64 1.000000
0  -3.701117 -16.408634 -5.844275  -0.000006 1.000000 0.000000  0.075349 0.627009 1 64 1.000000
lowpoly_plastic
0  -3.373455 -26.124834 -5.774664  -0.000000 0.000000 -1.000000  0.075349 0.627009 1 64 1.000000
0  -3.701118 -26.124834 -5.774664  0.000000 0.000001 -1.000000  0.075349 0.627009 1 64 1.000000
0  -3.546439 -24.928179 -5.774663  -0.000128 -0.000014 -1.000000  0.075349 0.627009 1 64 1.000000
lowpoly_plastic
0  -3.546439 -24.928179 -5.774663  -0.000128 -0.000014 -1.000000  0.075349 0.627009 1 64 1.000000
0  -3.546437 -24.845835 -5.774665  0.000019 -0.000001 -1.000000  0.075349 0.627009 1 64 1.000000
0  -3.373455 -26.124834 -5.774664  -0.000000 0.000000 -1.000000  0.075349 0.627009 1 64 1.000000
lowpoly_plastic
0  -3.701118 -26.124834 -5.774664  0.000000 0.000001 -1.000000  0.075349 0.627009 1 64 1.000000
0  -3.701123 -24.928179 -5.774663  0.000000 0.000001 -1.000000  0.075349 0.627009 1 64 1.000000
0  -3.546439 -24.928179 -5.774663  -0.000128 -0.000014 -1.000000  0.075349 0.627009 1 64 1.000000
lowpoly_plastic
0  -3.701122 -19.463915 -5.774664  0.000000 0.000000 -1.000000  0.075349 0.627009 1 64 1.000000
0  -3.701120 -19.455679 -5.774664  -0.000000 0.000000 -1.000000  0.075349 0.627009 1 64 1.000000
0  -3.546437 -19.463915 -5.774664  0.000001 0.000000 -1.000000  0.075349 0.627009 1 64 1.000000
lowpoly_plastic
0  -3.546437 -19.463915 -5.774664  0.000001 0.000000 -1.000000  0.075349 0.627009 1 64 1.000000
0  -3.701120 -19.455679 -5.774664  -0.000000 0.000000 -1.000000  0.075349 0.627009 1 64 1.000000
0  -3.373450 -19.455673 -5.774664  0.000000 0.000000 -1.000000  0.075349 0.627009 1 64 1.000000
lowpoly_plastic
0  -3.373450 -19.455673 -5.774664  0.000000 0.000000 -1.000000  0.075349 0.627009 1 64 1.000000
0  -3.546435 -22.783972 -5.774665  0.000004 -0.000000 -1.000000  0.075349 0.627009 1 64 1.000000
0  -3.546440 -22.556705 -5.774665  -0.000017 0.000000 -1.000000  0.075349 0.627009 1 64 1.000000
lowpoly_plastic
0  -3.373455 -26.124834 -5.774664  -0.000000 0.000000 -1.000000  0.075349 0.627009 1 64 1.000000
0  -3.546437 -24.845835 -5.774665  0.000019 -0.000001 -1.000000  0.075349 0.627009 1 64 1.000000
0  -3.546434 -24.763491 -5.774665  0.000146 0.000022 -1.000000  0.075349 0.627009 1 64 1.000000
lowpoly_plastic
0  -3.546439 -19.546259 -5.774664  0.000001 0.000000 -1.000000  0.075349 0.627009 1 64 1.000000
0  -3.546437 -19.463915 -5.774664  0.000001 0.000000 -1.000000  0.075349 0.627009 1 64 1.000000
0  -3.373450 -19.455673 -5.774664  0.000000 0.000000 -1.000000  0.075349 0.627009 1 64 1.000000
lowpoly_plastic
0  -3.546436 -19.710945 -5.774664  -0.000003 0.000000 -1.000000  0.075349 0.627009 1 64 1.000000
0  -3.546435 -19.628599 -5.774664  0.000000 0.000000 -1.000000  0.075349 0.627009 1 64 1.000000
0  -3.373450 -19.455673 -5.774664  0.000000 0.000000 -1.000000  0.075349 0.627009 1 64 1.000000
lowpoly_plastic
0  -3.701118 -19.938208 -5.774664  0.000007 0.000000 -1.000000  0.075349 0.627009 1 64 1.000000
0  -3.701121 -19.710945 -5.774664  0.000003 0.000000 -1.000000  0.075349 0.627009 1 64 1.000000
0  -3.546438 -19.938211 -5.774664  0.000001 0.000000 -1.000000  0.075349 0.627009 1 64 1.000000
lowpoly_plastic
0  -3.546436 -20.102896 -5.774664  0.000000 0.000000 -1.000000  0.075349 0.627009 1 64 1.000000
0  -3.546434 -20.020554 -5.774664  0.000000 0.000000 -1.000000  0.075349 0.627009 1 64 1.000000
0  -3.373450 -19.455673 -5.774664  0.000000 0.000000 -1.000000  0.075349 0.627009 1 64 1.000000
lowpoly_plastic
0  -3.546438 -19.938211 -5.774664  0.000001 0.000000 -1.000000  0.075349 0.627009 1 64 1.000000
0  -3.701121 -19.710945 -5.774664  0.000003 0.000000 -1.000000  0.075349 0.627009 1 64 1.000000
0  -3.546436 -19.710945 -5.774664  -0.000003 0.000000 -1.000000  0.075349 0.627009 1 64 1.000000
lowpoly_plastic
0  -3.546435 -19.628599 -5.774664  0.000000 0.000000 -1.000000  0.075349 0.627009 1 64 1.000000
0  -3.546439 -19.546259 -5.774664  0.000001 0.000000 -1.000000  0.075349 0.627009 1 64 1.000000
0  -3.373450 -19.455673 -5.774664  0.000000 0.000000 -1.000000  0.075349 0.627009 1 64 1.000000
lowpoly_plastic
0  -3.373455 -26.124834 -5.774664  -0.000000 0.000000 -1.000000  0.075349 0.627009 1 64 1.000000
0  -3.546434 -24.763491 -5.774665  0.000146 0.000022 -1.000000  0.075349 0.627009 1 64 1.000000
0  -3.546441 -24.681147 -5.774663  -0.000021 -0.000006 -1.000000  0.075349 0.627009 1 64 1.000000
lowpoly_plastic
0  -3.546441 -24.681147 -5.774663  -0.000021 -0.000006 -1.000000  0.075349 0.627009 1 64 1.000000
0  -3.701125 -24.681147 -5.774665  0.000014 -0.000000 -1.000000  0.075349 0.627009 1 64 1.000000
0  -3.701122 -24.453880 -5.774665  0.000005 -0.000005 -1.000000  0.075349 0.627009 1 64 1.000000
lowpoly_plastic
0  -3.546437 -24.453880 -5.774665  -0.000087 -0.000003 -1.000000  0.075349 0.627009 1 64 1.000000
0  -3.546436 -24.371534 -5.774665  0.000004 0.000000 -1.000000  0.075349 0.627009 1 64 1.000000
0  -3.373455 -26.124834 -5.774664  -0.000000 0.000000 -1.000000  0.075349 0.627009 1 64 1.000000
lowpoly_plastic
0  -3.546441 -24.681147 -5.774663  -0.000021 -0.000006 -1.000000  0.075349 0.627009 1 64 1.000000
0  -3.701122 -24.453880 -5.774665  0.000005 -0.000005 -1.000000  0.075349 0.627009 1 64 1.000000
0  -3.546437 -24.453880 -5.774665  -0.000087 -0.000003 -1.000000  0.075349 0.627009 1 64 1.000000
lowpoly_plastic
0  -3.546438 -19.938211 -5.774664  0.000001 0.000000 -1.000000  0.075349 0.627009 1 64 1.000000
0  -3.546436 -19.710945 -5.774664  -0.000003 0.000000 -1.000000  0.075349 0.627009 1 64 1.000000
0  -3.373450 -19.455673 -5.774664  0.000000 0.000000 -1.000000  0.075349 0.627009 1 64 1.000000
lowpoly_plastic
0  -3.546434 -20.020554 -5.774664  0.000000 0.000000 -1.000000  0.075349 0.627009 1 64 1.000000
0  -3.546438 -19.938211 -5.774664  0.000001 0.000000 -1.000000  0.075349 0.627009 1 64 1.000000
0  -3.373450 -19.455673 -5.774664  0.000000 0.000000 -1.000000  0.075349 0.627009 1 64 1.000000
lowpoly_plastic
0  -3.373455 -26.124834 -5.774664  -0.000000 0.000000 -1.000000  0.075349 0.627009 1 64 1.000000
0  -3.546441 -24.681147 -5.774663  -0.000021 -0.000006 -1.000000  0.075349 0.627009 1 64 1.000000
0  -3.546437 -24.453880 -5.774665  -0.000087 -0.000003 -1.000000  0.075349 0.627009 1 64 1.000000
lowpoly_plastic
0  -3.373455 -26.124834 -5.774664  -0.000000 0.000000 -1.000000  0.075349 0.627009 1 64 1.000000
0  -3.546436 -24.371534 -5.774665  0.000004 0.000000 -1.000000  0.075349 0.627009 1 64 1.000000
0  -3.546441 -24.289196 -5.774665  0.000033 -0.000000 -1.000000  0.075349 0.627009 1 64 1.000000
lowpoly_plastic
0  -3.546439 -20.185244 -5.774664  -0.000001 0.000000 -1.000000  0.075349 0.627009 1 64 1.000000
0  -3.546436 -20.102896 -5.774664  0.000000 0.000000 -1.000000  0.075349 0.627009 1 64 1.000000
0  -3.373450 -19.455673 -5.774664  0.000000 0.000000 -1.000000  0.075349 0.627009 1 64 1.000000
lowpoly_plastic
0  -3.701119 -20.412504 -5.774664  -0.000005 0.000000 -1.000000  0.075349 0.627009 1 64 1.000000
0  -3.701116 -20.185238 -5.774664  -0.000001 0.000000 -1.000000  0.075349 0.627009 1 64 1.000000
0  -3.546439 -20.185244 -5.774664  -0.000001 0.000000 -1.000000  0.075349 0.627009 1 64 1.000000
lowpoly_plastic
0  -3.546435 -20.577185 -5.774664  -0.000064 0.000000 -1.000000  0.075349 0.627009 1 64 1.000000
0  -3.546436 -20.494850 -5.774664  0.000000 0.000000 -1.000000  0.075349 0.627009 1 64 1.000000
0  -3.373450 -19.455673 -5.774664  0.000000 0.000000 -1.000000  0.075349 0.627009 1 64 1.000000
lowpoly_plastic
0  -3.546435 -20.412506 -5.774664  -0.000002 0.000000 -1.000000  0.075349 0.627009 1 64 1.000000
0  -3.701119 -20.412504 -5.774664  -0.000005 0.000000 -1.000000  0.075349 0.627009 1 64 1.000000
0  -3.546439 -20.185244 -5.774664  -0.000001 0.000000 -1.000000  0.075349 0.627009 1 64 1.000000
lowpoly_plastic
0  -3.373455 -26.124834 -5.774664  -0.000000 0.000000 -1.000000  0.075349 0.627009 1 64 1.000000
0  -3.546441 -24.289196 -5.774665  0.000033 -0.000000 -1.000000  0.075349 0.627009 1 64 1.000000
0  -3.546438 -24.206850 -5.774665  -0.000003 0.000000 -1.000000  0.075349 0.627009 1 64 1.000000
lowpoly_plastic
0  -3.546438 -24.206850 -5.774665  -0.000003 0.000000 -1.000000  0.075349 0.627009 1 64 1.000000
0  -3.701119 -24.206854 -5.774665  -0.000002 0.000000 -1.000000  0.075349 0.627009 1 64 1.000000
0  -3.546441 -23.979586 -5.774665  0.000260 0.000015 -1.000000  0.075349 0.627009 1 64 1.000000
lowpoly_plastic
0  -3.546441 -23.979586 -5.774665  0.000260 0.000015 -1.000000  0.075349 0.627009 1 64 1.000000
0  -3.546435 -23.897251 -5.774663  -0.000288 -0.000022 -1.000000  0.075349 0.627009 1 64 1.000000
0  -3.373455 -26.124834 -5.774664  -0.000000 0.000000 -1.000000  0.075349 0.627009 1 64 1.000000
lowpoly_plastic
0  -3.701119 -24.206854 -5.774665  -0.000002 0.000000 -1.000000  0.075349 0.627009 1 64 1.000000
0  -3.701118 -23.979588 -5.774665  -0.000004 0.000000 -1.000000  0.075349 0.627009 1 64 1.000000
0  -3.546441 -23.979586 -5.774665  0.000260 0.000015 -1.000000  0.075349 0.627009 1 64 1.000000
lowpoly_plastic
0  -3.546435 -20.412506 -5.774664  -0.000002 0.000000 -1.000000  0.075349 0.627009 1 64 1.000000
0  -3.546439 -20.185244 -5.774664  -0.000001 0.000000 -1.000000  0.075349 0.627009 1 64 1.000000
0  -3.373450 -19.455673 -5.774664  0.000000 0.000000 -1.000000  0.075349 0.627009 1 64 1.000000
lowpoly_plastic
0  -3.546437 -20.659531 -5.774664  -0.000002 0.000000 -1.000000  0.075349 0.627009 1 64 1.000000
0  -3.546435 -20.577185 -5.774664  -0.000064 0.000000 -1.000000  0.075349 0.627009 1 64 1.000000
0  -3.373450 -19.455673 -5.774664  0.000000 0.000000 -1.000000  0.075349 0.627009 1 64 1.000000
lowpoly_plastic
0  -3.373455 -26.124834 -5.774664  -0.000000 0.000000 -1.000000  0.075349 0.627009 1 64 1.000000
0  -3.546438 -24.206850 -5.774665  -0.000003 0.000000 -1.000000  0.075349 0.627009 1 64 1.000000
0  -3.546441 -23.979586 -5.774665  0.000260 0.000015 -1.000000  0.075349 0.627009 1 64 1.000000
lowpoly_plastic
0  -3.373455 -26.124834 -5.774664  -0.000000 0.000000 -1.000000  0.075349 0.627009 1 64 1.000000
0  -3.546435 -23.897251 -5.774663  -0.000288 -0.000022 -1.000000  0.075349 0.627009 1 64 1.000000
0  -3.546436 -23.814903 -5.774665  -0.000007 -0.000001 -1.000000  0.075349 0.627009 1 64 1.000000
lowpoly_plastic
0  -3.546436 -20.494850 -5.774664  0.000000 0.000000 -1.000000  0.075349 0.627009 1 64 1.000000
0  -3.546435 -20.412506 -5.774664  -0.000002 0.000000 -1.000000  0.075349 0.627009 1 64 1.000000
0  -3.373450 -19.455673 -5.774664  0.000000 0.000000 -1.000000  0.075349 0.627009 1 64 1.000000
lowpoly_plastic
0  -3.701121 -20.886801 -5.774664  -0.000001 0.000000 -1.000000  0.075349 0.627009 1 64 1.000000
0  -3.701116 -20.659534 -5.774664  -0.000001 0.000000 -1.000000  0.075349 0.627009 1 64 1.000000
0  -3.546437 -20.659531 -5.774664  -0.000002 0.000000 -1.000000  0.075349 0.627009 1 64 1.000000
lowpoly_plastic
0  -3.546437 -21.051481 -5.774664  0.000000 0.000000 -1.000000  0.075349 0.627009 1 64 1.000000
0  -3.546435 -20.969137 -5.774664  0.000000 0.000000 -1.000000  0.075349 0.627009 1 64 1.000000
0  -3.373450 -19.455673 -5.774664  0.000000 0.000000 -1.000000  0.075349 0.627009 1 64 1.000000
lowpoly_plastic
0  -3.546436 -20.886801 -5.774664  0.000000 0.000000 -1.000000  0.075349 0.627009 1 64 1.000000
0  -3.701121 -20.886801 -5.774664  -0.000001 0.000000 -1.000000  0.075349 0.627009 1 64 1.000000
0  -3.546437 -20.659531 -5.774664  -0.000002 0.000000 -1.000000  0.075349 0.627009 1 64 1.000000
lowpoly_plastic
0  -3.546437 -20.659531 -5.774664  -0.000002 0.000000 -1.000000  0.075349 0.627009 1 64 1.000000
0  -3.373450 -19.455673 -5.774664  0.000000 0.000000 -1.000000  0.075349 0.627009 1 64 1.000000
0  -3.546436 -20.886801 -5.774664  0.000000 0.000000 -1.000000  0.075349 0.627009 1 64 1.000000
lowpoly_plastic
0  -3.546439 -23.732563 -5.774665  0.000000 -0.000000 -1.000000  0.075349 0.627009 1 64 1.000000
0  -3.701118 -23.732559 -5.774665  0.000001 0.000000 -1.000000  0.075349 0.627009 1 64 1.000000
0  -3.546436 -23.505299 -5.774665  0.000000 -0.000000 -1.000000  0.075349 0.627009 1 64 1.000000
lowpoly_plastic
0  -3.546435 -20.969137 -5.774664  0.000000 0.000000 -1.000000  0.075349 0.627009 1 64 1.000000
0  -3.546436 -20.886801 -5.774664  0.000000 0.000000 -1.000000  0.075349 0.627009 1 64 1.000000
0  -3.373450 -19.455673 -5.774664  0.000000 0.000000 -1.000000  0.075349 0.627009 1 64 1.000000
lowpoly_plastic
0  -3.701120 -21.361086 -5.774664  -0.000001 0.000000 -1.000000  0.075349 0.627009 1 64 1.000000
0  -3.701123 -21.133825 -5.774664  -0.000003 0.000000 -1.000000  0.075349 0.627009 1 64 1.000000
0  -3.546437 -21.133827 -5.774664  -0.000001 0.000000 -1.000000  0.075349 0.627009 1 64 1.000000
lowpoly_plastic
0  -3.546437 -21.133827 -5.774664  -0.000001 0.000000 -1.000000  0.075349 0.627009 1 64 1.000000
0  -3.546437 -21.051481 -5.774664  0.000000 0.000000 -1.000000  0.075349 0.627009 1 64 1.000000
0  -3.373450 -19.455673 -5.774664  0.000000 0.000000 -1.000000  0.075349 0.627009 1 64 1.000000
lowpoly_plastic
0  -3.701118 -23.732559 -5.774665  0.000001 0.000000 -1.000000  0.075349 0.627009 1 64 1.000000
0  -3.701122 -23.505295 -5.774665  0.000001 0.000000 -1.000000  0.075349 0.627009 1 64 1.000000
0  -3.546436 -23.505299 -5.774665  0.000000 -0.000000 -1.000000  0.075349 0.627009 1 64 1.000000
lowpoly_plastic
0  -3.546436 -23.505299 -5.774665  0.000000 -0.000000 -1.000000  0.075349 0.627009 1 64 1.000000
0  -3.546436 -23.422953 -5.774665  0.000263 0.000000 -1.000000  0.075349 0.627009 1 64 1.000000
0  -3.373455 -26.124834 -5.774664  -0.000000 0.000000 -1.000000  0.075349 0.627009 1 64 1.000000
lowpoly_plastic
0  -3.546438 -23.258268 -5.774665  -0.000063 -0.000000 -1.000000  0.075349 0.627009 1 64 1.000000
0  -3.701125 -23.258265 -5.774665  0.000000 0.000000 -1.000000  0.075349 0.627009 1 64 1.000000
0  -3.546434 -23.031000 -5.774665  -0.000001 0.000000 -1.000000  0.075349 0.627009 1 64 1.000000
lowpoly_plastic
0  -3.546436 -23.422953 -5.774665  0.000263 0.000000 -1.000000  0.075349 0.627009 1 64 1.000000
0  -3.546440 -23.340611 -5.774665  0.000005 -0.000000 -1.000000  0.075349 0.627009 1 64 1.000000
0  -3.373455 -26.124834 -5.774664  -0.000000 0.000000 -1.000000  0.075349 0.627009 1 64 1.000000
lowpoly_plastic
0  -3.546439 -23.732563 -5.774665  0.000000 -0.000000 -1.000000  0.075349 0.627009 1 64 1.000000
0  -3.546436 -23.505299 -5.774665  0.000000 -0.000000 -1.000000  0.075349 0.627009 1 64 1.000000
0  -3.373455 -26.124834 -5.774664  -0.000000 0.000000 -1.000000  0.075349 0.627009 1 64 1.000000
lowpoly_plastic
0  -3.701125 -23.258265 -5.774665  0.000000 0.000000 -1.000000  0.075349 0.627009 1 64 1.000000
0  -3.701119 -23.031000 -5.774665  0.000000 0.000000 -1.000000  0.075349 0.627009 1 64 1.000000
0  -3.546434 -23.031000 -5.774665  -0.000001 0.000000 -1.000000  0.075349 0.627009 1 64 1.000000
lowpoly_plastic
0  -3.546434 -23.031000 -5.774665  -0.000001 0.000000 -1.000000  0.075349 0.627009 1 64 1.000000
0  -3.546440 -22.948660 -5.774665  0.000000 -0.000000 -1.000000  0.075349 0.627009 1 64 1.000000
0  -3.373455 -26.124834 -5.774664  -0.000000 0.000000 -1.000000  0.075349 0.627009 1 64 1.000000
lowpoly_plastic
0  -3.546435 -22.783972 -5.774665  0.000004 -0.000000 -1.000000  0.075349 0.627009 1 64 1.000000
0  -3.701117 -22.783976 -5.774665  0.000000 0.000000 -1.000000  0.075349 0.627009 1 64 1.000000
0  -3.546440 -22.556705 -5.774665  -0.000017 0.000000 -1.000000  0.075349 0.627009 1 64 1.000000
lowpoly_plastic
0  -3.546438 -23.258268 -5.774665  -0.000063 -0.000000 -1.000000  0.075349 0.627009 1 64 1.000000
0  -3.546434 -23.031000 -5.774665  -0.000001 0.000000 -1.000000  0.075349 0.627009 1 64 1.000000
0  -3.373455 -26.124834 -5.774664  -0.000000 0.000000 -1.000000  0.075349 0.627009 1 64 1.000000
lowpoly_plastic
0  -3.701117 -22.783976 -5.774665  0.000000 0.000000 -1.000000  0.075349 0.627009 1 64 1.000000
0  -3.701126 -22.556705 -5.774665  0.000000 0.000000 -1.000000  0.075349 0.627009 1 64 1.000000
0  -3.546440 -22.556705 -5.774665  -0.000017 0.000000 -1.000000  0.075349 0.627009 1 64 1.000000
lowpoly_plastic
0  -3.546440 -23.340611 -5.774665  0.000005 -0.000000 -1.000000  0.075349 0.627009 1 64 1.000000
0  -3.546438 -23.258268 -5.774665  -0.000063 -0.000000 -1.000000  0.075349 0.627009 1 64 1.000000
0  -3.373455 -26.124834 -5.774664  -0.000000 0.000000 -1.000000  0.075349 0.627009 1 64 1.000000
lowpoly_plastic
0  -3.546436 -22.866316 -5.774665  0.000000 -0.000000 -1.000000  0.075349 0.627009 1 64 1.000000
0  -3.546435 -22.783972 -5.774665  0.000004 -0.000000 -1.000000  0.075349 0.627009 1 64 1.000000
0  -3.373455 -26.124834 -5.774664  -0.000000 0.000000 -1.000000  0.075349 0.627009 1 64 1.000000
lowpoly_plastic
0  -3.546439 -22.474361 -5.774665  0.000263 -0.000000 -1.000000  0.075349 0.627009 1 64 1.000000
0  -3.546437 -22.392017 -5.774665  0.000000 -0.000000 -1.000000  0.075349 0.627009 1 64 1.000000
0  -3.373450 -19.455673 -5.774664  0.000000 0.000000 -1.000000  0.075349 0.627009 1 64 1.000000
lowpoly_plastic
0  -3.546440 -22.948660 -5.774665  0.000000 -0.000000 -1.000000  0.075349 0.627009 1 64 1.000000
0  -3.546436 -22.866316 -5.774665  0.000000 -0.000000 -1.000000  0.075349 0.627009 1 64 1.000000
0  -3.373455 -26.124834 -5.774664  -0.000000 0.000000 -1.000000  0.075349 0.627009 1 64 1.000000
lowpoly_plastic
0  -3.546436 -23.814903 -5.774665  -0.000007 -0.000001 -1.000000  0.075349 0.627009 1 64 1.000000
0  -3.546439 -23.732563 -5.774665  0.000000 -0.000000 -1.000000  0.075349 0.627009 1 64 1.000000
0  -3.373455 -26.124834 -5.774664  -0.000000 0.000000 -1.000000  0.075349 0.627009 1 64 1.000000
lowpoly_plastic
0  -3.546435 -21.361090 -5.774664  0.000000 0.000000 -1.000000  0.075349 0.627009 1 64 1.000000
0  -3.701120 -21.361086 -5.774664  -0.000001 0.000000 -1.000000  0.075349 0.627009 1 64 1.000000
0  -3.546437 -21.133827 -5.774664  -0.000001 0.000000 -1.000000  0.075349 0.627009 1 64 1.000000
lowpoly_plastic
0  -3.546434 -21.608118 -5.774665  0.000001 0.000001 -1.000000  0.075349 0.627009 1 64 1.000000
0  -3.546437 -21.525778 -5.774665  0.000127 0.000000 -1.000000  0.075349 0.627009 1 64 1.000000
0  -3.373450 -19.455673 -5.774664  0.000000 0.000000 -1.000000  0.075349 0.627009 1 64 1.000000
lowpoly_plastic
0  -3.546435 -21.361090 -5.774664  0.000000 0.000000 -1.000000  0.075349 0.627009 1 64 1.000000
0  -3.546437 -21.133827 -5.774664  -0.000001 0.000000 -1.000000  0.075349 0.627009 1 64 1.000000
0  -3.373450 -19.455673 -5.774664  0.000000 0.000000 -1.000000  0.075349 0.627009 1 64 1.000000
lowpoly_plastic
0  -3.546437 -21.443434 -5.774664  -0.000130 0.000011 -1.000000  0.075349 0.627009 1 64 1.000000
0  -3.546435 -21.361090 -5.774664  0.000000 0.000000 -1.000000  0.075349 0.627009 1 64 1.000000
0  -3.373450 -19.455673 -5.774664  0.000000 0.000000 -1.000000  0.075349 0.627009 1 64 1.000000
lowpoly_plastic
0  -3.546437 -22.309683 -5.774665  -0.000001 0.000000 -1.000000  0.075349 0.627009 1 64 1.000000
0  -3.701122 -22.309681 -5.774665  -0.000007 0.000000 -1.000000  0.075349 0.627009 1 64 1.000000
0  -3.701119 -22.082415 -5.774665  0.000001 0.000000 -1.000000  0.075349 0.627009 1 64 1.000000
lowpoly_plastic
0  -3.546440 -22.082411 -5.774665  0.000002 0.000000 -1.000000  0.075349 0.627009 1 64 1.000000
0  -3.546432 -22.000072 -5.774665  0.000000 -0.000000 -1.000000  0.075349 0.627009 1 64 1.000000
0  -3.373450 -19.455673 -5.774664  0.000000 0.000000 -1.000000  0.075349 0.627009 1 64 1.000000
lowpoly_plastic
0  -3.546437 -22.309683 -5.774665  -0.000001 0.000000 -1.000000  0.075349 0.627009 1 64 1.000000
0  -3.701119 -22.082415 -5.774665  0.000001 0.000000 -1.000000  0.075349 0.627009 1 64 1.000000
0  -3.546440 -22.082411 -5.774665  0.000002 0.000000 -1.000000  0.075349 0.627009 1 64 1.000000
lowpoly_plastic
0  -3.546437 -22.392017 -5.774665  0.000000 -0.000000 -1.000000  0.075349 0.627009 1 64 1.000000
0  -3.546437 -22.309683 -5.774665  -0.000001 0.000000 -1.000000  0.075349 0.627009 1 64 1.000000
0  -3.373450 -19.455673 -5.774664  0.000000 0.000000 -1.000000  0.075349 0.627009 1 64 1.000000
lowpoly_plastic
0  -3.546440 -22.556705 -5.774665  -0.000017 0.000000 -1.000000  0.075349 0.627009 1 64 1.000000
0  -3.546439 -22.474361 -5.774665  0.000263 -0.000000 -1.000000  0.075349 0.627009 1 64 1.000000
0  -3.373450 -19.455673 -5.774664  0.000000 0.000000 -1.000000  0.075349 0.627009 1 64 1.000000
lowpoly_plastic
0  -3.546437 -21.443434 -5.774664  -0.000130 0.000011 -1.000000  0.075349 0.627009 1 64 1.000000
0  -3.373450 -19.455673 -5.774664  0.000000 0.000000 -1.000000  0.075349 0.627009 1 64 1.000000
0  -3.546437 -21.525778 -5.774665  0.000127 0.000000 -1.000000  0.075349 0.627009 1 64 1.000000
lowpoly_plastic
0  -3.701120 -21.835382 -5.774665  -0.000003 0.000002 -1.000000  0.075349 0.627009 1 64 1.000000
0  -3.701119 -21.608118 -5.774664  -0.000007 0.000004 -1.000000  0.075349 0.627009 1 64 1.000000
0  -3.546434 -21.608118 -5.774665  0.000001 0.000001 -1.000000  0.075349 0.627009 1 64 1.000000
lowpoly_plastic
0  -3.546434 -21.608118 -5.774665  0.000001 0.000001 -1.000000  0.075349 0.627009 1 64 1.000000
0  -3.373450 -19.455673 -5.774664  0.000000 0.000000 -1.000000  0.075349 0.627009 1 64 1.000000
0  -3.546436 -21.835386 -5.774665  0.000000 -0.000000 -1.000000  0.075349 0.627009 1 64 1.000000
lowpoly_plastic
0  -3.373455 -26.124834 -5.774664  -0.000000 0.000000 -1.000000  0.075349 0.627009 1 64 1.000000
0  -3.546435 -22.783972 -5.774665  0.000004 -0.000000 -1.000000  0.075349 0.627009 1 64 1.000000
0  -3.373450 -19.455673 -5.774664  0.000000 0.000000 -1.000000  0.075349 0.627009 1 64 1.000000
lowpoly_plastic
0  -3.546436 -21.835386 -5.774665  0.000000 -0.000000 -1.000000  0.075349 0.627009 1 64 1.000000
0  -3.701120 -21.835382 -5.774665  -0.000003 0.000002 -1.000000  0.075349 0.627009 1 64 1.000000
0  -3.546434 -21.608118 -5.774665  0.000001 0.000001 -1.000000  0.075349 0.627009 1 64 1.000000
lowpoly_plastic
0  -3.546439 -21.917730 -5.774665  0.000000 0.000000 -1.000000  0.075349 0.627009 1 64 1.000000
0  -3.546436 -21.835386 -5.774665  0.000000 -0.000000 -1.000000  0.075349 0.627009 1 64 1.000000
0  -3.373450 -19.455673 -5.774664  0.000000 0.000000 -1.000000  0.075349 0.627009 1 64 1.000000
lowpoly_plastic
0  -3.373450 -19.455673 -5.774664  0.000000 0.000000 -1.000000  0.075349 0.627009 1 64 1.000000
0  -3.546437 -22.309683 -5.774665  -0.000001 0.000000 -1.000000  0.075349 0.627009 1 64 1.000000
0  -3.546440 -22.082411 -5.774665  0.000002 0.000000 -1.000000  0.075349 0.627009 1 64 1.000000
lowpoly_plastic
0  -4.149724 -16.791492 -5.479147  -1.000000 0.000001 -0.000000  0.075349 0.627009 1 64 1.000000
0  -4.149724 -16.791492 -3.872227  -1.000000 0.000001 0.000000  0.075349 0.627009 1 64 1.000000
0  -4.149723 -16.408638 -5.090406  -1.000000 0.000004 0.000000  0.075349 0.627009 1 64 1.000000
lowpoly_plastic
0  -3.957215 -18.894794 -3.872228  0.000000 -0.000000 1.000000  0.075349 0.627009 1 64 1.000000
0  -4.149724 -18.894789 -3.872228  0.000002 -0.000000 1.000000  0.075349 0.627009 1 64 1.000000
0  -4.149723 -19.175234 -3.872228  0.000000 0.000000 1.000000  0.075349 0.627009 1 64 1.000000
lowpoly_plastic
0  -3.373447 -19.175236 -5.835381  0.000001 -0.211602 -0.977356  0.075349 0.627009 1 64 1.000000
0  -3.373450 -19.455673 -5.774664  0.000002 -0.211600 -0.977356  0.075349 0.627009 1 64 1.000000
0  -3.701120 -19.455679 -5.774664  -0.000000 -0.211599 -0.977357  0.075349 0.627009 1 64 1.000000
lowpoly_plastic
0  -3.373447 -18.894791 -6.065288  0.000000 0.000000 -1.000000  0.075349 0.627009 1 64 1.000000
0  -3.701117 -18.894794 -6.065288  0.000000 0.000000 -1.000000  0.075349 0.627009 1 64 1.000000
0  -3.701119 -16.791491 -6.065287  -0.000001 0.000000 -1.000000  0.075349 0.627009 1 64 1.000000
lowpoly_plastic
0  -3.373446 -16.791496 -4.160543  0.000001 0.924687 0.380729  0.075349 0.627009 1 64 1.000000
0  -3.373448 -16.408634 -5.090406  0.000001 0.924686 0.380729  0.075349 0.627009 1 64 1.000000
0  -3.957216 -16.408638 -5.090406  -0.000006 0.924686 0.380731  0.075349 0.627009 1 64 1.000000
lowpoly_plastic
0  -4.149727 -19.455673 -5.188522  -0.794061 -0.000240 -0.607838  0.075349 0.627009 1 64 1.000000
0  -3.701120 -19.455679 -5.774664  -0.794054 0.000091 -0.607848  0.075349 0.627009 1 64 1.000000
0  -3.712443 -19.463917 -5.759870  -0.794148 -0.000033 -0.607724  0.075349 0.627009 1 64 1.000000
lowpoly_plastic
0  -3.701122 -19.463915 -5.774664  -0.794012 0.000146 -0.607902  0.075349 0.627009 1 64 1.000000
0  -3.712443 -19.463917 -5.759870  -0.794148 -0.000033 -0.607724  0.075349 0.627009 1 64 1.000000
0  -3.701120 -19.455679 -5.774664  -0.794054 0.000091 -0.607848  0.075349 0.627009 1 64 1.000000
lowpoly_plastic
0  -3.701120 -19.455679 -5.774664  -0.787321 -0.130462 -0.602582  0.075349 0.627009 1 64 1.000000
0  -4.149727 -19.455673 -5.188522  -0.787321 -0.130449 -0.602585  0.075349 0.627009 1 64 1.000000
0  -4.149724 -19.175234 -5.249238  -0.787321 -0.130453 -0.602584  0.075349 0.627009 1 64 1.000000
lowpoly_plastic
0  -3.701117 -18.894794 -6.065288  -0.794110 -0.000001 -0.607775  0.075349 0.627009 1 64 1.000000
0  -4.149721 -18.894794 -5.479148  -0.794110 -0.000001 -0.607775  0.075349 0.627009 1 64 1.000000
0  -4.149724 -16.791492 -5.479147  -0.794110 -0.000000 -0.607775  0.075349 0.627009 1 64 1.000000
lowpoly_plastic
0  -3.701117 -16.408634 -5.844275  -0.749327 0.331070 -0.573500  0.075349 0.627009 1 64 1.000000
0  -3.701119 -16.791491 -6.065287  -0.749326 0.331069 -0.573502  0.075349 0.627009 1 64 1.000000
0  -4.149724 -16.791492 -5.479147  -0.749328 0.331071 -0.573498  0.075349 0.627009 1 64 1.000000
lowpoly_plastic
0  -3.701119 -16.791491 -6.065287  0.000002 0.499946 -0.866057  0.075349 0.627009 1 64 1.000000
0  -3.701117 -16.408634 -5.844275  -0.000001 0.499952 -0.866053  0.075349 0.627009 1 64 1.000000
0  -3.373449 -16.408632 -5.844275  0.000001 0.499948 -0.866056  0.075349 0.627009 1 64 1.000000
lowpoly_plastic
0  -3.701123 -19.175232 -5.835381  -0.710772 -0.445961 -0.543987  0.075349 0.627009 1 64 1.000000
0  -4.149724 -19.175234 -5.249238  -0.710774 -0.445965 -0.543982  0.075349 0.627009 1 64 1.000000
0  -4.149721 -18.894794 -5.479148  -0.710773 -0.445963 -0.543983  0.075349 0.627009 1 64 1.000000
lowpoly_plastic
0  -3.373447 -19.175236 -5.835381  -0.000001 -0.633991 -0.773341  0.075349 0.627009 1 64 1.000000
0  -3.701123 -19.175232 -5.835381  -0.000006 -0.633997 -0.773335  0.075349 0.627009 1 64 1.000000
0  -3.701117 -18.894794 -6.065288  0.000000 -0.633989 -0.773342  0.075349 0.627009 1 64 1.000000
lowpoly_plastic
0  -3.957217 -19.175234 -3.872228  -0.000002 0.000000 1.000000  0.075349 0.627009 1 64 1.000000
0  -4.149723 -19.175234 -3.872228  0.000000 0.000000 1.000000  0.075349 0.627009 1 64 1.000000
0  -4.149727 -19.455673 -3.872228  -0.000000 0.000000 1.000000  0.075349 0.627009 1 64 1.000000
lowpoly_plastic
0  -4.149727 -19.455673 -5.188522  -1.000000 -0.000171 0.000000  0.075349 0.627009 1 64 1.000000
0  -4.149727 -19.455673 -3.872228  -1.000000 0.000001 -0.000006  0.075349 0.627009 1 64 1.000000
0  -4.149723 -19.175234 -3.872228  -1.000000 0.000003 0.000000  0.075349 0.627009 1 64 1.000000
lowpoly_plastic
0  -3.701120 -21.361086 -5.774664  -0.000002 -1.000000 -0.000353  0.075349 0.627009 1 64 1.000000
0  -3.546435 -21.361090 -5.774664  -0.000025 -1.000000 0.000000  0.075349 0.627009 1 64 1.000000
0  -3.546435 -21.361090 -5.749248  -0.000020 -1.000000 -0.000037  0.075349 0.627009 1 64 1.000000
lowpoly_plastic
0  -3.546435 -21.361090 -5.749248  -0.000020 -1.000000 -0.000037  0.075349 0.627009 1 64 1.000000
0  -3.702036 -21.361094 -5.749248  -0.000091 -1.000000 -0.000222  0.075349 0.627009 1 64 1.000000
0  -3.701120 -21.361086 -5.774664  -0.000002 -1.000000 -0.000353  0.075349 0.627009 1 64 1.000000
lowpoly_plastic
0  -4.149728 -20.969141 -4.064662  -0.093930 0.000001 -0.995579  0.075349 0.627009 1 64 1.000000
0  -4.131191 -20.969139 -4.066411  -0.093926 0.000002 -0.995579  0.075349 0.627009 1 64 1.000000
0  -4.131193 -21.051483 -4.066411  -0.093950 -0.000004 -0.995577  0.075349 0.627009 1 64 1.000000
lowpoly_plastic
0  -3.546439 -20.185244 -5.749248  -1.000000 0.000036 0.000000  0.075349 0.627009 1 64 1.000000
0  -3.546436 -20.102896 -5.749248  -1.000000 0.000029 0.000000  0.075349 0.627009 1 64 1.000000
0  -3.546436 -20.102896 -5.774664  -1.000000 0.000028 0.000000  0.075349 0.627009 1 64 1.000000
lowpoly_plastic
0  -4.131192 -22.082417 -4.165146  0.000000 1.000000 0.000001  0.075349 0.627009 1 64 1.000000
0  -4.131193 -22.082417 -5.181636  0.000166 1.000000 0.000269  0.075349 0.627009 1 64 1.000000
0  -4.149722 -22.082417 -5.179888  0.000039 1.000000 0.000525  0.075349 0.627009 1 64 1.000000
lowpoly_plastic
0  -4.131191 -19.628603 -4.066411  -0.060196 0.766578 -0.639324  0.075349 0.627009 1 64 1.000000
0  -4.131193 -19.710947 -4.165145  -0.060280 0.766576 -0.639318  0.075349 0.627009 1 64 1.000000
0  -4.149722 -19.710945 -4.163396  -0.060272 0.766576 -0.639318  0.075349 0.627009 1 64 1.000000
lowpoly_plastic
0  -3.546434 -24.763491 -5.749249  -1.000000 -0.000024 0.000000  0.075349 0.627009 1 64 1.000000
0  -3.546441 -24.681147 -5.749247  -1.000000 -0.000078 0.000000  0.075349 0.627009 1 64 1.000000
0  -3.546441 -24.681147 -5.774663  -1.000000 -0.000080 0.000000  0.075349 0.627009 1 64 1.000000
lowpoly_plastic
0  -3.701119 -20.412504 -5.774664  0.000130 -1.000000 0.000215  0.075349 0.627009 1 64 1.000000
0  -3.546435 -20.412506 -5.774664  -0.000012 -1.000000 0.000000  0.075349 0.627009 1 64 1.000000
0  -3.546435 -20.412506 -5.749248  -0.000015 -1.000000 0.000029  0.075349 0.627009 1 64 1.000000
lowpoly_plastic
0  -3.546435 -20.412506 -5.749248  -0.000015 -1.000000 0.000029  0.075349 0.627009 1 64 1.000000
0  -3.702034 -20.412500 -5.749248  0.000275 -1.000000 0.000283  0.075349 0.627009 1 64 1.000000
0  -3.701119 -20.412504 -5.774664  0.000130 -1.000000 0.000215  0.075349 0.627009 1 64 1.000000
lowpoly_plastic
0  -3.701123 -21.133825 -5.774664  -0.000130 1.000000 -0.000217  0.075349 0.627009 1 64 1.000000
0  -3.712443 -21.133829 -5.759870  -0.000491 1.000000 -0.000284  0.075349 0.627009 1 64 1.000000
0  -3.702038 -21.133821 -5.749248  -0.000274 1.000000 -0.000291  0.075349 0.627009 1 64 1.000000
lowpoly_plastic
0  -3.702038 -21.133821 -5.749248  -0.000274 1.000000 -0.000291  0.075349 0.627009 1 64 1.000000
0  -3.546437 -21.133827 -5.749248  0.000015 1.000000 -0.000025  0.075349 0.627009 1 64 1.000000
0  -3.701123 -21.133825 -5.774664  -0.000130 1.000000 -0.000217  0.075349 0.627009 1 64 1.000000
lowpoly_plastic
0  -3.546437 -24.453880 -5.749249  -1.000000 0.000013 0.000000  0.075349 0.627009 1 64 1.000000
0  -3.546436 -24.371534 -5.749249  -1.000000 -0.000025 0.000000  0.075349 0.627009 1 64 1.000000
0  -3.546436 -24.371534 -5.774665  -1.000000 -0.000024 0.000000  0.075349 0.627009 1 64 1.000000
lowpoly_plastic
0  -3.546441 -24.289196 -5.749249  -1.000000 -0.000011 0.000000  0.075349 0.627009 1 64 1.000000
0  -3.546438 -24.206850 -5.749247  -1.000000 0.000036 0.000000  0.075349 0.627009 1 64 1.000000
0  -3.546438 -24.206850 -5.774665  -1.000000 0.000036 0.000000  0.075349 0.627009 1 64 1.000000
lowpoly_plastic
0  -4.131189 -22.392025 -4.066412  -0.093938 0.000000 -0.995578  0.075349 0.627009 1 64 1.000000
0  -4.131190 -22.474371 -4.066412  -0.093933 0.000001 -0.995579  0.075349 0.627009 1 64 1.000000
0  -4.149726 -22.474363 -4.064663  -0.093934 0.000001 -0.995578  0.075349 0.627009 1 64 1.000000
lowpoly_plastic
0  -4.131190 -22.000072 -4.066411  -0.060409 0.766556 -0.639329  0.075349 0.627009 1 64 1.000000
0  -4.131192 -22.082417 -4.165146  -0.060340 0.766571 -0.639319  0.075349 0.627009 1 64 1.000000
0  -4.149721 -22.082417 -4.163397  -0.060347 0.766569 -0.639319  0.075349 0.627009 1 64 1.000000
lowpoly_plastic
0  -4.149724 -21.917730 -4.064662  -0.093937 0.000001 -0.995578  0.075349 0.627009 1 64 1.000000
0  -4.131189 -21.917728 -4.066411  -0.093937 0.000001 -0.995578  0.075349 0.627009 1 64 1.000000
0  -4.131190 -22.000072 -4.066411  -0.093936 0.000003 -0.995578  0.075349 0.627009 1 64 1.000000
lowpoly_plastic
0  -3.701119 -21.608118 -5.774664  0.000098 1.000000 -0.000078  0.075349 0.627009 1 64 1.000000
0  -3.712442 -21.608114 -5.759870  0.000284 1.000000 0.000168  0.075349 0.627009 1 64 1.000000
0  -3.702038 -21.608118 -5.749248  0.000157 1.000000 0.000113  0.075349 0.627009 1 64 1.000000
lowpoly_plastic
0  -3.702038 -21.608118 -5.749248  0.000157 1.000000 0.000113  0.075349 0.627009 1 64 1.000000
0  -3.546434 -21.608118 -5.749249  0.000000 1.000000 -0.000012  0.075349 0.627009 1 64 1.000000
0  -3.701119 -21.608118 -5.774664  0.000098 1.000000 -0.000078  0.075349 0.627009 1 64 1.000000
lowpoly_plastic
0  -3.701123 -24.928179 -5.774663  -0.000111 1.000000 -0.000199  0.075349 0.627009 1 64 1.000000
0  -3.712444 -24.928181 -5.759869  -0.000451 1.000000 -0.000351  0.075349 0.627009 1 64 1.000000
0  -3.702039 -24.928173 -5.749247  -0.000260 1.000000 -0.000241  0.075349 0.627009 1 64 1.000000
lowpoly_plastic
0  -3.702039 -24.928173 -5.749247  -0.000260 1.000000 -0.000241  0.075349 0.627009 1 64 1.000000
0  -3.546439 -24.928179 -5.749247  0.000004 1.000000 -0.000012  0.075349 0.627009 1 64 1.000000
0  -3.701123 -24.928179 -5.774663  -0.000111 1.000000 -0.000199  0.075349 0.627009 1 64 1.000000
lowpoly_plastic
0  -3.546437 -24.845835 -5.749249  -1.000000 0.000028 0.000000  0.075349 0.627009 1 64 1.000000
0  -3.546434 -24.763491 -5.749249  -1.000000 -0.000024 0.000000  0.075349 0.627009 1 64 1.000000
0  -3.546434 -24.763491 -5.774665  -1.000000 -0.000025 0.000000  0.075349 0.627009 1 64 1.000000
lowpoly_plastic
0  -3.701125 -24.681147 -5.774665  -0.000041 -1.000000 -0.000196  0.075349 0.627009 1 64 1.000000
0  -3.546441 -24.681147 -5.774663  0.000000 -1.000000 0.000000  0.075349 0.627009 1 64 1.000000
0  -3.546441 -24.681147 -5.749247  0.000003 -1.000000 -0.000022  0.075349 0.627009 1 64 1.000000
lowpoly_plastic
0  -3.546441 -24.681147 -5.749247  0.000003 -1.000000 -0.000022  0.075349 0.627009 1 64 1.000000
0  -3.702034 -24.681150 -5.749247  -0.000121 -1.000000 -0.000199  0.075349 0.627009 1 64 1.000000
0  -3.701125 -24.681147 -5.774665  -0.000041 -1.000000 -0.000196  0.075349 0.627009 1 64 1.000000
lowpoly_plastic
0  -3.701119 -23.031000 -5.774665  0.000013 1.000000 0.000108  0.075349 0.627009 1 64 1.000000
0  -3.712441 -23.031002 -5.759871  0.000167 1.000000 0.000128  0.075349 0.627009 1 64 1.000000
0  -3.702039 -23.031006 -5.749249  0.000102 1.000000 0.000132  0.075349 0.627009 1 64 1.000000
lowpoly_plastic
0  -3.702039 -23.031006 -5.749249  0.000102 1.000000 0.000132  0.075349 0.627009 1 64 1.000000
0  -3.546434 -23.031000 -5.749249  -0.000004 1.000000 0.000012  0.075349 0.627009 1 64 1.000000
0  -3.701119 -23.031000 -5.774665  0.000013 1.000000 0.000108  0.075349 0.627009 1 64 1.000000
lowpoly_plastic
0  -4.149725 -22.082409 -5.188523  0.000205 1.000000 0.000689  0.075349 0.627009 1 64 1.000000
0  -4.149722 -22.082417 -5.179888  0.000039 1.000000 0.000525  0.075349 0.627009 1 64 1.000000
0  -4.131193 -22.082417 -5.181636  0.000166 1.000000 0.000269  0.075349 0.627009 1 64 1.000000
lowpoly_plastic
0  -4.131193 -22.082417 -5.181636  0.000166 1.000000 0.000269  0.075349 0.627009 1 64 1.000000
0  -3.702034 -22.082411 -5.749249  0.000027 1.000000 -0.000049  0.075349 0.627009 1 64 1.000000
0  -3.712446 -22.082411 -5.759871  0.000081 1.000000 -0.000038  0.075349 0.627009 1 64 1.000000
lowpoly_plastic
0  -4.149729 -22.783974 -4.163397  -0.060242 -0.766579 -0.639319  0.075349 0.627009 1 64 1.000000
0  -4.131194 -22.783972 -4.165146  -0.060224 -0.766576 -0.639323  0.075349 0.627009 1 64 1.000000
0  -4.131195 -22.866316 -4.066412  -0.060413 -0.766600 -0.639276  0.075349 0.627009 1 64 1.000000
lowpoly_plastic
0  -3.546439 -19.546259 -5.749250  -1.000000 -0.000011 0.000000  0.075349 0.627009 1 64 1.000000
0  -3.546437 -19.463915 -5.749250  -1.000000 0.000028 0.000000  0.075349 0.627009 1 64 1.000000
0  -3.546437 -19.463915 -5.774664  -1.000000 0.000028 0.000000  0.075349 0.627009 1 64 1.000000
lowpoly_plastic
0  -4.149727 -20.886795 -4.163396  -0.060333 -0.766563 -0.639329  0.075349 0.627009 1 64 1.000000
0  -4.131190 -20.886795 -4.165145  -0.060341 -0.766561 -0.639330  0.075349 0.627009 1 64 1.000000
0  -4.131191 -20.969139 -4.066411  -0.060255 -0.766580 -0.639316  0.075349 0.627009 1 64 1.000000
lowpoly_plastic
0  -4.131189 -22.948658 -4.066412  -0.060312 0.766573 -0.639319  0.075349 0.627009 1 64 1.000000
0  -4.131192 -23.031002 -4.165146  -0.060320 0.766566 -0.639327  0.075349 0.627009 1 64 1.000000
0  -4.149728 -23.031002 -4.163397  -0.060319 0.766566 -0.639326  0.075349 0.627009 1 64 1.000000
lowpoly_plastic
0  -3.546439 -21.917730 -5.774665  -1.000000 -0.000024 0.000000  0.075349 0.627009 1 64 1.000000
0  -3.546439 -21.917730 -5.749249  -1.000000 -0.000025 0.000000  0.075349 0.627009 1 64 1.000000
0  -3.546436 -21.835386 -5.749249  -1.000000 0.000036 0.000000  0.075349 0.627009 1 64 1.000000
lowpoly_plastic
0  -4.131191 -23.422955 -4.066412  -0.060262 0.766568 -0.639329  0.075349 0.627009 1 64 1.000000
0  -4.131193 -23.505299 -4.165146  -0.060251 0.766574 -0.639323  0.075349 0.627009 1 64 1.000000
0  -4.149723 -23.505297 -4.163397  -0.060252 0.766573 -0.639324  0.075349 0.627009 1 64 1.000000
lowpoly_plastic
0  -3.546434 -20.020554 -5.749250  -1.000000 -0.000005 0.000018  0.075349 0.627009 1 64 1.000000
0  -3.546433 -19.938208 -5.749250  -1.000000 0.000014 0.000188  0.075349 0.627009 1 64 1.000000
0  -3.546438 -19.938211 -5.774664  -1.000000 0.000002 0.000152  0.075349 0.627009 1 64 1.000000
lowpoly_plastic
0  -3.546440 -23.340611 -5.749249  -1.000000 -0.000014 0.000000  0.075349 0.627009 1 64 1.000000
0  -3.546438 -23.258268 -5.749249  -1.000000 0.000028 0.000000  0.075349 0.627009 1 64 1.000000
0  -3.546438 -23.258268 -5.774665  -1.000000 0.000027 0.000000  0.075349 0.627009 1 64 1.000000
lowpoly_plastic
0  -4.149727 -22.556705 -5.188523  0.000000 1.000000 0.000072  0.075349 0.627009 1 64 1.000000
0  -4.149727 -22.556705 -5.179888  0.000000 1.000000 -0.000000  0.075349 0.627009 1 64 1.000000
0  -4.131191 -22.556705 -5.181636  0.000001 1.000000 0.000068  0.075349 0.627009 1 64 1.000000
lowpoly_plastic
0  -4.131191 -22.556705 -5.181636  0.000001 1.000000 0.000068  0.075349 0.627009 1 64 1.000000
0  -3.702035 -22.556709 -5.749249  0.000042 1.000000 0.000086  0.075349 0.627009 1 64 1.000000
0  -3.712446 -22.556707 -5.759871  0.000064 1.000000 0.000117  0.075349 0.627009 1 64 1.000000
lowpoly_plastic
0  -4.131189 -23.340611 -4.066412  -0.093951 -0.000007 -0.995577  0.075349 0.627009 1 64 1.000000
0  -4.131191 -23.422955 -4.066412  -0.093957 0.000002 -0.995576  0.075349 0.627009 1 64 1.000000
0  -4.149721 -23.422953 -4.064663  -0.093956 0.000001 -0.995576  0.075349 0.627009 1 64 1.000000
lowpoly_plastic
0  -4.131186 -20.185242 -4.165145  0.000000 1.000000 -0.000000  0.075349 0.627009 1 64 1.000000
0  -4.131187 -20.185242 -5.181635  0.000209 1.000000 0.000225  0.075349 0.627009 1 64 1.000000
0  -4.149725 -20.185242 -5.179889  0.000049 1.000000 0.000350  0.075349 0.627009 1 64 1.000000
lowpoly_plastic
0  -3.546437 -21.443434 -5.749248  -1.000000 0.000011 0.000000  0.075349 0.627009 1 64 1.000000
0  -3.546435 -21.361090 -5.749248  -1.000000 0.000021 0.000000  0.075349 0.627009 1 64 1.000000
0  -3.546435 -21.361090 -5.774664  -1.000000 0.000021 0.000000  0.075349 0.627009 1 64 1.000000
lowpoly_plastic
0  -3.546437 -21.525778 -5.749249  -1.000000 -0.000018 0.000000  0.075349 0.627009 1 64 1.000000
0  -3.546437 -21.443434 -5.749248  -1.000000 0.000011 0.000000  0.075349 0.627009 1 64 1.000000
0  -3.546437 -21.443434 -5.774664  -1.000000 0.000011 0.000000  0.075349 0.627009 1 64 1.000000
lowpoly_plastic
0  -4.131195 -22.866316 -4.066412  -0.093950 0.000000 -0.995577  0.075349 0.627009 1 64 1.000000
0  -4.131189 -22.948658 -4.066412  -0.093925 -0.000007 -0.995579  0.075349 0.627009 1 64 1.000000
0  -4.149727 -22.948658 -4.064663  -0.093929 -0.000006 -0.995579  0.075349 0.627009 1 64 1.000000
lowpoly_plastic
0  -3.701122 -24.453880 -5.774665  -0.000106 1.000000 0.000078  0.075349 0.627009 1 64 1.000000
0  -3.712443 -24.453886 -5.759869  -0.000222 1.000000 -0.000006  0.075349 0.627009 1 64 1.000000
0  -3.702032 -24.453884 -5.749249  -0.000118 1.000000 0.000041  0.075349 0.627009 1 64 1.000000
lowpoly_plastic
0  -3.702032 -24.453884 -5.749249  -0.000118 1.000000 0.000041  0.075349 0.627009 1 64 1.000000
0  -3.546437 -24.453880 -5.749249  -0.000003 1.000000 0.000012  0.075349 0.627009 1 64 1.000000
0  -3.701122 -24.453880 -5.774665  -0.000106 1.000000 0.000078  0.075349 0.627009 1 64 1.000000
lowpoly_plastic
0  -4.149727 -24.928177 -5.188523  0.000001 1.000000 0.000000  0.075349 0.627009 1 64 1.000000
0  -4.149727 -24.928177 -5.179888  0.000000 1.000000 -0.000000  0.075349 0.627009 1 64 1.000000
0  -4.131188 -24.928177 -5.181636  -0.000001 1.000000 -0.000001  0.075349 0.627009 1 64 1.000000
lowpoly_plastic
0  -4.131188 -24.928177 -5.181636  -0.000001 1.000000 -0.000001  0.075349 0.627009 1 64 1.000000
0  -3.702039 -24.928173 -5.749247  -0.000260 1.000000 -0.000241  0.075349 0.627009 1 64 1.000000
0  -3.712444 -24.928181 -5.759869  -0.000451 1.000000 -0.000351  0.075349 0.627009 1 64 1.000000
lowpoly_plastic
0  -3.546436 -22.866316 -5.749249  -1.000000 0.000028 0.000000  0.075349 0.627009 1 64 1.000000
0  -3.546435 -22.783972 -5.749249  -1.000000 0.000007 0.000000  0.075349 0.627009 1 64 1.000000
0  -3.546435 -22.783972 -5.774665  -1.000000 0.000008 0.000000  0.075349 0.627009 1 64 1.000000
lowpoly_plastic
0  -4.149726 -24.206850 -4.163397  -0.060465 -0.766565 -0.639313  0.075349 0.627009 1 64 1.000000
0  -4.131195 -24.206854 -4.165146  -0.060484 -0.766564 -0.639313  0.075349 0.627009 1 64 1.000000
0  -4.131189 -24.289196 -4.066411  -0.060289 -0.766573 -0.639321  0.075349 0.627009 1 64 1.000000
lowpoly_plastic
0  -4.131194 -23.897251 -4.066411  -0.060190 0.766619 -0.639275  0.075349 0.627009 1 64 1.000000
0  -4.131191 -23.979588 -4.165146  -0.060226 0.766609 -0.639283  0.075349 0.627009 1 64 1.000000
0  -4.149730 -23.979586 -4.163397  -0.060222 0.766610 -0.639283  0.075349 0.627009 1 64 1.000000
lowpoly_plastic
0  -3.546440 -22.082411 -5.749249  -1.000000 0.000093 0.000000  0.075349 0.627009 1 64 1.000000
0  -3.546432 -22.000072 -5.749249  -1.000000 0.000006 0.000000  0.075349 0.627009 1 64 1.000000
0  -3.546432 -22.000072 -5.774665  -1.000000 0.000007 0.000000  0.075349 0.627009 1 64 1.000000
lowpoly_plastic
0  -4.131191 -24.763491 -4.066411  -0.093944 -0.000005 -0.995578  0.075349 0.627009 1 64 1.000000
0  -4.131194 -24.845833 -4.066411  -0.094003 0.000003 -0.995572  0.075349 0.627009 1 64 1.000000
0  -4.149723 -24.845833 -4.064662  -0.093993 0.000002 -0.995573  0.075349 0.627009 1 64 1.000000
lowpoly_plastic
0  -4.131187 -24.928177 -4.165144  0.000000 1.000000 -0.000000  0.075349 0.627009 1 64 1.000000
0  -4.131188 -24.928177 -5.181636  -0.000001 1.000000 -0.000001  0.075349 0.627009 1 64 1.000000
0  -4.149727 -24.928177 -5.179888  0.000000 1.000000 -0.000000  0.075349 0.627009 1 64 1.000000
lowpoly_plastic
0  -4.131193 -20.659531 -4.165145  0.000000 1.000000 0.000002  0.075349 0.627009 1 64 1.000000
0  -4.131194 -20.659531 -5.181635  -0.000000 1.000000 0.000067  0.075349 0.627009 1 64 1.000000
0  -4.149724 -20.659531 -5.179887  0.000000 1.000000 -0.000002  0.075349 0.627009 1 64 1.000000
lowpoly_plastic
0  -4.149722 -20.185232 -5.188522  0.000256 1.000000 0.000507  0.075349 0.627009 1 64 1.000000
0  -4.149725 -20.185242 -5.179889  0.000049 1.000000 0.000350  0.075349 0.627009 1 64 1.000000
0  -4.131187 -20.185242 -5.181635  0.000209 1.000000 0.000225  0.075349 0.627009 1 64 1.000000
lowpoly_plastic
0  -4.131187 -20.185242 -5.181635  0.000209 1.000000 0.000225  0.075349 0.627009 1 64 1.000000
0  -3.702037 -20.185238 -5.749248  0.000170 1.000000 0.000020  0.075349 0.627009 1 64 1.000000
0  -3.712441 -20.185234 -5.759870  0.000287 1.000000 0.000024  0.075349 0.627009 1 64 1.000000
lowpoly_plastic
0  -4.149724 -20.659531 -5.188522  0.000000 1.000000 0.000072  0.075349 0.627009 1 64 1.000000
0  -4.149724 -20.659531 -5.179887  0.000000 1.000000 -0.000002  0.075349 0.627009 1 64 1.000000
0  -4.131194 -20.659531 -5.181635  -0.000000 1.000000 0.000067  0.075349 0.627009 1 64 1.000000
lowpoly_plastic
0  -4.131194 -20.659531 -5.181635  -0.000000 1.000000 0.000067  0.075349 0.627009 1 64 1.000000
0  -3.702032 -20.659531 -5.749248  -0.000050 1.000000 -0.000118  0.075349 0.627009 1 64 1.000000
0  -3.712443 -20.659533 -5.759870  -0.000062 1.000000 -0.000184  0.075349 0.627009 1 64 1.000000
lowpoly_plastic
0  -3.701121 -19.710945 -5.774664  -0.000070 1.000000 0.000030  0.075349 0.627009 1 64 1.000000
0  -3.712442 -19.710947 -5.759870  -0.000246 1.000000 -0.000020  0.075349 0.627009 1 64 1.000000
0  -3.702036 -19.710943 -5.749250  -0.000140 1.000000 -0.000054  0.075349 0.627009 1 64 1.000000
lowpoly_plastic
0  -3.702036 -19.710943 -5.749250  -0.000140 1.000000 -0.000054  0.075349 0.627009 1 64 1.000000
0  -3.546436 -19.710945 -5.749248  0.000001 1.000000 0.000000  0.075349 0.627009 1 64 1.000000
0  -3.701121 -19.710945 -5.774664  -0.000070 1.000000 0.000030  0.075349 0.627009 1 64 1.000000
lowpoly_plastic
0  -3.546439 -24.928179 -5.749247  -1.000000 0.000026 0.000000  0.075349 0.627009 1 64 1.000000
0  -3.546437 -24.845835 -5.749249  -1.000000 0.000028 0.000000  0.075349 0.627009 1 64 1.000000
0  -3.546437 -24.845835 -5.774665  -1.000000 0.000029 0.000000  0.075349 0.627009 1 64 1.000000
lowpoly_plastic
0  -3.546436 -19.710945 -5.774664  -1.000000 0.000015 0.000000  0.075349 0.627009 1 64 1.000000
0  -3.546436 -19.710945 -5.749248  -1.000000 0.000015 0.000000  0.075349 0.627009 1 64 1.000000
0  -3.546435 -19.628599 -5.749250  -1.000000 -0.000018 0.000000  0.075349 0.627009 1 64 1.000000
lowpoly_plastic
0  -4.149726 -19.938211 -4.163396  -0.060316 -0.766593 -0.639294  0.075349 0.627009 1 64 1.000000
0  -4.131188 -19.938211 -4.165145  -0.060315 -0.766595 -0.639292  0.075349 0.627009 1 64 1.000000
0  -4.131190 -20.020554 -4.066411  -0.060330 -0.766573 -0.639317  0.075349 0.627009 1 64 1.000000
lowpoly_plastic
0  -4.131193 -23.505299 -4.165146  0.000103 1.000000 -0.000003  0.075349 0.627009 1 64 1.000000
0  -4.131194 -23.505299 -5.181636  0.000090 1.000000 0.000069  0.075349 0.627009 1 64 1.000000
0  -4.149724 -23.505297 -5.179888  0.000103 1.000000 0.000002  0.075349 0.627009 1 64 1.000000
lowpoly_plastic
0  -4.131191 -23.979588 -4.165146  0.000103 1.000000 -0.000001  0.075349 0.627009 1 64 1.000000
0  -4.131192 -23.979588 -5.181636  0.000092 1.000000 0.000068  0.075349 0.627009 1 64 1.000000
0  -4.149730 -23.979586 -5.179888  0.000103 1.000000 -0.000000  0.075349 0.627009 1 64 1.000000
lowpoly_plastic
0  -3.701122 -23.505295 -5.774665  -0.000003 1.000000 -0.000078  0.075349 0.627009 1 64 1.000000
0  -3.712446 -23.505295 -5.759871  -0.000104 1.000000 -0.000023  0.075349 0.627009 1 64 1.000000
0  -3.702036 -23.505293 -5.749249  -0.000053 1.000000 -0.000068  0.075349 0.627009 1 64 1.000000
lowpoly_plastic
0  -3.702036 -23.505293 -5.749249  -0.000053 1.000000 -0.000068  0.075349 0.627009 1 64 1.000000
0  -3.546436 -23.505299 -5.749249  0.000026 1.000000 -0.000012  0.075349 0.627009 1 64 1.000000
0  -3.701122 -23.505295 -5.774665  -0.000003 1.000000 -0.000078  0.075349 0.627009 1 64 1.000000
lowpoly_plastic
0  -4.149730 -23.979586 -5.188523  0.000091 1.000000 0.000072  0.075349 0.627009 1 64 1.000000
0  -4.149730 -23.979586 -5.179888  0.000103 1.000000 -0.000000  0.075349 0.627009 1 64 1.000000
0  -4.131192 -23.979588 -5.181636  0.000092 1.000000 0.000068  0.075349 0.627009 1 64 1.000000
lowpoly_plastic
0  -4.131192 -23.979588 -5.181636  0.000092 1.000000 0.000068  0.075349 0.627009 1 64 1.000000
0  -3.702037 -23.979589 -5.749249  0.000130 1.000000 0.000068  0.075349 0.627009 1 64 1.000000
0  -3.712442 -23.979586 -5.759869  0.000246 1.000000 -0.000023  0.075349 0.627009 1 64 1.000000
lowpoly_plastic
0  -3.701116 -20.185238 -5.774664  0.000125 1.000000 0.000000  0.075349 0.627009 1 64 1.000000
0  -3.712441 -20.185234 -5.759870  0.000287 1.000000 0.000024  0.075349 0.627009 1 64 1.000000
0  -3.702037 -20.185238 -5.749248  0.000170 1.000000 0.000020  0.075349 0.627009 1 64 1.000000
lowpoly_plastic
0  -3.702037 -20.185238 -5.749248  0.000170 1.000000 0.000020  0.075349 0.627009 1 64 1.000000
0  -3.546439 -20.185244 -5.749248  0.000037 1.000000 0.000000  0.075349 0.627009 1 64 1.000000
0  -3.701116 -20.185238 -5.774664  0.000125 1.000000 0.000000  0.075349 0.627009 1 64 1.000000
lowpoly_plastic
0  -4.131191 -23.814905 -4.066411  -0.093846 0.000004 -0.995587  0.075349 0.627009 1 64 1.000000
0  -4.131194 -23.897251 -4.066411  -0.093866 0.000003 -0.995585  0.075349 0.627009 1 64 1.000000
0  -4.149725 -23.897249 -4.064663  -0.093862 0.000003 -0.995585  0.075349 0.627009 1 64 1.000000
lowpoly_plastic
0  -3.701122 -22.309681 -5.774665  -0.000066 -1.000000 0.000073  0.075349 0.627009 1 64 1.000000
0  -3.546437 -22.309683 -5.774665  -0.000012 -1.000000 0.000000  0.075349 0.627009 1 64 1.000000
0  -3.546437 -22.309683 -5.749249  -0.000015 -1.000000 0.000002  0.075349 0.627009 1 64 1.000000
lowpoly_plastic
0  -3.546437 -22.309683 -5.749249  -0.000015 -1.000000 0.000002  0.075349 0.627009 1 64 1.000000
0  -3.702037 -22.309677 -5.749249  -0.000042 -1.000000 -0.000026  0.075349 0.627009 1 64 1.000000
0  -3.701122 -22.309681 -5.774665  -0.000066 -1.000000 0.000073  0.075349 0.627009 1 64 1.000000
lowpoly_plastic
0  -4.131193 -21.443436 -4.066411  -0.093955 0.000000 -0.995576  0.075349 0.627009 1 64 1.000000
0  -4.131188 -21.525776 -4.066411  -0.093951 -0.000005 -0.995577  0.075349 0.627009 1 64 1.000000
0  -4.149725 -21.525780 -4.064662  -0.093951 -0.000005 -0.995577  0.075349 0.627009 1 64 1.000000
lowpoly_plastic
0  -4.131188 -20.577194 -4.066411  -0.060327 0.766600 -0.639284  0.075349 0.627009 1 64 1.000000
0  -4.131193 -20.659531 -4.165145  -0.060340 0.766594 -0.639291  0.075349 0.627009 1 64 1.000000
0  -4.149723 -20.659531 -4.163396  -0.060339 0.766595 -0.639290  0.075349 0.627009 1 64 1.000000
lowpoly_plastic
0  -4.131190 -22.556705 -4.165146  0.000000 1.000000 -0.000000  0.075349 0.627009 1 64 1.000000
0  -4.131191 -22.556705 -5.181636  0.000001 1.000000 0.000068  0.075349 0.627009 1 64 1.000000
0  -4.149727 -22.556705 -5.179888  0.000000 1.000000 -0.000000  0.075349 0.627009 1 64 1.000000
lowpoly_plastic
0  -4.149722 -21.608120 -5.188522  -0.000082 1.000000 0.000182  0.075349 0.627009 1 64 1.000000
0  -4.149727 -21.608124 -5.179887  -0.000186 1.000000 0.000173  0.075349 0.627009 1 64 1.000000
0  -4.131190 -21.608120 -5.181635  -0.000100 1.000000 0.000045  0.075349 0.627009 1 64 1.000000
lowpoly_plastic
0  -4.131190 -21.608120 -5.181635  -0.000100 1.000000 0.000045  0.075349 0.627009 1 64 1.000000
0  -3.702038 -21.608118 -5.749248  0.000157 1.000000 0.000113  0.075349 0.627009 1 64 1.000000
0  -3.712442 -21.608114 -5.759870  0.000284 1.000000 0.000168  0.075349 0.627009 1 64 1.000000
lowpoly_plastic
0  -3.546434 -23.031000 -5.774665  -1.000000 -0.000071 0.000000  0.075349 0.627009 1 64 1.000000
0  -3.546434 -23.031000 -5.749249  -1.000000 -0.000071 0.000000  0.075349 0.627009 1 64 1.000000
0  -3.546440 -22.948660 -5.749249  -1.000000 -0.000011 0.000000  0.075349 0.627009 1 64 1.000000
lowpoly_plastic
0  -3.546436 -20.494850 -5.774664  -1.000000 0.000034 -0.000025  0.075349 0.627009 1 64 1.000000
0  -3.546436 -20.494850 -5.749248  -1.000000 0.000043 0.000000  0.075349 0.627009 1 64 1.000000
0  -3.546435 -20.412506 -5.749248  -1.000000 0.000008 0.000000  0.075349 0.627009 1 64 1.000000
lowpoly_plastic
0  -3.546435 -20.969137 -5.774664  -1.000000 0.000006 0.000000  0.075349 0.627009 1 64 1.000000
0  -3.546435 -20.969137 -5.749248  -1.000000 0.000007 0.000000  0.075349 0.627009 1 64 1.000000
0  -3.546436 -20.886801 -5.749248  -1.000000 -0.000013 0.000000  0.075349 0.627009 1 64 1.000000
lowpoly_plastic
0  -4.131194 -24.845833 -4.066411  -0.060334 0.766576 -0.639313  0.075349 0.627009 1 64 1.000000
0  -4.131187 -24.928177 -4.165144  -0.060258 0.766577 -0.639319  0.075349 0.627009 1 64 1.000000
0  -4.149727 -24.928177 -4.163397  -0.060265 0.766577 -0.639318  0.075349 0.627009 1 64 1.000000
lowpoly_plastic
0  -4.149727 -24.681149 -4.163397  -0.060173 -0.766565 -0.639341  0.075349 0.627009 1 64 1.000000
0  -4.131190 -24.681147 -4.165144  -0.060167 -0.766564 -0.639343  0.075349 0.627009 1 64 1.000000
0  -4.131191 -24.763491 -4.066411  -0.060236 -0.766576 -0.639322  0.075349 0.627009 1 64 1.000000
lowpoly_plastic
0  -3.701121 -20.886801 -5.774664  -0.000078 -1.000000 0.000138  0.075349 0.627009 1 64 1.000000
0  -3.546436 -20.886801 -5.774664  0.000000 -1.000000 0.000000  0.075349 0.627009 1 64 1.000000
0  -3.546436 -20.886801 -5.749248  -0.000001 -1.000000 0.000022  0.075349 0.627009 1 64 1.000000
lowpoly_plastic
0  -3.546436 -20.886801 -5.749248  -0.000001 -1.000000 0.000022  0.075349 0.627009 1 64 1.000000
0  -3.702035 -20.886799 -5.749248  -0.000098 -1.000000 0.000003  0.075349 0.627009 1 64 1.000000
0  -3.701121 -20.886801 -5.774664  -0.000078 -1.000000 0.000138  0.075349 0.627009 1 64 1.000000
lowpoly_plastic
0  -3.546436 -23.814903 -5.749249  -1.000000 -0.000019 0.000018  0.075349 0.627009 1 64 1.000000
0  -3.546434 -23.732559 -5.749249  -1.000000 0.000028 0.000188  0.075349 0.627009 1 64 1.000000
0  -3.546439 -23.732563 -5.774665  -1.000000 0.000016 0.000152  0.075349 0.627009 1 64 1.000000
lowpoly_plastic
0  -3.546434 -21.608118 -5.749249  -1.000000 -0.000036 0.000000  0.075349 0.627009 1 64 1.000000
0  -3.546437 -21.525778 -5.749249  -1.000000 -0.000018 0.000000  0.075349 0.627009 1 64 1.000000
0  -3.546437 -21.525778 -5.774665  -1.000000 -0.000018 0.000000  0.075349 0.627009 1 64 1.000000
lowpoly_plastic
0  -4.131188 -21.525776 -4.066411  -0.060489 0.766564 -0.639313  0.075349 0.627009 1 64 1.000000
0  -4.131189 -21.608120 -4.165145  -0.060487 0.766561 -0.639317  0.075349 0.627009 1 64 1.000000
0  -4.149727 -21.608124 -4.163396  -0.060488 0.766561 -0.639316  0.075349 0.627009 1 64 1.000000
lowpoly_plastic
0  -3.701119 -22.082415 -5.774665  0.000039 1.000000 -0.000108  0.075349 0.627009 1 64 1.000000
0  -3.712446 -22.082411 -5.759871  0.000081 1.000000 -0.000038  0.075349 0.627009 1 64 1.000000
0  -3.702034 -22.082411 -5.749249  0.000027 1.000000 -0.000049  0.075349 0.627009 1 64 1.000000
lowpoly_plastic
0  -3.702034 -22.082411 -5.749249  0.000027 1.000000 -0.000049  0.075349 0.627009 1 64 1.000000
0  -3.546440 -22.082411 -5.749249  -0.000022 1.000000 -0.000012  0.075349 0.627009 1 64 1.000000
0  -3.701119 -22.082415 -5.774665  0.000039 1.000000 -0.000108  0.075349 0.627009 1 64 1.000000
lowpoly_plastic
0  -3.701125 -23.258265 -5.774665  0.000039 -1.000000 -0.000114  0.075349 0.627009 1 64 1.000000
0  -3.546438 -23.258268 -5.774665  -0.000025 -1.000000 0.000000  0.075349 0.627009 1 64 1.000000
0  -3.546438 -23.258268 -5.749249  -0.000022 -1.000000 -0.000018  0.075349 0.627009 1 64 1.000000
lowpoly_plastic
0  -3.546438 -23.258268 -5.749249  -0.000022 -1.000000 -0.000018  0.075349 0.627009 1 64 1.000000
0  -3.702034 -23.258268 -5.749249  0.000027 -1.000000 -0.000066  0.075349 0.627009 1 64 1.000000
0  -3.701125 -23.258265 -5.774665  0.000039 -1.000000 -0.000114  0.075349 0.627009 1 64 1.000000
lowpoly_plastic
0  -4.149724 -23.505297 -5.188523  0.000091 1.000000 0.000072  0.075349 0.627009 1 64 1.000000
0  -4.149724 -23.505297 -5.179888  0.000103 1.000000 0.000002  0.075349 0.627009 1 64 1.000000
0  -4.131194 -23.505299 -5.181636  0.000090 1.000000 0.000069  0.075349 0.627009 1 64 1.000000
lowpoly_plastic
0  -4.131194 -23.505299 -5.181636  0.000090 1.000000 0.000069  0.075349 0.627009 1 64 1.000000
0  -3.702036 -23.505293 -5.749249  -0.000053 1.000000 -0.000068  0.075349 0.627009 1 64 1.000000
0  -3.712446 -23.505295 -5.759871  -0.000104 1.000000 -0.000023  0.075349 0.627009 1 64 1.000000
lowpoly_plastic
0  -3.701116 -20.659534 -5.774664  -0.000010 1.000000 -0.000169  0.075349 0.627009 1 64 1.000000
0  -3.712443 -20.659533 -5.759870  -0.000062 1.000000 -0.000184  0.075349 0.627009 1 64 1.000000
0  -3.702032 -20.659531 -5.749248  -0.000050 1.000000 -0.000118  0.075349 0.627009 1 64 1.000000
lowpoly_plastic
0  -3.702032 -20.659531 -5.749248  -0.000050 1.000000 -0.000118  0.075349 0.627009 1 64 1.000000
0  -3.546437 -20.659531 -5.749248  -0.000022 1.000000 -0.000012  0.075349 0.627009 1 64 1.000000
0  -3.701116 -20.659534 -5.774664  -0.000010 1.000000 -0.000169  0.075349 0.627009 1 64 1.000000
lowpoly_plastic
0  -4.149726 -22.309681 -4.163397  -0.060298 -0.766561 -0.639335  0.075349 0.627009 1 64 1.000000
0  -4.131187 -22.309681 -4.165146  -0.060310 -0.766559 -0.639335  0.075349 0.627009 1 64 1.000000
0  -4.131189 -22.392025 -4.066412  -0.060187 -0.766572 -0.639331  0.075349 0.627009 1 64 1.000000
lowpoly_plastic
0  -3.546436 -23.505299 -5.749249  -1.000000 0.000000 0.000000  0.075349 0.627009 1 64 1.000000
0  -3.546436 -23.422953 -5.749249  -1.000000 -0.000022 0.000000  0.075349 0.627009 1 64 1.000000
0  -3.546436 -23.422953 -5.774665  -1.000000 -0.000021 0.000000  0.075349 0.627009 1 64 1.000000
lowpoly_plastic
0  -4.149724 -23.031000 -5.188523  0.000052 1.000000 0.000000  0.075349 0.627009 1 64 1.000000
0  -4.149728 -23.031002 -5.179888  0.000010 1.000000 0.000000  0.075349 0.627009 1 64 1.000000
0  -4.131193 -23.031002 -5.181636  0.000043 1.000000 0.000001  0.075349 0.627009 1 64 1.000000
lowpoly_plastic
0  -4.131193 -23.031002 -5.181636  0.000043 1.000000 0.000001  0.075349 0.627009 1 64 1.000000
0  -3.702039 -23.031006 -5.749249  0.000102 1.000000 0.000132  0.075349 0.627009 1 64 1.000000
0  -3.712441 -23.031002 -5.759871  0.000167 1.000000 0.000128  0.075349 0.627009 1 64 1.000000
lowpoly_plastic
0  -3.546437 -21.051481 -5.749248  -1.000000 0.000011 0.000000  0.075349 0.627009 1 64 1.000000
0  -3.546435 -20.969137 -5.749248  -1.000000 0.000007 0.000000  0.075349 0.627009 1 64 1.000000
0  -3.546435 -20.969137 -5.774664  -1.000000 0.000006 0.000000  0.075349 0.627009 1 64 1.000000
lowpoly_plastic
0  -3.546436 -23.422953 -5.749249  -1.000000 -0.000022 0.000000  0.075349 0.627009 1 64 1.000000
0  -3.546440 -23.340611 -5.749249  -1.000000 -0.000014 0.000000  0.075349 0.627009 1 64 1.000000
0  -3.546440 -23.340611 -5.774665  -1.000000 -0.000014 0.000000  0.075349 0.627009 1 64 1.000000
lowpoly_plastic
0  -4.131190 -22.474371 -4.066412  -0.060025 0.766615 -0.639296  0.075349 0.627009 1 64 1.000000
0  -4.131190 -22.556705 -4.165146  -0.060319 0.766598 -0.639288  0.075349 0.627009 1 64 1.000000
0  -4.149727 -22.556705 -4.163397  -0.060290 0.766599 -0.639289  0.075349 0.627009 1 64 1.000000
lowpoly_plastic
0  -4.149726 -23.732565 -4.163397  -0.060223 -0.766571 -0.639330  0.075349 0.627009 1 64 1.000000
0  -4.131189 -23.732563 -4.165146  -0.060217 -0.766569 -0.639332  0.075349 0.627009 1 64 1.000000
0  -4.131191 -23.814905 -4.066411  -0.060278 -0.766586 -0.639306  0.075349 0.627009 1 64 1.000000
lowpoly_plastic
0  -4.131193 -20.102900 -4.066411  -0.060267 0.766582 -0.639311  0.075349 0.627009 1 64 1.000000
0  -4.131186 -20.185242 -4.165145  -0.060311 0.766566 -0.639328  0.075349 0.627009 1 64 1.000000
0  -4.149725 -20.185242 -4.163396  -0.060306 0.766567 -0.639326  0.075349 0.627009 1 64 1.000000
lowpoly_plastic
0  -4.149725 -23.258266 -4.163397  -0.060336 -0.766572 -0.639317  0.075349 0.627009 1 64 1.000000
0  -4.131195 -23.258266 -4.165146  -0.060339 -0.766574 -0.639315  0.075349 0.627009 1 64 1.000000
0  -4.131189 -23.340611 -4.066412  -0.060310 -0.766560 -0.639335  0.075349 0.627009 1 64 1.000000
lowpoly_plastic
0  -4.131193 -19.710947 -4.165145  0.000103 1.000000 0.000000  0.075349 0.627009 1 64 1.000000
0  -4.131193 -19.710947 -5.181637  0.000091 1.000000 0.000067  0.075349 0.627009 1 64 1.000000
0  -4.149722 -19.710945 -5.179889  0.000103 1.000000 0.000000  0.075349 0.627009 1 64 1.000000
lowpoly_plastic
0  -4.131193 -24.371540 -4.066411  -0.060260 0.766580 -0.639315  0.075349 0.627009 1 64 1.000000
0  -4.131194 -24.453884 -4.165144  -0.060117 0.766595 -0.639311  0.075349 0.627009 1 64 1.000000
0  -4.149723 -24.453880 -4.163397  -0.060130 0.766593 -0.639311  0.075349 0.627009 1 64 1.000000
lowpoly_plastic
0  -3.546437 -22.392017 -5.749249  -1.000000 0.000011 0.000000  0.075349 0.627009 1 64 1.000000
0  -3.546437 -22.309683 -5.749249  -1.000000 0.000000 0.000000  0.075349 0.627009 1 64 1.000000
0  -3.546437 -22.309683 -5.774665  -1.000000 0.000000 0.000000  0.075349 0.627009 1 64 1.000000
lowpoly_plastic
0  -4.149722 -19.710945 -5.188522  0.000092 1.000000 0.000072  0.075349 0.627009 1 64 1.000000
0  -4.149722 -19.710945 -5.179889  0.000103 1.000000 0.000000  0.075349 0.627009 1 64 1.000000
0  -4.131193 -19.710947 -5.181637  0.000091 1.000000 0.000067  0.075349 0.627009 1 64 1.000000
lowpoly_plastic
0  -4.131193 -19.710947 -5.181637  0.000091 1.000000 0.000067  0.075349 0.627009 1 64 1.000000
0  -3.702036 -19.710943 -5.749250  -0.000140 1.000000 -0.000054  0.075349 0.627009 1 64 1.000000
0  -3.712442 -19.710947 -5.759870  -0.000246 1.000000 -0.000020  0.075349 0.627009 1 64 1.000000
lowpoly_plastic
0  -4.149726 -21.133825 -5.188522  0.000001 1.000000 0.000000  0.075349 0.627009 1 64 1.000000
0  -4.149726 -21.133825 -5.179887  0.000000 1.000000 0.000002  0.075349 0.627009 1 64 1.000000
0  -4.131189 -21.133825 -5.181635  -0.000001 1.000000 -0.000001  0.075349 0.627009 1 64 1.000000
lowpoly_plastic
0  -4.131189 -21.133825 -5.181635  -0.000001 1.000000 -0.000001  0.075349 0.627009 1 64 1.000000
0  -3.702038 -21.133821 -5.749248  -0.000274 1.000000 -0.000291  0.075349 0.627009 1 64 1.000000
0  -3.712443 -21.133829 -5.759870  -0.000491 1.000000 -0.000284  0.075349 0.627009 1 64 1.000000
lowpoly_plastic
0  -3.701118 -23.979588 -5.774665  0.000053 1.000000 0.000139  0.075349 0.627009 1 64 1.000000
0  -3.712442 -23.979586 -5.759869  0.000246 1.000000 -0.000023  0.075349 0.627009 1 64 1.000000
0  -3.702037 -23.979589 -5.749249  0.000130 1.000000 0.000068  0.075349 0.627009 1 64 1.000000
lowpoly_plastic
0  -3.702037 -23.979589 -5.749249  0.000130 1.000000 0.000068  0.075349 0.627009 1 64 1.000000
0  -3.546436 -23.979584 -5.749249  -0.000015 1.000000 -0.000192  0.075349 0.627009 1 64 1.000000
0  -3.701118 -23.979588 -5.774665  0.000053 1.000000 0.000139  0.075349 0.627009 1 64 1.000000
lowpoly_plastic
0  -3.546435 -23.897251 -5.749247  -1.000000 -0.000001 0.000000  0.075349 0.627009 1 64 1.000000
0  -3.546436 -23.814903 -5.749249  -1.000000 -0.000019 0.000018  0.075349 0.627009 1 64 1.000000
0  -3.546436 -23.814903 -5.774665  -1.000000 -0.000024 0.000000  0.075349 0.627009 1 64 1.000000
lowpoly_plastic
0  -4.131190 -20.020554 -4.066411  -0.093959 0.000001 -0.995576  0.075349 0.627009 1 64 1.000000
0  -4.131193 -20.102900 -4.066411  -0.093989 0.000003 -0.995573  0.075349 0.627009 1 64 1.000000
0  -4.149723 -20.102898 -4.064662  -0.093984 0.000003 -0.995574  0.075349 0.627009 1 64 1.000000
lowpoly_plastic
0  -4.131193 -21.051483 -4.066411  -0.060268 0.766572 -0.639324  0.075349 0.627009 1 64 1.000000
0  -4.131188 -21.133825 -4.165145  -0.060315 0.766593 -0.639294  0.075349 0.627009 1 64 1.000000
0  -4.149726 -21.133825 -4.163396  -0.060310 0.766591 -0.639297  0.075349 0.627009 1 64 1.000000
lowpoly_plastic
0  -4.131186 -20.494848 -4.066411  -0.093929 0.000000 -0.995579  0.075349 0.627009 1 64 1.000000
0  -4.131188 -20.577194 -4.066411  -0.093974 0.000003 -0.995575  0.075349 0.627009 1 64 1.000000
0  -4.149723 -20.577194 -4.064662  -0.093967 0.000003 -0.995575  0.075349 0.627009 1 64 1.000000
lowpoly_plastic
0  -3.701120 -21.835382 -5.774665  0.000129 -1.000000 -0.000010  0.075349 0.627009 1 64 1.000000
0  -3.546436 -21.835386 -5.774665  -0.000025 -1.000000 0.000000  0.075349 0.627009 1 64 1.000000
0  -3.546436 -21.835386 -5.749249  -0.000025 -1.000000 -0.000002  0.075349 0.627009 1 64 1.000000
lowpoly_plastic
0  -3.546436 -21.835386 -5.749249  -0.000025 -1.000000 -0.000002  0.075349 0.627009 1 64 1.000000
0  -3.702035 -21.835382 -5.749249  0.000230 -1.000000 0.000148  0.075349 0.627009 1 64 1.000000
0  -3.701120 -21.835382 -5.774665  0.000129 -1.000000 -0.000010  0.075349 0.627009 1 64 1.000000
lowpoly_plastic
0  -3.546442 -20.577188 -5.749248  -1.000000 -0.000027 -0.000238  0.075349 0.627009 1 64 1.000000
0  -3.546436 -20.494850 -5.749248  -1.000000 0.000043 0.000000  0.075349 0.627009 1 64 1.000000
0  -3.546436 -20.494850 -5.774664  -1.000000 0.000034 -0.000025  0.075349 0.627009 1 64 1.000000
lowpoly_plastic
0  -4.149727 -19.546261 -4.064662  -0.093962 0.000001 -0.995576  0.075349 0.627009 1 64 1.000000
0  -4.131189 -19.546257 -4.066411  -0.093958 0.000002 -0.995576  0.075349 0.627009 1 64 1.000000
0  -4.131191 -19.628603 -4.066411  -0.093987 -0.000005 -0.995573  0.075349 0.627009 1 64 1.000000
lowpoly_plastic
0  -4.149724 -24.453880 -5.188523  0.000184 1.000000 -0.000072  0.075349 0.627009 1 64 1.000000
0  -4.149724 -24.453880 -5.179888  0.000206 1.000000 0.000002  0.075349 0.627009 1 64 1.000000
0  -4.131195 -24.453884 -5.181636  0.000183 1.000000 -0.000067  0.075349 0.627009 1 64 1.000000
lowpoly_plastic
0  -4.131195 -24.453884 -5.181636  0.000183 1.000000 -0.000067  0.075349 0.627009 1 64 1.000000
0  -3.702032 -24.453884 -5.749249  -0.000118 1.000000 0.000041  0.075349 0.627009 1 64 1.000000
0  -3.712443 -24.453886 -5.759869  -0.000222 1.000000 -0.000006  0.075349 0.627009 1 64 1.000000
lowpoly_plastic
0  -3.546435 -19.628599 -5.774664  -1.000000 -0.000018 0.000000  0.075349 0.627009 1 64 1.000000
0  -3.546435 -19.628599 -5.749250  -1.000000 -0.000018 0.000000  0.075349 0.627009 1 64 1.000000
0  -3.546439 -19.546259 -5.749250  -1.000000 -0.000011 0.000000  0.075349 0.627009 1 64 1.000000
lowpoly_plastic
0  -3.701126 -22.556705 -5.774665  -0.000008 1.000000 0.000139  0.075349 0.627009 1 64 1.000000
0  -3.712446 -22.556707 -5.759871  0.000064 1.000000 0.000117  0.075349 0.627009 1 64 1.000000
0  -3.702035 -22.556709 -5.749249  0.000042 1.000000 0.000086  0.075349 0.627009 1 64 1.000000
lowpoly_plastic
0  -3.702035 -22.556709 -5.749249  0.000042 1.000000 0.000086  0.075349 0.627009 1 64 1.000000
0  -3.546440 -22.556705 -5.749249  -0.000003 1.000000 0.000012  0.075349 0.627009 1 64 1.000000
0  -3.701126 -22.556705 -5.774665  -0.000008 1.000000 0.000139  0.075349 0.627009 1 64 1.000000
lowpoly_plastic
0  -4.131194 -24.453884 -4.165144  0.000206 1.000000 -0.000002  0.075349 0.627009 1 64 1.000000
0  -4.131195 -24.453884 -5.181636  0.000183 1.000000 -0.000067  0.075349 0.627009 1 64 1.000000
0  -4.149724 -24.453880 -5.179888  0.000206 1.000000 0.000002  0.075349 0.627009 1 64 1.000000
lowpoly_plastic
0  -3.701118 -19.938208 -5.774664  -0.000015 -1.000000 -0.000144  0.075349 0.627009 1 64 1.000000
0  -3.546438 -19.938211 -5.774664  -0.000025 -1.000000 0.000214  0.075349 0.627009 1 64 1.000000
0  -3.546433 -19.938208 -5.749250  -0.000018 -1.000000 0.000176  0.075349 0.627009 1 64 1.000000
lowpoly_plastic
0  -3.546433 -19.938208 -5.749250  -0.000018 -1.000000 0.000176  0.075349 0.627009 1 64 1.000000
0  -3.702034 -19.938213 -5.749250  -0.000101 -1.000000 -0.000256  0.075349 0.627009 1 64 1.000000
0  -3.701118 -19.938208 -5.774664  -0.000015 -1.000000 -0.000144  0.075349 0.627009 1 64 1.000000
lowpoly_plastic
0  -4.149724 -19.463913 -4.163396  -0.060482 -0.766579 -0.639296  0.075349 0.627009 1 64 1.000000
0  -4.131194 -19.463917 -4.165145  -0.060514 -0.766582 -0.639289  0.075349 0.627009 1 64 1.000000
0  -4.131189 -19.546257 -4.066411  -0.060179 -0.766551 -0.639358  0.075349 0.627009 1 64 1.000000
lowpoly_plastic
0  -3.546437 -21.133827 -5.749248  -1.000000 0.000000 0.000000  0.075349 0.627009 1 64 1.000000
0  -3.546437 -21.051481 -5.749248  -1.000000 0.000011 0.000000  0.075349 0.627009 1 64 1.000000
0  -3.546437 -21.051481 -5.774664  -1.000000 0.000011 0.000000  0.075349 0.627009 1 64 1.000000
lowpoly_plastic
0  -4.131188 -21.133825 -4.165145  0.000000 1.000000 -0.000003  0.075349 0.627009 1 64 1.000000
0  -4.131189 -21.133825 -5.181635  -0.000001 1.000000 -0.000001  0.075349 0.627009 1 64 1.000000
0  -4.149726 -21.133825 -5.179887  0.000000 1.000000 0.000002  0.075349 0.627009 1 64 1.000000
lowpoly_plastic
0  -3.546436 -24.371534 -5.749249  -1.000000 -0.000025 0.000000  0.075349 0.627009 1 64 1.000000
0  -3.546441 -24.289196 -5.749249  -1.000000 -0.000011 0.000000  0.075349 0.627009 1 64 1.000000
0  -3.546441 -24.289196 -5.774665  -1.000000 -0.000011 0.000000  0.075349 0.627009 1 64 1.000000
lowpoly_plastic
0  -4.149726 -19.938211 -5.188522  -0.794108 0.000012 -0.607777  0.075349 0.627009 1 64 1.000000
0  -4.149722 -19.710945 -5.188522  -0.794107 0.000017 -0.607778  0.075349 0.627009 1 64 1.000000
0  -3.712442 -19.710947 -5.759870  -0.794142 -0.000008 -0.607733  0.075349 0.627009 1 64 1.000000
lowpoly_plastic
0  -3.712442 -19.710947 -5.759870  -0.794142 -0.000008 -0.607733  0.075349 0.627009 1 64 1.000000
0  -3.701121 -19.710945 -5.774664  -0.794174 -0.000011 -0.607690  0.075349 0.627009 1 64 1.000000
0  -3.712439 -19.938210 -5.759870  -0.794133 -0.000011 -0.607744  0.075349 0.627009 1 64 1.000000
lowpoly_plastic
0  -3.712439 -19.938210 -5.759870  -0.794133 -0.000011 -0.607744  0.075349 0.627009 1 64 1.000000
0  -4.149726 -19.938211 -5.188522  -0.794108 0.000012 -0.607777  0.075349 0.627009 1 64 1.000000
0  -3.712442 -19.710947 -5.759870  -0.794142 -0.000008 -0.607733  0.075349 0.627009 1 64 1.000000
lowpoly_plastic
0  -4.149722 -20.412504 -5.188522  -0.794111 0.000000 -0.607773  0.075349 0.627009 1 64 1.000000
0  -4.149722 -20.185232 -5.188522  -0.794109 0.000000 -0.607775  0.075349 0.627009 1 64 1.000000
0  -3.712441 -20.185234 -5.759870  -0.794085 0.000005 -0.607807  0.075349 0.627009 1 64 1.000000
lowpoly_plastic
0  -3.712441 -20.185234 -5.759870  -0.794085 0.000005 -0.607807  0.075349 0.627009 1 64 1.000000
0  -3.701116 -20.185238 -5.774664  -0.794048 0.000011 -0.607856  0.075349 0.627009 1 64 1.000000
0  -3.701119 -20.412504 -5.774664  -0.794156 0.000001 -0.607714  0.075349 0.627009 1 64 1.000000
lowpoly_plastic
0  -3.701119 -20.412504 -5.774664  -0.794156 0.000001 -0.607714  0.075349 0.627009 1 64 1.000000
0  -3.712441 -20.412508 -5.759870  -0.794139 0.000000 -0.607736  0.075349 0.627009 1 64 1.000000
0  -3.712441 -20.185234 -5.759870  -0.794085 0.000005 -0.607807  0.075349 0.627009 1 64 1.000000
lowpoly_plastic
0  -4.149727 -20.886795 -5.188522  -0.794111 0.000013 -0.607773  0.075349 0.627009 1 64 1.000000
0  -4.149724 -20.659531 -5.188522  -0.794111 0.000015 -0.607773  0.075349 0.627009 1 64 1.000000
0  -3.712443 -20.659533 -5.759870  -0.794059 0.000014 -0.607840  0.075349 0.627009 1 64 1.000000
lowpoly_plastic
0  -3.712443 -20.659533 -5.759870  -0.794059 0.000014 -0.607840  0.075349 0.627009 1 64 1.000000
0  -3.701116 -20.659534 -5.774664  -0.794007 0.000018 -0.607909  0.075349 0.627009 1 64 1.000000
0  -3.701121 -20.886801 -5.774664  -0.794032 0.000009 -0.607877  0.075349 0.627009 1 64 1.000000
lowpoly_plastic
0  -3.701121 -20.886801 -5.774664  -0.794032 0.000009 -0.607877  0.075349 0.627009 1 64 1.000000
0  -3.712446 -20.886797 -5.759870  -0.794072 0.000009 -0.607824  0.075349 0.627009 1 64 1.000000
0  -3.712443 -20.659533 -5.759870  -0.794059 0.000014 -0.607840  0.075349 0.627009 1 64 1.000000
lowpoly_plastic
0  -4.149728 -21.361092 -5.188522  -0.794106 0.000004 -0.607779  0.075349 0.627009 1 64 1.000000
0  -4.149726 -21.133825 -5.188522  -0.794108 0.000006 -0.607777  0.075349 0.627009 1 64 1.000000
0  -3.712443 -21.133829 -5.759870  -0.794132 -0.000006 -0.607745  0.075349 0.627009 1 64 1.000000
lowpoly_plastic
0  -3.712443 -21.133829 -5.759870  -0.794132 -0.000006 -0.607745  0.075349 0.627009 1 64 1.000000
0  -3.701123 -21.133825 -5.774664  -0.794162 -0.000009 -0.607706  0.075349 0.627009 1 64 1.000000
0  -3.701120 -21.361086 -5.774664  -0.794179 -0.000007 -0.607684  0.075349 0.627009 1 64 1.000000
lowpoly_plastic
0  -3.701120 -21.361086 -5.774664  -0.794179 -0.000007 -0.607684  0.075349 0.627009 1 64 1.000000
0  -3.712441 -21.361090 -5.759870  -0.794140 -0.000006 -0.607735  0.075349 0.627009 1 64 1.000000
0  -3.712443 -21.133829 -5.759870  -0.794132 -0.000006 -0.607745  0.075349 0.627009 1 64 1.000000
lowpoly_plastic
0  -4.149723 -21.835386 -5.188522  -0.794112 0.000003 -0.607771  0.075349 0.627009 1 64 1.000000
0  -4.149722 -21.608120 -5.188522  -0.794113 0.000003 -0.607770  0.075349 0.627009 1 64 1.000000
0  -3.712442 -21.608114 -5.759870  -0.794115 0.000006 -0.607767  0.075349 0.627009 1 64 1.000000
lowpoly_plastic
0  -3.712442 -21.608114 -5.759870  -0.794115 0.000006 -0.607767  0.075349 0.627009 1 64 1.000000
0  -3.701119 -21.608118 -5.774664  -0.794123 0.000006 -0.607757  0.075349 0.627009 1 64 1.000000
0  -3.701120 -21.835382 -5.774665  -0.794115 0.000006 -0.607768  0.075349 0.627009 1 64 1.000000
lowpoly_plastic
0  -3.701120 -21.835382 -5.774665  -0.794115 0.000006 -0.607768  0.075349 0.627009 1 64 1.000000
0  -3.712443 -21.835388 -5.759871  -0.794110 0.000006 -0.607774  0.075349 0.627009 1 64 1.000000
0  -3.712442 -21.608114 -5.759870  -0.794115 0.000006 -0.607767  0.075349 0.627009 1 64 1.000000
lowpoly_plastic
0  -4.149726 -22.309681 -5.188523  -0.794110 0.000003 -0.607774  0.075349 0.627009 1 64 1.000000
0  -4.149725 -22.082409 -5.188523  -0.794109 0.000003 -0.607775  0.075349 0.627009 1 64 1.000000
0  -3.712446 -22.082411 -5.759871  -0.794068 0.000006 -0.607829  0.075349 0.627009 1 64 1.000000
lowpoly_plastic
0  -3.712446 -22.082411 -5.759871  -0.794068 0.000006 -0.607829  0.075349 0.627009 1 64 1.000000
0  -3.701119 -22.082415 -5.774665  -0.794023 0.000009 -0.607887  0.075349 0.627009 1 64 1.000000
0  -3.701122 -22.309681 -5.774665  -0.794037 0.000004 -0.607870  0.075349 0.627009 1 64 1.000000
lowpoly_plastic
0  -3.712447 -22.309677 -5.759871  -0.794075 0.000003 -0.607819  0.075349 0.627009 1 64 1.000000
0  -4.149726 -22.309681 -5.188523  -0.794110 0.000003 -0.607774  0.075349 0.627009 1 64 1.000000
0  -3.712446 -22.082411 -5.759871  -0.794068 0.000006 -0.607829  0.075349 0.627009 1 64 1.000000
lowpoly_plastic
0  -4.149724 -22.783970 -5.188523  -0.794111 -0.000010 -0.607773  0.075349 0.627009 1 64 1.000000
0  -4.149727 -22.556705 -5.188523  -0.794111 -0.000009 -0.607773  0.075349 0.627009 1 64 1.000000
0  -3.712446 -22.556707 -5.759871  -0.794145 -0.000021 -0.607729  0.075349 0.627009 1 64 1.000000
lowpoly_plastic
0  -3.712446 -22.556707 -5.759871  -0.794145 -0.000021 -0.607729  0.075349 0.627009 1 64 1.000000
0  -3.701126 -22.556705 -5.774665  -0.794186 -0.000030 -0.607675  0.075349 0.627009 1 64 1.000000
0  -3.701117 -22.783976 -5.774665  -0.794064 -0.000015 -0.607835  0.075349 0.627009 1 64 1.000000
lowpoly_plastic
0  -3.701117 -22.783976 -5.774665  -0.794064 -0.000015 -0.607835  0.075349 0.627009 1 64 1.000000
0  -3.712442 -22.783972 -5.759871  -0.794084 -0.000014 -0.607809  0.075349 0.627009 1 64 1.000000
0  -3.712446 -22.556707 -5.759871  -0.794145 -0.000021 -0.607729  0.075349 0.627009 1 64 1.000000
lowpoly_plastic
0  -4.149725 -23.258266 -5.188523  -0.794110 0.000007 -0.607774  0.075349 0.627009 1 64 1.000000
0  -4.149724 -23.031000 -5.188523  -0.794107 0.000006 -0.607778  0.075349 0.627009 1 64 1.000000
0  -3.712441 -23.031002 -5.759871  -0.794136 0.000015 -0.607740  0.075349 0.627009 1 64 1.000000
lowpoly_plastic
0  -3.712441 -23.031002 -5.759871  -0.794136 0.000015 -0.607740  0.075349 0.627009 1 64 1.000000
0  -3.701119 -23.031000 -5.774665  -0.794153 0.000019 -0.607718  0.075349 0.627009 1 64 1.000000
0  -3.701125 -23.258265 -5.774665  -0.794195 0.000011 -0.607663  0.075349 0.627009 1 64 1.000000
lowpoly_plastic
0  -3.701125 -23.258265 -5.774665  -0.794195 0.000011 -0.607663  0.075349 0.627009 1 64 1.000000
0  -3.712444 -23.258268 -5.759871  -0.794158 0.000011 -0.607711  0.075349 0.627009 1 64 1.000000
0  -3.712441 -23.031002 -5.759871  -0.794136 0.000015 -0.607740  0.075349 0.627009 1 64 1.000000
lowpoly_plastic
0  -4.149726 -23.732565 -5.188523  -0.794109 0.000004 -0.607775  0.075349 0.627009 1 64 1.000000
0  -4.149724 -23.505297 -5.188523  -0.794110 0.000009 -0.607774  0.075349 0.627009 1 64 1.000000
0  -3.712446 -23.505295 -5.759871  -0.794094 -0.000013 -0.607795  0.075349 0.627009 1 64 1.000000
lowpoly_plastic
0  -3.712446 -23.505295 -5.759871  -0.794094 -0.000013 -0.607795  0.075349 0.627009 1 64 1.000000
0  -3.701122 -23.505295 -5.774665  -0.794078 -0.000012 -0.607816  0.075349 0.627009 1 64 1.000000
0  -3.701118 -23.732559 -5.774665  -0.794140 -0.000019 -0.607734  0.075349 0.627009 1 64 1.000000
lowpoly_plastic
0  -3.701118 -23.732559 -5.774665  -0.794140 -0.000019 -0.607734  0.075349 0.627009 1 64 1.000000
0  -3.712442 -23.732557 -5.759869  -0.794125 -0.000018 -0.607754  0.075349 0.627009 1 64 1.000000
0  -3.712446 -23.505295 -5.759871  -0.794094 -0.000013 -0.607795  0.075349 0.627009 1 64 1.000000
lowpoly_plastic
0  -4.149726 -24.206850 -5.188523  -0.794106 -0.000009 -0.607779  0.075349 0.627009 1 64 1.000000
0  -4.149730 -23.979586 -5.188523  -0.794104 -0.000015 -0.607782  0.075349 0.627009 1 64 1.000000
0  -3.712442 -23.979586 -5.759869  -0.794113 0.000006 -0.607770  0.075349 0.627009 1 64 1.000000
lowpoly_plastic
0  -3.712442 -23.979586 -5.759869  -0.794113 0.000006 -0.607770  0.075349 0.627009 1 64 1.000000
0  -3.701118 -23.979588 -5.774665  -0.794118 0.000004 -0.607764  0.075349 0.627009 1 64 1.000000
0  -3.701119 -24.206854 -5.774665  -0.794046 0.000012 -0.607857  0.075349 0.627009 1 64 1.000000
lowpoly_plastic
0  -3.701119 -24.206854 -5.774665  -0.794046 0.000012 -0.607857  0.075349 0.627009 1 64 1.000000
0  -3.712446 -24.206854 -5.759869  -0.794079 0.000013 -0.607815  0.075349 0.627009 1 64 1.000000
0  -3.712442 -23.979586 -5.759869  -0.794113 0.000006 -0.607770  0.075349 0.627009 1 64 1.000000
lowpoly_plastic
0  -4.149727 -24.681149 -5.188523  -0.794113 0.000012 -0.607771  0.075349 0.627009 1 64 1.000000
0  -4.149724 -24.453880 -5.188523  -0.794115 0.000012 -0.607768  0.075349 0.627009 1 64 1.000000
0  -3.712443 -24.453886 -5.759869  -0.794156 0.000014 -0.607714  0.075349 0.627009 1 64 1.000000
lowpoly_plastic
0  -3.712443 -24.453886 -5.759869  -0.794156 0.000014 -0.607714  0.075349 0.627009 1 64 1.000000
0  -3.701122 -24.453880 -5.774665  -0.794204 0.000014 -0.607651  0.075349 0.627009 1 64 1.000000
0  -3.712447 -24.681147 -5.759869  -0.794139 0.000013 -0.607736  0.075349 0.627009 1 64 1.000000
lowpoly_plastic
0  -3.712447 -24.681147 -5.759869  -0.794139 0.000013 -0.607736  0.075349 0.627009 1 64 1.000000
0  -4.149727 -24.681149 -5.188523  -0.794113 0.000012 -0.607771  0.075349 0.627009 1 64 1.000000
0  -3.712443 -24.453886 -5.759869  -0.794156 0.000014 -0.607714  0.075349 0.627009 1 64 1.000000
lowpoly_plastic
0  -4.149730 -26.124832 -5.188523  -0.794107 -0.000000 -0.607779  0.075349 0.627009 1 64 1.000000
0  -4.149727 -24.928177 -5.188523  -0.794109 0.000002 -0.607776  0.075349 0.627009 1 64 1.000000
0  -3.712444 -24.928181 -5.759869  -0.794134 -0.000001 -0.607742  0.075349 0.627009 1 64 1.000000
lowpoly_plastic
0  -3.712444 -24.928181 -5.759869  -0.794134 -0.000001 -0.607742  0.075349 0.627009 1 64 1.000000
0  -3.701123 -24.928179 -5.774663  -0.794162 -0.000003 -0.607706  0.075349 0.627009 1 64 1.000000
0  -3.701118 -26.124834 -5.774664  -0.794106 -0.000002 -0.607779  0.075349 0.627009 1 64 1.000000
lowpoly_plastic
0  -3.701122 -19.463915 -5.774664  0.000028 -1.000000 -0.000071  0.075349 0.627009 1 64 1.000000
0  -3.546437 -19.463915 -5.774664  0.000000 -1.000000 0.000000  0.075349 0.627009 1 64 1.000000
0  -3.546437 -19.463915 -5.749250  0.000001 -1.000000 -0.000011  0.075349 0.627009 1 64 1.000000
lowpoly_plastic
0  -3.546437 -19.463915 -5.749250  0.000001 -1.000000 -0.000011  0.075349 0.627009 1 64 1.000000
0  -3.702034 -19.463917 -5.749250  0.000019 -1.000000 -0.000118  0.075349 0.627009 1 64 1.000000
0  -3.701122 -19.463915 -5.774664  0.000028 -1.000000 -0.000071  0.075349 0.627009 1 64 1.000000
lowpoly_plastic
0  -4.131189 -24.289196 -4.066411  -0.093822 0.000004 -0.995589  0.075349 0.627009 1 64 1.000000
0  -4.131193 -24.371540 -4.066411  -0.093862 0.000004 -0.995585  0.075349 0.627009 1 64 1.000000
0  -4.149728 -24.371540 -4.064663  -0.093856 0.000004 -0.995586  0.075349 0.627009 1 64 1.000000
lowpoly_plastic
0  -3.701119 -24.206854 -5.774665  0.000038 -1.000000 0.000067  0.075349 0.627009 1 64 1.000000
0  -3.546438 -24.206850 -5.774665  0.000025 -1.000000 0.000000  0.075349 0.627009 1 64 1.000000
0  -3.546438 -24.206850 -5.749247  0.000023 -1.000000 -0.000009  0.075349 0.627009 1 64 1.000000
lowpoly_plastic
0  -3.546438 -24.206850 -5.749247  0.000023 -1.000000 -0.000009  0.075349 0.627009 1 64 1.000000
0  -3.702034 -24.206852 -5.749247  0.000071 -1.000000 0.000055  0.075349 0.627009 1 64 1.000000
0  -3.701119 -24.206854 -5.774665  0.000038 -1.000000 0.000067  0.075349 0.627009 1 64 1.000000
lowpoly_plastic
0  -4.149721 -20.412504 -4.163396  -0.060428 -0.766576 -0.639304  0.075349 0.627009 1 64 1.000000
0  -4.131191 -20.412506 -4.165145  -0.060439 -0.766577 -0.639302  0.075349 0.627009 1 64 1.000000
0  -4.131186 -20.494848 -4.066411  -0.060324 -0.766568 -0.639324  0.075349 0.627009 1 64 1.000000
lowpoly_plastic
0  -4.131192 -23.031002 -4.165146  0.000000 1.000000 0.000002  0.075349 0.627009 1 64 1.000000
0  -4.131193 -23.031002 -5.181636  0.000043 1.000000 0.000001  0.075349 0.627009 1 64 1.000000
0  -4.149728 -23.031002 -5.179888  0.000010 1.000000 0.000000  0.075349 0.627009 1 64 1.000000
lowpoly_plastic
0  -3.701117 -22.783976 -5.774665  -0.000080 -1.000000 0.000032  0.075349 0.627009 1 64 1.000000
0  -3.546435 -22.783972 -5.774665  0.000025 -1.000000 0.000000  0.075349 0.627009 1 64 1.000000
0  -3.546435 -22.783972 -5.749249  0.000025 -1.000000 0.000005  0.075349 0.627009 1 64 1.000000
lowpoly_plastic
0  -3.546435 -22.783972 -5.749249  0.000025 -1.000000 0.000005  0.075349 0.627009 1 64 1.000000
0  -3.702039 -22.783976 -5.749249  -0.000150 -1.000000 -0.000058  0.075349 0.627009 1 64 1.000000
0  -3.701117 -22.783976 -5.774665  -0.000080 -1.000000 0.000032  0.075349 0.627009 1 64 1.000000
lowpoly_plastic
0  -3.546436 -23.979584 -5.749249  -1.000000 0.000060 0.000152  0.075349 0.627009 1 64 1.000000
0  -3.546435 -23.897251 -5.749247  -1.000000 -0.000001 0.000000  0.075349 0.627009 1 64 1.000000
0  -3.546435 -23.897251 -5.774663  -1.000000 0.000006 0.000018  0.075349 0.627009 1 64 1.000000
lowpoly_plastic
0  -3.701118 -23.732559 -5.774665  -0.000051 -1.000000 0.000059  0.075349 0.627009 1 64 1.000000
0  -3.546439 -23.732563 -5.774665  -0.000025 -1.000000 0.000079  0.075349 0.627009 1 64 1.000000
0  -3.546434 -23.732559 -5.749249  -0.000022 -1.000000 0.000079  0.075349 0.627009 1 64 1.000000
lowpoly_plastic
0  -3.546434 -23.732559 -5.749249  -0.000022 -1.000000 0.000079  0.075349 0.627009 1 64 1.000000
0  -3.702038 -23.732559 -5.749249  -0.000077 -1.000000 -0.000046  0.075349 0.627009 1 64 1.000000
0  -3.701118 -23.732559 -5.774665  -0.000051 -1.000000 0.000059  0.075349 0.627009 1 64 1.000000
lowpoly_plastic
0  -3.546439 -22.474361 -5.749249  -1.000000 0.000017 0.000000  0.075349 0.627009 1 64 1.000000
0  -3.546437 -22.392017 -5.749249  -1.000000 0.000011 0.000000  0.075349 0.627009 1 64 1.000000
0  -3.546437 -22.392017 -5.774665  -1.000000 0.000011 0.000000  0.075349 0.627009 1 64 1.000000
lowpoly_plastic
0  -4.149728 -21.361092 -4.163396  -0.060256 -0.766566 -0.639333  0.075349 0.627009 1 64 1.000000
0  -4.131191 -21.361090 -4.165145  -0.060242 -0.766565 -0.639335  0.075349 0.627009 1 64 1.000000
0  -4.131193 -21.443436 -4.066411  -0.060391 -0.766570 -0.639315  0.075349 0.627009 1 64 1.000000
lowpoly_plastic
0  -3.546436 -20.102896 -5.749248  -1.000000 0.000029 0.000000  0.075349 0.627009 1 64 1.000000
0  -3.546434 -20.020554 -5.749250  -1.000000 -0.000005 0.000018  0.075349 0.627009 1 64 1.000000
0  -3.546434 -20.020554 -5.774664  -1.000000 -0.000011 0.000000  0.075349 0.627009 1 64 1.000000
lowpoly_plastic
0  -4.149722 -21.835386 -4.163396  -0.060425 -0.766590 -0.639288  0.075349 0.627009 1 64 1.000000
0  -4.131193 -21.835388 -4.165145  -0.060442 -0.766592 -0.639284  0.075349 0.627009 1 64 1.000000
0  -4.131189 -21.917728 -4.066411  -0.060269 -0.766569 -0.639328  0.075349 0.627009 1 64 1.000000
lowpoly_plastic
0  -3.546432 -22.000072 -5.749249  -1.000000 0.000006 0.000000  0.075349 0.627009 1 64 1.000000
0  -3.546439 -21.917730 -5.749249  -1.000000 -0.000025 0.000000  0.075349 0.627009 1 64 1.000000
0  -3.546439 -21.917730 -5.774665  -1.000000 -0.000024 0.000000  0.075349 0.627009 1 64 1.000000
lowpoly_plastic
0  -4.131189 -21.608120 -4.165145  -0.000206 1.000000 0.000002  0.075349 0.627009 1 64 1.000000
0  -4.131190 -21.608120 -5.181635  -0.000100 1.000000 0.000045  0.075349 0.627009 1 64 1.000000
0  -4.149727 -21.608124 -5.179887  -0.000186 1.000000 0.000173  0.075349 0.627009 1 64 1.000000
lowpoly_plastic
0  -3.546440 -22.948660 -5.774665  -1.000000 -0.000011 0.000000  0.075349 0.627009 1 64 1.000000
0  -3.546440 -22.948660 -5.749249  -1.000000 -0.000011 0.000000  0.075349 0.627009 1 64 1.000000
0  -3.546436 -22.866316 -5.749249  -1.000000 0.000028 0.000000  0.075349 0.627009 1 64 1.000000
lowpoly_plastic
0  -3.546440 -22.556705 -5.749249  -1.000000 0.000013 0.000000  0.075349 0.627009 1 64 1.000000
0  -3.546439 -22.474361 -5.749249  -1.000000 0.000017 0.000000  0.075349 0.627009 1 64 1.000000
0  -3.546439 -22.474361 -5.774665  -1.000000 0.000018 0.000000  0.075349 0.627009 1 64 1.000000
lowpoly_plastic
0  -3.546437 -20.659531 -5.749248  -1.000000 0.000006 -0.000050  0.075349 0.627009 1 64 1.000000
0  -3.546442 -20.577188 -5.749248  -1.000000 -0.000027 -0.000238  0.075349 0.627009 1 64 1.000000
0  -3.546435 -20.577185 -5.774664  -1.000000 -0.000028 -0.000238  0.075349 0.627009 1 64 1.000000
lowpoly_plastic
0  -3.373446 -19.175238 -3.872225  -0.000002 0.000000 1.000000  0.075349 0.627009 1 64 1.000000
0  -3.957217 -19.175234 -3.872228  -0.000002 0.000000 1.000000  0.075349 0.627009 1 64 1.000000
0  -3.957222 -19.455669 -3.872228  -0.000002 0.000000 1.000000  0.075349 0.627009 1 64 1.000000
lowpoly_plastic
0  -3.957218 -16.791492 -3.872227  0.000000 0.953993 0.299828  0.075349 0.627009 1 64 1.000000
0  -3.957216 -16.408638 -5.090406  0.000000 0.953994 0.299826  0.075349 0.627009 1 64 1.000000
0  -4.149723 -16.408638 -5.090406  0.000000 0.953994 0.299827  0.075349 0.627009 1 64 1.000000
lowpoly_plastic
0  -3.373446 -19.175238 -3.872225  0.325598 0.677771 0.659251  0.075349 0.627009 1 64 1.000000
0  -3.373446 -18.894793 -4.160542  0.325598 0.677771 0.659251  0.075349 0.627009 1 64 1.000000
0  -3.957215 -18.894794 -3.872228  0.325598 0.677771 0.659251  0.075349 0.627009 1 64 1.000000
lowpoly_plastic
0  -3.373449 -19.455675 -3.872225  -0.000002 0.000000 1.000000  0.075349 0.627009 1 64 1.000000
0  -3.957222 -19.455669 -3.872228  -0.000002 0.000000 1.000000  0.075349 0.627009 1 64 1.000000
0  -3.957222 -26.124838 -3.872225  -0.000001 0.000000 1.000000  0.075349 0.627009 1 64 1.000000
lowpoly_plastic
0  -3.373446 -16.791496 -4.160543  0.442821 0.000000 0.896610  0.075349 0.627009 1 64 1.000000
0  -3.957218 -16.791492 -3.872227  0.442821 0.000000 0.896610  0.075349 0.627009 1 64 1.000000
0  -3.957215 -18.894794 -3.872228  0.442821 0.000000 0.896610  0.075349 0.627009 1 64 1.000000
lowpoly_plastic
0  -3.044864 -19.546261 -5.749250  0.797674 0.000017 -0.603088  0.064370 0.664198 1 64 1.000000
0  -3.044863 -19.463915 -5.749250  0.797669 -0.000016 -0.603095  0.064370 0.664198 1 64 1.000000
0  -2.615708 -19.463915 -5.181635  0.797672 0.000018 -0.603092  0.064370 0.664198 1 64 1.000000
lowpoly_plastic
0  -3.200458 -19.463919 -5.749250  0.000000 0.000000 -1.000000  0.064370 0.664198 1 64 1.000000
0  -3.044863 -19.463915 -5.749250  0.000000 0.000000 -1.000000  0.064370 0.664198 1 64 1.000000
0  -3.044864 -19.546261 -5.749250  0.000000 0.000000 -1.000000  0.064370 0.664198 1 64 1.000000
lowpoly_plastic
0  -2.615706 -19.546257 -5.181635  1.000000 0.000006 -0.000000  0.064370 0.664198 1 64 1.000000
0  -2.615708 -19.463915 -5.181635  1.000000 0.000023 -0.000000  0.064370 0.664198 1 64 1.000000
0  -2.615707 -19.463915 -4.165145  1.000000 0.000023 -0.000000  0.064370 0.664198 1 64 1.000000
lowpoly_plastic
0  -2.597175 -19.463915 -5.179887  0.000010 -1.000000 -0.000176  0.075349 0.627009 1 64 1.000000
0  -2.597175 -19.463915 -4.163396  0.000000 -1.000000 0.000000  0.075349 0.627009 1 64 1.000000
0  -2.615707 -19.463915 -4.165145  0.000000 -1.000000 -0.000000  0.075349 0.627009 1 64 1.000000
lowpoly_plastic
0  -2.615708 -19.463915 -5.181635  0.000042 -1.000000 -0.000049  0.075349 0.627009 1 64 1.000000
0  -3.044863 -19.463915 -5.749250  -0.000084 -1.000000 -0.000043  0.075349 0.627009 1 64 1.000000
0  -3.034451 -19.463917 -5.759870  -0.000182 -1.000000 -0.000034  0.075349 0.627009 1 64 1.000000
lowpoly_plastic
0  -3.034451 -19.463917 -5.759870  -0.000182 -1.000000 -0.000034  0.075349 0.627009 1 64 1.000000
0  -2.597171 -19.463913 -5.188522  0.000052 -1.000000 -0.000186  0.075349 0.627009 1 64 1.000000
0  -2.615708 -19.463915 -5.181635  0.000042 -1.000000 -0.000049  0.075349 0.627009 1 64 1.000000
lowpoly_plastic
0  -2.615707 -19.628603 -5.181635  1.000000 0.000015 0.000003  0.064370 0.664198 1 64 1.000000
0  -2.615706 -19.628603 -4.066411  1.000000 -0.000018 -0.000000  0.064370 0.664198 1 64 1.000000
0  -2.615709 -19.710947 -4.165145  1.000000 -0.000034 -0.000000  0.064370 0.664198 1 64 1.000000
lowpoly_plastic
0  -2.615707 -19.628603 -5.181635  1.000000 0.000015 0.000003  0.064370 0.664198 1 64 1.000000
0  -2.615706 -19.546257 -5.181635  1.000000 0.000006 -0.000000  0.064370 0.664198 1 64 1.000000
0  -2.615705 -19.546257 -4.066411  1.000000 -0.000000 -0.000000  0.064370 0.664198 1 64 1.000000
lowpoly_plastic
0  -3.200460 -19.710939 -5.749250  0.000004 -0.000007 -1.000000  0.064370 0.664198 1 64 1.000000
0  -3.200466 -19.628601 -5.749250  0.000000 0.000000 -1.000000  0.064370 0.664198 1 64 1.000000
0  -3.044858 -19.628601 -5.749250  0.000005 -0.000008 -1.000000  0.064370 0.664198 1 64 1.000000
lowpoly_plastic
0  -3.200461 -19.546263 -5.749250  0.000000 0.000000 -1.000000  0.064370 0.664198 1 64 1.000000
0  -3.044864 -19.546261 -5.749250  0.000000 0.000000 -1.000000  0.064370 0.664198 1 64 1.000000
0  -3.044858 -19.628601 -5.749250  0.000005 -0.000008 -1.000000  0.064370 0.664198 1 64 1.000000
lowpoly_plastic
0  -3.044858 -19.628601 -5.749250  0.797674 0.000009 -0.603088  0.064370 0.664198 1 64 1.000000
0  -2.615707 -19.628603 -5.181635  0.797661 0.000016 -0.603106  0.064370 0.664198 1 64 1.000000
0  -2.615703 -19.710943 -5.181635  0.797660 0.000031 -0.603107  0.064370 0.664198 1 64 1.000000
lowpoly_plastic
0  -3.044864 -19.546261 -5.749250  0.797674 0.000017 -0.603088  0.064370 0.664198 1 64 1.000000
0  -2.615706 -19.546257 -5.181635  0.797666 0.000006 -0.603099  0.064370 0.664198 1 64 1.000000
0  -2.615707 -19.628603 -5.181635  0.797661 0.000016 -0.603106  0.064370 0.664198 1 64 1.000000
lowpoly_plastic
0  -3.044864 -19.938211 -5.749248  0.797676 0.000051 -0.603086  0.064370 0.664198 1 64 1.000000
0  -2.615706 -19.938211 -5.181635  0.797663 -0.000028 -0.603104  0.064370 0.664198 1 64 1.000000
0  -2.615709 -20.020555 -5.181635  0.797671 0.000021 -0.603093  0.064370 0.664198 1 64 1.000000
lowpoly_plastic
0  -3.200463 -19.938208 -5.749250  0.000014 -0.000000 -1.000000  0.064370 0.664198 1 64 1.000000
0  -3.044864 -19.938211 -5.749248  0.000014 0.000000 -1.000000  0.064370 0.664198 1 64 1.000000
0  -3.044858 -20.020555 -5.749248  0.000009 -0.000004 -1.000000  0.064370 0.664198 1 64 1.000000
lowpoly_plastic
0  -2.615709 -20.020555 -5.181635  1.000000 0.000023 0.000002  0.064370 0.664198 1 64 1.000000
0  -2.615706 -19.938211 -5.181635  1.000000 -0.000034 -0.000000  0.064370 0.664198 1 64 1.000000
0  -2.615705 -19.938211 -4.165145  1.000000 -0.000034 -0.000000  0.064370 0.664198 1 64 1.000000
lowpoly_plastic
0  -2.597175 -19.938213 -5.179887  -0.000083 -1.000000 -0.000525  0.075349 0.627009 1 64 1.000000
0  -2.597175 -19.938213 -4.163396  -0.000103 -1.000000 0.000000  0.075349 0.627009 1 64 1.000000
0  -2.615705 -19.938211 -4.165145  -0.000103 -1.000000 -0.000000  0.075349 0.627009 1 64 1.000000
lowpoly_plastic
0  -2.615706 -19.938211 -5.181635  -0.000008 -1.000000 -0.000202  0.075349 0.627009 1 64 1.000000
0  -3.044864 -19.938211 -5.749248  -0.000103 -1.000000 0.000036  0.075349 0.627009 1 64 1.000000
0  -3.034453 -19.938213 -5.759870  -0.000182 -1.000000 0.000037  0.075349 0.627009 1 64 1.000000
lowpoly_plastic
0  -3.034453 -19.938213 -5.759870  -0.000182 -1.000000 0.000037  0.075349 0.627009 1 64 1.000000
0  -2.597170 -19.938210 -5.188522  0.000012 -1.000000 -0.000620  0.075349 0.627009 1 64 1.000000
0  -2.615706 -19.938211 -5.181635  -0.000008 -1.000000 -0.000202  0.075349 0.627009 1 64 1.000000
lowpoly_plastic
0  -2.615702 -20.102898 -5.181635  1.000000 0.000021 0.000003  0.064370 0.664198 1 64 1.000000
0  -2.615708 -20.102901 -4.066411  1.000000 0.000010 0.000002  0.064370 0.664198 1 64 1.000000
0  -2.615705 -20.185242 -4.165145  1.000000 0.000021 0.000005  0.064370 0.664198 1 64 1.000000
lowpoly_plastic
0  -2.615709 -20.020555 -5.181635  1.000000 0.000023 0.000002  0.064370 0.664198 1 64 1.000000
0  -2.615708 -20.020555 -4.066411  1.000000 -0.000010 -0.000000  0.064370 0.664198 1 64 1.000000
0  -2.615708 -20.102901 -4.066411  1.000000 0.000010 0.000002  0.064370 0.664198 1 64 1.000000
lowpoly_plastic
0  -3.200460 -20.102894 -5.749248  0.000005 -0.000008 -1.000000  0.064370 0.664198 1 64 1.000000
0  -3.044861 -20.102900 -5.749248  0.000000 0.000000 -1.000000  0.064370 0.664198 1 64 1.000000
0  -3.044862 -20.185244 -5.749248  -0.000000 0.000000 -1.000000  0.064370 0.664198 1 64 1.000000
lowpoly_plastic
0  -3.200460 -20.102894 -5.749248  0.000005 -0.000008 -1.000000  0.064370 0.664198 1 64 1.000000
0  -3.200466 -20.020552 -5.749250  0.000014 -0.000012 -1.000000  0.064370 0.664198 1 64 1.000000
0  -3.044858 -20.020555 -5.749248  0.000009 -0.000004 -1.000000  0.064370 0.664198 1 64 1.000000
lowpoly_plastic
0  -3.044861 -20.102900 -5.749248  0.797669 -0.000019 -0.603095  0.064370 0.664198 1 64 1.000000
0  -2.615702 -20.102898 -5.181635  0.797672 0.000011 -0.603091  0.064370 0.664198 1 64 1.000000
0  -2.615706 -20.185242 -5.181635  0.797669 -0.000035 -0.603096  0.064370 0.664198 1 64 1.000000
lowpoly_plastic
0  -3.044858 -20.020555 -5.749248  0.797670 0.000018 -0.603094  0.064370 0.664198 1 64 1.000000
0  -2.615709 -20.020555 -5.181635  0.797671 0.000021 -0.603093  0.064370 0.664198 1 64 1.000000
0  -2.615702 -20.102898 -5.181635  0.797672 0.000011 -0.603091  0.064370 0.664198 1 64 1.000000
lowpoly_plastic
0  -3.044858 -20.412506 -5.749248  0.797671 -0.000043 -0.603092  0.064370 0.664198 1 64 1.000000
0  -2.615706 -20.412508 -5.181635  0.797654 0.000028 -0.603116  0.064370 0.664198 1 64 1.000000
0  -2.615703 -20.494848 -5.181635  0.797662 0.000007 -0.603105  0.064370 0.664198 1 64 1.000000
lowpoly_plastic
0  -3.200458 -20.412502 -5.749248  0.000000 0.000000 -1.000000  0.064370 0.664198 1 64 1.000000
0  -3.044858 -20.412506 -5.749248  0.000000 0.000000 -1.000000  0.064370 0.664198 1 64 1.000000
0  -3.044863 -20.494844 -5.749248  0.000000 0.000000 -1.000000  0.064370 0.664198 1 64 1.000000
lowpoly_plastic
0  -2.615703 -20.494848 -5.181635  1.000000 0.000012 -0.000000  0.064370 0.664198 1 64 1.000000
0  -2.615706 -20.412508 -5.181635  1.000000 0.000034 -0.000000  0.064370 0.664198 1 64 1.000000
0  -2.615705 -20.412508 -4.165145  1.000000 0.000038 -0.000000  0.064370 0.664198 1 64 1.000000
lowpoly_plastic
0  -2.597170 -20.412506 -5.179887  0.000103 -1.000000 0.000001  0.075349 0.627009 1 64 1.000000
0  -2.597170 -20.412506 -4.163396  0.000103 -1.000000 0.000000  0.075349 0.627009 1 64 1.000000
0  -2.615705 -20.412508 -4.165145  0.000103 -1.000000 0.000000  0.075349 0.627009 1 64 1.000000
lowpoly_plastic
0  -2.615706 -20.412508 -5.181635  0.000091 -1.000000 -0.000031  0.075349 0.627009 1 64 1.000000
0  -3.044858 -20.412506 -5.749248  0.000163 -1.000000 0.000127  0.075349 0.627009 1 64 1.000000
0  -3.034457 -20.412502 -5.759870  0.000325 -1.000000 0.000074  0.075349 0.627009 1 64 1.000000
lowpoly_plastic
0  -3.034457 -20.412502 -5.759870  0.000325 -1.000000 0.000074  0.075349 0.627009 1 64 1.000000
0  -2.597170 -20.412506 -5.188522  0.000090 -1.000000 -0.000034  0.075349 0.627009 1 64 1.000000
0  -2.615706 -20.412508 -5.181635  0.000091 -1.000000 -0.000031  0.075349 0.627009 1 64 1.000000
lowpoly_plastic
0  -2.615704 -20.577192 -5.181635  1.000000 -0.000019 -0.000000  0.064370 0.664198 1 64 1.000000
0  -2.615704 -20.577192 -4.066411  1.000000 -0.000017 -0.000000  0.064370 0.664198 1 64 1.000000
0  -2.615705 -20.659538 -4.165146  1.000000 -0.000021 -0.000000  0.064370 0.664198 1 64 1.000000
lowpoly_plastic
0  -2.615703 -20.494848 -5.181635  1.000000 0.000012 -0.000000  0.064370 0.664198 1 64 1.000000
0  -2.615703 -20.494848 -4.066411  1.000000 0.000001 -0.000000  0.064370 0.664198 1 64 1.000000
0  -2.615704 -20.577192 -4.066411  1.000000 -0.000017 -0.000000  0.064370 0.664198 1 64 1.000000
lowpoly_plastic
0  -3.200461 -20.577192 -5.749248  0.000000 0.000000 -1.000000  0.064370 0.664198 1 64 1.000000
0  -3.044866 -20.577188 -5.749248  0.000000 0.000000 -1.000000  0.064370 0.664198 1 64 1.000000
0  -3.044860 -20.659531 -5.749248  0.000000 0.000000 -1.000000  0.064370 0.664198 1 64 1.000000
lowpoly_plastic
0  -3.200460 -20.494844 -5.749248  0.000000 0.000000 -1.000000  0.064370 0.664198 1 64 1.000000
0  -3.044863 -20.494844 -5.749248  0.000000 0.000000 -1.000000  0.064370 0.664198 1 64 1.000000
0  -3.044866 -20.577188 -5.749248  0.000000 0.000000 -1.000000  0.064370 0.664198 1 64 1.000000
lowpoly_plastic
0  -3.044866 -20.577188 -5.749248  0.797659 0.000012 -0.603109  0.064370 0.664198 1 64 1.000000
0  -2.615704 -20.577192 -5.181635  0.797674 -0.000011 -0.603088  0.064370 0.664198 1 64 1.000000
0  -2.615706 -20.659538 -5.181636  0.797678 -0.000007 -0.603083  0.064370 0.664198 1 64 1.000000
lowpoly_plastic
0  -3.044863 -20.494844 -5.749248  0.797667 -0.000038 -0.603098  0.064370 0.664198 1 64 1.000000
0  -2.615703 -20.494848 -5.181635  0.797662 0.000007 -0.603105  0.064370 0.664198 1 64 1.000000
0  -2.615704 -20.577192 -5.181635  0.797674 -0.000011 -0.603088  0.064370 0.664198 1 64 1.000000
lowpoly_plastic
0  -3.044864 -20.886797 -5.749248  0.797663 -0.000019 -0.603104  0.064370 0.664198 1 64 1.000000
0  -2.615703 -20.886799 -5.181636  0.797684 0.000000 -0.603076  0.064370 0.664198 1 64 1.000000
0  -2.615703 -20.969145 -5.181636  0.797676 -0.000037 -0.603086  0.064370 0.664198 1 64 1.000000
lowpoly_plastic
0  -3.200461 -20.886799 -5.749248  0.000000 0.000000 -1.000000  0.064370 0.664198 1 64 1.000000
0  -3.044864 -20.886797 -5.749248  0.000000 0.000000 -1.000000  0.064370 0.664198 1 64 1.000000
0  -3.044866 -20.969141 -5.749248  0.000000 0.000006 -1.000000  0.064370 0.664198 1 64 1.000000
lowpoly_plastic
0  -2.615703 -20.969145 -5.181636  1.000000 -0.000047 -0.000000  0.064370 0.664198 1 64 1.000000
0  -2.615703 -20.886799 -5.181636  1.000000 0.000000 -0.000000  0.064370 0.664198 1 64 1.000000
0  -2.615703 -20.886799 -4.165146  1.000000 -0.000001 -0.000000  0.064370 0.664198 1 64 1.000000
lowpoly_plastic
0  -2.597171 -20.886803 -5.179888  -0.000167 -1.000000 -0.000350  0.075349 0.627009 1 64 1.000000
0  -2.597171 -20.886803 -4.163397  -0.000206 -1.000000 0.000000  0.075349 0.627009 1 64 1.000000
0  -2.615703 -20.886799 -4.165146  -0.000206 -1.000000 -0.000000  0.075349 0.627009 1 64 1.000000
lowpoly_plastic
0  -2.615703 -20.886799 -5.181636  -0.000016 -1.000000 -0.000146  0.075349 0.627009 1 64 1.000000
0  -3.044864 -20.886797 -5.749248  0.000098 -1.000000 -0.000113  0.075349 0.627009 1 64 1.000000
0  -3.034454 -20.886795 -5.759870  0.000183 -1.000000 -0.000084  0.075349 0.627009 1 64 1.000000
lowpoly_plastic
0  -3.034454 -20.886795 -5.759870  0.000183 -1.000000 -0.000084  0.075349 0.627009 1 64 1.000000
0  -2.597176 -20.886795 -5.188523  0.000022 -1.000000 -0.000422  0.075349 0.627009 1 64 1.000000
0  -2.615703 -20.886799 -5.181636  -0.000016 -1.000000 -0.000146  0.075349 0.627009 1 64 1.000000
lowpoly_plastic
0  -2.615711 -21.051483 -5.181636  1.000000 -0.000007 -0.000000  0.064370 0.664198 1 64 1.000000
0  -2.615710 -21.051483 -4.066412  1.000000 -0.000040 -0.000000  0.064370 0.664198 1 64 1.000000
0  -2.615704 -21.133823 -4.165146  1.000000 0.000080 -0.000000  0.064370 0.664198 1 64 1.000000
lowpoly_plastic
0  -2.615703 -20.969145 -5.181636  1.000000 -0.000047 -0.000000  0.064370 0.664198 1 64 1.000000
0  -2.615703 -20.969145 -4.066412  1.000000 -0.000065 -0.000000  0.064370 0.664198 1 64 1.000000
0  -2.615710 -21.051483 -4.066412  1.000000 -0.000040 -0.000000  0.064370 0.664198 1 64 1.000000
lowpoly_plastic
0  -3.200457 -21.051483 -5.749248  -0.000009 -0.000000 -1.000000  0.064370 0.664198 1 64 1.000000
0  -3.044861 -21.051483 -5.749249  -0.000004 0.000004 -1.000000  0.064370 0.664198 1 64 1.000000
0  -3.044863 -21.133825 -5.749249  -0.000006 0.000000 -1.000000  0.064370 0.664198 1 64 1.000000
lowpoly_plastic
0  -3.200462 -20.969143 -5.749248  -0.000003 0.000002 -1.000000  0.064370 0.664198 1 64 1.000000
0  -3.044866 -20.969141 -5.749248  0.000000 0.000006 -1.000000  0.064370 0.664198 1 64 1.000000
0  -3.044861 -21.051483 -5.749249  -0.000004 0.000004 -1.000000  0.064370 0.664198 1 64 1.000000
lowpoly_plastic
0  -3.044861 -21.051483 -5.749249  0.797671 0.000019 -0.603093  0.064370 0.664198 1 64 1.000000
0  -2.615711 -21.051483 -5.181636  0.797673 0.000001 -0.603091  0.064370 0.664198 1 64 1.000000
0  -2.615704 -21.133823 -5.181636  0.797674 0.000059 -0.603089  0.064370 0.664198 1 64 1.000000
lowpoly_plastic
0  -3.044866 -20.969141 -5.749248  0.797666 0.000012 -0.603100  0.064370 0.664198 1 64 1.000000
0  -2.615703 -20.969145 -5.181636  0.797676 -0.000037 -0.603086  0.064370 0.664198 1 64 1.000000
0  -2.615711 -21.051483 -5.181636  0.797673 0.000001 -0.603091  0.064370 0.664198 1 64 1.000000
lowpoly_plastic
0  -3.044860 -21.361090 -5.749249  0.797663 -0.000008 -0.603103  0.064370 0.664198 1 64 1.000000
0  -2.615709 -21.361092 -5.181636  0.797687 -0.000012 -0.603072  0.064370 0.664198 1 64 1.000000
0  -2.615710 -21.443436 -5.181636  0.797682 0.000012 -0.603079  0.064370 0.664198 1 64 1.000000
lowpoly_plastic
0  -3.200462 -21.361094 -5.749249  -0.000000 0.000000 -1.000000  0.064370 0.664198 1 64 1.000000
0  -3.044860 -21.361090 -5.749249  0.000000 0.000000 -1.000000  0.064370 0.664198 1 64 1.000000
0  -3.044861 -21.443434 -5.749249  -0.000000 0.000000 -1.000000  0.064370 0.664198 1 64 1.000000
lowpoly_plastic
0  -2.615710 -21.443436 -5.181636  1.000000 0.000018 -0.000000  0.064370 0.664198 1 64 1.000000
0  -2.615709 -21.361092 -5.181636  1.000000 -0.000011 -0.000000  0.064370 0.664198 1 64 1.000000
0  -2.615708 -21.361092 -4.165146  1.000000 -0.000014 -0.000000  0.064370 0.664198 1 64 1.000000
lowpoly_plastic
0  -2.597171 -21.361090 -5.179888  0.000103 -1.000000 0.000000  0.075349 0.627009 1 64 1.000000
0  -2.597171 -21.361090 -4.163397  0.000103 -1.000000 0.000000  0.075349 0.627009 1 64 1.000000
0  -2.615708 -21.361092 -4.165146  0.000103 -1.000000 0.000000  0.075349 0.627009 1 64 1.000000
lowpoly_plastic
0  -2.615709 -21.361092 -5.181636  0.000091 -1.000000 0.000006  0.075349 0.627009 1 64 1.000000
0  -3.044860 -21.361090 -5.749249  -0.000150 -1.000000 -0.000083  0.075349 0.627009 1 64 1.000000
0  -3.034456 -21.361094 -5.759871  -0.000285 -1.000000 -0.000039  0.075349 0.627009 1 64 1.000000
lowpoly_plastic
0  -3.034456 -21.361094 -5.759871  -0.000285 -1.000000 -0.000039  0.075349 0.627009 1 64 1.000000
0  -2.597171 -21.361090 -5.188523  0.000092 -1.000000 0.000007  0.075349 0.627009 1 64 1.000000
0  -2.615709 -21.361092 -5.181636  0.000091 -1.000000 0.000006  0.075349 0.627009 1 64 1.000000
lowpoly_plastic
0  -2.615706 -21.525776 -5.181636  1.000000 0.000018 -0.000000  0.064370 0.664198 1 64 1.000000
0  -2.615705 -21.525776 -4.066412  1.000000 0.000029 -0.000000  0.064370 0.664198 1 64 1.000000
0  -2.615706 -21.608122 -4.165146  1.000000 -0.000011 -0.000000  0.064370 0.664198 1 64 1.000000
lowpoly_plastic
0  -2.615710 -21.443436 -5.181636  1.000000 0.000018 -0.000000  0.064370 0.664198 1 64 1.000000
0  -2.615709 -21.443436 -4.066412  1.000000 0.000028 -0.000000  0.064370 0.664198 1 64 1.000000
0  -2.615705 -21.525776 -4.066412  1.000000 0.000029 -0.000000  0.064370 0.664198 1 64 1.000000
lowpoly_plastic
0  -3.200463 -21.525774 -5.749249  -0.000000 0.000000 -1.000000  0.064370 0.664198 1 64 1.000000
0  -3.044862 -21.525780 -5.749249  -0.000000 0.000000 -1.000000  0.064370 0.664198 1 64 1.000000
0  -3.044858 -21.608120 -5.749249  0.000000 0.000000 -1.000000  0.064370 0.664198 1 64 1.000000
lowpoly_plastic
0  -3.200461 -21.443430 -5.749249  -0.000000 0.000000 -1.000000  0.064370 0.664198 1 64 1.000000
0  -3.044861 -21.443434 -5.749249  -0.000000 0.000000 -1.000000  0.064370 0.664198 1 64 1.000000
0  -3.044862 -21.525780 -5.749249  -0.000000 0.000000 -1.000000  0.064370 0.664198 1 64 1.000000
lowpoly_plastic
0  -3.044858 -21.608120 -5.749249  0.797679 0.000033 -0.603082  0.064370 0.664198 1 64 1.000000
0  -3.044862 -21.525780 -5.749249  0.797666 0.000014 -0.603099  0.064370 0.664198 1 64 1.000000
0  -2.615706 -21.525776 -5.181636  0.797676 0.000014 -0.603086  0.064370 0.664198 1 64 1.000000
lowpoly_plastic
0  -3.044861 -21.443434 -5.749249  0.797658 -0.000006 -0.603110  0.064370 0.664198 1 64 1.000000
0  -2.615710 -21.443436 -5.181636  0.797682 0.000012 -0.603079  0.064370 0.664198 1 64 1.000000
0  -2.615706 -21.525776 -5.181636  0.797676 0.000014 -0.603086  0.064370 0.664198 1 64 1.000000
lowpoly_plastic
0  -3.044860 -21.835386 -5.749249  0.797667 -0.000050 -0.603098  0.064370 0.664198 1 64 1.000000
0  -2.615709 -21.835386 -5.181636  0.797679 0.000037 -0.603083  0.064370 0.664198 1 64 1.000000
0  -2.615705 -21.917728 -5.181636  0.797669 0.000014 -0.603095  0.064370 0.664198 1 64 1.000000
lowpoly_plastic
0  -3.200461 -21.835382 -5.749249  0.000000 0.000000 -1.000000  0.064370 0.664198 1 64 1.000000
0  -3.044860 -21.835386 -5.749249  0.000000 0.000000 -1.000000  0.064370 0.664198 1 64 1.000000
0  -3.044866 -21.917723 -5.749249  0.000000 0.000000 -1.000000  0.064370 0.664198 1 64 1.000000
lowpoly_plastic
0  -2.615705 -21.917728 -5.181636  1.000000 0.000015 -0.000000  0.064370 0.664198 1 64 1.000000
0  -2.615709 -21.835386 -5.181636  1.000000 0.000046 -0.000000  0.064370 0.664198 1 64 1.000000
0  -2.615708 -21.835386 -4.165146  1.000000 0.000049 -0.000000  0.064370 0.664198 1 64 1.000000
lowpoly_plastic
0  -2.597173 -21.835388 -5.179888  -0.000103 -1.000000 -0.000001  0.075349 0.627009 1 64 1.000000
0  -2.597173 -21.835388 -4.163397  -0.000103 -1.000000 0.000000  0.075349 0.627009 1 64 1.000000
0  -2.615708 -21.835386 -4.165146  -0.000103 -1.000000 -0.000000  0.075349 0.627009 1 64 1.000000
lowpoly_plastic
0  -2.615709 -21.835386 -5.181636  -0.000092 -1.000000 0.000027  0.075349 0.627009 1 64 1.000000
0  -3.044860 -21.835386 -5.749249  -0.000039 -1.000000 -0.000049  0.075349 0.627009 1 64 1.000000
0  -3.034451 -21.835386 -5.759871  -0.000081 -1.000000 -0.000040  0.075349 0.627009 1 64 1.000000
lowpoly_plastic
0  -3.034451 -21.835386 -5.759871  -0.000081 -1.000000 -0.000040  0.075349 0.627009 1 64 1.000000
0  -2.597173 -21.835388 -5.188523  -0.000092 -1.000000 0.000029  0.075349 0.627009 1 64 1.000000
0  -2.615709 -21.835386 -5.181636  -0.000092 -1.000000 0.000027  0.075349 0.627009 1 64 1.000000
lowpoly_plastic
0  -2.615706 -22.000072 -5.181636  1.000000 -0.000019 -0.000000  0.064370 0.664198 1 64 1.000000
0  -2.615705 -22.000072 -4.066412  1.000000 -0.000014 -0.000000  0.064370 0.664198 1 64 1.000000
0  -2.615707 -22.082417 -4.165146  1.000000 -0.000023 -0.000000  0.064370 0.664198 1 64 1.000000
lowpoly_plastic
0  -2.615705 -21.917728 -5.181636  1.000000 0.000015 -0.000000  0.064370 0.664198 1 64 1.000000
0  -2.615705 -21.917728 -4.066412  1.000000 0.000008 -0.000000  0.064370 0.664198 1 64 1.000000
0  -2.615705 -22.000072 -4.066412  1.000000 -0.000014 -0.000000  0.064370 0.664198 1 64 1.000000
lowpoly_plastic
0  -3.200463 -22.000071 -5.749249  0.000000 0.000000 -1.000000  0.064370 0.664198 1 64 1.000000
0  -3.044858 -22.000071 -5.749249  0.000000 0.000000 -1.000000  0.064370 0.664198 1 64 1.000000
0  -3.044863 -22.082411 -5.749249  0.000000 0.000000 -1.000000  0.064370 0.664198 1 64 1.000000
lowpoly_plastic
0  -3.200462 -21.917727 -5.749249  0.000000 0.000000 -1.000000  0.064370 0.664198 1 64 1.000000
0  -3.044866 -21.917723 -5.749249  0.000000 0.000000 -1.000000  0.064370 0.664198 1 64 1.000000
0  -3.044858 -22.000071 -5.749249  0.000000 0.000000 -1.000000  0.064370 0.664198 1 64 1.000000
lowpoly_plastic
0  -3.044858 -22.000071 -5.749249  0.797662 0.000012 -0.603105  0.064370 0.664198 1 64 1.000000
0  -2.615706 -22.000072 -5.181636  0.797669 -0.000014 -0.603095  0.064370 0.664198 1 64 1.000000
0  -2.615708 -22.082417 -5.181636  0.797676 -0.000022 -0.603086  0.064370 0.664198 1 64 1.000000
lowpoly_plastic
0  -3.044858 -22.000071 -5.749249  0.797662 0.000012 -0.603105  0.064370 0.664198 1 64 1.000000
0  -3.044866 -21.917723 -5.749249  0.797655 0.000008 -0.603114  0.064370 0.664198 1 64 1.000000
0  -2.615705 -21.917728 -5.181636  0.797669 0.000014 -0.603095  0.064370 0.664198 1 64 1.000000
lowpoly_plastic
0  -3.044861 -22.392017 -5.749249  0.797674 0.000010 -0.603089  0.064370 0.664198 1 64 1.000000
0  -3.044866 -22.309677 -5.749249  0.797664 0.000045 -0.603102  0.064370 0.664198 1 64 1.000000
0  -2.615705 -22.309681 -5.181636  0.797661 -0.000019 -0.603106  0.064370 0.664198 1 64 1.000000
lowpoly_plastic
0  -3.200462 -22.309679 -5.749249  0.000001 0.000000 -1.000000  0.064370 0.664198 1 64 1.000000
0  -3.044866 -22.309677 -5.749249  0.000000 0.000000 -1.000000  0.064370 0.664198 1 64 1.000000
0  -3.044861 -22.392017 -5.749249  0.000000 0.000000 -1.000000  0.064370 0.664198 1 64 1.000000
lowpoly_plastic
0  -2.615708 -22.392025 -5.181636  1.000000 -0.000028 -0.000000  0.064370 0.664198 1 64 1.000000
0  -2.615705 -22.309681 -5.181636  1.000000 -0.000034 -0.000000  0.064370 0.664198 1 64 1.000000
0  -2.615705 -22.309681 -4.165146  1.000000 -0.000036 -0.000000  0.064370 0.664198 1 64 1.000000
lowpoly_plastic
0  -2.597174 -22.309683 -5.179888  -0.000103 -1.000000 0.000000  0.075349 0.627009 1 64 1.000000
0  -2.597174 -22.309683 -4.163397  -0.000103 -1.000000 0.000000  0.075349 0.627009 1 64 1.000000
0  -2.615705 -22.309681 -4.165146  -0.000103 -1.000000 0.000000  0.075349 0.627009 1 64 1.000000
lowpoly_plastic
0  -2.615705 -22.309681 -5.181636  -0.000093 -1.000000 0.000040  0.075349 0.627009 1 64 1.000000
0  -3.044866 -22.309677 -5.749249  0.000097 -1.000000 0.000024  0.075349 0.627009 1 64 1.000000
0  -3.034456 -22.309675 -5.759871  0.000180 -1.000000 0.000014  0.075349 0.627009 1 64 1.000000
lowpoly_plastic
0  -3.034456 -22.309675 -5.759871  0.000180 -1.000000 0.000014  0.075349 0.627009 1 64 1.000000
0  -2.597174 -22.309683 -5.188523  -0.000093 -1.000000 0.000043  0.075349 0.627009 1 64 1.000000
0  -2.615705 -22.309681 -5.181636  -0.000093 -1.000000 0.000040  0.075349 0.627009 1 64 1.000000
lowpoly_plastic
0  -2.615710 -22.474369 -5.181636  1.000000 0.000012 -0.000000  0.064370 0.664198 1 64 1.000000
0  -2.615709 -22.474369 -4.066411  1.000000 -0.000001 -0.000000  0.064370 0.664198 1 64 1.000000
0  -2.615705 -22.556705 -4.165146  1.000000 0.000044 -0.000000  0.064370 0.664198 1 64 1.000000
lowpoly_plastic
0  -2.615708 -22.392025 -5.181636  1.000000 -0.000028 -0.000000  0.064370 0.664198 1 64 1.000000
0  -2.615707 -22.392025 -4.066412  1.000000 -0.000026 -0.000000  0.064370 0.664198 1 64 1.000000
0  -2.615709 -22.474369 -4.066411  1.000000 -0.000001 -0.000000  0.064370 0.664198 1 64 1.000000
lowpoly_plastic
0  -3.200458 -22.474363 -5.749249  0.000000 0.000000 -1.000000  0.064370 0.664198 1 64 1.000000
0  -3.044863 -22.474363 -5.749249  0.000000 0.000000 -1.000000  0.064370 0.664198 1 64 1.000000
0  -3.044865 -22.556707 -5.749249  0.000000 0.000000 -1.000000  0.064370 0.664198 1 64 1.000000
lowpoly_plastic
0  -3.200464 -22.392025 -5.749249  0.000000 0.000000 -1.000000  0.064370 0.664198 1 64 1.000000
0  -3.044861 -22.392017 -5.749249  0.000000 0.000000 -1.000000  0.064370 0.664198 1 64 1.000000
0  -3.044863 -22.474363 -5.749249  0.000000 0.000000 -1.000000  0.064370 0.664198 1 64 1.000000
lowpoly_plastic
0  -3.044863 -22.474363 -5.749249  0.797673 -0.000018 -0.603090  0.064370 0.664198 1 64 1.000000
0  -2.615710 -22.474369 -5.181636  0.797673 0.000010 -0.603090  0.064370 0.664198 1 64 1.000000
0  -2.615706 -22.556705 -5.181636  0.797667 0.000036 -0.603098  0.064370 0.664198 1 64 1.000000
lowpoly_plastic
0  -3.044861 -22.392017 -5.749249  0.797674 0.000010 -0.603089  0.064370 0.664198 1 64 1.000000
0  -2.615708 -22.392025 -5.181636  0.797670 -0.000022 -0.603094  0.064370 0.664198 1 64 1.000000
0  -2.615710 -22.474369 -5.181636  0.797673 0.000010 -0.603090  0.064370 0.664198 1 64 1.000000
lowpoly_plastic
0  -3.044860 -22.783970 -5.749249  0.797683 -0.000023 -0.603076  0.064370 0.664198 1 64 1.000000
0  -2.615705 -22.783981 -5.181636  0.797676 -0.000057 -0.603087  0.064370 0.664198 1 64 1.000000
0  -2.615711 -22.866316 -5.181636  0.797671 -0.000013 -0.603092  0.064370 0.664198 1 64 1.000000
lowpoly_plastic
0  -3.200464 -22.783976 -5.749249  0.000000 0.000000 -1.000000  0.064370 0.664198 1 64 1.000000
0  -3.044860 -22.783970 -5.749249  0.000000 0.000000 -1.000000  0.064370 0.664198 1 64 1.000000
0  -3.044862 -22.866316 -5.749249  0.000000 0.000000 -1.000000  0.064370 0.664198 1 64 1.000000
lowpoly_plastic
0  -2.615711 -22.866316 -5.181636  1.000000 -0.000016 -0.000000  0.064370 0.664198 1 64 1.000000
0  -2.615705 -22.783981 -5.181636  1.000000 -0.000068 -0.000000  0.064370 0.664198 1 64 1.000000
0  -2.615705 -22.783981 -4.165146  1.000000 -0.000069 -0.000000  0.064370 0.664198 1 64 1.000000
lowpoly_plastic
0  -2.597169 -22.783978 -5.179888  0.000245 -1.000000 -0.000524  0.075349 0.627009 1 64 1.000000
0  -2.597169 -22.783978 -4.163397  0.000206 -1.000000 0.000000  0.075349 0.627009 1 64 1.000000
0  -2.615705 -22.783981 -4.165146  0.000206 -1.000000 0.000000  0.075349 0.627009 1 64 1.000000
lowpoly_plastic
0  -2.615705 -22.783981 -5.181636  0.000348 -1.000000 -0.000351  0.075349 0.627009 1 64 1.000000
0  -3.044860 -22.783970 -5.749249  0.000004 -1.000000 0.000227  0.075349 0.627009 1 64 1.000000
0  -3.034457 -22.783972 -5.759871  0.000058 -1.000000 0.000201  0.075349 0.627009 1 64 1.000000
lowpoly_plastic
0  -3.034457 -22.783972 -5.759871  0.000058 -1.000000 0.000201  0.075349 0.627009 1 64 1.000000
0  -2.597173 -22.783970 -5.188523  0.000388 -1.000000 -0.000777  0.075349 0.627009 1 64 1.000000
0  -2.615705 -22.783981 -5.181636  0.000348 -1.000000 -0.000351  0.075349 0.627009 1 64 1.000000
lowpoly_plastic
0  -2.615708 -22.948658 -5.181636  1.000000 0.000007 -0.000000  0.064370 0.664198 1 64 1.000000
0  -2.615707 -22.948658 -4.066411  1.000000 0.000015 -0.000000  0.064370 0.664198 1 64 1.000000
0  -2.615709 -23.031000 -4.165144  1.000000 -0.000021 -0.000000  0.064370 0.664198 1 64 1.000000
lowpoly_plastic
0  -2.615708 -22.948658 -5.181636  1.000000 0.000007 -0.000000  0.064370 0.664198 1 64 1.000000
0  -2.615711 -22.866316 -5.181636  1.000000 -0.000016 -0.000000  0.064370 0.664198 1 64 1.000000
0  -2.615710 -22.866316 -4.066411  1.000000 0.000000 -0.000000  0.064370 0.664198 1 64 1.000000
lowpoly_plastic
0  -3.200465 -23.031000 -5.749249  -0.000000 0.000000 -1.000000  0.064370 0.664198 1 64 1.000000
0  -3.200460 -22.948664 -5.749249  -0.000000 0.000000 -1.000000  0.064370 0.664198 1 64 1.000000
0  -3.044865 -22.948658 -5.749249  0.000000 0.000000 -1.000000  0.064370 0.664198 1 64 1.000000
lowpoly_plastic
0  -3.200459 -22.866316 -5.749249  0.000000 0.000000 -1.000000  0.064370 0.664198 1 64 1.000000
0  -3.044862 -22.866316 -5.749249  0.000000 0.000000 -1.000000  0.064370 0.664198 1 64 1.000000
0  -3.044865 -22.948658 -5.749249  0.000000 0.000000 -1.000000  0.064370 0.664198 1 64 1.000000
lowpoly_plastic
0  -3.044865 -22.948658 -5.749249  0.797670 0.000015 -0.603095  0.064370 0.664198 1 64 1.000000
0  -2.615708 -22.948658 -5.181636  0.797669 0.000004 -0.603096  0.064370 0.664198 1 64 1.000000
0  -2.615710 -23.031000 -5.181636  0.797671 -0.000010 -0.603093  0.064370 0.664198 1 64 1.000000
lowpoly_plastic
0  -3.044862 -22.866316 -5.749249  0.797677 -0.000022 -0.603085  0.064370 0.664198 1 64 1.000000
0  -2.615711 -22.866316 -5.181636  0.797671 -0.000013 -0.603092  0.064370 0.664198 1 64 1.000000
0  -2.615708 -22.948658 -5.181636  0.797669 0.000004 -0.603096  0.064370 0.664198 1 64 1.000000
lowpoly_plastic
0  -3.044862 -23.258266 -5.749249  0.797662 -0.000023 -0.603105  0.064370 0.664198 1 64 1.000000
0  -2.615711 -23.258268 -5.181636  0.797660 0.000041 -0.603107  0.064370 0.664198 1 64 1.000000
0  -2.615707 -23.340607 -5.181636  0.797663 0.000020 -0.603103  0.064370 0.664198 1 64 1.000000
lowpoly_plastic
0  -3.200461 -23.258265 -5.749249  -0.000000 0.000000 -1.000000  0.064370 0.664198 1 64 1.000000
0  -3.044862 -23.258266 -5.749249  0.000000 0.000000 -1.000000  0.064370 0.664198 1 64 1.000000
0  -3.044865 -23.340611 -5.749249  -0.000000 0.000000 -1.000000  0.064370 0.664198 1 64 1.000000
lowpoly_plastic
0  -2.615707 -23.340607 -5.181636  1.000000 0.000023 -0.000000  0.064370 0.664198 1 64 1.000000
0  -2.615711 -23.258268 -5.181636  1.000000 0.000046 -0.000000  0.064370 0.664198 1 64 1.000000
0  -2.615710 -23.258268 -4.165144  1.000000 0.000047 -0.000000  0.064370 0.664198 1 64 1.000000
lowpoly_plastic
0  -2.597176 -23.258266 -5.179888  0.000103 -1.000000 -0.000000  0.075349 0.627009 1 64 1.000000
0  -2.597176 -23.258266 -4.163397  0.000103 -1.000000 0.000000  0.075349 0.627009 1 64 1.000000
0  -2.615710 -23.258268 -4.165144  0.000103 -1.000000 -0.000000  0.075349 0.627009 1 64 1.000000
lowpoly_plastic
0  -2.615711 -23.258268 -5.181636  0.000091 -1.000000 -0.000095  0.075349 0.627009 1 64 1.000000
0  -3.044862 -23.258266 -5.749249  -0.000099 -1.000000 0.000092  0.075349 0.627009 1 64 1.000000
0  -3.034451 -23.258268 -5.759871  -0.000183 -1.000000 0.000180  0.075349 0.627009 1 64 1.000000
lowpoly_plastic
0  -3.034451 -23.258268 -5.759871  -0.000183 -1.000000 0.000180  0.075349 0.627009 1 64 1.000000
0  -2.597176 -23.258266 -5.188523  0.000092 -1.000000 -0.000101  0.075349 0.627009 1 64 1.000000
0  -2.615711 -23.258268 -5.181636  0.000091 -1.000000 -0.000095  0.075349 0.627009 1 64 1.000000
lowpoly_plastic
0  -2.615707 -23.422956 -5.181636  1.000000 -0.000011 -0.000000  0.064370 0.664198 1 64 1.000000
0  -2.615706 -23.422956 -4.066411  1.000000 -0.000008 -0.000000  0.064370 0.664198 1 64 1.000000
0  -2.615708 -23.505299 -4.165144  1.000000 -0.000025 -0.000000  0.064370 0.664198 1 64 1.000000
lowpoly_plastic
0  -2.615707 -23.422956 -5.181636  1.000000 -0.000011 -0.000000  0.064370 0.664198 1 64 1.000000
0  -2.615707 -23.340607 -5.181636  1.000000 0.000023 -0.000000  0.064370 0.664198 1 64 1.000000
0  -2.615706 -23.340607 -4.066411  1.000000 0.000015 -0.000000  0.064370 0.664198 1 64 1.000000
lowpoly_plastic
0  -3.200466 -23.422953 -5.749249  0.000000 0.000000 -1.000000  0.064370 0.664198 1 64 1.000000
0  -3.044858 -23.422953 -5.749249  0.000000 0.000000 -1.000000  0.064370 0.664198 1 64 1.000000
0  -3.044864 -23.505291 -5.749249  0.000000 0.000000 -1.000000  0.064370 0.664198 1 64 1.000000
lowpoly_plastic
0  -3.200463 -23.340609 -5.749249  -0.000000 0.000000 -1.000000  0.064370 0.664198 1 64 1.000000
0  -3.044865 -23.340611 -5.749249  -0.000000 0.000000 -1.000000  0.064370 0.664198 1 64 1.000000
0  -3.044858 -23.422953 -5.749249  0.000000 0.000000 -1.000000  0.064370 0.664198 1 64 1.000000
lowpoly_plastic
0  -3.044858 -23.422953 -5.749249  0.797671 0.000003 -0.603092  0.064370 0.664198 1 64 1.000000
0  -2.615707 -23.422956 -5.181636  0.797669 -0.000010 -0.603095  0.064370 0.664198 1 64 1.000000
0  -2.615709 -23.505299 -5.181636  0.797672 -0.000023 -0.603092  0.064370 0.664198 1 64 1.000000
lowpoly_plastic
0  -3.044858 -23.422953 -5.749249  0.797671 0.000003 -0.603092  0.064370 0.664198 1 64 1.000000
0  -3.044865 -23.340611 -5.749249  0.797666 0.000018 -0.603099  0.064370 0.664198 1 64 1.000000
0  -2.615707 -23.340607 -5.181636  0.797663 0.000020 -0.603103  0.064370 0.664198 1 64 1.000000
lowpoly_plastic
0  -3.044857 -23.732561 -5.749249  0.797671 -0.000069 -0.603093  0.064370 0.664198 1 64 1.000000
0  -2.615706 -23.732559 -5.181636  0.797651 -0.000016 -0.603119  0.064370 0.664198 1 64 1.000000
0  -2.615708 -23.814907 -5.181636  0.797659 0.000016 -0.603108  0.064370 0.664198 1 64 1.000000
lowpoly_plastic
0  -3.200464 -23.732559 -5.749249  0.000000 0.000000 -1.000000  0.064370 0.664198 1 64 1.000000
0  -3.044857 -23.732561 -5.749249  0.000000 0.000000 -1.000000  0.064370 0.664198 1 64 1.000000
0  -3.044864 -23.814899 -5.749249  0.000000 -0.000012 -1.000000  0.064370 0.664198 1 64 1.000000
lowpoly_plastic
0  -2.615708 -23.814907 -5.181636  1.000000 0.000022 -0.000000  0.064370 0.664198 1 64 1.000000
0  -2.615706 -23.732559 -5.181636  1.000000 -0.000023 -0.000000  0.064370 0.664198 1 64 1.000000
0  -2.615705 -23.732559 -4.165144  1.000000 -0.000024 -0.000000  0.064370 0.664198 1 64 1.000000
lowpoly_plastic
0  -2.597175 -23.732565 -5.179888  -0.000289 -1.000000 -0.000525  0.075349 0.627009 1 64 1.000000
0  -2.597175 -23.732565 -4.163395  -0.000309 -1.000000 0.000000  0.075349 0.627009 1 64 1.000000
0  -2.615705 -23.732559 -4.165144  -0.000309 -1.000000 0.000000  0.075349 0.627009 1 64 1.000000
lowpoly_plastic
0  -2.615706 -23.732559 -5.181636  -0.000191 -1.000000 -0.000115  0.075349 0.627009 1 64 1.000000
0  -3.044857 -23.732561 -5.749249  0.000061 -1.000000 0.000007  0.075349 0.627009 1 64 1.000000
0  -3.034459 -23.732559 -5.759871  0.000103 -1.000000 0.000008  0.075349 0.627009 1 64 1.000000
lowpoly_plastic
0  -3.034459 -23.732559 -5.759871  0.000103 -1.000000 0.000008  0.075349 0.627009 1 64 1.000000
0  -2.597169 -23.732561 -5.188523  -0.000172 -1.000000 -0.000528  0.075349 0.627009 1 64 1.000000
0  -2.615706 -23.732559 -5.181636  -0.000191 -1.000000 -0.000115  0.075349 0.627009 1 64 1.000000
lowpoly_plastic
0  -2.615702 -23.897247 -5.181636  1.000000 0.000022 -0.000000  0.064370 0.664198 1 64 1.000000
0  -2.615702 -23.897247 -4.066411  1.000000 0.000044 -0.000000  0.064370 0.664198 1 64 1.000000
0  -2.615704 -23.979591 -4.165144  1.000000 -0.000020 -0.000000  0.064370 0.664198 1 64 1.000000
lowpoly_plastic
0  -2.615708 -23.814907 -5.181636  1.000000 0.000022 -0.000000  0.064370 0.664198 1 64 1.000000
0  -2.615707 -23.814907 -4.066411  1.000000 0.000043 -0.000000  0.064370 0.664198 1 64 1.000000
0  -2.615702 -23.897247 -4.066411  1.000000 0.000044 -0.000000  0.064370 0.664198 1 64 1.000000
lowpoly_plastic
0  -3.200462 -23.897243 -5.749247  0.000000 -0.000000 -1.000000  0.064370 0.664198 1 64 1.000000
0  -3.044865 -23.897243 -5.749247  0.000000 0.000000 -1.000000  0.064370 0.664198 1 64 1.000000
0  -3.044867 -23.979586 -5.749249  0.000000 0.000023 -1.000000  0.064370 0.664198 1 64 1.000000
lowpoly_plastic
0  -3.200459 -23.814901 -5.749249  0.000000 -0.000012 -1.000000  0.064370 0.664198 1 64 1.000000
0  -3.044864 -23.814899 -5.749249  0.000000 -0.000012 -1.000000  0.064370 0.664198 1 64 1.000000
0  -3.044865 -23.897243 -5.749247  0.000000 0.000000 -1.000000  0.064370 0.664198 1 64 1.000000
lowpoly_plastic
0  -3.044865 -23.897243 -5.749247  0.797673 -0.000015 -0.603090  0.064370 0.664198 1 64 1.000000
0  -2.615702 -23.897247 -5.181636  0.797665 0.000015 -0.603101  0.064370 0.664198 1 64 1.000000
0  -2.615704 -23.979591 -5.181636  0.797663 -0.000015 -0.603103  0.064370 0.664198 1 64 1.000000
lowpoly_plastic
0  -3.044864 -23.814899 -5.749249  0.797674 -0.000046 -0.603089  0.064370 0.664198 1 64 1.000000
0  -2.615708 -23.814907 -5.181636  0.797659 0.000016 -0.603108  0.064370 0.664198 1 64 1.000000
0  -2.615702 -23.897247 -5.181636  0.797665 0.000015 -0.603101  0.064370 0.664198 1 64 1.000000
lowpoly_plastic
0  -3.044863 -24.289198 -5.749249  0.797681 0.000003 -0.603080  0.064370 0.664198 1 64 1.000000
0  -3.044863 -24.206850 -5.749247  0.797689 0.000016 -0.603069  0.064370 0.664198 1 64 1.000000
0  -2.615708 -24.206860 -5.181637  0.797651 0.000035 -0.603119  0.064370 0.664198 1 64 1.000000
lowpoly_plastic
0  -3.200459 -24.206856 -5.749247  0.000000 0.000023 -1.000000  0.064370 0.664198 1 64 1.000000
0  -3.044863 -24.206850 -5.749247  0.000000 0.000023 -1.000000  0.064370 0.664198 1 64 1.000000
0  -3.044863 -24.289198 -5.749249  0.000000 0.000012 -1.000000  0.064370 0.664198 1 64 1.000000
lowpoly_plastic
0  -2.615704 -24.289200 -5.181637  1.000000 -0.000011 -0.000000  0.064370 0.664198 1 64 1.000000
0  -2.615708 -24.206860 -5.181637  1.000000 0.000046 -0.000000  0.064370 0.664198 1 64 1.000000
0  -2.615707 -24.206860 -4.165145  1.000000 0.000005 0.000003  0.064370 0.664198 1 64 1.000000
lowpoly_plastic
0  -2.597170 -24.206856 -5.179889  0.000235 -1.000000 -0.000174  0.075349 0.627009 1 64 1.000000
0  -2.597170 -24.206856 -4.163396  0.000206 -1.000000 -0.000003  0.075349 0.627009 1 64 1.000000
0  -2.615707 -24.206860 -4.165145  0.000206 -1.000000 -0.000003  0.075349 0.627009 1 64 1.000000
lowpoly_plastic
0  -2.615708 -24.206860 -5.181637  0.000307 -1.000000 -0.000169  0.075349 0.627009 1 64 1.000000
0  -3.044863 -24.206850 -5.749247  -0.000104 -1.000000 0.000101  0.075349 0.627009 1 64 1.000000
0  -3.034460 -24.206854 -5.759869  -0.000165 -1.000000 0.000081  0.075349 0.627009 1 64 1.000000
lowpoly_plastic
0  -3.034460 -24.206854 -5.759869  -0.000165 -1.000000 0.000081  0.075349 0.627009 1 64 1.000000
0  -2.597175 -24.206850 -5.188523  0.000337 -1.000000 -0.000314  0.075349 0.627009 1 64 1.000000
0  -2.615708 -24.206860 -5.181637  0.000307 -1.000000 -0.000169  0.075349 0.627009 1 64 1.000000
lowpoly_plastic
0  -2.615710 -24.371536 -5.181637  1.000000 -0.000028 -0.000000  0.064370 0.664198 1 64 1.000000
0  -2.615709 -24.371536 -4.066411  1.000000 -0.000013 0.000002  0.064370 0.664198 1 64 1.000000
0  -2.615708 -24.453884 -4.165145  1.000000 0.000009 -0.000000  0.064370 0.664198 1 64 1.000000
lowpoly_plastic
0  -2.615704 -24.289200 -5.181637  1.000000 -0.000011 -0.000000  0.064370 0.664198 1 64 1.000000
0  -2.615707 -24.289194 -4.066411  1.000000 -0.000013 0.000003  0.064370 0.664198 1 64 1.000000
0  -2.615709 -24.371536 -4.066411  1.000000 -0.000013 0.000002  0.064370 0.664198 1 64 1.000000
lowpoly_plastic
0  -3.200462 -24.371542 -5.749249  -0.000000 0.000000 -1.000000  0.064370 0.664198 1 64 1.000000
0  -3.044864 -24.371542 -5.749249  0.000000 0.000000 -1.000000  0.064370 0.664198 1 64 1.000000
0  -3.044861 -24.453882 -5.749249  -0.000000 0.000000 -1.000000  0.064370 0.664198 1 64 1.000000
lowpoly_plastic
0  -3.200460 -24.289198 -5.749249  0.000000 0.000012 -1.000000  0.064370 0.664198 1 64 1.000000
0  -3.044863 -24.289198 -5.749249  0.000000 0.000012 -1.000000  0.064370 0.664198 1 64 1.000000
0  -3.044864 -24.371542 -5.749249  0.000000 0.000000 -1.000000  0.064370 0.664198 1 64 1.000000
lowpoly_plastic
0  -3.044864 -24.371542 -5.749249  0.797671 0.000009 -0.603093  0.064370 0.664198 1 64 1.000000
0  -2.615710 -24.371536 -5.181637  0.797674 -0.000023 -0.603089  0.064370 0.664198 1 64 1.000000
0  -2.615709 -24.453884 -5.181637  0.797679 0.000010 -0.603082  0.064370 0.664198 1 64 1.000000
lowpoly_plastic
0  -3.044863 -24.289198 -5.749249  0.797681 0.000003 -0.603080  0.064370 0.664198 1 64 1.000000
0  -2.615704 -24.289200 -5.181637  0.797657 -0.000010 -0.603112  0.064370 0.664198 1 64 1.000000
0  -2.615710 -24.371536 -5.181637  0.797674 -0.000023 -0.603089  0.064370 0.664198 1 64 1.000000
lowpoly_plastic
0  -3.044865 -24.681150 -5.749248  0.797674 0.000066 -0.603089  0.064370 0.664198 1 64 1.000000
0  -2.615706 -24.681149 -5.181635  0.797670 -0.000020 -0.603094  0.064370 0.664198 1 64 1.000000
0  -2.615708 -24.763493 -5.181635  0.797673 -0.000013 -0.603091  0.064370 0.664198 1 64 1.000000
lowpoly_plastic
0  -3.200460 -24.681150 -5.749247  -0.000002 0.000031 -1.000000  0.064370 0.664198 1 64 1.000000
0  -3.044865 -24.681150 -5.749248  -0.000005 0.000023 -1.000000  0.064370 0.664198 1 64 1.000000
0  -3.044859 -24.763489 -5.749250  -0.000004 0.000013 -1.000000  0.064370 0.664198 1 64 1.000000
lowpoly_plastic
0  -2.615708 -24.763493 -5.181635  1.000000 -0.000017 -0.000000  0.064370 0.664198 1 64 1.000000
0  -2.615706 -24.681149 -5.181635  1.000000 -0.000023 -0.000000  0.064370 0.664198 1 64 1.000000
0  -2.615705 -24.681149 -4.165145  1.000000 -0.000024 -0.000000  0.064370 0.664198 1 64 1.000000
lowpoly_plastic
0  -2.597176 -24.681150 -5.179889  -0.000103 -1.000000 0.000000  0.075349 0.627009 1 64 1.000000
0  -2.597176 -24.681150 -4.163396  -0.000103 -1.000000 0.000000  0.075349 0.627009 1 64 1.000000
0  -2.615705 -24.681149 -4.165145  -0.000103 -1.000000 0.000000  0.075349 0.627009 1 64 1.000000
lowpoly_plastic
0  -2.615706 -24.681149 -5.181635  -0.000091 -1.000000 0.000019  0.075349 0.627009 1 64 1.000000
0  -3.044865 -24.681150 -5.749248  0.000050 -1.000000 -0.000038  0.075349 0.627009 1 64 1.000000
0  -3.034454 -24.681149 -5.759870  0.000062 -1.000000 0.000008  0.075349 0.627009 1 64 1.000000
lowpoly_plastic
0  -3.034454 -24.681149 -5.759870  0.000062 -1.000000 0.000008  0.075349 0.627009 1 64 1.000000
0  -2.597176 -24.681150 -5.188523  -0.000092 -1.000000 0.000020  0.075349 0.627009 1 64 1.000000
0  -2.615706 -24.681149 -5.181635  -0.000091 -1.000000 0.000019  0.075349 0.627009 1 64 1.000000
lowpoly_plastic
0  -2.615709 -24.845835 -5.181635  1.000000 0.000012 -0.000000  0.064370 0.664198 1 64 1.000000
0  -2.615708 -24.845835 -4.066411  1.000000 0.000003 -0.000000  0.064370 0.664198 1 64 1.000000
0  -2.615705 -24.928177 -4.165145  1.000000 0.000034 -0.000000  0.064370 0.664198 1 64 1.000000
lowpoly_plastic
0  -2.615708 -24.763493 -5.181635  1.000000 -0.000017 -0.000000  0.064370 0.664198 1 64 1.000000
0  -2.615707 -24.763493 -4.066411  1.000000 -0.000015 -0.000000  0.064370 0.664198 1 64 1.000000
0  -2.615708 -24.845835 -4.066411  1.000000 0.000003 -0.000000  0.064370 0.664198 1 64 1.000000
lowpoly_plastic
0  -3.200460 -24.845831 -5.749250  0.000002 -0.000012 -1.000000  0.064370 0.664198 1 64 1.000000
0  -3.044861 -24.845835 -5.749250  -0.000001 -0.000012 -1.000000  0.064370 0.664198 1 64 1.000000
0  -3.044864 -24.928179 -5.749248  -0.000000 -0.000023 -1.000000  0.064370 0.664198 1 64 1.000000
lowpoly_plastic
0  -3.200468 -24.763487 -5.749250  0.000001 0.000017 -1.000000  0.064370 0.664198 1 64 1.000000
0  -3.044859 -24.763489 -5.749250  -0.000004 0.000013 -1.000000  0.064370 0.664198 1 64 1.000000
0  -3.044861 -24.845835 -5.749250  -0.000001 -0.000012 -1.000000  0.064370 0.664198 1 64 1.000000
lowpoly_plastic
0  -3.044861 -24.845835 -5.749250  0.797674 -0.000028 -0.603089  0.064370 0.664198 1 64 1.000000
0  -2.615709 -24.845835 -5.181635  0.797678 0.000008 -0.603083  0.064370 0.664198 1 64 1.000000
0  -2.615706 -24.928177 -5.181635  0.797682 0.000023 -0.603079  0.064370 0.664198 1 64 1.000000
lowpoly_plastic
0  -3.044859 -24.763489 -5.749250  0.797672 0.000029 -0.603092  0.064370 0.664198 1 64 1.000000
0  -2.615708 -24.763493 -5.181635  0.797673 -0.000013 -0.603091  0.064370 0.664198 1 64 1.000000
0  -2.615709 -24.845835 -5.181635  0.797678 0.000008 -0.603083  0.064370 0.664198 1 64 1.000000
lowpoly_plastic
0  -2.597173 -16.791494 -5.479147  1.000000 -0.000001 -0.000000  0.075349 0.627009 1 64 1.000000
0  -2.597172 -16.791494 -3.872227  1.000000 0.000001 -0.000000  0.075349 0.627009 1 64 1.000000
0  -2.597169 -18.894794 -3.872225  1.000000 -0.000006 -0.000000  0.075349 0.627009 1 64 1.000000
lowpoly_plastic
0  -2.597174 -19.175236 -5.249238  1.000000 -0.000007 -0.000000  0.075349 0.627009 1 64 1.000000
0  -2.597170 -18.894794 -5.479148  1.000000 -0.000004 -0.000000  0.075349 0.627009 1 64 1.000000
0  -2.597169 -18.894794 -3.872225  1.000000 -0.000006 -0.000000  0.075349 0.627009 1 64 1.000000
lowpoly_plastic
0  -2.597169 -26.124836 -3.872225  1.000000 0.000004 -0.000003  0.075349 0.627009 1 64 1.000000
0  -2.597169 -26.124836 -5.188523  1.000000 0.000005 -0.000000  0.075349 0.627009 1 64 1.000000
0  -2.597175 -24.928177 -4.163396  1.000000 0.000003 -0.000006  0.075349 0.627009 1 64 1.000000
lowpoly_plastic
0  -2.597169 -26.124836 -5.188523  1.000000 0.000005 -0.000000  0.075349 0.627009 1 64 1.000000
0  -2.597175 -24.928177 -5.188523  1.000000 0.000005 0.000000  0.075349 0.627009 1 64 1.000000
0  -2.597175 -24.928177 -5.179889  1.000000 0.000005 -0.000000  0.075349 0.627009 1 64 1.000000
lowpoly_plastic
0  -2.597171 -19.463913 -5.188522  1.000000 0.000105 0.000442  0.075349 0.627009 1 64 1.000000
0  -2.597172 -19.455671 -5.188522  1.000000 -0.000040 0.000106  0.075349 0.627009 1 64 1.000000
0  -2.597175 -19.463915 -5.179887  1.000000 -0.000201 0.000107  0.075349 0.627009 1 64 1.000000
lowpoly_plastic
0  -2.597175 -19.463915 -4.163396  1.000000 -0.000281 -0.000002  0.075349 0.627009 1 64 1.000000
0  -2.597175 -19.463915 -5.179887  1.000000 -0.000201 0.000107  0.075349 0.627009 1 64 1.000000
0  -2.597172 -19.455671 -5.188522  1.000000 -0.000040 0.000106  0.075349 0.627009 1 64 1.000000
lowpoly_plastic
0  -2.597175 -19.463915 -4.163396  1.000000 -0.000281 -0.000002  0.075349 0.627009 1 64 1.000000
0  -2.597172 -19.455671 -5.188522  1.000000 -0.000040 0.000106  0.075349 0.627009 1 64 1.000000
0  -2.597172 -19.455671 -3.872225  1.000000 0.000003 -0.000001  0.075349 0.627009 1 64 1.000000
lowpoly_plastic
0  -2.597169 -26.124836 -5.188523  1.000000 0.000005 -0.000000  0.075349 0.627009 1 64 1.000000
0  -2.597175 -24.928177 -5.179889  1.000000 0.000005 -0.000000  0.075349 0.627009 1 64 1.000000
0  -2.597175 -24.928177 -4.163396  1.000000 0.000003 -0.000006  0.075349 0.627009 1 64 1.000000
lowpoly_plastic
0  -2.597169 -26.124836 -3.872225  1.000000 0.000004 -0.000003  0.075349 0.627009 1 64 1.000000
0  -2.597175 -24.928177 -4.163396  1.000000 0.000003 -0.000006  0.075349 0.627009 1 64 1.000000
0  -2.597174 -24.845833 -4.064662  1.000000 -0.000036 -0.000251  0.075349 0.627009 1 64 1.000000
lowpoly_plastic
0  -2.597172 -19.546257 -4.064662  1.000000 0.000012 -0.000005  0.075349 0.627009 1 64 1.000000
0  -2.597175 -19.463915 -4.163396  1.000000 -0.000281 -0.000002  0.075349 0.627009 1 64 1.000000
0  -2.597172 -19.455671 -3.872225  1.000000 0.000003 -0.000001  0.075349 0.627009 1 64 1.000000
lowpoly_plastic
0  -2.597172 -19.628601 -4.064662  1.000000 0.000004 -0.000003  0.075349 0.627009 1 64 1.000000
0  -2.597172 -19.546257 -4.064662  1.000000 0.000012 -0.000005  0.075349 0.627009 1 64 1.000000
0  -2.597172 -19.455671 -3.872225  1.000000 0.000003 -0.000001  0.075349 0.627009 1 64 1.000000
lowpoly_plastic
0  -2.597172 -19.455671 -3.872225  1.000000 0.000003 -0.000001  0.075349 0.627009 1 64 1.000000
0  -2.597169 -26.124836 -3.872225  1.000000 0.000004 -0.000003  0.075349 0.627009 1 64 1.000000
0  -2.597174 -22.866314 -4.064663  1.000000 -0.000002 -0.000008  0.075349 0.627009 1 64 1.000000
lowpoly_plastic
0  -2.597169 -26.124836 -3.872225  1.000000 0.000004 -0.000003  0.075349 0.627009 1 64 1.000000
0  -2.597174 -24.845833 -4.064662  1.000000 -0.000036 -0.000251  0.075349 0.627009 1 64 1.000000
0  -2.597170 -24.763489 -4.064662  1.000000 0.000017 0.000078  0.075349 0.627009 1 64 1.000000
lowpoly_plastic
0  -2.597176 -24.681150 -4.163396  1.000000 0.000002 -0.000016  0.075349 0.627009 1 64 1.000000
0  -2.597176 -24.681150 -5.179889  1.000000 -0.000017 -0.000000  0.075349 0.627009 1 64 1.000000
0  -2.597172 -24.453882 -4.163396  1.000000 -0.000016 0.000042  0.075349 0.627009 1 64 1.000000
lowpoly_plastic
0  -2.597176 -24.681150 -5.188523  1.000000 -0.000017 0.000000  0.075349 0.627009 1 64 1.000000
0  -2.597172 -24.453882 -5.188523  1.000000 -0.000015 0.000000  0.075349 0.627009 1 64 1.000000
0  -2.597172 -24.453882 -5.179889  1.000000 -0.000016 -0.000000  0.075349 0.627009 1 64 1.000000
lowpoly_plastic
0  -2.597176 -24.681150 -5.188523  1.000000 -0.000017 0.000000  0.075349 0.627009 1 64 1.000000
0  -2.597172 -24.453882 -5.179889  1.000000 -0.000016 -0.000000  0.075349 0.627009 1 64 1.000000
0  -2.597176 -24.681150 -5.179889  1.000000 -0.000017 -0.000000  0.075349 0.627009 1 64 1.000000
lowpoly_plastic
0  -2.597176 -24.681150 -5.179889  1.000000 -0.000017 -0.000000  0.075349 0.627009 1 64 1.000000
0  -2.597172 -24.453882 -5.179889  1.000000 -0.000016 -0.000000  0.075349 0.627009 1 64 1.000000
0  -2.597172 -24.453882 -4.163396  1.000000 -0.000016 0.000042  0.075349 0.627009 1 64 1.000000
lowpoly_plastic
0  -2.597176 -24.681150 -4.163396  1.000000 0.000002 -0.000016  0.075349 0.627009 1 64 1.000000
0  -2.597172 -24.453882 -4.163396  1.000000 -0.000016 0.000042  0.075349 0.627009 1 64 1.000000
0  -2.597178 -24.371540 -4.064662  1.000000 -0.000051 -0.000501  0.075349 0.627009 1 64 1.000000
lowpoly_plastic
0  -2.597170 -19.938210 -5.188522  1.000000 -0.000013 0.000539  0.075349 0.627009 1 64 1.000000
0  -2.597172 -19.710947 -5.188522  1.000000 0.000008 0.000000  0.075349 0.627009 1 64 1.000000
0  -2.597172 -19.710947 -5.179887  1.000000 -0.000003 0.000006  0.075349 0.627009 1 64 1.000000
lowpoly_plastic
0  -2.597175 -19.938213 -4.163396  1.000000 -0.000013 -0.000035  0.075349 0.627009 1 64 1.000000
0  -2.597175 -19.938213 -5.179887  1.000000 -0.000013 0.000276  0.075349 0.627009 1 64 1.000000
0  -2.597172 -19.710947 -5.179887  1.000000 -0.000003 0.000006  0.075349 0.627009 1 64 1.000000
lowpoly_plastic
0  -2.597175 -19.938213 -5.179887  1.000000 -0.000013 0.000276  0.075349 0.627009 1 64 1.000000
0  -2.597170 -19.938210 -5.188522  1.000000 -0.000013 0.000539  0.075349 0.627009 1 64 1.000000
0  -2.597172 -19.710947 -5.179887  1.000000 -0.000003 0.000006  0.075349 0.627009 1 64 1.000000
lowpoly_plastic
0  -2.597175 -19.938213 -4.163396  1.000000 -0.000013 -0.000035  0.075349 0.627009 1 64 1.000000
0  -2.597172 -19.710947 -5.179887  1.000000 -0.000003 0.000006  0.075349 0.627009 1 64 1.000000
0  -2.597172 -19.710947 -4.163396  1.000000 -0.000004 -0.000007  0.075349 0.627009 1 64 1.000000
lowpoly_plastic
0  -2.597170 -20.020554 -4.064662  1.000000 -0.000017 0.000046  0.075349 0.627009 1 64 1.000000
0  -2.597175 -19.938213 -4.163396  1.000000 -0.000013 -0.000035  0.075349 0.627009 1 64 1.000000
0  -2.597172 -19.710947 -4.163396  1.000000 -0.000004 -0.000007  0.075349 0.627009 1 64 1.000000
lowpoly_plastic
0  -2.597170 -20.020554 -4.064662  1.000000 -0.000017 0.000046  0.075349 0.627009 1 64 1.000000
0  -2.597172 -19.710947 -4.163396  1.000000 -0.000004 -0.000007  0.075349 0.627009 1 64 1.000000
0  -2.597172 -19.628601 -4.064662  1.000000 0.000004 -0.000003  0.075349 0.627009 1 64 1.000000
lowpoly_plastic
0  -2.597172 -20.102898 -4.064662  1.000000 -0.000006 0.000016  0.075349 0.627009 1 64 1.000000
0  -2.597170 -20.020554 -4.064662  1.000000 -0.000017 0.000046  0.075349 0.627009 1 64 1.000000
0  -2.597172 -19.455671 -3.872225  1.000000 0.000003 -0.000001  0.075349 0.627009 1 64 1.000000
lowpoly_plastic
0  -2.597170 -24.763489 -4.064662  1.000000 0.000017 0.000078  0.075349 0.627009 1 64 1.000000
0  -2.597176 -24.681150 -4.163396  1.000000 0.000002 -0.000016  0.075349 0.627009 1 64 1.000000
0  -2.597178 -24.371540 -4.064662  1.000000 -0.000051 -0.000501  0.075349 0.627009 1 64 1.000000
lowpoly_plastic
0  -2.597169 -26.124836 -3.872225  1.000000 0.000004 -0.000003  0.075349 0.627009 1 64 1.000000
0  -2.597170 -24.763489 -4.064662  1.000000 0.000017 0.000078  0.075349 0.627009 1 64 1.000000
0  -2.597178 -24.371540 -4.064662  1.000000 -0.000051 -0.000501  0.075349 0.627009 1 64 1.000000
lowpoly_plastic
0  -2.597170 -20.020554 -4.064662  1.000000 -0.000017 0.000046  0.075349 0.627009 1 64 1.000000
0  -2.597172 -19.628601 -4.064662  1.000000 0.000004 -0.000003  0.075349 0.627009 1 64 1.000000
0  -2.597172 -19.455671 -3.872225  1.000000 0.000003 -0.000001  0.075349 0.627009 1 64 1.000000
lowpoly_plastic
0  -2.597169 -26.124836 -3.872225  1.000000 0.000004 -0.000003  0.075349 0.627009 1 64 1.000000
0  -2.597178 -24.371540 -4.064662  1.000000 -0.000051 -0.000501  0.075349 0.627009 1 64 1.000000
0  -2.597172 -24.289202 -4.064662  1.000000 0.000001 -0.000007  0.075349 0.627009 1 64 1.000000
lowpoly_plastic
0  -2.597170 -24.206856 -4.163396  1.000000 0.000012 0.000008  0.075349 0.627009 1 64 1.000000
0  -2.597170 -24.206856 -5.179889  1.000000 0.000003 -0.000264  0.075349 0.627009 1 64 1.000000
0  -2.597175 -23.979593 -5.179888  1.000000 0.000021 0.000221  0.075349 0.627009 1 64 1.000000
lowpoly_plastic
0  -2.597170 -20.412506 -5.188522  1.000000 0.000011 0.000003  0.075349 0.627009 1 64 1.000000
0  -2.597172 -20.185234 -5.188522  1.000000 0.000009 0.000110  0.075349 0.627009 1 64 1.000000
0  -2.597173 -20.185242 -5.179887  1.000000 0.000011 0.000054  0.075349 0.627009 1 64 1.000000
lowpoly_plastic
0  -2.597170 -20.412506 -4.163396  1.000000 0.000013 0.000029  0.075349 0.627009 1 64 1.000000
0  -2.597170 -20.412506 -5.179887  1.000000 0.000012 -0.000000  0.075349 0.627009 1 64 1.000000
0  -2.597173 -20.185242 -5.179887  1.000000 0.000011 0.000054  0.075349 0.627009 1 64 1.000000
lowpoly_plastic
0  -2.597170 -20.412506 -5.179887  1.000000 0.000012 -0.000000  0.075349 0.627009 1 64 1.000000
0  -2.597170 -20.412506 -5.188522  1.000000 0.000011 0.000003  0.075349 0.627009 1 64 1.000000
0  -2.597173 -20.185242 -5.179887  1.000000 0.000011 0.000054  0.075349 0.627009 1 64 1.000000
lowpoly_plastic
0  -2.597170 -20.412506 -4.163396  1.000000 0.000013 0.000029  0.075349 0.627009 1 64 1.000000
0  -2.597173 -20.185242 -5.179887  1.000000 0.000011 0.000054  0.075349 0.627009 1 64 1.000000
0  -2.597173 -20.185242 -4.163396  1.000000 0.000004 0.000001  0.075349 0.627009 1 64 1.000000
lowpoly_plastic
0  -2.597174 -20.494850 -4.064662  1.000000 0.000001 -0.000000  0.075349 0.627009 1 64 1.000000
0  -2.597170 -20.412506 -4.163396  1.000000 0.000013 0.000029  0.075349 0.627009 1 64 1.000000
0  -2.597173 -20.185242 -4.163396  1.000000 0.000004 0.000001  0.075349 0.627009 1 64 1.000000
lowpoly_plastic
0  -2.597174 -20.494850 -4.064662  1.000000 0.000001 -0.000000  0.075349 0.627009 1 64 1.000000
0  -2.597173 -20.185242 -4.163396  1.000000 0.000004 0.000001  0.075349 0.627009 1 64 1.000000
0  -2.597172 -20.102898 -4.064662  1.000000 -0.000006 0.000016  0.075349 0.627009 1 64 1.000000
lowpoly_plastic
0  -2.597174 -20.494850 -4.064662  1.000000 0.000001 -0.000000  0.075349 0.627009 1 64 1.000000
0  -2.597172 -20.102898 -4.064662  1.000000 -0.000006 0.000016  0.075349 0.627009 1 64 1.000000
0  -2.597172 -19.455671 -3.872225  1.000000 0.000003 -0.000001  0.075349 0.627009 1 64 1.000000
lowpoly_plastic
0  -2.597170 -24.206856 -5.179889  1.000000 0.000003 -0.000264  0.075349 0.627009 1 64 1.000000
0  -2.597175 -24.206850 -5.188523  1.000000 -0.000017 -0.000552  0.075349 0.627009 1 64 1.000000
0  -2.597171 -23.979588 -5.188523  1.000000 0.000020 0.000418  0.075349 0.627009 1 64 1.000000
lowpoly_plastic
0  -2.597170 -24.206856 -5.179889  1.000000 0.000003 -0.000264  0.075349 0.627009 1 64 1.000000
0  -2.597171 -23.979588 -5.188523  1.000000 0.000020 0.000418  0.075349 0.627009 1 64 1.000000
0  -2.597175 -23.979593 -5.179888  1.000000 0.000021 0.000221  0.075349 0.627009 1 64 1.000000
lowpoly_plastic
0  -2.597174 -20.577194 -4.064662  1.000000 -0.000009 0.000047  0.075349 0.627009 1 64 1.000000
0  -2.597174 -20.494850 -4.064662  1.000000 0.000001 -0.000000  0.075349 0.627009 1 64 1.000000
0  -2.597172 -19.455671 -3.872225  1.000000 0.000003 -0.000001  0.075349 0.627009 1 64 1.000000
lowpoly_plastic
0  -2.597170 -24.206856 -4.163396  1.000000 0.000012 0.000008  0.075349 0.627009 1 64 1.000000
0  -2.597175 -23.979593 -5.179888  1.000000 0.000021 0.000221  0.075349 0.627009 1 64 1.000000
0  -2.597175 -23.979593 -4.163395  1.000000 0.000021 -0.000022  0.075349 0.627009 1 64 1.000000
lowpoly_plastic
0  -2.597170 -24.206856 -4.163396  1.000000 0.000012 0.000008  0.075349 0.627009 1 64 1.000000
0  -2.597175 -23.979593 -4.163395  1.000000 0.000021 -0.000022  0.075349 0.627009 1 64 1.000000
0  -2.597173 -23.897249 -4.064662  1.000000 -0.000017 -0.000222  0.075349 0.627009 1 64 1.000000
lowpoly_plastic
0  -2.597176 -20.886795 -5.188523  1.000000 -0.000008 -0.000550  0.075349 0.627009 1 64 1.000000
0  -2.597173 -20.659529 -5.188523  1.000000 -0.000013 -0.000442  0.075349 0.627009 1 64 1.000000
0  -2.597169 -20.659534 -5.179888  1.000000 -0.000011 -0.000223  0.075349 0.627009 1 64 1.000000
lowpoly_plastic
0  -2.597171 -20.886803 -4.163397  1.000000 -0.000008 0.000036  0.075349 0.627009 1 64 1.000000
0  -2.597171 -20.886803 -5.179888  1.000000 -0.000008 -0.000276  0.075349 0.627009 1 64 1.000000
0  -2.597169 -20.659534 -5.179888  1.000000 -0.000011 -0.000223  0.075349 0.627009 1 64 1.000000
lowpoly_plastic
0  -2.597171 -20.886803 -5.179888  1.000000 -0.000008 -0.000276  0.075349 0.627009 1 64 1.000000
0  -2.597176 -20.886795 -5.188523  1.000000 -0.000008 -0.000550  0.075349 0.627009 1 64 1.000000
0  -2.597169 -20.659534 -5.179888  1.000000 -0.000011 -0.000223  0.075349 0.627009 1 64 1.000000
lowpoly_plastic
0  -2.597171 -20.886803 -4.163397  1.000000 -0.000008 0.000036  0.075349 0.627009 1 64 1.000000
0  -2.597169 -20.659534 -5.179888  1.000000 -0.000011 -0.000223  0.075349 0.627009 1 64 1.000000
0  -2.597169 -20.659534 -4.163397  1.000000 -0.000009 0.000033  0.075349 0.627009 1 64 1.000000
lowpoly_plastic
0  -2.597178 -20.969139 -4.064663  1.000000 0.000040 -0.000350  0.075349 0.627009 1 64 1.000000
0  -2.597171 -20.886803 -4.163397  1.000000 -0.000008 0.000036  0.075349 0.627009 1 64 1.000000
0  -2.597169 -20.659534 -4.163397  1.000000 -0.000009 0.000033  0.075349 0.627009 1 64 1.000000
lowpoly_plastic
0  -2.597178 -20.969139 -4.064663  1.000000 0.000040 -0.000350  0.075349 0.627009 1 64 1.000000
0  -2.597169 -20.659534 -4.163397  1.000000 -0.000009 0.000033  0.075349 0.627009 1 64 1.000000
0  -2.597174 -20.577194 -4.064662  1.000000 -0.000009 0.000047  0.075349 0.627009 1 64 1.000000
lowpoly_plastic
0  -2.597178 -20.969139 -4.064663  1.000000 0.000040 -0.000350  0.075349 0.627009 1 64 1.000000
0  -2.597174 -20.577194 -4.064662  1.000000 -0.000009 0.000047  0.075349 0.627009 1 64 1.000000
0  -2.597172 -19.455671 -3.872225  1.000000 0.000003 -0.000001  0.075349 0.627009 1 64 1.000000
lowpoly_plastic
0  -2.597172 -24.289202 -4.064662  1.000000 0.000001 -0.000007  0.075349 0.627009 1 64 1.000000
0  -2.597170 -24.206856 -4.163396  1.000000 0.000012 0.000008  0.075349 0.627009 1 64 1.000000
0  -2.597173 -23.897249 -4.064662  1.000000 -0.000017 -0.000222  0.075349 0.627009 1 64 1.000000
lowpoly_plastic
0  -2.597172 -24.289202 -4.064662  1.000000 0.000001 -0.000007  0.075349 0.627009 1 64 1.000000
0  -2.597173 -23.897249 -4.064662  1.000000 -0.000017 -0.000222  0.075349 0.627009 1 64 1.000000
0  -2.597169 -26.124836 -3.872225  1.000000 0.000004 -0.000003  0.075349 0.627009 1 64 1.000000
lowpoly_plastic
0  -2.597173 -21.051483 -4.064663  1.000000 0.000004 -0.000038  0.075349 0.627009 1 64 1.000000
0  -2.597178 -20.969139 -4.064663  1.000000 0.000040 -0.000350  0.075349 0.627009 1 64 1.000000
0  -2.597172 -19.455671 -3.872225  1.000000 0.000003 -0.000001  0.075349 0.627009 1 64 1.000000
lowpoly_plastic
0  -2.597169 -26.124836 -3.872225  1.000000 0.000004 -0.000003  0.075349 0.627009 1 64 1.000000
0  -2.597173 -23.897249 -4.064662  1.000000 -0.000017 -0.000222  0.075349 0.627009 1 64 1.000000
0  -2.597171 -23.814907 -4.064662  1.000000 -0.000003 -0.000045  0.075349 0.627009 1 64 1.000000
lowpoly_plastic
0  -2.597175 -23.732565 -4.163395  1.000000 -0.000005 -0.000023  0.075349 0.627009 1 64 1.000000
0  -2.597175 -23.732565 -5.179888  1.000000 0.000004 0.000323  0.075349 0.627009 1 64 1.000000
0  -2.597173 -23.505299 -5.179888  1.000000 -0.000008 -0.000000  0.075349 0.627009 1 64 1.000000
lowpoly_plastic
0  -2.597171 -21.361090 -5.188523  1.000000 0.000017 0.000000  0.075349 0.627009 1 64 1.000000
0  -2.597175 -21.133827 -5.188523  1.000000 0.000017 0.000000  0.075349 0.627009 1 64 1.000000
0  -2.597175 -21.133827 -5.179888  1.000000 0.000017 -0.000000  0.075349 0.627009 1 64 1.000000
lowpoly_plastic
0  -2.597171 -21.361090 -4.163397  1.000000 0.000016 0.000014  0.075349 0.627009 1 64 1.000000
0  -2.597171 -21.361090 -5.179888  1.000000 0.000017 -0.000000  0.075349 0.627009 1 64 1.000000
0  -2.597175 -21.133827 -5.179888  1.000000 0.000017 -0.000000  0.075349 0.627009 1 64 1.000000
lowpoly_plastic
0  -2.597171 -21.361090 -5.179888  1.000000 0.000017 -0.000000  0.075349 0.627009 1 64 1.000000
0  -2.597171 -21.361090 -5.188523  1.000000 0.000017 0.000000  0.075349 0.627009 1 64 1.000000
0  -2.597175 -21.133827 -5.179888  1.000000 0.000017 -0.000000  0.075349 0.627009 1 64 1.000000
lowpoly_plastic
0  -2.597171 -21.361090 -4.163397  1.000000 0.000016 0.000014  0.075349 0.627009 1 64 1.000000
0  -2.597175 -21.133827 -5.179888  1.000000 0.000017 -0.000000  0.075349 0.627009 1 64 1.000000
0  -2.597175 -21.133827 -4.163397  1.000000 0.000010 -0.000009  0.075349 0.627009 1 64 1.000000
lowpoly_plastic
0  -2.597172 -21.443434 -4.064663  1.000000 -0.000015 0.000182  0.075349 0.627009 1 64 1.000000
0  -2.597171 -21.361090 -4.163397  1.000000 0.000016 0.000014  0.075349 0.627009 1 64 1.000000
0  -2.597175 -21.133827 -4.163397  1.000000 0.000010 -0.000009  0.075349 0.627009 1 64 1.000000
lowpoly_plastic
0  -2.597172 -21.443434 -4.064663  1.000000 -0.000015 0.000182  0.075349 0.627009 1 64 1.000000
0  -2.597175 -21.133827 -4.163397  1.000000 0.000010 -0.000009  0.075349 0.627009 1 64 1.000000
0  -2.597173 -21.051483 -4.064663  1.000000 0.000004 -0.000038  0.075349 0.627009 1 64 1.000000
lowpoly_plastic
0  -2.597172 -21.443434 -4.064663  1.000000 -0.000015 0.000182  0.075349 0.627009 1 64 1.000000
0  -2.597173 -21.051483 -4.064663  1.000000 0.000004 -0.000038  0.075349 0.627009 1 64 1.000000
0  -2.597172 -19.455671 -3.872225  1.000000 0.000003 -0.000001  0.075349 0.627009 1 64 1.000000
lowpoly_plastic
0  -2.597175 -23.732565 -5.179888  1.000000 0.000004 0.000323  0.075349 0.627009 1 64 1.000000
0  -2.597169 -23.732561 -5.188523  1.000000 0.000017 0.000663  0.075349 0.627009 1 64 1.000000
0  -2.597173 -23.505299 -5.188523  1.000000 -0.000007 0.000016  0.075349 0.627009 1 64 1.000000
lowpoly_plastic
0  -2.597175 -23.732565 -5.179888  1.000000 0.000004 0.000323  0.075349 0.627009 1 64 1.000000
0  -2.597173 -23.505299 -5.188523  1.000000 -0.000007 0.000016  0.075349 0.627009 1 64 1.000000
0  -2.597173 -23.505299 -5.179888  1.000000 -0.000008 -0.000000  0.075349 0.627009 1 64 1.000000
lowpoly_plastic
0  -2.597174 -21.525780 -4.064663  1.000000 -0.000003 0.000029  0.075349 0.627009 1 64 1.000000
0  -2.597172 -21.443434 -4.064663  1.000000 -0.000015 0.000182  0.075349 0.627009 1 64 1.000000
0  -2.597172 -19.455671 -3.872225  1.000000 0.000003 -0.000001  0.075349 0.627009 1 64 1.000000
lowpoly_plastic
0  -2.597175 -23.732565 -4.163395  1.000000 -0.000005 -0.000023  0.075349 0.627009 1 64 1.000000
0  -2.597173 -23.505299 -5.179888  1.000000 -0.000008 -0.000000  0.075349 0.627009 1 64 1.000000
0  -2.597173 -23.505299 -4.163397  1.000000 -0.000008 -0.000013  0.075349 0.627009 1 64 1.000000
lowpoly_plastic
0  -2.597175 -23.732565 -4.163395  1.000000 -0.000005 -0.000023  0.075349 0.627009 1 64 1.000000
0  -2.597173 -23.505299 -4.163397  1.000000 -0.000008 -0.000013  0.075349 0.627009 1 64 1.000000
0  -2.597170 -23.422953 -4.064662  1.000000 0.000045 0.000611  0.075349 0.627009 1 64 1.000000
lowpoly_plastic
0  -2.597173 -21.835388 -5.188523  1.000000 -0.000017 0.000000  0.075349 0.627009 1 64 1.000000
0  -2.597169 -21.608120 -5.188523  1.000000 -0.000017 0.000000  0.075349 0.627009 1 64 1.000000
0  -2.597169 -21.608120 -5.179888  1.000000 -0.000017 -0.000000  0.075349 0.627009 1 64 1.000000
lowpoly_plastic
0  -2.597173 -21.835388 -4.163397  1.000000 -0.000018 0.000003  0.075349 0.627009 1 64 1.000000
0  -2.597173 -21.835388 -5.179888  1.000000 -0.000017 -0.000000  0.075349 0.627009 1 64 1.000000
0  -2.597169 -21.608120 -5.179888  1.000000 -0.000017 -0.000000  0.075349 0.627009 1 64 1.000000
lowpoly_plastic
0  -2.597173 -21.835388 -5.179888  1.000000 -0.000017 -0.000000  0.075349 0.627009 1 64 1.000000
0  -2.597173 -21.835388 -5.188523  1.000000 -0.000017 0.000000  0.075349 0.627009 1 64 1.000000
0  -2.597169 -21.608120 -5.179888  1.000000 -0.000017 -0.000000  0.075349 0.627009 1 64 1.000000
lowpoly_plastic
0  -2.597173 -21.835388 -4.163397  1.000000 -0.000018 0.000003  0.075349 0.627009 1 64 1.000000
0  -2.597169 -21.608120 -5.179888  1.000000 -0.000017 -0.000000  0.075349 0.627009 1 64 1.000000
0  -2.597169 -21.608120 -4.163397  1.000000 -0.000009 0.000026  0.075349 0.627009 1 64 1.000000
lowpoly_plastic
0  -2.597175 -21.917732 -4.064663  1.000000 0.000049 -0.000684  0.075349 0.627009 1 64 1.000000
0  -2.597173 -21.835388 -4.163397  1.000000 -0.000018 0.000003  0.075349 0.627009 1 64 1.000000
0  -2.597169 -21.608120 -4.163397  1.000000 -0.000009 0.000026  0.075349 0.627009 1 64 1.000000
lowpoly_plastic
0  -2.597175 -21.917732 -4.064663  1.000000 0.000049 -0.000684  0.075349 0.627009 1 64 1.000000
0  -2.597169 -21.608120 -4.163397  1.000000 -0.000009 0.000026  0.075349 0.627009 1 64 1.000000
0  -2.597174 -21.525780 -4.064663  1.000000 -0.000003 0.000029  0.075349 0.627009 1 64 1.000000
lowpoly_plastic
0  -2.597175 -21.917732 -4.064663  1.000000 0.000049 -0.000684  0.075349 0.627009 1 64 1.000000
0  -2.597174 -21.525780 -4.064663  1.000000 -0.000003 0.000029  0.075349 0.627009 1 64 1.000000
0  -2.597172 -19.455671 -3.872225  1.000000 0.000003 -0.000001  0.075349 0.627009 1 64 1.000000
lowpoly_plastic
0  -2.597171 -23.814907 -4.064662  1.000000 -0.000003 -0.000045  0.075349 0.627009 1 64 1.000000
0  -2.597175 -23.732565 -4.163395  1.000000 -0.000005 -0.000023  0.075349 0.627009 1 64 1.000000
0  -2.597170 -23.422953 -4.064662  1.000000 0.000045 0.000611  0.075349 0.627009 1 64 1.000000
lowpoly_plastic
0  -2.597169 -26.124836 -3.872225  1.000000 0.000004 -0.000003  0.075349 0.627009 1 64 1.000000
0  -2.597171 -23.814907 -4.064662  1.000000 -0.000003 -0.000045  0.075349 0.627009 1 64 1.000000
0  -2.597170 -23.422953 -4.064662  1.000000 0.000045 0.000611  0.075349 0.627009 1 64 1.000000
lowpoly_plastic
0  -2.597169 -22.000071 -4.064663  1.000000 -0.000004 0.000038  0.075349 0.627009 1 64 1.000000
0  -2.597175 -21.917732 -4.064663  1.000000 0.000049 -0.000684  0.075349 0.627009 1 64 1.000000
0  -2.597172 -19.455671 -3.872225  1.000000 0.000003 -0.000001  0.075349 0.627009 1 64 1.000000
lowpoly_plastic
0  -2.597169 -26.124836 -3.872225  1.000000 0.000004 -0.000003  0.075349 0.627009 1 64 1.000000
0  -2.597170 -23.422953 -4.064662  1.000000 0.000045 0.000611  0.075349 0.627009 1 64 1.000000
0  -2.597175 -23.340614 -4.064662  1.000000 0.000003 0.000016  0.075349 0.627009 1 64 1.000000
lowpoly_plastic
0  -2.597176 -23.258266 -4.163397  1.000000 -0.000007 0.000000  0.075349 0.627009 1 64 1.000000
0  -2.597176 -23.258266 -5.179888  1.000000 -0.000017 -0.000000  0.075349 0.627009 1 64 1.000000
0  -2.597172 -23.030998 -5.179888  1.000000 -0.000017 -0.000000  0.075349 0.627009 1 64 1.000000
lowpoly_plastic
0  -2.597174 -22.309683 -5.188523  1.000000 -0.000007 -0.000011  0.075349 0.627009 1 64 1.000000
0  -2.597176 -22.082411 -5.188523  1.000000 0.000008 -0.000442  0.075349 0.627009 1 64 1.000000
0  -2.597172 -22.082417 -5.179888  1.000000 -0.000001 -0.000216  0.075349 0.627009 1 64 1.000000
lowpoly_plastic
0  -2.597174 -22.309683 -4.163397  1.000000 -0.000007 -0.000019  0.075349 0.627009 1 64 1.000000
0  -2.597174 -22.309683 -5.179888  1.000000 -0.000008 -0.000000  0.075349 0.627009 1 64 1.000000
0  -2.597172 -22.082417 -4.163397  1.000000 -0.000010 -0.000013  0.075349 0.627009 1 64 1.000000
lowpoly_plastic
0  -2.597174 -22.309683 -5.188523  1.000000 -0.000007 -0.000011  0.075349 0.627009 1 64 1.000000
0  -2.597172 -22.082417 -5.179888  1.000000 -0.000001 -0.000216  0.075349 0.627009 1 64 1.000000
0  -2.597174 -22.309683 -5.179888  1.000000 -0.000008 -0.000000  0.075349 0.627009 1 64 1.000000
lowpoly_plastic
0  -2.597174 -22.309683 -5.179888  1.000000 -0.000008 -0.000000  0.075349 0.627009 1 64 1.000000
0  -2.597172 -22.082417 -5.179888  1.000000 -0.000001 -0.000216  0.075349 0.627009 1 64 1.000000
0  -2.597172 -22.082417 -4.163397  1.000000 -0.000010 -0.000013  0.075349 0.627009 1 64 1.000000
lowpoly_plastic
0  -2.597171 -22.392025 -4.064663  1.000000 0.000008 -0.000137  0.075349 0.627009 1 64 1.000000
0  -2.597174 -22.309683 -4.163397  1.000000 -0.000007 -0.000019  0.075349 0.627009 1 64 1.000000
0  -2.597169 -22.000071 -4.064663  1.000000 -0.000004 0.000038  0.075349 0.627009 1 64 1.000000
lowpoly_plastic
0  -2.597174 -22.309683 -4.163397  1.000000 -0.000007 -0.000019  0.075349 0.627009 1 64 1.000000
0  -2.597172 -22.082417 -4.163397  1.000000 -0.000010 -0.000013  0.075349 0.627009 1 64 1.000000
0  -2.597169 -22.000071 -4.064663  1.000000 -0.000004 0.000038  0.075349 0.627009 1 64 1.000000
lowpoly_plastic
0  -2.597171 -22.392025 -4.064663  1.000000 0.000008 -0.000137  0.075349 0.627009 1 64 1.000000
0  -2.597169 -22.000071 -4.064663  1.000000 -0.000004 0.000038  0.075349 0.627009 1 64 1.000000
0  -2.597172 -19.455671 -3.872225  1.000000 0.000003 -0.000001  0.075349 0.627009 1 64 1.000000
lowpoly_plastic
0  -2.597176 -23.258266 -5.179888  1.000000 -0.000017 -0.000000  0.075349 0.627009 1 64 1.000000
0  -2.597176 -23.258266 -5.188523  1.000000 -0.000017 0.000000  0.075349 0.627009 1 64 1.000000
0  -2.597172 -23.030998 -5.188523  1.000000 -0.000017 0.000000  0.075349 0.627009 1 64 1.000000
lowpoly_plastic
0  -2.597176 -23.258266 -5.179888  1.000000 -0.000017 -0.000000  0.075349 0.627009 1 64 1.000000
0  -2.597172 -23.030998 -5.188523  1.000000 -0.000017 0.000000  0.075349 0.627009 1 64 1.000000
0  -2.597172 -23.030998 -5.179888  1.000000 -0.000017 -0.000000  0.075349 0.627009 1 64 1.000000
lowpoly_plastic
0  -2.597170 -22.474371 -4.064663  1.000000 -0.000004 0.000113  0.075349 0.627009 1 64 1.000000
0  -2.597171 -22.392025 -4.064663  1.000000 0.000008 -0.000137  0.075349 0.627009 1 64 1.000000
0  -2.597172 -19.455671 -3.872225  1.000000 0.000003 -0.000001  0.075349 0.627009 1 64 1.000000
lowpoly_plastic
0  -2.597176 -23.258266 -4.163397  1.000000 -0.000007 0.000000  0.075349 0.627009 1 64 1.000000
0  -2.597172 -23.030998 -5.179888  1.000000 -0.000017 -0.000000  0.075349 0.627009 1 64 1.000000
0  -2.597172 -23.030998 -4.163397  1.000000 -0.000016 0.000031  0.075349 0.627009 1 64 1.000000
lowpoly_plastic
0  -2.597176 -23.258266 -4.163397  1.000000 -0.000007 0.000000  0.075349 0.627009 1 64 1.000000
0  -2.597172 -23.030998 -4.163397  1.000000 -0.000016 0.000031  0.075349 0.627009 1 64 1.000000
0  -2.597176 -22.948658 -4.064662  1.000000 -0.000019 -0.000313  0.075349 0.627009 1 64 1.000000
lowpoly_plastic
0  -2.597173 -22.783970 -5.188523  1.000000 0.000028 -0.000431  0.075349 0.627009 1 64 1.000000
0  -2.597176 -22.556707 -5.188523  1.000000 0.000013 0.000000  0.075349 0.627009 1 64 1.000000
0  -2.597176 -22.556707 -5.179888  1.000000 0.000021 -0.000006  0.075349 0.627009 1 64 1.000000
lowpoly_plastic
0  -2.597169 -22.783978 -4.163397  1.000000 0.000009 0.000014  0.075349 0.627009 1 64 1.000000
0  -2.597169 -22.783978 -5.179888  1.000000 0.000029 -0.000221  0.075349 0.627009 1 64 1.000000
0  -2.597176 -22.556707 -5.179888  1.000000 0.000021 -0.000006  0.075349 0.627009 1 64 1.000000
lowpoly_plastic
0  -2.597169 -22.783978 -5.179888  1.000000 0.000029 -0.000221  0.075349 0.627009 1 64 1.000000
0  -2.597173 -22.783970 -5.188523  1.000000 0.000028 -0.000431  0.075349 0.627009 1 64 1.000000
0  -2.597176 -22.556707 -5.179888  1.000000 0.000021 -0.000006  0.075349 0.627009 1 64 1.000000
lowpoly_plastic
0  -2.597169 -22.783978 -4.163397  1.000000 0.000009 0.000014  0.075349 0.627009 1 64 1.000000
0  -2.597176 -22.556707 -5.179888  1.000000 0.000021 -0.000006  0.075349 0.627009 1 64 1.000000
0  -2.597176 -22.556707 -4.163397  1.000000 0.000029 -0.000049  0.075349 0.627009 1 64 1.000000
lowpoly_plastic
0  -2.597174 -22.866314 -4.064663  1.000000 -0.000002 -0.000008  0.075349 0.627009 1 64 1.000000
0  -2.597169 -22.783978 -4.163397  1.000000 0.000009 0.000014  0.075349 0.627009 1 64 1.000000
0  -2.597170 -22.474371 -4.064663  1.000000 -0.000004 0.000113  0.075349 0.627009 1 64 1.000000
lowpoly_plastic
0  -2.597169 -22.783978 -4.163397  1.000000 0.000009 0.000014  0.075349 0.627009 1 64 1.000000
0  -2.597176 -22.556707 -4.163397  1.000000 0.000029 -0.000049  0.075349 0.627009 1 64 1.000000
0  -2.597170 -22.474371 -4.064663  1.000000 -0.000004 0.000113  0.075349 0.627009 1 64 1.000000
lowpoly_plastic
0  -2.597175 -23.340614 -4.064662  1.000000 0.000003 0.000016  0.075349 0.627009 1 64 1.000000
0  -2.597176 -23.258266 -4.163397  1.000000 -0.000007 0.000000  0.075349 0.627009 1 64 1.000000
0  -2.597176 -22.948658 -4.064662  1.000000 -0.000019 -0.000313  0.075349 0.627009 1 64 1.000000
lowpoly_plastic
0  -2.597174 -22.866314 -4.064663  1.000000 -0.000002 -0.000008  0.075349 0.627009 1 64 1.000000
0  -2.597170 -22.474371 -4.064663  1.000000 -0.000004 0.000113  0.075349 0.627009 1 64 1.000000
0  -2.597172 -19.455671 -3.872225  1.000000 0.000003 -0.000001  0.075349 0.627009 1 64 1.000000
lowpoly_plastic
0  -2.597175 -23.340614 -4.064662  1.000000 0.000003 0.000016  0.075349 0.627009 1 64 1.000000
0  -2.597176 -22.948658 -4.064662  1.000000 -0.000019 -0.000313  0.075349 0.627009 1 64 1.000000
0  -2.597169 -26.124836 -3.872225  1.000000 0.000004 -0.000003  0.075349 0.627009 1 64 1.000000
lowpoly_plastic
0  -3.373454 -26.124836 -3.872225  0.000003 -1.000000 -0.000000  0.075349 0.627009 1 64 1.000000
0  -3.373455 -26.124834 -5.774664  0.000001 -1.000000 -0.000008  0.075349 0.627009 1 64 1.000000
0  -2.597169 -26.124836 -5.188523  -0.000000 -1.000000 -0.000004  0.075349 0.627009 1 64 1.000000
lowpoly_plastic
0  -3.045782 -26.124830 -5.774664  0.000012 -1.000000 -0.000040  0.075349 0.627009 1 64 1.000000
0  -2.597169 -26.124836 -5.188523  -0.000000 -1.000000 -0.000004  0.075349 0.627009 1 64 1.000000
0  -3.373455 -26.124834 -5.774664  0.000001 -1.000000 -0.000008  0.075349 0.627009 1 64 1.000000
lowpoly_plastic
0  -2.789679 -26.124830 -3.872225  -0.000008 -1.000000 0.000003  0.075349 0.627009 1 64 1.000000
0  -3.373454 -26.124836 -3.872225  0.000003 -1.000000 -0.000000  0.075349 0.627009 1 64 1.000000
0  -2.597169 -26.124836 -5.188523  -0.000000 -1.000000 -0.000004  0.075349 0.627009 1 64 1.000000
lowpoly_plastic
0  -2.597169 -18.894794 -3.872225  0.000002 0.000000 1.000000  0.075349 0.627009 1 64 1.000000
0  -2.597172 -16.791494 -3.872227  -0.000001 0.000001 1.000000  0.075349 0.627009 1 64 1.000000
0  -2.789675 -16.791492 -3.872227  -0.000001 0.000001 1.000000  0.075349 0.627009 1 64 1.000000
lowpoly_plastic
0  -2.597169 -26.124836 -3.872225  0.000000 0.000000 1.000000  0.075349 0.627009 1 64 1.000000
0  -2.597172 -19.455671 -3.872225  0.000000 0.000000 1.000000  0.075349 0.627009 1 64 1.000000
0  -2.789680 -19.455673 -3.872225  0.000000 0.000000 1.000000  0.075349 0.627009 1 64 1.000000
lowpoly_plastic
0  -2.597171 -16.408638 -5.258132  -0.000006 1.000000 0.000000  0.075349 0.627009 1 64 1.000000
0  -3.045774 -16.408636 -5.844275  0.000009 1.000000 0.000002  0.075349 0.627009 1 64 1.000000
0  -2.789677 -16.408640 -5.090406  0.000000 1.000000 0.000003  0.075349 0.627009 1 64 1.000000
lowpoly_plastic
0  -3.373449 -16.408632 -5.844275  0.000003 1.000000 0.000000  0.075349 0.627009 1 64 1.000000
0  -3.373448 -16.408634 -5.090406  0.000002 1.000000 0.000002  0.075349 0.627009 1 64 1.000000
0  -3.045774 -16.408636 -5.844275  0.000009 1.000000 0.000002  0.075349 0.627009 1 64 1.000000
lowpoly_plastic
0  -2.789677 -16.408640 -5.090406  0.000000 1.000000 0.000003  0.075349 0.627009 1 64 1.000000
0  -2.597171 -16.408638 -5.090406  -0.000010 1.000000 0.000000  0.075349 0.627009 1 64 1.000000
0  -2.597171 -16.408638 -5.258132  -0.000006 1.000000 0.000000  0.075349 0.627009 1 64 1.000000
lowpoly_plastic
0  -3.373450 -19.455673 -5.774664  0.000000 0.000000 -1.000000  0.075349 0.627009 1 64 1.000000
0  -3.045775 -19.455677 -5.774664  0.000001 0.000000 -1.000000  0.075349 0.627009 1 64 1.000000
0  -3.200458 -19.463919 -5.774664  0.000002 0.000000 -1.000000  0.075349 0.627009 1 64 1.000000
lowpoly_plastic
0  -3.200458 -19.463919 -5.774664  0.000002 0.000000 -1.000000  0.075349 0.627009 1 64 1.000000
0  -3.200461 -19.546263 -5.774664  0.000003 0.000000 -1.000000  0.075349 0.627009 1 64 1.000000
0  -3.373450 -19.455673 -5.774664  0.000000 0.000000 -1.000000  0.075349 0.627009 1 64 1.000000
lowpoly_plastic
0  -3.045775 -19.455677 -5.774664  0.000001 0.000000 -1.000000  0.075349 0.627009 1 64 1.000000
0  -3.045778 -19.463913 -5.774664  0.000001 0.000000 -1.000000  0.075349 0.627009 1 64 1.000000
0  -3.200458 -19.463919 -5.774664  0.000002 0.000000 -1.000000  0.075349 0.627009 1 64 1.000000
lowpoly_plastic
0  -3.045779 -24.928177 -5.774664  0.000000 0.000000 -1.000000  0.075349 0.627009 1 64 1.000000
0  -3.045782 -26.124830 -5.774664  -0.000000 0.000000 -1.000000  0.075349 0.627009 1 64 1.000000
0  -3.200462 -24.928175 -5.774664  0.000128 -0.000015 -1.000000  0.075349 0.627009 1 64 1.000000
lowpoly_plastic
0  -3.200468 -24.763487 -5.774666  -0.000196 0.000033 -1.000000  0.075349 0.627009 1 64 1.000000
0  -3.200460 -24.845831 -5.774666  -0.000055 -0.000001 -1.000000  0.075349 0.627009 1 64 1.000000
0  -3.373455 -26.124834 -5.774664  -0.000000 0.000000 -1.000000  0.075349 0.627009 1 64 1.000000
lowpoly_plastic
0  -3.200462 -24.928175 -5.774664  0.000128 -0.000015 -1.000000  0.075349 0.627009 1 64 1.000000
0  -3.045782 -26.124830 -5.774664  -0.000000 0.000000 -1.000000  0.075349 0.627009 1 64 1.000000
0  -3.373455 -26.124834 -5.774664  -0.000000 0.000000 -1.000000  0.075349 0.627009 1 64 1.000000
lowpoly_plastic
0  -3.373455 -26.124834 -5.774664  -0.000000 0.000000 -1.000000  0.075349 0.627009 1 64 1.000000
0  -3.373450 -19.455673 -5.774664  0.000000 0.000000 -1.000000  0.075349 0.627009 1 64 1.000000
0  -3.200464 -22.783976 -5.774665  -0.000001 -0.000000 -1.000000  0.075349 0.627009 1 64 1.000000
lowpoly_plastic
0  -3.373450 -19.455673 -5.774664  0.000000 0.000000 -1.000000  0.075349 0.627009 1 64 1.000000
0  -3.200461 -19.546263 -5.774664  0.000003 0.000000 -1.000000  0.075349 0.627009 1 64 1.000000
0  -3.200466 -19.628601 -5.774664  0.000004 0.000000 -1.000000  0.075349 0.627009 1 64 1.000000
lowpoly_plastic
0  -3.200460 -24.845831 -5.774666  -0.000055 -0.000001 -1.000000  0.075349 0.627009 1 64 1.000000
0  -3.200462 -24.928175 -5.774664  0.000128 -0.000015 -1.000000  0.075349 0.627009 1 64 1.000000
0  -3.373455 -26.124834 -5.774664  -0.000000 0.000000 -1.000000  0.075349 0.627009 1 64 1.000000
lowpoly_plastic
0  -3.045776 -24.453880 -5.774665  -0.000007 -0.000004 -1.000000  0.075349 0.627009 1 64 1.000000
0  -3.045779 -24.681147 -5.774666  -0.000019 0.000004 -1.000000  0.075349 0.627009 1 64 1.000000
0  -3.200460 -24.681150 -5.774663  0.000022 -0.000005 -1.000000  0.075349 0.627009 1 64 1.000000
lowpoly_plastic
0  -3.200460 -24.681150 -5.774663  0.000022 -0.000005 -1.000000  0.075349 0.627009 1 64 1.000000
0  -3.200468 -24.763487 -5.774666  -0.000196 0.000033 -1.000000  0.075349 0.627009 1 64 1.000000
0  -3.373455 -26.124834 -5.774664  -0.000000 0.000000 -1.000000  0.075349 0.627009 1 64 1.000000
lowpoly_plastic
0  -3.373450 -19.455673 -5.774664  0.000000 0.000000 -1.000000  0.075349 0.627009 1 64 1.000000
0  -3.200466 -19.628601 -5.774664  0.000004 0.000000 -1.000000  0.075349 0.627009 1 64 1.000000
0  -3.200460 -19.710939 -5.774664  -0.000003 0.000000 -1.000000  0.075349 0.627009 1 64 1.000000
lowpoly_plastic
0  -3.200460 -19.710939 -5.774664  -0.000003 0.000000 -1.000000  0.075349 0.627009 1 64 1.000000
0  -3.045777 -19.710943 -5.774664  0.000001 0.000000 -1.000000  0.075349 0.627009 1 64 1.000000
0  -3.200463 -19.938208 -5.774664  0.000020 0.000000 -1.000000  0.075349 0.627009 1 64 1.000000
lowpoly_plastic
0  -3.200463 -19.938208 -5.774664  0.000020 0.000000 -1.000000  0.075349 0.627009 1 64 1.000000
0  -3.200466 -20.020552 -5.774664  -0.000004 0.000000 -1.000000  0.075349 0.627009 1 64 1.000000
0  -3.373450 -19.455673 -5.774664  0.000000 0.000000 -1.000000  0.075349 0.627009 1 64 1.000000
lowpoly_plastic
0  -3.045777 -19.710943 -5.774664  0.000001 0.000000 -1.000000  0.075349 0.627009 1 64 1.000000
0  -3.045778 -19.938210 -5.774664  0.000003 0.000000 -1.000000  0.075349 0.627009 1 64 1.000000
0  -3.200463 -19.938208 -5.774664  0.000020 0.000000 -1.000000  0.075349 0.627009 1 64 1.000000
lowpoly_plastic
0  -3.200462 -24.453876 -5.774665  0.000001 -0.000003 -1.000000  0.075349 0.627009 1 64 1.000000
0  -3.045776 -24.453880 -5.774665  -0.000007 -0.000004 -1.000000  0.075349 0.627009 1 64 1.000000
0  -3.200460 -24.681150 -5.774663  0.000022 -0.000005 -1.000000  0.075349 0.627009 1 64 1.000000
lowpoly_plastic
0  -3.200460 -24.289198 -5.774665  0.000000 0.000000 -1.000000  0.075349 0.627009 1 64 1.000000
0  -3.200462 -24.371542 -5.774665  0.000000 0.000000 -1.000000  0.075349 0.627009 1 64 1.000000
0  -3.373455 -26.124834 -5.774664  -0.000000 0.000000 -1.000000  0.075349 0.627009 1 64 1.000000
lowpoly_plastic
0  -3.045783 -23.979586 -5.774665  0.000000 0.000000 -1.000000  0.075349 0.627009 1 64 1.000000
0  -3.045774 -24.206856 -5.774665  0.000000 0.000000 -1.000000  0.075349 0.627009 1 64 1.000000
0  -3.200462 -23.979589 -5.774665  -0.000174 0.000015 -1.000000  0.075349 0.627009 1 64 1.000000
lowpoly_plastic
0  -3.200462 -24.371542 -5.774665  0.000000 0.000000 -1.000000  0.075349 0.627009 1 64 1.000000
0  -3.200462 -24.453876 -5.774665  0.000001 -0.000003 -1.000000  0.075349 0.627009 1 64 1.000000
0  -3.373455 -26.124834 -5.774664  -0.000000 0.000000 -1.000000  0.075349 0.627009 1 64 1.000000
lowpoly_plastic
0  -3.200462 -23.979589 -5.774665  -0.000174 0.000015 -1.000000  0.075349 0.627009 1 64 1.000000
0  -3.045774 -24.206856 -5.774665  0.000000 0.000000 -1.000000  0.075349 0.627009 1 64 1.000000
0  -3.200459 -24.206856 -5.774665  0.000000 -0.000000 -1.000000  0.075349 0.627009 1 64 1.000000
lowpoly_plastic
0  -3.200462 -24.453876 -5.774665  0.000001 -0.000003 -1.000000  0.075349 0.627009 1 64 1.000000
0  -3.200460 -24.681150 -5.774663  0.000022 -0.000005 -1.000000  0.075349 0.627009 1 64 1.000000
0  -3.373455 -26.124834 -5.774664  -0.000000 0.000000 -1.000000  0.075349 0.627009 1 64 1.000000
lowpoly_plastic
0  -3.200462 -23.897243 -5.774663  0.000385 -0.000022 -1.000000  0.075349 0.627009 1 64 1.000000
0  -3.200462 -23.979589 -5.774665  -0.000174 0.000015 -1.000000  0.075349 0.627009 1 64 1.000000
0  -3.373455 -26.124834 -5.774664  -0.000000 0.000000 -1.000000  0.075349 0.627009 1 64 1.000000
lowpoly_plastic
0  -3.200459 -24.206856 -5.774665  0.000000 -0.000000 -1.000000  0.075349 0.627009 1 64 1.000000
0  -3.200460 -24.289198 -5.774665  0.000000 0.000000 -1.000000  0.075349 0.627009 1 64 1.000000
0  -3.373455 -26.124834 -5.774664  -0.000000 0.000000 -1.000000  0.075349 0.627009 1 64 1.000000
lowpoly_plastic
0  -3.373450 -19.455673 -5.774664  0.000000 0.000000 -1.000000  0.075349 0.627009 1 64 1.000000
0  -3.200460 -19.710939 -5.774664  -0.000003 0.000000 -1.000000  0.075349 0.627009 1 64 1.000000
0  -3.200463 -19.938208 -5.774664  0.000020 0.000000 -1.000000  0.075349 0.627009 1 64 1.000000
lowpoly_plastic
0  -3.373450 -19.455673 -5.774664  0.000000 0.000000 -1.000000  0.075349 0.627009 1 64 1.000000
0  -3.200466 -20.020552 -5.774664  -0.000004 0.000000 -1.000000  0.075349 0.627009 1 64 1.000000
0  -3.200460 -20.102894 -5.774664  0.000015 0.000000 -1.000000  0.075349 0.627009 1 64 1.000000
lowpoly_plastic
0  -3.200462 -23.979589 -5.774665  -0.000174 0.000015 -1.000000  0.075349 0.627009 1 64 1.000000
0  -3.200459 -24.206856 -5.774665  0.000000 -0.000000 -1.000000  0.075349 0.627009 1 64 1.000000
0  -3.373455 -26.124834 -5.774664  -0.000000 0.000000 -1.000000  0.075349 0.627009 1 64 1.000000
lowpoly_plastic
0  -3.200464 -23.732559 -5.774665  0.000000 0.000000 -1.000000  0.075349 0.627009 1 64 1.000000
0  -3.200459 -23.814901 -5.774665  0.000010 -0.000001 -1.000000  0.075349 0.627009 1 64 1.000000
0  -3.373455 -26.124834 -5.774664  -0.000000 0.000000 -1.000000  0.075349 0.627009 1 64 1.000000
lowpoly_plastic
0  -3.045775 -23.505295 -5.774665  0.000000 0.000000 -1.000000  0.075349 0.627009 1 64 1.000000
0  -3.045780 -23.732559 -5.774665  0.000000 0.000000 -1.000000  0.075349 0.627009 1 64 1.000000
0  -3.200461 -23.505293 -5.774665  0.000000 -0.000000 -1.000000  0.075349 0.627009 1 64 1.000000
lowpoly_plastic
0  -3.200463 -23.340609 -5.774665  -0.000003 0.000000 -1.000000  0.075349 0.627009 1 64 1.000000
0  -3.200466 -23.422953 -5.774665  -0.000131 0.000000 -1.000000  0.075349 0.627009 1 64 1.000000
0  -3.373455 -26.124834 -5.774664  -0.000000 0.000000 -1.000000  0.075349 0.627009 1 64 1.000000
lowpoly_plastic
0  -3.200461 -23.505293 -5.774665  0.000000 -0.000000 -1.000000  0.075349 0.627009 1 64 1.000000
0  -3.045780 -23.732559 -5.774665  0.000000 0.000000 -1.000000  0.075349 0.627009 1 64 1.000000
0  -3.200464 -23.732559 -5.774665  0.000000 0.000000 -1.000000  0.075349 0.627009 1 64 1.000000
lowpoly_plastic
0  -3.200459 -23.814901 -5.774665  0.000010 -0.000001 -1.000000  0.075349 0.627009 1 64 1.000000
0  -3.200462 -23.897243 -5.774663  0.000385 -0.000022 -1.000000  0.075349 0.627009 1 64 1.000000
0  -3.373455 -26.124834 -5.774664  -0.000000 0.000000 -1.000000  0.075349 0.627009 1 64 1.000000
lowpoly_plastic
0  -3.373450 -19.455673 -5.774664  0.000000 0.000000 -1.000000  0.075349 0.627009 1 64 1.000000
0  -3.200460 -20.102894 -5.774664  0.000015 0.000000 -1.000000  0.075349 0.627009 1 64 1.000000
0  -3.200463 -20.185238 -5.774664  -0.000003 0.000000 -1.000000  0.075349 0.627009 1 64 1.000000
lowpoly_plastic
0  -3.200463 -20.185238 -5.774664  -0.000003 0.000000 -1.000000  0.075349 0.627009 1 64 1.000000
0  -3.045777 -20.185240 -5.774664  0.000000 0.000000 -1.000000  0.075349 0.627009 1 64 1.000000
0  -3.045781 -20.412508 -5.774664  0.000001 0.000000 -1.000000  0.075349 0.627009 1 64 1.000000
lowpoly_plastic
0  -3.200458 -20.412502 -5.774664  0.000000 0.000000 -1.000000  0.075349 0.627009 1 64 1.000000
0  -3.200460 -20.494844 -5.774664  0.000063 0.000000 -1.000000  0.075349 0.627009 1 64 1.000000
0  -3.373450 -19.455673 -5.774664  0.000000 0.000000 -1.000000  0.075349 0.627009 1 64 1.000000
lowpoly_plastic
0  -3.200463 -20.185238 -5.774664  -0.000003 0.000000 -1.000000  0.075349 0.627009 1 64 1.000000
0  -3.045781 -20.412508 -5.774664  0.000001 0.000000 -1.000000  0.075349 0.627009 1 64 1.000000
0  -3.200458 -20.412502 -5.774664  0.000000 0.000000 -1.000000  0.075349 0.627009 1 64 1.000000
lowpoly_plastic
0  -3.200461 -23.505293 -5.774665  0.000000 -0.000000 -1.000000  0.075349 0.627009 1 64 1.000000
0  -3.200464 -23.732559 -5.774665  0.000000 0.000000 -1.000000  0.075349 0.627009 1 64 1.000000
0  -3.373455 -26.124834 -5.774664  -0.000000 0.000000 -1.000000  0.075349 0.627009 1 64 1.000000
lowpoly_plastic
0  -3.200461 -23.258265 -5.774665  0.000000 -0.000000 -1.000000  0.075349 0.627009 1 64 1.000000
0  -3.200463 -23.340609 -5.774665  -0.000003 0.000000 -1.000000  0.075349 0.627009 1 64 1.000000
0  -3.373455 -26.124834 -5.774664  -0.000000 0.000000 -1.000000  0.075349 0.627009 1 64 1.000000
lowpoly_plastic
0  -3.045781 -23.031000 -5.774665  0.000000 0.000000 -1.000000  0.075349 0.627009 1 64 1.000000
0  -3.045777 -23.258265 -5.774665  0.000000 0.000000 -1.000000  0.075349 0.627009 1 64 1.000000
0  -3.200465 -23.031000 -5.774665  0.000000 0.000000 -1.000000  0.075349 0.627009 1 64 1.000000
lowpoly_plastic
0  -3.200459 -22.866316 -5.774665  0.000000 -0.000000 -1.000000  0.075349 0.627009 1 64 1.000000
0  -3.200460 -22.948664 -5.774665  0.000000 0.000000 -1.000000  0.075349 0.627009 1 64 1.000000
0  -3.373455 -26.124834 -5.774664  -0.000000 0.000000 -1.000000  0.075349 0.627009 1 64 1.000000
lowpoly_plastic
0  -3.200465 -23.031000 -5.774665  0.000000 0.000000 -1.000000  0.075349 0.627009 1 64 1.000000
0  -3.045777 -23.258265 -5.774665  0.000000 0.000000 -1.000000  0.075349 0.627009 1 64 1.000000
0  -3.200461 -23.258265 -5.774665  0.000000 -0.000000 -1.000000  0.075349 0.627009 1 64 1.000000
lowpoly_plastic
0  -3.200466 -23.422953 -5.774665  -0.000131 0.000000 -1.000000  0.075349 0.627009 1 64 1.000000
0  -3.200461 -23.505293 -5.774665  0.000000 -0.000000 -1.000000  0.075349 0.627009 1 64 1.000000
0  -3.373455 -26.124834 -5.774664  -0.000000 0.000000 -1.000000  0.075349 0.627009 1 64 1.000000
lowpoly_plastic
0  -3.373450 -19.455673 -5.774664  0.000000 0.000000 -1.000000  0.075349 0.627009 1 64 1.000000
0  -3.200463 -20.185238 -5.774664  -0.000003 0.000000 -1.000000  0.075349 0.627009 1 64 1.000000
0  -3.200458 -20.412502 -5.774664  0.000000 0.000000 -1.000000  0.075349 0.627009 1 64 1.000000
lowpoly_plastic
0  -3.200460 -20.494844 -5.774664  0.000063 0.000000 -1.000000  0.075349 0.627009 1 64 1.000000
0  -3.200461 -20.577192 -5.774664  -0.000001 0.000000 -1.000000  0.075349 0.627009 1 64 1.000000
0  -3.373450 -19.455673 -5.774664  0.000000 0.000000 -1.000000  0.075349 0.627009 1 64 1.000000
lowpoly_plastic
0  -3.200457 -20.659533 -5.774664  -0.000019 0.000000 -1.000000  0.075349 0.627009 1 64 1.000000
0  -3.045779 -20.659538 -5.774664  0.000000 0.000000 -1.000000  0.075349 0.627009 1 64 1.000000
0  -3.045776 -20.886799 -5.774664  0.000000 0.000000 -1.000000  0.075349 0.627009 1 64 1.000000
lowpoly_plastic
0  -3.200461 -20.886799 -5.774664  -0.000001 0.000000 -1.000000  0.075349 0.627009 1 64 1.000000
0  -3.200462 -20.969143 -5.774664  0.000000 0.000000 -1.000000  0.075349 0.627009 1 64 1.000000
0  -3.373450 -19.455673 -5.774664  0.000000 0.000000 -1.000000  0.075349 0.627009 1 64 1.000000
lowpoly_plastic
0  -3.200457 -20.659533 -5.774664  -0.000019 0.000000 -1.000000  0.075349 0.627009 1 64 1.000000
0  -3.045776 -20.886799 -5.774664  0.000000 0.000000 -1.000000  0.075349 0.627009 1 64 1.000000
0  -3.200461 -20.886799 -5.774664  -0.000001 0.000000 -1.000000  0.075349 0.627009 1 64 1.000000
lowpoly_plastic
0  -3.373450 -19.455673 -5.774664  0.000000 0.000000 -1.000000  0.075349 0.627009 1 64 1.000000
0  -3.200461 -20.577192 -5.774664  -0.000001 0.000000 -1.000000  0.075349 0.627009 1 64 1.000000
0  -3.200457 -20.659533 -5.774664  -0.000019 0.000000 -1.000000  0.075349 0.627009 1 64 1.000000
lowpoly_plastic
0  -3.200465 -23.031000 -5.774665  0.000000 0.000000 -1.000000  0.075349 0.627009 1 64 1.000000
0  -3.200461 -23.258265 -5.774665  0.000000 -0.000000 -1.000000  0.075349 0.627009 1 64 1.000000
0  -3.373455 -26.124834 -5.774664  -0.000000 0.000000 -1.000000  0.075349 0.627009 1 64 1.000000
lowpoly_plastic
0  -3.200460 -22.948664 -5.774665  0.000000 0.000000 -1.000000  0.075349 0.627009 1 64 1.000000
0  -3.200465 -23.031000 -5.774665  0.000000 0.000000 -1.000000  0.075349 0.627009 1 64 1.000000
0  -3.373455 -26.124834 -5.774664  -0.000000 0.000000 -1.000000  0.075349 0.627009 1 64 1.000000
lowpoly_plastic
0  -3.373450 -19.455673 -5.774664  0.000000 0.000000 -1.000000  0.075349 0.627009 1 64 1.000000
0  -3.200457 -20.659533 -5.774664  -0.000019 0.000000 -1.000000  0.075349 0.627009 1 64 1.000000
0  -3.200461 -20.886799 -5.774664  -0.000001 0.000000 -1.000000  0.075349 0.627009 1 64 1.000000
lowpoly_plastic
0  -3.200462 -20.969143 -5.774664  0.000000 0.000000 -1.000000  0.075349 0.627009 1 64 1.000000
0  -3.200457 -21.051483 -5.774664  -0.000069 0.000000 -1.000000  0.075349 0.627009 1 64 1.000000
0  -3.373450 -19.455673 -5.774664  0.000000 0.000000 -1.000000  0.075349 0.627009 1 64 1.000000
lowpoly_plastic
0  -3.200464 -22.783976 -5.774665  -0.000001 -0.000000 -1.000000  0.075349 0.627009 1 64 1.000000
0  -3.200459 -22.866316 -5.774665  0.000000 -0.000000 -1.000000  0.075349 0.627009 1 64 1.000000
0  -3.373455 -26.124834 -5.774664  -0.000000 0.000000 -1.000000  0.075349 0.627009 1 64 1.000000
lowpoly_plastic
0  -3.045780 -22.556704 -5.774665  0.000000 0.000000 -1.000000  0.075349 0.627009 1 64 1.000000
0  -3.045777 -22.783979 -5.774665  0.000003 0.000000 -1.000000  0.075349 0.627009 1 64 1.000000
0  -3.200462 -22.556707 -5.774665  0.000064 0.000000 -1.000000  0.075349 0.627009 1 64 1.000000
lowpoly_plastic
0  -3.200464 -22.392025 -5.774665  -0.000263 -0.000000 -1.000000  0.075349 0.627009 1 64 1.000000
0  -3.200458 -22.474363 -5.774665  -0.000005 0.000000 -1.000000  0.075349 0.627009 1 64 1.000000
0  -3.373450 -19.455673 -5.774664  0.000000 0.000000 -1.000000  0.075349 0.627009 1 64 1.000000
lowpoly_plastic
0  -3.200462 -22.556707 -5.774665  0.000064 0.000000 -1.000000  0.075349 0.627009 1 64 1.000000
0  -3.045777 -22.783979 -5.774665  0.000003 0.000000 -1.000000  0.075349 0.627009 1 64 1.000000
0  -3.200464 -22.783976 -5.774665  -0.000001 -0.000000 -1.000000  0.075349 0.627009 1 64 1.000000
lowpoly_plastic
0  -3.373450 -19.455673 -5.774664  0.000000 0.000000 -1.000000  0.075349 0.627009 1 64 1.000000
0  -3.200457 -21.051483 -5.774664  -0.000069 0.000000 -1.000000  0.075349 0.627009 1 64 1.000000
0  -3.200463 -21.133823 -5.774664  0.000017 0.000003 -1.000000  0.075349 0.627009 1 64 1.000000
lowpoly_plastic
0  -3.200463 -21.133823 -5.774664  0.000017 0.000003 -1.000000  0.075349 0.627009 1 64 1.000000
0  -3.045778 -21.133823 -5.774665  -0.000007 0.000000 -1.000000  0.075349 0.627009 1 64 1.000000
0  -3.045780 -21.361090 -5.774665  -0.000002 0.000003 -1.000000  0.075349 0.627009 1 64 1.000000
lowpoly_plastic
0  -3.200463 -21.133823 -5.774664  0.000017 0.000003 -1.000000  0.075349 0.627009 1 64 1.000000
0  -3.045780 -21.361090 -5.774665  -0.000002 0.000003 -1.000000  0.075349 0.627009 1 64 1.000000
0  -3.200462 -21.361094 -5.774665  0.000044 0.000001 -1.000000  0.075349 0.627009 1 64 1.000000
lowpoly_plastic
0  -3.200462 -22.556707 -5.774665  0.000064 0.000000 -1.000000  0.075349 0.627009 1 64 1.000000
0  -3.200464 -22.783976 -5.774665  -0.000001 -0.000000 -1.000000  0.075349 0.627009 1 64 1.000000
0  -3.373450 -19.455673 -5.774664  0.000000 0.000000 -1.000000  0.075349 0.627009 1 64 1.000000
lowpoly_plastic
0  -3.200462 -22.309679 -5.774665  0.000000 0.000000 -1.000000  0.075349 0.627009 1 64 1.000000
0  -3.200464 -22.392025 -5.774665  -0.000263 -0.000000 -1.000000  0.075349 0.627009 1 64 1.000000
0  -3.373450 -19.455673 -5.774664  0.000000 0.000000 -1.000000  0.075349 0.627009 1 64 1.000000
lowpoly_plastic
0  -3.373450 -19.455673 -5.774664  0.000000 0.000000 -1.000000  0.075349 0.627009 1 64 1.000000
0  -3.200463 -21.133823 -5.774664  0.000017 0.000003 -1.000000  0.075349 0.627009 1 64 1.000000
0  -3.200462 -21.361094 -5.774665  0.000044 0.000001 -1.000000  0.075349 0.627009 1 64 1.000000
lowpoly_plastic
0  -3.200461 -21.443430 -5.774665  0.000002 0.000000 -1.000000  0.075349 0.627009 1 64 1.000000
0  -3.200463 -21.525774 -5.774665  -0.000033 0.000000 -1.000000  0.075349 0.627009 1 64 1.000000
0  -3.373450 -19.455673 -5.774664  0.000000 0.000000 -1.000000  0.075349 0.627009 1 64 1.000000
lowpoly_plastic
0  -3.373450 -19.455673 -5.774664  0.000000 0.000000 -1.000000  0.075349 0.627009 1 64 1.000000
0  -3.200462 -21.361094 -5.774665  0.000044 0.000001 -1.000000  0.075349 0.627009 1 64 1.000000
0  -3.200461 -21.443430 -5.774665  0.000002 0.000000 -1.000000  0.075349 0.627009 1 64 1.000000
lowpoly_plastic
0  -3.200458 -22.474363 -5.774665  -0.000005 0.000000 -1.000000  0.075349 0.627009 1 64 1.000000
0  -3.200462 -22.556707 -5.774665  0.000064 0.000000 -1.000000  0.075349 0.627009 1 64 1.000000
0  -3.373450 -19.455673 -5.774664  0.000000 0.000000 -1.000000  0.075349 0.627009 1 64 1.000000
lowpoly_plastic
0  -3.045774 -22.082413 -5.774665  0.000000 0.000000 -1.000000  0.075349 0.627009 1 64 1.000000
0  -3.045778 -22.309679 -5.774665  0.000000 0.000000 -1.000000  0.075349 0.627009 1 64 1.000000
0  -3.200462 -22.309679 -5.774665  0.000000 0.000000 -1.000000  0.075349 0.627009 1 64 1.000000
lowpoly_plastic
0  -3.200462 -21.917727 -5.774665  -0.000131 0.000000 -1.000000  0.075349 0.627009 1 64 1.000000
0  -3.200463 -22.000071 -5.774665  -0.000003 -0.000000 -1.000000  0.075349 0.627009 1 64 1.000000
0  -3.373450 -19.455673 -5.774664  0.000000 0.000000 -1.000000  0.075349 0.627009 1 64 1.000000
lowpoly_plastic
0  -3.200459 -22.082413 -5.774665  0.000000 0.000000 -1.000000  0.075349 0.627009 1 64 1.000000
0  -3.045774 -22.082413 -5.774665  0.000000 0.000000 -1.000000  0.075349 0.627009 1 64 1.000000
0  -3.200462 -22.309679 -5.774665  0.000000 0.000000 -1.000000  0.075349 0.627009 1 64 1.000000
lowpoly_plastic
0  -3.373450 -19.455673 -5.774664  0.000000 0.000000 -1.000000  0.075349 0.627009 1 64 1.000000
0  -3.200463 -21.525774 -5.774665  -0.000033 0.000000 -1.000000  0.075349 0.627009 1 64 1.000000
0  -3.200463 -21.608120 -5.774665  -0.000008 -0.000000 -1.000000  0.075349 0.627009 1 64 1.000000
lowpoly_plastic
0  -3.200463 -21.608120 -5.774665  -0.000008 -0.000000 -1.000000  0.075349 0.627009 1 64 1.000000
0  -3.045778 -21.608120 -5.774665  0.000000 0.000000 -1.000000  0.075349 0.627009 1 64 1.000000
0  -3.045776 -21.835382 -5.774665  0.000000 0.000000 -1.000000  0.075349 0.627009 1 64 1.000000
lowpoly_plastic
0  -3.200461 -21.835382 -5.774665  -0.000000 0.000000 -1.000000  0.075349 0.627009 1 64 1.000000
0  -3.200462 -21.917727 -5.774665  -0.000131 0.000000 -1.000000  0.075349 0.627009 1 64 1.000000
0  -3.373450 -19.455673 -5.774664  0.000000 0.000000 -1.000000  0.075349 0.627009 1 64 1.000000
lowpoly_plastic
0  -3.200463 -21.608120 -5.774665  -0.000008 -0.000000 -1.000000  0.075349 0.627009 1 64 1.000000
0  -3.045776 -21.835382 -5.774665  0.000000 0.000000 -1.000000  0.075349 0.627009 1 64 1.000000
0  -3.200461 -21.835382 -5.774665  -0.000000 0.000000 -1.000000  0.075349 0.627009 1 64 1.000000
lowpoly_plastic
0  -3.200459 -22.082413 -5.774665  0.000000 0.000000 -1.000000  0.075349 0.627009 1 64 1.000000
0  -3.200462 -22.309679 -5.774665  0.000000 0.000000 -1.000000  0.075349 0.627009 1 64 1.000000
0  -3.373450 -19.455673 -5.774664  0.000000 0.000000 -1.000000  0.075349 0.627009 1 64 1.000000
lowpoly_plastic
0  -3.373450 -19.455673 -5.774664  0.000000 0.000000 -1.000000  0.075349 0.627009 1 64 1.000000
0  -3.200463 -21.608120 -5.774665  -0.000008 -0.000000 -1.000000  0.075349 0.627009 1 64 1.000000
0  -3.200461 -21.835382 -5.774665  -0.000000 0.000000 -1.000000  0.075349 0.627009 1 64 1.000000
lowpoly_plastic
0  -2.597173 -16.791494 -5.479147  1.000000 -0.000001 -0.000000  0.075349 0.627009 1 64 1.000000
0  -2.597171 -16.408638 -5.258132  1.000000 -0.000005 0.000000  0.075349 0.627009 1 64 1.000000
0  -2.597171 -16.408638 -5.090406  1.000000 -0.000004 -0.000000  0.075349 0.627009 1 64 1.000000
lowpoly_plastic
0  -2.597173 -19.175236 -3.872225  -0.000000 0.000000 1.000000  0.075349 0.627009 1 64 1.000000
0  -2.597169 -18.894794 -3.872225  0.000002 0.000000 1.000000  0.075349 0.627009 1 64 1.000000
0  -2.789679 -18.894791 -3.872225  0.000002 0.000000 1.000000  0.075349 0.627009 1 64 1.000000
lowpoly_plastic
0  -3.045774 -19.175232 -5.835381  0.000001 -0.211601 -0.977356  0.075349 0.627009 1 64 1.000000
0  -3.045775 -19.455677 -5.774664  -0.000001 -0.211598 -0.977357  0.075349 0.627009 1 64 1.000000
0  -3.373450 -19.455673 -5.774664  0.000002 -0.211600 -0.977356  0.075349 0.627009 1 64 1.000000
lowpoly_plastic
0  -3.045776 -16.791491 -6.065287  0.000000 0.000000 -1.000000  0.075349 0.627009 1 64 1.000000
0  -3.045780 -18.894796 -6.065288  0.000001 0.000000 -1.000000  0.075349 0.627009 1 64 1.000000
0  -3.373447 -18.894791 -6.065288  0.000000 0.000000 -1.000000  0.075349 0.627009 1 64 1.000000
lowpoly_plastic
0  -2.789677 -16.408640 -5.090406  0.000009 0.924687 0.380727  0.075349 0.627009 1 64 1.000000
0  -3.373448 -16.408634 -5.090406  0.000001 0.924686 0.380729  0.075349 0.627009 1 64 1.000000
0  -3.373446 -16.791496 -4.160543  0.000001 0.924687 0.380729  0.075349 0.627009 1 64 1.000000
lowpoly_plastic
0  -3.045778 -19.463913 -5.774664  0.793936 -0.000291 -0.608001  0.075349 0.627009 1 64 1.000000
0  -3.045775 -19.455677 -5.774664  0.793998 -0.000185 -0.607921  0.075349 0.627009 1 64 1.000000
0  -3.034451 -19.463917 -5.759870  0.794136 0.000057 -0.607740  0.075349 0.627009 1 64 1.000000
lowpoly_plastic
0  -2.597172 -19.455671 -5.188522  0.793879 0.000081 -0.608076  0.075349 0.627009 1 64 1.000000
0  -2.597171 -19.463913 -5.188522  0.793877 0.000080 -0.608079  0.075349 0.627009 1 64 1.000000
0  -3.034451 -19.463917 -5.759870  0.794136 0.000057 -0.607740  0.075349 0.627009 1 64 1.000000
lowpoly_plastic
0  -2.597174 -19.175236 -5.249238  0.787328 -0.130459 -0.602574  0.075349 0.627009 1 64 1.000000
0  -2.597172 -19.455671 -5.188522  0.787328 -0.130459 -0.602573  0.075349 0.627009 1 64 1.000000
0  -3.045775 -19.455677 -5.774664  0.787326 -0.130461 -0.602576  0.075349 0.627009 1 64 1.000000
lowpoly_plastic
0  -2.597173 -16.791494 -5.479147  0.794109 -0.000001 -0.607775  0.075349 0.627009 1 64 1.000000
0  -2.597170 -18.894794 -5.479148  0.794107 0.000001 -0.607778  0.075349 0.627009 1 64 1.000000
0  -3.045780 -18.894796 -6.065288  0.794107 0.000001 -0.607778  0.075349 0.627009 1 64 1.000000
lowpoly_plastic
0  -3.045774 -16.408636 -5.844275  0.749331 0.331063 -0.573499  0.075349 0.627009 1 64 1.000000
0  -2.597171 -16.408638 -5.258132  0.749332 0.331065 -0.573496  0.075349 0.627009 1 64 1.000000
0  -2.597173 -16.791494 -5.479147  0.749331 0.331064 -0.573497  0.075349 0.627009 1 64 1.000000
lowpoly_plastic
0  -3.373449 -16.408632 -5.844275  0.000001 0.499948 -0.866056  0.075349 0.627009 1 64 1.000000
0  -3.045774 -16.408636 -5.844275  0.000003 0.499949 -0.866055  0.075349 0.627009 1 64 1.000000
0  -3.045776 -16.791491 -6.065287  -0.000001 0.499947 -0.866056  0.075349 0.627009 1 64 1.000000
lowpoly_plastic
0  -2.597170 -18.894794 -5.479148  0.710767 -0.445972 -0.543985  0.075349 0.627009 1 64 1.000000
0  -2.597174 -19.175236 -5.249238  0.710768 -0.445976 -0.543980  0.075349 0.627009 1 64 1.000000
0  -3.045774 -19.175232 -5.835381  0.710764 -0.445963 -0.543996  0.075349 0.627009 1 64 1.000000
lowpoly_plastic
0  -3.045780 -18.894796 -6.065288  -0.000002 -0.633991 -0.773340  0.075349 0.627009 1 64 1.000000
0  -3.045774 -19.175232 -5.835381  0.000007 -0.633993 -0.773339  0.075349 0.627009 1 64 1.000000
0  -3.373447 -19.175236 -5.835381  -0.000001 -0.633991 -0.773341  0.075349 0.627009 1 64 1.000000
lowpoly_plastic
0  -2.789680 -19.455673 -3.872225  0.000000 0.000000 1.000000  0.075349 0.627009 1 64 1.000000
0  -2.597172 -19.455671 -3.872225  0.000000 0.000000 1.000000  0.075349 0.627009 1 64 1.000000
0  -2.597173 -19.175236 -3.872225  -0.000000 0.000000 1.000000  0.075349 0.627009 1 64 1.000000
lowpoly_plastic
0  -2.597172 -19.455671 -5.188522  1.000000 -0.000040 0.000106  0.075349 0.627009 1 64 1.000000
0  -2.597174 -19.175236 -5.249238  1.000000 -0.000007 -0.000000  0.075349 0.627009 1 64 1.000000
0  -2.597173 -19.175236 -3.872225  1.000000 -0.000004 -0.000000  0.075349 0.627009 1 64 1.000000
lowpoly_plastic
0  -3.200462 -21.361094 -5.749249  0.000025 -1.000000 -0.000012  0.075349 0.627009 1 64 1.000000
0  -3.200462 -21.361094 -5.774665  0.000025 -1.000000 0.000000  0.075349 0.627009 1 64 1.000000
0  -3.045780 -21.361090 -5.774665  -0.000080 -1.000000 -0.000078  0.075349 0.627009 1 64 1.000000
lowpoly_plastic
0  -3.045780 -21.361090 -5.774665  -0.000080 -1.000000 -0.000078  0.075349 0.627009 1 64 1.000000
0  -3.034456 -21.361094 -5.759871  -0.000285 -1.000000 -0.000039  0.075349 0.627009 1 64 1.000000
0  -3.044860 -21.361090 -5.749249  -0.000150 -1.000000 -0.000083  0.075349 0.627009 1 64 1.000000
lowpoly_plastic
0  -2.597173 -21.051483 -4.064663  0.093936 -0.000007 -0.995578  0.075349 0.627009 1 64 1.000000
0  -2.615710 -21.051483 -4.066412  0.093931 -0.000009 -0.995579  0.075349 0.627009 1 64 1.000000
0  -2.615703 -20.969145 -4.066412  0.093965 0.000003 -0.995576  0.075349 0.627009 1 64 1.000000
lowpoly_plastic
0  -3.200460 -20.102894 -5.774664  1.000000 0.000015 0.000000  0.075349 0.627009 1 64 1.000000
0  -3.200460 -20.102894 -5.749248  1.000000 0.000015 0.000000  0.075349 0.627009 1 64 1.000000
0  -3.200463 -20.185238 -5.749248  1.000000 -0.000030 0.000000  0.075349 0.627009 1 64 1.000000
lowpoly_plastic
0  -2.597172 -22.082417 -5.179888  -0.000029 1.000000 0.000430  0.075349 0.627009 1 64 1.000000
0  -2.615708 -22.082417 -5.181636  -0.000124 1.000000 0.000109  0.075349 0.627009 1 64 1.000000
0  -2.615707 -22.082417 -4.165146  0.000000 1.000000 0.000000  0.075349 0.627009 1 64 1.000000
lowpoly_plastic
0  -2.597172 -19.710947 -4.163396  0.060330 0.766570 -0.639321  0.075349 0.627009 1 64 1.000000
0  -2.615709 -19.710947 -4.165145  0.060338 0.766569 -0.639320  0.075349 0.627009 1 64 1.000000
0  -2.615706 -19.628603 -4.066411  0.060259 0.766574 -0.639322  0.075349 0.627009 1 64 1.000000
lowpoly_plastic
0  -3.200468 -24.763487 -5.774666  1.000000 0.000000 0.000000  0.075349 0.627009 1 64 1.000000
0  -3.200460 -24.681150 -5.774663  1.000000 -0.000093 0.000000  0.075349 0.627009 1 64 1.000000
0  -3.200460 -24.681150 -5.749247  1.000000 -0.000093 0.000000  0.075349 0.627009 1 64 1.000000
lowpoly_plastic
0  -3.200458 -20.412502 -5.749248  -0.000036 -1.000000 0.000025  0.075349 0.627009 1 64 1.000000
0  -3.200458 -20.412502 -5.774664  -0.000037 -1.000000 0.000000  0.075349 0.627009 1 64 1.000000
0  -3.045781 -20.412508 -5.774664  0.000100 -1.000000 0.000187  0.075349 0.627009 1 64 1.000000
lowpoly_plastic
0  -3.045781 -20.412508 -5.774664  0.000100 -1.000000 0.000187  0.075349 0.627009 1 64 1.000000
0  -3.034457 -20.412502 -5.759870  0.000325 -1.000000 0.000074  0.075349 0.627009 1 64 1.000000
0  -3.044858 -20.412506 -5.749248  0.000163 -1.000000 0.000127  0.075349 0.627009 1 64 1.000000
lowpoly_plastic
0  -3.044863 -21.133825 -5.749249  0.000098 1.000000 -0.000034  0.075349 0.627009 1 64 1.000000
0  -3.034451 -21.133827 -5.759871  0.000183 1.000000 0.000036  0.075349 0.627009 1 64 1.000000
0  -3.045778 -21.133823 -5.774665  0.000078 1.000000 0.000060  0.075349 0.627009 1 64 1.000000
lowpoly_plastic
0  -3.045778 -21.133823 -5.774665  0.000078 1.000000 0.000060  0.075349 0.627009 1 64 1.000000
0  -3.200463 -21.133823 -5.774664  0.000000 1.000000 0.000000  0.075349 0.627009 1 64 1.000000
0  -3.200463 -21.133823 -5.749248  0.000001 1.000000 0.000000  0.075349 0.627009 1 64 1.000000
lowpoly_plastic
0  -3.200462 -24.371542 -5.774665  1.000000 -0.000011 0.000000  0.075349 0.627009 1 64 1.000000
0  -3.200462 -24.371542 -5.749249  1.000000 -0.000011 0.000000  0.075349 0.627009 1 64 1.000000
0  -3.200462 -24.453876 -5.749249  1.000000 0.000000 0.000000  0.075349 0.627009 1 64 1.000000
lowpoly_plastic
0  -3.200459 -24.206856 -5.774665  1.000000 -0.000010 0.000000  0.075349 0.627009 1 64 1.000000
0  -3.200459 -24.206856 -5.749247  1.000000 -0.000009 0.000000  0.075349 0.627009 1 64 1.000000
0  -3.200460 -24.289198 -5.749249  1.000000 -0.000017 0.000000  0.075349 0.627009 1 64 1.000000
lowpoly_plastic
0  -2.597170 -22.474371 -4.064663  0.093816 -0.000022 -0.995590  0.075349 0.627009 1 64 1.000000
0  -2.615709 -22.474369 -4.066411  0.093797 -0.000025 -0.995591  0.075349 0.627009 1 64 1.000000
0  -2.615707 -22.392025 -4.066412  0.093910 -0.000003 -0.995581  0.075349 0.627009 1 64 1.000000
lowpoly_plastic
0  -2.597172 -22.082417 -4.163397  0.060312 0.766569 -0.639323  0.075349 0.627009 1 64 1.000000
0  -2.615707 -22.082417 -4.165146  0.060319 0.766568 -0.639324  0.075349 0.627009 1 64 1.000000
0  -2.615705 -22.000072 -4.066412  0.060253 0.766579 -0.639317  0.075349 0.627009 1 64 1.000000
lowpoly_plastic
0  -2.597169 -22.000071 -4.064663  0.093936 -0.000000 -0.995578  0.075349 0.627009 1 64 1.000000
0  -2.615705 -22.000072 -4.066412  0.093927 -0.000001 -0.995579  0.075349 0.627009 1 64 1.000000
0  -2.615705 -21.917728 -4.066412  0.093980 0.000006 -0.995574  0.075349 0.627009 1 64 1.000000
lowpoly_plastic
0  -3.044858 -21.608120 -5.749249  -0.000078 1.000000 0.000000  0.075349 0.627009 1 64 1.000000
0  -3.034458 -21.608118 -5.759871  -0.000142 1.000000 0.000001  0.075349 0.627009 1 64 1.000000
0  -3.045778 -21.608120 -5.774665  -0.000049 1.000000 0.000000  0.075349 0.627009 1 64 1.000000
lowpoly_plastic
0  -3.045778 -21.608120 -5.774665  -0.000049 1.000000 0.000000  0.075349 0.627009 1 64 1.000000
0  -3.200463 -21.608120 -5.774665  0.000000 1.000000 0.000000  0.075349 0.627009 1 64 1.000000
0  -3.200463 -21.608120 -5.749249  0.000000 1.000000 0.000000  0.075349 0.627009 1 64 1.000000
lowpoly_plastic
0  -3.044864 -24.928179 -5.749248  -0.000214 1.000000 0.000166  0.075349 0.627009 1 64 1.000000
0  -3.034456 -24.928173 -5.759870  -0.000388 1.000000 0.000199  0.075349 0.627009 1 64 1.000000
0  -3.045779 -24.928177 -5.774664  -0.000110 1.000000 0.000139  0.075349 0.627009 1 64 1.000000
lowpoly_plastic
0  -3.045779 -24.928177 -5.774664  -0.000110 1.000000 0.000139  0.075349 0.627009 1 64 1.000000
0  -3.200462 -24.928175 -5.774664  0.000012 1.000000 0.000000  0.075349 0.627009 1 64 1.000000
0  -3.200462 -24.928175 -5.749248  0.000014 1.000000 0.000012  0.075349 0.627009 1 64 1.000000
lowpoly_plastic
0  -3.200468 -24.763487 -5.774666  1.000000 0.000000 0.000000  0.075349 0.627009 1 64 1.000000
0  -3.200468 -24.763487 -5.749250  1.000000 0.000000 0.000000  0.075349 0.627009 1 64 1.000000
0  -3.200460 -24.845831 -5.749250  1.000000 0.000037 0.000000  0.075349 0.627009 1 64 1.000000
lowpoly_plastic
0  -3.200460 -24.681150 -5.749247  0.000022 -1.000000 -0.000012  0.075349 0.627009 1 64 1.000000
0  -3.200460 -24.681150 -5.774663  0.000025 -1.000000 0.000000  0.075349 0.627009 1 64 1.000000
0  -3.045779 -24.681147 -5.774666  0.000010 -1.000000 -0.000078  0.075349 0.627009 1 64 1.000000
lowpoly_plastic
0  -3.045779 -24.681147 -5.774666  0.000010 -1.000000 -0.000078  0.075349 0.627009 1 64 1.000000
0  -3.034454 -24.681149 -5.759870  0.000062 -1.000000 0.000008  0.075349 0.627009 1 64 1.000000
0  -3.044865 -24.681150 -5.749248  0.000050 -1.000000 -0.000038  0.075349 0.627009 1 64 1.000000
lowpoly_plastic
0  -3.044858 -23.031004 -5.749249  0.000116 1.000000 0.000089  0.075349 0.627009 1 64 1.000000
0  -3.034455 -23.031006 -5.759871  0.000221 1.000000 0.000120  0.075349 0.627009 1 64 1.000000
0  -3.045781 -23.031000 -5.774665  0.000106 1.000000 0.000139  0.075349 0.627009 1 64 1.000000
lowpoly_plastic
0  -3.045781 -23.031000 -5.774665  0.000106 1.000000 0.000139  0.075349 0.627009 1 64 1.000000
0  -3.200465 -23.031000 -5.774665  0.000000 1.000000 0.000000  0.075349 0.627009 1 64 1.000000
0  -3.200465 -23.031000 -5.749249  0.000003 1.000000 0.000012  0.075349 0.627009 1 64 1.000000
lowpoly_plastic
0  -2.615708 -22.082417 -5.181636  -0.000124 1.000000 0.000109  0.075349 0.627009 1 64 1.000000
0  -2.597172 -22.082417 -5.179888  -0.000029 1.000000 0.000430  0.075349 0.627009 1 64 1.000000
0  -2.597176 -22.082411 -5.188523  -0.000154 1.000000 0.000446  0.075349 0.627009 1 64 1.000000
lowpoly_plastic
0  -2.597176 -22.082411 -5.188523  -0.000154 1.000000 0.000446  0.075349 0.627009 1 64 1.000000
0  -3.034453 -22.082411 -5.759871  -0.000040 1.000000 -0.000118  0.075349 0.627009 1 64 1.000000
0  -2.615708 -22.082417 -5.181636  -0.000124 1.000000 0.000109  0.075349 0.627009 1 64 1.000000
lowpoly_plastic
0  -2.597169 -22.783978 -4.163397  0.060481 -0.766617 -0.639250  0.075349 0.627009 1 64 1.000000
0  -2.597174 -22.866314 -4.064663  0.060314 -0.766596 -0.639291  0.075349 0.627009 1 64 1.000000
0  -2.615710 -22.866316 -4.066411  0.060330 -0.766598 -0.639287  0.075349 0.627009 1 64 1.000000
lowpoly_plastic
0  -3.200461 -19.546263 -5.774664  1.000000 -0.000050 0.000000  0.075349 0.627009 1 64 1.000000
0  -3.200458 -19.463919 -5.774664  1.000000 -0.000043 0.000000  0.075349 0.627009 1 64 1.000000
0  -3.200458 -19.463919 -5.749250  1.000000 -0.000043 0.000000  0.075349 0.627009 1 64 1.000000
lowpoly_plastic
0  -2.597171 -20.886803 -4.163397  0.060218 -0.766560 -0.639343  0.075349 0.627009 1 64 1.000000
0  -2.597178 -20.969139 -4.064663  0.060590 -0.766592 -0.639269  0.075349 0.627009 1 64 1.000000
0  -2.615703 -20.969145 -4.066412  0.060554 -0.766589 -0.639276  0.075349 0.627009 1 64 1.000000
lowpoly_plastic
0  -2.597172 -23.030998 -4.163397  0.060180 0.766601 -0.639298  0.075349 0.627009 1 64 1.000000
0  -2.615709 -23.031000 -4.165144  0.060166 0.766603 -0.639297  0.075349 0.627009 1 64 1.000000
0  -2.615707 -22.948658 -4.066411  0.060317 0.766585 -0.639304  0.075349 0.627009 1 64 1.000000
lowpoly_plastic
0  -3.200461 -21.835382 -5.774665  1.000000 -0.000013 0.000000  0.075349 0.627009 1 64 1.000000
0  -3.200461 -21.835382 -5.749249  1.000000 -0.000014 0.000000  0.075349 0.627009 1 64 1.000000
0  -3.200462 -21.917727 -5.749249  1.000000 -0.000011 0.000000  0.075349 0.627009 1 64 1.000000
lowpoly_plastic
0  -2.597173 -23.505299 -4.163397  0.060262 0.766583 -0.639312  0.075349 0.627009 1 64 1.000000
0  -2.615708 -23.505299 -4.165144  0.060270 0.766584 -0.639310  0.075349 0.627009 1 64 1.000000
0  -2.615706 -23.422956 -4.066411  0.060184 0.766573 -0.639331  0.075349 0.627009 1 64 1.000000
lowpoly_plastic
0  -3.200463 -19.938208 -5.774664  1.000000 -0.000036 0.000000  0.075349 0.627009 1 64 1.000000
0  -3.200463 -19.938208 -5.749250  1.000000 -0.000036 0.000000  0.075349 0.627009 1 64 1.000000
0  -3.200466 -20.020552 -5.749250  1.000000 0.000019 0.000000  0.075349 0.627009 1 64 1.000000
lowpoly_plastic
0  -3.200461 -23.258265 -5.774665  1.000000 -0.000021 0.000000  0.075349 0.627009 1 64 1.000000
0  -3.200461 -23.258265 -5.749249  1.000000 -0.000021 0.000000  0.075349 0.627009 1 64 1.000000
0  -3.200463 -23.340609 -5.749249  1.000000 -0.000028 0.000000  0.075349 0.627009 1 64 1.000000
lowpoly_plastic
0  -2.615706 -22.556705 -5.181636  0.000091 1.000000 -0.000068  0.075349 0.627009 1 64 1.000000
0  -2.597176 -22.556707 -5.179888  0.000103 1.000000 -0.000000  0.075349 0.627009 1 64 1.000000
0  -2.597176 -22.556707 -5.188523  0.000091 1.000000 -0.000072  0.075349 0.627009 1 64 1.000000
lowpoly_plastic
0  -2.597176 -22.556707 -5.188523  0.000091 1.000000 -0.000072  0.075349 0.627009 1 64 1.000000
0  -3.034454 -22.556707 -5.759871  0.000080 1.000000 0.000117  0.075349 0.627009 1 64 1.000000
0  -2.615706 -22.556705 -5.181636  0.000091 1.000000 -0.000068  0.075349 0.627009 1 64 1.000000
lowpoly_plastic
0  -2.597170 -23.422953 -4.064662  0.093958 0.000001 -0.995576  0.075349 0.627009 1 64 1.000000
0  -2.615706 -23.422956 -4.066411  0.093956 0.000000 -0.995576  0.075349 0.627009 1 64 1.000000
0  -2.615706 -23.340607 -4.066411  0.093968 0.000005 -0.995575  0.075349 0.627009 1 64 1.000000
lowpoly_plastic
0  -2.597173 -20.185242 -5.179887  -0.000039 1.000000 0.000513  0.075349 0.627009 1 64 1.000000
0  -2.615706 -20.185242 -5.181635  -0.000168 1.000000 0.000200  0.075349 0.627009 1 64 1.000000
0  -2.615705 -20.185242 -4.165145  0.000000 1.000000 -0.000000  0.075349 0.627009 1 64 1.000000
lowpoly_plastic
0  -3.200461 -21.443430 -5.774665  1.000000 -0.000004 0.000000  0.075349 0.627009 1 64 1.000000
0  -3.200462 -21.361094 -5.774665  1.000000 0.000007 0.000000  0.075349 0.627009 1 64 1.000000
0  -3.200462 -21.361094 -5.749249  1.000000 0.000008 0.000000  0.075349 0.627009 1 64 1.000000
lowpoly_plastic
0  -3.200461 -21.443430 -5.774665  1.000000 -0.000004 0.000000  0.075349 0.627009 1 64 1.000000
0  -3.200461 -21.443430 -5.749249  1.000000 -0.000004 0.000000  0.075349 0.627009 1 64 1.000000
0  -3.200463 -21.525774 -5.749249  1.000000 -0.000011 0.000000  0.075349 0.627009 1 64 1.000000
lowpoly_plastic
0  -2.597176 -22.948658 -4.064662  0.093967 -0.000001 -0.995575  0.075349 0.627009 1 64 1.000000
0  -2.615707 -22.948658 -4.066411  0.093992 0.000003 -0.995573  0.075349 0.627009 1 64 1.000000
0  -2.615710 -22.866316 -4.066411  0.093841 -0.000021 -0.995587  0.075349 0.627009 1 64 1.000000
lowpoly_plastic
0  -3.044861 -24.453882 -5.749249  0.000108 1.000000 0.000057  0.075349 0.627009 1 64 1.000000
0  -3.034457 -24.453884 -5.759869  0.000183 1.000000 0.000037  0.075349 0.627009 1 64 1.000000
0  -3.045776 -24.453880 -5.774665  0.000095 1.000000 0.000217  0.075349 0.627009 1 64 1.000000
lowpoly_plastic
0  -3.045776 -24.453880 -5.774665  0.000095 1.000000 0.000217  0.075349 0.627009 1 64 1.000000
0  -3.200462 -24.453876 -5.774665  0.000025 1.000000 0.000000  0.075349 0.627009 1 64 1.000000
0  -3.200462 -24.453876 -5.749249  0.000026 1.000000 0.000025  0.075349 0.627009 1 64 1.000000
lowpoly_plastic
0  -2.615706 -24.928177 -5.181635  -0.000001 1.000000 -0.000067  0.075349 0.627009 1 64 1.000000
0  -2.597175 -24.928177 -5.179889  0.000000 1.000000 -0.000000  0.075349 0.627009 1 64 1.000000
0  -2.597175 -24.928177 -5.188523  0.000001 1.000000 -0.000072  0.075349 0.627009 1 64 1.000000
lowpoly_plastic
0  -2.597175 -24.928177 -5.188523  0.000001 1.000000 -0.000072  0.075349 0.627009 1 64 1.000000
0  -3.034456 -24.928173 -5.759870  -0.000388 1.000000 0.000199  0.075349 0.627009 1 64 1.000000
0  -2.615706 -24.928177 -5.181635  -0.000001 1.000000 -0.000067  0.075349 0.627009 1 64 1.000000
lowpoly_plastic
0  -3.200459 -22.866316 -5.774665  1.000000 0.000024 0.000000  0.075349 0.627009 1 64 1.000000
0  -3.200464 -22.783976 -5.774665  1.000000 0.000057 0.000000  0.075349 0.627009 1 64 1.000000
0  -3.200464 -22.783976 -5.749249  1.000000 0.000058 0.000000  0.075349 0.627009 1 64 1.000000
lowpoly_plastic
0  -2.597170 -24.206856 -4.163396  0.060449 -0.766605 -0.639268  0.075349 0.627009 1 64 1.000000
0  -2.597172 -24.289202 -4.064662  0.060014 -0.766572 -0.639348  0.075349 0.627009 1 64 1.000000
0  -2.615707 -24.289194 -4.066411  0.060056 -0.766575 -0.639340  0.075349 0.627009 1 64 1.000000
lowpoly_plastic
0  -2.597175 -23.979593 -4.163395  0.060439 0.766567 -0.639314  0.075349 0.627009 1 64 1.000000
0  -2.615704 -23.979591 -4.165144  0.060442 0.766568 -0.639313  0.075349 0.627009 1 64 1.000000
0  -2.615702 -23.897247 -4.066411  0.060414 0.766563 -0.639322  0.075349 0.627009 1 64 1.000000
lowpoly_plastic
0  -3.200463 -22.000071 -5.774665  1.000000 0.000018 0.000000  0.075349 0.627009 1 64 1.000000
0  -3.200463 -22.000071 -5.749249  1.000000 0.000017 0.000000  0.075349 0.627009 1 64 1.000000
0  -3.200459 -22.082413 -5.749249  1.000000 0.000048 0.000000  0.075349 0.627009 1 64 1.000000
lowpoly_plastic
0  -2.597174 -24.845833 -4.064662  0.093941 -0.000002 -0.995578  0.075349 0.627009 1 64 1.000000
0  -2.615708 -24.845835 -4.066411  0.093942 -0.000001 -0.995578  0.075349 0.627009 1 64 1.000000
0  -2.615707 -24.763493 -4.066411  0.093937 -0.000004 -0.995578  0.075349 0.627009 1 64 1.000000
lowpoly_plastic
0  -2.597175 -24.928177 -5.179889  0.000000 1.000000 -0.000000  0.075349 0.627009 1 64 1.000000
0  -2.615706 -24.928177 -5.181635  -0.000001 1.000000 -0.000067  0.075349 0.627009 1 64 1.000000
0  -2.615705 -24.928177 -4.165145  0.000000 1.000000 -0.000000  0.075349 0.627009 1 64 1.000000
lowpoly_plastic
0  -2.597169 -20.659534 -5.179888  -0.000235 1.000000 0.000277  0.075349 0.627009 1 64 1.000000
0  -2.615706 -20.659538 -5.181636  -0.000307 1.000000 0.000207  0.075349 0.627009 1 64 1.000000
0  -2.615705 -20.659538 -4.165146  -0.000206 1.000000 -0.000003  0.075349 0.627009 1 64 1.000000
lowpoly_plastic
0  -2.615706 -20.185242 -5.181635  -0.000168 1.000000 0.000200  0.075349 0.627009 1 64 1.000000
0  -2.597173 -20.185242 -5.179887  -0.000039 1.000000 0.000513  0.075349 0.627009 1 64 1.000000
0  -2.597172 -20.185234 -5.188522  -0.000205 1.000000 0.000604  0.075349 0.627009 1 64 1.000000
lowpoly_plastic
0  -2.597172 -20.185234 -5.188522  -0.000205 1.000000 0.000604  0.075349 0.627009 1 64 1.000000
0  -3.034457 -20.185236 -5.759870  -0.000493 1.000000 0.000223  0.075349 0.627009 1 64 1.000000
0  -2.615706 -20.185242 -5.181635  -0.000168 1.000000 0.000200  0.075349 0.627009 1 64 1.000000
lowpoly_plastic
0  -2.615706 -20.659538 -5.181636  -0.000307 1.000000 0.000207  0.075349 0.627009 1 64 1.000000
0  -2.597169 -20.659534 -5.179888  -0.000235 1.000000 0.000277  0.075349 0.627009 1 64 1.000000
0  -2.597173 -20.659529 -5.188523  -0.000337 1.000000 0.000431  0.075349 0.627009 1 64 1.000000
lowpoly_plastic
0  -2.597173 -20.659529 -5.188523  -0.000337 1.000000 0.000431  0.075349 0.627009 1 64 1.000000
0  -3.034457 -20.659533 -5.759870  -0.000019 1.000000 -0.000235  0.075349 0.627009 1 64 1.000000
0  -2.615706 -20.659538 -5.181636  -0.000307 1.000000 0.000207  0.075349 0.627009 1 64 1.000000
lowpoly_plastic
0  -3.044861 -19.710947 -5.749248  -0.000270 1.000000 0.000221  0.075349 0.627009 1 64 1.000000
0  -3.034455 -19.710939 -5.759870  -0.000490 1.000000 0.000220  0.075349 0.627009 1 64 1.000000
0  -3.045777 -19.710943 -5.774664  -0.000122 1.000000 0.000108  0.075349 0.627009 1 64 1.000000
lowpoly_plastic
0  -3.045777 -19.710943 -5.774664  -0.000122 1.000000 0.000108  0.075349 0.627009 1 64 1.000000
0  -3.200460 -19.710939 -5.774664  0.000025 1.000000 0.000000  0.075349 0.627009 1 64 1.000000
0  -3.200460 -19.710939 -5.749250  0.000027 1.000000 0.000012  0.075349 0.627009 1 64 1.000000
lowpoly_plastic
0  -3.200460 -24.845831 -5.774666  1.000000 0.000037 0.000000  0.075349 0.627009 1 64 1.000000
0  -3.200460 -24.845831 -5.749250  1.000000 0.000037 0.000000  0.075349 0.627009 1 64 1.000000
0  -3.200462 -24.928175 -5.749248  1.000000 -0.000021 0.000000  0.075349 0.627009 1 64 1.000000
lowpoly_plastic
0  -3.200460 -19.710939 -5.774664  1.000000 0.000071 0.000000  0.075349 0.627009 1 64 1.000000
0  -3.200466 -19.628601 -5.774664  1.000000 0.000007 0.000000  0.075349 0.627009 1 64 1.000000
0  -3.200466 -19.628601 -5.749250  1.000000 0.000007 0.000000  0.075349 0.627009 1 64 1.000000
lowpoly_plastic
0  -2.597175 -19.938213 -4.163396  0.060272 -0.766573 -0.639323  0.075349 0.627009 1 64 1.000000
0  -2.597170 -20.020554 -4.064662  0.060383 -0.766606 -0.639273  0.075349 0.627009 1 64 1.000000
0  -2.615708 -20.020555 -4.066411  0.060372 -0.766603 -0.639278  0.075349 0.627009 1 64 1.000000
lowpoly_plastic
0  -2.597173 -23.505299 -5.179888  0.000000 1.000000 0.000000  0.075349 0.627009 1 64 1.000000
0  -2.615709 -23.505299 -5.181636  0.000002 1.000000 0.000001  0.075349 0.627009 1 64 1.000000
0  -2.615708 -23.505299 -4.165144  0.000000 1.000000 0.000000  0.075349 0.627009 1 64 1.000000
lowpoly_plastic
0  -2.597175 -23.979593 -5.179888  0.000074 1.000000 0.000069  0.075349 0.627009 1 64 1.000000
0  -2.615704 -23.979591 -5.181636  -0.000032 1.000000 0.000152  0.075349 0.627009 1 64 1.000000
0  -2.615704 -23.979591 -4.165144  0.000103 1.000000 -0.000003  0.075349 0.627009 1 64 1.000000
lowpoly_plastic
0  -3.044864 -23.505291 -5.749249  -0.000110 1.000000 -0.000014  0.075349 0.627009 1 64 1.000000
0  -3.034455 -23.505289 -5.759871  -0.000220 1.000000 0.000081  0.075349 0.627009 1 64 1.000000
0  -3.045775 -23.505295 -5.774665  -0.000097 1.000000 -0.000157  0.075349 0.627009 1 64 1.000000
lowpoly_plastic
0  -3.045775 -23.505295 -5.774665  -0.000097 1.000000 -0.000157  0.075349 0.627009 1 64 1.000000
0  -3.200461 -23.505293 -5.774665  0.000012 1.000000 0.000000  0.075349 0.627009 1 64 1.000000
0  -3.200461 -23.505293 -5.749249  0.000010 1.000000 -0.000025  0.075349 0.627009 1 64 1.000000
lowpoly_plastic
0  -2.615704 -23.979591 -5.181636  -0.000032 1.000000 0.000152  0.075349 0.627009 1 64 1.000000
0  -2.597175 -23.979593 -5.179888  0.000074 1.000000 0.000069  0.075349 0.627009 1 64 1.000000
0  -2.597171 -23.979588 -5.188523  -0.000063 1.000000 0.000214  0.075349 0.627009 1 64 1.000000
lowpoly_plastic
0  -2.597171 -23.979588 -5.188523  -0.000063 1.000000 0.000214  0.075349 0.627009 1 64 1.000000
0  -3.034456 -23.979589 -5.759869  0.000286 1.000000 -0.000160  0.075349 0.627009 1 64 1.000000
0  -2.615704 -23.979591 -5.181636  -0.000032 1.000000 0.000152  0.075349 0.627009 1 64 1.000000
lowpoly_plastic
0  -3.044862 -20.185244 -5.749248  -0.000274 1.000000 0.000267  0.075349 0.627009 1 64 1.000000
0  -3.034457 -20.185236 -5.759870  -0.000493 1.000000 0.000223  0.075349 0.627009 1 64 1.000000
0  -3.045777 -20.185240 -5.774664  -0.000130 1.000000 0.000187  0.075349 0.627009 1 64 1.000000
lowpoly_plastic
0  -3.045777 -20.185240 -5.774664  -0.000130 1.000000 0.000187  0.075349 0.627009 1 64 1.000000
0  -3.200463 -20.185238 -5.774664  0.000012 1.000000 0.000000  0.075349 0.627009 1 64 1.000000
0  -3.200463 -20.185238 -5.749248  0.000015 1.000000 0.000025  0.075349 0.627009 1 64 1.000000
lowpoly_plastic
0  -2.597173 -23.897249 -4.064662  0.093967 0.000005 -0.995575  0.075349 0.627009 1 64 1.000000
0  -2.615702 -23.897247 -4.066411  0.093974 0.000006 -0.995575  0.075349 0.627009 1 64 1.000000
0  -2.615707 -23.814907 -4.066411  0.093932 -0.000001 -0.995579  0.075349 0.627009 1 64 1.000000
lowpoly_plastic
0  -3.200462 -22.309679 -5.749249  0.000001 -1.000000 0.000012  0.075349 0.627009 1 64 1.000000
0  -3.200462 -22.309679 -5.774665  0.000000 -1.000000 0.000000  0.075349 0.627009 1 64 1.000000
0  -3.045778 -22.309679 -5.774665  0.000078 -1.000000 0.000108  0.075349 0.627009 1 64 1.000000
lowpoly_plastic
0  -3.045778 -22.309679 -5.774665  0.000078 -1.000000 0.000108  0.075349 0.627009 1 64 1.000000
0  -3.034456 -22.309675 -5.759871  0.000180 -1.000000 0.000014  0.075349 0.627009 1 64 1.000000
0  -3.044866 -22.309677 -5.749249  0.000097 -1.000000 0.000024  0.075349 0.627009 1 64 1.000000
lowpoly_plastic
0  -2.597174 -21.525780 -4.064663  0.093953 0.000003 -0.995577  0.075349 0.627009 1 64 1.000000
0  -2.615705 -21.525776 -4.066412  0.093957 0.000004 -0.995576  0.075349 0.627009 1 64 1.000000
0  -2.615709 -21.443436 -4.066412  0.093933 -0.000001 -0.995579  0.075349 0.627009 1 64 1.000000
lowpoly_plastic
0  -2.597169 -20.659534 -4.163397  0.060211 0.766562 -0.639341  0.075349 0.627009 1 64 1.000000
0  -2.615705 -20.659538 -4.165146  0.060191 0.766559 -0.639347  0.075349 0.627009 1 64 1.000000
0  -2.615704 -20.577192 -4.066411  0.060390 0.766593 -0.639288  0.075349 0.627009 1 64 1.000000
lowpoly_plastic
0  -2.597176 -22.556707 -5.179888  0.000103 1.000000 -0.000000  0.075349 0.627009 1 64 1.000000
0  -2.615706 -22.556705 -5.181636  0.000091 1.000000 -0.000068  0.075349 0.627009 1 64 1.000000
0  -2.615705 -22.556705 -4.165146  0.000103 1.000000 -0.000000  0.075349 0.627009 1 64 1.000000
lowpoly_plastic
0  -2.615707 -21.608122 -5.181636  -0.000091 1.000000 0.000069  0.075349 0.627009 1 64 1.000000
0  -2.597169 -21.608120 -5.179888  -0.000103 1.000000 0.000001  0.075349 0.627009 1 64 1.000000
0  -2.597169 -21.608120 -5.188523  -0.000091 1.000000 0.000072  0.075349 0.627009 1 64 1.000000
lowpoly_plastic
0  -2.597169 -21.608120 -5.188523  -0.000091 1.000000 0.000072  0.075349 0.627009 1 64 1.000000
0  -3.034458 -21.608118 -5.759871  -0.000142 1.000000 0.000001  0.075349 0.627009 1 64 1.000000
0  -2.615707 -21.608122 -5.181636  -0.000091 1.000000 0.000069  0.075349 0.627009 1 64 1.000000
lowpoly_plastic
0  -3.200465 -23.031000 -5.774665  1.000000 -0.000057 0.000000  0.075349 0.627009 1 64 1.000000
0  -3.200460 -22.948664 -5.774665  1.000000 -0.000036 0.000000  0.075349 0.627009 1 64 1.000000
0  -3.200460 -22.948664 -5.749249  1.000000 -0.000036 0.000000  0.075349 0.627009 1 64 1.000000
lowpoly_plastic
0  -3.200458 -20.412502 -5.774664  1.000000 -0.000023 0.000000  0.075349 0.627009 1 64 1.000000
0  -3.200458 -20.412502 -5.749248  1.000000 -0.000021 0.000000  0.075349 0.627009 1 64 1.000000
0  -3.200460 -20.494844 -5.749248  1.000000 -0.000017 0.000000  0.075349 0.627009 1 64 1.000000
lowpoly_plastic
0  -3.200462 -20.969143 -5.774664  1.000000 0.000024 0.000000  0.075349 0.627009 1 64 1.000000
0  -3.200461 -20.886799 -5.774664  1.000000 -0.000014 0.000000  0.075349 0.627009 1 64 1.000000
0  -3.200461 -20.886799 -5.749248  1.000000 -0.000013 0.000000  0.075349 0.627009 1 64 1.000000
lowpoly_plastic
0  -2.597175 -24.928177 -4.163396  0.060329 0.766565 -0.639327  0.075349 0.627009 1 64 1.000000
0  -2.615705 -24.928177 -4.165145  0.060336 0.766564 -0.639327  0.075349 0.627009 1 64 1.000000
0  -2.615708 -24.845835 -4.066411  0.060259 0.766575 -0.639321  0.075349 0.627009 1 64 1.000000
lowpoly_plastic
0  -2.597176 -24.681150 -4.163396  0.060283 -0.766575 -0.639318  0.075349 0.627009 1 64 1.000000
0  -2.597170 -24.763489 -4.064662  0.060478 -0.766591 -0.639282  0.075349 0.627009 1 64 1.000000
0  -2.615707 -24.763493 -4.066411  0.060460 -0.766589 -0.639285  0.075349 0.627009 1 64 1.000000
lowpoly_plastic
0  -3.200461 -20.886799 -5.749248  0.000001 -1.000000 0.000000  0.075349 0.627009 1 64 1.000000
0  -3.200461 -20.886799 -5.774664  0.000000 -1.000000 0.000000  0.075349 0.627009 1 64 1.000000
0  -3.045776 -20.886799 -5.774664  0.000078 -1.000000 0.000030  0.075349 0.627009 1 64 1.000000
lowpoly_plastic
0  -3.045776 -20.886799 -5.774664  0.000078 -1.000000 0.000030  0.075349 0.627009 1 64 1.000000
0  -3.034454 -20.886795 -5.759870  0.000183 -1.000000 -0.000084  0.075349 0.627009 1 64 1.000000
0  -3.044864 -20.886797 -5.749248  0.000098 -1.000000 -0.000113  0.075349 0.627009 1 64 1.000000
lowpoly_plastic
0  -3.200464 -23.732559 -5.774665  1.000000 0.000058 0.000000  0.075349 0.627009 1 64 1.000000
0  -3.200464 -23.732559 -5.749249  1.000000 0.000057 0.000000  0.075349 0.627009 1 64 1.000000
0  -3.200459 -23.814901 -5.749249  1.000000 0.000011 0.000000  0.075349 0.627009 1 64 1.000000
lowpoly_plastic
0  -3.200463 -21.525774 -5.774665  1.000000 -0.000011 0.000000  0.075349 0.627009 1 64 1.000000
0  -3.200463 -21.525774 -5.749249  1.000000 -0.000011 0.000000  0.075349 0.627009 1 64 1.000000
0  -3.200463 -21.608120 -5.749249  1.000000 0.000000 0.000000  0.075349 0.627009 1 64 1.000000
lowpoly_plastic
0  -2.597169 -21.608120 -4.163397  0.060263 0.766574 -0.639322  0.075349 0.627009 1 64 1.000000
0  -2.615706 -21.608122 -4.165146  0.060240 0.766574 -0.639324  0.075349 0.627009 1 64 1.000000
0  -2.615705 -21.525776 -4.066412  0.060474 0.766574 -0.639302  0.075349 0.627009 1 64 1.000000
lowpoly_plastic
0  -3.044863 -22.082411 -5.749249  -0.000017 1.000000 -0.000043  0.075349 0.627009 1 64 1.000000
0  -3.034453 -22.082411 -5.759871  -0.000040 1.000000 -0.000118  0.075349 0.627009 1 64 1.000000
0  -3.045774 -22.082413 -5.774665  -0.000028 1.000000 -0.000060  0.075349 0.627009 1 64 1.000000
lowpoly_plastic
0  -3.045774 -22.082413 -5.774665  -0.000028 1.000000 -0.000060  0.075349 0.627009 1 64 1.000000
0  -3.200459 -22.082413 -5.774665  0.000000 1.000000 0.000000  0.075349 0.627009 1 64 1.000000
0  -3.200459 -22.082413 -5.749249  -0.000001 1.000000 0.000000  0.075349 0.627009 1 64 1.000000
lowpoly_plastic
0  -3.200461 -23.258265 -5.749249  -0.000001 -1.000000 -0.000012  0.075349 0.627009 1 64 1.000000
0  -3.200461 -23.258265 -5.774665  0.000000 -1.000000 0.000000  0.075349 0.627009 1 64 1.000000
0  -3.045777 -23.258265 -5.774665  -0.000078 -1.000000 -0.000048  0.075349 0.627009 1 64 1.000000
lowpoly_plastic
0  -3.045777 -23.258265 -5.774665  -0.000078 -1.000000 -0.000048  0.075349 0.627009 1 64 1.000000
0  -3.034451 -23.258268 -5.759871  -0.000183 -1.000000 0.000180  0.075349 0.627009 1 64 1.000000
0  -3.044862 -23.258266 -5.749249  -0.000099 -1.000000 0.000092  0.075349 0.627009 1 64 1.000000
lowpoly_plastic
0  -2.615709 -23.505299 -5.181636  0.000002 1.000000 0.000001  0.075349 0.627009 1 64 1.000000
0  -2.597173 -23.505299 -5.179888  0.000000 1.000000 0.000000  0.075349 0.627009 1 64 1.000000
0  -2.597173 -23.505299 -5.188523  0.000002 1.000000 0.000000  0.075349 0.627009 1 64 1.000000
lowpoly_plastic
0  -2.597173 -23.505299 -5.188523  0.000002 1.000000 0.000000  0.075349 0.627009 1 64 1.000000
0  -3.034455 -23.505289 -5.759871  -0.000220 1.000000 0.000081  0.075349 0.627009 1 64 1.000000
0  -2.615709 -23.505299 -5.181636  0.000002 1.000000 0.000001  0.075349 0.627009 1 64 1.000000
lowpoly_plastic
0  -3.044860 -20.659531 -5.749248  0.000019 1.000000 -0.000223  0.075349 0.627009 1 64 1.000000
0  -3.034457 -20.659533 -5.759870  -0.000019 1.000000 -0.000235  0.075349 0.627009 1 64 1.000000
0  -3.045779 -20.659538 -5.774664  -0.000038 1.000000 -0.000356  0.075349 0.627009 1 64 1.000000
lowpoly_plastic
0  -3.045779 -20.659538 -5.774664  -0.000038 1.000000 -0.000356  0.075349 0.627009 1 64 1.000000
0  -3.200457 -20.659533 -5.774664  0.000037 1.000000 0.000000  0.075349 0.627009 1 64 1.000000
0  -3.200457 -20.659533 -5.749248  0.000032 1.000000 -0.000037  0.075349 0.627009 1 64 1.000000
lowpoly_plastic
0  -2.597174 -22.309683 -4.163397  0.060243 -0.766576 -0.639322  0.075349 0.627009 1 64 1.000000
0  -2.597171 -22.392025 -4.064663  0.060317 -0.766568 -0.639324  0.075349 0.627009 1 64 1.000000
0  -2.615707 -22.392025 -4.066412  0.060310 -0.766568 -0.639324  0.075349 0.627009 1 64 1.000000
lowpoly_plastic
0  -3.200466 -23.422953 -5.774665  1.000000 0.000011 0.000000  0.075349 0.627009 1 64 1.000000
0  -3.200466 -23.422953 -5.749249  1.000000 0.000011 0.000000  0.075349 0.627009 1 64 1.000000
0  -3.200461 -23.505293 -5.749249  1.000000 0.000057 0.000000  0.075349 0.627009 1 64 1.000000
lowpoly_plastic
0  -2.615710 -23.031000 -5.181636  -0.000093 1.000000 0.000069  0.075349 0.627009 1 64 1.000000
0  -2.597172 -23.030998 -5.179888  -0.000103 1.000000 0.000001  0.075349 0.627009 1 64 1.000000
0  -2.597172 -23.030998 -5.188523  -0.000093 1.000000 0.000072  0.075349 0.627009 1 64 1.000000
lowpoly_plastic
0  -2.597172 -23.030998 -5.188523  -0.000093 1.000000 0.000072  0.075349 0.627009 1 64 1.000000
0  -3.034455 -23.031006 -5.759871  0.000221 1.000000 0.000120  0.075349 0.627009 1 64 1.000000
0  -2.615710 -23.031000 -5.181636  -0.000093 1.000000 0.000069  0.075349 0.627009 1 64 1.000000
lowpoly_plastic
0  -3.200462 -20.969143 -5.774664  1.000000 0.000024 0.000000  0.075349 0.627009 1 64 1.000000
0  -3.200462 -20.969143 -5.749248  1.000000 0.000025 0.000000  0.075349 0.627009 1 64 1.000000
0  -3.200457 -21.051483 -5.749248  1.000000 -0.000007 0.000000  0.075349 0.627009 1 64 1.000000
lowpoly_plastic
0  -3.200463 -23.340609 -5.774665  1.000000 -0.000028 0.000000  0.075349 0.627009 1 64 1.000000
0  -3.200463 -23.340609 -5.749249  1.000000 -0.000028 0.000000  0.075349 0.627009 1 64 1.000000
0  -3.200466 -23.422953 -5.749249  1.000000 0.000011 0.000000  0.075349 0.627009 1 64 1.000000
lowpoly_plastic
0  -2.597176 -22.556707 -4.163397  0.060428 0.766589 -0.639288  0.075349 0.627009 1 64 1.000000
0  -2.615705 -22.556705 -4.165146  0.060440 0.766588 -0.639289  0.075349 0.627009 1 64 1.000000
0  -2.615709 -22.474369 -4.066411  0.060315 0.766606 -0.639279  0.075349 0.627009 1 64 1.000000
lowpoly_plastic
0  -2.597175 -23.732565 -4.163395  0.060129 -0.766580 -0.639327  0.075349 0.627009 1 64 1.000000
0  -2.597171 -23.814907 -4.064662  0.060316 -0.766578 -0.639312  0.075349 0.627009 1 64 1.000000
0  -2.615707 -23.814907 -4.066411  0.060298 -0.766578 -0.639314  0.075349 0.627009 1 64 1.000000
lowpoly_plastic
0  -2.597173 -20.185242 -4.163396  0.060316 0.766583 -0.639307  0.075349 0.627009 1 64 1.000000
0  -2.615705 -20.185242 -4.165145  0.060330 0.766585 -0.639303  0.075349 0.627009 1 64 1.000000
0  -2.615708 -20.102901 -4.066411  0.060190 0.766564 -0.639340  0.075349 0.627009 1 64 1.000000
lowpoly_plastic
0  -2.597176 -23.258266 -4.163397  0.060320 -0.766583 -0.639306  0.075349 0.627009 1 64 1.000000
0  -2.597175 -23.340614 -4.064662  0.060026 -0.766572 -0.639347  0.075349 0.627009 1 64 1.000000
0  -2.615706 -23.340607 -4.066411  0.060055 -0.766573 -0.639343  0.075349 0.627009 1 64 1.000000
lowpoly_plastic
0  -2.597172 -19.710947 -5.179887  0.000204 1.000000 0.000002  0.075349 0.627009 1 64 1.000000
0  -2.615703 -19.710943 -5.181635  0.000182 1.000000 -0.000133  0.075349 0.627009 1 64 1.000000
0  -2.615709 -19.710947 -4.165145  0.000002 1.000000 0.000000  0.075349 0.627009 1 64 1.000000
lowpoly_plastic
0  -2.597172 -24.453882 -4.163396  0.060261 0.766547 -0.639354  0.075349 0.627009 1 64 1.000000
0  -2.615708 -24.453884 -4.165145  0.060238 0.766545 -0.639359  0.075349 0.627009 1 64 1.000000
0  -2.615709 -24.371536 -4.066411  0.060475 0.766564 -0.639314  0.075349 0.627009 1 64 1.000000
lowpoly_plastic
0  -3.200462 -22.309679 -5.774665  1.000000 -0.000023 0.000000  0.075349 0.627009 1 64 1.000000
0  -3.200462 -22.309679 -5.749249  1.000000 -0.000021 0.000000  0.075349 0.627009 1 64 1.000000
0  -3.200464 -22.392025 -5.749249  1.000000 0.000022 0.000000  0.075349 0.627009 1 64 1.000000
lowpoly_plastic
0  -2.615703 -19.710943 -5.181635  0.000182 1.000000 -0.000133  0.075349 0.627009 1 64 1.000000
0  -2.597172 -19.710947 -5.179887  0.000204 1.000000 0.000002  0.075349 0.627009 1 64 1.000000
0  -2.597172 -19.710947 -5.188522  0.000185 1.000000 -0.000144  0.075349 0.627009 1 64 1.000000
lowpoly_plastic
0  -2.597172 -19.710947 -5.188522  0.000185 1.000000 -0.000144  0.075349 0.627009 1 64 1.000000
0  -3.034455 -19.710939 -5.759870  -0.000490 1.000000 0.000220  0.075349 0.627009 1 64 1.000000
0  -2.615703 -19.710943 -5.181635  0.000182 1.000000 -0.000133  0.075349 0.627009 1 64 1.000000
lowpoly_plastic
0  -2.615704 -21.133823 -5.181636  0.000183 1.000000 -0.000069  0.075349 0.627009 1 64 1.000000
0  -2.597175 -21.133827 -5.179888  0.000206 1.000000 0.000000  0.075349 0.627009 1 64 1.000000
0  -2.597175 -21.133827 -5.188523  0.000183 1.000000 -0.000072  0.075349 0.627009 1 64 1.000000
lowpoly_plastic
0  -2.597175 -21.133827 -5.188523  0.000183 1.000000 -0.000072  0.075349 0.627009 1 64 1.000000
0  -3.034451 -21.133827 -5.759871  0.000183 1.000000 0.000036  0.075349 0.627009 1 64 1.000000
0  -2.615704 -21.133823 -5.181636  0.000183 1.000000 -0.000069  0.075349 0.627009 1 64 1.000000
lowpoly_plastic
0  -3.044867 -23.979586 -5.749249  0.000151 1.000000 -0.000154  0.075349 0.627009 1 64 1.000000
0  -3.034456 -23.979589 -5.759869  0.000286 1.000000 -0.000160  0.075349 0.627009 1 64 1.000000
0  -3.045783 -23.979586 -5.774665  0.000080 1.000000 0.000000  0.075349 0.627009 1 64 1.000000
lowpoly_plastic
0  -3.045783 -23.979586 -5.774665  0.000080 1.000000 0.000000  0.075349 0.627009 1 64 1.000000
0  -3.200462 -23.979589 -5.774665  -0.000025 1.000000 0.000000  0.075349 0.627009 1 64 1.000000
0  -3.200462 -23.979589 -5.749249  -0.000025 1.000000 0.000000  0.075349 0.627009 1 64 1.000000
lowpoly_plastic
0  -3.200459 -23.814901 -5.774665  1.000000 0.000013 0.000000  0.075349 0.627009 1 64 1.000000
0  -3.200459 -23.814901 -5.749249  1.000000 0.000011 0.000000  0.075349 0.627009 1 64 1.000000
0  -3.200462 -23.897243 -5.749247  1.000000 -0.000016 0.000000  0.075349 0.627009 1 64 1.000000
lowpoly_plastic
0  -2.597172 -20.102898 -4.064662  0.093955 -0.000000 -0.995576  0.075349 0.627009 1 64 1.000000
0  -2.615708 -20.102901 -4.066411  0.093960 0.000000 -0.995576  0.075349 0.627009 1 64 1.000000
0  -2.615708 -20.020555 -4.066411  0.093930 -0.000002 -0.995579  0.075349 0.627009 1 64 1.000000
lowpoly_plastic
0  -2.597175 -21.133827 -4.163397  0.060499 0.766566 -0.639309  0.075349 0.627009 1 64 1.000000
0  -2.615704 -21.133823 -4.165146  0.060517 0.766566 -0.639307  0.075349 0.627009 1 64 1.000000
0  -2.615710 -21.051483 -4.066412  0.060331 0.766565 -0.639326  0.075349 0.627009 1 64 1.000000
lowpoly_plastic
0  -2.597174 -20.577194 -4.064662  0.093961 -0.000001 -0.995576  0.075349 0.627009 1 64 1.000000
0  -2.615704 -20.577192 -4.066411  0.093962 -0.000001 -0.995576  0.075349 0.627009 1 64 1.000000
0  -2.615703 -20.494848 -4.066411  0.093958 -0.000000 -0.995576  0.075349 0.627009 1 64 1.000000
lowpoly_plastic
0  -3.200461 -21.835382 -5.749249  -0.000003 -1.000000 -0.000012  0.075349 0.627009 1 64 1.000000
0  -3.200461 -21.835382 -5.774665  0.000000 -1.000000 0.000000  0.075349 0.627009 1 64 1.000000
0  -3.045776 -21.835382 -5.774665  -0.000057 -1.000000 -0.000108  0.075349 0.627009 1 64 1.000000
lowpoly_plastic
0  -3.045776 -21.835382 -5.774665  -0.000057 -1.000000 -0.000108  0.075349 0.627009 1 64 1.000000
0  -3.034451 -21.835386 -5.759871  -0.000081 -1.000000 -0.000040  0.075349 0.627009 1 64 1.000000
0  -3.044860 -21.835386 -5.749249  -0.000039 -1.000000 -0.000049  0.075349 0.627009 1 64 1.000000
lowpoly_plastic
0  -3.200460 -20.494844 -5.774664  1.000000 -0.000018 0.000000  0.075349 0.627009 1 64 1.000000
0  -3.200460 -20.494844 -5.749248  1.000000 -0.000017 0.000000  0.075349 0.627009 1 64 1.000000
0  -3.200461 -20.577192 -5.749248  1.000000 0.000018 0.000000  0.075349 0.627009 1 64 1.000000
lowpoly_plastic
0  -2.597172 -19.628601 -4.064662  0.093969 -0.000001 -0.995575  0.075349 0.627009 1 64 1.000000
0  -2.615706 -19.628603 -4.066411  0.093973 -0.000001 -0.995575  0.075349 0.627009 1 64 1.000000
0  -2.615705 -19.546257 -4.066411  0.093947 -0.000000 -0.995577  0.075349 0.627009 1 64 1.000000
lowpoly_plastic
0  -2.615709 -24.453884 -5.181637  -0.000091 1.000000 -0.000002  0.075349 0.627009 1 64 1.000000
0  -2.597172 -24.453882 -5.179889  -0.000103 1.000000 -0.000001  0.075349 0.627009 1 64 1.000000
0  -2.597172 -24.453882 -5.188523  -0.000092 1.000000 0.000000  0.075349 0.627009 1 64 1.000000
lowpoly_plastic
0  -2.597172 -24.453882 -5.188523  -0.000092 1.000000 0.000000  0.075349 0.627009 1 64 1.000000
0  -3.034457 -24.453884 -5.759869  0.000183 1.000000 0.000037  0.075349 0.627009 1 64 1.000000
0  -2.615709 -24.453884 -5.181637  -0.000091 1.000000 -0.000002  0.075349 0.627009 1 64 1.000000
lowpoly_plastic
0  -3.200461 -19.546263 -5.774664  1.000000 -0.000050 0.000000  0.075349 0.627009 1 64 1.000000
0  -3.200461 -19.546263 -5.749250  1.000000 -0.000050 0.000000  0.075349 0.627009 1 64 1.000000
0  -3.200466 -19.628601 -5.749250  1.000000 0.000007 0.000000  0.075349 0.627009 1 64 1.000000
lowpoly_plastic
0  -3.044865 -22.556707 -5.749249  0.000029 1.000000 0.000043  0.075349 0.627009 1 64 1.000000
0  -3.034454 -22.556707 -5.759871  0.000080 1.000000 0.000117  0.075349 0.627009 1 64 1.000000
0  -3.045780 -22.556704 -5.774665  0.000039 1.000000 0.000060  0.075349 0.627009 1 64 1.000000
lowpoly_plastic
0  -3.045780 -22.556704 -5.774665  0.000039 1.000000 0.000060  0.075349 0.627009 1 64 1.000000
0  -3.200462 -22.556707 -5.774665  -0.000025 1.000000 0.000000  0.075349 0.627009 1 64 1.000000
0  -3.200462 -22.556707 -5.749249  -0.000022 1.000000 0.000000  0.075349 0.627009 1 64 1.000000
lowpoly_plastic
0  -2.597172 -24.453882 -5.179889  -0.000103 1.000000 -0.000001  0.075349 0.627009 1 64 1.000000
0  -2.615709 -24.453884 -5.181637  -0.000091 1.000000 -0.000002  0.075349 0.627009 1 64 1.000000
0  -2.615708 -24.453884 -4.165145  -0.000103 1.000000 0.000003  0.075349 0.627009 1 64 1.000000
lowpoly_plastic
0  -3.200463 -19.938208 -5.749250  -0.000014 -1.000000 0.000000  0.075349 0.627009 1 64 1.000000
0  -3.200463 -19.938208 -5.774664  -0.000012 -1.000000 0.000000  0.075349 0.627009 1 64 1.000000
0  -3.045778 -19.938210 -5.774664  -0.000086 -1.000000 0.000000  0.075349 0.627009 1 64 1.000000
lowpoly_plastic
0  -3.045778 -19.938210 -5.774664  -0.000086 -1.000000 0.000000  0.075349 0.627009 1 64 1.000000
0  -3.034453 -19.938213 -5.759870  -0.000182 -1.000000 0.000037  0.075349 0.627009 1 64 1.000000
0  -3.044864 -19.938211 -5.749248  -0.000103 -1.000000 0.000036  0.075349 0.627009 1 64 1.000000
lowpoly_plastic
0  -2.597175 -19.463915 -4.163396  0.060329 -0.766577 -0.639312  0.075349 0.627009 1 64 1.000000
0  -2.597172 -19.546257 -4.064662  0.060325 -0.766563 -0.639329  0.075349 0.627009 1 64 1.000000
0  -2.615705 -19.546257 -4.066411  0.060325 -0.766564 -0.639328  0.075349 0.627009 1 64 1.000000
lowpoly_plastic
0  -3.200457 -21.051483 -5.774664  1.000000 -0.000006 0.000000  0.075349 0.627009 1 64 1.000000
0  -3.200457 -21.051483 -5.749248  1.000000 -0.000007 0.000000  0.075349 0.627009 1 64 1.000000
0  -3.200463 -21.133823 -5.749248  1.000000 -0.000065 0.000000  0.075349 0.627009 1 64 1.000000
lowpoly_plastic
0  -2.597175 -21.133827 -5.179888  0.000206 1.000000 0.000000  0.075349 0.627009 1 64 1.000000
0  -2.615704 -21.133823 -5.181636  0.000183 1.000000 -0.000069  0.075349 0.627009 1 64 1.000000
0  -2.615704 -21.133823 -4.165146  0.000206 1.000000 0.000000  0.075349 0.627009 1 64 1.000000
lowpoly_plastic
0  -3.200460 -24.289198 -5.774665  1.000000 -0.000018 0.000000  0.075349 0.627009 1 64 1.000000
0  -3.200460 -24.289198 -5.749249  1.000000 -0.000017 0.000000  0.075349 0.627009 1 64 1.000000
0  -3.200462 -24.371542 -5.749249  1.000000 -0.000011 0.000000  0.075349 0.627009 1 64 1.000000
lowpoly_plastic
0  -3.034455 -19.710939 -5.759870  0.794130 0.000007 -0.607747  0.075349 0.627009 1 64 1.000000
0  -2.597172 -19.710947 -5.188522  0.794118 0.000006 -0.607764  0.075349 0.627009 1 64 1.000000
0  -2.597170 -19.938210 -5.188522  0.794115 0.000006 -0.607767  0.075349 0.627009 1 64 1.000000
lowpoly_plastic
0  -3.034453 -19.938213 -5.759870  0.794080 0.000002 -0.607814  0.075349 0.627009 1 64 1.000000
0  -3.045778 -19.938210 -5.774664  0.794048 -0.000004 -0.607855  0.075349 0.627009 1 64 1.000000
0  -3.045777 -19.710943 -5.774664  0.794147 0.000006 -0.607726  0.075349 0.627009 1 64 1.000000
lowpoly_plastic
0  -3.034455 -19.710939 -5.759870  0.794130 0.000007 -0.607747  0.075349 0.627009 1 64 1.000000
0  -2.597170 -19.938210 -5.188522  0.794115 0.000006 -0.607767  0.075349 0.627009 1 64 1.000000
0  -3.034453 -19.938213 -5.759870  0.794080 0.000002 -0.607814  0.075349 0.627009 1 64 1.000000
lowpoly_plastic
0  -3.034457 -20.185236 -5.759870  0.794142 -0.000005 -0.607732  0.075349 0.627009 1 64 1.000000
0  -2.597172 -20.185234 -5.188522  0.794113 0.000007 -0.607770  0.075349 0.627009 1 64 1.000000
0  -2.597170 -20.412506 -5.188522  0.794111 0.000006 -0.607773  0.075349 0.627009 1 64 1.000000
lowpoly_plastic
0  -2.597170 -20.412506 -5.188522  0.794111 0.000006 -0.607773  0.075349 0.627009 1 64 1.000000
0  -3.034457 -20.412502 -5.759870  0.794089 0.000000 -0.607801  0.075349 0.627009 1 64 1.000000
0  -3.034457 -20.185236 -5.759870  0.794142 -0.000005 -0.607732  0.075349 0.627009 1 64 1.000000
lowpoly_plastic
0  -3.045781 -20.412508 -5.774664  0.794082 -0.000001 -0.607811  0.075349 0.627009 1 64 1.000000
0  -3.045777 -20.185240 -5.774664  0.794186 -0.000012 -0.607675  0.075349 0.627009 1 64 1.000000
0  -3.034457 -20.185236 -5.759870  0.794142 -0.000005 -0.607732  0.075349 0.627009 1 64 1.000000
lowpoly_plastic
0  -3.034457 -20.659533 -5.759870  0.794119 0.000008 -0.607762  0.075349 0.627009 1 64 1.000000
0  -2.597173 -20.659529 -5.188523  0.794111 -0.000009 -0.607773  0.075349 0.627009 1 64 1.000000
0  -2.597176 -20.886795 -5.188523  0.794111 -0.000005 -0.607773  0.075349 0.627009 1 64 1.000000
lowpoly_plastic
0  -2.597176 -20.886795 -5.188523  0.794111 -0.000005 -0.607773  0.075349 0.627009 1 64 1.000000
0  -3.034454 -20.886795 -5.759870  0.794122 0.000010 -0.607758  0.075349 0.627009 1 64 1.000000
0  -3.034457 -20.659533 -5.759870  0.794119 0.000008 -0.607762  0.075349 0.627009 1 64 1.000000
lowpoly_plastic
0  -3.045776 -20.886799 -5.774664  0.794133 0.000011 -0.607743  0.075349 0.627009 1 64 1.000000
0  -3.045779 -20.659538 -5.774664  0.794127 0.000011 -0.607752  0.075349 0.627009 1 64 1.000000
0  -3.034457 -20.659533 -5.759870  0.794119 0.000008 -0.607762  0.075349 0.627009 1 64 1.000000
lowpoly_plastic
0  -3.034451 -21.133827 -5.759871  0.794060 -0.000009 -0.607839  0.075349 0.627009 1 64 1.000000
0  -2.597175 -21.133827 -5.188523  0.794114 0.000013 -0.607769  0.075349 0.627009 1 64 1.000000
0  -2.597171 -21.361090 -5.188523  0.794113 0.000007 -0.607770  0.075349 0.627009 1 64 1.000000
lowpoly_plastic
0  -2.597171 -21.361090 -5.188523  0.794113 0.000007 -0.607770  0.075349 0.627009 1 64 1.000000
0  -3.034456 -21.361094 -5.759871  0.794094 -0.000017 -0.607795  0.075349 0.627009 1 64 1.000000
0  -3.034451 -21.133827 -5.759871  0.794060 -0.000009 -0.607839  0.075349 0.627009 1 64 1.000000
lowpoly_plastic
0  -3.045780 -21.361090 -5.774665  0.794076 -0.000017 -0.607819  0.075349 0.627009 1 64 1.000000
0  -3.045778 -21.133823 -5.774665  0.794007 -0.000007 -0.607908  0.075349 0.627009 1 64 1.000000
0  -3.034451 -21.133827 -5.759871  0.794060 -0.000009 -0.607839  0.075349 0.627009 1 64 1.000000
lowpoly_plastic
0  -3.034458 -21.608118 -5.759871  0.794137 0.000012 -0.607738  0.075349 0.627009 1 64 1.000000
0  -2.597169 -21.608120 -5.188523  0.794110 -0.000013 -0.607774  0.075349 0.627009 1 64 1.000000
0  -2.597173 -21.835388 -5.188523  0.794110 -0.000006 -0.607774  0.075349 0.627009 1 64 1.000000
lowpoly_plastic
0  -2.597173 -21.835388 -5.188523  0.794110 -0.000006 -0.607774  0.075349 0.627009 1 64 1.000000
0  -3.034451 -21.835386 -5.759871  0.794090 0.000023 -0.607800  0.075349 0.627009 1 64 1.000000
0  -3.034458 -21.608118 -5.759871  0.794137 0.000012 -0.607738  0.075349 0.627009 1 64 1.000000
lowpoly_plastic
0  -3.045776 -21.835382 -5.774665  0.794075 0.000022 -0.607820  0.075349 0.627009 1 64 1.000000
0  -3.045778 -21.608120 -5.774665  0.794170 0.000007 -0.607696  0.075349 0.627009 1 64 1.000000
0  -3.034458 -21.608118 -5.759871  0.794137 0.000012 -0.607738  0.075349 0.627009 1 64 1.000000
lowpoly_plastic
0  -3.034453 -22.082411 -5.759871  0.794136 -0.000008 -0.607740  0.075349 0.627009 1 64 1.000000
0  -2.597176 -22.082411 -5.188523  0.794117 0.000007 -0.607764  0.075349 0.627009 1 64 1.000000
0  -2.597174 -22.309683 -5.188523  0.794116 0.000004 -0.607766  0.075349 0.627009 1 64 1.000000
lowpoly_plastic
0  -3.034456 -22.309675 -5.759871  0.794118 -0.000012 -0.607763  0.075349 0.627009 1 64 1.000000
0  -3.045778 -22.309679 -5.774665  0.794124 -0.000014 -0.607755  0.075349 0.627009 1 64 1.000000
0  -3.045774 -22.082413 -5.774665  0.794158 -0.000009 -0.607711  0.075349 0.627009 1 64 1.000000
lowpoly_plastic
0  -3.034453 -22.082411 -5.759871  0.794136 -0.000008 -0.607740  0.075349 0.627009 1 64 1.000000
0  -2.597174 -22.309683 -5.188523  0.794116 0.000004 -0.607766  0.075349 0.627009 1 64 1.000000
0  -3.034456 -22.309675 -5.759871  0.794118 -0.000012 -0.607763  0.075349 0.627009 1 64 1.000000
lowpoly_plastic
0  -3.034454 -22.556707 -5.759871  0.794072 0.000002 -0.607823  0.075349 0.627009 1 64 1.000000
0  -2.597176 -22.556707 -5.188523  0.794114 0.000010 -0.607769  0.075349 0.627009 1 64 1.000000
0  -2.597173 -22.783970 -5.188523  0.794113 0.000006 -0.607770  0.075349 0.627009 1 64 1.000000
lowpoly_plastic
0  -2.597173 -22.783970 -5.188523  0.794113 0.000006 -0.607770  0.075349 0.627009 1 64 1.000000
0  -3.034457 -22.783972 -5.759871  0.794158 -0.000010 -0.607712  0.075349 0.627009 1 64 1.000000
0  -3.034454 -22.556707 -5.759871  0.794072 0.000002 -0.607823  0.075349 0.627009 1 64 1.000000
lowpoly_plastic
0  -3.045777 -22.783979 -5.774665  0.794196 -0.000009 -0.607662  0.075349 0.627009 1 64 1.000000
0  -3.045780 -22.556704 -5.774665  0.794024 0.000011 -0.607886  0.075349 0.627009 1 64 1.000000
0  -3.034454 -22.556707 -5.759871  0.794072 0.000002 -0.607823  0.075349 0.627009 1 64 1.000000
lowpoly_plastic
0  -3.034455 -23.031006 -5.759871  0.794076 0.000011 -0.607819  0.075349 0.627009 1 64 1.000000
0  -2.597172 -23.030998 -5.188523  0.794106 -0.000013 -0.607779  0.075349 0.627009 1 64 1.000000
0  -2.597176 -23.258266 -5.188523  0.794109 -0.000008 -0.607775  0.075349 0.627009 1 64 1.000000
lowpoly_plastic
0  -2.597176 -23.258266 -5.188523  0.794109 -0.000008 -0.607775  0.075349 0.627009 1 64 1.000000
0  -3.034451 -23.258268 -5.759871  0.794085 0.000013 -0.607806  0.075349 0.627009 1 64 1.000000
0  -3.034455 -23.031006 -5.759871  0.794076 0.000011 -0.607819  0.075349 0.627009 1 64 1.000000
lowpoly_plastic
0  -3.045777 -23.258265 -5.774665  0.794048 0.000012 -0.607855  0.075349 0.627009 1 64 1.000000
0  -3.045781 -23.031000 -5.774665  0.794032 0.000014 -0.607876  0.075349 0.627009 1 64 1.000000
0  -3.034455 -23.031006 -5.759871  0.794076 0.000011 -0.607819  0.075349 0.627009 1 64 1.000000
lowpoly_plastic
0  -3.034455 -23.505289 -5.759871  0.794151 -0.000013 -0.607720  0.075349 0.627009 1 64 1.000000
0  -2.597173 -23.505299 -5.188523  0.794111 0.000013 -0.607773  0.075349 0.627009 1 64 1.000000
0  -2.597169 -23.732561 -5.188523  0.794111 0.000008 -0.607773  0.075349 0.627009 1 64 1.000000
lowpoly_plastic
0  -2.597169 -23.732561 -5.188523  0.794111 0.000008 -0.607773  0.075349 0.627009 1 64 1.000000
0  -3.034459 -23.732559 -5.759871  0.794127 -0.000013 -0.607752  0.075349 0.627009 1 64 1.000000
0  -3.034455 -23.505289 -5.759871  0.794151 -0.000013 -0.607720  0.075349 0.627009 1 64 1.000000
lowpoly_plastic
0  -3.045780 -23.732559 -5.774665  0.794147 -0.000013 -0.607726  0.075349 0.627009 1 64 1.000000
0  -3.045775 -23.505295 -5.774665  0.794195 -0.000018 -0.607663  0.075349 0.627009 1 64 1.000000
0  -3.034455 -23.505289 -5.759871  0.794151 -0.000013 -0.607720  0.075349 0.627009 1 64 1.000000
lowpoly_plastic
0  -3.034456 -23.979589 -5.759869  0.794084 0.000007 -0.607808  0.075349 0.627009 1 64 1.000000
0  -2.597171 -23.979588 -5.188523  0.794105 -0.000013 -0.607780  0.075349 0.627009 1 64 1.000000
0  -2.597175 -24.206850 -5.188523  0.794105 -0.000013 -0.607780  0.075349 0.627009 1 64 1.000000
lowpoly_plastic
0  -2.597175 -24.206850 -5.188523  0.794105 -0.000013 -0.607780  0.075349 0.627009 1 64 1.000000
0  -3.034460 -24.206854 -5.759869  0.794238 -0.000013 -0.607607  0.075349 0.627009 1 64 1.000000
0  -3.034456 -23.979589 -5.759869  0.794084 0.000007 -0.607808  0.075349 0.627009 1 64 1.000000
lowpoly_plastic
0  -3.045774 -24.206856 -5.774665  0.794352 -0.000010 -0.607458  0.075349 0.627009 1 64 1.000000
0  -3.045783 -23.979586 -5.774665  0.794045 0.000030 -0.607858  0.075349 0.627009 1 64 1.000000
0  -3.034456 -23.979589 -5.759869  0.794084 0.000007 -0.607808  0.075349 0.627009 1 64 1.000000
lowpoly_plastic
0  -3.034457 -24.453884 -5.759869  0.794170 0.000010 -0.607696  0.075349 0.627009 1 64 1.000000
0  -2.597172 -24.453882 -5.188523  0.794113 -0.000013 -0.607770  0.075349 0.627009 1 64 1.000000
0  -2.597176 -24.681150 -5.188523  0.794113 -0.000008 -0.607771  0.075349 0.627009 1 64 1.000000
lowpoly_plastic
0  -3.034454 -24.681149 -5.759870  0.794106 0.000003 -0.607780  0.075349 0.627009 1 64 1.000000
0  -3.045779 -24.681147 -5.774666  0.794094 -0.000008 -0.607795  0.075349 0.627009 1 64 1.000000
0  -3.045776 -24.453880 -5.774665  0.794221 0.000011 -0.607628  0.075349 0.627009 1 64 1.000000
lowpoly_plastic
0  -3.034457 -24.453884 -5.759869  0.794170 0.000010 -0.607696  0.075349 0.627009 1 64 1.000000
0  -2.597176 -24.681150 -5.188523  0.794113 -0.000008 -0.607771  0.075349 0.627009 1 64 1.000000
0  -3.034454 -24.681149 -5.759870  0.794106 0.000003 -0.607780  0.075349 0.627009 1 64 1.000000
lowpoly_plastic
0  -3.034456 -24.928173 -5.759870  0.794113 0.000000 -0.607771  0.075349 0.627009 1 64 1.000000
0  -2.597175 -24.928177 -5.188523  0.794111 0.000004 -0.607772  0.075349 0.627009 1 64 1.000000
0  -2.597169 -26.124836 -5.188523  0.794107 0.000000 -0.607778  0.075349 0.627009 1 64 1.000000
lowpoly_plastic
0  -2.597169 -26.124836 -5.188523  0.794107 0.000000 -0.607778  0.075349 0.627009 1 64 1.000000
0  -3.045782 -26.124830 -5.774664  0.794105 -0.000002 -0.607780  0.075349 0.627009 1 64 1.000000
0  -3.034456 -24.928173 -5.759870  0.794113 0.000000 -0.607771  0.075349 0.627009 1 64 1.000000
lowpoly_plastic
0  -3.200458 -19.463919 -5.749250  0.000036 -1.000000 -0.000012  0.075349 0.627009 1 64 1.000000
0  -3.200458 -19.463919 -5.774664  0.000037 -1.000000 0.000000  0.075349 0.627009 1 64 1.000000
0  -3.045778 -19.463913 -5.774664  -0.000051 -1.000000 -0.000108  0.075349 0.627009 1 64 1.000000
lowpoly_plastic
0  -3.045778 -19.463913 -5.774664  -0.000051 -1.000000 -0.000108  0.075349 0.627009 1 64 1.000000
0  -3.034451 -19.463917 -5.759870  -0.000182 -1.000000 -0.000034  0.075349 0.627009 1 64 1.000000
0  -3.044863 -19.463915 -5.749250  -0.000084 -1.000000 -0.000043  0.075349 0.627009 1 64 1.000000
lowpoly_plastic
0  -2.597178 -24.371540 -4.064662  0.093956 -0.000003 -0.995576  0.075349 0.627009 1 64 1.000000
0  -2.615709 -24.371536 -4.066411  0.093958 -0.000002 -0.995576  0.075349 0.627009 1 64 1.000000
0  -2.615707 -24.289194 -4.066411  0.093946 -0.000006 -0.995577  0.075349 0.627009 1 64 1.000000
lowpoly_plastic
0  -3.200459 -24.206856 -5.749247  0.000004 -1.000000 0.000025  0.075349 0.627009 1 64 1.000000
0  -3.200459 -24.206856 -5.774665  0.000000 -1.000000 0.000000  0.075349 0.627009 1 64 1.000000
0  -3.045774 -24.206856 -5.774665  -0.000013 -1.000000 0.000217  0.075349 0.627009 1 64 1.000000
lowpoly_plastic
0  -3.045774 -24.206856 -5.774665  -0.000013 -1.000000 0.000217  0.075349 0.627009 1 64 1.000000
0  -3.034460 -24.206854 -5.759869  -0.000165 -1.000000 0.000081  0.075349 0.627009 1 64 1.000000
0  -3.044863 -24.206850 -5.749247  -0.000104 -1.000000 0.000101  0.075349 0.627009 1 64 1.000000
lowpoly_plastic
0  -2.597170 -20.412506 -4.163396  0.060407 -0.766565 -0.639320  0.075349 0.627009 1 64 1.000000
0  -2.597174 -20.494850 -4.064662  0.060270 -0.766579 -0.639315  0.075349 0.627009 1 64 1.000000
0  -2.615703 -20.494848 -4.066411  0.060283 -0.766578 -0.639315  0.075349 0.627009 1 64 1.000000
lowpoly_plastic
0  -2.597172 -23.030998 -5.179888  -0.000103 1.000000 0.000001  0.075349 0.627009 1 64 1.000000
0  -2.615710 -23.031000 -5.181636  -0.000093 1.000000 0.000069  0.075349 0.627009 1 64 1.000000
0  -2.615709 -23.031000 -4.165144  -0.000103 1.000000 0.000000  0.075349 0.627009 1 64 1.000000
lowpoly_plastic
0  -3.200464 -22.783976 -5.749249  -0.000018 -1.000000 0.000037  0.075349 0.627009 1 64 1.000000
0  -3.200464 -22.783976 -5.774665  -0.000025 -1.000000 0.000000  0.075349 0.627009 1 64 1.000000
0  -3.045777 -22.783979 -5.774665  0.000076 -1.000000 0.000325  0.075349 0.627009 1 64 1.000000
lowpoly_plastic
0  -3.045777 -22.783979 -5.774665  0.000076 -1.000000 0.000325  0.075349 0.627009 1 64 1.000000
0  -3.034457 -22.783972 -5.759871  0.000058 -1.000000 0.000201  0.075349 0.627009 1 64 1.000000
0  -3.044860 -22.783970 -5.749249  0.000004 -1.000000 0.000227  0.075349 0.627009 1 64 1.000000
lowpoly_plastic
0  -3.200462 -23.979589 -5.774665  1.000000 -0.000002 0.000000  0.075349 0.627009 1 64 1.000000
0  -3.200462 -23.897243 -5.774663  1.000000 -0.000014 0.000000  0.075349 0.627009 1 64 1.000000
0  -3.200462 -23.897243 -5.749247  1.000000 -0.000016 0.000000  0.075349 0.627009 1 64 1.000000
lowpoly_plastic
0  -3.200464 -23.732559 -5.749249  -0.000001 -1.000000 0.000000  0.075349 0.627009 1 64 1.000000
0  -3.200464 -23.732559 -5.774665  0.000000 -1.000000 0.000000  0.075349 0.627009 1 64 1.000000
0  -3.045780 -23.732559 -5.774665  0.000021 -1.000000 0.000000  0.075349 0.627009 1 64 1.000000
lowpoly_plastic
0  -3.045780 -23.732559 -5.774665  0.000021 -1.000000 0.000000  0.075349 0.627009 1 64 1.000000
0  -3.034459 -23.732559 -5.759871  0.000103 -1.000000 0.000008  0.075349 0.627009 1 64 1.000000
0  -3.044857 -23.732561 -5.749249  0.000061 -1.000000 0.000007  0.075349 0.627009 1 64 1.000000
lowpoly_plastic
0  -3.200464 -22.392025 -5.774665  1.000000 0.000021 0.000000  0.075349 0.627009 1 64 1.000000
0  -3.200464 -22.392025 -5.749249  1.000000 0.000022 0.000000  0.075349 0.627009 1 64 1.000000
0  -3.200458 -22.474363 -5.749249  1.000000 0.000011 0.000000  0.075349 0.627009 1 64 1.000000
lowpoly_plastic
0  -2.597171 -21.361090 -4.163397  0.060410 -0.766572 -0.639311  0.075349 0.627009 1 64 1.000000
0  -2.597172 -21.443434 -4.064663  0.060383 -0.766561 -0.639326  0.075349 0.627009 1 64 1.000000
0  -2.615709 -21.443436 -4.066412  0.060386 -0.766562 -0.639324  0.075349 0.627009 1 64 1.000000
lowpoly_plastic
0  -3.200466 -20.020552 -5.774664  1.000000 0.000018 0.000000  0.075349 0.627009 1 64 1.000000
0  -3.200466 -20.020552 -5.749250  1.000000 0.000019 0.000000  0.075349 0.627009 1 64 1.000000
0  -3.200460 -20.102894 -5.749248  1.000000 0.000015 0.000000  0.075349 0.627009 1 64 1.000000
lowpoly_plastic
0  -2.597173 -21.835388 -4.163397  0.060239 -0.766585 -0.639311  0.075349 0.627009 1 64 1.000000
0  -2.597175 -21.917732 -4.064663  0.060174 -0.766573 -0.639332  0.075349 0.627009 1 64 1.000000
0  -2.615705 -21.917728 -4.066412  0.060180 -0.766574 -0.639330  0.075349 0.627009 1 64 1.000000
lowpoly_plastic
0  -3.200462 -21.917727 -5.774665  1.000000 -0.000010 0.000000  0.075349 0.627009 1 64 1.000000
0  -3.200462 -21.917727 -5.749249  1.000000 -0.000011 0.000000  0.075349 0.627009 1 64 1.000000
0  -3.200463 -22.000071 -5.749249  1.000000 0.000017 0.000000  0.075349 0.627009 1 64 1.000000
lowpoly_plastic
0  -2.597169 -21.608120 -5.179888  -0.000103 1.000000 0.000001  0.075349 0.627009 1 64 1.000000
0  -2.615707 -21.608122 -5.181636  -0.000091 1.000000 0.000069  0.075349 0.627009 1 64 1.000000
0  -2.615706 -21.608122 -4.165146  -0.000103 1.000000 -0.000003  0.075349 0.627009 1 64 1.000000
lowpoly_plastic
0  -3.200459 -22.866316 -5.774665  1.000000 0.000024 0.000000  0.075349 0.627009 1 64 1.000000
0  -3.200459 -22.866316 -5.749249  1.000000 0.000025 0.000000  0.075349 0.627009 1 64 1.000000
0  -3.200460 -22.948664 -5.749249  1.000000 -0.000036 0.000000  0.075349 0.627009 1 64 1.000000
lowpoly_plastic
0  -3.200458 -22.474363 -5.774665  1.000000 0.000011 0.000000  0.075349 0.627009 1 64 1.000000
0  -3.200458 -22.474363 -5.749249  1.000000 0.000011 0.000000  0.075349 0.627009 1 64 1.000000
0  -3.200462 -22.556707 -5.749249  1.000000 -0.000044 0.000000  0.075349 0.627009 1 64 1.000000
lowpoly_plastic
0  -3.200457 -20.659533 -5.774664  1.000000 0.000044 0.000000  0.075349 0.627009 1 64 1.000000
0  -3.200461 -20.577192 -5.774664  1.000000 0.000018 0.000000  0.075349 0.627009 1 64 1.000000
0  -3.200461 -20.577192 -5.749248  1.000000 0.000018 0.000000  0.075349 0.627009 1 64 1.000000
lowpoly_plastic
0  -2.789680 -19.455673 -3.872225  0.000000 0.000000 1.000000  0.075349 0.627009 1 64 1.000000
0  -2.789678 -19.175236 -3.872225  0.000000 0.000000 1.000000  0.075349 0.627009 1 64 1.000000
0  -3.373446 -19.175238 -3.872225  -0.000002 0.000000 1.000000  0.075349 0.627009 1 64 1.000000
lowpoly_plastic
0  -2.597171 -16.408638 -5.090406  -0.000007 0.953994 0.299825  0.075349 0.627009 1 64 1.000000
0  -2.789677 -16.408640 -5.090406  -0.000009 0.953994 0.299825  0.075349 0.627009 1 64 1.000000
0  -2.789675 -16.791492 -3.872227  0.000008 0.953994 0.299825  0.075349 0.627009 1 64 1.000000
lowpoly_plastic
0  -3.373446 -19.175238 -3.872225  -0.000002 0.000000 1.000000  0.075349 0.627009 1 64 1.000000
0  -2.789678 -19.175236 -3.872225  0.000000 0.000000 1.000000  0.075349 0.627009 1 64 1.000000
0  -2.789679 -18.894791 -3.872225  0.000002 0.000000 1.000000  0.075349 0.627009 1 64 1.000000
lowpoly_plastic
0  -2.789679 -26.124830 -3.872225  0.000000 0.000000 1.000000  0.075349 0.627009 1 64 1.000000
0  -2.789680 -19.455673 -3.872225  0.000000 0.000000 1.000000  0.075349 0.627009 1 64 1.000000
0  -3.373449 -19.455675 -3.872225  -0.000002 0.000000 1.000000  0.075349 0.627009 1 64 1.000000
lowpoly_plastic
0  -2.789679 -18.894791 -3.872225  -0.442825 0.000001 0.896608  0.075349 0.627009 1 64 1.000000
0  -2.789675 -16.791492 -3.872227  -0.442823 0.000002 0.896609  0.075349 0.627009 1 64 1.000000
0  -3.373446 -16.791496 -4.160543  -0.442823 0.000001 0.896609  0.075349 0.627009 1 64 1.000000
lowpoly_plastic
0  -4.054561 -24.758888 -3.446576  -0.908136 0.000031 0.418674  0.064370 0.664198 1 64 1.000000
0  -4.054564 -24.841232 -3.446576  -0.908135 0.000027 0.418678  0.064370 0.664198 1 64 1.000000
0  -3.790037 -24.841234 -2.872811  -0.908131 0.000011 0.418686  0.064370 0.664198 1 64 1.000000
lowpoly_plastic
0  -3.790036 -24.758890 -2.872811  -0.019864 -0.000015 0.999803  0.064370 0.664198 1 64 1.000000
0  -3.790037 -24.841234 -2.872811  -0.019864 0.000000 0.999803  0.064370 0.664198 1 64 1.000000
0  -3.484431 -24.841234 -2.866739  -0.019864 0.000000 0.999803  0.064370 0.664198 1 64 1.000000
lowpoly_plastic
0  -4.054561 -24.758888 -3.446576  -0.999546 0.023159 0.019279  0.064370 0.664198 1 64 1.000000
0  -4.061449 -24.758890 -3.803696  -0.999546 0.023159 0.019279  0.064370 0.664198 1 64 1.000000
0  -4.061453 -24.841234 -3.704963  -0.999546 0.023159 0.019279  0.064370 0.664198 1 64 1.000000
lowpoly_plastic
0  -4.061453 -24.841234 -3.704963  -0.000004 1.000000 -0.000001  0.075349 0.627009 1 64 1.000000
0  -4.078726 -24.841234 -3.706593  0.000000 1.000000 0.000000  0.075349 0.627009 1 64 1.000000
0  -4.078726 -24.841234 -3.448854  -0.000074 1.000000 0.000014  0.075349 0.627009 1 64 1.000000
lowpoly_plastic
0  -3.801986 -24.841232 -2.860616  0.000168 1.000000 0.000037  0.075349 0.627009 1 64 1.000000
0  -3.790037 -24.841234 -2.872811  0.000074 1.000000 -0.000008  0.075349 0.627009 1 64 1.000000
0  -4.078721 -24.841232 -3.419492  -0.000017 1.000000 0.000015  0.075349 0.627009 1 64 1.000000
lowpoly_plastic
0  -4.054564 -24.841232 -3.446576  -0.000050 1.000000 0.000005  0.075349 0.627009 1 64 1.000000
0  -4.078726 -24.841234 -3.448854  -0.000074 1.000000 0.000014  0.075349 0.627009 1 64 1.000000
0  -4.078721 -24.841232 -3.419492  -0.000017 1.000000 0.000015  0.075349 0.627009 1 64 1.000000
lowpoly_plastic
0  -4.061453 -24.594206 -3.704963  -0.999545 -0.023187 0.019284  0.064370 0.664198 1 64 1.000000
0  -4.061447 -24.676544 -3.803696  -0.999545 -0.023187 0.019284  0.064370 0.664198 1 64 1.000000
0  -4.054558 -24.676542 -3.446576  -0.999545 -0.023187 0.019284  0.064370 0.664198 1 64 1.000000
lowpoly_plastic
0  -4.061447 -24.676544 -3.803696  -0.999814 0.000025 0.019285  0.064370 0.664198 1 64 1.000000
0  -4.061449 -24.758890 -3.803696  -0.999814 0.000024 0.019285  0.064370 0.664198 1 64 1.000000
0  -4.054561 -24.758888 -3.446576  -0.999814 0.000031 0.019287  0.064370 0.664198 1 64 1.000000
lowpoly_plastic
0  -3.484425 -24.594202 -2.866739  -0.019854 0.000000 0.999803  0.064370 0.664198 1 64 1.000000
0  -3.790040 -24.594204 -2.872808  -0.019856 0.000000 0.999803  0.064370 0.664198 1 64 1.000000
0  -3.790041 -24.676546 -2.872808  -0.019859 -0.000012 0.999803  0.064370 0.664198 1 64 1.000000
lowpoly_plastic
0  -3.790041 -24.676546 -2.872808  -0.019859 -0.000012 0.999803  0.064370 0.664198 1 64 1.000000
0  -3.790036 -24.758890 -2.872811  -0.019864 -0.000015 0.999803  0.064370 0.664198 1 64 1.000000
0  -3.484429 -24.758890 -2.866739  -0.019860 -0.000002 0.999803  0.064370 0.664198 1 64 1.000000
lowpoly_plastic
0  -4.054560 -24.594210 -3.446576  -0.908135 -0.000024 0.418678  0.064370 0.664198 1 64 1.000000
0  -4.054558 -24.676542 -3.446576  -0.908136 0.000000 0.418675  0.064370 0.664198 1 64 1.000000
0  -3.790041 -24.676546 -2.872808  -0.908140 -0.000025 0.418667  0.064370 0.664198 1 64 1.000000
lowpoly_plastic
0  -4.054558 -24.676542 -3.446576  -0.908136 0.000000 0.418675  0.064370 0.664198 1 64 1.000000
0  -4.054561 -24.758888 -3.446576  -0.908136 0.000031 0.418674  0.064370 0.664198 1 64 1.000000
0  -3.790036 -24.758890 -2.872811  -0.908134 -0.000024 0.418680  0.064370 0.664198 1 64 1.000000
lowpoly_plastic
0  -4.054557 -24.284595 -3.446574  -0.908136 -0.000021 0.418675  0.064370 0.664198 1 64 1.000000
0  -4.054557 -24.366943 -3.446576  -0.908135 -0.000009 0.418677  0.064370 0.664198 1 64 1.000000
0  -3.790036 -24.366940 -2.872810  -0.908145 -0.000077 0.418656  0.064370 0.664198 1 64 1.000000
lowpoly_plastic
0  -3.790043 -24.284595 -2.872808  -0.019856 -0.000012 0.999803  0.064370 0.664198 1 64 1.000000
0  -3.790036 -24.366940 -2.872810  -0.019860 -0.000030 0.999803  0.064370 0.664198 1 64 1.000000
0  -3.484429 -24.366938 -2.866739  -0.019855 -0.000005 0.999803  0.064370 0.664198 1 64 1.000000
lowpoly_plastic
0  -4.054557 -24.284595 -3.446574  -0.999546 0.023154 0.019283  0.064370 0.664198 1 64 1.000000
0  -4.061446 -24.284597 -3.803696  -0.999546 0.023154 0.019283  0.064370 0.664198 1 64 1.000000
0  -4.061449 -24.366938 -3.704963  -0.999546 0.023154 0.019283  0.064370 0.664198 1 64 1.000000
lowpoly_plastic
0  -4.061449 -24.366938 -3.704963  -0.000096 1.000000 0.000000  0.075349 0.627009 1 64 1.000000
0  -4.078725 -24.366940 -3.706593  -0.000110 1.000000 0.000000  0.075349 0.627009 1 64 1.000000
0  -4.078725 -24.366940 -3.448854  0.000151 1.000000 0.000000  0.075349 0.627009 1 64 1.000000
lowpoly_plastic
0  -3.801983 -24.366938 -2.860615  0.000167 1.000000 0.000000  0.075349 0.627009 1 64 1.000000
0  -3.790036 -24.366940 -2.872810  0.000071 1.000000 -0.000001  0.075349 0.627009 1 64 1.000000
0  -4.078725 -24.366940 -3.419492  0.000115 1.000000 -0.000033  0.075349 0.627009 1 64 1.000000
lowpoly_plastic
0  -4.054557 -24.366943 -3.446576  0.000138 1.000000 -0.000015  0.075349 0.627009 1 64 1.000000
0  -4.078725 -24.366940 -3.448854  0.000151 1.000000 0.000000  0.075349 0.627009 1 64 1.000000
0  -4.078725 -24.366940 -3.419492  0.000115 1.000000 -0.000033  0.075349 0.627009 1 64 1.000000
lowpoly_plastic
0  -4.061448 -24.119911 -3.704963  -0.999547 -0.023104 0.019280  0.064370 0.664198 1 64 1.000000
0  -4.061449 -24.202257 -3.803696  -0.999547 -0.023104 0.019280  0.064370 0.664198 1 64 1.000000
0  -4.054561 -24.202255 -3.446576  -0.999547 -0.023104 0.019280  0.064370 0.664198 1 64 1.000000
lowpoly_plastic
0  -4.054561 -24.202255 -3.446576  -0.999814 -0.000041 0.019287  0.064370 0.664198 1 64 1.000000
0  -4.061449 -24.202257 -3.803696  -0.999814 -0.000041 0.019286  0.064370 0.664198 1 64 1.000000
0  -4.061446 -24.284597 -3.803696  -0.999814 -0.000041 0.019286  0.064370 0.664198 1 64 1.000000
lowpoly_plastic
0  -3.790034 -24.119915 -2.872808  -0.019854 0.000001 0.999803  0.064370 0.664198 1 64 1.000000
0  -3.790040 -24.202251 -2.872808  -0.019853 0.000001 0.999803  0.064370 0.664198 1 64 1.000000
0  -3.484429 -24.202257 -2.866739  -0.019854 0.000000 0.999803  0.064370 0.664198 1 64 1.000000
lowpoly_plastic
0  -3.790040 -24.202251 -2.872808  -0.019853 0.000001 0.999803  0.064370 0.664198 1 64 1.000000
0  -3.790043 -24.284595 -2.872808  -0.019856 -0.000012 0.999803  0.064370 0.664198 1 64 1.000000
0  -3.484430 -24.284592 -2.866739  -0.019854 0.000000 0.999803  0.064370 0.664198 1 64 1.000000
lowpoly_plastic
0  -4.054558 -24.119911 -3.446576  -0.908136 0.000031 0.418676  0.064370 0.664198 1 64 1.000000
0  -4.054561 -24.202255 -3.446576  -0.908135 -0.000003 0.418677  0.064370 0.664198 1 64 1.000000
0  -3.790040 -24.202251 -2.872808  -0.908138 0.000046 0.418670  0.064370 0.664198 1 64 1.000000
lowpoly_plastic
0  -3.790040 -24.202251 -2.872808  -0.908138 0.000046 0.418670  0.064370 0.664198 1 64 1.000000
0  -4.054561 -24.202255 -3.446576  -0.908135 -0.000003 0.418677  0.064370 0.664198 1 64 1.000000
0  -4.054557 -24.284595 -3.446574  -0.908136 -0.000021 0.418675  0.064370 0.664198 1 64 1.000000
lowpoly_plastic
0  -4.054561 -23.810305 -3.446576  -0.908141 -0.000013 0.418664  0.064370 0.664198 1 64 1.000000
0  -4.054556 -23.892643 -3.446574  -0.908144 -0.000046 0.418658  0.064370 0.664198 1 64 1.000000
0  -3.790043 -23.892645 -2.872810  -0.908135 0.000063 0.418677  0.064370 0.664198 1 64 1.000000
lowpoly_plastic
0  -3.790035 -23.810307 -2.872808  -0.019859 -0.000011 0.999803  0.064370 0.664198 1 64 1.000000
0  -3.790043 -23.892645 -2.872810  -0.019863 -0.000027 0.999803  0.064370 0.664198 1 64 1.000000
0  -3.484424 -23.892647 -2.866739  -0.019856 -0.000006 0.999803  0.064370 0.664198 1 64 1.000000
lowpoly_plastic
0  -4.054561 -23.810305 -3.446576  -0.999548 0.023064 0.019282  0.064370 0.664198 1 64 1.000000
0  -4.061450 -23.810305 -3.803696  -0.999548 0.023064 0.019282  0.064370 0.664198 1 64 1.000000
0  -4.061445 -23.892647 -3.704963  -0.999548 0.023064 0.019282  0.064370 0.664198 1 64 1.000000
lowpoly_plastic
0  -4.061445 -23.892647 -3.704963  0.000100 1.000000 -0.000001  0.075349 0.627009 1 64 1.000000
0  -4.078721 -23.892645 -3.706593  0.000110 1.000000 0.000000  0.075349 0.627009 1 64 1.000000
0  -4.078721 -23.892645 -3.448854  -0.000074 1.000000 -0.000010  0.075349 0.627009 1 64 1.000000
lowpoly_plastic
0  -3.801986 -23.892651 -2.860615  -0.000440 1.000000 0.000037  0.075349 0.627009 1 64 1.000000
0  -3.790043 -23.892645 -2.872810  -0.000205 1.000000 0.000043  0.075349 0.627009 1 64 1.000000
0  -4.078721 -23.892645 -3.419492  -0.000060 1.000000 0.000066  0.075349 0.627009 1 64 1.000000
lowpoly_plastic
0  -4.054556 -23.892643 -3.446574  -0.000069 1.000000 0.000022  0.075349 0.627009 1 64 1.000000
0  -4.078721 -23.892645 -3.448854  -0.000074 1.000000 -0.000010  0.075349 0.627009 1 64 1.000000
0  -4.078721 -23.892645 -3.419492  -0.000060 1.000000 0.000066  0.075349 0.627009 1 64 1.000000
lowpoly_plastic
0  -4.061446 -23.645613 -3.704963  -0.999547 -0.023095 0.019280  0.064370 0.664198 1 64 1.000000
0  -4.061448 -23.727962 -3.803696  -0.999547 -0.023095 0.019280  0.064370 0.664198 1 64 1.000000
0  -4.054560 -23.727959 -3.446574  -0.999547 -0.023095 0.019280  0.064370 0.664198 1 64 1.000000
lowpoly_plastic
0  -4.054560 -23.727959 -3.446574  -0.999814 0.000010 0.019287  0.064370 0.664198 1 64 1.000000
0  -4.061448 -23.727962 -3.803696  -0.999814 0.000024 0.019284  0.064370 0.664198 1 64 1.000000
0  -4.061450 -23.810305 -3.803696  -0.999814 0.000022 0.019285  0.064370 0.664198 1 64 1.000000
lowpoly_plastic
0  -3.484427 -23.645615 -2.866739  -0.019855 -0.000001 0.999803  0.064370 0.664198 1 64 1.000000
0  -3.790041 -23.645618 -2.872808  -0.019856 -0.000002 0.999803  0.064370 0.664198 1 64 1.000000
0  -3.790034 -23.727962 -2.872808  -0.019856 -0.000001 0.999803  0.064370 0.664198 1 64 1.000000
lowpoly_plastic
0  -3.790034 -23.727962 -2.872808  -0.019856 -0.000001 0.999803  0.064370 0.664198 1 64 1.000000
0  -3.790035 -23.810307 -2.872808  -0.019859 -0.000011 0.999803  0.064370 0.664198 1 64 1.000000
0  -3.484430 -23.810307 -2.866739  -0.019856 -0.000000 0.999803  0.064370 0.664198 1 64 1.000000
lowpoly_plastic
0  -4.054556 -23.645617 -3.446574  -0.908132 0.000036 0.418684  0.064370 0.664198 1 64 1.000000
0  -4.054560 -23.727959 -3.446574  -0.908135 0.000027 0.418678  0.064370 0.664198 1 64 1.000000
0  -3.790034 -23.727962 -2.872808  -0.908135 -0.000027 0.418678  0.064370 0.664198 1 64 1.000000
lowpoly_plastic
0  -4.054560 -23.727959 -3.446574  -0.908135 0.000027 0.418678  0.064370 0.664198 1 64 1.000000
0  -4.054561 -23.810305 -3.446576  -0.908141 -0.000013 0.418664  0.064370 0.664198 1 64 1.000000
0  -3.790035 -23.810307 -2.872808  -0.908133 0.000041 0.418682  0.064370 0.664198 1 64 1.000000
lowpoly_plastic
0  -4.054558 -23.336006 -3.446574  -0.908141 -0.000010 0.418663  0.064370 0.664198 1 64 1.000000
0  -4.054560 -23.418352 -3.446574  -0.908139 0.000027 0.418670  0.064370 0.664198 1 64 1.000000
0  -3.790038 -23.418352 -2.872808  -0.908132 0.000019 0.418684  0.064370 0.664198 1 64 1.000000
lowpoly_plastic
0  -3.790036 -23.336008 -2.872808  -0.019855 -0.000000 0.999803  0.064370 0.664198 1 64 1.000000
0  -3.790038 -23.418352 -2.872808  -0.019856 0.000000 0.999803  0.064370 0.664198 1 64 1.000000
0  -3.484428 -23.418354 -2.866739  -0.019854 0.000001 0.999803  0.064370 0.664198 1 64 1.000000
lowpoly_plastic
0  -4.054558 -23.336006 -3.446574  -0.999546 0.023146 0.019282  0.064370 0.664198 1 64 1.000000
0  -4.061447 -23.336010 -3.803696  -0.999546 0.023146 0.019282  0.064370 0.664198 1 64 1.000000
0  -4.061449 -23.418354 -3.704963  -0.999546 0.023146 0.019282  0.064370 0.664198 1 64 1.000000
lowpoly_plastic
0  -4.061449 -23.418354 -3.704963  0.000301 1.000000 0.000032  0.075349 0.627009 1 64 1.000000
0  -4.078728 -23.418348 -3.706593  0.000328 1.000000 0.000034  0.075349 0.627009 1 64 1.000000
0  -4.078724 -23.418356 -3.448854  -0.000147 1.000000 0.000001  0.075349 0.627009 1 64 1.000000
lowpoly_plastic
0  -3.801982 -23.418354 -2.860615  -0.000294 1.000000 -0.000240  0.075349 0.627009 1 64 1.000000
0  -3.790038 -23.418352 -2.872808  -0.000095 1.000000 -0.000150  0.075349 0.627009 1 64 1.000000
0  -4.078724 -23.418356 -3.419492  -0.000119 1.000000 0.000033  0.075349 0.627009 1 64 1.000000
lowpoly_plastic
0  -4.054560 -23.418352 -3.446574  -0.000140 1.000000 0.000015  0.075349 0.627009 1 64 1.000000
0  -4.078724 -23.418356 -3.448854  -0.000147 1.000000 0.000001  0.075349 0.627009 1 64 1.000000
0  -4.078724 -23.418356 -3.419492  -0.000119 1.000000 0.000033  0.075349 0.627009 1 64 1.000000
lowpoly_plastic
0  -4.061451 -23.171322 -3.704963  -0.999547 -0.023137 0.019273  0.064370 0.664198 1 64 1.000000
0  -4.061448 -23.253662 -3.803696  -0.999547 -0.023137 0.019273  0.064370 0.664198 1 64 1.000000
0  -4.054563 -23.253668 -3.446576  -0.999547 -0.023137 0.019273  0.064370 0.664198 1 64 1.000000
lowpoly_plastic
0  -4.054563 -23.253668 -3.446576  -0.999814 -0.000057 0.019287  0.064370 0.664198 1 64 1.000000
0  -4.061448 -23.253662 -3.803696  -0.999814 -0.000008 0.019276  0.064370 0.664198 1 64 1.000000
0  -4.061447 -23.336010 -3.803696  -0.999814 -0.000016 0.019278  0.064370 0.664198 1 64 1.000000
lowpoly_plastic
0  -3.790038 -23.171324 -2.872808  -0.019855 0.000000 0.999803  0.064370 0.664198 1 64 1.000000
0  -3.790040 -23.253668 -2.872808  -0.019855 -0.000000 0.999803  0.064370 0.664198 1 64 1.000000
0  -3.484427 -23.253662 -2.866739  -0.019855 -0.000000 0.999803  0.064370 0.664198 1 64 1.000000
lowpoly_plastic
0  -3.790040 -23.253668 -2.872808  -0.019855 -0.000000 0.999803  0.064370 0.664198 1 64 1.000000
0  -3.790036 -23.336008 -2.872808  -0.019855 -0.000000 0.999803  0.064370 0.664198 1 64 1.000000
0  -3.484426 -23.336012 -2.866739  -0.019855 0.000000 0.999803  0.064370 0.664198 1 64 1.000000
lowpoly_plastic
0  -3.790038 -23.171324 -2.872808  -0.908136 0.000025 0.418676  0.064370 0.664198 1 64 1.000000
0  -4.054562 -23.171320 -3.446574  -0.908138 -0.000004 0.418670  0.064370 0.664198 1 64 1.000000
0  -4.054563 -23.253668 -3.446576  -0.908141 -0.000024 0.418665  0.064370 0.664198 1 64 1.000000
lowpoly_plastic
0  -4.054563 -23.253668 -3.446576  -0.908141 -0.000024 0.418665  0.064370 0.664198 1 64 1.000000
0  -4.054558 -23.336006 -3.446574  -0.908141 -0.000010 0.418663  0.064370 0.664198 1 64 1.000000
0  -3.790036 -23.336008 -2.872808  -0.908132 -0.000014 0.418685  0.064370 0.664198 1 64 1.000000
lowpoly_plastic
0  -4.054564 -22.861712 -3.446574  -0.908136 0.000005 0.418676  0.064370 0.664198 1 64 1.000000
0  -4.054559 -22.944056 -3.446574  -0.908135 -0.000055 0.418677  0.064370 0.664198 1 64 1.000000
0  -3.790034 -22.944057 -2.872808  -0.908130 -0.000046 0.418689  0.064370 0.664198 1 64 1.000000
lowpoly_plastic
0  -3.790040 -22.861715 -2.872810  -0.019860 0.000012 0.999803  0.064370 0.664198 1 64 1.000000
0  -3.790034 -22.944057 -2.872808  -0.019855 0.000028 0.999803  0.064370 0.664198 1 64 1.000000
0  -3.484429 -22.944056 -2.866739  -0.019863 0.000005 0.999803  0.064370 0.664198 1 64 1.000000
lowpoly_plastic
0  -4.054564 -22.861712 -3.446574  -0.999547 0.023118 0.019268  0.064370 0.664198 1 64 1.000000
0  -4.061448 -22.861712 -3.803696  -0.999547 0.023118 0.019268  0.064370 0.664198 1 64 1.000000
0  -4.061449 -22.944056 -3.704963  -0.999547 0.023118 0.019268  0.064370 0.664198 1 64 1.000000
lowpoly_plastic
0  -4.061449 -22.944056 -3.704963  -0.000109 1.000000 0.000000  0.075349 0.627009 1 64 1.000000
0  -4.078722 -22.944057 -3.706593  -0.000110 1.000000 0.000000  0.075349 0.627009 1 64 1.000000
0  -4.078722 -22.944057 -3.448854  -0.000080 1.000000 0.000000  0.075349 0.627009 1 64 1.000000
lowpoly_plastic
0  -3.801987 -22.944057 -2.860615  -0.000062 1.000000 0.000080  0.075349 0.627009 1 64 1.000000
0  -3.790034 -22.944057 -2.872808  -0.000014 1.000000 -0.000032  0.075349 0.627009 1 64 1.000000
0  -4.078722 -22.944057 -3.419492  -0.000057 1.000000 0.000033  0.075349 0.627009 1 64 1.000000
lowpoly_plastic
0  -4.054559 -22.944056 -3.446574  -0.000069 1.000000 0.000015  0.075349 0.627009 1 64 1.000000
0  -4.078722 -22.944057 -3.448854  -0.000080 1.000000 0.000000  0.075349 0.627009 1 64 1.000000
0  -4.078722 -22.944057 -3.419492  -0.000057 1.000000 0.000033  0.075349 0.627009 1 64 1.000000
lowpoly_plastic
0  -4.061447 -22.697033 -3.704963  -0.999547 -0.023089 0.019292  0.064370 0.664198 1 64 1.000000
0  -4.061451 -22.779371 -3.803696  -0.999547 -0.023089 0.019292  0.064370 0.664198 1 64 1.000000
0  -4.054558 -22.779377 -3.446574  -0.999547 -0.023089 0.019292  0.064370 0.664198 1 64 1.000000
lowpoly_plastic
0  -4.054558 -22.779377 -3.446574  -0.999814 0.000051 0.019278  0.064370 0.664198 1 64 1.000000
0  -4.061451 -22.779371 -3.803696  -0.999814 -0.000032 0.019299  0.064370 0.664198 1 64 1.000000
0  -4.061448 -22.861712 -3.803696  -0.999814 -0.000018 0.019295  0.064370 0.664198 1 64 1.000000
lowpoly_plastic
0  -3.484426 -22.697033 -2.866739  -0.019863 0.000001 0.999803  0.064370 0.664198 1 64 1.000000
0  -3.790036 -22.697025 -2.872810  -0.019865 0.000001 0.999803  0.064370 0.664198 1 64 1.000000
0  -3.790039 -22.779371 -2.872810  -0.019864 0.000000 0.999803  0.064370 0.664198 1 64 1.000000
lowpoly_plastic
0  -3.790039 -22.779371 -2.872810  -0.019864 0.000000 0.999803  0.064370 0.664198 1 64 1.000000
0  -3.790040 -22.861715 -2.872810  -0.019860 0.000012 0.999803  0.064370 0.664198 1 64 1.000000
0  -3.484425 -22.861712 -2.866739  -0.019864 -0.000000 0.999803  0.064370 0.664198 1 64 1.000000
lowpoly_plastic
0  -3.790036 -22.697025 -2.872810  -0.908144 0.000025 0.418657  0.064370 0.664198 1 64 1.000000
0  -4.054558 -22.697031 -3.446574  -0.908138 0.000000 0.418671  0.064370 0.664198 1 64 1.000000
0  -4.054558 -22.779377 -3.446574  -0.908138 0.000031 0.418672  0.064370 0.664198 1 64 1.000000
lowpoly_plastic
0  -4.054558 -22.779377 -3.446574  -0.908138 0.000031 0.418672  0.064370 0.664198 1 64 1.000000
0  -4.054564 -22.861712 -3.446574  -0.908136 0.000005 0.418676  0.064370 0.664198 1 64 1.000000
0  -3.790040 -22.861715 -2.872810  -0.908133 -0.000016 0.418681  0.064370 0.664198 1 64 1.000000
lowpoly_plastic
0  -4.054559 -22.387423 -3.446576  -0.908140 0.000018 0.418667  0.064370 0.664198 1 64 1.000000
0  -4.054561 -22.469769 -3.446576  -0.908146 0.000018 0.418654  0.064370 0.664198 1 64 1.000000
0  -3.790039 -22.469761 -2.872810  -0.908133 0.000018 0.418681  0.064370 0.664198 1 64 1.000000
lowpoly_plastic
0  -3.484427 -22.387424 -2.866739  -0.019862 -0.000003 0.999803  0.064370 0.664198 1 64 1.000000
0  -3.790038 -22.387419 -2.872810  -0.019862 -0.000001 0.999803  0.064370 0.664198 1 64 1.000000
0  -3.790039 -22.469761 -2.872810  -0.019861 0.000000 0.999803  0.064370 0.664198 1 64 1.000000
lowpoly_plastic
0  -4.054559 -22.387423 -3.446576  -0.999547 0.023103 0.019282  0.064370 0.664198 1 64 1.000000
0  -4.061448 -22.387424 -3.803696  -0.999547 0.023103 0.019282  0.064370 0.664198 1 64 1.000000
0  -4.061446 -22.469759 -3.704963  -0.999547 0.023103 0.019282  0.064370 0.664198 1 64 1.000000
lowpoly_plastic
0  -4.061446 -22.469759 -3.704963  -0.000087 1.000000 0.000001  0.075349 0.627009 1 64 1.000000
0  -4.078722 -22.469761 -3.706593  -0.000110 1.000000 0.000000  0.075349 0.627009 1 64 1.000000
0  -4.078722 -22.469761 -3.448854  0.000305 1.000000 0.000010  0.075349 0.627009 1 64 1.000000
lowpoly_plastic
0  -3.801986 -22.469763 -2.860615  -0.000043 1.000000 0.000240  0.075349 0.627009 1 64 1.000000
0  -3.790039 -22.469761 -2.872810  -0.000049 1.000000 0.000099  0.075349 0.627009 1 64 1.000000
0  -4.078722 -22.469761 -3.419492  0.000227 1.000000 -0.000065  0.075349 0.627009 1 64 1.000000
lowpoly_plastic
0  -4.054561 -22.469769 -3.446576  0.000276 1.000000 -0.000022  0.075349 0.627009 1 64 1.000000
0  -4.078722 -22.469761 -3.448854  0.000305 1.000000 0.000010  0.075349 0.627009 1 64 1.000000
0  -4.078722 -22.469761 -3.419492  0.000227 1.000000 -0.000065  0.075349 0.627009 1 64 1.000000
lowpoly_plastic
0  -4.061444 -22.222734 -3.704963  -0.999547 -0.023104 0.019284  0.064370 0.664198 1 64 1.000000
0  -4.061446 -22.305079 -3.803696  -0.999547 -0.023104 0.019284  0.064370 0.664198 1 64 1.000000
0  -4.054556 -22.305079 -3.446574  -0.999547 -0.023104 0.019284  0.064370 0.664198 1 64 1.000000
lowpoly_plastic
0  -4.061446 -22.305079 -3.803696  -0.999814 0.000020 0.019288  0.064370 0.664198 1 64 1.000000
0  -4.061448 -22.387424 -3.803696  -0.999814 0.000016 0.019288  0.064370 0.664198 1 64 1.000000
0  -4.054559 -22.387423 -3.446576  -0.999814 0.000036 0.019290  0.064370 0.664198 1 64 1.000000
lowpoly_plastic
0  -3.790036 -22.222740 -2.872810  -0.019862 0.000001 0.999803  0.064370 0.664198 1 64 1.000000
0  -3.790040 -22.305084 -2.872810  -0.019862 0.000000 0.999803  0.064370 0.664198 1 64 1.000000
0  -3.484425 -22.305079 -2.866738  -0.019863 -0.000002 0.999803  0.064370 0.664198 1 64 1.000000
lowpoly_plastic
0  -3.484425 -22.305079 -2.866738  -0.019863 -0.000002 0.999803  0.064370 0.664198 1 64 1.000000
0  -3.790040 -22.305084 -2.872810  -0.019862 0.000000 0.999803  0.064370 0.664198 1 64 1.000000
0  -3.790038 -22.387419 -2.872810  -0.019862 -0.000001 0.999803  0.064370 0.664198 1 64 1.000000
lowpoly_plastic
0  -4.054562 -22.222736 -3.446574  -0.908144 -0.000055 0.418658  0.064370 0.664198 1 64 1.000000
0  -4.054556 -22.305079 -3.446574  -0.908140 -0.000024 0.418667  0.064370 0.664198 1 64 1.000000
0  -3.790040 -22.305084 -2.872810  -0.908134 0.000009 0.418681  0.064370 0.664198 1 64 1.000000
lowpoly_plastic
0  -4.054556 -22.305079 -3.446574  -0.908140 -0.000024 0.418667  0.064370 0.664198 1 64 1.000000
0  -4.054559 -22.387423 -3.446576  -0.908140 0.000018 0.418667  0.064370 0.664198 1 64 1.000000
0  -3.790038 -22.387419 -2.872810  -0.908132 0.000002 0.418683  0.064370 0.664198 1 64 1.000000
lowpoly_plastic
0  -3.790039 -21.913132 -2.872808  -0.908135 0.000005 0.418678  0.064370 0.664198 1 64 1.000000
0  -4.054557 -21.913126 -3.446573  -0.908137 -0.000017 0.418673  0.064370 0.664198 1 64 1.000000
0  -4.054559 -21.995470 -3.446574  -0.908140 0.000015 0.418668  0.064370 0.664198 1 64 1.000000
lowpoly_plastic
0  -3.790039 -21.913132 -2.872808  -0.019855 0.000000 0.999803  0.064370 0.664198 1 64 1.000000
0  -3.790039 -21.995466 -2.872808  -0.019857 0.000000 0.999803  0.064370 0.664198 1 64 1.000000
0  -3.484428 -21.995472 -2.866738  -0.019856 0.000000 0.999803  0.064370 0.664198 1 64 1.000000
lowpoly_plastic
0  -4.054557 -21.913126 -3.446573  -0.999546 0.023137 0.019281  0.064370 0.664198 1 64 1.000000
0  -4.061446 -21.913128 -3.803695  -0.999546 0.023137 0.019281  0.064370 0.664198 1 64 1.000000
0  -4.061448 -21.995470 -3.704963  -0.999546 0.023137 0.019281  0.064370 0.664198 1 64 1.000000
lowpoly_plastic
0  -4.061448 -21.995470 -3.704963  0.000109 1.000000 0.000000  0.075349 0.627009 1 64 1.000000
0  -4.078726 -21.995468 -3.706592  0.000110 1.000000 0.000000  0.075349 0.627009 1 64 1.000000
0  -4.078726 -21.995468 -3.448853  0.000080 1.000000 0.000000  0.075349 0.627009 1 64 1.000000
lowpoly_plastic
0  -3.801981 -21.995470 -2.860615  -0.000274 1.000000 0.000037  0.075349 0.627009 1 64 1.000000
0  -3.790039 -21.995466 -2.872808  -0.000127 1.000000 0.000092  0.075349 0.627009 1 64 1.000000
0  -4.078726 -21.995468 -3.419491  0.000053 1.000000 0.000001  0.075349 0.627009 1 64 1.000000
lowpoly_plastic
0  -4.054559 -21.995470 -3.446574  0.000069 1.000000 0.000000  0.075349 0.627009 1 64 1.000000
0  -4.078726 -21.995468 -3.448853  0.000080 1.000000 0.000000  0.075349 0.627009 1 64 1.000000
0  -4.078726 -21.995468 -3.419491  0.000053 1.000000 0.000001  0.075349 0.627009 1 64 1.000000
lowpoly_plastic
0  -4.061449 -21.748440 -3.704962  -0.999546 -0.023145 0.019266  0.064370 0.664198 1 64 1.000000
0  -4.061445 -21.830784 -3.803695  -0.999546 -0.023145 0.019266  0.064370 0.664198 1 64 1.000000
0  -4.054562 -21.830784 -3.446573  -0.999546 -0.023145 0.019266  0.064370 0.664198 1 64 1.000000
lowpoly_plastic
0  -4.061445 -21.830784 -3.803695  -0.999814 0.000006 0.019285  0.064370 0.664198 1 64 1.000000
0  -4.061446 -21.913128 -3.803695  -0.999814 0.000016 0.019287  0.064370 0.664198 1 64 1.000000
0  -4.054557 -21.913126 -3.446573  -0.999814 -0.000046 0.019275  0.064370 0.664198 1 64 1.000000
lowpoly_plastic
0  -3.790036 -21.748444 -2.872808  -0.019855 0.000000 0.999803  0.064370 0.664198 1 64 1.000000
0  -3.790038 -21.830786 -2.872808  -0.019855 0.000000 0.999803  0.064370 0.664198 1 64 1.000000
0  -3.484430 -21.830788 -2.866738  -0.019856 -0.000000 0.999803  0.064370 0.664198 1 64 1.000000
lowpoly_plastic
0  -3.790038 -21.830786 -2.872808  -0.019855 0.000000 0.999803  0.064370 0.664198 1 64 1.000000
0  -3.790039 -21.913132 -2.872808  -0.019855 0.000000 0.999803  0.064370 0.664198 1 64 1.000000
0  -3.484426 -21.913128 -2.866738  -0.019856 -0.000000 0.999803  0.064370 0.664198 1 64 1.000000
lowpoly_plastic
0  -3.790036 -21.748444 -2.872808  -0.908138 0.000020 0.418672  0.064370 0.664198 1 64 1.000000
0  -4.054559 -21.748440 -3.446573  -0.908133 0.000037 0.418682  0.064370 0.664198 1 64 1.000000
0  -4.054562 -21.830784 -3.446573  -0.908133 -0.000010 0.418681  0.064370 0.664198 1 64 1.000000
lowpoly_plastic
0  -3.790038 -21.830786 -2.872808  -0.908138 0.000011 0.418671  0.064370 0.664198 1 64 1.000000
0  -4.054562 -21.830784 -3.446573  -0.908133 -0.000010 0.418681  0.064370 0.664198 1 64 1.000000
0  -4.054557 -21.913126 -3.446573  -0.908137 -0.000017 0.418673  0.064370 0.664198 1 64 1.000000
lowpoly_plastic
0  -4.054562 -21.438833 -3.446573  -0.908135 -0.000016 0.418678  0.064370 0.664198 1 64 1.000000
0  -4.054558 -21.521175 -3.446575  -0.908138 -0.000046 0.418671  0.064370 0.664198 1 64 1.000000
0  -3.790040 -21.521179 -2.872810  -0.908135 -0.000005 0.418677  0.064370 0.664198 1 64 1.000000
lowpoly_plastic
0  -3.790039 -21.438835 -2.872808  -0.019858 -0.000012 0.999803  0.064370 0.664198 1 64 1.000000
0  -3.790040 -21.521179 -2.872810  -0.019863 -0.000029 0.999803  0.064370 0.664198 1 64 1.000000
0  -3.484425 -21.521175 -2.866738  -0.019856 -0.000005 0.999803  0.064370 0.664198 1 64 1.000000
lowpoly_plastic
0  -4.054562 -21.438833 -3.446573  -0.999547 0.023120 0.019263  0.064370 0.664198 1 64 1.000000
0  -4.061444 -21.438829 -3.803695  -0.999547 0.023120 0.019263  0.064370 0.664198 1 64 1.000000
0  -4.061446 -21.521175 -3.704962  -0.999547 0.023120 0.019263  0.064370 0.664198 1 64 1.000000
lowpoly_plastic
0  -4.061446 -21.521175 -3.704962  -0.000109 1.000000 0.000000  0.075349 0.627009 1 64 1.000000
0  -4.078720 -21.521177 -3.706592  -0.000110 1.000000 0.000000  0.075349 0.627009 1 64 1.000000
0  -4.078720 -21.521177 -3.448853  -0.000080 1.000000 0.000000  0.075349 0.627009 1 64 1.000000
lowpoly_plastic
0  -3.801986 -21.521179 -2.860615  -0.000186 1.000000 -0.000160  0.075349 0.627009 1 64 1.000000
0  -3.790040 -21.521179 -2.872810  -0.000037 1.000000 -0.000083  0.075349 0.627009 1 64 1.000000
0  -4.078720 -21.521177 -3.419491  -0.000055 1.000000 0.000033  0.075349 0.627009 1 64 1.000000
lowpoly_plastic
0  -4.054558 -21.521175 -3.446575  -0.000069 1.000000 0.000015  0.075349 0.627009 1 64 1.000000
0  -4.078720 -21.521177 -3.448853  -0.000080 1.000000 0.000000  0.075349 0.627009 1 64 1.000000
0  -4.078720 -21.521177 -3.419491  -0.000055 1.000000 0.000033  0.075349 0.627009 1 64 1.000000
lowpoly_plastic
0  -4.061448 -21.274145 -3.704962  -0.999547 -0.023104 0.019280  0.064370 0.664198 1 64 1.000000
0  -4.061449 -21.356489 -3.803695  -0.999547 -0.023104 0.019280  0.064370 0.664198 1 64 1.000000
0  -4.054561 -21.356487 -3.446573  -0.999547 -0.023104 0.019280  0.064370 0.664198 1 64 1.000000
lowpoly_plastic
0  -4.061449 -21.356489 -3.803695  -0.999814 -0.000047 0.019271  0.064370 0.664198 1 64 1.000000
0  -4.061444 -21.438829 -3.803695  -0.999814 -0.000057 0.019269  0.064370 0.664198 1 64 1.000000
0  -4.054562 -21.438833 -3.446573  -0.999814 -0.000001 0.019283  0.064370 0.664198 1 64 1.000000
lowpoly_plastic
0  -3.790034 -21.274145 -2.872808  -0.019855 0.000000 0.999803  0.064370 0.664198 1 64 1.000000
0  -3.790036 -21.356489 -2.872808  -0.019855 0.000000 0.999803  0.064370 0.664198 1 64 1.000000
0  -3.484430 -21.356491 -2.866738  -0.019856 -0.000000 0.999803  0.064370 0.664198 1 64 1.000000
lowpoly_plastic
0  -3.790036 -21.356489 -2.872808  -0.019855 0.000000 0.999803  0.064370 0.664198 1 64 1.000000
0  -3.790039 -21.438835 -2.872808  -0.019858 -0.000012 0.999803  0.064370 0.664198 1 64 1.000000
0  -3.484424 -21.438831 -2.866738  -0.019856 -0.000000 0.999803  0.064370 0.664198 1 64 1.000000
lowpoly_plastic
0  -4.054559 -21.274143 -3.446573  -0.908135 0.000027 0.418678  0.064370 0.664198 1 64 1.000000
0  -4.054561 -21.356487 -3.446573  -0.908133 0.000019 0.418682  0.064370 0.664198 1 64 1.000000
0  -3.790036 -21.356489 -2.872808  -0.908131 0.000023 0.418686  0.064370 0.664198 1 64 1.000000
lowpoly_plastic
0  -4.054561 -21.356487 -3.446573  -0.908133 0.000019 0.418682  0.064370 0.664198 1 64 1.000000
0  -4.054562 -21.438833 -3.446573  -0.908135 -0.000016 0.418678  0.064370 0.664198 1 64 1.000000
0  -3.790039 -21.438835 -2.872808  -0.908132 0.000013 0.418684  0.064370 0.664198 1 64 1.000000
lowpoly_plastic
0  -3.790037 -20.964539 -2.872808  -0.908138 -0.000009 0.418671  0.064370 0.664198 1 64 1.000000
0  -4.054555 -20.964542 -3.446573  -0.908135 0.000041 0.418678  0.064370 0.664198 1 64 1.000000
0  -4.054563 -21.046881 -3.446573  -0.908137 0.000076 0.418672  0.064370 0.664198 1 64 1.000000
lowpoly_plastic
0  -3.790037 -20.964539 -2.872808  -0.019855 -0.000000 0.999803  0.064370 0.664198 1 64 1.000000
0  -3.790037 -21.046883 -2.872808  -0.019856 0.000000 0.999803  0.064370 0.664198 1 64 1.000000
0  -3.484429 -21.046883 -2.866738  -0.019855 0.000000 0.999803  0.064370 0.664198 1 64 1.000000
lowpoly_plastic
0  -4.054555 -20.964542 -3.446573  -0.999547 0.023093 0.019297  0.064370 0.664198 1 64 1.000000
0  -4.061449 -20.964537 -3.803695  -0.999547 0.023093 0.019297  0.064370 0.664198 1 64 1.000000
0  -4.061445 -21.046879 -3.704962  -0.999547 0.023093 0.019297  0.064370 0.664198 1 64 1.000000
lowpoly_plastic
0  -4.061445 -21.046879 -3.704962  -0.000322 1.000000 0.000001  0.075349 0.627009 1 64 1.000000
0  -4.078726 -21.046885 -3.706592  -0.000331 1.000000 0.000000  0.075349 0.627009 1 64 1.000000
0  -4.078726 -21.046885 -3.448853  -0.000148 1.000000 -0.000128  0.075349 0.627009 1 64 1.000000
lowpoly_plastic
0  -3.801986 -21.046883 -2.860615  0.000004 1.000000 -0.000080  0.075349 0.627009 1 64 1.000000
0  -3.790037 -21.046883 -2.872808  0.000001 1.000000 -0.000068  0.075349 0.627009 1 64 1.000000
0  -4.078723 -21.046875 -3.419491  0.000080 1.000000 -0.000145  0.075349 0.627009 1 64 1.000000
lowpoly_plastic
0  -4.054563 -21.046881 -3.446573  -0.000047 1.000000 -0.000099  0.075349 0.627009 1 64 1.000000
0  -4.078726 -21.046885 -3.448853  -0.000148 1.000000 -0.000128  0.075349 0.627009 1 64 1.000000
0  -4.078723 -21.046875 -3.419491  0.000080 1.000000 -0.000145  0.075349 0.627009 1 64 1.000000
lowpoly_plastic
0  -4.061451 -20.799858 -3.704962  -0.999545 -0.023203 0.019283  0.064370 0.664198 1 64 1.000000
0  -4.061444 -20.882198 -3.803695  -0.999545 -0.023203 0.019283  0.064370 0.664198 1 64 1.000000
0  -4.054555 -20.882196 -3.446573  -0.999545 -0.023203 0.019283  0.064370 0.664198 1 64 1.000000
lowpoly_plastic
0  -4.061444 -20.882198 -3.803695  -0.999814 0.000049 0.019300  0.064370 0.664198 1 64 1.000000
0  -4.061449 -20.964537 -3.803695  -0.999814 0.000057 0.019302  0.064370 0.664198 1 64 1.000000
0  -4.054555 -20.964542 -3.446573  -0.999814 0.000008 0.019289  0.064370 0.664198 1 64 1.000000
lowpoly_plastic
0  -3.790040 -20.799850 -2.872809  -0.019856 0.000019 0.999803  0.064370 0.664198 1 64 1.000000
0  -3.790040 -20.882196 -2.872808  -0.019855 0.000011 0.999803  0.064370 0.664198 1 64 1.000000
0  -3.484423 -20.882198 -2.866738  -0.019858 0.000002 0.999803  0.064370 0.664198 1 64 1.000000
lowpoly_plastic
0  -3.790040 -20.882196 -2.872808  -0.019855 0.000011 0.999803  0.064370 0.664198 1 64 1.000000
0  -3.790037 -20.964539 -2.872808  -0.019855 -0.000000 0.999803  0.064370 0.664198 1 64 1.000000
0  -3.484428 -20.964539 -2.866738  -0.019855 0.000001 0.999803  0.064370 0.664198 1 64 1.000000
lowpoly_plastic
0  -4.054560 -20.799858 -3.446573  -0.908138 -0.000050 0.418672  0.064370 0.664198 1 64 1.000000
0  -4.054555 -20.882196 -3.446573  -0.908135 -0.000029 0.418677  0.064370 0.664198 1 64 1.000000
0  -3.790040 -20.882196 -2.872808  -0.908143 -0.000013 0.418659  0.064370 0.664198 1 64 1.000000
lowpoly_plastic
0  -4.054555 -20.882196 -3.446573  -0.908135 -0.000029 0.418677  0.064370 0.664198 1 64 1.000000
0  -4.054555 -20.964542 -3.446573  -0.908135 0.000041 0.418678  0.064370 0.664198 1 64 1.000000
0  -3.790037 -20.964539 -2.872808  -0.908138 -0.000009 0.418671  0.064370 0.664198 1 64 1.000000
lowpoly_plastic
0  -4.054555 -20.490246 -3.446573  -0.908140 -0.000016 0.418666  0.064370 0.664198 1 64 1.000000
0  -4.054557 -20.572590 -3.446573  -0.908135 0.000018 0.418678  0.064370 0.664198 1 64 1.000000
0  -3.790037 -20.572586 -2.872807  -0.908140 -0.000032 0.418668  0.064370 0.664198 1 64 1.000000
lowpoly_plastic
0  -3.790041 -20.490244 -2.872807  -0.019854 -0.000000 0.999803  0.064370 0.664198 1 64 1.000000
0  -3.790037 -20.572586 -2.872807  -0.019854 -0.000001 0.999803  0.064370 0.664198 1 64 1.000000
0  -3.484425 -20.572592 -2.866738  -0.019854 -0.000005 0.999803  0.064370 0.664198 1 64 1.000000
lowpoly_plastic
0  -4.054555 -20.490246 -3.446573  -0.999546 0.023138 0.019285  0.064370 0.664198 1 64 1.000000
0  -4.061445 -20.490246 -3.803695  -0.999546 0.023138 0.019285  0.064370 0.664198 1 64 1.000000
0  -4.061446 -20.572592 -3.704962  -0.999546 0.023138 0.019285  0.064370 0.664198 1 64 1.000000
lowpoly_plastic
0  -4.061446 -20.572592 -3.704962  0.000213 1.000000 0.000000  0.075349 0.627009 1 64 1.000000
0  -4.078725 -20.572588 -3.706592  0.000221 1.000000 0.000000  0.075349 0.627009 1 64 1.000000
0  -4.078725 -20.572588 -3.448853  0.000082 1.000000 0.000000  0.075349 0.627009 1 64 1.000000
lowpoly_plastic
0  -3.801979 -20.572590 -2.860614  -0.000211 1.000000 0.000112  0.075349 0.627009 1 64 1.000000
0  -3.790037 -20.572586 -2.872807  -0.000117 1.000000 0.000125  0.075349 0.627009 1 64 1.000000
0  -4.078725 -20.572588 -3.419491  0.000053 1.000000 -0.000062  0.075349 0.627009 1 64 1.000000
lowpoly_plastic
0  -4.054557 -20.572590 -3.446573  0.000069 1.000000 -0.000030  0.075349 0.627009 1 64 1.000000
0  -4.078725 -20.572588 -3.448853  0.000082 1.000000 0.000000  0.075349 0.627009 1 64 1.000000
0  -4.078725 -20.572588 -3.419491  0.000053 1.000000 -0.000062  0.075349 0.627009 1 64 1.000000
lowpoly_plastic
0  -4.061447 -20.325562 -3.704962  -0.999547 -0.023096 0.019282  0.064370 0.664198 1 64 1.000000
0  -4.061449 -20.407906 -3.803695  -0.999547 -0.023096 0.019282  0.064370 0.664198 1 64 1.000000
0  -4.054560 -20.407904 -3.446575  -0.999547 -0.023096 0.019282  0.064370 0.664198 1 64 1.000000
lowpoly_plastic
0  -4.061449 -20.407906 -3.803695  -0.999814 -0.000050 0.019290  0.064370 0.664198 1 64 1.000000
0  -4.061445 -20.490246 -3.803695  -0.999814 -0.000049 0.019290  0.064370 0.664198 1 64 1.000000
0  -4.054555 -20.490246 -3.446573  -0.999814 -0.000055 0.019289  0.064370 0.664198 1 64 1.000000
lowpoly_plastic
0  -3.790035 -20.325562 -2.872807  -0.019856 0.000000 0.999803  0.064370 0.664198 1 64 1.000000
0  -3.790036 -20.407907 -2.872807  -0.019856 0.000001 0.999803  0.064370 0.664198 1 64 1.000000
0  -3.484428 -20.407906 -2.866738  -0.019855 -0.000000 0.999803  0.064370 0.664198 1 64 1.000000
lowpoly_plastic
0  -3.790036 -20.407907 -2.872807  -0.019856 0.000001 0.999803  0.064370 0.664198 1 64 1.000000
0  -3.790041 -20.490244 -2.872807  -0.019854 -0.000000 0.999803  0.064370 0.664198 1 64 1.000000
0  -3.484425 -20.490248 -2.866738  -0.019854 -0.000003 0.999803  0.064370 0.664198 1 64 1.000000
lowpoly_plastic
0  -4.054558 -20.325560 -3.446575  -0.908135 0.000026 0.418677  0.064370 0.664198 1 64 1.000000
0  -4.054560 -20.407904 -3.446575  -0.908140 -0.000005 0.418667  0.064370 0.664198 1 64 1.000000
0  -3.790036 -20.407907 -2.872807  -0.908133 0.000028 0.418682  0.064370 0.664198 1 64 1.000000
lowpoly_plastic
0  -4.054560 -20.407904 -3.446575  -0.908140 -0.000005 0.418667  0.064370 0.664198 1 64 1.000000
0  -4.054555 -20.490246 -3.446573  -0.908140 -0.000016 0.418666  0.064370 0.664198 1 64 1.000000
0  -3.790041 -20.490244 -2.872807  -0.908136 0.000001 0.418675  0.064370 0.664198 1 64 1.000000
lowpoly_plastic
0  -4.054560 -20.015953 -3.446573  -0.908133 -0.000011 0.418682  0.064370 0.664198 1 64 1.000000
0  -4.054555 -20.098291 -3.446573  -0.908131 -0.000046 0.418687  0.064370 0.664198 1 64 1.000000
0  -3.790037 -20.098299 -2.872807  -0.908137 0.000013 0.418674  0.064370 0.664198 1 64 1.000000
lowpoly_plastic
0  -3.790035 -20.015953 -2.872807  -0.019855 0.000000 0.999803  0.064370 0.664198 1 64 1.000000
0  -3.790037 -20.098299 -2.872807  -0.019854 0.000000 0.999803  0.064370 0.664198 1 64 1.000000
0  -3.484423 -20.098293 -2.866738  -0.019856 -0.000001 0.999803  0.064370 0.664198 1 64 1.000000
lowpoly_plastic
0  -4.054560 -20.015953 -3.446573  -0.999548 0.023065 0.019283  0.064370 0.664198 1 64 1.000000
0  -4.061449 -20.015955 -3.803695  -0.999548 0.023065 0.019283  0.064370 0.664198 1 64 1.000000
0  -4.061444 -20.098293 -3.704962  -0.999548 0.023065 0.019283  0.064370 0.664198 1 64 1.000000
lowpoly_plastic
0  -4.061444 -20.098293 -3.704962  0.000104 1.000000 -0.000001  0.075349 0.627009 1 64 1.000000
0  -4.078722 -20.098291 -3.706592  0.000110 1.000000 0.000000  0.075349 0.627009 1 64 1.000000
0  -4.078722 -20.098291 -3.448853  0.000003 1.000000 -0.000010  0.075349 0.627009 1 64 1.000000
lowpoly_plastic
0  -3.801984 -20.098297 -2.860614  -0.000016 1.000000 -0.000117  0.075349 0.627009 1 64 1.000000
0  -3.790037 -20.098299 -2.872807  0.000037 1.000000 -0.000158  0.075349 0.627009 1 64 1.000000
0  -4.078722 -20.098291 -3.419493  0.000008 1.000000 -0.000001  0.075349 0.627009 1 64 1.000000
lowpoly_plastic
0  -4.054555 -20.098291 -3.446573  0.000004 1.000000 -0.000008  0.075349 0.627009 1 64 1.000000
0  -4.078722 -20.098291 -3.448853  0.000003 1.000000 -0.000010  0.075349 0.627009 1 64 1.000000
0  -4.078722 -20.098291 -3.419493  0.000008 1.000000 -0.000001  0.075349 0.627009 1 64 1.000000
lowpoly_plastic
0  -4.061445 -19.851265 -3.704962  -0.999548 -0.023080 0.019285  0.064370 0.664198 1 64 1.000000
0  -4.061449 -19.933609 -3.803695  -0.999548 -0.023080 0.019285  0.064370 0.664198 1 64 1.000000
0  -4.054558 -19.933609 -3.446573  -0.999548 -0.023080 0.019285  0.064370 0.664198 1 64 1.000000
lowpoly_plastic
0  -4.054558 -19.933609 -3.446573  -0.999814 0.000021 0.019289  0.064370 0.664198 1 64 1.000000
0  -4.061449 -19.933609 -3.803695  -0.999814 0.000000 0.019290  0.064370 0.664198 1 64 1.000000
0  -4.061449 -20.015955 -3.803695  -0.999814 0.000004 0.019290  0.064370 0.664198 1 64 1.000000
lowpoly_plastic
0  -3.790040 -19.851269 -2.872807  -0.019855 -0.000001 0.999803  0.064370 0.664198 1 64 1.000000
0  -3.790033 -19.933609 -2.872807  -0.019856 -0.000001 0.999803  0.064370 0.664198 1 64 1.000000
0  -3.484426 -19.933609 -2.866738  -0.019856 0.000000 0.999803  0.064370 0.664198 1 64 1.000000
lowpoly_plastic
0  -3.790033 -19.933609 -2.872807  -0.019856 -0.000001 0.999803  0.064370 0.664198 1 64 1.000000
0  -3.790035 -20.015953 -2.872807  -0.019855 0.000000 0.999803  0.064370 0.664198 1 64 1.000000
0  -3.484428 -20.015955 -2.866738  -0.019856 -0.000000 0.999803  0.064370 0.664198 1 64 1.000000
lowpoly_plastic
0  -4.054556 -19.851261 -3.446573  -0.908129 0.000019 0.418690  0.064370 0.664198 1 64 1.000000
0  -4.054558 -19.933609 -3.446573  -0.908132 0.000023 0.418685  0.064370 0.664198 1 64 1.000000
0  -3.790033 -19.933609 -2.872807  -0.908136 -0.000023 0.418675  0.064370 0.664198 1 64 1.000000
lowpoly_plastic
0  -4.054558 -19.933609 -3.446573  -0.908132 0.000023 0.418685  0.064370 0.664198 1 64 1.000000
0  -4.054560 -20.015953 -3.446573  -0.908133 -0.000011 0.418682  0.064370 0.664198 1 64 1.000000
0  -3.790035 -20.015953 -2.872807  -0.908136 0.000018 0.418675  0.064370 0.664198 1 64 1.000000
lowpoly_plastic
0  -4.054557 -19.541655 -3.446573  -0.908140 0.000013 0.418666  0.064370 0.664198 1 64 1.000000
0  -4.054559 -19.624001 -3.446573  -0.908139 0.000018 0.418669  0.064370 0.664198 1 64 1.000000
0  -3.790035 -19.624002 -2.872807  -0.908139 0.000002 0.418669  0.064370 0.664198 1 64 1.000000
lowpoly_plastic
0  -3.790035 -19.541656 -2.872807  -0.019856 -0.000000 0.999803  0.064370 0.664198 1 64 1.000000
0  -3.790035 -19.624002 -2.872807  -0.019856 0.000000 0.999803  0.064370 0.664198 1 64 1.000000
0  -3.484429 -19.624001 -2.866738  -0.019855 0.000000 0.999803  0.064370 0.664198 1 64 1.000000
lowpoly_plastic
0  -4.054557 -19.541655 -3.446573  -0.999546 0.023138 0.019283  0.064370 0.664198 1 64 1.000000
0  -4.061447 -19.541656 -3.803695  -0.999546 0.023138 0.019283  0.064370 0.664198 1 64 1.000000
0  -4.061449 -19.624001 -3.704962  -0.999546 0.023138 0.019283  0.064370 0.664198 1 64 1.000000
lowpoly_plastic
0  -4.061449 -19.624001 -3.704962  -0.000217 1.000000 0.000000  0.075349 0.627009 1 64 1.000000
0  -4.078722 -19.624004 -3.706592  -0.000221 1.000000 0.000000  0.075349 0.627009 1 64 1.000000
0  -4.078722 -19.624004 -3.448853  -0.000159 1.000000 0.000000  0.075349 0.627009 1 64 1.000000
lowpoly_plastic
0  -3.801982 -19.624001 -2.860616  -0.000020 1.000000 -0.000157  0.075349 0.627009 1 64 1.000000
0  -3.790035 -19.624002 -2.872807  0.000036 1.000000 -0.000166  0.075349 0.627009 1 64 1.000000
0  -4.078722 -19.624004 -3.419493  -0.000115 1.000000 0.000064  0.075349 0.627009 1 64 1.000000
lowpoly_plastic
0  -4.054559 -19.624001 -3.446573  -0.000140 1.000000 0.000030  0.075349 0.627009 1 64 1.000000
0  -4.078722 -19.624004 -3.448853  -0.000159 1.000000 0.000000  0.075349 0.627009 1 64 1.000000
0  -4.078722 -19.624004 -3.419493  -0.000115 1.000000 0.000064  0.075349 0.627009 1 64 1.000000
lowpoly_plastic
0  -4.061450 -19.376970 -3.704962  -0.999546 -0.023154 0.019287  0.064370 0.664198 1 64 1.000000
0  -4.061447 -19.459311 -3.803695  -0.999546 -0.023154 0.019287  0.064370 0.664198 1 64 1.000000
0  -4.054556 -19.459311 -3.446573  -0.999546 -0.023154 0.019287  0.064370 0.664198 1 64 1.000000
lowpoly_plastic
0  -4.061447 -19.459311 -3.803695  -0.999814 0.000008 0.019290  0.064370 0.664198 1 64 1.000000
0  -4.061447 -19.541656 -3.803695  -0.999814 0.000008 0.019290  0.064370 0.664198 1 64 1.000000
0  -4.054557 -19.541655 -3.446573  -0.999814 0.000008 0.019291  0.064370 0.664198 1 64 1.000000
lowpoly_plastic
0  -3.790036 -19.376972 -2.872807  -0.019855 0.000000 0.999803  0.064370 0.664198 1 64 1.000000
0  -3.790038 -19.459316 -2.872807  -0.019856 -0.000000 0.999803  0.064370 0.664198 1 64 1.000000
0  -3.484426 -19.459312 -2.866738  -0.019855 -0.000000 0.999803  0.064370 0.664198 1 64 1.000000
lowpoly_plastic
0  -3.790038 -19.459316 -2.872807  -0.019856 -0.000000 0.999803  0.064370 0.664198 1 64 1.000000
0  -3.790035 -19.541656 -2.872807  -0.019856 -0.000000 0.999803  0.064370 0.664198 1 64 1.000000
0  -3.484426 -19.541658 -2.866738  -0.019855 0.000000 0.999803  0.064370 0.664198 1 64 1.000000
lowpoly_plastic
0  -4.054556 -19.376976 -3.446573  -0.908144 0.000001 0.418658  0.064370 0.664198 1 64 1.000000
0  -4.054556 -19.459311 -3.446573  -0.908143 0.000003 0.418661  0.064370 0.664198 1 64 1.000000
0  -3.790038 -19.459316 -2.872807  -0.908134 -0.000010 0.418680  0.064370 0.664198 1 64 1.000000
lowpoly_plastic
0  -4.054556 -19.459311 -3.446573  -0.908143 0.000003 0.418661  0.064370 0.664198 1 64 1.000000
0  -4.054557 -19.541655 -3.446573  -0.908140 0.000013 0.418666  0.064370 0.664198 1 64 1.000000
0  -3.790035 -19.541656 -2.872807  -0.908134 -0.000012 0.418680  0.064370 0.664198 1 64 1.000000
lowpoly_plastic
0  -3.373447 -17.075520 -2.848027  0.000000 -0.000000 1.000000  0.075349 0.627009 1 64 1.000000
0  -3.795752 -17.075520 -2.848026  0.000001 -0.000000 1.000000  0.075349 0.627009 1 64 1.000000
0  -3.484429 -19.376972 -2.848027  -0.000023 -0.000000 1.000000  0.075349 0.627009 1 64 1.000000
lowpoly_plastic
0  -3.795752 -17.075520 -2.848026  0.000001 -0.000000 1.000000  0.075349 0.627009 1 64 1.000000
0  -3.795748 -19.376972 -2.848027  0.000000 -0.000000 1.000000  0.075349 0.627009 1 64 1.000000
0  -3.484429 -19.376972 -2.848027  -0.000023 -0.000000 1.000000  0.075349 0.627009 1 64 1.000000
lowpoly_plastic
0  -3.795750 -24.841234 -2.848027  0.000000 0.000000 1.000000  0.075349 0.627009 1 64 1.000000
0  -3.795753 -26.125587 -2.848027  0.000001 -0.000000 1.000000  0.075349 0.627009 1 64 1.000000
0  -3.484431 -24.841234 -2.848027  0.000000 -0.000000 1.000000  0.075349 0.627009 1 64 1.000000
lowpoly_plastic
0  -3.484427 -24.676548 -2.848027  -0.000101 0.000000 1.000000  0.075349 0.627009 1 64 1.000000
0  -3.484429 -24.758890 -2.848027  0.000051 -0.000000 1.000000  0.075349 0.627009 1 64 1.000000
0  -3.373453 -26.125582 -2.848027  0.000000 -0.000000 1.000000  0.075349 0.627009 1 64 1.000000
lowpoly_plastic
0  -3.484431 -24.841234 -2.848027  0.000000 -0.000000 1.000000  0.075349 0.627009 1 64 1.000000
0  -3.795753 -26.125587 -2.848027  0.000001 -0.000000 1.000000  0.075349 0.627009 1 64 1.000000
0  -3.373453 -26.125582 -2.848027  0.000000 -0.000000 1.000000  0.075349 0.627009 1 64 1.000000
lowpoly_plastic
0  -3.373453 -26.125582 -2.848027  0.000000 -0.000000 1.000000  0.075349 0.627009 1 64 1.000000
0  -3.373447 -17.075520 -2.848027  0.000000 -0.000000 1.000000  0.075349 0.627009 1 64 1.000000
0  -3.484425 -21.521175 -2.848028  -0.000004 -0.000000 1.000000  0.075349 0.627009 1 64 1.000000
lowpoly_plastic
0  -3.484426 -19.459312 -2.848027  -0.000001 0.000000 1.000000  0.075349 0.627009 1 64 1.000000
0  -3.484426 -19.541658 -2.848027  -0.000074 0.000000 1.000000  0.075349 0.627009 1 64 1.000000
0  -3.373447 -17.075520 -2.848027  0.000000 -0.000000 1.000000  0.075349 0.627009 1 64 1.000000
lowpoly_plastic
0  -3.373447 -17.075520 -2.848027  0.000000 -0.000000 1.000000  0.075349 0.627009 1 64 1.000000
0  -3.484429 -19.376972 -2.848027  -0.000023 -0.000000 1.000000  0.075349 0.627009 1 64 1.000000
0  -3.484426 -19.459312 -2.848027  -0.000001 0.000000 1.000000  0.075349 0.627009 1 64 1.000000
lowpoly_plastic
0  -3.484429 -24.758890 -2.848027  0.000051 -0.000000 1.000000  0.075349 0.627009 1 64 1.000000
0  -3.484431 -24.841234 -2.848027  0.000000 -0.000000 1.000000  0.075349 0.627009 1 64 1.000000
0  -3.373453 -26.125582 -2.848027  0.000000 -0.000000 1.000000  0.075349 0.627009 1 64 1.000000
lowpoly_plastic
0  -3.795747 -24.366940 -2.848026  0.000001 -0.000001 1.000000  0.075349 0.627009 1 64 1.000000
0  -3.795749 -24.594208 -2.848027  0.000000 -0.000002 1.000000  0.075349 0.627009 1 64 1.000000
0  -3.484431 -24.594206 -2.848027  0.000023 -0.000000 1.000000  0.075349 0.627009 1 64 1.000000
lowpoly_plastic
0  -3.484431 -24.594206 -2.848027  0.000023 -0.000000 1.000000  0.075349 0.627009 1 64 1.000000
0  -3.484427 -24.676548 -2.848027  -0.000101 0.000000 1.000000  0.075349 0.627009 1 64 1.000000
0  -3.373453 -26.125582 -2.848027  0.000000 -0.000000 1.000000  0.075349 0.627009 1 64 1.000000
lowpoly_plastic
0  -3.373447 -17.075520 -2.848027  0.000000 -0.000000 1.000000  0.075349 0.627009 1 64 1.000000
0  -3.484426 -19.541658 -2.848027  -0.000074 0.000000 1.000000  0.075349 0.627009 1 64 1.000000
0  -3.484429 -19.624001 -2.848027  0.000011 -0.000000 1.000000  0.075349 0.627009 1 64 1.000000
lowpoly_plastic
0  -3.484429 -19.624001 -2.848027  0.000011 -0.000000 1.000000  0.075349 0.627009 1 64 1.000000
0  -3.795750 -19.623997 -2.848027  0.000000 0.000000 1.000000  0.075349 0.627009 1 64 1.000000
0  -3.795748 -19.851269 -2.848027  -0.000000 0.000000 1.000000  0.075349 0.627009 1 64 1.000000
lowpoly_plastic
0  -3.484424 -19.851265 -2.848027  -0.000138 0.000000 1.000000  0.075349 0.627009 1 64 1.000000
0  -3.484426 -19.933609 -2.848027  0.000046 0.000000 1.000000  0.075349 0.627009 1 64 1.000000
0  -3.373447 -17.075520 -2.848027  0.000000 -0.000000 1.000000  0.075349 0.627009 1 64 1.000000
lowpoly_plastic
0  -3.484429 -19.624001 -2.848027  0.000011 -0.000000 1.000000  0.075349 0.627009 1 64 1.000000
0  -3.795748 -19.851269 -2.848027  -0.000000 0.000000 1.000000  0.075349 0.627009 1 64 1.000000
0  -3.484424 -19.851265 -2.848027  -0.000138 0.000000 1.000000  0.075349 0.627009 1 64 1.000000
lowpoly_plastic
0  -3.484429 -24.366938 -2.848027  0.000001 0.000000 1.000000  0.075349 0.627009 1 64 1.000000
0  -3.795747 -24.366940 -2.848026  0.000001 -0.000001 1.000000  0.075349 0.627009 1 64 1.000000
0  -3.484431 -24.594206 -2.848027  0.000023 -0.000000 1.000000  0.075349 0.627009 1 64 1.000000
lowpoly_plastic
0  -3.484428 -24.119915 -2.848027  -0.000025 -0.000002 1.000000  0.075349 0.627009 1 64 1.000000
0  -3.484429 -24.202257 -2.848027  0.000000 -0.000000 1.000000  0.075349 0.627009 1 64 1.000000
0  -3.373453 -26.125582 -2.848027  0.000000 -0.000000 1.000000  0.075349 0.627009 1 64 1.000000
lowpoly_plastic
0  -3.484429 -24.366938 -2.848027  0.000001 0.000000 1.000000  0.075349 0.627009 1 64 1.000000
0  -3.484431 -24.594206 -2.848027  0.000023 -0.000000 1.000000  0.075349 0.627009 1 64 1.000000
0  -3.373453 -26.125582 -2.848027  0.000000 -0.000000 1.000000  0.075349 0.627009 1 64 1.000000
lowpoly_plastic
0  -3.484429 -24.202257 -2.848027  0.000000 -0.000000 1.000000  0.075349 0.627009 1 64 1.000000
0  -3.484430 -24.284592 -2.848027  0.000000 -0.000000 1.000000  0.075349 0.627009 1 64 1.000000
0  -3.373453 -26.125582 -2.848027  0.000000 -0.000000 1.000000  0.075349 0.627009 1 64 1.000000
lowpoly_plastic
0  -3.373447 -17.075520 -2.848027  0.000000 -0.000000 1.000000  0.075349 0.627009 1 64 1.000000
0  -3.484429 -19.624001 -2.848027  0.000011 -0.000000 1.000000  0.075349 0.627009 1 64 1.000000
0  -3.484424 -19.851265 -2.848027  -0.000138 0.000000 1.000000  0.075349 0.627009 1 64 1.000000
lowpoly_plastic
0  -3.373447 -17.075520 -2.848027  0.000000 -0.000000 1.000000  0.075349 0.627009 1 64 1.000000
0  -3.484426 -19.933609 -2.848027  0.000046 0.000000 1.000000  0.075349 0.627009 1 64 1.000000
0  -3.484428 -20.015955 -2.848027  0.000007 -0.000000 1.000000  0.075349 0.627009 1 64 1.000000
lowpoly_plastic
0  -3.484430 -24.284592 -2.848027  0.000000 -0.000000 1.000000  0.075349 0.627009 1 64 1.000000
0  -3.484429 -24.366938 -2.848027  0.000001 0.000000 1.000000  0.075349 0.627009 1 64 1.000000
0  -3.373453 -26.125582 -2.848027  0.000000 -0.000000 1.000000  0.075349 0.627009 1 64 1.000000
lowpoly_plastic
0  -3.795750 -23.892647 -2.848026  0.000000 0.000000 1.000000  0.075349 0.627009 1 64 1.000000
0  -3.795748 -24.119907 -2.848026  0.000000 -0.000001 1.000000  0.075349 0.627009 1 64 1.000000
0  -3.484424 -23.892647 -2.848026  -0.000000 -0.000000 1.000000  0.075349 0.627009 1 64 1.000000
lowpoly_plastic
0  -3.484424 -23.892647 -2.848026  -0.000000 -0.000000 1.000000  0.075349 0.627009 1 64 1.000000
0  -3.795748 -24.119907 -2.848026  0.000000 -0.000001 1.000000  0.075349 0.627009 1 64 1.000000
0  -3.484428 -24.119915 -2.848027  -0.000025 -0.000002 1.000000  0.075349 0.627009 1 64 1.000000
lowpoly_plastic
0  -3.373447 -17.075520 -2.848027  0.000000 -0.000000 1.000000  0.075349 0.627009 1 64 1.000000
0  -3.484428 -20.015955 -2.848027  0.000007 -0.000000 1.000000  0.075349 0.627009 1 64 1.000000
0  -3.484423 -20.098293 -2.848027  -0.000019 0.000000 1.000000  0.075349 0.627009 1 64 1.000000
lowpoly_plastic
0  -3.484423 -20.098293 -2.848027  -0.000019 0.000000 1.000000  0.075349 0.627009 1 64 1.000000
0  -3.795750 -20.098293 -2.848027  0.000000 0.000000 1.000000  0.075349 0.627009 1 64 1.000000
0  -3.795755 -20.325560 -2.848027  -0.000000 0.000000 1.000000  0.075349 0.627009 1 64 1.000000
lowpoly_plastic
0  -3.484426 -20.325563 -2.848027  0.000137 0.000000 1.000000  0.075349 0.627009 1 64 1.000000
0  -3.484428 -20.407906 -2.848027  0.000002 -0.000000 1.000000  0.075349 0.627009 1 64 1.000000
0  -3.373447 -17.075520 -2.848027  0.000000 -0.000000 1.000000  0.075349 0.627009 1 64 1.000000
lowpoly_plastic
0  -3.484423 -20.098293 -2.848027  -0.000019 0.000000 1.000000  0.075349 0.627009 1 64 1.000000
0  -3.795755 -20.325560 -2.848027  -0.000000 0.000000 1.000000  0.075349 0.627009 1 64 1.000000
0  -3.484426 -20.325563 -2.848027  0.000137 0.000000 1.000000  0.075349 0.627009 1 64 1.000000
lowpoly_plastic
0  -3.484424 -23.892647 -2.848026  -0.000000 -0.000000 1.000000  0.075349 0.627009 1 64 1.000000
0  -3.484428 -24.119915 -2.848027  -0.000025 -0.000002 1.000000  0.075349 0.627009 1 64 1.000000
0  -3.373453 -26.125582 -2.848027  0.000000 -0.000000 1.000000  0.075349 0.627009 1 64 1.000000
lowpoly_plastic
0  -3.484427 -23.645615 -2.848026  0.000025 0.000000 1.000000  0.075349 0.627009 1 64 1.000000
0  -3.484426 -23.727962 -2.848026  0.000000 0.000000 1.000000  0.075349 0.627009 1 64 1.000000
0  -3.373453 -26.125582 -2.848027  0.000000 -0.000000 1.000000  0.075349 0.627009 1 64 1.000000
lowpoly_plastic
0  -3.484430 -23.810307 -2.848026  0.000000 -0.000000 1.000000  0.075349 0.627009 1 64 1.000000
0  -3.484424 -23.892647 -2.848026  -0.000000 -0.000000 1.000000  0.075349 0.627009 1 64 1.000000
0  -3.373453 -26.125582 -2.848027  0.000000 -0.000000 1.000000  0.075349 0.627009 1 64 1.000000
lowpoly_plastic
0  -3.373447 -17.075520 -2.848027  0.000000 -0.000000 1.000000  0.075349 0.627009 1 64 1.000000
0  -3.484423 -20.098293 -2.848027  -0.000019 0.000000 1.000000  0.075349 0.627009 1 64 1.000000
0  -3.484426 -20.325563 -2.848027  0.000137 0.000000 1.000000  0.075349 0.627009 1 64 1.000000
lowpoly_plastic
0  -3.484428 -20.407906 -2.848027  0.000002 -0.000000 1.000000  0.075349 0.627009 1 64 1.000000
0  -3.484425 -20.490248 -2.848027  0.000190 -0.000006 1.000000  0.075349 0.627009 1 64 1.000000
0  -3.373447 -17.075520 -2.848027  0.000000 -0.000000 1.000000  0.075349 0.627009 1 64 1.000000
lowpoly_plastic
0  -3.484425 -20.572592 -2.848028  -0.000001 -0.000000 1.000000  0.075349 0.627009 1 64 1.000000
0  -3.795752 -20.572590 -2.848027  0.000002 0.000000 1.000000  0.075349 0.627009 1 64 1.000000
0  -3.795750 -20.799854 -2.848027  0.000001 -0.000000 1.000000  0.075349 0.627009 1 64 1.000000
lowpoly_plastic
0  -3.484430 -20.799858 -2.848028  0.000000 -0.000000 1.000000  0.075349 0.627009 1 64 1.000000
0  -3.484427 -20.882193 -2.848028  -0.000207 0.000000 1.000000  0.075349 0.627009 1 64 1.000000
0  -3.373447 -17.075520 -2.848027  0.000000 -0.000000 1.000000  0.075349 0.627009 1 64 1.000000
lowpoly_plastic
0  -3.484425 -20.572592 -2.848028  -0.000001 -0.000000 1.000000  0.075349 0.627009 1 64 1.000000
0  -3.795750 -20.799854 -2.848027  0.000001 -0.000000 1.000000  0.075349 0.627009 1 64 1.000000
0  -3.484430 -20.799858 -2.848028  0.000000 -0.000000 1.000000  0.075349 0.627009 1 64 1.000000
lowpoly_plastic
0  -3.373447 -17.075520 -2.848027  0.000000 -0.000000 1.000000  0.075349 0.627009 1 64 1.000000
0  -3.484425 -20.490248 -2.848027  0.000190 -0.000006 1.000000  0.075349 0.627009 1 64 1.000000
0  -3.484425 -20.572592 -2.848028  -0.000001 -0.000000 1.000000  0.075349 0.627009 1 64 1.000000
lowpoly_plastic
0  -3.484426 -23.727962 -2.848026  0.000000 0.000000 1.000000  0.075349 0.627009 1 64 1.000000
0  -3.484430 -23.810307 -2.848026  0.000000 -0.000000 1.000000  0.075349 0.627009 1 64 1.000000
0  -3.373453 -26.125582 -2.848027  0.000000 -0.000000 1.000000  0.075349 0.627009 1 64 1.000000
lowpoly_plastic
0  -3.795751 -23.418348 -2.848026  0.000000 0.000000 1.000000  0.075349 0.627009 1 64 1.000000
0  -3.795753 -23.645615 -2.848026  0.000000 0.000000 1.000000  0.075349 0.627009 1 64 1.000000
0  -3.484427 -23.645615 -2.848026  0.000025 0.000000 1.000000  0.075349 0.627009 1 64 1.000000
lowpoly_plastic
0  -3.484428 -23.418354 -2.848026  -0.000068 -0.000000 1.000000  0.075349 0.627009 1 64 1.000000
0  -3.795751 -23.418348 -2.848026  0.000000 0.000000 1.000000  0.075349 0.627009 1 64 1.000000
0  -3.484427 -23.645615 -2.848026  0.000025 0.000000 1.000000  0.075349 0.627009 1 64 1.000000
lowpoly_plastic
0  -3.373447 -17.075520 -2.848027  0.000000 -0.000000 1.000000  0.075349 0.627009 1 64 1.000000
0  -3.484425 -20.572592 -2.848028  -0.000001 -0.000000 1.000000  0.075349 0.627009 1 64 1.000000
0  -3.484430 -20.799858 -2.848028  0.000000 -0.000000 1.000000  0.075349 0.627009 1 64 1.000000
lowpoly_plastic
0  -3.484427 -20.882193 -2.848028  -0.000207 0.000000 1.000000  0.075349 0.627009 1 64 1.000000
0  -3.484428 -20.964539 -2.848028  0.000056 -0.000000 1.000000  0.075349 0.627009 1 64 1.000000
0  -3.373447 -17.075520 -2.848027  0.000000 -0.000000 1.000000  0.075349 0.627009 1 64 1.000000
lowpoly_plastic
0  -3.484424 -21.046879 -2.848028  -0.000018 0.000000 1.000000  0.075349 0.627009 1 64 1.000000
0  -3.795748 -21.046883 -2.848028  -0.000000 0.000000 1.000000  0.075349 0.627009 1 64 1.000000
0  -3.484427 -21.274143 -2.848028  -0.000000 0.000000 1.000000  0.075349 0.627009 1 64 1.000000
lowpoly_plastic
0  -3.484427 -21.274143 -2.848028  -0.000000 0.000000 1.000000  0.075349 0.627009 1 64 1.000000
0  -3.484430 -21.356491 -2.848028  0.000000 0.000000 1.000000  0.075349 0.627009 1 64 1.000000
0  -3.373447 -17.075520 -2.848027  0.000000 -0.000000 1.000000  0.075349 0.627009 1 64 1.000000
lowpoly_plastic
0  -3.795748 -21.046883 -2.848028  -0.000000 0.000000 1.000000  0.075349 0.627009 1 64 1.000000
0  -3.795752 -21.274151 -2.848028  -0.000001 0.000000 1.000000  0.075349 0.627009 1 64 1.000000
0  -3.484427 -21.274143 -2.848028  -0.000000 0.000000 1.000000  0.075349 0.627009 1 64 1.000000
lowpoly_plastic
0  -3.373447 -17.075520 -2.848027  0.000000 -0.000000 1.000000  0.075349 0.627009 1 64 1.000000
0  -3.484428 -20.964539 -2.848028  0.000056 -0.000000 1.000000  0.075349 0.627009 1 64 1.000000
0  -3.484424 -21.046879 -2.848028  -0.000018 0.000000 1.000000  0.075349 0.627009 1 64 1.000000
lowpoly_plastic
0  -3.484428 -23.418354 -2.848026  -0.000068 -0.000000 1.000000  0.075349 0.627009 1 64 1.000000
0  -3.484427 -23.645615 -2.848026  0.000025 0.000000 1.000000  0.075349 0.627009 1 64 1.000000
0  -3.373453 -26.125582 -2.848027  0.000000 -0.000000 1.000000  0.075349 0.627009 1 64 1.000000
lowpoly_plastic
0  -3.484430 -23.171322 -2.848026  -0.000003 0.000001 1.000000  0.075349 0.627009 1 64 1.000000
0  -3.484427 -23.253662 -2.848026  -0.000205 0.000000 1.000000  0.075349 0.627009 1 64 1.000000
0  -3.373453 -26.125582 -2.848027  0.000000 -0.000000 1.000000  0.075349 0.627009 1 64 1.000000
lowpoly_plastic
0  -3.484426 -23.336012 -2.848026  0.000102 0.000000 1.000000  0.075349 0.627009 1 64 1.000000
0  -3.484428 -23.418354 -2.848026  -0.000068 -0.000000 1.000000  0.075349 0.627009 1 64 1.000000
0  -3.373453 -26.125582 -2.848027  0.000000 -0.000000 1.000000  0.075349 0.627009 1 64 1.000000
lowpoly_plastic
0  -3.373447 -17.075520 -2.848027  0.000000 -0.000000 1.000000  0.075349 0.627009 1 64 1.000000
0  -3.484424 -21.046879 -2.848028  -0.000018 0.000000 1.000000  0.075349 0.627009 1 64 1.000000
0  -3.484427 -21.274143 -2.848028  -0.000000 0.000000 1.000000  0.075349 0.627009 1 64 1.000000
lowpoly_plastic
0  -3.484430 -21.356491 -2.848028  0.000000 0.000000 1.000000  0.075349 0.627009 1 64 1.000000
0  -3.484431 -21.438835 -2.848028  0.000058 -0.000000 1.000000  0.075349 0.627009 1 64 1.000000
0  -3.373447 -17.075520 -2.848027  0.000000 -0.000000 1.000000  0.075349 0.627009 1 64 1.000000
lowpoly_plastic
0  -3.484425 -21.521175 -2.848028  -0.000004 -0.000000 1.000000  0.075349 0.627009 1 64 1.000000
0  -3.795755 -21.521173 -2.848028  0.000000 0.000000 1.000000  0.075349 0.627009 1 64 1.000000
0  -3.484428 -21.748442 -2.848028  -0.000003 0.000000 1.000000  0.075349 0.627009 1 64 1.000000
lowpoly_plastic
0  -3.795755 -21.521173 -2.848028  0.000000 0.000000 1.000000  0.075349 0.627009 1 64 1.000000
0  -3.795751 -21.748438 -2.848028  0.000001 0.000000 1.000000  0.075349 0.627009 1 64 1.000000
0  -3.484428 -21.748442 -2.848028  -0.000003 0.000000 1.000000  0.075349 0.627009 1 64 1.000000
lowpoly_plastic
0  -3.373447 -17.075520 -2.848027  0.000000 -0.000000 1.000000  0.075349 0.627009 1 64 1.000000
0  -3.484431 -21.438835 -2.848028  0.000058 -0.000000 1.000000  0.075349 0.627009 1 64 1.000000
0  -3.484425 -21.521175 -2.848028  -0.000004 -0.000000 1.000000  0.075349 0.627009 1 64 1.000000
lowpoly_plastic
0  -3.484427 -23.253662 -2.848026  -0.000205 0.000000 1.000000  0.075349 0.627009 1 64 1.000000
0  -3.484426 -23.336012 -2.848026  0.000102 0.000000 1.000000  0.075349 0.627009 1 64 1.000000
0  -3.373453 -26.125582 -2.848027  0.000000 -0.000000 1.000000  0.075349 0.627009 1 64 1.000000
lowpoly_plastic
0  -3.795755 -22.944056 -2.848028  -0.000002 0.000005 1.000000  0.075349 0.627009 1 64 1.000000
0  -3.795749 -23.171326 -2.848026  0.000000 0.000008 1.000000  0.075349 0.627009 1 64 1.000000
0  -3.484430 -23.171322 -2.848026  -0.000003 0.000001 1.000000  0.075349 0.627009 1 64 1.000000
lowpoly_plastic
0  -3.484431 -22.779371 -2.848028  0.000007 0.000000 1.000000  0.075349 0.627009 1 64 1.000000
0  -3.484425 -22.861712 -2.848026  0.000621 0.000023 1.000000  0.075349 0.627009 1 64 1.000000
0  -3.373453 -26.125582 -2.848027  0.000000 -0.000000 1.000000  0.075349 0.627009 1 64 1.000000
lowpoly_plastic
0  -3.484429 -22.944056 -2.848026  -0.000002 -0.000000 1.000000  0.075349 0.627009 1 64 1.000000
0  -3.795755 -22.944056 -2.848028  -0.000002 0.000005 1.000000  0.075349 0.627009 1 64 1.000000
0  -3.484430 -23.171322 -2.848026  -0.000003 0.000001 1.000000  0.075349 0.627009 1 64 1.000000
lowpoly_plastic
0  -3.373453 -26.125582 -2.848027  0.000000 -0.000000 1.000000  0.075349 0.627009 1 64 1.000000
0  -3.484425 -21.521175 -2.848028  -0.000004 -0.000000 1.000000  0.075349 0.627009 1 64 1.000000
0  -3.484428 -21.748442 -2.848028  -0.000003 0.000000 1.000000  0.075349 0.627009 1 64 1.000000
lowpoly_plastic
0  -3.484430 -21.830788 -2.848028  0.000042 0.000000 1.000000  0.075349 0.627009 1 64 1.000000
0  -3.484426 -21.913128 -2.848028  -0.000000 -0.000000 1.000000  0.075349 0.627009 1 64 1.000000
0  -3.373453 -26.125582 -2.848027  0.000000 -0.000000 1.000000  0.075349 0.627009 1 64 1.000000
lowpoly_plastic
0  -3.373453 -26.125582 -2.848027  0.000000 -0.000000 1.000000  0.075349 0.627009 1 64 1.000000
0  -3.484428 -21.748442 -2.848028  -0.000003 0.000000 1.000000  0.075349 0.627009 1 64 1.000000
0  -3.484430 -21.830788 -2.848028  0.000042 0.000000 1.000000  0.075349 0.627009 1 64 1.000000
lowpoly_plastic
0  -3.484429 -22.944056 -2.848026  -0.000002 -0.000000 1.000000  0.075349 0.627009 1 64 1.000000
0  -3.484430 -23.171322 -2.848026  -0.000003 0.000001 1.000000  0.075349 0.627009 1 64 1.000000
0  -3.373453 -26.125582 -2.848027  0.000000 -0.000000 1.000000  0.075349 0.627009 1 64 1.000000
lowpoly_plastic
0  -3.484426 -22.697033 -2.848028  0.000002 -0.000001 1.000000  0.075349 0.627009 1 64 1.000000
0  -3.484431 -22.779371 -2.848028  0.000007 0.000000 1.000000  0.075349 0.627009 1 64 1.000000
0  -3.373453 -26.125582 -2.848027  0.000000 -0.000000 1.000000  0.075349 0.627009 1 64 1.000000
lowpoly_plastic
0  -3.795750 -22.469765 -2.848026  0.000003 -0.000006 1.000000  0.075349 0.627009 1 64 1.000000
0  -3.795753 -22.697033 -2.848028  0.000000 -0.000010 1.000000  0.075349 0.627009 1 64 1.000000
0  -3.484426 -22.697033 -2.848028  0.000002 -0.000001 1.000000  0.075349 0.627009 1 64 1.000000
lowpoly_plastic
0  -3.484425 -22.305079 -2.848028  -0.000002 -0.000000 1.000000  0.075349 0.627009 1 64 1.000000
0  -3.484427 -22.387424 -2.848028  -0.000205 -0.000006 1.000000  0.075349 0.627009 1 64 1.000000
0  -3.373453 -26.125582 -2.848027  0.000000 -0.000000 1.000000  0.075349 0.627009 1 64 1.000000
lowpoly_plastic
0  -3.484425 -22.469761 -2.848028  0.000091 -0.000000 1.000000  0.075349 0.627009 1 64 1.000000
0  -3.795750 -22.469765 -2.848026  0.000003 -0.000006 1.000000  0.075349 0.627009 1 64 1.000000
0  -3.484426 -22.697033 -2.848028  0.000002 -0.000001 1.000000  0.075349 0.627009 1 64 1.000000
lowpoly_plastic
0  -3.484425 -22.861712 -2.848026  0.000621 0.000023 1.000000  0.075349 0.627009 1 64 1.000000
0  -3.484429 -22.944056 -2.848026  -0.000002 -0.000000 1.000000  0.075349 0.627009 1 64 1.000000
0  -3.373453 -26.125582 -2.848027  0.000000 -0.000000 1.000000  0.075349 0.627009 1 64 1.000000
lowpoly_plastic
0  -3.373453 -26.125582 -2.848027  0.000000 -0.000000 1.000000  0.075349 0.627009 1 64 1.000000
0  -3.484426 -21.913128 -2.848028  -0.000000 -0.000000 1.000000  0.075349 0.627009 1 64 1.000000
0  -3.484428 -21.995472 -2.848028  -0.000016 0.000000 1.000000  0.075349 0.627009 1 64 1.000000
lowpoly_plastic
0  -3.484428 -21.995472 -2.848028  -0.000016 0.000000 1.000000  0.075349 0.627009 1 64 1.000000
0  -3.795749 -21.995468 -2.848028  0.000000 0.000000 1.000000  0.075349 0.627009 1 64 1.000000
0  -3.484424 -22.222736 -2.848028  -0.000019 -0.000000 1.000000  0.075349 0.627009 1 64 1.000000
lowpoly_plastic
0  -3.484424 -22.222736 -2.848028  -0.000019 -0.000000 1.000000  0.075349 0.627009 1 64 1.000000
0  -3.484425 -22.305079 -2.848028  -0.000002 -0.000000 1.000000  0.075349 0.627009 1 64 1.000000
0  -3.373453 -26.125582 -2.848027  0.000000 -0.000000 1.000000  0.075349 0.627009 1 64 1.000000
lowpoly_plastic
0  -3.795749 -21.995468 -2.848028  0.000000 0.000000 1.000000  0.075349 0.627009 1 64 1.000000
0  -3.795751 -22.222734 -2.848028  0.000001 0.000000 1.000000  0.075349 0.627009 1 64 1.000000
0  -3.484424 -22.222736 -2.848028  -0.000019 -0.000000 1.000000  0.075349 0.627009 1 64 1.000000
lowpoly_plastic
0  -3.484425 -22.469761 -2.848028  0.000091 -0.000000 1.000000  0.075349 0.627009 1 64 1.000000
0  -3.484426 -22.697033 -2.848028  0.000002 -0.000001 1.000000  0.075349 0.627009 1 64 1.000000
0  -3.373453 -26.125582 -2.848027  0.000000 -0.000000 1.000000  0.075349 0.627009 1 64 1.000000
lowpoly_plastic
0  -3.373453 -26.125582 -2.848027  0.000000 -0.000000 1.000000  0.075349 0.627009 1 64 1.000000
0  -3.484428 -21.995472 -2.848028  -0.000016 0.000000 1.000000  0.075349 0.627009 1 64 1.000000
0  -3.484424 -22.222736 -2.848028  -0.000019 -0.000000 1.000000  0.075349 0.627009 1 64 1.000000
lowpoly_plastic
0  -3.931707 -26.125591 -3.878406  0.000000 -0.000000 -1.000000  0.075349 0.627009 1 64 1.000000
0  -4.078722 -26.125586 -3.878406  0.000000 -0.000000 -1.000000  0.075349 0.627009 1 64 1.000000
0  -4.078721 -17.075523 -3.878408  0.000000 -0.000000 -1.000000  0.075349 0.627009 1 64 1.000000
lowpoly_plastic
0  -3.931707 -26.125591 -3.878406  -0.000005 -1.000000 0.000018  0.075349 0.627009 1 64 1.000000
0  -3.373453 -26.125582 -3.878406  -0.000000 -1.000000 0.000005  0.075349 0.627009 1 64 1.000000
0  -4.078722 -26.125586 -3.419493  0.000005 -1.000000 0.000005  0.075349 0.627009 1 64 1.000000
lowpoly_plastic
0  -3.373453 -26.125582 -2.848027  0.000001 -1.000000 -0.000003  0.075349 0.627009 1 64 1.000000
0  -3.795753 -26.125587 -2.848027  0.000014 -1.000000 0.000000  0.075349 0.627009 1 64 1.000000
0  -4.078722 -26.125586 -3.419493  0.000005 -1.000000 0.000005  0.075349 0.627009 1 64 1.000000
lowpoly_plastic
0  -4.078722 -26.125586 -3.419493  0.000005 -1.000000 0.000005  0.075349 0.627009 1 64 1.000000
0  -4.078722 -26.125586 -3.878406  -0.000039 -1.000000 0.000000  0.075349 0.627009 1 64 1.000000
0  -3.931707 -26.125591 -3.878406  -0.000005 -1.000000 0.000018  0.075349 0.627009 1 64 1.000000
lowpoly_plastic
0  -4.078722 -26.125586 -3.878406  -1.000000 -0.000003 -0.000003  0.075349 0.627009 1 64 1.000000
0  -4.078722 -26.125586 -3.419493  -1.000000 -0.000003 0.000002  0.075349 0.627009 1 64 1.000000
0  -4.078726 -24.841234 -3.706593  -1.000000 -0.000002 -0.000011  0.075349 0.627009 1 64 1.000000
lowpoly_plastic
0  -4.078721 -24.841232 -3.419492  -1.000000 0.000001 0.000162  0.075349 0.627009 1 64 1.000000
0  -4.078726 -24.841234 -3.448854  -1.000000 -0.000001 0.000080  0.075349 0.627009 1 64 1.000000
0  -4.078722 -26.125586 -3.419493  -1.000000 -0.000003 0.000002  0.075349 0.627009 1 64 1.000000
lowpoly_plastic
0  -4.078725 -19.376972 -3.419493  -1.000000 0.000002 0.000000  0.075349 0.627009 1 64 1.000000
0  -4.078721 -17.075523 -3.419492  -1.000000 0.000002 0.000000  0.075349 0.627009 1 64 1.000000
0  -4.078725 -19.376972 -3.448853  -1.000000 0.000002 0.000000  0.075349 0.627009 1 64 1.000000
lowpoly_plastic
0  -4.078725 -19.376972 -3.706592  -1.000000 -0.000000 -0.000024  0.075349 0.627009 1 64 1.000000
0  -4.078725 -19.376972 -3.448853  -1.000000 0.000002 0.000000  0.075349 0.627009 1 64 1.000000
0  -4.078721 -17.075523 -3.419492  -1.000000 0.000002 0.000000  0.075349 0.627009 1 64 1.000000
lowpoly_plastic
0  -4.078725 -19.376972 -3.706592  -1.000000 -0.000000 -0.000024  0.075349 0.627009 1 64 1.000000
0  -4.078721 -17.075523 -3.419492  -1.000000 0.000002 0.000000  0.075349 0.627009 1 64 1.000000
0  -4.078721 -17.075523 -3.878408  -1.000000 0.000002 0.000000  0.075349 0.627009 1 64 1.000000
lowpoly_plastic
0  -4.078722 -26.125586 -3.419493  -1.000000 -0.000003 0.000002  0.075349 0.627009 1 64 1.000000
0  -4.078726 -24.841234 -3.448854  -1.000000 -0.000001 0.000080  0.075349 0.627009 1 64 1.000000
0  -4.078726 -24.841234 -3.706593  -1.000000 -0.000002 -0.000011  0.075349 0.627009 1 64 1.000000
lowpoly_plastic
0  -4.078722 -26.125586 -3.878406  -1.000000 -0.000003 -0.000003  0.075349 0.627009 1 64 1.000000
0  -4.078726 -24.841234 -3.706593  -1.000000 -0.000002 -0.000011  0.075349 0.627009 1 64 1.000000
0  -4.078724 -24.758892 -3.805327  -1.000000 0.000008 -0.000191  0.075349 0.627009 1 64 1.000000
lowpoly_plastic
0  -4.078721 -19.459316 -3.805326  -1.000000 0.000015 0.000429  0.075349 0.627009 1 64 1.000000
0  -4.078725 -19.376972 -3.706592  -1.000000 -0.000000 -0.000024  0.075349 0.627009 1 64 1.000000
0  -4.078721 -17.075523 -3.878408  -1.000000 0.000002 0.000000  0.075349 0.627009 1 64 1.000000
lowpoly_plastic
0  -4.078722 -19.541658 -3.805326  -1.000000 -0.000001 -0.000076  0.075349 0.627009 1 64 1.000000
0  -4.078721 -19.459316 -3.805326  -1.000000 0.000015 0.000429  0.075349 0.627009 1 64 1.000000
0  -4.078721 -17.075523 -3.878408  -1.000000 0.000002 0.000000  0.075349 0.627009 1 64 1.000000
lowpoly_plastic
0  -4.078721 -17.075523 -3.878408  -1.000000 0.000002 0.000000  0.075349 0.627009 1 64 1.000000
0  -4.078722 -26.125586 -3.878406  -1.000000 -0.000003 -0.000003  0.075349 0.627009 1 64 1.000000
0  -4.078718 -21.438833 -3.805326  -1.000000 -0.000000 0.000014  0.075349 0.627009 1 64 1.000000
lowpoly_plastic
0  -4.078722 -26.125586 -3.878406  -1.000000 -0.000003 -0.000003  0.075349 0.627009 1 64 1.000000
0  -4.078724 -24.758892 -3.805327  -1.000000 0.000008 -0.000191  0.075349 0.627009 1 64 1.000000
0  -4.078723 -24.676548 -3.805327  -1.000000 0.000003 -0.000085  0.075349 0.627009 1 64 1.000000
lowpoly_plastic
0  -4.078721 -24.594204 -3.706593  -1.000000 -0.000016 0.000020  0.075349 0.627009 1 64 1.000000
0  -4.078721 -24.594204 -3.448854  -1.000000 -0.000017 -0.000081  0.075349 0.627009 1 64 1.000000
0  -4.078725 -24.366940 -3.706593  -1.000000 -0.000006 -0.000015  0.075349 0.627009 1 64 1.000000
lowpoly_plastic
0  -4.078726 -24.594196 -3.419492  -1.000000 -0.000016 -0.000149  0.075349 0.627009 1 64 1.000000
0  -4.078725 -24.366940 -3.419492  -1.000000 0.000004 0.000000  0.075349 0.627009 1 64 1.000000
0  -4.078725 -24.366940 -3.448854  -1.000000 -0.000007 -0.000007  0.075349 0.627009 1 64 1.000000
lowpoly_plastic
0  -4.078726 -24.594196 -3.419492  -1.000000 -0.000016 -0.000149  0.075349 0.627009 1 64 1.000000
0  -4.078725 -24.366940 -3.448854  -1.000000 -0.000007 -0.000007  0.075349 0.627009 1 64 1.000000
0  -4.078721 -24.594204 -3.448854  -1.000000 -0.000017 -0.000081  0.075349 0.627009 1 64 1.000000
lowpoly_plastic
0  -4.078721 -24.594204 -3.448854  -1.000000 -0.000017 -0.000081  0.075349 0.627009 1 64 1.000000
0  -4.078725 -24.366940 -3.448854  -1.000000 -0.000007 -0.000007  0.075349 0.627009 1 64 1.000000
0  -4.078725 -24.366940 -3.706593  -1.000000 -0.000006 -0.000015  0.075349 0.627009 1 64 1.000000
lowpoly_plastic
0  -4.078721 -24.594204 -3.706593  -1.000000 -0.000016 0.000020  0.075349 0.627009 1 64 1.000000
0  -4.078725 -24.366940 -3.706593  -1.000000 -0.000006 -0.000015  0.075349 0.627009 1 64 1.000000
0  -4.078723 -24.676548 -3.805327  -1.000000 0.000003 -0.000085  0.075349 0.627009 1 64 1.000000
lowpoly_plastic
0  -4.078722 -19.624004 -3.419493  -1.000000 -0.000007 0.000000  0.075349 0.627009 1 64 1.000000
0  -4.078722 -19.624004 -3.448853  -1.000000 -0.000007 0.000000  0.075349 0.627009 1 64 1.000000
0  -4.078721 -19.851267 -3.448853  -1.000000 -0.000008 0.000000  0.075349 0.627009 1 64 1.000000
lowpoly_plastic
0  -4.078721 -19.851267 -3.448853  -1.000000 -0.000008 0.000000  0.075349 0.627009 1 64 1.000000
0  -4.078721 -19.851267 -3.419493  -1.000000 -0.000009 0.000000  0.075349 0.627009 1 64 1.000000
0  -4.078722 -19.624004 -3.419493  -1.000000 -0.000007 0.000000  0.075349 0.627009 1 64 1.000000
lowpoly_plastic
0  -4.078721 -19.851267 -3.706592  -1.000000 -0.000004 0.000003  0.075349 0.627009 1 64 1.000000
0  -4.078721 -19.851267 -3.448853  -1.000000 -0.000008 0.000000  0.075349 0.627009 1 64 1.000000
0  -4.078722 -19.624004 -3.448853  -1.000000 -0.000007 0.000000  0.075349 0.627009 1 64 1.000000
lowpoly_plastic
0  -4.078721 -19.851267 -3.706592  -1.000000 -0.000004 0.000003  0.075349 0.627009 1 64 1.000000
0  -4.078722 -19.624004 -3.448853  -1.000000 -0.000007 0.000000  0.075349 0.627009 1 64 1.000000
0  -4.078722 -19.624004 -3.706592  -1.000000 -0.000008 -0.000007  0.075349 0.627009 1 64 1.000000
lowpoly_plastic
0  -4.078721 -19.933613 -3.805326  -0.999998 0.000038 0.001928  0.075349 0.627009 1 64 1.000000
0  -4.078721 -19.851267 -3.706592  -1.000000 -0.000004 0.000003  0.075349 0.627009 1 64 1.000000
0  -4.078722 -19.541658 -3.805326  -1.000000 -0.000001 -0.000076  0.075349 0.627009 1 64 1.000000
lowpoly_plastic
0  -4.078721 -19.851267 -3.706592  -1.000000 -0.000004 0.000003  0.075349 0.627009 1 64 1.000000
0  -4.078722 -19.624004 -3.706592  -1.000000 -0.000008 -0.000007  0.075349 0.627009 1 64 1.000000
0  -4.078722 -19.541658 -3.805326  -1.000000 -0.000001 -0.000076  0.075349 0.627009 1 64 1.000000
lowpoly_plastic
0  -4.078721 -19.933613 -3.805326  -0.999998 0.000038 0.001928  0.075349 0.627009 1 64 1.000000
0  -4.078722 -19.541658 -3.805326  -1.000000 -0.000001 -0.000076  0.075349 0.627009 1 64 1.000000
0  -4.078721 -17.075523 -3.878408  -1.000000 0.000002 0.000000  0.075349 0.627009 1 64 1.000000
lowpoly_plastic
0  -4.078723 -24.676548 -3.805327  -1.000000 0.000003 -0.000085  0.075349 0.627009 1 64 1.000000
0  -4.078725 -24.366940 -3.706593  -1.000000 -0.000006 -0.000015  0.075349 0.627009 1 64 1.000000
0  -4.078721 -24.284595 -3.805327  -0.999998 -0.000075 0.001803  0.075349 0.627009 1 64 1.000000
lowpoly_plastic
0  -4.078723 -24.676548 -3.805327  -1.000000 0.000003 -0.000085  0.075349 0.627009 1 64 1.000000
0  -4.078721 -24.284595 -3.805327  -0.999998 -0.000075 0.001803  0.075349 0.627009 1 64 1.000000
0  -4.078722 -26.125586 -3.878406  -1.000000 -0.000003 -0.000003  0.075349 0.627009 1 64 1.000000
lowpoly_plastic
0  -4.078726 -20.015949 -3.805326  -1.000000 0.000007 0.000001  0.075349 0.627009 1 64 1.000000
0  -4.078721 -19.933613 -3.805326  -0.999998 0.000038 0.001928  0.075349 0.627009 1 64 1.000000
0  -4.078721 -17.075523 -3.878408  -1.000000 0.000002 0.000000  0.075349 0.627009 1 64 1.000000
lowpoly_plastic
0  -4.078722 -20.098291 -3.419493  -1.000000 0.000020 0.000000  0.075349 0.627009 1 64 1.000000
0  -4.078722 -20.098291 -3.448853  -1.000000 0.000020 0.000000  0.075349 0.627009 1 64 1.000000
0  -4.078727 -20.325558 -3.419493  -1.000000 0.000020 0.000000  0.075349 0.627009 1 64 1.000000
lowpoly_plastic
0  -4.078727 -20.325558 -3.419493  -1.000000 0.000020 0.000000  0.075349 0.627009 1 64 1.000000
0  -4.078722 -20.098291 -3.448853  -1.000000 0.000020 0.000000  0.075349 0.627009 1 64 1.000000
0  -4.078727 -20.325558 -3.448853  -1.000000 0.000020 0.000000  0.075349 0.627009 1 64 1.000000
lowpoly_plastic
0  -4.078727 -20.325558 -3.706592  -1.000000 0.000010 0.000004  0.075349 0.627009 1 64 1.000000
0  -4.078727 -20.325558 -3.448853  -1.000000 0.000020 0.000000  0.075349 0.627009 1 64 1.000000
0  -4.078722 -20.098291 -3.706592  -1.000000 0.000024 0.000036  0.075349 0.627009 1 64 1.000000
lowpoly_plastic
0  -4.078727 -20.325558 -3.448853  -1.000000 0.000020 0.000000  0.075349 0.627009 1 64 1.000000
0  -4.078722 -20.098291 -3.448853  -1.000000 0.000020 0.000000  0.075349 0.627009 1 64 1.000000
0  -4.078722 -20.098291 -3.706592  -1.000000 0.000024 0.000036  0.075349 0.627009 1 64 1.000000
lowpoly_plastic
0  -4.078727 -20.325558 -3.706592  -1.000000 0.000010 0.000004  0.075349 0.627009 1 64 1.000000
0  -4.078722 -20.098291 -3.706592  -1.000000 0.000024 0.000036  0.075349 0.627009 1 64 1.000000
0  -4.078726 -20.015949 -3.805326  -1.000000 0.000007 0.000001  0.075349 0.627009 1 64 1.000000
lowpoly_plastic
0  -4.078727 -20.407904 -3.805326  -0.999998 -0.000054 -0.002117  0.075349 0.627009 1 64 1.000000
0  -4.078727 -20.325558 -3.706592  -1.000000 0.000010 0.000004  0.075349 0.627009 1 64 1.000000
0  -4.078726 -20.015949 -3.805326  -1.000000 0.000007 0.000001  0.075349 0.627009 1 64 1.000000
lowpoly_plastic
0  -4.078722 -26.125586 -3.878406  -1.000000 -0.000003 -0.000003  0.075349 0.627009 1 64 1.000000
0  -4.078721 -24.284595 -3.805327  -0.999998 -0.000075 0.001803  0.075349 0.627009 1 64 1.000000
0  -4.078729 -24.202251 -3.805327  -1.000000 0.000006 -0.000093  0.075349 0.627009 1 64 1.000000
lowpoly_plastic
0  -4.078727 -24.119909 -3.706593  -1.000000 0.000026 -0.000001  0.075349 0.627009 1 64 1.000000
0  -4.078727 -24.119909 -3.448854  -1.000000 0.000024 0.000000  0.075349 0.627009 1 64 1.000000
0  -4.078721 -23.892645 -3.448854  -1.000000 0.000024 0.000000  0.075349 0.627009 1 64 1.000000
lowpoly_plastic
0  -4.078727 -20.407904 -3.805326  -0.999998 -0.000054 -0.002117  0.075349 0.627009 1 64 1.000000
0  -4.078726 -20.015949 -3.805326  -1.000000 0.000007 0.000001  0.075349 0.627009 1 64 1.000000
0  -4.078721 -17.075523 -3.878408  -1.000000 0.000002 0.000000  0.075349 0.627009 1 64 1.000000
lowpoly_plastic
0  -4.078722 -20.490242 -3.805326  -1.000000 -0.000000 -0.000036  0.075349 0.627009 1 64 1.000000
0  -4.078727 -20.407904 -3.805326  -0.999998 -0.000054 -0.002117  0.075349 0.627009 1 64 1.000000
0  -4.078721 -17.075523 -3.878408  -1.000000 0.000002 0.000000  0.075349 0.627009 1 64 1.000000
lowpoly_plastic
0  -4.078727 -24.119909 -3.448854  -1.000000 0.000024 0.000000  0.075349 0.627009 1 64 1.000000
0  -4.078727 -24.119909 -3.419492  -1.000000 0.000025 0.000000  0.075349 0.627009 1 64 1.000000
0  -4.078721 -23.892645 -3.419492  -1.000000 0.000025 0.000000  0.075349 0.627009 1 64 1.000000
lowpoly_plastic
0  -4.078727 -24.119909 -3.448854  -1.000000 0.000024 0.000000  0.075349 0.627009 1 64 1.000000
0  -4.078721 -23.892645 -3.419492  -1.000000 0.000025 0.000000  0.075349 0.627009 1 64 1.000000
0  -4.078721 -23.892645 -3.448854  -1.000000 0.000024 0.000000  0.075349 0.627009 1 64 1.000000
lowpoly_plastic
0  -4.078725 -20.572588 -3.419491  -1.000000 0.000007 0.000016  0.075349 0.627009 1 64 1.000000
0  -4.078725 -20.572588 -3.448853  -1.000000 0.000009 0.000000  0.075349 0.627009 1 64 1.000000
0  -4.078727 -20.799854 -3.448853  -1.000000 -0.000004 0.000089  0.075349 0.627009 1 64 1.000000
lowpoly_plastic
0  -4.078727 -20.799854 -3.448853  -1.000000 -0.000004 0.000089  0.075349 0.627009 1 64 1.000000
0  -4.078721 -20.799850 -3.419491  -1.000000 -0.000018 0.000195  0.075349 0.627009 1 64 1.000000
0  -4.078725 -20.572588 -3.419491  -1.000000 0.000007 0.000016  0.075349 0.627009 1 64 1.000000
lowpoly_plastic
0  -4.078727 -20.799854 -3.706592  -1.000000 0.000008 -0.000033  0.075349 0.627009 1 64 1.000000
0  -4.078727 -20.799854 -3.448853  -1.000000 -0.000004 0.000089  0.075349 0.627009 1 64 1.000000
0  -4.078725 -20.572588 -3.448853  -1.000000 0.000009 0.000000  0.075349 0.627009 1 64 1.000000
lowpoly_plastic
0  -4.078727 -20.799854 -3.706592  -1.000000 0.000008 -0.000033  0.075349 0.627009 1 64 1.000000
0  -4.078725 -20.572588 -3.448853  -1.000000 0.000009 0.000000  0.075349 0.627009 1 64 1.000000
0  -4.078725 -20.572588 -3.706592  -1.000000 0.000004 -0.000019  0.075349 0.627009 1 64 1.000000
lowpoly_plastic
0  -4.078722 -20.882196 -3.805326  -1.000000 0.000017 0.000912  0.075349 0.627009 1 64 1.000000
0  -4.078727 -20.799854 -3.706592  -1.000000 0.000008 -0.000033  0.075349 0.627009 1 64 1.000000
0  -4.078725 -20.572588 -3.706592  -1.000000 0.000004 -0.000019  0.075349 0.627009 1 64 1.000000
lowpoly_plastic
0  -4.078722 -20.882196 -3.805326  -1.000000 0.000017 0.000912  0.075349 0.627009 1 64 1.000000
0  -4.078725 -20.572588 -3.706592  -1.000000 0.000004 -0.000019  0.075349 0.627009 1 64 1.000000
0  -4.078722 -20.490242 -3.805326  -1.000000 -0.000000 -0.000036  0.075349 0.627009 1 64 1.000000
lowpoly_plastic
0  -4.078724 -20.964540 -3.805326  -1.000000 -0.000003 -0.000134  0.075349 0.627009 1 64 1.000000
0  -4.078722 -20.882196 -3.805326  -1.000000 0.000017 0.000912  0.075349 0.627009 1 64 1.000000
0  -4.078721 -17.075523 -3.878408  -1.000000 0.000002 0.000000  0.075349 0.627009 1 64 1.000000
lowpoly_plastic
0  -4.078729 -24.202251 -3.805327  -1.000000 0.000006 -0.000093  0.075349 0.627009 1 64 1.000000
0  -4.078727 -24.119909 -3.706593  -1.000000 0.000026 -0.000001  0.075349 0.627009 1 64 1.000000
0  -4.078721 -23.892645 -3.706593  -1.000000 0.000013 0.000035  0.075349 0.627009 1 64 1.000000
lowpoly_plastic
0  -4.078727 -24.119909 -3.706593  -1.000000 0.000026 -0.000001  0.075349 0.627009 1 64 1.000000
0  -4.078721 -23.892645 -3.448854  -1.000000 0.000024 0.000000  0.075349 0.627009 1 64 1.000000
0  -4.078721 -23.892645 -3.706593  -1.000000 0.000013 0.000035  0.075349 0.627009 1 64 1.000000
lowpoly_plastic
0  -4.078722 -20.882196 -3.805326  -1.000000 0.000017 0.000912  0.075349 0.627009 1 64 1.000000
0  -4.078722 -20.490242 -3.805326  -1.000000 -0.000000 -0.000036  0.075349 0.627009 1 64 1.000000
0  -4.078721 -17.075523 -3.878408  -1.000000 0.000002 0.000000  0.075349 0.627009 1 64 1.000000
lowpoly_plastic
0  -4.078729 -24.202251 -3.805327  -1.000000 0.000006 -0.000093  0.075349 0.627009 1 64 1.000000
0  -4.078721 -23.892645 -3.706593  -1.000000 0.000013 0.000035  0.075349 0.627009 1 64 1.000000
0  -4.078728 -23.810301 -3.805327  -1.000000 0.000023 -0.000899  0.075349 0.627009 1 64 1.000000
lowpoly_plastic
0  -4.078729 -24.202251 -3.805327  -1.000000 0.000006 -0.000093  0.075349 0.627009 1 64 1.000000
0  -4.078728 -23.810301 -3.805327  -1.000000 0.000023 -0.000899  0.075349 0.627009 1 64 1.000000
0  -4.078722 -26.125586 -3.878406  -1.000000 -0.000003 -0.000003  0.075349 0.627009 1 64 1.000000
lowpoly_plastic
0  -4.078721 -21.274147 -3.419491  -1.000000 -0.000019 0.000008  0.075349 0.627009 1 64 1.000000
0  -4.078723 -21.046875 -3.419491  -1.000000 -0.000009 0.000097  0.075349 0.627009 1 64 1.000000
0  -4.078726 -21.046885 -3.448853  -1.000000 -0.000015 0.000045  0.075349 0.627009 1 64 1.000000
lowpoly_plastic
0  -4.078721 -21.274147 -3.706592  -1.000000 -0.000011 0.000008  0.075349 0.627009 1 64 1.000000
0  -4.078721 -21.274147 -3.448853  -1.000000 -0.000020 0.000000  0.075349 0.627009 1 64 1.000000
0  -4.078726 -21.046885 -3.448853  -1.000000 -0.000015 0.000045  0.075349 0.627009 1 64 1.000000
lowpoly_plastic
0  -4.078721 -21.274147 -3.448853  -1.000000 -0.000020 0.000000  0.075349 0.627009 1 64 1.000000
0  -4.078721 -21.274147 -3.419491  -1.000000 -0.000019 0.000008  0.075349 0.627009 1 64 1.000000
0  -4.078726 -21.046885 -3.448853  -1.000000 -0.000015 0.000045  0.075349 0.627009 1 64 1.000000
lowpoly_plastic
0  -4.078721 -21.274147 -3.706592  -1.000000 -0.000011 0.000008  0.075349 0.627009 1 64 1.000000
0  -4.078726 -21.046885 -3.448853  -1.000000 -0.000015 0.000045  0.075349 0.627009 1 64 1.000000
0  -4.078726 -21.046885 -3.706592  -1.000000 -0.000021 -0.000022  0.075349 0.627009 1 64 1.000000
lowpoly_plastic
0  -4.078723 -21.356491 -3.805326  -0.999996 -0.000054 -0.002661  0.075349 0.627009 1 64 1.000000
0  -4.078721 -21.274147 -3.706592  -1.000000 -0.000011 0.000008  0.075349 0.627009 1 64 1.000000
0  -4.078724 -20.964540 -3.805326  -1.000000 -0.000003 -0.000134  0.075349 0.627009 1 64 1.000000
lowpoly_plastic
0  -4.078721 -21.274147 -3.706592  -1.000000 -0.000011 0.000008  0.075349 0.627009 1 64 1.000000
0  -4.078726 -21.046885 -3.706592  -1.000000 -0.000021 -0.000022  0.075349 0.627009 1 64 1.000000
0  -4.078724 -20.964540 -3.805326  -1.000000 -0.000003 -0.000134  0.075349 0.627009 1 64 1.000000
lowpoly_plastic
0  -4.078718 -21.438833 -3.805326  -1.000000 -0.000000 0.000014  0.075349 0.627009 1 64 1.000000
0  -4.078723 -21.356491 -3.805326  -0.999996 -0.000054 -0.002661  0.075349 0.627009 1 64 1.000000
0  -4.078721 -17.075523 -3.878408  -1.000000 0.000002 0.000000  0.075349 0.627009 1 64 1.000000
lowpoly_plastic
0  -4.078722 -26.125586 -3.878406  -1.000000 -0.000003 -0.000003  0.075349 0.627009 1 64 1.000000
0  -4.078728 -23.810301 -3.805327  -1.000000 0.000023 -0.000899  0.075349 0.627009 1 64 1.000000
0  -4.078725 -23.727955 -3.805327  -1.000000 0.000002 -0.000218  0.075349 0.627009 1 64 1.000000
lowpoly_plastic
0  -4.078720 -23.645618 -3.706593  -1.000000 -0.000031 0.000048  0.075349 0.627009 1 64 1.000000
0  -4.078720 -23.645618 -3.448854  -1.000000 -0.000017 0.000000  0.075349 0.627009 1 64 1.000000
0  -4.078724 -23.418356 -3.448854  -1.000000 -0.000020 0.000003  0.075349 0.627009 1 64 1.000000
lowpoly_plastic
0  -4.078723 -21.356491 -3.805326  -0.999996 -0.000054 -0.002661  0.075349 0.627009 1 64 1.000000
0  -4.078724 -20.964540 -3.805326  -1.000000 -0.000003 -0.000134  0.075349 0.627009 1 64 1.000000
0  -4.078721 -17.075523 -3.878408  -1.000000 0.000002 0.000000  0.075349 0.627009 1 64 1.000000
lowpoly_plastic
0  -4.078720 -21.521177 -3.419491  -1.000000 0.000018 0.000000  0.075349 0.627009 1 64 1.000000
0  -4.078720 -21.521177 -3.448853  -1.000000 0.000017 0.000000  0.075349 0.627009 1 64 1.000000
0  -4.078724 -21.748446 -3.419491  -1.000000 0.000016 0.000000  0.075349 0.627009 1 64 1.000000
lowpoly_plastic
0  -4.078724 -21.748446 -3.419491  -1.000000 0.000016 0.000000  0.075349 0.627009 1 64 1.000000
0  -4.078720 -21.521177 -3.448853  -1.000000 0.000017 0.000000  0.075349 0.627009 1 64 1.000000
0  -4.078724 -21.748446 -3.448853  -1.000000 0.000016 0.000000  0.075349 0.627009 1 64 1.000000
lowpoly_plastic
0  -4.078724 -21.748446 -3.706592  -1.000000 0.000018 -0.000042  0.075349 0.627009 1 64 1.000000
0  -4.078724 -21.748446 -3.448853  -1.000000 0.000016 0.000000  0.075349 0.627009 1 64 1.000000
0  -4.078720 -21.521177 -3.706592  -1.000000 0.000008 -0.000016  0.075349 0.627009 1 64 1.000000
lowpoly_plastic
0  -4.078724 -21.748446 -3.448853  -1.000000 0.000016 0.000000  0.075349 0.627009 1 64 1.000000
0  -4.078720 -21.521177 -3.448853  -1.000000 0.000017 0.000000  0.075349 0.627009 1 64 1.000000
0  -4.078720 -21.521177 -3.706592  -1.000000 0.000008 -0.000016  0.075349 0.627009 1 64 1.000000
lowpoly_plastic
0  -4.078724 -21.748446 -3.706592  -1.000000 0.000018 -0.000042  0.075349 0.627009 1 64 1.000000
0  -4.078720 -21.521177 -3.706592  -1.000000 0.000008 -0.000016  0.075349 0.627009 1 64 1.000000
0  -4.078718 -21.830786 -3.805326  -1.000000 0.000003 0.000009  0.075349 0.627009 1 64 1.000000
lowpoly_plastic
0  -4.078718 -21.830786 -3.805326  -1.000000 0.000003 0.000009  0.075349 0.627009 1 64 1.000000
0  -4.078720 -21.521177 -3.706592  -1.000000 0.000008 -0.000016  0.075349 0.627009 1 64 1.000000
0  -4.078718 -21.438833 -3.805326  -1.000000 -0.000000 0.000014  0.075349 0.627009 1 64 1.000000
lowpoly_plastic
0  -4.078720 -23.645618 -3.448854  -1.000000 -0.000017 0.000000  0.075349 0.627009 1 64 1.000000
0  -4.078720 -23.645618 -3.419492  -1.000000 -0.000018 0.000000  0.075349 0.627009 1 64 1.000000
0  -4.078724 -23.418356 -3.419492  -1.000000 -0.000016 0.000000  0.075349 0.627009 1 64 1.000000
lowpoly_plastic
0  -4.078724 -23.418356 -3.419492  -1.000000 -0.000016 0.000000  0.075349 0.627009 1 64 1.000000
0  -4.078724 -23.418356 -3.448854  -1.000000 -0.000020 0.000003  0.075349 0.627009 1 64 1.000000
0  -4.078720 -23.645618 -3.448854  -1.000000 -0.000017 0.000000  0.075349 0.627009 1 64 1.000000
lowpoly_plastic
0  -4.078720 -23.645618 -3.706593  -1.000000 -0.000031 0.000048  0.075349 0.627009 1 64 1.000000
0  -4.078724 -23.418356 -3.448854  -1.000000 -0.000020 0.000003  0.075349 0.627009 1 64 1.000000
0  -4.078728 -23.418348 -3.706593  -1.000000 -0.000012 -0.000014  0.075349 0.627009 1 64 1.000000
lowpoly_plastic
0  -4.078718 -21.830786 -3.805326  -1.000000 0.000003 0.000009  0.075349 0.627009 1 64 1.000000
0  -4.078718 -21.438833 -3.805326  -1.000000 -0.000000 0.000014  0.075349 0.627009 1 64 1.000000
0  -4.078722 -26.125586 -3.878406  -1.000000 -0.000003 -0.000003  0.075349 0.627009 1 64 1.000000
lowpoly_plastic
0  -4.078725 -21.913124 -3.805326  -0.999993 0.000060 -0.003665  0.075349 0.627009 1 64 1.000000
0  -4.078718 -21.830786 -3.805326  -1.000000 0.000003 0.000009  0.075349 0.627009 1 64 1.000000
0  -4.078722 -26.125586 -3.878406  -1.000000 -0.000003 -0.000003  0.075349 0.627009 1 64 1.000000
lowpoly_plastic
0  -4.078725 -23.727955 -3.805327  -1.000000 0.000002 -0.000218  0.075349 0.627009 1 64 1.000000
0  -4.078720 -23.645618 -3.706593  -1.000000 -0.000031 0.000048  0.075349 0.627009 1 64 1.000000
0  -4.078728 -23.418348 -3.706593  -1.000000 -0.000012 -0.000014  0.075349 0.627009 1 64 1.000000
lowpoly_plastic
0  -4.078725 -23.727955 -3.805327  -1.000000 0.000002 -0.000218  0.075349 0.627009 1 64 1.000000
0  -4.078728 -23.418348 -3.706593  -1.000000 -0.000012 -0.000014  0.075349 0.627009 1 64 1.000000
0  -4.078722 -23.336012 -3.805327  -1.000000 0.000017 -0.000699  0.075349 0.627009 1 64 1.000000
lowpoly_plastic
0  -4.078726 -21.995468 -3.419491  -1.000000 -0.000014 0.000000  0.075349 0.627009 1 64 1.000000
0  -4.078726 -21.995468 -3.448853  -1.000000 -0.000013 0.000000  0.075349 0.627009 1 64 1.000000
0  -4.078723 -22.222733 -3.448854  -1.000000 -0.000011 0.000000  0.075349 0.627009 1 64 1.000000
lowpoly_plastic
0  -4.078723 -22.222733 -3.448854  -1.000000 -0.000011 0.000000  0.075349 0.627009 1 64 1.000000
0  -4.078723 -22.222733 -3.419492  -1.000000 -0.000013 0.000000  0.075349 0.627009 1 64 1.000000
0  -4.078726 -21.995468 -3.419491  -1.000000 -0.000014 0.000000  0.075349 0.627009 1 64 1.000000
lowpoly_plastic
0  -4.078723 -22.222733 -3.706593  -1.000000 -0.000008 0.000004  0.075349 0.627009 1 64 1.000000
0  -4.078723 -22.222733 -3.448854  -1.000000 -0.000011 0.000000  0.075349 0.627009 1 64 1.000000
0  -4.078726 -21.995468 -3.448853  -1.000000 -0.000013 0.000000  0.075349 0.627009 1 64 1.000000
lowpoly_plastic
0  -4.078723 -22.222733 -3.706593  -1.000000 -0.000008 0.000004  0.075349 0.627009 1 64 1.000000
0  -4.078726 -21.995468 -3.448853  -1.000000 -0.000013 0.000000  0.075349 0.627009 1 64 1.000000
0  -4.078726 -21.995468 -3.706592  -1.000000 -0.000013 -0.000012  0.075349 0.627009 1 64 1.000000
lowpoly_plastic
0  -4.078724 -22.305075 -3.805327  -1.000000 -0.000001 0.000078  0.075349 0.627009 1 64 1.000000
0  -4.078723 -22.222733 -3.706593  -1.000000 -0.000008 0.000004  0.075349 0.627009 1 64 1.000000
0  -4.078725 -21.913124 -3.805326  -0.999993 0.000060 -0.003665  0.075349 0.627009 1 64 1.000000
lowpoly_plastic
0  -4.078723 -22.222733 -3.706593  -1.000000 -0.000008 0.000004  0.075349 0.627009 1 64 1.000000
0  -4.078726 -21.995468 -3.706592  -1.000000 -0.000013 -0.000012  0.075349 0.627009 1 64 1.000000
0  -4.078725 -21.913124 -3.805326  -0.999993 0.000060 -0.003665  0.075349 0.627009 1 64 1.000000
lowpoly_plastic
0  -4.078724 -22.305075 -3.805327  -1.000000 -0.000001 0.000078  0.075349 0.627009 1 64 1.000000
0  -4.078725 -21.913124 -3.805326  -0.999993 0.000060 -0.003665  0.075349 0.627009 1 64 1.000000
0  -4.078722 -26.125586 -3.878406  -1.000000 -0.000003 -0.000003  0.075349 0.627009 1 64 1.000000
lowpoly_plastic
0  -4.078722 -26.125586 -3.878406  -1.000000 -0.000003 -0.000003  0.075349 0.627009 1 64 1.000000
0  -4.078725 -23.727955 -3.805327  -1.000000 0.000002 -0.000218  0.075349 0.627009 1 64 1.000000
0  -4.078722 -23.336012 -3.805327  -1.000000 0.000017 -0.000699  0.075349 0.627009 1 64 1.000000
lowpoly_plastic
0  -4.078722 -26.125586 -3.878406  -1.000000 -0.000003 -0.000003  0.075349 0.627009 1 64 1.000000
0  -4.078722 -23.336012 -3.805327  -1.000000 0.000017 -0.000699  0.075349 0.627009 1 64 1.000000
0  -4.078720 -23.253670 -3.805327  -1.000000 0.000001 0.000078  0.075349 0.627009 1 64 1.000000
lowpoly_plastic
0  -4.078725 -22.387421 -3.805327  -1.000000 0.000008 -0.000485  0.075349 0.627009 1 64 1.000000
0  -4.078724 -22.305075 -3.805327  -1.000000 -0.000001 0.000078  0.075349 0.627009 1 64 1.000000
0  -4.078722 -26.125586 -3.878406  -1.000000 -0.000003 -0.000003  0.075349 0.627009 1 64 1.000000
lowpoly_plastic
0  -4.078722 -22.469761 -3.419492  -1.000000 0.000004 0.000000  0.075349 0.627009 1 64 1.000000
0  -4.078722 -22.469761 -3.448854  -1.000000 0.000004 0.000000  0.075349 0.627009 1 64 1.000000
0  -4.078723 -22.697029 -3.419492  -1.000000 0.000002 0.000000  0.075349 0.627009 1 64 1.000000
lowpoly_plastic
0  -4.078723 -22.697029 -3.419492  -1.000000 0.000002 0.000000  0.075349 0.627009 1 64 1.000000
0  -4.078722 -22.469761 -3.448854  -1.000000 0.000004 0.000000  0.075349 0.627009 1 64 1.000000
0  -4.078723 -22.697029 -3.448854  -1.000000 0.000003 0.000000  0.075349 0.627009 1 64 1.000000
lowpoly_plastic
0  -4.078723 -22.697029 -3.706593  -1.000000 0.000004 0.000020  0.075349 0.627009 1 64 1.000000
0  -4.078723 -22.697029 -3.448854  -1.000000 0.000003 0.000000  0.075349 0.627009 1 64 1.000000
0  -4.078722 -22.469761 -3.706593  -1.000000 0.000003 0.000019  0.075349 0.627009 1 64 1.000000
lowpoly_plastic
0  -4.078723 -22.697029 -3.448854  -1.000000 0.000003 0.000000  0.075349 0.627009 1 64 1.000000
0  -4.078722 -22.469761 -3.448854  -1.000000 0.000004 0.000000  0.075349 0.627009 1 64 1.000000
0  -4.078722 -22.469761 -3.706593  -1.000000 0.000003 0.000019  0.075349 0.627009 1 64 1.000000
lowpoly_plastic
0  -4.078723 -22.697029 -3.706593  -1.000000 0.000004 0.000020  0.075349 0.627009 1 64 1.000000
0  -4.078722 -22.469761 -3.706593  -1.000000 0.000003 0.000019  0.075349 0.627009 1 64 1.000000
0  -4.078725 -22.387421 -3.805327  -1.000000 0.000008 -0.000485  0.075349 0.627009 1 64 1.000000
lowpoly_plastic
0  -4.078727 -22.779373 -3.805327  -1.000000 0.000004 -0.000199  0.075349 0.627009 1 64 1.000000
0  -4.078723 -22.697029 -3.706593  -1.000000 0.000004 0.000020  0.075349 0.627009 1 64 1.000000
0  -4.078725 -22.387421 -3.805327  -1.000000 0.000008 -0.000485  0.075349 0.627009 1 64 1.000000
lowpoly_plastic
0  -4.078726 -23.171326 -3.706593  -1.000000 0.000016 -0.000042  0.075349 0.627009 1 64 1.000000
0  -4.078726 -23.171326 -3.448854  -1.000000 0.000017 0.000000  0.075349 0.627009 1 64 1.000000
0  -4.078722 -22.944057 -3.706593  -1.000000 0.000007 -0.000012  0.075349 0.627009 1 64 1.000000
lowpoly_plastic
0  -4.078726 -23.171326 -3.419492  -1.000000 0.000018 0.000000  0.075349 0.627009 1 64 1.000000
0  -4.078722 -22.944057 -3.419492  -1.000000 0.000016 0.000000  0.075349 0.627009 1 64 1.000000
0  -4.078722 -22.944057 -3.448854  -1.000000 0.000016 0.000000  0.075349 0.627009 1 64 1.000000
lowpoly_plastic
0  -4.078726 -23.171326 -3.419492  -1.000000 0.000018 0.000000  0.075349 0.627009 1 64 1.000000
0  -4.078722 -22.944057 -3.448854  -1.000000 0.000016 0.000000  0.075349 0.627009 1 64 1.000000
0  -4.078726 -23.171326 -3.448854  -1.000000 0.000017 0.000000  0.075349 0.627009 1 64 1.000000
lowpoly_plastic
0  -4.078726 -23.171326 -3.448854  -1.000000 0.000017 0.000000  0.075349 0.627009 1 64 1.000000
0  -4.078722 -22.944057 -3.448854  -1.000000 0.000016 0.000000  0.075349 0.627009 1 64 1.000000
0  -4.078722 -22.944057 -3.706593  -1.000000 0.000007 -0.000012  0.075349 0.627009 1 64 1.000000
lowpoly_plastic
0  -4.078726 -23.171326 -3.706593  -1.000000 0.000016 -0.000042  0.075349 0.627009 1 64 1.000000
0  -4.078722 -22.944057 -3.706593  -1.000000 0.000007 -0.000012  0.075349 0.627009 1 64 1.000000
0  -4.078720 -23.253670 -3.805327  -1.000000 0.000001 0.000078  0.075349 0.627009 1 64 1.000000
lowpoly_plastic
0  -4.078727 -22.779373 -3.805327  -1.000000 0.000004 -0.000199  0.075349 0.627009 1 64 1.000000
0  -4.078725 -22.387421 -3.805327  -1.000000 0.000008 -0.000485  0.075349 0.627009 1 64 1.000000
0  -4.078722 -26.125586 -3.878406  -1.000000 -0.000003 -0.000003  0.075349 0.627009 1 64 1.000000
lowpoly_plastic
0  -4.078720 -23.253670 -3.805327  -1.000000 0.000001 0.000078  0.075349 0.627009 1 64 1.000000
0  -4.078722 -22.944057 -3.706593  -1.000000 0.000007 -0.000012  0.075349 0.627009 1 64 1.000000
0  -4.078721 -22.861713 -3.805327  -0.999997 -0.000054 0.002418  0.075349 0.627009 1 64 1.000000
lowpoly_plastic
0  -4.078721 -22.861713 -3.805327  -0.999997 -0.000054 0.002418  0.075349 0.627009 1 64 1.000000
0  -4.078727 -22.779373 -3.805327  -1.000000 0.000004 -0.000199  0.075349 0.627009 1 64 1.000000
0  -4.078722 -26.125586 -3.878406  -1.000000 -0.000003 -0.000003  0.075349 0.627009 1 64 1.000000
lowpoly_plastic
0  -4.078722 -26.125586 -3.419493  -0.896155 0.000001 0.443742  0.075349 0.627009 1 64 1.000000
0  -3.795753 -26.125587 -2.848027  -0.896155 0.000001 0.443742  0.075349 0.627009 1 64 1.000000
0  -3.801986 -24.841232 -2.860616  -0.896132 0.000001 0.443787  0.075349 0.627009 1 64 1.000000
lowpoly_plastic
0  -3.795750 -24.841234 -2.848027  -0.896110 0.000002 0.443832  0.075349 0.627009 1 64 1.000000
0  -3.801986 -24.841232 -2.860616  -0.896132 0.000001 0.443787  0.075349 0.627009 1 64 1.000000
0  -3.795753 -26.125587 -2.848027  -0.896155 0.000001 0.443742  0.075349 0.627009 1 64 1.000000
lowpoly_plastic
0  -3.931706 -17.075520 -3.878408  -0.000019 1.000000 0.000002  0.075349 0.627009 1 64 1.000000
0  -4.078721 -17.075523 -3.878408  -0.000026 1.000000 0.000000  0.075349 0.627009 1 64 1.000000
0  -4.078721 -17.075523 -3.419492  -0.000003 1.000000 0.000001  0.075349 0.627009 1 64 1.000000
lowpoly_plastic
0  -4.078721 -17.075523 -3.419492  -0.000003 1.000000 0.000001  0.075349 0.627009 1 64 1.000000
0  -3.795752 -17.075520 -2.848026  -0.000002 1.000000 -0.000005  0.075349 0.627009 1 64 1.000000
0  -3.834767 -17.075523 -3.384395  -0.000001 1.000000 -0.000003  0.075349 0.627009 1 64 1.000000
lowpoly_plastic
0  -3.373447 -17.075520 -2.848027  0.000002 1.000000 0.000004  0.075349 0.627009 1 64 1.000000
0  -3.373447 -17.075520 -3.106950  0.000000 1.000000 0.000000  0.075349 0.627009 1 64 1.000000
0  -3.795752 -17.075520 -2.848026  -0.000002 1.000000 -0.000005  0.075349 0.627009 1 64 1.000000
lowpoly_plastic
0  -3.834767 -17.075523 -3.384395  0.000000 1.000000 0.000009  0.075349 0.627009 1 64 1.000000
0  -3.826525 -17.075520 -3.878408  0.000000 1.000000 0.000009  0.075349 0.627009 1 64 1.000000
0  -3.931706 -17.075520 -3.878408  0.000000 1.000000 0.000009  0.075349 0.627009 1 64 1.000000
lowpoly_plastic
0  -3.795752 -17.075520 -2.848026  -0.000002 1.000000 -0.000005  0.075349 0.627009 1 64 1.000000
0  -3.373447 -17.075520 -3.106950  0.000000 1.000000 0.000000  0.075349 0.627009 1 64 1.000000
0  -3.834767 -17.075523 -3.384395  -0.000001 1.000000 -0.000003  0.075349 0.627009 1 64 1.000000
lowpoly_plastic
0  -3.795755 -22.944056 -2.848028  -0.000035 1.000000 -0.000037  0.075349 0.627009 1 64 1.000000
0  -3.484429 -22.944056 -2.848026  -0.000006 1.000000 -0.000006  0.075349 0.627009 1 64 1.000000
0  -3.790034 -22.944057 -2.872808  -0.000014 1.000000 -0.000032  0.075349 0.627009 1 64 1.000000
lowpoly_plastic
0  -3.484429 -22.944056 -2.866739  -0.000006 1.000000 0.000000  0.075349 0.627009 1 64 1.000000
0  -3.790034 -22.944057 -2.872808  -0.000014 1.000000 -0.000032  0.075349 0.627009 1 64 1.000000
0  -3.484429 -22.944056 -2.848026  -0.000006 1.000000 -0.000006  0.075349 0.627009 1 64 1.000000
lowpoly_plastic
0  -4.078722 -23.336012 -3.805327  -0.093988 -0.000000 0.995573  0.075349 0.627009 1 64 1.000000
0  -4.061447 -23.336010 -3.803696  -0.093986 -0.000001 0.995573  0.075349 0.627009 1 64 1.000000
0  -4.061448 -23.253662 -3.803696  -0.094000 0.000002 0.995572  0.075349 0.627009 1 64 1.000000
lowpoly_plastic
0  -3.484428 -24.119915 -2.866739  -1.000000 0.000010 0.000000  0.075349 0.627009 1 64 1.000000
0  -3.484429 -24.202257 -2.866739  -1.000000 0.000010 0.000000  0.075349 0.627009 1 64 1.000000
0  -3.484429 -24.202257 -2.848027  -1.000000 0.000010 0.000000  0.075349 0.627009 1 64 1.000000
lowpoly_plastic
0  -4.061444 -22.222734 -3.704963  -0.000113 -1.000000 -0.000001  0.075349 0.627009 1 64 1.000000
0  -4.054562 -22.222736 -3.446574  -0.000142 -1.000000 0.000007  0.075349 0.627009 1 64 1.000000
0  -4.078723 -22.222733 -3.448854  -0.000157 -1.000000 -0.000010  0.075349 0.627009 1 64 1.000000
lowpoly_plastic
0  -4.061447 -24.676544 -3.803696  -0.060187 -0.766582 0.639320  0.075349 0.627009 1 64 1.000000
0  -4.061453 -24.594206 -3.704963  -0.060427 -0.766586 0.639292  0.075349 0.627009 1 64 1.000000
0  -4.078721 -24.594204 -3.706593  -0.060406 -0.766586 0.639295  0.075349 0.627009 1 64 1.000000
lowpoly_plastic
0  -3.484426 -19.541658 -2.866738  -1.000000 0.000019 0.000000  0.075349 0.627009 1 64 1.000000
0  -3.484429 -19.624001 -2.866738  -1.000000 0.000029 0.000000  0.075349 0.627009 1 64 1.000000
0  -3.484429 -19.624001 -2.848027  -1.000000 0.000029 0.000000  0.075349 0.627009 1 64 1.000000
lowpoly_plastic
0  -3.795750 -23.892647 -2.848026  -0.000177 1.000000 0.000000  0.075349 0.627009 1 64 1.000000
0  -3.484424 -23.892647 -2.848026  0.000006 1.000000 0.000000  0.075349 0.627009 1 64 1.000000
0  -3.790043 -23.892645 -2.872810  -0.000205 1.000000 0.000043  0.075349 0.627009 1 64 1.000000
lowpoly_plastic
0  -3.484424 -23.892647 -2.866739  0.000006 1.000000 0.000000  0.075349 0.627009 1 64 1.000000
0  -3.790043 -23.892645 -2.872810  -0.000205 1.000000 0.000043  0.075349 0.627009 1 64 1.000000
0  -3.484424 -23.892647 -2.848026  0.000006 1.000000 0.000000  0.075349 0.627009 1 64 1.000000
lowpoly_plastic
0  -3.795749 -23.171326 -2.848026  -0.000097 -1.000000 -0.000253  0.075349 0.627009 1 64 1.000000
0  -3.801985 -23.171322 -2.860615  -0.000229 -1.000000 -0.000085  0.075349 0.627009 1 64 1.000000
0  -3.790038 -23.171324 -2.872808  -0.000078 -1.000000 -0.000051  0.075349 0.627009 1 64 1.000000
lowpoly_plastic
0  -3.790038 -23.171324 -2.872808  -0.000078 -1.000000 -0.000051  0.075349 0.627009 1 64 1.000000
0  -3.484430 -23.171322 -2.866739  0.000006 -1.000000 0.000000  0.075349 0.627009 1 64 1.000000
0  -3.484430 -23.171322 -2.848026  0.000007 -1.000000 -0.000013  0.075349 0.627009 1 64 1.000000
lowpoly_plastic
0  -3.484424 -19.851265 -2.866738  -1.000000 0.000021 0.000000  0.075349 0.627009 1 64 1.000000
0  -3.484426 -19.933609 -2.866738  -1.000000 0.000024 0.000000  0.075349 0.627009 1 64 1.000000
0  -3.484426 -19.933609 -2.848027  -1.000000 0.000024 0.000000  0.075349 0.627009 1 64 1.000000
lowpoly_plastic
0  -3.484428 -20.015955 -2.866738  -1.000000 -0.000015 0.000000  0.075349 0.627009 1 64 1.000000
0  -3.484423 -20.098293 -2.866738  -1.000000 -0.000058 0.000000  0.075349 0.627009 1 64 1.000000
0  -3.484423 -20.098293 -2.848027  -1.000000 -0.000058 0.000000  0.075349 0.627009 1 64 1.000000
lowpoly_plastic
0  -4.061446 -21.913128 -3.803695  -0.093976 0.000007 0.995574  0.075349 0.627009 1 64 1.000000
0  -4.061445 -21.830784 -3.803695  -0.094016 0.000001 0.995571  0.075349 0.627009 1 64 1.000000
0  -4.078718 -21.830786 -3.805326  -0.094010 0.000002 0.995571  0.075349 0.627009 1 64 1.000000
lowpoly_plastic
0  -4.061446 -22.305079 -3.803696  -0.060495 -0.766578 0.639295  0.075349 0.627009 1 64 1.000000
0  -4.061444 -22.222734 -3.704963  -0.060391 -0.766550 0.639338  0.075349 0.627009 1 64 1.000000
0  -4.078723 -22.222733 -3.706593  -0.060401 -0.766553 0.639334  0.075349 0.627009 1 64 1.000000
lowpoly_plastic
0  -4.061448 -22.387424 -3.803696  -0.093970 0.000001 0.995575  0.075349 0.627009 1 64 1.000000
0  -4.061446 -22.305079 -3.803696  -0.093973 0.000003 0.995575  0.075349 0.627009 1 64 1.000000
0  -4.078724 -22.305075 -3.805327  -0.093973 0.000002 0.995575  0.075349 0.627009 1 64 1.000000
lowpoly_plastic
0  -3.795753 -22.697033 -2.848028  0.000002 -1.000000 -0.000334  0.075349 0.627009 1 64 1.000000
0  -3.801988 -22.697029 -2.860615  0.000087 -1.000000 -0.000197  0.075349 0.627009 1 64 1.000000
0  -3.790036 -22.697025 -2.872810  0.000094 -1.000000 -0.000225  0.075349 0.627009 1 64 1.000000
lowpoly_plastic
0  -3.790036 -22.697025 -2.872810  0.000094 -1.000000 -0.000225  0.075349 0.627009 1 64 1.000000
0  -3.484426 -22.697033 -2.866739  -0.000025 -1.000000 0.000000  0.075349 0.627009 1 64 1.000000
0  -3.484426 -22.697033 -2.848028  -0.000024 -1.000000 -0.000019  0.075349 0.627009 1 64 1.000000
lowpoly_plastic
0  -3.795748 -19.376972 -2.848027  -0.000141 -1.000000 0.000000  0.075349 0.627009 1 64 1.000000
0  -3.801983 -19.376968 -2.860614  -0.000335 -1.000000 0.000000  0.075349 0.627009 1 64 1.000000
0  -3.790036 -19.376972 -2.872807  -0.000147 -1.000000 0.000001  0.075349 0.627009 1 64 1.000000
lowpoly_plastic
0  -3.790036 -19.376972 -2.872807  -0.000147 -1.000000 0.000001  0.075349 0.627009 1 64 1.000000
0  -3.484429 -19.376972 -2.866738  0.000000 -1.000000 0.000000  0.075349 0.627009 1 64 1.000000
0  -3.484429 -19.376972 -2.848027  0.000000 -1.000000 0.000000  0.075349 0.627009 1 64 1.000000
lowpoly_plastic
0  -3.484426 -19.459312 -2.848027  -1.000000 -0.000019 0.000000  0.075349 0.627009 1 64 1.000000
0  -3.484426 -19.459312 -2.866738  -1.000000 -0.000019 0.000000  0.075349 0.627009 1 64 1.000000
0  -3.484426 -19.541658 -2.866738  -1.000000 0.000019 0.000000  0.075349 0.627009 1 64 1.000000
lowpoly_plastic
0  -3.795750 -19.623997 -2.848027  -0.000025 1.000000 -0.000230  0.075349 0.627009 1 64 1.000000
0  -3.484429 -19.624001 -2.848027  -0.000005 1.000000 -0.000013  0.075349 0.627009 1 64 1.000000
0  -3.790035 -19.624002 -2.872807  0.000036 1.000000 -0.000166  0.075349 0.627009 1 64 1.000000
lowpoly_plastic
0  -3.484429 -19.624001 -2.866738  -0.000006 1.000000 0.000000  0.075349 0.627009 1 64 1.000000
0  -3.790035 -19.624002 -2.872807  0.000036 1.000000 -0.000166  0.075349 0.627009 1 64 1.000000
0  -3.484429 -19.624001 -2.848027  -0.000005 1.000000 -0.000013  0.075349 0.627009 1 64 1.000000
lowpoly_plastic
0  -4.078723 -22.222733 -3.419492  -0.000122 -1.000000 0.000033  0.075349 0.627009 1 64 1.000000
0  -4.078723 -22.222733 -3.448854  -0.000157 -1.000000 -0.000010  0.075349 0.627009 1 64 1.000000
0  -4.054562 -22.222736 -3.446574  -0.000142 -1.000000 0.000007  0.075349 0.627009 1 64 1.000000
lowpoly_plastic
0  -4.054562 -22.222736 -3.446574  -0.000142 -1.000000 0.000007  0.075349 0.627009 1 64 1.000000
0  -3.790036 -22.222740 -2.872810  -0.000041 -1.000000 0.000084  0.075349 0.627009 1 64 1.000000
0  -4.078723 -22.222733 -3.419492  -0.000122 -1.000000 0.000033  0.075349 0.627009 1 64 1.000000
lowpoly_plastic
0  -4.078720 -21.521177 -3.706592  -0.060420 0.766559 0.639325  0.075349 0.627009 1 64 1.000000
0  -4.061446 -21.521175 -3.704962  -0.060411 0.766558 0.639327  0.075349 0.627009 1 64 1.000000
0  -4.061444 -21.438829 -3.803695  -0.060511 0.766566 0.639308  0.075349 0.627009 1 64 1.000000
lowpoly_plastic
0  -3.795752 -21.274151 -2.848028  0.000053 -1.000000 -0.000334  0.075349 0.627009 1 64 1.000000
0  -3.801987 -21.274149 -2.860615  0.000149 -1.000000 -0.000122  0.075349 0.627009 1 64 1.000000
0  -3.790034 -21.274145 -2.872808  0.000118 -1.000000 -0.000143  0.075349 0.627009 1 64 1.000000
lowpoly_plastic
0  -3.790034 -21.274145 -2.872808  0.000118 -1.000000 -0.000143  0.075349 0.627009 1 64 1.000000
0  -3.484427 -21.274143 -2.866738  0.000006 -1.000000 0.000000  0.075349 0.627009 1 64 1.000000
0  -3.484427 -21.274143 -2.848028  0.000007 -1.000000 -0.000019  0.075349 0.627009 1 64 1.000000
lowpoly_plastic
0  -3.484429 -24.758890 -2.848027  -1.000000 0.000020 0.000000  0.075349 0.627009 1 64 1.000000
0  -3.484429 -24.758890 -2.866739  -1.000000 0.000020 0.000000  0.075349 0.627009 1 64 1.000000
0  -3.484431 -24.841234 -2.866739  -1.000000 0.000028 0.000000  0.075349 0.627009 1 64 1.000000
lowpoly_plastic
0  -4.078728 -23.418348 -3.706593  -0.060104 0.766590 0.639317  0.075349 0.627009 1 64 1.000000
0  -4.061449 -23.418354 -3.704963  -0.060075 0.766590 0.639320  0.075349 0.627009 1 64 1.000000
0  -4.061447 -23.336010 -3.803696  -0.060395 0.766591 0.639289  0.075349 0.627009 1 64 1.000000
lowpoly_plastic
0  -4.061449 -21.356489 -3.803695  -0.060277 -0.766575 0.639319  0.075349 0.627009 1 64 1.000000
0  -4.061448 -21.274145 -3.704962  -0.060260 -0.766564 0.639335  0.075349 0.627009 1 64 1.000000
0  -4.078721 -21.274147 -3.706592  -0.060261 -0.766565 0.639333  0.075349 0.627009 1 64 1.000000
lowpoly_plastic
0  -3.484427 -22.387424 -2.866739  -1.000000 -0.000001 0.000000  0.075349 0.627009 1 64 1.000000
0  -3.484425 -22.469761 -2.866739  -1.000000 -0.000029 0.000000  0.075349 0.627009 1 64 1.000000
0  -3.484425 -22.469761 -2.848028  -1.000000 -0.000028 0.000000  0.075349 0.627009 1 64 1.000000
lowpoly_plastic
0  -3.484430 -24.284592 -2.866739  -1.000000 0.000000 0.000000  0.075349 0.627009 1 64 1.000000
0  -3.484429 -24.366938 -2.866739  -1.000000 -0.000010 0.000000  0.075349 0.627009 1 64 1.000000
0  -3.484429 -24.366938 -2.848027  -1.000000 -0.000010 0.000000  0.075349 0.627009 1 64 1.000000
lowpoly_plastic
0  -4.061444 -20.882198 -3.803695  -0.060405 -0.766583 0.639298  0.075349 0.627009 1 64 1.000000
0  -4.061451 -20.799858 -3.704962  -0.060478 -0.766561 0.639318  0.075349 0.627009 1 64 1.000000
0  -4.078727 -20.799854 -3.706592  -0.060471 -0.766563 0.639316  0.075349 0.627009 1 64 1.000000
lowpoly_plastic
0  -3.484428 -20.964539 -2.866738  -1.000000 0.000009 0.000018  0.075349 0.627009 1 64 1.000000
0  -3.484429 -21.046883 -2.866738  -1.000000 0.000010 0.000255  0.075349 0.627009 1 64 1.000000
0  -3.484424 -21.046879 -2.848028  -1.000000 0.000001 0.000219  0.075349 0.627009 1 64 1.000000
lowpoly_plastic
0  -4.078724 -21.748446 -3.419491  0.000171 -1.000000 -0.000033  0.075349 0.627009 1 64 1.000000
0  -4.078724 -21.748446 -3.448853  0.000239 -1.000000 0.000000  0.075349 0.627009 1 64 1.000000
0  -4.054559 -21.748440 -3.446573  0.000209 -1.000000 -0.000015  0.075349 0.627009 1 64 1.000000
lowpoly_plastic
0  -4.054559 -21.748440 -3.446573  0.000209 -1.000000 -0.000015  0.075349 0.627009 1 64 1.000000
0  -3.790036 -21.748444 -2.872808  -0.000108 -1.000000 0.000149  0.075349 0.627009 1 64 1.000000
0  -4.078724 -21.748446 -3.419491  0.000171 -1.000000 -0.000033  0.075349 0.627009 1 64 1.000000
lowpoly_plastic
0  -4.061448 -24.119911 -3.704963  -0.000109 -1.000000 0.000000  0.075349 0.627009 1 64 1.000000
0  -4.054558 -24.119911 -3.446576  -0.000072 -1.000000 0.000015  0.075349 0.627009 1 64 1.000000
0  -4.078727 -24.119909 -3.448854  -0.000080 -1.000000 0.000000  0.075349 0.627009 1 64 1.000000
lowpoly_plastic
0  -4.061449 -20.964537 -3.803695  -0.093981 0.000002 0.995574  0.075349 0.627009 1 64 1.000000
0  -4.061444 -20.882198 -3.803695  -0.093960 0.000005 0.995576  0.075349 0.627009 1 64 1.000000
0  -4.078722 -20.882196 -3.805326  -0.093963 0.000005 0.995576  0.075349 0.627009 1 64 1.000000
lowpoly_plastic
0  -3.484425 -22.861712 -2.848026  -1.000000 -0.000015 0.000000  0.075349 0.627009 1 64 1.000000
0  -3.484425 -22.861712 -2.866739  -1.000000 -0.000014 0.000000  0.075349 0.627009 1 64 1.000000
0  -3.484429 -22.944056 -2.866739  -1.000000 0.000048 0.000000  0.075349 0.627009 1 64 1.000000
lowpoly_plastic
0  -3.484431 -22.779371 -2.848028  -1.000000 -0.000006 0.000000  0.075349 0.627009 1 64 1.000000
0  -3.484431 -22.779371 -2.866739  -1.000000 -0.000005 0.000000  0.075349 0.627009 1 64 1.000000
0  -3.484425 -22.861712 -2.866739  -1.000000 -0.000014 0.000000  0.075349 0.627009 1 64 1.000000
lowpoly_plastic
0  -4.061444 -21.438829 -3.803695  -0.093994 -0.000005 0.995573  0.075349 0.627009 1 64 1.000000
0  -4.061449 -21.356489 -3.803695  -0.094024 -0.000006 0.995570  0.075349 0.627009 1 64 1.000000
0  -4.078723 -21.356491 -3.805326  -0.094019 -0.000006 0.995570  0.075349 0.627009 1 64 1.000000
lowpoly_plastic
0  -3.795748 -19.851269 -2.848027  -0.000062 -1.000000 0.000000  0.075349 0.627009 1 64 1.000000
0  -3.801985 -19.851267 -2.860616  -0.000168 -1.000000 0.000037  0.075349 0.627009 1 64 1.000000
0  -3.790040 -19.851269 -2.872807  -0.000067 -1.000000 0.000041  0.075349 0.627009 1 64 1.000000
lowpoly_plastic
0  -3.790040 -19.851269 -2.872807  -0.000067 -1.000000 0.000041  0.075349 0.627009 1 64 1.000000
0  -3.484424 -19.851265 -2.866738  0.000012 -1.000000 0.000000  0.075349 0.627009 1 64 1.000000
0  -3.484424 -19.851265 -2.848027  0.000012 -1.000000 0.000000  0.075349 0.627009 1 64 1.000000
lowpoly_plastic
0  -3.484424 -21.438831 -2.866738  -1.000000 -0.000067 -0.000331  0.075349 0.627009 1 64 1.000000
0  -3.484425 -21.521175 -2.866738  -1.000000 0.000010 0.000000  0.075349 0.627009 1 64 1.000000
0  -3.484425 -21.521175 -2.848028  -1.000000 -0.000001 -0.000051  0.075349 0.627009 1 64 1.000000
lowpoly_plastic
0  -4.078725 -19.376972 -3.419493  -0.000116 -1.000000 0.000065  0.075349 0.627009 1 64 1.000000
0  -4.078725 -19.376972 -3.448853  -0.000151 -1.000000 -0.000010  0.075349 0.627009 1 64 1.000000
0  -4.054556 -19.376976 -3.446573  -0.000138 -1.000000 0.000022  0.075349 0.627009 1 64 1.000000
lowpoly_plastic
0  -4.054556 -19.376976 -3.446573  -0.000138 -1.000000 0.000022  0.075349 0.627009 1 64 1.000000
0  -3.790036 -19.376972 -2.872807  -0.000147 -1.000000 0.000001  0.075349 0.627009 1 64 1.000000
0  -4.078725 -19.376972 -3.419493  -0.000116 -1.000000 0.000065  0.075349 0.627009 1 64 1.000000
lowpoly_plastic
0  -4.078722 -20.098291 -3.706592  -0.060226 0.766590 0.639306  0.075349 0.627009 1 64 1.000000
0  -4.061444 -20.098293 -3.704962  -0.060240 0.766591 0.639304  0.075349 0.627009 1 64 1.000000
0  -4.061449 -20.015955 -3.803695  -0.060083 0.766584 0.639327  0.075349 0.627009 1 64 1.000000
lowpoly_plastic
0  -4.061449 -20.407906 -3.803695  -0.060403 -0.766555 0.639332  0.075349 0.627009 1 64 1.000000
0  -4.061447 -20.325562 -3.704962  -0.060491 -0.766570 0.639305  0.075349 0.627009 1 64 1.000000
0  -4.078727 -20.325558 -3.706592  -0.060483 -0.766568 0.639308  0.075349 0.627009 1 64 1.000000
lowpoly_plastic
0  -3.484424 -22.222736 -2.866738  -1.000000 0.000010 0.000000  0.075349 0.627009 1 64 1.000000
0  -3.484425 -22.305079 -2.866738  -1.000000 0.000019 0.000000  0.075349 0.627009 1 64 1.000000
0  -3.484425 -22.305079 -2.848028  -1.000000 0.000019 0.000000  0.075349 0.627009 1 64 1.000000
lowpoly_plastic
0  -4.061447 -19.541656 -3.803695  -0.094025 0.000002 0.995570  0.075349 0.627009 1 64 1.000000
0  -4.061447 -19.459311 -3.803695  -0.093966 0.000000 0.995575  0.075349 0.627009 1 64 1.000000
0  -4.078721 -19.459316 -3.805326  -0.093975 0.000000 0.995575  0.075349 0.627009 1 64 1.000000
lowpoly_plastic
0  -4.061450 -19.376970 -3.704962  0.000096 -1.000000 -0.000001  0.075349 0.627009 1 64 1.000000
0  -4.054556 -19.376976 -3.446573  -0.000138 -1.000000 0.000022  0.075349 0.627009 1 64 1.000000
0  -4.078725 -19.376972 -3.448853  -0.000151 -1.000000 -0.000010  0.075349 0.627009 1 64 1.000000
lowpoly_plastic
0  -4.061446 -23.645613 -3.704963  0.000317 -1.000000 -0.000001  0.075349 0.627009 1 64 1.000000
0  -4.054556 -23.645617 -3.446574  0.000070 -1.000000 -0.000023  0.075349 0.627009 1 64 1.000000
0  -4.078720 -23.645618 -3.448854  0.000085 -1.000000 -0.000010  0.075349 0.627009 1 64 1.000000
lowpoly_plastic
0  -4.078727 -24.119909 -3.419492  -0.000066 -1.000000 0.000034  0.075349 0.627009 1 64 1.000000
0  -4.078727 -24.119909 -3.448854  -0.000080 -1.000000 0.000000  0.075349 0.627009 1 64 1.000000
0  -4.054558 -24.119911 -3.446576  -0.000072 -1.000000 0.000015  0.075349 0.627009 1 64 1.000000
lowpoly_plastic
0  -4.054558 -24.119911 -3.446576  -0.000072 -1.000000 0.000015  0.075349 0.627009 1 64 1.000000
0  -3.790034 -24.119915 -2.872808  -0.000251 -1.000000 0.000234  0.075349 0.627009 1 64 1.000000
0  -4.078727 -24.119909 -3.419492  -0.000066 -1.000000 0.000034  0.075349 0.627009 1 64 1.000000
lowpoly_plastic
0  -4.078720 -23.645618 -3.419492  0.000058 -1.000000 -0.000033  0.075349 0.627009 1 64 1.000000
0  -4.078720 -23.645618 -3.448854  0.000085 -1.000000 -0.000010  0.075349 0.627009 1 64 1.000000
0  -4.054556 -23.645617 -3.446574  0.000070 -1.000000 -0.000023  0.075349 0.627009 1 64 1.000000
lowpoly_plastic
0  -4.054556 -23.645617 -3.446574  0.000070 -1.000000 -0.000023  0.075349 0.627009 1 64 1.000000
0  -3.790041 -23.645618 -2.872808  0.000100 -1.000000 0.000099  0.075349 0.627009 1 64 1.000000
0  -4.078720 -23.645618 -3.419492  0.000058 -1.000000 -0.000033  0.075349 0.627009 1 64 1.000000
lowpoly_plastic
0  -3.795749 -24.594208 -2.848027  -0.000136 -1.000000 -0.000334  0.075349 0.627009 1 64 1.000000
0  -3.801988 -24.594202 -2.860616  -0.000296 -1.000000 -0.000160  0.075349 0.627009 1 64 1.000000
0  -3.790040 -24.594204 -2.872808  -0.000105 -1.000000 -0.000181  0.075349 0.627009 1 64 1.000000
lowpoly_plastic
0  -3.790040 -24.594204 -2.872808  -0.000105 -1.000000 -0.000181  0.075349 0.627009 1 64 1.000000
0  -3.484425 -24.594202 -2.866739  0.000010 -1.000000 -0.000022  0.075349 0.627009 1 64 1.000000
0  -3.484431 -24.594206 -2.848027  0.000010 -1.000000 -0.000040  0.075349 0.627009 1 64 1.000000
lowpoly_plastic
0  -3.484431 -24.594206 -2.848027  -1.000000 0.000010 -0.000262  0.075349 0.627009 1 64 1.000000
0  -3.484425 -24.594202 -2.866739  -1.000000 0.000019 -0.000306  0.075349 0.627009 1 64 1.000000
0  -3.484427 -24.676548 -2.866739  -1.000000 -0.000005 -0.000022  0.075349 0.627009 1 64 1.000000
lowpoly_plastic
0  -3.484429 -19.376972 -2.866738  -1.000000 -0.000039 0.000000  0.075349 0.627009 1 64 1.000000
0  -3.484426 -19.459312 -2.866738  -1.000000 -0.000019 0.000000  0.075349 0.627009 1 64 1.000000
0  -3.484426 -19.459312 -2.848027  -1.000000 -0.000019 0.000000  0.075349 0.627009 1 64 1.000000
lowpoly_plastic
0  -4.078725 -24.366940 -3.706593  -0.060394 0.766550 0.639338  0.075349 0.627009 1 64 1.000000
0  -4.061449 -24.366938 -3.704963  -0.060405 0.766547 0.639341  0.075349 0.627009 1 64 1.000000
0  -4.061446 -24.284597 -3.803696  -0.060273 0.766581 0.639313  0.075349 0.627009 1 64 1.000000
lowpoly_plastic
0  -4.061451 -20.799858 -3.704962  -0.000217 -1.000000 0.000001  0.075349 0.627009 1 64 1.000000
0  -4.054560 -20.799858 -3.446573  -0.000175 -1.000000 0.000052  0.075349 0.627009 1 64 1.000000
0  -4.078727 -20.799854 -3.448853  -0.000165 -1.000000 0.000010  0.075349 0.627009 1 64 1.000000
lowpoly_plastic
0  -3.795750 -20.799854 -2.848027  0.000134 -1.000000 -0.000037  0.075349 0.627009 1 64 1.000000
0  -3.801983 -20.799856 -2.860614  0.000378 -1.000000 0.000005  0.075349 0.627009 1 64 1.000000
0  -3.790040 -20.799850 -2.872809  0.000184 -1.000000 -0.000115  0.075349 0.627009 1 64 1.000000
lowpoly_plastic
0  -3.790040 -20.799850 -2.872809  0.000184 -1.000000 -0.000115  0.075349 0.627009 1 64 1.000000
0  -3.484430 -20.799858 -2.866738  -0.000025 -1.000000 0.000000  0.075349 0.627009 1 64 1.000000
0  -3.484430 -20.799858 -2.848028  -0.000024 -1.000000 -0.000006  0.075349 0.627009 1 64 1.000000
lowpoly_plastic
0  -4.061447 -20.325562 -3.704962  -0.000213 -1.000000 0.000002  0.075349 0.627009 1 64 1.000000
0  -4.054558 -20.325560 -3.446575  -0.000071 -1.000000 0.000012  0.075349 0.627009 1 64 1.000000
0  -4.078727 -20.325558 -3.448853  -0.000082 -1.000000 0.000015  0.075349 0.627009 1 64 1.000000
lowpoly_plastic
0  -3.795748 -24.119907 -2.848026  -0.000160 -1.000000 0.000245  0.075349 0.627009 1 64 1.000000
0  -3.801985 -24.119907 -2.860615  -0.000423 -1.000000 0.000075  0.075349 0.627009 1 64 1.000000
0  -3.790034 -24.119915 -2.872808  -0.000251 -1.000000 0.000234  0.075349 0.627009 1 64 1.000000
lowpoly_plastic
0  -3.790034 -24.119915 -2.872808  -0.000251 -1.000000 0.000234  0.075349 0.627009 1 64 1.000000
0  -3.484428 -24.119915 -2.866739  0.000000 -1.000000 0.000000  0.075349 0.627009 1 64 1.000000
0  -3.484428 -24.119915 -2.848027  -0.000001 -1.000000 0.000019  0.075349 0.627009 1 64 1.000000
lowpoly_plastic
0  -4.078727 -20.325558 -3.419493  -0.000061 -1.000000 0.000000  0.075349 0.627009 1 64 1.000000
0  -4.078727 -20.325558 -3.448853  -0.000082 -1.000000 0.000015  0.075349 0.627009 1 64 1.000000
0  -4.054558 -20.325560 -3.446575  -0.000071 -1.000000 0.000012  0.075349 0.627009 1 64 1.000000
lowpoly_plastic
0  -4.054558 -20.325560 -3.446575  -0.000071 -1.000000 0.000012  0.075349 0.627009 1 64 1.000000
0  -3.790035 -20.325562 -2.872807  0.000005 -1.000000 0.000000  0.075349 0.627009 1 64 1.000000
0  -4.078727 -20.325558 -3.419493  -0.000061 -1.000000 0.000000  0.075349 0.627009 1 64 1.000000
lowpoly_plastic
0  -4.061445 -20.490246 -3.803695  -0.093984 -0.000006 0.995574  0.075349 0.627009 1 64 1.000000
0  -4.061449 -20.407906 -3.803695  -0.094001 -0.000004 0.995572  0.075349 0.627009 1 64 1.000000
0  -4.078727 -20.407904 -3.805326  -0.093999 -0.000004 0.995572  0.075349 0.627009 1 64 1.000000
lowpoly_plastic
0  -3.795749 -21.995468 -2.848028  -0.000098 1.000000 0.000082  0.075349 0.627009 1 64 1.000000
0  -3.484428 -21.995472 -2.848028  0.000018 1.000000 0.000006  0.075349 0.627009 1 64 1.000000
0  -3.790039 -21.995466 -2.872808  -0.000127 1.000000 0.000092  0.075349 0.627009 1 64 1.000000
lowpoly_plastic
0  -3.484428 -21.995472 -2.866738  0.000019 1.000000 0.000000  0.075349 0.627009 1 64 1.000000
0  -3.790039 -21.995466 -2.872808  -0.000127 1.000000 0.000092  0.075349 0.627009 1 64 1.000000
0  -3.484428 -21.995472 -2.848028  0.000018 1.000000 0.000006  0.075349 0.627009 1 64 1.000000
lowpoly_plastic
0  -4.061448 -22.861712 -3.803696  -0.094030 -0.000006 0.995569  0.075349 0.627009 1 64 1.000000
0  -4.061451 -22.779371 -3.803696  -0.093971 -0.000003 0.995575  0.075349 0.627009 1 64 1.000000
0  -4.078727 -22.779373 -3.805327  -0.093980 -0.000004 0.995574  0.075349 0.627009 1 64 1.000000
lowpoly_plastic
0  -4.061448 -23.727962 -3.803696  -0.060623 -0.766582 0.639278  0.075349 0.627009 1 64 1.000000
0  -4.061446 -23.645613 -3.704963  -0.060076 -0.766554 0.639364  0.075349 0.627009 1 64 1.000000
0  -4.078720 -23.645618 -3.706593  -0.060125 -0.766556 0.639356  0.075349 0.627009 1 64 1.000000
lowpoly_plastic
0  -4.061449 -21.748440 -3.704962  0.000326 -1.000000 0.000000  0.075349 0.627009 1 64 1.000000
0  -4.054559 -21.748440 -3.446573  0.000209 -1.000000 -0.000015  0.075349 0.627009 1 64 1.000000
0  -4.078724 -21.748446 -3.448853  0.000239 -1.000000 0.000000  0.075349 0.627009 1 64 1.000000
lowpoly_plastic
0  -4.078723 -22.697029 -3.419492  -0.000051 -1.000000 0.000032  0.075349 0.627009 1 64 1.000000
0  -4.078723 -22.697029 -3.448854  -0.000082 -1.000000 0.000010  0.075349 0.627009 1 64 1.000000
0  -4.054558 -22.697031 -3.446574  -0.000068 -1.000000 0.000023  0.075349 0.627009 1 64 1.000000
lowpoly_plastic
0  -4.054558 -22.697031 -3.446574  -0.000068 -1.000000 0.000023  0.075349 0.627009 1 64 1.000000
0  -3.790036 -22.697025 -2.872810  0.000094 -1.000000 -0.000225  0.075349 0.627009 1 64 1.000000
0  -4.078723 -22.697029 -3.419492  -0.000051 -1.000000 0.000032  0.075349 0.627009 1 64 1.000000
lowpoly_plastic
0  -3.484430 -23.810307 -2.866739  -1.000000 -0.000014 0.000000  0.075349 0.627009 1 64 1.000000
0  -3.484424 -23.892647 -2.866739  -1.000000 -0.000068 0.000000  0.075349 0.627009 1 64 1.000000
0  -3.484424 -23.892647 -2.848026  -1.000000 -0.000068 0.000000  0.075349 0.627009 1 64 1.000000
lowpoly_plastic
0  -3.484427 -21.274143 -2.866738  -1.000000 0.000037 0.000000  0.075349 0.627009 1 64 1.000000
0  -3.484430 -21.356491 -2.866738  -1.000000 0.000017 -0.000025  0.075349 0.627009 1 64 1.000000
0  -3.484430 -21.356491 -2.848028  -1.000000 0.000025 0.000000  0.075349 0.627009 1 64 1.000000
lowpoly_plastic
0  -3.484426 -23.336012 -2.866739  -1.000000 0.000006 0.000000  0.075349 0.627009 1 64 1.000000
0  -3.484428 -23.418354 -2.866739  -1.000000 0.000029 0.000000  0.075349 0.627009 1 64 1.000000
0  -3.484428 -23.418354 -2.848026  -1.000000 0.000028 0.000000  0.075349 0.627009 1 64 1.000000
lowpoly_plastic
0  -4.061447 -19.459311 -3.803695  -0.060124 -0.766601 0.639303  0.075349 0.627009 1 64 1.000000
0  -4.061450 -19.376970 -3.704962  -0.060229 -0.766600 0.639294  0.075349 0.627009 1 64 1.000000
0  -4.078725 -19.376972 -3.706592  -0.060220 -0.766600 0.639295  0.075349 0.627009 1 64 1.000000
lowpoly_plastic
0  -4.078722 -19.624004 -3.706592  -0.060512 0.766542 0.639337  0.075349 0.627009 1 64 1.000000
0  -4.061449 -19.624001 -3.704962  -0.060521 0.766541 0.639337  0.075349 0.627009 1 64 1.000000
0  -4.061447 -19.541656 -3.803695  -0.060427 0.766549 0.639337  0.075349 0.627009 1 64 1.000000
lowpoly_plastic
0  -3.795751 -23.418348 -2.848026  -0.000128 1.000000 -0.000297  0.075349 0.627009 1 64 1.000000
0  -3.484428 -23.418354 -2.848026  0.000007 1.000000 -0.000013  0.075349 0.627009 1 64 1.000000
0  -3.790038 -23.418352 -2.872808  -0.000095 1.000000 -0.000150  0.075349 0.627009 1 64 1.000000
lowpoly_plastic
0  -3.484428 -23.418354 -2.866739  0.000006 1.000000 0.000000  0.075349 0.627009 1 64 1.000000
0  -3.790038 -23.418352 -2.872808  -0.000095 1.000000 -0.000150  0.075349 0.627009 1 64 1.000000
0  -3.484428 -23.418354 -2.848026  0.000007 1.000000 -0.000013  0.075349 0.627009 1 64 1.000000
lowpoly_plastic
0  -3.484425 -20.490248 -2.866738  -1.000000 -0.000019 0.000000  0.075349 0.627009 1 64 1.000000
0  -3.484425 -20.572592 -2.866738  -1.000000 0.000000 0.000000  0.075349 0.627009 1 64 1.000000
0  -3.484425 -20.572592 -2.848028  -1.000000 0.000000 0.000000  0.075349 0.627009 1 64 1.000000
lowpoly_plastic
0  -3.484426 -22.697033 -2.866739  -1.000000 0.000058 0.000000  0.075349 0.627009 1 64 1.000000
0  -3.484431 -22.779371 -2.866739  -1.000000 -0.000005 0.000000  0.075349 0.627009 1 64 1.000000
0  -3.484431 -22.779371 -2.848028  -1.000000 -0.000006 0.000000  0.075349 0.627009 1 64 1.000000
lowpoly_plastic
0  -4.061451 -22.779371 -3.803696  -0.060289 -0.766575 0.639319  0.075349 0.627009 1 64 1.000000
0  -4.061447 -22.697033 -3.704963  -0.060478 -0.766582 0.639292  0.075349 0.627009 1 64 1.000000
0  -4.078723 -22.697029 -3.706593  -0.060461 -0.766582 0.639294  0.075349 0.627009 1 64 1.000000
lowpoly_plastic
0  -3.795751 -22.222734 -2.848028  0.000030 -1.000000 0.000171  0.075349 0.627009 1 64 1.000000
0  -3.801985 -22.222738 -2.860615  0.000016 -1.000000 0.000160  0.075349 0.627009 1 64 1.000000
0  -3.790036 -22.222740 -2.872810  -0.000041 -1.000000 0.000084  0.075349 0.627009 1 64 1.000000
lowpoly_plastic
0  -3.790036 -22.222740 -2.872810  -0.000041 -1.000000 0.000084  0.075349 0.627009 1 64 1.000000
0  -3.484424 -22.222736 -2.866738  0.000012 -1.000000 0.000000  0.075349 0.627009 1 64 1.000000
0  -3.484424 -22.222736 -2.848028  0.000012 -1.000000 0.000006  0.075349 0.627009 1 64 1.000000
lowpoly_plastic
0  -3.795748 -21.046883 -2.848028  -0.000008 1.000000 -0.000126  0.075349 0.627009 1 64 1.000000
0  -3.484424 -21.046879 -2.848028  0.000003 1.000000 -0.000006  0.075349 0.627009 1 64 1.000000
0  -3.790037 -21.046883 -2.872808  0.000001 1.000000 -0.000068  0.075349 0.627009 1 64 1.000000
lowpoly_plastic
0  -3.484429 -21.046883 -2.866738  0.000004 1.000000 0.000000  0.075349 0.627009 1 64 1.000000
0  -3.790037 -21.046883 -2.872808  0.000001 1.000000 -0.000068  0.075349 0.627009 1 64 1.000000
0  -3.484424 -21.046879 -2.848028  0.000003 1.000000 -0.000006  0.075349 0.627009 1 64 1.000000
lowpoly_plastic
0  -4.078721 -20.799850 -3.419491  -0.000186 -1.000000 0.000096  0.075349 0.627009 1 64 1.000000
0  -4.078727 -20.799854 -3.448853  -0.000165 -1.000000 0.000010  0.075349 0.627009 1 64 1.000000
0  -4.054560 -20.799858 -3.446573  -0.000175 -1.000000 0.000052  0.075349 0.627009 1 64 1.000000
lowpoly_plastic
0  -4.054560 -20.799858 -3.446573  -0.000175 -1.000000 0.000052  0.075349 0.627009 1 64 1.000000
0  -3.790040 -20.799850 -2.872809  0.000184 -1.000000 -0.000115  0.075349 0.627009 1 64 1.000000
0  -4.078721 -20.799850 -3.419491  -0.000186 -1.000000 0.000096  0.075349 0.627009 1 64 1.000000
lowpoly_plastic
0  -3.795753 -23.645615 -2.848026  0.000140 -1.000000 0.000164  0.075349 0.627009 1 64 1.000000
0  -3.801986 -23.645620 -2.860615  0.000292 -1.000000 0.000000  0.075349 0.627009 1 64 1.000000
0  -3.790041 -23.645618 -2.872808  0.000100 -1.000000 0.000099  0.075349 0.627009 1 64 1.000000
lowpoly_plastic
0  -3.790041 -23.645618 -2.872808  0.000100 -1.000000 0.000099  0.075349 0.627009 1 64 1.000000
0  -3.484427 -23.645615 -2.866739  0.000012 -1.000000 0.000000  0.075349 0.627009 1 64 1.000000
0  -3.484427 -23.645615 -2.848026  0.000012 -1.000000 0.000013  0.075349 0.627009 1 64 1.000000
lowpoly_plastic
0  -4.078726 -21.995468 -3.706592  -0.060186 0.766590 0.639310  0.075349 0.627009 1 64 1.000000
0  -4.061448 -21.995470 -3.704963  -0.060186 0.766590 0.639310  0.075349 0.627009 1 64 1.000000
0  -4.061446 -21.913128 -3.803695  -0.060183 0.766587 0.639314  0.075349 0.627009 1 64 1.000000
lowpoly_plastic
0  -3.484430 -20.799858 -2.866738  -1.000000 -0.000037 -0.000029  0.075349 0.627009 1 64 1.000000
0  -3.484423 -20.882198 -2.866738  -1.000000 -0.000031 -0.000189  0.075349 0.627009 1 64 1.000000
0  -3.484427 -20.882193 -2.848028  -1.000000 -0.000030 -0.000189  0.075349 0.627009 1 64 1.000000
lowpoly_plastic
0  -4.078721 -21.274147 -3.419491  0.000118 -1.000000 -0.000097  0.075349 0.627009 1 64 1.000000
0  -4.078721 -21.274147 -3.448853  0.000157 -1.000000 0.000000  0.075349 0.627009 1 64 1.000000
0  -4.054559 -21.274143 -3.446573  0.000139 -1.000000 -0.000045  0.075349 0.627009 1 64 1.000000
lowpoly_plastic
0  -4.054559 -21.274143 -3.446573  0.000139 -1.000000 -0.000045  0.075349 0.627009 1 64 1.000000
0  -3.790034 -21.274145 -2.872808  0.000118 -1.000000 -0.000143  0.075349 0.627009 1 64 1.000000
0  -4.078721 -21.274147 -3.419491  0.000118 -1.000000 -0.000097  0.075349 0.627009 1 64 1.000000
lowpoly_plastic
0  -3.484427 -23.253662 -2.866739  -1.000000 -0.000024 0.000000  0.075349 0.627009 1 64 1.000000
0  -3.484426 -23.336012 -2.866739  -1.000000 0.000006 0.000000  0.075349 0.627009 1 64 1.000000
0  -3.484426 -23.336012 -2.848026  -1.000000 0.000005 0.000000  0.075349 0.627009 1 64 1.000000
lowpoly_plastic
0  -3.484423 -20.882198 -2.866738  -1.000000 -0.000031 -0.000189  0.075349 0.627009 1 64 1.000000
0  -3.484428 -20.964539 -2.866738  -1.000000 0.000009 0.000018  0.075349 0.627009 1 64 1.000000
0  -3.484428 -20.964539 -2.848028  -1.000000 0.000002 -0.000014  0.075349 0.627009 1 64 1.000000
lowpoly_plastic
0  -4.061445 -21.830784 -3.803695  -0.060266 -0.766605 0.639284  0.075349 0.627009 1 64 1.000000
0  -4.061449 -21.748440 -3.704962  -0.060076 -0.766580 0.639333  0.075349 0.627009 1 64 1.000000
0  -4.078724 -21.748446 -3.706592  -0.060093 -0.766582 0.639328  0.075349 0.627009 1 64 1.000000
lowpoly_plastic
0  -4.078725 -20.572588 -3.706592  -0.060130 0.766576 0.639332  0.075349 0.627009 1 64 1.000000
0  -4.061446 -20.572592 -3.704962  -0.060127 0.766577 0.639332  0.075349 0.627009 1 64 1.000000
0  -4.061445 -20.490246 -3.803695  -0.060158 0.766569 0.639337  0.075349 0.627009 1 64 1.000000
lowpoly_plastic
0  -4.061449 -24.202257 -3.803696  -0.060562 -0.766568 0.639300  0.075349 0.627009 1 64 1.000000
0  -4.061448 -24.119911 -3.704963  -0.060392 -0.766566 0.639320  0.075349 0.627009 1 64 1.000000
0  -4.078727 -24.119909 -3.706593  -0.060407 -0.766566 0.639318  0.075349 0.627009 1 64 1.000000
lowpoly_plastic
0  -4.078726 -21.046885 -3.706592  -0.060546 0.766571 0.639299  0.075349 0.627009 1 64 1.000000
0  -4.061445 -21.046879 -3.704962  -0.060549 0.766573 0.639296  0.075349 0.627009 1 64 1.000000
0  -4.061449 -20.964537 -3.803695  -0.060517 0.766549 0.639329  0.075349 0.627009 1 64 1.000000
lowpoly_plastic
0  -4.061453 -24.594206 -3.704963  -0.000117 -1.000000 -0.000001  0.075349 0.627009 1 64 1.000000
0  -4.054560 -24.594210 -3.446576  -0.000282 -1.000000 0.000140  0.075349 0.627009 1 64 1.000000
0  -4.078721 -24.594204 -3.448854  -0.000245 -1.000000 0.000148  0.075349 0.627009 1 64 1.000000
lowpoly_plastic
0  -4.078726 -24.594196 -3.419492  -0.000329 -1.000000 0.000222  0.075349 0.627009 1 64 1.000000
0  -4.078721 -24.594204 -3.448854  -0.000245 -1.000000 0.000148  0.075349 0.627009 1 64 1.000000
0  -4.054560 -24.594210 -3.446576  -0.000282 -1.000000 0.000140  0.075349 0.627009 1 64 1.000000
lowpoly_plastic
0  -4.054560 -24.594210 -3.446576  -0.000282 -1.000000 0.000140  0.075349 0.627009 1 64 1.000000
0  -3.790040 -24.594204 -2.872808  -0.000105 -1.000000 -0.000181  0.075349 0.627009 1 64 1.000000
0  -4.078726 -24.594196 -3.419492  -0.000329 -1.000000 0.000222  0.075349 0.627009 1 64 1.000000
lowpoly_plastic
0  -3.484426 -21.913128 -2.866738  -1.000000 -0.000013 0.000000  0.075349 0.627009 1 64 1.000000
0  -3.484428 -21.995472 -2.866738  -1.000000 0.000029 0.000000  0.075349 0.627009 1 64 1.000000
0  -3.484428 -21.995472 -2.848028  -1.000000 0.000028 0.000000  0.075349 0.627009 1 64 1.000000
lowpoly_plastic
0  -4.061449 -19.933609 -3.803695  -0.060180 -0.766582 0.639320  0.075349 0.627009 1 64 1.000000
0  -4.061445 -19.851265 -3.704962  -0.060253 -0.766556 0.639344  0.075349 0.627009 1 64 1.000000
0  -4.078721 -19.851267 -3.706592  -0.060246 -0.766559 0.639342  0.075349 0.627009 1 64 1.000000
lowpoly_plastic
0  -4.078726 -23.171326 -3.419492  0.000172 -1.000000 -0.000063  0.075349 0.627009 1 64 1.000000
0  -4.078726 -23.171326 -3.448854  0.000236 -1.000000 0.000010  0.075349 0.627009 1 64 1.000000
0  -4.054562 -23.171320 -3.446574  0.000209 -1.000000 -0.000022  0.075349 0.627009 1 64 1.000000
lowpoly_plastic
0  -4.054562 -23.171320 -3.446574  0.000209 -1.000000 -0.000022  0.075349 0.627009 1 64 1.000000
0  -3.790038 -23.171324 -2.872808  -0.000078 -1.000000 -0.000051  0.075349 0.627009 1 64 1.000000
0  -4.078726 -23.171326 -3.419492  0.000172 -1.000000 -0.000063  0.075349 0.627009 1 64 1.000000
lowpoly_plastic
0  -4.078725 -24.366940 -3.419492  -0.896151 0.000003 0.443749  0.075349 0.627009 1 64 1.000000
0  -4.078726 -24.594196 -3.419492  -0.896151 0.000007 0.443748  0.075349 0.627009 1 64 1.000000
0  -3.801983 -24.366938 -2.860615  -0.896121 0.000018 0.443809  0.075349 0.627009 1 64 1.000000
lowpoly_plastic
0  -3.801988 -24.594202 -2.860616  -0.896079 0.000016 0.443894  0.075349 0.627009 1 64 1.000000
0  -3.795749 -24.594208 -2.848027  -0.896004 0.000011 0.444047  0.075349 0.627009 1 64 1.000000
0  -3.795747 -24.366940 -2.848026  -0.896088 0.000018 0.443877  0.075349 0.627009 1 64 1.000000
lowpoly_plastic
0  -3.801983 -24.366938 -2.860615  -0.896121 0.000018 0.443809  0.075349 0.627009 1 64 1.000000
0  -4.078726 -24.594196 -3.419492  -0.896151 0.000007 0.443748  0.075349 0.627009 1 64 1.000000
0  -3.801988 -24.594202 -2.860616  -0.896079 0.000016 0.443894  0.075349 0.627009 1 64 1.000000
lowpoly_plastic
0  -4.078721 -23.892645 -3.419492  -0.896155 0.000024 0.443742  0.075349 0.627009 1 64 1.000000
0  -4.078727 -24.119909 -3.419492  -0.896153 0.000018 0.443744  0.075349 0.627009 1 64 1.000000
0  -3.801986 -23.892651 -2.860615  -0.896131 -0.000002 0.443789  0.075349 0.627009 1 64 1.000000
lowpoly_plastic
0  -3.801985 -24.119907 -2.860615  -0.896116 -0.000004 0.443821  0.075349 0.627009 1 64 1.000000
0  -3.795748 -24.119907 -2.848026  -0.896084 -0.000005 0.443885  0.075349 0.627009 1 64 1.000000
0  -3.801986 -23.892651 -2.860615  -0.896131 -0.000002 0.443789  0.075349 0.627009 1 64 1.000000
lowpoly_plastic
0  -3.801986 -23.892651 -2.860615  -0.896131 -0.000002 0.443789  0.075349 0.627009 1 64 1.000000
0  -4.078727 -24.119909 -3.419492  -0.896153 0.000018 0.443744  0.075349 0.627009 1 64 1.000000
0  -3.801985 -24.119907 -2.860615  -0.896116 -0.000004 0.443821  0.075349 0.627009 1 64 1.000000
lowpoly_plastic
0  -4.078724 -23.418356 -3.419492  -0.896155 -0.000009 0.443742  0.075349 0.627009 1 64 1.000000
0  -4.078720 -23.645618 -3.419492  -0.896156 -0.000017 0.443740  0.075349 0.627009 1 64 1.000000
0  -3.801986 -23.645620 -2.860615  -0.896172 0.000009 0.443707  0.075349 0.627009 1 64 1.000000
lowpoly_plastic
0  -3.801986 -23.645620 -2.860615  -0.896172 0.000009 0.443707  0.075349 0.627009 1 64 1.000000
0  -3.795753 -23.645615 -2.848026  -0.896190 0.000009 0.443671  0.075349 0.627009 1 64 1.000000
0  -3.795751 -23.418348 -2.848026  -0.896241 0.000014 0.443568  0.075349 0.627009 1 64 1.000000
lowpoly_plastic
0  -3.795751 -23.418348 -2.848026  -0.896241 0.000014 0.443568  0.075349 0.627009 1 64 1.000000
0  -3.801982 -23.418354 -2.860615  -0.896197 0.000015 0.443657  0.075349 0.627009 1 64 1.000000
0  -3.801986 -23.645620 -2.860615  -0.896172 0.000009 0.443707  0.075349 0.627009 1 64 1.000000
lowpoly_plastic
0  -4.078722 -22.944057 -3.419492  -0.896151 0.000010 0.443750  0.075349 0.627009 1 64 1.000000
0  -4.078726 -23.171326 -3.419492  -0.896150 0.000017 0.443752  0.075349 0.627009 1 64 1.000000
0  -3.801985 -23.171322 -2.860615  -0.896136 -0.000012 0.443780  0.075349 0.627009 1 64 1.000000
lowpoly_plastic
0  -3.801985 -23.171322 -2.860615  -0.896136 -0.000012 0.443780  0.075349 0.627009 1 64 1.000000
0  -3.795749 -23.171326 -2.848026  -0.896116 -0.000017 0.443819  0.075349 0.627009 1 64 1.000000
0  -3.795755 -22.944056 -2.848028  -0.896162 -0.000012 0.443726  0.075349 0.627009 1 64 1.000000
lowpoly_plastic
0  -3.795755 -22.944056 -2.848028  -0.896162 -0.000012 0.443726  0.075349 0.627009 1 64 1.000000
0  -3.801987 -22.944057 -2.860615  -0.896159 -0.000013 0.443732  0.075349 0.627009 1 64 1.000000
0  -3.801985 -23.171322 -2.860615  -0.896136 -0.000012 0.443780  0.075349 0.627009 1 64 1.000000
lowpoly_plastic
0  -4.078722 -22.469761 -3.419492  -0.896155 0.000004 0.443742  0.075349 0.627009 1 64 1.000000
0  -4.078723 -22.697029 -3.419492  -0.896155 0.000003 0.443741  0.075349 0.627009 1 64 1.000000
0  -3.801988 -22.697029 -2.860615  -0.896120 0.000006 0.443811  0.075349 0.627009 1 64 1.000000
lowpoly_plastic
0  -3.801988 -22.697029 -2.860615  -0.896120 0.000006 0.443811  0.075349 0.627009 1 64 1.000000
0  -3.795753 -22.697033 -2.848028  -0.896086 0.000005 0.443880  0.075349 0.627009 1 64 1.000000
0  -3.795750 -22.469765 -2.848026  -0.896092 0.000008 0.443868  0.075349 0.627009 1 64 1.000000
lowpoly_plastic
0  -3.795750 -22.469765 -2.848026  -0.896092 0.000008 0.443868  0.075349 0.627009 1 64 1.000000
0  -3.801986 -22.469763 -2.860615  -0.896123 0.000007 0.443806  0.075349 0.627009 1 64 1.000000
0  -3.801988 -22.697029 -2.860615  -0.896120 0.000006 0.443811  0.075349 0.627009 1 64 1.000000
lowpoly_plastic
0  -4.078726 -21.995468 -3.419491  -0.896146 -0.000013 0.443758  0.075349 0.627009 1 64 1.000000
0  -4.078723 -22.222733 -3.419492  -0.896147 -0.000007 0.443757  0.075349 0.627009 1 64 1.000000
0  -3.801981 -21.995470 -2.860615  -0.896167 0.000012 0.443716  0.075349 0.627009 1 64 1.000000
lowpoly_plastic
0  -3.801985 -22.222738 -2.860615  -0.896147 0.000010 0.443758  0.075349 0.627009 1 64 1.000000
0  -3.795751 -22.222734 -2.848028  -0.896142 0.000007 0.443767  0.075349 0.627009 1 64 1.000000
0  -3.795749 -21.995468 -2.848028  -0.896184 0.000016 0.443683  0.075349 0.627009 1 64 1.000000
lowpoly_plastic
0  -3.801981 -21.995470 -2.860615  -0.896167 0.000012 0.443716  0.075349 0.627009 1 64 1.000000
0  -4.078723 -22.222733 -3.419492  -0.896147 -0.000007 0.443757  0.075349 0.627009 1 64 1.000000
0  -3.801985 -22.222738 -2.860615  -0.896147 0.000010 0.443758  0.075349 0.627009 1 64 1.000000
lowpoly_plastic
0  -4.078720 -21.521177 -3.419491  -0.896149 0.000011 0.443753  0.075349 0.627009 1 64 1.000000
0  -4.078724 -21.748446 -3.419491  -0.896147 0.000017 0.443758  0.075349 0.627009 1 64 1.000000
0  -3.801983 -21.748440 -2.860615  -0.896176 -0.000009 0.443699  0.075349 0.627009 1 64 1.000000
lowpoly_plastic
0  -3.801983 -21.748440 -2.860615  -0.896176 -0.000009 0.443699  0.075349 0.627009 1 64 1.000000
0  -3.795751 -21.748438 -2.848028  -0.896196 -0.000014 0.443658  0.075349 0.627009 1 64 1.000000
0  -3.795755 -21.521173 -2.848028  -0.896216 -0.000012 0.443618  0.075349 0.627009 1 64 1.000000
lowpoly_plastic
0  -3.795755 -21.521173 -2.848028  -0.896216 -0.000012 0.443618  0.075349 0.627009 1 64 1.000000
0  -3.801986 -21.521179 -2.860615  -0.896187 -0.000011 0.443677  0.075349 0.627009 1 64 1.000000
0  -3.801983 -21.748440 -2.860615  -0.896176 -0.000009 0.443699  0.075349 0.627009 1 64 1.000000
lowpoly_plastic
0  -4.078723 -21.046875 -3.419491  -0.896155 -0.000004 0.443742  0.075349 0.627009 1 64 1.000000
0  -4.078721 -21.274147 -3.419491  -0.896155 -0.000007 0.443741  0.075349 0.627009 1 64 1.000000
0  -3.801987 -21.274149 -2.860615  -0.896115 0.000009 0.443821  0.075349 0.627009 1 64 1.000000
lowpoly_plastic
0  -3.801987 -21.274149 -2.860615  -0.896115 0.000009 0.443821  0.075349 0.627009 1 64 1.000000
0  -3.795752 -21.274151 -2.848028  -0.896079 0.000014 0.443895  0.075349 0.627009 1 64 1.000000
0  -3.795748 -21.046883 -2.848028  -0.896035 0.000007 0.443984  0.075349 0.627009 1 64 1.000000
lowpoly_plastic
0  -3.795748 -21.046883 -2.848028  -0.896035 0.000007 0.443984  0.075349 0.627009 1 64 1.000000
0  -3.801986 -21.046883 -2.860615  -0.896093 0.000007 0.443866  0.075349 0.627009 1 64 1.000000
0  -3.801987 -21.274149 -2.860615  -0.896115 0.000009 0.443821  0.075349 0.627009 1 64 1.000000
lowpoly_plastic
0  -4.078725 -20.572588 -3.419491  -0.896151 -0.000013 0.443750  0.075349 0.627009 1 64 1.000000
0  -4.078721 -20.799850 -3.419491  -0.896151 -0.000007 0.443749  0.075349 0.627009 1 64 1.000000
0  -3.801979 -20.572590 -2.860614  -0.896242 0.000011 0.443565  0.075349 0.627009 1 64 1.000000
lowpoly_plastic
0  -3.801983 -20.799856 -2.860614  -0.896165 0.000004 0.443720  0.075349 0.627009 1 64 1.000000
0  -3.795750 -20.799854 -2.848027  -0.896171 -0.000007 0.443708  0.075349 0.627009 1 64 1.000000
0  -3.795752 -20.572590 -2.848027  -0.896325 0.000013 0.443397  0.075349 0.627009 1 64 1.000000
lowpoly_plastic
0  -3.801979 -20.572590 -2.860614  -0.896242 0.000011 0.443565  0.075349 0.627009 1 64 1.000000
0  -4.078721 -20.799850 -3.419491  -0.896151 -0.000007 0.443749  0.075349 0.627009 1 64 1.000000
0  -3.801983 -20.799856 -2.860614  -0.896165 0.000004 0.443720  0.075349 0.627009 1 64 1.000000
lowpoly_plastic
0  -4.078722 -20.098291 -3.419493  -0.896151 0.000017 0.443748  0.075349 0.627009 1 64 1.000000
0  -4.078727 -20.325558 -3.419493  -0.896151 0.000011 0.443750  0.075349 0.627009 1 64 1.000000
0  -3.801984 -20.098297 -2.860614  -0.896140 -0.000008 0.443771  0.075349 0.627009 1 64 1.000000
lowpoly_plastic
0  -3.801981 -20.325562 -2.860614  -0.896246 0.000004 0.443556  0.075349 0.627009 1 64 1.000000
0  -3.795755 -20.325560 -2.848027  -0.896354 0.000019 0.443338  0.075349 0.627009 1 64 1.000000
0  -3.795750 -20.098293 -2.848027  -0.896141 -0.000010 0.443769  0.075349 0.627009 1 64 1.000000
lowpoly_plastic
0  -3.801984 -20.098297 -2.860614  -0.896140 -0.000008 0.443771  0.075349 0.627009 1 64 1.000000
0  -4.078727 -20.325558 -3.419493  -0.896151 0.000011 0.443750  0.075349 0.627009 1 64 1.000000
0  -3.801981 -20.325562 -2.860614  -0.896246 0.000004 0.443556  0.075349 0.627009 1 64 1.000000
lowpoly_plastic
0  -4.078722 -19.624004 -3.419493  -0.896154 -0.000002 0.443743  0.075349 0.627009 1 64 1.000000
0  -4.078721 -19.851267 -3.419493  -0.896156 -0.000007 0.443739  0.075349 0.627009 1 64 1.000000
0  -3.801985 -19.851267 -2.860616  -0.896109 0.000003 0.443834  0.075349 0.627009 1 64 1.000000
lowpoly_plastic
0  -3.801985 -19.851267 -2.860616  -0.896109 0.000003 0.443834  0.075349 0.627009 1 64 1.000000
0  -3.795748 -19.851269 -2.848027  -0.896063 -0.000005 0.443926  0.075349 0.627009 1 64 1.000000
0  -3.795750 -19.623997 -2.848027  -0.896190 0.000013 0.443671  0.075349 0.627009 1 64 1.000000
lowpoly_plastic
0  -3.795750 -19.623997 -2.848027  -0.896190 0.000013 0.443671  0.075349 0.627009 1 64 1.000000
0  -3.801982 -19.624001 -2.860616  -0.896172 0.000014 0.443708  0.075349 0.627009 1 64 1.000000
0  -3.801985 -19.851267 -2.860616  -0.896109 0.000003 0.443834  0.075349 0.627009 1 64 1.000000
lowpoly_plastic
0  -4.078721 -17.075523 -3.419492  -0.896154 -0.000000 0.443744  0.075349 0.627009 1 64 1.000000
0  -4.078725 -19.376972 -3.419493  -0.896151 0.000001 0.443750  0.075349 0.627009 1 64 1.000000
0  -3.801983 -19.376968 -2.860614  -0.896125 -0.000000 0.443801  0.075349 0.627009 1 64 1.000000
lowpoly_plastic
0  -3.801983 -19.376968 -2.860614  -0.896125 -0.000000 0.443801  0.075349 0.627009 1 64 1.000000
0  -3.795748 -19.376972 -2.848027  -0.896100 -0.000001 0.443853  0.075349 0.627009 1 64 1.000000
0  -3.795752 -17.075520 -2.848026  -0.896154 -0.000001 0.443743  0.075349 0.627009 1 64 1.000000
lowpoly_plastic
0  -3.484428 -20.407906 -2.866738  -1.000000 -0.000005 0.000000  0.075349 0.627009 1 64 1.000000
0  -3.484425 -20.490248 -2.866738  -1.000000 -0.000019 0.000000  0.075349 0.627009 1 64 1.000000
0  -3.484425 -20.490248 -2.848027  -1.000000 -0.000019 0.000000  0.075349 0.627009 1 64 1.000000
lowpoly_plastic
0  -3.795755 -20.325560 -2.848027  0.000027 -1.000000 0.000000  0.075349 0.627009 1 64 1.000000
0  -3.801981 -20.325562 -2.860614  0.000061 -1.000000 0.000000  0.075349 0.627009 1 64 1.000000
0  -3.790035 -20.325562 -2.872807  0.000005 -1.000000 0.000000  0.075349 0.627009 1 64 1.000000
lowpoly_plastic
0  -3.790035 -20.325562 -2.872807  0.000005 -1.000000 0.000000  0.075349 0.627009 1 64 1.000000
0  -3.484426 -20.325563 -2.866738  -0.000006 -1.000000 0.000000  0.075349 0.627009 1 64 1.000000
0  -3.484426 -20.325563 -2.848027  -0.000007 -1.000000 0.000000  0.075349 0.627009 1 64 1.000000
lowpoly_plastic
0  -4.078721 -24.284595 -3.805327  -0.093960 -0.000004 0.995576  0.075349 0.627009 1 64 1.000000
0  -4.061446 -24.284597 -3.803696  -0.093956 -0.000003 0.995576  0.075349 0.627009 1 64 1.000000
0  -4.061449 -24.202257 -3.803696  -0.093979 -0.000008 0.995574  0.075349 0.627009 1 64 1.000000
lowpoly_plastic
0  -4.061448 -23.253662 -3.803696  -0.060028 -0.766582 0.639335  0.075349 0.627009 1 64 1.000000
0  -4.061451 -23.171322 -3.704963  -0.060151 -0.766578 0.639328  0.075349 0.627009 1 64 1.000000
0  -4.078726 -23.171326 -3.706593  -0.060140 -0.766578 0.639329  0.075349 0.627009 1 64 1.000000
lowpoly_plastic
0  -4.061450 -23.810305 -3.803696  -0.093973 0.000003 0.995575  0.075349 0.627009 1 64 1.000000
0  -4.061448 -23.727962 -3.803696  -0.093978 0.000003 0.995574  0.075349 0.627009 1 64 1.000000
0  -4.078725 -23.727955 -3.805327  -0.093977 0.000003 0.995574  0.075349 0.627009 1 64 1.000000
lowpoly_plastic
0  -3.795750 -22.469765 -2.848026  -0.000009 1.000000 0.000215  0.075349 0.627009 1 64 1.000000
0  -3.484425 -22.469761 -2.848028  -0.000001 1.000000 0.000006  0.075349 0.627009 1 64 1.000000
0  -3.790039 -22.469761 -2.872810  -0.000049 1.000000 0.000099  0.075349 0.627009 1 64 1.000000
lowpoly_plastic
0  -3.484425 -22.469761 -2.866739  0.000000 1.000000 0.000000  0.075349 0.627009 1 64 1.000000
0  -3.790039 -22.469761 -2.872810  -0.000049 1.000000 0.000099  0.075349 0.627009 1 64 1.000000
0  -3.484425 -22.469761 -2.848028  -0.000001 1.000000 0.000006  0.075349 0.627009 1 64 1.000000
lowpoly_plastic
0  -3.484426 -23.727962 -2.848026  -1.000000 0.000019 0.000000  0.075349 0.627009 1 64 1.000000
0  -3.484426 -23.727962 -2.866739  -1.000000 0.000019 0.000000  0.075349 0.627009 1 64 1.000000
0  -3.484430 -23.810307 -2.866739  -1.000000 -0.000014 0.000000  0.075349 0.627009 1 64 1.000000
lowpoly_plastic
0  -4.061449 -24.758890 -3.803696  -0.094022 0.000001 0.995570  0.075349 0.627009 1 64 1.000000
0  -4.061447 -24.676544 -3.803696  -0.093975 0.000003 0.995575  0.075349 0.627009 1 64 1.000000
0  -4.078723 -24.676548 -3.805327  -0.093983 0.000002 0.995574  0.075349 0.627009 1 64 1.000000
lowpoly_plastic
0  -3.484427 -24.676548 -2.848027  -1.000000 -0.000010 0.000000  0.075349 0.627009 1 64 1.000000
0  -3.484427 -24.676548 -2.866739  -1.000000 -0.000005 -0.000022  0.075349 0.627009 1 64 1.000000
0  -3.484429 -24.758890 -2.866739  -1.000000 0.000020 0.000000  0.075349 0.627009 1 64 1.000000
lowpoly_plastic
0  -4.078721 -19.851267 -3.419493  0.000168 -1.000000 -0.000064  0.075349 0.627009 1 64 1.000000
0  -4.078721 -19.851267 -3.448853  0.000234 -1.000000 0.000000  0.075349 0.627009 1 64 1.000000
0  -4.054556 -19.851261 -3.446573  0.000207 -1.000000 -0.000030  0.075349 0.627009 1 64 1.000000
lowpoly_plastic
0  -4.054556 -19.851261 -3.446573  0.000207 -1.000000 -0.000030  0.075349 0.627009 1 64 1.000000
0  -3.790040 -19.851269 -2.872807  -0.000067 -1.000000 0.000041  0.075349 0.627009 1 64 1.000000
0  -4.078721 -19.851267 -3.419493  0.000168 -1.000000 -0.000064  0.075349 0.627009 1 64 1.000000
lowpoly_plastic
0  -3.795751 -21.748438 -2.848028  -0.000045 -1.000000 0.000245  0.075349 0.627009 1 64 1.000000
0  -3.801983 -21.748440 -2.860615  -0.000147 -1.000000 0.000000  0.075349 0.627009 1 64 1.000000
0  -3.790036 -21.748444 -2.872808  -0.000108 -1.000000 0.000149  0.075349 0.627009 1 64 1.000000
lowpoly_plastic
0  -3.790036 -21.748444 -2.872808  -0.000108 -1.000000 0.000149  0.075349 0.627009 1 64 1.000000
0  -3.484428 -21.748442 -2.866738  0.000006 -1.000000 0.000000  0.075349 0.627009 1 64 1.000000
0  -3.484428 -21.748442 -2.848028  0.000005 -1.000000 0.000019  0.075349 0.627009 1 64 1.000000
lowpoly_plastic
0  -4.061445 -19.851265 -3.704962  0.000117 -1.000000 0.000000  0.075349 0.627009 1 64 1.000000
0  -4.054556 -19.851261 -3.446573  0.000207 -1.000000 -0.000030  0.075349 0.627009 1 64 1.000000
0  -4.078721 -19.851267 -3.448853  0.000234 -1.000000 0.000000  0.075349 0.627009 1 64 1.000000
lowpoly_plastic
0  -3.795747 -24.366940 -2.848026  0.000067 1.000000 0.000000  0.075349 0.627009 1 64 1.000000
0  -3.484429 -24.366938 -2.848027  -0.000006 1.000000 0.000000  0.075349 0.627009 1 64 1.000000
0  -3.790036 -24.366940 -2.872810  0.000071 1.000000 -0.000001  0.075349 0.627009 1 64 1.000000
lowpoly_plastic
0  -3.484429 -24.366938 -2.866739  -0.000006 1.000000 0.000000  0.075349 0.627009 1 64 1.000000
0  -3.790036 -24.366940 -2.872810  0.000071 1.000000 -0.000001  0.075349 0.627009 1 64 1.000000
0  -3.484429 -24.366938 -2.848027  -0.000006 1.000000 0.000000  0.075349 0.627009 1 64 1.000000
lowpoly_plastic
0  -4.078726 -24.841234 -3.706593  -0.060343 0.766570 0.639320  0.075349 0.627009 1 64 1.000000
0  -4.061453 -24.841234 -3.704963  -0.060335 0.766570 0.639320  0.075349 0.627009 1 64 1.000000
0  -4.061449 -24.758890 -3.803696  -0.060415 0.766564 0.639319  0.075349 0.627009 1 64 1.000000
lowpoly_plastic
0  -3.484430 -23.171322 -2.866739  -1.000000 -0.000030 0.000000  0.075349 0.627009 1 64 1.000000
0  -3.484427 -23.253662 -2.866739  -1.000000 -0.000024 0.000000  0.075349 0.627009 1 64 1.000000
0  -3.484427 -23.253662 -2.848026  -1.000000 -0.000023 0.000000  0.075349 0.627009 1 64 1.000000
lowpoly_plastic
0  -4.061451 -23.171322 -3.704963  0.000222 -1.000000 0.000001  0.075349 0.627009 1 64 1.000000
0  -4.054562 -23.171320 -3.446574  0.000209 -1.000000 -0.000022  0.075349 0.627009 1 64 1.000000
0  -4.078726 -23.171326 -3.448854  0.000236 -1.000000 0.000010  0.075349 0.627009 1 64 1.000000
lowpoly_plastic
0  -3.484426 -19.933609 -2.848027  -1.000000 0.000024 0.000000  0.075349 0.627009 1 64 1.000000
0  -3.484426 -19.933609 -2.866738  -1.000000 0.000024 0.000000  0.075349 0.627009 1 64 1.000000
0  -3.484428 -20.015955 -2.866738  -1.000000 -0.000015 0.000000  0.075349 0.627009 1 64 1.000000
lowpoly_plastic
0  -3.795750 -24.841234 -2.848027  0.000071 1.000000 -0.000082  0.075349 0.627009 1 64 1.000000
0  -3.484431 -24.841234 -2.848027  0.000000 1.000000 -0.000006  0.075349 0.627009 1 64 1.000000
0  -3.790037 -24.841234 -2.872811  0.000074 1.000000 -0.000008  0.075349 0.627009 1 64 1.000000
lowpoly_plastic
0  -3.484431 -24.841234 -2.866739  0.000000 1.000000 0.000000  0.075349 0.627009 1 64 1.000000
0  -3.790037 -24.841234 -2.872811  0.000074 1.000000 -0.000008  0.075349 0.627009 1 64 1.000000
0  -3.484431 -24.841234 -2.848027  0.000000 1.000000 -0.000006  0.075349 0.627009 1 64 1.000000
lowpoly_plastic
0  -3.795750 -20.098293 -2.848027  -0.000034 1.000000 -0.000208  0.075349 0.627009 1 64 1.000000
0  -3.484423 -20.098293 -2.848027  -0.000018 1.000000 -0.000013  0.075349 0.627009 1 64 1.000000
0  -3.790037 -20.098299 -2.872807  0.000037 1.000000 -0.000158  0.075349 0.627009 1 64 1.000000
lowpoly_plastic
0  -3.484423 -20.098293 -2.866738  -0.000019 1.000000 0.000000  0.075349 0.627009 1 64 1.000000
0  -3.790037 -20.098299 -2.872807  0.000037 1.000000 -0.000158  0.075349 0.627009 1 64 1.000000
0  -3.484423 -20.098293 -2.848027  -0.000018 1.000000 -0.000013  0.075349 0.627009 1 64 1.000000
lowpoly_plastic
0  -4.061449 -20.015955 -3.803695  -0.093951 0.000005 0.995577  0.075349 0.627009 1 64 1.000000
0  -4.061449 -19.933609 -3.803695  -0.093991 0.000001 0.995573  0.075349 0.627009 1 64 1.000000
0  -4.078721 -19.933613 -3.805326  -0.093985 0.000001 0.995574  0.075349 0.627009 1 64 1.000000
lowpoly_plastic
0  -4.078721 -23.892645 -3.706593  -0.060215 0.766575 0.639325  0.075349 0.627009 1 64 1.000000
0  -4.061445 -23.892647 -3.704963  -0.060220 0.766575 0.639324  0.075349 0.627009 1 64 1.000000
0  -4.061450 -23.810305 -3.803696  -0.060162 0.766575 0.639331  0.075349 0.627009 1 64 1.000000
lowpoly_plastic
0  -4.061448 -21.274145 -3.704962  0.000113 -1.000000 0.000000  0.075349 0.627009 1 64 1.000000
0  -4.054559 -21.274143 -3.446573  0.000139 -1.000000 -0.000045  0.075349 0.627009 1 64 1.000000
0  -4.078721 -21.274147 -3.448853  0.000157 -1.000000 0.000000  0.075349 0.627009 1 64 1.000000
lowpoly_plastic
0  -3.795755 -21.521173 -2.848028  -0.000100 1.000000 -0.000171  0.075349 0.627009 1 64 1.000000
0  -3.484425 -21.521175 -2.848028  -0.000012 1.000000 -0.000006  0.075349 0.627009 1 64 1.000000
0  -3.790040 -21.521179 -2.872810  -0.000037 1.000000 -0.000083  0.075349 0.627009 1 64 1.000000
lowpoly_plastic
0  -3.484425 -21.521175 -2.866738  -0.000012 1.000000 0.000000  0.075349 0.627009 1 64 1.000000
0  -3.790040 -21.521179 -2.872810  -0.000037 1.000000 -0.000083  0.075349 0.627009 1 64 1.000000
0  -3.484425 -21.521175 -2.848028  -0.000012 1.000000 -0.000006  0.075349 0.627009 1 64 1.000000
lowpoly_plastic
0  -3.484426 -20.325563 -2.866738  -1.000000 0.000021 0.000000  0.075349 0.627009 1 64 1.000000
0  -3.484428 -20.407906 -2.866738  -1.000000 -0.000005 0.000000  0.075349 0.627009 1 64 1.000000
0  -3.484428 -20.407906 -2.848027  -1.000000 -0.000006 0.000000  0.075349 0.627009 1 64 1.000000
lowpoly_plastic
0  -3.795752 -20.572590 -2.848027  -0.000068 1.000000 0.000000  0.075349 0.627009 1 64 1.000000
0  -3.484425 -20.572592 -2.848028  0.000018 1.000000 0.000000  0.075349 0.627009 1 64 1.000000
0  -3.790037 -20.572586 -2.872807  -0.000117 1.000000 0.000125  0.075349 0.627009 1 64 1.000000
lowpoly_plastic
0  -3.484425 -20.572592 -2.866738  0.000019 1.000000 0.000000  0.075349 0.627009 1 64 1.000000
0  -3.790037 -20.572586 -2.872807  -0.000117 1.000000 0.000125  0.075349 0.627009 1 64 1.000000
0  -3.484425 -20.572592 -2.848028  0.000018 1.000000 0.000000  0.075349 0.627009 1 64 1.000000
lowpoly_plastic
0  -3.484430 -21.830788 -2.848028  -1.000000 -0.000010 0.000000  0.075349 0.627009 1 64 1.000000
0  -3.484430 -21.830788 -2.866738  -1.000000 -0.000010 0.000000  0.075349 0.627009 1 64 1.000000
0  -3.484426 -21.913128 -2.866738  -1.000000 -0.000013 0.000000  0.075349 0.627009 1 64 1.000000
lowpoly_plastic
0  -4.078722 -22.944057 -3.706593  -0.060416 0.766560 0.639324  0.075349 0.627009 1 64 1.000000
0  -4.061449 -22.944056 -3.704963  -0.060415 0.766560 0.639324  0.075349 0.627009 1 64 1.000000
0  -4.061448 -22.861712 -3.803696  -0.060427 0.766558 0.639326  0.075349 0.627009 1 64 1.000000
lowpoly_plastic
0  -3.484429 -24.202257 -2.866739  -1.000000 0.000010 0.000000  0.075349 0.627009 1 64 1.000000
0  -3.484430 -24.284592 -2.866739  -1.000000 0.000000 0.000000  0.075349 0.627009 1 64 1.000000
0  -3.484430 -24.284592 -2.848027  -1.000000 0.000000 0.000000  0.075349 0.627009 1 64 1.000000
lowpoly_plastic
0  -4.078722 -22.469761 -3.706593  -0.060365 0.766596 0.639287  0.075349 0.627009 1 64 1.000000
0  -4.061446 -22.469759 -3.704963  -0.060380 0.766595 0.639286  0.075349 0.627009 1 64 1.000000
0  -4.061448 -22.387424 -3.803696  -0.060206 0.766604 0.639291  0.075349 0.627009 1 64 1.000000
lowpoly_plastic
0  -3.484425 -22.305079 -2.866738  -1.000000 0.000019 0.000000  0.075349 0.627009 1 64 1.000000
0  -3.484427 -22.387424 -2.866739  -1.000000 -0.000001 0.000000  0.075349 0.627009 1 64 1.000000
0  -3.484427 -22.387424 -2.848028  -1.000000 0.000001 0.000000  0.075349 0.627009 1 64 1.000000
lowpoly_plastic
0  -4.061447 -22.697033 -3.704963  -0.000213 -1.000000 0.000001  0.075349 0.627009 1 64 1.000000
0  -4.054558 -22.697031 -3.446574  -0.000068 -1.000000 0.000023  0.075349 0.627009 1 64 1.000000
0  -4.078723 -22.697029 -3.448854  -0.000082 -1.000000 0.000010  0.075349 0.627009 1 64 1.000000
lowpoly_plastic
0  -3.484427 -23.645615 -2.848026  -1.000000 -0.000010 0.000000  0.075349 0.627009 1 64 1.000000
0  -3.484427 -23.645615 -2.866739  -1.000000 -0.000010 0.000000  0.075349 0.627009 1 64 1.000000
0  -3.484426 -23.727962 -2.866739  -1.000000 0.000019 0.000000  0.075349 0.627009 1 64 1.000000
lowpoly_plastic
0  -3.484430 -21.356491 -2.866738  -1.000000 0.000017 -0.000025  0.075349 0.627009 1 64 1.000000
0  -3.484424 -21.438831 -2.866738  -1.000000 -0.000067 -0.000331  0.075349 0.627009 1 64 1.000000
0  -3.484431 -21.438835 -2.848028  -1.000000 -0.000066 -0.000331  0.075349 0.627009 1 64 1.000000
lowpoly_plastic
0  -3.484428 -21.748442 -2.866738  -1.000000 0.000019 0.000000  0.075349 0.627009 1 64 1.000000
0  -3.484430 -21.830788 -2.866738  -1.000000 -0.000010 0.000000  0.075349 0.627009 1 64 1.000000
0  -3.484430 -21.830788 -2.848028  -1.000000 -0.000010 0.000000  0.075349 0.627009 1 64 1.000000
lowpoly_plastic
0  -2.956861 -24.841236 -2.872808  0.908144 -0.000008 0.418657  0.064370 0.664198 1 64 1.000000
0  -2.692342 -24.841232 -3.446575  0.908132 0.000000 0.418685  0.064370 0.664198 1 64 1.000000
0  -2.692342 -24.758886 -3.446575  0.908135 0.000020 0.418678  0.064370 0.664198 1 64 1.000000
lowpoly_plastic
0  -3.262473 -24.841230 -2.866739  0.019856 -0.000000 0.999803  0.064370 0.664198 1 64 1.000000
0  -2.956861 -24.841236 -2.872808  0.019856 -0.000000 0.999803  0.064370 0.664198 1 64 1.000000
0  -2.956861 -24.758894 -2.872808  0.019855 -0.000000 0.999803  0.064370 0.664198 1 64 1.000000
lowpoly_plastic
0  -2.692342 -24.758886 -3.446575  0.999645 0.000000 0.026653  0.064370 0.664198 1 64 1.000000
0  -2.692342 -24.841232 -3.446575  0.999645 0.000000 0.026653  0.064370 0.664198 1 64 1.000000
0  -2.685452 -24.841230 -3.704964  0.999645 0.000000 0.026653  0.064370 0.664198 1 64 1.000000
lowpoly_plastic
0  -2.668176 -24.841232 -3.448855  0.000003 1.000000 0.000000  0.075349 0.627009 1 64 1.000000
0  -2.668176 -24.841232 -3.706594  0.000110 1.000000 0.000000  0.075349 0.627009 1 64 1.000000
0  -2.685452 -24.841230 -3.704964  0.000104 1.000000 0.000000  0.075349 0.627009 1 64 1.000000
lowpoly_plastic
0  -2.692342 -24.841232 -3.446575  -0.000001 1.000000 -0.000015  0.075349 0.627009 1 64 1.000000
0  -2.956861 -24.841236 -2.872808  -0.000108 1.000000 -0.000176  0.075349 0.627009 1 64 1.000000
0  -2.668176 -24.841232 -3.419493  -0.000006 1.000000 -0.000034  0.075349 0.627009 1 64 1.000000
lowpoly_plastic
0  -2.944920 -24.841232 -2.860616  -0.000150 1.000000 -0.000197  0.075349 0.627009 1 64 1.000000
0  -2.668176 -24.841232 -3.419493  -0.000006 1.000000 -0.000034  0.075349 0.627009 1 64 1.000000
0  -2.956861 -24.841236 -2.872808  -0.000108 1.000000 -0.000176  0.075349 0.627009 1 64 1.000000
lowpoly_plastic
0  -2.692346 -24.676544 -3.446575  0.999546 -0.023144 0.019294  0.064370 0.664198 1 64 1.000000
0  -2.685452 -24.676550 -3.803697  0.999546 -0.023144 0.019294  0.064370 0.664198 1 64 1.000000
0  -2.685452 -24.594208 -3.704964  0.999546 -0.023144 0.019294  0.064370 0.664198 1 64 1.000000
lowpoly_plastic
0  -2.692342 -24.758886 -3.446575  0.999814 0.000040 0.019297  0.064370 0.664198 1 64 1.000000
0  -2.685452 -24.758888 -3.803697  0.999814 0.000012 0.019291  0.064370 0.664198 1 64 1.000000
0  -2.685452 -24.676550 -3.803697  0.999814 0.000017 0.019292  0.064370 0.664198 1 64 1.000000
lowpoly_plastic
0  -3.262473 -24.676550 -2.866739  0.019855 0.000000 0.999803  0.064370 0.664198 1 64 1.000000
0  -2.956858 -24.676548 -2.872808  0.019854 0.000001 0.999803  0.064370 0.664198 1 64 1.000000
0  -2.956864 -24.594204 -2.872808  0.019854 0.000001 0.999803  0.064370 0.664198 1 64 1.000000
lowpoly_plastic
0  -3.262471 -24.758888 -2.866739  0.019855 -0.000000 0.999803  0.064370 0.664198 1 64 1.000000
0  -2.956861 -24.758894 -2.872808  0.019855 -0.000000 0.999803  0.064370 0.664198 1 64 1.000000
0  -2.956858 -24.676548 -2.872808  0.019854 0.000001 0.999803  0.064370 0.664198 1 64 1.000000
lowpoly_plastic
0  -2.956858 -24.676548 -2.872808  0.908137 0.000015 0.418672  0.064370 0.664198 1 64 1.000000
0  -2.692346 -24.676544 -3.446575  0.908142 -0.000014 0.418662  0.064370 0.664198 1 64 1.000000
0  -2.692340 -24.594210 -3.446575  0.908146 -0.000053 0.418653  0.064370 0.664198 1 64 1.000000
lowpoly_plastic
0  -2.956861 -24.758894 -2.872808  0.908142 -0.000018 0.418662  0.064370 0.664198 1 64 1.000000
0  -2.692342 -24.758886 -3.446575  0.908135 0.000020 0.418678  0.064370 0.664198 1 64 1.000000
0  -2.692346 -24.676544 -3.446575  0.908142 -0.000014 0.418662  0.064370 0.664198 1 64 1.000000
lowpoly_plastic
0  -2.956862 -24.366938 -2.872808  0.908138 -0.000013 0.418672  0.064370 0.664198 1 64 1.000000
0  -2.692337 -24.366941 -3.446575  0.908130 0.000050 0.418689  0.064370 0.664198 1 64 1.000000
0  -2.692342 -24.284601 -3.446575  0.908134 0.000014 0.418679  0.064370 0.664198 1 64 1.000000
lowpoly_plastic
0  -3.262470 -24.366940 -2.866739  0.019855 0.000001 0.999803  0.064370 0.664198 1 64 1.000000
0  -2.956862 -24.366938 -2.872808  0.019855 -0.000000 0.999803  0.064370 0.664198 1 64 1.000000
0  -2.956861 -24.284595 -2.872808  0.019856 0.000000 0.999803  0.064370 0.664198 1 64 1.000000
lowpoly_plastic
0  -2.692342 -24.284601 -3.446575  0.999645 0.000056 0.026651  0.064370 0.664198 1 64 1.000000
0  -2.692337 -24.366941 -3.446575  0.999645 0.000056 0.026651  0.064370 0.664198 1 64 1.000000
0  -2.685448 -24.366940 -3.704964  0.999645 0.000056 0.026651  0.064370 0.664198 1 64 1.000000
lowpoly_plastic
0  -2.668175 -24.366938 -3.448855  -0.000157 1.000000 -0.000002  0.075349 0.627009 1 64 1.000000
0  -2.668175 -24.366938 -3.706594  -0.000110 1.000000 0.000000  0.075349 0.627009 1 64 1.000000
0  -2.685448 -24.366940 -3.704964  -0.000113 1.000000 -0.000000  0.075349 0.627009 1 64 1.000000
lowpoly_plastic
0  -2.692337 -24.366941 -3.446575  -0.000139 1.000000 -0.000032  0.075349 0.627009 1 64 1.000000
0  -2.956862 -24.366938 -2.872808  0.000069 1.000000 0.000083  0.075349 0.627009 1 64 1.000000
0  -2.668175 -24.366938 -3.419493  -0.000113 1.000000 -0.000063  0.075349 0.627009 1 64 1.000000
lowpoly_plastic
0  -2.944914 -24.366940 -2.860616  0.000167 1.000000 0.000075  0.075349 0.627009 1 64 1.000000
0  -2.668175 -24.366938 -3.419493  -0.000113 1.000000 -0.000063  0.075349 0.627009 1 64 1.000000
0  -2.956862 -24.366938 -2.872808  0.000069 1.000000 0.000083  0.075349 0.627009 1 64 1.000000
lowpoly_plastic
0  -2.692341 -24.202257 -3.446574  0.999546 -0.023167 0.019282  0.064370 0.664198 1 64 1.000000
0  -2.685452 -24.202255 -3.803697  0.999546 -0.023167 0.019282  0.064370 0.664198 1 64 1.000000
0  -2.685448 -24.119911 -3.704963  0.999546 -0.023167 0.019282  0.064370 0.664198 1 64 1.000000
lowpoly_plastic
0  -2.692341 -24.202257 -3.446574  0.999814 -0.000012 0.019287  0.064370 0.664198 1 64 1.000000
0  -2.692342 -24.284601 -3.446575  0.999814 -0.000012 0.019287  0.064370 0.664198 1 64 1.000000
0  -2.685452 -24.284599 -3.803697  0.999814 -0.000012 0.019288  0.064370 0.664198 1 64 1.000000
lowpoly_plastic
0  -3.262472 -24.202255 -2.866739  0.019856 -0.000000 0.999803  0.064370 0.664198 1 64 1.000000
0  -2.956864 -24.202253 -2.872808  0.019856 0.000000 0.999803  0.064370 0.664198 1 64 1.000000
0  -2.956862 -24.119911 -2.872808  0.019855 -0.000001 0.999803  0.064370 0.664198 1 64 1.000000
lowpoly_plastic
0  -3.262472 -24.202255 -2.866739  0.019856 -0.000000 0.999803  0.064370 0.664198 1 64 1.000000
0  -3.262473 -24.284597 -2.866739  0.019855 0.000000 0.999803  0.064370 0.664198 1 64 1.000000
0  -2.956861 -24.284595 -2.872808  0.019856 0.000000 0.999803  0.064370 0.664198 1 64 1.000000
lowpoly_plastic
0  -2.956864 -24.202253 -2.872808  0.908132 0.000009 0.418685  0.064370 0.664198 1 64 1.000000
0  -2.692341 -24.202257 -3.446574  0.908139 -0.000015 0.418668  0.064370 0.664198 1 64 1.000000
0  -2.692339 -24.119911 -3.446574  0.908140 -0.000019 0.418666  0.064370 0.664198 1 64 1.000000
lowpoly_plastic
0  -2.956861 -24.284595 -2.872808  0.908135 0.000009 0.418677  0.064370 0.664198 1 64 1.000000
0  -2.692342 -24.284601 -3.446575  0.908134 0.000014 0.418679  0.064370 0.664198 1 64 1.000000
0  -2.692341 -24.202257 -3.446574  0.908139 -0.000015 0.418668  0.064370 0.664198 1 64 1.000000
lowpoly_plastic
0  -2.956860 -23.892643 -2.872808  0.908122 0.000049 0.418705  0.064370 0.664198 1 64 1.000000
0  -2.692341 -23.892651 -3.446574  0.908143 -0.000023 0.418661  0.064370 0.664198 1 64 1.000000
0  -2.692339 -23.810305 -3.446574  0.908141 -0.000004 0.418663  0.064370 0.664198 1 64 1.000000
lowpoly_plastic
0  -3.262473 -23.892647 -2.866739  0.019857 -0.000005 0.999803  0.064370 0.664198 1 64 1.000000
0  -2.956860 -23.892643 -2.872808  0.019856 0.000001 0.999803  0.064370 0.664198 1 64 1.000000
0  -2.956864 -23.810303 -2.872808  0.019857 -0.000000 0.999803  0.064370 0.664198 1 64 1.000000
lowpoly_plastic
0  -2.692339 -23.810305 -3.446574  0.999645 -0.000028 0.026655  0.064370 0.664198 1 64 1.000000
0  -2.692341 -23.892651 -3.446574  0.999645 -0.000028 0.026655  0.064370 0.664198 1 64 1.000000
0  -2.685452 -23.892647 -3.704963  0.999645 -0.000028 0.026655  0.064370 0.664198 1 64 1.000000
lowpoly_plastic
0  -2.668178 -23.892647 -3.448854  -0.000154 1.000000 0.000010  0.075349 0.627009 1 64 1.000000
0  -2.668178 -23.892647 -3.706593  0.000000 1.000000 0.000000  0.075349 0.627009 1 64 1.000000
0  -2.685452 -23.892647 -3.704963  -0.000009 1.000000 0.000001  0.075349 0.627009 1 64 1.000000
lowpoly_plastic
0  -2.692341 -23.892651 -3.446574  -0.000137 1.000000 -0.000007  0.075349 0.627009 1 64 1.000000
0  -2.956860 -23.892643 -2.872808  -0.000047 1.000000 0.000217  0.075349 0.627009 1 64 1.000000
0  -2.668178 -23.892647 -3.419492  -0.000111 1.000000 -0.000033  0.075349 0.627009 1 64 1.000000
lowpoly_plastic
0  -2.944913 -23.892643 -2.860616  -0.000248 1.000000 0.000320  0.075349 0.627009 1 64 1.000000
0  -2.668178 -23.892647 -3.419492  -0.000111 1.000000 -0.000033  0.075349 0.627009 1 64 1.000000
0  -2.956860 -23.892643 -2.872808  -0.000047 1.000000 0.000217  0.075349 0.627009 1 64 1.000000
lowpoly_plastic
0  -2.692340 -23.727959 -3.446574  0.999548 -0.023068 0.019289  0.064370 0.664198 1 64 1.000000
0  -2.685449 -23.727959 -3.803696  0.999548 -0.023068 0.019289  0.064370 0.664198 1 64 1.000000
0  -2.685453 -23.645617 -3.704963  0.999548 -0.023068 0.019289  0.064370 0.664198 1 64 1.000000
lowpoly_plastic
0  -2.692339 -23.810305 -3.446574  0.999814 0.000009 0.019291  0.064370 0.664198 1 64 1.000000
0  -2.685450 -23.810305 -3.803696  0.999814 -0.000012 0.019288  0.064370 0.664198 1 64 1.000000
0  -2.685449 -23.727959 -3.803696  0.999814 -0.000009 0.019289  0.064370 0.664198 1 64 1.000000
lowpoly_plastic
0  -3.262476 -23.645615 -2.866739  0.019857 0.000001 0.999803  0.064370 0.664198 1 64 1.000000
0  -3.262468 -23.727959 -2.866739  0.019857 0.000001 0.999803  0.064370 0.664198 1 64 1.000000
0  -2.956861 -23.727957 -2.872808  0.019857 -0.000001 0.999803  0.064370 0.664198 1 64 1.000000
lowpoly_plastic
0  -3.262468 -23.727959 -2.866739  0.019857 0.000001 0.999803  0.064370 0.664198 1 64 1.000000
0  -3.262470 -23.810303 -2.866739  0.019857 -0.000003 0.999803  0.064370 0.664198 1 64 1.000000
0  -2.956864 -23.810303 -2.872808  0.019857 -0.000000 0.999803  0.064370 0.664198 1 64 1.000000
lowpoly_plastic
0  -2.956861 -23.727957 -2.872808  0.908141 -0.000034 0.418665  0.064370 0.664198 1 64 1.000000
0  -2.692340 -23.727959 -3.446574  0.908135 0.000019 0.418677  0.064370 0.664198 1 64 1.000000
0  -2.692343 -23.645618 -3.446574  0.908130 0.000026 0.418689  0.064370 0.664198 1 64 1.000000
lowpoly_plastic
0  -2.956864 -23.810303 -2.872808  0.908130 0.000013 0.418689  0.064370 0.664198 1 64 1.000000
0  -2.692339 -23.810305 -3.446574  0.908141 -0.000004 0.418663  0.064370 0.664198 1 64 1.000000
0  -2.692340 -23.727959 -3.446574  0.908135 0.000019 0.418677  0.064370 0.664198 1 64 1.000000
lowpoly_plastic
0  -2.956859 -23.418358 -2.872808  0.908148 0.000011 0.418649  0.064370 0.664198 1 64 1.000000
0  -2.692342 -23.418350 -3.446574  0.908135 -0.000023 0.418678  0.064370 0.664198 1 64 1.000000
0  -2.692340 -23.336008 -3.446574  0.908133 0.000006 0.418682  0.064370 0.664198 1 64 1.000000
lowpoly_plastic
0  -3.262472 -23.418348 -2.866739  0.019855 -0.000000 0.999803  0.064370 0.664198 1 64 1.000000
0  -2.956859 -23.418358 -2.872808  0.019853 0.000000 0.999803  0.064370 0.664198 1 64 1.000000
0  -2.956860 -23.336010 -2.872808  0.019854 -0.000000 0.999803  0.064370 0.664198 1 64 1.000000
lowpoly_plastic
0  -2.692340 -23.336008 -3.446574  0.999645 -0.000028 0.026658  0.064370 0.664198 1 64 1.000000
0  -2.692342 -23.418350 -3.446574  0.999645 -0.000028 0.026658  0.064370 0.664198 1 64 1.000000
0  -2.685452 -23.418348 -3.704963  0.999645 -0.000028 0.026658  0.064370 0.664198 1 64 1.000000
lowpoly_plastic
0  -2.668173 -23.418354 -3.448854  0.000162 1.000000 0.000012  0.075349 0.627009 1 64 1.000000
0  -2.668173 -23.418354 -3.706593  0.000331 1.000000 0.000000  0.075349 0.627009 1 64 1.000000
0  -2.685452 -23.418348 -3.704963  0.000322 1.000000 0.000001  0.075349 0.627009 1 64 1.000000
lowpoly_plastic
0  -2.692342 -23.418350 -3.446574  0.000137 1.000000 0.000025  0.075349 0.627009 1 64 1.000000
0  -2.956859 -23.418358 -2.872808  -0.000185 1.000000 -0.000141  0.075349 0.627009 1 64 1.000000
0  -2.668173 -23.418354 -3.419492  0.000108 1.000000 0.000032  0.075349 0.627009 1 64 1.000000
lowpoly_plastic
0  -2.944917 -23.418352 -2.860615  -0.000380 1.000000 -0.000037  0.075349 0.627009 1 64 1.000000
0  -2.668173 -23.418354 -3.419492  0.000108 1.000000 0.000032  0.075349 0.627009 1 64 1.000000
0  -2.956859 -23.418358 -2.872808  -0.000185 1.000000 -0.000141  0.075349 0.627009 1 64 1.000000
lowpoly_plastic
0  -2.692343 -23.253666 -3.446574  0.999545 -0.023183 0.019283  0.064370 0.664198 1 64 1.000000
0  -2.685453 -23.253664 -3.803696  0.999545 -0.023183 0.019283  0.064370 0.664198 1 64 1.000000
0  -2.685449 -23.171326 -3.704963  0.999545 -0.023183 0.019283  0.064370 0.664198 1 64 1.000000
lowpoly_plastic
0  -2.692343 -23.253666 -3.446574  0.999814 0.000033 0.019288  0.064370 0.664198 1 64 1.000000
0  -2.692340 -23.336008 -3.446574  0.999814 0.000032 0.019288  0.064370 0.664198 1 64 1.000000
0  -2.685451 -23.336006 -3.803696  0.999814 0.000036 0.019287  0.064370 0.664198 1 64 1.000000
lowpoly_plastic
0  -3.262470 -23.253672 -2.866739  0.019856 -0.000000 0.999803  0.064370 0.664198 1 64 1.000000
0  -2.956858 -23.253666 -2.872808  0.019854 0.000000 0.999803  0.064370 0.664198 1 64 1.000000
0  -2.956861 -23.171326 -2.872808  0.019854 0.000001 0.999803  0.064370 0.664198 1 64 1.000000
lowpoly_plastic
0  -3.262471 -23.336004 -2.866739  0.019856 -0.000000 0.999803  0.064370 0.664198 1 64 1.000000
0  -2.956860 -23.336010 -2.872808  0.019854 -0.000000 0.999803  0.064370 0.664198 1 64 1.000000
0  -2.956858 -23.253666 -2.872808  0.019854 0.000000 0.999803  0.064370 0.664198 1 64 1.000000
lowpoly_plastic
0  -2.956858 -23.253666 -2.872808  0.908141 0.000007 0.418663  0.064370 0.664198 1 64 1.000000
0  -2.692343 -23.253666 -3.446574  0.908133 0.000009 0.418682  0.064370 0.664198 1 64 1.000000
0  -2.692342 -23.171324 -3.446574  0.908136 -0.000005 0.418676  0.064370 0.664198 1 64 1.000000
lowpoly_plastic
0  -2.956860 -23.336010 -2.872808  0.908145 -0.000002 0.418656  0.064370 0.664198 1 64 1.000000
0  -2.692340 -23.336008 -3.446574  0.908133 0.000006 0.418682  0.064370 0.664198 1 64 1.000000
0  -2.692343 -23.253666 -3.446574  0.908133 0.000009 0.418682  0.064370 0.664198 1 64 1.000000
lowpoly_plastic
0  -2.956860 -22.944059 -2.872808  0.908129 0.000052 0.418691  0.064370 0.664198 1 64 1.000000
0  -2.692338 -22.944056 -3.446574  0.908144 0.000064 0.418659  0.064370 0.664198 1 64 1.000000
0  -2.692344 -22.861717 -3.446574  0.908139 0.000003 0.418669  0.064370 0.664198 1 64 1.000000
lowpoly_plastic
0  -3.262476 -22.944057 -2.866739  0.019856 -0.000001 0.999803  0.064370 0.664198 1 64 1.000000
0  -2.956860 -22.944059 -2.872808  0.019855 0.000001 0.999803  0.064370 0.664198 1 64 1.000000
0  -2.956864 -22.861719 -2.872808  0.019855 0.000000 0.999803  0.064370 0.664198 1 64 1.000000
lowpoly_plastic
0  -2.692344 -22.861717 -3.446574  0.999645 0.000073 0.026653  0.064370 0.664198 1 64 1.000000
0  -2.692338 -22.944056 -3.446574  0.999645 0.000073 0.026653  0.064370 0.664198 1 64 1.000000
0  -2.685449 -22.944054 -3.704963  0.999645 0.000073 0.026653  0.064370 0.664198 1 64 1.000000
lowpoly_plastic
0  -2.668178 -22.944061 -3.448854  0.000242 1.000000 0.000005  0.075349 0.627009 1 64 1.000000
0  -2.668178 -22.944061 -3.706593  0.000442 1.000000 0.000000  0.075349 0.627009 1 64 1.000000
0  -2.685449 -22.944054 -3.704963  0.000430 1.000000 0.000001  0.075349 0.627009 1 64 1.000000
lowpoly_plastic
0  -2.692338 -22.944056 -3.446574  0.000209 1.000000 0.000034  0.075349 0.627009 1 64 1.000000
0  -2.956860 -22.944059 -2.872808  0.000073 1.000000 0.000008  0.075349 0.627009 1 64 1.000000
0  -2.668178 -22.944061 -3.419492  0.000174 1.000000 0.000065  0.075349 0.627009 1 64 1.000000
lowpoly_plastic
0  -2.944912 -22.944061 -2.860615  0.000168 1.000000 0.000000  0.075349 0.627009 1 64 1.000000
0  -2.668178 -22.944061 -3.419492  0.000174 1.000000 0.000065  0.075349 0.627009 1 64 1.000000
0  -2.956860 -22.944059 -2.872808  0.000073 1.000000 0.000008  0.075349 0.627009 1 64 1.000000
lowpoly_plastic
0  -2.692338 -22.779373 -3.446574  0.999546 -0.023143 0.019283  0.064370 0.664198 1 64 1.000000
0  -2.685449 -22.779371 -3.803696  0.999546 -0.023143 0.019283  0.064370 0.664198 1 64 1.000000
0  -2.685447 -22.697029 -3.704963  0.999546 -0.023143 0.019283  0.064370 0.664198 1 64 1.000000
lowpoly_plastic
0  -2.692338 -22.779373 -3.446574  0.999814 -0.000061 0.019299  0.064370 0.664198 1 64 1.000000
0  -2.692344 -22.861717 -3.446574  0.999814 -0.000069 0.019302  0.064370 0.664198 1 64 1.000000
0  -2.685450 -22.861719 -3.803696  0.999814 -0.000020 0.019289  0.064370 0.664198 1 64 1.000000
lowpoly_plastic
0  -3.262471 -22.779373 -2.866739  0.019855 0.000000 0.999803  0.064370 0.664198 1 64 1.000000
0  -2.956861 -22.779375 -2.872808  0.019855 -0.000000 0.999803  0.064370 0.664198 1 64 1.000000
0  -2.956860 -22.697031 -2.872808  0.019856 -0.000000 0.999803  0.064370 0.664198 1 64 1.000000
lowpoly_plastic
0  -3.262470 -22.861719 -2.866739  0.019856 -0.000001 0.999803  0.064370 0.664198 1 64 1.000000
0  -2.956864 -22.861719 -2.872808  0.019855 0.000000 0.999803  0.064370 0.664198 1 64 1.000000
0  -2.956861 -22.779375 -2.872808  0.019855 -0.000000 0.999803  0.064370 0.664198 1 64 1.000000
lowpoly_plastic
0  -2.956860 -22.697031 -2.872808  0.908135 -0.000022 0.418677  0.064370 0.664198 1 64 1.000000
0  -2.956861 -22.779375 -2.872808  0.908135 -0.000029 0.418677  0.064370 0.664198 1 64 1.000000
0  -2.692338 -22.779373 -3.446574  0.908137 -0.000035 0.418673  0.064370 0.664198 1 64 1.000000
lowpoly_plastic
0  -2.956861 -22.779375 -2.872808  0.908135 -0.000029 0.418677  0.064370 0.664198 1 64 1.000000
0  -2.956864 -22.861719 -2.872808  0.908131 0.000009 0.418686  0.064370 0.664198 1 64 1.000000
0  -2.692344 -22.861717 -3.446574  0.908139 0.000003 0.418669  0.064370 0.664198 1 64 1.000000
lowpoly_plastic
0  -2.956864 -22.469767 -2.872808  0.908132 -0.000032 0.418684  0.064370 0.664198 1 64 1.000000
0  -2.692341 -22.469767 -3.446574  0.908138 -0.000027 0.418671  0.064370 0.664198 1 64 1.000000
0  -2.692338 -22.387423 -3.446574  0.908139 -0.000021 0.418669  0.064370 0.664198 1 64 1.000000
lowpoly_plastic
0  -3.262471 -22.469765 -2.866739  0.019857 -0.000000 0.999803  0.064370 0.664198 1 64 1.000000
0  -2.956864 -22.469767 -2.872808  0.019856 -0.000001 0.999803  0.064370 0.664198 1 64 1.000000
0  -2.956861 -22.387421 -2.872808  0.019857 -0.000000 0.999803  0.064370 0.664198 1 64 1.000000
lowpoly_plastic
0  -2.692338 -22.387423 -3.446574  0.999645 -0.000034 0.026661  0.064370 0.664198 1 64 1.000000
0  -2.692341 -22.469767 -3.446574  0.999645 -0.000034 0.026661  0.064370 0.664198 1 64 1.000000
0  -2.685450 -22.469769 -3.704963  0.999645 -0.000034 0.026661  0.064370 0.664198 1 64 1.000000
lowpoly_plastic
0  -2.668178 -22.469763 -3.448854  -0.000162 1.000000 -0.000002  0.075349 0.627009 1 64 1.000000
0  -2.668178 -22.469763 -3.706593  -0.000331 1.000000 0.000000  0.075349 0.627009 1 64 1.000000
0  -2.685450 -22.469769 -3.704963  -0.000322 1.000000 -0.000000  0.075349 0.627009 1 64 1.000000
lowpoly_plastic
0  -2.692341 -22.469767 -3.446574  -0.000141 1.000000 -0.000017  0.075349 0.627009 1 64 1.000000
0  -2.956864 -22.469767 -2.872808  -0.000186 1.000000 -0.000168  0.075349 0.627009 1 64 1.000000
0  -2.668178 -22.469763 -3.419492  -0.000121 1.000000 -0.000034  0.075349 0.627009 1 64 1.000000
lowpoly_plastic
0  -2.944912 -22.469761 -2.860615  -0.000317 1.000000 -0.000234  0.075349 0.627009 1 64 1.000000
0  -2.668178 -22.469763 -3.419492  -0.000121 1.000000 -0.000034  0.075349 0.627009 1 64 1.000000
0  -2.956864 -22.469767 -2.872808  -0.000186 1.000000 -0.000168  0.075349 0.627009 1 64 1.000000
lowpoly_plastic
0  -2.692337 -22.305080 -3.446574  0.999547 -0.023141 0.019260  0.064370 0.664198 1 64 1.000000
0  -2.685455 -22.305080 -3.803696  0.999547 -0.023141 0.019260  0.064370 0.664198 1 64 1.000000
0  -2.685452 -22.222736 -3.704963  0.999547 -0.023141 0.019260  0.064370 0.664198 1 64 1.000000
lowpoly_plastic
0  -2.692338 -22.387423 -3.446574  0.999814 -0.000000 0.019270  0.064370 0.664198 1 64 1.000000
0  -2.685450 -22.387421 -3.803696  0.999814 0.000069 0.019284  0.064370 0.664198 1 64 1.000000
0  -2.685455 -22.305080 -3.803696  0.999814 0.000057 0.019282  0.064370 0.664198 1 64 1.000000
lowpoly_plastic
0  -3.262475 -22.305080 -2.866739  0.019855 0.000000 0.999803  0.064370 0.664198 1 64 1.000000
0  -2.956861 -22.305075 -2.872808  0.019856 0.000001 0.999803  0.064370 0.664198 1 64 1.000000
0  -2.956865 -22.222734 -2.872808  0.019856 0.000001 0.999803  0.064370 0.664198 1 64 1.000000
lowpoly_plastic
0  -3.262469 -22.387421 -2.866739  0.019855 0.000000 0.999803  0.064370 0.664198 1 64 1.000000
0  -2.956861 -22.387421 -2.872808  0.019857 -0.000000 0.999803  0.064370 0.664198 1 64 1.000000
0  -2.956861 -22.305075 -2.872808  0.019856 0.000001 0.999803  0.064370 0.664198 1 64 1.000000
lowpoly_plastic
0  -2.956861 -22.305075 -2.872808  0.908136 0.000022 0.418675  0.064370 0.664198 1 64 1.000000
0  -2.692337 -22.305080 -3.446574  0.908138 0.000014 0.418672  0.064370 0.664198 1 64 1.000000
0  -2.692341 -22.222736 -3.446574  0.908136 0.000042 0.418675  0.064370 0.664198 1 64 1.000000
lowpoly_plastic
0  -2.956861 -22.387421 -2.872808  0.908132 -0.000021 0.418684  0.064370 0.664198 1 64 1.000000
0  -2.692338 -22.387423 -3.446574  0.908139 -0.000021 0.418669  0.064370 0.664198 1 64 1.000000
0  -2.692337 -22.305080 -3.446574  0.908138 0.000014 0.418672  0.064370 0.664198 1 64 1.000000
lowpoly_plastic
0  -2.956861 -21.913124 -2.872808  0.908134 -0.000011 0.418679  0.064370 0.664198 1 64 1.000000
0  -2.956863 -21.995468 -2.872808  0.908135 -0.000023 0.418677  0.064370 0.664198 1 64 1.000000
0  -2.692340 -21.995472 -3.446574  0.908133 -0.000019 0.418682  0.064370 0.664198 1 64 1.000000
lowpoly_plastic
0  -3.262470 -21.995468 -2.866738  0.019856 0.000001 0.999803  0.064370 0.664198 1 64 1.000000
0  -2.956863 -21.995468 -2.872808  0.019857 -0.000000 0.999803  0.064370 0.664198 1 64 1.000000
0  -2.956861 -21.913124 -2.872808  0.019857 -0.000000 0.999803  0.064370 0.664198 1 64 1.000000
lowpoly_plastic
0  -2.692338 -21.913126 -3.446574  0.999645 -0.000022 0.026655  0.064370 0.664198 1 64 1.000000
0  -2.692340 -21.995472 -3.446574  0.999645 -0.000022 0.026655  0.064370 0.664198 1 64 1.000000
0  -2.685451 -21.995470 -3.704963  0.999645 -0.000022 0.026655  0.064370 0.664198 1 64 1.000000
lowpoly_plastic
0  -2.668175 -21.995468 -3.448854  -0.000157 1.000000 -0.000002  0.075349 0.627009 1 64 1.000000
0  -2.668175 -21.995468 -3.706593  -0.000110 1.000000 0.000000  0.075349 0.627009 1 64 1.000000
0  -2.685451 -21.995470 -3.704963  -0.000113 1.000000 -0.000000  0.075349 0.627009 1 64 1.000000
lowpoly_plastic
0  -2.692340 -21.995472 -3.446574  -0.000139 1.000000 -0.000017  0.075349 0.627009 1 64 1.000000
0  -2.956863 -21.995468 -2.872808  0.000050 1.000000 0.000033  0.075349 0.627009 1 64 1.000000
0  -2.668175 -21.995468 -3.419492  -0.000113 1.000000 -0.000033  0.075349 0.627009 1 64 1.000000
lowpoly_plastic
0  -2.944917 -21.995470 -2.860615  0.000043 1.000000 0.000160  0.075349 0.627009 1 64 1.000000
0  -2.668175 -21.995468 -3.419492  -0.000113 1.000000 -0.000033  0.075349 0.627009 1 64 1.000000
0  -2.956863 -21.995468 -2.872808  0.000050 1.000000 0.000033  0.075349 0.627009 1 64 1.000000
lowpoly_plastic
0  -2.692343 -21.830786 -3.446574  0.999546 -0.023134 0.019285  0.064370 0.664198 1 64 1.000000
0  -2.685452 -21.830784 -3.803696  0.999546 -0.023134 0.019285  0.064370 0.664198 1 64 1.000000
0  -2.685452 -21.748440 -3.704963  0.999546 -0.023134 0.019285  0.064370 0.664198 1 64 1.000000
lowpoly_plastic
0  -2.692338 -21.913126 -3.446574  0.999814 0.000047 0.019289  0.064370 0.664198 1 64 1.000000
0  -2.685453 -21.913128 -3.803696  0.999814 -0.000008 0.019275  0.064370 0.664198 1 64 1.000000
0  -2.685452 -21.830784 -3.803696  0.999814 0.000001 0.019277  0.064370 0.664198 1 64 1.000000
lowpoly_plastic
0  -3.262472 -21.830782 -2.866738  0.019856 -0.000001 0.999803  0.064370 0.664198 1 64 1.000000
0  -2.956861 -21.830788 -2.872808  0.019857 -0.000003 0.999803  0.064370 0.664198 1 64 1.000000
0  -2.956861 -21.748446 -2.872808  0.019857 -0.000005 0.999803  0.064370 0.664198 1 64 1.000000
lowpoly_plastic
0  -3.262474 -21.913128 -2.866738  0.019856 0.000000 0.999803  0.064370 0.664198 1 64 1.000000
0  -2.956861 -21.913124 -2.872808  0.019857 -0.000000 0.999803  0.064370 0.664198 1 64 1.000000
0  -2.956861 -21.830788 -2.872808  0.019857 -0.000003 0.999803  0.064370 0.664198 1 64 1.000000
lowpoly_plastic
0  -2.956861 -21.748446 -2.872808  0.908138 -0.000014 0.418671  0.064370 0.664198 1 64 1.000000
0  -2.956861 -21.830788 -2.872808  0.908137 -0.000005 0.418674  0.064370 0.664198 1 64 1.000000
0  -2.692343 -21.830786 -3.446574  0.908142 0.000016 0.418662  0.064370 0.664198 1 64 1.000000
lowpoly_plastic
0  -2.956861 -21.830788 -2.872808  0.908137 -0.000005 0.418674  0.064370 0.664198 1 64 1.000000
0  -2.956861 -21.913124 -2.872808  0.908134 -0.000011 0.418679  0.064370 0.664198 1 64 1.000000
0  -2.692338 -21.913126 -3.446574  0.908139 0.000014 0.418668  0.064370 0.664198 1 64 1.000000
lowpoly_plastic
0  -2.956861 -21.521173 -2.872808  0.908137 0.000014 0.418673  0.064370 0.664198 1 64 1.000000
0  -2.692337 -21.521173 -3.446574  0.908133 0.000073 0.418682  0.064370 0.664198 1 64 1.000000
0  -2.692344 -21.438833 -3.446574  0.908135 0.000013 0.418677  0.064370 0.664198 1 64 1.000000
lowpoly_plastic
0  -3.262475 -21.521175 -2.866738  0.019856 -0.000000 0.999803  0.064370 0.664198 1 64 1.000000
0  -2.956861 -21.521173 -2.872808  0.019854 0.000000 0.999803  0.064370 0.664198 1 64 1.000000
0  -2.956862 -21.438839 -2.872808  0.019855 -0.000000 0.999803  0.064370 0.664198 1 64 1.000000
lowpoly_plastic
0  -2.692344 -21.438833 -3.446574  0.999645 0.000084 0.026629  0.064370 0.664198 1 64 1.000000
0  -2.692337 -21.521173 -3.446574  0.999645 0.000084 0.026629  0.064370 0.664198 1 64 1.000000
0  -2.685454 -21.521175 -3.704963  0.999645 0.000084 0.026629  0.064370 0.664198 1 64 1.000000
lowpoly_plastic
0  -2.668177 -21.521179 -3.448854  0.000236 1.000000 -0.000007  0.075349 0.627009 1 64 1.000000
0  -2.668177 -21.521179 -3.706593  0.000221 1.000000 0.000000  0.075349 0.627009 1 64 1.000000
0  -2.685454 -21.521175 -3.704963  0.000222 1.000000 -0.000001  0.075349 0.627009 1 64 1.000000
lowpoly_plastic
0  -2.692337 -21.521173 -3.446574  0.000210 1.000000 0.000009  0.075349 0.627009 1 64 1.000000
0  -2.956861 -21.521173 -2.872808  -0.000081 1.000000 -0.000057  0.075349 0.627009 1 64 1.000000
0  -2.668177 -21.521179 -3.419492  0.000176 1.000000 0.000032  0.075349 0.627009 1 64 1.000000
lowpoly_plastic
0  -2.944915 -21.521172 -2.860615  -0.000227 1.000000 0.000123  0.075349 0.627009 1 64 1.000000
0  -2.668177 -21.521179 -3.419492  0.000176 1.000000 0.000032  0.075349 0.627009 1 64 1.000000
0  -2.956861 -21.521173 -2.872808  -0.000081 1.000000 -0.000057  0.075349 0.627009 1 64 1.000000
lowpoly_plastic
0  -2.692340 -21.356487 -3.446574  0.999547 -0.023101 0.019283  0.064370 0.664198 1 64 1.000000
0  -2.685451 -21.356485 -3.803696  0.999547 -0.023101 0.019283  0.064370 0.664198 1 64 1.000000
0  -2.685452 -21.274153 -3.704963  0.999547 -0.023101 0.019283  0.064370 0.664198 1 64 1.000000
lowpoly_plastic
0  -2.692344 -21.438833 -3.446574  0.999814 -0.000043 0.019287  0.064370 0.664198 1 64 1.000000
0  -2.685453 -21.438831 -3.803696  0.999814 -0.000036 0.019290  0.064370 0.664198 1 64 1.000000
0  -2.685451 -21.356485 -3.803696  0.999814 -0.000038 0.019290  0.064370 0.664198 1 64 1.000000
lowpoly_plastic
0  -3.262467 -21.356491 -2.866738  0.019856 -0.000000 0.999803  0.064370 0.664198 1 64 1.000000
0  -2.956861 -21.356491 -2.872808  0.019855 -0.000000 0.999803  0.064370 0.664198 1 64 1.000000
0  -2.956861 -21.274149 -2.872808  0.019855 0.000000 0.999803  0.064370 0.664198 1 64 1.000000
lowpoly_plastic
0  -3.262474 -21.438831 -2.866738  0.019856 -0.000001 0.999803  0.064370 0.664198 1 64 1.000000
0  -2.956862 -21.438839 -2.872808  0.019855 -0.000000 0.999803  0.064370 0.664198 1 64 1.000000
0  -2.956861 -21.356491 -2.872808  0.019855 -0.000000 0.999803  0.064370 0.664198 1 64 1.000000
lowpoly_plastic
0  -2.956861 -21.356491 -2.872808  0.908140 -0.000010 0.418666  0.064370 0.664198 1 64 1.000000
0  -2.692340 -21.356487 -3.446574  0.908136 -0.000031 0.418676  0.064370 0.664198 1 64 1.000000
0  -2.692338 -21.274143 -3.446574  0.908134 -0.000022 0.418681  0.064370 0.664198 1 64 1.000000
lowpoly_plastic
0  -2.956862 -21.438839 -2.872808  0.908140 -0.000001 0.418667  0.064370 0.664198 1 64 1.000000
0  -2.692344 -21.438833 -3.446574  0.908135 0.000013 0.418677  0.064370 0.664198 1 64 1.000000
0  -2.692340 -21.356487 -3.446574  0.908136 -0.000031 0.418676  0.064370 0.664198 1 64 1.000000
lowpoly_plastic
0  -2.956863 -21.046885 -2.872808  0.908135 -0.000042 0.418677  0.064370 0.664198 1 64 1.000000
0  -2.692342 -21.046881 -3.446574  0.908138 -0.000055 0.418672  0.064370 0.664198 1 64 1.000000
0  -2.692337 -20.964542 -3.446574  0.908137 -0.000032 0.418674  0.064370 0.664198 1 64 1.000000
lowpoly_plastic
0  -3.262473 -21.046877 -2.866738  0.019856 -0.000001 0.999803  0.064370 0.664198 1 64 1.000000
0  -2.956863 -21.046885 -2.872808  0.019855 -0.000001 0.999803  0.064370 0.664198 1 64 1.000000
0  -2.956860 -20.964540 -2.872808  0.019855 -0.000001 0.999803  0.064370 0.664198 1 64 1.000000
lowpoly_plastic
0  -2.692337 -20.964542 -3.446574  0.999645 -0.000062 0.026653  0.064370 0.664198 1 64 1.000000
0  -2.692342 -21.046881 -3.446574  0.999645 -0.000062 0.026653  0.064370 0.664198 1 64 1.000000
0  -2.685452 -21.046879 -3.704963  0.999645 -0.000062 0.026653  0.064370 0.664198 1 64 1.000000
lowpoly_plastic
0  -2.668175 -21.046883 -3.448854  0.000082 1.000000 0.000010  0.075349 0.627009 1 64 1.000000
0  -2.668175 -21.046883 -3.706593  0.000221 1.000000 0.000000  0.075349 0.627009 1 64 1.000000
0  -2.685452 -21.046879 -3.704963  0.000213 1.000000 0.000001  0.075349 0.627009 1 64 1.000000
lowpoly_plastic
0  -2.692342 -21.046881 -3.446574  0.000069 1.000000 0.000008  0.075349 0.627009 1 64 1.000000
0  -2.956863 -21.046885 -2.872808  0.000104 1.000000 -0.000076  0.075349 0.627009 1 64 1.000000
0  -2.668175 -21.046883 -3.419492  0.000056 1.000000 0.000001  0.075349 0.627009 1 64 1.000000
lowpoly_plastic
0  -2.944915 -21.046886 -2.860615  0.000291 1.000000 -0.000282  0.075349 0.627009 1 64 1.000000
0  -2.668175 -21.046883 -3.419492  0.000056 1.000000 0.000001  0.075349 0.627009 1 64 1.000000
0  -2.956863 -21.046885 -2.872808  0.000104 1.000000 -0.000076  0.075349 0.627009 1 64 1.000000
lowpoly_plastic
0  -2.692336 -20.882198 -3.446574  0.999547 -0.023129 0.019270  0.064370 0.664198 1 64 1.000000
0  -2.685452 -20.882200 -3.803696  0.999547 -0.023129 0.019270  0.064370 0.664198 1 64 1.000000
0  -2.685450 -20.799856 -3.704963  0.999547 -0.023129 0.019270  0.064370 0.664198 1 64 1.000000
lowpoly_plastic
0  -2.692337 -20.964542 -3.446574  0.999814 -0.000002 0.019277  0.064370 0.664198 1 64 1.000000
0  -2.685447 -20.964542 -3.803696  0.999814 0.000057 0.019290  0.064370 0.664198 1 64 1.000000
0  -2.685452 -20.882200 -3.803696  0.999814 0.000047 0.019288  0.064370 0.664198 1 64 1.000000
lowpoly_plastic
0  -3.262474 -20.882200 -2.866738  0.019855 0.000001 0.999803  0.064370 0.664198 1 64 1.000000
0  -2.956859 -20.882196 -2.872808  0.019855 0.000001 0.999803  0.064370 0.664198 1 64 1.000000
0  -2.956864 -20.799854 -2.872808  0.019856 0.000001 0.999803  0.064370 0.664198 1 64 1.000000
lowpoly_plastic
0  -3.262467 -20.964540 -2.866738  0.019855 -0.000000 0.999803  0.064370 0.664198 1 64 1.000000
0  -2.956860 -20.964540 -2.872808  0.019855 -0.000001 0.999803  0.064370 0.664198 1 64 1.000000
0  -2.956859 -20.882196 -2.872808  0.019855 0.000001 0.999803  0.064370 0.664198 1 64 1.000000
lowpoly_plastic
0  -2.956859 -20.882196 -2.872808  0.908134 0.000024 0.418681  0.064370 0.664198 1 64 1.000000
0  -2.692336 -20.882198 -3.446574  0.908138 0.000016 0.418670  0.064370 0.664198 1 64 1.000000
0  -2.692340 -20.799854 -3.446574  0.908140 0.000043 0.418668  0.064370 0.664198 1 64 1.000000
lowpoly_plastic
0  -2.956860 -20.964540 -2.872808  0.908135 -0.000025 0.418677  0.064370 0.664198 1 64 1.000000
0  -2.692337 -20.964542 -3.446574  0.908137 -0.000032 0.418674  0.064370 0.664198 1 64 1.000000
0  -2.692336 -20.882198 -3.446574  0.908138 0.000016 0.418670  0.064370 0.664198 1 64 1.000000
lowpoly_plastic
0  -2.956861 -20.572590 -2.872808  0.908132 -0.000006 0.418684  0.064370 0.664198 1 64 1.000000
0  -2.692338 -20.572590 -3.446573  0.908136 0.000032 0.418676  0.064370 0.664198 1 64 1.000000
0  -2.692341 -20.490250 -3.446573  0.908137 0.000014 0.418673  0.064370 0.664198 1 64 1.000000
lowpoly_plastic
0  -3.262468 -20.572588 -2.866738  0.019855 0.000001 0.999803  0.064370 0.664198 1 64 1.000000
0  -2.956861 -20.572590 -2.872808  0.019856 -0.000000 0.999803  0.064370 0.664198 1 64 1.000000
0  -2.956860 -20.490244 -2.872808  0.019856 0.000000 0.999803  0.064370 0.664198 1 64 1.000000
lowpoly_plastic
0  -2.692341 -20.490250 -3.446573  0.999645 0.000034 0.026654  0.064370 0.664198 1 64 1.000000
0  -2.692338 -20.572590 -3.446573  0.999645 0.000034 0.026654  0.064370 0.664198 1 64 1.000000
0  -2.685449 -20.572588 -3.704962  0.999645 0.000034 0.026654  0.064370 0.664198 1 64 1.000000
lowpoly_plastic
0  -2.668173 -20.572586 -3.448853  -0.000157 1.000000 0.000002  0.075349 0.627009 1 64 1.000000
0  -2.668173 -20.572586 -3.706592  -0.000110 1.000000 0.000000  0.075349 0.627009 1 64 1.000000
0  -2.685449 -20.572588 -3.704962  -0.000113 1.000000 0.000000  0.075349 0.627009 1 64 1.000000
lowpoly_plastic
0  -2.692338 -20.572590 -3.446573  -0.000140 1.000000 -0.000028  0.075349 0.627009 1 64 1.000000
0  -2.956861 -20.572590 -2.872808  0.000021 1.000000 -0.000110  0.075349 0.627009 1 64 1.000000
0  -2.668173 -20.572586 -3.419491  -0.000118 1.000000 -0.000064  0.075349 0.627009 1 64 1.000000
lowpoly_plastic
0  -2.944915 -20.572590 -2.860615  0.000123 1.000000 -0.000202  0.075349 0.627009 1 64 1.000000
0  -2.668173 -20.572586 -3.419491  -0.000118 1.000000 -0.000064  0.075349 0.627009 1 64 1.000000
0  -2.956861 -20.572590 -2.872808  0.000021 1.000000 -0.000110  0.075349 0.627009 1 64 1.000000
lowpoly_plastic
0  -2.692341 -20.407904 -3.446573  0.999546 -0.023135 0.019286  0.064370 0.664198 1 64 1.000000
0  -2.685451 -20.407904 -3.803695  0.999546 -0.023135 0.019286  0.064370 0.664198 1 64 1.000000
0  -2.685450 -20.325560 -3.704962  0.999546 -0.023135 0.019286  0.064370 0.664198 1 64 1.000000
lowpoly_plastic
0  -2.692341 -20.490250 -3.446573  0.999814 -0.000002 0.019290  0.064370 0.664198 1 64 1.000000
0  -2.685452 -20.490248 -3.803695  0.999814 -0.000012 0.019288  0.064370 0.664198 1 64 1.000000
0  -2.685451 -20.407904 -3.803695  0.999814 -0.000010 0.019288  0.064370 0.664198 1 64 1.000000
lowpoly_plastic
0  -3.262470 -20.407904 -2.866738  0.019856 -0.000003 0.999803  0.064370 0.664198 1 64 1.000000
0  -2.956863 -20.407902 -2.872808  0.019856 0.000000 0.999803  0.064370 0.664198 1 64 1.000000
0  -2.956861 -20.325558 -2.872808  0.019856 -0.000001 0.999803  0.064370 0.664198 1 64 1.000000
lowpoly_plastic
0  -3.262472 -20.490248 -2.866738  0.019855 0.000000 0.999803  0.064370 0.664198 1 64 1.000000
0  -2.956860 -20.490244 -2.872808  0.019856 0.000000 0.999803  0.064370 0.664198 1 64 1.000000
0  -2.956863 -20.407902 -2.872808  0.019856 0.000000 0.999803  0.064370 0.664198 1 64 1.000000
lowpoly_plastic
0  -2.956863 -20.407902 -2.872808  0.908130 0.000011 0.418688  0.064370 0.664198 1 64 1.000000
0  -2.692341 -20.407904 -3.446573  0.908140 -0.000010 0.418667  0.064370 0.664198 1 64 1.000000
0  -2.692339 -20.325562 -3.446573  0.908141 -0.000023 0.418665  0.064370 0.664198 1 64 1.000000
lowpoly_plastic
0  -2.956860 -20.490244 -2.872808  0.908132 0.000014 0.418685  0.064370 0.664198 1 64 1.000000
0  -2.692341 -20.490250 -3.446573  0.908137 0.000014 0.418673  0.064370 0.664198 1 64 1.000000
0  -2.692341 -20.407904 -3.446573  0.908140 -0.000010 0.418667  0.064370 0.664198 1 64 1.000000
lowpoly_plastic
0  -2.956858 -20.098291 -2.872808  0.908141 0.000061 0.418665  0.064370 0.664198 1 64 1.000000
0  -2.692342 -20.098297 -3.446573  0.908139 -0.000027 0.418668  0.064370 0.664198 1 64 1.000000
0  -2.692339 -20.015953 -3.446573  0.908135 -0.000014 0.418676  0.064370 0.664198 1 64 1.000000
lowpoly_plastic
0  -3.262472 -20.098295 -2.866738  0.019862 0.000004 0.999803  0.064370 0.664198 1 64 1.000000
0  -2.956858 -20.098291 -2.872808  0.019857 0.000024 0.999803  0.064370 0.664198 1 64 1.000000
0  -2.956863 -20.015951 -2.872809  0.019861 -0.000005 0.999803  0.064370 0.664198 1 64 1.000000
lowpoly_plastic
0  -2.692339 -20.015953 -3.446573  0.999645 -0.000039 0.026653  0.064370 0.664198 1 64 1.000000
0  -2.692342 -20.098297 -3.446573  0.999645 -0.000039 0.026653  0.064370 0.664198 1 64 1.000000
0  -2.685452 -20.098297 -3.704962  0.999645 -0.000039 0.026653  0.064370 0.664198 1 64 1.000000
lowpoly_plastic
0  -2.668175 -20.098299 -3.448853  0.000080 1.000000 0.000000  0.075349 0.627009 1 64 1.000000
0  -2.668175 -20.098299 -3.706592  0.000110 1.000000 0.000000  0.075349 0.627009 1 64 1.000000
0  -2.685452 -20.098297 -3.704962  0.000109 1.000000 0.000000  0.075349 0.627009 1 64 1.000000
lowpoly_plastic
0  -2.692342 -20.098297 -3.446573  0.000073 1.000000 0.000015  0.075349 0.627009 1 64 1.000000
0  -2.956858 -20.098291 -2.872808  0.000040 1.000000 0.000142  0.075349 0.627009 1 64 1.000000
0  -2.668175 -20.098299 -3.419491  0.000065 1.000000 0.000034  0.075349 0.627009 1 64 1.000000
lowpoly_plastic
0  -2.944912 -20.098293 -2.860615  -0.000016 1.000000 0.000037  0.075349 0.627009 1 64 1.000000
0  -2.668175 -20.098299 -3.419491  0.000065 1.000000 0.000034  0.075349 0.627009 1 64 1.000000
0  -2.956858 -20.098291 -2.872808  0.000040 1.000000 0.000142  0.075349 0.627009 1 64 1.000000
lowpoly_plastic
0  -2.692338 -19.933607 -3.446573  0.999549 -0.023040 0.019285  0.064370 0.664198 1 64 1.000000
0  -2.685448 -19.933607 -3.803695  0.999549 -0.023040 0.019285  0.064370 0.664198 1 64 1.000000
0  -2.685454 -19.851265 -3.704962  0.999549 -0.023040 0.019285  0.064370 0.664198 1 64 1.000000
lowpoly_plastic
0  -2.692339 -20.015953 -3.446573  0.999814 -0.000016 0.019290  0.064370 0.664198 1 64 1.000000
0  -2.685451 -20.015951 -3.803695  0.999814 -0.000036 0.019285  0.064370 0.664198 1 64 1.000000
0  -2.685448 -19.933607 -3.803695  0.999814 -0.000033 0.019286  0.064370 0.664198 1 64 1.000000
lowpoly_plastic
0  -3.262468 -19.933605 -2.866738  0.019855 -0.000000 0.999803  0.064370 0.664198 1 64 1.000000
0  -2.956859 -19.933613 -2.872807  0.019859 -0.000013 0.999803  0.064370 0.664198 1 64 1.000000
0  -2.956857 -19.851265 -2.872807  0.019856 -0.000000 0.999803  0.064370 0.664198 1 64 1.000000
lowpoly_plastic
0  -3.262472 -20.015951 -2.866738  0.019860 -0.000003 0.999803  0.064370 0.664198 1 64 1.000000
0  -2.956863 -20.015951 -2.872809  0.019861 -0.000005 0.999803  0.064370 0.664198 1 64 1.000000
0  -2.956859 -19.933613 -2.872807  0.019859 -0.000013 0.999803  0.064370 0.664198 1 64 1.000000
lowpoly_plastic
0  -2.956859 -19.933613 -2.872807  0.908134 -0.000040 0.418680  0.064370 0.664198 1 64 1.000000
0  -2.692338 -19.933607 -3.446573  0.908139 0.000025 0.418669  0.064370 0.664198 1 64 1.000000
0  -2.692344 -19.851267 -3.446573  0.908146 0.000057 0.418655  0.064370 0.664198 1 64 1.000000
lowpoly_plastic
0  -2.956863 -20.015951 -2.872809  0.908136 0.000005 0.418676  0.064370 0.664198 1 64 1.000000
0  -2.692339 -20.015953 -3.446573  0.908135 -0.000014 0.418676  0.064370 0.664198 1 64 1.000000
0  -2.692338 -19.933607 -3.446573  0.908139 0.000025 0.418669  0.064370 0.664198 1 64 1.000000
lowpoly_plastic
0  -2.956860 -19.624004 -2.872807  0.908138 -0.000002 0.418670  0.064370 0.664198 1 64 1.000000
0  -2.692341 -19.623999 -3.446573  0.908136 -0.000023 0.418675  0.064370 0.664198 1 64 1.000000
0  -2.692339 -19.541656 -3.446573  0.908135 -0.000011 0.418676  0.064370 0.664198 1 64 1.000000
lowpoly_plastic
0  -3.262465 -19.541660 -2.866738  0.019855 -0.000000 0.999803  0.064370 0.664198 1 64 1.000000
0  -3.262470 -19.623999 -2.866738  0.019856 -0.000001 0.999803  0.064370 0.664198 1 64 1.000000
0  -2.956860 -19.624004 -2.872807  0.019857 -0.000000 0.999803  0.064370 0.664198 1 64 1.000000
lowpoly_plastic
0  -2.692339 -19.541656 -3.446573  0.999645 -0.000022 0.026656  0.064370 0.664198 1 64 1.000000
0  -2.692341 -19.623999 -3.446573  0.999645 -0.000022 0.026656  0.064370 0.664198 1 64 1.000000
0  -2.685451 -19.623999 -3.704962  0.999645 -0.000022 0.026656  0.064370 0.664198 1 64 1.000000
lowpoly_plastic
0  -2.668173 -19.624001 -3.448853  0.000080 1.000000 0.000002  0.075349 0.627009 1 64 1.000000
0  -2.668173 -19.624001 -3.706592  0.000110 1.000000 0.000000  0.075349 0.627009 1 64 1.000000
0  -2.685451 -19.623999 -3.704962  0.000109 1.000000 0.000000  0.075349 0.627009 1 64 1.000000
lowpoly_plastic
0  -2.692341 -19.623999 -3.446573  0.000068 1.000000 0.000017  0.075349 0.627009 1 64 1.000000
0  -2.956860 -19.624004 -2.872807  -0.000118 1.000000 -0.000041  0.075349 0.627009 1 64 1.000000
0  -2.668173 -19.624001 -3.419491  0.000051 1.000000 0.000032  0.075349 0.627009 1 64 1.000000
lowpoly_plastic
0  -2.944917 -19.624001 -2.860614  -0.000212 1.000000 -0.000037  0.075349 0.627009 1 64 1.000000
0  -2.668173 -19.624001 -3.419491  0.000051 1.000000 0.000032  0.075349 0.627009 1 64 1.000000
0  -2.956860 -19.624004 -2.872807  -0.000118 1.000000 -0.000041  0.075349 0.627009 1 64 1.000000
lowpoly_plastic
0  -2.692339 -19.459312 -3.446573  0.999547 -0.023109 0.019293  0.064370 0.664198 1 64 1.000000
0  -2.685446 -19.459318 -3.803695  0.999547 -0.023109 0.019293  0.064370 0.664198 1 64 1.000000
0  -2.685448 -19.376974 -3.704962  0.999547 -0.023109 0.019293  0.064370 0.664198 1 64 1.000000
lowpoly_plastic
0  -2.692339 -19.541656 -3.446573  0.999814 -0.000009 0.019297  0.064370 0.664198 1 64 1.000000
0  -2.685451 -19.541655 -3.803695  0.999814 -0.000061 0.019285  0.064370 0.664198 1 64 1.000000
0  -2.685446 -19.459318 -3.803695  0.999814 -0.000052 0.019287  0.064370 0.664198 1 64 1.000000
lowpoly_plastic
0  -3.262469 -19.459320 -2.866738  0.019855 0.000000 0.999803  0.064370 0.664198 1 64 1.000000
0  -2.956857 -19.459314 -2.872807  0.019856 0.000000 0.999803  0.064370 0.664198 1 64 1.000000
0  -2.956861 -19.376974 -2.872807  0.019855 0.000001 0.999803  0.064370 0.664198 1 64 1.000000
lowpoly_plastic
0  -3.262465 -19.541660 -2.866738  0.019855 -0.000000 0.999803  0.064370 0.664198 1 64 1.000000
0  -2.956860 -19.541658 -2.872807  0.019856 -0.000000 0.999803  0.064370 0.664198 1 64 1.000000
0  -2.956857 -19.459314 -2.872807  0.019856 0.000000 0.999803  0.064370 0.664198 1 64 1.000000
lowpoly_plastic
0  -2.956857 -19.459314 -2.872807  0.908138 0.000006 0.418671  0.064370 0.664198 1 64 1.000000
0  -2.692339 -19.459312 -3.446573  0.908136 -0.000013 0.418676  0.064370 0.664198 1 64 1.000000
0  -2.692337 -19.376976 -3.446573  0.908137 -0.000017 0.418674  0.064370 0.664198 1 64 1.000000
lowpoly_plastic
0  -2.956860 -19.541658 -2.872807  0.908137 -0.000013 0.418674  0.064370 0.664198 1 64 1.000000
0  -2.692339 -19.541656 -3.446573  0.908135 -0.000011 0.418676  0.064370 0.664198 1 64 1.000000
0  -2.692339 -19.459312 -3.446573  0.908136 -0.000013 0.418676  0.064370 0.664198 1 64 1.000000
lowpoly_plastic
0  -3.373453 -26.125582 -2.848027  0.000000 -0.000000 1.000000  0.075349 0.627009 1 64 1.000000
0  -2.951150 -26.125584 -2.848027  0.000000 -0.000000 1.000000  0.075349 0.627009 1 64 1.000000
0  -3.262473 -24.841230 -2.848027  -0.000017 -0.000000 1.000000  0.075349 0.627009 1 64 1.000000
lowpoly_plastic
0  -2.951150 -26.125584 -2.848027  0.000000 -0.000000 1.000000  0.075349 0.627009 1 64 1.000000
0  -2.951146 -24.841230 -2.848027  0.000000 -0.000000 1.000000  0.075349 0.627009 1 64 1.000000
0  -3.262473 -24.841230 -2.848027  -0.000017 -0.000000 1.000000  0.075349 0.627009 1 64 1.000000
lowpoly_plastic
0  -2.951151 -19.376974 -2.848027  0.000001 -0.000000 1.000000  0.075349 0.627009 1 64 1.000000
0  -2.951147 -17.075521 -2.848027  -0.000000 -0.000000 1.000000  0.075349 0.627009 1 64 1.000000
0  -3.262468 -19.376972 -2.848027  0.000000 -0.000000 1.000000  0.075349 0.627009 1 64 1.000000
lowpoly_plastic
0  -3.262472 -19.541664 -2.848027  0.000000 0.000000 1.000000  0.075349 0.627009 1 64 1.000000
0  -3.262469 -19.459320 -2.848027  0.000000 -0.000000 1.000000  0.075349 0.627009 1 64 1.000000
0  -3.373447 -17.075520 -2.848027  0.000000 -0.000000 1.000000  0.075349 0.627009 1 64 1.000000
lowpoly_plastic
0  -3.262468 -19.376972 -2.848027  0.000000 -0.000000 1.000000  0.075349 0.627009 1 64 1.000000
0  -2.951147 -17.075521 -2.848027  -0.000000 -0.000000 1.000000  0.075349 0.627009 1 64 1.000000
0  -3.373447 -17.075520 -2.848027  0.000000 -0.000000 1.000000  0.075349 0.627009 1 64 1.000000
lowpoly_plastic
0  -3.373447 -17.075520 -2.848027  0.000000 -0.000000 1.000000  0.075349 0.627009 1 64 1.000000
0  -3.373453 -26.125582 -2.848027  0.000000 -0.000000 1.000000  0.075349 0.627009 1 64 1.000000
0  -3.262475 -21.521175 -2.848028  0.000003 -0.000000 1.000000  0.075349 0.627009 1 64 1.000000
lowpoly_plastic
0  -3.262468 -24.758890 -2.848027  -0.000001 -0.000000 1.000000  0.075349 0.627009 1 64 1.000000
0  -3.262473 -24.676550 -2.848027  0.000003 0.000000 1.000000  0.075349 0.627009 1 64 1.000000
0  -3.373453 -26.125582 -2.848027  0.000000 -0.000000 1.000000  0.075349 0.627009 1 64 1.000000
lowpoly_plastic
0  -3.373453 -26.125582 -2.848027  0.000000 -0.000000 1.000000  0.075349 0.627009 1 64 1.000000
0  -3.262473 -24.841230 -2.848027  -0.000017 -0.000000 1.000000  0.075349 0.627009 1 64 1.000000
0  -3.262468 -24.758890 -2.848027  -0.000001 -0.000000 1.000000  0.075349 0.627009 1 64 1.000000
lowpoly_plastic
0  -3.262469 -19.459320 -2.848027  0.000000 -0.000000 1.000000  0.075349 0.627009 1 64 1.000000
0  -3.262468 -19.376972 -2.848027  0.000000 -0.000000 1.000000  0.075349 0.627009 1 64 1.000000
0  -3.373447 -17.075520 -2.848027  0.000000 -0.000000 1.000000  0.075349 0.627009 1 64 1.000000
lowpoly_plastic
0  -2.951146 -19.851267 -2.848027  0.000000 0.000000 1.000000  0.075349 0.627009 1 64 1.000000
0  -2.951143 -19.624001 -2.848027  0.000000 0.000000 1.000000  0.075349 0.627009 1 64 1.000000
0  -3.262470 -19.623999 -2.848027  0.000000 0.000000 1.000000  0.075349 0.627009 1 64 1.000000
lowpoly_plastic
0  -3.262470 -19.623999 -2.848027  0.000000 0.000000 1.000000  0.075349 0.627009 1 64 1.000000
0  -3.262472 -19.541664 -2.848027  0.000000 0.000000 1.000000  0.075349 0.627009 1 64 1.000000
0  -3.373447 -17.075520 -2.848027  0.000000 -0.000000 1.000000  0.075349 0.627009 1 64 1.000000
lowpoly_plastic
0  -3.373453 -26.125582 -2.848027  0.000000 -0.000000 1.000000  0.075349 0.627009 1 64 1.000000
0  -3.262473 -24.676550 -2.848027  0.000003 0.000000 1.000000  0.075349 0.627009 1 64 1.000000
0  -3.262470 -24.594206 -2.848027  -0.000006 0.000000 1.000000  0.075349 0.627009 1 64 1.000000
lowpoly_plastic
0  -3.262470 -24.594206 -2.848027  -0.000006 0.000000 1.000000  0.075349 0.627009 1 64 1.000000
0  -2.951146 -24.594202 -2.848027  0.000000 0.000000 1.000000  0.075349 0.627009 1 64 1.000000
0  -2.951151 -24.366938 -2.848027  -0.000000 0.000000 1.000000  0.075349 0.627009 1 64 1.000000
lowpoly_plastic
0  -3.262470 -24.366940 -2.848027  -0.000000 -0.000000 1.000000  0.075349 0.627009 1 64 1.000000
0  -3.262473 -24.284597 -2.848027  -0.000035 0.000000 1.000000  0.075349 0.627009 1 64 1.000000
0  -3.373453 -26.125582 -2.848027  0.000000 -0.000000 1.000000  0.075349 0.627009 1 64 1.000000
lowpoly_plastic
0  -3.262470 -24.594206 -2.848027  -0.000006 0.000000 1.000000  0.075349 0.627009 1 64 1.000000
0  -2.951151 -24.366938 -2.848027  -0.000000 0.000000 1.000000  0.075349 0.627009 1 64 1.000000
0  -3.262470 -24.366940 -2.848027  -0.000000 -0.000000 1.000000  0.075349 0.627009 1 64 1.000000
lowpoly_plastic
0  -3.262470 -19.851271 -2.848027  0.000000 0.000000 1.000000  0.075349 0.627009 1 64 1.000000
0  -2.951146 -19.851267 -2.848027  0.000000 0.000000 1.000000  0.075349 0.627009 1 64 1.000000
0  -3.262470 -19.623999 -2.848027  0.000000 0.000000 1.000000  0.075349 0.627009 1 64 1.000000
lowpoly_plastic
0  -3.262472 -20.098295 -2.848027  0.000051 0.000000 1.000000  0.075349 0.627009 1 64 1.000000
0  -3.262472 -20.015951 -2.848027  0.000000 -0.000000 1.000000  0.075349 0.627009 1 64 1.000000
0  -3.373447 -17.075520 -2.848027  0.000000 -0.000000 1.000000  0.075349 0.627009 1 64 1.000000
lowpoly_plastic
0  -3.262470 -19.851271 -2.848027  0.000000 0.000000 1.000000  0.075349 0.627009 1 64 1.000000
0  -3.262470 -19.623999 -2.848027  0.000000 0.000000 1.000000  0.075349 0.627009 1 64 1.000000
0  -3.373447 -17.075520 -2.848027  0.000000 -0.000000 1.000000  0.075349 0.627009 1 64 1.000000
lowpoly_plastic
0  -3.262472 -20.015951 -2.848027  0.000000 -0.000000 1.000000  0.075349 0.627009 1 64 1.000000
0  -3.262468 -19.933605 -2.848027  0.000000 -0.000000 1.000000  0.075349 0.627009 1 64 1.000000
0  -3.373447 -17.075520 -2.848027  0.000000 -0.000000 1.000000  0.075349 0.627009 1 64 1.000000
lowpoly_plastic
0  -2.951148 -20.325562 -2.848028  0.000001 -0.000000 1.000000  0.075349 0.627009 1 64 1.000000
0  -2.951145 -20.098297 -2.848028  0.000000 -0.000000 1.000000  0.075349 0.627009 1 64 1.000000
0  -3.262472 -20.098295 -2.848027  0.000051 0.000000 1.000000  0.075349 0.627009 1 64 1.000000
lowpoly_plastic
0  -3.262470 -20.325558 -2.848027  -0.000136 -0.000004 1.000000  0.075349 0.627009 1 64 1.000000
0  -2.951148 -20.325562 -2.848028  0.000001 -0.000000 1.000000  0.075349 0.627009 1 64 1.000000
0  -3.262472 -20.098295 -2.848027  0.000051 0.000000 1.000000  0.075349 0.627009 1 64 1.000000
lowpoly_plastic
0  -3.262468 -19.933605 -2.848027  0.000000 -0.000000 1.000000  0.075349 0.627009 1 64 1.000000
0  -3.262470 -19.851271 -2.848027  0.000000 0.000000 1.000000  0.075349 0.627009 1 64 1.000000
0  -3.373447 -17.075520 -2.848027  0.000000 -0.000000 1.000000  0.075349 0.627009 1 64 1.000000
lowpoly_plastic
0  -3.373453 -26.125582 -2.848027  0.000000 -0.000000 1.000000  0.075349 0.627009 1 64 1.000000
0  -3.262470 -24.594206 -2.848027  -0.000006 0.000000 1.000000  0.075349 0.627009 1 64 1.000000
0  -3.262470 -24.366940 -2.848027  -0.000000 -0.000000 1.000000  0.075349 0.627009 1 64 1.000000
lowpoly_plastic
0  -3.373453 -26.125582 -2.848027  0.000000 -0.000000 1.000000  0.075349 0.627009 1 64 1.000000
0  -3.262473 -24.284597 -2.848027  -0.000035 0.000000 1.000000  0.075349 0.627009 1 64 1.000000
0  -3.262472 -24.202255 -2.848027  0.000003 0.000000 1.000000  0.075349 0.627009 1 64 1.000000
lowpoly_plastic
0  -3.262470 -20.325558 -2.848027  -0.000136 -0.000004 1.000000  0.075349 0.627009 1 64 1.000000
0  -3.262472 -20.098295 -2.848027  0.000051 0.000000 1.000000  0.075349 0.627009 1 64 1.000000
0  -3.373447 -17.075520 -2.848027  0.000000 -0.000000 1.000000  0.075349 0.627009 1 64 1.000000
lowpoly_plastic
0  -3.262468 -20.572588 -2.848028  0.000000 -0.000000 1.000000  0.075349 0.627009 1 64 1.000000
0  -3.262472 -20.490248 -2.848028  0.000000 0.000000 1.000000  0.075349 0.627009 1 64 1.000000
0  -3.373447 -17.075520 -2.848027  0.000000 -0.000000 1.000000  0.075349 0.627009 1 64 1.000000
lowpoly_plastic
0  -3.262470 -20.407904 -2.848028  -0.000002 -0.000000 1.000000  0.075349 0.627009 1 64 1.000000
0  -3.262470 -20.325558 -2.848027  -0.000136 -0.000004 1.000000  0.075349 0.627009 1 64 1.000000
0  -3.373447 -17.075520 -2.848027  0.000000 -0.000000 1.000000  0.075349 0.627009 1 64 1.000000
lowpoly_plastic
0  -3.373453 -26.125582 -2.848027  0.000000 -0.000000 1.000000  0.075349 0.627009 1 64 1.000000
0  -3.262472 -24.202255 -2.848027  0.000003 0.000000 1.000000  0.075349 0.627009 1 64 1.000000
0  -3.262469 -24.119911 -2.848027  0.000009 -0.000000 1.000000  0.075349 0.627009 1 64 1.000000
lowpoly_plastic
0  -3.262469 -24.119911 -2.848027  0.000009 -0.000000 1.000000  0.075349 0.627009 1 64 1.000000
0  -2.951149 -24.119913 -2.848027  0.000000 0.000000 1.000000  0.075349 0.627009 1 64 1.000000
0  -3.262473 -23.892647 -2.848027  0.000069 -0.000004 1.000000  0.075349 0.627009 1 64 1.000000
lowpoly_plastic
0  -3.262473 -23.892647 -2.848027  0.000069 -0.000004 1.000000  0.075349 0.627009 1 64 1.000000
0  -3.262470 -23.810303 -2.848026  0.000002 -0.000000 1.000000  0.075349 0.627009 1 64 1.000000
0  -3.373453 -26.125582 -2.848027  0.000000 -0.000000 1.000000  0.075349 0.627009 1 64 1.000000
lowpoly_plastic
0  -2.951149 -24.119913 -2.848027  0.000000 0.000000 1.000000  0.075349 0.627009 1 64 1.000000
0  -2.951143 -23.892651 -2.848027  0.000000 0.000000 1.000000  0.075349 0.627009 1 64 1.000000
0  -3.262473 -23.892647 -2.848027  0.000069 -0.000004 1.000000  0.075349 0.627009 1 64 1.000000
lowpoly_plastic
0  -3.262472 -20.490248 -2.848028  0.000000 0.000000 1.000000  0.075349 0.627009 1 64 1.000000
0  -3.262470 -20.407904 -2.848028  -0.000002 -0.000000 1.000000  0.075349 0.627009 1 64 1.000000
0  -3.373447 -17.075520 -2.848027  0.000000 -0.000000 1.000000  0.075349 0.627009 1 64 1.000000
lowpoly_plastic
0  -2.951143 -20.799856 -2.848028  0.000001 0.000000 1.000000  0.075349 0.627009 1 64 1.000000
0  -2.951149 -20.572586 -2.848028  -0.000000 0.000000 1.000000  0.075349 0.627009 1 64 1.000000
0  -3.262468 -20.572588 -2.848028  0.000000 -0.000000 1.000000  0.075349 0.627009 1 64 1.000000
lowpoly_plastic
0  -3.262470 -20.799854 -2.848028  0.000138 -0.000000 1.000000  0.075349 0.627009 1 64 1.000000
0  -2.951143 -20.799856 -2.848028  0.000001 0.000000 1.000000  0.075349 0.627009 1 64 1.000000
0  -3.262468 -20.572588 -2.848028  0.000000 -0.000000 1.000000  0.075349 0.627009 1 64 1.000000
lowpoly_plastic
0  -3.373453 -26.125582 -2.848027  0.000000 -0.000000 1.000000  0.075349 0.627009 1 64 1.000000
0  -3.262469 -24.119911 -2.848027  0.000009 -0.000000 1.000000  0.075349 0.627009 1 64 1.000000
0  -3.262473 -23.892647 -2.848027  0.000069 -0.000004 1.000000  0.075349 0.627009 1 64 1.000000
lowpoly_plastic
0  -3.262470 -23.810303 -2.848026  0.000002 -0.000000 1.000000  0.075349 0.627009 1 64 1.000000
0  -3.262468 -23.727959 -2.848026  -0.000003 -0.000000 1.000000  0.075349 0.627009 1 64 1.000000
0  -3.373453 -26.125582 -2.848027  0.000000 -0.000000 1.000000  0.075349 0.627009 1 64 1.000000
lowpoly_plastic
0  -3.262476 -23.645615 -2.848026  -0.000012 -0.000000 1.000000  0.075349 0.627009 1 64 1.000000
0  -2.951146 -23.645617 -2.848027  0.000002 -0.000002 1.000000  0.075349 0.627009 1 64 1.000000
0  -2.951149 -23.418354 -2.848026  0.000001 -0.000001 1.000000  0.075349 0.627009 1 64 1.000000
lowpoly_plastic
0  -3.262472 -23.418348 -2.848026  0.000000 0.000000 1.000000  0.075349 0.627009 1 64 1.000000
0  -3.262471 -23.336004 -2.848026  0.000000 0.000000 1.000000  0.075349 0.627009 1 64 1.000000
0  -3.373453 -26.125582 -2.848027  0.000000 -0.000000 1.000000  0.075349 0.627009 1 64 1.000000
lowpoly_plastic
0  -3.262476 -23.645615 -2.848026  -0.000012 -0.000000 1.000000  0.075349 0.627009 1 64 1.000000
0  -2.951149 -23.418354 -2.848026  0.000001 -0.000001 1.000000  0.075349 0.627009 1 64 1.000000
0  -3.262472 -23.418348 -2.848026  0.000000 0.000000 1.000000  0.075349 0.627009 1 64 1.000000
lowpoly_plastic
0  -3.373453 -26.125582 -2.848027  0.000000 -0.000000 1.000000  0.075349 0.627009 1 64 1.000000
0  -3.262468 -23.727959 -2.848026  -0.000003 -0.000000 1.000000  0.075349 0.627009 1 64 1.000000
0  -3.262476 -23.645615 -2.848026  -0.000012 -0.000000 1.000000  0.075349 0.627009 1 64 1.000000
lowpoly_plastic
0  -3.262470 -20.799854 -2.848028  0.000138 -0.000000 1.000000  0.075349 0.627009 1 64 1.000000
0  -3.262468 -20.572588 -2.848028  0.000000 -0.000000 1.000000  0.075349 0.627009 1 64 1.000000
0  -3.373447 -17.075520 -2.848027  0.000000 -0.000000 1.000000  0.075349 0.627009 1 64 1.000000
lowpoly_plastic
0  -3.262474 -20.882200 -2.848028  0.000002 0.000000 1.000000  0.075349 0.627009 1 64 1.000000
0  -3.262470 -20.799854 -2.848028  0.000138 -0.000000 1.000000  0.075349 0.627009 1 64 1.000000
0  -3.373447 -17.075520 -2.848027  0.000000 -0.000000 1.000000  0.075349 0.627009 1 64 1.000000
lowpoly_plastic
0  -3.373453 -26.125582 -2.848027  0.000000 -0.000000 1.000000  0.075349 0.627009 1 64 1.000000
0  -3.262476 -23.645615 -2.848026  -0.000012 -0.000000 1.000000  0.075349 0.627009 1 64 1.000000
0  -3.262472 -23.418348 -2.848026  0.000000 0.000000 1.000000  0.075349 0.627009 1 64 1.000000
lowpoly_plastic
0  -3.262471 -23.336004 -2.848026  0.000000 0.000000 1.000000  0.075349 0.627009 1 64 1.000000
0  -3.262470 -23.253672 -2.848026  -0.000068 0.000000 1.000000  0.075349 0.627009 1 64 1.000000
0  -3.373453 -26.125582 -2.848027  0.000000 -0.000000 1.000000  0.075349 0.627009 1 64 1.000000
lowpoly_plastic
0  -3.262468 -23.171326 -2.848026  0.000003 -0.000000 1.000000  0.075349 0.627009 1 64 1.000000
0  -2.951150 -23.171326 -2.848026  0.000000 0.000000 1.000000  0.075349 0.627009 1 64 1.000000
0  -2.951148 -22.944059 -2.848026  -0.000000 0.000000 1.000000  0.075349 0.627009 1 64 1.000000
lowpoly_plastic
0  -3.262472 -22.944061 -2.848026  -0.000138 0.000000 1.000000  0.075349 0.627009 1 64 1.000000
0  -3.262470 -22.861719 -2.848026  0.000204 -0.000000 1.000000  0.075349 0.627009 1 64 1.000000
0  -3.373453 -26.125582 -2.848027  0.000000 -0.000000 1.000000  0.075349 0.627009 1 64 1.000000
lowpoly_plastic
0  -3.262468 -23.171326 -2.848026  0.000003 -0.000000 1.000000  0.075349 0.627009 1 64 1.000000
0  -2.951148 -22.944059 -2.848026  -0.000000 0.000000 1.000000  0.075349 0.627009 1 64 1.000000
0  -3.262472 -22.944061 -2.848026  -0.000138 0.000000 1.000000  0.075349 0.627009 1 64 1.000000
lowpoly_plastic
0  -3.373453 -26.125582 -2.848027  0.000000 -0.000000 1.000000  0.075349 0.627009 1 64 1.000000
0  -3.262470 -23.253672 -2.848026  -0.000068 0.000000 1.000000  0.075349 0.627009 1 64 1.000000
0  -3.262468 -23.171326 -2.848026  0.000003 -0.000000 1.000000  0.075349 0.627009 1 64 1.000000
lowpoly_plastic
0  -3.262467 -20.964540 -2.848028  0.000000 -0.000000 1.000000  0.075349 0.627009 1 64 1.000000
0  -3.262474 -20.882200 -2.848028  0.000002 0.000000 1.000000  0.075349 0.627009 1 64 1.000000
0  -3.373447 -17.075520 -2.848027  0.000000 -0.000000 1.000000  0.075349 0.627009 1 64 1.000000
lowpoly_plastic
0  -2.951148 -21.274147 -2.848028  -0.000002 0.000000 1.000000  0.075349 0.627009 1 64 1.000000
0  -2.951145 -21.046881 -2.848028  -0.000001 0.000000 1.000000  0.075349 0.627009 1 64 1.000000
0  -3.262472 -21.274153 -2.848028  -0.000000 0.000000 1.000000  0.075349 0.627009 1 64 1.000000
lowpoly_plastic
0  -3.262473 -21.046877 -2.848028  0.000000 0.000000 1.000000  0.075349 0.627009 1 64 1.000000
0  -3.262467 -20.964540 -2.848028  0.000000 -0.000000 1.000000  0.075349 0.627009 1 64 1.000000
0  -3.373447 -17.075520 -2.848027  0.000000 -0.000000 1.000000  0.075349 0.627009 1 64 1.000000
lowpoly_plastic
0  -3.373453 -26.125582 -2.848027  0.000000 -0.000000 1.000000  0.075349 0.627009 1 64 1.000000
0  -3.262468 -23.171326 -2.848026  0.000003 -0.000000 1.000000  0.075349 0.627009 1 64 1.000000
0  -3.262472 -22.944061 -2.848026  -0.000138 0.000000 1.000000  0.075349 0.627009 1 64 1.000000
lowpoly_plastic
0  -3.262470 -22.861719 -2.848026  0.000204 -0.000000 1.000000  0.075349 0.627009 1 64 1.000000
0  -3.262471 -22.779373 -2.848026  -0.000146 -0.000000 1.000000  0.075349 0.627009 1 64 1.000000
0  -3.373453 -26.125582 -2.848027  0.000000 -0.000000 1.000000  0.075349 0.627009 1 64 1.000000
lowpoly_plastic
0  -3.262474 -22.697031 -2.848026  0.000038 0.000001 1.000000  0.075349 0.627009 1 64 1.000000
0  -2.951146 -22.697033 -2.848026  0.000000 0.000008 1.000000  0.075349 0.627009 1 64 1.000000
0  -2.951147 -22.469761 -2.848028  0.000003 0.000005 1.000000  0.075349 0.627009 1 64 1.000000
lowpoly_plastic
0  -3.262471 -22.469765 -2.848026  -0.000549 0.000015 1.000000  0.075349 0.627009 1 64 1.000000
0  -3.262469 -22.387421 -2.848028  -0.000008 0.000000 1.000000  0.075349 0.627009 1 64 1.000000
0  -3.373453 -26.125582 -2.848027  0.000000 -0.000000 1.000000  0.075349 0.627009 1 64 1.000000
lowpoly_plastic
0  -3.262474 -22.697031 -2.848026  0.000038 0.000001 1.000000  0.075349 0.627009 1 64 1.000000
0  -2.951147 -22.469761 -2.848028  0.000003 0.000005 1.000000  0.075349 0.627009 1 64 1.000000
0  -3.262471 -22.469765 -2.848026  -0.000549 0.000015 1.000000  0.075349 0.627009 1 64 1.000000
lowpoly_plastic
0  -3.373453 -26.125582 -2.848027  0.000000 -0.000000 1.000000  0.075349 0.627009 1 64 1.000000
0  -3.262471 -22.779373 -2.848026  -0.000146 -0.000000 1.000000  0.075349 0.627009 1 64 1.000000
0  -3.262474 -22.697031 -2.848026  0.000038 0.000001 1.000000  0.075349 0.627009 1 64 1.000000
lowpoly_plastic
0  -3.262472 -21.274153 -2.848028  -0.000000 0.000000 1.000000  0.075349 0.627009 1 64 1.000000
0  -2.951145 -21.046881 -2.848028  -0.000001 0.000000 1.000000  0.075349 0.627009 1 64 1.000000
0  -3.262473 -21.046877 -2.848028  0.000000 0.000000 1.000000  0.075349 0.627009 1 64 1.000000
lowpoly_plastic
0  -3.373453 -26.125582 -2.848027  0.000000 -0.000000 1.000000  0.075349 0.627009 1 64 1.000000
0  -3.262474 -22.697031 -2.848026  0.000038 0.000001 1.000000  0.075349 0.627009 1 64 1.000000
0  -3.262471 -22.469765 -2.848026  -0.000549 0.000015 1.000000  0.075349 0.627009 1 64 1.000000
lowpoly_plastic
0  -3.262469 -22.387421 -2.848028  -0.000008 0.000000 1.000000  0.075349 0.627009 1 64 1.000000
0  -3.262475 -22.305080 -2.848028  0.000841 -0.000023 1.000000  0.075349 0.627009 1 64 1.000000
0  -3.373453 -26.125582 -2.848027  0.000000 -0.000000 1.000000  0.075349 0.627009 1 64 1.000000
lowpoly_plastic
0  -3.262471 -22.222736 -2.848026  -0.000163 0.000005 1.000000  0.075349 0.627009 1 64 1.000000
0  -2.951144 -22.222736 -2.848028  0.000007 0.000000 1.000000  0.075349 0.627009 1 64 1.000000
0  -2.951148 -21.995472 -2.848028  0.000004 0.000003 1.000000  0.075349 0.627009 1 64 1.000000
lowpoly_plastic
0  -3.262471 -22.222736 -2.848026  -0.000163 0.000005 1.000000  0.075349 0.627009 1 64 1.000000
0  -2.951148 -21.995472 -2.848028  0.000004 0.000003 1.000000  0.075349 0.627009 1 64 1.000000
0  -3.262470 -21.995468 -2.848028  0.000098 0.000002 1.000000  0.075349 0.627009 1 64 1.000000
lowpoly_plastic
0  -3.373453 -26.125582 -2.848027  0.000000 -0.000000 1.000000  0.075349 0.627009 1 64 1.000000
0  -3.262475 -22.305080 -2.848028  0.000841 -0.000023 1.000000  0.075349 0.627009 1 64 1.000000
0  -3.262471 -22.222736 -2.848026  -0.000163 0.000005 1.000000  0.075349 0.627009 1 64 1.000000
lowpoly_plastic
0  -3.262472 -21.274153 -2.848028  -0.000000 0.000000 1.000000  0.075349 0.627009 1 64 1.000000
0  -3.262473 -21.046877 -2.848028  0.000000 0.000000 1.000000  0.075349 0.627009 1 64 1.000000
0  -3.373447 -17.075520 -2.848027  0.000000 -0.000000 1.000000  0.075349 0.627009 1 64 1.000000
lowpoly_plastic
0  -3.262475 -21.521175 -2.848028  0.000003 -0.000000 1.000000  0.075349 0.627009 1 64 1.000000
0  -3.262474 -21.438831 -2.848028  -0.000205 -0.000000 1.000000  0.075349 0.627009 1 64 1.000000
0  -3.373447 -17.075520 -2.848027  0.000000 -0.000000 1.000000  0.075349 0.627009 1 64 1.000000
lowpoly_plastic
0  -3.262467 -21.356491 -2.848028  0.000206 -0.000000 1.000000  0.075349 0.627009 1 64 1.000000
0  -3.262472 -21.274153 -2.848028  -0.000000 0.000000 1.000000  0.075349 0.627009 1 64 1.000000
0  -3.373447 -17.075520 -2.848027  0.000000 -0.000000 1.000000  0.075349 0.627009 1 64 1.000000
lowpoly_plastic
0  -3.373453 -26.125582 -2.848027  0.000000 -0.000000 1.000000  0.075349 0.627009 1 64 1.000000
0  -3.262471 -22.222736 -2.848026  -0.000163 0.000005 1.000000  0.075349 0.627009 1 64 1.000000
0  -3.262470 -21.995468 -2.848028  0.000098 0.000002 1.000000  0.075349 0.627009 1 64 1.000000
lowpoly_plastic
0  -3.373453 -26.125582 -2.848027  0.000000 -0.000000 1.000000  0.075349 0.627009 1 64 1.000000
0  -3.262470 -21.995468 -2.848028  0.000098 0.000002 1.000000  0.075349 0.627009 1 64 1.000000
0  -3.262474 -21.913128 -2.848028  0.000001 -0.000000 1.000000  0.075349 0.627009 1 64 1.000000
lowpoly_plastic
0  -3.262474 -21.438831 -2.848028  -0.000205 -0.000000 1.000000  0.075349 0.627009 1 64 1.000000
0  -3.262467 -21.356491 -2.848028  0.000206 -0.000000 1.000000  0.075349 0.627009 1 64 1.000000
0  -3.373447 -17.075520 -2.848027  0.000000 -0.000000 1.000000  0.075349 0.627009 1 64 1.000000
lowpoly_plastic
0  -2.951150 -21.748444 -2.848028  0.000002 0.000000 1.000000  0.075349 0.627009 1 64 1.000000
0  -2.951148 -21.521175 -2.848028  0.000001 0.000000 1.000000  0.075349 0.627009 1 64 1.000000
0  -3.262471 -21.748438 -2.848028  0.000000 0.000000 1.000000  0.075349 0.627009 1 64 1.000000
lowpoly_plastic
0  -3.262471 -21.748438 -2.848028  0.000000 0.000000 1.000000  0.075349 0.627009 1 64 1.000000
0  -2.951148 -21.521175 -2.848028  0.000001 0.000000 1.000000  0.075349 0.627009 1 64 1.000000
0  -3.262475 -21.521175 -2.848028  0.000003 -0.000000 1.000000  0.075349 0.627009 1 64 1.000000
lowpoly_plastic
0  -3.262475 -21.521175 -2.848028  0.000003 -0.000000 1.000000  0.075349 0.627009 1 64 1.000000
0  -3.373453 -26.125582 -2.848027  0.000000 -0.000000 1.000000  0.075349 0.627009 1 64 1.000000
0  -3.262471 -21.748438 -2.848028  0.000000 0.000000 1.000000  0.075349 0.627009 1 64 1.000000
lowpoly_plastic
0  -3.262472 -21.830782 -2.848028  0.000000 -0.000000 1.000000  0.075349 0.627009 1 64 1.000000
0  -3.262471 -21.748438 -2.848028  0.000000 0.000000 1.000000  0.075349 0.627009 1 64 1.000000
0  -3.373453 -26.125582 -2.848027  0.000000 -0.000000 1.000000  0.075349 0.627009 1 64 1.000000
lowpoly_plastic
0  -2.668173 -17.075523 -3.878408  0.000000 -0.000000 -1.000000  0.075349 0.627009 1 64 1.000000
0  -2.668179 -26.125587 -3.878406  0.000000 -0.000000 -1.000000  0.075349 0.627009 1 64 1.000000
0  -2.815191 -26.125589 -3.878406  0.000000 -0.000000 -1.000000  0.075349 0.627009 1 64 1.000000
lowpoly_plastic
0  -3.373453 -26.125582 -2.848027  0.000001 -1.000000 -0.000003  0.075349 0.627009 1 64 1.000000
0  -3.373453 -26.125582 -3.878406  -0.000000 -1.000000 0.000005  0.075349 0.627009 1 64 1.000000
0  -2.668179 -26.125587 -3.419491  -0.000009 -1.000000 -0.000000  0.075349 0.627009 1 64 1.000000
lowpoly_plastic
0  -2.815191 -26.125589 -3.878406  0.000013 -1.000000 0.000000  0.075349 0.627009 1 64 1.000000
0  -2.668179 -26.125587 -3.878406  0.000013 -1.000000 0.000000  0.075349 0.627009 1 64 1.000000
0  -2.668179 -26.125587 -3.419491  0.000013 -1.000000 0.000000  0.075349 0.627009 1 64 1.000000
lowpoly_plastic
0  -2.668179 -26.125587 -3.419491  -0.000009 -1.000000 -0.000000  0.075349 0.627009 1 64 1.000000
0  -2.951150 -26.125584 -2.848027  -0.000005 -1.000000 -0.000016  0.075349 0.627009 1 64 1.000000
0  -3.373453 -26.125582 -2.848027  0.000001 -1.000000 -0.000003  0.075349 0.627009 1 64 1.000000
lowpoly_plastic
0  -2.668173 -17.075523 -3.878408  1.000000 -0.000000 -0.000000  0.075349 0.627009 1 64 1.000000
0  -2.668173 -17.075523 -3.419492  1.000000 -0.000000 0.000000  0.075349 0.627009 1 64 1.000000
0  -2.668174 -19.376972 -3.706592  1.000000 -0.000002 -0.000021  0.075349 0.627009 1 64 1.000000
lowpoly_plastic
0  -2.668174 -19.376972 -3.419491  1.000000 0.000000 0.000000  0.075349 0.627009 1 64 1.000000
0  -2.668174 -19.376972 -3.448853  1.000000 -0.000000 0.000000  0.075349 0.627009 1 64 1.000000
0  -2.668173 -17.075523 -3.419492  1.000000 -0.000000 0.000000  0.075349 0.627009 1 64 1.000000
lowpoly_plastic
0  -2.668173 -17.075523 -3.419492  1.000000 -0.000000 0.000000  0.075349 0.627009 1 64 1.000000
0  -2.668174 -19.376972 -3.448853  1.000000 -0.000000 0.000000  0.075349 0.627009 1 64 1.000000
0  -2.668174 -19.376972 -3.706592  1.000000 -0.000002 -0.000021  0.075349 0.627009 1 64 1.000000
lowpoly_plastic
0  -2.668176 -24.841232 -3.419493  1.000000 -0.000002 0.000000  0.075349 0.627009 1 64 1.000000
0  -2.668179 -26.125587 -3.419491  1.000000 -0.000002 0.000000  0.075349 0.627009 1 64 1.000000
0  -2.668176 -24.841232 -3.448855  1.000000 -0.000002 0.000000  0.075349 0.627009 1 64 1.000000
lowpoly_plastic
0  -2.668176 -24.841232 -3.706594  1.000000 -0.000004 0.000009  0.075349 0.627009 1 64 1.000000
0  -2.668176 -24.841232 -3.448855  1.000000 -0.000002 0.000000  0.075349 0.627009 1 64 1.000000
0  -2.668179 -26.125587 -3.419491  1.000000 -0.000002 0.000000  0.075349 0.627009 1 64 1.000000
lowpoly_plastic
0  -2.668173 -17.075523 -3.878408  1.000000 -0.000000 -0.000000  0.075349 0.627009 1 64 1.000000
0  -2.668174 -19.376972 -3.706592  1.000000 -0.000002 -0.000021  0.075349 0.627009 1 64 1.000000
0  -2.668178 -19.459316 -3.805326  0.999998 0.000065 0.002086  0.075349 0.627009 1 64 1.000000
lowpoly_plastic
0  -2.668173 -17.075523 -3.878408  1.000000 -0.000000 -0.000000  0.075349 0.627009 1 64 1.000000
0  -2.668178 -19.459316 -3.805326  0.999998 0.000065 0.002086  0.075349 0.627009 1 64 1.000000
0  -2.668171 -19.541656 -3.805326  1.000000 -0.000004 -0.000065  0.075349 0.627009 1 64 1.000000
lowpoly_plastic
0  -2.668176 -24.841232 -3.706594  1.000000 -0.000004 0.000009  0.075349 0.627009 1 64 1.000000
0  -2.668179 -26.125587 -3.419491  1.000000 -0.000002 0.000000  0.075349 0.627009 1 64 1.000000
0  -2.668179 -26.125587 -3.878406  1.000000 -0.000002 -0.000001  0.075349 0.627009 1 64 1.000000
lowpoly_plastic
0  -2.668174 -24.758890 -3.805328  0.999999 0.000052 -0.001046  0.075349 0.627009 1 64 1.000000
0  -2.668176 -24.841232 -3.706594  1.000000 -0.000004 0.000009  0.075349 0.627009 1 64 1.000000
0  -2.668179 -26.125587 -3.878406  1.000000 -0.000002 -0.000001  0.075349 0.627009 1 64 1.000000
lowpoly_plastic
0  -2.668179 -26.125587 -3.878406  1.000000 -0.000002 -0.000001  0.075349 0.627009 1 64 1.000000
0  -2.668173 -17.075523 -3.878408  1.000000 -0.000000 -0.000000  0.075349 0.627009 1 64 1.000000
0  -2.668175 -21.438835 -3.805327  1.000000 -0.000000 -0.000010  0.075349 0.627009 1 64 1.000000
lowpoly_plastic
0  -2.668173 -19.624001 -3.706592  1.000000 -0.000011 0.000005  0.075349 0.627009 1 64 1.000000
0  -2.668173 -19.624001 -3.448853  1.000000 -0.000013 0.000000  0.075349 0.627009 1 64 1.000000
0  -2.668176 -19.851269 -3.448853  1.000000 -0.000013 0.000000  0.075349 0.627009 1 64 1.000000
lowpoly_plastic
0  -2.668180 -24.676548 -3.805328  1.000000 -0.000003 0.000060  0.075349 0.627009 1 64 1.000000
0  -2.668174 -24.758890 -3.805328  0.999999 0.000052 -0.001046  0.075349 0.627009 1 64 1.000000
0  -2.668179 -26.125587 -3.878406  1.000000 -0.000002 -0.000001  0.075349 0.627009 1 64 1.000000
lowpoly_plastic
0  -2.668176 -24.594204 -3.419493  1.000000 -0.000004 0.000000  0.075349 0.627009 1 64 1.000000
0  -2.668176 -24.594204 -3.448855  1.000000 -0.000004 0.000000  0.075349 0.627009 1 64 1.000000
0  -2.668175 -24.366938 -3.419493  1.000000 -0.000004 0.000000  0.075349 0.627009 1 64 1.000000
lowpoly_plastic
0  -2.668175 -24.366938 -3.419493  1.000000 -0.000004 0.000000  0.075349 0.627009 1 64 1.000000
0  -2.668176 -24.594204 -3.448855  1.000000 -0.000004 0.000000  0.075349 0.627009 1 64 1.000000
0  -2.668175 -24.366938 -3.448855  1.000000 -0.000004 0.000000  0.075349 0.627009 1 64 1.000000
lowpoly_plastic
0  -2.668175 -24.366938 -3.448855  1.000000 -0.000004 0.000000  0.075349 0.627009 1 64 1.000000
0  -2.668176 -24.594204 -3.448855  1.000000 -0.000004 0.000000  0.075349 0.627009 1 64 1.000000
0  -2.668176 -24.594204 -3.706594  1.000000 -0.000005 -0.000021  0.075349 0.627009 1 64 1.000000
lowpoly_plastic
0  -2.668175 -24.366938 -3.448855  1.000000 -0.000004 0.000000  0.075349 0.627009 1 64 1.000000
0  -2.668176 -24.594204 -3.706594  1.000000 -0.000005 -0.000021  0.075349 0.627009 1 64 1.000000
0  -2.668175 -24.366938 -3.706594  1.000000 -0.000004 -0.000020  0.075349 0.627009 1 64 1.000000
lowpoly_plastic
0  -2.668175 -24.366938 -3.706594  1.000000 -0.000004 -0.000020  0.075349 0.627009 1 64 1.000000
0  -2.668176 -24.594204 -3.706594  1.000000 -0.000005 -0.000021  0.075349 0.627009 1 64 1.000000
0  -2.668180 -24.676548 -3.805328  1.000000 -0.000003 0.000060  0.075349 0.627009 1 64 1.000000
lowpoly_plastic
0  -2.668173 -19.624001 -3.448853  1.000000 -0.000013 0.000000  0.075349 0.627009 1 64 1.000000
0  -2.668173 -19.624001 -3.419491  1.000000 -0.000013 0.000000  0.075349 0.627009 1 64 1.000000
0  -2.668176 -19.851269 -3.419491  1.000000 -0.000013 0.000000  0.075349 0.627009 1 64 1.000000
lowpoly_plastic
0  -2.668176 -19.851269 -3.419491  1.000000 -0.000013 0.000000  0.075349 0.627009 1 64 1.000000
0  -2.668176 -19.851269 -3.448853  1.000000 -0.000013 0.000000  0.075349 0.627009 1 64 1.000000
0  -2.668173 -19.624001 -3.448853  1.000000 -0.000013 0.000000  0.075349 0.627009 1 64 1.000000
lowpoly_plastic
0  -2.668173 -19.624001 -3.706592  1.000000 -0.000011 0.000005  0.075349 0.627009 1 64 1.000000
0  -2.668176 -19.851269 -3.448853  1.000000 -0.000013 0.000000  0.075349 0.627009 1 64 1.000000
0  -2.668176 -19.851269 -3.706592  1.000000 -0.000007 0.000021  0.075349 0.627009 1 64 1.000000
lowpoly_plastic
0  -2.668173 -19.624001 -3.706592  1.000000 -0.000011 0.000005  0.075349 0.627009 1 64 1.000000
0  -2.668176 -19.851269 -3.706592  1.000000 -0.000007 0.000021  0.075349 0.627009 1 64 1.000000
0  -2.668171 -19.541656 -3.805326  1.000000 -0.000004 -0.000065  0.075349 0.627009 1 64 1.000000
lowpoly_plastic
0  -2.668178 -24.284597 -3.805328  1.000000 -0.000020 0.000434  0.075349 0.627009 1 64 1.000000
0  -2.668175 -24.366938 -3.706594  1.000000 -0.000004 -0.000020  0.075349 0.627009 1 64 1.000000
0  -2.668180 -24.676548 -3.805328  1.000000 -0.000003 0.000060  0.075349 0.627009 1 64 1.000000
lowpoly_plastic
0  -2.668176 -24.202253 -3.805328  1.000000 0.000002 -0.000073  0.075349 0.627009 1 64 1.000000
0  -2.668178 -24.284597 -3.805328  1.000000 -0.000020 0.000434  0.075349 0.627009 1 64 1.000000
0  -2.668179 -26.125587 -3.878406  1.000000 -0.000002 -0.000001  0.075349 0.627009 1 64 1.000000
lowpoly_plastic
0  -2.668171 -19.541656 -3.805326  1.000000 -0.000004 -0.000065  0.075349 0.627009 1 64 1.000000
0  -2.668176 -19.851269 -3.706592  1.000000 -0.000007 0.000021  0.075349 0.627009 1 64 1.000000
0  -2.668172 -19.933611 -3.805326  1.000000 -0.000016 -0.000710  0.075349 0.627009 1 64 1.000000
lowpoly_plastic
0  -2.668173 -17.075523 -3.878408  1.000000 -0.000000 -0.000000  0.075349 0.627009 1 64 1.000000
0  -2.668171 -19.541656 -3.805326  1.000000 -0.000004 -0.000065  0.075349 0.627009 1 64 1.000000
0  -2.668172 -19.933611 -3.805326  1.000000 -0.000016 -0.000710  0.075349 0.627009 1 64 1.000000
lowpoly_plastic
0  -2.668178 -24.284597 -3.805328  1.000000 -0.000020 0.000434  0.075349 0.627009 1 64 1.000000
0  -2.668180 -24.676548 -3.805328  1.000000 -0.000003 0.000060  0.075349 0.627009 1 64 1.000000
0  -2.668179 -26.125587 -3.878406  1.000000 -0.000002 -0.000001  0.075349 0.627009 1 64 1.000000
lowpoly_plastic
0  -2.668177 -24.119907 -3.419492  1.000000 0.000004 0.000130  0.075349 0.627009 1 64 1.000000
0  -2.668173 -24.119911 -3.448854  1.000000 0.000013 0.000052  0.075349 0.627009 1 64 1.000000
0  -2.668178 -23.892647 -3.419492  1.000000 0.000019 0.000011  0.075349 0.627009 1 64 1.000000
lowpoly_plastic
0  -2.668178 -23.892647 -3.419492  1.000000 0.000019 0.000011  0.075349 0.627009 1 64 1.000000
0  -2.668173 -24.119911 -3.448854  1.000000 0.000013 0.000052  0.075349 0.627009 1 64 1.000000
0  -2.668178 -23.892647 -3.448854  1.000000 0.000016 -0.000004  0.075349 0.627009 1 64 1.000000
lowpoly_plastic
0  -2.668178 -23.892647 -3.448854  1.000000 0.000016 -0.000004  0.075349 0.627009 1 64 1.000000
0  -2.668173 -24.119911 -3.448854  1.000000 0.000013 0.000052  0.075349 0.627009 1 64 1.000000
0  -2.668177 -24.119907 -3.706593  1.000000 0.000008 0.000001  0.075349 0.627009 1 64 1.000000
lowpoly_plastic
0  -2.668178 -23.892647 -3.448854  1.000000 0.000016 -0.000004  0.075349 0.627009 1 64 1.000000
0  -2.668177 -24.119907 -3.706593  1.000000 0.000008 0.000001  0.075349 0.627009 1 64 1.000000
0  -2.668178 -23.892647 -3.706593  1.000000 0.000003 0.000006  0.075349 0.627009 1 64 1.000000
lowpoly_plastic
0  -2.668178 -23.892647 -3.706593  1.000000 0.000003 0.000006  0.075349 0.627009 1 64 1.000000
0  -2.668177 -24.119907 -3.706593  1.000000 0.000008 0.000001  0.075349 0.627009 1 64 1.000000
0  -2.668176 -24.202253 -3.805328  1.000000 0.000002 -0.000073  0.075349 0.627009 1 64 1.000000
lowpoly_plastic
0  -2.668173 -17.075523 -3.878408  1.000000 -0.000000 -0.000000  0.075349 0.627009 1 64 1.000000
0  -2.668172 -19.933611 -3.805326  1.000000 -0.000016 -0.000710  0.075349 0.627009 1 64 1.000000
0  -2.668174 -20.015955 -3.805326  1.000000 0.000005 0.000154  0.075349 0.627009 1 64 1.000000
lowpoly_plastic
0  -2.668175 -20.098299 -3.706592  1.000000 0.000013 0.000012  0.075349 0.627009 1 64 1.000000
0  -2.668175 -20.098299 -3.448853  1.000000 0.000007 0.000004  0.075349 0.627009 1 64 1.000000
0  -2.668172 -20.325562 -3.448853  1.000000 0.000013 0.000049  0.075349 0.627009 1 64 1.000000
lowpoly_plastic
0  -2.668177 -23.810301 -3.805327  0.999999 -0.000053 0.001686  0.075349 0.627009 1 64 1.000000
0  -2.668178 -23.892647 -3.706593  1.000000 0.000003 0.000006  0.075349 0.627009 1 64 1.000000
0  -2.668176 -24.202253 -3.805328  1.000000 0.000002 -0.000073  0.075349 0.627009 1 64 1.000000
lowpoly_plastic
0  -2.668171 -23.727961 -3.805327  1.000000 -0.000003 -0.000053  0.075349 0.627009 1 64 1.000000
0  -2.668177 -23.810301 -3.805327  0.999999 -0.000053 0.001686  0.075349 0.627009 1 64 1.000000
0  -2.668179 -26.125587 -3.878406  1.000000 -0.000002 -0.000001  0.075349 0.627009 1 64 1.000000
lowpoly_plastic
0  -2.668175 -20.098299 -3.448853  1.000000 0.000007 0.000004  0.075349 0.627009 1 64 1.000000
0  -2.668175 -20.098299 -3.419491  1.000000 0.000000 0.000000  0.075349 0.627009 1 64 1.000000
0  -2.668175 -20.325556 -3.419491  1.000000 0.000012 0.000089  0.075349 0.627009 1 64 1.000000
lowpoly_plastic
0  -2.668175 -20.325556 -3.419491  1.000000 0.000012 0.000089  0.075349 0.627009 1 64 1.000000
0  -2.668172 -20.325562 -3.448853  1.000000 0.000013 0.000049  0.075349 0.627009 1 64 1.000000
0  -2.668175 -20.098299 -3.448853  1.000000 0.000007 0.000004  0.075349 0.627009 1 64 1.000000
lowpoly_plastic
0  -2.668175 -20.098299 -3.706592  1.000000 0.000013 0.000012  0.075349 0.627009 1 64 1.000000
0  -2.668172 -20.325562 -3.448853  1.000000 0.000013 0.000049  0.075349 0.627009 1 64 1.000000
0  -2.668172 -20.325562 -3.706592  1.000000 0.000009 -0.000000  0.075349 0.627009 1 64 1.000000
lowpoly_plastic
0  -2.668177 -23.810301 -3.805327  0.999999 -0.000053 0.001686  0.075349 0.627009 1 64 1.000000
0  -2.668176 -24.202253 -3.805328  1.000000 0.000002 -0.000073  0.075349 0.627009 1 64 1.000000
0  -2.668179 -26.125587 -3.878406  1.000000 -0.000002 -0.000001  0.075349 0.627009 1 64 1.000000
lowpoly_plastic
0  -2.668177 -23.645620 -3.419492  1.000000 -0.000016 0.000000  0.075349 0.627009 1 64 1.000000
0  -2.668177 -23.645620 -3.448854  1.000000 -0.000016 0.000000  0.075349 0.627009 1 64 1.000000
0  -2.668173 -23.418354 -3.419492  1.000000 -0.000018 0.000000  0.075349 0.627009 1 64 1.000000
lowpoly_plastic
0  -2.668173 -23.418354 -3.419492  1.000000 -0.000018 0.000000  0.075349 0.627009 1 64 1.000000
0  -2.668177 -23.645620 -3.448854  1.000000 -0.000016 0.000000  0.075349 0.627009 1 64 1.000000
0  -2.668173 -23.418354 -3.448854  1.000000 -0.000017 0.000000  0.075349 0.627009 1 64 1.000000
lowpoly_plastic
0  -2.668173 -23.418354 -3.706593  1.000000 -0.000008 0.000016  0.075349 0.627009 1 64 1.000000
0  -2.668173 -23.418354 -3.448854  1.000000 -0.000017 0.000000  0.075349 0.627009 1 64 1.000000
0  -2.668177 -23.645620 -3.706593  1.000000 -0.000016 0.000042  0.075349 0.627009 1 64 1.000000
lowpoly_plastic
0  -2.668173 -23.418354 -3.448854  1.000000 -0.000017 0.000000  0.075349 0.627009 1 64 1.000000
0  -2.668177 -23.645620 -3.448854  1.000000 -0.000016 0.000000  0.075349 0.627009 1 64 1.000000
0  -2.668177 -23.645620 -3.706593  1.000000 -0.000016 0.000042  0.075349 0.627009 1 64 1.000000
lowpoly_plastic
0  -2.668173 -23.418354 -3.706593  1.000000 -0.000008 0.000016  0.075349 0.627009 1 64 1.000000
0  -2.668177 -23.645620 -3.706593  1.000000 -0.000016 0.000042  0.075349 0.627009 1 64 1.000000
0  -2.668171 -23.727961 -3.805327  1.000000 -0.000003 -0.000053  0.075349 0.627009 1 64 1.000000
lowpoly_plastic
0  -2.668171 -23.336010 -3.805327  0.999999 0.000035 -0.001449  0.075349 0.627009 1 64 1.000000
0  -2.668173 -23.418354 -3.706593  1.000000 -0.000008 0.000016  0.075349 0.627009 1 64 1.000000
0  -2.668171 -23.727961 -3.805327  1.000000 -0.000003 -0.000053  0.075349 0.627009 1 64 1.000000
lowpoly_plastic
0  -2.668174 -20.015955 -3.805326  1.000000 0.000005 0.000154  0.075349 0.627009 1 64 1.000000
0  -2.668175 -20.098299 -3.706592  1.000000 0.000013 0.000012  0.075349 0.627009 1 64 1.000000
0  -2.668172 -20.325562 -3.706592  1.000000 0.000009 -0.000000  0.075349 0.627009 1 64 1.000000
lowpoly_plastic
0  -2.668174 -20.015955 -3.805326  1.000000 0.000005 0.000154  0.075349 0.627009 1 64 1.000000
0  -2.668172 -20.325562 -3.706592  1.000000 0.000009 -0.000000  0.075349 0.627009 1 64 1.000000
0  -2.668172 -20.407907 -3.805326  0.999997 -0.000053 -0.002475  0.075349 0.627009 1 64 1.000000
lowpoly_plastic
0  -2.668171 -23.336010 -3.805327  0.999999 0.000035 -0.001449  0.075349 0.627009 1 64 1.000000
0  -2.668171 -23.727961 -3.805327  1.000000 -0.000003 -0.000053  0.075349 0.627009 1 64 1.000000
0  -2.668179 -26.125587 -3.878406  1.000000 -0.000002 -0.000001  0.075349 0.627009 1 64 1.000000
lowpoly_plastic
0  -2.668175 -23.253670 -3.805327  1.000000 0.000010 -0.000280  0.075349 0.627009 1 64 1.000000
0  -2.668171 -23.336010 -3.805327  0.999999 0.000035 -0.001449  0.075349 0.627009 1 64 1.000000
0  -2.668179 -26.125587 -3.878406  1.000000 -0.000002 -0.000001  0.075349 0.627009 1 64 1.000000
lowpoly_plastic
0  -2.668173 -17.075523 -3.878408  1.000000 -0.000000 -0.000000  0.075349 0.627009 1 64 1.000000
0  -2.668174 -20.015955 -3.805326  1.000000 0.000005 0.000154  0.075349 0.627009 1 64 1.000000
0  -2.668172 -20.407907 -3.805326  0.999997 -0.000053 -0.002475  0.075349 0.627009 1 64 1.000000
lowpoly_plastic
0  -2.668173 -17.075523 -3.878408  1.000000 -0.000000 -0.000000  0.075349 0.627009 1 64 1.000000
0  -2.668172 -20.407907 -3.805326  0.999997 -0.000053 -0.002475  0.075349 0.627009 1 64 1.000000
0  -2.668178 -20.490246 -3.805326  1.000000 -0.000000 0.000018  0.075349 0.627009 1 64 1.000000
lowpoly_plastic
0  -2.668173 -20.572586 -3.706592  1.000000 -0.000010 -0.000023  0.075349 0.627009 1 64 1.000000
0  -2.668173 -20.572586 -3.448853  1.000000 -0.000021 0.000000  0.075349 0.627009 1 64 1.000000
0  -2.668178 -20.799852 -3.706593  1.000000 -0.000021 0.000010  0.075349 0.627009 1 64 1.000000
lowpoly_plastic
0  -2.668173 -20.572586 -3.419491  1.000000 -0.000021 0.000000  0.075349 0.627009 1 64 1.000000
0  -2.668178 -20.799852 -3.419492  1.000000 -0.000022 0.000000  0.075349 0.627009 1 64 1.000000
0  -2.668178 -20.799852 -3.448854  1.000000 -0.000021 0.000000  0.075349 0.627009 1 64 1.000000
lowpoly_plastic
0  -2.668173 -20.572586 -3.419491  1.000000 -0.000021 0.000000  0.075349 0.627009 1 64 1.000000
0  -2.668178 -20.799852 -3.448854  1.000000 -0.000021 0.000000  0.075349 0.627009 1 64 1.000000
0  -2.668173 -20.572586 -3.448853  1.000000 -0.000021 0.000000  0.075349 0.627009 1 64 1.000000
lowpoly_plastic
0  -2.668173 -20.572586 -3.448853  1.000000 -0.000021 0.000000  0.075349 0.627009 1 64 1.000000
0  -2.668178 -20.799852 -3.448854  1.000000 -0.000021 0.000000  0.075349 0.627009 1 64 1.000000
0  -2.668178 -20.799852 -3.706593  1.000000 -0.000021 0.000010  0.075349 0.627009 1 64 1.000000
lowpoly_plastic
0  -2.668173 -20.572586 -3.706592  1.000000 -0.000010 -0.000023  0.075349 0.627009 1 64 1.000000
0  -2.668178 -20.799852 -3.706593  1.000000 -0.000021 0.000010  0.075349 0.627009 1 64 1.000000
0  -2.668178 -20.882198 -3.805327  0.999997 0.000043 0.002389  0.075349 0.627009 1 64 1.000000
lowpoly_plastic
0  -2.668173 -23.171326 -3.419492  1.000000 0.000022 0.000000  0.075349 0.627009 1 64 1.000000
0  -2.668173 -23.171326 -3.448854  1.000000 0.000021 0.000000  0.075349 0.627009 1 64 1.000000
0  -2.668178 -22.944061 -3.448854  1.000000 0.000020 0.000000  0.075349 0.627009 1 64 1.000000
lowpoly_plastic
0  -2.668178 -22.944061 -3.448854  1.000000 0.000020 0.000000  0.075349 0.627009 1 64 1.000000
0  -2.668178 -22.944061 -3.419492  1.000000 0.000020 0.000000  0.075349 0.627009 1 64 1.000000
0  -2.668173 -23.171326 -3.419492  1.000000 0.000022 0.000000  0.075349 0.627009 1 64 1.000000
lowpoly_plastic
0  -2.668178 -22.944061 -3.706593  1.000000 0.000014 0.000000  0.075349 0.627009 1 64 1.000000
0  -2.668178 -22.944061 -3.448854  1.000000 0.000020 0.000000  0.075349 0.627009 1 64 1.000000
0  -2.668173 -23.171326 -3.448854  1.000000 0.000021 0.000000  0.075349 0.627009 1 64 1.000000
lowpoly_plastic
0  -2.668178 -22.944061 -3.706593  1.000000 0.000014 0.000000  0.075349 0.627009 1 64 1.000000
0  -2.668173 -23.171326 -3.448854  1.000000 0.000021 0.000000  0.075349 0.627009 1 64 1.000000
0  -2.668173 -23.171326 -3.706593  1.000000 0.000021 -0.000022  0.075349 0.627009 1 64 1.000000
lowpoly_plastic
0  -2.668178 -22.861713 -3.805327  1.000000 -0.000014 0.000793  0.075349 0.627009 1 64 1.000000
0  -2.668178 -22.944061 -3.706593  1.000000 0.000014 0.000000  0.075349 0.627009 1 64 1.000000
0  -2.668175 -23.253670 -3.805327  1.000000 0.000010 -0.000280  0.075349 0.627009 1 64 1.000000
lowpoly_plastic
0  -2.668178 -22.944061 -3.706593  1.000000 0.000014 0.000000  0.075349 0.627009 1 64 1.000000
0  -2.668173 -23.171326 -3.706593  1.000000 0.000021 -0.000022  0.075349 0.627009 1 64 1.000000
0  -2.668175 -23.253670 -3.805327  1.000000 0.000010 -0.000280  0.075349 0.627009 1 64 1.000000
lowpoly_plastic
0  -2.668176 -22.779371 -3.805327  1.000000 -0.000003 0.000058  0.075349 0.627009 1 64 1.000000
0  -2.668178 -22.861713 -3.805327  1.000000 -0.000014 0.000793  0.075349 0.627009 1 64 1.000000
0  -2.668179 -26.125587 -3.878406  1.000000 -0.000002 -0.000001  0.075349 0.627009 1 64 1.000000
lowpoly_plastic
0  -2.668178 -20.490246 -3.805326  1.000000 -0.000000 0.000018  0.075349 0.627009 1 64 1.000000
0  -2.668173 -20.572586 -3.706592  1.000000 -0.000010 -0.000023  0.075349 0.627009 1 64 1.000000
0  -2.668178 -20.882198 -3.805327  0.999997 0.000043 0.002389  0.075349 0.627009 1 64 1.000000
lowpoly_plastic
0  -2.668178 -20.490246 -3.805326  1.000000 -0.000000 0.000018  0.075349 0.627009 1 64 1.000000
0  -2.668178 -20.882198 -3.805327  0.999997 0.000043 0.002389  0.075349 0.627009 1 64 1.000000
0  -2.668173 -17.075523 -3.878408  1.000000 -0.000000 -0.000000  0.075349 0.627009 1 64 1.000000
lowpoly_plastic
0  -2.668178 -22.861713 -3.805327  1.000000 -0.000014 0.000793  0.075349 0.627009 1 64 1.000000
0  -2.668175 -23.253670 -3.805327  1.000000 0.000010 -0.000280  0.075349 0.627009 1 64 1.000000
0  -2.668179 -26.125587 -3.878406  1.000000 -0.000002 -0.000001  0.075349 0.627009 1 64 1.000000
lowpoly_plastic
0  -2.668174 -22.697025 -3.419492  1.000000 0.000018 -0.000195  0.075349 0.627009 1 64 1.000000
0  -2.668180 -22.697029 -3.448854  1.000000 0.000004 -0.000078  0.075349 0.627009 1 64 1.000000
0  -2.668178 -22.469763 -3.419492  1.000000 -0.000007 -0.000016  0.075349 0.627009 1 64 1.000000
lowpoly_plastic
0  -2.668178 -22.469763 -3.419492  1.000000 -0.000007 -0.000016  0.075349 0.627009 1 64 1.000000
0  -2.668180 -22.697029 -3.448854  1.000000 0.000004 -0.000078  0.075349 0.627009 1 64 1.000000
0  -2.668178 -22.469763 -3.448854  1.000000 -0.000003 0.000006  0.075349 0.627009 1 64 1.000000
lowpoly_plastic
0  -2.668178 -22.469763 -3.706593  1.000000 0.000016 0.000025  0.075349 0.627009 1 64 1.000000
0  -2.668178 -22.469763 -3.448854  1.000000 -0.000003 0.000006  0.075349 0.627009 1 64 1.000000
0  -2.668174 -22.697025 -3.706593  1.000000 0.000003 -0.000001  0.075349 0.627009 1 64 1.000000
lowpoly_plastic
0  -2.668178 -22.469763 -3.448854  1.000000 -0.000003 0.000006  0.075349 0.627009 1 64 1.000000
0  -2.668180 -22.697029 -3.448854  1.000000 0.000004 -0.000078  0.075349 0.627009 1 64 1.000000
0  -2.668174 -22.697025 -3.706593  1.000000 0.000003 -0.000001  0.075349 0.627009 1 64 1.000000
lowpoly_plastic
0  -2.668175 -22.387417 -3.805327  1.000000 0.000014 -0.000496  0.075349 0.627009 1 64 1.000000
0  -2.668178 -22.469763 -3.706593  1.000000 0.000016 0.000025  0.075349 0.627009 1 64 1.000000
0  -2.668174 -22.697025 -3.706593  1.000000 0.000003 -0.000001  0.075349 0.627009 1 64 1.000000
lowpoly_plastic
0  -2.668175 -22.387417 -3.805327  1.000000 0.000014 -0.000496  0.075349 0.627009 1 64 1.000000
0  -2.668174 -22.697025 -3.706593  1.000000 0.000003 -0.000001  0.075349 0.627009 1 64 1.000000
0  -2.668176 -22.779371 -3.805327  1.000000 -0.000003 0.000058  0.075349 0.627009 1 64 1.000000
lowpoly_plastic
0  -2.668176 -22.305084 -3.805327  1.000000 0.000002 -0.000124  0.075349 0.627009 1 64 1.000000
0  -2.668175 -22.387417 -3.805327  1.000000 0.000014 -0.000496  0.075349 0.627009 1 64 1.000000
0  -2.668179 -26.125587 -3.878406  1.000000 -0.000002 -0.000001  0.075349 0.627009 1 64 1.000000
lowpoly_plastic
0  -2.668173 -17.075523 -3.878408  1.000000 -0.000000 -0.000000  0.075349 0.627009 1 64 1.000000
0  -2.668178 -20.882198 -3.805327  0.999997 0.000043 0.002389  0.075349 0.627009 1 64 1.000000
0  -2.668173 -20.964537 -3.805327  1.000000 -0.000004 -0.000087  0.075349 0.627009 1 64 1.000000
lowpoly_plastic
0  -2.668175 -22.387417 -3.805327  1.000000 0.000014 -0.000496  0.075349 0.627009 1 64 1.000000
0  -2.668176 -22.779371 -3.805327  1.000000 -0.000003 0.000058  0.075349 0.627009 1 64 1.000000
0  -2.668179 -26.125587 -3.878406  1.000000 -0.000002 -0.000001  0.075349 0.627009 1 64 1.000000
lowpoly_plastic
0  -2.668180 -22.222733 -3.419492  1.000000 -0.000022 0.000000  0.075349 0.627009 1 64 1.000000
0  -2.668180 -22.222733 -3.448854  1.000000 -0.000021 0.000000  0.075349 0.627009 1 64 1.000000
0  -2.668175 -21.995468 -3.419492  1.000000 -0.000020 0.000000  0.075349 0.627009 1 64 1.000000
lowpoly_plastic
0  -2.668176 -22.305084 -3.805327  1.000000 0.000002 -0.000124  0.075349 0.627009 1 64 1.000000
0  -2.668179 -26.125587 -3.878406  1.000000 -0.000002 -0.000001  0.075349 0.627009 1 64 1.000000
0  -2.668177 -21.913132 -3.805327  1.000000 -0.000022 0.001015  0.075349 0.627009 1 64 1.000000
lowpoly_plastic
0  -2.668175 -21.995468 -3.419492  1.000000 -0.000020 0.000000  0.075349 0.627009 1 64 1.000000
0  -2.668180 -22.222733 -3.448854  1.000000 -0.000021 0.000000  0.075349 0.627009 1 64 1.000000
0  -2.668175 -21.995468 -3.448854  1.000000 -0.000020 0.000000  0.075349 0.627009 1 64 1.000000
lowpoly_plastic
0  -2.668175 -21.046883 -3.448854  1.000000 -0.000003 -0.000007  0.075349 0.627009 1 64 1.000000
0  -2.668175 -21.046883 -3.419492  1.000000 0.000009 0.000000  0.075349 0.627009 1 64 1.000000
0  -2.668173 -21.274145 -3.419492  1.000000 -0.000012 -0.000149  0.075349 0.627009 1 64 1.000000
lowpoly_plastic
0  -2.668173 -21.274145 -3.419492  1.000000 -0.000012 -0.000149  0.075349 0.627009 1 64 1.000000
0  -2.668178 -21.274149 -3.448854  1.000000 -0.000013 -0.000081  0.075349 0.627009 1 64 1.000000
0  -2.668175 -21.046883 -3.448854  1.000000 -0.000003 -0.000007  0.075349 0.627009 1 64 1.000000
lowpoly_plastic
0  -2.668175 -21.046883 -3.448854  1.000000 -0.000003 -0.000007  0.075349 0.627009 1 64 1.000000
0  -2.668178 -21.274149 -3.448854  1.000000 -0.000013 -0.000081  0.075349 0.627009 1 64 1.000000
0  -2.668178 -21.274149 -3.706593  1.000000 -0.000007 0.000021  0.075349 0.627009 1 64 1.000000
lowpoly_plastic
0  -2.668175 -21.046883 -3.706593  1.000000 -0.000013 0.000005  0.075349 0.627009 1 64 1.000000
0  -2.668175 -21.046883 -3.448854  1.000000 -0.000003 -0.000007  0.075349 0.627009 1 64 1.000000
0  -2.668178 -21.274149 -3.706593  1.000000 -0.000007 0.000021  0.075349 0.627009 1 64 1.000000
lowpoly_plastic
0  -2.668175 -21.046883 -3.706593  1.000000 -0.000013 0.000005  0.075349 0.627009 1 64 1.000000
0  -2.668178 -21.274149 -3.706593  1.000000 -0.000007 0.000021  0.075349 0.627009 1 64 1.000000
0  -2.668173 -20.964537 -3.805327  1.000000 -0.000004 -0.000087  0.075349 0.627009 1 64 1.000000
lowpoly_plastic
0  -2.668175 -21.995468 -3.448854  1.000000 -0.000020 0.000000  0.075349 0.627009 1 64 1.000000
0  -2.668180 -22.222733 -3.448854  1.000000 -0.000021 0.000000  0.075349 0.627009 1 64 1.000000
0  -2.668180 -22.222733 -3.706593  1.000000 -0.000009 0.000016  0.075349 0.627009 1 64 1.000000
lowpoly_plastic
0  -2.668175 -21.995468 -3.706593  1.000000 -0.000021 -0.000022  0.075349 0.627009 1 64 1.000000
0  -2.668175 -21.995468 -3.448854  1.000000 -0.000020 0.000000  0.075349 0.627009 1 64 1.000000
0  -2.668180 -22.222733 -3.706593  1.000000 -0.000009 0.000016  0.075349 0.627009 1 64 1.000000
lowpoly_plastic
0  -2.668173 -20.964537 -3.805327  1.000000 -0.000004 -0.000087  0.075349 0.627009 1 64 1.000000
0  -2.668178 -21.274149 -3.706593  1.000000 -0.000007 0.000021  0.075349 0.627009 1 64 1.000000
0  -2.668174 -21.356491 -3.805327  1.000000 -0.000008 -0.000514  0.075349 0.627009 1 64 1.000000
lowpoly_plastic
0  -2.668173 -20.964537 -3.805327  1.000000 -0.000004 -0.000087  0.075349 0.627009 1 64 1.000000
0  -2.668174 -21.356491 -3.805327  1.000000 -0.000008 -0.000514  0.075349 0.627009 1 64 1.000000
0  -2.668173 -17.075523 -3.878408  1.000000 -0.000000 -0.000000  0.075349 0.627009 1 64 1.000000
lowpoly_plastic
0  -2.668175 -21.995468 -3.706593  1.000000 -0.000021 -0.000022  0.075349 0.627009 1 64 1.000000
0  -2.668180 -22.222733 -3.706593  1.000000 -0.000009 0.000016  0.075349 0.627009 1 64 1.000000
0  -2.668177 -21.913132 -3.805327  1.000000 -0.000022 0.001015  0.075349 0.627009 1 64 1.000000
lowpoly_plastic
0  -2.668177 -21.913132 -3.805327  1.000000 -0.000022 0.001015  0.075349 0.627009 1 64 1.000000
0  -2.668180 -22.222733 -3.706593  1.000000 -0.000009 0.000016  0.075349 0.627009 1 64 1.000000
0  -2.668176 -22.305084 -3.805327  1.000000 0.000002 -0.000124  0.075349 0.627009 1 64 1.000000
lowpoly_plastic
0  -2.668173 -17.075523 -3.878408  1.000000 -0.000000 -0.000000  0.075349 0.627009 1 64 1.000000
0  -2.668174 -21.356491 -3.805327  1.000000 -0.000008 -0.000514  0.075349 0.627009 1 64 1.000000
0  -2.668175 -21.438835 -3.805327  1.000000 -0.000000 -0.000010  0.075349 0.627009 1 64 1.000000
lowpoly_plastic
0  -2.668177 -21.521179 -3.706593  1.000000 0.000008 0.000007  0.075349 0.627009 1 64 1.000000
0  -2.668177 -21.521179 -3.448854  1.000000 0.000016 0.000000  0.075349 0.627009 1 64 1.000000
0  -2.668173 -21.748442 -3.706593  1.000000 0.000016 -0.000020  0.075349 0.627009 1 64 1.000000
lowpoly_plastic
0  -2.668175 -21.830786 -3.805327  1.000000 0.000002 -0.000038  0.075349 0.627009 1 64 1.000000
0  -2.668177 -21.913132 -3.805327  1.000000 -0.000022 0.001015  0.075349 0.627009 1 64 1.000000
0  -2.668179 -26.125587 -3.878406  1.000000 -0.000002 -0.000001  0.075349 0.627009 1 64 1.000000
lowpoly_plastic
0  -2.668173 -21.748442 -3.419492  1.000000 0.000018 0.000000  0.075349 0.627009 1 64 1.000000
0  -2.668173 -21.748442 -3.448854  1.000000 0.000017 0.000000  0.075349 0.627009 1 64 1.000000
0  -2.668177 -21.521179 -3.419492  1.000000 0.000016 0.000000  0.075349 0.627009 1 64 1.000000
lowpoly_plastic
0  -2.668175 -21.830786 -3.805327  1.000000 0.000002 -0.000038  0.075349 0.627009 1 64 1.000000
0  -2.668179 -26.125587 -3.878406  1.000000 -0.000002 -0.000001  0.075349 0.627009 1 64 1.000000
0  -2.668175 -21.438835 -3.805327  1.000000 -0.000000 -0.000010  0.075349 0.627009 1 64 1.000000
lowpoly_plastic
0  -2.668177 -21.521179 -3.419492  1.000000 0.000016 0.000000  0.075349 0.627009 1 64 1.000000
0  -2.668173 -21.748442 -3.448854  1.000000 0.000017 0.000000  0.075349 0.627009 1 64 1.000000
0  -2.668177 -21.521179 -3.448854  1.000000 0.000016 0.000000  0.075349 0.627009 1 64 1.000000
lowpoly_plastic
0  -2.668173 -21.748442 -3.706593  1.000000 0.000016 -0.000020  0.075349 0.627009 1 64 1.000000
0  -2.668175 -21.830786 -3.805327  1.000000 0.000002 -0.000038  0.075349 0.627009 1 64 1.000000
0  -2.668177 -21.521179 -3.706593  1.000000 0.000008 0.000007  0.075349 0.627009 1 64 1.000000
lowpoly_plastic
0  -2.668177 -21.521179 -3.448854  1.000000 0.000016 0.000000  0.075349 0.627009 1 64 1.000000
0  -2.668173 -21.748442 -3.448854  1.000000 0.000017 0.000000  0.075349 0.627009 1 64 1.000000
0  -2.668173 -21.748442 -3.706593  1.000000 0.000016 -0.000020  0.075349 0.627009 1 64 1.000000
lowpoly_plastic
0  -2.951146 -24.841230 -2.848027  0.896358 -0.000003 0.443330  0.075349 0.627009 1 64 1.000000
0  -2.951150 -26.125584 -2.848027  0.896154 0.000002 0.443744  0.075349 0.627009 1 64 1.000000
0  -2.944920 -24.841232 -2.860616  0.896253 -0.000002 0.443543  0.075349 0.627009 1 64 1.000000
lowpoly_plastic
0  -2.668179 -26.125587 -3.419491  0.896151 0.000001 0.443749  0.075349 0.627009 1 64 1.000000
0  -2.668176 -24.841232 -3.419493  0.896149 -0.000001 0.443754  0.075349 0.627009 1 64 1.000000
0  -2.944920 -24.841232 -2.860616  0.896253 -0.000002 0.443543  0.075349 0.627009 1 64 1.000000
lowpoly_plastic
0  -2.668173 -17.075523 -3.419492  0.000024 1.000000 0.000002  0.075349 0.627009 1 64 1.000000
0  -2.668173 -17.075523 -3.878408  0.000026 1.000000 0.000000  0.075349 0.627009 1 64 1.000000
0  -2.815192 -17.075520 -3.878408  0.000014 1.000000 -0.000001  0.075349 0.627009 1 64 1.000000
lowpoly_plastic
0  -2.815192 -17.075520 -3.878408  0.000014 1.000000 -0.000001  0.075349 0.627009 1 64 1.000000
0  -2.920373 -17.075520 -3.878408  0.000000 1.000000 -0.000001  0.075349 0.627009 1 64 1.000000
0  -2.912131 -17.075518 -3.384395  0.000018 1.000000 0.000004  0.075349 0.627009 1 64 1.000000
lowpoly_plastic
0  -2.912131 -17.075518 -3.384395  0.000018 1.000000 0.000004  0.075349 0.627009 1 64 1.000000
0  -3.373447 -17.075520 -3.106950  0.000000 1.000000 0.000000  0.075349 0.627009 1 64 1.000000
0  -2.951147 -17.075521 -2.848027  0.000006 1.000000 0.000005  0.075349 0.627009 1 64 1.000000
lowpoly_plastic
0  -3.373447 -17.075520 -2.848027  0.000002 1.000000 0.000004  0.075349 0.627009 1 64 1.000000
0  -2.951147 -17.075521 -2.848027  0.000006 1.000000 0.000005  0.075349 0.627009 1 64 1.000000
0  -3.373447 -17.075520 -3.106950  0.000000 1.000000 0.000000  0.075349 0.627009 1 64 1.000000
lowpoly_plastic
0  -2.668173 -17.075523 -3.419492  0.000024 1.000000 0.000002  0.075349 0.627009 1 64 1.000000
0  -2.815192 -17.075520 -3.878408  0.000014 1.000000 -0.000001  0.075349 0.627009 1 64 1.000000
0  -2.912131 -17.075518 -3.384395  0.000018 1.000000 0.000004  0.075349 0.627009 1 64 1.000000
lowpoly_plastic
0  -3.262476 -22.944057 -2.866739  0.000010 1.000000 0.000500  0.075349 0.627009 1 64 1.000000
0  -3.262472 -22.944061 -2.848026  0.000009 1.000000 0.000475  0.075349 0.627009 1 64 1.000000
0  -2.956860 -22.944059 -2.872808  0.000073 1.000000 0.000008  0.075349 0.627009 1 64 1.000000
lowpoly_plastic
0  -2.951148 -22.944059 -2.848026  0.000067 1.000000 0.000000  0.075349 0.627009 1 64 1.000000
0  -2.944912 -22.944061 -2.860615  0.000168 1.000000 0.000000  0.075349 0.627009 1 64 1.000000
0  -2.956860 -22.944059 -2.872808  0.000073 1.000000 0.000008  0.075349 0.627009 1 64 1.000000
lowpoly_plastic
0  -2.668171 -23.336010 -3.805327  0.093970 0.000003 0.995575  0.075349 0.627009 1 64 1.000000
0  -2.668175 -23.253670 -3.805327  0.093984 0.000005 0.995574  0.075349 0.627009 1 64 1.000000
0  -2.685453 -23.253664 -3.803696  0.093982 0.000004 0.995574  0.075349 0.627009 1 64 1.000000
lowpoly_plastic
0  -3.262472 -24.202255 -2.848027  1.000000 -0.000022 0.000000  0.075349 0.627009 1 64 1.000000
0  -3.262472 -24.202255 -2.866739  1.000000 -0.000022 0.000000  0.075349 0.627009 1 64 1.000000
0  -3.262469 -24.119911 -2.866739  1.000000 -0.000034 0.000000  0.075349 0.627009 1 64 1.000000
lowpoly_plastic
0  -2.668180 -22.222733 -3.448854  0.000159 -1.000000 -0.000002  0.075349 0.627009 1 64 1.000000
0  -2.692341 -22.222736 -3.446574  0.000140 -1.000000 0.000043  0.075349 0.627009 1 64 1.000000
0  -2.685452 -22.222736 -3.704963  0.000217 -1.000000 -0.000000  0.075349 0.627009 1 64 1.000000
lowpoly_plastic
0  -2.668176 -24.594204 -3.706594  0.060507 -0.766564 0.639311  0.075349 0.627009 1 64 1.000000
0  -2.685452 -24.594208 -3.704964  0.060514 -0.766563 0.639311  0.075349 0.627009 1 64 1.000000
0  -2.685452 -24.676550 -3.803697  0.060436 -0.766574 0.639305  0.075349 0.627009 1 64 1.000000
lowpoly_plastic
0  -3.262470 -19.623999 -2.848027  1.000000 -0.000046 0.000051  0.075349 0.627009 1 64 1.000000
0  -3.262470 -19.623999 -2.866738  1.000000 -0.000058 0.000000  0.075349 0.627009 1 64 1.000000
0  -3.262465 -19.541660 -2.866738  1.000000 -0.000009 0.000306  0.075349 0.627009 1 64 1.000000
lowpoly_plastic
0  -3.262473 -23.892647 -2.866739  -0.000012 1.000000 0.000000  0.075349 0.627009 1 64 1.000000
0  -3.262473 -23.892647 -2.848027  -0.000011 1.000000 0.000019  0.075349 0.627009 1 64 1.000000
0  -2.956860 -23.892643 -2.872808  -0.000047 1.000000 0.000217  0.075349 0.627009 1 64 1.000000
lowpoly_plastic
0  -2.951143 -23.892651 -2.848027  -0.000131 1.000000 0.000423  0.075349 0.627009 1 64 1.000000
0  -2.944913 -23.892643 -2.860616  -0.000248 1.000000 0.000320  0.075349 0.627009 1 64 1.000000
0  -2.956860 -23.892643 -2.872808  -0.000047 1.000000 0.000217  0.075349 0.627009 1 64 1.000000
lowpoly_plastic
0  -2.956861 -23.171326 -2.872808  -0.000146 -1.000000 -0.000001  0.075349 0.627009 1 64 1.000000
0  -2.944915 -23.171329 -2.860615  -0.000335 -1.000000 0.000064  0.075349 0.627009 1 64 1.000000
0  -2.951150 -23.171326 -2.848026  -0.000141 -1.000000 0.000044  0.075349 0.627009 1 64 1.000000
lowpoly_plastic
0  -2.951150 -23.171326 -2.848026  -0.000141 -1.000000 0.000044  0.075349 0.627009 1 64 1.000000
0  -3.262468 -23.171326 -2.848026  0.000000 -1.000000 0.000000  0.075349 0.627009 1 64 1.000000
0  -2.956861 -23.171326 -2.872808  -0.000146 -1.000000 -0.000001  0.075349 0.627009 1 64 1.000000
lowpoly_plastic
0  -3.262468 -19.933605 -2.848027  1.000000 -0.000012 0.000000  0.075349 0.627009 1 64 1.000000
0  -3.262468 -19.933605 -2.866738  1.000000 -0.000012 0.000000  0.075349 0.627009 1 64 1.000000
0  -3.262470 -19.851271 -2.866738  1.000000 0.000024 0.000000  0.075349 0.627009 1 64 1.000000
lowpoly_plastic
0  -3.262472 -20.098295 -2.848027  1.000000 0.000000 0.000000  0.075349 0.627009 1 64 1.000000
0  -3.262472 -20.098295 -2.866738  1.000000 0.000000 0.000000  0.075349 0.627009 1 64 1.000000
0  -3.262472 -20.015951 -2.866738  1.000000 -0.000024 0.000000  0.075349 0.627009 1 64 1.000000
lowpoly_plastic
0  -2.668175 -21.830786 -3.805327  0.093936 -0.000001 0.995578  0.075349 0.627009 1 64 1.000000
0  -2.685452 -21.830784 -3.803696  0.093931 -0.000001 0.995579  0.075349 0.627009 1 64 1.000000
0  -2.685453 -21.913128 -3.803696  0.093968 -0.000002 0.995575  0.075349 0.627009 1 64 1.000000
lowpoly_plastic
0  -2.668180 -22.222733 -3.706593  0.060473 -0.766556 0.639324  0.075349 0.627009 1 64 1.000000
0  -2.685452 -22.222736 -3.704963  0.060499 -0.766556 0.639321  0.075349 0.627009 1 64 1.000000
0  -2.685455 -22.305080 -3.803696  0.060203 -0.766550 0.639356  0.075349 0.627009 1 64 1.000000
lowpoly_plastic
0  -2.668176 -22.305084 -3.805327  0.093970 0.000006 0.995575  0.075349 0.627009 1 64 1.000000
0  -2.685455 -22.305080 -3.803696  0.093967 0.000007 0.995575  0.075349 0.627009 1 64 1.000000
0  -2.685450 -22.387421 -3.803696  0.093991 0.000002 0.995573  0.075349 0.627009 1 64 1.000000
lowpoly_plastic
0  -2.956860 -22.697031 -2.872808  0.000088 -1.000000 -0.000025  0.075349 0.627009 1 64 1.000000
0  -2.944914 -22.697029 -2.860615  0.000233 -1.000000 -0.000043  0.075349 0.627009 1 64 1.000000
0  -2.951146 -22.697033 -2.848026  0.000101 -1.000000 -0.000126  0.075349 0.627009 1 64 1.000000
lowpoly_plastic
0  -2.951146 -22.697033 -2.848026  0.000101 -1.000000 -0.000126  0.075349 0.627009 1 64 1.000000
0  -3.262474 -22.697031 -2.848026  -0.000000 -1.000000 -0.000006  0.075349 0.627009 1 64 1.000000
0  -2.956860 -22.697031 -2.872808  0.000088 -1.000000 -0.000025  0.075349 0.627009 1 64 1.000000
lowpoly_plastic
0  -2.956861 -19.376974 -2.872807  -0.000073 -1.000000 -0.000066  0.075349 0.627009 1 64 1.000000
0  -2.944916 -19.376976 -2.860614  -0.000167 -1.000000 0.000017  0.075349 0.627009 1 64 1.000000
0  -2.951151 -19.376974 -2.848027  -0.000075 -1.000000 -0.000060  0.075349 0.627009 1 64 1.000000
lowpoly_plastic
0  -2.951151 -19.376974 -2.848027  -0.000075 -1.000000 -0.000060  0.075349 0.627009 1 64 1.000000
0  -3.262468 -19.376972 -2.848027  -0.000006 -1.000000 -0.000006  0.075349 0.627009 1 64 1.000000
0  -2.956861 -19.376974 -2.872807  -0.000073 -1.000000 -0.000066  0.075349 0.627009 1 64 1.000000
lowpoly_plastic
0  -3.262469 -19.459320 -2.848027  1.000000 0.000013 0.000025  0.075349 0.627009 1 64 1.000000
0  -3.262472 -19.541664 -2.848027  1.000000 -0.000010 0.000357  0.075349 0.627009 1 64 1.000000
0  -3.262465 -19.541660 -2.866738  1.000000 -0.000009 0.000306  0.075349 0.627009 1 64 1.000000
lowpoly_plastic
0  -3.262470 -19.623999 -2.866738  0.000019 1.000000 0.000000  0.075349 0.627009 1 64 1.000000
0  -3.262470 -19.623999 -2.848027  0.000018 1.000000 0.000000  0.075349 0.627009 1 64 1.000000
0  -2.956860 -19.624004 -2.872807  -0.000118 1.000000 -0.000041  0.075349 0.627009 1 64 1.000000
lowpoly_plastic
0  -2.951143 -19.624001 -2.848027  -0.000068 1.000000 0.000000  0.075349 0.627009 1 64 1.000000
0  -2.944917 -19.624001 -2.860614  -0.000212 1.000000 -0.000037  0.075349 0.627009 1 64 1.000000
0  -2.956860 -19.624004 -2.872807  -0.000118 1.000000 -0.000041  0.075349 0.627009 1 64 1.000000
lowpoly_plastic
0  -2.692341 -22.222736 -3.446574  0.000140 -1.000000 0.000043  0.075349 0.627009 1 64 1.000000
0  -2.668180 -22.222733 -3.448854  0.000159 -1.000000 -0.000002  0.075349 0.627009 1 64 1.000000
0  -2.668180 -22.222733 -3.419492  0.000117 -1.000000 0.000098  0.075349 0.627009 1 64 1.000000
lowpoly_plastic
0  -2.668180 -22.222733 -3.419492  0.000117 -1.000000 0.000098  0.075349 0.627009 1 64 1.000000
0  -2.944913 -22.222733 -2.860615  0.000231 -1.000000 -0.000240  0.075349 0.627009 1 64 1.000000
0  -2.956865 -22.222734 -2.872808  0.000088 -1.000000 -0.000099  0.075349 0.627009 1 64 1.000000
lowpoly_plastic
0  -2.668177 -21.521179 -3.706593  0.060482 0.766559 0.639320  0.075349 0.627009 1 64 1.000000
0  -2.668175 -21.438835 -3.805327  0.060500 0.766562 0.639314  0.075349 0.627009 1 64 1.000000
0  -2.685453 -21.438831 -3.803696  0.060498 0.766562 0.639314  0.075349 0.627009 1 64 1.000000
lowpoly_plastic
0  -2.956861 -21.274149 -2.872808  -0.000004 -1.000000 0.000049  0.075349 0.627009 1 64 1.000000
0  -2.944912 -21.274149 -2.860615  -0.000061 -1.000000 0.000174  0.075349 0.627009 1 64 1.000000
0  -2.951148 -21.274147 -2.848028  -0.000023 -1.000000 0.000089  0.075349 0.627009 1 64 1.000000
lowpoly_plastic
0  -2.951148 -21.274147 -2.848028  -0.000023 -1.000000 0.000089  0.075349 0.627009 1 64 1.000000
0  -3.262472 -21.274153 -2.848028  0.000013 -1.000000 0.000000  0.075349 0.627009 1 64 1.000000
0  -2.956861 -21.274149 -2.872808  -0.000004 -1.000000 0.000049  0.075349 0.627009 1 64 1.000000
lowpoly_plastic
0  -3.262468 -24.758890 -2.848027  1.000000 0.000015 -0.000142  0.075349 0.627009 1 64 1.000000
0  -3.262473 -24.841230 -2.848027  1.000000 -0.000058 0.000000  0.075349 0.627009 1 64 1.000000
0  -3.262473 -24.841230 -2.866739  1.000000 -0.000053 -0.000022  0.075349 0.627009 1 64 1.000000
lowpoly_plastic
0  -2.668173 -23.418354 -3.706593  0.060527 0.766583 0.639286  0.075349 0.627009 1 64 1.000000
0  -2.668171 -23.336010 -3.805327  0.060498 0.766558 0.639319  0.075349 0.627009 1 64 1.000000
0  -2.685451 -23.336006 -3.803696  0.060501 0.766560 0.639316  0.075349 0.627009 1 64 1.000000
lowpoly_plastic
0  -2.668178 -21.274149 -3.706593  0.060461 -0.766589 0.639286  0.075349 0.627009 1 64 1.000000
0  -2.685452 -21.274153 -3.704963  0.060493 -0.766588 0.639284  0.075349 0.627009 1 64 1.000000
0  -2.685451 -21.356485 -3.803696  0.060129 -0.766599 0.639305  0.075349 0.627009 1 64 1.000000
lowpoly_plastic
0  -3.262471 -22.469765 -2.848026  1.000000 -0.000024 0.000000  0.075349 0.627009 1 64 1.000000
0  -3.262471 -22.469765 -2.866739  1.000000 -0.000024 0.000000  0.075349 0.627009 1 64 1.000000
0  -3.262469 -22.387421 -2.866739  1.000000 0.000024 0.000000  0.075349 0.627009 1 64 1.000000
lowpoly_plastic
0  -3.262470 -24.366940 -2.848027  1.000000 0.000038 0.000000  0.075349 0.627009 1 64 1.000000
0  -3.262470 -24.366940 -2.866739  1.000000 0.000039 0.000000  0.075349 0.627009 1 64 1.000000
0  -3.262473 -24.284597 -2.866739  1.000000 0.000010 0.000000  0.075349 0.627009 1 64 1.000000
lowpoly_plastic
0  -2.668178 -20.799852 -3.706593  0.060495 -0.766557 0.639320  0.075349 0.627009 1 64 1.000000
0  -2.685450 -20.799856 -3.704963  0.060499 -0.766557 0.639320  0.075349 0.627009 1 64 1.000000
0  -2.685452 -20.882200 -3.803696  0.060456 -0.766558 0.639323  0.075349 0.627009 1 64 1.000000
lowpoly_plastic
0  -3.262473 -21.046877 -2.848028  1.000000 -0.000068 0.000000  0.075349 0.627009 1 64 1.000000
0  -3.262473 -21.046877 -2.866738  1.000000 -0.000068 0.000000  0.075349 0.627009 1 64 1.000000
0  -3.262467 -20.964540 -2.866738  1.000000 0.000005 0.000000  0.075349 0.627009 1 64 1.000000
lowpoly_plastic
0  -2.692341 -21.748440 -3.446574  -0.000068 -1.000000 0.000002  0.075349 0.627009 1 64 1.000000
0  -2.668173 -21.748442 -3.448854  -0.000080 -1.000000 0.000002  0.075349 0.627009 1 64 1.000000
0  -2.668173 -21.748442 -3.419492  -0.000050 -1.000000 0.000002  0.075349 0.627009 1 64 1.000000
lowpoly_plastic
0  -2.668173 -21.748442 -3.419492  -0.000050 -1.000000 0.000002  0.075349 0.627009 1 64 1.000000
0  -2.944918 -21.748440 -2.860615  0.000442 -1.000000 0.000093  0.075349 0.627009 1 64 1.000000
0  -2.956861 -21.748446 -2.872808  0.000199 -1.000000 0.000155  0.075349 0.627009 1 64 1.000000
lowpoly_plastic
0  -2.668173 -24.119911 -3.448854  0.000010 -1.000000 0.000102  0.075349 0.627009 1 64 1.000000
0  -2.692339 -24.119911 -3.446574  0.000037 -1.000000 0.000072  0.075349 0.627009 1 64 1.000000
0  -2.685448 -24.119911 -3.704963  0.000207 -1.000000 -0.000013  0.075349 0.627009 1 64 1.000000
lowpoly_plastic
0  -2.668173 -20.964537 -3.805327  0.093994 0.000005 0.995573  0.075349 0.627009 1 64 1.000000
0  -2.668178 -20.882198 -3.805327  0.093976 0.000006 0.995575  0.075349 0.627009 1 64 1.000000
0  -2.685452 -20.882200 -3.803696  0.093979 0.000006 0.995574  0.075349 0.627009 1 64 1.000000
lowpoly_plastic
0  -3.262470 -22.861719 -2.848026  1.000000 -0.000026 -0.000014  0.075349 0.627009 1 64 1.000000
0  -3.262472 -22.944061 -2.848026  1.000000 -0.000024 -0.000204  0.075349 0.627009 1 64 1.000000
0  -3.262476 -22.944057 -2.866739  1.000000 -0.000031 -0.000175  0.075349 0.627009 1 64 1.000000
lowpoly_plastic
0  -3.262471 -22.779373 -2.848026  1.000000 0.000022 0.000000  0.075349 0.627009 1 64 1.000000
0  -3.262470 -22.861719 -2.848026  1.000000 -0.000026 -0.000014  0.075349 0.627009 1 64 1.000000
0  -3.262470 -22.861719 -2.866739  1.000000 -0.000029 0.000000  0.075349 0.627009 1 64 1.000000
lowpoly_plastic
0  -2.668174 -21.356491 -3.805327  0.093972 -0.000003 0.995575  0.075349 0.627009 1 64 1.000000
0  -2.685451 -21.356485 -3.803696  0.093973 -0.000003 0.995575  0.075349 0.627009 1 64 1.000000
0  -2.685453 -21.438831 -3.803696  0.093967 -0.000002 0.995575  0.075349 0.627009 1 64 1.000000
lowpoly_plastic
0  -2.956857 -19.851265 -2.872807  -0.000130 -1.000000 -0.000035  0.075349 0.627009 1 64 1.000000
0  -2.944910 -19.851269 -2.860614  -0.000274 -1.000000 -0.000063  0.075349 0.627009 1 64 1.000000
0  -2.951146 -19.851267 -2.848027  -0.000098 -1.000000 -0.000022  0.075349 0.627009 1 64 1.000000
lowpoly_plastic
0  -2.951146 -19.851267 -2.848027  -0.000098 -1.000000 -0.000022  0.075349 0.627009 1 64 1.000000
0  -3.262470 -19.851271 -2.848027  0.000018 -1.000000 0.000000  0.075349 0.627009 1 64 1.000000
0  -2.956857 -19.851265 -2.872807  -0.000130 -1.000000 -0.000035  0.075349 0.627009 1 64 1.000000
lowpoly_plastic
0  -3.262475 -21.521175 -2.848028  1.000000 -0.000010 0.000000  0.075349 0.627009 1 64 1.000000
0  -3.262475 -21.521175 -2.866738  1.000000 -0.000010 0.000000  0.075349 0.627009 1 64 1.000000
0  -3.262474 -21.438831 -2.866738  1.000000 -0.000048 0.000000  0.075349 0.627009 1 64 1.000000
lowpoly_plastic
0  -2.692337 -19.376976 -3.446573  0.000139 -1.000000 0.000026  0.075349 0.627009 1 64 1.000000
0  -2.668174 -19.376972 -3.448853  0.000157 -1.000000 -0.000005  0.075349 0.627009 1 64 1.000000
0  -2.668174 -19.376972 -3.419491  0.000115 -1.000000 0.000065  0.075349 0.627009 1 64 1.000000
lowpoly_plastic
0  -2.668174 -19.376972 -3.419491  0.000115 -1.000000 0.000065  0.075349 0.627009 1 64 1.000000
0  -2.944916 -19.376976 -2.860614  -0.000167 -1.000000 0.000017  0.075349 0.627009 1 64 1.000000
0  -2.956861 -19.376974 -2.872807  -0.000073 -1.000000 -0.000066  0.075349 0.627009 1 64 1.000000
lowpoly_plastic
0  -2.668175 -20.098299 -3.706592  0.060409 0.766553 0.639333  0.075349 0.627009 1 64 1.000000
0  -2.668174 -20.015955 -3.805326  0.060508 0.766556 0.639320  0.075349 0.627009 1 64 1.000000
0  -2.685451 -20.015951 -3.803695  0.060499 0.766556 0.639321  0.075349 0.627009 1 64 1.000000
lowpoly_plastic
0  -2.668172 -20.325562 -3.706592  0.060230 -0.766582 0.639316  0.075349 0.627009 1 64 1.000000
0  -2.685450 -20.325560 -3.704962  0.060237 -0.766583 0.639313  0.075349 0.627009 1 64 1.000000
0  -2.685451 -20.407904 -3.803695  0.060162 -0.766567 0.639340  0.075349 0.627009 1 64 1.000000
lowpoly_plastic
0  -3.262475 -22.305080 -2.848028  1.000000 0.000010 0.000000  0.075349 0.627009 1 64 1.000000
0  -3.262475 -22.305080 -2.866739  1.000000 0.000010 0.000000  0.075349 0.627009 1 64 1.000000
0  -3.262471 -22.222736 -2.866739  1.000000 -0.000044 0.000000  0.075349 0.627009 1 64 1.000000
lowpoly_plastic
0  -2.668178 -19.459316 -3.805326  0.094019 -0.000003 0.995570  0.075349 0.627009 1 64 1.000000
0  -2.685446 -19.459318 -3.803695  0.094031 -0.000005 0.995569  0.075349 0.627009 1 64 1.000000
0  -2.685451 -19.541655 -3.803695  0.093953 0.000006 0.995577  0.075349 0.627009 1 64 1.000000
lowpoly_plastic
0  -2.668174 -19.376972 -3.448853  0.000157 -1.000000 -0.000005  0.075349 0.627009 1 64 1.000000
0  -2.692337 -19.376976 -3.446573  0.000139 -1.000000 0.000026  0.075349 0.627009 1 64 1.000000
0  -2.685448 -19.376974 -3.704962  0.000113 -1.000000 -0.000001  0.075349 0.627009 1 64 1.000000
lowpoly_plastic
0  -2.668177 -23.645620 -3.448854  -0.000082 -1.000000 -0.000002  0.075349 0.627009 1 64 1.000000
0  -2.692343 -23.645618 -3.446574  -0.000070 -1.000000 -0.000002  0.075349 0.627009 1 64 1.000000
0  -2.685453 -23.645617 -3.704963  -0.000213 -1.000000 -0.000000  0.075349 0.627009 1 64 1.000000
lowpoly_plastic
0  -2.692339 -24.119911 -3.446574  0.000037 -1.000000 0.000072  0.075349 0.627009 1 64 1.000000
0  -2.668173 -24.119911 -3.448854  0.000010 -1.000000 0.000102  0.075349 0.627009 1 64 1.000000
0  -2.668177 -24.119907 -3.419492  0.000078 -1.000000 0.000093  0.075349 0.627009 1 64 1.000000
lowpoly_plastic
0  -2.668177 -24.119907 -3.419492  0.000078 -1.000000 0.000093  0.075349 0.627009 1 64 1.000000
0  -2.944915 -24.119911 -2.860616  0.000064 -1.000000 -0.000019  0.075349 0.627009 1 64 1.000000
0  -2.956862 -24.119911 -2.872808  0.000014 -1.000000 0.000029  0.075349 0.627009 1 64 1.000000
lowpoly_plastic
0  -2.692343 -23.645618 -3.446574  -0.000070 -1.000000 -0.000002  0.075349 0.627009 1 64 1.000000
0  -2.668177 -23.645620 -3.448854  -0.000082 -1.000000 -0.000002  0.075349 0.627009 1 64 1.000000
0  -2.668177 -23.645620 -3.419492  -0.000056 -1.000000 0.000001  0.075349 0.627009 1 64 1.000000
lowpoly_plastic
0  -2.668177 -23.645620 -3.419492  -0.000056 -1.000000 0.000001  0.075349 0.627009 1 64 1.000000
0  -2.944916 -23.645613 -2.860616  0.000439 -1.000000 -0.000113  0.075349 0.627009 1 64 1.000000
0  -2.956858 -23.645618 -2.872808  0.000201 -1.000000 0.000068  0.075349 0.627009 1 64 1.000000
lowpoly_plastic
0  -2.956864 -24.594204 -2.872808  -0.000006 -1.000000 -0.000027  0.075349 0.627009 1 64 1.000000
0  -2.944910 -24.594204 -2.860616  -0.000062 -1.000000 -0.000026  0.075349 0.627009 1 64 1.000000
0  -2.951146 -24.594202 -2.848027  -0.000027 -1.000000 0.000000  0.075349 0.627009 1 64 1.000000
lowpoly_plastic
0  -2.951146 -24.594202 -2.848027  -0.000027 -1.000000 0.000000  0.075349 0.627009 1 64 1.000000
0  -3.262470 -24.594206 -2.848027  0.000007 -1.000000 0.000000  0.075349 0.627009 1 64 1.000000
0  -2.956864 -24.594204 -2.872808  -0.000006 -1.000000 -0.000027  0.075349 0.627009 1 64 1.000000
lowpoly_plastic
0  -3.262470 -24.594206 -2.848027  1.000000 -0.000038 0.000000  0.075349 0.627009 1 64 1.000000
0  -3.262473 -24.676550 -2.848027  1.000000 -0.000002 -0.000011  0.075349 0.627009 1 64 1.000000
0  -3.262473 -24.676550 -2.866739  1.000000 -0.000005 0.000000  0.075349 0.627009 1 64 1.000000
lowpoly_plastic
0  -3.262469 -19.459320 -2.848027  1.000000 0.000013 0.000025  0.075349 0.627009 1 64 1.000000
0  -3.262469 -19.459320 -2.866738  1.000000 0.000019 0.000000  0.075349 0.627009 1 64 1.000000
0  -3.262468 -19.376972 -2.866738  1.000000 -0.000009 0.000000  0.075349 0.627009 1 64 1.000000
lowpoly_plastic
0  -2.668175 -24.366938 -3.706594  0.060231 0.766590 0.639306  0.075349 0.627009 1 64 1.000000
0  -2.668178 -24.284597 -3.805328  0.060263 0.766589 0.639304  0.075349 0.627009 1 64 1.000000
0  -2.685452 -24.284599 -3.803697  0.060260 0.766589 0.639304  0.075349 0.627009 1 64 1.000000
lowpoly_plastic
0  -2.668178 -20.799852 -3.448854  0.000082 -1.000000 -0.000002  0.075349 0.627009 1 64 1.000000
0  -2.692340 -20.799854 -3.446574  0.000071 -1.000000 -0.000002  0.075349 0.627009 1 64 1.000000
0  -2.685450 -20.799856 -3.704963  0.000213 -1.000000 -0.000000  0.075349 0.627009 1 64 1.000000
lowpoly_plastic
0  -2.956864 -20.799854 -2.872808  -0.000060 -1.000000 -0.000023  0.075349 0.627009 1 64 1.000000
0  -2.944917 -20.799856 -2.860615  -0.000104 -1.000000 -0.000086  0.075349 0.627009 1 64 1.000000
0  -2.951143 -20.799856 -2.848028  -0.000040 -1.000000 -0.000045  0.075349 0.627009 1 64 1.000000
lowpoly_plastic
0  -2.951143 -20.799856 -2.848028  -0.000040 -1.000000 -0.000045  0.075349 0.627009 1 64 1.000000
0  -3.262470 -20.799854 -2.848028  -0.000000 -1.000000 0.000000  0.075349 0.627009 1 64 1.000000
0  -2.956864 -20.799854 -2.872808  -0.000060 -1.000000 -0.000023  0.075349 0.627009 1 64 1.000000
lowpoly_plastic
0  -2.668172 -20.325562 -3.448853  0.000006 -1.000000 0.000145  0.075349 0.627009 1 64 1.000000
0  -2.692339 -20.325562 -3.446573  0.000054 -1.000000 0.000096  0.075349 0.627009 1 64 1.000000
0  -2.685450 -20.325560 -3.704962  -0.000104 -1.000000 -0.000000  0.075349 0.627009 1 64 1.000000
lowpoly_plastic
0  -2.956862 -24.119911 -2.872808  0.000014 -1.000000 0.000029  0.075349 0.627009 1 64 1.000000
0  -2.944915 -24.119911 -2.860616  0.000064 -1.000000 -0.000019  0.075349 0.627009 1 64 1.000000
0  -2.951149 -24.119913 -2.848027  0.000031 -1.000000 0.000082  0.075349 0.627009 1 64 1.000000
lowpoly_plastic
0  -2.951149 -24.119913 -2.848027  0.000031 -1.000000 0.000082  0.075349 0.627009 1 64 1.000000
0  -3.262469 -24.119911 -2.848027  -0.000000 -1.000000 0.000006  0.075349 0.627009 1 64 1.000000
0  -2.956862 -24.119911 -2.872808  0.000014 -1.000000 0.000029  0.075349 0.627009 1 64 1.000000
lowpoly_plastic
0  -2.692339 -20.325562 -3.446573  0.000054 -1.000000 0.000096  0.075349 0.627009 1 64 1.000000
0  -2.668172 -20.325562 -3.448853  0.000006 -1.000000 0.000145  0.075349 0.627009 1 64 1.000000
0  -2.668175 -20.325556 -3.419491  0.000113 -1.000000 0.000118  0.075349 0.627009 1 64 1.000000
lowpoly_plastic
0  -2.668175 -20.325556 -3.419491  0.000113 -1.000000 0.000118  0.075349 0.627009 1 64 1.000000
0  -2.944916 -20.325560 -2.860615  -0.000042 -1.000000 -0.000235  0.075349 0.627009 1 64 1.000000
0  -2.956861 -20.325558 -2.872808  -0.000048 -1.000000 -0.000095  0.075349 0.627009 1 64 1.000000
lowpoly_plastic
0  -2.668178 -20.490246 -3.805326  0.093991 -0.000002 0.995573  0.075349 0.627009 1 64 1.000000
0  -2.668172 -20.407907 -3.805326  0.093975 -0.000007 0.995575  0.075349 0.627009 1 64 1.000000
0  -2.685451 -20.407904 -3.803695  0.093978 -0.000006 0.995574  0.075349 0.627009 1 64 1.000000
lowpoly_plastic
0  -3.262470 -21.995468 -2.866738  0.000000 1.000000 0.000000  0.075349 0.627009 1 64 1.000000
0  -3.262470 -21.995468 -2.848028  0.000001 1.000000 0.000000  0.075349 0.627009 1 64 1.000000
0  -2.956863 -21.995468 -2.872808  0.000050 1.000000 0.000033  0.075349 0.627009 1 64 1.000000
lowpoly_plastic
0  -2.951148 -21.995472 -2.848028  0.000009 1.000000 0.000089  0.075349 0.627009 1 64 1.000000
0  -2.944917 -21.995470 -2.860615  0.000043 1.000000 0.000160  0.075349 0.627009 1 64 1.000000
0  -2.956863 -21.995468 -2.872808  0.000050 1.000000 0.000033  0.075349 0.627009 1 64 1.000000
lowpoly_plastic
0  -2.668176 -22.779371 -3.805327  0.093991 -0.000001 0.995573  0.075349 0.627009 1 64 1.000000
0  -2.685449 -22.779371 -3.803696  0.093993 -0.000001 0.995573  0.075349 0.627009 1 64 1.000000
0  -2.685450 -22.861719 -3.803696  0.093980 -0.000002 0.995574  0.075349 0.627009 1 64 1.000000
lowpoly_plastic
0  -2.668177 -23.645620 -3.706593  0.060145 -0.766576 0.639331  0.075349 0.627009 1 64 1.000000
0  -2.685453 -23.645617 -3.704963  0.060135 -0.766573 0.639335  0.075349 0.627009 1 64 1.000000
0  -2.685449 -23.727959 -3.803696  0.060245 -0.766599 0.639293  0.075349 0.627009 1 64 1.000000
lowpoly_plastic
0  -2.668173 -21.748442 -3.448854  -0.000080 -1.000000 0.000002  0.075349 0.627009 1 64 1.000000
0  -2.692341 -21.748440 -3.446574  -0.000068 -1.000000 0.000002  0.075349 0.627009 1 64 1.000000
0  -2.685452 -21.748440 -3.704963  -0.000109 -1.000000 0.000000  0.075349 0.627009 1 64 1.000000
lowpoly_plastic
0  -2.692337 -22.697029 -3.446574  0.000038 -1.000000 0.000041  0.075349 0.627009 1 64 1.000000
0  -2.668180 -22.697029 -3.448854  0.000010 -1.000000 0.000072  0.075349 0.627009 1 64 1.000000
0  -2.668174 -22.697025 -3.419492  0.000081 -1.000000 0.000043  0.075349 0.627009 1 64 1.000000
lowpoly_plastic
0  -2.668174 -22.697025 -3.419492  0.000081 -1.000000 0.000043  0.075349 0.627009 1 64 1.000000
0  -2.944914 -22.697029 -2.860615  0.000233 -1.000000 -0.000043  0.075349 0.627009 1 64 1.000000
0  -2.956860 -22.697031 -2.872808  0.000088 -1.000000 -0.000025  0.075349 0.627009 1 64 1.000000
lowpoly_plastic
0  -3.262473 -23.892647 -2.848027  1.000000 -0.000036 0.000000  0.075349 0.627009 1 64 1.000000
0  -3.262473 -23.892647 -2.866739  1.000000 -0.000036 0.000000  0.075349 0.627009 1 64 1.000000
0  -3.262470 -23.810303 -2.866739  1.000000 -0.000029 0.000000  0.075349 0.627009 1 64 1.000000
lowpoly_plastic
0  -3.262472 -21.274153 -2.848028  1.000000 0.000058 0.000000  0.075349 0.627009 1 64 1.000000
0  -3.262467 -21.356491 -2.848028  1.000000 -0.000010 0.000000  0.075349 0.627009 1 64 1.000000
0  -3.262467 -21.356491 -2.866738  1.000000 -0.000010 0.000000  0.075349 0.627009 1 64 1.000000
lowpoly_plastic
0  -3.262472 -23.418348 -2.848026  1.000000 -0.000010 0.000000  0.075349 0.627009 1 64 1.000000
0  -3.262472 -23.418348 -2.866739  1.000000 -0.000010 0.000000  0.075349 0.627009 1 64 1.000000
0  -3.262471 -23.336004 -2.866739  1.000000 -0.000012 0.000000  0.075349 0.627009 1 64 1.000000
lowpoly_plastic
0  -2.668174 -19.376972 -3.706592  0.060416 -0.766570 0.639312  0.075349 0.627009 1 64 1.000000
0  -2.685448 -19.376974 -3.704962  0.060412 -0.766571 0.639312  0.075349 0.627009 1 64 1.000000
0  -2.685446 -19.459318 -3.803695  0.060465 -0.766561 0.639319  0.075349 0.627009 1 64 1.000000
lowpoly_plastic
0  -2.668173 -19.624001 -3.706592  0.060401 0.766557 0.639330  0.075349 0.627009 1 64 1.000000
0  -2.668171 -19.541656 -3.805326  0.060433 0.766574 0.639306  0.075349 0.627009 1 64 1.000000
0  -2.685451 -19.541655 -3.803695  0.060430 0.766573 0.639308  0.075349 0.627009 1 64 1.000000
lowpoly_plastic
0  -3.262472 -23.418348 -2.866739  0.000031 1.000000 0.000000  0.075349 0.627009 1 64 1.000000
0  -3.262472 -23.418348 -2.848026  0.000031 1.000000 -0.000013  0.075349 0.627009 1 64 1.000000
0  -2.956859 -23.418358 -2.872808  -0.000185 1.000000 -0.000141  0.075349 0.627009 1 64 1.000000
lowpoly_plastic
0  -2.951149 -23.418354 -2.848026  -0.000130 1.000000 -0.000164  0.075349 0.627009 1 64 1.000000
0  -2.944917 -23.418352 -2.860615  -0.000380 1.000000 -0.000037  0.075349 0.627009 1 64 1.000000
0  -2.956859 -23.418358 -2.872808  -0.000185 1.000000 -0.000141  0.075349 0.627009 1 64 1.000000
lowpoly_plastic
0  -3.262468 -20.572588 -2.848028  1.000000 0.000048 0.000000  0.075349 0.627009 1 64 1.000000
0  -3.262468 -20.572588 -2.866738  1.000000 0.000048 0.000000  0.075349 0.627009 1 64 1.000000
0  -3.262472 -20.490248 -2.866738  1.000000 0.000012 0.000000  0.075349 0.627009 1 64 1.000000
lowpoly_plastic
0  -3.262471 -22.779373 -2.848026  1.000000 0.000022 0.000000  0.075349 0.627009 1 64 1.000000
0  -3.262471 -22.779373 -2.866739  1.000000 0.000022 0.000000  0.075349 0.627009 1 64 1.000000
0  -3.262474 -22.697031 -2.866739  1.000000 0.000038 0.000000  0.075349 0.627009 1 64 1.000000
lowpoly_plastic
0  -2.668174 -22.697025 -3.706593  0.060484 -0.766581 0.639293  0.075349 0.627009 1 64 1.000000
0  -2.685447 -22.697029 -3.704963  0.060495 -0.766582 0.639290  0.075349 0.627009 1 64 1.000000
0  -2.685449 -22.779371 -3.803696  0.060372 -0.766565 0.639323  0.075349 0.627009 1 64 1.000000
lowpoly_plastic
0  -2.956865 -22.222734 -2.872808  0.000088 -1.000000 -0.000099  0.075349 0.627009 1 64 1.000000
0  -2.944913 -22.222733 -2.860615  0.000231 -1.000000 -0.000240  0.075349 0.627009 1 64 1.000000
0  -2.951144 -22.222736 -2.848028  0.000105 -1.000000 -0.000215  0.075349 0.627009 1 64 1.000000
lowpoly_plastic
0  -2.951144 -22.222736 -2.848028  0.000105 -1.000000 -0.000215  0.075349 0.627009 1 64 1.000000
0  -3.262471 -22.222736 -2.848026  0.000006 -1.000000 -0.000006  0.075349 0.627009 1 64 1.000000
0  -2.956865 -22.222734 -2.872808  0.000088 -1.000000 -0.000099  0.075349 0.627009 1 64 1.000000
lowpoly_plastic
0  -3.262473 -21.046877 -2.866738  0.000025 1.000000 0.000000  0.075349 0.627009 1 64 1.000000
0  -3.262473 -21.046877 -2.848028  0.000024 1.000000 -0.000006  0.075349 0.627009 1 64 1.000000
0  -2.956863 -21.046885 -2.872808  0.000104 1.000000 -0.000076  0.075349 0.627009 1 64 1.000000
lowpoly_plastic
0  -2.951145 -21.046881 -2.848028  0.000148 1.000000 -0.000260  0.075349 0.627009 1 64 1.000000
0  -2.944915 -21.046886 -2.860615  0.000291 1.000000 -0.000282  0.075349 0.627009 1 64 1.000000
0  -2.956863 -21.046885 -2.872808  0.000104 1.000000 -0.000076  0.075349 0.627009 1 64 1.000000
lowpoly_plastic
0  -2.692340 -20.799854 -3.446574  0.000071 -1.000000 -0.000002  0.075349 0.627009 1 64 1.000000
0  -2.668178 -20.799852 -3.448854  0.000082 -1.000000 -0.000002  0.075349 0.627009 1 64 1.000000
0  -2.668178 -20.799852 -3.419492  0.000058 -1.000000 -0.000000  0.075349 0.627009 1 64 1.000000
lowpoly_plastic
0  -2.668178 -20.799852 -3.419492  0.000058 -1.000000 -0.000000  0.075349 0.627009 1 64 1.000000
0  -2.944917 -20.799856 -2.860615  -0.000104 -1.000000 -0.000086  0.075349 0.627009 1 64 1.000000
0  -2.956864 -20.799854 -2.872808  -0.000060 -1.000000 -0.000023  0.075349 0.627009 1 64 1.000000
lowpoly_plastic
0  -2.956858 -23.645618 -2.872808  0.000201 -1.000000 0.000068  0.075349 0.627009 1 64 1.000000
0  -2.944916 -23.645613 -2.860616  0.000439 -1.000000 -0.000113  0.075349 0.627009 1 64 1.000000
0  -2.951146 -23.645617 -2.848027  0.000173 -1.000000 -0.000007  0.075349 0.627009 1 64 1.000000
lowpoly_plastic
0  -2.951146 -23.645617 -2.848027  0.000173 -1.000000 -0.000007  0.075349 0.627009 1 64 1.000000
0  -3.262476 -23.645615 -2.848026  -0.000012 -1.000000 0.000006  0.075349 0.627009 1 64 1.000000
0  -2.956858 -23.645618 -2.872808  0.000201 -1.000000 0.000068  0.075349 0.627009 1 64 1.000000
lowpoly_plastic
0  -2.668175 -21.995468 -3.706593  0.060244 0.766579 0.639318  0.075349 0.627009 1 64 1.000000
0  -2.668177 -21.913132 -3.805327  0.060509 0.766595 0.639273  0.075349 0.627009 1 64 1.000000
0  -2.685453 -21.913128 -3.803696  0.060485 0.766594 0.639277  0.075349 0.627009 1 64 1.000000
lowpoly_plastic
0  -3.262474 -20.882200 -2.848028  1.000000 0.000019 0.000000  0.075349 0.627009 1 64 1.000000
0  -3.262474 -20.882200 -2.866738  1.000000 0.000019 0.000000  0.075349 0.627009 1 64 1.000000
0  -3.262470 -20.799854 -2.866738  1.000000 -0.000048 0.000000  0.075349 0.627009 1 64 1.000000
lowpoly_plastic
0  -2.692338 -21.274143 -3.446574  -0.000170 -1.000000 0.000079  0.075349 0.627009 1 64 1.000000
0  -2.668178 -21.274149 -3.448854  -0.000220 -1.000000 0.000162  0.075349 0.627009 1 64 1.000000
0  -2.668173 -21.274145 -3.419492  -0.000093 -1.000000 0.000056  0.075349 0.627009 1 64 1.000000
lowpoly_plastic
0  -2.668173 -21.274145 -3.419492  -0.000093 -1.000000 0.000056  0.075349 0.627009 1 64 1.000000
0  -2.944912 -21.274149 -2.860615  -0.000061 -1.000000 0.000174  0.075349 0.627009 1 64 1.000000
0  -2.956861 -21.274149 -2.872808  -0.000004 -1.000000 0.000049  0.075349 0.627009 1 64 1.000000
lowpoly_plastic
0  -3.262471 -23.336004 -2.848026  1.000000 -0.000012 0.000000  0.075349 0.627009 1 64 1.000000
0  -3.262471 -23.336004 -2.866739  1.000000 -0.000012 0.000000  0.075349 0.627009 1 64 1.000000
0  -3.262470 -23.253672 -2.866739  1.000000 -0.000017 0.000000  0.075349 0.627009 1 64 1.000000
lowpoly_plastic
0  -3.262467 -20.964540 -2.848028  1.000000 0.000005 0.000000  0.075349 0.627009 1 64 1.000000
0  -3.262467 -20.964540 -2.866738  1.000000 0.000005 0.000000  0.075349 0.627009 1 64 1.000000
0  -3.262474 -20.882200 -2.866738  1.000000 0.000019 0.000000  0.075349 0.627009 1 64 1.000000
lowpoly_plastic
0  -2.668173 -21.748442 -3.706593  0.060212 -0.766565 0.639337  0.075349 0.627009 1 64 1.000000
0  -2.685452 -21.748440 -3.704963  0.060209 -0.766565 0.639337  0.075349 0.627009 1 64 1.000000
0  -2.685452 -21.830784 -3.803696  0.060247 -0.766565 0.639335  0.075349 0.627009 1 64 1.000000
lowpoly_plastic
0  -2.668173 -20.572586 -3.706592  0.060222 0.766604 0.639290  0.075349 0.627009 1 64 1.000000
0  -2.668178 -20.490246 -3.805326  0.060266 0.766567 0.639330  0.075349 0.627009 1 64 1.000000
0  -2.685452 -20.490248 -3.803695  0.060262 0.766570 0.639327  0.075349 0.627009 1 64 1.000000
lowpoly_plastic
0  -2.668177 -24.119907 -3.706593  0.060520 -0.766567 0.639306  0.075349 0.627009 1 64 1.000000
0  -2.685448 -24.119911 -3.704963  0.060529 -0.766568 0.639304  0.075349 0.627009 1 64 1.000000
0  -2.685452 -24.202255 -3.803697  0.060426 -0.766552 0.639333  0.075349 0.627009 1 64 1.000000
lowpoly_plastic
0  -2.668175 -21.046883 -3.706593  0.060451 0.766580 0.639297  0.075349 0.627009 1 64 1.000000
0  -2.668173 -20.964537 -3.805327  0.060104 0.766569 0.639343  0.075349 0.627009 1 64 1.000000
0  -2.685447 -20.964542 -3.803696  0.060135 0.766570 0.639339  0.075349 0.627009 1 64 1.000000
lowpoly_plastic
0  -2.668176 -24.594204 -3.448855  0.000236 -1.000000 -0.000010  0.075349 0.627009 1 64 1.000000
0  -2.692340 -24.594210 -3.446575  0.000208 -1.000000 0.000037  0.075349 0.627009 1 64 1.000000
0  -2.685452 -24.594208 -3.704964  0.000222 -1.000000 -0.000001  0.075349 0.627009 1 64 1.000000
lowpoly_plastic
0  -2.692340 -24.594210 -3.446575  0.000208 -1.000000 0.000037  0.075349 0.627009 1 64 1.000000
0  -2.668176 -24.594204 -3.448855  0.000236 -1.000000 -0.000010  0.075349 0.627009 1 64 1.000000
0  -2.668176 -24.594204 -3.419493  0.000171 -1.000000 0.000097  0.075349 0.627009 1 64 1.000000
lowpoly_plastic
0  -2.668176 -24.594204 -3.419493  0.000171 -1.000000 0.000097  0.075349 0.627009 1 64 1.000000
0  -2.944910 -24.594204 -2.860616  -0.000062 -1.000000 -0.000026  0.075349 0.627009 1 64 1.000000
0  -2.956864 -24.594204 -2.872808  -0.000006 -1.000000 -0.000027  0.075349 0.627009 1 64 1.000000
lowpoly_plastic
0  -3.262470 -21.995468 -2.848028  1.000000 0.000048 0.000000  0.075349 0.627009 1 64 1.000000
0  -3.262470 -21.995468 -2.866738  1.000000 0.000048 0.000000  0.075349 0.627009 1 64 1.000000
0  -3.262474 -21.913128 -2.866738  1.000000 0.000010 0.000000  0.075349 0.627009 1 64 1.000000
lowpoly_plastic
0  -2.668176 -19.851269 -3.706592  0.060133 -0.766580 0.639327  0.075349 0.627009 1 64 1.000000
0  -2.685454 -19.851265 -3.704962  0.060130 -0.766580 0.639328  0.075349 0.627009 1 64 1.000000
0  -2.685448 -19.933607 -3.803695  0.060163 -0.766586 0.639318  0.075349 0.627009 1 64 1.000000
lowpoly_plastic
0  -2.692342 -23.171324 -3.446574  -0.000069 -1.000000 -0.000004  0.075349 0.627009 1 64 1.000000
0  -2.668173 -23.171326 -3.448854  -0.000077 -1.000000 -0.000005  0.075349 0.627009 1 64 1.000000
0  -2.668173 -23.171326 -3.419492  -0.000059 -1.000000 -0.000000  0.075349 0.627009 1 64 1.000000
lowpoly_plastic
0  -2.668173 -23.171326 -3.419492  -0.000059 -1.000000 -0.000000  0.075349 0.627009 1 64 1.000000
0  -2.944915 -23.171329 -2.860615  -0.000335 -1.000000 0.000064  0.075349 0.627009 1 64 1.000000
0  -2.956861 -23.171326 -2.872808  -0.000146 -1.000000 -0.000001  0.075349 0.627009 1 64 1.000000
lowpoly_plastic
0  -2.944910 -24.594204 -2.860616  0.896117 0.000016 0.443818  0.075349 0.627009 1 64 1.000000
0  -2.668176 -24.594204 -3.419493  0.896154 0.000000 0.443744  0.075349 0.627009 1 64 1.000000
0  -2.944914 -24.366940 -2.860616  0.896106 0.000012 0.443841  0.075349 0.627009 1 64 1.000000
lowpoly_plastic
0  -2.944914 -24.366940 -2.860616  0.896106 0.000012 0.443841  0.075349 0.627009 1 64 1.000000
0  -2.951151 -24.366938 -2.848027  0.896057 0.000014 0.443938  0.075349 0.627009 1 64 1.000000
0  -2.944910 -24.594204 -2.860616  0.896117 0.000016 0.443818  0.075349 0.627009 1 64 1.000000
lowpoly_plastic
0  -2.668176 -24.594204 -3.419493  0.896154 0.000000 0.443744  0.075349 0.627009 1 64 1.000000
0  -2.668175 -24.366938 -3.419493  0.896154 -0.000003 0.443744  0.075349 0.627009 1 64 1.000000
0  -2.944914 -24.366940 -2.860616  0.896106 0.000012 0.443841  0.075349 0.627009 1 64 1.000000
lowpoly_plastic
0  -2.944915 -24.119911 -2.860616  0.896146 -0.000007 0.443759  0.075349 0.627009 1 64 1.000000
0  -2.668177 -24.119907 -3.419492  0.896154 0.000001 0.443744  0.075349 0.627009 1 64 1.000000
0  -2.944913 -23.892643 -2.860616  0.896196 -0.000014 0.443658  0.075349 0.627009 1 64 1.000000
lowpoly_plastic
0  -2.944913 -23.892643 -2.860616  0.896196 -0.000014 0.443658  0.075349 0.627009 1 64 1.000000
0  -2.951143 -23.892651 -2.848027  0.896244 -0.000023 0.443562  0.075349 0.627009 1 64 1.000000
0  -2.951149 -24.119913 -2.848027  0.896145 -0.000008 0.443762  0.075349 0.627009 1 64 1.000000
lowpoly_plastic
0  -2.668177 -24.119907 -3.419492  0.896154 0.000001 0.443744  0.075349 0.627009 1 64 1.000000
0  -2.668178 -23.892647 -3.419492  0.896154 0.000003 0.443743  0.075349 0.627009 1 64 1.000000
0  -2.944913 -23.892643 -2.860616  0.896196 -0.000014 0.443658  0.075349 0.627009 1 64 1.000000
lowpoly_plastic
0  -2.944916 -23.645613 -2.860616  0.896196 0.000004 0.443658  0.075349 0.627009 1 64 1.000000
0  -2.668177 -23.645620 -3.419492  0.896150 -0.000015 0.443751  0.075349 0.627009 1 64 1.000000
0  -2.668173 -23.418354 -3.419492  0.896150 -0.000011 0.443751  0.075349 0.627009 1 64 1.000000
lowpoly_plastic
0  -2.668173 -23.418354 -3.419492  0.896150 -0.000011 0.443751  0.075349 0.627009 1 64 1.000000
0  -2.944917 -23.418352 -2.860615  0.896174 0.000002 0.443702  0.075349 0.627009 1 64 1.000000
0  -2.944916 -23.645613 -2.860616  0.896196 0.000004 0.443658  0.075349 0.627009 1 64 1.000000
lowpoly_plastic
0  -2.951149 -23.418354 -2.848026  0.896199 0.000003 0.443652  0.075349 0.627009 1 64 1.000000
0  -2.951146 -23.645617 -2.848027  0.896244 0.000009 0.443563  0.075349 0.627009 1 64 1.000000
0  -2.944916 -23.645613 -2.860616  0.896196 0.000004 0.443658  0.075349 0.627009 1 64 1.000000
lowpoly_plastic
0  -2.944915 -23.171329 -2.860615  0.896131 -0.000006 0.443790  0.075349 0.627009 1 64 1.000000
0  -2.668173 -23.171326 -3.419492  0.896151 0.000019 0.443750  0.075349 0.627009 1 64 1.000000
0  -2.668178 -22.944061 -3.419492  0.896152 0.000012 0.443747  0.075349 0.627009 1 64 1.000000
lowpoly_plastic
0  -2.668178 -22.944061 -3.419492  0.896152 0.000012 0.443747  0.075349 0.627009 1 64 1.000000
0  -2.944912 -22.944061 -2.860615  0.896121 -0.000012 0.443810  0.075349 0.627009 1 64 1.000000
0  -2.944915 -23.171329 -2.860615  0.896131 -0.000006 0.443790  0.075349 0.627009 1 64 1.000000
lowpoly_plastic
0  -2.951148 -22.944059 -2.848026  0.896087 -0.000011 0.443878  0.075349 0.627009 1 64 1.000000
0  -2.951150 -23.171326 -2.848026  0.896107 -0.000007 0.443838  0.075349 0.627009 1 64 1.000000
0  -2.944915 -23.171329 -2.860615  0.896131 -0.000006 0.443790  0.075349 0.627009 1 64 1.000000
lowpoly_plastic
0  -2.944914 -22.697029 -2.860615  0.896170 0.000003 0.443711  0.075349 0.627009 1 64 1.000000
0  -2.668174 -22.697025 -3.419492  0.896152 0.000015 0.443747  0.075349 0.627009 1 64 1.000000
0  -2.668178 -22.469763 -3.419492  0.896152 0.000010 0.443746  0.075349 0.627009 1 64 1.000000
lowpoly_plastic
0  -2.668178 -22.469763 -3.419492  0.896152 0.000010 0.443746  0.075349 0.627009 1 64 1.000000
0  -2.944912 -22.469761 -2.860615  0.896120 -0.000009 0.443812  0.075349 0.627009 1 64 1.000000
0  -2.944914 -22.697029 -2.860615  0.896170 0.000003 0.443711  0.075349 0.627009 1 64 1.000000
lowpoly_plastic
0  -2.951147 -22.469761 -2.848028  0.896091 -0.000009 0.443871  0.075349 0.627009 1 64 1.000000
0  -2.951146 -22.697033 -2.848026  0.896191 0.000009 0.443668  0.075349 0.627009 1 64 1.000000
0  -2.944914 -22.697029 -2.860615  0.896170 0.000003 0.443711  0.075349 0.627009 1 64 1.000000
lowpoly_plastic
0  -2.944913 -22.222733 -2.860615  0.896174 0.000016 0.443702  0.075349 0.627009 1 64 1.000000
0  -2.668180 -22.222733 -3.419492  0.896152 -0.000011 0.443747  0.075349 0.627009 1 64 1.000000
0  -2.944917 -21.995470 -2.860615  0.896172 0.000011 0.443707  0.075349 0.627009 1 64 1.000000
lowpoly_plastic
0  -2.944917 -21.995470 -2.860615  0.896172 0.000011 0.443707  0.075349 0.627009 1 64 1.000000
0  -2.951148 -21.995472 -2.848028  0.896191 0.000014 0.443669  0.075349 0.627009 1 64 1.000000
0  -2.944913 -22.222733 -2.860615  0.896174 0.000016 0.443702  0.075349 0.627009 1 64 1.000000
lowpoly_plastic
0  -2.668180 -22.222733 -3.419492  0.896152 -0.000011 0.443747  0.075349 0.627009 1 64 1.000000
0  -2.668175 -21.995468 -3.419492  0.896152 -0.000019 0.443747  0.075349 0.627009 1 64 1.000000
0  -2.944917 -21.995470 -2.860615  0.896172 0.000011 0.443707  0.075349 0.627009 1 64 1.000000
lowpoly_plastic
0  -2.944918 -21.748440 -2.860615  0.896158 -0.000006 0.443735  0.075349 0.627009 1 64 1.000000
0  -2.668173 -21.748442 -3.419492  0.896151 0.000015 0.443750  0.075349 0.627009 1 64 1.000000
0  -2.668177 -21.521179 -3.419492  0.896151 0.000009 0.443749  0.075349 0.627009 1 64 1.000000
lowpoly_plastic
0  -2.668177 -21.521179 -3.419492  0.896151 0.000009 0.443749  0.075349 0.627009 1 64 1.000000
0  -2.944915 -21.521172 -2.860615  0.896141 -0.000012 0.443768  0.075349 0.627009 1 64 1.000000
0  -2.944918 -21.748440 -2.860615  0.896158 -0.000006 0.443735  0.075349 0.627009 1 64 1.000000
lowpoly_plastic
0  -2.951148 -21.521175 -2.848028  0.896132 -0.000011 0.443787  0.075349 0.627009 1 64 1.000000
0  -2.951150 -21.748444 -2.848028  0.896166 -0.000007 0.443720  0.075349 0.627009 1 64 1.000000
0  -2.944918 -21.748440 -2.860615  0.896158 -0.000006 0.443735  0.075349 0.627009 1 64 1.000000
lowpoly_plastic
0  -2.944912 -21.274149 -2.860615  0.896110 -0.000001 0.443832  0.075349 0.627009 1 64 1.000000
0  -2.668173 -21.274145 -3.419492  0.896150 0.000008 0.443752  0.075349 0.627009 1 64 1.000000
0  -2.668175 -21.046883 -3.419492  0.896150 0.000009 0.443750  0.075349 0.627009 1 64 1.000000
lowpoly_plastic
0  -2.668175 -21.046883 -3.419492  0.896150 0.000009 0.443750  0.075349 0.627009 1 64 1.000000
0  -2.944915 -21.046886 -2.860615  0.896189 0.000011 0.443673  0.075349 0.627009 1 64 1.000000
0  -2.944912 -21.274149 -2.860615  0.896110 -0.000001 0.443832  0.075349 0.627009 1 64 1.000000
lowpoly_plastic
0  -2.951145 -21.046881 -2.848028  0.896217 0.000011 0.443615  0.075349 0.627009 1 64 1.000000
0  -2.951148 -21.274147 -2.848028  0.896062 -0.000012 0.443930  0.075349 0.627009 1 64 1.000000
0  -2.944912 -21.274149 -2.860615  0.896110 -0.000001 0.443832  0.075349 0.627009 1 64 1.000000
lowpoly_plastic
0  -2.944917 -20.799856 -2.860615  0.896241 -0.000008 0.443568  0.075349 0.627009 1 64 1.000000
0  -2.668178 -20.799852 -3.419492  0.896149 -0.000018 0.443753  0.075349 0.627009 1 64 1.000000
0  -2.944915 -20.572590 -2.860615  0.896136 0.000004 0.443780  0.075349 0.627009 1 64 1.000000
lowpoly_plastic
0  -2.944915 -20.572590 -2.860615  0.896136 0.000004 0.443780  0.075349 0.627009 1 64 1.000000
0  -2.951149 -20.572586 -2.848028  0.896111 0.000021 0.443831  0.075349 0.627009 1 64 1.000000
0  -2.951143 -20.799856 -2.848028  0.896319 -0.000006 0.443409  0.075349 0.627009 1 64 1.000000
lowpoly_plastic
0  -2.668178 -20.799852 -3.419492  0.896149 -0.000018 0.443753  0.075349 0.627009 1 64 1.000000
0  -2.668173 -20.572586 -3.419491  0.896148 -0.000020 0.443756  0.075349 0.627009 1 64 1.000000
0  -2.944915 -20.572590 -2.860615  0.896136 0.000004 0.443780  0.075349 0.627009 1 64 1.000000
lowpoly_plastic
0  -2.944916 -20.325560 -2.860615  0.896160 -0.000012 0.443732  0.075349 0.627009 1 64 1.000000
0  -2.668175 -20.325556 -3.419491  0.896154 -0.000003 0.443744  0.075349 0.627009 1 64 1.000000
0  -2.944912 -20.098293 -2.860615  0.896146 -0.000014 0.443759  0.075349 0.627009 1 64 1.000000
lowpoly_plastic
0  -2.944912 -20.098293 -2.860615  0.896146 -0.000014 0.443759  0.075349 0.627009 1 64 1.000000
0  -2.951145 -20.098297 -2.848028  0.896140 -0.000016 0.443772  0.075349 0.627009 1 64 1.000000
0  -2.944916 -20.325560 -2.860615  0.896160 -0.000012 0.443732  0.075349 0.627009 1 64 1.000000
lowpoly_plastic
0  -2.668175 -20.325556 -3.419491  0.896154 -0.000003 0.443744  0.075349 0.627009 1 64 1.000000
0  -2.668175 -20.098299 -3.419491  0.896154 0.000000 0.443743  0.075349 0.627009 1 64 1.000000
0  -2.944912 -20.098293 -2.860615  0.896146 -0.000014 0.443759  0.075349 0.627009 1 64 1.000000
lowpoly_plastic
0  -2.944910 -19.851269 -2.860614  0.896109 0.000005 0.443835  0.075349 0.627009 1 64 1.000000
0  -2.668176 -19.851269 -3.419491  0.896156 -0.000010 0.443738  0.075349 0.627009 1 64 1.000000
0  -2.668173 -19.624001 -3.419491  0.896155 -0.000002 0.443742  0.075349 0.627009 1 64 1.000000
lowpoly_plastic
0  -2.668173 -19.624001 -3.419491  0.896155 -0.000002 0.443742  0.075349 0.627009 1 64 1.000000
0  -2.944917 -19.624001 -2.860614  0.896235 0.000025 0.443579  0.075349 0.627009 1 64 1.000000
0  -2.944910 -19.851269 -2.860614  0.896109 0.000005 0.443835  0.075349 0.627009 1 64 1.000000
lowpoly_plastic
0  -2.951143 -19.624001 -2.848027  0.896312 0.000024 0.443424  0.075349 0.627009 1 64 1.000000
0  -2.951146 -19.851267 -2.848027  0.896056 -0.000009 0.443941  0.075349 0.627009 1 64 1.000000
0  -2.944910 -19.851269 -2.860614  0.896109 0.000005 0.443835  0.075349 0.627009 1 64 1.000000
lowpoly_plastic
0  -2.944916 -19.376976 -2.860614  0.896117 -0.000001 0.443818  0.075349 0.627009 1 64 1.000000
0  -2.668174 -19.376972 -3.419491  0.896150 0.000000 0.443751  0.075349 0.627009 1 64 1.000000
0  -2.668173 -17.075523 -3.419492  0.896151 -0.000001 0.443749  0.075349 0.627009 1 64 1.000000
lowpoly_plastic
0  -2.668173 -17.075523 -3.419492  0.896151 -0.000001 0.443749  0.075349 0.627009 1 64 1.000000
0  -2.951147 -17.075521 -2.848027  0.896151 -0.000001 0.443749  0.075349 0.627009 1 64 1.000000
0  -2.944916 -19.376976 -2.860614  0.896117 -0.000001 0.443818  0.075349 0.627009 1 64 1.000000
lowpoly_plastic
0  -3.262472 -20.490248 -2.848028  1.000000 0.000012 0.000000  0.075349 0.627009 1 64 1.000000
0  -3.262472 -20.490248 -2.866738  1.000000 0.000012 0.000000  0.075349 0.627009 1 64 1.000000
0  -3.262470 -20.407904 -2.866738  1.000000 -0.000013 0.000000  0.075349 0.627009 1 64 1.000000
lowpoly_plastic
0  -2.956861 -20.325558 -2.872808  -0.000048 -1.000000 -0.000095  0.075349 0.627009 1 64 1.000000
0  -2.944916 -20.325560 -2.860615  -0.000042 -1.000000 -0.000235  0.075349 0.627009 1 64 1.000000
0  -2.951148 -20.325562 -2.848028  -0.000009 -1.000000 -0.000215  0.075349 0.627009 1 64 1.000000
lowpoly_plastic
0  -2.951148 -20.325562 -2.848028  -0.000009 -1.000000 -0.000215  0.075349 0.627009 1 64 1.000000
0  -3.262470 -20.325558 -2.848027  -0.000001 -1.000000 -0.000006  0.075349 0.627009 1 64 1.000000
0  -2.956861 -20.325558 -2.872808  -0.000048 -1.000000 -0.000095  0.075349 0.627009 1 64 1.000000
lowpoly_plastic
0  -2.668178 -24.284597 -3.805328  0.093948 -0.000001 0.995577  0.075349 0.627009 1 64 1.000000
0  -2.668176 -24.202253 -3.805328  0.093960 -0.000003 0.995576  0.075349 0.627009 1 64 1.000000
0  -2.685452 -24.202255 -3.803697  0.093958 -0.000002 0.995576  0.075349 0.627009 1 64 1.000000
lowpoly_plastic
0  -2.668173 -23.171326 -3.706593  0.060306 -0.766603 0.639284  0.075349 0.627009 1 64 1.000000
0  -2.685449 -23.171326 -3.704963  0.060328 -0.766605 0.639279  0.075349 0.627009 1 64 1.000000
0  -2.685453 -23.253664 -3.803696  0.060083 -0.766584 0.639327  0.075349 0.627009 1 64 1.000000
lowpoly_plastic
0  -2.668171 -23.727961 -3.805327  0.093972 -0.000002 0.995575  0.075349 0.627009 1 64 1.000000
0  -2.685449 -23.727959 -3.803696  0.093967 -0.000001 0.995575  0.075349 0.627009 1 64 1.000000
0  -2.685450 -23.810305 -3.803696  0.093998 -0.000006 0.995572  0.075349 0.627009 1 64 1.000000
lowpoly_plastic
0  -3.262471 -22.469765 -2.866739  0.000006 1.000000 0.000000  0.075349 0.627009 1 64 1.000000
0  -3.262471 -22.469765 -2.848026  0.000005 1.000000 -0.000006  0.075349 0.627009 1 64 1.000000
0  -2.956864 -22.469767 -2.872808  -0.000186 1.000000 -0.000168  0.075349 0.627009 1 64 1.000000
lowpoly_plastic
0  -2.951147 -22.469761 -2.848028  -0.000116 1.000000 -0.000171  0.075349 0.627009 1 64 1.000000
0  -2.944912 -22.469761 -2.860615  -0.000317 1.000000 -0.000234  0.075349 0.627009 1 64 1.000000
0  -2.956864 -22.469767 -2.872808  -0.000186 1.000000 -0.000168  0.075349 0.627009 1 64 1.000000
lowpoly_plastic
0  -3.262470 -23.810303 -2.848026  1.000000 -0.000029 0.000000  0.075349 0.627009 1 64 1.000000
0  -3.262470 -23.810303 -2.866739  1.000000 -0.000029 0.000000  0.075349 0.627009 1 64 1.000000
0  -3.262468 -23.727959 -2.866739  1.000000 0.000034 0.000000  0.075349 0.627009 1 64 1.000000
lowpoly_plastic
0  -2.668180 -24.676548 -3.805328  0.094000 0.000002 0.995572  0.075349 0.627009 1 64 1.000000
0  -2.685452 -24.676550 -3.803697  0.094000 0.000001 0.995572  0.075349 0.627009 1 64 1.000000
0  -2.685452 -24.758888 -3.803697  0.093998 0.000006 0.995572  0.075349 0.627009 1 64 1.000000
lowpoly_plastic
0  -3.262473 -24.676550 -2.848027  1.000000 -0.000002 -0.000011  0.075349 0.627009 1 64 1.000000
0  -3.262468 -24.758890 -2.848027  1.000000 0.000015 -0.000142  0.075349 0.627009 1 64 1.000000
0  -3.262471 -24.758888 -2.866739  1.000000 0.000015 -0.000142  0.075349 0.627009 1 64 1.000000
lowpoly_plastic
0  -2.692344 -19.851267 -3.446573  -0.000071 -1.000000 -0.000023  0.075349 0.627009 1 64 1.000000
0  -2.668176 -19.851269 -3.448853  -0.000082 -1.000000 -0.000010  0.075349 0.627009 1 64 1.000000
0  -2.668176 -19.851269 -3.419491  -0.000063 -1.000000 -0.000033  0.075349 0.627009 1 64 1.000000
lowpoly_plastic
0  -2.668176 -19.851269 -3.419491  -0.000063 -1.000000 -0.000033  0.075349 0.627009 1 64 1.000000
0  -2.944910 -19.851269 -2.860614  -0.000274 -1.000000 -0.000063  0.075349 0.627009 1 64 1.000000
0  -2.956857 -19.851265 -2.872807  -0.000130 -1.000000 -0.000035  0.075349 0.627009 1 64 1.000000
lowpoly_plastic
0  -2.956861 -21.748446 -2.872808  0.000199 -1.000000 0.000155  0.075349 0.627009 1 64 1.000000
0  -2.944918 -21.748440 -2.860615  0.000442 -1.000000 0.000093  0.075349 0.627009 1 64 1.000000
0  -2.951150 -21.748444 -2.848028  0.000165 -1.000000 0.000082  0.075349 0.627009 1 64 1.000000
lowpoly_plastic
0  -2.951150 -21.748444 -2.848028  0.000165 -1.000000 0.000082  0.075349 0.627009 1 64 1.000000
0  -3.262471 -21.748438 -2.848028  -0.000025 -1.000000 0.000006  0.075349 0.627009 1 64 1.000000
0  -2.956861 -21.748446 -2.872808  0.000199 -1.000000 0.000155  0.075349 0.627009 1 64 1.000000
lowpoly_plastic
0  -2.668176 -19.851269 -3.448853  -0.000082 -1.000000 -0.000010  0.075349 0.627009 1 64 1.000000
0  -2.692344 -19.851267 -3.446573  -0.000071 -1.000000 -0.000023  0.075349 0.627009 1 64 1.000000
0  -2.685454 -19.851265 -3.704962  -0.000213 -1.000000 -0.000001  0.075349 0.627009 1 64 1.000000
lowpoly_plastic
0  -3.262470 -24.366940 -2.866739  -0.000006 1.000000 0.000000  0.075349 0.627009 1 64 1.000000
0  -3.262470 -24.366940 -2.848027  -0.000006 1.000000 0.000000  0.075349 0.627009 1 64 1.000000
0  -2.956862 -24.366938 -2.872808  0.000069 1.000000 0.000083  0.075349 0.627009 1 64 1.000000
lowpoly_plastic
0  -2.951151 -24.366938 -2.848027  0.000067 1.000000 0.000000  0.075349 0.627009 1 64 1.000000
0  -2.944914 -24.366940 -2.860616  0.000167 1.000000 0.000075  0.075349 0.627009 1 64 1.000000
0  -2.956862 -24.366938 -2.872808  0.000069 1.000000 0.000083  0.075349 0.627009 1 64 1.000000
lowpoly_plastic
0  -2.668176 -24.841232 -3.706594  0.060406 0.766567 0.639316  0.075349 0.627009 1 64 1.000000
0  -2.668174 -24.758890 -3.805328  0.060438 0.766569 0.639312  0.075349 0.627009 1 64 1.000000
0  -2.685452 -24.758888 -3.803697  0.060435 0.766569 0.639312  0.075349 0.627009 1 64 1.000000
lowpoly_plastic
0  -3.262470 -23.253672 -2.848026  1.000000 -0.000017 0.000000  0.075349 0.627009 1 64 1.000000
0  -3.262470 -23.253672 -2.866739  1.000000 -0.000017 0.000000  0.075349 0.627009 1 64 1.000000
0  -3.262468 -23.171326 -2.866739  1.000000 -0.000023 0.000000  0.075349 0.627009 1 64 1.000000
lowpoly_plastic
0  -2.668173 -23.171326 -3.448854  -0.000077 -1.000000 -0.000005  0.075349 0.627009 1 64 1.000000
0  -2.692342 -23.171324 -3.446574  -0.000069 -1.000000 -0.000004  0.075349 0.627009 1 64 1.000000
0  -2.685449 -23.171326 -3.704963  -0.000004 -1.000000 -0.000001  0.075349 0.627009 1 64 1.000000
lowpoly_plastic
0  -3.262468 -19.933605 -2.848027  1.000000 -0.000012 0.000000  0.075349 0.627009 1 64 1.000000
0  -3.262472 -20.015951 -2.848027  1.000000 -0.000024 0.000000  0.075349 0.627009 1 64 1.000000
0  -3.262472 -20.015951 -2.866738  1.000000 -0.000024 0.000000  0.075349 0.627009 1 64 1.000000
lowpoly_plastic
0  -3.262473 -24.841230 -2.866739  0.000019 1.000000 0.000000  0.075349 0.627009 1 64 1.000000
0  -3.262473 -24.841230 -2.848027  0.000018 1.000000 -0.000013  0.075349 0.627009 1 64 1.000000
0  -2.956861 -24.841236 -2.872808  -0.000108 1.000000 -0.000176  0.075349 0.627009 1 64 1.000000
lowpoly_plastic
0  -2.951146 -24.841230 -2.848027  -0.000037 1.000000 -0.000253  0.075349 0.627009 1 64 1.000000
0  -2.944920 -24.841232 -2.860616  -0.000150 1.000000 -0.000197  0.075349 0.627009 1 64 1.000000
0  -2.956861 -24.841236 -2.872808  -0.000108 1.000000 -0.000176  0.075349 0.627009 1 64 1.000000
lowpoly_plastic
0  -3.262472 -20.098295 -2.866738  -0.000012 1.000000 0.000000  0.075349 0.627009 1 64 1.000000
0  -3.262472 -20.098295 -2.848027  -0.000012 1.000000 0.000013  0.075349 0.627009 1 64 1.000000
0  -2.956858 -20.098291 -2.872808  0.000040 1.000000 0.000142  0.075349 0.627009 1 64 1.000000
lowpoly_plastic
0  -2.951145 -20.098297 -2.848028  -0.000030 1.000000 0.000164  0.075349 0.627009 1 64 1.000000
0  -2.944912 -20.098293 -2.860615  -0.000016 1.000000 0.000037  0.075349 0.627009 1 64 1.000000
0  -2.956858 -20.098291 -2.872808  0.000040 1.000000 0.000142  0.075349 0.627009 1 64 1.000000
lowpoly_plastic
0  -2.668172 -19.933611 -3.805326  0.093979 -0.000003 0.995574  0.075349 0.627009 1 64 1.000000
0  -2.685448 -19.933607 -3.803695  0.093979 -0.000003 0.995574  0.075349 0.627009 1 64 1.000000
0  -2.685451 -20.015951 -3.803695  0.093981 -0.000002 0.995574  0.075349 0.627009 1 64 1.000000
lowpoly_plastic
0  -2.668178 -23.892647 -3.706593  0.060298 0.766568 0.639325  0.075349 0.627009 1 64 1.000000
0  -2.668177 -23.810301 -3.805327  0.060202 0.766571 0.639331  0.075349 0.627009 1 64 1.000000
0  -2.685450 -23.810305 -3.803696  0.060210 0.766571 0.639331  0.075349 0.627009 1 64 1.000000
lowpoly_plastic
0  -2.668178 -21.274149 -3.448854  -0.000220 -1.000000 0.000162  0.075349 0.627009 1 64 1.000000
0  -2.692338 -21.274143 -3.446574  -0.000170 -1.000000 0.000079  0.075349 0.627009 1 64 1.000000
0  -2.685452 -21.274153 -3.704963  0.000196 -1.000000 0.000001  0.075349 0.627009 1 64 1.000000
lowpoly_plastic
0  -3.262475 -21.521175 -2.866738  -0.000006 1.000000 0.000000  0.075349 0.627009 1 64 1.000000
0  -3.262475 -21.521175 -2.848028  -0.000006 1.000000 -0.000006  0.075349 0.627009 1 64 1.000000
0  -2.956861 -21.521173 -2.872808  -0.000081 1.000000 -0.000057  0.075349 0.627009 1 64 1.000000
lowpoly_plastic
0  -2.951148 -21.521175 -2.848028  -0.000105 1.000000 0.000007  0.075349 0.627009 1 64 1.000000
0  -2.944915 -21.521172 -2.860615  -0.000227 1.000000 0.000123  0.075349 0.627009 1 64 1.000000
0  -2.956861 -21.521173 -2.872808  -0.000081 1.000000 -0.000057  0.075349 0.627009 1 64 1.000000
lowpoly_plastic
0  -3.262470 -20.407904 -2.848028  1.000000 -0.000013 0.000000  0.075349 0.627009 1 64 1.000000
0  -3.262470 -20.407904 -2.866738  1.000000 -0.000013 0.000000  0.075349 0.627009 1 64 1.000000
0  -3.262470 -20.325558 -2.866738  1.000000 -0.000000 0.000000  0.075349 0.627009 1 64 1.000000
lowpoly_plastic
0  -3.262468 -20.572588 -2.866738  0.000006 1.000000 0.000000  0.075349 0.627009 1 64 1.000000
0  -3.262468 -20.572588 -2.848028  0.000006 1.000000 -0.000013  0.075349 0.627009 1 64 1.000000
0  -2.956861 -20.572590 -2.872808  0.000021 1.000000 -0.000110  0.075349 0.627009 1 64 1.000000
lowpoly_plastic
0  -2.951149 -20.572586 -2.848028  0.000065 1.000000 -0.000297  0.075349 0.627009 1 64 1.000000
0  -2.944915 -20.572590 -2.860615  0.000123 1.000000 -0.000202  0.075349 0.627009 1 64 1.000000
0  -2.956861 -20.572590 -2.872808  0.000021 1.000000 -0.000110  0.075349 0.627009 1 64 1.000000
lowpoly_plastic
0  -3.262472 -21.830782 -2.848028  1.000000 -0.000017 0.000000  0.075349 0.627009 1 64 1.000000
0  -3.262474 -21.913128 -2.848028  1.000000 0.000010 0.000000  0.075349 0.627009 1 64 1.000000
0  -3.262474 -21.913128 -2.866738  1.000000 0.000010 0.000000  0.075349 0.627009 1 64 1.000000
lowpoly_plastic
0  -2.668178 -22.944061 -3.706593  0.060594 0.766583 0.639280  0.075349 0.627009 1 64 1.000000
0  -2.668178 -22.861713 -3.805327  0.060113 0.766580 0.639329  0.075349 0.627009 1 64 1.000000
0  -2.685450 -22.861719 -3.803696  0.060156 0.766580 0.639325  0.075349 0.627009 1 64 1.000000
lowpoly_plastic
0  -3.262473 -24.284597 -2.848027  1.000000 0.000010 0.000000  0.075349 0.627009 1 64 1.000000
0  -3.262473 -24.284597 -2.866739  1.000000 0.000010 0.000000  0.075349 0.627009 1 64 1.000000
0  -3.262472 -24.202255 -2.866739  1.000000 -0.000022 0.000000  0.075349 0.627009 1 64 1.000000
lowpoly_plastic
0  -2.668178 -22.469763 -3.706593  0.060107 0.766577 0.639334  0.075349 0.627009 1 64 1.000000
0  -2.668175 -22.387417 -3.805327  0.060195 0.766564 0.639340  0.075349 0.627009 1 64 1.000000
0  -2.685450 -22.387421 -3.803696  0.060187 0.766565 0.639340  0.075349 0.627009 1 64 1.000000
lowpoly_plastic
0  -3.262469 -22.387421 -2.848028  1.000000 0.000024 0.000000  0.075349 0.627009 1 64 1.000000
0  -3.262469 -22.387421 -2.866739  1.000000 0.000024 0.000000  0.075349 0.627009 1 64 1.000000
0  -3.262475 -22.305080 -2.866739  1.000000 0.000010 0.000000  0.075349 0.627009 1 64 1.000000
lowpoly_plastic
0  -2.668180 -22.697029 -3.448854  0.000010 -1.000000 0.000072  0.075349 0.627009 1 64 1.000000
0  -2.692337 -22.697029 -3.446574  0.000038 -1.000000 0.000041  0.075349 0.627009 1 64 1.000000
0  -2.685447 -22.697029 -3.704963  0.000207 -1.000000 -0.000013  0.075349 0.627009 1 64 1.000000
lowpoly_plastic
0  -3.262476 -23.645615 -2.848026  1.000000 0.000092 0.000000  0.075349 0.627009 1 64 1.000000
0  -3.262468 -23.727959 -2.848026  1.000000 0.000034 0.000000  0.075349 0.627009 1 64 1.000000
0  -3.262468 -23.727959 -2.866739  1.000000 0.000034 0.000000  0.075349 0.627009 1 64 1.000000
lowpoly_plastic
0  -3.262474 -21.438831 -2.848028  1.000000 -0.000048 0.000000  0.075349 0.627009 1 64 1.000000
0  -3.262474 -21.438831 -2.866738  1.000000 -0.000048 0.000000  0.075349 0.627009 1 64 1.000000
0  -3.262467 -21.356491 -2.866738  1.000000 -0.000010 0.000000  0.075349 0.627009 1 64 1.000000
lowpoly_plastic
0  -3.262472 -21.830782 -2.848028  1.000000 -0.000017 0.000000  0.075349 0.627009 1 64 1.000000
0  -3.262472 -21.830782 -2.866738  1.000000 -0.000017 0.000000  0.075349 0.627009 1 64 1.000000
0  -3.262471 -21.748438 -2.866738  1.000000 -0.000010 0.000000  0.075349 0.627009 1 64 1.000000
end
