version 1
nodes
0 "ValveBiped.Bip01_Spine4" -1
1 "ValveBiped.Bip01_L_Clavicle" 0
2 "ValveBiped.Bip01_L_UpperArm" 1
3 "ValveBiped.Bip01_L_Forearm" 2
4 "ValveBiped.Bip01_L_Hand" 3
5 "ValveBiped.Bip01_L_Finger4" 4
6 "ValveBiped.Bip01_L_Finger41" 5
7 "ValveBiped.Bip01_L_Finger42" 6
8 "ValveBiped.Bip01_L_Finger3" 4
9 "ValveBiped.Bip01_L_Finger31" 8
10 "ValveBiped.Bip01_L_Finger32" 9
11 "ValveBiped.Bip01_L_Finger2" 4
12 "ValveBiped.Bip01_L_Finger21" 11
13 "ValveBiped.Bip01_L_Finger22" 12
14 "ValveBiped.Bip01_L_Finger1" 4
15 "ValveBiped.Bip01_L_Finger11" 14
16 "ValveBiped.Bip01_L_Finger12" 15
17 "ValveBiped.Bip01_L_Finger0" 4
18 "ValveBiped.Bip01_L_Finger01" 17
19 "ValveBiped.Bip01_L_Finger02" 18
20 "ValveBiped.Bip01_L_Ulna" 3
21 "ValveBiped.Bip01_L_Wrist" 3
22 "rig_l_upperarm" 1
23 "rig_l_forearm" 22
24 "rig_d_l_forearm" 23
25 "rig_d_l_upperarm" 22
26 "ValveBiped.Bip01_R_Clavicle" 0
27 "ValveBiped.Bip01_R_UpperArm" 26
28 "ValveBiped.Bip01_R_Forearm" 27
29 "ValveBiped.Bip01_R_Hand" 28
30 "ValveBiped.Bip01_R_Finger4" 29
31 "ValveBiped.Bip01_R_Finger41" 30
32 "ValveBiped.Bip01_R_Finger42" 31
33 "ValveBiped.Bip01_R_Finger3" 29
34 "ValveBiped.Bip01_R_Finger31" 33
35 "ValveBiped.Bip01_R_Finger32" 34
36 "ValveBiped.Bip01_R_Finger2" 29
37 "ValveBiped.Bip01_R_Finger21" 36
38 "ValveBiped.Bip01_R_Finger22" 37
39 "ValveBiped.Bip01_R_Finger1" 29
40 "ValveBiped.Bip01_R_Finger11" 39
41 "ValveBiped.Bip01_R_Finger12" 40
42 "ValveBiped.Bip01_R_Finger0" 29
43 "ValveBiped.Bip01_R_Finger01" 42
44 "ValveBiped.Bip01_R_Finger02" 43
45 "ValveBiped.Bip01_R_Ulna" 28
46 "ValveBiped.Bip01_R_Wrist" 28
47 "rig_r_upperarm" 26
48 "rig_r_forearm" 47
49 "rig_d_r_forearm" 48
50 "rig_d_r_upperarm" 47
51 "rig_r_hand" -1
52 "rig_d_r_hand" 51
53 "rig_d_r_wrist" 52
54 "rig_l_hand" -1
55 "rig_d_l_hand" 54
56 "rig_d_l_wrist" 54
57 "rig_l_pole" -1
58 "rig_r_pole" -1
59 "rig_l_clavicle" -1
60 "rig_d_l_clavicle" 59
61 "rig_r_clavicle" -1
62 "rig_d_r_clavicle" 61
63 "Camera" -1
64 "body" -1
65 "trigger" 64
66 "barrel" 64
67 "bulletdoor" 64
68 "pump" 64
69 "bolt" 68
70 "tac" 68
71 "bullet2" 64
72 "catch" 64
73 "hookontop" 64
74 "bullet1" -1
end
skeleton
time 0
0  0.000006 0.000000 0.000000  -1.570800 -1.391899 -1.570792
1  2.033349 1.000767 1.937657  -1.544960 -1.855077 -0.198626
2  6.027515 -0.000326 0.000204  -1.583281 0.045956 -0.585171
3  11.692120 0.000528 -0.000741  -0.000018 -0.000000 -0.056697
4  11.481219 0.000216 -0.000752  1.576890 -0.106581 0.041970
5  3.859509 -0.142883 -1.192049  -0.468164 0.151540 -0.880272
6  1.312589 0.000013 0.000007  -0.000026 0.000045 -0.439738
7  0.729353 0.000051 0.000049  0.000017 0.000021 -0.244318
8  3.942146 0.046269 -0.431512  -0.151810 0.073212 -0.811101
9  1.539109 0.000083 0.000005  -0.000007 0.000021 -0.247841
10  1.196331 0.000143 0.000029  0.000012 0.000019 -0.430771
11  3.883508 -0.047272 0.431381  0.085898 0.021851 -0.587925
12  1.719575 -0.000028 0.000015  0.000015 0.005519 -0.366533
13  1.209179 0.000091 0.000012  0.000004 0.003092 -0.216437
14  3.859662 -0.138478 1.332410  0.354468 -0.042725 -0.531804
15  1.719453 -0.000009 0.000021  0.000029 0.004070 -0.363021
16  1.099675 0.000047 0.000006  0.000003 0.002579 -0.244381
17  0.805995 -0.349054 1.321254  -1.222687 -0.679194 -0.788886
18  1.789818 -0.000004 -0.000018  0.000012 -0.000024 0.228522
19  1.207011 -0.000013 -0.000045  0.000002 -0.000008 0.362858
20  5.740637 0.000410 -0.000702  0.003119 0.000003 0.000071
21  11.481257 0.000262 -0.000831  0.004951 0.000185 -0.001480
22  6.027524 -0.000330 0.000203  0.059584 -2.453119 -2.193916
23  0.000001 11.692101 -0.000006  -0.043310 -0.000838 -0.036607
24  0.000003 0.000009 0.000001  0.868996 -0.000031 1.570739
25  -0.000000 -0.000012 -0.000001  0.868957 0.000002 1.570712
26  2.033355 1.000772 -1.937609  1.473131 1.855076 -0.198627
27  6.027508 -0.000258 -0.000237  1.639678 -0.005938 -0.586605
28  11.691988 0.000145 0.000867  -0.000046 -0.000001 -0.056062
29  11.481175 0.000050 0.000829  -1.565092 0.106516 0.042004
30  3.859437 -0.132786 1.193062  0.466291 -0.158048 -0.878829
31  1.312561 0.000025 -0.000001  0.000011 -0.000044 -0.439710
32  0.729343 0.000065 -0.000028  -0.000023 -0.000019 -0.244285
33  3.942049 0.050108 0.430997  0.150090 -0.079180 -0.810199
34  1.539095 0.000009 -0.000000  0.000010 -0.000008 -0.247820
35  1.196298 0.000074 -0.000003  -0.000007 -0.000009 -0.430783
36  3.883413 -0.050504 -0.431087  -0.085915 -0.026391 -0.587671
37  1.719565 -0.000079 -0.000003  -0.000006 -0.007962 -0.366483
38  1.209196 0.000035 0.000011  0.000002 -0.004460 -0.216413
39  3.859587 -0.149112 -1.331323  -0.354446 0.038580 -0.531963
40  1.719414 -0.000101 -0.000035  -0.000028 -0.006585 -0.363032
41  1.099673 0.000024 0.000006  0.000004 -0.004187 -0.244346
42  0.805980 -0.359856 -1.318338  1.221444 0.673631 -0.793566
43  1.789782 -0.000009 -0.000044  -0.000028 0.000031 0.228552
44  1.206996 -0.000006 0.000005  -0.000017 0.000020 0.362911
45  5.740572 0.000055 0.000723  0.002082 -0.000014 0.000021
46  11.481179 0.000045 0.000935  -0.000025 -0.000087 -0.001749
47  6.027515 -0.000273 -0.000237  0.007374 -0.632955 -2.161837
48  -0.000000 11.691975 -0.000006  -0.042810 0.000798 0.036188
49  0.000003 -0.000003 -0.000000  2.272569 -0.000041 1.570856
50  -0.000007 -0.000015 0.000005  2.272644 -0.000030 1.570865
51  -22.676567 -0.984331 -17.554111  -1.605366 2.379717 -0.041994
52  0.000001 0.000002 -0.000000  0.008153 -0.000259 0.000009
53  -0.000000 -0.000001 0.000000  1.565115 0.043565 -0.106862
54  22.676517 -0.984221 -17.554199  1.605712 0.761853 0.042358
55  0.000001 -0.000003 -0.000000  0.000000 -0.000000 -0.000002
56  0.000032 0.000027 0.000001  -1.571901 -0.044449 -0.106509
57  15.265023 8.339654 -8.787539  1.570796 -0.000000 0.000000
58  -15.265000 8.339654 -8.787539  1.570796 -0.000000 0.000000
59  1.941978 -1.346989 1.821586  1.570796 -0.000000 0.000000
60  -0.004311 0.001230 -0.000371  0.006898 -0.005534 -0.284229
61  -1.937603 -1.346625 1.822824  1.570796 -0.000000 0.000000
62  0.000000 0.000000 0.000000  -0.078727 -3.136056 0.284226
63  0.000000 0.000000 0.000000  1.570796 -0.000000 0.000000
64  -3.258810 -12.631968 -3.682181  1.570796 -0.000000 0.000000
65  -0.109379 -1.951951 -1.519205  0.000000 -0.000000 0.000000
66  -0.109379 0.057027 25.399252  0.000000 -0.000000 0.000000
67  -0.109379 -1.856732 0.287230  0.000000 -0.000000 0.000000
68  -0.104048 -4.495923 7.879276  0.000000 -0.000000 0.000000
69  -0.195264 4.332630 -6.347187  0.000000 -0.000000 0.000000
70  -1.290112 3.693283 8.579668  0.000000 -0.000000 0.000000
71  -0.104049 -1.582848 2.554636  0.000000 -0.000000 0.000000
72  -1.107528 -1.063453 4.061647  0.000000 -0.000000 0.000000
73  0.003659 1.612363 10.733982  0.000000 -0.000000 0.000000
74  -3.362859 -12.987121 -5.265029  1.570796 -0.000000 0.000000
end
triangles
lowpoly_metal
0  -3.781495 -32.010483 -3.873091  -0.000090 1.000000 0.000000  0.060711 0.469699 1 64 1.000000
0  -3.373451 -32.010483 -4.145767  -0.000002 1.000000 0.000000  0.060711 0.469699 1 64 1.000000
0  -3.813621 -32.010487 -3.891638  -0.000091 1.000000 0.000000  0.060711 0.469699 1 64 1.000000
lowpoly_metal
0  -3.373452 -33.406666 -4.145767  -0.500003 -0.000002 -0.866023  0.060711 0.469699 1 64 1.000000
0  -3.813614 -34.009838 -3.891637  -0.500003 -0.000002 -0.866024  0.060711 0.469699 1 64 1.000000
0  -3.813612 -33.406666 -3.891639  -0.500004 -0.000001 -0.866023  0.060711 0.469699 1 64 1.000000
lowpoly_metal
0  -3.781495 -32.010483 -3.401925  -0.000090 1.000000 0.000000  0.060711 0.469699 1 64 1.000000
0  -3.373451 -32.010483 -3.129251  -0.000002 1.000000 0.000000  0.060711 0.469699 1 64 1.000000
0  -3.373451 -32.010483 -3.166344  0.000000 1.000000 0.000000  0.060711 0.469699 1 64 1.000000
lowpoly_metal
0  -2.965411 -32.010483 -3.873092  0.000000 1.000000 0.000000  0.060711 0.469699 1 64 1.000000
0  -3.373451 -32.010483 -4.145767  -0.000002 1.000000 0.000000  0.060711 0.469699 1 64 1.000000
0  -3.373451 -32.010483 -4.108675  0.000000 1.000000 0.000000  0.060711 0.469699 1 64 1.000000
lowpoly_metal
0  -2.965411 -32.010483 -3.401926  0.000000 1.000000 0.000000  0.060711 0.469699 1 64 1.000000
0  -3.373451 -32.010483 -3.129251  -0.000002 1.000000 0.000000  0.060711 0.469699 1 64 1.000000
0  -2.933291 -32.010483 -3.383381  0.000000 1.000000 0.000000  0.060711 0.469699 1 64 1.000000
lowpoly_metal
0  -3.781495 -32.010483 -3.401925  -0.000090 1.000000 0.000000  0.060711 0.469699 1 64 1.000000
0  -3.813621 -32.010487 -3.891638  -0.000091 1.000000 0.000000  0.060711 0.469699 1 64 1.000000
0  -3.813621 -32.010487 -3.383380  -0.000091 1.000000 0.000000  0.060711 0.469699 1 64 1.000000
lowpoly_metal
0  -2.965411 -32.010483 -3.873092  0.000000 1.000000 0.000000  0.060711 0.469699 1 64 1.000000
0  -2.933291 -32.010483 -3.383381  0.000000 1.000000 0.000000  0.060711 0.469699 1 64 1.000000
0  -2.933291 -32.010483 -3.891639  0.000000 1.000000 0.000000  0.060711 0.469699 1 64 1.000000
lowpoly_metal
0  -3.373448 -34.009834 -3.129251  -0.000000 -0.999993 0.003722  0.060711 0.469699 1 64 1.000000
0  -3.752876 -34.010090 -3.418450  -0.002084 -0.999991 0.003630  0.060711 0.469699 1 64 1.000000
0  -3.373456 -34.010098 -3.199392  -0.000005 -0.999993 0.003727  0.060711 0.469699 1 64 1.000000
lowpoly_metal
0  -3.813612 -33.406666 -3.383381  -0.500004 -0.000001 0.866023  0.060711 0.469699 1 64 1.000000
0  -3.373448 -34.009834 -3.129251  -0.500004 -0.000001 0.866023  0.060711 0.469699 1 64 1.000000
0  -3.373452 -33.406666 -3.129251  -0.500003 -0.000003 0.866023  0.060711 0.469699 1 64 1.000000
lowpoly_metal
0  -2.933285 -33.406666 -3.891639  0.500001 -0.000002 -0.866025  0.060711 0.469699 1 64 1.000000
0  -3.373449 -34.009834 -4.145767  0.500003 -0.000003 -0.866024  0.060711 0.469699 1 64 1.000000
0  -3.373452 -33.406666 -4.145767  0.499993 0.000003 -0.866030  0.060711 0.469699 1 64 1.000000
lowpoly_metal
0  -3.813612 -33.406666 -3.891639  -1.000000 0.000003 0.000000  0.060711 0.469699 1 64 1.000000
0  -3.813614 -34.009838 -3.383381  -1.000000 0.000003 0.000000  0.060711 0.469699 1 64 1.000000
0  -3.813612 -33.406666 -3.383381  -1.000000 0.000003 0.000000  0.060711 0.469699 1 64 1.000000
lowpoly_metal
0  -3.373452 -33.406666 -3.129251  0.500006 0.000002 0.866022  0.060711 0.469699 1 64 1.000000
0  -2.933290 -34.009834 -3.383381  0.500006 0.000002 0.866022  0.060711 0.469699 1 64 1.000000
0  -2.933292 -33.406666 -3.383381  0.500003 0.000002 0.866024  0.060711 0.469699 1 64 1.000000
lowpoly_metal
0  -2.933292 -33.406666 -3.383381  1.000000 -0.000004 0.000008  0.060711 0.469699 1 64 1.000000
0  -2.933290 -34.009834 -3.891637  1.000000 -0.000002 0.000007  0.060711 0.469699 1 64 1.000000
0  -2.933285 -33.406666 -3.891639  1.000000 -0.000009 0.000015  0.060711 0.469699 1 64 1.000000
lowpoly_metal
0  -3.045442 -32.212589 -3.826886  -0.000056 -1.000000 0.000086  0.060711 0.469699 1 64 1.000000
0  -2.994037 -32.212593 -3.418448  -0.000058 -1.000000 -0.000085  0.060711 0.469699 1 64 1.000000
0  -3.045442 -32.212589 -3.448127  -0.000057 -1.000000 -0.000080  0.060711 0.469699 1 64 1.000000
lowpoly_metal
0  -3.373454 -32.212589 -4.075623  -0.500002 -0.000001 0.866024  0.060711 0.469699 1 64 1.000000
0  -2.994034 -34.010094 -3.856565  -0.499999 0.000000 0.866026  0.060711 0.469699 1 64 1.000000
0  -2.994037 -32.212593 -3.856565  -0.500003 -0.000001 0.866024  0.060711 0.469699 1 64 1.000000
lowpoly_metal
0  -3.373454 -32.212589 -4.016265  -0.000006 -1.000000 0.000007  0.060711 0.469699 1 64 1.000000
0  -3.752870 -32.212589 -3.856564  0.000000 -1.000000 0.000022  0.060711 0.469699 1 64 1.000000
0  -3.373454 -32.212589 -4.075623  -0.000005 -1.000000 0.000000  0.060711 0.469699 1 64 1.000000
lowpoly_metal
0  -3.373454 -32.212589 -3.258749  0.000000 -1.000000 -0.000001  0.060711 0.469699 1 64 1.000000
0  -3.752870 -32.212589 -3.418449  0.000000 -1.000000 -0.000022  0.060711 0.469699 1 64 1.000000
0  -3.701467 -32.212589 -3.448127  0.000000 -1.000000 -0.000024  0.060711 0.469699 1 64 1.000000
lowpoly_metal
0  -3.373454 -32.212589 -4.016265  -0.000006 -1.000000 0.000007  0.060711 0.469699 1 64 1.000000
0  -2.994037 -32.212593 -3.856565  -0.000054 -1.000000 0.000075  0.060711 0.469699 1 64 1.000000
0  -3.045442 -32.212589 -3.826886  -0.000056 -1.000000 0.000086  0.060711 0.469699 1 64 1.000000
lowpoly_metal
0  -3.701467 -32.212589 -3.448127  0.000000 -1.000000 -0.000024  0.060711 0.469699 1 64 1.000000
0  -3.752870 -32.212589 -3.856564  0.000000 -1.000000 0.000022  0.060711 0.469699 1 64 1.000000
0  -3.701467 -32.212589 -3.826886  0.000000 -1.000000 0.000024  0.060711 0.469699 1 64 1.000000
lowpoly_metal
0  -3.045442 -32.212589 -3.448127  -0.000057 -1.000000 -0.000080  0.060711 0.469699 1 64 1.000000
0  -3.373454 -32.212589 -3.199390  -0.000003 -1.000000 -0.000010  0.060711 0.469699 1 64 1.000000
0  -3.373454 -32.212589 -3.258749  0.000000 -1.000000 -0.000001  0.060711 0.469699 1 64 1.000000
lowpoly_metal
0  -3.373448 -34.009834 -3.129251  -0.000000 -0.999993 0.003722  0.060711 0.469699 1 64 1.000000
0  -2.994034 -34.010094 -3.418450  0.002244 -0.999991 0.003509  0.060711 0.469699 1 64 1.000000
0  -2.933290 -34.009834 -3.383381  0.004258 -0.999991 0.000017  0.060711 0.469699 1 64 1.000000
lowpoly_metal
0  -3.752870 -32.212589 -3.418449  1.000000 -0.000004 0.000000  0.060711 0.469699 1 64 1.000000
0  -3.752876 -34.010090 -3.856565  1.000000 -0.000004 0.000000  0.060711 0.469699 1 64 1.000000
0  -3.752870 -32.212589 -3.856564  1.000000 -0.000004 0.000000  0.060711 0.469699 1 64 1.000000
lowpoly_metal
0  -3.373454 -32.212589 -3.199390  -0.500001 0.000000 -0.866025  0.060711 0.469699 1 64 1.000000
0  -2.994034 -34.010094 -3.418450  -0.499999 0.000001 -0.866026  0.060711 0.469699 1 64 1.000000
0  -3.373456 -34.010098 -3.199392  -0.499999 0.000001 -0.866026  0.060711 0.469699 1 64 1.000000
lowpoly_metal
0  -2.994037 -32.212593 -3.856565  -1.000000 -0.000002 0.000000  0.060711 0.469699 1 64 1.000000
0  -2.994034 -34.010094 -3.418450  -1.000000 -0.000002 0.000000  0.060711 0.469699 1 64 1.000000
0  -2.994037 -32.212593 -3.418448  -1.000000 -0.000002 0.000000  0.060711 0.469699 1 64 1.000000
lowpoly_metal
0  -3.752870 -32.212589 -3.856564  0.500005 -0.000001 0.866023  0.060711 0.469699 1 64 1.000000
0  -3.373456 -34.010098 -4.075623  0.500001 -0.000002 0.866025  0.060711 0.469699 1 64 1.000000
0  -3.373454 -32.212589 -4.075623  0.500006 -0.000001 0.866022  0.060711 0.469699 1 64 1.000000
lowpoly_metal
0  -3.373454 -32.212589 -3.199390  0.500005 -0.000001 -0.866023  0.060711 0.469699 1 64 1.000000
0  -3.752876 -34.010090 -3.418450  0.500001 0.000000 -0.866025  0.060711 0.469699 1 64 1.000000
0  -3.752870 -32.212589 -3.418449  0.500006 -0.000002 -0.866022  0.060711 0.469699 1 64 1.000000
lowpoly_metal
0  -3.813614 -34.009838 -3.383381  -0.004163 -0.999991 0.000010  0.060711 0.469699 1 64 1.000000
0  -3.752876 -34.010090 -3.856565  -0.004193 -0.999991 0.000114  0.060711 0.469699 1 64 1.000000
0  -3.752876 -34.010090 -3.418450  -0.002084 -0.999991 0.003630  0.060711 0.469699 1 64 1.000000
lowpoly_metal
0  -3.813614 -34.009838 -3.891637  -0.002087 -0.999991 -0.003562  0.060711 0.469699 1 64 1.000000
0  -3.373456 -34.010098 -4.075623  0.000006 -0.999993 -0.003759  0.060711 0.469699 1 64 1.000000
0  -3.752876 -34.010090 -3.856565  -0.004193 -0.999991 0.000114  0.060711 0.469699 1 64 1.000000
lowpoly_metal
0  -2.933290 -34.009834 -3.891637  0.002165 -0.999991 -0.003643  0.060711 0.469699 1 64 1.000000
0  -3.373456 -34.010098 -4.075623  0.000006 -0.999993 -0.003759  0.060711 0.469699 1 64 1.000000
0  -3.373449 -34.009834 -4.145767  0.000004 -0.999993 -0.003768  0.060711 0.469699 1 64 1.000000
lowpoly_metal
0  -2.933290 -34.009834 -3.383381  0.004258 -0.999991 0.000017  0.060711 0.469699 1 64 1.000000
0  -2.994034 -34.010094 -3.856565  0.004256 -0.999991 -0.000032  0.060711 0.469699 1 64 1.000000
0  -2.933290 -34.009834 -3.891637  0.002165 -0.999991 -0.003643  0.060711 0.469699 1 64 1.000000
lowpoly_metal
0  -2.933287 -32.172256 -3.383381  1.000000 0.000015 0.000000  0.060711 0.469699 1 64 1.000000
0  -2.933287 -32.657570 -3.891637  1.000000 -0.000001 0.000000  0.060711 0.469699 1 64 1.000000
0  -2.933287 -32.172256 -3.891639  1.000000 0.000015 0.000000  0.060711 0.469699 1 64 1.000000
lowpoly_metal
0  -2.933287 -32.172256 -3.383381  0.500004 0.000006 0.866023  0.060711 0.469699 1 64 1.000000
0  -3.373452 -32.657574 -3.129251  0.499999 -0.000001 0.866026  0.060711 0.469699 1 64 1.000000
0  -2.933287 -32.657570 -3.383381  0.500004 -0.000001 0.866023  0.060711 0.469699 1 64 1.000000
lowpoly_metal
0  -3.813614 -32.172256 -3.891638  -1.000000 -0.000019 0.000000  0.060711 0.469699 1 64 1.000000
0  -3.813615 -32.657570 -3.383381  -1.000000 -0.000002 0.000000  0.060711 0.469699 1 64 1.000000
0  -3.813614 -32.172256 -3.383380  -1.000000 -0.000020 0.000000  0.060711 0.469699 1 64 1.000000
lowpoly_metal
0  -2.933287 -32.172256 -3.891639  0.499997 0.000007 -0.866027  0.060711 0.469699 1 64 1.000000
0  -3.373452 -32.657574 -4.145767  0.499997 -0.000001 -0.866027  0.060711 0.469699 1 64 1.000000
0  -3.373452 -32.172260 -4.145767  0.499998 0.000000 -0.866027  0.060711 0.469699 1 64 1.000000
lowpoly_metal
0  -3.813614 -32.172256 -3.383380  -0.499996 -0.000008 0.866027  0.060711 0.469699 1 64 1.000000
0  -3.373452 -32.657574 -3.129251  -0.500001 -0.000000 0.866025  0.060711 0.469699 1 64 1.000000
0  -3.373452 -32.172260 -3.129251  -0.500004 0.000001 0.866023  0.060711 0.469699 1 64 1.000000
lowpoly_metal
0  -3.373452 -32.172260 -4.145767  -0.500005 0.000002 -0.866023  0.060711 0.469699 1 64 1.000000
0  -3.813615 -32.657570 -3.891639  -0.499999 -0.000001 -0.866026  0.060711 0.469699 1 64 1.000000
0  -3.813614 -32.172256 -3.891638  -0.499994 -0.000007 -0.866029  0.060711 0.469699 1 64 1.000000
lowpoly_metal
0  -3.373451 -32.010483 -4.145767  -0.500003 -0.000002 -0.866023  0.060711 0.469699 1 64 1.000000
0  -3.813614 -32.172256 -3.891638  -0.499994 -0.000007 -0.866029  0.060711 0.469699 1 64 1.000000
0  -3.813621 -32.010487 -3.891638  -0.499984 -0.000022 -0.866034  0.060711 0.469699 1 64 1.000000
lowpoly_metal
0  -3.373451 -32.010483 -3.129251  -0.500005 -0.000002 0.866023  0.060711 0.469699 1 64 1.000000
0  -3.813614 -32.172256 -3.383380  -0.499996 -0.000008 0.866027  0.060711 0.469699 1 64 1.000000
0  -3.373452 -32.172260 -3.129251  -0.500004 0.000001 0.866023  0.060711 0.469699 1 64 1.000000
lowpoly_metal
0  -2.933291 -32.010483 -3.891639  0.499999 0.000011 -0.866026  0.060711 0.469699 1 64 1.000000
0  -3.373452 -32.172260 -4.145767  0.499998 0.000000 -0.866027  0.060711 0.469699 1 64 1.000000
0  -3.373451 -32.010483 -4.145767  0.500008 -0.000003 -0.866021  0.060711 0.469699 1 64 1.000000
lowpoly_metal
0  -3.813621 -32.010487 -3.891638  -1.000000 -0.000041 0.000000  0.060711 0.469699 1 64 1.000000
0  -3.813614 -32.172256 -3.383380  -1.000000 -0.000020 0.000000  0.060711 0.469699 1 64 1.000000
0  -3.813621 -32.010487 -3.383380  -1.000000 -0.000041 0.000000  0.060711 0.469699 1 64 1.000000
lowpoly_metal
0  -3.373451 -32.010483 -3.129251  0.500010 0.000001 0.866020  0.060711 0.469699 1 64 1.000000
0  -2.933287 -32.172256 -3.383381  0.500004 0.000006 0.866023  0.060711 0.469699 1 64 1.000000
0  -2.933291 -32.010483 -3.383381  0.500006 0.000014 0.866022  0.060711 0.469699 1 64 1.000000
lowpoly_metal
0  -2.933291 -32.010483 -3.383381  1.000000 0.000029 0.000000  0.060711 0.469699 1 64 1.000000
0  -2.933287 -32.172256 -3.891639  1.000000 0.000015 0.000000  0.060711 0.469699 1 64 1.000000
0  -2.933291 -32.010483 -3.891639  1.000000 0.000029 0.000000  0.060711 0.469699 1 64 1.000000
lowpoly_metal
0  -2.933287 -32.657570 -3.891637  1.000000 -0.000001 0.000000  0.060711 0.469699 1 64 1.000000
0  -2.933288 -33.338566 -3.383381  1.000000 -0.000001 0.000000  0.060711 0.469699 1 64 1.000000
0  -2.933288 -33.338566 -3.891639  1.000000 -0.000001 0.000000  0.060711 0.469699 1 64 1.000000
lowpoly_metal
0  -2.933287 -32.657570 -3.383381  0.500004 -0.000001 0.866023  0.060711 0.469699 1 64 1.000000
0  -3.373453 -33.338566 -3.129251  0.500000 -0.000001 0.866026  0.060711 0.469699 1 64 1.000000
0  -2.933288 -33.338566 -3.383381  0.500002 -0.000001 0.866024  0.060711 0.469699 1 64 1.000000
lowpoly_metal
0  -3.813615 -32.657570 -3.891639  -1.000000 -0.000002 0.000000  0.060711 0.469699 1 64 1.000000
0  -3.813611 -33.338566 -3.383381  -1.000000 -0.000006 0.000000  0.060711 0.469699 1 64 1.000000
0  -3.813615 -32.657570 -3.383381  -1.000000 -0.000002 0.000000  0.060711 0.469699 1 64 1.000000
lowpoly_metal
0  -2.933287 -32.657570 -3.891637  0.500001 -0.000001 -0.866025  0.060711 0.469699 1 64 1.000000
0  -3.373453 -33.338566 -4.145767  0.499998 0.000001 -0.866026  0.060711 0.469699 1 64 1.000000
0  -3.373452 -32.657574 -4.145767  0.499997 -0.000001 -0.866027  0.060711 0.469699 1 64 1.000000
lowpoly_metal
0  -3.813615 -32.657570 -3.383381  -0.500006 -0.000001 0.866022  0.060711 0.469699 1 64 1.000000
0  -3.373453 -33.338566 -3.129251  -0.500005 -0.000001 0.866023  0.060711 0.469699 1 64 1.000000
0  -3.373452 -32.657574 -3.129251  -0.500001 -0.000000 0.866025  0.060711 0.469699 1 64 1.000000
lowpoly_metal
0  -3.373452 -32.657574 -4.145767  -0.500002 -0.000001 -0.866024  0.060711 0.469699 1 64 1.000000
0  -3.813611 -33.338566 -3.891639  -0.500001 -0.000001 -0.866025  0.060711 0.469699 1 64 1.000000
0  -3.813615 -32.657570 -3.891639  -0.499999 -0.000001 -0.866026  0.060711 0.469699 1 64 1.000000
lowpoly_metal
0  -2.933285 -33.406666 -3.891639  0.000097 1.000000 -0.000134  0.060711 0.469699 1 64 1.000000
0  -3.373452 -33.406666 -4.113015  0.000001 1.000000 -0.000006  0.060711 0.469699 1 64 1.000000
0  -2.961653 -33.406662 -3.875261  0.000099 1.000000 -0.000141  0.060711 0.469699 1 64 1.000000
lowpoly_metal
0  -3.373453 -33.338566 -3.129251  0.000000 -1.000000 0.000001  0.060711 0.469699 1 64 1.000000
0  -2.961654 -33.338566 -3.399757  0.000000 -1.000000 0.000020  0.060711 0.469699 1 64 1.000000
0  -2.933288 -33.338566 -3.383381  0.000000 -1.000000 0.000021  0.060711 0.469699 1 64 1.000000
lowpoly_metal
0  -3.813611 -33.338566 -3.383381  0.000097 -1.000000 -0.000067  0.060711 0.469699 1 64 1.000000
0  -3.373453 -33.338566 -3.162005  0.000001 -1.000000 -0.000002  0.060711 0.469699 1 64 1.000000
0  -3.373453 -33.338566 -3.129251  0.000000 -1.000000 0.000001  0.060711 0.469699 1 64 1.000000
lowpoly_metal
0  -3.813612 -33.406666 -3.891639  0.000000 1.000000 -0.000067  0.060711 0.469699 1 64 1.000000
0  -3.785252 -33.406666 -3.399757  0.000000 1.000000 -0.000028  0.060711 0.469699 1 64 1.000000
0  -3.785252 -33.406666 -3.875261  0.000000 1.000000 -0.000071  0.060711 0.469699 1 64 1.000000
lowpoly_metal
0  -2.933288 -33.338566 -3.891639  0.000000 -1.000000 -0.000021  0.060711 0.469699 1 64 1.000000
0  -2.961654 -33.338566 -3.399757  0.000000 -1.000000 0.000020  0.060711 0.469699 1 64 1.000000
0  -2.961654 -33.338566 -3.875263  0.000000 -1.000000 -0.000020  0.060711 0.469699 1 64 1.000000
lowpoly_metal
0  -3.813612 -33.406666 -3.891639  0.000000 1.000000 -0.000067  0.060711 0.469699 1 64 1.000000
0  -3.373452 -33.406666 -4.113015  0.000001 1.000000 -0.000006  0.060711 0.469699 1 64 1.000000
0  -3.373452 -33.406666 -4.145767  0.000000 1.000000 0.000000  0.060711 0.469699 1 64 1.000000
lowpoly_metal
0  -2.961654 -33.338566 -3.399757  1.000000 0.000014 0.000000  0.060711 0.469699 1 64 1.000000
0  -2.961653 -33.406662 -3.875261  1.000000 0.000012 0.000000  0.060711 0.469699 1 64 1.000000
0  -2.961654 -33.338566 -3.875263  1.000000 0.000012 0.000000  0.060711 0.469699 1 64 1.000000
lowpoly_metal
0  -3.373453 -33.338566 -3.162005  0.499999 0.000007 0.866026  0.060711 0.469699 1 64 1.000000
0  -2.961653 -33.406662 -3.399757  0.500033 0.000007 0.866007  0.060711 0.469699 1 64 1.000000
0  -2.961654 -33.338566 -3.399757  0.500036 0.000007 0.866004  0.060711 0.469699 1 64 1.000000
lowpoly_metal
0  -3.785254 -33.338562 -3.875263  -1.000000 -0.000037 0.000000  0.060711 0.469699 1 64 1.000000
0  -3.785252 -33.406666 -3.399757  -1.000000 -0.000044 0.000000  0.060711 0.469699 1 64 1.000000
0  -3.785254 -33.338562 -3.399757  -1.000000 -0.000044 0.000000  0.060711 0.469699 1 64 1.000000
lowpoly_metal
0  -2.961654 -33.338566 -3.875263  0.500026 -0.000013 -0.866010  0.060711 0.469699 1 64 1.000000
0  -3.373452 -33.406666 -4.113015  0.499990 0.000005 -0.866031  0.060711 0.469699 1 64 1.000000
0  -3.373453 -33.338566 -4.113015  0.499986 0.000007 -0.866033  0.060711 0.469699 1 64 1.000000
lowpoly_metal
0  -3.785254 -33.338562 -3.399757  -0.499970 -0.000021 0.866043  0.060711 0.469699 1 64 1.000000
0  -3.373452 -33.406666 -3.162005  -0.500002 -0.000009 0.866024  0.060711 0.469699 1 64 1.000000
0  -3.373453 -33.338566 -3.162005  -0.500005 -0.000007 0.866022  0.060711 0.469699 1 64 1.000000
lowpoly_metal
0  -3.373453 -33.338566 -4.113015  -0.499997 -0.000011 -0.866027  0.060711 0.469699 1 64 1.000000
0  -3.785252 -33.406666 -3.875261  -0.499966 -0.000041 -0.866045  0.060711 0.469699 1 64 1.000000
0  -3.785254 -33.338562 -3.875263  -0.499963 -0.000045 -0.866047  0.060711 0.469699 1 64 1.000000
lowpoly_metal
0  -3.373453 -33.338566 -4.145767  -0.000003 -1.000000 0.000007  0.060711 0.469699 1 64 1.000000
0  -3.785254 -33.338562 -3.875263  0.000100 -1.000000 0.000141  0.060711 0.469699 1 64 1.000000
0  -3.813611 -33.338566 -3.891639  0.000101 -1.000000 0.000145  0.060711 0.469699 1 64 1.000000
lowpoly_metal
0  -2.933292 -33.406666 -3.383381  0.000101 1.000000 0.000112  0.060711 0.469699 1 64 1.000000
0  -2.961653 -33.406662 -3.875261  0.000099 1.000000 -0.000141  0.060711 0.469699 1 64 1.000000
0  -2.961653 -33.406662 -3.399757  0.000100 1.000000 0.000109  0.060711 0.469699 1 64 1.000000
lowpoly_metal
0  -3.813611 -33.338566 -3.383381  0.000097 -1.000000 -0.000067  0.060711 0.469699 1 64 1.000000
0  -3.785254 -33.338562 -3.875263  0.000100 -1.000000 0.000141  0.060711 0.469699 1 64 1.000000
0  -3.785254 -33.338562 -3.399757  0.000099 -1.000000 -0.000071  0.060711 0.469699 1 64 1.000000
lowpoly_metal
0  -3.373452 -33.406666 -3.129251  -0.000003 1.000000 0.000005  0.060711 0.469699 1 64 1.000000
0  -3.785252 -33.406666 -3.399757  0.000000 1.000000 -0.000028  0.060711 0.469699 1 64 1.000000
0  -3.813612 -33.406666 -3.383381  0.000000 1.000000 -0.000029  0.060711 0.469699 1 64 1.000000
lowpoly_metal
0  -3.373452 -33.406666 -3.129251  -0.000003 1.000000 0.000005  0.060711 0.469699 1 64 1.000000
0  -2.961653 -33.406662 -3.399757  0.000100 1.000000 0.000109  0.060711 0.469699 1 64 1.000000
0  -3.373452 -33.406666 -3.162005  -0.000005 1.000000 0.000000  0.060711 0.469699 1 64 1.000000
lowpoly_metal
0  -3.373453 -33.338566 -4.145767  -0.000003 -1.000000 0.000007  0.060711 0.469699 1 64 1.000000
0  -2.961654 -33.338566 -3.875263  0.000000 -1.000000 -0.000020  0.060711 0.469699 1 64 1.000000
0  -3.373453 -33.338566 -4.113015  -0.000005 -1.000000 0.000000  0.060711 0.469699 1 64 1.000000
lowpoly_metal
0  -3.637896 -32.365131 -4.115245  -0.000002 -0.500042 0.866001  0.043544 0.609912 1 64 1.000000
0  -3.109005 -32.453106 -4.166039  0.000005 -0.499994 0.866029  0.043544 0.609912 1 64 1.000000
0  -3.109010 -32.365124 -4.115245  0.000007 -0.499986 0.866033  0.043544 0.609912 1 64 1.000000
lowpoly_metal
0  -3.637895 -32.453102 -4.166039  -0.000007 -1.000000 0.000000  0.043544 0.609912 1 64 1.000000
0  -3.109005 -32.453106 -4.267625  -0.000007 -1.000000 0.000004  0.043544 0.609912 1 64 1.000000
0  -3.109005 -32.453106 -4.166039  -0.000007 -1.000000 0.000004  0.043544 0.609912 1 64 1.000000
lowpoly_metal
0  -3.637895 -32.453102 -4.267625  0.000006 -0.500033 -0.866006  0.043544 0.609912 1 64 1.000000
0  -3.109010 -32.365124 -4.318418  -0.000002 -0.499989 -0.866032  0.043544 0.609912 1 64 1.000000
0  -3.109005 -32.453106 -4.267625  -0.000003 -0.499982 -0.866036  0.043544 0.609912 1 64 1.000000
lowpoly_metal
0  -3.109010 -32.365124 -4.318418  -0.000005 0.499979 -0.866037  0.043544 0.609912 1 64 1.000000
0  -3.637902 -32.277149 -4.267625  -0.000007 0.499953 -0.866052  0.043544 0.609912 1 64 1.000000
0  -3.109009 -32.277145 -4.267625  -0.000004 0.499983 -0.866035  0.043544 0.609912 1 64 1.000000
lowpoly_metal
0  -3.637896 -32.365131 -4.115245  -1.000000 -0.000035 0.000018  0.043544 0.609912 1 64 1.000000
0  -3.637902 -32.277149 -4.267625  -1.000000 -0.000041 -0.000006  0.043544 0.609912 1 64 1.000000
0  -3.637895 -32.453102 -4.166039  -1.000000 -0.000033 0.000012  0.043544 0.609912 1 64 1.000000
lowpoly_metal
0  -3.637902 -32.277149 -4.267625  -0.000007 1.000000 -0.000000  0.043544 0.609912 1 64 1.000000
0  -3.109009 -32.277145 -4.166039  -0.000007 1.000000 -0.000002  0.043544 0.609912 1 64 1.000000
0  -3.109009 -32.277145 -4.267625  -0.000007 1.000000 -0.000002  0.043544 0.609912 1 64 1.000000
lowpoly_metal
0  -3.637902 -32.277149 -4.166039  -0.000007 0.499959 0.866049  0.043544 0.609912 1 64 1.000000
0  -3.109010 -32.365124 -4.115245  -0.000004 0.499982 0.866036  0.043544 0.609912 1 64 1.000000
0  -3.109009 -32.277145 -4.166039  -0.000003 0.499985 0.866034  0.043544 0.609912 1 64 1.000000
lowpoly_metal
0  -3.109005 -32.453106 -4.166039  1.000000 0.000025 0.000006  0.043544 0.609912 1 64 1.000000
0  -3.109009 -32.277145 -4.267625  1.000000 0.000013 -0.000016  0.043544 0.609912 1 64 1.000000
0  -3.109009 -32.277145 -4.166039  1.000000 0.000020 0.000012  0.043544 0.609912 1 64 1.000000
lowpoly_metal
0  -3.373451 -32.013996 -4.082262  -0.000008 1.000000 -0.000006  0.060711 0.469699 1 64 1.000000
0  -3.147042 -32.013992 -4.180894  -0.000019 1.000000 0.000000  0.060711 0.469699 1 64 1.000000
0  -3.373451 -32.013996 -4.180894  -0.000008 1.000000 0.000000  0.060711 0.469699 1 64 1.000000
lowpoly_metal
0  -3.147042 -32.013992 -4.180894  0.936496 0.000003 -0.350678  0.060711 0.469699 1 64 1.000000
0  -3.046642 -32.626110 -3.912779  0.936494 -0.000000 -0.350684  0.060711 0.469699 1 64 1.000000
0  -3.147043 -32.626114 -4.180893  0.936493 -0.000002 -0.350687  0.060711 0.469699 1 64 1.000000
lowpoly_metal
0  -3.373451 -32.626114 -4.082262  0.000000 -1.000000 -0.000009  0.060711 0.469699 1 64 1.000000
0  -3.599861 -32.626114 -4.180894  -0.000002 -1.000000 -0.000006  0.060711 0.469699 1 64 1.000000
0  -3.373451 -32.626114 -4.180894  0.000000 -1.000000 0.000000  0.060711 0.469699 1 64 1.000000
lowpoly_metal
0  -3.700263 -32.626110 -3.912779  -0.936491 0.000004 -0.350692  0.060711 0.469699 1 64 1.000000
0  -3.599859 -32.013996 -4.180893  -0.936491 0.000003 -0.350693  0.060711 0.469699 1 64 1.000000
0  -3.599861 -32.626114 -4.180894  -0.936491 0.000004 -0.350692  0.060711 0.469699 1 64 1.000000
lowpoly_metal
0  -3.147047 -32.091702 -4.365596  0.000000 1.000000 0.000000  0.060711 0.469699 1 64 1.000000
0  -3.373458 -32.091702 -4.506499  0.000003 1.000000 -0.000016  0.060711 0.469699 1 64 1.000000
0  -3.373458 -32.091702 -4.365596  0.000008 1.000000 0.000000  0.060711 0.469699 1 64 1.000000
lowpoly_metal
0  -3.373451 -32.626114 -4.082262  0.460367 -0.000002 0.887729  0.060711 0.469699 1 64 1.000000
0  -3.700261 -32.013992 -3.912778  0.460368 -0.000001 0.887728  0.060711 0.469699 1 64 1.000000
0  -3.700263 -32.626110 -3.912779  0.460366 -0.000003 0.887729  0.060711 0.469699 1 64 1.000000
lowpoly_metal
0  -3.599861 -32.626114 -4.180894  -1.000000 0.000004 -0.000000  0.060711 0.469699 1 64 1.000000
0  -3.599859 -32.091698 -4.365595  -1.000000 0.000003 -0.000001  0.060711 0.469699 1 64 1.000000
0  -3.599861 -32.626114 -4.365596  -1.000000 0.000004 0.000000  0.060711 0.469699 1 64 1.000000
lowpoly_metal
0  -3.373451 -32.626114 -4.180894  0.000000 -1.000000 0.000000  0.060711 0.469699 1 64 1.000000
0  -3.599861 -32.626114 -4.365596  -0.000005 -1.000000 0.000000  0.060711 0.469699 1 64 1.000000
0  -3.373451 -32.626114 -4.365596  0.000000 -1.000000 0.000000  0.060711 0.469699 1 64 1.000000
lowpoly_metal
0  -3.147047 -32.091702 -4.365596  1.000000 0.000000 -0.000025  0.060711 0.469699 1 64 1.000000
0  -3.147043 -32.626114 -4.180893  1.000000 0.000007 -0.000006  0.060711 0.469699 1 64 1.000000
0  -3.147043 -32.626114 -4.365596  1.000000 0.000010 0.000000  0.060711 0.469699 1 64 1.000000
lowpoly_metal
0  -3.373451 -32.013996 -4.180894  -0.000004 0.921746 -0.387794  0.060711 0.469699 1 64 1.000000
0  -3.147047 -32.091702 -4.365596  -0.000008 0.921742 -0.387804  0.060711 0.469699 1 64 1.000000
0  -3.373458 -32.091702 -4.365596  0.000003 0.921753 -0.387778  0.060711 0.469699 1 64 1.000000
lowpoly_metal
0  -3.373451 -32.626114 -4.506499  -0.000000 0.000001 -1.000000  0.060711 0.469699 1 64 1.000000
0  -3.679086 -32.091705 -4.506498  -0.000002 0.000001 -1.000000  0.060711 0.469699 1 64 1.000000
0  -3.373458 -32.091702 -4.506499  -0.000001 -0.000000 -1.000000  0.060711 0.469699 1 64 1.000000
lowpoly_metal
0  -3.599861 -32.626114 -4.365596  -0.000005 -1.000000 0.000000  0.060711 0.469699 1 64 1.000000
0  -3.373451 -32.626114 -4.506499  0.000000 -1.000000 0.000000  0.060711 0.469699 1 64 1.000000
0  -3.373451 -32.626114 -4.365596  0.000000 -1.000000 0.000000  0.060711 0.469699 1 64 1.000000
lowpoly_metal
0  -3.599859 -32.091698 -4.365595  -0.871659 -0.000002 0.490112  0.060711 0.469699 1 64 1.000000
0  -3.679085 -32.626110 -4.506499  -0.871663 0.000002 0.490107  0.060711 0.469699 1 64 1.000000
0  -3.599861 -32.626114 -4.365596  -0.871664 0.000003 0.490105  0.060711 0.469699 1 64 1.000000
lowpoly_metal
0  -3.147043 -32.626114 -4.365596  0.871674 0.000003 0.490087  0.060711 0.469699 1 64 1.000000
0  -3.067824 -32.091702 -4.506499  0.871666 0.000007 0.490101  0.060711 0.469699 1 64 1.000000
0  -3.147047 -32.091702 -4.365596  0.871663 0.000008 0.490105  0.060711 0.469699 1 64 1.000000
lowpoly_metal
0  -3.147043 -32.626114 -4.365596  0.000005 -1.000000 0.000000  0.060711 0.469699 1 64 1.000000
0  -3.373451 -32.626114 -4.506499  0.000000 -1.000000 0.000000  0.060711 0.469699 1 64 1.000000
0  -3.067823 -32.626110 -4.506499  0.000012 -1.000000 0.000000  0.060711 0.469699 1 64 1.000000
lowpoly_metal
0  -3.067823 -32.626110 -4.506499  0.000000 0.000000 -1.000000  0.060711 0.469699 1 64 1.000000
0  -3.373458 -32.091702 -4.506499  -0.000001 -0.000000 -1.000000  0.060711 0.469699 1 64 1.000000
0  -3.067824 -32.091702 -4.506499  0.000000 0.000000 -1.000000  0.060711 0.469699 1 64 1.000000
lowpoly_metal
0  -3.599859 -32.013996 -4.180893  0.000006 0.921758 -0.387766  0.060711 0.469699 1 64 1.000000
0  -3.373458 -32.091702 -4.365596  0.000003 0.921753 -0.387778  0.060711 0.469699 1 64 1.000000
0  -3.599859 -32.091698 -4.365595  0.000013 0.921766 -0.387747  0.060711 0.469699 1 64 1.000000
lowpoly_metal
0  -3.147043 -32.626114 -4.365596  0.000005 -1.000000 0.000000  0.060711 0.469699 1 64 1.000000
0  -3.373451 -32.626114 -4.180894  0.000000 -1.000000 0.000000  0.060711 0.469699 1 64 1.000000
0  -3.373451 -32.626114 -4.365596  0.000000 -1.000000 0.000000  0.060711 0.469699 1 64 1.000000
lowpoly_metal
0  -3.046642 -32.626110 -3.912779  -0.460371 -0.000001 0.887726  0.060711 0.469699 1 64 1.000000
0  -3.373451 -32.013996 -4.082262  -0.460373 -0.000002 0.887725  0.060711 0.469699 1 64 1.000000
0  -3.373451 -32.626114 -4.082262  -0.460369 -0.000001 0.887727  0.060711 0.469699 1 64 1.000000
lowpoly_metal
0  -3.599859 -32.091698 -4.365595  -0.000005 1.000000 -0.000065  0.060711 0.469699 1 64 1.000000
0  -3.373458 -32.091702 -4.506499  0.000003 1.000000 -0.000016  0.060711 0.469699 1 64 1.000000
0  -3.679086 -32.091705 -4.506498  -0.000012 1.000000 -0.000089  0.060711 0.469699 1 64 1.000000
lowpoly_metal
0  -3.147043 -32.626114 -4.180893  0.000002 -1.000000 -0.000012  0.060711 0.469699 1 64 1.000000
0  -3.373451 -32.626114 -4.082262  0.000000 -1.000000 -0.000009  0.060711 0.469699 1 64 1.000000
0  -3.373451 -32.626114 -4.180894  0.000000 -1.000000 0.000000  0.060711 0.469699 1 64 1.000000
lowpoly_metal
0  -3.599859 -32.013996 -4.180893  0.000004 1.000000 -0.000021  0.060711 0.469699 1 64 1.000000
0  -3.373451 -32.013996 -4.082262  -0.000008 1.000000 -0.000006  0.060711 0.469699 1 64 1.000000
0  -3.373451 -32.013996 -4.180894  -0.000008 1.000000 0.000000  0.060711 0.469699 1 64 1.000000
lowpoly_metal
0  -2.864455 -32.085041 -4.602811  0.500000 0.000002 0.866025  0.060711 0.469699 1 64 1.000000
0  -3.373452 -32.626514 -4.308940  0.500000 0.000002 0.866026  0.060711 0.469699 1 64 1.000000
0  -2.864450 -32.626511 -4.602811  0.499999 0.000004 0.866026  0.060711 0.469699 1 64 1.000000
lowpoly_metal
0  -3.373451 -32.085037 -4.308940  -0.499997 -0.000003 0.866027  0.060711 0.469699 1 64 1.000000
0  -3.882449 -32.626514 -4.602811  -0.499997 -0.000003 0.866027  0.060711 0.469699 1 64 1.000000
0  -3.373452 -32.626514 -4.308940  -0.499999 0.000001 0.866026  0.060711 0.469699 1 64 1.000000
lowpoly_metal
0  -3.882455 -32.085041 -4.602810  -1.000000 -0.000010 0.000000  0.060711 0.469699 1 64 1.000000
0  -3.882450 -32.626514 -5.190552  -1.000000 -0.000010 0.000000  0.060711 0.469699 1 64 1.000000
0  -3.882449 -32.626514 -4.602811  -1.000000 -0.000010 0.000000  0.060711 0.469699 1 64 1.000000
lowpoly_metal
0  -3.882455 -32.085041 -5.190553  -0.499998 -0.000004 -0.866026  0.060711 0.469699 1 64 1.000000
0  -3.373453 -32.626514 -5.484423  -0.499998 -0.000004 -0.866027  0.060711 0.469699 1 64 1.000000
0  -3.882450 -32.626514 -5.190552  -0.500002 -0.000007 -0.866024  0.060711 0.469699 1 64 1.000000
lowpoly_metal
0  -2.864455 -32.085041 -4.602811  0.000002 1.000000 -0.000002  0.060711 0.469699 1 64 1.000000
0  -3.373452 -32.085037 -5.484424  0.000000 1.000000 0.000004  0.060711 0.469699 1 64 1.000000
0  -3.882455 -32.085041 -4.602810  -0.000002 1.000000 -0.000002  0.060711 0.469699 1 64 1.000000
lowpoly_metal
0  -3.373452 -32.085037 -5.484424  0.500000 0.000001 -0.866026  0.060711 0.469699 1 64 1.000000
0  -2.864450 -32.626511 -5.190552  0.500000 0.000001 -0.866025  0.060711 0.469699 1 64 1.000000
0  -3.373453 -32.626514 -5.484423  0.499999 -0.000002 -0.866026  0.060711 0.469699 1 64 1.000000
lowpoly_metal
0  -2.864455 -32.085041 -5.190552  1.000000 0.000009 -0.000000  0.060711 0.469699 1 64 1.000000
0  -2.864450 -32.626511 -4.602811  1.000000 0.000009 -0.000000  0.060711 0.469699 1 64 1.000000
0  -2.864450 -32.626511 -5.190552  1.000000 0.000009 -0.000000  0.060711 0.469699 1 64 1.000000
lowpoly_metal
0  -3.373452 -32.626514 -4.308940  0.000004 -1.000000 -0.000000  0.060711 0.469699 1 64 1.000000
0  -3.882450 -32.626514 -5.190552  0.000003 -1.000000 0.000003  0.060711 0.469699 1 64 1.000000
0  -2.864450 -32.626511 -5.190552  0.000005 -1.000000 0.000003  0.060711 0.469699 1 64 1.000000
lowpoly_metal
0  -2.922938 -32.651886 -5.156785  0.499998 -0.000000 -0.866027  0.060711 0.469699 1 64 1.000000
0  -3.373447 -15.981988 -5.416888  0.499999 -0.000000 -0.866026  0.060711 0.469699 1 64 1.000000
0  -2.922934 -15.981992 -5.156785  0.499999 -0.000000 -0.866026  0.060711 0.469699 1 64 1.000000
lowpoly_metal
0  -3.373453 -32.651882 -5.416888  -0.500003 -0.000000 -0.866024  0.060711 0.469699 1 64 1.000000
0  -3.823961 -15.981986 -5.156786  -0.499997 0.000000 -0.866027  0.060711 0.469699 1 64 1.000000
0  -3.373447 -15.981988 -5.416888  -0.499997 0.000000 -0.866027  0.060711 0.469699 1 64 1.000000
lowpoly_metal
0  -3.823961 -32.651882 -5.156785  -1.000000 -0.000000 0.000000  0.060711 0.469699 1 64 1.000000
0  -3.823961 -15.981986 -4.636578  -1.000000 -0.000000 0.000000  0.060711 0.469699 1 64 1.000000
0  -3.823961 -15.981986 -5.156786  -1.000000 -0.000000 0.000000  0.060711 0.469699 1 64 1.000000
lowpoly_metal
0  -3.823961 -32.651882 -4.636577  -0.499999 0.000000 0.866026  0.060711 0.469699 1 64 1.000000
0  -3.373447 -15.981988 -4.376477  -0.499994 0.000000 0.866029  0.060711 0.469699 1 64 1.000000
0  -3.823961 -15.981986 -4.636578  -0.499994 0.000000 0.866029  0.060711 0.469699 1 64 1.000000
lowpoly_metal
0  -3.823961 -32.651882 -4.636577  -0.000121 1.000000 0.000071  0.060711 0.469699 1 64 1.000000
0  -3.373452 -32.651882 -4.348935  0.000004 1.000000 0.000003  0.060711 0.469699 1 64 1.000000
0  -3.373452 -32.651882 -4.376477  0.000004 1.000000 0.000000  0.060711 0.469699 1 64 1.000000
lowpoly_metal
0  -3.373452 -32.651882 -4.376477  0.499994 -0.000000 0.866029  0.060711 0.469699 1 64 1.000000
0  -2.922934 -15.981992 -4.636578  0.499997 -0.000000 0.866027  0.060711 0.469699 1 64 1.000000
0  -3.373447 -15.981988 -4.376477  0.499997 -0.000000 0.866027  0.060711 0.469699 1 64 1.000000
lowpoly_metal
0  -2.922938 -32.651886 -4.636577  1.000000 -0.000000 0.000000  0.060711 0.469699 1 64 1.000000
0  -2.922934 -15.981992 -5.156785  1.000000 -0.000000 0.000000  0.060711 0.469699 1 64 1.000000
0  -2.922934 -15.981992 -4.636578  1.000000 -0.000000 0.000000  0.060711 0.469699 1 64 1.000000
lowpoly_metal
0  -3.823961 -15.981986 -5.156786  0.000016 1.000000 0.000011  0.060711 0.469699 1 64 1.000000
0  -3.373447 -15.981988 -5.316498  0.000002 1.000000 0.000001  0.060711 0.469699 1 64 1.000000
0  -3.373447 -15.981988 -5.416888  0.000004 1.000000 -0.000002  0.060711 0.469699 1 64 1.000000
lowpoly_metal
0  -3.373452 -32.651882 -4.348935  0.500006 0.000001 0.866022  0.060711 0.469699 1 64 1.000000
0  -2.899090 -33.777336 -4.622809  0.500005 0.000001 0.866023  0.060711 0.469699 1 64 1.000000
0  -2.899094 -32.651890 -4.622809  0.500006 0.000002 0.866022  0.060711 0.469699 1 64 1.000000
lowpoly_metal
0  -3.823961 -32.651882 -5.156785  -0.000121 1.000000 -0.000073  0.060711 0.469699 1 64 1.000000
0  -3.373453 -32.651882 -5.444427  0.000006 1.000000 -0.000003  0.060711 0.469699 1 64 1.000000
0  -3.847821 -32.651886 -5.170555  -0.000122 1.000000 -0.000075  0.060711 0.469699 1 64 1.000000
lowpoly_metal
0  -2.922938 -32.651886 -4.636577  0.000123 1.000000 0.000002  0.060711 0.469699 1 64 1.000000
0  -3.373452 -32.651882 -4.348935  0.000004 1.000000 0.000003  0.060711 0.469699 1 64 1.000000
0  -2.899094 -32.651890 -4.622809  0.000124 1.000000 0.000002  0.060711 0.469699 1 64 1.000000
lowpoly_metal
0  -3.373453 -32.651882 -5.416888  0.000009 1.000000 -0.000001  0.060711 0.469699 1 64 1.000000
0  -2.899094 -32.651890 -5.170553  0.000121 1.000000 -0.000041  0.060711 0.469699 1 64 1.000000
0  -3.373453 -32.651882 -5.444427  0.000006 1.000000 -0.000003  0.060711 0.469699 1 64 1.000000
lowpoly_metal
0  -3.823961 -32.651882 -5.156785  -0.000121 1.000000 -0.000073  0.060711 0.469699 1 64 1.000000
0  -3.847821 -32.651886 -4.622809  -0.000122 1.000000 0.000073  0.060711 0.469699 1 64 1.000000
0  -3.823961 -32.651882 -4.636577  -0.000121 1.000000 0.000071  0.060711 0.469699 1 64 1.000000
lowpoly_metal
0  -2.922938 -32.651886 -4.636577  0.000123 1.000000 0.000002  0.060711 0.469699 1 64 1.000000
0  -2.899094 -32.651890 -5.170553  0.000121 1.000000 -0.000041  0.060711 0.469699 1 64 1.000000
0  -2.922938 -32.651886 -5.156785  0.000122 1.000000 -0.000043  0.060711 0.469699 1 64 1.000000
lowpoly_metal
0  -2.899090 -33.777336 -5.170555  0.000008 -1.000000 -0.000001  0.060711 0.469699 1 64 1.000000
0  -3.373451 -33.777340 -4.348935  0.000004 -1.000000 -0.000001  0.060711 0.469699 1 64 1.000000
0  -3.373451 -33.777340 -5.444428  0.000004 -1.000000 -0.000000  0.060711 0.469699 1 64 1.000000
lowpoly_metal
0  -3.847821 -32.651886 -4.622809  -1.000000 -0.000008 0.000000  0.060711 0.469699 1 64 1.000000
0  -3.847812 -33.777340 -5.170555  -1.000000 -0.000008 0.000000  0.060711 0.469699 1 64 1.000000
0  -3.847812 -33.777340 -4.622809  -1.000000 -0.000008 0.000000  0.060711 0.469699 1 64 1.000000
lowpoly_metal
0  -2.899094 -32.651890 -5.170553  0.500005 0.000002 -0.866023  0.060711 0.469699 1 64 1.000000
0  -3.373451 -33.777340 -5.444428  0.500004 0.000003 -0.866023  0.060711 0.469699 1 64 1.000000
0  -3.373453 -32.651882 -5.444427  0.500005 0.000002 -0.866022  0.060711 0.469699 1 64 1.000000
lowpoly_metal
0  -2.899094 -32.651890 -4.622809  1.000000 0.000003 -0.000000  0.060711 0.469699 1 64 1.000000
0  -2.899090 -33.777336 -5.170555  1.000000 0.000003 -0.000000  0.060711 0.469699 1 64 1.000000
0  -2.899094 -32.651890 -5.170553  1.000000 0.000004 -0.000000  0.060711 0.469699 1 64 1.000000
lowpoly_metal
0  -3.373452 -32.651882 -4.348935  -0.499999 -0.000003 0.866026  0.060711 0.469699 1 64 1.000000
0  -3.847812 -33.777340 -4.622809  -0.500001 -0.000002 0.866025  0.060711 0.469699 1 64 1.000000
0  -3.373451 -33.777340 -4.348935  -0.500002 -0.000001 0.866024  0.060711 0.469699 1 64 1.000000
lowpoly_metal
0  -3.373453 -32.651882 -5.444427  -0.499997 -0.000003 -0.866027  0.060711 0.469699 1 64 1.000000
0  -3.847812 -33.777340 -5.170555  -0.499999 -0.000001 -0.866026  0.060711 0.469699 1 64 1.000000
0  -3.847821 -32.651886 -5.170555  -0.499996 -0.000004 -0.866028  0.060711 0.469699 1 64 1.000000
lowpoly_metal
0  -3.373447 -15.981988 -4.476866  -0.500000 0.000000 -0.866025  0.060711 0.469699 1 64 1.000000
0  -3.009882 -30.281408 -4.686773  -0.500007 -0.000000 -0.866022  0.060711 0.469699 1 64 1.000000
0  -3.373451 -30.281410 -4.476863  -0.500007 -0.000000 -0.866022  0.060711 0.469699 1 64 1.000000
lowpoly_metal
0  -2.922934 -15.981992 -4.636578  0.000032 1.000000 0.000011  0.060711 0.469699 1 64 1.000000
0  -3.373447 -15.981988 -4.476866  0.000005 1.000000 0.000001  0.060711 0.469699 1 64 1.000000
0  -3.373447 -15.981988 -4.376477  0.000005 1.000000 -0.000003  0.060711 0.469699 1 64 1.000000
lowpoly_metal
0  -3.373447 -15.981988 -5.416888  0.000004 1.000000 -0.000002  0.060711 0.469699 1 64 1.000000
0  -3.009879 -15.981988 -5.106590  0.000034 1.000000 -0.000010  0.060711 0.469699 1 64 1.000000
0  -2.922934 -15.981992 -5.156785  0.000035 1.000000 -0.000011  0.060711 0.469699 1 64 1.000000
lowpoly_metal
0  -3.823961 -15.981986 -4.636578  0.000018 1.000000 -0.000016  0.060711 0.469699 1 64 1.000000
0  -3.737017 -15.981988 -5.106590  0.000016 1.000000 0.000013  0.060711 0.469699 1 64 1.000000
0  -3.823961 -15.981986 -5.156786  0.000016 1.000000 0.000011  0.060711 0.469699 1 64 1.000000
lowpoly_metal
0  -2.922934 -15.981992 -5.156785  0.000035 1.000000 -0.000011  0.060711 0.469699 1 64 1.000000
0  -3.009879 -15.981988 -4.686773  0.000033 1.000000 0.000013  0.060711 0.469699 1 64 1.000000
0  -2.922934 -15.981992 -4.636578  0.000032 1.000000 0.000011  0.060711 0.469699 1 64 1.000000
lowpoly_metal
0  -3.373447 -15.981988 -4.376477  0.000005 1.000000 -0.000003  0.060711 0.469699 1 64 1.000000
0  -3.737016 -15.981988 -4.686775  0.000017 1.000000 -0.000014  0.060711 0.469699 1 64 1.000000
0  -3.823961 -15.981986 -4.636578  0.000018 1.000000 -0.000016  0.060711 0.469699 1 64 1.000000
lowpoly_metal
0  -3.373451 -30.281410 -5.316496  -0.000003 1.000000 -0.000001  0.060711 0.469699 1 64 1.000000
0  -3.737019 -30.281410 -4.686773  -0.000002 1.000000 -0.000001  0.060711 0.469699 1 64 1.000000
0  -3.009882 -30.281408 -4.686773  -0.000003 1.000000 0.000000  0.060711 0.469699 1 64 1.000000
lowpoly_metal
0  -3.737017 -15.981988 -5.106590  1.000000 -0.000000 -0.000001  0.060711 0.469699 1 64 1.000000
0  -3.737019 -30.281410 -4.686773  1.000000 -0.000000 -0.000001  0.060711 0.469699 1 64 1.000000
0  -3.737019 -30.281410 -5.106588  1.000000 -0.000000 -0.000001  0.060711 0.469699 1 64 1.000000
lowpoly_metal
0  -3.373447 -15.981988 -5.316498  -0.500004 0.000000 0.866023  0.060711 0.469699 1 64 1.000000
0  -3.009882 -30.281408 -5.106588  -0.500003 0.000000 0.866023  0.060711 0.469699 1 64 1.000000
0  -3.009879 -15.981988 -5.106590  -0.500004 0.000000 0.866023  0.060711 0.469699 1 64 1.000000
lowpoly_metal
0  -3.009879 -15.981988 -5.106590  -1.000000 0.000000 0.000000  0.060711 0.469699 1 64 1.000000
0  -3.009882 -30.281408 -4.686773  -1.000000 0.000000 0.000000  0.060711 0.469699 1 64 1.000000
0  -3.009879 -15.981988 -4.686773  -1.000000 0.000000 0.000000  0.060711 0.469699 1 64 1.000000
lowpoly_metal
0  -3.373447 -15.981988 -4.476866  0.500003 -0.000000 -0.866023  0.060711 0.469699 1 64 1.000000
0  -3.737019 -30.281410 -4.686773  0.500006 -0.000000 -0.866022  0.060711 0.469699 1 64 1.000000
0  -3.737016 -15.981988 -4.686775  0.500003 -0.000000 -0.866023  0.060711 0.469699 1 64 1.000000
lowpoly_metal
0  -3.737017 -15.981988 -5.106590  0.500003 0.000000 0.866023  0.060711 0.469699 1 64 1.000000
0  -3.373451 -30.281410 -5.316496  0.500004 0.000000 0.866023  0.060711 0.469699 1 64 1.000000
0  -3.373447 -15.981988 -5.316498  0.500003 0.000000 0.866023  0.060711 0.469699 1 64 1.000000
lowpoly_metal
0  -2.965411 -19.600525 -3.401927  0.500000 0.000000 0.866025  0.060711 0.469699 1 64 1.000000
0  -3.373451 -32.010483 -3.166344  0.499999 0.000000 0.866026  0.060711 0.469699 1 64 1.000000
0  -2.965411 -32.010483 -3.401926  0.499999 0.000000 0.866026  0.060711 0.469699 1 64 1.000000
lowpoly_metal
0  -3.373452 -19.600525 -3.166344  -0.499999 0.000000 0.866026  0.060711 0.469699 1 64 1.000000
0  -3.781495 -32.010483 -3.401925  -0.499994 -0.000000 0.866029  0.060711 0.469699 1 64 1.000000
0  -3.373451 -32.010483 -3.166344  -0.499994 -0.000000 0.866029  0.060711 0.469699 1 64 1.000000
lowpoly_metal
0  -3.781493 -19.600523 -3.401927  -1.000000 0.000000 0.000000  0.060711 0.469699 1 64 1.000000
0  -3.781495 -32.010483 -3.873091  -1.000000 0.000000 0.000000  0.060711 0.469699 1 64 1.000000
0  -3.781495 -32.010483 -3.401925  -1.000000 0.000000 0.000000  0.060711 0.469699 1 64 1.000000
lowpoly_metal
0  -3.781493 -19.600523 -3.873091  -0.500000 0.000000 -0.866025  0.060711 0.469699 1 64 1.000000
0  -3.373451 -32.010483 -4.108675  -0.499999 0.000000 -0.866026  0.060711 0.469699 1 64 1.000000
0  -3.781495 -32.010483 -3.873091  -0.499999 0.000000 -0.866026  0.060711 0.469699 1 64 1.000000
lowpoly_metal
0  -3.781493 -19.600523 -3.401927  -0.984430 -0.175777 0.000000  0.060711 0.469699 1 64 1.000000
0  -3.917322 -18.839817 -3.951515  -0.984430 -0.175776 0.000000  0.060711 0.469699 1 64 1.000000
0  -3.781493 -19.600523 -3.873091  -0.984430 -0.175777 0.000000  0.060711 0.469699 1 64 1.000000
lowpoly_metal
0  -3.373452 -19.600525 -4.108674  0.500000 0.000000 -0.866025  0.060711 0.469699 1 64 1.000000
0  -2.965411 -32.010483 -3.873092  0.500000 0.000000 -0.866025  0.060711 0.469699 1 64 1.000000
0  -3.373451 -32.010483 -4.108675  0.500000 0.000000 -0.866025  0.060711 0.469699 1 64 1.000000
lowpoly_metal
0  -2.965411 -19.600525 -3.873091  1.000000 0.000000 0.000000  0.060711 0.469699 1 64 1.000000
0  -2.965411 -32.010483 -3.401926  1.000000 0.000000 0.000000  0.060711 0.469699 1 64 1.000000
0  -2.965411 -32.010483 -3.873092  1.000000 0.000000 0.000000  0.060711 0.469699 1 64 1.000000
lowpoly_metal
0  -3.373448 -18.839819 -3.009500  -0.500000 -0.000000 0.866025  0.060711 0.469699 1 64 1.000000
0  -3.917319 -16.446770 -3.323503  -0.500003 -0.000001 0.866024  0.060711 0.469699 1 64 1.000000
0  -3.917322 -18.839817 -3.323504  -0.499999 -0.000000 0.866026  0.060711 0.469699 1 64 1.000000
lowpoly_metal
0  -2.965411 -19.600525 -3.873091  0.984429 -0.175780 0.000000  0.060711 0.469699 1 64 1.000000
0  -2.829579 -18.839817 -3.323504  0.984429 -0.175780 0.000000  0.060711 0.469699 1 64 1.000000
0  -2.965411 -19.600525 -3.401927  0.984429 -0.175781 0.000000  0.060711 0.469699 1 64 1.000000
lowpoly_metal
0  -3.781493 -19.600523 -3.873091  -0.492215 -0.175780 -0.852541  0.060711 0.469699 1 64 1.000000
0  -3.373449 -18.839819 -4.265521  -0.492215 -0.175779 -0.852541  0.060711 0.469699 1 64 1.000000
0  -3.373452 -19.600525 -4.108674  -0.492215 -0.175780 -0.852541  0.060711 0.469699 1 64 1.000000
lowpoly_metal
0  -3.373452 -19.600525 -3.166344  -0.492214 -0.175777 0.852542  0.060711 0.469699 1 64 1.000000
0  -3.917322 -18.839817 -3.323504  -0.492214 -0.175777 0.852542  0.060711 0.469699 1 64 1.000000
0  -3.781493 -19.600523 -3.401927  -0.492213 -0.175778 0.852542  0.060711 0.469699 1 64 1.000000
lowpoly_metal
0  -3.373452 -19.600525 -4.108674  0.492217 -0.175781 -0.852539  0.060711 0.469699 1 64 1.000000
0  -2.829579 -18.839817 -3.951513  0.492218 -0.175782 -0.852539  0.060711 0.469699 1 64 1.000000
0  -2.965411 -19.600525 -3.873091  0.492216 -0.175779 -0.852540  0.060711 0.469699 1 64 1.000000
lowpoly_metal
0  -2.965411 -19.600525 -3.401927  0.492216 -0.175781 0.852540  0.060711 0.469699 1 64 1.000000
0  -3.373448 -18.839819 -3.009500  0.492216 -0.175780 0.852540  0.060711 0.469699 1 64 1.000000
0  -3.373452 -19.600525 -3.166344  0.492216 -0.175782 0.852540  0.060711 0.469699 1 64 1.000000
lowpoly_metal
0  -2.829576 -16.446768 -3.323501  0.000011 1.000000 0.000000  0.060711 0.469699 1 64 1.000000
0  -3.373450 -16.446766 -3.147848  0.000006 1.000000 0.000001  0.060711 0.469699 1 64 1.000000
0  -3.373450 -16.446766 -3.009497  0.000002 1.000000 0.000007  0.060711 0.469699 1 64 1.000000
lowpoly_metal
0  -3.373449 -18.839819 -4.265521  0.500005 -0.000000 -0.866023  0.060711 0.469699 1 64 1.000000
0  -2.829576 -16.446768 -3.951512  0.500001 0.000001 -0.866025  0.060711 0.469699 1 64 1.000000
0  -2.829579 -18.839817 -3.951513  0.500005 -0.000000 -0.866022  0.060711 0.469699 1 64 1.000000
lowpoly_metal
0  -3.917322 -18.839817 -3.323504  -1.000000 0.000001 0.000000  0.060711 0.469699 1 64 1.000000
0  -3.917320 -16.446770 -3.951512  -1.000000 0.000001 0.000000  0.060711 0.469699 1 64 1.000000
0  -3.917322 -18.839817 -3.951515  -1.000000 0.000001 0.000000  0.060711 0.469699 1 64 1.000000
lowpoly_metal
0  -2.829579 -18.839817 -3.323504  0.500001 -0.000001 0.866025  0.060711 0.469699 1 64 1.000000
0  -3.373450 -16.446766 -3.009497  0.499999 -0.000002 0.866026  0.060711 0.469699 1 64 1.000000
0  -3.373448 -18.839819 -3.009500  0.500002 -0.000001 0.866024  0.060711 0.469699 1 64 1.000000
lowpoly_metal
0  -2.829579 -18.839817 -3.951513  1.000000 -0.000001 0.000000  0.060711 0.469699 1 64 1.000000
0  -2.829576 -16.446768 -3.323501  1.000000 -0.000001 0.000000  0.060711 0.469699 1 64 1.000000
0  -2.829579 -18.839817 -3.323504  1.000000 -0.000001 0.000000  0.060711 0.469699 1 64 1.000000
lowpoly_metal
0  -3.917322 -18.839817 -3.951515  -0.500002 0.000001 -0.866024  0.060711 0.469699 1 64 1.000000
0  -3.373450 -16.446766 -4.265518  -0.500003 0.000001 -0.866024  0.060711 0.469699 1 64 1.000000
0  -3.373449 -18.839819 -4.265521  -0.500002 0.000001 -0.866024  0.060711 0.469699 1 64 1.000000
lowpoly_metal
0  -3.373450 -16.446766 -4.127166  -0.499998 -0.000000 0.866026  0.060711 0.469699 1 64 1.000000
0  -2.949390 -18.937508 -3.882337  -0.499999 -0.000000 0.866026  0.060711 0.469699 1 64 1.000000
0  -2.949390 -16.446766 -3.882336  -0.499998 -0.000000 0.866026  0.060711 0.469699 1 64 1.000000
lowpoly_metal
0  -2.829576 -16.446768 -3.951512  0.000013 1.000000 -0.000002  0.060711 0.469699 1 64 1.000000
0  -2.949390 -16.446766 -3.392678  0.000012 1.000000 0.000000  0.060711 0.469699 1 64 1.000000
0  -2.829576 -16.446768 -3.323501  0.000011 1.000000 0.000000  0.060711 0.469699 1 64 1.000000
lowpoly_metal
0  -3.917320 -16.446770 -3.951512  -0.000043 1.000000 -0.000032  0.060711 0.469699 1 64 1.000000
0  -3.373450 -16.446766 -4.127166  -0.000005 1.000000 -0.000004  0.060711 0.469699 1 64 1.000000
0  -3.373450 -16.446766 -4.265518  -0.000003 1.000000 -0.000000  0.060711 0.469699 1 64 1.000000
lowpoly_metal
0  -3.373450 -16.446766 -3.009497  0.000002 1.000000 0.000007  0.060711 0.469699 1 64 1.000000
0  -3.797506 -16.446762 -3.392678  -0.000047 1.000000 0.000026  0.060711 0.469699 1 64 1.000000
0  -3.917319 -16.446770 -3.323503  -0.000050 1.000000 0.000029  0.060711 0.469699 1 64 1.000000
lowpoly_metal
0  -3.373450 -16.446766 -4.265518  -0.000003 1.000000 -0.000000  0.060711 0.469699 1 64 1.000000
0  -2.949390 -16.446766 -3.882336  0.000012 1.000000 -0.000001  0.060711 0.469699 1 64 1.000000
0  -2.829576 -16.446768 -3.951512  0.000013 1.000000 -0.000002  0.060711 0.469699 1 64 1.000000
lowpoly_metal
0  -3.917320 -16.446770 -3.951512  -0.000043 1.000000 -0.000032  0.060711 0.469699 1 64 1.000000
0  -3.797506 -16.446762 -3.392678  -0.000047 1.000000 0.000026  0.060711 0.469699 1 64 1.000000
0  -3.797506 -16.446762 -3.882336  -0.000046 1.000000 -0.000041  0.060711 0.469699 1 64 1.000000
lowpoly_metal
0  -2.949390 -18.937508 -3.392679  -0.989480 0.144671 0.000000  0.060711 0.469699 1 64 1.000000
0  -3.045433 -19.594393 -3.826885  -0.989480 0.144671 0.000000  0.060711 0.469699 1 64 1.000000
0  -3.045433 -19.594393 -3.448127  -0.989480 0.144670 0.000000  0.060711 0.469699 1 64 1.000000
lowpoly_metal
0  -3.797506 -16.446762 -3.392678  1.000000 -0.000000 0.000000  0.060711 0.469699 1 64 1.000000
0  -3.797506 -18.937504 -3.882337  1.000000 -0.000000 0.000000  0.060711 0.469699 1 64 1.000000
0  -3.797506 -16.446762 -3.882336  1.000000 -0.000000 0.000000  0.060711 0.469699 1 64 1.000000
lowpoly_metal
0  -2.949390 -16.446766 -3.392678  -0.499999 0.000000 -0.866026  0.060711 0.469699 1 64 1.000000
0  -3.373449 -18.937506 -3.147849  -0.499999 0.000000 -0.866026  0.060711 0.469699 1 64 1.000000
0  -3.373450 -16.446766 -3.147848  -0.499999 0.000000 -0.866026  0.060711 0.469699 1 64 1.000000
lowpoly_metal
0  -2.949390 -16.446766 -3.882336  -1.000000 0.000000 0.000000  0.060711 0.469699 1 64 1.000000
0  -2.949390 -18.937508 -3.392679  -1.000000 -0.000000 0.000000  0.060711 0.469699 1 64 1.000000
0  -2.949390 -16.446766 -3.392678  -1.000000 0.000000 0.000000  0.060711 0.469699 1 64 1.000000
lowpoly_metal
0  -3.797506 -16.446762 -3.882336  0.500002 -0.000000 0.866025  0.060711 0.469699 1 64 1.000000
0  -3.373449 -18.937506 -4.127167  0.500001 -0.000001 0.866025  0.060711 0.469699 1 64 1.000000
0  -3.373450 -16.446766 -4.127166  0.500002 -0.000000 0.866024  0.060711 0.469699 1 64 1.000000
lowpoly_metal
0  -3.797506 -16.446762 -3.392678  0.500002 0.000000 -0.866024  0.060711 0.469699 1 64 1.000000
0  -3.373449 -18.937506 -3.147849  0.500001 0.000000 -0.866025  0.060711 0.469699 1 64 1.000000
0  -3.797506 -18.937504 -3.392679  0.500001 0.000000 -0.866025  0.060711 0.469699 1 64 1.000000
lowpoly_metal
0  -3.373450 -19.594389 -4.016265  -0.500000 0.000000 0.866026  0.060711 0.469699 1 64 1.000000
0  -3.045442 -32.212589 -3.826886  -0.500002 0.000000 0.866024  0.060711 0.469699 1 64 1.000000
0  -3.045433 -19.594393 -3.826885  -0.500000 0.000000 0.866026  0.060711 0.469699 1 64 1.000000
lowpoly_metal
0  -3.797506 -18.937504 -3.882337  0.494739 0.144672 0.856915  0.060711 0.469699 1 64 1.000000
0  -3.373450 -19.594389 -4.016265  0.494740 0.144672 0.856915  0.060711 0.469699 1 64 1.000000
0  -3.373449 -18.937506 -4.127167  0.494739 0.144672 0.856915  0.060711 0.469699 1 64 1.000000
lowpoly_metal
0  -3.373449 -18.937506 -3.147849  0.494739 0.144670 -0.856915  0.060711 0.469699 1 64 1.000000
0  -3.701462 -19.594391 -3.448127  0.494739 0.144670 -0.856915  0.060711 0.469699 1 64 1.000000
0  -3.797506 -18.937504 -3.392679  0.494739 0.144669 -0.856915  0.060711 0.469699 1 64 1.000000
lowpoly_metal
0  -3.373449 -18.937506 -4.127167  -0.494740 0.144674 0.856914  0.060711 0.469699 1 64 1.000000
0  -3.045433 -19.594393 -3.826885  -0.494740 0.144674 0.856914  0.060711 0.469699 1 64 1.000000
0  -2.949390 -18.937508 -3.882337  -0.494741 0.144674 0.856913  0.060711 0.469699 1 64 1.000000
lowpoly_metal
0  -3.797506 -18.937504 -3.392679  0.989479 0.144674 0.000000  0.060711 0.469699 1 64 1.000000
0  -3.701462 -19.594391 -3.826887  0.989479 0.144674 0.000000  0.060711 0.469699 1 64 1.000000
0  -3.797506 -18.937504 -3.882337  0.989479 0.144674 0.000000  0.060711 0.469699 1 64 1.000000
lowpoly_metal
0  -3.373449 -18.937506 -3.147849  -0.494738 0.144671 -0.856916  0.060711 0.469699 1 64 1.000000
0  -3.045433 -19.594393 -3.448127  -0.494737 0.144672 -0.856916  0.060711 0.469699 1 64 1.000000
0  -3.373450 -19.594389 -3.258749  -0.494734 0.144673 -0.856918  0.060711 0.469699 1 64 1.000000
lowpoly_metal
0  -3.701462 -19.594391 -3.448127  1.000000 -0.000000 0.000000  0.060711 0.469699 1 64 1.000000
0  -3.701467 -32.212589 -3.826886  1.000000 -0.000000 0.000000  0.060711 0.469699 1 64 1.000000
0  -3.701462 -19.594391 -3.826887  1.000000 -0.000000 0.000000  0.060711 0.469699 1 64 1.000000
lowpoly_metal
0  -3.373450 -19.594389 -3.258749  -0.499994 0.000000 -0.866029  0.060711 0.469699 1 64 1.000000
0  -3.045442 -32.212589 -3.448127  -0.500001 0.000000 -0.866025  0.060711 0.469699 1 64 1.000000
0  -3.373454 -32.212589 -3.258749  -0.500001 0.000000 -0.866025  0.060711 0.469699 1 64 1.000000
lowpoly_metal
0  -3.045433 -19.594393 -3.448127  -1.000000 0.000001 0.000000  0.060711 0.469699 1 64 1.000000
0  -3.045442 -32.212589 -3.826886  -1.000000 0.000001 0.000000  0.060711 0.469699 1 64 1.000000
0  -3.045442 -32.212589 -3.448127  -1.000000 0.000001 0.000000  0.060711 0.469699 1 64 1.000000
lowpoly_metal
0  -3.701462 -19.594391 -3.826887  0.500002 -0.000000 0.866024  0.060711 0.469699 1 64 1.000000
0  -3.373454 -32.212589 -4.016265  0.500003 -0.000000 0.866024  0.060711 0.469699 1 64 1.000000
0  -3.373450 -19.594389 -4.016265  0.500002 -0.000000 0.866024  0.060711 0.469699 1 64 1.000000
lowpoly_metal
0  -3.373450 -19.594389 -3.258749  0.500001 -0.000000 -0.866025  0.060711 0.469699 1 64 1.000000
0  -3.701467 -32.212589 -3.448127  0.500001 -0.000000 -0.866025  0.060711 0.469699 1 64 1.000000
0  -3.701462 -19.594391 -3.448127  0.500001 -0.000000 -0.866025  0.060711 0.469699 1 64 1.000000
lowpoly_metal
0  -3.781495 -32.010483 -3.873091  -0.000090 1.000000 0.000000  0.060711 0.469699 1 64 1.000000
0  -3.373451 -32.010483 -4.108675  0.000000 1.000000 0.000000  0.060711 0.469699 1 64 1.000000
0  -3.373451 -32.010483 -4.145767  -0.000002 1.000000 0.000000  0.060711 0.469699 1 64 1.000000
lowpoly_metal
0  -3.373452 -33.406666 -4.145767  -0.500003 -0.000002 -0.866023  0.060711 0.469699 1 64 1.000000
0  -3.373449 -34.009834 -4.145767  -0.500003 -0.000003 -0.866024  0.060711 0.469699 1 64 1.000000
0  -3.813614 -34.009838 -3.891637  -0.500003 -0.000002 -0.866024  0.060711 0.469699 1 64 1.000000
lowpoly_metal
0  -3.781495 -32.010483 -3.401925  -0.000090 1.000000 0.000000  0.060711 0.469699 1 64 1.000000
0  -3.813621 -32.010487 -3.383380  -0.000091 1.000000 0.000000  0.060711 0.469699 1 64 1.000000
0  -3.373451 -32.010483 -3.129251  -0.000002 1.000000 0.000000  0.060711 0.469699 1 64 1.000000
lowpoly_metal
0  -2.965411 -32.010483 -3.873092  0.000000 1.000000 0.000000  0.060711 0.469699 1 64 1.000000
0  -2.933291 -32.010483 -3.891639  0.000000 1.000000 0.000000  0.060711 0.469699 1 64 1.000000
0  -3.373451 -32.010483 -4.145767  -0.000002 1.000000 0.000000  0.060711 0.469699 1 64 1.000000
lowpoly_metal
0  -2.965411 -32.010483 -3.401926  0.000000 1.000000 0.000000  0.060711 0.469699 1 64 1.000000
0  -3.373451 -32.010483 -3.166344  0.000000 1.000000 0.000000  0.060711 0.469699 1 64 1.000000
0  -3.373451 -32.010483 -3.129251  -0.000002 1.000000 0.000000  0.060711 0.469699 1 64 1.000000
lowpoly_metal
0  -3.781495 -32.010483 -3.401925  -0.000090 1.000000 0.000000  0.060711 0.469699 1 64 1.000000
0  -3.781495 -32.010483 -3.873091  -0.000090 1.000000 0.000000  0.060711 0.469699 1 64 1.000000
0  -3.813621 -32.010487 -3.891638  -0.000091 1.000000 0.000000  0.060711 0.469699 1 64 1.000000
lowpoly_metal
0  -2.965411 -32.010483 -3.873092  0.000000 1.000000 0.000000  0.060711 0.469699 1 64 1.000000
0  -2.965411 -32.010483 -3.401926  0.000000 1.000000 0.000000  0.060711 0.469699 1 64 1.000000
0  -2.933291 -32.010483 -3.383381  0.000000 1.000000 0.000000  0.060711 0.469699 1 64 1.000000
lowpoly_metal
0  -3.373448 -34.009834 -3.129251  -0.000000 -0.999993 0.003722  0.060711 0.469699 1 64 1.000000
0  -3.813614 -34.009838 -3.383381  -0.004163 -0.999991 0.000010  0.060711 0.469699 1 64 1.000000
0  -3.752876 -34.010090 -3.418450  -0.002084 -0.999991 0.003630  0.060711 0.469699 1 64 1.000000
lowpoly_metal
0  -3.813612 -33.406666 -3.383381  -0.500004 -0.000001 0.866023  0.060711 0.469699 1 64 1.000000
0  -3.813614 -34.009838 -3.383381  -0.500004 0.000002 0.866023  0.060711 0.469699 1 64 1.000000
0  -3.373448 -34.009834 -3.129251  -0.500004 -0.000001 0.866023  0.060711 0.469699 1 64 1.000000
lowpoly_metal
0  -2.933285 -33.406666 -3.891639  0.500001 -0.000002 -0.866025  0.060711 0.469699 1 64 1.000000
0  -2.933290 -34.009834 -3.891637  0.500011 -0.000007 -0.866019  0.060711 0.469699 1 64 1.000000
0  -3.373449 -34.009834 -4.145767  0.500003 -0.000003 -0.866024  0.060711 0.469699 1 64 1.000000
lowpoly_metal
0  -3.813612 -33.406666 -3.891639  -1.000000 0.000003 0.000000  0.060711 0.469699 1 64 1.000000
0  -3.813614 -34.009838 -3.891637  -1.000000 0.000003 0.000000  0.060711 0.469699 1 64 1.000000
0  -3.813614 -34.009838 -3.383381  -1.000000 0.000003 0.000000  0.060711 0.469699 1 64 1.000000
lowpoly_metal
0  -3.373452 -33.406666 -3.129251  0.500006 0.000002 0.866022  0.060711 0.469699 1 64 1.000000
0  -3.373448 -34.009834 -3.129251  0.500009 0.000003 0.866020  0.060711 0.469699 1 64 1.000000
0  -2.933290 -34.009834 -3.383381  0.500006 0.000002 0.866022  0.060711 0.469699 1 64 1.000000
lowpoly_metal
0  -2.933292 -33.406666 -3.383381  1.000000 -0.000004 0.000008  0.060711 0.469699 1 64 1.000000
0  -2.933290 -34.009834 -3.383381  1.000000 0.000003 0.000000  0.060711 0.469699 1 64 1.000000
0  -2.933290 -34.009834 -3.891637  1.000000 -0.000002 0.000007  0.060711 0.469699 1 64 1.000000
lowpoly_metal
0  -3.045442 -32.212589 -3.826886  -0.000056 -1.000000 0.000086  0.060711 0.469699 1 64 1.000000
0  -2.994037 -32.212593 -3.856565  -0.000054 -1.000000 0.000075  0.060711 0.469699 1 64 1.000000
0  -2.994037 -32.212593 -3.418448  -0.000058 -1.000000 -0.000085  0.060711 0.469699 1 64 1.000000
lowpoly_metal
0  -3.373454 -32.212589 -4.075623  -0.500002 -0.000001 0.866024  0.060711 0.469699 1 64 1.000000
0  -3.373456 -34.010098 -4.075623  -0.499998 0.000000 0.866027  0.060711 0.469699 1 64 1.000000
0  -2.994034 -34.010094 -3.856565  -0.499999 0.000000 0.866026  0.060711 0.469699 1 64 1.000000
lowpoly_metal
0  -3.373454 -32.212589 -4.016265  -0.000006 -1.000000 0.000007  0.060711 0.469699 1 64 1.000000
0  -3.701467 -32.212589 -3.826886  0.000000 -1.000000 0.000024  0.060711 0.469699 1 64 1.000000
0  -3.752870 -32.212589 -3.856564  0.000000 -1.000000 0.000022  0.060711 0.469699 1 64 1.000000
lowpoly_metal
0  -3.373454 -32.212589 -3.258749  0.000000 -1.000000 -0.000001  0.060711 0.469699 1 64 1.000000
0  -3.373454 -32.212589 -3.199390  -0.000003 -1.000000 -0.000010  0.060711 0.469699 1 64 1.000000
0  -3.752870 -32.212589 -3.418449  0.000000 -1.000000 -0.000022  0.060711 0.469699 1 64 1.000000
lowpoly_metal
0  -3.373454 -32.212589 -4.016265  -0.000006 -1.000000 0.000007  0.060711 0.469699 1 64 1.000000
0  -3.373454 -32.212589 -4.075623  -0.000005 -1.000000 0.000000  0.060711 0.469699 1 64 1.000000
0  -2.994037 -32.212593 -3.856565  -0.000054 -1.000000 0.000075  0.060711 0.469699 1 64 1.000000
lowpoly_metal
0  -3.701467 -32.212589 -3.448127  0.000000 -1.000000 -0.000024  0.060711 0.469699 1 64 1.000000
0  -3.752870 -32.212589 -3.418449  0.000000 -1.000000 -0.000022  0.060711 0.469699 1 64 1.000000
0  -3.752870 -32.212589 -3.856564  0.000000 -1.000000 0.000022  0.060711 0.469699 1 64 1.000000
lowpoly_metal
0  -3.045442 -32.212589 -3.448127  -0.000057 -1.000000 -0.000080  0.060711 0.469699 1 64 1.000000
0  -2.994037 -32.212593 -3.418448  -0.000058 -1.000000 -0.000085  0.060711 0.469699 1 64 1.000000
0  -3.373454 -32.212589 -3.199390  -0.000003 -1.000000 -0.000010  0.060711 0.469699 1 64 1.000000
lowpoly_metal
0  -3.373448 -34.009834 -3.129251  -0.000000 -0.999993 0.003722  0.060711 0.469699 1 64 1.000000
0  -3.373456 -34.010098 -3.199392  -0.000005 -0.999993 0.003727  0.060711 0.469699 1 64 1.000000
0  -2.994034 -34.010094 -3.418450  0.002244 -0.999991 0.003509  0.060711 0.469699 1 64 1.000000
lowpoly_metal
0  -3.752870 -32.212589 -3.418449  1.000000 -0.000004 0.000000  0.060711 0.469699 1 64 1.000000
0  -3.752876 -34.010090 -3.418450  1.000000 -0.000004 0.000000  0.060711 0.469699 1 64 1.000000
0  -3.752876 -34.010090 -3.856565  1.000000 -0.000004 0.000000  0.060711 0.469699 1 64 1.000000
lowpoly_metal
0  -3.373454 -32.212589 -3.199390  -0.500001 0.000000 -0.866025  0.060711 0.469699 1 64 1.000000
0  -2.994037 -32.212593 -3.418448  -0.500002 0.000000 -0.866025  0.060711 0.469699 1 64 1.000000
0  -2.994034 -34.010094 -3.418450  -0.499999 0.000001 -0.866026  0.060711 0.469699 1 64 1.000000
lowpoly_metal
0  -2.994037 -32.212593 -3.856565  -1.000000 -0.000002 0.000000  0.060711 0.469699 1 64 1.000000
0  -2.994034 -34.010094 -3.856565  -1.000000 -0.000002 0.000000  0.060711 0.469699 1 64 1.000000
0  -2.994034 -34.010094 -3.418450  -1.000000 -0.000002 0.000000  0.060711 0.469699 1 64 1.000000
lowpoly_metal
0  -3.752870 -32.212589 -3.856564  0.500005 -0.000001 0.866023  0.060711 0.469699 1 64 1.000000
0  -3.752876 -34.010090 -3.856565  0.500001 -0.000002 0.866025  0.060711 0.469699 1 64 1.000000
0  -3.373456 -34.010098 -4.075623  0.500001 -0.000002 0.866025  0.060711 0.469699 1 64 1.000000
lowpoly_metal
0  -3.373454 -32.212589 -3.199390  0.500005 -0.000001 -0.866023  0.060711 0.469699 1 64 1.000000
0  -3.373456 -34.010098 -3.199392  0.500000 0.000000 -0.866026  0.060711 0.469699 1 64 1.000000
0  -3.752876 -34.010090 -3.418450  0.500001 0.000000 -0.866025  0.060711 0.469699 1 64 1.000000
lowpoly_metal
0  -3.813614 -34.009838 -3.383381  -0.004163 -0.999991 0.000010  0.060711 0.469699 1 64 1.000000
0  -3.813614 -34.009838 -3.891637  -0.002087 -0.999991 -0.003562  0.060711 0.469699 1 64 1.000000
0  -3.752876 -34.010090 -3.856565  -0.004193 -0.999991 0.000114  0.060711 0.469699 1 64 1.000000
lowpoly_metal
0  -3.813614 -34.009838 -3.891637  -0.002087 -0.999991 -0.003562  0.060711 0.469699 1 64 1.000000
0  -3.373449 -34.009834 -4.145767  0.000004 -0.999993 -0.003768  0.060711 0.469699 1 64 1.000000
0  -3.373456 -34.010098 -4.075623  0.000006 -0.999993 -0.003759  0.060711 0.469699 1 64 1.000000
lowpoly_metal
0  -2.933290 -34.009834 -3.891637  0.002165 -0.999991 -0.003643  0.060711 0.469699 1 64 1.000000
0  -2.994034 -34.010094 -3.856565  0.004256 -0.999991 -0.000032  0.060711 0.469699 1 64 1.000000
0  -3.373456 -34.010098 -4.075623  0.000006 -0.999993 -0.003759  0.060711 0.469699 1 64 1.000000
lowpoly_metal
0  -2.933290 -34.009834 -3.383381  0.004258 -0.999991 0.000017  0.060711 0.469699 1 64 1.000000
0  -2.994034 -34.010094 -3.418450  0.002244 -0.999991 0.003509  0.060711 0.469699 1 64 1.000000
0  -2.994034 -34.010094 -3.856565  0.004256 -0.999991 -0.000032  0.060711 0.469699 1 64 1.000000
lowpoly_metal
0  -2.933287 -32.172256 -3.383381  1.000000 0.000015 0.000000  0.060711 0.469699 1 64 1.000000
0  -2.933287 -32.657570 -3.383381  1.000000 -0.000001 0.000000  0.060711 0.469699 1 64 1.000000
0  -2.933287 -32.657570 -3.891637  1.000000 -0.000001 0.000000  0.060711 0.469699 1 64 1.000000
lowpoly_metal
0  -2.933287 -32.172256 -3.383381  0.500004 0.000006 0.866023  0.060711 0.469699 1 64 1.000000
0  -3.373452 -32.172260 -3.129251  0.500002 -0.000001 0.866024  0.060711 0.469699 1 64 1.000000
0  -3.373452 -32.657574 -3.129251  0.499999 -0.000001 0.866026  0.060711 0.469699 1 64 1.000000
lowpoly_metal
0  -3.813614 -32.172256 -3.891638  -1.000000 -0.000019 0.000000  0.060711 0.469699 1 64 1.000000
0  -3.813615 -32.657570 -3.891639  -1.000000 -0.000002 0.000000  0.060711 0.469699 1 64 1.000000
0  -3.813615 -32.657570 -3.383381  -1.000000 -0.000002 0.000000  0.060711 0.469699 1 64 1.000000
lowpoly_metal
0  -2.933287 -32.172256 -3.891639  0.499997 0.000007 -0.866027  0.060711 0.469699 1 64 1.000000
0  -2.933287 -32.657570 -3.891637  0.500001 -0.000001 -0.866025  0.060711 0.469699 1 64 1.000000
0  -3.373452 -32.657574 -4.145767  0.499997 -0.000001 -0.866027  0.060711 0.469699 1 64 1.000000
lowpoly_metal
0  -3.813614 -32.172256 -3.383380  -0.499996 -0.000008 0.866027  0.060711 0.469699 1 64 1.000000
0  -3.813615 -32.657570 -3.383381  -0.500006 -0.000001 0.866022  0.060711 0.469699 1 64 1.000000
0  -3.373452 -32.657574 -3.129251  -0.500001 -0.000000 0.866025  0.060711 0.469699 1 64 1.000000
lowpoly_metal
0  -3.373452 -32.172260 -4.145767  -0.500005 0.000002 -0.866023  0.060711 0.469699 1 64 1.000000
0  -3.373452 -32.657574 -4.145767  -0.500002 -0.000001 -0.866024  0.060711 0.469699 1 64 1.000000
0  -3.813615 -32.657570 -3.891639  -0.499999 -0.000001 -0.866026  0.060711 0.469699 1 64 1.000000
lowpoly_metal
0  -3.373451 -32.010483 -4.145767  -0.500003 -0.000002 -0.866023  0.060711 0.469699 1 64 1.000000
0  -3.373452 -32.172260 -4.145767  -0.500005 0.000002 -0.866023  0.060711 0.469699 1 64 1.000000
0  -3.813614 -32.172256 -3.891638  -0.499994 -0.000007 -0.866029  0.060711 0.469699 1 64 1.000000
lowpoly_metal
0  -3.373451 -32.010483 -3.129251  -0.500005 -0.000002 0.866023  0.060711 0.469699 1 64 1.000000
0  -3.813621 -32.010487 -3.383380  -0.499984 -0.000020 0.866034  0.060711 0.469699 1 64 1.000000
0  -3.813614 -32.172256 -3.383380  -0.499996 -0.000008 0.866027  0.060711 0.469699 1 64 1.000000
lowpoly_metal
0  -2.933291 -32.010483 -3.891639  0.499999 0.000011 -0.866026  0.060711 0.469699 1 64 1.000000
0  -2.933287 -32.172256 -3.891639  0.499997 0.000007 -0.866027  0.060711 0.469699 1 64 1.000000
0  -3.373452 -32.172260 -4.145767  0.499998 0.000000 -0.866027  0.060711 0.469699 1 64 1.000000
lowpoly_metal
0  -3.813621 -32.010487 -3.891638  -1.000000 -0.000041 0.000000  0.060711 0.469699 1 64 1.000000
0  -3.813614 -32.172256 -3.891638  -1.000000 -0.000019 0.000000  0.060711 0.469699 1 64 1.000000
0  -3.813614 -32.172256 -3.383380  -1.000000 -0.000020 0.000000  0.060711 0.469699 1 64 1.000000
lowpoly_metal
0  -3.373451 -32.010483 -3.129251  0.500010 0.000001 0.866020  0.060711 0.469699 1 64 1.000000
0  -3.373452 -32.172260 -3.129251  0.500002 -0.000001 0.866024  0.060711 0.469699 1 64 1.000000
0  -2.933287 -32.172256 -3.383381  0.500004 0.000006 0.866023  0.060711 0.469699 1 64 1.000000
lowpoly_metal
0  -2.933291 -32.010483 -3.383381  1.000000 0.000029 0.000000  0.060711 0.469699 1 64 1.000000
0  -2.933287 -32.172256 -3.383381  1.000000 0.000015 0.000000  0.060711 0.469699 1 64 1.000000
0  -2.933287 -32.172256 -3.891639  1.000000 0.000015 0.000000  0.060711 0.469699 1 64 1.000000
lowpoly_metal
0  -2.933287 -32.657570 -3.891637  1.000000 -0.000001 0.000000  0.060711 0.469699 1 64 1.000000
0  -2.933287 -32.657570 -3.383381  1.000000 -0.000001 0.000000  0.060711 0.469699 1 64 1.000000
0  -2.933288 -33.338566 -3.383381  1.000000 -0.000001 0.000000  0.060711 0.469699 1 64 1.000000
lowpoly_metal
0  -2.933287 -32.657570 -3.383381  0.500004 -0.000001 0.866023  0.060711 0.469699 1 64 1.000000
0  -3.373452 -32.657574 -3.129251  0.499999 -0.000001 0.866026  0.060711 0.469699 1 64 1.000000
0  -3.373453 -33.338566 -3.129251  0.500000 -0.000001 0.866026  0.060711 0.469699 1 64 1.000000
lowpoly_metal
0  -3.813615 -32.657570 -3.891639  -1.000000 -0.000002 0.000000  0.060711 0.469699 1 64 1.000000
0  -3.813611 -33.338566 -3.891639  -1.000000 -0.000006 0.000000  0.060711 0.469699 1 64 1.000000
0  -3.813611 -33.338566 -3.383381  -1.000000 -0.000006 0.000000  0.060711 0.469699 1 64 1.000000
lowpoly_metal
0  -2.933287 -32.657570 -3.891637  0.500001 -0.000001 -0.866025  0.060711 0.469699 1 64 1.000000
0  -2.933288 -33.338566 -3.891639  0.499999 0.000001 -0.866026  0.060711 0.469699 1 64 1.000000
0  -3.373453 -33.338566 -4.145767  0.499998 0.000001 -0.866026  0.060711 0.469699 1 64 1.000000
lowpoly_metal
0  -3.813615 -32.657570 -3.383381  -0.500006 -0.000001 0.866022  0.060711 0.469699 1 64 1.000000
0  -3.813611 -33.338566 -3.383381  -0.500009 -0.000003 0.866020  0.060711 0.469699 1 64 1.000000
0  -3.373453 -33.338566 -3.129251  -0.500005 -0.000001 0.866023  0.060711 0.469699 1 64 1.000000
lowpoly_metal
0  -3.373452 -32.657574 -4.145767  -0.500002 -0.000001 -0.866024  0.060711 0.469699 1 64 1.000000
0  -3.373453 -33.338566 -4.145767  -0.500004 0.000001 -0.866023  0.060711 0.469699 1 64 1.000000
0  -3.813611 -33.338566 -3.891639  -0.500001 -0.000001 -0.866025  0.060711 0.469699 1 64 1.000000
lowpoly_metal
0  -2.933285 -33.406666 -3.891639  0.000097 1.000000 -0.000134  0.060711 0.469699 1 64 1.000000
0  -3.373452 -33.406666 -4.145767  0.000000 1.000000 0.000000  0.060711 0.469699 1 64 1.000000
0  -3.373452 -33.406666 -4.113015  0.000001 1.000000 -0.000006  0.060711 0.469699 1 64 1.000000
lowpoly_metal
0  -3.373453 -33.338566 -3.129251  0.000000 -1.000000 0.000001  0.060711 0.469699 1 64 1.000000
0  -3.373453 -33.338566 -3.162005  0.000001 -1.000000 -0.000002  0.060711 0.469699 1 64 1.000000
0  -2.961654 -33.338566 -3.399757  0.000000 -1.000000 0.000020  0.060711 0.469699 1 64 1.000000
lowpoly_metal
0  -3.813611 -33.338566 -3.383381  0.000097 -1.000000 -0.000067  0.060711 0.469699 1 64 1.000000
0  -3.785254 -33.338562 -3.399757  0.000099 -1.000000 -0.000071  0.060711 0.469699 1 64 1.000000
0  -3.373453 -33.338566 -3.162005  0.000001 -1.000000 -0.000002  0.060711 0.469699 1 64 1.000000
lowpoly_metal
0  -3.813612 -33.406666 -3.891639  0.000000 1.000000 -0.000067  0.060711 0.469699 1 64 1.000000
0  -3.813612 -33.406666 -3.383381  0.000000 1.000000 -0.000029  0.060711 0.469699 1 64 1.000000
0  -3.785252 -33.406666 -3.399757  0.000000 1.000000 -0.000028  0.060711 0.469699 1 64 1.000000
lowpoly_metal
0  -2.933288 -33.338566 -3.891639  0.000000 -1.000000 -0.000021  0.060711 0.469699 1 64 1.000000
0  -2.933288 -33.338566 -3.383381  0.000000 -1.000000 0.000021  0.060711 0.469699 1 64 1.000000
0  -2.961654 -33.338566 -3.399757  0.000000 -1.000000 0.000020  0.060711 0.469699 1 64 1.000000
lowpoly_metal
0  -3.813612 -33.406666 -3.891639  0.000000 1.000000 -0.000067  0.060711 0.469699 1 64 1.000000
0  -3.785252 -33.406666 -3.875261  0.000000 1.000000 -0.000071  0.060711 0.469699 1 64 1.000000
0  -3.373452 -33.406666 -4.113015  0.000001 1.000000 -0.000006  0.060711 0.469699 1 64 1.000000
lowpoly_metal
0  -2.961654 -33.338566 -3.399757  1.000000 0.000014 0.000000  0.060711 0.469699 1 64 1.000000
0  -2.961653 -33.406662 -3.399757  1.000000 0.000015 0.000000  0.060711 0.469699 1 64 1.000000
0  -2.961653 -33.406662 -3.875261  1.000000 0.000012 0.000000  0.060711 0.469699 1 64 1.000000
lowpoly_metal
0  -3.373453 -33.338566 -3.162005  0.499999 0.000007 0.866026  0.060711 0.469699 1 64 1.000000
0  -3.373452 -33.406666 -3.162005  0.499996 0.000007 0.866028  0.060711 0.469699 1 64 1.000000
0  -2.961653 -33.406662 -3.399757  0.500033 0.000007 0.866007  0.060711 0.469699 1 64 1.000000
lowpoly_metal
0  -3.785254 -33.338562 -3.875263  -1.000000 -0.000037 0.000000  0.060711 0.469699 1 64 1.000000
0  -3.785252 -33.406666 -3.875261  -1.000000 -0.000037 0.000000  0.060711 0.469699 1 64 1.000000
0  -3.785252 -33.406666 -3.399757  -1.000000 -0.000044 0.000000  0.060711 0.469699 1 64 1.000000
lowpoly_metal
0  -2.961654 -33.338566 -3.875263  0.500026 -0.000013 -0.866010  0.060711 0.469699 1 64 1.000000
0  -2.961653 -33.406662 -3.875261  0.500030 -0.000015 -0.866008  0.060711 0.469699 1 64 1.000000
0  -3.373452 -33.406666 -4.113015  0.499990 0.000005 -0.866031  0.060711 0.469699 1 64 1.000000
lowpoly_metal
0  -3.785254 -33.338562 -3.399757  -0.499970 -0.000021 0.866043  0.060711 0.469699 1 64 1.000000
0  -3.785252 -33.406666 -3.399757  -0.499966 -0.000022 0.866045  0.060711 0.469699 1 64 1.000000
0  -3.373452 -33.406666 -3.162005  -0.500002 -0.000009 0.866024  0.060711 0.469699 1 64 1.000000
lowpoly_metal
0  -3.373453 -33.338566 -4.113015  -0.499997 -0.000011 -0.866027  0.060711 0.469699 1 64 1.000000
0  -3.373452 -33.406666 -4.113015  -0.500000 -0.000007 -0.866025  0.060711 0.469699 1 64 1.000000
0  -3.785252 -33.406666 -3.875261  -0.499966 -0.000041 -0.866045  0.060711 0.469699 1 64 1.000000
lowpoly_metal
0  -3.373453 -33.338566 -4.145767  -0.000003 -1.000000 0.000007  0.060711 0.469699 1 64 1.000000
0  -3.373453 -33.338566 -4.113015  -0.000005 -1.000000 0.000000  0.060711 0.469699 1 64 1.000000
0  -3.785254 -33.338562 -3.875263  0.000100 -1.000000 0.000141  0.060711 0.469699 1 64 1.000000
lowpoly_metal
0  -2.933292 -33.406666 -3.383381  0.000101 1.000000 0.000112  0.060711 0.469699 1 64 1.000000
0  -2.933285 -33.406666 -3.891639  0.000097 1.000000 -0.000134  0.060711 0.469699 1 64 1.000000
0  -2.961653 -33.406662 -3.875261  0.000099 1.000000 -0.000141  0.060711 0.469699 1 64 1.000000
lowpoly_metal
0  -3.813611 -33.338566 -3.383381  0.000097 -1.000000 -0.000067  0.060711 0.469699 1 64 1.000000
0  -3.813611 -33.338566 -3.891639  0.000101 -1.000000 0.000145  0.060711 0.469699 1 64 1.000000
0  -3.785254 -33.338562 -3.875263  0.000100 -1.000000 0.000141  0.060711 0.469699 1 64 1.000000
lowpoly_metal
0  -3.373452 -33.406666 -3.129251  -0.000003 1.000000 0.000005  0.060711 0.469699 1 64 1.000000
0  -3.373452 -33.406666 -3.162005  -0.000005 1.000000 0.000000  0.060711 0.469699 1 64 1.000000
0  -3.785252 -33.406666 -3.399757  0.000000 1.000000 -0.000028  0.060711 0.469699 1 64 1.000000
lowpoly_metal
0  -3.373452 -33.406666 -3.129251  -0.000003 1.000000 0.000005  0.060711 0.469699 1 64 1.000000
0  -2.933292 -33.406666 -3.383381  0.000101 1.000000 0.000112  0.060711 0.469699 1 64 1.000000
0  -2.961653 -33.406662 -3.399757  0.000100 1.000000 0.000109  0.060711 0.469699 1 64 1.000000
lowpoly_metal
0  -3.373453 -33.338566 -4.145767  -0.000003 -1.000000 0.000007  0.060711 0.469699 1 64 1.000000
0  -2.933288 -33.338566 -3.891639  0.000000 -1.000000 -0.000021  0.060711 0.469699 1 64 1.000000
0  -2.961654 -33.338566 -3.875263  0.000000 -1.000000 -0.000020  0.060711 0.469699 1 64 1.000000
lowpoly_metal
0  -3.637896 -32.365131 -4.115245  -0.000002 -0.500042 0.866001  0.043544 0.609912 1 64 1.000000
0  -3.637895 -32.453102 -4.166039  -0.000004 -0.500050 0.865997  0.043544 0.609912 1 64 1.000000
0  -3.109005 -32.453106 -4.166039  0.000005 -0.499994 0.866029  0.043544 0.609912 1 64 1.000000
lowpoly_metal
0  -3.637895 -32.453102 -4.166039  -0.000007 -1.000000 0.000000  0.043544 0.609912 1 64 1.000000
0  -3.637895 -32.453102 -4.267625  -0.000007 -1.000000 0.000000  0.043544 0.609912 1 64 1.000000
0  -3.109005 -32.453106 -4.267625  -0.000007 -1.000000 0.000004  0.043544 0.609912 1 64 1.000000
lowpoly_metal
0  -3.637895 -32.453102 -4.267625  0.000006 -0.500033 -0.866006  0.043544 0.609912 1 64 1.000000
0  -3.637896 -32.365131 -4.318418  0.000007 -0.500040 -0.866002  0.043544 0.609912 1 64 1.000000
0  -3.109010 -32.365124 -4.318418  -0.000002 -0.499989 -0.866032  0.043544 0.609912 1 64 1.000000
lowpoly_metal
0  -3.109010 -32.365124 -4.318418  -0.000005 0.499979 -0.866037  0.043544 0.609912 1 64 1.000000
0  -3.637896 -32.365131 -4.318418  -0.000008 0.499949 -0.866055  0.043544 0.609912 1 64 1.000000
0  -3.637902 -32.277149 -4.267625  -0.000007 0.499953 -0.866052  0.043544 0.609912 1 64 1.000000
lowpoly_metal
0  -3.637895 -32.453102 -4.267625  -1.000000 -0.000039 -0.000012  0.043544 0.609912 1 64 1.000000
0  -3.637895 -32.453102 -4.166039  -1.000000 -0.000033 0.000012  0.043544 0.609912 1 64 1.000000
0  -3.637902 -32.277149 -4.267625  -1.000000 -0.000041 -0.000006  0.043544 0.609912 1 64 1.000000
lowpoly_metal
0  -3.637896 -32.365131 -4.115245  -1.000000 -0.000035 0.000018  0.043544 0.609912 1 64 1.000000
0  -3.637902 -32.277149 -4.166039  -1.000000 -0.000060 0.000000  0.043544 0.609912 1 64 1.000000
0  -3.637902 -32.277149 -4.267625  -1.000000 -0.000041 -0.000006  0.043544 0.609912 1 64 1.000000
lowpoly_metal
0  -3.637902 -32.277149 -4.267625  -1.000000 -0.000041 -0.000006  0.043544 0.609912 1 64 1.000000
0  -3.637896 -32.365131 -4.318418  -1.000000 -0.000037 -0.000047  0.043544 0.609912 1 64 1.000000
0  -3.637895 -32.453102 -4.267625  -1.000000 -0.000039 -0.000012  0.043544 0.609912 1 64 1.000000
lowpoly_metal
0  -3.637902 -32.277149 -4.267625  -0.000007 1.000000 -0.000000  0.043544 0.609912 1 64 1.000000
0  -3.637902 -32.277149 -4.166039  -0.000007 1.000000 0.000000  0.043544 0.609912 1 64 1.000000
0  -3.109009 -32.277145 -4.166039  -0.000007 1.000000 -0.000002  0.043544 0.609912 1 64 1.000000
lowpoly_metal
0  -3.637902 -32.277149 -4.166039  -0.000007 0.499959 0.866049  0.043544 0.609912 1 64 1.000000
0  -3.637896 -32.365131 -4.115245  -0.000007 0.499955 0.866051  0.043544 0.609912 1 64 1.000000
0  -3.109010 -32.365124 -4.115245  -0.000004 0.499982 0.866036  0.043544 0.609912 1 64 1.000000
lowpoly_metal
0  -3.109009 -32.277145 -4.166039  1.000000 0.000020 0.000012  0.043544 0.609912 1 64 1.000000
0  -3.109010 -32.365124 -4.115245  1.000000 0.000020 0.000056  0.043544 0.609912 1 64 1.000000
0  -3.109005 -32.453106 -4.166039  1.000000 0.000025 0.000006  0.043544 0.609912 1 64 1.000000
lowpoly_metal
0  -3.109005 -32.453106 -4.166039  1.000000 0.000025 0.000006  0.043544 0.609912 1 64 1.000000
0  -3.109005 -32.453106 -4.267625  1.000000 0.000053 -0.000002  0.043544 0.609912 1 64 1.000000
0  -3.109010 -32.365124 -4.318418  1.000000 0.000018 -0.000023  0.043544 0.609912 1 64 1.000000
lowpoly_metal
0  -3.109010 -32.365124 -4.318418  1.000000 0.000018 -0.000023  0.043544 0.609912 1 64 1.000000
0  -3.109009 -32.277145 -4.267625  1.000000 0.000013 -0.000016  0.043544 0.609912 1 64 1.000000
0  -3.109005 -32.453106 -4.166039  1.000000 0.000025 0.000006  0.043544 0.609912 1 64 1.000000
lowpoly_metal
0  -3.373451 -32.013996 -4.082262  -0.000008 1.000000 -0.000006  0.060711 0.469699 1 64 1.000000
0  -3.046645 -32.013988 -3.912779  -0.000020 1.000000 0.000000  0.060711 0.469699 1 64 1.000000
0  -3.147042 -32.013992 -4.180894  -0.000019 1.000000 0.000000  0.060711 0.469699 1 64 1.000000
lowpoly_metal
0  -3.147042 -32.013992 -4.180894  0.936496 0.000003 -0.350678  0.060711 0.469699 1 64 1.000000
0  -3.046645 -32.013988 -3.912779  0.936497 0.000005 -0.350675  0.060711 0.469699 1 64 1.000000
0  -3.046642 -32.626110 -3.912779  0.936494 -0.000000 -0.350684  0.060711 0.469699 1 64 1.000000
lowpoly_metal
0  -3.373451 -32.626114 -4.082262  0.000000 -1.000000 -0.000009  0.060711 0.469699 1 64 1.000000
0  -3.700263 -32.626110 -3.912779  -0.000005 -1.000000 -0.000014  0.060711 0.469699 1 64 1.000000
0  -3.599861 -32.626114 -4.180894  -0.000002 -1.000000 -0.000006  0.060711 0.469699 1 64 1.000000
lowpoly_metal
0  -3.700263 -32.626110 -3.912779  -0.936491 0.000004 -0.350692  0.060711 0.469699 1 64 1.000000
0  -3.700261 -32.013992 -3.912778  -0.936490 0.000003 -0.350693  0.060711 0.469699 1 64 1.000000
0  -3.599859 -32.013996 -4.180893  -0.936491 0.000003 -0.350693  0.060711 0.469699 1 64 1.000000
lowpoly_metal
0  -3.147047 -32.091702 -4.365596  0.000000 1.000000 0.000000  0.060711 0.469699 1 64 1.000000
0  -3.067824 -32.091702 -4.506499  0.000000 1.000000 0.000000  0.060711 0.469699 1 64 1.000000
0  -3.373458 -32.091702 -4.506499  0.000003 1.000000 -0.000016  0.060711 0.469699 1 64 1.000000
lowpoly_metal
0  -3.373451 -32.626114 -4.082262  0.460367 -0.000002 0.887729  0.060711 0.469699 1 64 1.000000
0  -3.373451 -32.013996 -4.082262  0.460369 0.000001 0.887728  0.060711 0.469699 1 64 1.000000
0  -3.700261 -32.013992 -3.912778  0.460368 -0.000001 0.887728  0.060711 0.469699 1 64 1.000000
lowpoly_metal
0  -3.599861 -32.626114 -4.180894  -1.000000 0.000004 -0.000000  0.060711 0.469699 1 64 1.000000
0  -3.599859 -32.013996 -4.180893  -1.000000 0.000003 -0.000001  0.060711 0.469699 1 64 1.000000
0  -3.599859 -32.091698 -4.365595  -1.000000 0.000003 -0.000001  0.060711 0.469699 1 64 1.000000
lowpoly_metal
0  -3.373451 -32.626114 -4.180894  0.000000 -1.000000 0.000000  0.060711 0.469699 1 64 1.000000
0  -3.599861 -32.626114 -4.180894  -0.000002 -1.000000 -0.000006  0.060711 0.469699 1 64 1.000000
0  -3.599861 -32.626114 -4.365596  -0.000005 -1.000000 0.000000  0.060711 0.469699 1 64 1.000000
lowpoly_metal
0  -3.147047 -32.091702 -4.365596  1.000000 0.000000 -0.000025  0.060711 0.469699 1 64 1.000000
0  -3.147042 -32.013992 -4.180894  1.000000 -0.000002 -0.000030  0.060711 0.469699 1 64 1.000000
0  -3.147043 -32.626114 -4.180893  1.000000 0.000007 -0.000006  0.060711 0.469699 1 64 1.000000
lowpoly_metal
0  -3.373451 -32.013996 -4.180894  -0.000004 0.921746 -0.387794  0.060711 0.469699 1 64 1.000000
0  -3.147042 -32.013992 -4.180894  -0.000016 0.921736 -0.387817  0.060711 0.469699 1 64 1.000000
0  -3.147047 -32.091702 -4.365596  -0.000008 0.921742 -0.387804  0.060711 0.469699 1 64 1.000000
lowpoly_metal
0  -3.373451 -32.626114 -4.506499  -0.000000 0.000001 -1.000000  0.060711 0.469699 1 64 1.000000
0  -3.679085 -32.626110 -4.506499  0.000000 0.000002 -1.000000  0.060711 0.469699 1 64 1.000000
0  -3.679086 -32.091705 -4.506498  -0.000002 0.000001 -1.000000  0.060711 0.469699 1 64 1.000000
lowpoly_metal
0  -3.599861 -32.626114 -4.365596  -0.000005 -1.000000 0.000000  0.060711 0.469699 1 64 1.000000
0  -3.679085 -32.626110 -4.506499  -0.000012 -1.000000 0.000000  0.060711 0.469699 1 64 1.000000
0  -3.373451 -32.626114 -4.506499  0.000000 -1.000000 0.000000  0.060711 0.469699 1 64 1.000000
lowpoly_metal
0  -3.599859 -32.091698 -4.365595  -0.871659 -0.000002 0.490112  0.060711 0.469699 1 64 1.000000
0  -3.679086 -32.091705 -4.506498  -0.871659 -0.000003 0.490114  0.060711 0.469699 1 64 1.000000
0  -3.679085 -32.626110 -4.506499  -0.871663 0.000002 0.490107  0.060711 0.469699 1 64 1.000000
lowpoly_metal
0  -3.147043 -32.626114 -4.365596  0.871674 0.000003 0.490087  0.060711 0.469699 1 64 1.000000
0  -3.067823 -32.626110 -4.506499  0.871676 0.000001 0.490083  0.060711 0.469699 1 64 1.000000
0  -3.067824 -32.091702 -4.506499  0.871666 0.000007 0.490101  0.060711 0.469699 1 64 1.000000
lowpoly_metal
0  -3.147043 -32.626114 -4.365596  0.000005 -1.000000 0.000000  0.060711 0.469699 1 64 1.000000
0  -3.373451 -32.626114 -4.365596  0.000000 -1.000000 0.000000  0.060711 0.469699 1 64 1.000000
0  -3.373451 -32.626114 -4.506499  0.000000 -1.000000 0.000000  0.060711 0.469699 1 64 1.000000
lowpoly_metal
0  -3.067823 -32.626110 -4.506499  0.000000 0.000000 -1.000000  0.060711 0.469699 1 64 1.000000
0  -3.373451 -32.626114 -4.506499  -0.000000 0.000001 -1.000000  0.060711 0.469699 1 64 1.000000
0  -3.373458 -32.091702 -4.506499  -0.000001 -0.000000 -1.000000  0.060711 0.469699 1 64 1.000000
lowpoly_metal
0  -3.599859 -32.013996 -4.180893  0.000006 0.921758 -0.387766  0.060711 0.469699 1 64 1.000000
0  -3.373451 -32.013996 -4.180894  -0.000004 0.921746 -0.387794  0.060711 0.469699 1 64 1.000000
0  -3.373458 -32.091702 -4.365596  0.000003 0.921753 -0.387778  0.060711 0.469699 1 64 1.000000
lowpoly_metal
0  -3.147043 -32.626114 -4.365596  0.000005 -1.000000 0.000000  0.060711 0.469699 1 64 1.000000
0  -3.147043 -32.626114 -4.180893  0.000002 -1.000000 -0.000012  0.060711 0.469699 1 64 1.000000
0  -3.373451 -32.626114 -4.180894  0.000000 -1.000000 0.000000  0.060711 0.469699 1 64 1.000000
lowpoly_metal
0  -3.046642 -32.626110 -3.912779  -0.460371 -0.000001 0.887726  0.060711 0.469699 1 64 1.000000
0  -3.046645 -32.013988 -3.912779  -0.460375 -0.000002 0.887724  0.060711 0.469699 1 64 1.000000
0  -3.373451 -32.013996 -4.082262  -0.460373 -0.000002 0.887725  0.060711 0.469699 1 64 1.000000
lowpoly_metal
0  -3.599859 -32.091698 -4.365595  -0.000005 1.000000 -0.000065  0.060711 0.469699 1 64 1.000000
0  -3.373458 -32.091702 -4.365596  0.000008 1.000000 0.000000  0.060711 0.469699 1 64 1.000000
0  -3.373458 -32.091702 -4.506499  0.000003 1.000000 -0.000016  0.060711 0.469699 1 64 1.000000
lowpoly_metal
0  -3.147043 -32.626114 -4.180893  0.000002 -1.000000 -0.000012  0.060711 0.469699 1 64 1.000000
0  -3.046642 -32.626110 -3.912779  0.000005 -1.000000 -0.000027  0.060711 0.469699 1 64 1.000000
0  -3.373451 -32.626114 -4.082262  0.000000 -1.000000 -0.000009  0.060711 0.469699 1 64 1.000000
lowpoly_metal
0  -3.599859 -32.013996 -4.180893  0.000004 1.000000 -0.000021  0.060711 0.469699 1 64 1.000000
0  -3.700261 -32.013992 -3.912778  0.000005 1.000000 -0.000027  0.060711 0.469699 1 64 1.000000
0  -3.373451 -32.013996 -4.082262  -0.000008 1.000000 -0.000006  0.060711 0.469699 1 64 1.000000
lowpoly_metal
0  -2.864455 -32.085041 -4.602811  0.500000 0.000002 0.866025  0.060711 0.469699 1 64 1.000000
0  -3.373451 -32.085037 -4.308940  0.500000 -0.000001 0.866025  0.060711 0.469699 1 64 1.000000
0  -3.373452 -32.626514 -4.308940  0.500000 0.000002 0.866026  0.060711 0.469699 1 64 1.000000
lowpoly_metal
0  -3.373451 -32.085037 -4.308940  -0.499997 -0.000003 0.866027  0.060711 0.469699 1 64 1.000000
0  -3.882455 -32.085041 -4.602810  -0.499995 -0.000007 0.866028  0.060711 0.469699 1 64 1.000000
0  -3.882449 -32.626514 -4.602811  -0.499997 -0.000003 0.866027  0.060711 0.469699 1 64 1.000000
lowpoly_metal
0  -3.882455 -32.085041 -4.602810  -1.000000 -0.000010 0.000000  0.060711 0.469699 1 64 1.000000
0  -3.882455 -32.085041 -5.190553  -1.000000 -0.000010 0.000000  0.060711 0.469699 1 64 1.000000
0  -3.882450 -32.626514 -5.190552  -1.000000 -0.000010 0.000000  0.060711 0.469699 1 64 1.000000
lowpoly_metal
0  -3.882455 -32.085041 -5.190553  -0.499998 -0.000004 -0.866026  0.060711 0.469699 1 64 1.000000
0  -3.373452 -32.085037 -5.484424  -0.499993 -0.000001 -0.866029  0.060711 0.469699 1 64 1.000000
0  -3.373453 -32.626514 -5.484423  -0.499998 -0.000004 -0.866027  0.060711 0.469699 1 64 1.000000
lowpoly_metal
0  -3.882455 -32.085041 -4.602810  -0.000002 1.000000 -0.000002  0.060711 0.469699 1 64 1.000000
0  -3.373451 -32.085037 -4.308940  -0.000000 1.000000 -0.000026  0.060711 0.469699 1 64 1.000000
0  -2.864455 -32.085041 -4.602811  0.000002 1.000000 -0.000002  0.060711 0.469699 1 64 1.000000
lowpoly_metal
0  -2.864455 -32.085041 -4.602811  0.000002 1.000000 -0.000002  0.060711 0.469699 1 64 1.000000
0  -2.864455 -32.085041 -5.190552  0.000007 1.000000 0.000000  0.060711 0.469699 1 64 1.000000
0  -3.373452 -32.085037 -5.484424  0.000000 1.000000 0.000004  0.060711 0.469699 1 64 1.000000
lowpoly_metal
0  -3.373452 -32.085037 -5.484424  0.000000 1.000000 0.000004  0.060711 0.469699 1 64 1.000000
0  -3.882455 -32.085041 -5.190553  -0.000007 1.000000 0.000000  0.060711 0.469699 1 64 1.000000
0  -3.882455 -32.085041 -4.602810  -0.000002 1.000000 -0.000002  0.060711 0.469699 1 64 1.000000
lowpoly_metal
0  -3.373452 -32.085037 -5.484424  0.500000 0.000001 -0.866026  0.060711 0.469699 1 64 1.000000
0  -2.864455 -32.085041 -5.190552  0.500001 0.000004 -0.866025  0.060711 0.469699 1 64 1.000000
0  -2.864450 -32.626511 -5.190552  0.500000 0.000001 -0.866025  0.060711 0.469699 1 64 1.000000
lowpoly_metal
0  -2.864455 -32.085041 -5.190552  1.000000 0.000009 -0.000000  0.060711 0.469699 1 64 1.000000
0  -2.864455 -32.085041 -4.602811  1.000000 0.000008 -0.000000  0.060711 0.469699 1 64 1.000000
0  -2.864450 -32.626511 -4.602811  1.000000 0.000009 -0.000000  0.060711 0.469699 1 64 1.000000
lowpoly_metal
0  -2.864450 -32.626511 -5.190552  0.000005 -1.000000 0.000003  0.060711 0.469699 1 64 1.000000
0  -2.864450 -32.626511 -4.602811  0.000007 -1.000000 0.000000  0.060711 0.469699 1 64 1.000000
0  -3.373452 -32.626514 -4.308940  0.000004 -1.000000 -0.000000  0.060711 0.469699 1 64 1.000000
lowpoly_metal
0  -3.373452 -32.626514 -4.308940  0.000004 -1.000000 -0.000000  0.060711 0.469699 1 64 1.000000
0  -3.882449 -32.626514 -4.602811  0.000000 -1.000000 -0.000001  0.060711 0.469699 1 64 1.000000
0  -3.882450 -32.626514 -5.190552  0.000003 -1.000000 0.000003  0.060711 0.469699 1 64 1.000000
lowpoly_metal
0  -3.882450 -32.626514 -5.190552  0.000003 -1.000000 0.000003  0.060711 0.469699 1 64 1.000000
0  -3.373453 -32.626514 -5.484423  0.000004 -1.000000 0.000013  0.060711 0.469699 1 64 1.000000
0  -2.864450 -32.626511 -5.190552  0.000005 -1.000000 0.000003  0.060711 0.469699 1 64 1.000000
lowpoly_metal
0  -2.922938 -32.651886 -5.156785  0.499998 -0.000000 -0.866027  0.060711 0.469699 1 64 1.000000
0  -3.373453 -32.651882 -5.416888  0.499997 -0.000000 -0.866027  0.060711 0.469699 1 64 1.000000
0  -3.373447 -15.981988 -5.416888  0.499999 -0.000000 -0.866026  0.060711 0.469699 1 64 1.000000
lowpoly_metal
0  -3.373453 -32.651882 -5.416888  -0.500003 -0.000000 -0.866024  0.060711 0.469699 1 64 1.000000
0  -3.823961 -32.651882 -5.156785  -0.500003 -0.000000 -0.866024  0.060711 0.469699 1 64 1.000000
0  -3.823961 -15.981986 -5.156786  -0.499997 0.000000 -0.866027  0.060711 0.469699 1 64 1.000000
lowpoly_metal
0  -3.823961 -32.651882 -5.156785  -1.000000 -0.000000 0.000000  0.060711 0.469699 1 64 1.000000
0  -3.823961 -32.651882 -4.636577  -1.000000 -0.000000 0.000000  0.060711 0.469699 1 64 1.000000
0  -3.823961 -15.981986 -4.636578  -1.000000 -0.000000 0.000000  0.060711 0.469699 1 64 1.000000
lowpoly_metal
0  -3.823961 -32.651882 -4.636577  -0.499999 0.000000 0.866026  0.060711 0.469699 1 64 1.000000
0  -3.373452 -32.651882 -4.376477  -0.499999 0.000000 0.866026  0.060711 0.469699 1 64 1.000000
0  -3.373447 -15.981988 -4.376477  -0.499994 0.000000 0.866029  0.060711 0.469699 1 64 1.000000
lowpoly_metal
0  -3.823961 -32.651882 -4.636577  -0.000121 1.000000 0.000071  0.060711 0.469699 1 64 1.000000
0  -3.847821 -32.651886 -4.622809  -0.000122 1.000000 0.000073  0.060711 0.469699 1 64 1.000000
0  -3.373452 -32.651882 -4.348935  0.000004 1.000000 0.000003  0.060711 0.469699 1 64 1.000000
lowpoly_metal
0  -3.373452 -32.651882 -4.376477  0.499994 -0.000000 0.866029  0.060711 0.469699 1 64 1.000000
0  -2.922938 -32.651886 -4.636577  0.499994 -0.000000 0.866029  0.060711 0.469699 1 64 1.000000
0  -2.922934 -15.981992 -4.636578  0.499997 -0.000000 0.866027  0.060711 0.469699 1 64 1.000000
lowpoly_metal
0  -2.922938 -32.651886 -4.636577  1.000000 -0.000000 0.000000  0.060711 0.469699 1 64 1.000000
0  -2.922938 -32.651886 -5.156785  1.000000 -0.000000 0.000000  0.060711 0.469699 1 64 1.000000
0  -2.922934 -15.981992 -5.156785  1.000000 -0.000000 0.000000  0.060711 0.469699 1 64 1.000000
lowpoly_metal
0  -3.823961 -15.981986 -5.156786  0.000016 1.000000 0.000011  0.060711 0.469699 1 64 1.000000
0  -3.737017 -15.981988 -5.106590  0.000016 1.000000 0.000013  0.060711 0.469699 1 64 1.000000
0  -3.373447 -15.981988 -5.316498  0.000002 1.000000 0.000001  0.060711 0.469699 1 64 1.000000
lowpoly_metal
0  -3.373452 -32.651882 -4.348935  0.500006 0.000001 0.866022  0.060711 0.469699 1 64 1.000000
0  -3.373451 -33.777340 -4.348935  0.500004 0.000001 0.866023  0.060711 0.469699 1 64 1.000000
0  -2.899090 -33.777336 -4.622809  0.500005 0.000001 0.866023  0.060711 0.469699 1 64 1.000000
lowpoly_metal
0  -3.823961 -32.651882 -5.156785  -0.000121 1.000000 -0.000073  0.060711 0.469699 1 64 1.000000
0  -3.373453 -32.651882 -5.416888  0.000009 1.000000 -0.000001  0.060711 0.469699 1 64 1.000000
0  -3.373453 -32.651882 -5.444427  0.000006 1.000000 -0.000003  0.060711 0.469699 1 64 1.000000
lowpoly_metal
0  -2.922938 -32.651886 -4.636577  0.000123 1.000000 0.000002  0.060711 0.469699 1 64 1.000000
0  -3.373452 -32.651882 -4.376477  0.000004 1.000000 0.000000  0.060711 0.469699 1 64 1.000000
0  -3.373452 -32.651882 -4.348935  0.000004 1.000000 0.000003  0.060711 0.469699 1 64 1.000000
lowpoly_metal
0  -3.373453 -32.651882 -5.416888  0.000009 1.000000 -0.000001  0.060711 0.469699 1 64 1.000000
0  -2.922938 -32.651886 -5.156785  0.000122 1.000000 -0.000043  0.060711 0.469699 1 64 1.000000
0  -2.899094 -32.651890 -5.170553  0.000121 1.000000 -0.000041  0.060711 0.469699 1 64 1.000000
lowpoly_metal
0  -3.823961 -32.651882 -5.156785  -0.000121 1.000000 -0.000073  0.060711 0.469699 1 64 1.000000
0  -3.847821 -32.651886 -5.170555  -0.000122 1.000000 -0.000075  0.060711 0.469699 1 64 1.000000
0  -3.847821 -32.651886 -4.622809  -0.000122 1.000000 0.000073  0.060711 0.469699 1 64 1.000000
lowpoly_metal
0  -2.922938 -32.651886 -4.636577  0.000123 1.000000 0.000002  0.060711 0.469699 1 64 1.000000
0  -2.899094 -32.651890 -4.622809  0.000124 1.000000 0.000002  0.060711 0.469699 1 64 1.000000
0  -2.899094 -32.651890 -5.170553  0.000121 1.000000 -0.000041  0.060711 0.469699 1 64 1.000000
lowpoly_metal
0  -3.847812 -33.777340 -5.170555  0.000000 -1.000000 0.000000  0.060711 0.469699 1 64 1.000000
0  -3.373451 -33.777340 -5.444428  0.000004 -1.000000 -0.000000  0.060711 0.469699 1 64 1.000000
0  -3.373451 -33.777340 -4.348935  0.000004 -1.000000 -0.000001  0.060711 0.469699 1 64 1.000000
lowpoly_metal
0  -2.899090 -33.777336 -5.170555  0.000008 -1.000000 -0.000001  0.060711 0.469699 1 64 1.000000
0  -2.899090 -33.777336 -4.622809  0.000008 -1.000000 0.000000  0.060711 0.469699 1 64 1.000000
0  -3.373451 -33.777340 -4.348935  0.000004 -1.000000 -0.000001  0.060711 0.469699 1 64 1.000000
lowpoly_metal
0  -3.373451 -33.777340 -4.348935  0.000004 -1.000000 -0.000001  0.060711 0.469699 1 64 1.000000
0  -3.847812 -33.777340 -4.622809  0.000000 -1.000000 -0.000003  0.060711 0.469699 1 64 1.000000
0  -3.847812 -33.777340 -5.170555  0.000000 -1.000000 0.000000  0.060711 0.469699 1 64 1.000000
lowpoly_metal
0  -3.847821 -32.651886 -4.622809  -1.000000 -0.000008 0.000000  0.060711 0.469699 1 64 1.000000
0  -3.847821 -32.651886 -5.170555  -1.000000 -0.000008 0.000000  0.060711 0.469699 1 64 1.000000
0  -3.847812 -33.777340 -5.170555  -1.000000 -0.000008 0.000000  0.060711 0.469699 1 64 1.000000
lowpoly_metal
0  -2.899094 -32.651890 -5.170553  0.500005 0.000002 -0.866023  0.060711 0.469699 1 64 1.000000
0  -2.899090 -33.777336 -5.170555  0.500003 0.000003 -0.866023  0.060711 0.469699 1 64 1.000000
0  -3.373451 -33.777340 -5.444428  0.500004 0.000003 -0.866023  0.060711 0.469699 1 64 1.000000
lowpoly_metal
0  -2.899094 -32.651890 -4.622809  1.000000 0.000003 -0.000000  0.060711 0.469699 1 64 1.000000
0  -2.899090 -33.777336 -4.622809  1.000000 0.000003 -0.000000  0.060711 0.469699 1 64 1.000000
0  -2.899090 -33.777336 -5.170555  1.000000 0.000003 -0.000000  0.060711 0.469699 1 64 1.000000
lowpoly_metal
0  -3.373452 -32.651882 -4.348935  -0.499999 -0.000003 0.866026  0.060711 0.469699 1 64 1.000000
0  -3.847821 -32.651886 -4.622809  -0.499998 -0.000004 0.866026  0.060711 0.469699 1 64 1.000000
0  -3.847812 -33.777340 -4.622809  -0.500001 -0.000002 0.866025  0.060711 0.469699 1 64 1.000000
lowpoly_metal
0  -3.373453 -32.651882 -5.444427  -0.499997 -0.000003 -0.866027  0.060711 0.469699 1 64 1.000000
0  -3.373451 -33.777340 -5.444428  -0.500001 -0.000000 -0.866025  0.060711 0.469699 1 64 1.000000
0  -3.847812 -33.777340 -5.170555  -0.499999 -0.000001 -0.866026  0.060711 0.469699 1 64 1.000000
lowpoly_metal
0  -3.373447 -15.981988 -4.476866  -0.500000 0.000000 -0.866025  0.060711 0.469699 1 64 1.000000
0  -3.009879 -15.981988 -4.686773  -0.500000 0.000000 -0.866025  0.060711 0.469699 1 64 1.000000
0  -3.009882 -30.281408 -4.686773  -0.500007 -0.000000 -0.866022  0.060711 0.469699 1 64 1.000000
lowpoly_metal
0  -2.922934 -15.981992 -4.636578  0.000032 1.000000 0.000011  0.060711 0.469699 1 64 1.000000
0  -3.009879 -15.981988 -4.686773  0.000033 1.000000 0.000013  0.060711 0.469699 1 64 1.000000
0  -3.373447 -15.981988 -4.476866  0.000005 1.000000 0.000001  0.060711 0.469699 1 64 1.000000
lowpoly_metal
0  -3.373447 -15.981988 -5.416888  0.000004 1.000000 -0.000002  0.060711 0.469699 1 64 1.000000
0  -3.373447 -15.981988 -5.316498  0.000002 1.000000 0.000001  0.060711 0.469699 1 64 1.000000
0  -3.009879 -15.981988 -5.106590  0.000034 1.000000 -0.000010  0.060711 0.469699 1 64 1.000000
lowpoly_metal
0  -3.823961 -15.981986 -4.636578  0.000018 1.000000 -0.000016  0.060711 0.469699 1 64 1.000000
0  -3.737016 -15.981988 -4.686775  0.000017 1.000000 -0.000014  0.060711 0.469699 1 64 1.000000
0  -3.737017 -15.981988 -5.106590  0.000016 1.000000 0.000013  0.060711 0.469699 1 64 1.000000
lowpoly_metal
0  -2.922934 -15.981992 -5.156785  0.000035 1.000000 -0.000011  0.060711 0.469699 1 64 1.000000
0  -3.009879 -15.981988 -5.106590  0.000034 1.000000 -0.000010  0.060711 0.469699 1 64 1.000000
0  -3.009879 -15.981988 -4.686773  0.000033 1.000000 0.000013  0.060711 0.469699 1 64 1.000000
lowpoly_metal
0  -3.373447 -15.981988 -4.376477  0.000005 1.000000 -0.000003  0.060711 0.469699 1 64 1.000000
0  -3.373447 -15.981988 -4.476866  0.000005 1.000000 0.000001  0.060711 0.469699 1 64 1.000000
0  -3.737016 -15.981988 -4.686775  0.000017 1.000000 -0.000014  0.060711 0.469699 1 64 1.000000
lowpoly_metal
0  -3.009882 -30.281408 -4.686773  -0.000003 1.000000 0.000000  0.060711 0.469699 1 64 1.000000
0  -3.009882 -30.281408 -5.106588  -0.000005 1.000000 0.000000  0.060711 0.469699 1 64 1.000000
0  -3.373451 -30.281410 -5.316496  -0.000003 1.000000 -0.000001  0.060711 0.469699 1 64 1.000000
lowpoly_metal
0  -3.373451 -30.281410 -5.316496  -0.000003 1.000000 -0.000001  0.060711 0.469699 1 64 1.000000
0  -3.737019 -30.281410 -5.106588  0.000000 1.000000 -0.000005  0.060711 0.469699 1 64 1.000000
0  -3.737019 -30.281410 -4.686773  -0.000002 1.000000 -0.000001  0.060711 0.469699 1 64 1.000000
lowpoly_metal
0  -3.737019 -30.281410 -4.686773  -0.000002 1.000000 -0.000001  0.060711 0.469699 1 64 1.000000
0  -3.373451 -30.281410 -4.476863  -0.000003 1.000000 0.000000  0.060711 0.469699 1 64 1.000000
0  -3.009882 -30.281408 -4.686773  -0.000003 1.000000 0.000000  0.060711 0.469699 1 64 1.000000
lowpoly_metal
0  -3.737017 -15.981988 -5.106590  1.000000 -0.000000 -0.000001  0.060711 0.469699 1 64 1.000000
0  -3.737016 -15.981988 -4.686775  1.000000 -0.000000 -0.000001  0.060711 0.469699 1 64 1.000000
0  -3.737019 -30.281410 -4.686773  1.000000 -0.000000 -0.000001  0.060711 0.469699 1 64 1.000000
lowpoly_metal
0  -3.373447 -15.981988 -5.316498  -0.500004 0.000000 0.866023  0.060711 0.469699 1 64 1.000000
0  -3.373451 -30.281410 -5.316496  -0.500003 0.000000 0.866023  0.060711 0.469699 1 64 1.000000
0  -3.009882 -30.281408 -5.106588  -0.500003 0.000000 0.866023  0.060711 0.469699 1 64 1.000000
lowpoly_metal
0  -3.009879 -15.981988 -5.106590  -1.000000 0.000000 0.000000  0.060711 0.469699 1 64 1.000000
0  -3.009882 -30.281408 -5.106588  -1.000000 0.000000 0.000000  0.060711 0.469699 1 64 1.000000
0  -3.009882 -30.281408 -4.686773  -1.000000 0.000000 0.000000  0.060711 0.469699 1 64 1.000000
lowpoly_metal
0  -3.373447 -15.981988 -4.476866  0.500003 -0.000000 -0.866023  0.060711 0.469699 1 64 1.000000
0  -3.373451 -30.281410 -4.476863  0.500006 -0.000000 -0.866022  0.060711 0.469699 1 64 1.000000
0  -3.737019 -30.281410 -4.686773  0.500006 -0.000000 -0.866022  0.060711 0.469699 1 64 1.000000
lowpoly_metal
0  -3.737017 -15.981988 -5.106590  0.500003 0.000000 0.866023  0.060711 0.469699 1 64 1.000000
0  -3.737019 -30.281410 -5.106588  0.500004 0.000000 0.866023  0.060711 0.469699 1 64 1.000000
0  -3.373451 -30.281410 -5.316496  0.500004 0.000000 0.866023  0.060711 0.469699 1 64 1.000000
lowpoly_metal
0  -2.965411 -19.600525 -3.401927  0.500000 0.000000 0.866025  0.060711 0.469699 1 64 1.000000
0  -3.373452 -19.600525 -3.166344  0.500000 0.000000 0.866025  0.060711 0.469699 1 64 1.000000
0  -3.373451 -32.010483 -3.166344  0.499999 0.000000 0.866026  0.060711 0.469699 1 64 1.000000
lowpoly_metal
0  -3.373452 -19.600525 -3.166344  -0.499999 0.000000 0.866026  0.060711 0.469699 1 64 1.000000
0  -3.781493 -19.600523 -3.401927  -0.499999 0.000000 0.866026  0.060711 0.469699 1 64 1.000000
0  -3.781495 -32.010483 -3.401925  -0.499994 -0.000000 0.866029  0.060711 0.469699 1 64 1.000000
lowpoly_metal
0  -3.781493 -19.600523 -3.401927  -1.000000 0.000000 0.000000  0.060711 0.469699 1 64 1.000000
0  -3.781493 -19.600523 -3.873091  -1.000000 0.000000 0.000000  0.060711 0.469699 1 64 1.000000
0  -3.781495 -32.010483 -3.873091  -1.000000 0.000000 0.000000  0.060711 0.469699 1 64 1.000000
lowpoly_metal
0  -3.781493 -19.600523 -3.873091  -0.500000 0.000000 -0.866025  0.060711 0.469699 1 64 1.000000
0  -3.373452 -19.600525 -4.108674  -0.500000 0.000000 -0.866025  0.060711 0.469699 1 64 1.000000
0  -3.373451 -32.010483 -4.108675  -0.499999 0.000000 -0.866026  0.060711 0.469699 1 64 1.000000
lowpoly_metal
0  -3.781493 -19.600523 -3.401927  -0.984430 -0.175777 0.000000  0.060711 0.469699 1 64 1.000000
0  -3.917322 -18.839817 -3.323504  -0.984430 -0.175776 0.000000  0.060711 0.469699 1 64 1.000000
0  -3.917322 -18.839817 -3.951515  -0.984430 -0.175776 0.000000  0.060711 0.469699 1 64 1.000000
lowpoly_metal
0  -3.373452 -19.600525 -4.108674  0.500000 0.000000 -0.866025  0.060711 0.469699 1 64 1.000000
0  -2.965411 -19.600525 -3.873091  0.500000 0.000000 -0.866025  0.060711 0.469699 1 64 1.000000
0  -2.965411 -32.010483 -3.873092  0.500000 0.000000 -0.866025  0.060711 0.469699 1 64 1.000000
lowpoly_metal
0  -2.965411 -19.600525 -3.873091  1.000000 0.000000 0.000000  0.060711 0.469699 1 64 1.000000
0  -2.965411 -19.600525 -3.401927  1.000000 0.000000 0.000000  0.060711 0.469699 1 64 1.000000
0  -2.965411 -32.010483 -3.401926  1.000000 0.000000 0.000000  0.060711 0.469699 1 64 1.000000
lowpoly_metal
0  -3.373448 -18.839819 -3.009500  -0.500000 -0.000000 0.866025  0.060711 0.469699 1 64 1.000000
0  -3.373450 -16.446766 -3.009497  -0.500003 -0.000001 0.866024  0.060711 0.469699 1 64 1.000000
0  -3.917319 -16.446770 -3.323503  -0.500003 -0.000001 0.866024  0.060711 0.469699 1 64 1.000000
lowpoly_metal
0  -2.965411 -19.600525 -3.873091  0.984429 -0.175780 0.000000  0.060711 0.469699 1 64 1.000000
0  -2.829579 -18.839817 -3.951513  0.984429 -0.175780 0.000000  0.060711 0.469699 1 64 1.000000
0  -2.829579 -18.839817 -3.323504  0.984429 -0.175780 0.000000  0.060711 0.469699 1 64 1.000000
lowpoly_metal
0  -3.781493 -19.600523 -3.873091  -0.492215 -0.175780 -0.852541  0.060711 0.469699 1 64 1.000000
0  -3.917322 -18.839817 -3.951515  -0.492215 -0.175779 -0.852541  0.060711 0.469699 1 64 1.000000
0  -3.373449 -18.839819 -4.265521  -0.492215 -0.175779 -0.852541  0.060711 0.469699 1 64 1.000000
lowpoly_metal
0  -3.373452 -19.600525 -3.166344  -0.492214 -0.175777 0.852542  0.060711 0.469699 1 64 1.000000
0  -3.373448 -18.839819 -3.009500  -0.492214 -0.175777 0.852542  0.060711 0.469699 1 64 1.000000
0  -3.917322 -18.839817 -3.323504  -0.492214 -0.175777 0.852542  0.060711 0.469699 1 64 1.000000
lowpoly_metal
0  -3.373452 -19.600525 -4.108674  0.492217 -0.175781 -0.852539  0.060711 0.469699 1 64 1.000000
0  -3.373449 -18.839819 -4.265521  0.492218 -0.175783 -0.852538  0.060711 0.469699 1 64 1.000000
0  -2.829579 -18.839817 -3.951513  0.492218 -0.175782 -0.852539  0.060711 0.469699 1 64 1.000000
lowpoly_metal
0  -2.965411 -19.600525 -3.401927  0.492216 -0.175781 0.852540  0.060711 0.469699 1 64 1.000000
0  -2.829579 -18.839817 -3.323504  0.492215 -0.175780 0.852541  0.060711 0.469699 1 64 1.000000
0  -3.373448 -18.839819 -3.009500  0.492216 -0.175780 0.852540  0.060711 0.469699 1 64 1.000000
lowpoly_metal
0  -2.829576 -16.446768 -3.323501  0.000011 1.000000 0.000000  0.060711 0.469699 1 64 1.000000
0  -2.949390 -16.446766 -3.392678  0.000012 1.000000 0.000000  0.060711 0.469699 1 64 1.000000
0  -3.373450 -16.446766 -3.147848  0.000006 1.000000 0.000001  0.060711 0.469699 1 64 1.000000
lowpoly_metal
0  -3.373449 -18.839819 -4.265521  0.500005 -0.000000 -0.866023  0.060711 0.469699 1 64 1.000000
0  -3.373450 -16.446766 -4.265518  0.500001 0.000002 -0.866025  0.060711 0.469699 1 64 1.000000
0  -2.829576 -16.446768 -3.951512  0.500001 0.000001 -0.866025  0.060711 0.469699 1 64 1.000000
lowpoly_metal
0  -3.917322 -18.839817 -3.323504  -1.000000 0.000001 0.000000  0.060711 0.469699 1 64 1.000000
0  -3.917319 -16.446770 -3.323503  -1.000000 0.000001 0.000000  0.060711 0.469699 1 64 1.000000
0  -3.917320 -16.446770 -3.951512  -1.000000 0.000001 0.000000  0.060711 0.469699 1 64 1.000000
lowpoly_metal
0  -2.829579 -18.839817 -3.323504  0.500001 -0.000001 0.866025  0.060711 0.469699 1 64 1.000000
0  -2.829576 -16.446768 -3.323501  0.499998 -0.000002 0.866026  0.060711 0.469699 1 64 1.000000
0  -3.373450 -16.446766 -3.009497  0.499999 -0.000002 0.866026  0.060711 0.469699 1 64 1.000000
lowpoly_metal
0  -2.829579 -18.839817 -3.951513  1.000000 -0.000001 0.000000  0.060711 0.469699 1 64 1.000000
0  -2.829576 -16.446768 -3.951512  1.000000 -0.000001 0.000000  0.060711 0.469699 1 64 1.000000
0  -2.829576 -16.446768 -3.323501  1.000000 -0.000001 0.000000  0.060711 0.469699 1 64 1.000000
lowpoly_metal
0  -3.917322 -18.839817 -3.951515  -0.500002 0.000001 -0.866024  0.060711 0.469699 1 64 1.000000
0  -3.917320 -16.446770 -3.951512  -0.500003 0.000002 -0.866024  0.060711 0.469699 1 64 1.000000
0  -3.373450 -16.446766 -4.265518  -0.500003 0.000001 -0.866024  0.060711 0.469699 1 64 1.000000
lowpoly_metal
0  -3.373450 -16.446766 -4.127166  -0.499998 -0.000000 0.866026  0.060711 0.469699 1 64 1.000000
0  -3.373449 -18.937506 -4.127167  -0.499999 -0.000000 0.866026  0.060711 0.469699 1 64 1.000000
0  -2.949390 -18.937508 -3.882337  -0.499999 -0.000000 0.866026  0.060711 0.469699 1 64 1.000000
lowpoly_metal
0  -2.829576 -16.446768 -3.951512  0.000013 1.000000 -0.000002  0.060711 0.469699 1 64 1.000000
0  -2.949390 -16.446766 -3.882336  0.000012 1.000000 -0.000001  0.060711 0.469699 1 64 1.000000
0  -2.949390 -16.446766 -3.392678  0.000012 1.000000 0.000000  0.060711 0.469699 1 64 1.000000
lowpoly_metal
0  -3.917320 -16.446770 -3.951512  -0.000043 1.000000 -0.000032  0.060711 0.469699 1 64 1.000000
0  -3.797506 -16.446762 -3.882336  -0.000046 1.000000 -0.000041  0.060711 0.469699 1 64 1.000000
0  -3.373450 -16.446766 -4.127166  -0.000005 1.000000 -0.000004  0.060711 0.469699 1 64 1.000000
lowpoly_metal
0  -3.373450 -16.446766 -3.009497  0.000002 1.000000 0.000007  0.060711 0.469699 1 64 1.000000
0  -3.373450 -16.446766 -3.147848  0.000006 1.000000 0.000001  0.060711 0.469699 1 64 1.000000
0  -3.797506 -16.446762 -3.392678  -0.000047 1.000000 0.000026  0.060711 0.469699 1 64 1.000000
lowpoly_metal
0  -3.373450 -16.446766 -4.265518  -0.000003 1.000000 -0.000000  0.060711 0.469699 1 64 1.000000
0  -3.373450 -16.446766 -4.127166  -0.000005 1.000000 -0.000004  0.060711 0.469699 1 64 1.000000
0  -2.949390 -16.446766 -3.882336  0.000012 1.000000 -0.000001  0.060711 0.469699 1 64 1.000000
lowpoly_metal
0  -3.917320 -16.446770 -3.951512  -0.000043 1.000000 -0.000032  0.060711 0.469699 1 64 1.000000
0  -3.917319 -16.446770 -3.323503  -0.000050 1.000000 0.000029  0.060711 0.469699 1 64 1.000000
0  -3.797506 -16.446762 -3.392678  -0.000047 1.000000 0.000026  0.060711 0.469699 1 64 1.000000
lowpoly_metal
0  -2.949390 -18.937508 -3.392679  -0.989480 0.144671 0.000000  0.060711 0.469699 1 64 1.000000
0  -2.949390 -18.937508 -3.882337  -0.989480 0.144672 0.000000  0.060711 0.469699 1 64 1.000000
0  -3.045433 -19.594393 -3.826885  -0.989480 0.144671 0.000000  0.060711 0.469699 1 64 1.000000
lowpoly_metal
0  -3.797506 -16.446762 -3.392678  1.000000 -0.000000 0.000000  0.060711 0.469699 1 64 1.000000
0  -3.797506 -18.937504 -3.392679  1.000000 -0.000000 0.000000  0.060711 0.469699 1 64 1.000000
0  -3.797506 -18.937504 -3.882337  1.000000 -0.000000 0.000000  0.060711 0.469699 1 64 1.000000
lowpoly_metal
0  -2.949390 -16.446766 -3.392678  -0.499999 0.000000 -0.866026  0.060711 0.469699 1 64 1.000000
0  -2.949390 -18.937508 -3.392679  -0.499999 0.000000 -0.866026  0.060711 0.469699 1 64 1.000000
0  -3.373449 -18.937506 -3.147849  -0.499999 0.000000 -0.866026  0.060711 0.469699 1 64 1.000000
lowpoly_metal
0  -2.949390 -16.446766 -3.882336  -1.000000 0.000000 0.000000  0.060711 0.469699 1 64 1.000000
0  -2.949390 -18.937508 -3.882337  -1.000000 -0.000000 0.000000  0.060711 0.469699 1 64 1.000000
0  -2.949390 -18.937508 -3.392679  -1.000000 -0.000000 0.000000  0.060711 0.469699 1 64 1.000000
lowpoly_metal
0  -3.797506 -16.446762 -3.882336  0.500002 -0.000000 0.866025  0.060711 0.469699 1 64 1.000000
0  -3.797506 -18.937504 -3.882337  0.500001 -0.000001 0.866025  0.060711 0.469699 1 64 1.000000
0  -3.373449 -18.937506 -4.127167  0.500001 -0.000001 0.866025  0.060711 0.469699 1 64 1.000000
lowpoly_metal
0  -3.797506 -16.446762 -3.392678  0.500002 0.000000 -0.866024  0.060711 0.469699 1 64 1.000000
0  -3.373450 -16.446766 -3.147848  0.500002 0.000000 -0.866024  0.060711 0.469699 1 64 1.000000
0  -3.373449 -18.937506 -3.147849  0.500001 0.000000 -0.866025  0.060711 0.469699 1 64 1.000000
lowpoly_metal
0  -3.373450 -19.594389 -4.016265  -0.500000 0.000000 0.866026  0.060711 0.469699 1 64 1.000000
0  -3.373454 -32.212589 -4.016265  -0.500002 0.000000 0.866024  0.060711 0.469699 1 64 1.000000
0  -3.045442 -32.212589 -3.826886  -0.500002 0.000000 0.866024  0.060711 0.469699 1 64 1.000000
lowpoly_metal
0  -3.797506 -18.937504 -3.882337  0.494739 0.144672 0.856915  0.060711 0.469699 1 64 1.000000
0  -3.701462 -19.594391 -3.826887  0.494740 0.144672 0.856914  0.060711 0.469699 1 64 1.000000
0  -3.373450 -19.594389 -4.016265  0.494740 0.144672 0.856915  0.060711 0.469699 1 64 1.000000
lowpoly_metal
0  -3.373449 -18.937506 -3.147849  0.494739 0.144670 -0.856915  0.060711 0.469699 1 64 1.000000
0  -3.373450 -19.594389 -3.258749  0.494739 0.144671 -0.856915  0.060711 0.469699 1 64 1.000000
0  -3.701462 -19.594391 -3.448127  0.494739 0.144670 -0.856915  0.060711 0.469699 1 64 1.000000
lowpoly_metal
0  -3.373449 -18.937506 -4.127167  -0.494740 0.144674 0.856914  0.060711 0.469699 1 64 1.000000
0  -3.373450 -19.594389 -4.016265  -0.494739 0.144674 0.856915  0.060711 0.469699 1 64 1.000000
0  -3.045433 -19.594393 -3.826885  -0.494740 0.144674 0.856914  0.060711 0.469699 1 64 1.000000
lowpoly_metal
0  -3.797506 -18.937504 -3.392679  0.989479 0.144674 0.000000  0.060711 0.469699 1 64 1.000000
0  -3.701462 -19.594391 -3.448127  0.989479 0.144674 0.000000  0.060711 0.469699 1 64 1.000000
0  -3.701462 -19.594391 -3.826887  0.989479 0.144674 0.000000  0.060711 0.469699 1 64 1.000000
lowpoly_metal
0  -3.373449 -18.937506 -3.147849  -0.494738 0.144671 -0.856916  0.060711 0.469699 1 64 1.000000
0  -2.949390 -18.937508 -3.392679  -0.494740 0.144669 -0.856915  0.060711 0.469699 1 64 1.000000
0  -3.045433 -19.594393 -3.448127  -0.494737 0.144672 -0.856916  0.060711 0.469699 1 64 1.000000
lowpoly_metal
0  -3.701462 -19.594391 -3.448127  1.000000 -0.000000 0.000000  0.060711 0.469699 1 64 1.000000
0  -3.701467 -32.212589 -3.448127  1.000000 -0.000000 0.000000  0.060711 0.469699 1 64 1.000000
0  -3.701467 -32.212589 -3.826886  1.000000 -0.000000 0.000000  0.060711 0.469699 1 64 1.000000
lowpoly_metal
0  -3.373450 -19.594389 -3.258749  -0.499994 0.000000 -0.866029  0.060711 0.469699 1 64 1.000000
0  -3.045433 -19.594393 -3.448127  -0.499994 0.000000 -0.866029  0.060711 0.469699 1 64 1.000000
0  -3.045442 -32.212589 -3.448127  -0.500001 0.000000 -0.866025  0.060711 0.469699 1 64 1.000000
lowpoly_metal
0  -3.045433 -19.594393 -3.448127  -1.000000 0.000001 0.000000  0.060711 0.469699 1 64 1.000000
0  -3.045433 -19.594393 -3.826885  -1.000000 0.000001 0.000000  0.060711 0.469699 1 64 1.000000
0  -3.045442 -32.212589 -3.826886  -1.000000 0.000001 0.000000  0.060711 0.469699 1 64 1.000000
lowpoly_metal
0  -3.701462 -19.594391 -3.826887  0.500002 -0.000000 0.866024  0.060711 0.469699 1 64 1.000000
0  -3.701467 -32.212589 -3.826886  0.500003 -0.000000 0.866024  0.060711 0.469699 1 64 1.000000
0  -3.373454 -32.212589 -4.016265  0.500003 -0.000000 0.866024  0.060711 0.469699 1 64 1.000000
lowpoly_metal
0  -3.373450 -19.594389 -3.258749  0.500001 -0.000000 -0.866025  0.060711 0.469699 1 64 1.000000
0  -3.373454 -32.212589 -3.258749  0.500001 -0.000000 -0.866025  0.060711 0.469699 1 64 1.000000
0  -3.701467 -32.212589 -3.448127  0.500001 -0.000000 -0.866025  0.060711 0.469699 1 64 1.000000
end
