version 1
nodes
0 "ValveBiped.Bip01_Spine4" -1
1 "ValveBiped.Bip01_L_Clavicle" 0
2 "ValveBiped.Bip01_L_UpperArm" 1
3 "ValveBiped.Bip01_L_Forearm" 2
4 "ValveBiped.Bip01_L_Hand" 3
5 "ValveBiped.Bip01_L_Finger4" 4
6 "ValveBiped.Bip01_L_Finger41" 5
7 "ValveBiped.Bip01_L_Finger42" 6
8 "ValveBiped.Bip01_L_Finger3" 4
9 "ValveBiped.Bip01_L_Finger31" 8
10 "ValveBiped.Bip01_L_Finger32" 9
11 "ValveBiped.Bip01_L_Finger2" 4
12 "ValveBiped.Bip01_L_Finger21" 11
13 "ValveBiped.Bip01_L_Finger22" 12
14 "ValveBiped.Bip01_L_Finger1" 4
15 "ValveBiped.Bip01_L_Finger11" 14
16 "ValveBiped.Bip01_L_Finger12" 15
17 "ValveBiped.Bip01_L_Finger0" 4
18 "ValveBiped.Bip01_L_Finger01" 17
19 "ValveBiped.Bip01_L_Finger02" 18
20 "ValveBiped.Bip01_L_Ulna" 3
21 "ValveBiped.Bip01_L_Wrist" 3
22 "rig_l_upperarm" 1
23 "rig_l_forearm" 22
24 "rig_d_l_forearm" 23
25 "rig_d_l_upperarm" 22
26 "ValveBiped.Bip01_R_Clavicle" 0
27 "ValveBiped.Bip01_R_UpperArm" 26
28 "ValveBiped.Bip01_R_Forearm" 27
29 "ValveBiped.Bip01_R_Hand" 28
30 "ValveBiped.Bip01_R_Finger4" 29
31 "ValveBiped.Bip01_R_Finger41" 30
32 "ValveBiped.Bip01_R_Finger42" 31
33 "ValveBiped.Bip01_R_Finger3" 29
34 "ValveBiped.Bip01_R_Finger31" 33
35 "ValveBiped.Bip01_R_Finger32" 34
36 "ValveBiped.Bip01_R_Finger2" 29
37 "ValveBiped.Bip01_R_Finger21" 36
38 "ValveBiped.Bip01_R_Finger22" 37
39 "ValveBiped.Bip01_R_Finger1" 29
40 "ValveBiped.Bip01_R_Finger11" 39
41 "ValveBiped.Bip01_R_Finger12" 40
42 "ValveBiped.Bip01_R_Finger0" 29
43 "ValveBiped.Bip01_R_Finger01" 42
44 "ValveBiped.Bip01_R_Finger02" 43
45 "ValveBiped.Bip01_R_Ulna" 28
46 "ValveBiped.Bip01_R_Wrist" 28
47 "rig_r_upperarm" 26
48 "rig_r_forearm" 47
49 "rig_d_r_forearm" 48
50 "rig_d_r_upperarm" 47
51 "rig_r_hand" -1
52 "rig_d_r_hand" 51
53 "rig_d_r_wrist" 52
54 "rig_l_hand" -1
55 "rig_d_l_hand" 54
56 "rig_d_l_wrist" 54
57 "rig_l_pole" -1
58 "rig_r_pole" -1
59 "rig_l_clavicle" -1
60 "rig_d_l_clavicle" 59
61 "rig_r_clavicle" -1
62 "rig_d_r_clavicle" 61
63 "Camera" -1
64 "body" -1
65 "trigger" 64
66 "barrel" 64
67 "bulletdoor" 64
68 "pump" 64
69 "bolt" 68
70 "tac" 68
71 "bullet2" 64
72 "catch" 64
73 "hookontop" 64
74 "bullet1" -1
end
skeleton
time 0
0  0.000006 0.000000 0.000000  -1.570800 -1.391899 -1.570792
1  2.033349 1.000767 1.937657  -1.544960 -1.855077 -0.198626
2  6.027515 -0.000326 0.000204  -1.583281 0.045956 -0.585171
3  11.692120 0.000528 -0.000741  -0.000018 -0.000000 -0.056697
4  11.481219 0.000216 -0.000752  1.576890 -0.106581 0.041970
5  3.859509 -0.142883 -1.192049  -0.468164 0.151540 -0.880272
6  1.312589 0.000013 0.000007  -0.000026 0.000045 -0.439738
7  0.729353 0.000051 0.000049  0.000017 0.000021 -0.244318
8  3.942146 0.046269 -0.431512  -0.151810 0.073212 -0.811101
9  1.539109 0.000083 0.000005  -0.000007 0.000021 -0.247841
10  1.196331 0.000143 0.000029  0.000012 0.000019 -0.430771
11  3.883508 -0.047272 0.431381  0.085898 0.021851 -0.587925
12  1.719575 -0.000028 0.000015  0.000015 0.005519 -0.366533
13  1.209179 0.000091 0.000012  0.000004 0.003092 -0.216437
14  3.859662 -0.138478 1.332410  0.354468 -0.042725 -0.531804
15  1.719453 -0.000009 0.000021  0.000029 0.004070 -0.363021
16  1.099675 0.000047 0.000006  0.000003 0.002579 -0.244381
17  0.805995 -0.349054 1.321254  -1.222687 -0.679194 -0.788886
18  1.789818 -0.000004 -0.000018  0.000012 -0.000024 0.228522
19  1.207011 -0.000013 -0.000045  0.000002 -0.000008 0.362858
20  5.740637 0.000410 -0.000702  0.003119 0.000003 0.000071
21  11.481257 0.000262 -0.000831  0.004951 0.000185 -0.001480
22  6.027524 -0.000330 0.000203  0.059584 -2.453119 -2.193916
23  0.000001 11.692101 -0.000006  -0.043310 -0.000838 -0.036607
24  0.000003 0.000009 0.000001  0.868996 -0.000031 1.570739
25  -0.000000 -0.000012 -0.000001  0.868957 0.000002 1.570712
26  2.033355 1.000772 -1.937609  1.473131 1.855076 -0.198627
27  6.027508 -0.000258 -0.000237  1.639678 -0.005938 -0.586605
28  11.691988 0.000145 0.000867  -0.000046 -0.000001 -0.056062
29  11.481175 0.000050 0.000829  -1.565092 0.106516 0.042004
30  3.859437 -0.132786 1.193062  0.466291 -0.158048 -0.878829
31  1.312561 0.000025 -0.000001  0.000011 -0.000044 -0.439710
32  0.729343 0.000065 -0.000028  -0.000023 -0.000019 -0.244285
33  3.942049 0.050108 0.430997  0.150090 -0.079180 -0.810199
34  1.539095 0.000009 -0.000000  0.000010 -0.000008 -0.247820
35  1.196298 0.000074 -0.000003  -0.000007 -0.000009 -0.430783
36  3.883413 -0.050504 -0.431087  -0.085915 -0.026391 -0.587671
37  1.719565 -0.000079 -0.000003  -0.000006 -0.007962 -0.366483
38  1.209196 0.000035 0.000011  0.000002 -0.004460 -0.216413
39  3.859587 -0.149112 -1.331323  -0.354446 0.038580 -0.531963
40  1.719414 -0.000101 -0.000035  -0.000028 -0.006585 -0.363032
41  1.099673 0.000024 0.000006  0.000004 -0.004187 -0.244346
42  0.805980 -0.359856 -1.318338  1.221444 0.673631 -0.793566
43  1.789782 -0.000009 -0.000044  -0.000028 0.000031 0.228552
44  1.206996 -0.000006 0.000005  -0.000017 0.000020 0.362911
45  5.740572 0.000055 0.000723  0.002082 -0.000014 0.000021
46  11.481179 0.000045 0.000935  -0.000025 -0.000087 -0.001749
47  6.027515 -0.000273 -0.000237  0.007374 -0.632955 -2.161837
48  -0.000000 11.691975 -0.000006  -0.042810 0.000798 0.036188
49  0.000003 -0.000003 -0.000000  2.272569 -0.000041 1.570856
50  -0.000007 -0.000015 0.000005  2.272644 -0.000030 1.570865
51  -22.676567 -0.984331 -17.554111  -1.605366 2.379717 -0.041994
52  0.000001 0.000002 -0.000000  0.008153 -0.000259 0.000009
53  -0.000000 -0.000001 0.000000  1.565115 0.043565 -0.106862
54  22.676517 -0.984221 -17.554199  1.605712 0.761853 0.042358
55  0.000001 -0.000003 -0.000000  0.000000 -0.000000 -0.000002
56  0.000032 0.000027 0.000001  -1.571901 -0.044449 -0.106509
57  15.265023 8.339654 -8.787539  1.570796 -0.000000 0.000000
58  -15.265000 8.339654 -8.787539  1.570796 -0.000000 0.000000
59  1.941978 -1.346989 1.821586  1.570796 -0.000000 0.000000
60  -0.004311 0.001230 -0.000371  0.006898 -0.005534 -0.284229
61  -1.937603 -1.346625 1.822824  1.570796 -0.000000 0.000000
62  0.000000 0.000000 0.000000  -0.078727 -3.136056 0.284226
63  0.000000 0.000000 0.000000  1.570796 -0.000000 0.000000
64  -3.258810 -12.631968 -3.682181  1.570796 -0.000000 0.000000
65  -0.109379 -1.951951 -1.519205  0.000000 -0.000000 0.000000
66  -0.109379 0.057027 25.399252  0.000000 -0.000000 0.000000
67  -0.109379 -1.856732 0.287230  0.000000 -0.000000 0.000000
68  -0.104048 -4.495923 7.879276  0.000000 -0.000000 0.000000
69  -0.195264 4.332630 -6.347187  0.000000 -0.000000 0.000000
70  -1.052893 4.470086 6.958893  0.000000 -0.000000 0.000000
71  -0.104049 -1.582848 2.554636  0.000000 -0.000000 0.000000
72  -1.107528 -1.063453 4.061647  0.000000 -0.000000 0.000000
73  0.003659 1.612363 10.733982  0.000000 -0.000000 0.000000
74  -3.362859 -12.987121 -5.265029  1.570796 -0.000000 0.000000
end
triangles
lowpoly_metal
0  -4.031136 -8.325794 -3.342399  1.000000 0.000002 0.000000  0.032615 0.605748 1 64 1.000000
0  -4.031136 -8.603314 -3.048776  1.000000 0.000002 0.000000  0.032595 0.605722 1 64 1.000000
0  -4.031136 -8.663785 -3.247817  1.000000 0.000002 0.000000  0.032611 0.605720 1 64 1.000000
lowpoly_metal
0  -4.031136 -8.325794 -3.342399  1.000000 0.000000 0.000000  0.032615 0.605748 1 64 1.000000
0  -4.031136 -7.489259 -4.590053  1.000000 0.000000 0.000000  0.032702 0.605829 1 64 1.000000
0  -4.031136 -7.212928 -3.680498  1.000000 0.000000 0.000000  0.032627 0.605839 1 64 1.000000
lowpoly_metal
0  -4.190204 -4.140599 -4.391822  0.000000 0.290689 0.956818  0.033082 0.607092 1 64 1.000000
0  -4.031137 -3.148975 -4.693087  0.000000 0.290689 0.956818  0.033095 0.607172 1 64 1.000000
0  -4.190204 -3.148975 -4.693087  0.000000 0.290689 0.956818  0.033082 0.607172 1 64 1.000000
lowpoly_metal
0  -4.190204 -7.212928 -3.680498  -1.000000 -0.000000 -0.000000  0.033215 0.605839 1 64 1.000000
0  -4.190203 -8.602126 -4.251954  -1.000000 -0.000000 -0.000000  0.033155 0.605737 1 64 1.000000
0  -4.190204 -8.325794 -3.342399  -1.000000 -0.000000 -0.000000  0.033229 0.605748 1 64 1.000000
lowpoly_metal
0  -4.031136 -8.264027 -3.139086  0.000000 0.290689 0.956818  0.033095 0.606758 1 64 1.000000
0  -4.190204 -7.151160 -3.477186  0.000000 0.290689 0.956818  0.033082 0.606848 1 64 1.000000
0  -4.190204 -8.264027 -3.139086  0.000000 0.290689 0.956818  0.033082 0.606758 1 64 1.000000
lowpoly_metal
0  -4.031136 -7.489259 -4.590053  0.000000 -0.290689 -0.956818  0.033249 0.605817 1 64 1.000000
0  -4.190203 -8.602126 -4.251954  0.000000 -0.290689 -0.956818  0.033262 0.605726 1 64 1.000000
0  -4.190203 -7.489259 -4.590053  0.000000 -0.290689 -0.956818  0.033262 0.605817 1 64 1.000000
lowpoly_metal
0  -4.190203 -8.934310 -4.138264  0.000004 -0.652779 -0.757549  0.033262 0.605699 1 64 1.000000
0  -4.031136 -9.197268 -3.911674  0.000004 -0.652779 -0.757549  0.033249 0.605676 1 64 1.000000
0  -4.190203 -9.197268 -3.911674  0.000004 -0.652779 -0.757549  0.033262 0.605676 1 64 1.000000
lowpoly_metal
0  -4.190204 -8.325794 -3.342399  -1.000000 0.000000 -0.000000  0.033229 0.605748 1 64 1.000000
0  -4.190203 -8.934310 -4.138264  -1.000000 0.000000 -0.000000  0.033160 0.605709 1 64 1.000000
0  -4.190204 -8.663785 -3.247817  -1.000000 0.000000 -0.000000  0.033233 0.605721 1 64 1.000000
lowpoly_metal
0  -4.190203 -8.602126 -4.251954  0.000000 -0.323810 -0.946122  0.033262 0.605726 1 64 1.000000
0  -4.031136 -8.934310 -4.138264  0.000000 -0.323810 -0.946122  0.033249 0.605699 1 64 1.000000
0  -4.190203 -8.934310 -4.138264  0.000000 -0.323810 -0.946122  0.033262 0.605699 1 64 1.000000
lowpoly_metal
0  -4.031136 -8.264027 -3.139086  0.000000 0.257219 0.966353  0.033095 0.606758 1 64 1.000000
0  -4.190204 -8.603314 -3.048776  0.000000 0.257219 0.966353  0.033082 0.606730 1 64 1.000000
0  -4.031136 -8.603314 -3.048776  0.000000 0.257219 0.966353  0.033095 0.606730 1 64 1.000000
lowpoly_metal
0  -4.031136 -8.993441 -3.240763  1.000000 0.000000 0.000000  0.032615 0.605694 1 64 1.000000
0  -4.031136 -9.187168 -3.303621  1.000000 0.000000 0.000000  0.032622 0.605680 1 64 1.000000
0  -4.031136 -9.203712 -3.358079  1.000000 0.000000 0.000000  0.032627 0.605679 1 64 1.000000
lowpoly_metal
0  -4.031136 -8.603314 -3.048776  0.000000 -0.121051 0.992646  0.033095 0.606730 1 64 1.000000
0  -4.190203 -8.947878 -3.090795  0.000000 -0.121051 0.992646  0.033082 0.606703 1 64 1.000000
0  -4.031136 -8.947878 -3.090795  0.000000 -0.121051 0.992646  0.033095 0.606703 1 64 1.000000
lowpoly_metal
0  -4.031136 -8.663785 -3.247817  1.000000 0.000000 0.000000  0.032611 0.605720 1 64 1.000000
0  -4.031136 -8.947878 -3.090795  1.000000 0.000000 0.000000  0.032603 0.605696 1 64 1.000000
0  -4.031136 -8.993441 -3.240763  1.000000 0.000000 0.000000  0.032615 0.605694 1 64 1.000000
lowpoly_metal
0  -4.190204 -8.663785 -3.247817  -1.000000 -0.000002 0.000000  0.033233 0.605721 1 64 1.000000
0  -4.190203 -9.197268 -3.911674  -1.000000 -0.000002 0.000000  0.033174 0.605686 1 64 1.000000
0  -4.190203 -8.993441 -3.240763  -1.000000 -0.000002 0.000000  0.033229 0.605695 1 64 1.000000
lowpoly_metal
0  -4.190203 -9.203712 -3.358079  0.000000 -0.956817 0.290691  0.033067 0.607912 1 64 1.000000
0  -4.031136 -9.277728 -3.601705  0.000000 -0.956817 0.290691  0.033080 0.607893 1 64 1.000000
0  -4.031136 -9.203712 -3.358079  0.000000 -0.956817 0.290691  0.033080 0.607912 1 64 1.000000
lowpoly_metal
0  -4.190203 -8.993441 -3.240763  -1.000000 0.000000 0.000000  0.033229 0.605695 1 64 1.000000
0  -4.190203 -9.277728 -3.601705  -1.000000 0.000000 0.000000  0.033198 0.605676 1 64 1.000000
0  -4.190203 -9.203712 -3.358079  -1.000000 0.000000 0.000000  0.033218 0.605679 1 64 1.000000
lowpoly_metal
0  -4.190203 -9.197268 -3.911674  0.000000 -0.967923 -0.251246  0.033067 0.607868 1 64 1.000000
0  -4.031136 -9.277728 -3.601705  0.000000 -0.967923 -0.251246  0.033080 0.607893 1 64 1.000000
0  -4.190203 -9.277728 -3.601705  0.000000 -0.967923 -0.251246  0.033067 0.607893 1 64 1.000000
lowpoly_metal
0  -4.031136 -8.947878 -3.090795  0.000000 -0.664579 0.747218  0.033080 0.607934 1 64 1.000000
0  -4.190203 -9.187168 -3.303621  0.000000 -0.664579 0.747218  0.033067 0.607917 1 64 1.000000
0  -4.031136 -9.187168 -3.303621  0.000000 -0.664579 0.747218  0.033080 0.607917 1 64 1.000000
lowpoly_metal
0  -4.031136 -3.487075 -5.805953  0.000000 -0.284909 -0.958554  0.033249 0.606143 1 64 1.000000
0  -4.190204 -2.744834 -6.026568  0.000000 -0.284909 -0.958554  0.033262 0.606204 1 64 1.000000
0  -4.031137 -2.744834 -6.026568  0.000000 -0.284909 -0.958554  0.033249 0.606204 1 64 1.000000
lowpoly_metal
0  -4.031136 -4.478700 -5.504689  0.000000 -0.290690 -0.956817  0.033249 0.606062 1 64 1.000000
0  -4.190204 -3.487075 -5.805953  0.000000 -0.290690 -0.956817  0.033262 0.606143 1 64 1.000000
0  -4.031136 -3.487075 -5.805953  0.000000 -0.290690 -0.956817  0.033249 0.606143 1 64 1.000000
lowpoly_metal
0  -4.031137 -4.202368 -4.595134  1.000000 0.000000 0.000000  0.032661 0.606086 1 64 1.000000
0  -4.031136 -3.487075 -5.805953  1.000000 0.000000 0.000000  0.032747 0.606157 1 64 1.000000
0  -4.031137 -3.210744 -4.896399  1.000000 0.000000 0.000000  0.032672 0.606168 1 64 1.000000
lowpoly_metal
0  -4.190204 -4.202368 -4.595134  -1.000000 0.000000 0.000000  0.033178 0.606086 1 64 1.000000
0  -4.190204 -3.148975 -4.693087  -1.000000 0.000000 0.000000  0.033182 0.606170 1 64 1.000000
0  -4.190204 -3.210744 -4.896399  -1.000000 0.000000 0.000000  0.033165 0.606167 1 64 1.000000
lowpoly_metal
0  -4.190205 1.010027 -4.964588  -1.000000 -0.000001 0.000000  0.033208 0.606499 1 64 1.000000
0  -4.190205 2.973642 -4.729520  -1.000000 -0.000001 0.000000  0.033249 0.606651 1 64 1.000000
0  -4.190205 2.972901 -4.968972  -1.000000 -0.000001 0.000000  0.033230 0.606653 1 64 1.000000
lowpoly_metal
0  -4.031137 -3.210744 -4.896399  1.000000 0.000000 0.000000  0.032672 0.606168 1 64 1.000000
0  -4.031137 -2.744834 -6.026568  1.000000 0.000000 0.000000  0.032755 0.606218 1 64 1.000000
0  -4.031137 -2.699100 -4.956304  1.000000 0.000000 0.000000  0.032671 0.606208 1 64 1.000000
lowpoly_metal
0  -4.190204 -3.210744 -4.896399  -1.000000 -0.000002 -0.000002  0.033165 0.606167 1 64 1.000000
0  -4.190204 -2.688876 -4.717069  -1.000000 -0.000002 -0.000002  0.033185 0.606206 1 64 1.000000
0  -4.190204 -2.699100 -4.956304  -1.000000 -0.000002 -0.000002  0.033167 0.606208 1 64 1.000000
lowpoly_metal
0  -4.190204 -3.148975 -4.693087  0.000000 0.052053 0.998644  0.033082 0.607172 1 64 1.000000
0  -4.031137 -2.688876 -4.717068  0.000000 0.052053 0.998644  0.033095 0.607208 1 64 1.000000
0  -4.190204 -2.688876 -4.717069  0.000000 0.052053 0.998644  0.033082 0.607208 1 64 1.000000
lowpoly_metal
0  -4.190205 1.014049 -4.725211  0.000000 0.002199 0.999998  0.033082 0.607501 1 64 1.000000
0  -4.031137 2.973642 -4.729520  0.000000 0.002199 0.999998  0.033095 0.607656 1 64 1.000000
0  -4.190205 2.973642 -4.729520  0.000000 0.002199 0.999998  0.033082 0.607656 1 64 1.000000
lowpoly_metal
0  -4.031137 -2.744834 -6.026568  0.000000 -0.002387 -0.999997  0.033249 0.606204 1 64 1.000000
0  -4.190205 2.969596 -6.040208  0.000000 -0.002387 -0.999997  0.033262 0.606654 1 64 1.000000
0  -4.031137 2.969596 -6.040208  0.000000 -0.002387 -0.999997  0.033249 0.606654 1 64 1.000000
lowpoly_metal
0  -4.031137 1.010027 -4.964588  1.000000 0.000001 -0.000006  0.032625 0.606499 1 64 1.000000
0  -4.031137 -1.304049 -5.069839  1.000000 0.000001 -0.000006  0.032662 0.606319 1 64 1.000000
0  -4.031137 -0.319684 -5.069839  1.000000 0.000001 -0.000006  0.032650 0.606396 1 64 1.000000
lowpoly_metal
0  -4.031137 2.972901 -4.968972  0.000000 0.999995 -0.003086  0.033553 0.606399 1 64 1.000000
0  -4.190205 2.969596 -6.040208  0.000000 0.999995 -0.003086  0.033565 0.606314 1 64 1.000000
0  -4.190205 2.972901 -4.968972  0.000000 0.999995 -0.003086  0.033565 0.606399 1 64 1.000000
lowpoly_metal
0  -4.190204 -7.212928 -3.680498  -1.000000 0.000000 0.000000  0.033215 0.605839 1 64 1.000000
0  -4.190204 -4.140599 -4.391822  -1.000000 0.000000 0.000000  0.033194 0.606089 1 64 1.000000
0  -4.190204 -4.202368 -4.595134  -1.000000 0.000000 0.000000  0.033178 0.606086 1 64 1.000000
lowpoly_metal
0  -4.031136 -7.212928 -3.680498  1.000000 0.000001 0.000000  0.032627 0.605839 1 64 1.000000
0  -4.031136 -4.478700 -5.504689  1.000000 0.000001 0.000000  0.032736 0.606076 1 64 1.000000
0  -4.031137 -4.202368 -4.595134  1.000000 0.000001 0.000000  0.032661 0.606086 1 64 1.000000
lowpoly_metal
0  -4.031136 -7.489259 -4.590053  0.000000 -0.290690 -0.956817  0.033249 0.605817 1 64 1.000000
0  -4.190204 -4.478700 -5.504689  0.000000 -0.290690 -0.956817  0.033262 0.606062 1 64 1.000000
0  -4.031136 -4.478700 -5.504689  0.000000 -0.290690 -0.956817  0.033249 0.606062 1 64 1.000000
lowpoly_metal
0  -4.190204 -7.151160 -3.477186  0.000000 0.290690 0.956817  0.033082 0.606848 1 64 1.000000
0  -4.031137 -4.140599 -4.391822  0.000000 0.290690 0.956817  0.033095 0.607092 1 64 1.000000
0  -4.190204 -4.140599 -4.391822  0.000000 0.290690 0.956817  0.033082 0.607092 1 64 1.000000
lowpoly_metal
0  -4.031137 -7.151160 -3.477186  1.000000 -0.000000 0.000000  0.032611 0.605841 1 64 1.000000
0  -4.031137 -4.202368 -4.595134  1.000000 -0.000000 0.000000  0.032661 0.606086 1 64 1.000000
0  -4.031137 -4.140599 -4.391822  1.000000 -0.000000 0.000000  0.032644 0.606089 1 64 1.000000
lowpoly_metal
0  -4.190203 -7.489259 -4.590053  -1.000000 0.000000 0.000000  0.033141 0.605828 1 64 1.000000
0  -4.190204 -4.202368 -4.595134  -1.000000 0.000000 0.000000  0.033178 0.606086 1 64 1.000000
0  -4.190204 -4.478700 -5.504689  -1.000000 0.000000 0.000000  0.033103 0.606075 1 64 1.000000
lowpoly_metal
0  -3.704665 -3.210744 -4.896399  0.000000 -0.116289 -0.993215  0.032497 0.607003 1 64 1.000000
0  -3.368150 -2.699100 -4.956304  0.000000 -0.116289 -0.993215  0.032471 0.607044 1 64 1.000000
0  -3.368150 -3.210744 -4.896399  0.000000 -0.116289 -0.993215  0.032471 0.607003 1 64 1.000000
lowpoly_metal
0  -4.190204 -3.487075 -5.805953  -1.000000 0.000000 0.000000  0.033091 0.606156 1 64 1.000000
0  -4.190204 -2.699100 -4.956304  -1.000000 0.000000 0.000000  0.033167 0.606208 1 64 1.000000
0  -4.190204 -2.744834 -6.026568  -1.000000 0.000000 0.000000  0.033082 0.606217 1 64 1.000000
lowpoly_metal
0  -3.704665 -3.148975 -4.693087  0.000000 0.290689 0.956818  0.033120 0.607172 1 64 1.000000
0  -3.368150 -3.423935 -4.609551  0.000000 0.290689 0.956818  0.033147 0.607149 1 64 1.000000
0  -3.368150 -3.148975 -4.693086  0.000000 0.290689 0.956818  0.033147 0.607172 1 64 1.000000
lowpoly_metal
0  -4.190204 -2.744834 -6.026568  -1.000000 0.000000 -0.000003  0.033082 0.606217 1 64 1.000000
0  -4.190204 -1.304049 -5.837845  -1.000000 0.000000 -0.000003  0.033113 0.606328 1 64 1.000000
0  -4.190204 -0.319684 -5.837845  -1.000000 0.000000 -0.000003  0.033124 0.606405 1 64 1.000000
lowpoly_metal
0  -4.190204 -4.478700 -5.504689  -1.000000 0.000000 0.000000  0.033103 0.606075 1 64 1.000000
0  -4.190204 -3.210744 -4.896399  -1.000000 0.000000 0.000000  0.033165 0.606167 1 64 1.000000
0  -4.190204 -3.487075 -5.805953  -1.000000 0.000000 0.000000  0.033091 0.606156 1 64 1.000000
lowpoly_metal
0  -3.799759 -3.667665 -4.534291  0.508788 -0.823716 0.250253  0.032499 0.607769 1 64 1.000000
0  -3.368150 -3.485703 -4.812863  0.508788 -0.823716 0.250253  0.032520 0.607803 1 64 1.000000
0  -3.368150 -3.423935 -4.609551  0.508788 -0.823716 0.250253  0.032504 0.607803 1 64 1.000000
lowpoly_metal
0  -4.190203 -8.947878 -3.090795  -1.000000 0.000009 0.000000  0.033242 0.605696 1 64 1.000000
0  -4.190203 -9.203712 -3.358079  -1.000000 0.000009 0.000000  0.033218 0.605679 1 64 1.000000
0  -4.190203 -9.187168 -3.303621  -1.000000 0.000009 0.000000  0.033222 0.605680 1 64 1.000000
lowpoly_metal
0  -4.190203 -9.187168 -3.303621  0.000000 -0.956819 0.290684  0.033067 0.607917 1 64 1.000000
0  -4.031136 -9.203712 -3.358079  0.000000 -0.956819 0.290684  0.033080 0.607912 1 64 1.000000
0  -4.031136 -9.187168 -3.303621  0.000000 -0.956819 0.290684  0.033080 0.607917 1 64 1.000000
lowpoly_metal
0  -4.190204 -8.603314 -3.048776  -1.000000 -0.000005 0.000000  0.033249 0.605723 1 64 1.000000
0  -4.190203 -8.993441 -3.240763  -1.000000 -0.000005 0.000000  0.033229 0.605695 1 64 1.000000
0  -4.190203 -8.947878 -3.090795  -1.000000 -0.000005 0.000000  0.033242 0.605696 1 64 1.000000
lowpoly_metal
0  -4.031136 -8.934310 -4.138264  1.000000 -0.000002 0.000001  0.032685 0.605710 1 64 1.000000
0  -4.031136 -8.993441 -3.240763  1.000000 -0.000002 0.000001  0.032615 0.605694 1 64 1.000000
0  -4.031136 -9.197268 -3.911674  1.000000 -0.000002 0.000001  0.032670 0.605687 1 64 1.000000
lowpoly_metal
0  -4.031136 -9.197268 -3.911674  1.000000 0.000000 0.000001  0.032670 0.605687 1 64 1.000000
0  -4.031136 -9.203712 -3.358079  1.000000 0.000000 0.000001  0.032627 0.605679 1 64 1.000000
0  -4.031136 -9.277728 -3.601705  1.000000 0.000000 0.000001  0.032647 0.605676 1 64 1.000000
lowpoly_metal
0  -4.190204 -8.264027 -3.139086  -1.000000 0.000000 0.000000  0.033246 0.605751 1 64 1.000000
0  -4.190204 -8.663785 -3.247817  -1.000000 0.000000 0.000000  0.033233 0.605721 1 64 1.000000
0  -4.190204 -8.603314 -3.048776  -1.000000 0.000000 0.000000  0.033249 0.605723 1 64 1.000000
lowpoly_metal
0  -4.190204 -7.151160 -3.477186  -1.000000 -0.000000 0.000000  0.033232 0.605842 1 64 1.000000
0  -4.190204 -8.325794 -3.342399  -1.000000 -0.000000 0.000000  0.033229 0.605748 1 64 1.000000
0  -4.190204 -8.264027 -3.139086  -1.000000 -0.000000 0.000000  0.033246 0.605751 1 64 1.000000
lowpoly_metal
0  -4.031136 -8.264027 -3.139086  1.000000 0.000002 0.000002  0.032598 0.605750 1 64 1.000000
0  -4.031136 -7.212928 -3.680498  1.000000 0.000002 0.000002  0.032627 0.605839 1 64 1.000000
0  -4.031137 -7.151160 -3.477186  1.000000 0.000002 0.000002  0.032611 0.605841 1 64 1.000000
lowpoly_metal
0  -4.031136 -8.602126 -4.251953  1.000000 0.000000 0.000000  0.032689 0.605737 1 64 1.000000
0  -4.031136 -8.663785 -3.247817  1.000000 0.000000 0.000000  0.032611 0.605720 1 64 1.000000
0  -4.031136 -8.934310 -4.138264  1.000000 0.000000 0.000000  0.032685 0.605710 1 64 1.000000
lowpoly_metal
0  -3.368150 -3.148975 -4.693086  1.000000 0.000000 0.000000  0.031529 0.607487 1 64 1.000000
0  -3.368150 -2.699100 -4.956304  1.000000 0.000000 0.000000  0.031548 0.607524 1 64 1.000000
0  -3.368150 -2.688876 -4.717068  1.000000 0.000000 0.000000  0.031529 0.607524 1 64 1.000000
lowpoly_metal
0  -3.368150 -3.423935 -4.609551  1.000000 -0.000002 0.000000  0.031522 0.607465 1 64 1.000000
0  -3.368150 -3.210744 -4.896399  1.000000 -0.000002 0.000000  0.031545 0.607483 1 64 1.000000
0  -3.368150 -3.148975 -4.693086  1.000000 -0.000002 0.000000  0.031529 0.607487 1 64 1.000000
lowpoly_metal
0  -3.704665 1.014049 -4.725210  0.000000 0.002199 0.999998  0.033120 0.607501 1 64 1.000000
0  -3.368150 -2.688876 -4.717068  0.000000 0.002199 0.999998  0.033147 0.607208 1 64 1.000000
0  -3.368151 1.014049 -4.725210  0.000000 0.002199 0.999998  0.033147 0.607501 1 64 1.000000
lowpoly_metal
0  -3.799759 -3.729433 -4.737603  -0.002689 -0.290690 -0.956814  0.032505 0.606960 1 64 1.000000
0  -3.368150 -3.210744 -4.896399  -0.002689 -0.290690 -0.956814  0.032471 0.607003 1 64 1.000000
0  -3.368150 -3.485703 -4.812863  -0.002689 -0.290690 -0.956814  0.032471 0.606980 1 64 1.000000
lowpoly_metal
0  -3.704665 -2.688876 -4.717068  0.000000 0.052053 0.998644  0.033120 0.607208 1 64 1.000000
0  -3.368150 -3.148975 -4.693086  0.000000 0.052053 0.998644  0.033147 0.607172 1 64 1.000000
0  -3.368150 -2.688876 -4.717068  0.000000 0.052053 0.998644  0.033147 0.607208 1 64 1.000000
lowpoly_metal
0  -4.031137 -2.688876 -4.717068  0.000000 0.052052 0.998644  0.033095 0.607208 1 64 1.000000
0  -3.704665 -3.148975 -4.693087  0.000000 0.052052 0.998644  0.033120 0.607172 1 64 1.000000
0  -3.704665 -2.688876 -4.717068  0.000000 0.052052 0.998644  0.033120 0.607208 1 64 1.000000
lowpoly_metal
0  -4.031137 2.972901 -4.968972  0.000000 0.999995 -0.003094  0.033553 0.606399 1 64 1.000000
0  -3.704666 2.973642 -4.729519  0.000000 0.999995 -0.003094  0.033527 0.606418 1 64 1.000000
0  -3.704665 2.972901 -4.968972  0.000000 0.999995 -0.003094  0.033527 0.606399 1 64 1.000000
lowpoly_metal
0  -4.031137 -4.202368 -4.595134  0.015309 -0.295265 -0.955293  0.032523 0.606922 1 64 1.000000
0  -3.704665 -3.210744 -4.896399  0.015309 -0.295265 -0.955293  0.032497 0.607003 1 64 1.000000
0  -3.799759 -3.729433 -4.737603  0.015309 -0.295265 -0.955293  0.032505 0.606960 1 64 1.000000
lowpoly_metal
0  -4.031137 1.014049 -4.725211  -0.000003 0.002199 0.999998  0.033095 0.607501 1 64 1.000000
0  -3.704665 -2.688876 -4.717068  -0.000003 0.002199 0.999998  0.033120 0.607208 1 64 1.000000
0  -3.704665 1.014049 -4.725210  -0.000003 0.002199 0.999998  0.033120 0.607501 1 64 1.000000
lowpoly_metal
0  -4.031137 1.010027 -4.964588  0.000000 -0.002233 -0.999997  0.032523 0.607336 1 64 1.000000
0  -3.704665 2.972901 -4.968972  0.000000 -0.002233 -0.999997  0.032497 0.607491 1 64 1.000000
0  -3.704665 1.010027 -4.964588  0.000000 -0.002233 -0.999997  0.032497 0.607336 1 64 1.000000
lowpoly_metal
0  -4.031137 -4.140599 -4.391822  0.905565 -0.405890 0.123314  0.032644 0.606089 1 64 1.000000
0  -3.799759 -3.729433 -4.737603  0.905565 -0.405890 0.123314  0.032666 0.606125 1 64 1.000000
0  -3.799759 -3.667665 -4.534291  0.905565 -0.405890 0.123314  0.032650 0.606128 1 64 1.000000
lowpoly_metal
0  -4.031137 -3.148975 -4.693087  0.000000 0.292736 0.956193  0.033095 0.607172 1 64 1.000000
0  -3.799759 -3.667665 -4.534291  0.000000 0.292736 0.956193  0.033113 0.607130 1 64 1.000000
0  -3.704665 -3.148975 -4.693087  0.000000 0.292736 0.956193  0.033120 0.607172 1 64 1.000000
lowpoly_metal
0  -4.031137 -3.210744 -4.896399  0.000000 -0.116289 -0.993215  0.032523 0.607003 1 64 1.000000
0  -3.704665 -2.699100 -4.956304  0.000000 -0.116289 -0.993215  0.032497 0.607044 1 64 1.000000
0  -3.704665 -3.210744 -4.896399  0.000000 -0.116289 -0.993215  0.032497 0.607003 1 64 1.000000
lowpoly_plastic
0  -4.031137 -2.288414 -5.837844  -0.000008 0.500001 0.866025  0.051026 0.676190 1 64 1.000000
0  -4.190204 -2.620970 -5.645843  -0.000008 0.500001 0.866025  0.051013 0.676163 1 64 1.000000
0  -4.031137 -2.620970 -5.645843  -0.000008 0.500001 0.866025  0.051026 0.676163 1 64 1.000000
lowpoly_plastic
0  -4.190204 -2.270501 -5.080182  0.000004 -0.500001 -0.866025  0.053069 0.674771 1 64 1.000000
0  -4.190204 -1.955859 -5.261841  0.000004 -0.500001 -0.866025  0.053069 0.674797 1 64 1.000000
0  -4.031137 -1.955859 -5.261840  0.000004 -0.500001 -0.866025  0.053057 0.674797 1 64 1.000000
lowpoly_plastic
0  -4.031137 -2.620970 -5.645843  0.000000 1.000000 0.000000  0.053238 0.675532 1 64 1.000000
0  -4.190204 -2.620970 -5.261841  0.000000 1.000000 0.000000  0.053251 0.675562 1 64 1.000000
0  -4.031137 -2.620970 -5.261840  0.000000 1.000000 0.000000  0.053238 0.675562 1 64 1.000000
lowpoly_plastic
0  -4.031137 -2.620970 -5.261840  0.000000 0.500000 -0.866026  0.053057 0.674745 1 64 1.000000
0  -4.190204 -2.288415 -5.069839  0.000000 0.500000 -0.866026  0.053069 0.674769 1 64 1.000000
0  -4.031137 -2.288415 -5.069839  0.000000 0.500000 -0.866026  0.053057 0.674769 1 64 1.000000
lowpoly_metal
0  -4.190204 -0.319684 -5.069839  -1.000000 0.000000 0.000002  0.033185 0.606396 1 64 1.000000
0  -4.190205 1.010027 -4.964588  -1.000000 0.000000 0.000002  0.033208 0.606499 1 64 1.000000
0  -4.190205 0.664681 -5.069839  -1.000000 0.000000 0.000002  0.033196 0.606473 1 64 1.000000
lowpoly_plastic
0  -4.031137 0.997238 -5.645844  0.000000 -0.499999 0.866026  0.053171 0.676410 1 64 1.000000
0  -4.190204 0.664681 -5.837845  0.000000 -0.499999 0.866026  0.053158 0.676385 1 64 1.000000
0  -4.031137 0.664681 -5.837845  0.000000 -0.499999 0.866026  0.053171 0.676385 1 64 1.000000
lowpoly_plastic
0  -4.031137 0.664681 -5.837845  0.000000 0.500000 0.866025  0.053171 0.676385 1 64 1.000000
0  -4.190204 0.332126 -5.645844  0.000000 0.500000 0.866025  0.053158 0.676357 1 64 1.000000
0  -4.031137 0.332126 -5.645844  0.000000 0.500000 0.866025  0.053171 0.676357 1 64 1.000000
lowpoly_plastic
0  -4.031137 -0.971493 -5.645843  -0.000004 -0.500000 0.866025  0.050983 0.676440 1 64 1.000000
0  -4.190204 -1.304049 -5.837845  -0.000004 -0.500000 0.866025  0.050970 0.676415 1 64 1.000000
0  -4.031137 -1.304049 -5.837844  -0.000004 -0.500000 0.866025  0.050983 0.676415 1 64 1.000000
lowpoly_plastic
0  -4.031137 0.012873 -5.261841  0.000000 -1.000000 0.000002  0.051861 0.676476 1 64 1.000000
0  -4.190204 0.012872 -5.645844  0.000000 -1.000000 0.000002  0.051848 0.676445 1 64 1.000000
0  -4.031137 0.012872 -5.645844  0.000000 -1.000000 0.000002  0.051861 0.676445 1 64 1.000000
lowpoly_plastic
0  -4.031137 -1.304049 -5.069839  0.000000 -0.500000 -0.866025  0.053232 0.676096 1 64 1.000000
0  -4.190204 -0.971493 -5.261841  0.000000 -0.500000 -0.866025  0.053245 0.676124 1 64 1.000000
0  -4.031137 -0.971493 -5.261841  0.000000 -0.500000 -0.866025  0.053232 0.676124 1 64 1.000000
lowpoly_metal
0  -4.031137 -1.304049 -5.837844  1.000000 0.000000 0.000000  0.032722 0.606329 1 64 1.000000
0  -4.031137 -2.288414 -5.837844  1.000000 0.000000 0.000000  0.032735 0.606252 1 64 1.000000
0  -4.031137 -2.744834 -6.026568  1.000000 0.000000 0.000000  0.032755 0.606218 1 64 1.000000
lowpoly_plastic
0  -4.031137 0.997237 -5.261841  0.000006 -1.000000 -0.000002  0.051676 0.676470 1 64 1.000000
0  -4.190204 0.997237 -5.645844  0.000006 -1.000000 -0.000002  0.051663 0.676439 1 64 1.000000
0  -4.031137 0.997238 -5.645844  0.000006 -1.000000 -0.000002  0.051676 0.676439 1 64 1.000000
lowpoly_plastic
0  -4.031137 0.332126 -5.261841  0.000000 0.500003 -0.866024  0.053158 0.676410 1 64 1.000000
0  -4.190205 0.664681 -5.069839  0.000000 0.500003 -0.866024  0.053171 0.676434 1 64 1.000000
0  -4.031137 0.664681 -5.069839  0.000000 0.500003 -0.866024  0.053158 0.676434 1 64 1.000000
lowpoly_plastic
0  -4.031137 0.332126 -5.645844  0.000000 1.000000 0.000000  0.053024 0.676180 1 64 1.000000
0  -4.190204 0.332126 -5.261841  0.000000 1.000000 0.000000  0.053036 0.676211 1 64 1.000000
0  -4.031137 0.332126 -5.261841  0.000000 1.000000 0.000000  0.053024 0.676211 1 64 1.000000
lowpoly_plastic
0  -4.031137 -0.971493 -5.261841  0.000000 -1.000000 0.000000  0.053271 0.675067 1 64 1.000000
0  -4.190204 -0.971493 -5.645844  0.000000 -1.000000 0.000000  0.053258 0.675037 1 64 1.000000
0  -4.031137 -0.971493 -5.645843  0.000000 -1.000000 0.000000  0.053271 0.675037 1 64 1.000000
lowpoly_plastic
0  -4.031137 -0.319684 -5.837845  0.000000 0.500000 0.866026  0.052969 0.675541 1 64 1.000000
0  -4.190205 -0.652240 -5.645844  0.000000 0.500000 0.866026  0.052956 0.675513 1 64 1.000000
0  -4.031137 -0.652240 -5.645843  0.000000 0.500000 0.866026  0.052969 0.675513 1 64 1.000000
lowpoly_plastic
0  -4.031137 -1.304049 -5.837844  0.000000 0.500000 0.866026  0.050983 0.676415 1 64 1.000000
0  -4.190204 -1.636605 -5.645843  0.000000 0.500000 0.866026  0.050970 0.676387 1 64 1.000000
0  -4.031137 -1.636605 -5.645843  0.000000 0.500000 0.866026  0.050983 0.676387 1 64 1.000000
lowpoly_plastic
0  -4.031137 -1.636605 -5.261841  0.000000 0.500000 -0.866026  0.053232 0.676072 1 64 1.000000
0  -4.190204 -1.304049 -5.069839  0.000000 0.500000 -0.866026  0.053245 0.676096 1 64 1.000000
0  -4.031137 -1.304049 -5.069839  0.000000 0.500000 -0.866026  0.053232 0.676096 1 64 1.000000
lowpoly_plastic
0  -4.031137 -0.652239 -5.261841  0.000000 0.500000 -0.866026  0.053082 0.674745 1 64 1.000000
0  -4.190204 -0.319684 -5.069839  0.000000 0.500000 -0.866026  0.053095 0.674769 1 64 1.000000
0  -4.031137 -0.319684 -5.069839  0.000000 0.500000 -0.866026  0.053082 0.674769 1 64 1.000000
lowpoly_plastic
0  -4.031137 -0.319684 -5.069839  0.000000 -0.499999 -0.866026  0.053082 0.674769 1 64 1.000000
0  -4.190204 0.012873 -5.261841  0.000000 -0.499999 -0.866026  0.053095 0.674797 1 64 1.000000
0  -4.031137 0.012873 -5.261841  0.000000 -0.499999 -0.866026  0.053082 0.674797 1 64 1.000000
lowpoly_plastic
0  -4.031137 -1.955859 -5.645843  0.000000 -0.500002 0.866024  0.051026 0.676215 1 64 1.000000
0  -4.190204 -2.288414 -5.837844  0.000000 -0.500002 0.866024  0.051013 0.676190 1 64 1.000000
0  -4.031137 -2.288414 -5.837844  0.000000 -0.500002 0.866024  0.051026 0.676190 1 64 1.000000
lowpoly_plastic
0  -4.031137 -0.652240 -5.645843  0.000000 1.000000 -0.000001  0.051099 0.676416 1 64 1.000000
0  -4.190204 -0.652239 -5.261841  0.000000 1.000000 -0.000001  0.051111 0.676447 1 64 1.000000
0  -4.031137 -0.652239 -5.261841  0.000000 1.000000 -0.000001  0.051099 0.676447 1 64 1.000000
lowpoly_plastic
0  -4.031137 0.012872 -5.645844  0.000000 -0.500001 0.866025  0.052969 0.675566 1 64 1.000000
0  -4.190204 -0.319684 -5.837845  0.000000 -0.500001 0.866025  0.052956 0.675541 1 64 1.000000
0  -4.031137 -0.319684 -5.837845  0.000000 -0.500001 0.866025  0.052969 0.675541 1 64 1.000000
lowpoly_plastic
0  -4.031137 0.664681 -5.069839  0.000000 -0.500001 -0.866025  0.053158 0.676434 1 64 1.000000
0  -4.190205 0.997237 -5.261841  0.000000 -0.500001 -0.866025  0.053171 0.676462 1 64 1.000000
0  -4.031137 0.997237 -5.261841  0.000000 -0.500001 -0.866025  0.053158 0.676462 1 64 1.000000
lowpoly_plastic
0  -4.031137 -1.636605 -5.645843  0.000000 1.000000 0.000000  0.051731 0.676429 1 64 1.000000
0  -4.190204 -1.636605 -5.261841  0.000000 1.000000 0.000000  0.051744 0.676460 1 64 1.000000
0  -4.031137 -1.636605 -5.261841  0.000000 1.000000 0.000000  0.051731 0.676460 1 64 1.000000
lowpoly_plastic
0  -4.031137 -1.955859 -5.261840  0.000000 -1.000000 -0.000001  0.051701 0.676470 1 64 1.000000
0  -4.190204 -1.955859 -5.645844  0.000000 -1.000000 -0.000001  0.051688 0.676439 1 64 1.000000
0  -4.031137 -1.955859 -5.645843  0.000000 -1.000000 -0.000001  0.051701 0.676439 1 64 1.000000
lowpoly_metal
0  -4.031137 -2.699100 -4.956304  0.000000 -0.002234 -0.999998  0.032523 0.607044 1 64 1.000000
0  -3.704665 1.010027 -4.964588  0.000000 -0.002234 -0.999998  0.032497 0.607336 1 64 1.000000
0  -3.704665 -2.699100 -4.956304  0.000000 -0.002234 -0.999998  0.032497 0.607044 1 64 1.000000
lowpoly_metal
0  -4.031137 2.973642 -4.729520  -0.000003 0.002199 0.999998  0.033095 0.607656 1 64 1.000000
0  -3.704665 1.014049 -4.725210  -0.000003 0.002199 0.999998  0.033120 0.607501 1 64 1.000000
0  -3.704666 2.973642 -4.729519  -0.000003 0.002199 0.999998  0.033120 0.607656 1 64 1.000000
lowpoly_metal
0  -3.704665 -2.699100 -4.956304  0.000000 -0.002234 -0.999997  0.032497 0.607044 1 64 1.000000
0  -3.368151 1.010027 -4.964588  0.000000 -0.002234 -0.999997  0.032471 0.607336 1 64 1.000000
0  -3.368150 -2.699100 -4.956304  0.000000 -0.002234 -0.999997  0.032471 0.607044 1 64 1.000000
lowpoly_metal
0  -3.368150 -2.688876 -4.717068  1.000000 0.000000 -0.000000  0.031529 0.607524 1 64 1.000000
0  -3.368151 1.010027 -4.964588  1.000000 0.000000 -0.000000  0.031541 0.607818 1 64 1.000000
0  -3.368151 1.014049 -4.725210  1.000000 0.000000 -0.000000  0.031522 0.607817 1 64 1.000000
lowpoly_metal
0  -4.190204 -2.688876 -4.717069  0.000000 0.002199 0.999998  0.033082 0.607208 1 64 1.000000
0  -4.031137 1.014049 -4.725211  0.000000 0.002199 0.999998  0.033095 0.607501 1 64 1.000000
0  -4.190205 1.014049 -4.725211  0.000000 0.002199 0.999998  0.033082 0.607501 1 64 1.000000
lowpoly_metal
0  -4.190204 -2.699100 -4.956304  -1.000000 -0.000000 0.000000  0.033167 0.606208 1 64 1.000000
0  -4.190205 1.014049 -4.725211  -1.000000 -0.000000 0.000000  0.033227 0.606497 1 64 1.000000
0  -4.190205 1.010027 -4.964588  -1.000000 -0.000000 0.000000  0.033208 0.606499 1 64 1.000000
lowpoly_metal
0  -3.704665 2.972901 -4.968972  1.000000 0.000000 -0.000000  0.050554 0.675155 1 64 1.000000
0  -3.704665 1.014049 -4.725210  1.000000 0.000000 -0.000000  0.050535 0.675000 1 64 1.000000
0  -3.704665 1.010027 -4.964588  1.000000 0.000000 -0.000000  0.050554 0.674999 1 64 1.000000
lowpoly_metal
0  -3.368151 1.014049 -4.725210  0.000000 0.999859 -0.016798  0.049908 0.675663 1 64 1.000000
0  -3.704665 1.010027 -4.964588  0.000000 0.999859 -0.016798  0.049889 0.675637 1 64 1.000000
0  -3.704665 1.014049 -4.725210  0.000000 0.999859 -0.016798  0.049908 0.675637 1 64 1.000000
lowpoly_metal
0  -4.190205 2.969596 -6.040208  -0.999917 -0.012849 0.000039  0.033146 0.606665 1 64 1.000000
0  -4.196422 3.456653 -4.974705  -0.999917 -0.012849 0.000039  0.033235 0.606691 1 64 1.000000
0  -4.196422 3.453346 -6.045940  -0.999917 -0.012849 0.000039  0.033151 0.606703 1 64 1.000000
lowpoly_metal
0  -4.031137 2.969596 -6.040208  0.999917 0.012847 -0.000039  0.032685 0.606666 1 64 1.000000
0  -4.037354 3.456653 -4.974705  0.999917 0.012847 -0.000039  0.032595 0.606691 1 64 1.000000
0  -4.031137 2.972901 -4.968972  0.999917 0.012847 -0.000039  0.032601 0.606653 1 64 1.000000
lowpoly_metal
0  -4.190205 2.969596 -6.040208  0.000000 -0.011849 -0.999930  0.033262 0.606654 1 64 1.000000
0  -4.037354 3.453346 -6.045940  0.000000 -0.011849 -0.999930  0.033249 0.606692 1 64 1.000000
0  -4.031137 2.969596 -6.040208  0.000000 -0.011849 -0.999930  0.033249 0.606654 1 64 1.000000
lowpoly_metal
0  -4.196422 3.456653 -4.974705  0.000000 0.011850 0.999930  0.032896 0.607303 1 64 1.000000
0  -4.031137 2.972901 -4.968972  0.000000 0.011850 0.999930  0.032909 0.607264 1 64 1.000000
0  -4.037354 3.456653 -4.974705  0.000000 0.011850 0.999930  0.032909 0.607302 1 64 1.000000
lowpoly_metal
0  -4.037354 3.453346 -6.045940  0.000000 0.999995 -0.003087  0.033054 0.607780 1 64 1.000000
0  -4.196422 3.456653 -4.974705  0.000000 0.999995 -0.003087  0.033067 0.607865 1 64 1.000000
0  -4.037354 3.456653 -4.974705  0.000000 0.999995 -0.003087  0.033054 0.607865 1 64 1.000000
lowpoly_metal
0  -2.705164 -8.325794 -3.342398  -1.000000 -0.000002 -0.000001  0.032895 0.605748 1 64 1.000000
0  -2.705164 -8.603313 -3.048776  -1.000000 -0.000002 -0.000001  0.032915 0.605722 1 64 1.000000
0  -2.705164 -8.264027 -3.139086  -1.000000 -0.000002 -0.000001  0.032912 0.605750 1 64 1.000000
lowpoly_metal
0  -2.705164 -8.325794 -3.342398  -1.000000 -0.000000 0.000000  0.032895 0.605748 1 64 1.000000
0  -2.705164 -7.489259 -4.590053  -1.000000 -0.000000 0.000000  0.032808 0.605829 1 64 1.000000
0  -2.705164 -8.602125 -4.251953  -1.000000 -0.000000 0.000000  0.032821 0.605737 1 64 1.000000
lowpoly_metal
0  -2.546097 -4.140599 -4.391821  0.000000 0.290690 0.956817  0.033212 0.607092 1 64 1.000000
0  -2.705164 -3.148975 -4.693086  0.000000 0.290690 0.956817  0.033200 0.607172 1 64 1.000000
0  -2.705164 -4.140599 -4.391821  0.000000 0.290690 0.956817  0.033200 0.607092 1 64 1.000000
lowpoly_metal
0  -2.546097 -7.212927 -3.680498  1.000000 0.000001 0.000000  0.032949 0.605839 1 64 1.000000
0  -2.546096 -8.602125 -4.251953  1.000000 0.000001 0.000000  0.033009 0.605737 1 64 1.000000
0  -2.546097 -7.489259 -4.590053  1.000000 0.000001 0.000000  0.033023 0.605828 1 64 1.000000
lowpoly_metal
0  -2.705164 -8.264027 -3.139086  -0.000005 0.290691 0.956817  0.033200 0.606758 1 64 1.000000
0  -2.546097 -7.151159 -3.477185  -0.000005 0.290691 0.956817  0.033212 0.606848 1 64 1.000000
0  -2.705164 -7.151159 -3.477186  -0.000005 0.290691 0.956817  0.033200 0.606848 1 64 1.000000
lowpoly_metal
0  -2.705164 -7.489259 -4.590053  0.000000 -0.290691 -0.956817  0.033275 0.605817 1 64 1.000000
0  -2.546096 -8.602125 -4.251953  0.000000 -0.290691 -0.956817  0.033263 0.605726 1 64 1.000000
0  -2.705164 -8.602125 -4.251953  0.000000 -0.290691 -0.956817  0.033275 0.605726 1 64 1.000000
lowpoly_metal
0  -2.546096 -8.934310 -4.138263  0.000000 -0.652776 -0.757551  0.033263 0.605699 1 64 1.000000
0  -2.705164 -9.197268 -3.911674  0.000000 -0.652776 -0.757551  0.033275 0.605676 1 64 1.000000
0  -2.705164 -8.934310 -4.138263  0.000000 -0.652776 -0.757551  0.033275 0.605699 1 64 1.000000
lowpoly_metal
0  -2.546097 -8.325794 -3.342398  1.000000 0.000000 0.000000  0.032935 0.605748 1 64 1.000000
0  -2.546096 -8.934310 -4.138263  1.000000 0.000000 0.000000  0.033004 0.605709 1 64 1.000000
0  -2.546096 -8.602125 -4.251953  1.000000 0.000000 0.000000  0.033009 0.605737 1 64 1.000000
lowpoly_metal
0  -2.546096 -8.602125 -4.251953  0.000000 -0.323809 -0.946122  0.033263 0.605726 1 64 1.000000
0  -2.705164 -8.934310 -4.138263  0.000000 -0.323809 -0.946122  0.033275 0.605699 1 64 1.000000
0  -2.705164 -8.602125 -4.251953  0.000000 -0.323809 -0.946122  0.033275 0.605726 1 64 1.000000
lowpoly_metal
0  -2.705164 -8.264027 -3.139086  0.000000 0.257219 0.966353  0.033200 0.606758 1 64 1.000000
0  -2.546097 -8.603313 -3.048776  0.000000 0.257219 0.966353  0.033212 0.606730 1 64 1.000000
0  -2.546097 -8.264027 -3.139086  0.000000 0.257219 0.966353  0.033212 0.606758 1 64 1.000000
lowpoly_metal
0  -2.705164 -8.993440 -3.240763  -1.000000 0.000000 0.000000  0.032895 0.605694 1 64 1.000000
0  -2.705164 -9.187167 -3.303621  -1.000000 0.000000 0.000000  0.032888 0.605680 1 64 1.000000
0  -2.705164 -8.947878 -3.090795  -1.000000 0.000000 0.000000  0.032907 0.605696 1 64 1.000000
lowpoly_metal
0  -2.705164 -8.603313 -3.048776  0.000000 -0.121050 0.992646  0.033200 0.606730 1 64 1.000000
0  -2.546097 -8.947878 -3.090795  0.000000 -0.121050 0.992646  0.033212 0.606703 1 64 1.000000
0  -2.546097 -8.603313 -3.048776  0.000000 -0.121050 0.992646  0.033212 0.606730 1 64 1.000000
lowpoly_metal
0  -2.705164 -8.663784 -3.247817  -1.000000 -0.000001 -0.000001  0.032899 0.605720 1 64 1.000000
0  -2.705164 -8.947878 -3.090795  -1.000000 -0.000001 -0.000001  0.032907 0.605696 1 64 1.000000
0  -2.705164 -8.603313 -3.048776  -1.000000 -0.000001 -0.000001  0.032915 0.605722 1 64 1.000000
lowpoly_metal
0  -2.546097 -8.663784 -3.247817  1.000000 0.000001 0.000000  0.032931 0.605721 1 64 1.000000
0  -2.546096 -9.197268 -3.911674  1.000000 0.000001 0.000000  0.032990 0.605686 1 64 1.000000
0  -2.546096 -8.934310 -4.138263  1.000000 0.000001 0.000000  0.033004 0.605709 1 64 1.000000
lowpoly_metal
0  -2.546097 -9.203712 -3.358078  0.000000 -0.956819 0.290686  0.033080 0.607978 1 64 1.000000
0  -2.705164 -9.277728 -3.601705  0.000000 -0.956819 0.290686  0.033067 0.607959 1 64 1.000000
0  -2.546097 -9.277728 -3.601705  0.000000 -0.956819 0.290686  0.033080 0.607959 1 64 1.000000
lowpoly_metal
0  -2.546097 -8.993440 -3.240763  1.000000 0.000000 0.000001  0.032935 0.605695 1 64 1.000000
0  -2.546097 -9.277728 -3.601705  1.000000 0.000000 0.000001  0.032966 0.605676 1 64 1.000000
0  -2.546096 -9.197268 -3.911674  1.000000 0.000000 0.000001  0.032990 0.605686 1 64 1.000000
lowpoly_metal
0  -2.546096 -9.197268 -3.911674  0.000000 -0.967923 -0.251247  0.033080 0.607934 1 64 1.000000
0  -2.705164 -9.277728 -3.601705  0.000000 -0.967923 -0.251247  0.033067 0.607959 1 64 1.000000
0  -2.705164 -9.197268 -3.911674  0.000000 -0.967923 -0.251247  0.033067 0.607934 1 64 1.000000
lowpoly_metal
0  -2.705164 -8.947878 -3.090795  0.000000 -0.664585 0.747212  0.033067 0.608000 1 64 1.000000
0  -2.546097 -9.187167 -3.303621  0.000000 -0.664585 0.747212  0.033080 0.607983 1 64 1.000000
0  -2.546097 -8.947878 -3.090795  0.000000 -0.664585 0.747212  0.033080 0.608000 1 64 1.000000
lowpoly_metal
0  -2.705164 -3.487075 -5.805953  0.000000 -0.284908 -0.958555  0.033275 0.606143 1 64 1.000000
0  -2.546097 -2.744834 -6.026567  0.000000 -0.284908 -0.958555  0.033263 0.606204 1 64 1.000000
0  -2.546097 -3.487075 -5.805953  0.000000 -0.284908 -0.958555  0.033263 0.606143 1 64 1.000000
lowpoly_metal
0  -2.705164 -4.478700 -5.504688  0.000000 -0.290689 -0.956817  0.033275 0.606062 1 64 1.000000
0  -2.546097 -3.487075 -5.805953  0.000000 -0.290689 -0.956817  0.033263 0.606143 1 64 1.000000
0  -2.546097 -4.478700 -5.504688  0.000000 -0.290689 -0.956817  0.033263 0.606062 1 64 1.000000
lowpoly_metal
0  -2.705164 -4.202368 -4.595134  -1.000000 -0.000000 -0.000000  0.032849 0.606086 1 64 1.000000
0  -2.705164 -3.487075 -5.805953  -1.000000 -0.000000 -0.000000  0.032763 0.606157 1 64 1.000000
0  -2.705164 -4.478700 -5.504688  -1.000000 -0.000000 -0.000000  0.032774 0.606076 1 64 1.000000
lowpoly_metal
0  -2.546097 -4.202368 -4.595134  1.000000 0.000000 -0.000000  0.032986 0.606086 1 64 1.000000
0  -2.546097 -3.148975 -4.693086  1.000000 0.000000 -0.000000  0.032982 0.606170 1 64 1.000000
0  -2.546097 -4.140599 -4.391821  1.000000 0.000000 -0.000000  0.032970 0.606089 1 64 1.000000
lowpoly_metal
0  -2.546098 1.010027 -4.964588  1.000000 0.000000 -0.000000  0.032956 0.606499 1 64 1.000000
0  -2.546098 2.973642 -4.729519  1.000000 0.000000 -0.000000  0.032915 0.606651 1 64 1.000000
0  -2.546098 1.014049 -4.725210  1.000000 0.000000 -0.000000  0.032937 0.606497 1 64 1.000000
lowpoly_metal
0  -2.705164 -3.210744 -4.896399  -1.000000 0.000000 -0.000000  0.032838 0.606168 1 64 1.000000
0  -2.705164 -2.744834 -6.026567  -1.000000 0.000000 -0.000000  0.032755 0.606218 1 64 1.000000
0  -2.705164 -3.487075 -5.805953  -1.000000 0.000000 -0.000000  0.032763 0.606157 1 64 1.000000
lowpoly_metal
0  -2.546097 -3.210744 -4.896398  1.000000 -0.000000 0.000001  0.032999 0.606167 1 64 1.000000
0  -2.546097 -2.688876 -4.717068  1.000000 -0.000000 0.000001  0.032979 0.606206 1 64 1.000000
0  -2.546097 -3.148975 -4.693086  1.000000 -0.000000 0.000001  0.032982 0.606170 1 64 1.000000
lowpoly_metal
0  -2.546097 -3.148975 -4.693086  0.000000 0.052053 0.998644  0.033212 0.607172 1 64 1.000000
0  -2.705165 -2.688876 -4.717068  0.000000 0.052053 0.998644  0.033200 0.607208 1 64 1.000000
0  -2.705164 -3.148975 -4.693086  0.000000 0.052053 0.998644  0.033200 0.607172 1 64 1.000000
lowpoly_metal
0  -2.546098 1.014049 -4.725210  0.000000 0.002199 0.999998  0.033212 0.607501 1 64 1.000000
0  -2.705166 2.973642 -4.729519  0.000000 0.002199 0.999998  0.033200 0.607656 1 64 1.000000
0  -2.705165 1.014049 -4.725210  0.000000 0.002199 0.999998  0.033200 0.607501 1 64 1.000000
lowpoly_metal
0  -2.705164 -2.744834 -6.026567  0.000000 -0.002387 -0.999997  0.033275 0.606204 1 64 1.000000
0  -2.546098 2.969596 -6.040208  0.000000 -0.002387 -0.999997  0.033263 0.606654 1 64 1.000000
0  -2.546097 -2.744834 -6.026567  0.000000 -0.002387 -0.999997  0.033263 0.606204 1 64 1.000000
lowpoly_metal
0  -2.705165 -1.304049 -5.069839  -1.000000 0.000000 -0.000000  0.032848 0.606319 1 64 1.000000
0  -2.705164 -1.955859 -5.261840  -1.000000 0.000000 -0.000000  0.032825 0.606270 1 64 1.000000
0  -2.705164 -2.288415 -5.069839  -1.000000 0.000000 -0.000000  0.032836 0.606242 1 64 1.000000
lowpoly_metal
0  -2.546098 2.972901 -4.968972  0.000000 0.999995 -0.003086  0.032113 0.607978 1 64 1.000000
0  -2.705165 2.969596 -6.040208  0.000000 0.999995 -0.003086  0.032125 0.607893 1 64 1.000000
0  -2.705166 2.972901 -4.968972  0.000000 0.999995 -0.003086  0.032125 0.607978 1 64 1.000000
lowpoly_metal
0  -2.546097 -7.212927 -3.680498  1.000000 0.000000 -0.000000  0.032949 0.605839 1 64 1.000000
0  -2.546097 -4.140599 -4.391821  1.000000 0.000000 -0.000000  0.032970 0.606089 1 64 1.000000
0  -2.546097 -7.151159 -3.477185  1.000000 0.000000 -0.000000  0.032932 0.605842 1 64 1.000000
lowpoly_metal
0  -2.705164 -7.212927 -3.680498  -1.000000 -0.000000 -0.000000  0.032883 0.605839 1 64 1.000000
0  -2.705164 -4.478700 -5.504688  -1.000000 -0.000000 -0.000000  0.032774 0.606076 1 64 1.000000
0  -2.705164 -7.489259 -4.590053  -1.000000 -0.000000 -0.000000  0.032808 0.605829 1 64 1.000000
lowpoly_metal
0  -2.705164 -7.489259 -4.590053  0.000000 -0.290690 -0.956817  0.033275 0.605817 1 64 1.000000
0  -2.546097 -4.478700 -5.504688  0.000000 -0.290690 -0.956817  0.033263 0.606062 1 64 1.000000
0  -2.546097 -7.489259 -4.590053  0.000000 -0.290690 -0.956817  0.033263 0.605817 1 64 1.000000
lowpoly_metal
0  -2.546097 -7.151159 -3.477185  0.000000 0.290691 0.956817  0.033212 0.606848 1 64 1.000000
0  -2.705164 -4.140599 -4.391821  0.000000 0.290691 0.956817  0.033200 0.607092 1 64 1.000000
0  -2.705164 -7.151159 -3.477186  0.000000 0.290691 0.956817  0.033200 0.606848 1 64 1.000000
lowpoly_metal
0  -2.705164 -7.151159 -3.477186  -1.000000 0.000000 0.000000  0.032900 0.605841 1 64 1.000000
0  -2.705164 -4.202368 -4.595134  -1.000000 0.000000 0.000000  0.032849 0.606086 1 64 1.000000
0  -2.705164 -7.212927 -3.680498  -1.000000 0.000000 0.000000  0.032883 0.605839 1 64 1.000000
lowpoly_metal
0  -2.546097 -7.489259 -4.590053  1.000000 0.000000 0.000000  0.033023 0.605828 1 64 1.000000
0  -2.546097 -4.202368 -4.595134  1.000000 0.000000 0.000000  0.032986 0.606086 1 64 1.000000
0  -2.546097 -7.212927 -3.680498  1.000000 0.000000 0.000000  0.032949 0.605839 1 64 1.000000
lowpoly_metal
0  -3.031636 -3.210744 -4.896399  0.000000 -0.116289 -0.993215  0.032444 0.607003 1 64 1.000000
0  -3.368150 -2.699100 -4.956304  0.000000 -0.116289 -0.993215  0.032471 0.607044 1 64 1.000000
0  -3.031636 -2.699100 -4.956304  0.000000 -0.116289 -0.993215  0.032444 0.607044 1 64 1.000000
lowpoly_metal
0  -2.546097 -3.487075 -5.805953  1.000000 0.000000 0.000000  0.033073 0.606156 1 64 1.000000
0  -2.546097 -2.699100 -4.956304  1.000000 0.000000 0.000000  0.032997 0.606208 1 64 1.000000
0  -2.546097 -3.210744 -4.896398  1.000000 0.000000 0.000000  0.032999 0.606167 1 64 1.000000
lowpoly_metal
0  -3.031636 -3.148975 -4.693086  -0.001588 0.292470 0.956274  0.033174 0.607172 1 64 1.000000
0  -3.368150 -3.423935 -4.609551  -0.001588 0.292470 0.956274  0.033147 0.607149 1 64 1.000000
0  -2.936542 -3.667665 -4.534291  -0.001588 0.292470 0.956274  0.033181 0.607130 1 64 1.000000
lowpoly_metal
0  -2.546097 -1.636605 -5.645843  1.000000 0.000000 -0.000001  0.033039 0.606299 1 64 1.000000
0  -2.546097 -1.955859 -5.645843  1.000000 0.000000 -0.000001  0.033043 0.606274 1 64 1.000000
0  -2.546097 -2.288414 -5.837844  1.000000 0.000000 -0.000001  0.033062 0.606250 1 64 1.000000
lowpoly_metal
0  -2.546097 -4.478700 -5.504688  1.000000 0.000000 0.000000  0.033061 0.606075 1 64 1.000000
0  -2.546097 -3.210744 -4.896398  1.000000 0.000000 0.000000  0.032999 0.606167 1 64 1.000000
0  -2.546097 -4.202368 -4.595134  1.000000 0.000000 0.000000  0.032986 0.606086 1 64 1.000000
lowpoly_metal
0  -2.936542 -3.667665 -4.534291  -0.508791 -0.823714 0.250253  0.032499 0.607838 1 64 1.000000
0  -3.368150 -3.485703 -4.812863  -0.508791 -0.823714 0.250253  0.032520 0.607803 1 64 1.000000
0  -2.936542 -3.729433 -4.737603  -0.508791 -0.823714 0.250253  0.032515 0.607838 1 64 1.000000
lowpoly_metal
0  -2.546097 -8.947878 -3.090795  1.000000 0.000000 -0.000000  0.032922 0.605696 1 64 1.000000
0  -2.546097 -9.203712 -3.358078  1.000000 0.000000 -0.000000  0.032946 0.605679 1 64 1.000000
0  -2.546097 -8.993440 -3.240763  1.000000 0.000000 -0.000000  0.032935 0.605695 1 64 1.000000
lowpoly_metal
0  -2.546097 -9.187167 -3.303621  0.000000 -0.956819 0.290684  0.033080 0.607983 1 64 1.000000
0  -2.705164 -9.203712 -3.358078  0.000000 -0.956819 0.290684  0.033067 0.607978 1 64 1.000000
0  -2.546097 -9.203712 -3.358078  0.000000 -0.956819 0.290684  0.033080 0.607978 1 64 1.000000
lowpoly_metal
0  -2.546097 -8.603313 -3.048776  1.000000 -0.000001 0.000000  0.032915 0.605723 1 64 1.000000
0  -2.546097 -8.993440 -3.240763  1.000000 -0.000001 0.000000  0.032935 0.605695 1 64 1.000000
0  -2.546097 -8.663784 -3.247817  1.000000 -0.000001 0.000000  0.032931 0.605721 1 64 1.000000
lowpoly_metal
0  -2.705164 -8.934310 -4.138263  -1.000000 -0.000001 0.000000  0.032826 0.605710 1 64 1.000000
0  -2.705164 -8.993440 -3.240763  -1.000000 -0.000001 0.000000  0.032895 0.605694 1 64 1.000000
0  -2.705164 -8.663784 -3.247817  -1.000000 -0.000001 0.000000  0.032899 0.605720 1 64 1.000000
lowpoly_metal
0  -2.705164 -9.197268 -3.911674  -1.000000 -0.000001 0.000000  0.032840 0.605687 1 64 1.000000
0  -2.705164 -9.203712 -3.358078  -1.000000 -0.000001 0.000000  0.032883 0.605679 1 64 1.000000
0  -2.705164 -8.993440 -3.240763  -1.000000 -0.000001 0.000000  0.032895 0.605694 1 64 1.000000
lowpoly_metal
0  -2.546097 -8.264027 -3.139086  1.000000 0.000000 0.000000  0.032918 0.605751 1 64 1.000000
0  -2.546097 -8.663784 -3.247817  1.000000 0.000000 0.000000  0.032931 0.605721 1 64 1.000000
0  -2.546097 -8.325794 -3.342398  1.000000 0.000000 0.000000  0.032935 0.605748 1 64 1.000000
lowpoly_metal
0  -2.546097 -7.151159 -3.477185  1.000000 0.000000 0.000000  0.032932 0.605842 1 64 1.000000
0  -2.546097 -8.325794 -3.342398  1.000000 0.000000 0.000000  0.032935 0.605748 1 64 1.000000
0  -2.546097 -7.212927 -3.680498  1.000000 0.000000 0.000000  0.032949 0.605839 1 64 1.000000
lowpoly_metal
0  -2.705164 -8.264027 -3.139086  -1.000000 -0.000001 -0.000001  0.032912 0.605750 1 64 1.000000
0  -2.705164 -7.212927 -3.680498  -1.000000 -0.000001 -0.000001  0.032883 0.605839 1 64 1.000000
0  -2.705164 -8.325794 -3.342398  -1.000000 -0.000001 -0.000001  0.032895 0.605748 1 64 1.000000
lowpoly_metal
0  -2.705164 -8.602125 -4.251953  -1.000000 0.000000 0.000000  0.032821 0.605737 1 64 1.000000
0  -2.705164 -8.663784 -3.247817  -1.000000 0.000000 0.000000  0.032899 0.605720 1 64 1.000000
0  -2.705164 -8.325794 -3.342398  -1.000000 0.000000 0.000000  0.032895 0.605748 1 64 1.000000
lowpoly_metal
0  -3.031637 1.014049 -4.725210  0.000000 0.002199 0.999998  0.033174 0.607501 1 64 1.000000
0  -3.368150 -2.688876 -4.717068  0.000000 0.002199 0.999998  0.033147 0.607208 1 64 1.000000
0  -3.031636 -2.688876 -4.717068  0.000000 0.002199 0.999998  0.033174 0.607208 1 64 1.000000
lowpoly_metal
0  -2.936542 -3.729433 -4.737603  0.000000 -0.292736 -0.956193  0.032436 0.606960 1 64 1.000000
0  -3.368150 -3.210744 -4.896399  0.000000 -0.292736 -0.956193  0.032471 0.607003 1 64 1.000000
0  -3.031636 -3.210744 -4.896399  0.000000 -0.292736 -0.956193  0.032444 0.607003 1 64 1.000000
lowpoly_metal
0  -3.031636 -2.688876 -4.717068  0.000000 0.052053 0.998644  0.033174 0.607208 1 64 1.000000
0  -3.368150 -3.148975 -4.693086  0.000000 0.052053 0.998644  0.033147 0.607172 1 64 1.000000
0  -3.031636 -3.148975 -4.693086  0.000000 0.052053 0.998644  0.033174 0.607172 1 64 1.000000
lowpoly_metal
0  -2.705165 -2.688876 -4.717068  0.000000 0.052053 0.998644  0.033200 0.607208 1 64 1.000000
0  -3.031636 -3.148975 -4.693086  0.000000 0.052053 0.998644  0.033174 0.607172 1 64 1.000000
0  -2.705164 -3.148975 -4.693086  0.000000 0.052053 0.998644  0.033200 0.607172 1 64 1.000000
lowpoly_metal
0  -2.705166 2.972901 -4.968972  0.000000 0.999995 -0.003096  0.032125 0.607978 1 64 1.000000
0  -3.031637 2.973642 -4.729519  0.000000 0.999995 -0.003096  0.032151 0.607997 1 64 1.000000
0  -2.705166 2.973642 -4.729519  0.000000 0.999995 -0.003096  0.032125 0.607997 1 64 1.000000
lowpoly_metal
0  -2.705164 -4.202368 -4.595134  0.000000 -0.290690 -0.956817  0.032418 0.606922 1 64 1.000000
0  -3.031636 -3.210744 -4.896399  0.000000 -0.290690 -0.956817  0.032444 0.607003 1 64 1.000000
0  -2.705164 -3.210744 -4.896399  0.000000 -0.290690 -0.956817  0.032418 0.607003 1 64 1.000000
lowpoly_metal
0  -2.705165 1.014049 -4.725210  0.000000 0.002199 0.999998  0.033200 0.607501 1 64 1.000000
0  -3.031636 -2.688876 -4.717068  0.000000 0.002199 0.999998  0.033174 0.607208 1 64 1.000000
0  -2.705165 -2.688876 -4.717068  0.000000 0.002199 0.999998  0.033200 0.607208 1 64 1.000000
lowpoly_metal
0  -2.705165 1.010027 -4.964588  0.000000 -0.002233 -0.999997  0.032418 0.607336 1 64 1.000000
0  -3.031637 2.972901 -4.968972  0.000000 -0.002233 -0.999997  0.032444 0.607491 1 64 1.000000
0  -2.705166 2.972901 -4.968972  0.000000 -0.002233 -0.999997  0.032418 0.607491 1 64 1.000000
lowpoly_metal
0  -2.705164 -4.140599 -4.391821  -0.905564 -0.405891 0.123314  0.032866 0.606089 1 64 1.000000
0  -2.936542 -3.729433 -4.737603  -0.905564 -0.405891 0.123314  0.032844 0.606125 1 64 1.000000
0  -2.705164 -4.202368 -4.595134  -0.905564 -0.405891 0.123314  0.032849 0.606086 1 64 1.000000
lowpoly_metal
0  -2.705164 -3.148975 -4.693086  0.005013 0.290686 0.956805  0.033200 0.607172 1 64 1.000000
0  -2.936542 -3.667665 -4.534291  0.005013 0.290686 0.956805  0.033181 0.607130 1 64 1.000000
0  -2.705164 -4.140599 -4.391821  0.005013 0.290686 0.956805  0.033200 0.607092 1 64 1.000000
lowpoly_metal
0  -2.705164 -3.210744 -4.896399  0.000000 -0.116289 -0.993215  0.032418 0.607003 1 64 1.000000
0  -3.031636 -2.699100 -4.956304  0.000000 -0.116289 -0.993215  0.032444 0.607044 1 64 1.000000
0  -2.705164 -2.699100 -4.956304  0.000000 -0.116289 -0.993215  0.032418 0.607044 1 64 1.000000
lowpoly_plastic
0  -2.705164 -2.288414 -5.837844  0.000000 0.500000 0.866025  0.053039 0.674469 1 64 1.000000
0  -2.546097 -2.620970 -5.645843  0.000000 0.500000 0.866025  0.053052 0.674442 1 64 1.000000
0  -2.546097 -2.288414 -5.837844  0.000000 0.500000 0.866025  0.053052 0.674469 1 64 1.000000
lowpoly_plastic
0  -2.705164 -1.955859 -5.261840  0.000000 -0.500001 -0.866025  0.053082 0.674797 1 64 1.000000
0  -2.546097 -1.955859 -5.261840  0.000000 -0.500001 -0.866025  0.053069 0.674797 1 64 1.000000
0  -2.546097 -2.270501 -5.080182  0.000000 -0.500001 -0.866025  0.053069 0.674771 1 64 1.000000
lowpoly_plastic
0  -2.705164 -2.620970 -5.645843  0.000000 1.000000 0.000000  0.053258 0.675037 1 64 1.000000
0  -2.546097 -2.620970 -5.261840  0.000000 1.000000 0.000000  0.053246 0.675067 1 64 1.000000
0  -2.546097 -2.620970 -5.645843  0.000000 1.000000 0.000000  0.053246 0.675037 1 64 1.000000
lowpoly_plastic
0  -2.705164 -2.620970 -5.261840  0.000000 0.500003 -0.866024  0.053082 0.674745 1 64 1.000000
0  -2.546097 -2.288415 -5.069839  0.000000 0.500003 -0.866024  0.053069 0.674769 1 64 1.000000
0  -2.546097 -2.620970 -5.261840  0.000000 0.500003 -0.866024  0.053069 0.674745 1 64 1.000000
lowpoly_metal
0  -2.546098 -0.319684 -5.069839  1.000000 0.000001 0.000000  0.032979 0.606396 1 64 1.000000
0  -2.546098 0.012873 -5.261840  1.000000 0.000001 0.000000  0.032991 0.606424 1 64 1.000000
0  -2.546098 0.664681 -5.069839  1.000000 0.000001 0.000000  0.032968 0.606473 1 64 1.000000
lowpoly_plastic
0  -2.705165 0.997238 -5.645844  -0.000004 -0.500000 0.866026  0.051731 0.676429 1 64 1.000000
0  -2.546098 0.664681 -5.837844  -0.000004 -0.500000 0.866026  0.051744 0.676404 1 64 1.000000
0  -2.546098 0.997237 -5.645844  -0.000004 -0.500000 0.866026  0.051744 0.676429 1 64 1.000000
lowpoly_plastic
0  -2.705165 0.664681 -5.837844  0.000000 0.500000 0.866025  0.051731 0.676404 1 64 1.000000
0  -2.546098 0.332126 -5.645843  0.000000 0.500000 0.866025  0.051744 0.676377 1 64 1.000000
0  -2.546098 0.664681 -5.837844  0.000000 0.500000 0.866025  0.051744 0.676404 1 64 1.000000
lowpoly_plastic
0  -2.705165 -0.971493 -5.645843  0.000000 -0.500001 0.866025  0.051848 0.676445 1 64 1.000000
0  -2.546097 -1.304049 -5.837844  0.000000 -0.500001 0.866025  0.051861 0.676420 1 64 1.000000
0  -2.546097 -0.971493 -5.645843  0.000000 -0.500001 0.866025  0.051861 0.676445 1 64 1.000000
lowpoly_plastic
0  -2.705165 0.012873 -5.261840  0.000000 -1.000000 0.000002  0.053258 0.676389 1 64 1.000000
0  -2.546098 0.012872 -5.645843  0.000000 -1.000000 0.000002  0.053270 0.676358 1 64 1.000000
0  -2.546098 0.012873 -5.261840  0.000000 -1.000000 0.000002  0.053270 0.676389 1 64 1.000000
lowpoly_plastic
0  -2.705165 -1.304049 -5.069839  0.000000 -0.499999 -0.866026  0.051282 0.676433 1 64 1.000000
0  -2.546097 -0.971493 -5.261840  0.000000 -0.499999 -0.866026  0.051269 0.676460 1 64 1.000000
0  -2.546097 -1.304049 -5.069839  0.000000 -0.499999 -0.866026  0.051269 0.676433 1 64 1.000000
lowpoly_metal
0  -2.705164 -2.744834 -6.026567  -1.000000 0.000000 0.000001  0.032755 0.606218 1 64 1.000000
0  -2.705164 -1.304049 -5.837844  -1.000000 0.000000 0.000001  0.032788 0.606329 1 64 1.000000
0  -2.705165 -0.319684 -5.837844  -1.000000 0.000000 0.000001  0.032800 0.606406 1 64 1.000000
lowpoly_plastic
0  -2.705165 0.997237 -5.261840  0.000000 -1.000000 0.000000  0.051676 0.676470 1 64 1.000000
0  -2.546098 0.997237 -5.645844  0.000000 -1.000000 0.000000  0.051688 0.676439 1 64 1.000000
0  -2.546098 0.997237 -5.261840  0.000000 -1.000000 0.000000  0.051688 0.676470 1 64 1.000000
lowpoly_plastic
0  -2.705165 0.332126 -5.261841  0.000000 0.500000 -0.866025  0.051571 0.676413 1 64 1.000000
0  -2.546098 0.664681 -5.069839  0.000000 0.500000 -0.866025  0.051558 0.676437 1 64 1.000000
0  -2.546098 0.332126 -5.261841  0.000000 0.500000 -0.866025  0.051558 0.676413 1 64 1.000000
lowpoly_plastic
0  -2.705165 0.332126 -5.645843  0.000000 1.000000 -0.000000  0.053233 0.675037 1 64 1.000000
0  -2.546098 0.332126 -5.261841  0.000000 1.000000 -0.000000  0.053220 0.675067 1 64 1.000000
0  -2.546098 0.332126 -5.645843  0.000000 1.000000 -0.000000  0.053220 0.675037 1 64 1.000000
lowpoly_plastic
0  -2.705165 -0.971493 -5.261840  0.000000 -1.000000 0.000000  0.053258 0.674615 1 64 1.000000
0  -2.546097 -0.971493 -5.645843  0.000000 -1.000000 0.000000  0.053271 0.674585 1 64 1.000000
0  -2.546097 -0.971493 -5.261840  0.000000 -1.000000 0.000000  0.053271 0.674615 1 64 1.000000
lowpoly_plastic
0  -2.705165 -0.319684 -5.837844  0.000000 0.500002 0.866024  0.051001 0.676190 1 64 1.000000
0  -2.546097 -0.652240 -5.645843  0.000000 0.500002 0.866024  0.051013 0.676163 1 64 1.000000
0  -2.546097 -0.319684 -5.837844  0.000000 0.500002 0.866024  0.051013 0.676190 1 64 1.000000
lowpoly_plastic
0  -2.705164 -1.304049 -5.837844  0.000000 0.500001 0.866025  0.051848 0.676420 1 64 1.000000
0  -2.546097 -1.636605 -5.645843  0.000000 0.500001 0.866025  0.051861 0.676393 1 64 1.000000
0  -2.546097 -1.304049 -5.837844  0.000000 0.500001 0.866025  0.051861 0.676420 1 64 1.000000
lowpoly_plastic
0  -2.705165 -1.636605 -5.261840  0.000000 0.499998 -0.866026  0.051282 0.676408 1 64 1.000000
0  -2.546097 -1.304049 -5.069839  0.000000 0.499998 -0.866026  0.051269 0.676433 1 64 1.000000
0  -2.546097 -1.636605 -5.261840  0.000000 0.499998 -0.866026  0.051269 0.676408 1 64 1.000000
lowpoly_plastic
0  -2.705165 -0.652239 -5.261840  0.000000 0.500000 -0.866025  0.053107 0.674745 1 64 1.000000
0  -2.546098 -0.319684 -5.069839  0.000000 0.500000 -0.866025  0.053095 0.674769 1 64 1.000000
0  -2.546097 -0.652239 -5.261840  0.000000 0.500000 -0.866025  0.053095 0.674745 1 64 1.000000
lowpoly_plastic
0  -2.705165 -0.319684 -5.069839  0.000000 -0.500000 -0.866025  0.053107 0.674769 1 64 1.000000
0  -2.546098 0.012873 -5.261840  0.000000 -0.500000 -0.866025  0.053095 0.674797 1 64 1.000000
0  -2.546098 -0.319684 -5.069839  0.000000 -0.500000 -0.866025  0.053095 0.674769 1 64 1.000000
lowpoly_plastic
0  -2.705164 -1.955859 -5.645843  0.000000 -0.500000 0.866025  0.053039 0.674494 1 64 1.000000
0  -2.546097 -2.288414 -5.837844  0.000000 -0.500000 0.866025  0.053052 0.674469 1 64 1.000000
0  -2.546097 -1.955859 -5.645843  0.000000 -0.500000 0.866025  0.053052 0.674494 1 64 1.000000
lowpoly_plastic
0  -2.705165 -0.652240 -5.645843  0.000000 1.000000 -0.000001  0.053246 0.675037 1 64 1.000000
0  -2.546097 -0.652239 -5.261840  0.000000 1.000000 -0.000001  0.053233 0.675067 1 64 1.000000
0  -2.546097 -0.652240 -5.645843  0.000000 1.000000 -0.000001  0.053233 0.675037 1 64 1.000000
lowpoly_plastic
0  -2.705165 0.012872 -5.645843  0.000000 -0.500000 0.866025  0.051001 0.676215 1 64 1.000000
0  -2.546097 -0.319684 -5.837844  0.000000 -0.500000 0.866025  0.051013 0.676190 1 64 1.000000
0  -2.546098 0.012872 -5.645843  0.000000 -0.500000 0.866025  0.051013 0.676215 1 64 1.000000
lowpoly_plastic
0  -2.705165 0.664681 -5.069839  -0.000004 -0.500000 -0.866026  0.051571 0.676437 1 64 1.000000
0  -2.546098 0.997237 -5.261840  -0.000004 -0.500000 -0.866026  0.051558 0.676465 1 64 1.000000
0  -2.546098 0.664681 -5.069839  -0.000004 -0.500000 -0.866026  0.051558 0.676437 1 64 1.000000
lowpoly_plastic
0  -2.705164 -1.636605 -5.645843  0.000000 1.000000 0.000000  0.053263 0.675532 1 64 1.000000
0  -2.546097 -1.636605 -5.261840  0.000000 1.000000 0.000000  0.053251 0.675562 1 64 1.000000
0  -2.546097 -1.636605 -5.645843  0.000000 1.000000 0.000000  0.053251 0.675532 1 64 1.000000
lowpoly_plastic
0  -2.705164 -1.955859 -5.261840  0.000003 -1.000000 -0.000001  0.050970 0.676471 1 64 1.000000
0  -2.546097 -1.955859 -5.645843  0.000003 -1.000000 -0.000001  0.050983 0.676440 1 64 1.000000
0  -2.546097 -1.955859 -5.261840  0.000003 -1.000000 -0.000001  0.050983 0.676471 1 64 1.000000
lowpoly_metal
0  -2.705164 -2.699100 -4.956304  0.000003 -0.002233 -0.999998  0.032418 0.607044 1 64 1.000000
0  -3.031637 1.010027 -4.964588  0.000003 -0.002233 -0.999998  0.032444 0.607336 1 64 1.000000
0  -2.705165 1.010027 -4.964588  0.000003 -0.002233 -0.999998  0.032418 0.607336 1 64 1.000000
lowpoly_metal
0  -2.705166 2.973642 -4.729519  0.000000 0.002199 0.999998  0.033200 0.607656 1 64 1.000000
0  -3.031637 1.014049 -4.725210  0.000000 0.002199 0.999998  0.033174 0.607501 1 64 1.000000
0  -2.705165 1.014049 -4.725210  0.000000 0.002199 0.999998  0.033200 0.607501 1 64 1.000000
lowpoly_metal
0  -3.031636 -2.699100 -4.956304  0.000000 -0.002234 -0.999997  0.032444 0.607044 1 64 1.000000
0  -3.368151 1.010027 -4.964588  0.000000 -0.002234 -0.999997  0.032471 0.607336 1 64 1.000000
0  -3.031637 1.010027 -4.964588  0.000000 -0.002234 -0.999997  0.032444 0.607336 1 64 1.000000
lowpoly_metal
0  -2.546097 -2.688876 -4.717068  0.000000 0.002199 0.999998  0.033212 0.607208 1 64 1.000000
0  -2.705165 1.014049 -4.725210  0.000000 0.002199 0.999998  0.033200 0.607501 1 64 1.000000
0  -2.705165 -2.688876 -4.717068  0.000000 0.002199 0.999998  0.033200 0.607208 1 64 1.000000
lowpoly_metal
0  -2.546097 -2.699100 -4.956304  1.000000 0.000000 -0.000000  0.032997 0.606208 1 64 1.000000
0  -2.546098 1.014049 -4.725210  1.000000 0.000000 -0.000000  0.032937 0.606497 1 64 1.000000
0  -2.546097 -2.688876 -4.717068  1.000000 0.000000 -0.000000  0.032979 0.606206 1 64 1.000000
lowpoly_metal
0  -3.031637 2.972901 -4.968972  -1.000000 -0.000000 0.000000  0.049188 0.675507 1 64 1.000000
0  -3.031637 1.014049 -4.725210  -1.000000 -0.000000 0.000000  0.049207 0.675352 1 64 1.000000
0  -3.031637 2.973642 -4.729519  -1.000000 -0.000000 0.000000  0.049207 0.675507 1 64 1.000000
lowpoly_metal
0  -3.368151 1.014049 -4.725210  0.000000 0.999859 -0.016798  0.049908 0.675663 1 64 1.000000
0  -3.031637 1.010027 -4.964588  0.000000 0.999859 -0.016798  0.049889 0.675690 1 64 1.000000
0  -3.368151 1.010027 -4.964588  0.000000 0.999859 -0.016798  0.049889 0.675663 1 64 1.000000
lowpoly_metal
0  -2.546098 2.969596 -6.040208  0.999917 -0.012851 0.000040  0.033018 0.606665 1 64 1.000000
0  -2.539881 3.456653 -4.974705  0.999917 -0.012851 0.000040  0.032929 0.606691 1 64 1.000000
0  -2.546098 2.972901 -4.968972  0.999917 -0.012851 0.000040  0.032934 0.606653 1 64 1.000000
lowpoly_metal
0  -2.705165 2.969596 -6.040208  -0.999917 0.012852 -0.000040  0.032825 0.606666 1 64 1.000000
0  -2.698948 3.456653 -4.974705  -0.999917 0.012852 -0.000040  0.032915 0.606691 1 64 1.000000
0  -2.698948 3.453346 -6.045940  -0.999917 0.012852 -0.000040  0.032831 0.606704 1 64 1.000000
lowpoly_metal
0  -2.546098 2.969596 -6.040208  0.000000 -0.011848 -0.999930  0.033263 0.606654 1 64 1.000000
0  -2.698948 3.453346 -6.045940  0.000000 -0.011848 -0.999930  0.033275 0.606692 1 64 1.000000
0  -2.539881 3.453346 -6.045940  0.000000 -0.011848 -0.999930  0.033262 0.606692 1 64 1.000000
lowpoly_metal
0  -2.539881 3.456653 -4.974705  0.000000 0.011850 0.999930  0.032589 0.607350 1 64 1.000000
0  -2.705166 2.972901 -4.968972  0.000000 0.011850 0.999930  0.032576 0.607311 1 64 1.000000
0  -2.546098 2.972901 -4.968972  0.000000 0.011850 0.999930  0.032589 0.607311 1 64 1.000000
lowpoly_metal
0  -2.698948 3.453346 -6.045940  0.000000 0.999995 -0.003086  0.033459 0.605978 1 64 1.000000
0  -2.539881 3.456653 -4.974705  0.000000 0.999995 -0.003086  0.033447 0.606063 1 64 1.000000
0  -2.539881 3.453346 -6.045940  0.000000 0.999995 -0.003086  0.033447 0.605978 1 64 1.000000
lowpoly_metal
0  -2.423923 -8.674812 -3.335738  0.000000 -0.499998 0.866027  0.052942 0.688843 1 64 1.000000
0  -4.312377 -8.936879 -3.487042  0.000000 -0.499998 0.866027  0.052986 0.688754 1 64 1.000000
0  -2.423923 -8.936879 -3.487043  0.000000 -0.499998 0.866027  0.052986 0.688843 1 64 1.000000
lowpoly_metal
0  -2.423923 -8.936879 -3.487043  0.000000 -1.000000 0.000000  0.052875 0.688931 1 64 1.000000
0  -4.312377 -8.936879 -3.789651  0.000000 -1.000000 0.000000  0.052897 0.688843 1 64 1.000000
0  -2.423923 -8.936879 -3.789651  0.000000 -1.000000 0.000000  0.052897 0.688931 1 64 1.000000
lowpoly_metal
0  -2.423923 -8.936879 -3.789651  0.000000 -0.500001 -0.866025  0.052897 0.688931 1 64 1.000000
0  -4.312377 -8.674812 -3.940956  0.000000 -0.500001 -0.866025  0.052942 0.688843 1 64 1.000000
0  -2.423923 -8.674812 -3.940956  0.000000 -0.500001 -0.866025  0.052942 0.688931 1 64 1.000000
lowpoly_metal
0  -2.423923 -8.674812 -3.940956  -0.000000 0.500001 -0.866025  0.051788 0.690193 1 64 1.000000
0  -4.312377 -8.412746 -3.789651  -0.000000 0.500001 -0.866025  0.051810 0.690105 1 64 1.000000
0  -2.423923 -8.412745 -3.789651  -0.000000 0.500001 -0.866025  0.051810 0.690193 1 64 1.000000
lowpoly_metal
0  -4.312377 -8.412746 -3.789651  -1.000000 0.000000 0.000000  0.051218 0.690170 1 64 1.000000
0  -4.312377 -8.674812 -3.940956  -1.000000 0.000000 0.000000  0.051256 0.690193 1 64 1.000000
0  -4.312377 -8.936879 -3.789651  -1.000000 0.000000 0.000000  0.051256 0.690237 1 64 1.000000
lowpoly_metal
0  -2.423923 -8.412745 -3.789651  -0.000001 1.000000 0.000000  0.051810 0.690193 1 64 1.000000
0  -4.312377 -8.412746 -3.487042  -0.000001 1.000000 0.000000  0.051854 0.690105 1 64 1.000000
0  -2.423923 -8.412745 -3.487043  -0.000001 1.000000 0.000000  0.051854 0.690193 1 64 1.000000
lowpoly_metal
0  -2.423923 -8.412745 -3.487043  0.000000 0.500001 0.866025  0.051854 0.690193 1 64 1.000000
0  -4.312377 -8.674812 -3.335738  0.000000 0.500001 0.866025  0.051877 0.690105 1 64 1.000000
0  -2.423923 -8.674812 -3.335738  0.000000 0.500001 0.866025  0.051877 0.690193 1 64 1.000000
lowpoly_metal
0  -2.423923 -8.674812 -3.940956  1.000000 0.000000 0.000000  0.052817 0.689822 1 64 1.000000
0  -2.423923 -8.412745 -3.789651  1.000000 0.000000 0.000000  0.052856 0.689800 1 64 1.000000
0  -2.423923 -8.412745 -3.487043  1.000000 0.000000 0.000000  0.052894 0.689822 1 64 1.000000
lowpoly_metal
0  -2.465880 -8.674812 -3.216609  0.000000 -0.499999 0.866026  0.022387 0.627630 1 64 1.000000
0  -4.270420 -9.040049 -3.427478  0.000000 -0.499999 0.866026  0.022431 0.627541 1 64 1.000000
0  -2.465879 -9.040049 -3.427478  0.000000 -0.499999 0.866026  0.022431 0.627630 1 64 1.000000
lowpoly_metal
0  -2.465879 -9.040049 -3.427478  0.000000 -1.000000 0.000000  0.022321 0.627720 1 64 1.000000
0  -4.270421 -9.040049 -3.849216  0.000000 -1.000000 0.000000  0.022343 0.627632 1 64 1.000000
0  -2.465880 -9.040049 -3.849216  0.000000 -1.000000 0.000000  0.022343 0.627720 1 64 1.000000
lowpoly_metal
0  -2.465880 -9.040049 -3.849216  0.000000 -0.500000 -0.866025  0.022343 0.627720 1 64 1.000000
0  -4.270421 -8.674812 -4.060085  0.000000 -0.500000 -0.866025  0.022387 0.627632 1 64 1.000000
0  -2.465880 -8.674812 -4.060085  0.000000 -0.500000 -0.866025  0.022387 0.627720 1 64 1.000000
lowpoly_metal
0  -2.465880 -8.674812 -4.060085  -0.000000 0.499999 -0.866026  0.020531 0.628898 1 64 1.000000
0  -4.270421 -8.309577 -3.849216  -0.000000 0.499999 -0.866026  0.020554 0.628810 1 64 1.000000
0  -2.465880 -8.309577 -3.849216  -0.000000 0.499999 -0.866026  0.020554 0.628898 1 64 1.000000
lowpoly_metal
0  -4.270421 -8.674812 -4.060085  -1.000000 0.000000 0.000000  0.022343 0.627332 1 64 1.000000
0  -4.270421 -9.040049 -3.849216  -1.000000 0.000000 0.000000  0.022343 0.627377 1 64 1.000000
0  -4.270421 -8.674813 -3.216609  -1.000000 0.000000 0.000000  0.022266 0.627377 1 64 1.000000
lowpoly_metal
0  -2.465880 -8.309577 -3.849216  0.000000 1.000000 0.000000  0.020554 0.628898 1 64 1.000000
0  -4.270420 -8.309577 -3.427478  0.000000 1.000000 0.000000  0.020598 0.628810 1 64 1.000000
0  -2.465879 -8.309577 -3.427478  0.000000 1.000000 0.000000  0.020598 0.628898 1 64 1.000000
lowpoly_metal
0  -2.465879 -8.309577 -3.427478  -0.000000 0.500002 0.866024  0.020598 0.628898 1 64 1.000000
0  -4.270421 -8.674813 -3.216609  -0.000000 0.500002 0.866024  0.020620 0.628810 1 64 1.000000
0  -2.465880 -8.674812 -3.216609  -0.000000 0.500002 0.866024  0.020620 0.628898 1 64 1.000000
lowpoly_metal
0  -2.465879 -9.040049 -3.427478  1.000000 0.000000 -0.000000  0.022175 0.628966 1 64 1.000000
0  -2.465880 -8.674812 -4.060085  1.000000 0.000000 -0.000000  0.022136 0.628899 1 64 1.000000
0  -2.465879 -8.309577 -3.427478  1.000000 0.000000 -0.000000  0.022213 0.628899 1 64 1.000000
lowpoly_metal
0  -3.918545 4.409181 -4.792309  -0.000001 0.000000 1.000000  0.008902 0.626832 1 64 1.000000
0  -4.197847 3.283914 -4.792308  -0.000001 0.000000 1.000000  0.008867 0.626842 1 64 1.000000
0  -3.918545 3.282096 -4.792308  -0.000001 0.000000 1.000000  0.008867 0.626832 1 64 1.000000
lowpoly_metal
0  -3.918545 4.409181 -4.792309  0.000000 0.548937 0.835864  0.008902 0.626832 1 64 1.000000
0  -3.918545 4.701138 -4.984046  0.000000 0.548937 0.835864  0.008915 0.626832 1 64 1.000000
0  -4.197847 4.409181 -4.792309  0.000000 0.548937 0.835864  0.008902 0.626842 1 64 1.000000
lowpoly_metal
0  -3.918545 3.282096 -6.655255  1.000000 0.000000 0.000000  0.009611 0.625633 1 64 1.000000
0  -3.918545 3.282096 -4.792308  1.000000 0.000000 0.000000  0.009611 0.625633 1 64 1.000000
0  -3.918545 3.282095 -6.655255  1.000000 0.000000 0.000000  0.009611 0.625633 1 64 1.000000
lowpoly_metal
0  -3.918545 4.701138 -6.621538  0.000000 1.000000 0.000000  0.010720 0.625721 1 64 1.000000
0  -3.368151 4.701138 -4.984046  0.000000 1.000000 0.000000  0.010741 0.625686 1 64 1.000000
0  -3.368151 4.701138 -6.621538  0.000000 1.000000 0.000000  0.010741 0.625721 1 64 1.000000
lowpoly_metal
0  -3.368151 4.409181 -4.792308  0.000000 0.548937 0.835864  0.008902 0.626811 1 64 1.000000
0  -3.918545 4.701138 -4.984046  0.000000 0.548937 0.835864  0.008915 0.626832 1 64 1.000000
0  -3.918545 4.409181 -4.792309  0.000000 0.548937 0.835864  0.008902 0.626832 1 64 1.000000
lowpoly_metal
0  -3.368151 4.409181 -6.655255  0.000000 -1.000000 0.000000  0.027321 0.692310 1 64 1.000000
0  -3.918545 4.409181 -4.792309  0.000000 -1.000000 0.000000  0.027341 0.692241 1 64 1.000000
0  -3.918545 4.409181 -6.655255  0.000000 -1.000000 0.000000  0.027341 0.692310 1 64 1.000000
lowpoly_metal
0  -3.368151 4.701138 -8.401930  0.000000 0.571551 -0.820566  0.010741 0.625759 1 64 1.000000
0  -3.918545 4.409182 -8.605287  0.000000 0.571551 -0.820566  0.010720 0.625772 1 64 1.000000
0  -3.918545 4.701138 -8.401930  0.000000 0.571551 -0.820566  0.010720 0.625759 1 64 1.000000
lowpoly_metal
0  -3.918545 4.409181 -6.655255  1.000000 0.000000 0.000000  0.026989 0.691119 1 64 1.000000
0  -3.918545 3.282096 -4.792308  1.000000 0.000000 0.000000  0.027031 0.691050 1 64 1.000000
0  -3.918545 3.282096 -6.655255  1.000000 0.000000 0.000000  0.027031 0.691119 1 64 1.000000
lowpoly_metal
0  -3.918545 4.409182 -8.605287  -0.812112 0.000000 -0.583502  0.010529 0.625883 1 64 1.000000
0  -3.918545 3.282095 -8.605287  -0.812112 0.000000 -0.583502  0.010487 0.625883 1 64 1.000000
0  -4.197847 3.283914 -8.216557  -0.812112 0.000000 -0.583502  0.010487 0.625869 1 64 1.000000
lowpoly_metal
0  -4.197847 4.409181 -6.655255  -0.722593 0.691273 0.000000  0.010529 0.625811 1 64 1.000000
0  -3.918545 4.701138 -4.984046  -0.722593 0.691273 0.000000  0.010540 0.625749 1 64 1.000000
0  -3.918545 4.701138 -6.621538  -0.722593 0.691273 0.000000  0.010540 0.625810 1 64 1.000000
lowpoly_metal
0  -3.918545 4.701138 -8.401930  -0.752350 0.376517 -0.540560  0.010540 0.625876 1 64 1.000000
0  -3.918545 4.409182 -8.605287  -0.752350 0.376517 -0.540560  0.010529 0.625883 1 64 1.000000
0  -4.197847 4.409181 -8.216557  -0.752350 0.376517 -0.540560  0.010529 0.625869 1 64 1.000000
lowpoly_metal
0  -4.197847 3.283915 -6.655255  -0.006515 -0.999979 0.000000  0.010716 0.625342 1 64 1.000000
0  -3.918545 3.282095 -8.605287  -0.006515 -0.999979 0.000000  0.010706 0.625414 1 64 1.000000
0  -3.918545 3.282095 -6.655255  -0.006515 -0.999979 0.000000  0.010706 0.625342 1 64 1.000000
lowpoly_metal
0  -4.197847 3.283915 -6.655255  -1.000000 0.000000 0.000000  0.010487 0.625811 1 64 1.000000
0  -4.197847 4.409181 -4.792309  -1.000000 0.000000 0.000000  0.010529 0.625742 1 64 1.000000
0  -4.197847 4.409181 -6.655255  -1.000000 0.000000 0.000000  0.010529 0.625811 1 64 1.000000
lowpoly_metal
0  -3.368151 3.282095 -8.605287  0.000000 0.000000 1.000000  0.027089 0.690584 1 64 1.000000
0  -3.918545 4.409182 -8.605287  0.000000 0.000000 1.000000  0.027124 0.690605 1 64 1.000000
0  -3.918545 3.282095 -8.605287  0.000000 0.000000 1.000000  0.027089 0.690605 1 64 1.000000
lowpoly_metal
0  -4.197847 3.283914 -8.216557  -1.000000 0.000000 0.000000  0.010487 0.625869 1 64 1.000000
0  -4.197847 4.409181 -6.655255  -1.000000 0.000000 0.000000  0.010529 0.625811 1 64 1.000000
0  -4.197847 4.409181 -8.216557  -1.000000 0.000000 0.000000  0.010529 0.625869 1 64 1.000000
lowpoly_metal
0  -4.197847 3.283914 -4.792308  -0.006508 -0.999979 0.000000  0.010716 0.625272 1 64 1.000000
0  -3.918545 3.282095 -6.655255  -0.006508 -0.999979 0.000000  0.010706 0.625342 1 64 1.000000
0  -3.918545 3.282096 -4.792308  -0.006508 -0.999979 0.000000  0.010706 0.625272 1 64 1.000000
lowpoly_metal
0  -4.197847 4.409181 -8.216557  -0.722594 0.691273 0.000000  0.010529 0.625869 1 64 1.000000
0  -3.918545 4.701138 -6.621538  -0.722594 0.691273 0.000000  0.010540 0.625810 1 64 1.000000
0  -3.918545 4.701138 -8.401930  -0.722594 0.691273 0.000000  0.010540 0.625876 1 64 1.000000
lowpoly_metal
0  -3.918545 4.409182 -8.605287  1.000000 0.000000 0.000000  0.026989 0.691192 1 64 1.000000
0  -3.918545 3.282096 -6.655255  1.000000 0.000000 0.000000  0.027031 0.691119 1 64 1.000000
0  -3.918545 3.282095 -8.605287  1.000000 0.000000 0.000000  0.027031 0.691192 1 64 1.000000
lowpoly_metal
0  -3.368151 4.409182 -8.605287  0.000000 -1.000000 -0.000000  0.027321 0.692383 1 64 1.000000
0  -3.918545 4.409181 -6.655255  0.000000 -1.000000 -0.000000  0.027341 0.692310 1 64 1.000000
0  -3.918545 4.409182 -8.605287  0.000000 -1.000000 -0.000000  0.027341 0.692383 1 64 1.000000
lowpoly_metal
0  -3.918545 4.701138 -8.401930  0.000000 1.000000 0.000000  0.010720 0.625759 1 64 1.000000
0  -3.368151 4.701138 -6.621538  0.000000 1.000000 0.000000  0.010741 0.625721 1 64 1.000000
0  -3.368151 4.701138 -8.401930  0.000000 1.000000 0.000000  0.010741 0.625759 1 64 1.000000
lowpoly_metal
0  -3.918545 3.282095 -8.605287  0.000000 0.000000 1.000000  0.009611 0.625633 1 64 1.000000
0  -3.918545 3.282095 -6.655255  0.000000 0.000000 1.000000  0.009611 0.625633 1 64 1.000000
0  -3.918545 3.282095 -8.605287  0.000000 0.000000 1.000000  0.009611 0.625633 1 64 1.000000
lowpoly_metal
0  -3.368151 3.282095 -8.605287  0.000000 -1.000000 0.000000  0.010685 0.625414 1 64 1.000000
0  -3.918545 3.282095 -6.655255  0.000000 -1.000000 0.000000  0.010706 0.625342 1 64 1.000000
0  -3.918545 3.282095 -8.605287  0.000000 -1.000000 0.000000  0.010706 0.625414 1 64 1.000000
lowpoly_metal
0  -3.918545 3.282095 -6.655255  0.000000 0.000000 1.000000  0.009500 0.626028 1 64 1.000000
0  -3.368151 3.463050 -6.655255  0.000000 0.000000 1.000000  0.009505 0.626007 1 64 1.000000
0  -3.918545 3.463050 -6.655255  0.000000 0.000000 1.000000  0.009505 0.626028 1 64 1.000000
lowpoly_metal
0  -3.918545 3.463050 -6.655255  0.000000 1.000000 0.000000  0.027341 0.692380 1 64 1.000000
0  -3.368151 3.463050 -8.458685  0.000000 1.000000 0.000000  0.027380 0.692360 1 64 1.000000
0  -3.918545 3.463050 -8.458685  0.000000 1.000000 0.000000  0.027380 0.692380 1 64 1.000000
lowpoly_metal
0  -2.817756 3.282096 -4.792308  0.000000 0.000000 1.000000  0.008867 0.626791 1 64 1.000000
0  -2.538454 3.283914 -4.792308  0.000000 0.000000 1.000000  0.008867 0.626780 1 64 1.000000
0  -2.817756 4.409181 -4.792308  0.000000 0.000000 1.000000  0.008902 0.626791 1 64 1.000000
lowpoly_metal
0  -2.817756 4.409181 -4.792308  0.000000 0.548938 0.835863  0.008902 0.626791 1 64 1.000000
0  -2.538455 4.409181 -4.792308  0.000000 0.548938 0.835863  0.008902 0.626780 1 64 1.000000
0  -2.817756 4.701138 -4.984046  0.000000 0.548938 0.835863  0.008915 0.626791 1 64 1.000000
lowpoly_metal
0  -2.817756 3.282095 -6.655254  0.000000 0.000000 1.000000  0.009611 0.625633 1 64 1.000000
0  -2.817756 3.282096 -4.792308  0.000000 0.000000 1.000000  0.009611 0.625633 1 64 1.000000
0  -2.817756 3.282096 -4.792308  0.000000 0.000000 1.000000  0.009611 0.625633 1 64 1.000000
lowpoly_metal
0  -2.817756 4.701138 -6.621538  0.000000 1.000000 0.000000  0.010761 0.625721 1 64 1.000000
0  -3.368151 4.701138 -4.984046  0.000000 1.000000 0.000000  0.010741 0.625686 1 64 1.000000
0  -2.817756 4.701138 -4.984046  0.000000 1.000000 0.000000  0.010761 0.625686 1 64 1.000000
lowpoly_metal
0  -3.368151 4.409181 -4.792308  0.000000 0.548938 0.835863  0.008902 0.626811 1 64 1.000000
0  -2.817756 4.701138 -4.984046  0.000000 0.548938 0.835863  0.008915 0.626791 1 64 1.000000
0  -3.368151 4.701138 -4.984046  0.000000 0.548938 0.835863  0.008915 0.626811 1 64 1.000000
lowpoly_metal
0  -3.368151 4.409181 -6.655255  0.000000 -1.000000 0.000000  0.027321 0.692310 1 64 1.000000
0  -2.817756 4.409181 -4.792308  0.000000 -1.000000 0.000000  0.027300 0.692241 1 64 1.000000
0  -3.368151 4.409181 -4.792308  0.000000 -1.000000 0.000000  0.027321 0.692241 1 64 1.000000
lowpoly_metal
0  -3.368151 4.701138 -8.401930  0.000000 0.571550 -0.820567  0.010741 0.625759 1 64 1.000000
0  -2.817756 4.409182 -8.605287  0.000000 0.571550 -0.820567  0.010761 0.625772 1 64 1.000000
0  -3.368151 4.409182 -8.605287  0.000000 0.571550 -0.820567  0.010741 0.625772 1 64 1.000000
lowpoly_metal
0  -2.817756 4.409181 -6.655255  -1.000000 0.000000 -0.000000  0.025695 0.692453 1 64 1.000000
0  -2.817756 3.282096 -4.792308  -1.000000 0.000000 -0.000000  0.025653 0.692384 1 64 1.000000
0  -2.817756 4.409181 -4.792308  -1.000000 0.000000 -0.000000  0.025695 0.692384 1 64 1.000000
lowpoly_metal
0  -2.817756 4.409182 -8.605287  0.812112 0.000000 -0.583502  0.010500 0.626706 1 64 1.000000
0  -2.538454 3.283914 -8.216557  0.812112 0.000000 -0.583502  0.010542 0.626691 1 64 1.000000
0  -2.817756 3.282095 -8.605287  0.812112 0.000000 -0.583502  0.010542 0.626706 1 64 1.000000
lowpoly_metal
0  -2.538455 4.409181 -6.655255  0.722594 0.691273 0.000000  0.010500 0.626633 1 64 1.000000
0  -2.817756 4.701138 -4.984046  0.722594 0.691273 0.000000  0.010489 0.626571 1 64 1.000000
0  -2.538455 4.409181 -4.792308  0.722594 0.691273 0.000000  0.010500 0.626564 1 64 1.000000
lowpoly_metal
0  -2.817756 4.701138 -8.401929  0.752350 0.376518 -0.540559  0.010489 0.626698 1 64 1.000000
0  -2.538455 4.409179 -8.216557  0.752350 0.376518 -0.540559  0.010500 0.626691 1 64 1.000000
0  -2.817756 4.409182 -8.605287  0.752350 0.376518 -0.540559  0.010500 0.626706 1 64 1.000000
lowpoly_metal
0  -2.538454 3.283915 -6.655254  0.006510 -0.999979 0.000001  0.010654 0.625342 1 64 1.000000
0  -2.817756 3.282095 -8.605287  0.006510 -0.999979 0.000001  0.010665 0.625414 1 64 1.000000
0  -2.538454 3.283914 -8.216557  0.006510 -0.999979 0.000001  0.010654 0.625400 1 64 1.000000
lowpoly_metal
0  -2.538454 3.283915 -6.655254  1.000000 0.000000 0.000000  0.010542 0.626633 1 64 1.000000
0  -2.538455 4.409181 -4.792308  1.000000 0.000000 0.000000  0.010500 0.626564 1 64 1.000000
0  -2.538454 3.283914 -4.792308  1.000000 0.000000 0.000000  0.010542 0.626564 1 64 1.000000
lowpoly_metal
0  -3.368151 3.282095 -8.605287  0.000000 0.000000 1.000000  0.027089 0.690584 1 64 1.000000
0  -2.817756 4.409182 -8.605287  0.000000 0.000000 1.000000  0.027124 0.690564 1 64 1.000000
0  -3.368151 4.409182 -8.605287  0.000000 0.000000 1.000000  0.027124 0.690584 1 64 1.000000
lowpoly_metal
0  -2.538454 3.283914 -8.216557  1.000000 0.000000 -0.000000  0.010542 0.626691 1 64 1.000000
0  -2.538455 4.409181 -6.655255  1.000000 0.000000 -0.000000  0.010500 0.626633 1 64 1.000000
0  -2.538454 3.283915 -6.655254  1.000000 0.000000 -0.000000  0.010542 0.626633 1 64 1.000000
lowpoly_metal
0  -2.538454 3.283914 -4.792308  0.006515 -0.999979 -0.000000  0.010654 0.625272 1 64 1.000000
0  -2.817756 3.282095 -6.655254  0.006515 -0.999979 -0.000000  0.010665 0.625342 1 64 1.000000
0  -2.538454 3.283915 -6.655254  0.006515 -0.999979 -0.000000  0.010654 0.625342 1 64 1.000000
lowpoly_metal
0  -2.538455 4.409179 -8.216557  0.722594 0.691273 -0.000001  0.010500 0.626691 1 64 1.000000
0  -2.817756 4.701138 -6.621538  0.722594 0.691273 -0.000001  0.010489 0.626632 1 64 1.000000
0  -2.538455 4.409181 -6.655255  0.722594 0.691273 -0.000001  0.010500 0.626633 1 64 1.000000
lowpoly_metal
0  -2.817756 4.409182 -8.605287  -1.000000 -0.000000 0.000000  0.025695 0.692526 1 64 1.000000
0  -2.817756 3.282095 -6.655254  -1.000000 -0.000000 0.000000  0.025653 0.692453 1 64 1.000000
0  -2.817756 4.409181 -6.655255  -1.000000 -0.000000 0.000000  0.025695 0.692453 1 64 1.000000
lowpoly_metal
0  -3.368151 4.409182 -8.605287  0.000000 -1.000000 -0.000000  0.027321 0.692383 1 64 1.000000
0  -2.817756 4.409181 -6.655255  0.000000 -1.000000 -0.000000  0.027300 0.692310 1 64 1.000000
0  -3.368151 4.409181 -6.655255  0.000000 -1.000000 -0.000000  0.027321 0.692310 1 64 1.000000
lowpoly_metal
0  -2.817756 4.701138 -8.401929  0.000000 1.000000 0.000000  0.010761 0.625759 1 64 1.000000
0  -3.368151 4.701138 -6.621538  0.000000 1.000000 0.000000  0.010741 0.625721 1 64 1.000000
0  -2.817756 4.701138 -6.621538  0.000000 1.000000 0.000000  0.010761 0.625721 1 64 1.000000
lowpoly_metal
0  -2.817756 3.282095 -8.605287  0.000000 0.000000 1.000000  0.009611 0.625633 1 64 1.000000
0  -2.817756 3.282095 -6.655254  0.000000 0.000000 1.000000  0.009611 0.625633 1 64 1.000000
0  -2.817756 3.282095 -6.655254  0.000000 0.000000 1.000000  0.009611 0.625633 1 64 1.000000
lowpoly_metal
0  -3.368151 3.282095 -8.605287  0.000000 -1.000000 0.000000  0.010685 0.625414 1 64 1.000000
0  -2.817756 3.282095 -6.655254  0.000000 -1.000000 0.000000  0.010665 0.625342 1 64 1.000000
0  -3.368151 3.282095 -6.655255  0.000000 -1.000000 0.000000  0.010685 0.625342 1 64 1.000000
lowpoly_metal
0  -2.817756 3.282095 -6.655254  -0.000002 -0.000000 1.000000  0.009500 0.625987 1 64 1.000000
0  -3.368151 3.463050 -6.655255  -0.000002 -0.000000 1.000000  0.009505 0.626007 1 64 1.000000
0  -3.368151 3.282095 -6.655255  -0.000002 -0.000000 1.000000  0.009500 0.626007 1 64 1.000000
lowpoly_metal
0  -2.817756 3.463050 -6.655255  0.000000 1.000000 0.000000  0.027341 0.692340 1 64 1.000000
0  -3.368151 3.463050 -8.458685  0.000000 1.000000 0.000000  0.027380 0.692360 1 64 1.000000
0  -3.368151 3.463050 -6.655255  0.000000 1.000000 0.000000  0.027341 0.692360 1 64 1.000000
lowpoly_metal
0  -2.487655 4.168230 -4.910794  1.000000 -0.000002 0.000000  0.005383 0.595014 1 64 1.000000
0  -2.487655 4.023345 -4.994444  1.000000 -0.000002 0.000000  0.005421 0.594992 1 64 1.000000
0  -2.487655 4.023345 -5.161744  1.000000 -0.000002 0.000000  0.005460 0.595014 1 64 1.000000
lowpoly_metal
0  -2.487655 4.313116 -5.161744  0.000000 0.500002 -0.866024  0.005056 0.594896 1 64 1.000000
0  -2.702263 4.168231 -5.245394  0.000000 0.500002 -0.866024  0.005070 0.594874 1 64 1.000000
0  -2.702263 4.313116 -5.161744  0.000000 0.500002 -0.866024  0.005070 0.594896 1 64 1.000000
lowpoly_metal
0  -2.487654 4.313115 -4.994444  0.000000 1.000000 0.000007  0.005056 0.594940 1 64 1.000000
0  -2.702263 4.313116 -5.161744  0.000000 1.000000 0.000007  0.005070 0.594896 1 64 1.000000
0  -2.702263 4.313115 -4.994444  0.000000 1.000000 0.000007  0.005070 0.594940 1 64 1.000000
lowpoly_metal
0  -2.487655 4.168230 -4.910794  0.000000 0.500002 0.866024  0.005056 0.594962 1 64 1.000000
0  -2.702263 4.313115 -4.994444  0.000000 0.500002 0.866024  0.005070 0.594940 1 64 1.000000
0  -2.702263 4.168230 -4.910794  0.000000 0.500002 0.866024  0.005070 0.594962 1 64 1.000000
lowpoly_metal
0  -2.487655 4.023345 -4.994444  0.000000 -0.500003 0.866024  0.004747 0.595595 1 64 1.000000
0  -2.702263 4.168230 -4.910794  0.000000 -0.500003 0.866024  0.004761 0.595573 1 64 1.000000
0  -2.702263 4.023345 -4.994444  0.000000 -0.500003 0.866024  0.004761 0.595595 1 64 1.000000
lowpoly_metal
0  -2.487655 4.023345 -5.161744  0.000000 -1.000000 0.000000  0.004747 0.595639 1 64 1.000000
0  -2.702263 4.023345 -4.994444  0.000000 -1.000000 0.000000  0.004761 0.595595 1 64 1.000000
0  -2.702263 4.023345 -5.161744  0.000000 -1.000000 0.000000  0.004761 0.595639 1 64 1.000000
lowpoly_metal
0  -2.487654 4.168231 -5.245394  0.000000 -0.499998 -0.866027  0.004747 0.595661 1 64 1.000000
0  -2.702263 4.023345 -5.161744  0.000000 -0.499998 -0.866027  0.004761 0.595639 1 64 1.000000
0  -2.702263 4.168231 -5.245394  0.000000 -0.499998 -0.866027  0.004761 0.595661 1 64 1.000000
lowpoly_metal
0  -2.487655 4.023345 -5.565878  1.000000 0.000000 0.000000  0.005472 0.595683 1 64 1.000000
0  -2.487655 4.023344 -5.733178  1.000000 0.000000 0.000000  0.005510 0.595706 1 64 1.000000
0  -2.487654 4.313116 -5.733178  1.000000 0.000000 0.000000  0.005472 0.595772 1 64 1.000000
lowpoly_metal
0  -2.487654 4.313116 -5.733178  0.000000 0.500001 -0.866025  0.003352 0.595384 1 64 1.000000
0  -2.702263 4.168231 -5.816828  0.000000 0.500001 -0.866025  0.003366 0.595362 1 64 1.000000
0  -2.702263 4.313116 -5.733178  0.000000 0.500001 -0.866025  0.003366 0.595384 1 64 1.000000
lowpoly_metal
0  -2.487654 4.313116 -5.565878  0.000000 1.000000 0.000000  0.003352 0.595429 1 64 1.000000
0  -2.702263 4.313116 -5.733178  0.000000 1.000000 0.000000  0.003366 0.595384 1 64 1.000000
0  -2.702263 4.313116 -5.565878  0.000000 1.000000 0.000000  0.003366 0.595429 1 64 1.000000
lowpoly_metal
0  -2.487654 4.168230 -5.482228  0.000000 0.499998 0.866027  0.003352 0.595451 1 64 1.000000
0  -2.702263 4.313116 -5.565878  0.000000 0.499998 0.866027  0.003366 0.595429 1 64 1.000000
0  -2.702263 4.168230 -5.482228  0.000000 0.499998 0.866027  0.003366 0.595451 1 64 1.000000
lowpoly_metal
0  -2.487655 4.023345 -5.565878  0.000000 -0.500001 0.866025  0.003352 0.595473 1 64 1.000000
0  -2.702263 4.168230 -5.482228  0.000000 -0.500001 0.866025  0.003366 0.595451 1 64 1.000000
0  -2.702263 4.023345 -5.565878  0.000000 -0.500001 0.866025  0.003366 0.595473 1 64 1.000000
lowpoly_metal
0  -2.487655 4.023344 -5.733178  0.000000 -1.000000 0.000007  0.003352 0.595517 1 64 1.000000
0  -2.702263 4.023345 -5.565878  0.000000 -1.000000 0.000007  0.003366 0.595473 1 64 1.000000
0  -2.702263 4.023344 -5.733178  0.000000 -1.000000 0.000007  0.003366 0.595517 1 64 1.000000
lowpoly_metal
0  -2.487654 4.168231 -5.816828  0.000000 -0.499995 -0.866028  0.003352 0.595539 1 64 1.000000
0  -2.702263 4.023344 -5.733178  0.000000 -0.499995 -0.866028  0.003366 0.595517 1 64 1.000000
0  -2.702263 4.168231 -5.816828  0.000000 -0.499995 -0.866028  0.003366 0.595539 1 64 1.000000
lowpoly_metal
0  -4.284032 3.682742 -5.702755  -0.000000 -0.500001 -0.866025  0.003892 0.596092 1 64 1.000000
0  -2.452270 3.490954 -5.592027  -0.000000 -0.500001 -0.866025  0.003937 0.596003 1 64 1.000000
0  -4.284031 3.490955 -5.592027  -0.000000 -0.500001 -0.866025  0.003937 0.596092 1 64 1.000000
lowpoly_metal
0  -4.284031 3.490955 -5.592027  0.000000 -1.000000 -0.000005  0.005451 0.594585 1 64 1.000000
0  -2.452270 3.490954 -5.370569  0.000000 -1.000000 -0.000005  0.005473 0.594496 1 64 1.000000
0  -4.284032 3.490954 -5.370569  0.000000 -1.000000 -0.000005  0.005473 0.594585 1 64 1.000000
lowpoly_metal
0  -4.284032 3.490954 -5.370569  0.000000 -0.500000 0.866026  0.005473 0.594585 1 64 1.000000
0  -2.452270 3.682742 -5.259840  0.000000 -0.500000 0.866026  0.005517 0.594496 1 64 1.000000
0  -4.284031 3.682742 -5.259840  0.000000 -0.500000 0.866026  0.005517 0.594585 1 64 1.000000
lowpoly_metal
0  -4.284031 3.682742 -5.259840  0.000000 0.500000 0.866026  0.004275 0.595935 1 64 1.000000
0  -2.452271 3.874530 -5.370569  0.000000 0.500000 0.866026  0.004297 0.595847 1 64 1.000000
0  -4.284032 3.874530 -5.370569  0.000000 0.500000 0.866026  0.004297 0.595935 1 64 1.000000
lowpoly_metal
0  -2.452271 3.874530 -5.370569  1.000000 0.000001 -0.000001  0.005390 0.595911 1 64 1.000000
0  -2.452270 3.682742 -5.259840  1.000000 0.000001 -0.000001  0.005428 0.595933 1 64 1.000000
0  -2.452270 3.490954 -5.370569  1.000000 0.000001 -0.000001  0.005428 0.595977 1 64 1.000000
lowpoly_metal
0  -4.284032 3.874530 -5.370569  0.000000 1.000000 -0.000005  0.004297 0.595935 1 64 1.000000
0  -2.452270 3.874529 -5.592027  0.000000 1.000000 -0.000005  0.004341 0.595847 1 64 1.000000
0  -4.284032 3.874529 -5.592027  0.000000 1.000000 -0.000005  0.004341 0.595935 1 64 1.000000
lowpoly_metal
0  -4.284032 3.874529 -5.592027  0.000000 0.500002 -0.866024  0.004341 0.595935 1 64 1.000000
0  -2.452270 3.682742 -5.702755  0.000000 0.500002 -0.866024  0.004363 0.595847 1 64 1.000000
0  -4.284032 3.682742 -5.702755  0.000000 0.500002 -0.866024  0.004363 0.595935 1 64 1.000000
lowpoly_metal
0  -4.284031 3.490955 -5.592027  -1.000000 -0.000004 0.000001  0.003870 0.596001 1 64 1.000000
0  -4.284031 3.682742 -5.259840  -1.000000 -0.000004 0.000001  0.003832 0.595935 1 64 1.000000
0  -4.284032 3.874529 -5.592027  -1.000000 -0.000004 0.000001  0.003908 0.595935 1 64 1.000000
lowpoly_metal
0  -4.031136 -8.325794 -3.342399  1.000000 -0.000002 0.000000  0.032615 0.605748 1 64 1.000000
0  -4.031136 -8.264027 -3.139086  1.000000 -0.000002 0.000000  0.032598 0.605750 1 64 1.000000
0  -4.031136 -8.603314 -3.048776  1.000000 -0.000002 0.000000  0.032595 0.605722 1 64 1.000000
lowpoly_metal
0  -4.031136 -8.325794 -3.342399  1.000000 0.000001 0.000000  0.032615 0.605748 1 64 1.000000
0  -4.031136 -8.602126 -4.251953  1.000000 0.000001 0.000000  0.032689 0.605737 1 64 1.000000
0  -4.031136 -7.489259 -4.590053  1.000000 0.000001 0.000000  0.032702 0.605829 1 64 1.000000
lowpoly_metal
0  -4.190204 -4.140599 -4.391822  0.000000 0.290691 0.956817  0.033082 0.607092 1 64 1.000000
0  -4.031137 -4.140599 -4.391822  0.000000 0.290691 0.956817  0.033095 0.607092 1 64 1.000000
0  -4.031137 -3.148975 -4.693087  0.000000 0.290691 0.956817  0.033095 0.607172 1 64 1.000000
lowpoly_metal
0  -4.190204 -7.212928 -3.680498  -1.000000 -0.000000 -0.000000  0.033215 0.605839 1 64 1.000000
0  -4.190203 -7.489259 -4.590053  -1.000000 -0.000000 -0.000000  0.033141 0.605828 1 64 1.000000
0  -4.190203 -8.602126 -4.251954  -1.000000 -0.000000 -0.000000  0.033155 0.605737 1 64 1.000000
lowpoly_metal
0  -4.031136 -8.264027 -3.139086  0.000000 0.290690 0.956817  0.033095 0.606758 1 64 1.000000
0  -4.031137 -7.151160 -3.477186  0.000000 0.290690 0.956817  0.033095 0.606848 1 64 1.000000
0  -4.190204 -7.151160 -3.477186  0.000000 0.290690 0.956817  0.033082 0.606848 1 64 1.000000
lowpoly_metal
0  -4.031136 -7.489259 -4.590053  0.000005 -0.290691 -0.956817  0.033249 0.605817 1 64 1.000000
0  -4.031136 -8.602126 -4.251953  0.000005 -0.290691 -0.956817  0.033249 0.605726 1 64 1.000000
0  -4.190203 -8.602126 -4.251954  0.000005 -0.290691 -0.956817  0.033262 0.605726 1 64 1.000000
lowpoly_metal
0  -4.190203 -8.934310 -4.138264  0.000000 -0.652776 -0.757551  0.033262 0.605699 1 64 1.000000
0  -4.031136 -8.934310 -4.138264  0.000000 -0.652776 -0.757551  0.033249 0.605699 1 64 1.000000
0  -4.031136 -9.197268 -3.911674  0.000000 -0.652776 -0.757551  0.033249 0.605676 1 64 1.000000
lowpoly_metal
0  -4.190204 -8.325794 -3.342399  -1.000000 0.000001 -0.000000  0.033229 0.605748 1 64 1.000000
0  -4.190203 -8.602126 -4.251954  -1.000000 0.000001 -0.000000  0.033155 0.605737 1 64 1.000000
0  -4.190203 -8.934310 -4.138264  -1.000000 0.000001 -0.000000  0.033160 0.605709 1 64 1.000000
lowpoly_metal
0  -4.190203 -8.602126 -4.251954  0.000000 -0.323810 -0.946122  0.033262 0.605726 1 64 1.000000
0  -4.031136 -8.602126 -4.251953  0.000000 -0.323810 -0.946122  0.033249 0.605726 1 64 1.000000
0  -4.031136 -8.934310 -4.138264  0.000000 -0.323810 -0.946122  0.033249 0.605699 1 64 1.000000
lowpoly_metal
0  -4.031136 -8.264027 -3.139086  0.000000 0.257220 0.966353  0.033095 0.606758 1 64 1.000000
0  -4.190204 -8.264027 -3.139086  0.000000 0.257220 0.966353  0.033082 0.606758 1 64 1.000000
0  -4.190204 -8.603314 -3.048776  0.000000 0.257220 0.966353  0.033082 0.606730 1 64 1.000000
lowpoly_metal
0  -4.031136 -8.993441 -3.240763  1.000000 0.000005 0.000000  0.032615 0.605694 1 64 1.000000
0  -4.031136 -8.947878 -3.090795  1.000000 0.000005 0.000000  0.032603 0.605696 1 64 1.000000
0  -4.031136 -9.187168 -3.303621  1.000000 0.000005 0.000000  0.032622 0.605680 1 64 1.000000
lowpoly_metal
0  -4.031136 -8.603314 -3.048776  0.000000 -0.121051 0.992646  0.033095 0.606730 1 64 1.000000
0  -4.190204 -8.603314 -3.048776  0.000000 -0.121051 0.992646  0.033082 0.606730 1 64 1.000000
0  -4.190203 -8.947878 -3.090795  0.000000 -0.121051 0.992646  0.033082 0.606703 1 64 1.000000
lowpoly_metal
0  -4.031136 -8.663785 -3.247817  1.000000 -0.000001 0.000000  0.032611 0.605720 1 64 1.000000
0  -4.031136 -8.603314 -3.048776  1.000000 -0.000001 0.000000  0.032595 0.605722 1 64 1.000000
0  -4.031136 -8.947878 -3.090795  1.000000 -0.000001 0.000000  0.032603 0.605696 1 64 1.000000
lowpoly_metal
0  -4.190204 -8.663785 -3.247817  -1.000000 -0.000001 -0.000000  0.033233 0.605721 1 64 1.000000
0  -4.190203 -8.934310 -4.138264  -1.000000 -0.000001 -0.000000  0.033160 0.605709 1 64 1.000000
0  -4.190203 -9.197268 -3.911674  -1.000000 -0.000001 -0.000000  0.033174 0.605686 1 64 1.000000
lowpoly_metal
0  -4.190203 -9.203712 -3.358079  -0.000001 -0.956818 0.290686  0.033067 0.607912 1 64 1.000000
0  -4.190203 -9.277728 -3.601705  -0.000001 -0.956818 0.290686  0.033067 0.607893 1 64 1.000000
0  -4.031136 -9.277728 -3.601705  -0.000001 -0.956818 0.290686  0.033080 0.607893 1 64 1.000000
lowpoly_metal
0  -4.190203 -8.993441 -3.240763  -1.000000 -0.000002 0.000000  0.033229 0.605695 1 64 1.000000
0  -4.190203 -9.197268 -3.911674  -1.000000 -0.000002 0.000000  0.033174 0.605686 1 64 1.000000
0  -4.190203 -9.277728 -3.601705  -1.000000 -0.000002 0.000000  0.033198 0.605676 1 64 1.000000
lowpoly_metal
0  -4.190203 -9.197268 -3.911674  0.000001 -0.967923 -0.251248  0.033067 0.607868 1 64 1.000000
0  -4.031136 -9.197268 -3.911674  0.000001 -0.967923 -0.251248  0.033080 0.607868 1 64 1.000000
0  -4.031136 -9.277728 -3.601705  0.000001 -0.967923 -0.251248  0.033080 0.607893 1 64 1.000000
lowpoly_metal
0  -4.031136 -8.947878 -3.090795  0.000000 -0.664583 0.747215  0.033080 0.607934 1 64 1.000000
0  -4.190203 -8.947878 -3.090795  0.000000 -0.664583 0.747215  0.033067 0.607934 1 64 1.000000
0  -4.190203 -9.187168 -3.303621  0.000000 -0.664583 0.747215  0.033067 0.607917 1 64 1.000000
lowpoly_metal
0  -4.031136 -3.487075 -5.805953  0.000000 -0.284908 -0.958555  0.033249 0.606143 1 64 1.000000
0  -4.190204 -3.487075 -5.805953  0.000000 -0.284908 -0.958555  0.033262 0.606143 1 64 1.000000
0  -4.190204 -2.744834 -6.026568  0.000000 -0.284908 -0.958555  0.033262 0.606204 1 64 1.000000
lowpoly_metal
0  -4.031136 -4.478700 -5.504689  0.000000 -0.290688 -0.956818  0.033249 0.606062 1 64 1.000000
0  -4.190204 -4.478700 -5.504689  0.000000 -0.290688 -0.956818  0.033262 0.606062 1 64 1.000000
0  -4.190204 -3.487075 -5.805953  0.000000 -0.290688 -0.956818  0.033262 0.606143 1 64 1.000000
lowpoly_metal
0  -4.031137 -4.202368 -4.595134  1.000000 0.000000 0.000000  0.032661 0.606086 1 64 1.000000
0  -4.031136 -4.478700 -5.504689  1.000000 0.000000 0.000000  0.032736 0.606076 1 64 1.000000
0  -4.031136 -3.487075 -5.805953  1.000000 0.000000 0.000000  0.032747 0.606157 1 64 1.000000
lowpoly_metal
0  -4.190204 -4.202368 -4.595134  -1.000000 0.000000 0.000000  0.033178 0.606086 1 64 1.000000
0  -4.190204 -4.140599 -4.391822  -1.000000 0.000000 0.000000  0.033194 0.606089 1 64 1.000000
0  -4.190204 -3.148975 -4.693087  -1.000000 0.000000 0.000000  0.033182 0.606170 1 64 1.000000
lowpoly_metal
0  -4.190205 1.010027 -4.964588  -1.000000 -0.000000 0.000000  0.033208 0.606499 1 64 1.000000
0  -4.190205 1.014049 -4.725211  -1.000000 -0.000000 0.000000  0.033227 0.606497 1 64 1.000000
0  -4.190205 2.973642 -4.729520  -1.000000 -0.000000 0.000000  0.033249 0.606651 1 64 1.000000
lowpoly_metal
0  -4.031137 -3.210744 -4.896399  1.000000 0.000000 0.000000  0.032672 0.606168 1 64 1.000000
0  -4.031136 -3.487075 -5.805953  1.000000 0.000000 0.000000  0.032747 0.606157 1 64 1.000000
0  -4.031137 -2.744834 -6.026568  1.000000 0.000000 0.000000  0.032755 0.606218 1 64 1.000000
lowpoly_metal
0  -4.190204 -3.210744 -4.896399  -1.000000 0.000000 0.000000  0.033165 0.606167 1 64 1.000000
0  -4.190204 -3.148975 -4.693087  -1.000000 0.000000 0.000000  0.033182 0.606170 1 64 1.000000
0  -4.190204 -2.688876 -4.717069  -1.000000 0.000000 0.000000  0.033185 0.606206 1 64 1.000000
lowpoly_metal
0  -4.190204 -3.148975 -4.693087  0.000000 0.052052 0.998644  0.033082 0.607172 1 64 1.000000
0  -4.031137 -3.148975 -4.693087  0.000000 0.052052 0.998644  0.033095 0.607172 1 64 1.000000
0  -4.031137 -2.688876 -4.717068  0.000000 0.052052 0.998644  0.033095 0.607208 1 64 1.000000
lowpoly_metal
0  -4.190205 1.014049 -4.725211  0.000000 0.002199 0.999998  0.033082 0.607501 1 64 1.000000
0  -4.031137 1.014049 -4.725211  0.000000 0.002199 0.999998  0.033095 0.607501 1 64 1.000000
0  -4.031137 2.973642 -4.729520  0.000000 0.002199 0.999998  0.033095 0.607656 1 64 1.000000
lowpoly_metal
0  -4.031137 -2.744834 -6.026568  0.000000 -0.002387 -0.999997  0.033249 0.606204 1 64 1.000000
0  -4.190204 -2.744834 -6.026568  0.000000 -0.002387 -0.999997  0.033262 0.606204 1 64 1.000000
0  -4.190205 2.969596 -6.040208  0.000000 -0.002387 -0.999997  0.033262 0.606654 1 64 1.000000
lowpoly_metal
0  -4.031137 -2.699100 -4.956304  1.000000 0.000000 0.000000  0.032671 0.606208 1 64 1.000000
0  -4.031137 -2.620970 -5.261840  1.000000 0.000000 0.000000  0.032694 0.606218 1 64 1.000000
0  -4.031137 -2.288415 -5.069839  1.000000 0.000000 0.000000  0.032674 0.606242 1 64 1.000000
lowpoly_metal
0  -4.031137 -1.955859 -5.261840  1.000000 0.000000 0.000000  0.032685 0.606270 1 64 1.000000
0  -4.031137 -1.955859 -5.645843  1.000000 0.000000 0.000000  0.032715 0.606275 1 64 1.000000
0  -4.031137 -1.636605 -5.261841  1.000000 0.000000 0.000000  0.032681 0.606295 1 64 1.000000
lowpoly_metal
0  -4.031137 -1.955859 -5.645843  1.000000 0.000000 0.000000  0.032715 0.606275 1 64 1.000000
0  -4.031137 -1.636605 -5.645843  1.000000 0.000000 0.000000  0.032711 0.606300 1 64 1.000000
0  -4.031137 -1.636605 -5.261841  1.000000 0.000000 0.000000  0.032681 0.606295 1 64 1.000000
lowpoly_metal
0  -4.031137 1.010027 -4.964588  1.000000 -0.000000 0.000002  0.032625 0.606499 1 64 1.000000
0  -4.031137 -2.699100 -4.956304  1.000000 -0.000000 0.000002  0.032671 0.606208 1 64 1.000000
0  -4.031137 -1.304049 -5.069839  1.000000 -0.000000 0.000002  0.032662 0.606319 1 64 1.000000
lowpoly_metal
0  -4.031137 -2.699100 -4.956304  1.000000 0.000000 0.000000  0.032671 0.606208 1 64 1.000000
0  -4.031137 -2.288415 -5.069839  1.000000 0.000000 0.000000  0.032674 0.606242 1 64 1.000000
0  -4.031137 -1.304049 -5.069839  1.000000 0.000000 0.000000  0.032662 0.606319 1 64 1.000000
lowpoly_metal
0  -4.031137 2.972901 -4.968972  1.000000 0.000000 -0.000000  0.032601 0.606653 1 64 1.000000
0  -4.031137 1.010027 -4.964588  1.000000 0.000000 -0.000000  0.032625 0.606499 1 64 1.000000
0  -4.031137 0.997237 -5.261841  1.000000 0.000000 -0.000000  0.032648 0.606502 1 64 1.000000
lowpoly_metal
0  -4.031137 0.997238 -5.645844  1.000000 0.000000 0.000000  0.032678 0.606507 1 64 1.000000
0  -4.031137 2.969596 -6.040208  1.000000 0.000000 0.000000  0.032685 0.606666 1 64 1.000000
0  -4.031137 2.972901 -4.968972  1.000000 0.000000 0.000000  0.032601 0.606653 1 64 1.000000
lowpoly_metal
0  -4.031137 0.997237 -5.261841  1.000000 0.000001 0.000000  0.032648 0.606502 1 64 1.000000
0  -4.031137 0.997238 -5.645844  1.000000 0.000001 0.000000  0.032678 0.606507 1 64 1.000000
0  -4.031137 2.972901 -4.968972  1.000000 0.000001 0.000000  0.032601 0.606653 1 64 1.000000
lowpoly_metal
0  -4.031137 -2.288415 -5.069839  1.000000 0.000000 0.000000  0.032674 0.606242 1 64 1.000000
0  -4.031137 -1.955859 -5.261840  1.000000 0.000000 0.000000  0.032685 0.606270 1 64 1.000000
0  -4.031137 -1.304049 -5.069839  1.000000 0.000000 0.000000  0.032662 0.606319 1 64 1.000000
lowpoly_metal
0  -4.031137 -1.955859 -5.261840  1.000000 0.000000 0.000000  0.032685 0.606270 1 64 1.000000
0  -4.031137 -1.636605 -5.261841  1.000000 0.000000 0.000000  0.032681 0.606295 1 64 1.000000
0  -4.031137 -1.304049 -5.069839  1.000000 0.000000 0.000000  0.032662 0.606319 1 64 1.000000
lowpoly_metal
0  -4.031137 0.664681 -5.069839  1.000000 0.000000 0.000000  0.032638 0.606473 1 64 1.000000
0  -4.031137 0.997237 -5.261841  1.000000 0.000000 0.000000  0.032648 0.606502 1 64 1.000000
0  -4.031137 1.010027 -4.964588  1.000000 0.000000 0.000000  0.032625 0.606499 1 64 1.000000
lowpoly_metal
0  -4.031137 0.012872 -5.645844  1.000000 0.000000 0.000001  0.032691 0.606429 1 64 1.000000
0  -4.031137 0.332126 -5.645844  1.000000 0.000000 0.000001  0.032687 0.606454 1 64 1.000000
0  -4.031137 0.012873 -5.261841  1.000000 0.000000 0.000001  0.032661 0.606425 1 64 1.000000
lowpoly_metal
0  -4.031137 0.332126 -5.645844  1.000000 0.000000 0.000001  0.032687 0.606454 1 64 1.000000
0  -4.031137 0.332126 -5.261841  1.000000 0.000000 0.000001  0.032657 0.606450 1 64 1.000000
0  -4.031137 0.012873 -5.261841  1.000000 0.000000 0.000001  0.032661 0.606425 1 64 1.000000
lowpoly_metal
0  -4.031137 -0.319684 -5.069839  1.000000 0.000000 0.000000  0.032650 0.606396 1 64 1.000000
0  -4.031137 0.012873 -5.261841  1.000000 0.000000 0.000000  0.032661 0.606425 1 64 1.000000
0  -4.031137 0.664681 -5.069839  1.000000 0.000000 0.000000  0.032638 0.606473 1 64 1.000000
lowpoly_metal
0  -4.031137 0.012873 -5.261841  1.000000 0.000000 0.000000  0.032661 0.606425 1 64 1.000000
0  -4.031137 0.332126 -5.261841  1.000000 0.000000 0.000000  0.032657 0.606450 1 64 1.000000
0  -4.031137 0.664681 -5.069839  1.000000 0.000000 0.000000  0.032638 0.606473 1 64 1.000000
lowpoly_metal
0  -4.031137 -0.971493 -5.645843  1.000000 0.000000 0.000000  0.032703 0.606352 1 64 1.000000
0  -4.031137 -0.652240 -5.645843  1.000000 0.000000 0.000000  0.032699 0.606377 1 64 1.000000
0  -4.031137 -0.971493 -5.261841  1.000000 0.000000 0.000000  0.032673 0.606348 1 64 1.000000
lowpoly_metal
0  -4.031137 -0.652240 -5.645843  1.000000 0.000000 0.000001  0.032699 0.606377 1 64 1.000000
0  -4.031137 -0.652239 -5.261841  1.000000 0.000000 0.000001  0.032669 0.606373 1 64 1.000000
0  -4.031137 -0.971493 -5.261841  1.000000 0.000000 0.000001  0.032673 0.606348 1 64 1.000000
lowpoly_metal
0  -4.031137 -0.319684 -5.069839  1.000000 0.000000 0.000000  0.032650 0.606396 1 64 1.000000
0  -4.031137 0.664681 -5.069839  1.000000 0.000000 0.000000  0.032638 0.606473 1 64 1.000000
0  -4.031137 1.010027 -4.964588  1.000000 0.000000 0.000000  0.032625 0.606499 1 64 1.000000
lowpoly_metal
0  -4.031137 -0.971493 -5.261841  1.000000 0.000000 0.000003  0.032673 0.606348 1 64 1.000000
0  -4.031137 -0.652239 -5.261841  1.000000 0.000000 0.000003  0.032669 0.606373 1 64 1.000000
0  -4.031137 -1.304049 -5.069839  1.000000 0.000000 0.000003  0.032662 0.606319 1 64 1.000000
lowpoly_metal
0  -4.031137 -0.652239 -5.261841  1.000000 0.000001 -0.000001  0.032669 0.606373 1 64 1.000000
0  -4.031137 -0.319684 -5.069839  1.000000 0.000001 -0.000001  0.032650 0.606396 1 64 1.000000
0  -4.031137 -1.304049 -5.069839  1.000000 0.000001 -0.000001  0.032662 0.606319 1 64 1.000000
lowpoly_metal
0  -4.190205 2.973642 -4.729520  0.000000 0.999995 -0.003094  0.033565 0.606418 1 64 1.000000
0  -4.031137 2.973642 -4.729520  0.000000 0.999995 -0.003094  0.033553 0.606418 1 64 1.000000
0  -4.031137 2.972901 -4.968972  0.000000 0.999995 -0.003094  0.033553 0.606399 1 64 1.000000
lowpoly_metal
0  -4.031137 2.972901 -4.968972  0.000000 0.999995 -0.003086  0.033553 0.606399 1 64 1.000000
0  -4.031137 2.969596 -6.040208  0.000000 0.999995 -0.003086  0.033553 0.606314 1 64 1.000000
0  -4.190205 2.969596 -6.040208  0.000000 0.999995 -0.003086  0.033565 0.606314 1 64 1.000000
lowpoly_metal
0  -4.190205 2.972901 -4.968972  0.000000 0.999995 -0.003095  0.033565 0.606399 1 64 1.000000
0  -4.190205 2.973642 -4.729520  0.000000 0.999995 -0.003095  0.033565 0.606418 1 64 1.000000
0  -4.031137 2.972901 -4.968972  0.000000 0.999995 -0.003095  0.033553 0.606399 1 64 1.000000
lowpoly_metal
0  -4.190204 -7.212928 -3.680498  -1.000000 0.000000 0.000000  0.033215 0.605839 1 64 1.000000
0  -4.190204 -7.151160 -3.477186  -1.000000 0.000000 0.000000  0.033232 0.605842 1 64 1.000000
0  -4.190204 -4.140599 -4.391822  -1.000000 0.000000 0.000000  0.033194 0.606089 1 64 1.000000
lowpoly_metal
0  -4.031136 -7.212928 -3.680498  1.000000 0.000000 0.000000  0.032627 0.605839 1 64 1.000000
0  -4.031136 -7.489259 -4.590053  1.000000 0.000000 0.000000  0.032702 0.605829 1 64 1.000000
0  -4.031136 -4.478700 -5.504689  1.000000 0.000000 0.000000  0.032736 0.606076 1 64 1.000000
lowpoly_metal
0  -4.031136 -7.489259 -4.590053  0.000000 -0.290690 -0.956817  0.033249 0.605817 1 64 1.000000
0  -4.190203 -7.489259 -4.590053  0.000000 -0.290690 -0.956817  0.033262 0.605817 1 64 1.000000
0  -4.190204 -4.478700 -5.504689  0.000000 -0.290690 -0.956817  0.033262 0.606062 1 64 1.000000
lowpoly_metal
0  -4.190204 -7.151160 -3.477186  0.000000 0.290689 0.956817  0.033082 0.606848 1 64 1.000000
0  -4.031137 -7.151160 -3.477186  0.000000 0.290689 0.956817  0.033095 0.606848 1 64 1.000000
0  -4.031137 -4.140599 -4.391822  0.000000 0.290689 0.956817  0.033095 0.607092 1 64 1.000000
lowpoly_metal
0  -4.031137 -7.151160 -3.477186  1.000000 0.000000 0.000002  0.032611 0.605841 1 64 1.000000
0  -4.031136 -7.212928 -3.680498  1.000000 0.000000 0.000002  0.032627 0.605839 1 64 1.000000
0  -4.031137 -4.202368 -4.595134  1.000000 0.000000 0.000002  0.032661 0.606086 1 64 1.000000
lowpoly_metal
0  -4.190203 -7.489259 -4.590053  -1.000000 0.000000 -0.000000  0.033141 0.605828 1 64 1.000000
0  -4.190204 -7.212928 -3.680498  -1.000000 0.000000 -0.000000  0.033215 0.605839 1 64 1.000000
0  -4.190204 -4.202368 -4.595134  -1.000000 0.000000 -0.000000  0.033178 0.606086 1 64 1.000000
lowpoly_metal
0  -3.704665 -3.210744 -4.896399  0.000000 -0.116289 -0.993215  0.032497 0.607003 1 64 1.000000
0  -3.704665 -2.699100 -4.956304  0.000000 -0.116289 -0.993215  0.032497 0.607044 1 64 1.000000
0  -3.368150 -2.699100 -4.956304  0.000000 -0.116289 -0.993215  0.032471 0.607044 1 64 1.000000
lowpoly_metal
0  -4.190204 -3.487075 -5.805953  -1.000000 0.000000 0.000000  0.033091 0.606156 1 64 1.000000
0  -4.190204 -3.210744 -4.896399  -1.000000 0.000000 0.000000  0.033165 0.606167 1 64 1.000000
0  -4.190204 -2.699100 -4.956304  -1.000000 0.000000 0.000000  0.033167 0.606208 1 64 1.000000
lowpoly_metal
0  -3.704665 -3.148975 -4.693087  0.001587 0.292470 0.956273  0.033120 0.607172 1 64 1.000000
0  -3.799759 -3.667665 -4.534291  0.001587 0.292470 0.956273  0.033113 0.607130 1 64 1.000000
0  -3.368150 -3.423935 -4.609551  0.001587 0.292470 0.956273  0.033147 0.607149 1 64 1.000000
lowpoly_metal
0  -4.190204 -2.744834 -6.026568  -1.000000 -0.000002 0.000000  0.033082 0.606217 1 64 1.000000
0  -4.190204 -2.699100 -4.956304  -1.000000 -0.000002 0.000000  0.033167 0.606208 1 64 1.000000
0  -4.190204 -2.620970 -5.261841  -1.000000 -0.000002 0.000000  0.033143 0.606218 1 64 1.000000
lowpoly_metal
0  -4.190204 -2.744834 -6.026568  -1.000000 0.000000 -0.000001  0.033082 0.606217 1 64 1.000000
0  -4.190204 -2.620970 -5.261841  -1.000000 0.000000 -0.000001  0.033143 0.606218 1 64 1.000000
0  -4.190204 -2.620970 -5.645843  -1.000000 0.000000 -0.000001  0.033113 0.606222 1 64 1.000000
lowpoly_metal
0  -4.190204 0.664681 -5.837845  -1.000000 -0.000000 0.000000  0.033136 0.606482 1 64 1.000000
0  -4.190204 0.997237 -5.645844  -1.000000 -0.000000 0.000000  0.033155 0.606506 1 64 1.000000
0  -4.190205 2.969596 -6.040208  -1.000000 -0.000000 0.000000  0.033146 0.606665 1 64 1.000000
lowpoly_metal
0  -4.190204 0.012873 -5.261841  -1.000000 0.000000 0.000000  0.033173 0.606424 1 64 1.000000
0  -4.190204 0.332126 -5.261841  -1.000000 0.000000 0.000000  0.033177 0.606449 1 64 1.000000
0  -4.190204 0.332126 -5.645844  -1.000000 0.000000 0.000000  0.033147 0.606454 1 64 1.000000
lowpoly_metal
0  -4.190204 0.664681 -5.837845  -1.000000 0.000000 0.000002  0.033136 0.606482 1 64 1.000000
0  -4.190205 2.969596 -6.040208  -1.000000 0.000000 0.000002  0.033146 0.606665 1 64 1.000000
0  -4.190204 -0.319684 -5.837845  -1.000000 0.000000 0.000002  0.033124 0.606405 1 64 1.000000
lowpoly_metal
0  -4.190205 2.969596 -6.040208  -1.000000 -0.000000 -0.000000  0.033146 0.606665 1 64 1.000000
0  -4.190204 -2.744834 -6.026568  -1.000000 -0.000000 -0.000000  0.033082 0.606217 1 64 1.000000
0  -4.190204 -0.319684 -5.837845  -1.000000 -0.000000 -0.000000  0.033124 0.606405 1 64 1.000000
lowpoly_metal
0  -4.190204 0.012872 -5.645844  -1.000000 0.000000 0.000000  0.033143 0.606429 1 64 1.000000
0  -4.190204 0.012873 -5.261841  -1.000000 0.000000 0.000000  0.033173 0.606424 1 64 1.000000
0  -4.190204 0.332126 -5.645844  -1.000000 0.000000 0.000000  0.033147 0.606454 1 64 1.000000
lowpoly_metal
0  -4.190204 -2.744834 -6.026568  -1.000000 0.000000 0.000000  0.033082 0.606217 1 64 1.000000
0  -4.190204 -2.620970 -5.645843  -1.000000 0.000000 0.000000  0.033113 0.606222 1 64 1.000000
0  -4.190204 -2.288414 -5.837844  -1.000000 0.000000 0.000000  0.033102 0.606250 1 64 1.000000
lowpoly_metal
0  -4.190204 0.012872 -5.645844  -1.000000 0.000000 0.000000  0.033143 0.606429 1 64 1.000000
0  -4.190204 0.332126 -5.645844  -1.000000 0.000000 0.000000  0.033147 0.606454 1 64 1.000000
0  -4.190204 -0.319684 -5.837845  -1.000000 0.000000 0.000000  0.033124 0.606405 1 64 1.000000
lowpoly_metal
0  -4.190204 0.332126 -5.645844  -1.000000 0.000000 0.000000  0.033147 0.606454 1 64 1.000000
0  -4.190204 0.664681 -5.837845  -1.000000 0.000000 0.000000  0.033136 0.606482 1 64 1.000000
0  -4.190204 -0.319684 -5.837845  -1.000000 0.000000 0.000000  0.033124 0.606405 1 64 1.000000
lowpoly_metal
0  -4.190204 -1.955859 -5.261841  -1.000000 0.000000 0.000000  0.033151 0.606270 1 64 1.000000
0  -4.190204 -2.270501 -5.080182  -1.000000 0.000000 0.000000  0.033162 0.606243 1 64 1.000000
0  -4.190204 -1.636605 -5.261841  -1.000000 0.000000 0.000000  0.033155 0.606295 1 64 1.000000
lowpoly_metal
0  -4.190204 -1.955859 -5.261841  -1.000000 0.000000 0.000000  0.033151 0.606270 1 64 1.000000
0  -4.190204 -1.636605 -5.261841  -1.000000 0.000000 0.000000  0.033155 0.606295 1 64 1.000000
0  -4.190204 -1.636605 -5.645843  -1.000000 0.000000 0.000000  0.033124 0.606299 1 64 1.000000
lowpoly_metal
0  -4.190204 -1.955859 -5.645844  -1.000000 0.000000 0.000000  0.033121 0.606274 1 64 1.000000
0  -4.190204 -1.955859 -5.261841  -1.000000 0.000000 0.000000  0.033151 0.606270 1 64 1.000000
0  -4.190204 -1.636605 -5.645843  -1.000000 0.000000 0.000000  0.033124 0.606299 1 64 1.000000
lowpoly_metal
0  -4.190204 -1.955859 -5.645844  -1.000000 0.000002 0.000000  0.033121 0.606274 1 64 1.000000
0  -4.190204 -1.636605 -5.645843  -1.000000 0.000002 0.000000  0.033124 0.606299 1 64 1.000000
0  -4.190204 -1.304049 -5.837845  -1.000000 0.000002 0.000000  0.033113 0.606328 1 64 1.000000
lowpoly_metal
0  -4.190204 -2.288414 -5.837844  -1.000000 -0.000001 -0.000002  0.033102 0.606250 1 64 1.000000
0  -4.190204 -1.955859 -5.645844  -1.000000 -0.000001 -0.000002  0.033121 0.606274 1 64 1.000000
0  -4.190204 -1.304049 -5.837845  -1.000000 -0.000001 -0.000002  0.033113 0.606328 1 64 1.000000
lowpoly_metal
0  -4.190204 -0.971493 -5.645844  -1.000000 -0.000002 0.000000  0.033132 0.606351 1 64 1.000000
0  -4.190204 -0.971493 -5.261841  -1.000000 -0.000002 0.000000  0.033162 0.606347 1 64 1.000000
0  -4.190205 -0.652240 -5.645844  -1.000000 -0.000002 0.000000  0.033136 0.606377 1 64 1.000000
lowpoly_metal
0  -4.190204 -0.971493 -5.261841  -1.000000 0.000000 0.000001  0.033162 0.606347 1 64 1.000000
0  -4.190204 -0.652239 -5.261841  -1.000000 0.000000 0.000001  0.033166 0.606372 1 64 1.000000
0  -4.190205 -0.652240 -5.645844  -1.000000 0.000000 0.000001  0.033136 0.606377 1 64 1.000000
lowpoly_metal
0  -4.190204 -2.744834 -6.026568  -1.000000 -0.000000 0.000001  0.033082 0.606217 1 64 1.000000
0  -4.190204 -2.288414 -5.837844  -1.000000 -0.000000 0.000001  0.033102 0.606250 1 64 1.000000
0  -4.190204 -1.304049 -5.837845  -1.000000 -0.000000 0.000001  0.033113 0.606328 1 64 1.000000
lowpoly_metal
0  -4.190204 -1.304049 -5.837845  -1.000000 -0.000002 0.000003  0.033113 0.606328 1 64 1.000000
0  -4.190204 -0.971493 -5.645844  -1.000000 -0.000002 0.000003  0.033132 0.606351 1 64 1.000000
0  -4.190205 -0.652240 -5.645844  -1.000000 -0.000002 0.000003  0.033136 0.606377 1 64 1.000000
lowpoly_metal
0  -4.190204 -1.304049 -5.837845  -1.000000 0.000000 -0.000002  0.033113 0.606328 1 64 1.000000
0  -4.190205 -0.652240 -5.645844  -1.000000 0.000000 -0.000002  0.033136 0.606377 1 64 1.000000
0  -4.190204 -0.319684 -5.837845  -1.000000 0.000000 -0.000002  0.033124 0.606405 1 64 1.000000
lowpoly_metal
0  -4.190204 -4.478700 -5.504689  -1.000000 0.000000 0.000000  0.033103 0.606075 1 64 1.000000
0  -4.190204 -4.202368 -4.595134  -1.000000 0.000000 0.000000  0.033178 0.606086 1 64 1.000000
0  -4.190204 -3.210744 -4.896399  -1.000000 0.000000 0.000000  0.033165 0.606167 1 64 1.000000
lowpoly_metal
0  -3.799759 -3.667665 -4.534291  0.508792 -0.823714 0.250253  0.032499 0.607769 1 64 1.000000
0  -3.799759 -3.729433 -4.737603  0.508792 -0.823714 0.250253  0.032515 0.607769 1 64 1.000000
0  -3.368150 -3.485703 -4.812863  0.508792 -0.823714 0.250253  0.032520 0.607803 1 64 1.000000
lowpoly_metal
0  -4.190203 -8.947878 -3.090795  -1.000000 0.000000 0.000000  0.033242 0.605696 1 64 1.000000
0  -4.190203 -8.993441 -3.240763  -1.000000 0.000000 0.000000  0.033229 0.605695 1 64 1.000000
0  -4.190203 -9.203712 -3.358079  -1.000000 0.000000 0.000000  0.033218 0.605679 1 64 1.000000
lowpoly_metal
0  -4.190203 -9.187168 -3.303621  0.000000 -0.956819 0.290684  0.033067 0.607917 1 64 1.000000
0  -4.190203 -9.203712 -3.358079  0.000000 -0.956819 0.290684  0.033067 0.607912 1 64 1.000000
0  -4.031136 -9.203712 -3.358079  0.000000 -0.956819 0.290684  0.033080 0.607912 1 64 1.000000
lowpoly_metal
0  -4.190204 -8.603314 -3.048776  -1.000000 0.000000 0.000000  0.033249 0.605723 1 64 1.000000
0  -4.190204 -8.663785 -3.247817  -1.000000 0.000000 0.000000  0.033233 0.605721 1 64 1.000000
0  -4.190203 -8.993441 -3.240763  -1.000000 0.000000 0.000000  0.033229 0.605695 1 64 1.000000
lowpoly_metal
0  -4.031136 -8.934310 -4.138264  1.000000 0.000000 0.000001  0.032685 0.605710 1 64 1.000000
0  -4.031136 -8.663785 -3.247817  1.000000 0.000000 0.000001  0.032611 0.605720 1 64 1.000000
0  -4.031136 -8.993441 -3.240763  1.000000 0.000000 0.000001  0.032615 0.605694 1 64 1.000000
lowpoly_metal
0  -4.031136 -9.197268 -3.911674  1.000000 0.000001 0.000001  0.032670 0.605687 1 64 1.000000
0  -4.031136 -8.993441 -3.240763  1.000000 0.000001 0.000001  0.032615 0.605694 1 64 1.000000
0  -4.031136 -9.203712 -3.358079  1.000000 0.000001 0.000001  0.032627 0.605679 1 64 1.000000
lowpoly_metal
0  -4.190204 -8.264027 -3.139086  -1.000000 0.000000 0.000000  0.033246 0.605751 1 64 1.000000
0  -4.190204 -8.325794 -3.342399  -1.000000 0.000000 0.000000  0.033229 0.605748 1 64 1.000000
0  -4.190204 -8.663785 -3.247817  -1.000000 0.000000 0.000000  0.033233 0.605721 1 64 1.000000
lowpoly_metal
0  -4.190204 -7.151160 -3.477186  -1.000000 0.000001 0.000000  0.033232 0.605842 1 64 1.000000
0  -4.190204 -7.212928 -3.680498  -1.000000 0.000001 0.000000  0.033215 0.605839 1 64 1.000000
0  -4.190204 -8.325794 -3.342399  -1.000000 0.000001 0.000000  0.033229 0.605748 1 64 1.000000
lowpoly_metal
0  -4.031136 -8.264027 -3.139086  1.000000 0.000000 0.000000  0.032598 0.605750 1 64 1.000000
0  -4.031136 -8.325794 -3.342399  1.000000 0.000000 0.000000  0.032615 0.605748 1 64 1.000000
0  -4.031136 -7.212928 -3.680498  1.000000 0.000000 0.000000  0.032627 0.605839 1 64 1.000000
lowpoly_metal
0  -4.031136 -8.602126 -4.251953  1.000000 0.000001 0.000000  0.032689 0.605737 1 64 1.000000
0  -4.031136 -8.325794 -3.342399  1.000000 0.000001 0.000000  0.032615 0.605748 1 64 1.000000
0  -4.031136 -8.663785 -3.247817  1.000000 0.000001 0.000000  0.032611 0.605720 1 64 1.000000
lowpoly_metal
0  -3.368150 -3.148975 -4.693086  1.000000 0.000000 0.000000  0.031529 0.607487 1 64 1.000000
0  -3.368150 -3.210744 -4.896399  1.000000 0.000000 0.000000  0.031545 0.607483 1 64 1.000000
0  -3.368150 -2.699100 -4.956304  1.000000 0.000000 0.000000  0.031548 0.607524 1 64 1.000000
lowpoly_metal
0  -3.368150 -3.423935 -4.609551  1.000000 0.000001 0.000000  0.031522 0.607465 1 64 1.000000
0  -3.368150 -3.485703 -4.812863  1.000000 0.000001 0.000000  0.031539 0.607461 1 64 1.000000
0  -3.368150 -3.210744 -4.896399  1.000000 0.000001 0.000000  0.031545 0.607483 1 64 1.000000
lowpoly_metal
0  -3.704665 1.014049 -4.725210  0.000000 0.002199 0.999998  0.033120 0.607501 1 64 1.000000
0  -3.704665 -2.688876 -4.717068  0.000000 0.002199 0.999998  0.033120 0.607208 1 64 1.000000
0  -3.368150 -2.688876 -4.717068  0.000000 0.002199 0.999998  0.033147 0.607208 1 64 1.000000
lowpoly_metal
0  -3.799759 -3.729433 -4.737603  0.000000 -0.292736 -0.956193  0.032505 0.606960 1 64 1.000000
0  -3.704665 -3.210744 -4.896399  0.000000 -0.292736 -0.956193  0.032497 0.607003 1 64 1.000000
0  -3.368150 -3.210744 -4.896399  0.000000 -0.292736 -0.956193  0.032471 0.607003 1 64 1.000000
lowpoly_metal
0  -3.704665 -2.688876 -4.717068  0.000000 0.052052 0.998644  0.033120 0.607208 1 64 1.000000
0  -3.704665 -3.148975 -4.693087  0.000000 0.052052 0.998644  0.033120 0.607172 1 64 1.000000
0  -3.368150 -3.148975 -4.693086  0.000000 0.052052 0.998644  0.033147 0.607172 1 64 1.000000
lowpoly_metal
0  -4.031137 -2.688876 -4.717068  0.000000 0.052052 0.998644  0.033095 0.607208 1 64 1.000000
0  -4.031137 -3.148975 -4.693087  0.000000 0.052052 0.998644  0.033095 0.607172 1 64 1.000000
0  -3.704665 -3.148975 -4.693087  0.000000 0.052052 0.998644  0.033120 0.607172 1 64 1.000000
lowpoly_metal
0  -4.031137 2.972901 -4.968972  0.000000 0.999995 -0.003096  0.033553 0.606399 1 64 1.000000
0  -4.031137 2.973642 -4.729520  0.000000 0.999995 -0.003096  0.033553 0.606418 1 64 1.000000
0  -3.704666 2.973642 -4.729519  0.000000 0.999995 -0.003096  0.033527 0.606418 1 64 1.000000
lowpoly_metal
0  -4.031137 -4.202368 -4.595134  0.000000 -0.290691 -0.956817  0.032523 0.606922 1 64 1.000000
0  -4.031137 -3.210744 -4.896399  0.000000 -0.290691 -0.956817  0.032523 0.607003 1 64 1.000000
0  -3.704665 -3.210744 -4.896399  0.000000 -0.290691 -0.956817  0.032497 0.607003 1 64 1.000000
lowpoly_metal
0  -4.031137 1.014049 -4.725211  0.000000 0.002199 0.999998  0.033095 0.607501 1 64 1.000000
0  -4.031137 -2.688876 -4.717068  0.000000 0.002199 0.999998  0.033095 0.607208 1 64 1.000000
0  -3.704665 -2.688876 -4.717068  0.000000 0.002199 0.999998  0.033120 0.607208 1 64 1.000000
lowpoly_metal
0  -4.031137 1.010027 -4.964588  0.000000 -0.002233 -0.999997  0.032523 0.607336 1 64 1.000000
0  -4.031137 2.972901 -4.968972  0.000000 -0.002233 -0.999997  0.032523 0.607491 1 64 1.000000
0  -3.704665 2.972901 -4.968972  0.000000 -0.002233 -0.999997  0.032497 0.607491 1 64 1.000000
lowpoly_metal
0  -4.031137 -4.140599 -4.391822  0.905565 -0.405889 0.123314  0.032644 0.606089 1 64 1.000000
0  -4.031137 -4.202368 -4.595134  0.905565 -0.405889 0.123314  0.032661 0.606086 1 64 1.000000
0  -3.799759 -3.729433 -4.737603  0.905565 -0.405889 0.123314  0.032666 0.606125 1 64 1.000000
lowpoly_metal
0  -4.031137 -3.148975 -4.693087  -0.005013 0.290686 0.956805  0.033095 0.607172 1 64 1.000000
0  -4.031137 -4.140599 -4.391822  -0.005013 0.290686 0.956805  0.033095 0.607092 1 64 1.000000
0  -3.799759 -3.667665 -4.534291  -0.005013 0.290686 0.956805  0.033113 0.607130 1 64 1.000000
lowpoly_metal
0  -4.031137 -3.210744 -4.896399  0.000000 -0.116289 -0.993215  0.032523 0.607003 1 64 1.000000
0  -4.031137 -2.699100 -4.956304  0.000000 -0.116289 -0.993215  0.032523 0.607044 1 64 1.000000
0  -3.704665 -2.699100 -4.956304  0.000000 -0.116289 -0.993215  0.032497 0.607044 1 64 1.000000
lowpoly_plastic
0  -4.031137 -2.288414 -5.837844  0.000000 0.500000 0.866026  0.051026 0.676190 1 64 1.000000
0  -4.190204 -2.288414 -5.837844  0.000000 0.500000 0.866026  0.051013 0.676190 1 64 1.000000
0  -4.190204 -2.620970 -5.645843  0.000000 0.500000 0.866026  0.051013 0.676163 1 64 1.000000
lowpoly_plastic
0  -4.031137 -1.955859 -5.261840  -0.000007 -0.499998 -0.866027  0.053057 0.674797 1 64 1.000000
0  -4.031137 -2.288415 -5.069839  -0.000007 -0.499998 -0.866027  0.053057 0.674769 1 64 1.000000
0  -4.190204 -2.270501 -5.080182  -0.000007 -0.499998 -0.866027  0.053069 0.674771 1 64 1.000000
lowpoly_plastic
0  -4.031137 -2.288415 -5.069839  0.000000 -0.499994 -0.866029  0.053057 0.674769 1 64 1.000000
0  -4.190204 -2.288415 -5.069839  0.000000 -0.499994 -0.866029  0.053069 0.674769 1 64 1.000000
0  -4.190204 -2.270501 -5.080182  0.000000 -0.499994 -0.866029  0.053069 0.674771 1 64 1.000000
lowpoly_plastic
0  -4.031137 -2.620970 -5.645843  0.000000 1.000000 0.000000  0.053238 0.675532 1 64 1.000000
0  -4.190204 -2.620970 -5.645843  0.000000 1.000000 0.000000  0.053251 0.675532 1 64 1.000000
0  -4.190204 -2.620970 -5.261841  0.000000 1.000000 0.000000  0.053251 0.675562 1 64 1.000000
lowpoly_plastic
0  -4.031137 -2.620970 -5.261840  0.000000 0.500003 -0.866024  0.053057 0.674745 1 64 1.000000
0  -4.190204 -2.620970 -5.261841  0.000000 0.500003 -0.866024  0.053069 0.674745 1 64 1.000000
0  -4.190204 -2.288415 -5.069839  0.000000 0.500003 -0.866024  0.053069 0.674769 1 64 1.000000
lowpoly_metal
0  -4.190205 2.972901 -4.968972  -1.000000 0.000000 0.000000  0.033230 0.606653 1 64 1.000000
0  -4.190205 2.969596 -6.040208  -1.000000 0.000000 0.000000  0.033146 0.606665 1 64 1.000000
0  -4.190204 0.997237 -5.645844  -1.000000 0.000000 0.000000  0.033155 0.606506 1 64 1.000000
lowpoly_metal
0  -4.190205 2.972901 -4.968972  -1.000000 0.000000 -0.000001  0.033230 0.606653 1 64 1.000000
0  -4.190204 0.997237 -5.645844  -1.000000 0.000000 -0.000001  0.033155 0.606506 1 64 1.000000
0  -4.190205 0.997237 -5.261841  -1.000000 0.000000 -0.000001  0.033185 0.606502 1 64 1.000000
lowpoly_metal
0  -4.190204 -2.699100 -4.956304  -1.000000 -0.000001 0.000001  0.033167 0.606208 1 64 1.000000
0  -4.190205 1.010027 -4.964588  -1.000000 -0.000001 0.000001  0.033208 0.606499 1 64 1.000000
0  -4.190204 -1.304049 -5.069839  -1.000000 -0.000001 0.000001  0.033173 0.606319 1 64 1.000000
lowpoly_metal
0  -4.190205 1.010027 -4.964588  -1.000000 0.000000 0.000000  0.033208 0.606499 1 64 1.000000
0  -4.190205 2.972901 -4.968972  -1.000000 0.000000 0.000000  0.033230 0.606653 1 64 1.000000
0  -4.190205 0.997237 -5.261841  -1.000000 0.000000 0.000000  0.033185 0.606502 1 64 1.000000
lowpoly_metal
0  -4.190204 -1.304049 -5.069839  -1.000000 0.000000 -0.000005  0.033173 0.606319 1 64 1.000000
0  -4.190205 1.010027 -4.964588  -1.000000 0.000000 -0.000005  0.033208 0.606499 1 64 1.000000
0  -4.190204 -0.319684 -5.069839  -1.000000 0.000000 -0.000005  0.033185 0.606396 1 64 1.000000
lowpoly_metal
0  -4.190204 -2.288415 -5.069839  -1.000000 -0.000002 0.000001  0.033162 0.606242 1 64 1.000000
0  -4.190204 -2.620970 -5.261841  -1.000000 -0.000002 0.000001  0.033143 0.606218 1 64 1.000000
0  -4.190204 -2.699100 -4.956304  -1.000000 -0.000002 0.000001  0.033167 0.606208 1 64 1.000000
lowpoly_metal
0  -4.190204 -1.636605 -5.261841  -1.000000 -0.000000 0.000000  0.033155 0.606295 1 64 1.000000
0  -4.190204 -2.270501 -5.080182  -1.000000 -0.000000 0.000000  0.033162 0.606243 1 64 1.000000
0  -4.190204 -1.304049 -5.069839  -1.000000 -0.000000 0.000000  0.033173 0.606319 1 64 1.000000
lowpoly_metal
0  -4.190204 -2.270501 -5.080182  -1.000000 0.000000 0.000000  0.033162 0.606243 1 64 1.000000
0  -4.190204 -2.288415 -5.069839  -1.000000 0.000000 0.000000  0.033162 0.606242 1 64 1.000000
0  -4.190204 -1.304049 -5.069839  -1.000000 0.000000 0.000000  0.033173 0.606319 1 64 1.000000
lowpoly_metal
0  -4.190204 -0.652239 -5.261841  -1.000000 0.000000 0.000000  0.033166 0.606372 1 64 1.000000
0  -4.190204 -0.971493 -5.261841  -1.000000 0.000000 0.000000  0.033162 0.606347 1 64 1.000000
0  -4.190204 -0.319684 -5.069839  -1.000000 0.000000 0.000000  0.033185 0.606396 1 64 1.000000
lowpoly_metal
0  -4.190204 -0.971493 -5.261841  -1.000000 0.000000 0.000000  0.033162 0.606347 1 64 1.000000
0  -4.190204 -1.304049 -5.069839  -1.000000 0.000000 0.000000  0.033173 0.606319 1 64 1.000000
0  -4.190204 -0.319684 -5.069839  -1.000000 0.000000 0.000000  0.033185 0.606396 1 64 1.000000
lowpoly_metal
0  -4.190204 -2.288415 -5.069839  -1.000000 0.000000 0.000004  0.033162 0.606242 1 64 1.000000
0  -4.190204 -2.699100 -4.956304  -1.000000 0.000000 0.000004  0.033167 0.606208 1 64 1.000000
0  -4.190204 -1.304049 -5.069839  -1.000000 0.000000 0.000004  0.033173 0.606319 1 64 1.000000
lowpoly_metal
0  -4.190205 0.997237 -5.261841  -1.000000 0.000000 0.000000  0.033185 0.606502 1 64 1.000000
0  -4.190205 0.664681 -5.069839  -1.000000 0.000000 0.000000  0.033196 0.606473 1 64 1.000000
0  -4.190205 1.010027 -4.964588  -1.000000 0.000000 0.000000  0.033208 0.606499 1 64 1.000000
lowpoly_metal
0  -4.190205 0.664681 -5.069839  -1.000000 -0.000001 -0.000002  0.033196 0.606473 1 64 1.000000
0  -4.190204 0.332126 -5.261841  -1.000000 -0.000001 -0.000002  0.033177 0.606449 1 64 1.000000
0  -4.190204 0.012873 -5.261841  -1.000000 -0.000001 -0.000002  0.033173 0.606424 1 64 1.000000
lowpoly_metal
0  -4.190205 0.664681 -5.069839  -1.000000 -0.000001 -0.000001  0.033196 0.606473 1 64 1.000000
0  -4.190204 0.012873 -5.261841  -1.000000 -0.000001 -0.000001  0.033173 0.606424 1 64 1.000000
0  -4.190204 -0.319684 -5.069839  -1.000000 -0.000001 -0.000001  0.033185 0.606396 1 64 1.000000
lowpoly_plastic
0  -4.031137 0.997238 -5.645844  0.000004 -0.500000 0.866026  0.053171 0.676410 1 64 1.000000
0  -4.190204 0.997237 -5.645844  0.000004 -0.500000 0.866026  0.053158 0.676410 1 64 1.000000
0  -4.190204 0.664681 -5.837845  0.000004 -0.500000 0.866026  0.053158 0.676385 1 64 1.000000
lowpoly_plastic
0  -4.031137 0.664681 -5.837845  0.000000 0.500002 0.866025  0.053171 0.676385 1 64 1.000000
0  -4.190204 0.664681 -5.837845  0.000000 0.500002 0.866025  0.053158 0.676385 1 64 1.000000
0  -4.190204 0.332126 -5.645844  0.000000 0.500002 0.866025  0.053158 0.676357 1 64 1.000000
lowpoly_plastic
0  -4.031137 -0.971493 -5.645843  0.000000 -0.500002 0.866024  0.050983 0.676440 1 64 1.000000
0  -4.190204 -0.971493 -5.645844  0.000000 -0.500002 0.866024  0.050970 0.676440 1 64 1.000000
0  -4.190204 -1.304049 -5.837845  0.000000 -0.500002 0.866024  0.050970 0.676415 1 64 1.000000
lowpoly_plastic
0  -4.031137 0.012873 -5.261841  0.000000 -1.000000 0.000002  0.051861 0.676476 1 64 1.000000
0  -4.190204 0.012873 -5.261841  0.000000 -1.000000 0.000002  0.051848 0.676476 1 64 1.000000
0  -4.190204 0.012872 -5.645844  0.000000 -1.000000 0.000002  0.051848 0.676445 1 64 1.000000
lowpoly_plastic
0  -4.031137 -1.304049 -5.069839  0.000000 -0.500002 -0.866024  0.053232 0.676096 1 64 1.000000
0  -4.190204 -1.304049 -5.069839  0.000000 -0.500002 -0.866024  0.053245 0.676096 1 64 1.000000
0  -4.190204 -0.971493 -5.261841  0.000000 -0.500002 -0.866024  0.053245 0.676124 1 64 1.000000
lowpoly_metal
0  -4.031137 2.969596 -6.040208  1.000000 0.000001 0.000002  0.032685 0.606666 1 64 1.000000
0  -4.031137 0.997238 -5.645844  1.000000 0.000001 0.000002  0.032678 0.606507 1 64 1.000000
0  -4.031137 0.664681 -5.837845  1.000000 0.000001 0.000002  0.032698 0.606483 1 64 1.000000
lowpoly_metal
0  -4.031137 0.664681 -5.837845  1.000000 0.000000 0.000000  0.032698 0.606483 1 64 1.000000
0  -4.031137 0.332126 -5.645844  1.000000 0.000000 0.000000  0.032687 0.606454 1 64 1.000000
0  -4.031137 -0.319684 -5.837845  1.000000 0.000000 0.000000  0.032710 0.606406 1 64 1.000000
lowpoly_metal
0  -4.031137 0.332126 -5.645844  1.000000 0.000000 0.000000  0.032687 0.606454 1 64 1.000000
0  -4.031137 0.012872 -5.645844  1.000000 0.000000 0.000000  0.032691 0.606429 1 64 1.000000
0  -4.031137 -0.319684 -5.837845  1.000000 0.000000 0.000000  0.032710 0.606406 1 64 1.000000
lowpoly_metal
0  -4.031137 -0.319684 -5.837845  1.000000 0.000001 0.000000  0.032710 0.606406 1 64 1.000000
0  -4.031137 -0.652240 -5.645843  1.000000 0.000001 0.000000  0.032699 0.606377 1 64 1.000000
0  -4.031137 -1.304049 -5.837844  1.000000 0.000001 0.000000  0.032722 0.606329 1 64 1.000000
lowpoly_metal
0  -4.031137 -0.652240 -5.645843  1.000000 0.000000 0.000000  0.032699 0.606377 1 64 1.000000
0  -4.031137 -0.971493 -5.645843  1.000000 0.000000 0.000000  0.032703 0.606352 1 64 1.000000
0  -4.031137 -1.304049 -5.837844  1.000000 0.000000 0.000000  0.032722 0.606329 1 64 1.000000
lowpoly_metal
0  -4.031137 -2.744834 -6.026568  1.000000 0.000000 -0.000001  0.032755 0.606218 1 64 1.000000
0  -4.031137 2.969596 -6.040208  1.000000 0.000000 -0.000001  0.032685 0.606666 1 64 1.000000
0  -4.031137 -0.319684 -5.837845  1.000000 0.000000 -0.000001  0.032710 0.606406 1 64 1.000000
lowpoly_metal
0  -4.031137 2.969596 -6.040208  1.000000 0.000000 -0.000002  0.032685 0.606666 1 64 1.000000
0  -4.031137 0.664681 -5.837845  1.000000 0.000000 -0.000002  0.032698 0.606483 1 64 1.000000
0  -4.031137 -0.319684 -5.837845  1.000000 0.000000 -0.000002  0.032710 0.606406 1 64 1.000000
lowpoly_metal
0  -4.031137 -2.620970 -5.261840  1.000000 0.000000 0.000000  0.032694 0.606218 1 64 1.000000
0  -4.031137 -2.699100 -4.956304  1.000000 0.000000 0.000000  0.032671 0.606208 1 64 1.000000
0  -4.031137 -2.744834 -6.026568  1.000000 0.000000 0.000000  0.032755 0.606218 1 64 1.000000
lowpoly_metal
0  -4.031137 -2.620970 -5.645843  1.000000 0.000000 0.000000  0.032724 0.606223 1 64 1.000000
0  -4.031137 -2.620970 -5.261840  1.000000 0.000000 0.000000  0.032694 0.606218 1 64 1.000000
0  -4.031137 -2.744834 -6.026568  1.000000 0.000000 0.000000  0.032755 0.606218 1 64 1.000000
lowpoly_metal
0  -4.031137 -1.304049 -5.837844  1.000000 0.000000 0.000000  0.032722 0.606329 1 64 1.000000
0  -4.031137 -1.636605 -5.645843  1.000000 0.000000 0.000000  0.032711 0.606300 1 64 1.000000
0  -4.031137 -2.288414 -5.837844  1.000000 0.000000 0.000000  0.032735 0.606252 1 64 1.000000
lowpoly_metal
0  -4.031137 -1.636605 -5.645843  1.000000 0.000000 0.000000  0.032711 0.606300 1 64 1.000000
0  -4.031137 -1.955859 -5.645843  1.000000 0.000000 0.000000  0.032715 0.606275 1 64 1.000000
0  -4.031137 -2.288414 -5.837844  1.000000 0.000000 0.000000  0.032735 0.606252 1 64 1.000000
lowpoly_metal
0  -4.031137 -2.288414 -5.837844  1.000000 0.000000 0.000000  0.032735 0.606252 1 64 1.000000
0  -4.031137 -2.620970 -5.645843  1.000000 0.000000 0.000000  0.032724 0.606223 1 64 1.000000
0  -4.031137 -2.744834 -6.026568  1.000000 0.000000 0.000000  0.032755 0.606218 1 64 1.000000
lowpoly_metal
0  -4.031137 -2.744834 -6.026568  1.000000 0.000000 0.000000  0.032755 0.606218 1 64 1.000000
0  -4.031137 -0.319684 -5.837845  1.000000 0.000000 0.000000  0.032710 0.606406 1 64 1.000000
0  -4.031137 -1.304049 -5.837844  1.000000 0.000000 0.000000  0.032722 0.606329 1 64 1.000000
lowpoly_plastic
0  -4.031137 0.997237 -5.261841  0.000000 -1.000000 0.000000  0.051676 0.676470 1 64 1.000000
0  -4.190205 0.997237 -5.261841  0.000000 -1.000000 0.000000  0.051663 0.676470 1 64 1.000000
0  -4.190204 0.997237 -5.645844  0.000000 -1.000000 0.000000  0.051663 0.676439 1 64 1.000000
lowpoly_plastic
0  -4.031137 0.332126 -5.261841  0.000000 0.500001 -0.866025  0.053158 0.676410 1 64 1.000000
0  -4.190204 0.332126 -5.261841  0.000000 0.500001 -0.866025  0.053171 0.676410 1 64 1.000000
0  -4.190205 0.664681 -5.069839  0.000000 0.500001 -0.866025  0.053171 0.676434 1 64 1.000000
lowpoly_plastic
0  -4.031137 0.332126 -5.645844  0.000000 1.000000 0.000000  0.053024 0.676180 1 64 1.000000
0  -4.190204 0.332126 -5.645844  0.000000 1.000000 0.000000  0.053036 0.676180 1 64 1.000000
0  -4.190204 0.332126 -5.261841  0.000000 1.000000 0.000000  0.053036 0.676211 1 64 1.000000
lowpoly_plastic
0  -4.031137 -0.971493 -5.261841  0.000000 -1.000000 0.000000  0.053271 0.675067 1 64 1.000000
0  -4.190204 -0.971493 -5.261841  0.000000 -1.000000 0.000000  0.053258 0.675067 1 64 1.000000
0  -4.190204 -0.971493 -5.645844  0.000000 -1.000000 0.000000  0.053258 0.675037 1 64 1.000000
lowpoly_plastic
0  -4.031137 -0.319684 -5.837845  0.000000 0.500001 0.866025  0.052969 0.675541 1 64 1.000000
0  -4.190204 -0.319684 -5.837845  0.000000 0.500001 0.866025  0.052956 0.675541 1 64 1.000000
0  -4.190205 -0.652240 -5.645844  0.000000 0.500001 0.866025  0.052956 0.675513 1 64 1.000000
lowpoly_plastic
0  -4.031137 -1.304049 -5.837844  -0.000004 0.500001 0.866025  0.050983 0.676415 1 64 1.000000
0  -4.190204 -1.304049 -5.837845  -0.000004 0.500001 0.866025  0.050970 0.676415 1 64 1.000000
0  -4.190204 -1.636605 -5.645843  -0.000004 0.500001 0.866025  0.050970 0.676387 1 64 1.000000
lowpoly_plastic
0  -4.031137 -1.636605 -5.261841  0.000000 0.500001 -0.866025  0.053232 0.676072 1 64 1.000000
0  -4.190204 -1.636605 -5.261841  0.000000 0.500001 -0.866025  0.053245 0.676072 1 64 1.000000
0  -4.190204 -1.304049 -5.069839  0.000000 0.500001 -0.866025  0.053245 0.676096 1 64 1.000000
lowpoly_plastic
0  -4.031137 -0.652239 -5.261841  0.000000 0.500001 -0.866025  0.053082 0.674745 1 64 1.000000
0  -4.190204 -0.652239 -5.261841  0.000000 0.500001 -0.866025  0.053095 0.674745 1 64 1.000000
0  -4.190204 -0.319684 -5.069839  0.000000 0.500001 -0.866025  0.053095 0.674769 1 64 1.000000
lowpoly_plastic
0  -4.031137 -0.319684 -5.069839  0.000000 -0.500001 -0.866025  0.053082 0.674769 1 64 1.000000
0  -4.190204 -0.319684 -5.069839  0.000000 -0.500001 -0.866025  0.053095 0.674769 1 64 1.000000
0  -4.190204 0.012873 -5.261841  0.000000 -0.500001 -0.866025  0.053095 0.674797 1 64 1.000000
lowpoly_plastic
0  -4.031137 -1.955859 -5.645843  -0.000004 -0.499999 0.866026  0.051026 0.676215 1 64 1.000000
0  -4.190204 -1.955859 -5.645844  -0.000004 -0.499999 0.866026  0.051013 0.676215 1 64 1.000000
0  -4.190204 -2.288414 -5.837844  -0.000004 -0.499999 0.866026  0.051013 0.676190 1 64 1.000000
lowpoly_plastic
0  -4.031137 -0.652240 -5.645843  0.000000 1.000000 -0.000001  0.051099 0.676416 1 64 1.000000
0  -4.190205 -0.652240 -5.645844  0.000000 1.000000 -0.000001  0.051111 0.676416 1 64 1.000000
0  -4.190204 -0.652239 -5.261841  0.000000 1.000000 -0.000001  0.051111 0.676447 1 64 1.000000
lowpoly_plastic
0  -4.031137 0.012872 -5.645844  0.000000 -0.500002 0.866024  0.052969 0.675566 1 64 1.000000
0  -4.190204 0.012872 -5.645844  0.000000 -0.500002 0.866024  0.052956 0.675566 1 64 1.000000
0  -4.190204 -0.319684 -5.837845  0.000000 -0.500002 0.866024  0.052956 0.675541 1 64 1.000000
lowpoly_plastic
0  -4.031137 0.664681 -5.069839  0.000000 -0.499999 -0.866026  0.053158 0.676434 1 64 1.000000
0  -4.190205 0.664681 -5.069839  0.000000 -0.499999 -0.866026  0.053171 0.676434 1 64 1.000000
0  -4.190205 0.997237 -5.261841  0.000000 -0.499999 -0.866026  0.053171 0.676462 1 64 1.000000
lowpoly_plastic
0  -4.031137 -1.636605 -5.645843  0.000000 1.000000 0.000000  0.051731 0.676429 1 64 1.000000
0  -4.190204 -1.636605 -5.645843  0.000000 1.000000 0.000000  0.051744 0.676429 1 64 1.000000
0  -4.190204 -1.636605 -5.261841  0.000000 1.000000 0.000000  0.051744 0.676460 1 64 1.000000
lowpoly_plastic
0  -4.031137 -1.955859 -5.261840  -0.000003 -1.000000 0.000000  0.051701 0.676470 1 64 1.000000
0  -4.190204 -1.955859 -5.261841  -0.000003 -1.000000 0.000000  0.051688 0.676470 1 64 1.000000
0  -4.190204 -1.955859 -5.645844  -0.000003 -1.000000 0.000000  0.051688 0.676439 1 64 1.000000
lowpoly_metal
0  -4.031137 -2.699100 -4.956304  0.000000 -0.002234 -0.999997  0.032523 0.607044 1 64 1.000000
0  -4.031137 1.010027 -4.964588  0.000000 -0.002234 -0.999997  0.032523 0.607336 1 64 1.000000
0  -3.704665 1.010027 -4.964588  0.000000 -0.002234 -0.999997  0.032497 0.607336 1 64 1.000000
lowpoly_metal
0  -4.031137 2.973642 -4.729520  -0.000003 0.002199 0.999998  0.033095 0.607656 1 64 1.000000
0  -4.031137 1.014049 -4.725211  -0.000003 0.002199 0.999998  0.033095 0.607501 1 64 1.000000
0  -3.704665 1.014049 -4.725210  -0.000003 0.002199 0.999998  0.033120 0.607501 1 64 1.000000
lowpoly_metal
0  -3.704665 -2.699100 -4.956304  0.000000 -0.002234 -0.999997  0.032497 0.607044 1 64 1.000000
0  -3.704665 1.010027 -4.964588  0.000000 -0.002234 -0.999997  0.032497 0.607336 1 64 1.000000
0  -3.368151 1.010027 -4.964588  0.000000 -0.002234 -0.999997  0.032471 0.607336 1 64 1.000000
lowpoly_metal
0  -3.368150 -2.688876 -4.717068  1.000000 0.000000 -0.000000  0.031529 0.607524 1 64 1.000000
0  -3.368150 -2.699100 -4.956304  1.000000 0.000000 -0.000000  0.031548 0.607524 1 64 1.000000
0  -3.368151 1.010027 -4.964588  1.000000 0.000000 -0.000000  0.031541 0.607818 1 64 1.000000
lowpoly_metal
0  -4.190204 -2.688876 -4.717069  -0.000006 0.002199 0.999998  0.033082 0.607208 1 64 1.000000
0  -4.031137 -2.688876 -4.717068  -0.000006 0.002199 0.999998  0.033095 0.607208 1 64 1.000000
0  -4.031137 1.014049 -4.725211  -0.000006 0.002199 0.999998  0.033095 0.607501 1 64 1.000000
lowpoly_metal
0  -4.190204 -2.699100 -4.956304  -1.000000 -0.000000 -0.000002  0.033167 0.606208 1 64 1.000000
0  -4.190204 -2.688876 -4.717069  -1.000000 -0.000000 -0.000002  0.033185 0.606206 1 64 1.000000
0  -4.190205 1.014049 -4.725211  -1.000000 -0.000000 -0.000002  0.033227 0.606497 1 64 1.000000
lowpoly_metal
0  -3.704665 2.972901 -4.968972  1.000000 0.000000 0.000001  0.050554 0.675155 1 64 1.000000
0  -3.704666 2.973642 -4.729519  1.000000 0.000000 0.000001  0.050535 0.675155 1 64 1.000000
0  -3.704665 1.014049 -4.725210  1.000000 0.000000 0.000001  0.050535 0.675000 1 64 1.000000
lowpoly_metal
0  -3.368151 1.014049 -4.725210  0.000000 0.999859 -0.016799  0.049908 0.675663 1 64 1.000000
0  -3.368151 1.010027 -4.964588  0.000000 0.999859 -0.016799  0.049889 0.675663 1 64 1.000000
0  -3.704665 1.010027 -4.964588  0.000000 0.999859 -0.016799  0.049889 0.675637 1 64 1.000000
lowpoly_metal
0  -4.190205 2.969596 -6.040208  -0.999917 -0.012852 0.000040  0.033146 0.606665 1 64 1.000000
0  -4.190205 2.972901 -4.968972  -0.999917 -0.012852 0.000040  0.033230 0.606653 1 64 1.000000
0  -4.196422 3.456653 -4.974705  -0.999917 -0.012852 0.000040  0.033235 0.606691 1 64 1.000000
lowpoly_metal
0  -4.031137 2.969596 -6.040208  0.999917 0.012851 -0.000040  0.032685 0.606666 1 64 1.000000
0  -4.037354 3.453346 -6.045940  0.999917 0.012851 -0.000040  0.032679 0.606704 1 64 1.000000
0  -4.037354 3.456653 -4.974705  0.999917 0.012851 -0.000040  0.032595 0.606691 1 64 1.000000
lowpoly_metal
0  -4.190205 2.969596 -6.040208  0.000000 -0.011849 -0.999930  0.033262 0.606654 1 64 1.000000
0  -4.196422 3.453346 -6.045940  0.000000 -0.011849 -0.999930  0.033262 0.606692 1 64 1.000000
0  -4.037354 3.453346 -6.045940  0.000000 -0.011849 -0.999930  0.033249 0.606692 1 64 1.000000
lowpoly_metal
0  -4.196422 3.456653 -4.974705  0.000000 0.011850 0.999930  0.032896 0.607303 1 64 1.000000
0  -4.190205 2.972901 -4.968972  0.000000 0.011850 0.999930  0.032896 0.607264 1 64 1.000000
0  -4.031137 2.972901 -4.968972  0.000000 0.011850 0.999930  0.032909 0.607264 1 64 1.000000
lowpoly_metal
0  -4.037354 3.453346 -6.045940  0.000000 0.999995 -0.003086  0.033054 0.607780 1 64 1.000000
0  -4.196422 3.453346 -6.045940  0.000000 0.999995 -0.003086  0.033067 0.607780 1 64 1.000000
0  -4.196422 3.456653 -4.974705  0.000000 0.999995 -0.003086  0.033067 0.607865 1 64 1.000000
lowpoly_metal
0  -2.705164 -8.325794 -3.342398  -1.000000 0.000002 -0.000001  0.032895 0.605748 1 64 1.000000
0  -2.705164 -8.663784 -3.247817  -1.000000 0.000002 -0.000001  0.032899 0.605720 1 64 1.000000
0  -2.705164 -8.603313 -3.048776  -1.000000 0.000002 -0.000001  0.032915 0.605722 1 64 1.000000
lowpoly_metal
0  -2.705164 -8.325794 -3.342398  -1.000000 0.000000 -0.000000  0.032895 0.605748 1 64 1.000000
0  -2.705164 -7.212927 -3.680498  -1.000000 0.000000 -0.000000  0.032883 0.605839 1 64 1.000000
0  -2.705164 -7.489259 -4.590053  -1.000000 0.000000 -0.000000  0.032808 0.605829 1 64 1.000000
lowpoly_metal
0  -2.546097 -4.140599 -4.391821  0.000000 0.290691 0.956817  0.033212 0.607092 1 64 1.000000
0  -2.546097 -3.148975 -4.693086  0.000000 0.290691 0.956817  0.033212 0.607172 1 64 1.000000
0  -2.705164 -3.148975 -4.693086  0.000000 0.290691 0.956817  0.033200 0.607172 1 64 1.000000
lowpoly_metal
0  -2.546097 -7.212927 -3.680498  1.000000 0.000000 0.000000  0.032949 0.605839 1 64 1.000000
0  -2.546097 -8.325794 -3.342398  1.000000 0.000000 0.000000  0.032935 0.605748 1 64 1.000000
0  -2.546096 -8.602125 -4.251953  1.000000 0.000000 0.000000  0.033009 0.605737 1 64 1.000000
lowpoly_metal
0  -2.705164 -8.264027 -3.139086  0.000000 0.290690 0.956817  0.033200 0.606758 1 64 1.000000
0  -2.546097 -8.264027 -3.139086  0.000000 0.290690 0.956817  0.033212 0.606758 1 64 1.000000
0  -2.546097 -7.151159 -3.477185  0.000000 0.290690 0.956817  0.033212 0.606848 1 64 1.000000
lowpoly_metal
0  -2.705164 -7.489259 -4.590053  0.000000 -0.290690 -0.956817  0.033275 0.605817 1 64 1.000000
0  -2.546097 -7.489259 -4.590053  0.000000 -0.290690 -0.956817  0.033263 0.605817 1 64 1.000000
0  -2.546096 -8.602125 -4.251953  0.000000 -0.290690 -0.956817  0.033263 0.605726 1 64 1.000000
lowpoly_metal
0  -2.546096 -8.934310 -4.138263  0.000000 -0.652778 -0.757550  0.033263 0.605699 1 64 1.000000
0  -2.546096 -9.197268 -3.911674  0.000000 -0.652778 -0.757550  0.033263 0.605676 1 64 1.000000
0  -2.705164 -9.197268 -3.911674  0.000000 -0.652778 -0.757550  0.033275 0.605676 1 64 1.000000
lowpoly_metal
0  -2.546097 -8.325794 -3.342398  1.000000 0.000000 0.000000  0.032935 0.605748 1 64 1.000000
0  -2.546097 -8.663784 -3.247817  1.000000 0.000000 0.000000  0.032931 0.605721 1 64 1.000000
0  -2.546096 -8.934310 -4.138263  1.000000 0.000000 0.000000  0.033004 0.605709 1 64 1.000000
lowpoly_metal
0  -2.546096 -8.602125 -4.251953  0.000000 -0.323809 -0.946123  0.033263 0.605726 1 64 1.000000
0  -2.546096 -8.934310 -4.138263  0.000000 -0.323809 -0.946123  0.033263 0.605699 1 64 1.000000
0  -2.705164 -8.934310 -4.138263  0.000000 -0.323809 -0.946123  0.033275 0.605699 1 64 1.000000
lowpoly_metal
0  -2.705164 -8.264027 -3.139086  0.000000 0.257219 0.966353  0.033200 0.606758 1 64 1.000000
0  -2.705164 -8.603313 -3.048776  0.000000 0.257219 0.966353  0.033200 0.606730 1 64 1.000000
0  -2.546097 -8.603313 -3.048776  0.000000 0.257219 0.966353  0.033212 0.606730 1 64 1.000000
lowpoly_metal
0  -2.705164 -8.993440 -3.240763  -1.000000 0.000000 0.000000  0.032895 0.605694 1 64 1.000000
0  -2.705164 -9.203712 -3.358078  -1.000000 0.000000 0.000000  0.032883 0.605679 1 64 1.000000
0  -2.705164 -9.187167 -3.303621  -1.000000 0.000000 0.000000  0.032888 0.605680 1 64 1.000000
lowpoly_metal
0  -2.705164 -8.603313 -3.048776  0.000000 -0.121050 0.992646  0.033200 0.606730 1 64 1.000000
0  -2.705164 -8.947878 -3.090795  0.000000 -0.121050 0.992646  0.033200 0.606703 1 64 1.000000
0  -2.546097 -8.947878 -3.090795  0.000000 -0.121050 0.992646  0.033212 0.606703 1 64 1.000000
lowpoly_metal
0  -2.705164 -8.663784 -3.247817  -1.000000 0.000001 0.000000  0.032899 0.605720 1 64 1.000000
0  -2.705164 -8.993440 -3.240763  -1.000000 0.000001 0.000000  0.032895 0.605694 1 64 1.000000
0  -2.705164 -8.947878 -3.090795  -1.000000 0.000001 0.000000  0.032907 0.605696 1 64 1.000000
lowpoly_metal
0  -2.546097 -8.663784 -3.247817  1.000000 0.000000 0.000001  0.032931 0.605721 1 64 1.000000
0  -2.546097 -8.993440 -3.240763  1.000000 0.000000 0.000001  0.032935 0.605695 1 64 1.000000
0  -2.546096 -9.197268 -3.911674  1.000000 0.000000 0.000001  0.032990 0.605686 1 64 1.000000
lowpoly_metal
0  -2.546097 -9.203712 -3.358078  0.000000 -0.956817 0.290692  0.033080 0.607978 1 64 1.000000
0  -2.705164 -9.203712 -3.358078  0.000000 -0.956817 0.290692  0.033067 0.607978 1 64 1.000000
0  -2.705164 -9.277728 -3.601705  0.000000 -0.956817 0.290692  0.033067 0.607959 1 64 1.000000
lowpoly_metal
0  -2.546097 -8.993440 -3.240763  1.000000 0.000003 -0.000000  0.032935 0.605695 1 64 1.000000
0  -2.546097 -9.203712 -3.358078  1.000000 0.000003 -0.000000  0.032946 0.605679 1 64 1.000000
0  -2.546097 -9.277728 -3.601705  1.000000 0.000003 -0.000000  0.032966 0.605676 1 64 1.000000
lowpoly_metal
0  -2.546096 -9.197268 -3.911674  0.000000 -0.967923 -0.251247  0.033080 0.607934 1 64 1.000000
0  -2.546097 -9.277728 -3.601705  0.000000 -0.967923 -0.251247  0.033080 0.607959 1 64 1.000000
0  -2.705164 -9.277728 -3.601705  0.000000 -0.967923 -0.251247  0.033067 0.607959 1 64 1.000000
lowpoly_metal
0  -2.705164 -8.947878 -3.090795  0.000000 -0.664579 0.747218  0.033067 0.608000 1 64 1.000000
0  -2.705164 -9.187167 -3.303621  0.000000 -0.664579 0.747218  0.033067 0.607983 1 64 1.000000
0  -2.546097 -9.187167 -3.303621  0.000000 -0.664579 0.747218  0.033080 0.607983 1 64 1.000000
lowpoly_metal
0  -2.705164 -3.487075 -5.805953  0.000000 -0.284909 -0.958555  0.033275 0.606143 1 64 1.000000
0  -2.705164 -2.744834 -6.026567  0.000000 -0.284909 -0.958555  0.033275 0.606204 1 64 1.000000
0  -2.546097 -2.744834 -6.026567  0.000000 -0.284909 -0.958555  0.033263 0.606204 1 64 1.000000
lowpoly_metal
0  -2.705164 -4.478700 -5.504688  0.000000 -0.290691 -0.956817  0.033275 0.606062 1 64 1.000000
0  -2.705164 -3.487075 -5.805953  0.000000 -0.290691 -0.956817  0.033275 0.606143 1 64 1.000000
0  -2.546097 -3.487075 -5.805953  0.000000 -0.290691 -0.956817  0.033263 0.606143 1 64 1.000000
lowpoly_metal
0  -2.705164 -4.202368 -4.595134  -1.000000 0.000000 -0.000000  0.032849 0.606086 1 64 1.000000
0  -2.705164 -3.210744 -4.896399  -1.000000 0.000000 -0.000000  0.032838 0.606168 1 64 1.000000
0  -2.705164 -3.487075 -5.805953  -1.000000 0.000000 -0.000000  0.032763 0.606157 1 64 1.000000
lowpoly_metal
0  -2.546097 -4.202368 -4.595134  1.000000 0.000001 0.000001  0.032986 0.606086 1 64 1.000000
0  -2.546097 -3.210744 -4.896398  1.000000 0.000001 0.000001  0.032999 0.606167 1 64 1.000000
0  -2.546097 -3.148975 -4.693086  1.000000 0.000001 0.000001  0.032982 0.606170 1 64 1.000000
lowpoly_metal
0  -2.546098 1.010027 -4.964588  1.000000 0.000000 -0.000000  0.032956 0.606499 1 64 1.000000
0  -2.546098 2.972901 -4.968972  1.000000 0.000000 -0.000000  0.032934 0.606653 1 64 1.000000
0  -2.546098 2.973642 -4.729519  1.000000 0.000000 -0.000000  0.032915 0.606651 1 64 1.000000
lowpoly_metal
0  -2.705164 -3.210744 -4.896399  -1.000000 -0.000001 -0.000000  0.032838 0.606168 1 64 1.000000
0  -2.705164 -2.699100 -4.956304  -1.000000 -0.000001 -0.000000  0.032839 0.606208 1 64 1.000000
0  -2.705164 -2.744834 -6.026567  -1.000000 -0.000001 -0.000000  0.032755 0.606218 1 64 1.000000
lowpoly_metal
0  -2.546097 -3.210744 -4.896398  1.000000 0.000000 -0.000000  0.032999 0.606167 1 64 1.000000
0  -2.546097 -2.699100 -4.956304  1.000000 0.000000 -0.000000  0.032997 0.606208 1 64 1.000000
0  -2.546097 -2.688876 -4.717068  1.000000 0.000000 -0.000000  0.032979 0.606206 1 64 1.000000
lowpoly_metal
0  -2.546097 -3.148975 -4.693086  0.000000 0.052052 0.998644  0.033212 0.607172 1 64 1.000000
0  -2.546097 -2.688876 -4.717068  0.000000 0.052052 0.998644  0.033212 0.607208 1 64 1.000000
0  -2.705165 -2.688876 -4.717068  0.000000 0.052052 0.998644  0.033200 0.607208 1 64 1.000000
lowpoly_metal
0  -2.546098 1.014049 -4.725210  0.000000 0.002199 0.999998  0.033212 0.607501 1 64 1.000000
0  -2.546098 2.973642 -4.729519  0.000000 0.002199 0.999998  0.033212 0.607656 1 64 1.000000
0  -2.705166 2.973642 -4.729519  0.000000 0.002199 0.999998  0.033200 0.607656 1 64 1.000000
lowpoly_metal
0  -2.705164 -2.744834 -6.026567  0.000000 -0.002387 -0.999997  0.033275 0.606204 1 64 1.000000
0  -2.705165 2.969596 -6.040208  0.000000 -0.002387 -0.999997  0.033275 0.606654 1 64 1.000000
0  -2.546098 2.969596 -6.040208  0.000000 -0.002387 -0.999997  0.033263 0.606654 1 64 1.000000
lowpoly_metal
0  -2.705164 -2.699100 -4.956304  -1.000000 -0.000000 -0.000000  0.032839 0.606208 1 64 1.000000
0  -2.705165 1.010027 -4.964588  -1.000000 -0.000000 -0.000000  0.032885 0.606499 1 64 1.000000
0  -2.705165 -1.304049 -5.069839  -1.000000 -0.000000 -0.000000  0.032848 0.606319 1 64 1.000000
lowpoly_metal
0  -2.705165 1.010027 -4.964588  -1.000000 -0.000000 0.000000  0.032885 0.606499 1 64 1.000000
0  -2.705166 2.972901 -4.968972  -1.000000 -0.000000 0.000000  0.032909 0.606653 1 64 1.000000
0  -2.705165 0.997237 -5.261840  -1.000000 -0.000000 0.000000  0.032862 0.606502 1 64 1.000000
lowpoly_metal
0  -2.705165 -1.304049 -5.069839  -1.000000 -0.000001 0.000001  0.032848 0.606319 1 64 1.000000
0  -2.705165 1.010027 -4.964588  -1.000000 -0.000001 0.000001  0.032885 0.606499 1 64 1.000000
0  -2.705165 -0.319684 -5.069839  -1.000000 -0.000001 0.000001  0.032860 0.606396 1 64 1.000000
lowpoly_metal
0  -2.705166 2.972901 -4.968972  -1.000000 -0.000000 -0.000000  0.032909 0.606653 1 64 1.000000
0  -2.705165 2.969596 -6.040208  -1.000000 -0.000000 -0.000000  0.032825 0.606666 1 64 1.000000
0  -2.705165 0.997238 -5.645844  -1.000000 -0.000000 -0.000000  0.032832 0.606507 1 64 1.000000
lowpoly_metal
0  -2.705166 2.972901 -4.968972  -1.000000 -0.000001 -0.000001  0.032909 0.606653 1 64 1.000000
0  -2.705165 0.997238 -5.645844  -1.000000 -0.000001 -0.000001  0.032832 0.606507 1 64 1.000000
0  -2.705165 0.997237 -5.261840  -1.000000 -0.000001 -0.000001  0.032862 0.606502 1 64 1.000000
lowpoly_metal
0  -2.705164 -2.288415 -5.069839  -1.000000 -0.000001 0.000000  0.032836 0.606242 1 64 1.000000
0  -2.705164 -2.620970 -5.261840  -1.000000 -0.000001 0.000000  0.032817 0.606218 1 64 1.000000
0  -2.705164 -2.699100 -4.956304  -1.000000 -0.000001 0.000000  0.032839 0.606208 1 64 1.000000
lowpoly_metal
0  -2.705164 -1.636605 -5.645843  -1.000000 0.000000 -0.000001  0.032799 0.606300 1 64 1.000000
0  -2.705164 -1.955859 -5.645843  -1.000000 0.000000 -0.000001  0.032795 0.606275 1 64 1.000000
0  -2.705165 -1.636605 -5.261840  -1.000000 0.000000 -0.000001  0.032829 0.606295 1 64 1.000000
lowpoly_metal
0  -2.705164 -1.955859 -5.645843  -1.000000 -0.000002 -0.000000  0.032795 0.606275 1 64 1.000000
0  -2.705164 -1.955859 -5.261840  -1.000000 -0.000002 -0.000000  0.032825 0.606270 1 64 1.000000
0  -2.705165 -1.636605 -5.261840  -1.000000 -0.000002 -0.000000  0.032829 0.606295 1 64 1.000000
lowpoly_metal
0  -2.705164 -2.288415 -5.069839  -1.000000 0.000000 -0.000001  0.032836 0.606242 1 64 1.000000
0  -2.705164 -2.699100 -4.956304  -1.000000 0.000000 -0.000001  0.032839 0.606208 1 64 1.000000
0  -2.705165 -1.304049 -5.069839  -1.000000 0.000000 -0.000001  0.032848 0.606319 1 64 1.000000
lowpoly_metal
0  -2.705165 0.997237 -5.261840  -1.000000 -0.000001 0.000000  0.032862 0.606502 1 64 1.000000
0  -2.705165 0.664681 -5.069839  -1.000000 -0.000001 0.000000  0.032873 0.606473 1 64 1.000000
0  -2.705165 1.010027 -4.964588  -1.000000 -0.000001 0.000000  0.032885 0.606499 1 64 1.000000
lowpoly_metal
0  -2.705165 0.332126 -5.261841  -1.000000 0.000000 0.000000  0.032853 0.606450 1 64 1.000000
0  -2.705165 0.332126 -5.645843  -1.000000 0.000000 0.000000  0.032823 0.606454 1 64 1.000000
0  -2.705165 0.012873 -5.261840  -1.000000 0.000000 0.000000  0.032849 0.606425 1 64 1.000000
lowpoly_metal
0  -2.705165 0.332126 -5.645843  -1.000000 0.000000 0.000000  0.032823 0.606454 1 64 1.000000
0  -2.705165 0.012872 -5.645843  -1.000000 0.000000 0.000000  0.032819 0.606429 1 64 1.000000
0  -2.705165 0.012873 -5.261840  -1.000000 0.000000 0.000000  0.032849 0.606425 1 64 1.000000
lowpoly_metal
0  -2.705165 0.332126 -5.261841  -1.000000 0.000000 0.000000  0.032853 0.606450 1 64 1.000000
0  -2.705165 0.012873 -5.261840  -1.000000 0.000000 0.000000  0.032849 0.606425 1 64 1.000000
0  -2.705165 0.664681 -5.069839  -1.000000 0.000000 0.000000  0.032873 0.606473 1 64 1.000000
lowpoly_metal
0  -2.705165 0.012873 -5.261840  -1.000000 -0.000000 0.000000  0.032849 0.606425 1 64 1.000000
0  -2.705165 -0.319684 -5.069839  -1.000000 -0.000000 0.000000  0.032860 0.606396 1 64 1.000000
0  -2.705165 0.664681 -5.069839  -1.000000 -0.000000 0.000000  0.032873 0.606473 1 64 1.000000
lowpoly_metal
0  -2.705165 -0.652239 -5.261840  -1.000000 -0.000000 0.000000  0.032841 0.606373 1 64 1.000000
0  -2.705165 -0.652240 -5.645843  -1.000000 -0.000000 0.000000  0.032811 0.606377 1 64 1.000000
0  -2.705165 -0.971493 -5.645843  -1.000000 -0.000000 0.000000  0.032807 0.606352 1 64 1.000000
lowpoly_metal
0  -2.705165 0.664681 -5.069839  -1.000000 0.000001 -0.000002  0.032873 0.606473 1 64 1.000000
0  -2.705165 -0.319684 -5.069839  -1.000000 0.000001 -0.000002  0.032860 0.606396 1 64 1.000000
0  -2.705165 1.010027 -4.964588  -1.000000 0.000001 -0.000002  0.032885 0.606499 1 64 1.000000
lowpoly_metal
0  -2.705165 -0.652239 -5.261840  -1.000000 0.000000 0.000000  0.032841 0.606373 1 64 1.000000
0  -2.705165 -0.971493 -5.645843  -1.000000 0.000000 0.000000  0.032807 0.606352 1 64 1.000000
0  -2.705165 -0.971493 -5.261840  -1.000000 0.000000 0.000000  0.032837 0.606348 1 64 1.000000
lowpoly_metal
0  -2.705165 -0.319684 -5.069839  -1.000000 -0.000001 -0.000001  0.032860 0.606396 1 64 1.000000
0  -2.705165 -0.652239 -5.261840  -1.000000 -0.000001 -0.000001  0.032841 0.606373 1 64 1.000000
0  -2.705165 -1.304049 -5.069839  -1.000000 -0.000001 -0.000001  0.032848 0.606319 1 64 1.000000
lowpoly_metal
0  -2.705165 -0.652239 -5.261840  -1.000000 0.000000 0.000000  0.032841 0.606373 1 64 1.000000
0  -2.705165 -0.971493 -5.261840  -1.000000 0.000000 0.000000  0.032837 0.606348 1 64 1.000000
0  -2.705165 -1.304049 -5.069839  -1.000000 0.000000 0.000000  0.032848 0.606319 1 64 1.000000
lowpoly_metal
0  -2.705165 -1.304049 -5.069839  -1.000000 -0.000001 0.000001  0.032848 0.606319 1 64 1.000000
0  -2.705165 -1.636605 -5.261840  -1.000000 -0.000001 0.000001  0.032829 0.606295 1 64 1.000000
0  -2.705164 -1.955859 -5.261840  -1.000000 -0.000001 0.000001  0.032825 0.606270 1 64 1.000000
lowpoly_metal
0  -2.705166 2.972901 -4.968972  0.000000 0.999995 -0.003094  0.032125 0.607978 1 64 1.000000
0  -2.705166 2.973642 -4.729519  0.000000 0.999995 -0.003094  0.032125 0.607997 1 64 1.000000
0  -2.546098 2.973642 -4.729519  0.000000 0.999995 -0.003094  0.032113 0.607997 1 64 1.000000
lowpoly_metal
0  -2.546098 2.972901 -4.968972  0.000000 0.999995 -0.003086  0.032113 0.607978 1 64 1.000000
0  -2.546098 2.969596 -6.040208  0.000000 0.999995 -0.003086  0.032113 0.607893 1 64 1.000000
0  -2.705165 2.969596 -6.040208  0.000000 0.999995 -0.003086  0.032125 0.607893 1 64 1.000000
lowpoly_metal
0  -2.705166 2.972901 -4.968972  0.000000 0.999995 -0.003095  0.032125 0.607978 1 64 1.000000
0  -2.546098 2.973642 -4.729519  0.000000 0.999995 -0.003095  0.032113 0.607997 1 64 1.000000
0  -2.546098 2.972901 -4.968972  0.000000 0.999995 -0.003095  0.032113 0.607978 1 64 1.000000
lowpoly_metal
0  -2.546097 -7.212927 -3.680498  1.000000 0.000000 -0.000000  0.032949 0.605839 1 64 1.000000
0  -2.546097 -4.202368 -4.595134  1.000000 0.000000 -0.000000  0.032986 0.606086 1 64 1.000000
0  -2.546097 -4.140599 -4.391821  1.000000 0.000000 -0.000000  0.032970 0.606089 1 64 1.000000
lowpoly_metal
0  -2.705164 -7.212927 -3.680498  -1.000000 -0.000000 -0.000000  0.032883 0.605839 1 64 1.000000
0  -2.705164 -4.202368 -4.595134  -1.000000 -0.000000 -0.000000  0.032849 0.606086 1 64 1.000000
0  -2.705164 -4.478700 -5.504688  -1.000000 -0.000000 -0.000000  0.032774 0.606076 1 64 1.000000
lowpoly_metal
0  -2.705164 -7.489259 -4.590053  0.000000 -0.290689 -0.956818  0.033275 0.605817 1 64 1.000000
0  -2.705164 -4.478700 -5.504688  0.000000 -0.290689 -0.956818  0.033275 0.606062 1 64 1.000000
0  -2.546097 -4.478700 -5.504688  0.000000 -0.290689 -0.956818  0.033263 0.606062 1 64 1.000000
lowpoly_metal
0  -2.546097 -7.151159 -3.477185  0.000000 0.290690 0.956817  0.033212 0.606848 1 64 1.000000
0  -2.546097 -4.140599 -4.391821  0.000000 0.290690 0.956817  0.033212 0.607092 1 64 1.000000
0  -2.705164 -4.140599 -4.391821  0.000000 0.290690 0.956817  0.033200 0.607092 1 64 1.000000
lowpoly_metal
0  -2.705164 -7.151159 -3.477186  -1.000000 0.000000 0.000000  0.032900 0.605841 1 64 1.000000
0  -2.705164 -4.140599 -4.391821  -1.000000 0.000000 0.000000  0.032866 0.606089 1 64 1.000000
0  -2.705164 -4.202368 -4.595134  -1.000000 0.000000 0.000000  0.032849 0.606086 1 64 1.000000
lowpoly_metal
0  -2.546097 -7.489259 -4.590053  1.000000 0.000000 0.000000  0.033023 0.605828 1 64 1.000000
0  -2.546097 -4.478700 -5.504688  1.000000 0.000000 0.000000  0.033061 0.606075 1 64 1.000000
0  -2.546097 -4.202368 -4.595134  1.000000 0.000000 0.000000  0.032986 0.606086 1 64 1.000000
lowpoly_metal
0  -3.031636 -3.210744 -4.896399  0.000000 -0.116289 -0.993215  0.032444 0.607003 1 64 1.000000
0  -3.368150 -3.210744 -4.896399  0.000000 -0.116289 -0.993215  0.032471 0.607003 1 64 1.000000
0  -3.368150 -2.699100 -4.956304  0.000000 -0.116289 -0.993215  0.032471 0.607044 1 64 1.000000
lowpoly_metal
0  -2.546097 -3.487075 -5.805953  1.000000 0.000000 0.000000  0.033073 0.606156 1 64 1.000000
0  -2.546097 -2.744834 -6.026567  1.000000 0.000000 0.000000  0.033082 0.606217 1 64 1.000000
0  -2.546097 -2.699100 -4.956304  1.000000 0.000000 0.000000  0.032997 0.606208 1 64 1.000000
lowpoly_metal
0  -3.031636 -3.148975 -4.693086  0.000000 0.290689 0.956818  0.033174 0.607172 1 64 1.000000
0  -3.368150 -3.148975 -4.693086  0.000000 0.290689 0.956818  0.033147 0.607172 1 64 1.000000
0  -3.368150 -3.423935 -4.609551  0.000000 0.290689 0.956818  0.033147 0.607149 1 64 1.000000
lowpoly_metal
0  -2.546098 2.969596 -6.040208  1.000000 0.000000 0.000000  0.033018 0.606665 1 64 1.000000
0  -2.546098 0.997237 -5.645844  1.000000 0.000000 0.000000  0.033009 0.606506 1 64 1.000000
0  -2.546098 0.664681 -5.837844  1.000000 0.000000 0.000000  0.033028 0.606482 1 64 1.000000
lowpoly_metal
0  -2.546098 0.332126 -5.645843  1.000000 -0.000001 -0.000001  0.033017 0.606454 1 64 1.000000
0  -2.546098 0.332126 -5.261841  1.000000 -0.000001 -0.000001  0.032987 0.606449 1 64 1.000000
0  -2.546098 0.012873 -5.261840  1.000000 -0.000001 -0.000001  0.032991 0.606424 1 64 1.000000
lowpoly_metal
0  -2.546097 -2.744834 -6.026567  1.000000 0.000000 -0.000001  0.033082 0.606217 1 64 1.000000
0  -2.546098 2.969596 -6.040208  1.000000 0.000000 -0.000001  0.033018 0.606665 1 64 1.000000
0  -2.546097 -0.319684 -5.837844  1.000000 0.000000 -0.000001  0.033040 0.606405 1 64 1.000000
lowpoly_metal
0  -2.546098 2.969596 -6.040208  1.000000 0.000001 0.000008  0.033018 0.606665 1 64 1.000000
0  -2.546098 0.664681 -5.837844  1.000000 0.000001 0.000008  0.033028 0.606482 1 64 1.000000
0  -2.546097 -0.319684 -5.837844  1.000000 0.000001 0.000008  0.033040 0.606405 1 64 1.000000
lowpoly_metal
0  -2.546098 0.332126 -5.645843  1.000000 0.000000 -0.000001  0.033017 0.606454 1 64 1.000000
0  -2.546098 0.012873 -5.261840  1.000000 0.000000 -0.000001  0.032991 0.606424 1 64 1.000000
0  -2.546098 0.012872 -5.645843  1.000000 0.000000 -0.000001  0.033021 0.606429 1 64 1.000000
lowpoly_metal
0  -2.546097 -2.620970 -5.261840  1.000000 0.000000 0.000001  0.033021 0.606218 1 64 1.000000
0  -2.546097 -2.699100 -4.956304  1.000000 0.000000 0.000001  0.032997 0.606208 1 64 1.000000
0  -2.546097 -2.744834 -6.026567  1.000000 0.000000 0.000001  0.033082 0.606217 1 64 1.000000
lowpoly_metal
0  -2.546097 -2.620970 -5.645843  1.000000 0.000000 0.000000  0.033051 0.606222 1 64 1.000000
0  -2.546097 -2.620970 -5.261840  1.000000 0.000000 0.000000  0.033021 0.606218 1 64 1.000000
0  -2.546097 -2.744834 -6.026567  1.000000 0.000000 0.000000  0.033082 0.606217 1 64 1.000000
lowpoly_metal
0  -2.546098 0.664681 -5.837844  1.000000 0.000001 0.000001  0.033028 0.606482 1 64 1.000000
0  -2.546098 0.332126 -5.645843  1.000000 0.000001 0.000001  0.033017 0.606454 1 64 1.000000
0  -2.546097 -0.319684 -5.837844  1.000000 0.000001 0.000001  0.033040 0.606405 1 64 1.000000
lowpoly_metal
0  -2.546098 0.332126 -5.645843  1.000000 0.000000 0.000004  0.033017 0.606454 1 64 1.000000
0  -2.546098 0.012872 -5.645843  1.000000 0.000000 0.000004  0.033021 0.606429 1 64 1.000000
0  -2.546097 -0.319684 -5.837844  1.000000 0.000000 0.000004  0.033040 0.606405 1 64 1.000000
lowpoly_metal
0  -2.546097 -2.288414 -5.837844  1.000000 0.000000 0.000000  0.033062 0.606250 1 64 1.000000
0  -2.546097 -2.620970 -5.645843  1.000000 0.000000 0.000000  0.033051 0.606222 1 64 1.000000
0  -2.546097 -2.744834 -6.026567  1.000000 0.000000 0.000000  0.033082 0.606217 1 64 1.000000
lowpoly_metal
0  -2.546097 -0.652240 -5.645843  1.000000 0.000000 0.000001  0.033028 0.606377 1 64 1.000000
0  -2.546097 -0.652239 -5.261840  1.000000 0.000000 0.000001  0.032998 0.606372 1 64 1.000000
0  -2.546097 -0.971493 -5.261840  1.000000 0.000000 0.000001  0.033002 0.606347 1 64 1.000000
lowpoly_metal
0  -2.546097 -2.288414 -5.837844  1.000000 0.000000 0.000000  0.033062 0.606250 1 64 1.000000
0  -2.546097 -2.744834 -6.026567  1.000000 0.000000 0.000000  0.033082 0.606217 1 64 1.000000
0  -2.546097 -1.304049 -5.837844  1.000000 0.000000 0.000000  0.033051 0.606328 1 64 1.000000
lowpoly_metal
0  -2.546097 -2.744834 -6.026567  1.000000 -0.000000 -0.000002  0.033082 0.606217 1 64 1.000000
0  -2.546097 -0.319684 -5.837844  1.000000 -0.000000 -0.000002  0.033040 0.606405 1 64 1.000000
0  -2.546097 -1.304049 -5.837844  1.000000 -0.000000 -0.000002  0.033051 0.606328 1 64 1.000000
lowpoly_metal
0  -2.546097 -0.652240 -5.645843  1.000000 -0.000001 0.000000  0.033028 0.606377 1 64 1.000000
0  -2.546097 -0.971493 -5.261840  1.000000 -0.000001 0.000000  0.033002 0.606347 1 64 1.000000
0  -2.546097 -0.971493 -5.645843  1.000000 -0.000001 0.000000  0.033032 0.606351 1 64 1.000000
lowpoly_metal
0  -2.546097 -0.652240 -5.645843  1.000000 -0.000002 0.000005  0.033028 0.606377 1 64 1.000000
0  -2.546097 -0.971493 -5.645843  1.000000 -0.000002 0.000005  0.033032 0.606351 1 64 1.000000
0  -2.546097 -1.304049 -5.837844  1.000000 -0.000002 0.000005  0.033051 0.606328 1 64 1.000000
lowpoly_metal
0  -2.546097 -1.636605 -5.261840  1.000000 0.000000 0.000000  0.033009 0.606295 1 64 1.000000
0  -2.546097 -2.270501 -5.080182  1.000000 0.000000 0.000000  0.033002 0.606243 1 64 1.000000
0  -2.546097 -1.955859 -5.261840  1.000000 0.000000 0.000000  0.033013 0.606270 1 64 1.000000
lowpoly_metal
0  -2.546097 -1.636605 -5.645843  1.000000 0.000000 0.000000  0.033039 0.606299 1 64 1.000000
0  -2.546097 -1.636605 -5.261840  1.000000 0.000000 0.000000  0.033009 0.606295 1 64 1.000000
0  -2.546097 -1.955859 -5.261840  1.000000 0.000000 0.000000  0.033013 0.606270 1 64 1.000000
lowpoly_metal
0  -2.546097 -1.636605 -5.645843  1.000000 0.000002 0.000001  0.033039 0.606299 1 64 1.000000
0  -2.546097 -1.955859 -5.261840  1.000000 0.000002 0.000001  0.033013 0.606270 1 64 1.000000
0  -2.546097 -1.955859 -5.645843  1.000000 0.000002 0.000001  0.033043 0.606274 1 64 1.000000
lowpoly_metal
0  -2.546097 -0.319684 -5.837844  1.000000 0.000000 -0.000001  0.033040 0.606405 1 64 1.000000
0  -2.546097 -0.652240 -5.645843  1.000000 0.000000 -0.000001  0.033028 0.606377 1 64 1.000000
0  -2.546097 -1.304049 -5.837844  1.000000 0.000000 -0.000001  0.033051 0.606328 1 64 1.000000
lowpoly_metal
0  -2.546097 -1.304049 -5.837844  1.000000 0.000000 0.000001  0.033051 0.606328 1 64 1.000000
0  -2.546097 -1.636605 -5.645843  1.000000 0.000000 0.000001  0.033039 0.606299 1 64 1.000000
0  -2.546097 -2.288414 -5.837844  1.000000 0.000000 0.000001  0.033062 0.606250 1 64 1.000000
lowpoly_metal
0  -2.546097 -4.478700 -5.504688  1.000000 0.000000 0.000000  0.033061 0.606075 1 64 1.000000
0  -2.546097 -3.487075 -5.805953  1.000000 0.000000 0.000000  0.033073 0.606156 1 64 1.000000
0  -2.546097 -3.210744 -4.896398  1.000000 0.000000 0.000000  0.032999 0.606167 1 64 1.000000
lowpoly_metal
0  -2.936542 -3.667665 -4.534291  -0.508790 -0.823715 0.250253  0.032499 0.607838 1 64 1.000000
0  -3.368150 -3.423935 -4.609551  -0.508790 -0.823715 0.250253  0.032504 0.607803 1 64 1.000000
0  -3.368150 -3.485703 -4.812863  -0.508790 -0.823715 0.250253  0.032520 0.607803 1 64 1.000000
lowpoly_metal
0  -2.546097 -8.947878 -3.090795  1.000000 0.000003 -0.000000  0.032922 0.605696 1 64 1.000000
0  -2.546097 -9.187167 -3.303621  1.000000 0.000003 -0.000000  0.032942 0.605680 1 64 1.000000
0  -2.546097 -9.203712 -3.358078  1.000000 0.000003 -0.000000  0.032946 0.605679 1 64 1.000000
lowpoly_metal
0  -2.546097 -9.187167 -3.303621  0.000000 -0.956804 0.290734  0.033080 0.607983 1 64 1.000000
0  -2.705164 -9.187167 -3.303621  0.000000 -0.956804 0.290734  0.033067 0.607983 1 64 1.000000
0  -2.705164 -9.203712 -3.358078  0.000000 -0.956804 0.290734  0.033067 0.607978 1 64 1.000000
lowpoly_metal
0  -2.546097 -8.603313 -3.048776  1.000000 0.000000 0.000000  0.032915 0.605723 1 64 1.000000
0  -2.546097 -8.947878 -3.090795  1.000000 0.000000 0.000000  0.032922 0.605696 1 64 1.000000
0  -2.546097 -8.993440 -3.240763  1.000000 0.000000 0.000000  0.032935 0.605695 1 64 1.000000
lowpoly_metal
0  -2.705164 -8.934310 -4.138263  -1.000000 0.000001 0.000000  0.032826 0.605710 1 64 1.000000
0  -2.705164 -9.197268 -3.911674  -1.000000 0.000001 0.000000  0.032840 0.605687 1 64 1.000000
0  -2.705164 -8.993440 -3.240763  -1.000000 0.000001 0.000000  0.032895 0.605694 1 64 1.000000
lowpoly_metal
0  -2.705164 -9.197268 -3.911674  -1.000000 0.000003 0.000000  0.032840 0.605687 1 64 1.000000
0  -2.705164 -9.277728 -3.601705  -1.000000 0.000003 0.000000  0.032863 0.605676 1 64 1.000000
0  -2.705164 -9.203712 -3.358078  -1.000000 0.000003 0.000000  0.032883 0.605679 1 64 1.000000
lowpoly_metal
0  -2.546097 -8.264027 -3.139086  1.000000 0.000002 0.000000  0.032918 0.605751 1 64 1.000000
0  -2.546097 -8.603313 -3.048776  1.000000 0.000002 0.000000  0.032915 0.605723 1 64 1.000000
0  -2.546097 -8.663784 -3.247817  1.000000 0.000002 0.000000  0.032931 0.605721 1 64 1.000000
lowpoly_metal
0  -2.546097 -7.151159 -3.477185  1.000000 -0.000000 0.000000  0.032932 0.605842 1 64 1.000000
0  -2.546097 -8.264027 -3.139086  1.000000 -0.000000 0.000000  0.032918 0.605751 1 64 1.000000
0  -2.546097 -8.325794 -3.342398  1.000000 -0.000000 0.000000  0.032935 0.605748 1 64 1.000000
lowpoly_metal
0  -2.705164 -8.264027 -3.139086  -1.000000 -0.000000 0.000000  0.032912 0.605750 1 64 1.000000
0  -2.705164 -7.151159 -3.477186  -1.000000 -0.000000 0.000000  0.032900 0.605841 1 64 1.000000
0  -2.705164 -7.212927 -3.680498  -1.000000 -0.000000 0.000000  0.032883 0.605839 1 64 1.000000
lowpoly_metal
0  -2.705164 -8.602125 -4.251953  -1.000000 0.000000 0.000000  0.032821 0.605737 1 64 1.000000
0  -2.705164 -8.934310 -4.138263  -1.000000 0.000000 0.000000  0.032826 0.605710 1 64 1.000000
0  -2.705164 -8.663784 -3.247817  -1.000000 0.000000 0.000000  0.032899 0.605720 1 64 1.000000
lowpoly_metal
0  -3.031637 1.014049 -4.725210  0.000000 0.002199 0.999998  0.033174 0.607501 1 64 1.000000
0  -3.368151 1.014049 -4.725210  0.000000 0.002199 0.999998  0.033147 0.607501 1 64 1.000000
0  -3.368150 -2.688876 -4.717068  0.000000 0.002199 0.999998  0.033147 0.607208 1 64 1.000000
lowpoly_metal
0  -2.936542 -3.729433 -4.737603  0.002689 -0.290690 -0.956814  0.032436 0.606960 1 64 1.000000
0  -3.368150 -3.485703 -4.812863  0.002689 -0.290690 -0.956814  0.032471 0.606980 1 64 1.000000
0  -3.368150 -3.210744 -4.896399  0.002689 -0.290690 -0.956814  0.032471 0.607003 1 64 1.000000
lowpoly_metal
0  -3.031636 -2.688876 -4.717068  0.000000 0.052053 0.998644  0.033174 0.607208 1 64 1.000000
0  -3.368150 -2.688876 -4.717068  0.000000 0.052053 0.998644  0.033147 0.607208 1 64 1.000000
0  -3.368150 -3.148975 -4.693086  0.000000 0.052053 0.998644  0.033147 0.607172 1 64 1.000000
lowpoly_metal
0  -2.705165 -2.688876 -4.717068  0.000000 0.052053 0.998644  0.033200 0.607208 1 64 1.000000
0  -3.031636 -2.688876 -4.717068  0.000000 0.052053 0.998644  0.033174 0.607208 1 64 1.000000
0  -3.031636 -3.148975 -4.693086  0.000000 0.052053 0.998644  0.033174 0.607172 1 64 1.000000
lowpoly_metal
0  -2.705166 2.972901 -4.968972  0.000000 0.999995 -0.003094  0.032125 0.607978 1 64 1.000000
0  -3.031637 2.972901 -4.968972  0.000000 0.999995 -0.003094  0.032151 0.607978 1 64 1.000000
0  -3.031637 2.973642 -4.729519  0.000000 0.999995 -0.003094  0.032151 0.607997 1 64 1.000000
lowpoly_metal
0  -2.705164 -4.202368 -4.595134  -0.015309 -0.295266 -0.955292  0.032418 0.606922 1 64 1.000000
0  -2.936542 -3.729433 -4.737603  -0.015309 -0.295266 -0.955292  0.032436 0.606960 1 64 1.000000
0  -3.031636 -3.210744 -4.896399  -0.015309 -0.295266 -0.955292  0.032444 0.607003 1 64 1.000000
lowpoly_metal
0  -2.705165 1.014049 -4.725210  0.000000 0.002199 0.999998  0.033200 0.607501 1 64 1.000000
0  -3.031637 1.014049 -4.725210  0.000000 0.002199 0.999998  0.033174 0.607501 1 64 1.000000
0  -3.031636 -2.688876 -4.717068  0.000000 0.002199 0.999998  0.033174 0.607208 1 64 1.000000
lowpoly_metal
0  -2.705165 1.010027 -4.964588  0.000003 -0.002233 -0.999997  0.032418 0.607336 1 64 1.000000
0  -3.031637 1.010027 -4.964588  0.000003 -0.002233 -0.999997  0.032444 0.607336 1 64 1.000000
0  -3.031637 2.972901 -4.968972  0.000003 -0.002233 -0.999997  0.032444 0.607491 1 64 1.000000
lowpoly_metal
0  -2.705164 -4.140599 -4.391821  -0.905565 -0.405888 0.123314  0.032866 0.606089 1 64 1.000000
0  -2.936542 -3.667665 -4.534291  -0.905565 -0.405888 0.123314  0.032860 0.606128 1 64 1.000000
0  -2.936542 -3.729433 -4.737603  -0.905565 -0.405888 0.123314  0.032844 0.606125 1 64 1.000000
lowpoly_metal
0  -2.705164 -3.148975 -4.693086  0.000000 0.292736 0.956193  0.033200 0.607172 1 64 1.000000
0  -3.031636 -3.148975 -4.693086  0.000000 0.292736 0.956193  0.033174 0.607172 1 64 1.000000
0  -2.936542 -3.667665 -4.534291  0.000000 0.292736 0.956193  0.033181 0.607130 1 64 1.000000
lowpoly_metal
0  -2.705164 -3.210744 -4.896399  0.000000 -0.116289 -0.993215  0.032418 0.607003 1 64 1.000000
0  -3.031636 -3.210744 -4.896399  0.000000 -0.116289 -0.993215  0.032444 0.607003 1 64 1.000000
0  -3.031636 -2.699100 -4.956304  0.000000 -0.116289 -0.993215  0.032444 0.607044 1 64 1.000000
lowpoly_plastic
0  -2.705164 -2.288414 -5.837844  0.000000 0.500001 0.866025  0.053039 0.674469 1 64 1.000000
0  -2.705164 -2.620970 -5.645843  0.000000 0.500001 0.866025  0.053039 0.674442 1 64 1.000000
0  -2.546097 -2.620970 -5.645843  0.000000 0.500001 0.866025  0.053052 0.674442 1 64 1.000000
lowpoly_plastic
0  -2.546097 -2.288415 -5.069839  0.000000 -0.500010 -0.866020  0.053069 0.674769 1 64 1.000000
0  -2.705164 -2.288415 -5.069839  0.000000 -0.500010 -0.866020  0.053082 0.674769 1 64 1.000000
0  -2.546097 -2.270501 -5.080182  0.000000 -0.500010 -0.866020  0.053069 0.674771 1 64 1.000000
lowpoly_plastic
0  -2.705164 -2.288415 -5.069839  -0.000004 -0.499999 -0.866026  0.053082 0.674769 1 64 1.000000
0  -2.705164 -1.955859 -5.261840  -0.000004 -0.499999 -0.866026  0.053082 0.674797 1 64 1.000000
0  -2.546097 -2.270501 -5.080182  -0.000004 -0.499999 -0.866026  0.053069 0.674771 1 64 1.000000
lowpoly_plastic
0  -2.705164 -2.620970 -5.645843  0.000000 1.000000 0.000000  0.053258 0.675037 1 64 1.000000
0  -2.705164 -2.620970 -5.261840  0.000000 1.000000 0.000000  0.053258 0.675067 1 64 1.000000
0  -2.546097 -2.620970 -5.261840  0.000000 1.000000 0.000000  0.053246 0.675067 1 64 1.000000
lowpoly_plastic
0  -2.705164 -2.620970 -5.261840  0.000004 0.500002 -0.866024  0.053082 0.674745 1 64 1.000000
0  -2.705164 -2.288415 -5.069839  0.000004 0.500002 -0.866024  0.053082 0.674769 1 64 1.000000
0  -2.546097 -2.288415 -5.069839  0.000004 0.500002 -0.866024  0.053069 0.674769 1 64 1.000000
lowpoly_metal
0  -2.546098 0.997237 -5.645844  1.000000 0.000000 0.000000  0.033009 0.606506 1 64 1.000000
0  -2.546098 2.969596 -6.040208  1.000000 0.000000 0.000000  0.033018 0.606665 1 64 1.000000
0  -2.546098 2.972901 -4.968972  1.000000 0.000000 0.000000  0.032934 0.606653 1 64 1.000000
lowpoly_metal
0  -2.546098 2.972901 -4.968972  1.000000 0.000000 -0.000000  0.032934 0.606653 1 64 1.000000
0  -2.546098 1.010027 -4.964588  1.000000 0.000000 -0.000000  0.032956 0.606499 1 64 1.000000
0  -2.546098 0.997237 -5.261840  1.000000 0.000000 -0.000000  0.032979 0.606502 1 64 1.000000
lowpoly_metal
0  -2.546098 1.010027 -4.964588  1.000000 0.000000 0.000002  0.032956 0.606499 1 64 1.000000
0  -2.546097 -2.699100 -4.956304  1.000000 0.000000 0.000002  0.032997 0.606208 1 64 1.000000
0  -2.546097 -1.304049 -5.069839  1.000000 0.000000 0.000002  0.032990 0.606319 1 64 1.000000
lowpoly_metal
0  -2.546097 -2.699100 -4.956304  1.000000 -0.000001 0.000002  0.032997 0.606208 1 64 1.000000
0  -2.546097 -2.620970 -5.261840  1.000000 -0.000001 0.000002  0.033021 0.606218 1 64 1.000000
0  -2.546097 -2.288415 -5.069839  1.000000 -0.000001 0.000002  0.033002 0.606242 1 64 1.000000
lowpoly_metal
0  -2.546097 -2.288415 -5.069839  1.000000 0.000001 0.000000  0.033002 0.606242 1 64 1.000000
0  -2.546097 -2.270501 -5.080182  1.000000 0.000001 0.000000  0.033002 0.606243 1 64 1.000000
0  -2.546097 -1.304049 -5.069839  1.000000 0.000001 0.000000  0.032990 0.606319 1 64 1.000000
lowpoly_metal
0  -2.546097 -2.270501 -5.080182  1.000000 0.000001 0.000001  0.033002 0.606243 1 64 1.000000
0  -2.546097 -1.636605 -5.261840  1.000000 0.000001 0.000001  0.033009 0.606295 1 64 1.000000
0  -2.546097 -1.304049 -5.069839  1.000000 0.000001 0.000001  0.032990 0.606319 1 64 1.000000
lowpoly_metal
0  -2.546097 -1.304049 -5.069839  1.000000 0.000000 0.000000  0.032990 0.606319 1 64 1.000000
0  -2.546097 -0.971493 -5.261840  1.000000 0.000000 0.000000  0.033002 0.606347 1 64 1.000000
0  -2.546097 -0.652239 -5.261840  1.000000 0.000000 0.000000  0.032998 0.606372 1 64 1.000000
lowpoly_metal
0  -2.546098 1.010027 -4.964588  1.000000 0.000001 -0.000001  0.032956 0.606499 1 64 1.000000
0  -2.546097 -1.304049 -5.069839  1.000000 0.000001 -0.000001  0.032990 0.606319 1 64 1.000000
0  -2.546098 -0.319684 -5.069839  1.000000 0.000001 -0.000001  0.032979 0.606396 1 64 1.000000
lowpoly_metal
0  -2.546097 -2.699100 -4.956304  1.000000 0.000000 0.000003  0.032997 0.606208 1 64 1.000000
0  -2.546097 -2.288415 -5.069839  1.000000 0.000000 0.000003  0.033002 0.606242 1 64 1.000000
0  -2.546097 -1.304049 -5.069839  1.000000 0.000000 0.000003  0.032990 0.606319 1 64 1.000000
lowpoly_metal
0  -2.546098 0.997237 -5.261840  1.000000 0.000000 0.000000  0.032979 0.606502 1 64 1.000000
0  -2.546098 0.997237 -5.645844  1.000000 0.000000 0.000000  0.033009 0.606506 1 64 1.000000
0  -2.546098 2.972901 -4.968972  1.000000 0.000000 0.000000  0.032934 0.606653 1 64 1.000000
lowpoly_metal
0  -2.546098 0.012873 -5.261840  1.000000 0.000000 0.000001  0.032991 0.606424 1 64 1.000000
0  -2.546098 0.332126 -5.261841  1.000000 0.000000 0.000001  0.032987 0.606449 1 64 1.000000
0  -2.546098 0.664681 -5.069839  1.000000 0.000000 0.000001  0.032968 0.606473 1 64 1.000000
lowpoly_metal
0  -2.546098 0.664681 -5.069839  1.000000 0.000000 0.000000  0.032968 0.606473 1 64 1.000000
0  -2.546098 0.997237 -5.261840  1.000000 0.000000 0.000000  0.032979 0.606502 1 64 1.000000
0  -2.546098 1.010027 -4.964588  1.000000 0.000000 0.000000  0.032956 0.606499 1 64 1.000000
lowpoly_metal
0  -2.546098 0.664681 -5.069839  1.000000 0.000000 -0.000001  0.032968 0.606473 1 64 1.000000
0  -2.546098 1.010027 -4.964588  1.000000 0.000000 -0.000001  0.032956 0.606499 1 64 1.000000
0  -2.546098 -0.319684 -5.069839  1.000000 0.000000 -0.000001  0.032979 0.606396 1 64 1.000000
lowpoly_metal
0  -2.546097 -1.304049 -5.069839  1.000000 0.000000 0.000001  0.032990 0.606319 1 64 1.000000
0  -2.546097 -0.652239 -5.261840  1.000000 0.000000 0.000001  0.032998 0.606372 1 64 1.000000
0  -2.546098 -0.319684 -5.069839  1.000000 0.000000 0.000001  0.032979 0.606396 1 64 1.000000
lowpoly_plastic
0  -2.705165 0.997238 -5.645844  0.000000 -0.499997 0.866027  0.051731 0.676429 1 64 1.000000
0  -2.705165 0.664681 -5.837844  0.000000 -0.499997 0.866027  0.051731 0.676404 1 64 1.000000
0  -2.546098 0.664681 -5.837844  0.000000 -0.499997 0.866027  0.051744 0.676404 1 64 1.000000
lowpoly_plastic
0  -2.705165 0.664681 -5.837844  0.000000 0.500000 0.866026  0.051731 0.676404 1 64 1.000000
0  -2.705165 0.332126 -5.645843  0.000000 0.500000 0.866026  0.051731 0.676377 1 64 1.000000
0  -2.546098 0.332126 -5.645843  0.000000 0.500000 0.866026  0.051744 0.676377 1 64 1.000000
lowpoly_plastic
0  -2.705165 -0.971493 -5.645843  0.000000 -0.500000 0.866025  0.051848 0.676445 1 64 1.000000
0  -2.705164 -1.304049 -5.837844  0.000000 -0.500000 0.866025  0.051848 0.676420 1 64 1.000000
0  -2.546097 -1.304049 -5.837844  0.000000 -0.500000 0.866025  0.051861 0.676420 1 64 1.000000
lowpoly_plastic
0  -2.705165 0.012873 -5.261840  0.000000 -1.000000 0.000002  0.053258 0.676389 1 64 1.000000
0  -2.705165 0.012872 -5.645843  0.000000 -1.000000 0.000002  0.053258 0.676358 1 64 1.000000
0  -2.546098 0.012872 -5.645843  0.000000 -1.000000 0.000002  0.053270 0.676358 1 64 1.000000
lowpoly_plastic
0  -2.705165 -1.304049 -5.069839  0.000000 -0.500001 -0.866025  0.051282 0.676433 1 64 1.000000
0  -2.705165 -0.971493 -5.261840  0.000000 -0.500001 -0.866025  0.051282 0.676460 1 64 1.000000
0  -2.546097 -0.971493 -5.261840  0.000000 -0.500001 -0.866025  0.051269 0.676460 1 64 1.000000
lowpoly_metal
0  -2.705164 -2.744834 -6.026567  -1.000000 0.000000 -0.000000  0.032755 0.606218 1 64 1.000000
0  -2.705164 -2.699100 -4.956304  -1.000000 0.000000 -0.000000  0.032839 0.606208 1 64 1.000000
0  -2.705164 -2.620970 -5.261840  -1.000000 0.000000 -0.000000  0.032817 0.606218 1 64 1.000000
lowpoly_metal
0  -2.705164 -2.744834 -6.026567  -1.000000 0.000005 0.000000  0.032755 0.606218 1 64 1.000000
0  -2.705164 -2.620970 -5.261840  -1.000000 0.000005 0.000000  0.032817 0.606218 1 64 1.000000
0  -2.705164 -2.620970 -5.645843  -1.000000 0.000005 0.000000  0.032786 0.606223 1 64 1.000000
lowpoly_metal
0  -2.705165 0.664681 -5.837844  -1.000000 -0.000000 0.000000  0.032812 0.606483 1 64 1.000000
0  -2.705165 0.997238 -5.645844  -1.000000 -0.000000 0.000000  0.032832 0.606507 1 64 1.000000
0  -2.705165 2.969596 -6.040208  -1.000000 -0.000000 0.000000  0.032825 0.606666 1 64 1.000000
lowpoly_metal
0  -2.705165 0.012872 -5.645843  -1.000000 0.000000 -0.000001  0.032819 0.606429 1 64 1.000000
0  -2.705165 0.332126 -5.645843  -1.000000 0.000000 -0.000001  0.032823 0.606454 1 64 1.000000
0  -2.705165 -0.319684 -5.837844  -1.000000 0.000000 -0.000001  0.032800 0.606406 1 64 1.000000
lowpoly_metal
0  -2.705165 0.332126 -5.645843  -1.000000 0.000000 -0.000000  0.032823 0.606454 1 64 1.000000
0  -2.705165 0.664681 -5.837844  -1.000000 0.000000 -0.000000  0.032812 0.606483 1 64 1.000000
0  -2.705165 -0.319684 -5.837844  -1.000000 0.000000 -0.000000  0.032800 0.606406 1 64 1.000000
lowpoly_metal
0  -2.705165 -0.971493 -5.645843  -1.000000 -0.000002 -0.000001  0.032807 0.606352 1 64 1.000000
0  -2.705165 -0.652240 -5.645843  -1.000000 -0.000002 -0.000001  0.032811 0.606377 1 64 1.000000
0  -2.705164 -1.304049 -5.837844  -1.000000 -0.000002 -0.000001  0.032788 0.606329 1 64 1.000000
lowpoly_metal
0  -2.705165 -0.652240 -5.645843  -1.000000 0.000000 -0.000000  0.032811 0.606377 1 64 1.000000
0  -2.705165 -0.319684 -5.837844  -1.000000 0.000000 -0.000000  0.032800 0.606406 1 64 1.000000
0  -2.705164 -1.304049 -5.837844  -1.000000 0.000000 -0.000000  0.032788 0.606329 1 64 1.000000
lowpoly_metal
0  -2.705165 0.664681 -5.837844  -1.000000 0.000000 -0.000000  0.032812 0.606483 1 64 1.000000
0  -2.705165 2.969596 -6.040208  -1.000000 0.000000 -0.000000  0.032825 0.606666 1 64 1.000000
0  -2.705165 -0.319684 -5.837844  -1.000000 0.000000 -0.000000  0.032800 0.606406 1 64 1.000000
lowpoly_metal
0  -2.705165 2.969596 -6.040208  -1.000000 -0.000000 0.000000  0.032825 0.606666 1 64 1.000000
0  -2.705164 -2.744834 -6.026567  -1.000000 -0.000000 0.000000  0.032755 0.606218 1 64 1.000000
0  -2.705165 -0.319684 -5.837844  -1.000000 -0.000000 0.000000  0.032800 0.606406 1 64 1.000000
lowpoly_metal
0  -2.705164 -2.744834 -6.026567  -1.000000 -0.000001 -0.000001  0.032755 0.606218 1 64 1.000000
0  -2.705164 -2.620970 -5.645843  -1.000000 -0.000001 -0.000001  0.032786 0.606223 1 64 1.000000
0  -2.705164 -2.288414 -5.837844  -1.000000 -0.000001 -0.000001  0.032776 0.606252 1 64 1.000000
lowpoly_metal
0  -2.705164 -2.288414 -5.837844  -1.000000 0.000000 0.000000  0.032776 0.606252 1 64 1.000000
0  -2.705164 -1.955859 -5.645843  -1.000000 0.000000 0.000000  0.032795 0.606275 1 64 1.000000
0  -2.705164 -1.304049 -5.837844  -1.000000 0.000000 0.000000  0.032788 0.606329 1 64 1.000000
lowpoly_metal
0  -2.705164 -1.955859 -5.645843  -1.000000 0.000002 0.000000  0.032795 0.606275 1 64 1.000000
0  -2.705164 -1.636605 -5.645843  -1.000000 0.000002 0.000000  0.032799 0.606300 1 64 1.000000
0  -2.705164 -1.304049 -5.837844  -1.000000 0.000002 0.000000  0.032788 0.606329 1 64 1.000000
lowpoly_metal
0  -2.705164 -2.744834 -6.026567  -1.000000 0.000000 -0.000001  0.032755 0.606218 1 64 1.000000
0  -2.705164 -2.288414 -5.837844  -1.000000 0.000000 -0.000001  0.032776 0.606252 1 64 1.000000
0  -2.705164 -1.304049 -5.837844  -1.000000 0.000000 -0.000001  0.032788 0.606329 1 64 1.000000
lowpoly_plastic
0  -2.705165 0.997237 -5.261840  -0.000006 -1.000000 -0.000002  0.051676 0.676470 1 64 1.000000
0  -2.705165 0.997238 -5.645844  -0.000006 -1.000000 -0.000002  0.051676 0.676439 1 64 1.000000
0  -2.546098 0.997237 -5.645844  -0.000006 -1.000000 -0.000002  0.051688 0.676439 1 64 1.000000
lowpoly_plastic
0  -2.705165 0.332126 -5.261841  0.000000 0.500001 -0.866025  0.051571 0.676413 1 64 1.000000
0  -2.705165 0.664681 -5.069839  0.000000 0.500001 -0.866025  0.051571 0.676437 1 64 1.000000
0  -2.546098 0.664681 -5.069839  0.000000 0.500001 -0.866025  0.051558 0.676437 1 64 1.000000
lowpoly_plastic
0  -2.705165 0.332126 -5.645843  0.000000 1.000000 0.000000  0.053233 0.675037 1 64 1.000000
0  -2.705165 0.332126 -5.261841  0.000000 1.000000 0.000000  0.053233 0.675067 1 64 1.000000
0  -2.546098 0.332126 -5.261841  0.000000 1.000000 0.000000  0.053220 0.675067 1 64 1.000000
lowpoly_plastic
0  -2.705165 -0.971493 -5.261840  0.000000 -1.000000 0.000000  0.053258 0.674615 1 64 1.000000
0  -2.705165 -0.971493 -5.645843  0.000000 -1.000000 0.000000  0.053258 0.674585 1 64 1.000000
0  -2.546097 -0.971493 -5.645843  0.000000 -1.000000 0.000000  0.053271 0.674585 1 64 1.000000
lowpoly_plastic
0  -2.705165 -0.319684 -5.837844  -0.000008 0.499999 0.866026  0.051001 0.676190 1 64 1.000000
0  -2.705165 -0.652240 -5.645843  -0.000008 0.499999 0.866026  0.051001 0.676163 1 64 1.000000
0  -2.546097 -0.652240 -5.645843  -0.000008 0.499999 0.866026  0.051013 0.676163 1 64 1.000000
lowpoly_plastic
0  -2.705164 -1.304049 -5.837844  0.000000 0.500000 0.866025  0.051848 0.676420 1 64 1.000000
0  -2.705164 -1.636605 -5.645843  0.000000 0.500000 0.866025  0.051848 0.676393 1 64 1.000000
0  -2.546097 -1.636605 -5.645843  0.000000 0.500000 0.866025  0.051861 0.676393 1 64 1.000000
lowpoly_plastic
0  -2.705165 -1.636605 -5.261840  0.000000 0.500000 -0.866025  0.051282 0.676408 1 64 1.000000
0  -2.705165 -1.304049 -5.069839  0.000000 0.500000 -0.866025  0.051282 0.676433 1 64 1.000000
0  -2.546097 -1.304049 -5.069839  0.000000 0.500000 -0.866025  0.051269 0.676433 1 64 1.000000
lowpoly_plastic
0  -2.705165 -0.652239 -5.261840  0.000000 0.499999 -0.866026  0.053107 0.674745 1 64 1.000000
0  -2.705165 -0.319684 -5.069839  0.000000 0.499999 -0.866026  0.053107 0.674769 1 64 1.000000
0  -2.546098 -0.319684 -5.069839  0.000000 0.499999 -0.866026  0.053095 0.674769 1 64 1.000000
lowpoly_plastic
0  -2.705165 -0.319684 -5.069839  0.000000 -0.499997 -0.866027  0.053107 0.674769 1 64 1.000000
0  -2.705165 0.012873 -5.261840  0.000000 -0.499997 -0.866027  0.053107 0.674797 1 64 1.000000
0  -2.546098 0.012873 -5.261840  0.000000 -0.499997 -0.866027  0.053095 0.674797 1 64 1.000000
lowpoly_plastic
0  -2.705164 -1.955859 -5.645843  0.000000 -0.500001 0.866025  0.053039 0.674494 1 64 1.000000
0  -2.705164 -2.288414 -5.837844  0.000000 -0.500001 0.866025  0.053039 0.674469 1 64 1.000000
0  -2.546097 -2.288414 -5.837844  0.000000 -0.500001 0.866025  0.053052 0.674469 1 64 1.000000
lowpoly_plastic
0  -2.705165 -0.652240 -5.645843  0.000000 1.000000 -0.000001  0.053246 0.675037 1 64 1.000000
0  -2.705165 -0.652239 -5.261840  0.000000 1.000000 -0.000001  0.053246 0.675067 1 64 1.000000
0  -2.546097 -0.652239 -5.261840  0.000000 1.000000 -0.000001  0.053233 0.675067 1 64 1.000000
lowpoly_plastic
0  -2.705165 0.012872 -5.645843  0.000000 -0.500002 0.866024  0.051001 0.676215 1 64 1.000000
0  -2.705165 -0.319684 -5.837844  0.000000 -0.500002 0.866024  0.051001 0.676190 1 64 1.000000
0  -2.546097 -0.319684 -5.837844  0.000000 -0.500002 0.866024  0.051013 0.676190 1 64 1.000000
lowpoly_plastic
0  -2.705165 0.664681 -5.069839  0.000000 -0.499999 -0.866026  0.051571 0.676437 1 64 1.000000
0  -2.705165 0.997237 -5.261840  0.000000 -0.499999 -0.866026  0.051571 0.676465 1 64 1.000000
0  -2.546098 0.997237 -5.261840  0.000000 -0.499999 -0.866026  0.051558 0.676465 1 64 1.000000
lowpoly_plastic
0  -2.705164 -1.636605 -5.645843  0.000000 1.000000 0.000000  0.053263 0.675532 1 64 1.000000
0  -2.705165 -1.636605 -5.261840  0.000000 1.000000 0.000000  0.053263 0.675562 1 64 1.000000
0  -2.546097 -1.636605 -5.261840  0.000000 1.000000 0.000000  0.053251 0.675562 1 64 1.000000
lowpoly_plastic
0  -2.705164 -1.955859 -5.261840  0.000000 -1.000000 -0.000001  0.050970 0.676471 1 64 1.000000
0  -2.705164 -1.955859 -5.645843  0.000000 -1.000000 -0.000001  0.050970 0.676440 1 64 1.000000
0  -2.546097 -1.955859 -5.645843  0.000000 -1.000000 -0.000001  0.050983 0.676440 1 64 1.000000
lowpoly_metal
0  -2.705164 -2.699100 -4.956304  0.000000 -0.002234 -0.999997  0.032418 0.607044 1 64 1.000000
0  -3.031636 -2.699100 -4.956304  0.000000 -0.002234 -0.999997  0.032444 0.607044 1 64 1.000000
0  -3.031637 1.010027 -4.964588  0.000000 -0.002234 -0.999997  0.032444 0.607336 1 64 1.000000
lowpoly_metal
0  -2.705166 2.973642 -4.729519  0.000000 0.002199 0.999998  0.033200 0.607656 1 64 1.000000
0  -3.031637 2.973642 -4.729519  0.000000 0.002199 0.999998  0.033174 0.607656 1 64 1.000000
0  -3.031637 1.014049 -4.725210  0.000000 0.002199 0.999998  0.033174 0.607501 1 64 1.000000
lowpoly_metal
0  -3.031636 -2.699100 -4.956304  0.000000 -0.002234 -0.999997  0.032444 0.607044 1 64 1.000000
0  -3.368150 -2.699100 -4.956304  0.000000 -0.002234 -0.999997  0.032471 0.607044 1 64 1.000000
0  -3.368151 1.010027 -4.964588  0.000000 -0.002234 -0.999997  0.032471 0.607336 1 64 1.000000
lowpoly_metal
0  -2.546097 -2.688876 -4.717068  0.000000 0.002199 0.999998  0.033212 0.607208 1 64 1.000000
0  -2.546098 1.014049 -4.725210  0.000000 0.002199 0.999998  0.033212 0.607501 1 64 1.000000
0  -2.705165 1.014049 -4.725210  0.000000 0.002199 0.999998  0.033200 0.607501 1 64 1.000000
lowpoly_metal
0  -2.546097 -2.699100 -4.956304  1.000000 0.000000 -0.000000  0.032997 0.606208 1 64 1.000000
0  -2.546098 1.010027 -4.964588  1.000000 0.000000 -0.000000  0.032956 0.606499 1 64 1.000000
0  -2.546098 1.014049 -4.725210  1.000000 0.000000 -0.000000  0.032937 0.606497 1 64 1.000000
lowpoly_metal
0  -3.031637 2.972901 -4.968972  -1.000000 -0.000000 0.000000  0.049188 0.675507 1 64 1.000000
0  -3.031637 1.010027 -4.964588  -1.000000 -0.000000 0.000000  0.049188 0.675352 1 64 1.000000
0  -3.031637 1.014049 -4.725210  -1.000000 -0.000000 0.000000  0.049207 0.675352 1 64 1.000000
lowpoly_metal
0  -3.368151 1.014049 -4.725210  0.000000 0.999859 -0.016798  0.049908 0.675663 1 64 1.000000
0  -3.031637 1.014049 -4.725210  0.000000 0.999859 -0.016798  0.049908 0.675690 1 64 1.000000
0  -3.031637 1.010027 -4.964588  0.000000 0.999859 -0.016798  0.049889 0.675690 1 64 1.000000
lowpoly_metal
0  -2.546098 2.969596 -6.040208  0.999917 -0.012850 0.000040  0.033018 0.606665 1 64 1.000000
0  -2.539881 3.453346 -6.045940  0.999917 -0.012850 0.000040  0.033013 0.606703 1 64 1.000000
0  -2.539881 3.456653 -4.974705  0.999917 -0.012850 0.000040  0.032929 0.606691 1 64 1.000000
lowpoly_metal
0  -2.705165 2.969596 -6.040208  -0.999917 0.012851 -0.000040  0.032825 0.606666 1 64 1.000000
0  -2.705166 2.972901 -4.968972  -0.999917 0.012851 -0.000040  0.032909 0.606653 1 64 1.000000
0  -2.698948 3.456653 -4.974705  -0.999917 0.012851 -0.000040  0.032915 0.606691 1 64 1.000000
lowpoly_metal
0  -2.546098 2.969596 -6.040208  0.000000 -0.011848 -0.999930  0.033263 0.606654 1 64 1.000000
0  -2.705165 2.969596 -6.040208  0.000000 -0.011848 -0.999930  0.033275 0.606654 1 64 1.000000
0  -2.698948 3.453346 -6.045940  0.000000 -0.011848 -0.999930  0.033275 0.606692 1 64 1.000000
lowpoly_metal
0  -2.539881 3.456653 -4.974705  0.000000 0.011850 0.999930  0.032589 0.607350 1 64 1.000000
0  -2.698948 3.456653 -4.974705  0.000000 0.011850 0.999930  0.032576 0.607350 1 64 1.000000
0  -2.705166 2.972901 -4.968972  0.000000 0.011850 0.999930  0.032576 0.607311 1 64 1.000000
lowpoly_metal
0  -2.698948 3.453346 -6.045940  0.000000 0.999995 -0.003087  0.033459 0.605978 1 64 1.000000
0  -2.698948 3.456653 -4.974705  0.000000 0.999995 -0.003087  0.033459 0.606063 1 64 1.000000
0  -2.539881 3.456653 -4.974705  0.000000 0.999995 -0.003087  0.033447 0.606063 1 64 1.000000
lowpoly_metal
0  -2.423923 -8.674812 -3.335738  0.000000 -0.500001 0.866025  0.052942 0.688843 1 64 1.000000
0  -4.312377 -8.674812 -3.335738  0.000000 -0.500001 0.866025  0.052942 0.688754 1 64 1.000000
0  -4.312377 -8.936879 -3.487042  0.000000 -0.500001 0.866025  0.052986 0.688754 1 64 1.000000
lowpoly_metal
0  -2.423923 -8.936879 -3.487043  0.000000 -1.000000 0.000000  0.052875 0.688931 1 64 1.000000
0  -4.312377 -8.936879 -3.487042  0.000000 -1.000000 0.000000  0.052875 0.688843 1 64 1.000000
0  -4.312377 -8.936879 -3.789651  0.000000 -1.000000 0.000000  0.052897 0.688843 1 64 1.000000
lowpoly_metal
0  -2.423923 -8.936879 -3.789651  0.000000 -0.499999 -0.866026  0.052897 0.688931 1 64 1.000000
0  -4.312377 -8.936879 -3.789651  0.000000 -0.499999 -0.866026  0.052897 0.688843 1 64 1.000000
0  -4.312377 -8.674812 -3.940956  0.000000 -0.499999 -0.866026  0.052942 0.688843 1 64 1.000000
lowpoly_metal
0  -2.423923 -8.674812 -3.940956  0.000000 0.500002 -0.866024  0.051788 0.690193 1 64 1.000000
0  -4.312377 -8.674812 -3.940956  0.000000 0.500002 -0.866024  0.051788 0.690105 1 64 1.000000
0  -4.312377 -8.412746 -3.789651  0.000000 0.500002 -0.866024  0.051810 0.690105 1 64 1.000000
lowpoly_metal
0  -4.312377 -8.936879 -3.789651  -1.000000 0.000000 0.000000  0.051256 0.690237 1 64 1.000000
0  -4.312377 -8.936879 -3.487042  -1.000000 0.000000 0.000000  0.051218 0.690259 1 64 1.000000
0  -4.312377 -8.412746 -3.789651  -1.000000 0.000000 0.000000  0.051218 0.690170 1 64 1.000000
lowpoly_metal
0  -4.312377 -8.936879 -3.487042  -1.000000 0.000000 0.000000  0.051218 0.690259 1 64 1.000000
0  -4.312377 -8.674812 -3.335738  -1.000000 0.000000 0.000000  0.051180 0.690237 1 64 1.000000
0  -4.312377 -8.412746 -3.789651  -1.000000 0.000000 0.000000  0.051218 0.690170 1 64 1.000000
lowpoly_metal
0  -4.312377 -8.674812 -3.335738  -1.000000 -0.000003 0.000000  0.051180 0.690237 1 64 1.000000
0  -4.312377 -8.412746 -3.487042  -1.000000 -0.000003 0.000000  0.051180 0.690193 1 64 1.000000
0  -4.312377 -8.412746 -3.789651  -1.000000 -0.000003 0.000000  0.051218 0.690170 1 64 1.000000
lowpoly_metal
0  -2.423923 -8.412745 -3.789651  -0.000001 1.000000 0.000000  0.051810 0.690193 1 64 1.000000
0  -4.312377 -8.412746 -3.789651  -0.000001 1.000000 0.000000  0.051810 0.690105 1 64 1.000000
0  -4.312377 -8.412746 -3.487042  -0.000001 1.000000 0.000000  0.051854 0.690105 1 64 1.000000
lowpoly_metal
0  -2.423923 -8.412745 -3.487043  -0.000000 0.500001 0.866025  0.051854 0.690193 1 64 1.000000
0  -4.312377 -8.412746 -3.487042  -0.000000 0.500001 0.866025  0.051854 0.690105 1 64 1.000000
0  -4.312377 -8.674812 -3.335738  -0.000000 0.500001 0.866025  0.051877 0.690105 1 64 1.000000
lowpoly_metal
0  -2.423923 -8.412745 -3.487043  1.000000 0.000000 0.000000  0.052894 0.689822 1 64 1.000000
0  -2.423923 -8.674812 -3.335738  1.000000 0.000000 0.000000  0.052894 0.689866 1 64 1.000000
0  -2.423923 -8.674812 -3.940956  1.000000 0.000000 0.000000  0.052817 0.689822 1 64 1.000000
lowpoly_metal
0  -2.423923 -8.674812 -3.335738  1.000000 0.000000 0.000000  0.052894 0.689866 1 64 1.000000
0  -2.423923 -8.936879 -3.487043  1.000000 0.000000 0.000000  0.052856 0.689888 1 64 1.000000
0  -2.423923 -8.674812 -3.940956  1.000000 0.000000 0.000000  0.052817 0.689822 1 64 1.000000
lowpoly_metal
0  -2.423923 -8.936879 -3.487043  1.000000 0.000000 0.000000  0.052856 0.689888 1 64 1.000000
0  -2.423923 -8.936879 -3.789651  1.000000 0.000000 0.000000  0.052817 0.689866 1 64 1.000000
0  -2.423923 -8.674812 -3.940956  1.000000 0.000000 0.000000  0.052817 0.689822 1 64 1.000000
lowpoly_metal
0  -2.465880 -8.674812 -3.216609  0.000000 -0.500000 0.866026  0.022387 0.627630 1 64 1.000000
0  -4.270421 -8.674813 -3.216609  0.000000 -0.500000 0.866026  0.022387 0.627541 1 64 1.000000
0  -4.270420 -9.040049 -3.427478  0.000000 -0.500000 0.866026  0.022431 0.627541 1 64 1.000000
lowpoly_metal
0  -2.465879 -9.040049 -3.427478  0.000000 -1.000000 -0.000001  0.022321 0.627720 1 64 1.000000
0  -4.270420 -9.040049 -3.427478  0.000000 -1.000000 -0.000001  0.022321 0.627632 1 64 1.000000
0  -4.270421 -9.040049 -3.849216  0.000000 -1.000000 -0.000001  0.022343 0.627632 1 64 1.000000
lowpoly_metal
0  -2.465880 -9.040049 -3.849216  0.000000 -0.499999 -0.866026  0.022343 0.627720 1 64 1.000000
0  -4.270421 -9.040049 -3.849216  0.000000 -0.499999 -0.866026  0.022343 0.627632 1 64 1.000000
0  -4.270421 -8.674812 -4.060085  0.000000 -0.499999 -0.866026  0.022387 0.627632 1 64 1.000000
lowpoly_metal
0  -2.465880 -8.674812 -4.060085  0.000000 0.500002 -0.866024  0.020531 0.628898 1 64 1.000000
0  -4.270421 -8.674812 -4.060085  0.000000 0.500002 -0.866024  0.020531 0.628810 1 64 1.000000
0  -4.270421 -8.309577 -3.849216  0.000000 0.500002 -0.866024  0.020554 0.628810 1 64 1.000000
lowpoly_metal
0  -4.270421 -9.040049 -3.849216  -1.000000 -0.000002 0.000001  0.022343 0.627377 1 64 1.000000
0  -4.270420 -9.040049 -3.427478  -1.000000 -0.000002 0.000001  0.022304 0.627399 1 64 1.000000
0  -4.270421 -8.674813 -3.216609  -1.000000 -0.000002 0.000001  0.022266 0.627377 1 64 1.000000
lowpoly_metal
0  -4.270421 -8.674813 -3.216609  -1.000000 0.000005 0.000001  0.022266 0.627377 1 64 1.000000
0  -4.270420 -8.309577 -3.427478  -1.000000 0.000005 0.000001  0.022266 0.627332 1 64 1.000000
0  -4.270421 -8.309577 -3.849216  -1.000000 0.000005 0.000001  0.022304 0.627310 1 64 1.000000
lowpoly_metal
0  -4.270421 -8.309577 -3.849216  -1.000000 0.000000 0.000000  0.022304 0.627310 1 64 1.000000
0  -4.270421 -8.674812 -4.060085  -1.000000 0.000000 0.000000  0.022343 0.627332 1 64 1.000000
0  -4.270421 -8.674813 -3.216609  -1.000000 0.000000 0.000000  0.022266 0.627377 1 64 1.000000
lowpoly_metal
0  -2.465880 -8.309577 -3.849216  0.000000 1.000000 0.000000  0.020554 0.628898 1 64 1.000000
0  -4.270421 -8.309577 -3.849216  0.000000 1.000000 0.000000  0.020554 0.628810 1 64 1.000000
0  -4.270420 -8.309577 -3.427478  0.000000 1.000000 0.000000  0.020598 0.628810 1 64 1.000000
lowpoly_metal
0  -2.465879 -8.309577 -3.427478  0.000000 0.499999 0.866026  0.020598 0.628898 1 64 1.000000
0  -4.270420 -8.309577 -3.427478  0.000000 0.499999 0.866026  0.020598 0.628810 1 64 1.000000
0  -4.270421 -8.674813 -3.216609  0.000000 0.499999 0.866026  0.020620 0.628810 1 64 1.000000
lowpoly_metal
0  -2.465879 -8.309577 -3.427478  1.000000 0.000000 0.000001  0.022213 0.628899 1 64 1.000000
0  -2.465880 -8.674812 -3.216609  1.000000 0.000000 0.000001  0.022213 0.628944 1 64 1.000000
0  -2.465879 -9.040049 -3.427478  1.000000 0.000000 0.000001  0.022175 0.628966 1 64 1.000000
lowpoly_metal
0  -2.465879 -9.040049 -3.427478  1.000000 0.000001 -0.000001  0.022175 0.628966 1 64 1.000000
0  -2.465880 -9.040049 -3.849216  1.000000 0.000001 -0.000001  0.022136 0.628944 1 64 1.000000
0  -2.465880 -8.674812 -4.060085  1.000000 0.000001 -0.000001  0.022136 0.628899 1 64 1.000000
lowpoly_metal
0  -2.465880 -8.674812 -4.060085  1.000000 -0.000002 -0.000001  0.022136 0.628899 1 64 1.000000
0  -2.465880 -8.309577 -3.849216  1.000000 -0.000002 -0.000001  0.022175 0.628877 1 64 1.000000
0  -2.465879 -8.309577 -3.427478  1.000000 -0.000002 -0.000001  0.022213 0.628899 1 64 1.000000
lowpoly_metal
0  -3.918545 4.409181 -4.792309  0.000000 0.000000 1.000000  0.008902 0.626832 1 64 1.000000
0  -4.197847 4.409181 -4.792309  0.000000 0.000000 1.000000  0.008902 0.626842 1 64 1.000000
0  -4.197847 3.283914 -4.792308  0.000000 0.000000 1.000000  0.008867 0.626842 1 64 1.000000
lowpoly_metal
0  -3.918545 3.282096 -4.792308  0.000000 0.000000 1.000000  0.008867 0.626832 1 64 1.000000
0  -3.918545 3.282096 -4.792308  0.000000 0.000000 1.000000  0.008867 0.626832 1 64 1.000000
0  -3.918545 4.409181 -4.792309  0.000000 0.000000 1.000000  0.008902 0.626832 1 64 1.000000
lowpoly_metal
0  -3.918545 3.282096 -6.655255  0.000000 0.000000 1.000000  0.009611 0.625633 1 64 1.000000
0  -3.918545 3.282096 -4.792308  0.000000 0.000000 1.000000  0.009611 0.625633 1 64 1.000000
0  -3.918545 3.282096 -4.792308  0.000000 0.000000 1.000000  0.009611 0.625633 1 64 1.000000
lowpoly_metal
0  -3.918545 4.701138 -6.621538  0.000000 1.000000 0.000000  0.010720 0.625721 1 64 1.000000
0  -3.918545 4.701138 -4.984046  0.000000 1.000000 0.000000  0.010720 0.625686 1 64 1.000000
0  -3.368151 4.701138 -4.984046  0.000000 1.000000 0.000000  0.010741 0.625686 1 64 1.000000
lowpoly_metal
0  -3.368151 4.409181 -4.792308  0.000000 0.548938 0.835863  0.008902 0.626811 1 64 1.000000
0  -3.368151 4.701138 -4.984046  0.000000 0.548938 0.835863  0.008915 0.626811 1 64 1.000000
0  -3.918545 4.701138 -4.984046  0.000000 0.548938 0.835863  0.008915 0.626832 1 64 1.000000
lowpoly_metal
0  -3.368151 4.409181 -6.655255  0.000000 -1.000000 0.000000  0.027321 0.692310 1 64 1.000000
0  -3.368151 4.409181 -4.792308  0.000000 -1.000000 0.000000  0.027321 0.692241 1 64 1.000000
0  -3.918545 4.409181 -4.792309  0.000000 -1.000000 0.000000  0.027341 0.692241 1 64 1.000000
lowpoly_metal
0  -3.368151 4.701138 -8.401930  0.000000 0.571551 -0.820566  0.010741 0.625759 1 64 1.000000
0  -3.368151 4.409182 -8.605287  0.000000 0.571551 -0.820566  0.010741 0.625772 1 64 1.000000
0  -3.918545 4.409182 -8.605287  0.000000 0.571551 -0.820566  0.010720 0.625772 1 64 1.000000
lowpoly_metal
0  -3.918545 4.409181 -6.655255  1.000000 -0.000000 0.000000  0.026989 0.691119 1 64 1.000000
0  -3.918545 4.409181 -4.792309  1.000000 -0.000000 0.000000  0.026989 0.691050 1 64 1.000000
0  -3.918545 3.282096 -4.792308  1.000000 -0.000000 0.000000  0.027031 0.691050 1 64 1.000000
lowpoly_metal
0  -4.197847 3.283914 -8.216557  -0.812112 0.000000 -0.583502  0.010487 0.625869 1 64 1.000000
0  -4.197847 4.409181 -8.216557  -0.812112 0.000000 -0.583502  0.010529 0.625869 1 64 1.000000
0  -3.918545 4.409182 -8.605287  -0.812112 0.000000 -0.583502  0.010529 0.625883 1 64 1.000000
lowpoly_metal
0  -3.918545 3.282095 -8.605287  0.000000 0.000000 1.000000  0.010487 0.625883 1 64 1.000000
0  -3.918545 3.282095 -8.605287  0.000000 0.000000 1.000000  0.010487 0.625883 1 64 1.000000
0  -4.197847 3.283914 -8.216557  0.000000 0.000000 1.000000  0.010487 0.625869 1 64 1.000000
lowpoly_metal
0  -4.197847 4.409181 -6.655255  -0.722594 0.691272 0.000000  0.010529 0.625811 1 64 1.000000
0  -4.197847 4.409181 -4.792309  -0.722594 0.691272 0.000000  0.010529 0.625742 1 64 1.000000
0  -3.918545 4.701138 -4.984046  -0.722594 0.691272 0.000000  0.010540 0.625749 1 64 1.000000
lowpoly_metal
0  -4.197847 3.283915 -6.655255  -0.006510 -0.999979 0.000001  0.010716 0.625342 1 64 1.000000
0  -4.197847 3.283914 -8.216557  -0.006510 -0.999979 0.000001  0.010716 0.625400 1 64 1.000000
0  -3.918545 3.282095 -8.605287  -0.006510 -0.999979 0.000001  0.010706 0.625414 1 64 1.000000
lowpoly_metal
0  -4.197847 3.283915 -6.655255  -1.000000 -0.000000 0.000000  0.010487 0.625811 1 64 1.000000
0  -4.197847 3.283914 -4.792308  -1.000000 -0.000000 0.000000  0.010487 0.625742 1 64 1.000000
0  -4.197847 4.409181 -4.792309  -1.000000 -0.000000 0.000000  0.010529 0.625742 1 64 1.000000
lowpoly_metal
0  -3.368151 3.282095 -8.605287  0.000000 0.000000 1.000000  0.027089 0.690584 1 64 1.000000
0  -3.368151 4.409182 -8.605287  0.000000 0.000000 1.000000  0.027124 0.690584 1 64 1.000000
0  -3.918545 4.409182 -8.605287  0.000000 0.000000 1.000000  0.027124 0.690605 1 64 1.000000
lowpoly_metal
0  -4.197847 3.283914 -8.216557  -1.000000 0.000000 0.000000  0.010487 0.625869 1 64 1.000000
0  -4.197847 3.283915 -6.655255  -1.000000 0.000000 0.000000  0.010487 0.625811 1 64 1.000000
0  -4.197847 4.409181 -6.655255  -1.000000 0.000000 0.000000  0.010529 0.625811 1 64 1.000000
lowpoly_metal
0  -4.197847 3.283914 -4.792308  -0.006515 -0.999979 -0.000000  0.010716 0.625272 1 64 1.000000
0  -4.197847 3.283915 -6.655255  -0.006515 -0.999979 -0.000000  0.010716 0.625342 1 64 1.000000
0  -3.918545 3.282095 -6.655255  -0.006515 -0.999979 -0.000000  0.010706 0.625342 1 64 1.000000
lowpoly_metal
0  -4.197847 4.409181 -8.216557  -0.722594 0.691272 0.000000  0.010529 0.625869 1 64 1.000000
0  -4.197847 4.409181 -6.655255  -0.722594 0.691272 0.000000  0.010529 0.625811 1 64 1.000000
0  -3.918545 4.701138 -6.621538  -0.722594 0.691272 0.000000  0.010540 0.625810 1 64 1.000000
lowpoly_metal
0  -3.918545 4.409182 -8.605287  1.000000 0.000000 0.000000  0.026989 0.691192 1 64 1.000000
0  -3.918545 4.409181 -6.655255  1.000000 0.000000 0.000000  0.026989 0.691119 1 64 1.000000
0  -3.918545 3.282096 -6.655255  1.000000 0.000000 0.000000  0.027031 0.691119 1 64 1.000000
lowpoly_metal
0  -3.368151 4.409182 -8.605287  0.000000 -1.000000 -0.000000  0.027321 0.692383 1 64 1.000000
0  -3.368151 4.409181 -6.655255  0.000000 -1.000000 -0.000000  0.027321 0.692310 1 64 1.000000
0  -3.918545 4.409181 -6.655255  0.000000 -1.000000 -0.000000  0.027341 0.692310 1 64 1.000000
lowpoly_metal
0  -3.918545 4.701138 -8.401930  0.000000 1.000000 0.000000  0.010720 0.625759 1 64 1.000000
0  -3.918545 4.701138 -6.621538  0.000000 1.000000 0.000000  0.010720 0.625721 1 64 1.000000
0  -3.368151 4.701138 -6.621538  0.000000 1.000000 0.000000  0.010741 0.625721 1 64 1.000000
lowpoly_metal
0  -3.918545 3.282095 -8.605287  1.000000 0.000000 0.000000  0.009611 0.625633 1 64 1.000000
0  -3.918545 3.282096 -6.655255  1.000000 0.000000 0.000000  0.009611 0.625633 1 64 1.000000
0  -3.918545 3.282095 -6.655255  1.000000 0.000000 0.000000  0.009611 0.625633 1 64 1.000000
lowpoly_metal
0  -3.368151 3.282095 -8.605287  0.000000 -1.000000 0.000000  0.010685 0.625414 1 64 1.000000
0  -3.368151 3.282095 -6.655255  0.000000 -1.000000 0.000000  0.010685 0.625342 1 64 1.000000
0  -3.918545 3.282095 -6.655255  0.000000 -1.000000 0.000000  0.010706 0.625342 1 64 1.000000
lowpoly_metal
0  -3.918545 3.282095 -6.655255  0.000000 0.000000 1.000000  0.009500 0.626028 1 64 1.000000
0  -3.368151 3.282095 -6.655255  0.000000 0.000000 1.000000  0.009500 0.626007 1 64 1.000000
0  -3.368151 3.463050 -6.655255  0.000000 0.000000 1.000000  0.009505 0.626007 1 64 1.000000
lowpoly_metal
0  -3.918545 3.463050 -6.655255  0.000000 1.000000 0.000000  0.027341 0.692380 1 64 1.000000
0  -3.368151 3.463050 -6.655255  0.000000 1.000000 0.000000  0.027341 0.692360 1 64 1.000000
0  -3.368151 3.463050 -8.458685  0.000000 1.000000 0.000000  0.027380 0.692360 1 64 1.000000
lowpoly_metal
0  -2.538454 3.283914 -4.792308  0.000000 0.000000 1.000000  0.008867 0.626780 1 64 1.000000
0  -2.538455 4.409181 -4.792308  0.000000 0.000000 1.000000  0.008902 0.626780 1 64 1.000000
0  -2.817756 4.409181 -4.792308  0.000000 0.000000 1.000000  0.008902 0.626791 1 64 1.000000
lowpoly_metal
0  -2.817756 3.282096 -4.792308  0.000000 0.000000 1.000000  0.008867 0.626791 1 64 1.000000
0  -2.817756 3.282096 -4.792308  0.000000 0.000000 1.000000  0.008867 0.626791 1 64 1.000000
0  -2.538454 3.283914 -4.792308  0.000000 0.000000 1.000000  0.008867 0.626780 1 64 1.000000
lowpoly_metal
0  -2.817756 3.282095 -6.655254  0.000000 0.000000 1.000000  0.009611 0.625633 1 64 1.000000
0  -2.817756 3.282095 -6.655254  0.000000 0.000000 1.000000  0.009611 0.625633 1 64 1.000000
0  -2.817756 3.282096 -4.792308  0.000000 0.000000 1.000000  0.009611 0.625633 1 64 1.000000
lowpoly_metal
0  -2.817756 4.701138 -6.621538  0.000000 1.000000 0.000000  0.010761 0.625721 1 64 1.000000
0  -3.368151 4.701138 -6.621538  0.000000 1.000000 0.000000  0.010741 0.625721 1 64 1.000000
0  -3.368151 4.701138 -4.984046  0.000000 1.000000 0.000000  0.010741 0.625686 1 64 1.000000
lowpoly_metal
0  -3.368151 4.409181 -4.792308  0.000000 0.548938 0.835863  0.008902 0.626811 1 64 1.000000
0  -2.817756 4.409181 -4.792308  0.000000 0.548938 0.835863  0.008902 0.626791 1 64 1.000000
0  -2.817756 4.701138 -4.984046  0.000000 0.548938 0.835863  0.008915 0.626791 1 64 1.000000
lowpoly_metal
0  -3.368151 4.409181 -6.655255  0.000000 -1.000000 0.000000  0.027321 0.692310 1 64 1.000000
0  -2.817756 4.409181 -6.655255  0.000000 -1.000000 0.000000  0.027300 0.692310 1 64 1.000000
0  -2.817756 4.409181 -4.792308  0.000000 -1.000000 0.000000  0.027300 0.692241 1 64 1.000000
lowpoly_metal
0  -3.368151 4.701138 -8.401930  0.000002 0.571554 -0.820564  0.010741 0.625759 1 64 1.000000
0  -2.817756 4.701138 -8.401929  0.000002 0.571554 -0.820564  0.010761 0.625759 1 64 1.000000
0  -2.817756 4.409182 -8.605287  0.000002 0.571554 -0.820564  0.010761 0.625772 1 64 1.000000
lowpoly_metal
0  -2.817756 4.409181 -6.655255  -1.000000 0.000000 0.000000  0.025695 0.692453 1 64 1.000000
0  -2.817756 3.282095 -6.655254  -1.000000 0.000000 0.000000  0.025653 0.692453 1 64 1.000000
0  -2.817756 3.282096 -4.792308  -1.000000 0.000000 0.000000  0.025653 0.692384 1 64 1.000000
lowpoly_metal
0  -2.817756 4.409182 -8.605287  0.812112 0.000000 -0.583501  0.010500 0.626706 1 64 1.000000
0  -2.538455 4.409179 -8.216557  0.812112 0.000000 -0.583501  0.010500 0.626691 1 64 1.000000
0  -2.538454 3.283914 -8.216557  0.812112 0.000000 -0.583501  0.010542 0.626691 1 64 1.000000
lowpoly_metal
0  -2.817756 3.282095 -8.605287  0.000000 0.000000 1.000000  0.010542 0.626706 1 64 1.000000
0  -2.817756 3.282095 -8.605287  0.000000 0.000000 1.000000  0.010542 0.626706 1 64 1.000000
0  -2.817756 4.409182 -8.605287  0.000000 0.000000 1.000000  0.010500 0.626706 1 64 1.000000
lowpoly_metal
0  -2.538455 4.409181 -6.655255  0.722593 0.691273 0.000000  0.010500 0.626633 1 64 1.000000
0  -2.817756 4.701138 -6.621538  0.722593 0.691273 0.000000  0.010489 0.626632 1 64 1.000000
0  -2.817756 4.701138 -4.984046  0.722593 0.691273 0.000000  0.010489 0.626571 1 64 1.000000
lowpoly_metal
0  -2.538454 3.283915 -6.655254  0.006515 -0.999979 0.000000  0.010654 0.625342 1 64 1.000000
0  -2.817756 3.282095 -6.655254  0.006515 -0.999979 0.000000  0.010665 0.625342 1 64 1.000000
0  -2.817756 3.282095 -8.605287  0.006515 -0.999979 0.000000  0.010665 0.625414 1 64 1.000000
lowpoly_metal
0  -2.538454 3.283915 -6.655254  1.000000 -0.000000 0.000000  0.010542 0.626633 1 64 1.000000
0  -2.538455 4.409181 -6.655255  1.000000 -0.000000 0.000000  0.010500 0.626633 1 64 1.000000
0  -2.538455 4.409181 -4.792308  1.000000 -0.000000 0.000000  0.010500 0.626564 1 64 1.000000
lowpoly_metal
0  -3.368151 3.282095 -8.605287  0.000000 0.000000 1.000000  0.027089 0.690584 1 64 1.000000
0  -2.817756 3.282095 -8.605287  0.000000 0.000000 1.000000  0.027089 0.690564 1 64 1.000000
0  -2.817756 4.409182 -8.605287  0.000000 0.000000 1.000000  0.027124 0.690564 1 64 1.000000
lowpoly_metal
0  -2.538454 3.283914 -8.216557  1.000000 0.000000 -0.000000  0.010542 0.626691 1 64 1.000000
0  -2.538455 4.409179 -8.216557  1.000000 0.000000 -0.000000  0.010500 0.626691 1 64 1.000000
0  -2.538455 4.409181 -6.655255  1.000000 0.000000 -0.000000  0.010500 0.626633 1 64 1.000000
lowpoly_metal
0  -2.538454 3.283914 -4.792308  0.006508 -0.999979 0.000000  0.010654 0.625272 1 64 1.000000
0  -2.817756 3.282096 -4.792308  0.006508 -0.999979 0.000000  0.010665 0.625272 1 64 1.000000
0  -2.817756 3.282095 -6.655254  0.006508 -0.999979 0.000000  0.010665 0.625342 1 64 1.000000
lowpoly_metal
0  -2.538455 4.409179 -8.216557  0.722596 0.691271 0.000000  0.010500 0.626691 1 64 1.000000
0  -2.817756 4.701138 -8.401929  0.722596 0.691271 0.000000  0.010489 0.626698 1 64 1.000000
0  -2.817756 4.701138 -6.621538  0.722596 0.691271 0.000000  0.010489 0.626632 1 64 1.000000
lowpoly_metal
0  -2.817756 4.409182 -8.605287  -1.000000 0.000000 0.000000  0.025695 0.692526 1 64 1.000000
0  -2.817756 3.282095 -8.605287  -1.000000 0.000000 0.000000  0.025653 0.692526 1 64 1.000000
0  -2.817756 3.282095 -6.655254  -1.000000 0.000000 0.000000  0.025653 0.692453 1 64 1.000000
lowpoly_metal
0  -3.368151 4.409182 -8.605287  0.000000 -1.000000 -0.000000  0.027321 0.692383 1 64 1.000000
0  -2.817756 4.409182 -8.605287  0.000000 -1.000000 -0.000000  0.027300 0.692383 1 64 1.000000
0  -2.817756 4.409181 -6.655255  0.000000 -1.000000 -0.000000  0.027300 0.692310 1 64 1.000000
lowpoly_metal
0  -2.817756 4.701138 -8.401929  0.000000 1.000000 0.000000  0.010761 0.625759 1 64 1.000000
0  -3.368151 4.701138 -8.401930  0.000000 1.000000 0.000000  0.010741 0.625759 1 64 1.000000
0  -3.368151 4.701138 -6.621538  0.000000 1.000000 0.000000  0.010741 0.625721 1 64 1.000000
lowpoly_metal
0  -2.817756 3.282095 -8.605287  0.000000 0.000000 1.000000  0.009611 0.625633 1 64 1.000000
0  -2.817756 3.282095 -8.605287  0.000000 0.000000 1.000000  0.009611 0.625633 1 64 1.000000
0  -2.817756 3.282095 -6.655254  0.000000 0.000000 1.000000  0.009611 0.625633 1 64 1.000000
lowpoly_metal
0  -3.368151 3.282095 -8.605287  0.000000 -1.000000 0.000000  0.010685 0.625414 1 64 1.000000
0  -2.817756 3.282095 -8.605287  0.000000 -1.000000 0.000000  0.010665 0.625414 1 64 1.000000
0  -2.817756 3.282095 -6.655254  0.000000 -1.000000 0.000000  0.010665 0.625342 1 64 1.000000
lowpoly_metal
0  -2.817756 3.282095 -6.655254  0.000000 0.000003 1.000000  0.009500 0.625987 1 64 1.000000
0  -2.817756 3.463050 -6.655255  0.000000 0.000003 1.000000  0.009505 0.625987 1 64 1.000000
0  -3.368151 3.463050 -6.655255  0.000000 0.000003 1.000000  0.009505 0.626007 1 64 1.000000
lowpoly_metal
0  -2.817756 3.463050 -6.655255  0.000000 1.000000 0.000000  0.027341 0.692340 1 64 1.000000
0  -2.817756 3.463050 -8.458685  0.000000 1.000000 0.000000  0.027380 0.692340 1 64 1.000000
0  -3.368151 3.463050 -8.458685  0.000000 1.000000 0.000000  0.027380 0.692360 1 64 1.000000
lowpoly_metal
0  -2.487655 4.023345 -5.161744  1.000000 0.000000 0.000003  0.005460 0.595014 1 64 1.000000
0  -2.487654 4.168231 -5.245394  1.000000 0.000000 0.000003  0.005460 0.595058 1 64 1.000000
0  -2.487655 4.313116 -5.161744  1.000000 0.000000 0.000003  0.005421 0.595080 1 64 1.000000
lowpoly_metal
0  -2.487655 4.313116 -5.161744  1.000000 0.000000 -0.000001  0.005421 0.595080 1 64 1.000000
0  -2.487654 4.313115 -4.994444  1.000000 0.000000 -0.000001  0.005383 0.595058 1 64 1.000000
0  -2.487655 4.023345 -5.161744  1.000000 0.000000 -0.000001  0.005460 0.595014 1 64 1.000000
lowpoly_metal
0  -2.487654 4.313115 -4.994444  1.000000 0.000002 0.000001  0.005383 0.595058 1 64 1.000000
0  -2.487655 4.168230 -4.910794  1.000000 0.000002 0.000001  0.005383 0.595014 1 64 1.000000
0  -2.487655 4.023345 -5.161744  1.000000 0.000002 0.000001  0.005460 0.595014 1 64 1.000000
lowpoly_metal
0  -2.487655 4.313116 -5.161744  0.000000 0.500000 -0.866025  0.005056 0.594896 1 64 1.000000
0  -2.487654 4.168231 -5.245394  0.000000 0.500000 -0.866025  0.005056 0.594874 1 64 1.000000
0  -2.702263 4.168231 -5.245394  0.000000 0.500000 -0.866025  0.005070 0.594874 1 64 1.000000
lowpoly_metal
0  -2.487654 4.313115 -4.994444  0.000000 1.000000 0.000003  0.005056 0.594940 1 64 1.000000
0  -2.487655 4.313116 -5.161744  0.000000 1.000000 0.000003  0.005056 0.594896 1 64 1.000000
0  -2.702263 4.313116 -5.161744  0.000000 1.000000 0.000003  0.005070 0.594896 1 64 1.000000
lowpoly_metal
0  -2.487655 4.168230 -4.910794  0.000000 0.500000 0.866025  0.005056 0.594962 1 64 1.000000
0  -2.487654 4.313115 -4.994444  0.000000 0.500000 0.866025  0.005056 0.594940 1 64 1.000000
0  -2.702263 4.313115 -4.994444  0.000000 0.500000 0.866025  0.005070 0.594940 1 64 1.000000
lowpoly_metal
0  -2.487655 4.023345 -4.994444  0.000000 -0.500002 0.866024  0.004747 0.595595 1 64 1.000000
0  -2.487655 4.168230 -4.910794  0.000000 -0.500002 0.866024  0.004747 0.595573 1 64 1.000000
0  -2.702263 4.168230 -4.910794  0.000000 -0.500002 0.866024  0.004761 0.595573 1 64 1.000000
lowpoly_metal
0  -2.487655 4.023345 -5.161744  0.000000 -1.000000 0.000000  0.004747 0.595639 1 64 1.000000
0  -2.487655 4.023345 -4.994444  0.000000 -1.000000 0.000000  0.004747 0.595595 1 64 1.000000
0  -2.702263 4.023345 -4.994444  0.000000 -1.000000 0.000000  0.004761 0.595595 1 64 1.000000
lowpoly_metal
0  -2.487654 4.168231 -5.245394  0.000000 -0.499997 -0.866027  0.004747 0.595661 1 64 1.000000
0  -2.487655 4.023345 -5.161744  0.000000 -0.499997 -0.866027  0.004747 0.595639 1 64 1.000000
0  -2.702263 4.023345 -5.161744  0.000000 -0.499997 -0.866027  0.004761 0.595639 1 64 1.000000
lowpoly_metal
0  -2.487655 4.023344 -5.733178  1.000000 -0.000001 0.000001  0.005510 0.595706 1 64 1.000000
0  -2.487654 4.168231 -5.816828  1.000000 -0.000001 0.000001  0.005510 0.595750 1 64 1.000000
0  -2.487654 4.313116 -5.733178  1.000000 -0.000001 0.000001  0.005472 0.595772 1 64 1.000000
lowpoly_metal
0  -2.487654 4.313116 -5.733178  1.000000 0.000000 0.000000  0.005472 0.595772 1 64 1.000000
0  -2.487654 4.313116 -5.565878  1.000000 0.000000 0.000000  0.005433 0.595750 1 64 1.000000
0  -2.487654 4.168230 -5.482228  1.000000 0.000000 0.000000  0.005433 0.595706 1 64 1.000000
lowpoly_metal
0  -2.487654 4.168230 -5.482228  1.000000 -0.000004 -0.000001  0.005433 0.595706 1 64 1.000000
0  -2.487655 4.023345 -5.565878  1.000000 -0.000004 -0.000001  0.005472 0.595683 1 64 1.000000
0  -2.487654 4.313116 -5.733178  1.000000 -0.000004 -0.000001  0.005472 0.595772 1 64 1.000000
lowpoly_metal
0  -2.487654 4.313116 -5.733178  0.000000 0.500001 -0.866025  0.003352 0.595384 1 64 1.000000
0  -2.487654 4.168231 -5.816828  0.000000 0.500001 -0.866025  0.003352 0.595362 1 64 1.000000
0  -2.702263 4.168231 -5.816828  0.000000 0.500001 -0.866025  0.003366 0.595362 1 64 1.000000
lowpoly_metal
0  -2.487654 4.313116 -5.565878  0.000000 1.000000 0.000000  0.003352 0.595429 1 64 1.000000
0  -2.487654 4.313116 -5.733178  0.000000 1.000000 0.000000  0.003352 0.595384 1 64 1.000000
0  -2.702263 4.313116 -5.733178  0.000000 1.000000 0.000000  0.003366 0.595384 1 64 1.000000
lowpoly_metal
0  -2.487654 4.168230 -5.482228  0.000003 0.500000 0.866025  0.003352 0.595451 1 64 1.000000
0  -2.487654 4.313116 -5.565878  0.000003 0.500000 0.866025  0.003352 0.595429 1 64 1.000000
0  -2.702263 4.313116 -5.565878  0.000003 0.500000 0.866025  0.003366 0.595429 1 64 1.000000
lowpoly_metal
0  -2.487655 4.023345 -5.565878  0.000000 -0.500000 0.866025  0.003352 0.595473 1 64 1.000000
0  -2.487654 4.168230 -5.482228  0.000000 -0.500000 0.866025  0.003352 0.595451 1 64 1.000000
0  -2.702263 4.168230 -5.482228  0.000000 -0.500000 0.866025  0.003366 0.595451 1 64 1.000000
lowpoly_metal
0  -2.487655 4.023344 -5.733178  0.000000 -1.000000 0.000003  0.003352 0.595517 1 64 1.000000
0  -2.487655 4.023345 -5.565878  0.000000 -1.000000 0.000003  0.003352 0.595473 1 64 1.000000
0  -2.702263 4.023345 -5.565878  0.000000 -1.000000 0.000003  0.003366 0.595473 1 64 1.000000
lowpoly_metal
0  -2.487654 4.168231 -5.816828  0.000000 -0.499996 -0.866028  0.003352 0.595539 1 64 1.000000
0  -2.487655 4.023344 -5.733178  0.000000 -0.499996 -0.866028  0.003352 0.595517 1 64 1.000000
0  -2.702263 4.023344 -5.733178  0.000000 -0.499996 -0.866028  0.003366 0.595517 1 64 1.000000
lowpoly_metal
0  -4.284032 3.682742 -5.702755  0.000000 -0.499999 -0.866026  0.003892 0.596092 1 64 1.000000
0  -2.452270 3.682742 -5.702755  0.000000 -0.499999 -0.866026  0.003892 0.596003 1 64 1.000000
0  -2.452270 3.490954 -5.592027  0.000000 -0.499999 -0.866026  0.003937 0.596003 1 64 1.000000
lowpoly_metal
0  -4.284031 3.490955 -5.592027  -0.000001 -1.000000 0.000000  0.005451 0.594585 1 64 1.000000
0  -2.452270 3.490954 -5.592027  -0.000001 -1.000000 0.000000  0.005451 0.594496 1 64 1.000000
0  -2.452270 3.490954 -5.370569  -0.000001 -1.000000 0.000000  0.005473 0.594496 1 64 1.000000
lowpoly_metal
0  -4.284032 3.490954 -5.370569  0.000000 -0.500000 0.866025  0.005473 0.594585 1 64 1.000000
0  -2.452270 3.490954 -5.370569  0.000000 -0.500000 0.866025  0.005473 0.594496 1 64 1.000000
0  -2.452270 3.682742 -5.259840  0.000000 -0.500000 0.866025  0.005517 0.594496 1 64 1.000000
lowpoly_metal
0  -4.284031 3.682742 -5.259840  0.000000 0.500001 0.866025  0.004275 0.595935 1 64 1.000000
0  -2.452270 3.682742 -5.259840  0.000000 0.500001 0.866025  0.004275 0.595847 1 64 1.000000
0  -2.452271 3.874530 -5.370569  0.000000 0.500001 0.866025  0.004297 0.595847 1 64 1.000000
lowpoly_metal
0  -2.452270 3.490954 -5.370569  1.000000 0.000000 0.000000  0.005428 0.595977 1 64 1.000000
0  -2.452270 3.490954 -5.592027  1.000000 0.000000 0.000000  0.005390 0.595999 1 64 1.000000
0  -2.452270 3.682742 -5.702755  1.000000 0.000000 0.000000  0.005352 0.595977 1 64 1.000000
lowpoly_metal
0  -2.452270 3.682742 -5.702755  1.000000 -0.000001 0.000000  0.005352 0.595977 1 64 1.000000
0  -2.452270 3.874529 -5.592027  1.000000 -0.000001 0.000000  0.005352 0.595933 1 64 1.000000
0  -2.452270 3.490954 -5.370569  1.000000 -0.000001 0.000000  0.005428 0.595977 1 64 1.000000
lowpoly_metal
0  -2.452270 3.874529 -5.592027  1.000000 0.000001 0.000001  0.005352 0.595933 1 64 1.000000
0  -2.452271 3.874530 -5.370569  1.000000 0.000001 0.000001  0.005390 0.595911 1 64 1.000000
0  -2.452270 3.490954 -5.370569  1.000000 0.000001 0.000001  0.005428 0.595977 1 64 1.000000
lowpoly_metal
0  -4.284032 3.874530 -5.370569  0.000000 1.000000 -0.000005  0.004297 0.595935 1 64 1.000000
0  -2.452271 3.874530 -5.370569  0.000000 1.000000 -0.000005  0.004297 0.595847 1 64 1.000000
0  -2.452270 3.874529 -5.592027  0.000000 1.000000 -0.000005  0.004341 0.595847 1 64 1.000000
lowpoly_metal
0  -4.284032 3.874529 -5.592027  0.000000 0.500002 -0.866024  0.004341 0.595935 1 64 1.000000
0  -2.452270 3.874529 -5.592027  0.000000 0.500002 -0.866024  0.004341 0.595847 1 64 1.000000
0  -2.452270 3.682742 -5.702755  0.000000 0.500002 -0.866024  0.004363 0.595847 1 64 1.000000
lowpoly_metal
0  -4.284032 3.874529 -5.592027  -1.000000 0.000001 0.000002  0.003908 0.595935 1 64 1.000000
0  -4.284032 3.682742 -5.702755  -1.000000 0.000001 0.000002  0.003908 0.595979 1 64 1.000000
0  -4.284031 3.490955 -5.592027  -1.000000 0.000001 0.000002  0.003870 0.596001 1 64 1.000000
lowpoly_metal
0  -4.284031 3.490955 -5.592027  -1.000000 0.000010 -0.000002  0.003870 0.596001 1 64 1.000000
0  -4.284032 3.490954 -5.370569  -1.000000 0.000010 -0.000002  0.003832 0.595979 1 64 1.000000
0  -4.284031 3.682742 -5.259840  -1.000000 0.000010 -0.000002  0.003832 0.595935 1 64 1.000000
lowpoly_metal
0  -4.284031 3.682742 -5.259840  -1.000000 0.000003 0.000000  0.003832 0.595935 1 64 1.000000
0  -4.284032 3.874530 -5.370569  -1.000000 0.000003 0.000000  0.003870 0.595912 1 64 1.000000
0  -4.284032 3.874529 -5.592027  -1.000000 0.000003 0.000000  0.003908 0.595935 1 64 1.000000
end
