version 1
nodes
0 "ValveBiped.Bip01_Spine4" -1
1 "ValveBiped.Bip01_L_Clavicle" 0
2 "ValveBiped.Bip01_L_UpperArm" 1
3 "ValveBiped.Bip01_L_Forearm" 2
4 "ValveBiped.Bip01_L_Hand" 3
5 "ValveBiped.Bip01_L_Finger4" 4
6 "ValveBiped.Bip01_L_Finger41" 5
7 "ValveBiped.Bip01_L_Finger42" 6
8 "ValveBiped.Bip01_L_Finger3" 4
9 "ValveBiped.Bip01_L_Finger31" 8
10 "ValveBiped.Bip01_L_Finger32" 9
11 "ValveBiped.Bip01_L_Finger2" 4
12 "ValveBiped.Bip01_L_Finger21" 11
13 "ValveBiped.Bip01_L_Finger22" 12
14 "ValveBiped.Bip01_L_Finger1" 4
15 "ValveBiped.Bip01_L_Finger11" 14
16 "ValveBiped.Bip01_L_Finger12" 15
17 "ValveBiped.Bip01_L_Finger0" 4
18 "ValveBiped.Bip01_L_Finger01" 17
19 "ValveBiped.Bip01_L_Finger02" 18
20 "ValveBiped.Bip01_L_Ulna" 3
21 "ValveBiped.Bip01_L_Wrist" 3
22 "rig_l_upperarm" 1
23 "rig_l_forearm" 22
24 "rig_d_l_forearm" 23
25 "rig_d_l_upperarm" 22
26 "ValveBiped.Bip01_R_Clavicle" 0
27 "ValveBiped.Bip01_R_UpperArm" 26
28 "ValveBiped.Bip01_R_Forearm" 27
29 "ValveBiped.Bip01_R_Hand" 28
30 "ValveBiped.Bip01_R_Finger4" 29
31 "ValveBiped.Bip01_R_Finger41" 30
32 "ValveBiped.Bip01_R_Finger42" 31
33 "ValveBiped.Bip01_R_Finger3" 29
34 "ValveBiped.Bip01_R_Finger31" 33
35 "ValveBiped.Bip01_R_Finger32" 34
36 "ValveBiped.Bip01_R_Finger2" 29
37 "ValveBiped.Bip01_R_Finger21" 36
38 "ValveBiped.Bip01_R_Finger22" 37
39 "ValveBiped.Bip01_R_Finger1" 29
40 "ValveBiped.Bip01_R_Finger11" 39
41 "ValveBiped.Bip01_R_Finger12" 40
42 "ValveBiped.Bip01_R_Finger0" 29
43 "ValveBiped.Bip01_R_Finger01" 42
44 "ValveBiped.Bip01_R_Finger02" 43
45 "ValveBiped.Bip01_R_Ulna" 28
46 "ValveBiped.Bip01_R_Wrist" 28
47 "rig_r_upperarm" 26
48 "rig_r_forearm" 47
49 "rig_d_r_forearm" 48
50 "rig_d_r_upperarm" 47
51 "rig_r_hand" -1
52 "rig_d_r_hand" 51
53 "rig_d_r_wrist" 52
54 "rig_l_hand" -1
55 "rig_d_l_hand" 54
56 "rig_d_l_wrist" 54
57 "rig_l_pole" -1
58 "rig_r_pole" -1
59 "rig_l_clavicle" -1
60 "rig_d_l_clavicle" 59
61 "rig_r_clavicle" -1
62 "rig_d_r_clavicle" 61
63 "Camera" -1
64 "body" -1
65 "trigger" 64
66 "barrel" 64
67 "bulletdoor" 64
68 "pump" 64
69 "bolt" 68
70 "tac" 68
71 "bullet2" 64
72 "catch" 64
73 "hookontop" 64
74 "bullet1" -1
end
skeleton
time 0
0  0.000006 0.000000 0.000000  -1.570800 -1.391899 -1.570792
1  2.033349 1.000767 1.937657  -1.544960 -1.855077 -0.198626
2  6.027515 -0.000326 0.000204  -1.583281 0.045956 -0.585171
3  11.692120 0.000528 -0.000741  -0.000018 -0.000000 -0.056697
4  11.481219 0.000216 -0.000752  1.576890 -0.106581 0.041970
5  3.859509 -0.142883 -1.192049  -0.468164 0.151540 -0.880272
6  1.312589 0.000013 0.000007  -0.000026 0.000045 -0.439738
7  0.729353 0.000051 0.000049  0.000017 0.000021 -0.244318
8  3.942146 0.046269 -0.431512  -0.151810 0.073212 -0.811101
9  1.539109 0.000083 0.000005  -0.000007 0.000021 -0.247841
10  1.196331 0.000143 0.000029  0.000012 0.000019 -0.430771
11  3.883508 -0.047272 0.431381  0.085898 0.021851 -0.587925
12  1.719575 -0.000028 0.000015  0.000015 0.005519 -0.366533
13  1.209179 0.000091 0.000012  0.000004 0.003092 -0.216437
14  3.859662 -0.138478 1.332410  0.354468 -0.042725 -0.531804
15  1.719453 -0.000009 0.000021  0.000029 0.004070 -0.363021
16  1.099675 0.000047 0.000006  0.000003 0.002579 -0.244381
17  0.805995 -0.349054 1.321254  -1.222687 -0.679194 -0.788886
18  1.789818 -0.000004 -0.000018  0.000012 -0.000024 0.228522
19  1.207011 -0.000013 -0.000045  0.000002 -0.000008 0.362858
20  5.740637 0.000410 -0.000702  0.003119 0.000003 0.000071
21  11.481257 0.000262 -0.000831  0.004951 0.000185 -0.001480
22  6.027524 -0.000330 0.000203  0.059584 -2.453119 -2.193916
23  0.000001 11.692101 -0.000006  -0.043310 -0.000838 -0.036607
24  0.000003 0.000009 0.000001  0.868996 -0.000031 1.570739
25  -0.000000 -0.000012 -0.000001  0.868957 0.000002 1.570712
26  2.033355 1.000772 -1.937609  1.473131 1.855076 -0.198627
27  6.027508 -0.000258 -0.000237  1.639678 -0.005938 -0.586605
28  11.691988 0.000145 0.000867  -0.000046 -0.000001 -0.056062
29  11.481175 0.000050 0.000829  -1.565092 0.106516 0.042004
30  3.859437 -0.132786 1.193062  0.466291 -0.158048 -0.878829
31  1.312561 0.000025 -0.000001  0.000011 -0.000044 -0.439710
32  0.729343 0.000065 -0.000028  -0.000023 -0.000019 -0.244285
33  3.942049 0.050108 0.430997  0.150090 -0.079180 -0.810199
34  1.539095 0.000009 -0.000000  0.000010 -0.000008 -0.247820
35  1.196298 0.000074 -0.000003  -0.000007 -0.000009 -0.430783
36  3.883413 -0.050504 -0.431087  -0.085915 -0.026391 -0.587671
37  1.719565 -0.000079 -0.000003  -0.000006 -0.007962 -0.366483
38  1.209196 0.000035 0.000011  0.000002 -0.004460 -0.216413
39  3.859587 -0.149112 -1.331323  -0.354446 0.038580 -0.531963
40  1.719414 -0.000101 -0.000035  -0.000028 -0.006585 -0.363032
41  1.099673 0.000024 0.000006  0.000004 -0.004187 -0.244346
42  0.805980 -0.359856 -1.318338  1.221444 0.673631 -0.793566
43  1.789782 -0.000009 -0.000044  -0.000028 0.000031 0.228552
44  1.206996 -0.000006 0.000005  -0.000017 0.000020 0.362911
45  5.740572 0.000055 0.000723  0.002082 -0.000014 0.000021
46  11.481179 0.000045 0.000935  -0.000025 -0.000087 -0.001749
47  6.027515 -0.000273 -0.000237  0.007374 -0.632955 -2.161837
48  -0.000000 11.691975 -0.000006  -0.042810 0.000798 0.036188
49  0.000003 -0.000003 -0.000000  2.272569 -0.000041 1.570856
50  -0.000007 -0.000015 0.000005  2.272644 -0.000030 1.570865
51  -22.676567 -0.984331 -17.554111  -1.605366 2.379717 -0.041994
52  0.000001 0.000002 -0.000000  0.008153 -0.000259 0.000009
53  -0.000000 -0.000001 0.000000  1.565115 0.043565 -0.106862
54  22.676517 -0.984221 -17.554199  1.605712 0.761853 0.042358
55  0.000001 -0.000003 -0.000000  0.000000 -0.000000 -0.000002
56  0.000032 0.000027 0.000001  -1.571901 -0.044449 -0.106509
57  15.265023 8.339654 -8.787539  1.570796 -0.000000 0.000000
58  -15.265000 8.339654 -8.787539  1.570796 -0.000000 0.000000
59  1.941978 -1.346989 1.821586  1.570796 -0.000000 0.000000
60  -0.004311 0.001230 -0.000371  0.006898 -0.005534 -0.284229
61  -1.937603 -1.346625 1.822824  1.570796 -0.000000 0.000000
62  0.000000 0.000000 0.000000  -0.078727 -3.136056 0.284226
63  0.000000 0.000000 0.000000  1.570796 -0.000000 0.000000
64  -3.258810 -12.631968 -3.682181  1.570796 -0.000000 0.000000
65  -0.109379 -1.951951 -1.519205  0.000000 -0.000000 0.000000
66  -0.109379 0.057027 25.399252  0.000000 -0.000000 0.000000
67  -0.109379 -1.856732 0.287230  0.000000 -0.000000 0.000000
68  -0.104048 -4.495923 7.879276  0.000000 -0.000000 0.000000
69  -0.195264 4.332630 -6.347187  0.000000 -0.000000 0.000000
70  -1.052893 4.470086 6.958893  0.000000 -0.000000 0.000000
71  -0.104049 -1.582848 2.554636  0.000000 -0.000000 0.000000
72  -1.107528 -1.063453 4.061647  0.000000 -0.000000 0.000000
73  0.003659 1.612363 10.733982  0.000000 -0.000000 0.000000
74  -3.362859 -12.987121 -5.265029  1.570796 -0.000000 0.000000
end
triangles
lowpoly_plastic
0  -3.697552 -7.731444 -5.737612  0.000001 0.754881 -0.655862  0.034333 0.623884 1 64 1.000000
0  -3.373445 -8.009633 -6.057801  -0.000002 0.754879 -0.655864  0.034333 0.623884 1 64 1.000000
0  -3.697556 -8.009633 -6.057801  0.000000 0.754882 -0.655860  0.034333 0.623884 1 64 1.000000
lowpoly_plastic
0  -3.373444 -9.709188 -5.852537  -0.000003 -1.000000 0.000000  0.034333 0.623884 1 64 1.000000
0  -3.684497 -9.709188 -6.185597  0.000000 -1.000000 0.000000  0.034333 0.623884 1 64 1.000000
0  -3.373444 -9.709188 -6.185597  -0.000003 -1.000000 0.000000  0.034333 0.623884 1 64 1.000000
lowpoly_plastic
0  -3.697552 -7.731444 -5.737612  0.000001 0.135549 -0.990771  0.034333 0.623884 1 64 1.000000
0  -3.373445 -6.990245 -5.636207  -0.000000 0.135549 -0.990771  0.034333 0.623884 1 64 1.000000
0  -3.373445 -7.731445 -5.737612  -0.000002 0.135550 -0.990771  0.034333 0.623884 1 64 1.000000
lowpoly_plastic
0  -3.571541 -9.709189 -6.800001  0.000004 -0.908315 -0.418287  0.034333 0.623884 1 64 1.000000
0  -3.373445 -9.492568 -7.270392  -0.000001 -0.908313 -0.418291  0.034333 0.623884 1 64 1.000000
0  -3.373444 -9.709188 -6.800001  -0.000006 -0.908314 -0.418289  0.034333 0.623884 1 64 1.000000
lowpoly_plastic
0  -3.870998 -9.508027 -5.821618  -1.000000 0.000000 0.000000  0.034333 0.623884 1 64 1.000000
0  -3.870998 -8.012284 -5.445347  -1.000000 0.000003 -0.000010  0.034333 0.623884 1 64 1.000000
0  -3.870996 -7.751346 -5.551602  -1.000000 0.000002 -0.000010  0.034333 0.623884 1 64 1.000000
lowpoly_plastic
0  -3.373443 -9.709188 -5.445347  -0.000000 -1.000000 0.000002  0.034333 0.623884 1 64 1.000000
0  -3.684497 -9.709188 -5.852537  0.000000 -1.000000 0.000000  0.034333 0.623884 1 64 1.000000
0  -3.373444 -9.709188 -5.852537  -0.000003 -1.000000 0.000000  0.034333 0.623884 1 64 1.000000
lowpoly_plastic
0  -3.870998 -9.508027 -5.821618  -1.000000 0.000000 0.000000  0.034333 0.623884 1 64 1.000000
0  -3.870998 -8.203834 -6.072403  -1.000000 0.000001 -0.000001  0.034333 0.623884 1 64 1.000000
0  -3.870998 -9.508027 -6.170473  -1.000000 0.000002 -0.000001  0.034333 0.623884 1 64 1.000000
lowpoly_plastic
0  -3.373444 -9.709188 -6.185597  -0.000003 -1.000000 0.000000  0.034333 0.623884 1 64 1.000000
0  -3.684497 -9.709188 -6.678164  0.000001 -1.000000 -0.000002  0.034333 0.623884 1 64 1.000000
0  -3.373444 -9.709188 -6.800001  -0.000004 -1.000000 0.000005  0.034333 0.623884 1 64 1.000000
lowpoly_plastic
0  -3.373442 -7.234993 -7.749830  0.000004 0.845070 0.534656  0.034333 0.623884 1 64 1.000000
0  -3.697553 -6.481213 -8.941246  0.000002 0.845071 0.534654  0.034333 0.623884 1 64 1.000000
0  -3.697555 -7.234992 -7.749830  0.000004 0.845070 0.534656  0.034333 0.623884 1 64 1.000000
lowpoly_plastic
0  -3.870996 -9.378455 -6.755395  -0.636468 -0.496695 -0.590086  0.034333 0.623884 1 64 1.000000
0  -3.684497 -9.709188 -6.678164  -0.636474 -0.496698 -0.590077  0.034333 0.623884 1 64 1.000000
0  -3.870998 -9.508027 -6.646328  -0.636464 -0.496693 -0.590093  0.034333 0.623884 1 64 1.000000
lowpoly_plastic
0  -3.571540 -9.492568 -7.270392  -0.000001 -0.954275 -0.298930  0.034333 0.623884 1 64 1.000000
0  -3.373445 -9.124781 -8.444483  -0.000008 -0.954275 -0.298929  0.034333 0.623884 1 64 1.000000
0  -3.373445 -9.492568 -7.270392  0.000000 -0.954275 -0.298930  0.034333 0.623884 1 64 1.000000
lowpoly_plastic
0  -3.870998 -9.508027 -6.170473  -1.000000 0.000002 -0.000001  0.034333 0.623884 1 64 1.000000
0  -3.870998 -8.203834 -6.072403  -1.000000 0.000001 -0.000001  0.034333 0.623884 1 64 1.000000
0  -3.870996 -9.378455 -6.755395  -1.000000 0.000004 -0.000003  0.034333 0.623884 1 64 1.000000
lowpoly_plastic
0  -3.373441 -6.399981 -9.410408  -0.000005 0.947890 -0.318599  0.034333 0.623884 1 64 1.000000
0  -3.697552 -6.483278 -9.658236  -0.000000 0.947891 -0.318596  0.034333 0.623884 1 64 1.000000
0  -3.697553 -6.399981 -9.410406  -0.000004 0.947893 -0.318589  0.034333 0.623884 1 64 1.000000
lowpoly_plastic
0  -3.373445 -6.481214 -8.941246  -0.000002 0.985339 0.170609  0.034333 0.623884 1 64 1.000000
0  -3.697553 -6.399981 -9.410406  0.000001 0.985340 0.170605  0.034333 0.623884 1 64 1.000000
0  -3.697553 -6.481213 -8.941246  0.000003 0.985339 0.170606  0.034333 0.623884 1 64 1.000000
lowpoly_plastic
0  -3.373443 -8.900776 -10.031626  -0.000000 0.152643 -0.988281  0.034333 0.623884 1 64 1.000000
0  -3.870996 -8.612812 -9.987148  -0.000002 0.152643 -0.988281  0.034333 0.623884 1 64 1.000000
0  -3.373440 -6.483280 -9.658236  -0.000000 0.152645 -0.988281  0.034333 0.623884 1 64 1.000000
lowpoly_plastic
0  -3.571539 -9.124779 -8.444483  -0.000007 -0.961393 -0.275180  0.034333 0.623884 1 64 1.000000
0  -3.373441 -8.864473 -9.353910  -0.000006 -0.961393 -0.275181  0.034333 0.623884 1 64 1.000000
0  -3.373445 -9.124781 -8.444483  -0.000008 -0.961392 -0.275182  0.034333 0.623884 1 64 1.000000
lowpoly_plastic
0  -3.571539 -9.085361 -9.823074  -0.000002 -0.748823 -0.662770  0.034333 0.623884 1 64 1.000000
0  -3.373443 -8.900776 -10.031626  -0.000007 -0.748823 -0.662770  0.034333 0.623884 1 64 1.000000
0  -3.373444 -9.085363 -9.823072  -0.000004 -0.748820 -0.662773  0.034333 0.623884 1 64 1.000000
lowpoly_plastic
0  -3.571539 -8.864472 -9.353912  0.000005 -0.994799 0.101853  0.034333 0.623884 1 64 1.000000
0  -3.373445 -8.889314 -9.596548  0.000001 -0.994800 0.101851  0.034333 0.623884 1 64 1.000000
0  -3.373441 -8.864473 -9.353910  -0.000008 -0.994801 0.101840  0.034333 0.623884 1 64 1.000000
lowpoly_plastic
0  -3.870996 -8.541061 -9.297916  -1.000000 -0.000000 0.000003  0.034333 0.623884 1 64 1.000000
0  -3.870994 -6.663162 -8.986935  -1.000000 0.000000 0.000003  0.034333 0.623884 1 64 1.000000
0  -3.870996 -8.562537 -9.507626  -1.000000 0.000001 -0.000003  0.034333 0.623884 1 64 1.000000
lowpoly_plastic
0  -3.571536 -8.889318 -9.596548  0.000005 -0.756142 0.654408  0.034333 0.623884 1 64 1.000000
0  -3.373444 -9.085363 -9.823072  -0.000005 -0.756141 0.654409  0.034333 0.623884 1 64 1.000000
0  -3.373445 -8.889314 -9.596548  0.000006 -0.756138 0.654412  0.034333 0.623884 1 64 1.000000
lowpoly_plastic
0  -3.870995 -6.584919 -9.438828  -1.000000 0.000002 -0.000005  0.034333 0.623884 1 64 1.000000
0  -3.870996 -8.612812 -9.987148  -1.000000 -0.000000 0.000004  0.034333 0.623884 1 64 1.000000
0  -3.870995 -8.797223 -9.778797  -1.000000 -0.000000 0.000002  0.034333 0.623884 1 64 1.000000
lowpoly_plastic
0  -3.870996 -8.562537 -9.507626  -1.000000 0.000001 -0.000003  0.034333 0.623884 1 64 1.000000
0  -3.870995 -6.584919 -9.438828  -1.000000 0.000002 -0.000005  0.034333 0.623884 1 64 1.000000
0  -3.870995 -8.797223 -9.778797  -1.000000 -0.000000 0.000002  0.034333 0.623884 1 64 1.000000
lowpoly_plastic
0  -3.870994 -7.487535 -7.842659  -1.000000 -0.000001 0.000001  0.034333 0.623884 1 64 1.000000
0  -3.870994 -7.149477 -8.218269  -1.000000 0.000000 0.000001  0.034333 0.623884 1 64 1.000000
0  -3.870997 -8.762932 -8.522779  -1.000000 -0.000003 0.000011  0.034333 0.623884 1 64 1.000000
lowpoly_plastic
0  -3.870997 -7.876800 -6.972744  -1.000000 -0.000002 0.000010  0.034333 0.623884 1 64 1.000000
0  -3.870993 -9.061306 -7.553793  -1.000000 0.000002 -0.000013  0.034333 0.623884 1 64 1.000000
0  -3.870998 -9.168765 -7.210743  -1.000000 -0.000000 0.000008  0.034333 0.623884 1 64 1.000000
lowpoly_plastic
0  -3.870994 -8.083459 -6.580747  -1.000000 0.000002 -0.000005  0.034333 0.623884 1 64 1.000000
0  -3.870995 -9.232031 -7.073368  -1.000000 0.000002 -0.000003  0.034333 0.623884 1 64 1.000000
0  -3.870996 -9.378455 -6.755395  -1.000000 0.000004 -0.000003  0.034333 0.623884 1 64 1.000000
lowpoly_plastic
0  -3.373442 -8.012280 -5.445347  0.000000 0.016272 0.999868  0.034333 0.623884 1 64 1.000000
0  -3.870995 -6.936093 -5.462861  0.000001 0.016271 0.999868  0.034333 0.623884 1 64 1.000000
0  -3.870998 -8.012284 -5.445347  0.000000 0.016271 0.999868  0.034333 0.623884 1 64 1.000000
lowpoly_plastic
0  -3.373443 -7.689797 -6.938294  0.000002 0.872349 0.488884  0.034333 0.623884 1 64 1.000000
0  -3.697555 -7.234992 -7.749830  0.000002 0.872348 0.488885  0.034333 0.623884 1 64 1.000000
0  -3.697556 -7.689796 -6.938294  0.000003 0.872349 0.488884  0.034333 0.623884 1 64 1.000000
lowpoly_plastic
0  -3.697553 -6.990251 -5.636209  -0.000002 0.954505 -0.298195  0.034333 0.623884 1 64 1.000000
0  -3.373441 -6.936093 -5.462861  -0.000004 0.954507 -0.298189  0.034333 0.623884 1 64 1.000000
0  -3.373445 -6.990245 -5.636207  -0.000005 0.954508 -0.298184  0.034333 0.623884 1 64 1.000000
lowpoly_plastic
0  -3.827230 -9.279262 -7.082280  -0.729152 -0.621611 -0.286245  0.034333 0.623884 1 64 1.000000
0  -3.827235 -9.248233 -7.149661  -0.729161 -0.621602 -0.286244  0.034333 0.623884 1 64 1.000000
0  -3.571540 -9.492568 -7.270392  -0.729157 -0.621601 -0.286255  0.034333 0.623884 1 64 1.000000
lowpoly_plastic
0  -3.571540 -9.492568 -7.270392  -0.737304 -0.644670 -0.201947  0.034333 0.623884 1 64 1.000000
0  -3.827234 -9.086896 -7.631861  -0.737301 -0.644671 -0.201957  0.034333 0.623884 1 64 1.000000
0  -3.571539 -9.124779 -8.444483  -0.737307 -0.644667 -0.201947  0.034333 0.623884 1 64 1.000000
lowpoly_plastic
0  -3.827232 -8.790106 -8.601143  -0.736798 -0.650011 -0.186050  0.034333 0.623884 1 64 1.000000
0  -3.827233 -8.670776 -9.018038  -0.736797 -0.650012 -0.186051  0.034333 0.623884 1 64 1.000000
0  -3.571539 -9.124779 -8.444483  -0.736799 -0.650009 -0.186051  0.034333 0.623884 1 64 1.000000
lowpoly_plastic
0  -3.870995 -8.797223 -9.778797  -0.533527 -0.639535 0.553483  0.034333 0.623884 1 64 1.000000
0  -3.571536 -8.889318 -9.596548  -0.533527 -0.639535 0.553483  0.034333 0.623884 1 64 1.000000
0  -3.870996 -8.562537 -9.507626  -0.533528 -0.639534 0.553484  0.034333 0.623884 1 64 1.000000
lowpoly_plastic
0  -3.870996 -8.562537 -9.507626  -0.725875 -0.684248 0.070071  0.034333 0.623884 1 64 1.000000
0  -3.571539 -8.864472 -9.353912  -0.725875 -0.684250 0.070061  0.034333 0.623884 1 64 1.000000
0  -3.870996 -8.541061 -9.297916  -0.725875 -0.684248 0.070078  0.034333 0.623884 1 64 1.000000
lowpoly_plastic
0  -3.571538 -8.900775 -10.031626  -0.633393 -0.579460 -0.512873  0.034333 0.623884 1 64 1.000000
0  -3.870995 -8.797223 -9.778797  -0.633394 -0.579460 -0.512873  0.034333 0.623884 1 64 1.000000
0  -3.870996 -8.612812 -9.987148  -0.633394 -0.579460 -0.512872  0.034333 0.623884 1 64 1.000000
lowpoly_plastic
0  -3.373444 -7.891915 -6.554915  -0.000004 0.884597 0.466357  0.034333 0.623884 1 64 1.000000
0  -3.697556 -7.689796 -6.938294  0.000001 0.884595 0.466360  0.034333 0.623884 1 64 1.000000
0  -3.697555 -7.891915 -6.554915  -0.000002 0.884593 0.466363  0.034333 0.623884 1 64 1.000000
lowpoly_plastic
0  -3.870996 -7.751346 -5.551602  -0.619901 0.592342 -0.514639  0.034333 0.623884 1 64 1.000000
0  -3.697556 -8.009633 -6.057801  -0.619905 0.592339 -0.514638  0.034333 0.623884 1 64 1.000000
0  -3.870998 -8.203834 -6.072403  -0.619906 0.592338 -0.514638  0.034333 0.623884 1 64 1.000000
lowpoly_plastic
0  -3.870996 -7.751346 -5.551602  -0.733169 0.092178 -0.673770  0.034333 0.623884 1 64 1.000000
0  -3.697553 -6.990251 -5.636209  -0.733169 0.092178 -0.673770  0.034333 0.623884 1 64 1.000000
0  -3.697552 -7.731444 -5.737612  -0.733169 0.092178 -0.673770  0.034333 0.623884 1 64 1.000000
lowpoly_plastic
0  -3.870994 -8.083459 -6.580747  -0.742654 0.651654 0.154309  0.034333 0.623884 1 64 1.000000
0  -3.697556 -8.009633 -6.057801  -0.742651 0.651659 0.154308  0.034333 0.623884 1 64 1.000000
0  -3.697555 -7.891915 -6.554915  -0.742656 0.651652 0.154310  0.034333 0.623884 1 64 1.000000
lowpoly_plastic
0  -3.697556 -7.689796 -6.938294  -0.722955 0.611162 0.322207  0.034333 0.623884 1 64 1.000000
0  -3.827234 -7.904108 -6.822748  -0.722978 0.611147 0.322183  0.034333 0.623884 1 64 1.000000
0  -3.697555 -7.891915 -6.554915  -0.722948 0.611166 0.322216  0.034333 0.623884 1 64 1.000000
lowpoly_plastic
0  -3.697555 -7.234992 -7.749830  -0.720058 0.605333 0.339247  0.034333 0.623884 1 64 1.000000
0  -3.827231 -7.611426 -7.353392  -0.720049 0.605344 0.339246  0.034333 0.623884 1 64 1.000000
0  -3.697556 -7.689796 -6.938294  -0.720060 0.605337 0.339234  0.034333 0.623884 1 64 1.000000
lowpoly_plastic
0  -3.827234 -7.060555 -8.274725  -0.716599 0.589424 0.372915  0.034333 0.623884 1 64 1.000000
0  -3.697555 -7.234992 -7.749830  -0.716583 0.589438 0.372923  0.034333 0.623884 1 64 1.000000
0  -3.697553 -6.481213 -8.941246  -0.716582 0.589443 0.372917  0.034333 0.623884 1 64 1.000000
lowpoly_plastic
0  -3.697552 -6.483278 -9.658236  -0.691972 0.684306 -0.230001  0.034333 0.623884 1 64 1.000000
0  -3.870995 -6.584919 -9.438828  -0.691972 0.684306 -0.230001  0.034333 0.623884 1 64 1.000000
0  -3.697553 -6.399981 -9.410406  -0.691971 0.684308 -0.229999  0.034333 0.623884 1 64 1.000000
lowpoly_plastic
0  -3.870994 -6.663162 -8.986935  -0.733324 0.669911 0.115991  0.034333 0.623884 1 64 1.000000
0  -3.697553 -6.399981 -9.410406  -0.733324 0.669912 0.115991  0.034333 0.623884 1 64 1.000000
0  -3.870995 -6.584919 -9.438828  -0.733323 0.669913 0.115992  0.034333 0.623884 1 64 1.000000
lowpoly_plastic
0  -3.697556 -8.009633 -6.057801  -0.000000 0.973089 0.230429  0.034333 0.623884 1 64 1.000000
0  -3.373444 -7.891915 -6.554915  -0.000005 0.973088 0.230433  0.034333 0.623884 1 64 1.000000
0  -3.697555 -7.891915 -6.554915  -0.000001 0.973089 0.230427  0.034333 0.623884 1 64 1.000000
lowpoly_plastic
0  -3.870998 -9.508027 -5.821618  -0.733322 -0.679881 0.000000  0.034333 0.623884 1 64 1.000000
0  -3.684496 -9.709188 -5.445347  -0.733322 -0.679881 0.000001  0.034333 0.623884 1 64 1.000000
0  -3.870998 -9.508027 -5.445347  -0.733322 -0.679881 0.000002  0.034333 0.623884 1 64 1.000000
lowpoly_plastic
0  -3.870998 -9.508027 -6.170473  -0.733322 -0.679881 0.000000  0.034333 0.623884 1 64 1.000000
0  -3.684497 -9.709188 -5.852537  -0.733322 -0.679881 -0.000001  0.034333 0.623884 1 64 1.000000
0  -3.870998 -9.508027 -5.821618  -0.733322 -0.679881 0.000000  0.034333 0.623884 1 64 1.000000
lowpoly_plastic
0  -3.684497 -9.709188 -6.185597  -0.733322 -0.679881 0.000000  0.034333 0.623884 1 64 1.000000
0  -3.870998 -9.508027 -6.646328  -0.733322 -0.679881 0.000000  0.034333 0.623884 1 64 1.000000
0  -3.684497 -9.709188 -6.678164  -0.733323 -0.679881 0.000000  0.034333 0.623884 1 64 1.000000
lowpoly_plastic
0  -3.373442 -8.012280 -5.445347  -0.000000 0.000000 1.000000  0.034333 0.623884 1 64 1.000000
0  -3.870998 -9.508027 -5.445347  -0.000001 0.000000 1.000000  0.034333 0.623884 1 64 1.000000
0  -3.373443 -9.709188 -5.445347  -0.000000 0.000000 1.000000  0.034333 0.623884 1 64 1.000000
lowpoly_plastic
0  -3.870994 -7.916083 -6.898242  -1.000000 -0.000004 0.000032  0.034333 0.623884 1 64 1.000000
0  -3.870998 -9.168765 -7.210743  -1.000000 -0.000000 0.000008  0.034333 0.623884 1 64 1.000000
0  -3.870996 -9.200999 -7.140746  -1.000000 -0.000002 0.000026  0.034333 0.623884 1 64 1.000000
lowpoly_plastic
0  -3.870995 -7.658498 -7.362276  -1.000000 0.000000 0.000001  0.034333 0.623884 1 64 1.000000
0  -3.870995 -8.909678 -8.037828  -1.000000 0.000001 -0.000000  0.034333 0.623884 1 64 1.000000
0  -3.870996 -9.039640 -7.622941  -1.000000 0.000001 -0.000001  0.034333 0.623884 1 64 1.000000
lowpoly_plastic
0  -3.870995 -8.888018 -8.106976  -1.000000 0.000002 -0.000002  0.034333 0.623884 1 64 1.000000
0  -3.870994 -7.487535 -7.842659  -1.000000 -0.000001 0.000001  0.034333 0.623884 1 64 1.000000
0  -3.870995 -8.817654 -8.331589  -1.000000 -0.000001 0.000006  0.034333 0.623884 1 64 1.000000
lowpoly_plastic
0  -3.870994 -7.108087 -8.283693  -1.000000 0.000000 0.000002  0.034333 0.623884 1 64 1.000000
0  -3.870996 -8.623713 -9.009155  -1.000000 0.000003 -0.000002  0.034333 0.623884 1 64 1.000000
0  -3.870997 -8.743040 -8.592262  -1.000000 0.000003 -0.000003  0.034333 0.623884 1 64 1.000000
lowpoly_plastic
0  -3.870993 -6.818341 -8.741659  -1.000000 0.000000 0.000005  0.034333 0.623884 1 64 1.000000
0  -3.870996 -8.541061 -9.297916  -1.000000 -0.000000 0.000003  0.034333 0.623884 1 64 1.000000
0  -3.870994 -8.603829 -9.078638  -1.000000 -0.000002 0.000011  0.034333 0.623884 1 64 1.000000
lowpoly_plastic
0  -3.827235 -6.812203 -8.667267  -1.000000 -0.000002 -0.000003  0.020572 0.715833 1 64 1.000000
0  -3.827234 -8.650887 -9.087521  -1.000000 -0.000003 0.000015  0.020572 0.715833 1 64 1.000000
0  -3.827233 -8.670776 -9.018038  -1.000000 -0.000003 0.000016  0.020572 0.715833 1 64 1.000000
lowpoly_plastic
0  -3.827235 -7.101948 -8.209301  -1.000000 0.000000 -0.000011  0.020572 0.715833 1 64 1.000000
0  -3.827232 -8.790106 -8.601143  -1.000000 0.000005 -0.000023  0.020572 0.715833 1 64 1.000000
0  -3.827234 -8.809989 -8.531660  -1.000000 0.000005 -0.000023  0.020572 0.715833 1 64 1.000000
lowpoly_plastic
0  -3.827236 -7.388719 -7.750775  -1.000000 0.000012 -0.000064  0.020572 0.715833 1 64 1.000000
0  -3.827233 -7.362899 -7.796844  -1.000000 -0.000004 0.000025  0.020572 0.715833 1 64 1.000000
0  -3.827232 -8.935275 -8.115892  -1.000000 0.000002 -0.000017  0.020572 0.715833 1 64 1.000000
lowpoly_plastic
0  -3.827233 -7.648542 -7.287160  -1.000000 0.000007 -0.000019  0.020572 0.715833 1 64 1.000000
0  -3.827234 -9.086896 -7.631861  -1.000000 0.000011 -0.000041  0.020572 0.715833 1 64 1.000000
0  -3.827237 -9.108559 -7.562713  -1.000000 0.000011 -0.000041  0.020572 0.715833 1 64 1.000000
lowpoly_plastic
0  -3.827234 -7.904108 -6.822748  -1.000000 0.000005 -0.000023  0.020572 0.715833 1 64 1.000000
0  -3.827235 -9.248233 -7.149661  -1.000000 -0.000012 0.000055  0.020572 0.715833 1 64 1.000000
0  -3.827230 -9.279262 -7.082280  -1.000000 -0.000012 0.000057  0.020572 0.715833 1 64 1.000000
lowpoly_plastic
0  -3.870996 -9.200999 -7.140746  0.000000 -0.185456 0.982653  0.020572 0.715833 1 64 1.000000
0  -3.827232 -7.868998 -6.889357  0.000028 -0.185457 0.982652  0.020572 0.715833 1 64 1.000000
0  -3.870994 -7.916083 -6.898242  0.000029 -0.185457 0.982652  0.020572 0.715833 1 64 1.000000
lowpoly_plastic
0  -3.870996 -9.039640 -7.622941  0.000029 -0.185459 0.982652  0.020572 0.715833 1 64 1.000000
0  -3.827231 -7.611426 -7.353392  0.000011 -0.185458 0.982652  0.020572 0.715833 1 64 1.000000
0  -3.870995 -7.658498 -7.362276  0.000011 -0.185458 0.982652  0.020572 0.715833 1 64 1.000000
lowpoly_plastic
0  -3.827232 -8.935275 -8.115892  -0.000057 -0.185460 0.982652  0.020572 0.715833 1 64 1.000000
0  -3.827235 -7.350300 -7.816759  0.000013 -0.185455 0.982653  0.020572 0.715833 1 64 1.000000
0  -3.870994 -7.487535 -7.842659  0.000027 -0.185457 0.982652  0.020572 0.715833 1 64 1.000000
lowpoly_plastic
0  -3.870994 -7.108087 -8.283693  0.000049 -0.185456 0.982653  0.020572 0.715833 1 64 1.000000
0  -3.827232 -8.790106 -8.601143  -0.000035 -0.185461 0.982652  0.020572 0.715833 1 64 1.000000
0  -3.827234 -7.060555 -8.274725  0.000050 -0.185456 0.982653  0.020572 0.715833 1 64 1.000000
lowpoly_plastic
0  -3.827234 -8.650887 -9.087521  0.000046 -0.185459 0.982652  0.020572 0.715833 1 64 1.000000
0  -3.870993 -6.818341 -8.741659  -0.000012 -0.185458 0.982652  0.020572 0.715833 1 64 1.000000
0  -3.870994 -8.603829 -9.078638  0.000048 -0.185459 0.982652  0.020572 0.715833 1 64 1.000000
lowpoly_plastic
0  -3.870995 -6.859735 -8.676237  -0.000046 0.185456 -0.982653  0.034333 0.623884 1 64 1.000000
0  -3.827233 -8.670776 -9.018038  -0.000001 0.185456 -0.982653  0.034333 0.623884 1 64 1.000000
0  -3.870996 -8.623713 -9.009155  0.000000 0.185456 -0.982653  0.034333 0.623884 1 64 1.000000
lowpoly_plastic
0  -3.870994 -7.149477 -8.218269  -0.000049 0.185458 -0.982652  0.034333 0.623884 1 64 1.000000
0  -3.827234 -8.809989 -8.531660  0.000013 0.185457 -0.982652  0.034333 0.623884 1 64 1.000000
0  -3.870997 -8.762932 -8.522779  0.000016 0.185457 -0.982652  0.034333 0.623884 1 64 1.000000
lowpoly_plastic
0  -3.827236 -7.388719 -7.750775  0.000030 0.185456 -0.982653  0.034333 0.623884 1 64 1.000000
0  -3.870995 -8.909678 -8.037828  0.000064 0.185457 -0.982652  0.034333 0.623884 1 64 1.000000
0  -3.870995 -7.435794 -7.759660  0.000029 0.185456 -0.982653  0.034333 0.623884 1 64 1.000000
lowpoly_plastic
0  -3.827233 -7.648542 -7.287160  -0.000002 0.185457 -0.982652  0.034333 0.623884 1 64 1.000000
0  -3.870993 -9.061306 -7.553793  -0.000048 0.185460 -0.982652  0.034333 0.623884 1 64 1.000000
0  -3.870996 -7.695617 -7.296045  0.000000 0.185457 -0.982652  0.034333 0.623884 1 64 1.000000
lowpoly_plastic
0  -3.827234 -7.904108 -6.822748  0.000002 0.185459 -0.982652  0.034333 0.623884 1 64 1.000000
0  -3.870995 -9.232031 -7.073368  0.000037 0.185455 -0.982653  0.034333 0.623884 1 64 1.000000
0  -3.870993 -7.951198 -6.831634  0.000000 0.185460 -0.982652  0.034333 0.623884 1 64 1.000000
lowpoly_plastic
0  -3.697552 -7.731444 -5.737612  0.000001 0.754881 -0.655862  0.034333 0.623884 1 64 1.000000
0  -3.373445 -7.731445 -5.737612  -0.000006 0.754882 -0.655861  0.034333 0.623884 1 64 1.000000
0  -3.373445 -8.009633 -6.057801  -0.000002 0.754879 -0.655864  0.034333 0.623884 1 64 1.000000
lowpoly_plastic
0  -3.373444 -9.709188 -5.852537  -0.000003 -1.000000 0.000000  0.034333 0.623884 1 64 1.000000
0  -3.684497 -9.709188 -5.852537  0.000000 -1.000000 0.000000  0.034333 0.623884 1 64 1.000000
0  -3.684497 -9.709188 -6.185597  0.000000 -1.000000 0.000000  0.034333 0.623884 1 64 1.000000
lowpoly_plastic
0  -3.697552 -7.731444 -5.737612  0.000001 0.135549 -0.990771  0.034333 0.623884 1 64 1.000000
0  -3.697553 -6.990251 -5.636209  0.000002 0.135548 -0.990771  0.034333 0.623884 1 64 1.000000
0  -3.373445 -6.990245 -5.636207  -0.000000 0.135549 -0.990771  0.034333 0.623884 1 64 1.000000
lowpoly_plastic
0  -3.571541 -9.709189 -6.800001  0.000004 -0.908315 -0.418287  0.034333 0.623884 1 64 1.000000
0  -3.571540 -9.492568 -7.270392  0.000000 -0.908314 -0.418290  0.034333 0.623884 1 64 1.000000
0  -3.373445 -9.492568 -7.270392  -0.000001 -0.908313 -0.418291  0.034333 0.623884 1 64 1.000000
lowpoly_plastic
0  -3.870998 -9.508027 -5.821618  -1.000000 0.000000 0.000000  0.034333 0.623884 1 64 1.000000
0  -3.870998 -9.508027 -5.445347  -1.000000 0.000000 0.000001  0.034333 0.623884 1 64 1.000000
0  -3.870998 -8.012284 -5.445347  -1.000000 0.000003 -0.000010  0.034333 0.623884 1 64 1.000000
lowpoly_plastic
0  -3.373443 -9.709188 -5.445347  -0.000000 -1.000000 0.000002  0.034333 0.623884 1 64 1.000000
0  -3.684496 -9.709188 -5.445347  0.000000 -1.000000 0.000001  0.034333 0.623884 1 64 1.000000
0  -3.684497 -9.709188 -5.852537  0.000000 -1.000000 0.000000  0.034333 0.623884 1 64 1.000000
lowpoly_plastic
0  -3.870998 -9.508027 -5.821618  -1.000000 0.000000 0.000000  0.034333 0.623884 1 64 1.000000
0  -3.870996 -7.751346 -5.551602  -1.000000 0.000002 -0.000010  0.034333 0.623884 1 64 1.000000
0  -3.870998 -8.203834 -6.072403  -1.000000 0.000001 -0.000001  0.034333 0.623884 1 64 1.000000
lowpoly_plastic
0  -3.571541 -9.709189 -6.800001  0.000005 -1.000000 -0.000020  0.034333 0.623884 1 64 1.000000
0  -3.373444 -9.709188 -6.800001  -0.000004 -1.000000 0.000005  0.034333 0.623884 1 64 1.000000
0  -3.684497 -9.709188 -6.678164  0.000001 -1.000000 -0.000002  0.034333 0.623884 1 64 1.000000
lowpoly_plastic
0  -3.373444 -9.709188 -6.185597  -0.000003 -1.000000 0.000000  0.034333 0.623884 1 64 1.000000
0  -3.684497 -9.709188 -6.185597  0.000000 -1.000000 0.000000  0.034333 0.623884 1 64 1.000000
0  -3.684497 -9.709188 -6.678164  0.000001 -1.000000 -0.000002  0.034333 0.623884 1 64 1.000000
lowpoly_plastic
0  -3.373442 -7.234993 -7.749830  0.000004 0.845070 0.534656  0.034333 0.623884 1 64 1.000000
0  -3.373445 -6.481214 -8.941246  0.000001 0.845071 0.534654  0.034333 0.623884 1 64 1.000000
0  -3.697553 -6.481213 -8.941246  0.000002 0.845071 0.534654  0.034333 0.623884 1 64 1.000000
lowpoly_plastic
0  -3.870996 -9.378455 -6.755395  -0.636468 -0.496695 -0.590086  0.034333 0.623884 1 64 1.000000
0  -3.571541 -9.709189 -6.800001  -0.636477 -0.496700 -0.590073  0.034333 0.623884 1 64 1.000000
0  -3.684497 -9.709188 -6.678164  -0.636474 -0.496698 -0.590077  0.034333 0.623884 1 64 1.000000
lowpoly_plastic
0  -3.571540 -9.492568 -7.270392  -0.000001 -0.954275 -0.298930  0.034333 0.623884 1 64 1.000000
0  -3.571539 -9.124779 -8.444483  -0.000009 -0.954275 -0.298930  0.034333 0.623884 1 64 1.000000
0  -3.373445 -9.124781 -8.444483  -0.000008 -0.954275 -0.298929  0.034333 0.623884 1 64 1.000000
lowpoly_plastic
0  -3.870994 -8.083459 -6.580747  -1.000000 0.000002 -0.000005  0.034333 0.623884 1 64 1.000000
0  -3.870996 -9.378455 -6.755395  -1.000000 0.000004 -0.000003  0.034333 0.623884 1 64 1.000000
0  -3.870998 -8.203834 -6.072403  -1.000000 0.000001 -0.000001  0.034333 0.623884 1 64 1.000000
lowpoly_plastic
0  -3.870998 -9.508027 -6.646328  -1.000000 0.000015 0.000000  0.034333 0.623884 1 64 1.000000
0  -3.870998 -9.508027 -6.170473  -1.000000 0.000002 -0.000001  0.034333 0.623884 1 64 1.000000
0  -3.870996 -9.378455 -6.755395  -1.000000 0.000004 -0.000003  0.034333 0.623884 1 64 1.000000
lowpoly_plastic
0  -3.373441 -6.399981 -9.410408  -0.000005 0.947890 -0.318599  0.034333 0.623884 1 64 1.000000
0  -3.373440 -6.483280 -9.658236  -0.000003 0.947888 -0.318603  0.034333 0.623884 1 64 1.000000
0  -3.697552 -6.483278 -9.658236  -0.000000 0.947891 -0.318596  0.034333 0.623884 1 64 1.000000
lowpoly_plastic
0  -3.373445 -6.481214 -8.941246  -0.000002 0.985339 0.170609  0.034333 0.623884 1 64 1.000000
0  -3.373441 -6.399981 -9.410408  -0.000007 0.985339 0.170607  0.034333 0.623884 1 64 1.000000
0  -3.697553 -6.399981 -9.410406  0.000001 0.985340 0.170605  0.034333 0.623884 1 64 1.000000
lowpoly_plastic
0  -3.697552 -6.483278 -9.658236  0.000000 0.152654 -0.988280  0.034333 0.623884 1 64 1.000000
0  -3.373440 -6.483280 -9.658236  -0.000000 0.152645 -0.988281  0.034333 0.623884 1 64 1.000000
0  -3.870991 -6.668265 -9.686810  0.000006 0.152644 -0.988281  0.034333 0.623884 1 64 1.000000
lowpoly_plastic
0  -3.373443 -8.900776 -10.031626  -0.000000 0.152643 -0.988281  0.034333 0.623884 1 64 1.000000
0  -3.571538 -8.900775 -10.031626  0.000000 0.152645 -0.988281  0.034333 0.623884 1 64 1.000000
0  -3.870996 -8.612812 -9.987148  -0.000002 0.152643 -0.988281  0.034333 0.623884 1 64 1.000000
lowpoly_plastic
0  -3.870996 -8.612812 -9.987148  -0.000002 0.152643 -0.988281  0.034333 0.623884 1 64 1.000000
0  -3.870991 -6.668265 -9.686810  0.000006 0.152644 -0.988281  0.034333 0.623884 1 64 1.000000
0  -3.373440 -6.483280 -9.658236  -0.000000 0.152645 -0.988281  0.034333 0.623884 1 64 1.000000
lowpoly_plastic
0  -3.571539 -9.124779 -8.444483  -0.000007 -0.961393 -0.275180  0.034333 0.623884 1 64 1.000000
0  -3.571539 -8.864472 -9.353912  -0.000001 -0.961393 -0.275179  0.034333 0.623884 1 64 1.000000
0  -3.373441 -8.864473 -9.353910  -0.000006 -0.961393 -0.275181  0.034333 0.623884 1 64 1.000000
lowpoly_plastic
0  -3.571539 -9.085361 -9.823074  -0.000002 -0.748823 -0.662770  0.034333 0.623884 1 64 1.000000
0  -3.571538 -8.900775 -10.031626  -0.000005 -0.748823 -0.662770  0.034333 0.623884 1 64 1.000000
0  -3.373443 -8.900776 -10.031626  -0.000007 -0.748823 -0.662770  0.034333 0.623884 1 64 1.000000
lowpoly_plastic
0  -3.571539 -8.864472 -9.353912  0.000005 -0.994799 0.101853  0.034333 0.623884 1 64 1.000000
0  -3.571536 -8.889318 -9.596548  0.000019 -0.994798 0.101871  0.034333 0.623884 1 64 1.000000
0  -3.373445 -8.889314 -9.596548  0.000001 -0.994800 0.101851  0.034333 0.623884 1 64 1.000000
lowpoly_plastic
0  -3.571536 -8.889318 -9.596548  0.000005 -0.756142 0.654408  0.034333 0.623884 1 64 1.000000
0  -3.571539 -9.085361 -9.823074  -0.000013 -0.756152 0.654396  0.034333 0.623884 1 64 1.000000
0  -3.373444 -9.085363 -9.823072  -0.000005 -0.756141 0.654409  0.034333 0.623884 1 64 1.000000
lowpoly_plastic
0  -3.870995 -6.584919 -9.438828  -1.000000 0.000002 -0.000005  0.034333 0.623884 1 64 1.000000
0  -3.870991 -6.668265 -9.686810  -1.000000 0.000005 -0.000018  0.034333 0.623884 1 64 1.000000
0  -3.870996 -8.612812 -9.987148  -1.000000 -0.000000 0.000004  0.034333 0.623884 1 64 1.000000
lowpoly_plastic
0  -3.870996 -8.562537 -9.507626  -1.000000 0.000001 -0.000003  0.034333 0.623884 1 64 1.000000
0  -3.870994 -6.663162 -8.986935  -1.000000 0.000000 0.000003  0.034333 0.623884 1 64 1.000000
0  -3.870995 -6.584919 -9.438828  -1.000000 0.000002 -0.000005  0.034333 0.623884 1 64 1.000000
lowpoly_plastic
0  -3.870997 -8.762932 -8.522779  -1.000000 -0.000003 0.000011  0.034333 0.623884 1 64 1.000000
0  -3.870995 -8.817654 -8.331589  -1.000000 -0.000001 0.000006  0.034333 0.623884 1 64 1.000000
0  -3.870994 -7.487535 -7.842659  -1.000000 -0.000001 0.000001  0.034333 0.623884 1 64 1.000000
lowpoly_plastic
0  -3.870994 -7.487535 -7.842659  -1.000000 -0.000001 0.000001  0.034333 0.623884 1 64 1.000000
0  -3.870994 -7.397827 -7.825728  -1.000000 -0.000006 -0.000002  0.034333 0.623884 1 64 1.000000
0  -3.870994 -7.149477 -8.218269  -1.000000 0.000000 0.000001  0.034333 0.623884 1 64 1.000000
lowpoly_plastic
0  -3.870997 -7.876800 -6.972744  -1.000000 -0.000002 0.000010  0.034333 0.623884 1 64 1.000000
0  -3.870996 -7.695617 -7.296045  -1.000000 -0.000001 -0.000004  0.034333 0.623884 1 64 1.000000
0  -3.870993 -9.061306 -7.553793  -1.000000 0.000002 -0.000013  0.034333 0.623884 1 64 1.000000
lowpoly_plastic
0  -3.870996 -7.751346 -5.551602  -1.000000 0.000002 -0.000010  0.034333 0.623884 1 64 1.000000
0  -3.870998 -8.012284 -5.445347  -1.000000 0.000003 -0.000010  0.034333 0.623884 1 64 1.000000
0  -3.870995 -6.936093 -5.462861  -1.000000 0.000002 -0.000013  0.034333 0.623884 1 64 1.000000
lowpoly_plastic
0  -3.870994 -8.083459 -6.580747  -1.000000 0.000002 -0.000005  0.034333 0.623884 1 64 1.000000
0  -3.870993 -7.951198 -6.831634  -1.000000 0.000003 -0.000005  0.034333 0.623884 1 64 1.000000
0  -3.870995 -9.232031 -7.073368  -1.000000 0.000002 -0.000003  0.034333 0.623884 1 64 1.000000
lowpoly_plastic
0  -3.373442 -8.012280 -5.445347  0.000000 0.016272 0.999868  0.034333 0.623884 1 64 1.000000
0  -3.373441 -6.936093 -5.462861  0.000001 0.016271 0.999868  0.034333 0.623884 1 64 1.000000
0  -3.870995 -6.936093 -5.462861  0.000001 0.016271 0.999868  0.034333 0.623884 1 64 1.000000
lowpoly_plastic
0  -3.373443 -7.689797 -6.938294  0.000002 0.872349 0.488884  0.034333 0.623884 1 64 1.000000
0  -3.373442 -7.234993 -7.749830  0.000003 0.872348 0.488885  0.034333 0.623884 1 64 1.000000
0  -3.697555 -7.234992 -7.749830  0.000002 0.872348 0.488885  0.034333 0.623884 1 64 1.000000
lowpoly_plastic
0  -3.870995 -6.936093 -5.462861  0.000001 0.954504 -0.298198  0.034333 0.623884 1 64 1.000000
0  -3.373441 -6.936093 -5.462861  -0.000004 0.954507 -0.298189  0.034333 0.623884 1 64 1.000000
0  -3.697553 -6.990251 -5.636209  -0.000002 0.954505 -0.298195  0.034333 0.623884 1 64 1.000000
lowpoly_plastic
0  -3.870998 -9.168765 -7.210743  -0.729174 -0.621587 -0.286244  0.034333 0.623884 1 64 1.000000
0  -3.571540 -9.492568 -7.270392  -0.729157 -0.621601 -0.286255  0.034333 0.623884 1 64 1.000000
0  -3.827235 -9.248233 -7.149661  -0.729161 -0.621602 -0.286244  0.034333 0.623884 1 64 1.000000
lowpoly_plastic
0  -3.571541 -9.709189 -6.800001  -0.729160 -0.621598 -0.286253  0.034333 0.623884 1 64 1.000000
0  -3.870996 -9.378455 -6.755395  -0.729160 -0.621600 -0.286250  0.034333 0.623884 1 64 1.000000
0  -3.827230 -9.279262 -7.082280  -0.729152 -0.621611 -0.286245  0.034333 0.623884 1 64 1.000000
lowpoly_plastic
0  -3.870996 -9.378455 -6.755395  -0.729160 -0.621600 -0.286250  0.034333 0.623884 1 64 1.000000
0  -3.870995 -9.232031 -7.073368  -0.729142 -0.621619 -0.286255  0.034333 0.623884 1 64 1.000000
0  -3.827230 -9.279262 -7.082280  -0.729152 -0.621611 -0.286245  0.034333 0.623884 1 64 1.000000
lowpoly_plastic
0  -3.827235 -9.248233 -7.149661  -0.729161 -0.621602 -0.286244  0.034333 0.623884 1 64 1.000000
0  -3.870996 -9.200999 -7.140746  -0.729199 -0.621574 -0.286208  0.034333 0.623884 1 64 1.000000
0  -3.870998 -9.168765 -7.210743  -0.729174 -0.621587 -0.286244  0.034333 0.623884 1 64 1.000000
lowpoly_plastic
0  -3.571541 -9.709189 -6.800001  -0.729160 -0.621598 -0.286253  0.034333 0.623884 1 64 1.000000
0  -3.827230 -9.279262 -7.082280  -0.729152 -0.621611 -0.286245  0.034333 0.623884 1 64 1.000000
0  -3.571540 -9.492568 -7.270392  -0.729157 -0.621601 -0.286255  0.034333 0.623884 1 64 1.000000
lowpoly_plastic
0  -3.870995 -8.817654 -8.331589  -0.737307 -0.644665 -0.201954  0.034333 0.623884 1 64 1.000000
0  -3.571539 -9.124779 -8.444483  -0.737307 -0.644667 -0.201947  0.034333 0.623884 1 64 1.000000
0  -3.827232 -8.935275 -8.115892  -0.737305 -0.644671 -0.201944  0.034333 0.623884 1 64 1.000000
lowpoly_plastic
0  -3.571540 -9.492568 -7.270392  -0.737304 -0.644670 -0.201947  0.034333 0.623884 1 64 1.000000
0  -3.870998 -9.168765 -7.210743  -0.737307 -0.644669 -0.201941  0.034333 0.623884 1 64 1.000000
0  -3.827237 -9.108559 -7.562713  -0.737295 -0.644670 -0.201980  0.034333 0.623884 1 64 1.000000
lowpoly_plastic
0  -3.870998 -9.168765 -7.210743  -0.737307 -0.644669 -0.201941  0.034333 0.623884 1 64 1.000000
0  -3.870993 -9.061306 -7.553793  -0.737333 -0.644638 -0.201945  0.034333 0.623884 1 64 1.000000
0  -3.827237 -9.108559 -7.562713  -0.737295 -0.644670 -0.201980  0.034333 0.623884 1 64 1.000000
lowpoly_plastic
0  -3.827232 -8.935275 -8.115892  -0.737305 -0.644671 -0.201944  0.034333 0.623884 1 64 1.000000
0  -3.870995 -8.888018 -8.106976  -0.737302 -0.644672 -0.201949  0.034333 0.623884 1 64 1.000000
0  -3.870995 -8.817654 -8.331589  -0.737307 -0.644665 -0.201954  0.034333 0.623884 1 64 1.000000
lowpoly_plastic
0  -3.870996 -9.039640 -7.622941  -0.737302 -0.644673 -0.201947  0.034333 0.623884 1 64 1.000000
0  -3.870995 -8.909678 -8.037828  -0.737291 -0.644686 -0.201944  0.034333 0.623884 1 64 1.000000
0  -3.827233 -8.956934 -8.046745  -0.737301 -0.644676 -0.201941  0.034333 0.623884 1 64 1.000000
lowpoly_plastic
0  -3.827232 -8.935275 -8.115892  -0.737305 -0.644671 -0.201944  0.034333 0.623884 1 64 1.000000
0  -3.571539 -9.124779 -8.444483  -0.737307 -0.644667 -0.201947  0.034333 0.623884 1 64 1.000000
0  -3.827233 -8.956934 -8.046745  -0.737301 -0.644676 -0.201941  0.034333 0.623884 1 64 1.000000
lowpoly_plastic
0  -3.827234 -9.086896 -7.631861  -0.737301 -0.644671 -0.201957  0.034333 0.623884 1 64 1.000000
0  -3.870996 -9.039640 -7.622941  -0.737302 -0.644673 -0.201947  0.034333 0.623884 1 64 1.000000
0  -3.827233 -8.956934 -8.046745  -0.737301 -0.644676 -0.201941  0.034333 0.623884 1 64 1.000000
lowpoly_plastic
0  -3.827233 -8.956934 -8.046745  -0.737301 -0.644676 -0.201941  0.034333 0.623884 1 64 1.000000
0  -3.571539 -9.124779 -8.444483  -0.737307 -0.644667 -0.201947  0.034333 0.623884 1 64 1.000000
0  -3.827234 -9.086896 -7.631861  -0.737301 -0.644671 -0.201957  0.034333 0.623884 1 64 1.000000
lowpoly_plastic
0  -3.571540 -9.492568 -7.270392  -0.737304 -0.644670 -0.201947  0.034333 0.623884 1 64 1.000000
0  -3.827237 -9.108559 -7.562713  -0.737295 -0.644670 -0.201980  0.034333 0.623884 1 64 1.000000
0  -3.827234 -9.086896 -7.631861  -0.737301 -0.644671 -0.201957  0.034333 0.623884 1 64 1.000000
lowpoly_plastic
0  -3.571539 -9.124779 -8.444483  -0.736799 -0.650009 -0.186051  0.034333 0.623884 1 64 1.000000
0  -3.870995 -8.817654 -8.331589  -0.736788 -0.650022 -0.186052  0.034333 0.623884 1 64 1.000000
0  -3.827234 -8.809989 -8.531660  -0.736790 -0.650023 -0.186041  0.034333 0.623884 1 64 1.000000
lowpoly_plastic
0  -3.870995 -8.817654 -8.331589  -0.736788 -0.650022 -0.186052  0.034333 0.623884 1 64 1.000000
0  -3.870997 -8.762932 -8.522779  -0.736746 -0.650070 -0.186048  0.034333 0.623884 1 64 1.000000
0  -3.827234 -8.809989 -8.531660  -0.736790 -0.650023 -0.186041  0.034333 0.623884 1 64 1.000000
lowpoly_plastic
0  -3.870996 -8.541061 -9.297916  -0.736796 -0.650012 -0.186056  0.034333 0.623884 1 64 1.000000
0  -3.571539 -8.864472 -9.353912  -0.736799 -0.650009 -0.186052  0.034333 0.623884 1 64 1.000000
0  -3.827234 -8.650887 -9.087521  -0.736791 -0.650019 -0.186051  0.034333 0.623884 1 64 1.000000
lowpoly_plastic
0  -3.827234 -8.650887 -9.087521  -0.736791 -0.650019 -0.186051  0.034333 0.623884 1 64 1.000000
0  -3.870994 -8.603829 -9.078638  -0.736777 -0.650031 -0.186063  0.034333 0.623884 1 64 1.000000
0  -3.870996 -8.541061 -9.297916  -0.736796 -0.650012 -0.186056  0.034333 0.623884 1 64 1.000000
lowpoly_plastic
0  -3.870997 -8.743040 -8.592262  -0.736794 -0.650014 -0.186055  0.034333 0.623884 1 64 1.000000
0  -3.870996 -8.623713 -9.009155  -0.736798 -0.650009 -0.186054  0.034333 0.623884 1 64 1.000000
0  -3.827233 -8.670776 -9.018038  -0.736797 -0.650012 -0.186051  0.034333 0.623884 1 64 1.000000
lowpoly_plastic
0  -3.827234 -8.650887 -9.087521  -0.736791 -0.650019 -0.186051  0.034333 0.623884 1 64 1.000000
0  -3.571539 -8.864472 -9.353912  -0.736799 -0.650009 -0.186052  0.034333 0.623884 1 64 1.000000
0  -3.827233 -8.670776 -9.018038  -0.736797 -0.650012 -0.186051  0.034333 0.623884 1 64 1.000000
lowpoly_plastic
0  -3.827232 -8.790106 -8.601143  -0.736798 -0.650011 -0.186050  0.034333 0.623884 1 64 1.000000
0  -3.870997 -8.743040 -8.592262  -0.736794 -0.650014 -0.186055  0.034333 0.623884 1 64 1.000000
0  -3.827233 -8.670776 -9.018038  -0.736797 -0.650012 -0.186051  0.034333 0.623884 1 64 1.000000
lowpoly_plastic
0  -3.827233 -8.670776 -9.018038  -0.736797 -0.650012 -0.186051  0.034333 0.623884 1 64 1.000000
0  -3.571539 -8.864472 -9.353912  -0.736799 -0.650009 -0.186052  0.034333 0.623884 1 64 1.000000
0  -3.571539 -9.124779 -8.444483  -0.736799 -0.650009 -0.186051  0.034333 0.623884 1 64 1.000000
lowpoly_plastic
0  -3.571539 -9.124779 -8.444483  -0.736799 -0.650009 -0.186051  0.034333 0.623884 1 64 1.000000
0  -3.827234 -8.809989 -8.531660  -0.736790 -0.650023 -0.186041  0.034333 0.623884 1 64 1.000000
0  -3.827232 -8.790106 -8.601143  -0.736798 -0.650011 -0.186050  0.034333 0.623884 1 64 1.000000
lowpoly_plastic
0  -3.870995 -8.797223 -9.778797  -0.533527 -0.639535 0.553483  0.034333 0.623884 1 64 1.000000
0  -3.571539 -9.085361 -9.823074  -0.533527 -0.639536 0.553482  0.034333 0.623884 1 64 1.000000
0  -3.571536 -8.889318 -9.596548  -0.533527 -0.639535 0.553483  0.034333 0.623884 1 64 1.000000
lowpoly_plastic
0  -3.870996 -8.562537 -9.507626  -0.725875 -0.684248 0.070071  0.034333 0.623884 1 64 1.000000
0  -3.571536 -8.889318 -9.596548  -0.725874 -0.684250 0.070055  0.034333 0.623884 1 64 1.000000
0  -3.571539 -8.864472 -9.353912  -0.725875 -0.684250 0.070061  0.034333 0.623884 1 64 1.000000
lowpoly_plastic
0  -3.571538 -8.900775 -10.031626  -0.633393 -0.579460 -0.512873  0.034333 0.623884 1 64 1.000000
0  -3.571539 -9.085361 -9.823074  -0.633393 -0.579460 -0.512874  0.034333 0.623884 1 64 1.000000
0  -3.870995 -8.797223 -9.778797  -0.633394 -0.579460 -0.512873  0.034333 0.623884 1 64 1.000000
lowpoly_plastic
0  -3.373444 -7.891915 -6.554915  -0.000004 0.884597 0.466357  0.034333 0.623884 1 64 1.000000
0  -3.373443 -7.689797 -6.938294  0.000001 0.884595 0.466360  0.034333 0.623884 1 64 1.000000
0  -3.697556 -7.689796 -6.938294  0.000001 0.884595 0.466360  0.034333 0.623884 1 64 1.000000
lowpoly_plastic
0  -3.870996 -7.751346 -5.551602  -0.619901 0.592342 -0.514639  0.034333 0.623884 1 64 1.000000
0  -3.697552 -7.731444 -5.737612  -0.619898 0.592344 -0.514640  0.034333 0.623884 1 64 1.000000
0  -3.697556 -8.009633 -6.057801  -0.619905 0.592339 -0.514638  0.034333 0.623884 1 64 1.000000
lowpoly_plastic
0  -3.870996 -7.751346 -5.551602  -0.692456 0.078071 -0.717224  0.034333 0.623884 1 64 1.000000
0  -3.870995 -6.936093 -5.462861  -0.692456 0.078071 -0.717224  0.034333 0.623884 1 64 1.000000
0  -3.697553 -6.990251 -5.636209  -0.692456 0.078071 -0.717224  0.034333 0.623884 1 64 1.000000
lowpoly_plastic
0  -3.870994 -8.083459 -6.580747  -0.742654 0.651654 0.154309  0.034333 0.623884 1 64 1.000000
0  -3.870998 -8.203834 -6.072403  -0.742648 0.651661 0.154307  0.034333 0.623884 1 64 1.000000
0  -3.697556 -8.009633 -6.057801  -0.742651 0.651659 0.154308  0.034333 0.623884 1 64 1.000000
lowpoly_plastic
0  -3.870994 -8.083459 -6.580747  -0.722963 0.611153 0.322205  0.034333 0.623884 1 64 1.000000
0  -3.697555 -7.891915 -6.554915  -0.722948 0.611166 0.322216  0.034333 0.623884 1 64 1.000000
0  -3.827234 -7.904108 -6.822748  -0.722978 0.611147 0.322183  0.034333 0.623884 1 64 1.000000
lowpoly_plastic
0  -3.697556 -7.689796 -6.938294  -0.722955 0.611162 0.322207  0.034333 0.623884 1 64 1.000000
0  -3.870997 -7.876800 -6.972744  -0.722957 0.611138 0.322249  0.034333 0.623884 1 64 1.000000
0  -3.827232 -7.868998 -6.889357  -0.722973 0.611148 0.322193  0.034333 0.623884 1 64 1.000000
lowpoly_plastic
0  -3.870997 -7.876800 -6.972744  -0.722957 0.611138 0.322249  0.034333 0.623884 1 64 1.000000
0  -3.870994 -7.916083 -6.898242  -0.722968 0.611120 0.322257  0.034333 0.623884 1 64 1.000000
0  -3.827232 -7.868998 -6.889357  -0.722973 0.611148 0.322193  0.034333 0.623884 1 64 1.000000
lowpoly_plastic
0  -3.827234 -7.904108 -6.822748  -0.722978 0.611147 0.322183  0.034333 0.623884 1 64 1.000000
0  -3.870993 -7.951198 -6.831634  -0.723038 0.611096 0.322147  0.034333 0.623884 1 64 1.000000
0  -3.870994 -8.083459 -6.580747  -0.722963 0.611153 0.322205  0.034333 0.623884 1 64 1.000000
lowpoly_plastic
0  -3.697556 -7.689796 -6.938294  -0.722955 0.611162 0.322207  0.034333 0.623884 1 64 1.000000
0  -3.827232 -7.868998 -6.889357  -0.722973 0.611148 0.322193  0.034333 0.623884 1 64 1.000000
0  -3.827234 -7.904108 -6.822748  -0.722978 0.611147 0.322183  0.034333 0.623884 1 64 1.000000
lowpoly_plastic
0  -3.870997 -7.876800 -6.972744  -0.720055 0.605343 0.339237  0.034333 0.623884 1 64 1.000000
0  -3.697556 -7.689796 -6.938294  -0.720060 0.605337 0.339234  0.034333 0.623884 1 64 1.000000
0  -3.827233 -7.648542 -7.287160  -0.720041 0.605358 0.339237  0.034333 0.623884 1 64 1.000000
lowpoly_plastic
0  -3.697555 -7.234992 -7.749830  -0.720058 0.605333 0.339247  0.034333 0.623884 1 64 1.000000
0  -3.827233 -7.362899 -7.796844  -0.720057 0.605347 0.339224  0.034333 0.623884 1 64 1.000000
0  -3.827236 -7.388719 -7.750775  -0.720059 0.605330 0.339249  0.034333 0.623884 1 64 1.000000
lowpoly_plastic
0  -3.827236 -7.388719 -7.750775  -0.720059 0.605330 0.339249  0.034333 0.623884 1 64 1.000000
0  -3.870995 -7.435794 -7.759660  -0.720069 0.605314 0.339256  0.034333 0.623884 1 64 1.000000
0  -3.827231 -7.611426 -7.353392  -0.720049 0.605344 0.339246  0.034333 0.623884 1 64 1.000000
lowpoly_plastic
0  -3.870995 -7.435794 -7.759660  -0.720069 0.605314 0.339256  0.034333 0.623884 1 64 1.000000
0  -3.870995 -7.658498 -7.362276  -0.720009 0.605381 0.339266  0.034333 0.623884 1 64 1.000000
0  -3.827231 -7.611426 -7.353392  -0.720049 0.605344 0.339246  0.034333 0.623884 1 64 1.000000
lowpoly_plastic
0  -3.827233 -7.648542 -7.287160  -0.720041 0.605358 0.339237  0.034333 0.623884 1 64 1.000000
0  -3.870996 -7.695617 -7.296045  -0.720045 0.605347 0.339251  0.034333 0.623884 1 64 1.000000
0  -3.870997 -7.876800 -6.972744  -0.720055 0.605343 0.339237  0.034333 0.623884 1 64 1.000000
lowpoly_plastic
0  -3.697555 -7.234992 -7.749830  -0.720058 0.605333 0.339247  0.034333 0.623884 1 64 1.000000
0  -3.827236 -7.388719 -7.750775  -0.720059 0.605330 0.339249  0.034333 0.623884 1 64 1.000000
0  -3.827231 -7.611426 -7.353392  -0.720049 0.605344 0.339246  0.034333 0.623884 1 64 1.000000
lowpoly_plastic
0  -3.827233 -7.648542 -7.287160  -0.720041 0.605358 0.339237  0.034333 0.623884 1 64 1.000000
0  -3.697556 -7.689796 -6.938294  -0.720060 0.605337 0.339234  0.034333 0.623884 1 64 1.000000
0  -3.827231 -7.611426 -7.353392  -0.720049 0.605344 0.339246  0.034333 0.623884 1 64 1.000000
lowpoly_plastic
0  -3.697553 -6.481213 -8.941246  -0.716582 0.589443 0.372917  0.034333 0.623884 1 64 1.000000
0  -3.870994 -6.663162 -8.986935  -0.716591 0.589436 0.372910  0.034333 0.623884 1 64 1.000000
0  -3.827235 -6.770813 -8.732689  -0.716594 0.589433 0.372910  0.034333 0.623884 1 64 1.000000
lowpoly_plastic
0  -3.870994 -6.663162 -8.986935  -0.716591 0.589436 0.372910  0.034333 0.623884 1 64 1.000000
0  -3.870993 -6.818341 -8.741659  -0.716620 0.589407 0.372900  0.034333 0.623884 1 64 1.000000
0  -3.827235 -6.770813 -8.732689  -0.716594 0.589433 0.372910  0.034333 0.623884 1 64 1.000000
lowpoly_plastic
0  -3.827233 -7.362899 -7.796844  -0.716583 0.589434 0.372930  0.034333 0.623884 1 64 1.000000
0  -3.697555 -7.234992 -7.749830  -0.716583 0.589438 0.372923  0.034333 0.623884 1 64 1.000000
0  -3.827235 -7.350300 -7.816759  -0.716590 0.589431 0.372921  0.034333 0.623884 1 64 1.000000
lowpoly_plastic
0  -3.870994 -7.149477 -8.218269  -0.716611 0.589415 0.372907  0.034333 0.623884 1 64 1.000000
0  -3.870994 -7.397827 -7.825728  -0.716600 0.589424 0.372911  0.034333 0.623884 1 64 1.000000
0  -3.827235 -7.350300 -7.816759  -0.716590 0.589431 0.372921  0.034333 0.623884 1 64 1.000000
lowpoly_plastic
0  -3.827235 -7.350300 -7.816759  -0.716590 0.589431 0.372921  0.034333 0.623884 1 64 1.000000
0  -3.697555 -7.234992 -7.749830  -0.716583 0.589438 0.372923  0.034333 0.623884 1 64 1.000000
0  -3.827235 -7.101948 -8.209301  -0.716590 0.589432 0.372919  0.034333 0.623884 1 64 1.000000
lowpoly_plastic
0  -3.697553 -6.481213 -8.941246  -0.716582 0.589443 0.372917  0.034333 0.623884 1 64 1.000000
0  -3.827235 -6.770813 -8.732689  -0.716594 0.589433 0.372910  0.034333 0.623884 1 64 1.000000
0  -3.827235 -6.812203 -8.667267  -0.716589 0.589433 0.372919  0.034333 0.623884 1 64 1.000000
lowpoly_plastic
0  -3.827235 -6.812203 -8.667267  -0.716589 0.589433 0.372919  0.034333 0.623884 1 64 1.000000
0  -3.870995 -6.859735 -8.676237  -0.716637 0.589390 0.372895  0.034333 0.623884 1 64 1.000000
0  -3.827234 -7.060555 -8.274725  -0.716599 0.589424 0.372915  0.034333 0.623884 1 64 1.000000
lowpoly_plastic
0  -3.870995 -6.859735 -8.676237  -0.716637 0.589390 0.372895  0.034333 0.623884 1 64 1.000000
0  -3.870994 -7.108087 -8.283693  -0.716634 0.589393 0.372897  0.034333 0.623884 1 64 1.000000
0  -3.827234 -7.060555 -8.274725  -0.716599 0.589424 0.372915  0.034333 0.623884 1 64 1.000000
lowpoly_plastic
0  -3.827235 -7.101948 -8.209301  -0.716590 0.589432 0.372919  0.034333 0.623884 1 64 1.000000
0  -3.870994 -7.149477 -8.218269  -0.716611 0.589415 0.372907  0.034333 0.623884 1 64 1.000000
0  -3.827235 -7.350300 -7.816759  -0.716590 0.589431 0.372921  0.034333 0.623884 1 64 1.000000
lowpoly_plastic
0  -3.697553 -6.481213 -8.941246  -0.716582 0.589443 0.372917  0.034333 0.623884 1 64 1.000000
0  -3.827235 -6.812203 -8.667267  -0.716589 0.589433 0.372919  0.034333 0.623884 1 64 1.000000
0  -3.827234 -7.060555 -8.274725  -0.716599 0.589424 0.372915  0.034333 0.623884 1 64 1.000000
lowpoly_plastic
0  -3.827235 -7.101948 -8.209301  -0.716590 0.589432 0.372919  0.034333 0.623884 1 64 1.000000
0  -3.697555 -7.234992 -7.749830  -0.716583 0.589438 0.372923  0.034333 0.623884 1 64 1.000000
0  -3.827234 -7.060555 -8.274725  -0.716599 0.589424 0.372915  0.034333 0.623884 1 64 1.000000
lowpoly_plastic
0  -3.697552 -6.483278 -9.658236  -0.691972 0.684306 -0.230001  0.034333 0.623884 1 64 1.000000
0  -3.870991 -6.668265 -9.686810  -0.691974 0.684304 -0.230002  0.034333 0.623884 1 64 1.000000
0  -3.870995 -6.584919 -9.438828  -0.691972 0.684306 -0.230001  0.034333 0.623884 1 64 1.000000
lowpoly_plastic
0  -3.870994 -6.663162 -8.986935  -0.733324 0.669911 0.115991  0.034333 0.623884 1 64 1.000000
0  -3.697553 -6.481213 -8.941246  -0.733325 0.669911 0.115991  0.034333 0.623884 1 64 1.000000
0  -3.697553 -6.399981 -9.410406  -0.733324 0.669912 0.115991  0.034333 0.623884 1 64 1.000000
lowpoly_plastic
0  -3.697556 -8.009633 -6.057801  -0.000000 0.973089 0.230429  0.034333 0.623884 1 64 1.000000
0  -3.373445 -8.009633 -6.057801  0.000001 0.973088 0.230432  0.034333 0.623884 1 64 1.000000
0  -3.373444 -7.891915 -6.554915  -0.000005 0.973088 0.230433  0.034333 0.623884 1 64 1.000000
lowpoly_plastic
0  -3.870998 -9.508027 -5.821618  -0.733322 -0.679881 0.000000  0.034333 0.623884 1 64 1.000000
0  -3.684497 -9.709188 -5.852537  -0.733322 -0.679881 -0.000001  0.034333 0.623884 1 64 1.000000
0  -3.684496 -9.709188 -5.445347  -0.733322 -0.679881 0.000001  0.034333 0.623884 1 64 1.000000
lowpoly_plastic
0  -3.870998 -9.508027 -6.170473  -0.733322 -0.679881 0.000000  0.034333 0.623884 1 64 1.000000
0  -3.684497 -9.709188 -6.185597  -0.733322 -0.679881 0.000000  0.034333 0.623884 1 64 1.000000
0  -3.684497 -9.709188 -5.852537  -0.733322 -0.679881 -0.000001  0.034333 0.623884 1 64 1.000000
lowpoly_plastic
0  -3.684497 -9.709188 -6.185597  -0.733322 -0.679881 0.000000  0.034333 0.623884 1 64 1.000000
0  -3.870998 -9.508027 -6.170473  -0.733322 -0.679881 0.000000  0.034333 0.623884 1 64 1.000000
0  -3.870998 -9.508027 -6.646328  -0.733322 -0.679881 0.000000  0.034333 0.623884 1 64 1.000000
lowpoly_plastic
0  -3.684496 -9.709188 -5.445347  0.000000 0.000000 1.000000  0.034333 0.623884 1 64 1.000000
0  -3.373443 -9.709188 -5.445347  -0.000000 0.000000 1.000000  0.034333 0.623884 1 64 1.000000
0  -3.870998 -9.508027 -5.445347  -0.000001 0.000000 1.000000  0.034333 0.623884 1 64 1.000000
lowpoly_plastic
0  -3.373442 -8.012280 -5.445347  -0.000000 0.000000 1.000000  0.034333 0.623884 1 64 1.000000
0  -3.870998 -8.012284 -5.445347  0.000000 0.000000 1.000000  0.034333 0.623884 1 64 1.000000
0  -3.870998 -9.508027 -5.445347  -0.000001 0.000000 1.000000  0.034333 0.623884 1 64 1.000000
lowpoly_plastic
0  -3.870994 -7.916083 -6.898242  -1.000000 -0.000004 0.000032  0.034333 0.623884 1 64 1.000000
0  -3.870997 -7.876800 -6.972744  -1.000000 -0.000002 0.000010  0.034333 0.623884 1 64 1.000000
0  -3.870998 -9.168765 -7.210743  -1.000000 -0.000000 0.000008  0.034333 0.623884 1 64 1.000000
lowpoly_plastic
0  -3.870995 -7.658498 -7.362276  -1.000000 0.000000 0.000001  0.034333 0.623884 1 64 1.000000
0  -3.870995 -7.435794 -7.759660  -1.000000 0.000000 0.000001  0.034333 0.623884 1 64 1.000000
0  -3.870995 -8.909678 -8.037828  -1.000000 0.000001 -0.000000  0.034333 0.623884 1 64 1.000000
lowpoly_plastic
0  -3.870994 -7.108087 -8.283693  -1.000000 0.000000 0.000002  0.034333 0.623884 1 64 1.000000
0  -3.870995 -6.859735 -8.676237  -1.000000 0.000000 0.000003  0.034333 0.623884 1 64 1.000000
0  -3.870996 -8.623713 -9.009155  -1.000000 0.000003 -0.000002  0.034333 0.623884 1 64 1.000000
lowpoly_plastic
0  -3.870993 -6.818341 -8.741659  -1.000000 0.000000 0.000005  0.034333 0.623884 1 64 1.000000
0  -3.870994 -6.663162 -8.986935  -1.000000 0.000000 0.000003  0.034333 0.623884 1 64 1.000000
0  -3.870996 -8.541061 -9.297916  -1.000000 -0.000000 0.000003  0.034333 0.623884 1 64 1.000000
lowpoly_plastic
0  -3.827235 -6.812203 -8.667267  -1.000000 -0.000002 -0.000003  0.020572 0.715833 1 64 1.000000
0  -3.827235 -6.770813 -8.732689  -1.000000 -0.000002 -0.000004  0.020572 0.715833 1 64 1.000000
0  -3.827234 -8.650887 -9.087521  -1.000000 -0.000003 0.000015  0.020572 0.715833 1 64 1.000000
lowpoly_plastic
0  -3.827235 -7.101948 -8.209301  -1.000000 0.000000 -0.000011  0.020572 0.715833 1 64 1.000000
0  -3.827234 -7.060555 -8.274725  -1.000000 0.000000 -0.000010  0.020572 0.715833 1 64 1.000000
0  -3.827232 -8.790106 -8.601143  -1.000000 0.000005 -0.000023  0.020572 0.715833 1 64 1.000000
lowpoly_plastic
0  -3.827235 -7.350300 -7.816759  -1.000000 -0.000013 0.000085  0.020572 0.715833 1 64 1.000000
0  -3.827232 -8.935275 -8.115892  -1.000000 0.000002 -0.000017  0.020572 0.715833 1 64 1.000000
0  -3.827233 -7.362899 -7.796844  -1.000000 -0.000004 0.000025  0.020572 0.715833 1 64 1.000000
lowpoly_plastic
0  -3.827233 -8.956934 -8.046745  -1.000000 0.000002 -0.000017  0.020572 0.715833 1 64 1.000000
0  -3.827236 -7.388719 -7.750775  -1.000000 0.000012 -0.000064  0.020572 0.715833 1 64 1.000000
0  -3.827232 -8.935275 -8.115892  -1.000000 0.000002 -0.000017  0.020572 0.715833 1 64 1.000000
lowpoly_plastic
0  -3.827233 -7.648542 -7.287160  -1.000000 0.000007 -0.000019  0.020572 0.715833 1 64 1.000000
0  -3.827231 -7.611426 -7.353392  -1.000000 0.000007 -0.000018  0.020572 0.715833 1 64 1.000000
0  -3.827234 -9.086896 -7.631861  -1.000000 0.000011 -0.000041  0.020572 0.715833 1 64 1.000000
lowpoly_plastic
0  -3.827234 -7.904108 -6.822748  -1.000000 0.000005 -0.000023  0.020572 0.715833 1 64 1.000000
0  -3.827232 -7.868998 -6.889357  -1.000000 0.000006 -0.000025  0.020572 0.715833 1 64 1.000000
0  -3.827235 -9.248233 -7.149661  -1.000000 -0.000012 0.000055  0.020572 0.715833 1 64 1.000000
lowpoly_plastic
0  -3.870996 -9.200999 -7.140746  0.000000 -0.185456 0.982653  0.020572 0.715833 1 64 1.000000
0  -3.827235 -9.248233 -7.149661  0.000000 -0.185456 0.982652  0.020572 0.715833 1 64 1.000000
0  -3.827232 -7.868998 -6.889357  0.000028 -0.185457 0.982652  0.020572 0.715833 1 64 1.000000
lowpoly_plastic
0  -3.870996 -9.039640 -7.622941  0.000029 -0.185459 0.982652  0.020572 0.715833 1 64 1.000000
0  -3.827234 -9.086896 -7.631861  0.000029 -0.185459 0.982652  0.020572 0.715833 1 64 1.000000
0  -3.827231 -7.611426 -7.353392  0.000011 -0.185458 0.982652  0.020572 0.715833 1 64 1.000000
lowpoly_plastic
0  -3.870994 -7.397827 -7.825728  0.000000 -0.185453 0.982653  0.020572 0.715833 1 64 1.000000
0  -3.870994 -7.487535 -7.842659  0.000027 -0.185457 0.982652  0.020572 0.715833 1 64 1.000000
0  -3.827235 -7.350300 -7.816759  0.000013 -0.185455 0.982653  0.020572 0.715833 1 64 1.000000
lowpoly_plastic
0  -3.870995 -8.888018 -8.106976  -0.000061 -0.185460 0.982652  0.020572 0.715833 1 64 1.000000
0  -3.827232 -8.935275 -8.115892  -0.000057 -0.185460 0.982652  0.020572 0.715833 1 64 1.000000
0  -3.870994 -7.487535 -7.842659  0.000027 -0.185457 0.982652  0.020572 0.715833 1 64 1.000000
lowpoly_plastic
0  -3.870994 -7.108087 -8.283693  0.000049 -0.185456 0.982653  0.020572 0.715833 1 64 1.000000
0  -3.870997 -8.743040 -8.592262  -0.000038 -0.185461 0.982652  0.020572 0.715833 1 64 1.000000
0  -3.827232 -8.790106 -8.601143  -0.000035 -0.185461 0.982652  0.020572 0.715833 1 64 1.000000
lowpoly_plastic
0  -3.827234 -8.650887 -9.087521  0.000046 -0.185459 0.982652  0.020572 0.715833 1 64 1.000000
0  -3.827235 -6.770813 -8.732689  -0.000012 -0.185458 0.982652  0.020572 0.715833 1 64 1.000000
0  -3.870993 -6.818341 -8.741659  -0.000012 -0.185458 0.982652  0.020572 0.715833 1 64 1.000000
lowpoly_plastic
0  -3.870995 -6.859735 -8.676237  -0.000046 0.185456 -0.982653  0.034333 0.623884 1 64 1.000000
0  -3.827235 -6.812203 -8.667267  -0.000046 0.185456 -0.982652  0.034333 0.623884 1 64 1.000000
0  -3.827233 -8.670776 -9.018038  -0.000001 0.185456 -0.982653  0.034333 0.623884 1 64 1.000000
lowpoly_plastic
0  -3.870994 -7.149477 -8.218269  -0.000049 0.185458 -0.982652  0.034333 0.623884 1 64 1.000000
0  -3.827235 -7.101948 -8.209301  -0.000050 0.185458 -0.982652  0.034333 0.623884 1 64 1.000000
0  -3.827234 -8.809989 -8.531660  0.000013 0.185457 -0.982652  0.034333 0.623884 1 64 1.000000
lowpoly_plastic
0  -3.827236 -7.388719 -7.750775  0.000030 0.185456 -0.982653  0.034333 0.623884 1 64 1.000000
0  -3.827233 -8.956934 -8.046745  0.000064 0.185457 -0.982652  0.034333 0.623884 1 64 1.000000
0  -3.870995 -8.909678 -8.037828  0.000064 0.185457 -0.982652  0.034333 0.623884 1 64 1.000000
lowpoly_plastic
0  -3.827233 -7.648542 -7.287160  -0.000002 0.185457 -0.982652  0.034333 0.623884 1 64 1.000000
0  -3.827237 -9.108559 -7.562713  -0.000049 0.185460 -0.982652  0.034333 0.623884 1 64 1.000000
0  -3.870993 -9.061306 -7.553793  -0.000048 0.185460 -0.982652  0.034333 0.623884 1 64 1.000000
lowpoly_plastic
0  -3.827234 -7.904108 -6.822748  0.000002 0.185459 -0.982652  0.034333 0.623884 1 64 1.000000
0  -3.827230 -9.279262 -7.082280  0.000038 0.185455 -0.982653  0.034333 0.623884 1 64 1.000000
0  -3.870995 -9.232031 -7.073368  0.000037 0.185455 -0.982653  0.034333 0.623884 1 64 1.000000
lowpoly_plastic
0  -3.049336 -7.731439 -5.737612  -0.000007 0.754878 -0.655865  0.034333 0.623884 1 64 1.000000
0  -3.049333 -8.009634 -6.057801  0.000003 0.754871 -0.655874  0.034333 0.623884 1 64 1.000000
0  -3.373445 -8.009633 -6.057801  -0.000002 0.754879 -0.655864  0.034333 0.623884 1 64 1.000000
lowpoly_plastic
0  -3.373444 -9.709188 -5.852537  -0.000003 -1.000000 0.000000  0.034333 0.623884 1 64 1.000000
0  -3.373444 -9.709188 -6.185597  -0.000003 -1.000000 0.000000  0.034333 0.623884 1 64 1.000000
0  -3.062389 -9.709190 -6.185597  -0.000006 -1.000000 0.000000  0.034333 0.623884 1 64 1.000000
lowpoly_plastic
0  -3.049336 -7.731439 -5.737612  -0.000003 0.135550 -0.990771  0.034333 0.623884 1 64 1.000000
0  -3.373445 -7.731445 -5.737612  -0.000002 0.135550 -0.990771  0.034333 0.623884 1 64 1.000000
0  -3.373445 -6.990245 -5.636207  -0.000000 0.135549 -0.990771  0.034333 0.623884 1 64 1.000000
lowpoly_plastic
0  -3.175349 -9.709192 -6.800001  -0.000012 -0.908313 -0.418292  0.034333 0.623884 1 64 1.000000
0  -3.373444 -9.709188 -6.800001  -0.000006 -0.908314 -0.418289  0.034333 0.623884 1 64 1.000000
0  -3.373445 -9.492568 -7.270392  -0.000001 -0.908313 -0.418291  0.034333 0.623884 1 64 1.000000
lowpoly_plastic
0  -2.875889 -9.508032 -5.821618  1.000000 0.000002 0.000000  0.034333 0.623884 1 64 1.000000
0  -2.875893 -7.751343 -5.551602  1.000000 -0.000001 -0.000003  0.034333 0.623884 1 64 1.000000
0  -2.875893 -8.012282 -5.445347  1.000000 0.000001 0.000004  0.034333 0.623884 1 64 1.000000
lowpoly_plastic
0  -3.373443 -9.709188 -5.445347  -0.000000 -1.000000 0.000002  0.034333 0.623884 1 64 1.000000
0  -3.373444 -9.709188 -5.852537  -0.000003 -1.000000 0.000000  0.034333 0.623884 1 64 1.000000
0  -3.062389 -9.709190 -5.852537  -0.000004 -1.000000 0.000001  0.034333 0.623884 1 64 1.000000
lowpoly_plastic
0  -2.875889 -9.508032 -5.821618  1.000000 0.000002 0.000000  0.034333 0.623884 1 64 1.000000
0  -2.875890 -9.508032 -6.170473  1.000000 0.000003 -0.000005  0.034333 0.623884 1 64 1.000000
0  -2.875891 -8.203840 -6.072403  1.000000 0.000001 -0.000001  0.034333 0.623884 1 64 1.000000
lowpoly_plastic
0  -3.373444 -9.709188 -6.185597  -0.000003 -1.000000 0.000000  0.034333 0.623884 1 64 1.000000
0  -3.373444 -9.709188 -6.800001  -0.000004 -1.000000 0.000005  0.034333 0.623884 1 64 1.000000
0  -3.062389 -9.709190 -6.678164  -0.000009 -1.000000 0.000010  0.034333 0.623884 1 64 1.000000
lowpoly_plastic
0  -3.373442 -7.234993 -7.749830  0.000004 0.845070 0.534656  0.034333 0.623884 1 64 1.000000
0  -3.049334 -7.234994 -7.749831  0.000004 0.845070 0.534656  0.034333 0.623884 1 64 1.000000
0  -3.049334 -6.481214 -8.941246  0.000001 0.845070 0.534655  0.034333 0.623884 1 64 1.000000
lowpoly_plastic
0  -2.875896 -9.378454 -6.755395  0.636460 -0.496681 -0.590108  0.034333 0.623884 1 64 1.000000
0  -2.875892 -9.508034 -6.646328  0.636456 -0.496678 -0.590115  0.034333 0.623884 1 64 1.000000
0  -3.062389 -9.709190 -6.678164  0.636466 -0.496684 -0.590099  0.034333 0.623884 1 64 1.000000
lowpoly_plastic
0  -3.175349 -9.492568 -7.270392  -0.000001 -0.954275 -0.298930  0.034333 0.623884 1 64 1.000000
0  -3.373445 -9.492568 -7.270392  0.000000 -0.954275 -0.298930  0.034333 0.623884 1 64 1.000000
0  -3.373445 -9.124781 -8.444483  -0.000008 -0.954275 -0.298929  0.034333 0.623884 1 64 1.000000
lowpoly_plastic
0  -2.875890 -9.508032 -6.170473  1.000000 0.000003 -0.000005  0.034333 0.623884 1 64 1.000000
0  -2.875896 -9.378454 -6.755395  1.000000 0.000003 -0.000001  0.034333 0.623884 1 64 1.000000
0  -2.875891 -8.203840 -6.072403  1.000000 0.000001 -0.000001  0.034333 0.623884 1 64 1.000000
lowpoly_plastic
0  -3.373441 -6.399981 -9.410408  -0.000005 0.947890 -0.318599  0.034333 0.623884 1 64 1.000000
0  -3.049336 -6.399977 -9.410406  -0.000010 0.947890 -0.318599  0.034333 0.623884 1 64 1.000000
0  -3.049335 -6.483276 -9.658236  -0.000011 0.947889 -0.318600  0.034333 0.623884 1 64 1.000000
lowpoly_plastic
0  -3.373445 -6.481214 -8.941246  -0.000002 0.985339 0.170609  0.034333 0.623884 1 64 1.000000
0  -3.049334 -6.481214 -8.941246  0.000000 0.985338 0.170614  0.034333 0.623884 1 64 1.000000
0  -3.049336 -6.399977 -9.410406  -0.000008 0.985338 0.170611  0.034333 0.623884 1 64 1.000000
lowpoly_plastic
0  -3.373443 -8.900776 -10.031626  -0.000000 0.152643 -0.988281  0.034333 0.623884 1 64 1.000000
0  -3.373440 -6.483280 -9.658236  -0.000000 0.152645 -0.988281  0.034333 0.623884 1 64 1.000000
0  -2.875892 -8.612809 -9.987148  0.000002 0.152643 -0.988281  0.034333 0.623884 1 64 1.000000
lowpoly_plastic
0  -3.175352 -9.124783 -8.444483  -0.000008 -0.961392 -0.275182  0.034333 0.623884 1 64 1.000000
0  -3.373445 -9.124781 -8.444483  -0.000008 -0.961392 -0.275182  0.034333 0.623884 1 64 1.000000
0  -3.373441 -8.864473 -9.353910  -0.000006 -0.961393 -0.275181  0.034333 0.623884 1 64 1.000000
lowpoly_plastic
0  -3.175350 -9.085366 -9.823072  -0.000010 -0.748821 -0.662773  0.034333 0.623884 1 64 1.000000
0  -3.373444 -9.085363 -9.823072  -0.000004 -0.748820 -0.662773  0.034333 0.623884 1 64 1.000000
0  -3.373443 -8.900776 -10.031626  -0.000007 -0.748823 -0.662770  0.034333 0.623884 1 64 1.000000
lowpoly_plastic
0  -3.175347 -8.864475 -9.353910  -0.000008 -0.994800 0.101845  0.034333 0.623884 1 64 1.000000
0  -3.373441 -8.864473 -9.353910  -0.000008 -0.994801 0.101840  0.034333 0.623884 1 64 1.000000
0  -3.373445 -8.889314 -9.596548  0.000001 -0.994800 0.101851  0.034333 0.623884 1 64 1.000000
lowpoly_plastic
0  -2.875892 -8.541067 -9.297915  1.000000 -0.000001 0.000003  0.034333 0.623884 1 64 1.000000
0  -2.875892 -8.562535 -9.507626  1.000000 0.000000 0.000004  0.034333 0.623884 1 64 1.000000
0  -2.875891 -6.663158 -8.986935  1.000000 -0.000000 -0.000000  0.034333 0.623884 1 64 1.000000
lowpoly_plastic
0  -3.175351 -8.889315 -9.596548  -0.000007 -0.756138 0.654413  0.034333 0.623884 1 64 1.000000
0  -3.373445 -8.889314 -9.596548  0.000006 -0.756138 0.654412  0.034333 0.623884 1 64 1.000000
0  -3.373444 -9.085363 -9.823072  -0.000005 -0.756141 0.654409  0.034333 0.623884 1 64 1.000000
lowpoly_plastic
0  -2.875892 -6.584916 -9.438828  1.000000 -0.000001 0.000001  0.034333 0.623884 1 64 1.000000
0  -2.875890 -8.797228 -9.778795  1.000000 0.000002 -0.000002  0.034333 0.623884 1 64 1.000000
0  -2.875892 -8.612809 -9.987148  1.000000 0.000002 -0.000007  0.034333 0.623884 1 64 1.000000
lowpoly_plastic
0  -2.875892 -8.562535 -9.507626  1.000000 0.000000 0.000004  0.034333 0.623884 1 64 1.000000
0  -2.875890 -8.797228 -9.778795  1.000000 0.000002 -0.000002  0.034333 0.623884 1 64 1.000000
0  -2.875892 -6.584916 -9.438828  1.000000 -0.000001 0.000001  0.034333 0.623884 1 64 1.000000
lowpoly_plastic
0  -2.875893 -7.487536 -7.842659  1.000000 -0.000000 -0.000001  0.034333 0.623884 1 64 1.000000
0  -2.875894 -8.762928 -8.522779  1.000000 -0.000003 0.000005  0.034333 0.623884 1 64 1.000000
0  -2.875892 -7.149475 -8.218271  1.000000 -0.000001 0.000001  0.034333 0.623884 1 64 1.000000
lowpoly_plastic
0  -2.875893 -7.876799 -6.972743  1.000000 0.000001 -0.000012  0.034333 0.623884 1 64 1.000000
0  -2.875894 -9.168771 -7.210742  1.000000 0.000002 -0.000017  0.034333 0.623884 1 64 1.000000
0  -2.875893 -9.061305 -7.553793  1.000000 -0.000001 0.000002  0.034333 0.623884 1 64 1.000000
lowpoly_plastic
0  -2.875893 -8.083459 -6.580747  1.000000 -0.000001 0.000002  0.034333 0.623884 1 64 1.000000
0  -2.875896 -9.378454 -6.755395  1.000000 0.000003 -0.000001  0.034333 0.623884 1 64 1.000000
0  -2.875891 -9.232028 -7.073368  1.000000 -0.000003 0.000010  0.034333 0.623884 1 64 1.000000
lowpoly_plastic
0  -3.373442 -8.012280 -5.445347  0.000000 0.016272 0.999868  0.034333 0.623884 1 64 1.000000
0  -2.875893 -8.012282 -5.445347  0.000000 0.016272 0.999868  0.034333 0.623884 1 64 1.000000
0  -2.875890 -6.936091 -5.462862  0.000001 0.016272 0.999868  0.034333 0.623884 1 64 1.000000
lowpoly_plastic
0  -3.373443 -7.689797 -6.938294  0.000002 0.872349 0.488884  0.034333 0.623884 1 64 1.000000
0  -3.049333 -7.689797 -6.938294  0.000000 0.872349 0.488884  0.034333 0.623884 1 64 1.000000
0  -3.049334 -7.234994 -7.749831  0.000004 0.872348 0.488885  0.034333 0.623884 1 64 1.000000
lowpoly_plastic
0  -3.049334 -6.990247 -5.636208  -0.000002 0.954505 -0.298195  0.034333 0.623884 1 64 1.000000
0  -3.373445 -6.990245 -5.636207  -0.000005 0.954508 -0.298184  0.034333 0.623884 1 64 1.000000
0  -3.373441 -6.936093 -5.462861  -0.000004 0.954507 -0.298189  0.034333 0.623884 1 64 1.000000
lowpoly_plastic
0  -2.919654 -9.279261 -7.082280  0.729164 -0.621594 -0.286253  0.034333 0.623884 1 64 1.000000
0  -3.175349 -9.492568 -7.270392  0.729155 -0.621601 -0.286260  0.034333 0.623884 1 64 1.000000
0  -2.919655 -9.248229 -7.149659  0.729150 -0.621609 -0.286256  0.034333 0.623884 1 64 1.000000
lowpoly_plastic
0  -3.175349 -9.492568 -7.270392  0.737304 -0.644670 -0.201950  0.034333 0.623884 1 64 1.000000
0  -3.175352 -9.124783 -8.444483  0.737309 -0.644665 -0.201945  0.034333 0.623884 1 64 1.000000
0  -2.919656 -9.086896 -7.631859  0.737305 -0.644668 -0.201954  0.034333 0.623884 1 64 1.000000
lowpoly_plastic
0  -2.919655 -8.790104 -8.601145  0.736783 -0.650025 -0.186061  0.034333 0.623884 1 64 1.000000
0  -3.175352 -9.124783 -8.444483  0.736798 -0.650012 -0.186049  0.034333 0.623884 1 64 1.000000
0  -2.919651 -8.670774 -9.018038  0.736816 -0.649988 -0.186060  0.034333 0.623884 1 64 1.000000
lowpoly_plastic
0  -2.875890 -8.797228 -9.778795  0.533514 -0.639530 0.553502  0.034333 0.623884 1 64 1.000000
0  -2.875892 -8.562535 -9.507626  0.533513 -0.639531 0.553502  0.034333 0.623884 1 64 1.000000
0  -3.175351 -8.889315 -9.596548  0.533514 -0.639529 0.553502  0.034333 0.623884 1 64 1.000000
lowpoly_plastic
0  -2.875892 -8.562535 -9.507626  0.725880 -0.684246 0.070041  0.034333 0.623884 1 64 1.000000
0  -2.875892 -8.541067 -9.297915  0.725881 -0.684245 0.070041  0.034333 0.623884 1 64 1.000000
0  -3.175347 -8.864475 -9.353910  0.725878 -0.684248 0.070042  0.034333 0.623884 1 64 1.000000
lowpoly_plastic
0  -3.175348 -8.900779 -10.031626  0.633391 -0.579459 -0.512878  0.034333 0.623884 1 64 1.000000
0  -2.875892 -8.612809 -9.987148  0.633398 -0.579445 -0.512884  0.034333 0.623884 1 64 1.000000
0  -2.875890 -8.797228 -9.778795  0.633394 -0.579453 -0.512881  0.034333 0.623884 1 64 1.000000
lowpoly_plastic
0  -3.373444 -7.891915 -6.554915  -0.000004 0.884597 0.466357  0.034333 0.623884 1 64 1.000000
0  -3.049335 -7.891909 -6.554915  -0.000015 0.884602 0.466347  0.034333 0.623884 1 64 1.000000
0  -3.049333 -7.689797 -6.938294  -0.000006 0.884598 0.466355  0.034333 0.623884 1 64 1.000000
lowpoly_plastic
0  -2.875893 -7.751343 -5.551602  0.619909 0.592333 -0.514640  0.034333 0.623884 1 64 1.000000
0  -2.875891 -8.203840 -6.072403  0.619913 0.592328 -0.514640  0.034333 0.623884 1 64 1.000000
0  -3.049333 -8.009634 -6.057801  0.619912 0.592330 -0.514640  0.034333 0.623884 1 64 1.000000
lowpoly_plastic
0  -2.875893 -7.751343 -5.551602  0.733168 0.092177 -0.673771  0.034333 0.623884 1 64 1.000000
0  -3.049336 -7.731439 -5.737612  0.733168 0.092177 -0.673771  0.034333 0.623884 1 64 1.000000
0  -3.049334 -6.990247 -5.636208  0.733168 0.092177 -0.673771  0.034333 0.623884 1 64 1.000000
lowpoly_plastic
0  -2.875893 -8.083459 -6.580747  0.742660 0.651647 0.154317  0.034333 0.623884 1 64 1.000000
0  -3.049335 -7.891909 -6.554915  0.742660 0.651645 0.154318  0.034333 0.623884 1 64 1.000000
0  -3.049333 -8.009634 -6.057801  0.742658 0.651648 0.154315  0.034333 0.623884 1 64 1.000000
lowpoly_plastic
0  -3.049333 -7.689797 -6.938294  0.722957 0.611161 0.322204  0.034333 0.623884 1 64 1.000000
0  -3.049335 -7.891909 -6.554915  0.722958 0.611162 0.322201  0.034333 0.623884 1 64 1.000000
0  -2.919653 -7.904113 -6.822748  0.722963 0.611160 0.322191  0.034333 0.623884 1 64 1.000000
lowpoly_plastic
0  -3.049334 -7.234994 -7.749831  0.720057 0.605335 0.339247  0.034333 0.623884 1 64 1.000000
0  -3.049333 -7.689797 -6.938294  0.720055 0.605339 0.339243  0.034333 0.623884 1 64 1.000000
0  -2.919654 -7.611424 -7.353393  0.720040 0.605354 0.339249  0.034333 0.623884 1 64 1.000000
lowpoly_plastic
0  -2.919656 -7.060554 -8.274725  0.716581 0.589438 0.372927  0.034333 0.623884 1 64 1.000000
0  -3.049334 -6.481214 -8.941246  0.716576 0.589444 0.372927  0.034333 0.623884 1 64 1.000000
0  -3.049334 -7.234994 -7.749831  0.716580 0.589440 0.372925  0.034333 0.623884 1 64 1.000000
lowpoly_plastic
0  -3.049335 -6.483276 -9.658236  0.691968 0.684310 -0.229999  0.034333 0.623884 1 64 1.000000
0  -3.049336 -6.399977 -9.410406  0.691971 0.684306 -0.230002  0.034333 0.623884 1 64 1.000000
0  -2.875892 -6.584916 -9.438828  0.691968 0.684310 -0.229999  0.034333 0.623884 1 64 1.000000
lowpoly_plastic
0  -2.875891 -6.663158 -8.986935  0.733316 0.669920 0.115994  0.034333 0.623884 1 64 1.000000
0  -2.875892 -6.584916 -9.438828  0.733322 0.669914 0.115990  0.034333 0.623884 1 64 1.000000
0  -3.049336 -6.399977 -9.410406  0.733319 0.669917 0.115992  0.034333 0.623884 1 64 1.000000
lowpoly_plastic
0  -3.049333 -8.009634 -6.057801  -0.000004 0.973087 0.230436  0.034333 0.623884 1 64 1.000000
0  -3.049335 -7.891909 -6.554915  -0.000017 0.973087 0.230439  0.034333 0.623884 1 64 1.000000
0  -3.373444 -7.891915 -6.554915  -0.000005 0.973088 0.230433  0.034333 0.623884 1 64 1.000000
lowpoly_plastic
0  -2.875889 -9.508032 -5.821618  0.733318 -0.679886 0.000005  0.034333 0.623884 1 64 1.000000
0  -2.875889 -9.508032 -5.445347  0.733306 -0.679899 0.000000  0.034333 0.623884 1 64 1.000000
0  -3.062395 -9.709188 -5.445347  0.733312 -0.679893 0.000006  0.034333 0.623884 1 64 1.000000
lowpoly_plastic
0  -2.875890 -9.508032 -6.170473  0.733321 -0.679882 -0.000001  0.034333 0.623884 1 64 1.000000
0  -2.875889 -9.508032 -5.821618  0.733318 -0.679886 0.000005  0.034333 0.623884 1 64 1.000000
0  -3.062389 -9.709190 -5.852537  0.733321 -0.679883 0.000006  0.034333 0.623884 1 64 1.000000
lowpoly_plastic
0  -3.062389 -9.709190 -6.185597  0.733322 -0.679882 -0.000001  0.034333 0.623884 1 64 1.000000
0  -3.062389 -9.709190 -6.678164  0.733323 -0.679880 0.000000  0.034333 0.623884 1 64 1.000000
0  -2.875892 -9.508034 -6.646328  0.733323 -0.679881 -0.000000  0.034333 0.623884 1 64 1.000000
lowpoly_plastic
0  -3.373442 -8.012280 -5.445347  -0.000000 0.000000 1.000000  0.034333 0.623884 1 64 1.000000
0  -3.373443 -9.709188 -5.445347  -0.000000 0.000000 1.000000  0.034333 0.623884 1 64 1.000000
0  -2.875889 -9.508032 -5.445347  0.000000 0.000000 1.000000  0.034333 0.623884 1 64 1.000000
lowpoly_plastic
0  -2.875890 -7.916080 -6.898242  1.000000 0.000006 -0.000035  0.034333 0.623884 1 64 1.000000
0  -2.875891 -9.201005 -7.140746  1.000000 0.000005 -0.000032  0.034333 0.623884 1 64 1.000000
0  -2.875894 -9.168771 -7.210742  1.000000 0.000002 -0.000017  0.034333 0.623884 1 64 1.000000
lowpoly_plastic
0  -2.875890 -7.658497 -7.362277  1.000000 0.000001 -0.000005  0.034333 0.623884 1 64 1.000000
0  -2.875896 -9.039639 -7.622941  1.000000 -0.000004 0.000007  0.034333 0.623884 1 64 1.000000
0  -2.875892 -8.909675 -8.037827  1.000000 -0.000003 0.000004  0.034333 0.623884 1 64 1.000000
lowpoly_plastic
0  -2.875890 -8.888016 -8.106974  1.000000 0.000005 -0.000018  0.034333 0.623884 1 64 1.000000
0  -2.875895 -8.817654 -8.331589  1.000000 0.000001 -0.000006  0.034333 0.623884 1 64 1.000000
0  -2.875893 -7.487536 -7.842659  1.000000 -0.000000 -0.000001  0.034333 0.623884 1 64 1.000000
lowpoly_plastic
0  -2.875891 -7.108084 -8.283693  1.000000 -0.000003 -0.000001  0.034333 0.623884 1 64 1.000000
0  -2.875892 -8.743046 -8.592262  1.000000 0.000001 -0.000008  0.034333 0.623884 1 64 1.000000
0  -2.875895 -8.623712 -9.009155  1.000000 0.000000 -0.000006  0.034333 0.623884 1 64 1.000000
lowpoly_plastic
0  -2.875892 -6.818341 -8.741659  1.000000 -0.000001 0.000002  0.034333 0.623884 1 64 1.000000
0  -2.875893 -8.603828 -9.078638  1.000000 -0.000002 0.000006  0.034333 0.623884 1 64 1.000000
0  -2.875892 -8.541067 -9.297915  1.000000 -0.000001 0.000003  0.034333 0.623884 1 64 1.000000
lowpoly_plastic
0  -2.919656 -6.812204 -8.667267  1.000000 -0.000007 0.000038  0.020572 0.715833 1 64 1.000000
0  -2.919651 -8.670774 -9.018038  1.000000 0.000010 -0.000029  0.020572 0.715833 1 64 1.000000
0  -2.919653 -8.650885 -9.087519  1.000000 0.000009 -0.000027  0.020572 0.715833 1 64 1.000000
lowpoly_plastic
0  -2.919652 -7.101953 -8.209301  1.000000 0.000012 -0.000061  0.020572 0.715833 1 64 1.000000
0  -2.919653 -8.809994 -8.531662  1.000000 0.000004 -0.000026  0.020572 0.715833 1 64 1.000000
0  -2.919655 -8.790104 -8.601145  1.000000 0.000004 -0.000027  0.020572 0.715833 1 64 1.000000
lowpoly_plastic
0  -2.919652 -7.388723 -7.750776  1.000000 0.000017 -0.000082  0.020572 0.715833 1 64 1.000000
0  -2.919655 -8.935274 -8.115892  1.000000 0.000002 -0.000022  0.020572 0.715833 1 64 1.000000
0  -2.919656 -7.362898 -7.796845  1.000000 -0.000022 0.000109  0.020572 0.715833 1 64 1.000000
lowpoly_plastic
0  -2.919652 -7.648540 -7.287161  1.000000 0.000007 -0.000033  0.020572 0.715833 1 64 1.000000
0  -2.919654 -9.108562 -7.562713  1.000000 0.000003 -0.000026  0.020572 0.715833 1 64 1.000000
0  -2.919656 -9.086896 -7.631859  1.000000 0.000003 -0.000027  0.020572 0.715833 1 64 1.000000
lowpoly_plastic
0  -2.919653 -7.904113 -6.822748  1.000000 0.000005 -0.000025  0.020572 0.715833 1 64 1.000000
0  -2.919654 -9.279261 -7.082280  1.000000 0.000001 -0.000007  0.020572 0.715833 1 64 1.000000
0  -2.919655 -9.248229 -7.149659  1.000000 0.000002 -0.000007  0.020572 0.715833 1 64 1.000000
lowpoly_plastic
0  -2.875891 -9.201005 -7.140746  0.000000 -0.185459 0.982652  0.020572 0.715833 1 64 1.000000
0  -2.875890 -7.916080 -6.898242  0.000035 -0.185455 0.982653  0.020572 0.715833 1 64 1.000000
0  -2.919655 -7.868999 -6.889355  0.000034 -0.185455 0.982653  0.020572 0.715833 1 64 1.000000
lowpoly_plastic
0  -2.875896 -9.039639 -7.622941  0.000028 -0.185457 0.982652  0.020572 0.715833 1 64 1.000000
0  -2.875890 -7.658497 -7.362277  -0.000019 -0.185456 0.982652  0.020572 0.715833 1 64 1.000000
0  -2.919654 -7.611424 -7.353393  -0.000017 -0.185456 0.982652  0.020572 0.715833 1 64 1.000000
lowpoly_plastic
0  -2.919655 -8.935274 -8.115892  0.000029 -0.185458 0.982652  0.020572 0.715833 1 64 1.000000
0  -2.875893 -7.487536 -7.842659  -0.000006 -0.185457 0.982652  0.020572 0.715833 1 64 1.000000
0  -2.919651 -7.350304 -7.816760  0.000029 -0.185456 0.982653  0.020572 0.715833 1 64 1.000000
lowpoly_plastic
0  -2.875891 -7.108084 -8.283693  -0.000025 -0.185455 0.982653  0.020572 0.715833 1 64 1.000000
0  -2.919656 -7.060554 -8.274725  -0.000025 -0.185455 0.982653  0.020572 0.715833 1 64 1.000000
0  -2.919655 -8.790104 -8.601145  -0.000032 -0.185457 0.982652  0.020572 0.715833 1 64 1.000000
lowpoly_plastic
0  -2.919653 -8.650885 -9.087519  0.000023 -0.185458 0.982652  0.020572 0.715833 1 64 1.000000
0  -2.875893 -8.603828 -9.078638  0.000024 -0.185458 0.982652  0.020572 0.715833 1 64 1.000000
0  -2.875892 -6.818341 -8.741659  -0.000016 -0.185459 0.982652  0.020572 0.715833 1 64 1.000000
lowpoly_plastic
0  -2.875890 -6.859733 -8.676235  0.000091 0.185455 -0.982653  0.034333 0.623884 1 64 1.000000
0  -2.875895 -8.623712 -9.009155  0.000001 0.185459 -0.982652  0.034333 0.623884 1 64 1.000000
0  -2.919651 -8.670774 -9.018038  0.000004 0.185459 -0.982652  0.034333 0.623884 1 64 1.000000
lowpoly_plastic
0  -2.875892 -7.149475 -8.218271  -0.000025 0.185458 -0.982652  0.034333 0.623884 1 64 1.000000
0  -2.875894 -8.762928 -8.522779  -0.000011 0.185456 -0.982653  0.034333 0.623884 1 64 1.000000
0  -2.919653 -8.809994 -8.531662  -0.000011 0.185456 -0.982653  0.034333 0.623884 1 64 1.000000
lowpoly_plastic
0  -2.919652 -7.388723 -7.750776  -0.000055 0.185457 -0.982652  0.034333 0.623884 1 64 1.000000
0  -2.875894 -7.435792 -7.759661  -0.000058 0.185457 -0.982652  0.034333 0.623884 1 64 1.000000
0  -2.875892 -8.909675 -8.037827  0.000014 0.185457 -0.982652  0.034333 0.623884 1 64 1.000000
lowpoly_plastic
0  -2.919652 -7.648540 -7.287161  -0.000029 0.185456 -0.982653  0.034333 0.623884 1 64 1.000000
0  -2.875891 -7.695615 -7.296046  -0.000031 0.185456 -0.982653  0.034333 0.623884 1 64 1.000000
0  -2.875893 -9.061305 -7.553793  0.000025 0.185458 -0.982652  0.034333 0.623884 1 64 1.000000
lowpoly_plastic
0  -2.919653 -7.904113 -6.822748  -0.000002 0.185459 -0.982652  0.034333 0.623884 1 64 1.000000
0  -2.875892 -7.951197 -6.831634  0.000000 0.185459 -0.982652  0.034333 0.623884 1 64 1.000000
0  -2.875891 -9.232028 -7.073368  -0.000042 0.185454 -0.982653  0.034333 0.623884 1 64 1.000000
lowpoly_plastic
0  -3.049336 -7.731439 -5.737612  -0.000007 0.754878 -0.655865  0.034333 0.623884 1 64 1.000000
0  -3.373445 -8.009633 -6.057801  -0.000002 0.754879 -0.655864  0.034333 0.623884 1 64 1.000000
0  -3.373445 -7.731445 -5.737612  -0.000006 0.754882 -0.655861  0.034333 0.623884 1 64 1.000000
lowpoly_plastic
0  -3.373444 -9.709188 -5.852537  -0.000003 -1.000000 0.000000  0.034333 0.623884 1 64 1.000000
0  -3.062389 -9.709190 -6.185597  -0.000006 -1.000000 0.000000  0.034333 0.623884 1 64 1.000000
0  -3.062389 -9.709190 -5.852537  -0.000004 -1.000000 0.000001  0.034333 0.623884 1 64 1.000000
lowpoly_plastic
0  -3.049336 -7.731439 -5.737612  -0.000003 0.135550 -0.990771  0.034333 0.623884 1 64 1.000000
0  -3.373445 -6.990245 -5.636207  -0.000000 0.135549 -0.990771  0.034333 0.623884 1 64 1.000000
0  -3.049334 -6.990247 -5.636208  -0.000002 0.135550 -0.990771  0.034333 0.623884 1 64 1.000000
lowpoly_plastic
0  -3.175349 -9.709192 -6.800001  -0.000012 -0.908313 -0.418292  0.034333 0.623884 1 64 1.000000
0  -3.373445 -9.492568 -7.270392  -0.000001 -0.908313 -0.418291  0.034333 0.623884 1 64 1.000000
0  -3.175349 -9.492568 -7.270392  0.000000 -0.908312 -0.418293  0.034333 0.623884 1 64 1.000000
lowpoly_plastic
0  -2.875889 -9.508032 -5.821618  1.000000 0.000002 0.000000  0.034333 0.623884 1 64 1.000000
0  -2.875893 -8.012282 -5.445347  1.000000 0.000001 0.000004  0.034333 0.623884 1 64 1.000000
0  -2.875889 -9.508032 -5.445347  1.000000 0.000003 0.000000  0.034333 0.623884 1 64 1.000000
lowpoly_plastic
0  -3.373443 -9.709188 -5.445347  -0.000000 -1.000000 0.000002  0.034333 0.623884 1 64 1.000000
0  -3.062389 -9.709190 -5.852537  -0.000004 -1.000000 0.000001  0.034333 0.623884 1 64 1.000000
0  -3.062395 -9.709188 -5.445347  0.000003 -1.000000 0.000005  0.034333 0.623884 1 64 1.000000
lowpoly_plastic
0  -2.875889 -9.508032 -5.821618  1.000000 0.000002 0.000000  0.034333 0.623884 1 64 1.000000
0  -2.875891 -8.203840 -6.072403  1.000000 0.000001 -0.000001  0.034333 0.623884 1 64 1.000000
0  -2.875893 -7.751343 -5.551602  1.000000 -0.000001 -0.000003  0.034333 0.623884 1 64 1.000000
lowpoly_plastic
0  -3.175349 -9.709192 -6.800001  -0.000019 -1.000000 0.000059  0.034333 0.623884 1 64 1.000000
0  -3.062389 -9.709190 -6.678164  -0.000009 -1.000000 0.000010  0.034333 0.623884 1 64 1.000000
0  -3.373444 -9.709188 -6.800001  -0.000004 -1.000000 0.000005  0.034333 0.623884 1 64 1.000000
lowpoly_plastic
0  -3.373444 -9.709188 -6.185597  -0.000003 -1.000000 0.000000  0.034333 0.623884 1 64 1.000000
0  -3.062389 -9.709190 -6.678164  -0.000009 -1.000000 0.000010  0.034333 0.623884 1 64 1.000000
0  -3.062389 -9.709190 -6.185597  -0.000006 -1.000000 0.000000  0.034333 0.623884 1 64 1.000000
lowpoly_plastic
0  -3.373442 -7.234993 -7.749830  0.000004 0.845070 0.534656  0.034333 0.623884 1 64 1.000000
0  -3.049334 -6.481214 -8.941246  0.000001 0.845070 0.534655  0.034333 0.623884 1 64 1.000000
0  -3.373445 -6.481214 -8.941246  0.000001 0.845071 0.534654  0.034333 0.623884 1 64 1.000000
lowpoly_plastic
0  -2.875896 -9.378454 -6.755395  0.636460 -0.496681 -0.590108  0.034333 0.623884 1 64 1.000000
0  -3.062389 -9.709190 -6.678164  0.636466 -0.496684 -0.590099  0.034333 0.623884 1 64 1.000000
0  -3.175349 -9.709192 -6.800001  0.636468 -0.496686 -0.590095  0.034333 0.623884 1 64 1.000000
lowpoly_plastic
0  -3.175349 -9.492568 -7.270392  -0.000001 -0.954275 -0.298930  0.034333 0.623884 1 64 1.000000
0  -3.373445 -9.124781 -8.444483  -0.000008 -0.954275 -0.298929  0.034333 0.623884 1 64 1.000000
0  -3.175352 -9.124783 -8.444483  -0.000009 -0.954276 -0.298927  0.034333 0.623884 1 64 1.000000
lowpoly_plastic
0  -2.875893 -8.083459 -6.580747  1.000000 -0.000001 0.000002  0.034333 0.623884 1 64 1.000000
0  -2.875891 -8.203840 -6.072403  1.000000 0.000001 -0.000001  0.034333 0.623884 1 64 1.000000
0  -2.875896 -9.378454 -6.755395  1.000000 0.000003 -0.000001  0.034333 0.623884 1 64 1.000000
lowpoly_plastic
0  -2.875892 -9.508034 -6.646328  1.000000 0.000023 -0.000006  0.034333 0.623884 1 64 1.000000
0  -2.875896 -9.378454 -6.755395  1.000000 0.000003 -0.000001  0.034333 0.623884 1 64 1.000000
0  -2.875890 -9.508032 -6.170473  1.000000 0.000003 -0.000005  0.034333 0.623884 1 64 1.000000
lowpoly_plastic
0  -3.373441 -6.399981 -9.410408  -0.000005 0.947890 -0.318599  0.034333 0.623884 1 64 1.000000
0  -3.049335 -6.483276 -9.658236  -0.000011 0.947889 -0.318600  0.034333 0.623884 1 64 1.000000
0  -3.373440 -6.483280 -9.658236  -0.000003 0.947888 -0.318603  0.034333 0.623884 1 64 1.000000
lowpoly_plastic
0  -3.373445 -6.481214 -8.941246  -0.000002 0.985339 0.170609  0.034333 0.623884 1 64 1.000000
0  -3.049336 -6.399977 -9.410406  -0.000008 0.985338 0.170611  0.034333 0.623884 1 64 1.000000
0  -3.373441 -6.399981 -9.410408  -0.000007 0.985339 0.170607  0.034333 0.623884 1 64 1.000000
lowpoly_plastic
0  -3.049335 -6.483276 -9.658236  0.000000 0.152654 -0.988280  0.034333 0.623884 1 64 1.000000
0  -2.875891 -6.668263 -9.686810  -0.000007 0.152644 -0.988281  0.034333 0.623884 1 64 1.000000
0  -3.373440 -6.483280 -9.658236  -0.000000 0.152645 -0.988281  0.034333 0.623884 1 64 1.000000
lowpoly_plastic
0  -3.373443 -8.900776 -10.031626  -0.000000 0.152643 -0.988281  0.034333 0.623884 1 64 1.000000
0  -2.875892 -8.612809 -9.987148  0.000002 0.152643 -0.988281  0.034333 0.623884 1 64 1.000000
0  -3.175348 -8.900779 -10.031626  0.000000 0.152638 -0.988282  0.034333 0.623884 1 64 1.000000
lowpoly_plastic
0  -2.875892 -8.612809 -9.987148  0.000002 0.152643 -0.988281  0.034333 0.623884 1 64 1.000000
0  -3.373440 -6.483280 -9.658236  -0.000000 0.152645 -0.988281  0.034333 0.623884 1 64 1.000000
0  -2.875891 -6.668263 -9.686810  -0.000007 0.152644 -0.988281  0.034333 0.623884 1 64 1.000000
lowpoly_plastic
0  -3.175352 -9.124783 -8.444483  -0.000008 -0.961392 -0.275182  0.034333 0.623884 1 64 1.000000
0  -3.373441 -8.864473 -9.353910  -0.000006 -0.961393 -0.275181  0.034333 0.623884 1 64 1.000000
0  -3.175347 -8.864475 -9.353910  -0.000010 -0.961392 -0.275181  0.034333 0.623884 1 64 1.000000
lowpoly_plastic
0  -3.175350 -9.085366 -9.823072  -0.000010 -0.748821 -0.662773  0.034333 0.623884 1 64 1.000000
0  -3.373443 -8.900776 -10.031626  -0.000007 -0.748823 -0.662770  0.034333 0.623884 1 64 1.000000
0  -3.175348 -8.900779 -10.031626  -0.000012 -0.748825 -0.662768  0.034333 0.623884 1 64 1.000000
lowpoly_plastic
0  -3.175347 -8.864475 -9.353910  -0.000008 -0.994800 0.101845  0.034333 0.623884 1 64 1.000000
0  -3.373445 -8.889314 -9.596548  0.000001 -0.994800 0.101851  0.034333 0.623884 1 64 1.000000
0  -3.175351 -8.889315 -9.596548  -0.000004 -0.994800 0.101849  0.034333 0.623884 1 64 1.000000
lowpoly_plastic
0  -3.175351 -8.889315 -9.596548  -0.000007 -0.756138 0.654413  0.034333 0.623884 1 64 1.000000
0  -3.373444 -9.085363 -9.823072  -0.000005 -0.756141 0.654409  0.034333 0.623884 1 64 1.000000
0  -3.175350 -9.085366 -9.823072  -0.000011 -0.756134 0.654416  0.034333 0.623884 1 64 1.000000
lowpoly_plastic
0  -2.875892 -6.584916 -9.438828  1.000000 -0.000001 0.000001  0.034333 0.623884 1 64 1.000000
0  -2.875892 -8.612809 -9.987148  1.000000 0.000002 -0.000007  0.034333 0.623884 1 64 1.000000
0  -2.875891 -6.668263 -9.686810  1.000000 -0.000002 0.000006  0.034333 0.623884 1 64 1.000000
lowpoly_plastic
0  -2.875892 -8.562535 -9.507626  1.000000 0.000000 0.000004  0.034333 0.623884 1 64 1.000000
0  -2.875892 -6.584916 -9.438828  1.000000 -0.000001 0.000001  0.034333 0.623884 1 64 1.000000
0  -2.875891 -6.663158 -8.986935  1.000000 -0.000000 -0.000000  0.034333 0.623884 1 64 1.000000
lowpoly_plastic
0  -2.875894 -8.762928 -8.522779  1.000000 -0.000003 0.000005  0.034333 0.623884 1 64 1.000000
0  -2.875893 -7.487536 -7.842659  1.000000 -0.000000 -0.000001  0.034333 0.623884 1 64 1.000000
0  -2.875895 -8.817654 -8.331589  1.000000 0.000001 -0.000006  0.034333 0.623884 1 64 1.000000
lowpoly_plastic
0  -2.875893 -7.487536 -7.842659  1.000000 -0.000000 -0.000001  0.034333 0.623884 1 64 1.000000
0  -2.875892 -7.149475 -8.218271  1.000000 -0.000001 0.000001  0.034333 0.623884 1 64 1.000000
0  -2.875893 -7.397827 -7.825729  1.000000 0.000000 -0.000002  0.034333 0.623884 1 64 1.000000
lowpoly_plastic
0  -2.875893 -7.876799 -6.972743  1.000000 0.000001 -0.000012  0.034333 0.623884 1 64 1.000000
0  -2.875893 -9.061305 -7.553793  1.000000 -0.000001 0.000002  0.034333 0.623884 1 64 1.000000
0  -2.875891 -7.695615 -7.296046  1.000000 -0.000002 0.000005  0.034333 0.623884 1 64 1.000000
lowpoly_plastic
0  -2.875893 -7.751343 -5.551602  1.000000 -0.000001 -0.000003  0.034333 0.623884 1 64 1.000000
0  -2.875890 -6.936091 -5.462862  1.000000 -0.000003 -0.000006  0.034333 0.623884 1 64 1.000000
0  -2.875893 -8.012282 -5.445347  1.000000 0.000001 0.000004  0.034333 0.623884 1 64 1.000000
lowpoly_plastic
0  -2.875893 -8.083459 -6.580747  1.000000 -0.000001 0.000002  0.034333 0.623884 1 64 1.000000
0  -2.875891 -9.232028 -7.073368  1.000000 -0.000003 0.000010  0.034333 0.623884 1 64 1.000000
0  -2.875892 -7.951197 -6.831634  1.000000 -0.000001 0.000005  0.034333 0.623884 1 64 1.000000
lowpoly_plastic
0  -3.373442 -8.012280 -5.445347  0.000000 0.016272 0.999868  0.034333 0.623884 1 64 1.000000
0  -2.875890 -6.936091 -5.462862  0.000001 0.016272 0.999868  0.034333 0.623884 1 64 1.000000
0  -3.373441 -6.936093 -5.462861  0.000001 0.016271 0.999868  0.034333 0.623884 1 64 1.000000
lowpoly_plastic
0  -3.373443 -7.689797 -6.938294  0.000002 0.872349 0.488884  0.034333 0.623884 1 64 1.000000
0  -3.049334 -7.234994 -7.749831  0.000004 0.872348 0.488885  0.034333 0.623884 1 64 1.000000
0  -3.373442 -7.234993 -7.749830  0.000003 0.872348 0.488885  0.034333 0.623884 1 64 1.000000
lowpoly_plastic
0  -2.875890 -6.936091 -5.462862  -0.000004 0.954504 -0.298197  0.034333 0.623884 1 64 1.000000
0  -3.049334 -6.990247 -5.636208  -0.000002 0.954505 -0.298195  0.034333 0.623884 1 64 1.000000
0  -3.373441 -6.936093 -5.462861  -0.000004 0.954507 -0.298189  0.034333 0.623884 1 64 1.000000
lowpoly_plastic
0  -2.875894 -9.168771 -7.210742  0.729136 -0.621624 -0.286259  0.034333 0.623884 1 64 1.000000
0  -2.919655 -9.248229 -7.149659  0.729150 -0.621609 -0.286256  0.034333 0.623884 1 64 1.000000
0  -3.175349 -9.492568 -7.270392  0.729155 -0.621601 -0.286260  0.034333 0.623884 1 64 1.000000
lowpoly_plastic
0  -3.175349 -9.709192 -6.800001  0.729162 -0.621598 -0.286249  0.034333 0.623884 1 64 1.000000
0  -2.919654 -9.279261 -7.082280  0.729164 -0.621594 -0.286253  0.034333 0.623884 1 64 1.000000
0  -2.875896 -9.378454 -6.755395  0.729170 -0.621595 -0.286234  0.034333 0.623884 1 64 1.000000
lowpoly_plastic
0  -2.875896 -9.378454 -6.755395  0.729170 -0.621595 -0.286234  0.034333 0.623884 1 64 1.000000
0  -2.919654 -9.279261 -7.082280  0.729164 -0.621594 -0.286253  0.034333 0.623884 1 64 1.000000
0  -2.875891 -9.232028 -7.073368  0.729173 -0.621590 -0.286239  0.034333 0.623884 1 64 1.000000
lowpoly_plastic
0  -2.919655 -9.248229 -7.149659  0.729150 -0.621609 -0.286256  0.034333 0.623884 1 64 1.000000
0  -2.875894 -9.168771 -7.210742  0.729136 -0.621624 -0.286259  0.034333 0.623884 1 64 1.000000
0  -2.875891 -9.201005 -7.140746  0.729109 -0.621637 -0.286300  0.034333 0.623884 1 64 1.000000
lowpoly_plastic
0  -3.175349 -9.709192 -6.800001  0.729162 -0.621598 -0.286249  0.034333 0.623884 1 64 1.000000
0  -3.175349 -9.492568 -7.270392  0.729155 -0.621601 -0.286260  0.034333 0.623884 1 64 1.000000
0  -2.919654 -9.279261 -7.082280  0.729164 -0.621594 -0.286253  0.034333 0.623884 1 64 1.000000
lowpoly_plastic
0  -2.875895 -8.817654 -8.331589  0.737311 -0.644661 -0.201955  0.034333 0.623884 1 64 1.000000
0  -2.919655 -8.935274 -8.115892  0.737309 -0.644665 -0.201946  0.034333 0.623884 1 64 1.000000
0  -3.175352 -9.124783 -8.444483  0.737309 -0.644665 -0.201945  0.034333 0.623884 1 64 1.000000
lowpoly_plastic
0  -3.175349 -9.492568 -7.270392  0.737304 -0.644670 -0.201950  0.034333 0.623884 1 64 1.000000
0  -2.919654 -9.108562 -7.562713  0.737281 -0.644683 -0.201992  0.034333 0.623884 1 64 1.000000
0  -2.875894 -9.168771 -7.210742  0.737305 -0.644670 -0.201946  0.034333 0.623884 1 64 1.000000
lowpoly_plastic
0  -2.875894 -9.168771 -7.210742  0.737305 -0.644670 -0.201946  0.034333 0.623884 1 64 1.000000
0  -2.919654 -9.108562 -7.562713  0.737281 -0.644683 -0.201992  0.034333 0.623884 1 64 1.000000
0  -2.875893 -9.061305 -7.553793  0.737322 -0.644652 -0.201941  0.034333 0.623884 1 64 1.000000
lowpoly_plastic
0  -2.919655 -8.935274 -8.115892  0.737309 -0.644665 -0.201946  0.034333 0.623884 1 64 1.000000
0  -2.875895 -8.817654 -8.331589  0.737311 -0.644661 -0.201955  0.034333 0.623884 1 64 1.000000
0  -2.875890 -8.888016 -8.106974  0.737302 -0.644667 -0.201966  0.034333 0.623884 1 64 1.000000
lowpoly_plastic
0  -2.875896 -9.039639 -7.622941  0.737322 -0.644654 -0.201933  0.034333 0.623884 1 64 1.000000
0  -2.919653 -8.956933 -8.046745  0.737310 -0.644668 -0.201934  0.034333 0.623884 1 64 1.000000
0  -2.875892 -8.909675 -8.037827  0.737321 -0.644657 -0.201931  0.034333 0.623884 1 64 1.000000
lowpoly_plastic
0  -2.919655 -8.935274 -8.115892  0.737309 -0.644665 -0.201946  0.034333 0.623884 1 64 1.000000
0  -2.919653 -8.956933 -8.046745  0.737310 -0.644668 -0.201934  0.034333 0.623884 1 64 1.000000
0  -3.175352 -9.124783 -8.444483  0.737309 -0.644665 -0.201945  0.034333 0.623884 1 64 1.000000
lowpoly_plastic
0  -2.919656 -9.086896 -7.631859  0.737305 -0.644668 -0.201954  0.034333 0.623884 1 64 1.000000
0  -2.919653 -8.956933 -8.046745  0.737310 -0.644668 -0.201934  0.034333 0.623884 1 64 1.000000
0  -2.875896 -9.039639 -7.622941  0.737322 -0.644654 -0.201933  0.034333 0.623884 1 64 1.000000
lowpoly_plastic
0  -2.919653 -8.956933 -8.046745  0.737310 -0.644668 -0.201934  0.034333 0.623884 1 64 1.000000
0  -2.919656 -9.086896 -7.631859  0.737305 -0.644668 -0.201954  0.034333 0.623884 1 64 1.000000
0  -3.175352 -9.124783 -8.444483  0.737309 -0.644665 -0.201945  0.034333 0.623884 1 64 1.000000
lowpoly_plastic
0  -3.175349 -9.492568 -7.270392  0.737304 -0.644670 -0.201950  0.034333 0.623884 1 64 1.000000
0  -2.919656 -9.086896 -7.631859  0.737305 -0.644668 -0.201954  0.034333 0.623884 1 64 1.000000
0  -2.919654 -9.108562 -7.562713  0.737281 -0.644683 -0.201992  0.034333 0.623884 1 64 1.000000
lowpoly_plastic
0  -3.175352 -9.124783 -8.444483  0.736798 -0.650012 -0.186049  0.034333 0.623884 1 64 1.000000
0  -2.919653 -8.809994 -8.531662  0.736804 -0.650002 -0.186058  0.034333 0.623884 1 64 1.000000
0  -2.875895 -8.817654 -8.331589  0.736807 -0.650003 -0.186038  0.034333 0.623884 1 64 1.000000
lowpoly_plastic
0  -2.875895 -8.817654 -8.331589  0.736807 -0.650003 -0.186038  0.034333 0.623884 1 64 1.000000
0  -2.919653 -8.809994 -8.531662  0.736804 -0.650002 -0.186058  0.034333 0.623884 1 64 1.000000
0  -2.875894 -8.762928 -8.522779  0.736841 -0.649965 -0.186042  0.034333 0.623884 1 64 1.000000
lowpoly_plastic
0  -2.875892 -8.541067 -9.297915  0.736792 -0.650022 -0.186033  0.034333 0.623884 1 64 1.000000
0  -2.919653 -8.650885 -9.087519  0.736800 -0.650004 -0.186065  0.034333 0.623884 1 64 1.000000
0  -3.175347 -8.864475 -9.353910  0.736800 -0.650010 -0.186047  0.034333 0.623884 1 64 1.000000
lowpoly_plastic
0  -2.919653 -8.650885 -9.087519  0.736800 -0.650004 -0.186065  0.034333 0.623884 1 64 1.000000
0  -2.875892 -8.541067 -9.297915  0.736792 -0.650022 -0.186033  0.034333 0.623884 1 64 1.000000
0  -2.875893 -8.603828 -9.078638  0.736773 -0.650039 -0.186050  0.034333 0.623884 1 64 1.000000
lowpoly_plastic
0  -2.875892 -8.743046 -8.592262  0.736766 -0.650043 -0.186062  0.034333 0.623884 1 64 1.000000
0  -2.919651 -8.670774 -9.018038  0.736816 -0.649988 -0.186060  0.034333 0.623884 1 64 1.000000
0  -2.875895 -8.623712 -9.009155  0.736843 -0.649960 -0.186050  0.034333 0.623884 1 64 1.000000
lowpoly_plastic
0  -2.919653 -8.650885 -9.087519  0.736800 -0.650004 -0.186065  0.034333 0.623884 1 64 1.000000
0  -2.919651 -8.670774 -9.018038  0.736816 -0.649988 -0.186060  0.034333 0.623884 1 64 1.000000
0  -3.175347 -8.864475 -9.353910  0.736800 -0.650010 -0.186047  0.034333 0.623884 1 64 1.000000
lowpoly_plastic
0  -2.919655 -8.790104 -8.601145  0.736783 -0.650025 -0.186061  0.034333 0.623884 1 64 1.000000
0  -2.919651 -8.670774 -9.018038  0.736816 -0.649988 -0.186060  0.034333 0.623884 1 64 1.000000
0  -2.875892 -8.743046 -8.592262  0.736766 -0.650043 -0.186062  0.034333 0.623884 1 64 1.000000
lowpoly_plastic
0  -2.919651 -8.670774 -9.018038  0.736816 -0.649988 -0.186060  0.034333 0.623884 1 64 1.000000
0  -3.175352 -9.124783 -8.444483  0.736798 -0.650012 -0.186049  0.034333 0.623884 1 64 1.000000
0  -3.175347 -8.864475 -9.353910  0.736800 -0.650010 -0.186047  0.034333 0.623884 1 64 1.000000
lowpoly_plastic
0  -3.175352 -9.124783 -8.444483  0.736798 -0.650012 -0.186049  0.034333 0.623884 1 64 1.000000
0  -2.919655 -8.790104 -8.601145  0.736783 -0.650025 -0.186061  0.034333 0.623884 1 64 1.000000
0  -2.919653 -8.809994 -8.531662  0.736804 -0.650002 -0.186058  0.034333 0.623884 1 64 1.000000
lowpoly_plastic
0  -2.875890 -8.797228 -9.778795  0.533514 -0.639530 0.553502  0.034333 0.623884 1 64 1.000000
0  -3.175351 -8.889315 -9.596548  0.533514 -0.639529 0.553502  0.034333 0.623884 1 64 1.000000
0  -3.175350 -9.085366 -9.823072  0.533516 -0.639528 0.553502  0.034333 0.623884 1 64 1.000000
lowpoly_plastic
0  -2.875892 -8.562535 -9.507626  0.725880 -0.684246 0.070041  0.034333 0.623884 1 64 1.000000
0  -3.175347 -8.864475 -9.353910  0.725878 -0.684248 0.070042  0.034333 0.623884 1 64 1.000000
0  -3.175351 -8.889315 -9.596548  0.725877 -0.684249 0.070042  0.034333 0.623884 1 64 1.000000
lowpoly_plastic
0  -3.175348 -8.900779 -10.031626  0.633391 -0.579459 -0.512878  0.034333 0.623884 1 64 1.000000
0  -2.875890 -8.797228 -9.778795  0.633394 -0.579453 -0.512881  0.034333 0.623884 1 64 1.000000
0  -3.175350 -9.085366 -9.823072  0.633387 -0.579466 -0.512874  0.034333 0.623884 1 64 1.000000
lowpoly_plastic
0  -3.373444 -7.891915 -6.554915  -0.000004 0.884597 0.466357  0.034333 0.623884 1 64 1.000000
0  -3.049333 -7.689797 -6.938294  -0.000006 0.884598 0.466355  0.034333 0.623884 1 64 1.000000
0  -3.373443 -7.689797 -6.938294  0.000001 0.884595 0.466360  0.034333 0.623884 1 64 1.000000
lowpoly_plastic
0  -2.875893 -7.751343 -5.551602  0.619909 0.592333 -0.514640  0.034333 0.623884 1 64 1.000000
0  -3.049333 -8.009634 -6.057801  0.619912 0.592330 -0.514640  0.034333 0.623884 1 64 1.000000
0  -3.049336 -7.731439 -5.737612  0.619906 0.592336 -0.514640  0.034333 0.623884 1 64 1.000000
lowpoly_plastic
0  -2.875893 -7.751343 -5.551602  0.692450 0.078068 -0.717229  0.034333 0.623884 1 64 1.000000
0  -3.049334 -6.990247 -5.636208  0.692450 0.078068 -0.717229  0.034333 0.623884 1 64 1.000000
0  -2.875890 -6.936091 -5.462862  0.692450 0.078068 -0.717229  0.034333 0.623884 1 64 1.000000
lowpoly_plastic
0  -2.875893 -8.083459 -6.580747  0.742660 0.651647 0.154317  0.034333 0.623884 1 64 1.000000
0  -3.049333 -8.009634 -6.057801  0.742658 0.651648 0.154315  0.034333 0.623884 1 64 1.000000
0  -2.875891 -8.203840 -6.072403  0.742658 0.651649 0.154314  0.034333 0.623884 1 64 1.000000
lowpoly_plastic
0  -2.875893 -8.083459 -6.580747  0.722960 0.611160 0.322199  0.034333 0.623884 1 64 1.000000
0  -2.919653 -7.904113 -6.822748  0.722963 0.611160 0.322191  0.034333 0.623884 1 64 1.000000
0  -3.049335 -7.891909 -6.554915  0.722958 0.611162 0.322201  0.034333 0.623884 1 64 1.000000
lowpoly_plastic
0  -3.049333 -7.689797 -6.938294  0.722957 0.611161 0.322204  0.034333 0.623884 1 64 1.000000
0  -2.919655 -7.868999 -6.889355  0.722956 0.611164 0.322202  0.034333 0.623884 1 64 1.000000
0  -2.875893 -7.876799 -6.972743  0.722939 0.611167 0.322233  0.034333 0.623884 1 64 1.000000
lowpoly_plastic
0  -2.875893 -7.876799 -6.972743  0.722939 0.611167 0.322233  0.034333 0.623884 1 64 1.000000
0  -2.919655 -7.868999 -6.889355  0.722956 0.611164 0.322202  0.034333 0.623884 1 64 1.000000
0  -2.875890 -7.916080 -6.898242  0.722931 0.611180 0.322226  0.034333 0.623884 1 64 1.000000
lowpoly_plastic
0  -2.919653 -7.904113 -6.822748  0.722963 0.611160 0.322191  0.034333 0.623884 1 64 1.000000
0  -2.875893 -8.083459 -6.580747  0.722960 0.611160 0.322199  0.034333 0.623884 1 64 1.000000
0  -2.875892 -7.951197 -6.831634  0.722968 0.611155 0.322190  0.034333 0.623884 1 64 1.000000
lowpoly_plastic
0  -3.049333 -7.689797 -6.938294  0.722957 0.611161 0.322204  0.034333 0.623884 1 64 1.000000
0  -2.919653 -7.904113 -6.822748  0.722963 0.611160 0.322191  0.034333 0.623884 1 64 1.000000
0  -2.919655 -7.868999 -6.889355  0.722956 0.611164 0.322202  0.034333 0.623884 1 64 1.000000
lowpoly_plastic
0  -2.875893 -7.876799 -6.972743  0.720054 0.605339 0.339245  0.034333 0.623884 1 64 1.000000
0  -2.919652 -7.648540 -7.287161  0.720031 0.605370 0.339239  0.034333 0.623884 1 64 1.000000
0  -3.049333 -7.689797 -6.938294  0.720055 0.605339 0.339243  0.034333 0.623884 1 64 1.000000
lowpoly_plastic
0  -3.049334 -7.234994 -7.749831  0.720057 0.605335 0.339247  0.034333 0.623884 1 64 1.000000
0  -2.919652 -7.388723 -7.750776  0.720051 0.605339 0.339251  0.034333 0.623884 1 64 1.000000
0  -2.919656 -7.362898 -7.796845  0.720053 0.605337 0.339249  0.034333 0.623884 1 64 1.000000
lowpoly_plastic
0  -2.919652 -7.388723 -7.750776  0.720051 0.605339 0.339251  0.034333 0.623884 1 64 1.000000
0  -2.919654 -7.611424 -7.353393  0.720040 0.605354 0.339249  0.034333 0.623884 1 64 1.000000
0  -2.875894 -7.435792 -7.759661  0.720041 0.605348 0.339256  0.034333 0.623884 1 64 1.000000
lowpoly_plastic
0  -2.875894 -7.435792 -7.759661  0.720041 0.605348 0.339256  0.034333 0.623884 1 64 1.000000
0  -2.919654 -7.611424 -7.353393  0.720040 0.605354 0.339249  0.034333 0.623884 1 64 1.000000
0  -2.875890 -7.658497 -7.362277  0.720010 0.605380 0.339265  0.034333 0.623884 1 64 1.000000
lowpoly_plastic
0  -2.919652 -7.648540 -7.287161  0.720031 0.605370 0.339239  0.034333 0.623884 1 64 1.000000
0  -2.875893 -7.876799 -6.972743  0.720054 0.605339 0.339245  0.034333 0.623884 1 64 1.000000
0  -2.875891 -7.695615 -7.296046  0.720052 0.605341 0.339247  0.034333 0.623884 1 64 1.000000
lowpoly_plastic
0  -3.049334 -7.234994 -7.749831  0.720057 0.605335 0.339247  0.034333 0.623884 1 64 1.000000
0  -2.919654 -7.611424 -7.353393  0.720040 0.605354 0.339249  0.034333 0.623884 1 64 1.000000
0  -2.919652 -7.388723 -7.750776  0.720051 0.605339 0.339251  0.034333 0.623884 1 64 1.000000
lowpoly_plastic
0  -2.919652 -7.648540 -7.287161  0.720031 0.605370 0.339239  0.034333 0.623884 1 64 1.000000
0  -2.919654 -7.611424 -7.353393  0.720040 0.605354 0.339249  0.034333 0.623884 1 64 1.000000
0  -3.049333 -7.689797 -6.938294  0.720055 0.605339 0.339243  0.034333 0.623884 1 64 1.000000
lowpoly_plastic
0  -3.049334 -6.481214 -8.941246  0.716576 0.589444 0.372927  0.034333 0.623884 1 64 1.000000
0  -2.919653 -6.770812 -8.732689  0.716557 0.589450 0.372955  0.034333 0.623884 1 64 1.000000
0  -2.875891 -6.663158 -8.986935  0.716580 0.589442 0.372923  0.034333 0.623884 1 64 1.000000
lowpoly_plastic
0  -2.875891 -6.663158 -8.986935  0.716580 0.589442 0.372923  0.034333 0.623884 1 64 1.000000
0  -2.919653 -6.770812 -8.732689  0.716557 0.589450 0.372955  0.034333 0.623884 1 64 1.000000
0  -2.875892 -6.818341 -8.741659  0.716604 0.589416 0.372918  0.034333 0.623884 1 64 1.000000
lowpoly_plastic
0  -2.919656 -7.362898 -7.796845  0.716584 0.589432 0.372932  0.034333 0.623884 1 64 1.000000
0  -2.919651 -7.350304 -7.816760  0.716587 0.589432 0.372925  0.034333 0.623884 1 64 1.000000
0  -3.049334 -7.234994 -7.749831  0.716580 0.589440 0.372925  0.034333 0.623884 1 64 1.000000
lowpoly_plastic
0  -2.875892 -7.149475 -8.218271  0.716572 0.589452 0.372923  0.034333 0.623884 1 64 1.000000
0  -2.919651 -7.350304 -7.816760  0.716587 0.589432 0.372925  0.034333 0.623884 1 64 1.000000
0  -2.875893 -7.397827 -7.825729  0.716599 0.589422 0.372919  0.034333 0.623884 1 64 1.000000
lowpoly_plastic
0  -2.919651 -7.350304 -7.816760  0.716587 0.589432 0.372925  0.034333 0.623884 1 64 1.000000
0  -2.919652 -7.101953 -8.209301  0.716597 0.589423 0.372921  0.034333 0.623884 1 64 1.000000
0  -3.049334 -7.234994 -7.749831  0.716580 0.589440 0.372925  0.034333 0.623884 1 64 1.000000
lowpoly_plastic
0  -3.049334 -6.481214 -8.941246  0.716576 0.589444 0.372927  0.034333 0.623884 1 64 1.000000
0  -2.919656 -6.812204 -8.667267  0.716573 0.589447 0.372928  0.034333 0.623884 1 64 1.000000
0  -2.919653 -6.770812 -8.732689  0.716557 0.589450 0.372955  0.034333 0.623884 1 64 1.000000
lowpoly_plastic
0  -2.919656 -6.812204 -8.667267  0.716573 0.589447 0.372928  0.034333 0.623884 1 64 1.000000
0  -2.919656 -7.060554 -8.274725  0.716581 0.589438 0.372927  0.034333 0.623884 1 64 1.000000
0  -2.875890 -6.859733 -8.676235  0.716557 0.589465 0.372930  0.034333 0.623884 1 64 1.000000
lowpoly_plastic
0  -2.875890 -6.859733 -8.676235  0.716557 0.589465 0.372930  0.034333 0.623884 1 64 1.000000
0  -2.919656 -7.060554 -8.274725  0.716581 0.589438 0.372927  0.034333 0.623884 1 64 1.000000
0  -2.875891 -7.108084 -8.283693  0.716579 0.589438 0.372930  0.034333 0.623884 1 64 1.000000
lowpoly_plastic
0  -2.919652 -7.101953 -8.209301  0.716597 0.589423 0.372921  0.034333 0.623884 1 64 1.000000
0  -2.919651 -7.350304 -7.816760  0.716587 0.589432 0.372925  0.034333 0.623884 1 64 1.000000
0  -2.875892 -7.149475 -8.218271  0.716572 0.589452 0.372923  0.034333 0.623884 1 64 1.000000
lowpoly_plastic
0  -3.049334 -6.481214 -8.941246  0.716576 0.589444 0.372927  0.034333 0.623884 1 64 1.000000
0  -2.919656 -7.060554 -8.274725  0.716581 0.589438 0.372927  0.034333 0.623884 1 64 1.000000
0  -2.919656 -6.812204 -8.667267  0.716573 0.589447 0.372928  0.034333 0.623884 1 64 1.000000
lowpoly_plastic
0  -2.919652 -7.101953 -8.209301  0.716597 0.589423 0.372921  0.034333 0.623884 1 64 1.000000
0  -2.919656 -7.060554 -8.274725  0.716581 0.589438 0.372927  0.034333 0.623884 1 64 1.000000
0  -3.049334 -7.234994 -7.749831  0.716580 0.589440 0.372925  0.034333 0.623884 1 64 1.000000
lowpoly_plastic
0  -3.049335 -6.483276 -9.658236  0.691968 0.684310 -0.229999  0.034333 0.623884 1 64 1.000000
0  -2.875892 -6.584916 -9.438828  0.691968 0.684310 -0.229999  0.034333 0.623884 1 64 1.000000
0  -2.875891 -6.668263 -9.686810  0.691965 0.684314 -0.229996  0.034333 0.623884 1 64 1.000000
lowpoly_plastic
0  -2.875891 -6.663158 -8.986935  0.733316 0.669920 0.115994  0.034333 0.623884 1 64 1.000000
0  -3.049336 -6.399977 -9.410406  0.733319 0.669917 0.115992  0.034333 0.623884 1 64 1.000000
0  -3.049334 -6.481214 -8.941246  0.733314 0.669922 0.115996  0.034333 0.623884 1 64 1.000000
lowpoly_plastic
0  -3.049333 -8.009634 -6.057801  -0.000004 0.973087 0.230436  0.034333 0.623884 1 64 1.000000
0  -3.373444 -7.891915 -6.554915  -0.000005 0.973088 0.230433  0.034333 0.623884 1 64 1.000000
0  -3.373445 -8.009633 -6.057801  0.000001 0.973088 0.230432  0.034333 0.623884 1 64 1.000000
lowpoly_plastic
0  -2.875889 -9.508032 -5.821618  0.733318 -0.679886 0.000005  0.034333 0.623884 1 64 1.000000
0  -3.062395 -9.709188 -5.445347  0.733312 -0.679893 0.000006  0.034333 0.623884 1 64 1.000000
0  -3.062389 -9.709190 -5.852537  0.733321 -0.679883 0.000006  0.034333 0.623884 1 64 1.000000
lowpoly_plastic
0  -2.875890 -9.508032 -6.170473  0.733321 -0.679882 -0.000001  0.034333 0.623884 1 64 1.000000
0  -3.062389 -9.709190 -5.852537  0.733321 -0.679883 0.000006  0.034333 0.623884 1 64 1.000000
0  -3.062389 -9.709190 -6.185597  0.733322 -0.679882 -0.000001  0.034333 0.623884 1 64 1.000000
lowpoly_plastic
0  -3.062389 -9.709190 -6.185597  0.733322 -0.679882 -0.000001  0.034333 0.623884 1 64 1.000000
0  -2.875892 -9.508034 -6.646328  0.733323 -0.679881 -0.000000  0.034333 0.623884 1 64 1.000000
0  -2.875890 -9.508032 -6.170473  0.733321 -0.679882 -0.000001  0.034333 0.623884 1 64 1.000000
lowpoly_plastic
0  -3.062395 -9.709188 -5.445347  0.000000 0.000000 1.000000  0.034333 0.623884 1 64 1.000000
0  -2.875889 -9.508032 -5.445347  0.000000 0.000000 1.000000  0.034333 0.623884 1 64 1.000000
0  -3.373443 -9.709188 -5.445347  -0.000000 0.000000 1.000000  0.034333 0.623884 1 64 1.000000
lowpoly_plastic
0  -3.373442 -8.012280 -5.445347  -0.000000 0.000000 1.000000  0.034333 0.623884 1 64 1.000000
0  -2.875889 -9.508032 -5.445347  0.000000 0.000000 1.000000  0.034333 0.623884 1 64 1.000000
0  -2.875893 -8.012282 -5.445347  0.000000 0.000000 1.000000  0.034333 0.623884 1 64 1.000000
lowpoly_plastic
0  -2.875890 -7.916080 -6.898242  1.000000 0.000006 -0.000035  0.034333 0.623884 1 64 1.000000
0  -2.875894 -9.168771 -7.210742  1.000000 0.000002 -0.000017  0.034333 0.623884 1 64 1.000000
0  -2.875893 -7.876799 -6.972743  1.000000 0.000001 -0.000012  0.034333 0.623884 1 64 1.000000
lowpoly_plastic
0  -2.875890 -7.658497 -7.362277  1.000000 0.000001 -0.000005  0.034333 0.623884 1 64 1.000000
0  -2.875892 -8.909675 -8.037827  1.000000 -0.000003 0.000004  0.034333 0.623884 1 64 1.000000
0  -2.875894 -7.435792 -7.759661  1.000000 0.000002 -0.000007  0.034333 0.623884 1 64 1.000000
lowpoly_plastic
0  -2.875891 -7.108084 -8.283693  1.000000 -0.000003 -0.000001  0.034333 0.623884 1 64 1.000000
0  -2.875895 -8.623712 -9.009155  1.000000 0.000000 -0.000006  0.034333 0.623884 1 64 1.000000
0  -2.875890 -6.859733 -8.676235  1.000000 -0.000003 0.000000  0.034333 0.623884 1 64 1.000000
lowpoly_plastic
0  -2.875892 -6.818341 -8.741659  1.000000 -0.000001 0.000002  0.034333 0.623884 1 64 1.000000
0  -2.875892 -8.541067 -9.297915  1.000000 -0.000001 0.000003  0.034333 0.623884 1 64 1.000000
0  -2.875891 -6.663158 -8.986935  1.000000 -0.000000 -0.000000  0.034333 0.623884 1 64 1.000000
lowpoly_plastic
0  -2.919656 -6.812204 -8.667267  1.000000 -0.000007 0.000038  0.020572 0.715833 1 64 1.000000
0  -2.919653 -8.650885 -9.087519  1.000000 0.000009 -0.000027  0.020572 0.715833 1 64 1.000000
0  -2.919653 -6.770812 -8.732689  1.000000 -0.000007 0.000039  0.020572 0.715833 1 64 1.000000
lowpoly_plastic
0  -2.919652 -7.101953 -8.209301  1.000000 0.000012 -0.000061  0.020572 0.715833 1 64 1.000000
0  -2.919655 -8.790104 -8.601145  1.000000 0.000004 -0.000027  0.020572 0.715833 1 64 1.000000
0  -2.919656 -7.060554 -8.274725  1.000000 0.000012 -0.000061  0.020572 0.715833 1 64 1.000000
lowpoly_plastic
0  -2.919651 -7.350304 -7.816760  1.000000 -0.000047 0.000234  0.020572 0.715833 1 64 1.000000
0  -2.919656 -7.362898 -7.796845  1.000000 -0.000022 0.000109  0.020572 0.715833 1 64 1.000000
0  -2.919655 -8.935274 -8.115892  1.000000 0.000002 -0.000022  0.020572 0.715833 1 64 1.000000
lowpoly_plastic
0  -2.919653 -8.956933 -8.046745  1.000000 0.000002 -0.000023  0.020572 0.715833 1 64 1.000000
0  -2.919655 -8.935274 -8.115892  1.000000 0.000002 -0.000022  0.020572 0.715833 1 64 1.000000
0  -2.919652 -7.388723 -7.750776  1.000000 0.000017 -0.000082  0.020572 0.715833 1 64 1.000000
lowpoly_plastic
0  -2.919652 -7.648540 -7.287161  1.000000 0.000007 -0.000033  0.020572 0.715833 1 64 1.000000
0  -2.919656 -9.086896 -7.631859  1.000000 0.000003 -0.000027  0.020572 0.715833 1 64 1.000000
0  -2.919654 -7.611424 -7.353393  1.000000 0.000007 -0.000033  0.020572 0.715833 1 64 1.000000
lowpoly_plastic
0  -2.919653 -7.904113 -6.822748  1.000000 0.000005 -0.000025  0.020572 0.715833 1 64 1.000000
0  -2.919655 -9.248229 -7.149659  1.000000 0.000002 -0.000007  0.020572 0.715833 1 64 1.000000
0  -2.919655 -7.868999 -6.889355  1.000000 0.000005 -0.000026  0.020572 0.715833 1 64 1.000000
lowpoly_plastic
0  -2.875891 -9.201005 -7.140746  0.000000 -0.185459 0.982652  0.020572 0.715833 1 64 1.000000
0  -2.919655 -7.868999 -6.889355  0.000034 -0.185455 0.982653  0.020572 0.715833 1 64 1.000000
0  -2.919655 -9.248229 -7.149659  0.000000 -0.185459 0.982652  0.020572 0.715833 1 64 1.000000
lowpoly_plastic
0  -2.875896 -9.039639 -7.622941  0.000028 -0.185457 0.982652  0.020572 0.715833 1 64 1.000000
0  -2.919654 -7.611424 -7.353393  -0.000017 -0.185456 0.982652  0.020572 0.715833 1 64 1.000000
0  -2.919656 -9.086896 -7.631859  0.000029 -0.185457 0.982652  0.020572 0.715833 1 64 1.000000
lowpoly_plastic
0  -2.875893 -7.397827 -7.825729  0.000060 -0.185455 0.982653  0.020572 0.715833 1 64 1.000000
0  -2.919651 -7.350304 -7.816760  0.000029 -0.185456 0.982653  0.020572 0.715833 1 64 1.000000
0  -2.875893 -7.487536 -7.842659  -0.000006 -0.185457 0.982652  0.020572 0.715833 1 64 1.000000
lowpoly_plastic
0  -2.875890 -8.888016 -8.106974  0.000031 -0.185458 0.982652  0.020572 0.715833 1 64 1.000000
0  -2.875893 -7.487536 -7.842659  -0.000006 -0.185457 0.982652  0.020572 0.715833 1 64 1.000000
0  -2.919655 -8.935274 -8.115892  0.000029 -0.185458 0.982652  0.020572 0.715833 1 64 1.000000
lowpoly_plastic
0  -2.875891 -7.108084 -8.283693  -0.000025 -0.185455 0.982653  0.020572 0.715833 1 64 1.000000
0  -2.919655 -8.790104 -8.601145  -0.000032 -0.185457 0.982652  0.020572 0.715833 1 64 1.000000
0  -2.875892 -8.743046 -8.592262  -0.000033 -0.185457 0.982652  0.020572 0.715833 1 64 1.000000
lowpoly_plastic
0  -2.919653 -8.650885 -9.087519  0.000023 -0.185458 0.982652  0.020572 0.715833 1 64 1.000000
0  -2.875892 -6.818341 -8.741659  -0.000016 -0.185459 0.982652  0.020572 0.715833 1 64 1.000000
0  -2.919653 -6.770812 -8.732689  -0.000016 -0.185459 0.982652  0.020572 0.715833 1 64 1.000000
lowpoly_plastic
0  -2.875890 -6.859733 -8.676235  0.000091 0.185455 -0.982653  0.034333 0.623884 1 64 1.000000
0  -2.919651 -8.670774 -9.018038  0.000004 0.185459 -0.982652  0.034333 0.623884 1 64 1.000000
0  -2.919656 -6.812204 -8.667267  0.000092 0.185455 -0.982653  0.034333 0.623884 1 64 1.000000
lowpoly_plastic
0  -2.875892 -7.149475 -8.218271  -0.000025 0.185458 -0.982652  0.034333 0.623884 1 64 1.000000
0  -2.919653 -8.809994 -8.531662  -0.000011 0.185456 -0.982653  0.034333 0.623884 1 64 1.000000
0  -2.919652 -7.101953 -8.209301  -0.000025 0.185458 -0.982652  0.034333 0.623884 1 64 1.000000
lowpoly_plastic
0  -2.919652 -7.388723 -7.750776  -0.000055 0.185457 -0.982652  0.034333 0.623884 1 64 1.000000
0  -2.875892 -8.909675 -8.037827  0.000014 0.185457 -0.982652  0.034333 0.623884 1 64 1.000000
0  -2.919653 -8.956933 -8.046745  0.000015 0.185457 -0.982652  0.034333 0.623884 1 64 1.000000
lowpoly_plastic
0  -2.919652 -7.648540 -7.287161  -0.000029 0.185456 -0.982653  0.034333 0.623884 1 64 1.000000
0  -2.875893 -9.061305 -7.553793  0.000025 0.185458 -0.982652  0.034333 0.623884 1 64 1.000000
0  -2.919654 -9.108562 -7.562713  0.000026 0.185458 -0.982652  0.034333 0.623884 1 64 1.000000
lowpoly_plastic
0  -2.919653 -7.904113 -6.822748  -0.000002 0.185459 -0.982652  0.034333 0.623884 1 64 1.000000
0  -2.875891 -9.232028 -7.073368  -0.000042 0.185454 -0.982653  0.034333 0.623884 1 64 1.000000
0  -2.919654 -9.279261 -7.082280  -0.000043 0.185454 -0.982653  0.034333 0.623884 1 64 1.000000
end
